Date,MedicineName,Temperature,Timestamp,OptimalMin,OptimalMax,PotencyLoss
2026-08-20,Comirnaty,4.29,19:16:50,2,8,0.0
2026-08-20,Comirnaty,17.55,19:17:20,2,8,0.01
2026-08-20,Comirnaty,15.72,19:17:50,2,8,0.02
2026-08-20,Comirnaty,2.92,19:18:20,2,8,0.0
2026-08-20,Comirnaty,2.03,19:18:50,2,8,0.0
2026-08-20,Comirnaty,6.46,19:19:20,2,8,0.0
2026-08-20,Comirnaty,6.79,19:19:50,2,8,0.0
2026-08-20,Comirnaty,12.12,19:20:20,2,8,0.08
2026-08-20,Comirnaty,15.74,19:20:50,2,8,0.09
2026-08-20,Comirnaty,14.86,19:21:20,2,8,0.1
2026-08-20,Comirnaty,5.22,19:21:50,2,8,0.0
2026-08-20,Comirnaty,15.08,19:22:20,2,8,0.12
2026-08-20,Comirnaty,15.32,19:22:50,2,8,0.13
2026-08-20,Comirnaty,5.72,19:23:20,2,8,0.0
2026-08-20,Comirnaty,6.81,19:23:50,2,8,0.0
2026-08-20,Comirnaty,2.86,19:24:20,2,8,0.0
2026-08-20,Comirnaty,2.07,19:24:50,2,8,0.0
2026-08-20,Comirnaty,4.24,19:25:20,2,8,0.0
2026-08-20,Comirnaty,14.3,19:25:50,2,8,0.2
2026-08-20,Comirnaty,13.13,19:26:20,2,8,0.21
2026-08-20,Comirnaty,16.09,19:26:50,2,8,0.22
2026-08-20,Comirnaty,11.11,19:27:20,2,8,0.23
2026-08-20,Comirnaty,12.08,19:27:50,2,8,0.24
2026-08-20,Comirnaty,6.76,19:28:20,2,8,0.0
2026-08-20,Comirnaty,13.99,19:28:50,2,8,0.26
2026-08-20,Comirnaty,6.78,19:29:20,2,8,0.0
2026-08-20,Comirnaty,3.61,19:29:50,2,8,0.0
2026-08-20,Comirnaty,13.74,19:30:20,2,8,0.29
2026-08-20,Comirnaty,9.71,19:30:50,2,8,0.3
2026-08-20,Comirnaty,17.7,19:31:20,2,8,0.31
2026-08-20,Comirnaty,10.58,19:31:50,2,8,0.33
2026-08-20,Comirnaty,14.92,19:32:20,2,8,0.34
2026-08-20,Comirnaty,9.4,19:32:50,2,8,0.35
2026-08-20,Comirnaty,14.2,19:33:20,2,8,0.36
2026-08-20,Comirnaty,17.09,19:33:50,2,8,0.37
2026-08-20,Comirnaty,11.35,19:34:20,2,8,0.38
2026-08-20,Comirnaty,17.62,19:34:50,2,8,0.39
2026-08-20,Comirnaty,7.79,19:35:20,2,8,0.0
2026-08-20,Comirnaty,9.67,19:35:50,2,8,0.41
2026-08-20,Comirnaty,13.72,19:36:20,2,8,0.42
2026-08-20,Comirnaty,4.08,19:36:50,2,8,0.0
2026-08-20,Comirnaty,15.43,19:37:20,2,8,0.44
2026-08-20,Comirnaty,2.69,19:37:50,2,8,0.0
2026-08-20,Comirnaty,6.23,19:38:20,2,8,0.0
2026-08-20,Comirnaty,14.53,19:38:50,2,8,0.48
2026-08-20,Comirnaty,9.72,19:39:20,2,8,0.49
2026-08-20,Comirnaty,7.52,19:39:50,2,8,0.0
2026-08-20,Comirnaty,10.58,19:40:20,2,8,0.51
2026-08-20,Comirnaty,6.0,19:40:50,2,8,0.0
2026-08-20,Comirnaty,15.61,19:41:20,2,8,0.53
2026-08-20,Comirnaty,9.54,19:41:50,2,8,0.54
2026-08-20,Comirnaty,6.56,19:42:20,2,8,0.0
2026-08-20,Comirnaty,6.55,19:42:50,2,8,0.0
2026-08-20,Comirnaty,2.74,19:43:20,2,8,0.0
2026-08-20,Comirnaty,11.41,19:43:50,2,8,0.59
2026-08-20,Comirnaty,14.16,19:44:20,2,8,0.6
2026-08-20,Comirnaty,9.34,19:44:50,2,8,0.61
2026-08-20,Comirnaty,16.14,19:45:20,2,8,0.62
2026-08-20,Comirnaty,11.17,19:45:50,2,8,0.63
2026-08-20,Comirnaty,15.36,19:46:20,2,8,0.64
2026-08-20,Comirnaty,7.92,19:46:50,2,8,0.0
2026-08-20,Comirnaty,5.57,19:47:20,2,8,0.0
2026-08-20,Comirnaty,11.18,19:47:50,2,8,0.67
2026-08-20,Comirnaty,7.73,19:48:20,2,8,0.0
2026-08-20,Comirnaty,4.21,19:48:50,2,8,0.0
2026-08-20,Comirnaty,9.73,19:49:20,2,8,0.7
2026-08-20,Comirnaty,6.38,19:49:50,2,8,0.0
2026-08-20,Comirnaty,2.71,19:50:20,2,8,0.0
2026-08-20,Comirnaty,17.02,19:50:50,2,8,0.74
2026-08-20,Comirnaty,11.27,19:51:20,2,8,0.75
2026-08-20,Comirnaty,11.08,19:51:50,2,8,0.76
2026-08-20,Comirnaty,4.93,19:52:20,2,8,0.0
2026-08-20,Comirnaty,14.2,19:52:50,2,8,0.78
2026-08-20,Comirnaty,12.74,19:53:20,2,8,0.79
2026-08-20,Comirnaty,5.65,19:53:50,2,8,0.0
2026-08-20,Comirnaty,11.27,19:54:20,2,8,0.81
2026-08-20,Comirnaty,12.67,19:54:50,2,8,0.82
2026-08-20,Comirnaty,13.32,19:55:20,2,8,0.83
2026-08-20,Comirnaty,3.31,19:55:50,2,8,0.0
2026-08-20,Comirnaty,11.91,19:56:20,2,8,0.86
2026-08-20,Comirnaty,7.64,19:56:50,2,8,0.0
2026-08-20,Comirnaty,7.63,19:57:20,2,8,0.0
2026-08-20,Comirnaty,13.45,19:57:50,2,8,0.89
2026-08-20,Comirnaty,4.62,19:58:20,2,8,0.0
2026-08-20,Comirnaty,5.26,19:58:50,2,8,0.0
2026-08-20,Comirnaty,13.14,19:59:20,2,8,0.92
2026-08-20,Comirnaty,3.96,19:59:50,2,8,0.0
2026-08-20,Comirnaty,3.01,20:00:20,2,8,0.0
2026-08-20,Comirnaty,16.07,20:00:50,2,8,0.95
2026-08-20,Comirnaty,2.59,20:01:20,2,8,0.0
2026-08-20,Comirnaty,7.43,20:01:50,2,8,0.0
2026-08-20,Comirnaty,2.45,20:02:20,2,8,0.0
2026-08-20,Comirnaty,11.73,20:02:50,2,8,1.0
2026-08-20,Comirnaty,14.91,20:03:20,2,8,1.01
2026-08-20,Comirnaty,3.47,20:03:50,2,8,0.0
2026-08-20,Comirnaty,12.5,20:04:20,2,8,1.03
2026-08-20,Comirnaty,4.65,20:04:50,2,8,0.0
2026-08-20,Comirnaty,2.33,20:05:20,2,8,0.0
2026-08-20,Comirnaty,14.7,20:05:50,2,8,1.06
2026-08-20,Comirnaty,13.4,20:06:20,2,8,1.07
2026-08-20,Comirnaty,14.27,20:06:50,2,8,1.08
2026-08-20,Comirnaty,11.15,20:07:20,2,8,1.09
2026-08-20,Comirnaty,11.47,20:07:50,2,8,1.1
2026-08-20,Comirnaty,4.96,20:08:20,2,8,0.0
2026-08-20,Comirnaty,9.01,20:08:50,2,8,1.13
2026-08-20,Comirnaty,4.78,20:09:20,2,8,0.0
2026-08-20,Comirnaty,4.11,20:09:50,2,8,0.0
2026-08-20,Comirnaty,11.13,20:10:20,2,8,1.16
2026-08-20,Comirnaty,11.56,20:10:50,2,8,1.17
2026-08-20,Comirnaty,14.9,20:11:20,2,8,1.18
2026-08-20,Comirnaty,2.22,20:11:50,2,8,0.0
2026-08-20,Comirnaty,16.28,20:12:20,2,8,1.2
2026-08-20,Comirnaty,11.69,20:12:50,2,8,1.21
2026-08-20,Comirnaty,15.61,20:13:20,2,8,1.22
2026-08-20,Comirnaty,3.58,20:13:50,2,8,0.0
2026-08-20,Comirnaty,5.04,20:14:20,2,8,0.0
2026-08-20,Comirnaty,14.27,20:14:50,2,8,1.26
2026-08-20,Comirnaty,7.15,20:15:20,2,8,0.0
2026-08-20,Comirnaty,14.65,20:15:50,2,8,1.28
2026-08-20,Comirnaty,2.29,20:16:20,2,8,0.0
2026-08-20,Comirnaty,17.47,20:16:50,2,8,1.3
2026-08-20,Comirnaty,11.57,20:17:20,2,8,1.31
2026-08-20,Comirnaty,9.38,20:17:50,2,8,1.32
2026-08-20,Comirnaty,12.1,20:18:20,2,8,1.33
2026-08-20,Comirnaty,16.2,20:18:50,2,8,1.34
2026-08-20,Comirnaty,9.07,20:19:20,2,8,1.35
2026-08-20,Comirnaty,17.42,20:19:50,2,8,1.37
2026-08-20,Comirnaty,16.27,20:20:20,2,8,1.38
2026-08-20,Comirnaty,16.33,20:20:50,2,8,1.39
2026-08-20,Comirnaty,3.51,20:21:20,2,8,0.0
2026-08-20,Comirnaty,6.12,20:21:50,2,8,0.0
2026-08-20,Comirnaty,13.9,20:22:20,2,8,1.42
2026-08-20,Comirnaty,3.4,20:22:50,2,8,0.0
2026-08-20,Comirnaty,4.02,20:23:20,2,8,0.0
2026-08-20,Comirnaty,5.67,20:23:50,2,8,0.0
2026-08-20,Comirnaty,7.45,20:24:20,2,8,0.0
2026-08-20,Comirnaty,4.97,20:24:50,2,8,0.0
2026-08-20,Comirnaty,17.65,20:25:20,2,8,1.48
2026-08-20,Comirnaty,4.9,20:25:50,2,8,0.0
2026-08-20,Comirnaty,7.29,20:26:20,2,8,0.0
2026-08-20,Comirnaty,4.5,20:26:50,2,8,0.0
2026-08-20,Comirnaty,15.68,20:27:20,2,8,1.53
2026-08-20,Comirnaty,12.22,20:27:50,2,8,1.54
2026-08-20,Comirnaty,4.23,20:28:20,2,8,0.0
2026-08-20,Comirnaty,14.52,20:28:50,2,8,1.56
2026-08-20,Comirnaty,9.26,20:29:20,2,8,1.57
2026-08-20,Comirnaty,2.68,20:29:50,2,8,0.0
2026-08-20,Comirnaty,6.51,20:30:20,2,8,0.0
2026-08-20,Comirnaty,16.11,20:30:50,2,8,1.6
2026-08-20,Comirnaty,15.67,20:31:20,2,8,1.61
2026-08-20,Comirnaty,15.33,20:31:50,2,8,1.62
2026-08-20,Comirnaty,9.67,20:32:20,2,8,1.64
2026-08-20,Comirnaty,6.2,20:32:50,2,8,0.0
2026-08-20,Comirnaty,4.52,20:33:20,2,8,0.0
2026-08-20,Comirnaty,14.44,20:33:50,2,8,1.67
2026-08-20,Comirnaty,13.32,20:34:20,2,8,1.68
2026-08-20,Comirnaty,3.65,20:34:50,2,8,0.0
2026-08-20,Comirnaty,5.92,20:35:20,2,8,0.0
2026-08-20,Comirnaty,2.51,20:35:50,2,8,0.0
2026-08-20,Comirnaty,17.25,20:36:20,2,8,1.72
2026-08-20,Comirnaty,14.96,20:36:50,2,8,1.73
2026-08-20,Comirnaty,17.11,20:37:20,2,8,1.74
2026-08-20,Comirnaty,2.66,20:37:50,2,8,0.0
2026-08-20,Comirnaty,9.2,20:38:20,2,8,1.77
2026-08-20,Comirnaty,10.05,20:38:50,2,8,1.78
2026-08-20,Comirnaty,5.87,20:39:20,2,8,0.0
2026-08-20,Comirnaty,15.3,20:39:50,2,8,1.8
2026-08-20,Comirnaty,17.66,20:40:20,2,8,1.81
2026-08-20,Comirnaty,4.79,20:40:50,2,8,0.0
2026-08-20,Comirnaty,10.03,20:41:20,2,8,1.83
2026-08-20,Comirnaty,6.55,20:41:50,2,8,0.0
2026-08-20,Comirnaty,12.41,20:42:20,2,8,1.85
2026-08-20,Comirnaty,15.87,20:42:50,2,8,1.86
2026-08-20,Comirnaty,5.17,20:43:20,2,8,0.0
2026-08-20,Comirnaty,3.32,20:43:50,2,8,0.0
2026-08-20,Comirnaty,9.67,20:44:20,2,8,1.9
2026-08-20,Comirnaty,7.6,20:44:50,2,8,0.0
2026-08-20,Comirnaty,17.72,20:45:20,2,8,1.92
2026-08-20,Comirnaty,6.28,20:45:50,2,8,0.0
2026-08-20,Comirnaty,10.99,20:46:20,2,8,1.94
2026-08-20,Comirnaty,7.19,20:46:50,2,8,0.0
2026-08-20,Comirnaty,11.85,20:47:20,2,8,1.96
2026-08-20,Comirnaty,4.59,20:47:50,2,8,0.0
2026-08-20,Comirnaty,15.45,20:48:20,2,8,1.98
2026-08-20,Comirnaty,16.21,20:48:50,2,8,1.99
2026-08-20,Comirnaty,12.24,20:49:20,2,8,2.0
2026-08-20,Comirnaty,2.38,20:49:50,2,8,0.0
2026-08-20,Comirnaty,5.85,20:50:20,2,8,0.0
2026-08-20,Comirnaty,10.73,20:50:50,2,8,2.04
2026-08-20,Comirnaty,6.16,20:51:20,2,8,0.0
2026-08-20,Comirnaty,13.25,20:51:50,2,8,2.06
2026-08-20,Comirnaty,3.26,20:52:20,2,8,0.0
2026-08-20,Comirnaty,17.36,20:52:50,2,8,2.08
2026-08-20,Comirnaty,10.71,20:53:20,2,8,2.09
2026-08-20,Comirnaty,4.76,20:53:50,2,8,0.0
2026-08-20,Comirnaty,14.23,20:54:20,2,8,2.11
2026-08-20,Comirnaty,15.14,20:54:50,2,8,2.12
2026-08-20,Comirnaty,16.29,20:55:20,2,8,2.13
2026-08-20,Comirnaty,5.41,20:55:50,2,8,0.0
2026-08-20,Comirnaty,9.09,20:56:20,2,8,2.16
2026-08-20,Comirnaty,6.27,20:56:50,2,8,0.0
2026-08-20,Comirnaty,4.59,20:57:20,2,8,0.0
2026-08-20,Comirnaty,14.59,20:57:50,2,8,2.19
2026-08-20,Comirnaty,6.71,20:58:20,2,8,0.0
2026-08-20,Comirnaty,10.88,20:58:50,2,8,2.21
2026-08-20,Comirnaty,14.7,20:59:20,2,8,2.22
2026-08-20,Comirnaty,4.91,20:59:50,2,8,0.0
2026-08-20,Comirnaty,13.92,21:00:20,2,8,2.24
2026-08-20,Comirnaty,6.16,21:00:50,2,8,0.0
2026-08-20,Comirnaty,11.63,21:01:20,2,8,2.26
2026-08-20,Comirnaty,4.25,21:01:50,2,8,0.0
2026-08-20,Comirnaty,13.48,21:02:20,2,8,2.29
2026-08-20,Comirnaty,9.99,21:02:50,2,8,2.3
2026-08-20,Comirnaty,12.86,21:03:20,2,8,2.31
2026-08-20,Comirnaty,2.37,21:03:50,2,8,0.0
2026-08-20,Comirnaty,5.5,21:04:20,2,8,0.0
2026-08-20,Comirnaty,7.35,21:04:50,2,8,0.0
2026-08-20,Comirnaty,5.47,21:05:20,2,8,0.0
2026-08-20,Comirnaty,14.58,21:05:50,2,8,2.36
2026-08-20,Comirnaty,16.28,21:06:20,2,8,2.37
2026-08-20,Comirnaty,7.04,21:06:50,2,8,0.0
2026-08-20,Comirnaty,2.68,21:07:20,2,8,0.0
2026-08-20,Comirnaty,5.74,21:07:50,2,8,0.0
2026-08-20,Comirnaty,13.39,21:08:20,2,8,2.42
2026-08-20,Comirnaty,15.68,21:08:50,2,8,2.43
2026-08-20,Comirnaty,10.98,21:09:20,2,8,2.44
2026-08-20,Comirnaty,11.03,21:09:50,2,8,2.45
2026-08-20,Comirnaty,2.47,21:10:20,2,8,0.0
2026-08-20,Comirnaty,13.99,21:10:50,2,8,2.47
2026-08-20,Comirnaty,9.06,21:11:20,2,8,2.48
2026-08-20,Comirnaty,17.56,21:11:50,2,8,2.49
2026-08-20,Comirnaty,15.12,21:12:20,2,8,2.5
2026-08-20,Comirnaty,4.43,21:12:50,2,8,0.0
2026-08-20,Comirnaty,16.59,21:13:20,2,8,2.52
2026-08-20,Comirnaty,3.91,21:13:50,2,8,0.0
2026-08-20,Comirnaty,13.99,21:14:20,2,8,2.55
2026-08-20,Comirnaty,16.16,21:14:50,2,8,2.56
2026-08-20,Comirnaty,17.24,21:15:20,2,8,2.57
2026-08-20,Comirnaty,5.98,21:15:50,2,8,0.0
2026-08-20,Comirnaty,16.66,21:16:20,2,8,2.59
2026-08-20,Comirnaty,13.05,21:16:50,2,8,2.6
2026-08-20,Comirnaty,4.01,21:17:20,2,8,0.0
2026-08-20,Comirnaty,17.92,21:17:50,2,8,2.62
2026-08-20,Comirnaty,11.17,21:18:20,2,8,2.63
2026-08-20,Comirnaty,14.81,21:18:50,2,8,2.64
2026-08-20,Comirnaty,4.29,21:19:20,2,8,0.0
2026-08-20,Comirnaty,16.95,21:19:50,2,8,2.67
2026-08-20,Comirnaty,5.47,21:20:20,2,8,0.0
2026-08-20,Comirnaty,15.44,21:20:50,2,8,2.69
2026-08-20,Comirnaty,11.03,21:21:20,2,8,2.7
2026-08-20,Comirnaty,12.58,21:21:50,2,8,2.71
2026-08-20,Comirnaty,17.08,21:22:20,2,8,2.72
2026-08-20,Comirnaty,17.13,21:22:50,2,8,2.73
2026-08-20,Comirnaty,5.31,21:23:20,2,8,0.0
2026-08-20,Comirnaty,13.65,21:23:50,2,8,2.75
2026-08-20,Comirnaty,9.51,21:24:20,2,8,2.76
2026-08-20,Comirnaty,3.37,21:24:50,2,8,0.0
2026-08-20,Comirnaty,13.97,21:25:20,2,8,2.78
2026-08-20,Comirnaty,2.07,21:25:50,2,8,0.0
2026-08-20,Comirnaty,11.27,21:26:20,2,8,2.81
2026-08-20,Comirnaty,5.42,21:26:50,2,8,0.0
2026-08-20,Comirnaty,16.07,21:27:20,2,8,2.83
2026-08-20,Comirnaty,6.24,21:27:50,2,8,0.0
2026-08-20,Comirnaty,5.25,21:28:20,2,8,0.0
2026-08-20,Comirnaty,12.56,21:28:50,2,8,2.86
2026-08-20,Comirnaty,9.21,21:29:20,2,8,2.87
2026-08-20,Comirnaty,5.71,21:29:50,2,8,0.0
2026-08-20,Comirnaty,6.63,21:30:20,2,8,0.0
2026-08-20,Comirnaty,10.01,21:30:50,2,8,2.9
2026-08-20,Comirnaty,11.18,21:31:20,2,8,2.91
2026-08-20,Comirnaty,3.94,21:31:50,2,8,0.0
2026-08-20,Comirnaty,9.79,21:32:20,2,8,2.94
2026-08-20,Comirnaty,14.27,21:32:50,2,8,2.95
2026-08-20,Comirnaty,12.64,21:33:20,2,8,2.96
2026-08-20,Comirnaty,2.19,21:33:50,2,8,0.0
2026-08-20,Comirnaty,11.66,21:34:20,2,8,2.98
2026-08-20,Comirnaty,10.08,21:34:50,2,8,2.99
2026-08-20,Comirnaty,15.09,21:35:20,2,8,3.0
2026-08-20,Comirnaty,4.53,21:35:50,2,8,0.0
2026-08-20,Comirnaty,7.76,21:36:20,2,8,0.0
2026-08-20,Comirnaty,10.62,21:36:50,2,8,3.03
2026-08-20,Comirnaty,4.87,21:37:20,2,8,0.0
2026-08-20,Comirnaty,5.82,21:37:50,2,8,0.0
2026-08-20,Comirnaty,17.85,21:38:20,2,8,3.07
2026-08-20,Comirnaty,3.22,21:38:50,2,8,0.0
2026-08-20,Comirnaty,16.77,21:39:20,2,8,3.09
2026-08-20,Comirnaty,5.91,21:39:50,2,8,0.0
2026-08-20,Comirnaty,2.02,21:40:20,2,8,0.0
2026-08-20,Comirnaty,11.67,21:40:50,2,8,3.12
2026-08-20,Comirnaty,17.53,21:41:20,2,8,3.13
2026-08-20,Comirnaty,2.98,21:41:50,2,8,0.0
2026-08-20,Comirnaty,12.65,21:42:20,2,8,3.15
2026-08-20,Comirnaty,16.4,21:42:50,2,8,3.16
2026-08-20,Comirnaty,17.38,21:43:20,2,8,3.17
2026-08-20,Comirnaty,6.42,21:43:50,2,8,0.0
2026-08-20,Comirnaty,2.49,21:44:20,2,8,0.0
2026-08-20,Comirnaty,10.49,21:44:50,2,8,3.21
2026-08-20,Comirnaty,4.54,21:45:20,2,8,0.0
2026-08-20,Comirnaty,6.32,21:45:50,2,8,0.0
2026-08-20,Comirnaty,16.48,21:46:20,2,8,3.24
2026-08-20,Comirnaty,14.15,21:46:50,2,8,3.25
2026-08-20,Comirnaty,2.21,21:47:20,2,8,0.0
2026-08-20,Comirnaty,9.88,21:47:50,2,8,3.27
2026-08-20,Comirnaty,17.51,21:48:20,2,8,3.28
2026-08-20,Comirnaty,9.8,21:48:50,2,8,3.29
2026-08-20,Comirnaty,9.39,21:49:20,2,8,3.3
2026-08-20,Comirnaty,5.32,21:49:50,2,8,0.0
2026-08-20,Comirnaty,11.5,21:50:20,2,8,3.33
2026-08-20,Comirnaty,16.79,21:50:50,2,8,3.34
2026-08-20,Comirnaty,4.67,21:51:20,2,8,0.0
2026-08-20,Comirnaty,12.17,21:51:50,2,8,3.36
2026-08-20,Comirnaty,2.13,21:52:20,2,8,0.0
2026-08-20,Comirnaty,2.64,21:52:50,2,8,0.0
2026-08-20,Comirnaty,6.11,21:53:20,2,8,0.0
2026-08-20,Comirnaty,16.92,21:53:50,2,8,3.4
2026-08-20,Comirnaty,3.74,21:54:20,2,8,0.0
2026-08-20,Comirnaty,6.26,21:54:50,2,8,0.0
2026-08-20,Comirnaty,10.35,21:55:20,2,8,3.43
2026-08-20,Comirnaty,15.72,21:55:50,2,8,3.44
2026-08-20,Comirnaty,13.75,21:56:20,2,8,3.46
2026-08-20,Comirnaty,5.6,21:56:50,2,8,0.0
2026-08-20,Comirnaty,4.46,21:57:20,2,8,0.0
2026-08-20,Comirnaty,9.86,21:57:50,2,8,3.49
2026-08-20,Comirnaty,7.26,21:58:20,2,8,0.0
2026-08-20,Comirnaty,7.57,21:58:50,2,8,0.0
2026-08-20,Comirnaty,2.09,21:59:20,2,8,0.0
2026-08-20,Comirnaty,14.53,21:59:50,2,8,3.53
2026-08-20,Comirnaty,17.81,22:00:20,2,8,3.54
2026-08-20,Comirnaty,3.1,22:00:50,2,8,0.0
2026-08-20,Comirnaty,2.37,22:01:20,2,8,0.0
2026-08-20,Comirnaty,2.01,22:01:50,2,8,0.0
2026-08-20,Comirnaty,11.62,22:02:20,2,8,3.59
2026-08-20,Comirnaty,6.95,22:02:50,2,8,0.0
2026-08-20,Comirnaty,17.33,22:03:20,2,8,3.61
2026-08-20,Comirnaty,12.36,22:03:50,2,8,3.62
2026-08-20,Comirnaty,6.19,22:04:20,2,8,0.0
2026-08-20,Comirnaty,5.37,22:04:50,2,8,0.0
2026-08-20,Comirnaty,3.37,22:05:20,2,8,0.0
2026-08-20,Comirnaty,12.37,22:05:50,2,8,3.66
2026-08-20,Comirnaty,9.45,22:06:20,2,8,3.67
2026-08-20,Comirnaty,15.64,22:06:50,2,8,3.68
2026-08-20,Comirnaty,11.96,22:07:20,2,8,3.69
2026-08-20,Comirnaty,9.93,22:07:50,2,8,3.71
2026-08-20,Comirnaty,10.24,22:08:20,2,8,3.72
2026-08-20,Comirnaty,17.24,22:08:50,2,8,3.73
2026-08-20,Comirnaty,6.72,22:09:20,2,8,0.0
2026-08-20,Comirnaty,14.75,22:09:50,2,8,3.75
2026-08-20,Comirnaty,6.4,22:10:20,2,8,0.0
2026-08-20,Comirnaty,15.85,22:10:50,2,8,3.77
2026-08-20,Comirnaty,16.51,22:11:20,2,8,3.78
2026-08-20,Comirnaty,9.09,22:11:50,2,8,3.79
2026-08-20,Comirnaty,7.34,22:12:20,2,8,0.0
2026-08-20,Comirnaty,3.77,22:12:50,2,8,0.0
2026-08-20,Comirnaty,5.64,22:13:20,2,8,0.0
2026-08-20,Comirnaty,7.01,22:13:50,2,8,0.0
2026-08-20,Comirnaty,14.11,22:14:20,2,8,3.85
2026-08-20,Comirnaty,12.13,22:14:50,2,8,3.86
2026-08-20,Comirnaty,14.32,22:15:20,2,8,3.87
2026-08-20,Comirnaty,4.64,22:15:50,2,8,0.0
2026-08-20,Comirnaty,5.13,22:16:20,2,8,0.0
2026-08-20,Comirnaty,13.13,22:16:50,2,8,3.9
2026-08-20,Comirnaty,15.34,22:17:20,2,8,3.91
2026-08-20,Comirnaty,10.58,22:17:50,2,8,3.92
2026-08-20,Comirnaty,12.43,22:18:20,2,8,3.93
2026-08-20,Comirnaty,17.88,22:18:50,2,8,3.94
2026-08-20,Comirnaty,7.5,22:19:20,2,8,0.0
2026-08-20,Comirnaty,3.65,22:19:50,2,8,0.0
2026-08-20,Comirnaty,13.99,22:20:20,2,8,3.98
2026-08-20,Comirnaty,5.48,22:20:50,2,8,0.0
2026-08-20,Comirnaty,4.42,22:21:20,2,8,0.0
2026-08-20,Comirnaty,9.8,22:21:50,2,8,4.01
2026-08-20,Comirnaty,10.41,22:22:20,2,8,4.02
2026-08-20,Comirnaty,6.32,22:22:50,2,8,0.0
2026-08-20,Comirnaty,6.17,22:23:20,2,8,0.0
2026-08-20,Comirnaty,15.52,22:23:50,2,8,4.05
2026-08-20,Comirnaty,14.31,22:24:20,2,8,4.06
2026-08-20,Comirnaty,13.59,22:24:50,2,8,4.07
2026-08-20,Comirnaty,5.33,22:25:20,2,8,0.0
2026-08-20,Comirnaty,15.16,22:25:50,2,8,4.09
2026-08-20,Comirnaty,17.96,22:26:20,2,8,4.11
2026-08-20,Comirnaty,15.0,22:26:50,2,8,4.12
2026-08-20,Comirnaty,13.96,22:27:20,2,8,4.13
2026-08-20,Comirnaty,15.89,22:27:50,2,8,4.14
2026-08-20,Comirnaty,17.12,22:28:20,2,8,4.15
2026-08-20,Comirnaty,3.58,22:28:50,2,8,0.0
2026-08-20,Comirnaty,2.68,22:29:20,2,8,0.0
2026-08-20,Comirnaty,16.98,22:29:50,2,8,4.18
2026-08-20,Comirnaty,9.05,22:30:20,2,8,4.19
2026-08-20,Comirnaty,14.15,22:30:50,2,8,4.2
2026-08-20,Comirnaty,15.89,22:31:20,2,8,4.21
2026-08-20,Comirnaty,3.21,22:31:50,2,8,0.0
2026-08-20,Comirnaty,17.68,22:32:20,2,8,4.24
2026-08-20,Comirnaty,9.01,22:32:50,2,8,4.25
2026-08-20,Comirnaty,7.78,22:33:20,2,8,0.0
2026-08-20,Comirnaty,14.92,22:33:50,2,8,4.27
2026-08-20,Comirnaty,13.28,22:34:20,2,8,4.28
2026-08-20,Comirnaty,4.97,22:34:50,2,8,0.0
2026-08-20,Comirnaty,7.42,22:35:20,2,8,0.0
2026-08-20,Comirnaty,7.48,22:35:50,2,8,0.0
2026-08-20,Comirnaty,11.16,22:36:20,2,8,4.32
2026-08-20,Comirnaty,10.74,22:36:50,2,8,4.33
2026-08-20,Comirnaty,12.34,22:37:20,2,8,4.34
2026-08-20,Comirnaty,10.99,22:37:50,2,8,4.36
2026-08-20,Comirnaty,7.84,22:38:20,2,8,0.0
2026-08-20,Comirnaty,10.35,22:38:50,2,8,4.38
2026-08-20,Comirnaty,9.77,22:39:20,2,8,4.39
2026-08-20,Comirnaty,4.83,22:39:50,2,8,0.0
2026-08-20,Comirnaty,10.32,22:40:20,2,8,4.41
2026-08-20,Comirnaty,12.78,22:40:50,2,8,4.42
2026-08-20,Comirnaty,13.07,22:41:20,2,8,4.43
2026-08-20,Comirnaty,6.63,22:41:50,2,8,0.0
2026-08-20,Comirnaty,15.8,22:42:20,2,8,4.45
2026-08-20,Comirnaty,14.82,22:42:50,2,8,4.46
2026-08-20,Comirnaty,10.11,22:43:20,2,8,4.47
2026-08-20,Comirnaty,12.24,22:43:50,2,8,4.49
2026-08-20,Comirnaty,4.39,22:44:20,2,8,0.0
2026-08-20,Comirnaty,7.12,22:44:50,2,8,0.0
2026-08-20,Comirnaty,17.72,22:45:20,2,8,4.52
2026-08-20,Comirnaty,7.07,22:45:50,2,8,0.0
2026-08-20,Comirnaty,6.67,22:46:20,2,8,0.0
2026-08-20,Comirnaty,7.91,22:46:50,2,8,0.0
2026-08-20,Comirnaty,13.76,22:47:20,2,8,4.56
2026-08-20,Comirnaty,6.3,22:47:50,2,8,0.0
2026-08-20,Comirnaty,6.21,22:48:20,2,8,0.0
2026-08-20,Comirnaty,4.82,22:48:50,2,8,0.0
2026-08-20,Comirnaty,11.89,22:49:20,2,8,4.6
2026-08-20,Comirnaty,12.93,22:49:50,2,8,4.62
2026-08-20,Comirnaty,9.97,22:50:20,2,8,4.63
2026-08-20,Comirnaty,9.07,22:50:50,2,8,4.64
2026-08-20,Comirnaty,9.23,22:51:20,2,8,4.65
2026-08-20,Comirnaty,11.67,22:51:50,2,8,4.66
2026-08-20,Comirnaty,3.3,22:52:20,2,8,0.0
2026-08-20,Comirnaty,2.75,22:52:50,2,8,0.0
2026-08-20,Comirnaty,9.41,22:53:20,2,8,4.69
2026-08-20,Comirnaty,10.49,22:53:50,2,8,4.7
2026-08-20,Comirnaty,11.4,22:54:20,2,8,4.71
2026-08-20,Comirnaty,6.97,22:54:50,2,8,0.0
2026-08-20,Comirnaty,2.23,22:55:20,2,8,0.0
2026-08-20,Comirnaty,7.81,22:55:50,2,8,0.0
2026-08-20,Comirnaty,16.65,22:56:20,2,8,4.76
2026-08-20,Comirnaty,10.57,22:56:50,2,8,4.77
2026-08-20,Comirnaty,12.58,22:57:20,2,8,4.78
2026-08-20,Comirnaty,5.41,22:57:50,2,8,0.0
2026-08-20,Comirnaty,13.72,22:58:20,2,8,4.8
2026-08-20,Comirnaty,17.83,22:58:50,2,8,4.81
2026-08-20,Comirnaty,2.4,22:59:20,2,8,0.0
2026-08-20,Comirnaty,13.33,22:59:50,2,8,4.83
2026-08-20,Comirnaty,13.44,23:00:20,2,8,4.84
2026-08-20,Comirnaty,14.42,23:00:50,2,8,4.85
2026-08-20,Comirnaty,9.64,23:01:20,2,8,4.86
2026-08-20,Comirnaty,6.25,23:01:50,2,8,0.0
2026-08-20,Comirnaty,10.49,23:02:20,2,8,4.89
2026-08-20,Comirnaty,12.69,23:02:50,2,8,4.9
2026-08-20,Comirnaty,15.26,23:03:20,2,8,4.91
2026-08-20,Comirnaty,12.6,23:03:50,2,8,4.92
2026-08-20,Comirnaty,17.4,23:04:20,2,8,4.93
2026-08-20,Comirnaty,4.96,23:04:50,2,8,0.0
2026-08-20,Comirnaty,4.82,23:05:20,2,8,0.0
2026-08-20,Comirnaty,12.19,23:05:50,2,8,4.96
2026-08-20,Comirnaty,6.93,23:06:20,2,8,0.0
2026-08-20,Comirnaty,10.72,23:06:50,2,8,4.98
2026-08-20,Comirnaty,3.73,23:07:20,2,8,0.0
2026-08-20,Comirnaty,12.78,23:07:50,2,8,5.0
2026-08-20,Comirnaty,7.21,23:08:20,2,8,0.0
2026-08-20,Comirnaty,12.25,23:08:50,2,8,5.03
2026-08-20,Comirnaty,14.38,23:09:20,2,8,5.04
2026-08-20,Comirnaty,4.96,23:09:50,2,8,0.0
2026-08-20,Comirnaty,7.93,23:10:20,2,8,0.0
2026-08-20,Comirnaty,16.18,23:10:50,2,8,5.07
2026-08-20,Comirnaty,3.17,23:11:20,2,8,0.0
2026-08-20,Comirnaty,7.41,23:11:50,2,8,0.0
2026-08-20,Comirnaty,10.09,23:12:20,2,8,5.1
2026-08-20,Comirnaty,14.45,23:12:50,2,8,5.11
2026-08-20,Comirnaty,13.01,23:13:20,2,8,5.12
2026-08-20,Comirnaty,6.7,23:13:50,2,8,0.0
2026-08-20,Comirnaty,16.95,23:14:20,2,8,5.15
2026-08-20,Comirnaty,7.1,23:14:50,2,8,0.0
2026-08-20,Comirnaty,5.81,23:15:20,2,8,0.0
2026-08-20,Comirnaty,7.2,23:15:50,2,8,0.0
2026-08-20,Comirnaty,10.01,23:16:20,2,8,5.19
2026-08-20,Comirnaty,3.22,23:16:50,2,8,0.0
2026-08-20,Comirnaty,6.32,23:17:20,2,8,0.0
2026-08-20,Comirnaty,3.65,23:17:50,2,8,0.0
2026-08-20,Comirnaty,3.17,23:18:20,2,8,0.0
2026-08-20,Comirnaty,17.93,23:18:50,2,8,5.24
2026-08-20,Comirnaty,11.0,23:19:20,2,8,5.25
2026-08-20,Comirnaty,7.29,23:19:50,2,8,0.0
2026-08-20,Comirnaty,8.0,23:20:20,2,8,0.0
2026-08-20,Comirnaty,7.14,23:20:50,2,8,0.0
2026-08-20,Comirnaty,15.09,23:21:20,2,8,5.3
2026-08-20,Comirnaty,2.23,23:21:50,2,8,0.0
2026-08-20,Comirnaty,11.98,23:22:20,2,8,5.32
2026-08-20,Comirnaty,2.6,23:22:50,2,8,0.0
2026-08-20,Comirnaty,10.13,23:23:20,2,8,5.34
2026-08-20,Comirnaty,5.49,23:23:50,2,8,0.0
2026-08-20,Comirnaty,13.87,23:24:20,2,8,5.36
2026-08-20,Comirnaty,3.0,23:24:50,2,8,0.0
2026-08-20,Comirnaty,12.39,23:25:20,2,8,5.38
2026-08-20,Comirnaty,4.57,23:25:50,2,8,0.0
2026-08-20,Comirnaty,4.25,23:26:20,2,8,0.0
2026-08-20,Comirnaty,7.15,23:26:50,2,8,0.0
2026-08-20,Comirnaty,15.46,23:27:20,2,8,5.43
2026-08-20,Comirnaty,13.28,23:27:50,2,8,5.44
2026-08-20,Comirnaty,17.4,23:28:20,2,8,5.45
2026-08-20,Comirnaty,9.68,23:28:50,2,8,5.46
2026-08-20,Comirnaty,7.38,23:29:20,2,8,0.0
2026-08-20,Comirnaty,11.29,23:29:50,2,8,5.48
2026-08-20,Comirnaty,7.65,23:30:20,2,8,0.0
2026-08-20,Comirnaty,12.41,23:30:50,2,8,5.5
2026-08-20,Comirnaty,14.15,23:31:20,2,8,5.51
2026-08-20,Comirnaty,3.93,23:31:50,2,8,0.0
2026-08-20,Comirnaty,12.65,23:32:20,2,8,5.54
2026-08-20,Comirnaty,13.18,23:32:50,2,8,5.55
2026-08-20,Comirnaty,11.92,23:33:20,2,8,5.56
2026-08-20,Comirnaty,2.25,23:33:50,2,8,0.0
2026-08-20,Comirnaty,11.4,23:34:20,2,8,5.58
2026-08-20,Comirnaty,6.96,23:34:50,2,8,0.0
2026-08-20,Comirnaty,9.12,23:35:20,2,8,5.6
2026-08-20,Comirnaty,14.93,23:35:50,2,8,5.61
2026-08-20,Comirnaty,11.52,23:36:20,2,8,5.62
2026-08-20,Comirnaty,13.0,23:36:50,2,8,5.63
2026-08-20,Comirnaty,10.2,23:37:20,2,8,5.64
2026-08-20,Comirnaty,9.9,23:37:50,2,8,5.65
2026-08-20,Comirnaty,11.12,23:38:20,2,8,5.67
2026-08-20,Comirnaty,12.69,23:38:50,2,8,5.68
2026-08-20,Comirnaty,9.36,23:39:20,2,8,5.69
2026-08-20,Comirnaty,7.38,23:39:50,2,8,0.0
2026-08-20,Comirnaty,17.7,23:40:20,2,8,5.71
2026-08-20,Comirnaty,10.45,23:40:50,2,8,5.72
2026-08-20,Comirnaty,14.32,23:41:20,2,8,5.73
2026-08-20,Comirnaty,7.54,23:41:50,2,8,0.0
2026-08-20,Comirnaty,7.87,23:42:20,2,8,0.0
2026-08-20,Comirnaty,11.84,23:42:50,2,8,5.76
2026-08-20,Comirnaty,4.86,23:43:20,2,8,0.0
2026-08-20,Comirnaty,16.26,23:43:50,2,8,5.79
2026-08-20,Comirnaty,3.46,23:44:20,2,8,0.0
2026-08-20,Comirnaty,10.55,23:44:50,2,8,5.81
2026-08-20,Comirnaty,15.93,23:45:20,2,8,5.82
2026-08-20,Comirnaty,10.61,23:45:50,2,8,5.83
2026-08-20,Comirnaty,4.27,23:46:20,2,8,0.0
2026-08-20,Comirnaty,10.63,23:46:50,2,8,5.85
2026-08-20,Comirnaty,3.49,23:47:20,2,8,0.0
2026-08-20,Comirnaty,15.94,23:47:50,2,8,5.87
2026-08-20,Comirnaty,3.55,23:48:20,2,8,0.0
2026-08-20,Comirnaty,4.49,23:48:50,2,8,0.0
2026-08-20,Comirnaty,4.47,23:49:20,2,8,0.0
2026-08-20,Comirnaty,2.18,23:49:50,2,8,0.0
2026-08-20,Comirnaty,13.79,23:50:20,2,8,5.93
2026-08-20,Comirnaty,4.33,23:50:50,2,8,0.0
2026-08-20,Comirnaty,13.65,23:51:20,2,8,5.95
2026-08-20,Comirnaty,4.46,23:51:50,2,8,0.0
2026-08-20,Comirnaty,7.61,23:52:20,2,8,0.0
2026-08-20,Comirnaty,13.26,23:52:50,2,8,5.98
2026-08-20,Comirnaty,10.79,23:53:20,2,8,5.99
2026-08-20,Comirnaty,11.19,23:53:50,2,8,6.0
2026-08-20,Comirnaty,10.06,23:54:20,2,8,6.01
2026-08-20,Comirnaty,6.22,23:54:50,2,8,0.0
2026-08-20,Comirnaty,12.3,23:55:20,2,8,6.03
2026-08-20,Comirnaty,3.66,23:55:50,2,8,0.0
2026-08-20,Comirnaty,5.23,23:56:20,2,8,0.0
2026-08-20,Comirnaty,4.24,23:56:50,2,8,0.0
2026-08-20,Comirnaty,12.63,23:57:20,2,8,6.08
2026-08-20,Comirnaty,11.76,23:57:50,2,8,6.09
2026-08-20,Comirnaty,11.0,23:58:20,2,8,6.1
2026-08-20,Comirnaty,13.63,23:58:50,2,8,6.11
2026-08-20,Comirnaty,10.96,23:59:20,2,8,6.12
2026-08-20,Comirnaty,5.54,23:59:50,2,8,0.0
2026-08-20,Comirnaty,14.43,00:00:20,2,8,6.14
2026-08-20,Comirnaty,3.46,00:00:50,2,8,0.0
2026-08-20,Comirnaty,17.95,00:01:20,2,8,6.16
2026-08-20,Comirnaty,14.93,00:01:50,2,8,6.17
2026-08-20,Comirnaty,16.34,00:02:20,2,8,6.19
2026-08-20,Comirnaty,7.81,00:02:50,2,8,0.0
2026-08-20,Comirnaty,16.71,00:03:20,2,8,6.21
2026-08-20,Comirnaty,9.38,00:03:50,2,8,6.22
2026-08-20,Comirnaty,12.69,00:04:20,2,8,6.23
2026-08-20,Comirnaty,6.16,00:04:50,2,8,0.0
2026-08-20,Comirnaty,14.68,00:05:20,2,8,6.25
2026-08-20,Comirnaty,4.1,00:05:50,2,8,0.0
2026-08-20,Comirnaty,4.07,00:06:20,2,8,0.0
2026-08-20,Comirnaty,11.34,00:06:50,2,8,6.28
2026-08-20,Comirnaty,5.05,00:07:20,2,8,0.0
2026-08-20,Comirnaty,11.87,00:07:50,2,8,6.3
2026-08-20,Comirnaty,14.13,00:08:20,2,8,6.32
2026-08-20,Comirnaty,16.16,00:08:50,2,8,6.33
2026-08-20,Comirnaty,10.04,00:09:20,2,8,6.34
2026-08-20,Comirnaty,13.07,00:09:50,2,8,6.35
2026-08-20,Comirnaty,11.37,00:10:20,2,8,6.36
2026-08-20,Comirnaty,4.72,00:10:50,2,8,0.0
2026-08-20,Comirnaty,4.85,00:11:20,2,8,0.0
2026-08-20,Comirnaty,7.4,00:11:50,2,8,0.0
2026-08-20,Comirnaty,14.03,00:12:20,2,8,6.4
2026-08-20,Comirnaty,13.17,00:12:50,2,8,6.41
2026-08-20,Comirnaty,3.13,00:13:20,2,8,0.0
2026-08-20,Comirnaty,16.96,00:13:50,2,8,6.44
2026-08-20,Comirnaty,7.24,00:14:20,2,8,0.0
2026-08-20,Comirnaty,17.88,00:14:50,2,8,6.46
2026-08-20,Comirnaty,3.55,00:15:20,2,8,0.0
2026-08-20,Comirnaty,9.5,00:15:50,2,8,6.48
2026-08-20,Comirnaty,12.81,00:16:20,2,8,6.49
2026-08-20,Comirnaty,6.68,00:16:50,2,8,0.0
2026-08-20,Comirnaty,13.13,00:17:20,2,8,6.51
2026-08-20,Comirnaty,11.26,00:17:50,2,8,6.52
2026-08-20,Comirnaty,9.21,00:18:20,2,8,6.53
2026-08-20,Comirnaty,9.33,00:18:50,2,8,6.54
2026-08-20,Comirnaty,16.39,00:19:20,2,8,6.55
2026-08-20,Comirnaty,17.9,00:19:50,2,8,6.57
2026-08-20,Comirnaty,2.26,00:20:20,2,8,0.0
2026-08-20,Comirnaty,3.68,00:20:50,2,8,0.0
2026-08-20,Comirnaty,5.07,00:21:20,2,8,0.0
2026-08-20,Comirnaty,7.15,00:21:50,2,8,0.0
2026-08-20,Comirnaty,15.45,00:22:20,2,8,6.62
2026-08-20,Comirnaty,13.12,00:22:50,2,8,6.63
2026-08-20,Comirnaty,10.6,00:23:20,2,8,6.64
2026-08-20,Comirnaty,12.49,00:23:50,2,8,6.65
2026-08-20,Comirnaty,11.4,00:24:20,2,8,6.66
2026-08-20,Comirnaty,3.26,00:24:50,2,8,0.0
2026-08-20,Comirnaty,16.99,00:25:20,2,8,6.68
2026-08-20,Comirnaty,14.3,00:25:50,2,8,6.7
2026-08-20,Comirnaty,10.4,00:26:20,2,8,6.71
2026-08-20,Comirnaty,17.05,00:26:50,2,8,6.72
2026-08-20,Comirnaty,15.78,00:27:20,2,8,6.73
2026-08-20,Comirnaty,12.37,00:27:50,2,8,6.74
2026-08-20,Comirnaty,14.01,00:28:20,2,8,6.75
2026-08-20,Comirnaty,2.94,00:28:50,2,8,0.0
2026-08-20,Comirnaty,10.24,00:29:20,2,8,6.77
2026-08-20,Comirnaty,6.26,00:29:50,2,8,0.0
2026-08-20,Comirnaty,10.12,00:30:20,2,8,6.79
2026-08-20,Comirnaty,4.19,00:30:50,2,8,0.0
2026-08-20,Comirnaty,14.49,00:31:20,2,8,6.81
2026-08-20,Comirnaty,13.66,00:31:50,2,8,6.83
2026-08-20,Comirnaty,17.86,00:32:20,2,8,6.84
2026-08-20,Comirnaty,14.51,00:32:50,2,8,6.85
2026-08-20,Comirnaty,12.13,00:33:20,2,8,6.86
2026-08-20,Comirnaty,11.75,00:33:50,2,8,6.87
2026-08-20,Comirnaty,10.26,00:34:20,2,8,6.88
2026-08-20,Comirnaty,2.97,00:34:50,2,8,0.0
2026-08-20,Comirnaty,5.14,00:35:20,2,8,0.0
2026-08-20,Comirnaty,3.76,00:35:50,2,8,0.0
2026-08-20,Comirnaty,3.15,00:36:20,2,8,0.0
2026-08-20,Comirnaty,11.1,00:36:50,2,8,6.93
2026-08-20,Comirnaty,10.47,00:37:20,2,8,6.94
2026-08-20,Comirnaty,3.18,00:37:50,2,8,0.0
2026-08-20,Comirnaty,3.2,00:38:20,2,8,0.0
2026-08-20,Comirnaty,6.17,00:38:50,2,8,0.0
2026-08-20,Comirnaty,17.0,00:39:20,2,8,6.99
2026-08-20,Comirnaty,17.07,00:39:50,2,8,7.0
2026-08-20,Comirnaty,9.73,00:40:20,2,8,7.01
2026-08-20,Comirnaty,3.11,00:40:50,2,8,0.0
2026-08-20,Comirnaty,10.52,00:41:20,2,8,7.03
2026-08-20,Comirnaty,13.91,00:41:50,2,8,7.04
2026-08-20,Comirnaty,15.49,00:42:20,2,8,7.05
2026-08-20,Comirnaty,3.06,00:42:50,2,8,0.0
2026-08-20,Comirnaty,13.72,00:43:20,2,8,7.07
2026-08-20,Comirnaty,16.09,00:43:50,2,8,7.09
2026-08-20,Comirnaty,13.52,00:44:20,2,8,7.1
2026-08-20,Comirnaty,16.31,00:44:50,2,8,7.11
2026-08-20,Comirnaty,2.37,00:45:20,2,8,0.0
2026-08-20,Comirnaty,2.77,00:45:50,2,8,0.0
2026-08-20,Comirnaty,12.18,00:46:20,2,8,7.14
2026-08-20,Comirnaty,11.41,00:46:50,2,8,7.15
2026-08-20,Comirnaty,10.49,00:47:20,2,8,7.16
2026-08-20,Comirnaty,13.23,00:47:50,2,8,7.17
2026-08-20,Comirnaty,11.9,00:48:20,2,8,7.18
2026-08-20,Comirnaty,12.24,00:48:50,2,8,7.19
2026-08-20,Comirnaty,6.73,00:49:20,2,8,0.0
2026-08-20,Comirnaty,5.23,00:49:50,2,8,0.0
2026-08-20,Comirnaty,12.12,00:50:20,2,8,7.23
2026-08-20,Comirnaty,10.38,00:50:50,2,8,7.24
2026-08-20,Comirnaty,2.84,00:51:20,2,8,0.0
2026-08-20,Comirnaty,5.03,00:51:50,2,8,0.0
2026-08-20,Comirnaty,13.43,00:52:20,2,8,7.27
2026-08-20,Comirnaty,3.27,00:52:50,2,8,0.0
2026-08-20,Comirnaty,11.73,00:53:20,2,8,7.29
2026-08-20,Comirnaty,4.61,00:53:50,2,8,0.0
2026-08-20,Comirnaty,16.46,00:54:20,2,8,7.31
2026-08-20,Comirnaty,14.18,00:54:50,2,8,7.32
2026-08-20,Comirnaty,9.11,00:55:20,2,8,7.33
2026-08-20,Comirnaty,10.48,00:55:50,2,8,7.35
2026-08-20,Comirnaty,3.42,00:56:20,2,8,0.0
2026-08-20,Comirnaty,4.05,00:56:50,2,8,0.0
2026-08-20,Comirnaty,16.48,00:57:20,2,8,7.38
2026-08-20,Comirnaty,14.14,00:57:50,2,8,7.39
2026-08-20,Comirnaty,2.38,00:58:20,2,8,0.0
2026-08-20,Comirnaty,6.99,00:58:50,2,8,0.0
2026-08-20,Comirnaty,11.54,00:59:20,2,8,7.42
2026-08-20,Comirnaty,14.79,00:59:50,2,8,7.43
2026-08-20,Comirnaty,17.14,01:00:20,2,8,7.44
2026-08-20,Comirnaty,9.01,01:00:50,2,8,7.45
2026-08-20,Comirnaty,12.9,01:01:20,2,8,7.46
2026-08-20,Comirnaty,2.07,01:01:50,2,8,0.0
2026-08-20,Comirnaty,6.32,01:02:20,2,8,0.0
2026-08-20,Comirnaty,6.08,01:02:50,2,8,0.0
2026-08-20,Comirnaty,5.14,01:03:20,2,8,0.0
2026-08-20,Comirnaty,17.09,01:03:50,2,8,7.52
2026-08-20,Comirnaty,10.62,01:04:20,2,8,7.53
2026-08-20,Comirnaty,10.53,01:04:50,2,8,7.54
2026-08-20,Comirnaty,7.96,01:05:20,2,8,0.0
2026-08-20,Comirnaty,3.17,01:05:50,2,8,0.0
2026-08-20,Comirnaty,6.29,01:06:20,2,8,0.0
2026-08-20,Comirnaty,10.21,01:06:50,2,8,7.58
2026-08-20,Comirnaty,16.62,01:07:20,2,8,7.59
2026-08-20,Comirnaty,11.04,01:07:50,2,8,7.6
2026-08-20,Comirnaty,11.53,01:08:20,2,8,7.62
2026-08-20,Comirnaty,16.57,01:08:50,2,8,7.63
2026-08-20,Comirnaty,15.19,01:09:20,2,8,7.64
2026-08-20,Comirnaty,16.94,01:09:50,2,8,7.65
2026-08-20,Comirnaty,10.76,01:10:20,2,8,7.66
2026-08-20,Comirnaty,4.24,01:10:50,2,8,0.0
2026-08-20,Comirnaty,7.78,01:11:20,2,8,0.0
2026-08-20,Comirnaty,15.39,01:11:50,2,8,7.69
2026-08-20,Comirnaty,12.21,01:12:20,2,8,7.7
2026-08-20,Comirnaty,10.16,01:12:50,2,8,7.71
2026-08-20,Comirnaty,15.83,01:13:20,2,8,7.72
2026-08-20,Comirnaty,5.06,01:13:50,2,8,0.0
2026-08-20,Comirnaty,15.12,01:14:20,2,8,7.75
2026-08-20,Comirnaty,3.86,01:14:50,2,8,0.0
2026-08-20,Comirnaty,6.05,01:15:20,2,8,0.0
2026-08-20,Comirnaty,5.86,01:15:50,2,8,0.0
2026-08-20,Comirnaty,10.38,01:16:20,2,8,7.79
2026-08-20,Comirnaty,12.43,01:16:50,2,8,7.8
2026-08-20,Comirnaty,16.05,01:17:20,2,8,7.81
2026-08-20,Comirnaty,9.61,01:17:50,2,8,7.82
2026-08-20,Comirnaty,13.96,01:18:20,2,8,7.83
2026-08-20,Comirnaty,7.18,01:18:50,2,8,0.0
2026-08-20,Comirnaty,6.11,01:19:20,2,8,0.0
2026-08-20,Comirnaty,6.43,01:19:50,2,8,0.0
2026-08-20,Comirnaty,9.14,01:20:20,2,8,7.88
2026-08-20,Comirnaty,2.51,01:20:50,2,8,0.0
2026-08-20,Comirnaty,7.58,01:21:20,2,8,0.0
2026-08-20,Comirnaty,14.39,01:21:50,2,8,7.91
2026-08-20,Comirnaty,6.77,01:22:20,2,8,0.0
2026-08-20,Comirnaty,10.95,01:22:50,2,8,7.93
2026-08-20,Comirnaty,15.65,01:23:20,2,8,7.94
2026-08-20,Comirnaty,11.93,01:23:50,2,8,7.95
2026-08-20,Comirnaty,17.33,01:24:20,2,8,7.96
2026-08-20,Comirnaty,13.07,01:24:50,2,8,7.97
2026-08-20,Comirnaty,5.66,01:25:20,2,8,0.0
2026-08-20,Comirnaty,4.49,01:25:50,2,8,0.0
2026-08-20,Comirnaty,13.89,01:26:20,2,8,8.01
2026-08-20,Comirnaty,17.95,01:26:50,2,8,8.02
2026-08-20,Comirnaty,11.35,01:27:20,2,8,8.03
2026-08-20,Comirnaty,12.76,01:27:50,2,8,8.04
2026-08-20,Comirnaty,15.51,01:28:20,2,8,8.05
2026-08-20,Comirnaty,14.0,01:28:50,2,8,8.06
2026-08-20,Comirnaty,16.17,01:29:20,2,8,8.07
2026-08-20,Comirnaty,16.63,01:29:50,2,8,8.08
2026-08-20,Comirnaty,17.85,01:30:20,2,8,8.09
2026-08-20,Comirnaty,10.91,01:30:50,2,8,8.1
2026-08-20,Comirnaty,15.41,01:31:20,2,8,8.11
2026-08-20,Comirnaty,14.24,01:31:50,2,8,8.12
2026-08-20,Comirnaty,6.05,01:32:20,2,8,0.0
2026-08-20,Comirnaty,7.24,01:32:50,2,8,0.0
2026-08-20,Comirnaty,17.9,01:33:20,2,8,8.16
2026-08-20,Comirnaty,12.95,01:33:50,2,8,8.17
2026-08-20,Comirnaty,13.25,01:34:20,2,8,8.18
2026-08-20,Comirnaty,2.62,01:34:50,2,8,0.0
2026-08-20,Comirnaty,11.02,01:35:20,2,8,8.2
2026-08-20,Comirnaty,13.16,01:35:50,2,8,8.21
2026-08-20,Comirnaty,17.27,01:36:20,2,8,8.22
2026-08-20,Comirnaty,3.38,01:36:50,2,8,0.0
2026-08-20,Comirnaty,17.16,01:37:20,2,8,8.24
2026-08-20,Comirnaty,3.97,01:37:50,2,8,0.0
2026-08-20,Comirnaty,7.86,01:38:20,2,8,0.0
2026-08-20,Comirnaty,17.86,01:38:50,2,8,8.28
2026-08-20,Comirnaty,5.06,01:39:20,2,8,0.0
2026-08-20,Comirnaty,13.16,01:39:50,2,8,8.3
2026-08-20,Comirnaty,11.14,01:40:20,2,8,8.31
2026-08-20,Comirnaty,12.3,01:40:50,2,8,8.32
2026-08-20,Comirnaty,13.66,01:41:20,2,8,8.33
2026-08-20,Comirnaty,2.18,01:41:50,2,8,0.0
2026-08-20,Comirnaty,7.5,01:42:20,2,8,0.0
2026-08-20,Comirnaty,5.67,01:42:50,2,8,0.0
2026-08-20,Comirnaty,11.83,01:43:20,2,8,8.37
2026-08-20,Comirnaty,5.54,01:43:50,2,8,0.0
2026-08-20,Comirnaty,6.39,01:44:20,2,8,0.0
2026-08-20,Comirnaty,14.12,01:44:50,2,8,8.41
2026-08-20,Comirnaty,17.7,01:45:20,2,8,8.42
2026-08-20,Comirnaty,7.11,01:45:50,2,8,0.0
2026-08-20,Comirnaty,15.39,01:46:20,2,8,8.44
2026-08-20,Comirnaty,14.63,01:46:50,2,8,8.45
2026-08-20,Comirnaty,4.24,01:47:20,2,8,0.0
2026-08-20,Comirnaty,6.57,01:47:50,2,8,0.0
2026-08-20,Comirnaty,17.92,01:48:20,2,8,8.48
2026-08-20,Comirnaty,3.36,01:48:50,2,8,0.0
2026-08-20,Comirnaty,11.07,01:49:20,2,8,8.5
2026-08-20,Comirnaty,6.9,01:49:50,2,8,0.0
2026-08-20,Comirnaty,6.51,01:50:20,2,8,0.0
2026-08-20,Comirnaty,10.37,01:50:50,2,8,8.54
2026-08-20,Comirnaty,12.15,01:51:20,2,8,8.55
2026-08-20,Comirnaty,9.59,01:51:50,2,8,8.56
2026-08-20,Comirnaty,7.98,01:52:20,2,8,0.0
2026-08-20,Comirnaty,11.31,01:52:50,2,8,8.58
2026-08-20,Comirnaty,13.1,01:53:20,2,8,8.59
2026-08-20,Comirnaty,13.59,01:53:50,2,8,8.6
2026-08-20,Comirnaty,9.11,01:54:20,2,8,8.61
2026-08-20,Comirnaty,9.75,01:54:50,2,8,8.62
2026-08-20,Comirnaty,17.52,01:55:20,2,8,8.63
2026-08-20,Comirnaty,15.25,01:55:50,2,8,8.65
2026-08-20,Comirnaty,4.81,01:56:20,2,8,0.0
2026-08-20,Comirnaty,14.55,01:56:50,2,8,8.67
2026-08-20,Comirnaty,2.78,01:57:20,2,8,0.0
2026-08-20,Comirnaty,12.95,01:57:50,2,8,8.69
2026-08-20,Comirnaty,9.81,01:58:20,2,8,8.7
2026-08-20,Comirnaty,6.51,01:58:50,2,8,0.0
2026-08-20,Comirnaty,16.33,01:59:20,2,8,8.72
2026-08-20,Comirnaty,16.11,01:59:50,2,8,8.73
2026-08-20,Comirnaty,17.42,02:00:20,2,8,8.74
2026-08-20,Comirnaty,4.62,02:00:50,2,8,0.0
2026-08-20,Comirnaty,13.61,02:01:20,2,8,8.76
2026-08-20,Comirnaty,16.91,02:01:50,2,8,8.78
2026-08-20,Comirnaty,3.62,02:02:20,2,8,0.0
2026-08-20,Comirnaty,7.5,02:02:50,2,8,0.0
2026-08-20,Comirnaty,15.85,02:03:20,2,8,8.81
2026-08-20,Comirnaty,2.91,02:03:50,2,8,0.0
2026-08-20,Comirnaty,16.0,02:04:20,2,8,8.83
2026-08-20,Comirnaty,6.16,02:04:50,2,8,0.0
2026-08-20,Comirnaty,9.56,02:05:20,2,8,8.85
2026-08-20,Comirnaty,3.31,02:05:50,2,8,0.0
2026-08-20,Comirnaty,13.37,02:06:20,2,8,8.87
2026-08-20,Comirnaty,7.01,02:06:50,2,8,0.0
2026-08-20,Comirnaty,13.12,02:07:20,2,8,8.89
2026-08-20,Comirnaty,11.44,02:07:50,2,8,8.9
2026-08-20,Comirnaty,3.74,02:08:20,2,8,0.0
2026-08-20,Comirnaty,12.29,02:08:50,2,8,8.93
2026-08-20,Comirnaty,4.9,02:09:20,2,8,0.0
2026-08-20,Comirnaty,10.09,02:09:50,2,8,8.95
2026-08-20,Comirnaty,5.7,02:10:20,2,8,0.0
2026-08-20,Comirnaty,7.46,02:10:50,2,8,0.0
2026-08-20,Comirnaty,7.7,02:11:20,2,8,0.0
2026-08-20,Comirnaty,14.83,02:11:50,2,8,8.99
2026-08-20,Comirnaty,4.48,02:12:20,2,8,0.0
2026-08-20,Comirnaty,9.09,02:12:50,2,8,9.01
2026-08-20,Comirnaty,11.33,02:13:20,2,8,9.02
2026-08-20,Comirnaty,9.84,02:13:50,2,8,9.04
2026-08-20,Comirnaty,16.76,02:14:20,2,8,9.05
2026-08-20,Comirnaty,9.04,02:14:50,2,8,9.06
2026-08-20,Comirnaty,16.02,02:15:20,2,8,9.07
2026-08-20,Comirnaty,17.75,02:15:50,2,8,9.08
2026-08-20,Comirnaty,3.61,02:16:20,2,8,0.0
2026-08-20,Comirnaty,5.02,02:16:50,2,8,0.0
2026-08-20,Comirnaty,7.29,02:17:20,2,8,0.0
2026-08-20,Comirnaty,6.92,02:17:50,2,8,0.0
2026-08-20,Comirnaty,6.52,02:18:20,2,8,0.0
2026-08-20,Comirnaty,3.74,02:18:50,2,8,0.0
2026-08-20,Comirnaty,16.33,02:19:20,2,8,9.15
2026-08-20,Comirnaty,7.36,02:19:50,2,8,0.0
2026-08-20,Comirnaty,11.68,02:20:20,2,8,9.18
2026-08-20,Comirnaty,15.87,02:20:50,2,8,9.19
2026-08-20,Comirnaty,14.22,02:21:20,2,8,9.2
2026-08-20,Comirnaty,7.48,02:21:50,2,8,0.0
2026-08-20,Comirnaty,16.04,02:22:20,2,8,9.22
2026-08-20,Comirnaty,9.69,02:22:50,2,8,9.23
2026-08-20,Comirnaty,7.21,02:23:20,2,8,0.0
2026-08-20,Comirnaty,10.83,02:23:50,2,8,9.25
2026-08-20,Comirnaty,2.71,02:24:20,2,8,0.0
2026-08-20,Comirnaty,15.66,02:24:50,2,8,9.27
2026-08-20,Comirnaty,5.33,02:25:20,2,8,0.0
2026-08-20,Comirnaty,3.05,02:25:50,2,8,0.0
2026-08-20,Comirnaty,2.34,02:26:20,2,8,0.0
2026-08-20,Comirnaty,7.33,02:26:50,2,8,0.0
2026-08-20,Comirnaty,5.95,02:27:20,2,8,0.0
2026-08-20,Comirnaty,2.45,02:27:50,2,8,0.0
2026-08-20,Comirnaty,11.77,02:28:20,2,8,9.35
2026-08-20,Comirnaty,16.46,02:28:50,2,8,9.36
2026-08-20,Comirnaty,10.79,02:29:20,2,8,9.37
2026-08-20,Comirnaty,10.2,02:29:50,2,8,9.38
2026-08-20,Comirnaty,11.87,02:30:20,2,8,9.39
2026-08-20,Comirnaty,3.02,02:30:50,2,8,0.0
2026-08-20,Comirnaty,4.1,02:31:20,2,8,0.0
2026-08-20,Comirnaty,5.24,02:31:50,2,8,0.0
2026-08-20,Comirnaty,2.76,02:32:20,2,8,0.0
2026-08-20,Comirnaty,15.75,02:32:50,2,8,9.45
2026-08-20,Comirnaty,4.83,02:33:20,2,8,0.0
2026-08-20,Comirnaty,15.96,02:33:50,2,8,9.47
2026-08-20,Comirnaty,9.3,02:34:20,2,8,9.48
2026-08-20,Comirnaty,9.77,02:34:50,2,8,9.49
2026-08-20,Comirnaty,5.68,02:35:20,2,8,0.0
2026-08-20,Comirnaty,17.01,02:35:50,2,8,9.51
2026-08-20,Comirnaty,4.27,02:36:20,2,8,0.0
2026-08-20,Comirnaty,4.98,02:36:50,2,8,0.0
2026-08-20,Comirnaty,2.93,02:37:20,2,8,0.0
2026-08-20,Comirnaty,2.44,02:37:50,2,8,0.0
2026-08-20,Comirnaty,14.91,02:38:20,2,8,9.57
2026-08-20,Comirnaty,4.64,02:38:50,2,8,0.0
2026-08-20,Comirnaty,5.84,02:39:20,2,8,0.0
2026-08-20,Comirnaty,6.18,02:39:50,2,8,0.0
2026-08-20,Comirnaty,9.13,02:40:20,2,8,9.61
2026-08-20,Comirnaty,2.34,02:40:50,2,8,0.0
2026-08-20,Comirnaty,15.28,02:41:20,2,8,9.63
2026-08-20,Comirnaty,3.96,02:41:50,2,8,0.0
2026-08-20,Comirnaty,5.5,02:42:20,2,8,0.0
2026-08-20,Comirnaty,15.04,02:42:50,2,8,9.66
2026-08-20,Comirnaty,12.86,02:43:20,2,8,9.67
2026-08-20,Comirnaty,10.03,02:43:50,2,8,9.69
2026-08-20,Comirnaty,6.42,02:44:20,2,8,0.0
2026-08-20,Comirnaty,4.65,02:44:50,2,8,0.0
2026-08-20,Comirnaty,3.12,02:45:20,2,8,0.0
2026-08-20,Comirnaty,4.42,02:45:50,2,8,0.0
2026-08-20,Comirnaty,3.16,02:46:20,2,8,0.0
2026-08-20,Comirnaty,13.93,02:46:50,2,8,9.75
2026-08-20,Comirnaty,6.66,02:47:20,2,8,0.0
2026-08-20,Comirnaty,17.05,02:47:50,2,8,9.77
2026-08-20,Comirnaty,10.4,02:48:20,2,8,9.78
2026-08-20,Comirnaty,11.7,02:48:50,2,8,9.79
2026-08-20,Comirnaty,6.85,02:49:20,2,8,0.0
2026-08-20,Comirnaty,7.66,02:49:50,2,8,0.0
2026-08-20,Comirnaty,16.76,02:50:20,2,8,9.83
2026-08-20,Comirnaty,13.85,02:50:50,2,8,9.84
2026-08-20,Comirnaty,10.76,02:51:20,2,8,9.85
2026-08-20,Comirnaty,14.3,02:51:50,2,8,9.86
2026-08-20,Comirnaty,11.49,02:52:20,2,8,9.87
2026-08-20,Comirnaty,11.26,02:52:50,2,8,9.88
2026-08-20,Comirnaty,16.4,02:53:20,2,8,9.89
2026-08-20,Comirnaty,13.03,02:53:50,2,8,9.9
2026-08-20,Comirnaty,17.37,02:54:20,2,8,9.91
2026-08-20,Comirnaty,12.65,02:54:50,2,8,9.92
2026-08-20,Comirnaty,15.99,02:55:20,2,8,9.93
2026-08-20,Comirnaty,10.27,02:55:50,2,8,9.95
2026-08-20,Comirnaty,2.2,02:56:20,2,8,0.0
2026-08-20,Comirnaty,2.43,02:56:50,2,8,0.0
2026-08-20,Comirnaty,15.51,02:57:20,2,8,9.98
2026-08-20,Comirnaty,12.0,02:57:50,2,8,9.99
2026-08-20,Comirnaty,13.47,02:58:20,2,8,10.0
2026-08-20,Comirnaty,2.56,02:58:50,2,8,0.0
2026-08-20,Comirnaty,15.55,02:59:20,2,8,10.02
2026-08-20,Comirnaty,15.23,02:59:50,2,8,10.03
2026-08-20,Comirnaty,2.55,03:00:20,2,8,0.0
2026-08-20,Comirnaty,2.97,03:00:50,2,8,0.0
2026-08-20,Comirnaty,14.19,03:01:20,2,8,10.06
2026-08-20,Comirnaty,7.39,03:01:50,2,8,0.0
2026-08-20,Comirnaty,10.45,03:02:20,2,8,10.09
2026-08-20,Comirnaty,14.77,03:02:50,2,8,10.1
2026-08-20,Comirnaty,16.28,03:03:20,2,8,10.11
2026-08-20,Comirnaty,11.54,03:03:50,2,8,10.12
2026-08-20,Comirnaty,12.85,03:04:20,2,8,10.13
2026-08-20,Comirnaty,13.5,03:04:50,2,8,10.14
2026-08-20,Comirnaty,9.18,03:05:20,2,8,10.15
2026-08-20,Comirnaty,11.76,03:05:50,2,8,10.16
2026-08-20,Comirnaty,7.37,03:06:20,2,8,0.0
2026-08-20,Comirnaty,7.65,03:06:50,2,8,0.0
2026-08-20,Comirnaty,17.79,03:07:20,2,8,10.19
2026-08-20,Comirnaty,5.24,03:07:50,2,8,0.0
2026-08-20,Comirnaty,2.15,03:08:20,2,8,0.0
2026-08-20,Comirnaty,9.88,03:08:50,2,8,10.23
2026-08-20,Comirnaty,11.31,03:09:20,2,8,10.24
2026-08-20,Comirnaty,14.14,03:09:50,2,8,10.25
2026-08-20,Comirnaty,12.74,03:10:20,2,8,10.26
2026-08-20,Comirnaty,4.71,03:10:50,2,8,0.0
2026-08-20,Comirnaty,7.05,03:11:20,2,8,0.0
2026-08-20,Comirnaty,11.83,03:11:50,2,8,10.29
2026-08-20,Comirnaty,4.82,03:12:20,2,8,0.0
2026-08-20,Comirnaty,17.32,03:12:50,2,8,10.31
2026-08-20,Comirnaty,10.97,03:13:20,2,8,10.32
2026-08-20,Comirnaty,5.89,03:13:50,2,8,0.0
2026-08-20,Comirnaty,3.92,03:14:20,2,8,0.0
2026-08-20,Comirnaty,7.98,03:14:50,2,8,0.0
2026-08-20,Comirnaty,2.77,03:15:20,2,8,0.0
2026-08-20,Comirnaty,9.86,03:15:50,2,8,10.38
2026-08-20,Comirnaty,6.16,03:16:20,2,8,0.0
2026-08-20,Comirnaty,10.06,03:16:50,2,8,10.4
2026-08-20,Comirnaty,9.46,03:17:20,2,8,10.41
2026-08-20,Comirnaty,14.49,03:17:50,2,8,10.42
2026-08-20,Comirnaty,13.83,03:18:20,2,8,10.43
2026-08-20,Comirnaty,14.64,03:18:50,2,8,10.44
2026-08-20,Comirnaty,3.8,03:19:20,2,8,0.0
2026-08-20,Comirnaty,10.79,03:19:50,2,8,10.47
2026-08-20,Comirnaty,10.32,03:20:20,2,8,10.48
2026-08-20,Comirnaty,17.03,03:20:50,2,8,10.49
2026-08-20,Comirnaty,15.84,03:21:20,2,8,10.5
2026-08-20,Comirnaty,3.39,03:21:50,2,8,0.0
2026-08-20,Comirnaty,2.84,03:22:20,2,8,0.0
2026-08-20,Comirnaty,10.43,03:22:50,2,8,10.53
2026-08-20,Comirnaty,5.95,03:23:20,2,8,0.0
2026-08-20,Comirnaty,13.6,03:23:50,2,8,10.55
2026-08-20,Comirnaty,4.73,03:24:20,2,8,0.0
2026-08-20,Comirnaty,13.41,03:24:50,2,8,10.57
2026-08-20,Comirnaty,11.1,03:25:20,2,8,10.58
2026-08-20,Comirnaty,3.45,03:25:50,2,8,0.0
2026-08-20,Comirnaty,14.82,03:26:20,2,8,10.61
2026-08-20,Comirnaty,3.96,03:26:50,2,8,0.0
2026-08-20,Comirnaty,16.18,03:27:20,2,8,10.63
2026-08-20,Comirnaty,16.58,03:27:50,2,8,10.64
2026-08-20,Comirnaty,17.83,03:28:20,2,8,10.65
2026-08-20,Comirnaty,16.55,03:28:50,2,8,10.66
2026-08-20,Comirnaty,7.54,03:29:20,2,8,0.0
2026-08-20,Comirnaty,16.34,03:29:50,2,8,10.68
2026-08-20,Comirnaty,6.45,03:30:20,2,8,0.0
2026-08-20,Comirnaty,14.28,03:30:50,2,8,10.7
2026-08-20,Comirnaty,15.39,03:31:20,2,8,10.71
2026-08-20,Comirnaty,16.76,03:31:50,2,8,10.72
2026-08-20,Comirnaty,13.91,03:32:20,2,8,10.74
2026-08-20,Comirnaty,3.84,03:32:50,2,8,0.0
2026-08-20,Comirnaty,3.87,03:33:20,2,8,0.0
2026-08-20,Comirnaty,16.45,03:33:50,2,8,10.77
2026-08-20,Comirnaty,2.28,03:34:20,2,8,0.0
2026-08-20,Comirnaty,13.44,03:34:50,2,8,10.79
2026-08-20,Comirnaty,4.61,03:35:20,2,8,0.0
2026-08-20,Comirnaty,3.98,03:35:50,2,8,0.0
2026-08-20,Comirnaty,5.61,03:36:20,2,8,0.0
2026-08-20,Comirnaty,4.67,03:36:50,2,8,0.0
2026-08-20,Comirnaty,6.47,03:37:20,2,8,0.0
2026-08-20,Comirnaty,7.28,03:37:50,2,8,0.0
2026-08-20,Comirnaty,5.83,03:38:20,2,8,0.0
2026-08-20,Comirnaty,6.67,03:38:50,2,8,0.0
2026-08-20,Comirnaty,12.19,03:39:20,2,8,10.89
2026-08-20,Comirnaty,6.27,03:39:50,2,8,0.0
2026-08-20,Comirnaty,6.53,03:40:20,2,8,0.0
2026-08-20,Comirnaty,2.94,03:40:50,2,8,0.0
2026-08-20,Comirnaty,3.94,03:41:20,2,8,0.0
2026-08-20,Comirnaty,13.24,03:41:50,2,8,10.94
2026-08-20,Comirnaty,4.23,03:42:20,2,8,0.0
2026-08-20,Comirnaty,12.63,03:42:50,2,8,10.96
2026-08-20,Comirnaty,10.94,03:43:20,2,8,10.97
2026-08-20,Comirnaty,13.52,03:43:50,2,8,10.98
2026-08-20,Comirnaty,5.22,03:44:20,2,8,0.0
2026-08-20,Comirnaty,14.95,03:44:50,2,8,11.01
2026-08-20,Comirnaty,3.06,03:45:20,2,8,0.0
2026-08-20,Comirnaty,12.32,03:45:50,2,8,11.03
2026-08-20,Comirnaty,16.94,03:46:20,2,8,11.04
2026-08-20,Comirnaty,2.82,03:46:50,2,8,0.0
2026-08-20,Comirnaty,14.28,03:47:20,2,8,11.06
2026-08-20,Comirnaty,14.19,03:47:50,2,8,11.07
2026-08-20,Comirnaty,3.36,03:48:20,2,8,0.0
2026-08-20,Comirnaty,6.35,03:48:50,2,8,0.0
2026-08-20,Comirnaty,12.56,03:49:20,2,8,11.1
2026-08-20,Comirnaty,3.21,03:49:50,2,8,0.0
2026-08-20,Comirnaty,14.0,03:50:20,2,8,11.13
2026-08-20,Comirnaty,11.63,03:50:50,2,8,11.14
2026-08-20,Comirnaty,3.06,03:51:20,2,8,0.0
2026-08-20,Comirnaty,15.16,03:51:50,2,8,11.16
2026-08-20,Comirnaty,4.16,03:52:20,2,8,0.0
2026-08-20,Comirnaty,5.07,03:52:50,2,8,0.0
2026-08-20,Comirnaty,2.63,03:53:20,2,8,0.0
2026-08-20,Comirnaty,16.22,03:53:50,2,8,11.2
2026-08-20,Comirnaty,5.9,03:54:20,2,8,0.0
2026-08-20,Comirnaty,5.3,03:54:50,2,8,0.0
2026-08-20,Comirnaty,16.74,03:55:20,2,8,11.23
2026-08-20,Comirnaty,14.68,03:55:50,2,8,11.25
2026-08-20,Comirnaty,16.44,03:56:20,2,8,11.26
2026-08-20,Comirnaty,3.11,03:56:50,2,8,0.0
2026-08-20,Comirnaty,3.62,03:57:20,2,8,0.0
2026-08-20,Comirnaty,15.58,03:57:50,2,8,11.29
2026-08-20,Comirnaty,14.21,03:58:20,2,8,11.3
2026-08-20,Comirnaty,14.6,03:58:50,2,8,11.31
2026-08-20,Comirnaty,11.59,03:59:20,2,8,11.32
2026-08-20,Comirnaty,12.86,03:59:50,2,8,11.33
2026-08-20,Comirnaty,9.23,04:00:20,2,8,11.34
2026-08-20,Comirnaty,10.51,04:00:50,2,8,11.35
2026-08-20,Comirnaty,12.6,04:01:20,2,8,11.36
2026-08-20,Comirnaty,3.13,04:01:50,2,8,0.0
2026-08-20,Comirnaty,4.51,04:02:20,2,8,0.0
2026-08-20,Comirnaty,3.69,04:02:50,2,8,0.0
2026-08-20,Comirnaty,7.38,04:03:20,2,8,0.0
2026-08-20,Comirnaty,4.61,04:03:50,2,8,0.0
2026-08-20,Comirnaty,7.94,04:04:20,2,8,0.0
2026-08-20,Comirnaty,4.38,04:04:50,2,8,0.0
2026-08-20,Comirnaty,15.85,04:05:20,2,8,11.45
2026-08-20,Comirnaty,10.2,04:05:50,2,8,11.46
2026-08-20,Comirnaty,14.54,04:06:20,2,8,11.47
2026-08-20,Comirnaty,10.72,04:06:50,2,8,11.48
2026-08-20,Comirnaty,13.15,04:07:20,2,8,11.49
2026-08-20,Comirnaty,2.25,04:07:50,2,8,0.0
2026-08-20,Comirnaty,7.15,04:08:20,2,8,0.0
2026-08-20,Comirnaty,17.43,04:08:50,2,8,11.53
2026-08-20,Comirnaty,5.01,04:09:20,2,8,0.0
2026-08-20,Comirnaty,3.89,04:09:50,2,8,0.0
2026-08-20,Comirnaty,10.76,04:10:20,2,8,11.56
2026-08-20,Comirnaty,16.47,04:10:50,2,8,11.57
2026-08-20,Comirnaty,11.47,04:11:20,2,8,11.58
2026-08-20,Comirnaty,6.98,04:11:50,2,8,0.0
2026-08-20,Comirnaty,4.83,04:12:20,2,8,0.0
2026-08-20,Comirnaty,3.25,04:12:50,2,8,0.0
2026-08-20,Comirnaty,17.1,04:13:20,2,8,11.62
2026-08-20,Comirnaty,13.05,04:13:50,2,8,11.63
2026-08-20,Comirnaty,16.19,04:14:20,2,8,11.65
2026-08-20,Comirnaty,14.34,04:14:50,2,8,11.66
2026-08-20,Comirnaty,14.96,04:15:20,2,8,11.67
2026-08-20,Comirnaty,5.35,04:15:50,2,8,0.0
2026-08-20,Comirnaty,6.59,04:16:20,2,8,0.0
2026-08-20,Comirnaty,11.29,04:16:50,2,8,11.7
2026-08-20,Comirnaty,11.78,04:17:20,2,8,11.71
2026-08-20,Comirnaty,15.2,04:17:50,2,8,11.72
2026-08-20,Comirnaty,9.72,04:18:20,2,8,11.73
2026-08-20,Comirnaty,7.42,04:18:50,2,8,0.0
2026-08-20,Comirnaty,2.58,04:19:20,2,8,0.0
2026-08-20,Comirnaty,4.36,04:19:50,2,8,0.0
2026-08-20,Comirnaty,4.1,04:20:20,2,8,0.0
2026-08-20,Comirnaty,4.61,04:20:50,2,8,0.0
2026-08-20,Comirnaty,16.88,04:21:20,2,8,11.8
2026-08-20,Comirnaty,9.32,04:21:50,2,8,11.81
2026-08-20,Comirnaty,11.62,04:22:20,2,8,11.82
2026-08-20,Comirnaty,10.88,04:22:50,2,8,11.83
2026-08-20,Comirnaty,14.4,04:23:20,2,8,11.84
2026-08-20,Comirnaty,6.45,04:23:50,2,8,0.0
2026-08-20,Comirnaty,7.2,04:24:20,2,8,0.0
2026-08-20,Comirnaty,10.93,04:24:50,2,8,11.87
2026-08-20,Comirnaty,13.42,04:25:20,2,8,11.88
2026-08-20,Comirnaty,4.98,04:25:50,2,8,0.0
2026-08-20,Comirnaty,16.1,04:26:20,2,8,11.91
2026-08-20,Comirnaty,6.6,04:26:50,2,8,0.0
2026-08-20,Comirnaty,4.41,04:27:20,2,8,0.0
2026-08-20,Comirnaty,13.2,04:27:50,2,8,11.94
2026-08-20,Comirnaty,12.31,04:28:20,2,8,11.95
2026-08-20,Comirnaty,14.59,04:28:50,2,8,11.96
2026-08-20,Comirnaty,6.19,04:29:20,2,8,0.0
2026-08-20,Comirnaty,5.24,04:29:50,2,8,0.0
2026-08-20,Comirnaty,4.38,04:30:20,2,8,0.0
2026-08-20,Comirnaty,7.43,04:30:50,2,8,0.0
2026-08-20,Comirnaty,9.16,04:31:20,2,8,12.01
2026-08-20,Comirnaty,4.25,04:31:50,2,8,0.0
2026-08-20,Comirnaty,3.7,04:32:20,2,8,0.0
2026-08-20,Comirnaty,3.14,04:32:50,2,8,0.0
2026-08-20,Comirnaty,15.7,04:33:20,2,8,12.06
2026-08-20,Comirnaty,17.15,04:33:50,2,8,12.07
2026-08-20,Comirnaty,9.69,04:34:20,2,8,12.08
2026-08-20,Comirnaty,13.85,04:34:50,2,8,12.09
2026-08-20,Comirnaty,4.38,04:35:20,2,8,0.0
2026-08-20,Comirnaty,12.21,04:35:50,2,8,12.11
2026-08-20,Comirnaty,15.41,04:36:20,2,8,12.12
2026-08-20,Comirnaty,14.24,04:36:50,2,8,12.13
2026-08-20,Comirnaty,10.21,04:37:20,2,8,12.14
2026-08-20,Comirnaty,7.56,04:37:50,2,8,0.0
2026-08-20,Comirnaty,11.41,04:38:20,2,8,12.17
2026-08-20,Comirnaty,11.56,04:38:50,2,8,12.18
2026-08-20,Comirnaty,16.52,04:39:20,2,8,12.19
2026-08-20,Comirnaty,4.32,04:39:50,2,8,0.0
2026-08-20,Comirnaty,7.72,04:40:20,2,8,0.0
2026-08-20,Comirnaty,5.19,04:40:50,2,8,0.0
2026-08-20,Comirnaty,17.68,04:41:20,2,8,12.23
2026-08-20,Comirnaty,12.46,04:41:50,2,8,12.24
2026-08-20,Comirnaty,14.07,04:42:20,2,8,12.25
2026-08-20,Comirnaty,12.27,04:42:50,2,8,12.26
2026-08-20,Comirnaty,5.57,04:43:20,2,8,0.0
2026-08-20,Comirnaty,6.61,04:43:50,2,8,0.0
2026-08-20,Comirnaty,17.18,04:44:20,2,8,12.3
2026-08-20,Comirnaty,17.77,04:44:50,2,8,12.31
2026-08-20,Comirnaty,4.12,04:45:20,2,8,0.0
2026-08-20,Comirnaty,7.56,04:45:50,2,8,0.0
2026-08-20,Comirnaty,12.51,04:46:20,2,8,12.34
2026-08-20,Comirnaty,15.53,04:46:50,2,8,12.35
2026-08-20,Comirnaty,7.87,04:47:20,2,8,0.0
2026-08-20,Comirnaty,7.92,04:47:50,2,8,0.0
2026-08-20,Comirnaty,13.56,04:48:20,2,8,12.38
2026-08-20,Comirnaty,6.73,04:48:50,2,8,0.0
2026-08-20,Comirnaty,5.01,04:49:20,2,8,0.0
2026-08-20,Comirnaty,3.73,04:49:50,2,8,0.0
2026-08-20,Comirnaty,13.01,04:50:20,2,8,12.43
2026-08-20,Comirnaty,11.82,04:50:50,2,8,12.44
2026-08-20,Comirnaty,16.22,04:51:20,2,8,12.45
2026-08-20,Comirnaty,6.17,04:51:50,2,8,0.0
2026-08-20,Comirnaty,16.1,04:52:20,2,8,12.47
2026-08-20,Comirnaty,17.09,04:52:50,2,8,12.48
2026-08-20,Comirnaty,14.93,04:53:20,2,8,12.49
2026-08-20,Comirnaty,7.03,04:53:50,2,8,0.0
2026-08-20,Comirnaty,5.32,04:54:20,2,8,0.0
2026-08-20,Comirnaty,15.17,04:54:50,2,8,12.52
2026-08-20,Comirnaty,17.67,04:55:20,2,8,12.53
2026-08-20,Comirnaty,9.57,04:55:50,2,8,12.55
2026-08-20,Comirnaty,10.21,04:56:20,2,8,12.56
2026-08-20,Comirnaty,15.94,04:56:50,2,8,12.57
2026-08-20,Comirnaty,17.53,04:57:20,2,8,12.58
2026-08-20,Comirnaty,5.59,04:57:50,2,8,0.0
2026-08-20,Comirnaty,17.71,04:58:20,2,8,12.6
2026-08-20,Comirnaty,7.78,04:58:50,2,8,0.0
2026-08-20,Comirnaty,15.86,04:59:20,2,8,12.62
2026-08-20,Comirnaty,16.02,04:59:50,2,8,12.63
2026-08-20,Comirnaty,16.62,05:00:20,2,8,12.64
2026-08-20,Comirnaty,6.75,05:00:50,2,8,0.0
2026-08-20,Comirnaty,13.12,05:01:20,2,8,12.66
2026-08-20,Comirnaty,17.09,05:01:50,2,8,12.68
2026-08-20,Comirnaty,16.55,05:02:20,2,8,12.69
2026-08-20,Comirnaty,16.99,05:02:50,2,8,12.7
2026-08-20,Comirnaty,2.23,05:03:20,2,8,0.0
2026-08-20,Comirnaty,2.07,05:03:50,2,8,0.0
2026-08-20,Comirnaty,6.0,05:04:20,2,8,0.0
2026-08-20,Comirnaty,14.84,05:04:50,2,8,12.74
2026-08-20,Comirnaty,5.3,05:05:20,2,8,0.0
2026-08-20,Comirnaty,3.0,05:05:50,2,8,0.0
2026-08-20,Comirnaty,10.59,05:06:20,2,8,12.77
2026-08-20,Comirnaty,12.99,05:06:50,2,8,12.78
2026-08-20,Comirnaty,16.41,05:07:20,2,8,12.79
2026-08-20,Comirnaty,9.86,05:07:50,2,8,12.8
2026-08-20,Comirnaty,17.18,05:08:20,2,8,12.82
2026-08-20,Comirnaty,10.98,05:08:50,2,8,12.83
2026-08-20,Comirnaty,4.26,05:09:20,2,8,0.0
2026-08-20,Comirnaty,3.41,05:09:50,2,8,0.0
2026-08-20,Comirnaty,12.42,05:10:20,2,8,12.86
2026-08-20,Comirnaty,17.01,05:10:50,2,8,12.87
2026-08-20,Comirnaty,17.3,05:11:20,2,8,12.88
2026-08-20,Comirnaty,3.31,05:11:50,2,8,0.0
2026-08-20,Comirnaty,14.7,05:12:20,2,8,12.9
2026-08-20,Comirnaty,7.49,05:12:50,2,8,0.0
2026-08-20,Comirnaty,5.36,05:13:20,2,8,0.0
2026-08-20,Comirnaty,14.75,05:13:50,2,8,12.93
2026-08-20,Comirnaty,13.36,05:14:20,2,8,12.95
2026-08-20,Comirnaty,17.15,05:14:50,2,8,12.96
2026-08-20,Comirnaty,12.37,05:15:20,2,8,12.97
2026-08-20,Comirnaty,17.14,05:15:50,2,8,12.98
2026-08-20,Comirnaty,11.09,05:16:20,2,8,12.99
2026-08-20,Comirnaty,9.15,05:16:50,2,8,13.0
2026-08-20,Comirnaty,13.46,05:17:20,2,8,13.01
2026-08-20,Comirnaty,13.94,05:17:50,2,8,13.02
2026-08-20,Comirnaty,12.27,05:18:20,2,8,13.03
2026-08-20,Comirnaty,13.66,05:18:50,2,8,13.04
2026-08-20,Comirnaty,6.36,05:19:20,2,8,0.0
2026-08-20,Comirnaty,14.83,05:19:50,2,8,13.07
2026-08-20,Comirnaty,13.57,05:20:20,2,8,13.08
2026-08-20,Comirnaty,13.94,05:20:50,2,8,13.09
2026-08-20,Comirnaty,13.1,05:21:20,2,8,13.1
2026-08-20,Comirnaty,11.0,05:21:50,2,8,13.11
2026-08-20,Comirnaty,14.91,05:22:20,2,8,13.12
2026-08-20,Comirnaty,7.51,05:22:50,2,8,0.0
2026-08-20,Comirnaty,10.04,05:23:20,2,8,13.14
2026-08-20,Comirnaty,11.69,05:23:50,2,8,13.15
2026-08-20,Comirnaty,6.22,05:24:20,2,8,0.0
2026-08-20,Comirnaty,14.19,05:24:50,2,8,13.17
2026-08-20,Comirnaty,14.54,05:25:20,2,8,13.18
2026-08-20,Comirnaty,16.46,05:25:50,2,8,13.2
2026-08-20,Comirnaty,15.29,05:26:20,2,8,13.21
2026-08-20,Comirnaty,5.12,05:26:50,2,8,0.0
2026-08-20,Comirnaty,17.25,05:27:20,2,8,13.23
2026-08-20,Comirnaty,15.81,05:27:50,2,8,13.24
2026-08-20,Comirnaty,13.56,05:28:20,2,8,13.25
2026-08-20,Comirnaty,10.85,05:28:50,2,8,13.26
2026-08-20,Comirnaty,3.86,05:29:20,2,8,0.0
2026-08-20,Comirnaty,5.06,05:29:50,2,8,0.0
2026-08-20,Comirnaty,17.5,05:30:20,2,8,13.29
2026-08-20,Comirnaty,6.6,05:30:50,2,8,0.0
2026-08-20,Comirnaty,17.82,05:31:20,2,8,13.31
2026-08-20,Comirnaty,15.38,05:31:50,2,8,13.33
2026-08-20,Comirnaty,6.21,05:32:20,2,8,0.0
2026-08-20,Comirnaty,16.98,05:32:50,2,8,13.35
2026-08-20,Comirnaty,17.37,05:33:20,2,8,13.36
2026-08-20,Comirnaty,4.9,05:33:50,2,8,0.0
2026-08-20,Comirnaty,12.16,05:34:20,2,8,13.38
2026-08-20,Comirnaty,7.36,05:34:50,2,8,0.0
2026-08-20,Comirnaty,17.04,05:35:20,2,8,13.4
2026-08-20,Comirnaty,3.49,05:35:50,2,8,0.0
2026-08-20,Comirnaty,11.31,05:36:20,2,8,13.42
2026-08-20,Comirnaty,5.33,05:36:50,2,8,0.0
2026-08-20,Comirnaty,16.21,05:37:20,2,8,13.44
2026-08-20,Comirnaty,10.7,05:37:50,2,8,13.46
2026-08-20,Comirnaty,4.16,05:38:20,2,8,0.0
2026-08-20,Comirnaty,16.06,05:38:50,2,8,13.48
2026-08-20,Comirnaty,15.79,05:39:20,2,8,13.49
2026-08-20,Comirnaty,9.01,05:39:50,2,8,13.5
2026-08-20,Comirnaty,9.2,05:40:20,2,8,13.51
2026-08-20,Comirnaty,2.48,05:40:50,2,8,0.0
2026-08-20,Comirnaty,17.14,05:41:20,2,8,13.53
2026-08-20,Comirnaty,4.62,05:41:50,2,8,0.0
2026-08-20,Comirnaty,9.91,05:42:20,2,8,13.55
2026-08-20,Comirnaty,14.07,05:42:50,2,8,13.56
2026-08-20,Comirnaty,15.42,05:43:20,2,8,13.57
2026-08-20,Comirnaty,14.47,05:43:50,2,8,13.58
2026-08-20,Comirnaty,4.65,05:44:20,2,8,0.0
2026-08-20,Comirnaty,12.05,05:44:50,2,8,13.61
2026-08-20,Comirnaty,7.63,05:45:20,2,8,0.0
2026-08-20,Comirnaty,16.49,05:45:50,2,8,13.63
2026-08-20,Comirnaty,3.24,05:46:20,2,8,0.0
2026-08-20,Comirnaty,3.07,05:46:50,2,8,0.0
2026-08-20,Comirnaty,15.12,05:47:20,2,8,13.66
2026-08-20,Comirnaty,7.5,05:47:50,2,8,0.0
2026-08-20,Comirnaty,4.84,05:48:20,2,8,0.0
2026-08-20,Comirnaty,6.55,05:48:50,2,8,0.0
2026-08-20,Comirnaty,9.03,05:49:20,2,8,13.7
2026-08-20,Comirnaty,12.4,05:49:50,2,8,13.72
2026-08-20,Comirnaty,3.72,05:50:20,2,8,0.0
2026-08-20,Comirnaty,5.08,05:50:50,2,8,0.0
2026-08-20,Comirnaty,4.77,05:51:20,2,8,0.0
2026-08-20,Comirnaty,5.75,05:51:50,2,8,0.0
2026-08-20,Comirnaty,11.67,05:52:20,2,8,13.77
2026-08-20,Comirnaty,17.73,05:52:50,2,8,13.78
2026-08-20,Comirnaty,7.54,05:53:20,2,8,0.0
2026-08-20,Comirnaty,15.28,05:53:50,2,8,13.8
2026-08-20,Comirnaty,7.11,05:54:20,2,8,0.0
2026-08-20,Comirnaty,11.61,05:54:50,2,8,13.82
2026-08-20,Comirnaty,4.85,05:55:20,2,8,0.0
2026-08-20,Comirnaty,9.28,05:55:50,2,8,13.85
2026-08-20,Comirnaty,16.79,05:56:20,2,8,13.86
2026-08-20,Comirnaty,6.08,05:56:50,2,8,0.0
2026-08-20,Comirnaty,17.43,05:57:20,2,8,13.88
2026-08-20,Comirnaty,16.57,05:57:50,2,8,13.89
2026-08-20,Comirnaty,16.62,05:58:20,2,8,13.9
2026-08-20,Comirnaty,14.21,05:58:50,2,8,13.91
2026-08-20,Comirnaty,16.79,05:59:20,2,8,13.92
2026-08-20,Comirnaty,2.75,05:59:50,2,8,0.0
2026-08-20,Comirnaty,16.87,06:00:20,2,8,13.94
2026-08-20,Comirnaty,15.21,06:00:50,2,8,13.95
2026-08-20,Comirnaty,2.85,06:01:20,2,8,0.0
2026-08-20,Comirnaty,9.62,06:01:50,2,8,13.97
2026-08-20,Comirnaty,16.86,06:02:20,2,8,13.99
2026-08-20,Comirnaty,15.14,06:02:50,2,8,14.0
2026-08-20,Comirnaty,5.92,06:03:20,2,8,0.0
2026-08-20,Comirnaty,14.04,06:03:50,2,8,14.02
2026-08-20,Comirnaty,17.9,06:04:20,2,8,14.03
2026-08-20,Comirnaty,16.73,06:04:50,2,8,14.04
2026-08-20,Comirnaty,13.54,06:05:20,2,8,14.05
2026-08-20,Comirnaty,13.34,06:05:50,2,8,14.06
2026-08-20,Comirnaty,6.11,06:06:20,2,8,0.0
2026-08-20,Comirnaty,17.77,06:06:50,2,8,14.08
2026-08-20,Comirnaty,6.41,06:07:20,2,8,0.0
2026-08-20,Comirnaty,7.43,06:07:50,2,8,0.0
2026-08-20,Comirnaty,3.12,06:08:20,2,8,0.0
2026-08-20,Comirnaty,13.44,06:08:50,2,8,14.13
2026-08-20,Comirnaty,17.01,06:09:20,2,8,14.14
2026-08-20,Comirnaty,13.48,06:09:50,2,8,14.15
2026-08-20,Comirnaty,10.55,06:10:20,2,8,14.16
2026-08-20,Comirnaty,7.05,06:10:50,2,8,0.0
2026-08-20,Comirnaty,6.45,06:11:20,2,8,0.0
2026-08-20,Comirnaty,15.89,06:11:50,2,8,14.19
2026-08-20,Comirnaty,7.87,06:12:20,2,8,0.0
2026-08-20,Comirnaty,11.65,06:12:50,2,8,14.21
2026-08-20,Comirnaty,17.08,06:13:20,2,8,14.22
2026-08-20,Comirnaty,14.71,06:13:50,2,8,14.23
2026-08-20,Comirnaty,17.27,06:14:20,2,8,14.25
2026-08-20,Comirnaty,13.12,06:14:50,2,8,14.26
2026-08-20,Comirnaty,3.93,06:15:20,2,8,0.0
2026-08-20,Comirnaty,6.67,06:15:50,2,8,0.0
2026-08-20,Comirnaty,10.34,06:16:20,2,8,14.29
2026-08-20,Comirnaty,10.71,06:16:50,2,8,14.3
2026-08-20,Comirnaty,11.8,06:17:20,2,8,14.31
2026-08-20,Comirnaty,10.93,06:17:50,2,8,14.32
2026-08-20,Comirnaty,11.68,06:18:20,2,8,14.33
2026-08-20,Comirnaty,17.76,06:18:50,2,8,14.34
2026-08-20,Comirnaty,10.01,06:19:20,2,8,14.35
2026-08-20,Comirnaty,2.24,06:19:50,2,8,0.0
2026-08-20,Comirnaty,14.57,06:20:20,2,8,14.38
2026-08-20,Comirnaty,10.39,06:20:50,2,8,14.39
2026-08-20,Comirnaty,10.19,06:21:20,2,8,14.4
2026-08-20,Comirnaty,11.74,06:21:50,2,8,14.41
2026-08-20,Comirnaty,5.54,06:22:20,2,8,0.0
2026-08-20,Comirnaty,14.6,06:22:50,2,8,14.43
2026-08-20,Comirnaty,3.44,06:23:20,2,8,0.0
2026-08-20,Comirnaty,7.12,06:23:50,2,8,0.0
2026-08-20,Comirnaty,11.34,06:24:20,2,8,14.46
2026-08-20,Comirnaty,10.77,06:24:50,2,8,14.47
2026-08-20,Comirnaty,2.73,06:25:20,2,8,0.0
2026-08-20,Comirnaty,17.72,06:25:50,2,8,14.5
2026-08-20,Comirnaty,4.07,06:26:20,2,8,0.0
2026-08-20,Comirnaty,17.52,06:26:50,2,8,14.52
2026-08-20,Comirnaty,15.27,06:27:20,2,8,14.53
2026-08-20,Comirnaty,6.08,06:27:50,2,8,0.0
2026-08-20,Comirnaty,7.43,06:28:20,2,8,0.0
2026-08-20,Comirnaty,17.87,06:28:50,2,8,14.56
2026-08-20,Comirnaty,3.29,06:29:20,2,8,0.0
2026-08-20,Comirnaty,4.33,06:29:50,2,8,0.0
2026-08-20,Comirnaty,10.13,06:30:20,2,8,14.59
2026-08-20,Comirnaty,13.6,06:30:50,2,8,14.6
2026-08-20,Comirnaty,12.47,06:31:20,2,8,14.61
2026-08-20,Comirnaty,4.67,06:31:50,2,8,0.0
2026-08-20,Comirnaty,9.8,06:32:20,2,8,14.64
2026-08-20,Comirnaty,4.49,06:32:50,2,8,0.0
2026-08-20,Comirnaty,3.52,06:33:20,2,8,0.0
2026-08-20,Comirnaty,2.29,06:33:50,2,8,0.0
2026-08-20,Comirnaty,7.9,06:34:20,2,8,0.0
2026-08-20,Comirnaty,11.17,06:34:50,2,8,14.69
2026-08-20,Comirnaty,2.11,06:35:20,2,8,0.0
2026-08-20,Comirnaty,5.11,06:35:50,2,8,0.0
2026-08-20,Comirnaty,17.91,06:36:20,2,8,14.72
2026-08-20,Comirnaty,7.59,06:36:50,2,8,0.0
2026-08-20,Comirnaty,10.02,06:37:20,2,8,14.74
2026-08-20,Comirnaty,2.74,06:37:50,2,8,0.0
2026-08-20,Comirnaty,5.85,06:38:20,2,8,0.0
2026-08-20,Comirnaty,2.46,06:38:50,2,8,0.0
2026-08-20,Comirnaty,5.28,06:39:20,2,8,0.0
2026-08-20,Comirnaty,14.61,06:39:50,2,8,14.8
2026-08-20,Comirnaty,16.69,06:40:20,2,8,14.81
2026-08-20,Comirnaty,7.77,06:40:50,2,8,0.0
2026-08-20,Comirnaty,16.08,06:41:20,2,8,14.83
2026-08-20,Comirnaty,3.37,06:41:50,2,8,0.0
2026-08-20,Comirnaty,7.71,06:42:20,2,8,0.0
2026-08-20,Comirnaty,5.36,06:42:50,2,8,0.0
2026-08-20,Comirnaty,6.07,06:43:20,2,8,0.0
2026-08-20,Comirnaty,10.53,06:43:50,2,8,14.88
2026-08-20,Comirnaty,7.14,06:44:20,2,8,0.0
2026-08-20,Comirnaty,12.69,06:44:50,2,8,14.91
2026-08-20,Comirnaty,15.47,06:45:20,2,8,14.92
2026-08-20,Comirnaty,11.01,06:45:50,2,8,14.93
2026-08-20,Comirnaty,10.24,06:46:20,2,8,14.94
2026-08-20,Comirnaty,10.8,06:46:50,2,8,14.95
2026-08-20,Comirnaty,10.36,06:47:20,2,8,14.96
2026-08-20,Comirnaty,9.1,06:47:50,2,8,14.97
2026-08-20,Comirnaty,7.4,06:48:20,2,8,0.0
2026-08-20,Comirnaty,5.05,06:48:50,2,8,0.0
2026-08-20,Comirnaty,15.13,06:49:20,2,8,15.0
2026-08-20,Comirnaty,5.81,06:49:50,2,8,0.0
2026-08-20,Comirnaty,3.48,06:50:20,2,8,0.0
2026-08-20,Comirnaty,12.78,06:50:50,2,8,15.04
2026-08-20,Comirnaty,13.72,06:51:20,2,8,15.05
2026-08-20,Comirnaty,5.95,06:51:50,2,8,0.0
2026-08-20,Comirnaty,5.24,06:52:20,2,8,0.0
2026-08-20,Comirnaty,3.15,06:52:50,2,8,0.0
2026-08-20,Comirnaty,17.67,06:53:20,2,8,15.09
2026-08-20,Comirnaty,9.19,06:53:50,2,8,15.1
2026-08-20,Comirnaty,16.72,06:54:20,2,8,15.11
2026-08-20,Comirnaty,9.57,06:54:50,2,8,15.12
2026-08-20,Comirnaty,6.95,06:55:20,2,8,0.0
2026-08-20,Comirnaty,7.2,06:55:50,2,8,0.0
2026-08-20,Comirnaty,2.22,06:56:20,2,8,0.0
2026-08-20,Comirnaty,17.25,06:56:50,2,8,15.17
2026-08-20,Comirnaty,17.44,06:57:20,2,8,15.18
2026-08-20,Comirnaty,9.96,06:57:50,2,8,15.19
2026-08-20,Comirnaty,7.61,06:58:20,2,8,0.0
2026-08-20,Comirnaty,4.89,06:58:50,2,8,0.0
2026-08-20,Comirnaty,12.0,06:59:20,2,8,15.22
2026-08-20,Comirnaty,9.79,06:59:50,2,8,15.23
2026-08-20,Comirnaty,12.04,07:00:20,2,8,15.24
2026-08-20,Comirnaty,2.49,07:00:50,2,8,0.0
2026-08-20,Comirnaty,3.61,07:01:20,2,8,0.0
2026-08-20,Comirnaty,15.56,07:01:50,2,8,15.28
2026-08-20,Comirnaty,2.6,07:02:20,2,8,0.0
2026-08-20,Comirnaty,11.06,07:02:50,2,8,15.3
2026-08-20,Comirnaty,9.25,07:03:20,2,8,15.31
2026-08-20,Comirnaty,14.87,07:03:50,2,8,15.32
2026-08-20,Comirnaty,13.49,07:04:20,2,8,15.33
2026-08-20,Comirnaty,12.89,07:04:50,2,8,15.34
2026-08-20,Comirnaty,2.91,07:05:20,2,8,0.0
2026-08-20,Comirnaty,11.31,07:05:50,2,8,15.36
2026-08-20,Comirnaty,15.41,07:06:20,2,8,15.37
2026-08-20,Comirnaty,6.0,07:06:50,2,8,0.0
2026-08-20,Comirnaty,5.79,07:07:20,2,8,0.0
2026-08-20,Comirnaty,5.73,07:07:50,2,8,0.0
2026-08-20,Comirnaty,5.1,07:08:20,2,8,0.0
2026-08-20,Comirnaty,10.02,07:08:50,2,8,15.43
2026-08-20,Comirnaty,11.71,07:09:20,2,8,15.44
2026-08-20,Comirnaty,15.79,07:09:50,2,8,15.45
2026-08-20,Comirnaty,2.57,07:10:20,2,8,0.0
2026-08-20,Comirnaty,11.91,07:10:50,2,8,15.47
2026-08-20,Comirnaty,5.43,07:11:20,2,8,0.0
2026-08-20,Comirnaty,13.36,07:11:50,2,8,15.49
2026-08-20,Comirnaty,9.48,07:12:20,2,8,15.5
2026-08-20,Comirnaty,10.12,07:12:50,2,8,15.51
2026-08-20,Comirnaty,17.16,07:13:20,2,8,15.52
2026-08-20,Comirnaty,13.33,07:13:50,2,8,15.54
2026-08-20,Comirnaty,6.09,07:14:20,2,8,0.0
2026-08-20,Comirnaty,12.92,07:14:50,2,8,15.56
2026-08-20,Comirnaty,9.29,07:15:20,2,8,15.57
2026-08-20,Comirnaty,10.11,07:15:50,2,8,15.58
2026-08-20,Comirnaty,16.54,07:16:20,2,8,15.59
2026-08-20,Comirnaty,6.77,07:16:50,2,8,0.0
2026-08-20,Comirnaty,16.24,07:17:20,2,8,15.61
2026-08-20,Comirnaty,11.77,07:17:50,2,8,15.62
2026-08-20,Comirnaty,5.47,07:18:20,2,8,0.0
2026-08-20,Comirnaty,14.11,07:18:50,2,8,15.64
2026-08-20,Comirnaty,17.04,07:19:20,2,8,15.65
2026-08-20,Comirnaty,16.41,07:19:50,2,8,15.67
2026-08-20,Comirnaty,13.07,07:20:20,2,8,15.68
2026-08-20,Comirnaty,4.7,07:20:50,2,8,0.0
2026-08-20,Comirnaty,2.33,07:21:20,2,8,0.0
2026-08-20,Comirnaty,4.51,07:21:50,2,8,0.0
2026-08-20,Comirnaty,13.33,07:22:20,2,8,15.72
2026-08-20,Comirnaty,14.89,07:22:50,2,8,15.73
2026-08-20,Comirnaty,16.9,07:23:20,2,8,15.74
2026-08-20,Comirnaty,6.23,07:23:50,2,8,0.0
2026-08-20,Comirnaty,3.2,07:24:20,2,8,0.0
2026-08-20,Comirnaty,16.11,07:24:50,2,8,15.77
2026-08-20,Comirnaty,12.26,07:25:20,2,8,15.78
2026-08-20,Comirnaty,15.9,07:25:50,2,8,15.8
2026-08-20,Comirnaty,12.65,07:26:20,2,8,15.81
2026-08-20,Comirnaty,14.13,07:26:50,2,8,15.82
2026-08-20,Comirnaty,16.66,07:27:20,2,8,15.83
2026-08-20,Comirnaty,14.58,07:27:50,2,8,15.84
2026-08-20,Comirnaty,10.68,07:28:20,2,8,15.85
2026-08-20,Comirnaty,2.71,07:28:50,2,8,0.0
2026-08-20,Comirnaty,10.31,07:29:20,2,8,15.87
2026-08-20,Comirnaty,10.64,07:29:50,2,8,15.88
2026-08-20,Comirnaty,9.48,07:30:20,2,8,15.89
2026-08-20,Comirnaty,12.07,07:30:50,2,8,15.9
2026-08-20,Comirnaty,6.25,07:31:20,2,8,0.0
2026-08-20,Comirnaty,10.39,07:31:50,2,8,15.93
2026-08-20,Comirnaty,13.98,07:32:20,2,8,15.94
2026-08-20,Comirnaty,6.01,07:32:50,2,8,0.0
2026-08-20,Comirnaty,4.67,07:33:20,2,8,0.0
2026-08-20,Comirnaty,7.95,07:33:50,2,8,0.0
2026-08-20,Comirnaty,15.94,07:34:20,2,8,15.98
2026-08-20,Comirnaty,13.37,07:34:50,2,8,15.99
2026-08-20,Comirnaty,15.81,07:35:20,2,8,16.0
2026-08-20,Comirnaty,10.94,07:35:50,2,8,16.01
2026-08-20,Comirnaty,4.13,07:36:20,2,8,0.0
2026-08-20,Comirnaty,3.26,07:36:50,2,8,0.0
2026-08-20,Comirnaty,9.37,07:37:20,2,8,16.04
2026-08-20,Comirnaty,6.71,07:37:50,2,8,0.0
2026-08-20,Comirnaty,9.02,07:38:20,2,8,16.07
2026-08-20,Comirnaty,14.95,07:38:50,2,8,16.08
2026-08-20,Comirnaty,10.56,07:39:20,2,8,16.09
2026-08-20,Comirnaty,15.85,07:39:50,2,8,16.1
2026-08-20,Comirnaty,9.01,07:40:20,2,8,16.11
2026-08-20,Comirnaty,13.22,07:40:50,2,8,16.12
2026-08-20,Comirnaty,17.78,07:41:20,2,8,16.13
2026-08-20,Comirnaty,15.66,07:41:50,2,8,16.14
2026-08-20,Comirnaty,5.36,07:42:20,2,8,0.0
2026-08-20,Comirnaty,3.37,07:42:50,2,8,0.0
2026-08-20,Comirnaty,17.14,07:43:20,2,8,16.17
2026-08-20,Comirnaty,14.69,07:43:50,2,8,16.18
2026-08-20,Comirnaty,9.77,07:44:20,2,8,16.2
2026-08-20,Comirnaty,4.97,07:44:50,2,8,0.0
2026-08-20,Comirnaty,13.15,07:45:20,2,8,16.22
2026-08-20,Comirnaty,2.85,07:45:50,2,8,0.0
2026-08-20,Comirnaty,16.75,07:46:20,2,8,16.24
2026-08-20,Comirnaty,12.75,07:46:50,2,8,16.25
2026-08-20,Comirnaty,10.51,07:47:20,2,8,16.26
2026-08-20,Comirnaty,15.35,07:47:50,2,8,16.27
2026-08-20,Comirnaty,16.74,07:48:20,2,8,16.28
2026-08-20,Comirnaty,15.39,07:48:50,2,8,16.29
2026-08-20,Comirnaty,5.17,07:49:20,2,8,0.0
2026-08-20,Comirnaty,7.88,07:49:50,2,8,0.0
2026-08-20,Comirnaty,12.33,07:50:20,2,8,16.33
2026-08-20,Comirnaty,15.71,07:50:50,2,8,16.34
2026-08-20,Comirnaty,10.06,07:51:20,2,8,16.35
2026-08-20,Comirnaty,9.11,07:51:50,2,8,16.36
2026-08-20,Comirnaty,16.65,07:52:20,2,8,16.37
2026-08-20,Comirnaty,10.72,07:52:50,2,8,16.38
2026-08-20,Comirnaty,15.79,07:53:20,2,8,16.39
2026-08-20,Comirnaty,15.85,07:53:50,2,8,16.4
2026-08-20,Comirnaty,17.1,07:54:20,2,8,16.41
2026-08-20,Comirnaty,14.49,07:54:50,2,8,16.42
2026-08-20,Comirnaty,14.75,07:55:20,2,8,16.43
2026-08-20,Comirnaty,17.99,07:55:50,2,8,16.45
2026-08-20,Comirnaty,7.42,07:56:20,2,8,0.0
2026-08-20,Comirnaty,14.44,07:56:50,2,8,16.47
2026-08-20,Comirnaty,2.37,07:57:20,2,8,0.0
2026-08-20,Comirnaty,13.06,07:57:50,2,8,16.49
2026-08-20,Comirnaty,2.82,07:58:20,2,8,0.0
2026-08-20,Comirnaty,10.0,07:58:50,2,8,16.51
2026-08-20,Comirnaty,11.04,07:59:20,2,8,16.52
2026-08-20,Comirnaty,5.61,07:59:50,2,8,0.0
2026-08-20,Comirnaty,5.73,08:00:20,2,8,0.0
2026-08-20,Comirnaty,16.65,08:00:50,2,8,16.55
2026-08-20,Comirnaty,7.09,08:01:20,2,8,0.0
2026-08-20,Comirnaty,4.14,08:01:50,2,8,0.0
2026-08-20,Comirnaty,9.87,08:02:20,2,8,16.59
2026-08-20,Comirnaty,4.24,08:02:50,2,8,0.0
2026-08-20,Comirnaty,14.37,08:03:20,2,8,16.61
2026-08-20,Comirnaty,14.11,08:03:50,2,8,16.62
2026-08-20,Comirnaty,15.01,08:04:20,2,8,16.63
2026-08-20,Comirnaty,16.51,08:04:50,2,8,16.64
2026-08-20,Comirnaty,7.19,08:05:20,2,8,0.0
2026-08-20,Comirnaty,14.25,08:05:50,2,8,16.66
2026-08-20,Comirnaty,10.75,08:06:20,2,8,16.67
2026-08-20,Comirnaty,12.16,08:06:50,2,8,16.68
2026-08-20,Comirnaty,17.5,08:07:20,2,8,16.69
2026-08-20,Comirnaty,3.0,08:07:50,2,8,0.0
2026-08-20,Comirnaty,3.24,08:08:20,2,8,0.0
2026-08-20,Comirnaty,10.19,08:08:50,2,8,16.73
2026-08-20,Comirnaty,13.01,08:09:20,2,8,16.74
2026-08-20,Comirnaty,3.07,08:09:50,2,8,0.0
2026-08-20,Comirnaty,9.94,08:10:20,2,8,16.76
2026-08-20,Comirnaty,7.1,08:10:50,2,8,0.0
2026-08-20,Comirnaty,9.33,08:11:20,2,8,16.78
2026-08-20,Comirnaty,2.14,08:11:50,2,8,0.0
2026-08-20,Comirnaty,7.14,08:12:20,2,8,0.0
2026-08-20,Comirnaty,3.31,08:12:50,2,8,0.0
2026-08-20,Comirnaty,13.95,08:13:20,2,8,16.82
2026-08-20,Comirnaty,9.42,08:13:50,2,8,16.84
2026-08-20,Comirnaty,11.91,08:14:20,2,8,16.85
2026-08-20,Comirnaty,3.26,08:14:50,2,8,0.0
2026-08-20,Comirnaty,16.79,08:15:20,2,8,16.87
2026-08-20,Comirnaty,13.2,08:15:50,2,8,16.88
2026-08-20,Comirnaty,4.57,08:16:20,2,8,0.0
2026-08-20,Comirnaty,16.77,08:16:50,2,8,16.9
2026-08-20,Comirnaty,4.24,08:17:20,2,8,0.0
2026-08-20,Comirnaty,12.91,08:17:50,2,8,16.92
2026-08-20,Comirnaty,4.52,08:18:20,2,8,0.0
2026-08-20,Comirnaty,3.28,08:18:50,2,8,0.0
2026-08-20,Comirnaty,5.56,08:19:20,2,8,0.0
2026-08-20,Comirnaty,6.08,08:19:50,2,8,0.0
2026-08-20,Comirnaty,13.9,08:20:20,2,8,16.98
2026-08-20,Comirnaty,6.58,08:20:50,2,8,0.0
2026-08-20,Comirnaty,4.26,08:21:20,2,8,0.0
2026-08-20,Comirnaty,2.17,08:21:50,2,8,0.0
2026-08-20,Comirnaty,2.06,08:22:20,2,8,0.0
2026-08-20,Comirnaty,2.48,08:22:50,2,8,0.0
2026-08-20,Comirnaty,13.9,08:23:20,2,8,17.04
2026-08-20,Comirnaty,12.65,08:23:50,2,8,17.05
2026-08-20,Comirnaty,4.0,08:24:20,2,8,0.0
2026-08-20,Comirnaty,6.74,08:24:50,2,8,0.0
2026-08-20,Comirnaty,10.24,08:25:20,2,8,17.08
2026-08-20,Comirnaty,6.45,08:25:50,2,8,0.0
2026-08-20,Comirnaty,4.83,08:26:20,2,8,0.0
2026-08-20,Comirnaty,12.47,08:26:50,2,8,17.12
2026-08-20,Comirnaty,2.92,08:27:20,2,8,0.0
2026-08-20,Comirnaty,14.55,08:27:50,2,8,17.14
2026-08-20,Comirnaty,6.4,08:28:20,2,8,0.0
2026-08-20,Comirnaty,5.74,08:28:50,2,8,0.0
2026-08-20,Comirnaty,14.72,08:29:20,2,8,17.17
2026-08-20,Comirnaty,11.31,08:29:50,2,8,17.18
2026-08-20,Comirnaty,2.14,08:30:20,2,8,0.0
2026-08-20,Comirnaty,7.37,08:30:50,2,8,0.0
2026-08-20,Comirnaty,6.82,08:31:20,2,8,0.0
2026-08-20,Comirnaty,17.69,08:31:50,2,8,17.23
2026-08-20,Comirnaty,5.02,08:32:20,2,8,0.0
2026-08-20,Comirnaty,11.59,08:32:50,2,8,17.25
2026-08-20,Comirnaty,12.25,08:33:20,2,8,17.26
2026-08-20,Comirnaty,5.24,08:33:50,2,8,0.0
2026-08-20,Comirnaty,9.27,08:34:20,2,8,17.28
2026-08-20,Comirnaty,16.9,08:34:50,2,8,17.29
2026-08-20,Comirnaty,16.42,08:35:20,2,8,17.3
2026-08-20,Comirnaty,9.4,08:35:50,2,8,17.31
2026-08-20,Comirnaty,3.44,08:36:20,2,8,0.0
2026-08-20,Comirnaty,17.92,08:36:50,2,8,17.33
2026-08-20,Comirnaty,5.73,08:37:20,2,8,0.0
2026-08-20,Comirnaty,10.87,08:37:50,2,8,17.36
2026-08-20,Comirnaty,4.55,08:38:20,2,8,0.0
2026-08-20,Comirnaty,13.29,08:38:50,2,8,17.38
2026-08-20,Comirnaty,4.38,08:39:20,2,8,0.0
2026-08-20,Comirnaty,17.6,08:39:50,2,8,17.4
2026-08-20,Comirnaty,9.43,08:40:20,2,8,17.41
2026-08-20,Comirnaty,4.06,08:40:50,2,8,0.0
2026-08-20,Comirnaty,15.55,08:41:20,2,8,17.43
2026-08-20,Comirnaty,3.38,08:41:50,2,8,0.0
2026-08-20,Comirnaty,4.96,08:42:20,2,8,0.0
2026-08-20,Comirnaty,12.88,08:42:50,2,8,17.46
2026-08-20,Comirnaty,10.29,08:43:20,2,8,17.47
2026-08-20,Comirnaty,6.19,08:43:50,2,8,0.0
2026-08-20,Comirnaty,10.11,08:44:20,2,8,17.5
2026-08-20,Comirnaty,4.46,08:44:50,2,8,0.0
2026-08-20,Comirnaty,2.43,08:45:20,2,8,0.0
2026-08-20,Comirnaty,12.16,08:45:50,2,8,17.53
2026-08-20,Comirnaty,14.56,08:46:20,2,8,17.54
2026-08-20,Comirnaty,2.99,08:46:50,2,8,0.0
2026-08-20,Comirnaty,9.31,08:47:20,2,8,17.56
2026-08-20,Comirnaty,5.31,08:47:50,2,8,0.0
2026-08-20,Comirnaty,15.8,08:48:20,2,8,17.58
2026-08-20,Comirnaty,11.15,08:48:50,2,8,17.59
2026-08-20,Comirnaty,14.69,08:49:20,2,8,17.6
2026-08-20,Comirnaty,3.98,08:49:50,2,8,0.0
2026-08-20,Comirnaty,10.06,08:50:20,2,8,17.63
2026-08-20,Comirnaty,7.98,08:50:50,2,8,0.0
2026-08-20,Comirnaty,13.48,08:51:20,2,8,17.65
2026-08-20,Comirnaty,15.76,08:51:50,2,8,17.66
2026-08-20,Comirnaty,11.23,08:52:20,2,8,17.67
2026-08-20,Comirnaty,6.84,08:52:50,2,8,0.0
2026-08-20,Comirnaty,7.52,08:53:20,2,8,0.0
2026-08-20,Comirnaty,6.91,08:53:50,2,8,0.0
2026-08-20,Comirnaty,12.09,08:54:20,2,8,17.71
2026-08-20,Comirnaty,16.97,08:54:50,2,8,17.72
2026-08-20,Comirnaty,11.82,08:55:20,2,8,17.73
2026-08-20,Comirnaty,9.59,08:55:50,2,8,17.75
2026-08-20,Comirnaty,12.27,08:56:20,2,8,17.76
2026-08-20,Comirnaty,17.17,08:56:50,2,8,17.77
2026-08-20,Comirnaty,11.44,08:57:20,2,8,17.78
2026-08-20,Comirnaty,12.85,08:57:50,2,8,17.79
2026-08-20,Comirnaty,5.06,08:58:20,2,8,0.0
2026-08-20,Comirnaty,6.4,08:58:50,2,8,0.0
2026-08-20,Comirnaty,17.55,08:59:20,2,8,17.82
2026-08-20,Comirnaty,3.76,08:59:50,2,8,0.0
2026-08-20,Comirnaty,10.56,09:00:20,2,8,17.84
2026-08-20,Comirnaty,6.89,09:00:50,2,8,0.0
2026-08-20,Comirnaty,16.17,09:01:20,2,8,17.86
2026-08-20,Comirnaty,9.3,09:01:50,2,8,17.88
2026-08-20,Comirnaty,13.22,09:02:20,2,8,17.89
2026-08-20,Comirnaty,2.67,09:02:50,2,8,0.0
2026-08-20,Comirnaty,16.21,09:03:20,2,8,17.91
2026-08-20,Comirnaty,16.51,09:03:50,2,8,17.92
2026-08-20,Comirnaty,6.25,09:04:20,2,8,0.0
2026-08-20,Comirnaty,7.91,09:04:50,2,8,0.0
2026-08-20,Comirnaty,11.94,09:05:20,2,8,17.95
2026-08-20,Comirnaty,5.5,09:05:50,2,8,0.0
2026-08-20,Comirnaty,3.8,09:06:20,2,8,0.0
2026-08-20,Comirnaty,2.3,09:06:50,2,8,0.0
2026-08-20,Comirnaty,9.96,09:07:20,2,8,17.99
2026-08-20,Comirnaty,2.34,09:07:50,2,8,0.0
2026-08-20,Comirnaty,7.22,09:08:20,2,8,0.0
2026-08-20,Comirnaty,3.92,09:08:50,2,8,0.0
2026-08-20,Comirnaty,14.34,09:09:20,2,8,18.04
2026-08-20,Comirnaty,3.08,09:09:50,2,8,0.0
2026-08-20,Comirnaty,17.58,09:10:20,2,8,18.06
2026-08-20,Comirnaty,13.77,09:10:50,2,8,18.07
2026-08-20,Comirnaty,7.17,09:11:20,2,8,0.0
2026-08-20,Comirnaty,5.27,09:11:50,2,8,0.0
2026-08-20,Comirnaty,5.46,09:12:20,2,8,0.0
2026-08-20,Comirnaty,16.69,09:12:50,2,8,18.11
2026-08-20,Comirnaty,10.63,09:13:20,2,8,18.12
2026-08-20,Comirnaty,15.79,09:13:50,2,8,18.13
2026-08-20,Comirnaty,7.12,09:14:20,2,8,0.0
2026-08-20,Comirnaty,2.54,09:14:50,2,8,0.0
2026-08-20,Comirnaty,10.89,09:15:20,2,8,18.17
2026-08-20,Comirnaty,13.41,09:15:50,2,8,18.18
2026-08-20,Comirnaty,12.07,09:16:20,2,8,18.19
2026-08-20,Comirnaty,2.67,09:16:50,2,8,0.0
2026-08-20,Comirnaty,14.72,09:17:20,2,8,18.21
2026-08-20,Comirnaty,12.88,09:17:50,2,8,18.22
2026-08-20,Comirnaty,9.13,09:18:20,2,8,18.23
2026-08-20,Comirnaty,12.91,09:18:50,2,8,18.24
2026-08-20,Comirnaty,14.35,09:19:20,2,8,18.25
2026-08-20,Comirnaty,3.49,09:19:50,2,8,0.0
2026-08-20,Comirnaty,15.65,09:20:20,2,8,18.28
2026-08-20,Comirnaty,12.81,09:20:50,2,8,18.29
2026-08-20,Comirnaty,4.92,09:21:20,2,8,0.0
2026-08-20,Comirnaty,11.36,09:21:50,2,8,18.31
2026-08-20,Comirnaty,2.1,09:22:20,2,8,0.0
2026-08-20,Comirnaty,10.41,09:22:50,2,8,18.33
2026-08-20,Comirnaty,17.28,09:23:20,2,8,18.34
2026-08-20,Comirnaty,7.68,09:23:50,2,8,0.0
2026-08-20,Comirnaty,17.32,09:24:20,2,8,18.36
2026-08-20,Comirnaty,6.53,09:24:50,2,8,0.0
2026-08-20,Comirnaty,5.02,09:25:20,2,8,0.0
2026-08-20,Comirnaty,2.78,09:25:50,2,8,0.0
2026-08-20,Comirnaty,5.03,09:26:20,2,8,0.0
2026-08-20,Comirnaty,7.67,09:26:50,2,8,0.0
2026-08-20,Comirnaty,16.64,09:27:20,2,8,18.43
2026-08-20,Comirnaty,7.83,09:27:50,2,8,0.0
2026-08-20,Comirnaty,14.32,09:28:20,2,8,18.45
2026-08-20,Comirnaty,4.87,09:28:50,2,8,0.0
2026-08-20,Comirnaty,15.26,09:29:20,2,8,18.47
2026-08-20,Comirnaty,4.11,09:29:50,2,8,0.0
2026-08-20,Comirnaty,3.79,09:30:20,2,8,0.0
2026-08-20,Comirnaty,17.86,09:30:50,2,8,18.5
2026-08-20,Comirnaty,16.75,09:31:20,2,8,18.51
2026-08-20,Comirnaty,12.14,09:31:50,2,8,18.53
2026-08-20,Comirnaty,15.19,09:32:20,2,8,18.54
2026-08-20,Comirnaty,5.53,09:32:50,2,8,0.0
2026-08-20,Comirnaty,4.03,09:33:20,2,8,0.0
2026-08-20,Comirnaty,11.61,09:33:50,2,8,18.57
2026-08-20,Comirnaty,9.76,09:34:20,2,8,18.58
2026-08-20,Comirnaty,16.27,09:34:50,2,8,18.59
2026-08-20,Comirnaty,3.1,09:35:20,2,8,0.0
2026-08-20,Comirnaty,9.1,09:35:50,2,8,18.61
2026-08-20,Comirnaty,5.03,09:36:20,2,8,0.0
2026-08-20,Comirnaty,9.65,09:36:50,2,8,18.63
2026-08-20,Comirnaty,11.67,09:37:20,2,8,18.64
2026-08-20,Comirnaty,11.29,09:37:50,2,8,18.66
2026-08-20,Comirnaty,3.24,09:38:20,2,8,0.0
2026-08-20,Comirnaty,4.21,09:38:50,2,8,0.0
2026-08-20,Comirnaty,16.54,09:39:20,2,8,18.69
2026-08-20,Comirnaty,3.08,09:39:50,2,8,0.0
2026-08-20,Comirnaty,14.0,09:40:20,2,8,18.71
2026-08-20,Comirnaty,6.22,09:40:50,2,8,0.0
2026-08-20,Comirnaty,6.55,09:41:20,2,8,0.0
2026-08-20,Comirnaty,17.49,09:41:50,2,8,18.74
2026-08-20,Comirnaty,14.5,09:42:20,2,8,18.75
2026-08-20,Comirnaty,10.66,09:42:50,2,8,18.76
2026-08-20,Comirnaty,4.88,09:43:20,2,8,0.0
2026-08-20,Comirnaty,4.05,09:43:50,2,8,0.0
2026-08-20,Comirnaty,14.2,09:44:20,2,8,18.8
2026-08-20,Comirnaty,16.36,09:44:50,2,8,18.81
2026-08-20,Comirnaty,16.72,09:45:20,2,8,18.82
2026-08-20,Comirnaty,10.42,09:45:50,2,8,18.83
2026-08-20,Comirnaty,14.73,09:46:20,2,8,18.84
2026-08-20,Comirnaty,15.02,09:46:50,2,8,18.85
2026-08-20,Comirnaty,11.56,09:47:20,2,8,18.86
2026-08-20,Comirnaty,14.63,09:47:50,2,8,18.87
2026-08-20,Comirnaty,6.43,09:48:20,2,8,0.0
2026-08-20,Comirnaty,7.29,09:48:50,2,8,0.0
2026-08-20,Comirnaty,3.27,09:49:20,2,8,0.0
2026-08-20,Comirnaty,16.02,09:49:50,2,8,18.92
2026-08-20,Comirnaty,16.2,09:50:20,2,8,18.93
2026-08-20,Comirnaty,6.19,09:50:50,2,8,0.0
2026-08-20,Comirnaty,2.95,09:51:20,2,8,0.0
2026-08-20,Comirnaty,11.64,09:51:50,2,8,18.96
2026-08-20,Comirnaty,14.03,09:52:20,2,8,18.97
2026-08-20,Comirnaty,16.7,09:52:50,2,8,18.98
2026-08-20,Comirnaty,9.58,09:53:20,2,8,18.99
2026-08-20,Comirnaty,13.89,09:53:50,2,8,19.0
2026-08-20,Comirnaty,17.66,09:54:20,2,8,19.01
2026-08-20,Comirnaty,7.26,09:54:50,2,8,0.0
2026-08-20,Comirnaty,7.63,09:55:20,2,8,0.0
2026-08-20,Comirnaty,15.19,09:55:50,2,8,19.05
2026-08-20,Comirnaty,14.44,09:56:20,2,8,19.06
2026-08-20,Comirnaty,7.15,09:56:50,2,8,0.0
2026-08-20,Comirnaty,16.04,09:57:20,2,8,19.08
2026-08-20,Comirnaty,2.36,09:57:50,2,8,0.0
2026-08-20,Comirnaty,15.01,09:58:20,2,8,19.1
2026-08-20,Comirnaty,11.0,09:58:50,2,8,19.11
2026-08-20,Comirnaty,6.7,09:59:20,2,8,0.0
2026-08-20,Comirnaty,11.11,09:59:50,2,8,19.13
2026-08-20,Comirnaty,12.52,10:00:20,2,8,19.14
2026-08-20,Comirnaty,17.01,10:00:50,2,8,19.15
2026-08-20,Comirnaty,16.89,10:01:20,2,8,19.16
2026-08-20,Comirnaty,12.33,10:01:50,2,8,19.18
2026-08-20,Comirnaty,12.24,10:02:20,2,8,19.19
2026-08-20,Comirnaty,16.16,10:02:50,2,8,19.2
2026-08-20,Comirnaty,12.05,10:03:20,2,8,19.21
2026-08-20,Comirnaty,12.87,10:03:50,2,8,19.22
2026-08-20,Comirnaty,9.57,10:04:20,2,8,19.23
2026-08-20,Comirnaty,4.71,10:04:50,2,8,0.0
2026-08-20,Comirnaty,5.54,10:05:20,2,8,0.0
2026-08-20,Comirnaty,15.08,10:05:50,2,8,19.26
2026-08-20,Comirnaty,4.38,10:06:20,2,8,0.0
2026-08-20,Comirnaty,16.71,10:06:50,2,8,19.28
2026-08-20,Comirnaty,14.69,10:07:20,2,8,19.29
2026-08-20,Comirnaty,10.65,10:07:50,2,8,19.3
2026-08-20,Comirnaty,5.22,10:08:20,2,8,0.0
2026-08-20,Comirnaty,6.72,10:08:50,2,8,0.0
2026-08-20,Comirnaty,6.58,10:09:20,2,8,0.0
2026-08-20,Comirnaty,13.44,10:09:50,2,8,19.35
2026-08-20,Comirnaty,17.21,10:10:20,2,8,19.36
2026-08-20,Comirnaty,7.14,10:10:50,2,8,0.0
2026-08-20,Comirnaty,7.36,10:11:20,2,8,0.0
2026-08-20,Comirnaty,2.05,10:11:50,2,8,0.0
2026-08-20,Comirnaty,12.92,10:12:20,2,8,19.4
2026-08-20,Comirnaty,9.8,10:12:50,2,8,19.41
2026-08-20,Comirnaty,3.12,10:13:20,2,8,0.0
2026-08-20,Comirnaty,9.85,10:13:50,2,8,19.43
2026-08-20,Comirnaty,5.52,10:14:20,2,8,0.0
2026-08-20,Comirnaty,13.72,10:14:50,2,8,19.46
2026-08-20,Comirnaty,9.18,10:15:20,2,8,19.47
2026-08-20,Comirnaty,13.71,10:15:50,2,8,19.48
2026-08-20,Comirnaty,5.99,10:16:20,2,8,0.0
2026-08-20,Comirnaty,12.8,10:16:50,2,8,19.5
2026-08-20,Comirnaty,16.42,10:17:20,2,8,19.51
2026-08-20,Comirnaty,16.01,10:17:50,2,8,19.52
2026-08-20,Comirnaty,15.98,10:18:20,2,8,19.53
2026-08-20,Comirnaty,6.41,10:18:50,2,8,0.0
2026-08-20,Comirnaty,17.48,10:19:20,2,8,19.55
2026-08-20,Comirnaty,4.19,10:19:50,2,8,0.0
2026-08-20,Comirnaty,11.63,10:20:20,2,8,19.58
2026-08-20,Comirnaty,4.61,10:20:50,2,8,0.0
2026-08-20,Comirnaty,12.27,10:21:20,2,8,19.6
2026-08-20,Comirnaty,10.27,10:21:50,2,8,19.61
2026-08-20,Comirnaty,11.53,10:22:20,2,8,19.62
2026-08-20,Comirnaty,3.9,10:22:50,2,8,0.0
2026-08-20,Comirnaty,7.93,10:23:20,2,8,0.0
2026-08-20,Comirnaty,16.22,10:23:50,2,8,19.65
2026-08-20,Comirnaty,15.36,10:24:20,2,8,19.66
2026-08-20,Comirnaty,5.86,10:24:50,2,8,0.0
2026-08-20,Comirnaty,11.93,10:25:20,2,8,19.68
2026-08-20,Comirnaty,11.39,10:25:50,2,8,19.7
2026-08-20,Comirnaty,15.71,10:26:20,2,8,19.71
2026-08-20,Comirnaty,5.49,10:26:50,2,8,0.0
2026-08-20,Comirnaty,9.96,10:27:20,2,8,19.73
2026-08-20,Comirnaty,12.99,10:27:50,2,8,19.74
2026-08-20,Comirnaty,16.0,10:28:20,2,8,19.75
2026-08-20,Comirnaty,11.25,10:28:50,2,8,19.76
2026-08-20,Comirnaty,15.35,10:29:20,2,8,19.77
2026-08-20,Comirnaty,5.72,10:29:50,2,8,0.0
2026-08-20,Comirnaty,16.95,10:30:20,2,8,19.79
2026-08-20,Comirnaty,13.82,10:30:50,2,8,19.8
2026-08-20,Comirnaty,9.32,10:31:20,2,8,19.81
2026-08-20,Comirnaty,9.34,10:31:50,2,8,19.82
2026-08-20,Comirnaty,16.67,10:32:20,2,8,19.84
2026-08-20,Comirnaty,3.84,10:32:50,2,8,0.0
2026-08-20,Comirnaty,13.85,10:33:20,2,8,19.86
2026-08-20,Comirnaty,13.44,10:33:50,2,8,19.87
2026-08-20,Comirnaty,7.8,10:34:20,2,8,0.0
2026-08-20,Comirnaty,9.4,10:34:50,2,8,19.89
2026-08-20,Comirnaty,10.8,10:35:20,2,8,19.9
2026-08-20,Comirnaty,11.18,10:35:50,2,8,19.91
2026-08-20,Comirnaty,3.46,10:36:20,2,8,0.0
2026-08-20,Comirnaty,6.16,10:36:50,2,8,0.0
2026-08-20,Comirnaty,2.03,10:37:20,2,8,0.0
2026-08-20,Comirnaty,6.39,10:37:50,2,8,0.0
2026-08-20,Comirnaty,4.83,10:38:20,2,8,0.0
2026-08-20,Comirnaty,9.7,10:38:50,2,8,19.98
2026-08-20,Comirnaty,9.7,10:39:20,2,8,19.99
2026-08-20,Comirnaty,10.84,10:39:50,2,8,20.0
2026-08-20,Comirnaty,2.72,10:40:20,2,8,0.0
2026-08-20,Comirnaty,7.77,10:40:50,2,8,0.0
2026-08-20,Comirnaty,7.31,10:41:20,2,8,0.0
2026-08-20,Comirnaty,4.33,10:41:50,2,8,0.0
2026-08-20,Comirnaty,4.8,10:42:20,2,8,0.0
2026-08-20,Comirnaty,2.96,10:42:50,2,8,0.0
2026-08-20,Comirnaty,11.89,10:43:20,2,8,20.07
2026-08-20,Comirnaty,17.29,10:43:50,2,8,20.09
2026-08-20,Comirnaty,14.6,10:44:20,2,8,20.1
2026-08-20,Comirnaty,13.12,10:44:50,2,8,20.11
2026-08-20,Comirnaty,17.51,10:45:20,2,8,20.12
2026-08-20,Comirnaty,16.29,10:45:50,2,8,20.13
2026-08-20,Comirnaty,5.81,10:46:20,2,8,0.0
2026-08-20,Comirnaty,2.64,10:46:50,2,8,0.0
2026-08-20,Comirnaty,6.3,10:47:20,2,8,0.0
2026-08-20,Comirnaty,13.44,10:47:50,2,8,20.17
2026-08-20,Comirnaty,3.57,10:48:20,2,8,0.0
2026-08-20,Comirnaty,6.41,10:48:50,2,8,0.0
2026-08-20,Comirnaty,17.12,10:49:20,2,8,20.2
2026-08-20,Comirnaty,16.68,10:49:50,2,8,20.21
2026-08-20,Comirnaty,13.08,10:50:20,2,8,20.23
2026-08-20,Comirnaty,10.51,10:50:50,2,8,20.24
2026-08-20,Comirnaty,14.43,10:51:20,2,8,20.25
2026-08-20,Comirnaty,17.2,10:51:50,2,8,20.26
2026-08-20,Comirnaty,5.44,10:52:20,2,8,0.0
2026-08-20,Comirnaty,9.27,10:52:50,2,8,20.28
2026-08-20,Comirnaty,5.99,10:53:20,2,8,0.0
2026-08-20,Comirnaty,17.68,10:53:50,2,8,20.3
2026-08-20,Comirnaty,3.47,10:54:20,2,8,0.0
2026-08-20,Comirnaty,11.6,10:54:50,2,8,20.32
2026-08-20,Comirnaty,9.8,10:55:20,2,8,20.33
2026-08-20,Comirnaty,6.8,10:55:50,2,8,0.0
2026-08-20,Comirnaty,9.37,10:56:20,2,8,20.36
2026-08-20,Comirnaty,11.7,10:56:50,2,8,20.37
2026-08-20,Comirnaty,9.54,10:57:20,2,8,20.38
2026-08-20,Comirnaty,10.89,10:57:50,2,8,20.39
2026-08-20,Comirnaty,9.48,10:58:20,2,8,20.4
2026-08-20,Comirnaty,2.26,10:58:50,2,8,0.0
2026-08-20,Comirnaty,4.71,10:59:20,2,8,0.0
2026-08-20,Comirnaty,7.1,10:59:50,2,8,0.0
2026-08-20,Comirnaty,5.68,11:00:20,2,8,0.0
2026-08-20,Comirnaty,7.86,11:00:50,2,8,0.0
2026-08-20,Comirnaty,6.55,11:01:20,2,8,0.0
2026-08-20,Comirnaty,10.35,11:01:50,2,8,20.48
2026-08-20,Comirnaty,17.94,11:02:20,2,8,20.49
2026-08-20,Comirnaty,17.83,11:02:50,2,8,20.5
2026-08-20,Comirnaty,13.2,11:03:20,2,8,20.51
2026-08-20,Comirnaty,13.28,11:03:50,2,8,20.52
2026-08-20,Comirnaty,9.85,11:04:20,2,8,20.53
2026-08-20,Comirnaty,11.77,11:04:50,2,8,20.54
2026-08-20,Comirnaty,4.59,11:05:20,2,8,0.0
2026-08-20,Comirnaty,13.83,11:05:50,2,8,20.56
2026-08-20,Comirnaty,16.38,11:06:20,2,8,20.57
2026-08-20,Comirnaty,13.09,11:06:50,2,8,20.58
2026-08-20,Comirnaty,9.92,11:07:20,2,8,20.59
2026-08-20,Comirnaty,15.7,11:07:50,2,8,20.61
2026-08-20,Comirnaty,10.53,11:08:20,2,8,20.62
2026-08-20,Comirnaty,15.3,11:08:50,2,8,20.63
2026-08-20,Comirnaty,16.57,11:09:20,2,8,20.64
2026-08-20,Comirnaty,17.6,11:09:50,2,8,20.65
2026-08-20,Comirnaty,9.56,11:10:20,2,8,20.66
2026-08-20,Comirnaty,5.7,11:10:50,2,8,0.0
2026-08-20,Comirnaty,6.84,11:11:20,2,8,0.0
2026-08-20,Comirnaty,15.42,11:11:50,2,8,20.69
2026-08-20,Comirnaty,10.16,11:12:20,2,8,20.7
2026-08-20,Comirnaty,2.9,11:12:50,2,8,0.0
2026-08-20,Comirnaty,11.31,11:13:20,2,8,20.72
2026-08-20,Comirnaty,3.93,11:13:50,2,8,0.0
2026-08-20,Comirnaty,2.22,11:14:20,2,8,0.0
2026-08-20,Comirnaty,7.87,11:14:50,2,8,0.0
2026-08-20,Comirnaty,6.39,11:15:20,2,8,0.0
2026-08-20,Comirnaty,14.06,11:15:50,2,8,20.78
2026-08-20,Comirnaty,17.26,11:16:20,2,8,20.79
2026-08-20,Comirnaty,10.27,11:16:50,2,8,20.8
2026-08-20,Comirnaty,11.69,11:17:20,2,8,20.81
2026-08-20,Comirnaty,5.41,11:17:50,2,8,0.0
2026-08-20,Comirnaty,4.15,11:18:20,2,8,0.0
2026-08-20,Comirnaty,11.93,11:18:50,2,8,20.84
2026-08-20,Comirnaty,5.78,11:19:20,2,8,0.0
2026-08-20,Comirnaty,9.06,11:19:50,2,8,20.87
2026-08-20,Comirnaty,16.59,11:20:20,2,8,20.88
2026-08-20,Comirnaty,17.73,11:20:50,2,8,20.89
2026-08-20,Comirnaty,14.11,11:21:20,2,8,20.9
2026-08-20,Comirnaty,7.66,11:21:50,2,8,0.0
2026-08-20,Comirnaty,6.56,11:22:20,2,8,0.0
2026-08-20,Comirnaty,10.76,11:22:50,2,8,20.93
2026-08-20,Comirnaty,10.93,11:23:20,2,8,20.94
2026-08-20,Comirnaty,2.76,11:23:50,2,8,0.0
2026-08-20,Comirnaty,5.13,11:24:20,2,8,0.0
2026-08-20,Comirnaty,14.24,11:24:50,2,8,20.97
2026-08-20,Comirnaty,9.22,11:25:20,2,8,20.98
2026-08-20,Comirnaty,12.82,11:25:50,2,8,20.99
2026-08-20,Comirnaty,7.46,11:26:20,2,8,0.0
2026-08-20,Comirnaty,10.42,11:26:50,2,8,21.02
2026-08-20,Comirnaty,10.2,11:27:20,2,8,21.03
2026-08-20,Comirnaty,13.46,11:27:50,2,8,21.04
2026-08-20,Comirnaty,13.55,11:28:20,2,8,21.05
2026-08-20,Comirnaty,15.77,11:28:50,2,8,21.06
2026-08-20,Comirnaty,2.29,11:29:20,2,8,0.0
2026-08-20,Comirnaty,3.79,11:29:50,2,8,0.0
2026-08-20,Comirnaty,15.0,11:30:20,2,8,21.09
2026-08-20,Comirnaty,4.06,11:30:50,2,8,0.0
2026-08-20,Comirnaty,14.4,11:31:20,2,8,21.11
2026-08-20,Comirnaty,2.46,11:31:50,2,8,0.0
2026-08-20,Comirnaty,16.81,11:32:20,2,8,21.14
2026-08-20,Comirnaty,17.65,11:32:50,2,8,21.15
2026-08-20,Comirnaty,17.73,11:33:20,2,8,21.16
2026-08-20,Comirnaty,5.67,11:33:50,2,8,0.0
2026-08-20,Comirnaty,7.69,11:34:20,2,8,0.0
2026-08-20,Comirnaty,17.56,11:34:50,2,8,21.19
2026-08-20,Comirnaty,11.21,11:35:20,2,8,21.2
2026-08-20,Comirnaty,13.68,11:35:50,2,8,21.21
2026-08-20,Comirnaty,12.06,11:36:20,2,8,21.22
2026-08-20,Comirnaty,2.74,11:36:50,2,8,0.0
2026-08-20,Comirnaty,3.32,11:37:20,2,8,0.0
2026-08-20,Comirnaty,7.6,11:37:50,2,8,0.0
2026-08-20,Comirnaty,5.79,11:38:20,2,8,0.0
2026-08-20,Comirnaty,3.8,11:38:50,2,8,0.0
2026-08-20,Comirnaty,9.6,11:39:20,2,8,21.29
2026-08-20,Comirnaty,11.79,11:39:50,2,8,21.3
2026-08-20,Comirnaty,16.3,11:40:20,2,8,21.31
2026-08-20,Comirnaty,11.81,11:40:50,2,8,21.32
2026-08-20,Comirnaty,12.06,11:41:20,2,8,21.33
2026-08-20,Comirnaty,14.85,11:41:50,2,8,21.34
2026-08-20,Comirnaty,15.06,11:42:20,2,8,21.35
2026-08-20,Comirnaty,5.72,11:42:50,2,8,0.0
2026-08-20,Comirnaty,4.8,11:43:20,2,8,0.0
2026-08-20,Comirnaty,6.68,11:43:50,2,8,0.0
2026-08-20,Comirnaty,5.44,11:44:20,2,8,0.0
2026-08-20,Comirnaty,17.23,11:44:50,2,8,21.41
2026-08-20,Comirnaty,3.55,11:45:20,2,8,0.0
2026-08-20,Comirnaty,15.27,11:45:50,2,8,21.43
2026-08-20,Comirnaty,6.75,11:46:20,2,8,0.0
2026-08-20,Comirnaty,14.83,11:46:50,2,8,21.45
2026-08-20,Comirnaty,5.47,11:47:20,2,8,0.0
2026-08-20,Comirnaty,12.89,11:47:50,2,8,21.47
2026-08-20,Comirnaty,4.74,11:48:20,2,8,0.0
2026-08-20,Comirnaty,5.76,11:48:50,2,8,0.0
2026-08-20,Comirnaty,4.24,11:49:20,2,8,0.0
2026-08-20,Comirnaty,6.94,11:49:50,2,8,0.0
2026-08-20,Comirnaty,17.44,11:50:20,2,8,21.53
2026-08-20,Comirnaty,9.85,11:50:50,2,8,21.54
2026-08-20,Comirnaty,12.38,11:51:20,2,8,21.55
2026-08-20,Comirnaty,17.44,11:51:50,2,8,21.56
2026-08-20,Comirnaty,7.68,11:52:20,2,8,0.0
2026-08-20,Comirnaty,13.03,11:52:50,2,8,21.58
2026-08-20,Comirnaty,15.81,11:53:20,2,8,21.59
2026-08-20,Comirnaty,17.85,11:53:50,2,8,21.6
2026-08-20,Comirnaty,10.68,11:54:20,2,8,21.61
2026-08-20,Comirnaty,13.42,11:54:50,2,8,21.62
2026-08-20,Comirnaty,12.47,11:55:20,2,8,21.63
2026-08-20,Comirnaty,11.8,11:55:50,2,8,21.64
2026-08-20,Comirnaty,13.87,11:56:20,2,8,21.66
2026-08-20,Comirnaty,14.7,11:56:50,2,8,21.67
2026-08-20,Comirnaty,3.97,11:57:20,2,8,0.0
2026-08-20,Comirnaty,11.89,11:57:50,2,8,21.69
2026-08-20,Comirnaty,2.62,11:58:20,2,8,0.0
2026-08-20,Comirnaty,14.17,11:58:50,2,8,21.71
2026-08-20,Comirnaty,3.28,11:59:20,2,8,0.0
2026-08-20,Comirnaty,17.07,11:59:50,2,8,21.73
2026-08-20,Comirnaty,17.5,12:00:20,2,8,21.74
2026-08-20,Comirnaty,2.39,12:00:50,2,8,0.0
2026-08-20,Comirnaty,12.62,12:01:20,2,8,21.76
2026-08-20,Comirnaty,3.93,12:01:50,2,8,0.0
2026-08-20,Comirnaty,10.02,12:02:20,2,8,21.79
2026-08-20,Comirnaty,3.63,12:02:50,2,8,0.0
2026-08-20,Comirnaty,9.74,12:03:20,2,8,21.81
2026-08-20,Comirnaty,2.04,12:03:50,2,8,0.0
2026-08-20,Comirnaty,2.2,12:04:20,2,8,0.0
2026-08-20,Comirnaty,17.21,12:04:50,2,8,21.84
2026-08-20,Comirnaty,4.46,12:05:20,2,8,0.0
2026-08-20,Comirnaty,15.03,12:05:50,2,8,21.86
2026-08-20,Comirnaty,16.91,12:06:20,2,8,21.87
2026-08-20,Comirnaty,14.68,12:06:50,2,8,21.88
2026-08-20,Comirnaty,9.88,12:07:20,2,8,21.89
2026-08-20,Comirnaty,14.6,12:07:50,2,8,21.91
2026-08-20,Comirnaty,17.25,12:08:20,2,8,21.92
2026-08-20,Comirnaty,7.09,12:08:50,2,8,0.0
2026-08-20,Comirnaty,9.43,12:09:20,2,8,21.94
2026-08-20,Comirnaty,13.85,12:09:50,2,8,21.95
2026-08-20,Comirnaty,6.69,12:10:20,2,8,0.0
2026-08-20,Comirnaty,13.61,12:10:50,2,8,21.97
2026-08-20,Comirnaty,9.56,12:11:20,2,8,21.98
2026-08-20,Comirnaty,2.0,12:11:50,2,8,0.0
2026-08-20,Comirnaty,12.0,12:12:20,2,8,22.0
2026-08-20,Comirnaty,6.31,12:12:50,2,8,0.0
2026-08-20,Comirnaty,7.83,12:13:20,2,8,0.0
2026-08-20,Comirnaty,2.89,12:13:50,2,8,0.0
2026-08-20,Comirnaty,17.03,12:14:20,2,8,22.05
2026-08-20,Comirnaty,4.34,12:14:50,2,8,0.0
2026-08-20,Comirnaty,14.8,12:15:20,2,8,22.07
2026-08-20,Comirnaty,7.13,12:15:50,2,8,0.0
2026-08-20,Comirnaty,15.41,12:16:20,2,8,22.09
2026-08-20,Comirnaty,5.84,12:16:50,2,8,0.0
2026-08-20,Comirnaty,9.71,12:17:20,2,8,22.11
2026-08-20,Comirnaty,10.52,12:17:50,2,8,22.12
2026-08-20,Comirnaty,17.1,12:18:20,2,8,22.13
2026-08-20,Comirnaty,11.74,12:18:50,2,8,22.14
2026-08-20,Comirnaty,14.97,12:19:20,2,8,22.15
2026-08-20,Comirnaty,14.02,12:19:50,2,8,22.17
2026-08-20,Comirnaty,6.79,12:20:20,2,8,0.0
2026-08-20,Comirnaty,13.39,12:20:50,2,8,22.19
2026-08-20,Comirnaty,7.87,12:21:20,2,8,0.0
2026-08-20,Comirnaty,3.04,12:21:50,2,8,0.0
2026-08-20,Comirnaty,3.12,12:22:20,2,8,0.0
2026-08-20,Comirnaty,2.81,12:22:50,2,8,0.0
2026-08-20,Comirnaty,16.64,12:23:20,2,8,22.24
2026-08-20,Comirnaty,2.65,12:23:50,2,8,0.0
2026-08-20,Comirnaty,15.4,12:24:20,2,8,22.26
2026-08-20,Comirnaty,11.95,12:24:50,2,8,22.27
2026-08-20,Comirnaty,7.87,12:25:20,2,8,0.0
2026-08-20,Comirnaty,15.56,12:25:50,2,8,22.29
2026-08-20,Comirnaty,9.01,12:26:20,2,8,22.31
2026-08-20,Comirnaty,12.11,12:26:50,2,8,22.32
2026-08-20,Comirnaty,15.6,12:27:20,2,8,22.33
2026-08-20,Comirnaty,13.1,12:27:50,2,8,22.34
2026-08-20,Comirnaty,14.99,12:28:20,2,8,22.35
2026-08-20,Comirnaty,13.07,12:28:50,2,8,22.36
2026-08-20,Comirnaty,7.03,12:29:20,2,8,0.0
2026-08-20,Comirnaty,15.82,12:29:50,2,8,22.38
2026-08-20,Comirnaty,3.05,12:30:20,2,8,0.0
2026-08-20,Comirnaty,17.79,12:30:50,2,8,22.4
2026-08-20,Comirnaty,13.06,12:31:20,2,8,22.41
2026-08-20,Comirnaty,16.94,12:31:50,2,8,22.43
2026-08-20,Comirnaty,14.66,12:32:20,2,8,22.44
2026-08-20,Comirnaty,11.2,12:32:50,2,8,22.45
2026-08-20,Comirnaty,7.26,12:33:20,2,8,0.0
2026-08-20,Comirnaty,10.86,12:33:50,2,8,22.47
2026-08-20,Comirnaty,12.72,12:34:20,2,8,22.48
2026-08-20,Comirnaty,5.67,12:34:50,2,8,0.0
2026-08-20,Comirnaty,9.89,12:35:20,2,8,22.5
2026-08-20,Comirnaty,12.27,12:35:50,2,8,22.51
2026-08-20,Comirnaty,5.87,12:36:20,2,8,0.0
2026-08-20,Comirnaty,13.75,12:36:50,2,8,22.53
2026-08-20,Comirnaty,9.54,12:37:20,2,8,22.54
2026-08-20,Comirnaty,17.13,12:37:50,2,8,22.56
2026-08-20,Comirnaty,14.81,12:38:20,2,8,22.57
2026-08-20,Comirnaty,3.03,12:38:50,2,8,0.0
2026-08-20,Comirnaty,3.66,12:39:20,2,8,0.0
2026-08-20,Comirnaty,10.19,12:39:50,2,8,22.6
2026-08-20,Comirnaty,12.25,12:40:20,2,8,22.61
2026-08-20,Comirnaty,13.94,12:40:50,2,8,22.62
2026-08-20,Comirnaty,17.03,12:41:20,2,8,22.63
2026-08-20,Comirnaty,6.47,12:41:50,2,8,0.0
2026-08-20,Comirnaty,6.88,12:42:20,2,8,0.0
2026-08-20,Comirnaty,14.31,12:42:50,2,8,22.66
2026-08-20,Comirnaty,10.58,12:43:20,2,8,22.67
2026-08-20,Comirnaty,3.96,12:43:50,2,8,0.0
2026-08-20,Comirnaty,10.6,12:44:20,2,8,22.7
2026-08-20,Comirnaty,17.92,12:44:50,2,8,22.71
2026-08-20,Comirnaty,16.63,12:45:20,2,8,22.72
2026-08-20,Comirnaty,15.71,12:45:50,2,8,22.73
2026-08-20,Comirnaty,7.05,12:46:20,2,8,0.0
2026-08-20,Comirnaty,10.54,12:46:50,2,8,22.75
2026-08-20,Comirnaty,9.18,12:47:20,2,8,22.76
2026-08-20,Comirnaty,6.89,12:47:50,2,8,0.0
2026-08-20,Comirnaty,10.69,12:48:20,2,8,22.78
2026-08-20,Comirnaty,2.78,12:48:50,2,8,0.0
2026-08-20,Comirnaty,12.89,12:49:20,2,8,22.8
2026-08-20,Comirnaty,10.81,12:49:50,2,8,22.82
2026-08-20,Comirnaty,4.57,12:50:20,2,8,0.0
2026-08-20,Comirnaty,15.83,12:50:50,2,8,22.84
2026-08-20,Comirnaty,13.69,12:51:20,2,8,22.85
2026-08-20,Comirnaty,3.63,12:51:50,2,8,0.0
2026-08-20,Comirnaty,7.88,12:52:20,2,8,0.0
2026-08-20,Comirnaty,2.23,12:52:50,2,8,0.0
2026-08-20,Comirnaty,17.49,12:53:20,2,8,22.89
2026-08-20,Comirnaty,15.33,12:53:50,2,8,22.9
2026-08-20,Comirnaty,12.02,12:54:20,2,8,22.91
2026-08-20,Comirnaty,2.26,12:54:50,2,8,0.0
2026-08-20,Comirnaty,6.98,12:55:20,2,8,0.0
2026-08-20,Comirnaty,10.67,12:55:50,2,8,22.95
2026-08-20,Comirnaty,16.8,12:56:20,2,8,22.96
2026-08-20,Comirnaty,12.8,12:56:50,2,8,22.97
2026-08-20,Comirnaty,7.5,12:57:20,2,8,0.0
2026-08-20,Comirnaty,9.88,12:57:50,2,8,22.99
2026-08-20,Comirnaty,6.02,12:58:20,2,8,0.0
2026-08-20,Comirnaty,3.16,12:58:50,2,8,0.0
2026-08-20,Comirnaty,4.78,12:59:20,2,8,0.0
2026-08-20,Comirnaty,7.7,12:59:50,2,8,0.0
2026-08-20,Comirnaty,15.4,13:00:20,2,8,23.04
2026-08-20,Comirnaty,7.92,13:00:50,2,8,0.0
2026-08-20,Comirnaty,6.86,13:01:20,2,8,0.0
2026-08-20,Comirnaty,17.97,13:01:50,2,8,23.07
2026-08-20,Comirnaty,6.94,13:02:20,2,8,0.0
2026-08-20,Comirnaty,12.05,13:02:50,2,8,23.1
2026-08-20,Comirnaty,13.98,13:03:20,2,8,23.11
2026-08-20,Comirnaty,9.17,13:03:50,2,8,23.12
2026-08-20,Comirnaty,11.47,13:04:20,2,8,23.13
2026-08-20,Comirnaty,12.51,13:04:50,2,8,23.14
2026-08-20,Comirnaty,4.85,13:05:20,2,8,0.0
2026-08-20,Comirnaty,17.96,13:05:50,2,8,23.16
2026-08-20,Comirnaty,17.56,13:06:20,2,8,23.17
2026-08-20,Comirnaty,16.92,13:06:50,2,8,23.18
2026-08-20,Comirnaty,2.75,13:07:20,2,8,0.0
2026-08-20,Comirnaty,14.11,13:07:50,2,8,23.21
2026-08-20,Comirnaty,7.74,13:08:20,2,8,0.0
2026-08-20,Comirnaty,9.88,13:08:50,2,8,23.23
2026-08-20,Comirnaty,11.32,13:09:20,2,8,23.24
2026-08-20,Comirnaty,16.32,13:09:50,2,8,23.25
2026-08-20,Comirnaty,7.92,13:10:20,2,8,0.0
2026-08-20,Comirnaty,16.15,13:10:50,2,8,23.27
2026-08-20,Comirnaty,6.26,13:11:20,2,8,0.0
2026-08-20,Comirnaty,17.06,13:11:50,2,8,23.29
2026-08-20,Comirnaty,7.83,13:12:20,2,8,0.0
2026-08-20,Comirnaty,12.13,13:12:50,2,8,23.31
2026-08-20,Comirnaty,16.15,13:13:20,2,8,23.32
2026-08-20,Comirnaty,11.52,13:13:50,2,8,23.34
2026-08-20,Comirnaty,3.74,13:14:20,2,8,0.0
2026-08-20,Comirnaty,3.61,13:14:50,2,8,0.0
2026-08-20,Comirnaty,14.64,13:15:20,2,8,23.37
2026-08-20,Comirnaty,10.07,13:15:50,2,8,23.38
2026-08-20,Comirnaty,4.3,13:16:20,2,8,0.0
2026-08-20,Comirnaty,9.0,13:16:50,2,8,23.4
2026-08-20,Comirnaty,7.35,13:17:20,2,8,0.0
2026-08-20,Comirnaty,4.72,13:17:50,2,8,0.0
2026-08-20,Comirnaty,11.49,13:18:20,2,8,23.43
2026-08-20,Comirnaty,12.01,13:18:50,2,8,23.44
2026-08-20,Comirnaty,11.42,13:19:20,2,8,23.45
2026-08-20,Comirnaty,11.46,13:19:50,2,8,23.47
2026-08-20,Comirnaty,2.96,13:20:20,2,8,0.0
2026-08-20,Comirnaty,14.81,13:20:50,2,8,23.49
2026-08-20,Comirnaty,16.92,13:21:20,2,8,23.5
2026-08-20,Comirnaty,12.23,13:21:50,2,8,23.51
2026-08-20,Comirnaty,5.48,13:22:20,2,8,0.0
2026-08-20,Comirnaty,11.6,13:22:50,2,8,23.53
2026-08-20,Comirnaty,9.53,13:23:20,2,8,23.54
2026-08-20,Comirnaty,3.05,13:23:50,2,8,0.0
2026-08-20,Comirnaty,9.18,13:24:20,2,8,23.56
2026-08-20,Comirnaty,17.57,13:24:50,2,8,23.57
2026-08-20,Comirnaty,3.93,13:25:20,2,8,0.0
2026-08-20,Comirnaty,14.91,13:25:50,2,8,23.59
2026-08-20,Comirnaty,16.57,13:26:20,2,8,23.61
2026-08-20,Comirnaty,9.83,13:26:50,2,8,23.62
2026-08-20,Comirnaty,4.53,13:27:20,2,8,0.0
2026-08-20,Comirnaty,7.8,13:27:50,2,8,0.0
2026-08-20,Comirnaty,11.17,13:28:20,2,8,23.65
2026-08-20,Comirnaty,4.82,13:28:50,2,8,0.0
2026-08-20,Comirnaty,17.96,13:29:20,2,8,23.67
2026-08-20,Comirnaty,4.83,13:29:50,2,8,0.0
2026-08-20,Comirnaty,3.45,13:30:20,2,8,0.0
2026-08-20,Comirnaty,16.16,13:30:50,2,8,23.7
2026-08-20,Comirnaty,16.98,13:31:20,2,8,23.71
2026-08-20,Comirnaty,6.44,13:31:50,2,8,0.0
2026-08-20,Comirnaty,5.99,13:32:20,2,8,0.0
2026-08-20,Comirnaty,15.6,13:32:50,2,8,23.75
2026-08-20,Comirnaty,2.15,13:33:20,2,8,0.0
2026-08-20,Comirnaty,14.8,13:33:50,2,8,23.77
2026-08-20,Comirnaty,17.12,13:34:20,2,8,23.78
2026-08-20,Comirnaty,9.17,13:34:50,2,8,23.79
2026-08-20,Comirnaty,6.86,13:35:20,2,8,0.0
2026-08-20,Comirnaty,3.3,13:35:50,2,8,0.0
2026-08-20,Comirnaty,2.01,13:36:20,2,8,0.0
2026-08-20,Comirnaty,4.43,13:36:50,2,8,0.0
2026-08-20,Comirnaty,14.6,13:37:20,2,8,23.84
2026-08-20,Comirnaty,3.42,13:37:50,2,8,0.0
2026-08-20,Comirnaty,11.13,13:38:20,2,8,23.87
2026-08-20,Comirnaty,3.25,13:38:50,2,8,0.0
2026-08-20,Comirnaty,17.42,13:39:20,2,8,23.89
2026-08-20,Comirnaty,4.51,13:39:50,2,8,0.0
2026-08-20,Comirnaty,4.65,13:40:20,2,8,0.0
2026-08-20,Comirnaty,9.44,13:40:50,2,8,23.92
2026-08-20,Comirnaty,5.89,13:41:20,2,8,0.0
2026-08-20,Comirnaty,7.87,13:41:50,2,8,0.0
2026-08-20,Comirnaty,5.49,13:42:20,2,8,0.0
2026-08-20,Comirnaty,4.29,13:42:50,2,8,0.0
2026-08-20,Comirnaty,15.93,13:43:20,2,8,23.97
2026-08-20,Comirnaty,12.17,13:43:50,2,8,23.98
2026-08-20,Comirnaty,15.27,13:44:20,2,8,24.0
2026-08-20,Comirnaty,16.95,13:44:50,2,8,24.01
2026-08-20,Comirnaty,2.04,13:45:20,2,8,0.0
2026-08-20,Comirnaty,10.64,13:45:50,2,8,24.03
2026-08-20,Comirnaty,5.68,13:46:20,2,8,0.0
2026-08-20,Comirnaty,16.22,13:46:50,2,8,24.05
2026-08-20,Comirnaty,11.57,13:47:20,2,8,24.06
2026-08-20,Comirnaty,9.58,13:47:50,2,8,24.07
2026-08-20,Comirnaty,3.38,13:48:20,2,8,0.0
2026-08-20,Comirnaty,11.71,13:48:50,2,8,24.09
2026-08-20,Comirnaty,4.77,13:49:20,2,8,0.0
2026-08-20,Comirnaty,17.67,13:49:50,2,8,24.12
2026-08-20,Comirnaty,7.22,13:50:20,2,8,0.0
2026-08-20,Comirnaty,14.82,13:50:50,2,8,24.14
2026-08-20,Comirnaty,9.08,13:51:20,2,8,24.15
2026-08-20,Comirnaty,6.48,13:51:50,2,8,0.0
2026-08-20,Comirnaty,2.57,13:52:20,2,8,0.0
2026-08-20,Comirnaty,12.95,13:52:50,2,8,24.18
2026-08-20,Comirnaty,4.38,13:53:20,2,8,0.0
2026-08-20,Comirnaty,10.28,13:53:50,2,8,24.2
2026-08-20,Comirnaty,5.01,13:54:20,2,8,0.0
2026-08-20,Comirnaty,16.43,13:54:50,2,8,24.22
2026-08-20,Comirnaty,6.68,13:55:20,2,8,0.0
2026-08-20,Comirnaty,15.11,13:55:50,2,8,24.24
2026-08-20,Comirnaty,7.37,13:56:20,2,8,0.0
2026-08-20,Comirnaty,12.4,13:56:50,2,8,24.27
2026-08-20,Comirnaty,11.57,13:57:20,2,8,24.28
2026-08-20,Comirnaty,9.24,13:57:50,2,8,24.29
2026-08-20,Comirnaty,15.5,13:58:20,2,8,24.3
2026-08-20,Comirnaty,13.66,13:58:50,2,8,24.31
2026-08-20,Comirnaty,14.5,13:59:20,2,8,24.32
2026-08-20,Comirnaty,5.12,13:59:50,2,8,0.0
2026-08-20,Comirnaty,7.17,14:00:20,2,8,0.0
2026-08-20,Comirnaty,4.4,14:00:50,2,8,0.0
2026-08-20,Comirnaty,11.18,14:01:20,2,8,24.36
2026-08-20,Comirnaty,9.65,14:01:50,2,8,24.38
2026-08-20,Comirnaty,7.36,14:02:20,2,8,0.0
2026-08-20,Comirnaty,14.52,14:02:50,2,8,24.4
2026-08-20,Comirnaty,13.57,14:03:20,2,8,24.41
2026-08-20,Comirnaty,14.31,14:03:50,2,8,24.42
2026-08-20,Comirnaty,13.33,14:04:20,2,8,24.43
2026-08-20,Comirnaty,10.4,14:04:50,2,8,24.44
2026-08-20,Comirnaty,11.94,14:05:20,2,8,24.45
2026-08-20,Comirnaty,14.23,14:05:50,2,8,24.46
2026-08-20,Comirnaty,17.72,14:06:20,2,8,24.47
2026-08-20,Comirnaty,4.19,14:06:50,2,8,0.0
2026-08-20,Comirnaty,11.55,14:07:20,2,8,24.49
2026-08-20,Comirnaty,16.88,14:07:50,2,8,24.51
2026-08-20,Comirnaty,5.79,14:08:20,2,8,0.0
2026-08-20,Comirnaty,16.22,14:08:50,2,8,24.53
2026-08-20,Comirnaty,5.42,14:09:20,2,8,0.0
2026-08-20,Comirnaty,16.82,14:09:50,2,8,24.55
2026-08-20,Comirnaty,16.93,14:10:20,2,8,24.56
2026-08-20,Comirnaty,15.93,14:10:50,2,8,24.57
2026-08-20,Comirnaty,12.53,14:11:20,2,8,24.58
2026-08-20,Comirnaty,3.17,14:11:50,2,8,0.0
2026-08-20,Comirnaty,6.8,14:12:20,2,8,0.0
2026-08-20,Comirnaty,17.64,14:12:50,2,8,24.61
2026-08-20,Comirnaty,2.47,14:13:20,2,8,0.0
2026-08-20,Comirnaty,16.72,14:13:50,2,8,24.64
2026-08-20,Comirnaty,17.84,14:14:20,2,8,24.65
2026-08-20,Comirnaty,3.2,14:14:50,2,8,0.0
2026-08-20,Comirnaty,11.87,14:15:20,2,8,24.67
2026-08-20,Comirnaty,15.91,14:15:50,2,8,24.68
2026-08-20,Comirnaty,17.76,14:16:20,2,8,24.69
2026-08-20,Comirnaty,6.97,14:16:50,2,8,0.0
2026-08-20,Comirnaty,6.58,14:17:20,2,8,0.0
2026-08-20,Comirnaty,3.85,14:17:50,2,8,0.0
2026-08-20,Comirnaty,3.25,14:18:20,2,8,0.0
2026-08-20,Comirnaty,16.03,14:18:50,2,8,24.74
2026-08-20,Comirnaty,2.14,14:19:20,2,8,0.0
2026-08-20,Comirnaty,14.65,14:19:50,2,8,24.77
2026-08-20,Comirnaty,13.15,14:20:20,2,8,24.78
2026-08-20,Comirnaty,15.02,14:20:50,2,8,24.79
2026-08-20,Comirnaty,13.11,14:21:20,2,8,24.8
2026-08-20,Comirnaty,10.33,14:21:50,2,8,24.81
2026-08-20,Comirnaty,10.76,14:22:20,2,8,24.82
2026-08-20,Comirnaty,13.52,14:22:50,2,8,24.83
2026-08-20,Comirnaty,16.14,14:23:20,2,8,24.84
2026-08-20,Comirnaty,2.15,14:23:50,2,8,0.0
2026-08-20,Comirnaty,14.11,14:24:20,2,8,24.86
2026-08-20,Comirnaty,13.07,14:24:50,2,8,24.87
2026-08-20,Comirnaty,9.01,14:25:20,2,8,24.88
2026-08-20,Comirnaty,15.24,14:25:50,2,8,24.89
2026-08-20,Comirnaty,13.81,14:26:20,2,8,24.91
2026-08-20,Comirnaty,7.46,14:26:50,2,8,0.0
2026-08-20,Comirnaty,16.61,14:27:20,2,8,24.93
2026-08-20,Comirnaty,5.84,14:27:50,2,8,0.0
2026-08-20,Comirnaty,7.58,14:28:20,2,8,0.0
2026-08-20,Comirnaty,6.39,14:28:50,2,8,0.0
2026-08-20,Comirnaty,5.28,14:29:20,2,8,0.0
2026-08-20,Comirnaty,14.07,14:29:50,2,8,24.98
2026-08-20,Comirnaty,3.39,14:30:20,2,8,0.0
2026-08-20,Comirnaty,13.73,14:30:50,2,8,25.0
2026-08-20,Comirnaty,3.55,14:31:20,2,8,0.0
2026-08-20,Comirnaty,7.96,14:31:50,2,8,0.0
2026-08-20,Comirnaty,9.59,14:32:20,2,8,25.04
2026-08-20,Comirnaty,13.6,14:32:50,2,8,25.05
2026-08-20,Comirnaty,15.5,14:33:20,2,8,25.06
2026-08-20,Comirnaty,5.1,14:33:50,2,8,0.0
2026-08-20,Comirnaty,7.28,14:34:20,2,8,0.0
2026-08-20,Comirnaty,14.47,14:34:50,2,8,25.09
2026-08-20,Comirnaty,17.35,14:35:20,2,8,25.1
2026-08-20,Comirnaty,7.36,14:35:50,2,8,0.0
2026-08-20,Comirnaty,5.88,14:36:20,2,8,0.0
2026-08-20,Comirnaty,9.33,14:36:50,2,8,25.13
2026-08-20,Comirnaty,15.98,14:37:20,2,8,25.14
2026-08-20,Comirnaty,3.56,14:37:50,2,8,0.0
2026-08-20,Comirnaty,3.32,14:38:20,2,8,0.0
2026-08-20,Comirnaty,11.23,14:38:50,2,8,25.18
2026-08-20,Comirnaty,14.87,14:39:20,2,8,25.19
2026-08-20,Comirnaty,3.29,14:39:50,2,8,0.0
2026-08-20,Comirnaty,13.93,14:40:20,2,8,25.21
2026-08-20,Comirnaty,12.48,14:40:50,2,8,25.22
2026-08-20,Comirnaty,14.49,14:41:20,2,8,25.23
2026-08-20,Comirnaty,17.54,14:41:50,2,8,25.24
2026-08-20,Comirnaty,12.19,14:42:20,2,8,25.25
2026-08-20,Comirnaty,9.92,14:42:50,2,8,25.26
2026-08-20,Comirnaty,16.34,14:43:20,2,8,25.27
2026-08-20,Comirnaty,12.84,14:43:50,2,8,25.29
2026-08-20,Comirnaty,10.65,14:44:20,2,8,25.3
2026-08-20,Comirnaty,4.42,14:44:50,2,8,0.0
2026-08-20,Comirnaty,7.73,14:45:20,2,8,0.0
2026-08-20,Comirnaty,9.01,14:45:50,2,8,25.33
2026-08-20,Comirnaty,14.62,14:46:20,2,8,25.34
2026-08-20,Comirnaty,17.39,14:46:50,2,8,25.35
2026-08-20,Comirnaty,12.26,14:47:20,2,8,25.36
2026-08-20,Comirnaty,3.97,14:47:50,2,8,0.0
2026-08-20,Comirnaty,4.38,14:48:20,2,8,0.0
2026-08-20,Comirnaty,15.5,14:48:50,2,8,25.39
2026-08-20,Comirnaty,17.03,14:49:20,2,8,25.4
2026-08-20,Comirnaty,14.04,14:49:50,2,8,25.42
2026-08-20,Comirnaty,10.5,14:50:20,2,8,25.43
2026-08-20,Comirnaty,12.78,14:50:50,2,8,25.44
2026-08-20,Comirnaty,14.21,14:51:20,2,8,25.45
2026-08-20,Comirnaty,4.78,14:51:50,2,8,0.0
2026-08-20,Comirnaty,17.93,14:52:20,2,8,25.47
2026-08-20,Comirnaty,3.06,14:52:50,2,8,0.0
2026-08-20,Comirnaty,5.87,14:53:20,2,8,0.0
2026-08-20,Comirnaty,17.0,14:53:50,2,8,25.5
2026-08-20,Comirnaty,17.57,14:54:20,2,8,25.51
2026-08-20,Comirnaty,16.78,14:54:50,2,8,25.52
2026-08-20,Comirnaty,2.69,14:55:20,2,8,0.0
2026-08-20,Comirnaty,11.77,14:55:50,2,8,25.54
2026-08-20,Comirnaty,9.64,14:56:20,2,8,25.56
2026-08-20,Comirnaty,3.11,14:56:50,2,8,0.0
2026-08-20,Comirnaty,6.1,14:57:20,2,8,0.0
2026-08-20,Comirnaty,9.96,14:57:50,2,8,25.59
2026-08-20,Comirnaty,16.82,14:58:20,2,8,25.6
2026-08-20,Comirnaty,12.34,14:58:50,2,8,25.61
2026-08-20,Comirnaty,5.78,14:59:20,2,8,0.0
2026-08-20,Comirnaty,10.48,14:59:50,2,8,25.63
2026-08-20,Comirnaty,14.0,15:00:20,2,8,25.64
2026-08-20,Comirnaty,11.15,15:00:50,2,8,25.65
2026-08-20,Comirnaty,4.09,15:01:20,2,8,0.0
2026-08-20,Comirnaty,4.55,15:01:50,2,8,0.0
2026-08-20,Comirnaty,10.78,15:02:20,2,8,25.69
2026-08-20,Comirnaty,6.52,15:02:50,2,8,0.0
2026-08-20,Comirnaty,15.44,15:03:20,2,8,25.71
2026-08-20,Comirnaty,15.22,15:03:50,2,8,25.72
2026-08-20,Comirnaty,5.74,15:04:20,2,8,0.0
2026-08-20,Comirnaty,14.34,15:04:50,2,8,25.74
2026-08-20,Comirnaty,2.59,15:05:20,2,8,0.0
2026-08-20,Comirnaty,5.25,15:05:50,2,8,0.0
2026-08-20,Comirnaty,15.52,15:06:20,2,8,25.77
2026-08-20,Comirnaty,17.54,15:06:50,2,8,25.78
2026-08-20,Comirnaty,14.14,15:07:20,2,8,25.79
2026-08-20,Comirnaty,4.72,15:07:50,2,8,0.0
2026-08-20,Comirnaty,11.39,15:08:20,2,8,25.82
2026-08-20,Comirnaty,3.8,15:08:50,2,8,0.0
2026-08-20,Comirnaty,5.39,15:09:20,2,8,0.0
2026-08-20,Comirnaty,5.15,15:09:50,2,8,0.0
2026-08-20,Comirnaty,14.62,15:10:20,2,8,25.86
2026-08-20,Comirnaty,12.23,15:10:50,2,8,25.87
2026-08-20,Comirnaty,9.96,15:11:20,2,8,25.88
2026-08-20,Comirnaty,15.45,15:11:50,2,8,25.89
2026-08-20,Comirnaty,7.44,15:12:20,2,8,0.0
2026-08-20,Comirnaty,7.64,15:12:50,2,8,0.0
2026-08-20,Comirnaty,9.29,15:13:20,2,8,25.92
2026-08-20,Comirnaty,13.76,15:13:50,2,8,25.93
2026-08-20,Comirnaty,9.81,15:14:20,2,8,25.95
2026-08-20,Comirnaty,9.16,15:14:50,2,8,25.96
2026-08-20,Comirnaty,2.51,15:15:20,2,8,0.0
2026-08-20,Comirnaty,7.01,15:15:50,2,8,0.0
2026-08-20,Comirnaty,11.9,15:16:20,2,8,25.99
2026-08-20,Comirnaty,2.1,15:16:50,2,8,0.0
2026-08-20,Comirnaty,3.62,15:17:20,2,8,0.0
2026-08-20,Comirnaty,14.94,15:17:50,2,8,26.02
2026-08-20,Comirnaty,6.63,15:18:20,2,8,0.0
2026-08-20,Comirnaty,10.33,15:18:50,2,8,26.04
2026-08-20,Comirnaty,17.54,15:19:20,2,8,26.05
2026-08-20,Comirnaty,14.0,15:19:50,2,8,26.07
2026-08-20,Comirnaty,9.73,15:20:20,2,8,26.08
2026-08-20,Comirnaty,11.48,15:20:50,2,8,26.09
2026-08-20,Comirnaty,11.96,15:21:20,2,8,26.1
2026-08-20,Comirnaty,13.8,15:21:50,2,8,26.11
2026-08-20,Comirnaty,9.24,15:22:20,2,8,26.12
2026-08-20,Comirnaty,17.28,15:22:50,2,8,26.13
2026-08-20,Comirnaty,2.09,15:23:20,2,8,0.0
2026-08-20,Comirnaty,14.99,15:23:50,2,8,26.15
2026-08-20,Comirnaty,5.8,15:24:20,2,8,0.0
2026-08-20,Comirnaty,17.23,15:24:50,2,8,26.17
2026-08-20,Comirnaty,12.42,15:25:20,2,8,26.18
2026-08-20,Comirnaty,5.18,15:25:50,2,8,0.0
2026-08-20,Comirnaty,16.85,15:26:20,2,8,26.21
2026-08-20,Comirnaty,3.09,15:26:50,2,8,0.0
2026-08-20,Comirnaty,7.94,15:27:20,2,8,0.0
2026-08-20,Comirnaty,2.71,15:27:50,2,8,0.0
2026-08-20,Comirnaty,2.21,15:28:20,2,8,0.0
2026-08-20,Comirnaty,15.72,15:28:50,2,8,26.26
2026-08-20,Comirnaty,3.47,15:29:20,2,8,0.0
2026-08-20,Comirnaty,2.96,15:29:50,2,8,0.0
2026-08-20,Comirnaty,6.47,15:30:20,2,8,0.0
2026-08-20,Comirnaty,6.28,15:30:50,2,8,0.0
2026-08-20,Comirnaty,6.18,15:31:20,2,8,0.0
2026-08-20,Comirnaty,9.45,15:31:50,2,8,26.32
2026-08-20,Comirnaty,15.96,15:32:20,2,8,26.34
2026-08-20,Comirnaty,13.46,15:32:50,2,8,26.35
2026-08-20,Comirnaty,6.25,15:33:20,2,8,0.0
2026-08-20,Comirnaty,6.53,15:33:50,2,8,0.0
2026-08-20,Comirnaty,13.21,15:34:20,2,8,26.38
2026-08-20,Comirnaty,10.55,15:34:50,2,8,26.39
2026-08-20,Comirnaty,7.21,15:35:20,2,8,0.0
2026-08-20,Comirnaty,9.33,15:35:50,2,8,26.41
2026-08-20,Comirnaty,7.52,15:36:20,2,8,0.0
2026-08-20,Comirnaty,2.02,15:36:50,2,8,0.0
2026-08-20,Comirnaty,3.47,15:37:20,2,8,0.0
2026-08-20,Comirnaty,7.99,15:37:50,2,8,0.0
2026-08-20,Comirnaty,14.46,15:38:20,2,8,26.47
2026-08-20,Comirnaty,13.5,15:38:50,2,8,26.48
2026-08-20,Comirnaty,17.02,15:39:20,2,8,26.49
2026-08-20,Comirnaty,6.91,15:39:50,2,8,0.0
2026-08-20,Comirnaty,14.31,15:40:20,2,8,26.51
2026-08-20,Comirnaty,5.3,15:40:50,2,8,0.0
2026-08-20,Comirnaty,2.89,15:41:20,2,8,0.0
2026-08-20,Comirnaty,13.16,15:41:50,2,8,26.54
2026-08-20,Comirnaty,16.38,15:42:20,2,8,26.55
2026-08-20,Comirnaty,4.41,15:42:50,2,8,0.0
2026-08-20,Comirnaty,14.51,15:43:20,2,8,26.57
2026-08-20,Comirnaty,9.85,15:43:50,2,8,26.59
2026-08-20,Comirnaty,12.3,15:44:20,2,8,26.6
2026-08-20,Comirnaty,10.56,15:44:50,2,8,26.61
2026-08-20,Comirnaty,12.1,15:45:20,2,8,26.62
2026-08-20,Comirnaty,10.66,15:45:50,2,8,26.63
2026-08-20,Comirnaty,13.24,15:46:20,2,8,26.64
2026-08-20,Comirnaty,14.96,15:46:50,2,8,26.65
2026-08-20,Comirnaty,14.23,15:47:20,2,8,26.66
2026-08-20,Comirnaty,11.9,15:47:50,2,8,26.67
2026-08-20,Comirnaty,3.36,15:48:20,2,8,0.0
2026-08-20,Comirnaty,11.72,15:48:50,2,8,26.69
2026-08-20,Comirnaty,11.63,15:49:20,2,8,26.7
2026-08-20,Comirnaty,15.41,15:49:50,2,8,26.72
2026-08-20,Comirnaty,12.39,15:50:20,2,8,26.73
2026-08-20,Comirnaty,11.54,15:50:50,2,8,26.74
2026-08-20,Comirnaty,14.63,15:51:20,2,8,26.75
2026-08-20,Comirnaty,4.75,15:51:50,2,8,0.0
2026-08-20,Comirnaty,17.98,15:52:20,2,8,26.77
2026-08-20,Comirnaty,15.4,15:52:50,2,8,26.78
2026-08-20,Comirnaty,9.68,15:53:20,2,8,26.79
2026-08-20,Comirnaty,13.3,15:53:50,2,8,26.8
2026-08-20,Comirnaty,7.38,15:54:20,2,8,0.0
2026-08-20,Comirnaty,11.66,15:54:50,2,8,26.82
2026-08-20,Comirnaty,11.73,15:55:20,2,8,26.83
2026-08-20,Comirnaty,3.08,15:55:50,2,8,0.0
2026-08-20,Comirnaty,13.03,15:56:20,2,8,26.86
2026-08-20,Comirnaty,5.17,15:56:50,2,8,0.0
2026-08-20,Comirnaty,4.18,15:57:20,2,8,0.0
2026-08-20,Comirnaty,2.31,15:57:50,2,8,0.0
2026-08-20,Comirnaty,4.24,15:58:20,2,8,0.0
2026-08-20,Comirnaty,14.6,15:58:50,2,8,26.91
2026-08-20,Comirnaty,3.07,15:59:20,2,8,0.0
2026-08-20,Comirnaty,13.15,15:59:50,2,8,26.93
2026-08-20,Comirnaty,17.08,16:00:20,2,8,26.94
2026-08-20,Comirnaty,12.04,16:00:50,2,8,26.95
2026-08-20,Comirnaty,10.9,16:01:20,2,8,26.96
2026-08-20,Comirnaty,15.28,16:01:50,2,8,26.98
2026-08-20,Comirnaty,9.71,16:02:20,2,8,26.99
2026-08-20,Comirnaty,9.91,16:02:50,2,8,27.0
2026-08-20,Comirnaty,2.95,16:03:20,2,8,0.0
2026-08-20,Comirnaty,14.45,16:03:50,2,8,27.02
2026-08-20,Comirnaty,17.17,16:04:20,2,8,27.03
2026-08-20,Comirnaty,12.22,16:04:50,2,8,27.04
2026-08-20,Comirnaty,7.5,16:05:20,2,8,0.0
2026-08-20,Comirnaty,10.66,16:05:50,2,8,27.06
2026-08-20,Comirnaty,10.53,16:06:20,2,8,27.07
2026-08-20,Comirnaty,5.98,16:06:50,2,8,0.0
2026-08-20,Comirnaty,9.97,16:07:20,2,8,27.09
2026-08-20,Comirnaty,4.82,16:07:50,2,8,0.0
2026-08-20,Comirnaty,15.98,16:08:20,2,8,27.12
2026-08-20,Comirnaty,13.61,16:08:50,2,8,27.13
2026-08-20,Comirnaty,14.22,16:09:20,2,8,27.14
2026-08-20,Comirnaty,15.27,16:09:50,2,8,27.15
2026-08-20,Comirnaty,13.95,16:10:20,2,8,27.16
2026-08-20,Comirnaty,11.79,16:10:50,2,8,27.17
2026-08-20,Comirnaty,7.44,16:11:20,2,8,0.0
2026-08-20,Comirnaty,2.33,16:11:50,2,8,0.0
2026-08-20,Comirnaty,14.46,16:12:20,2,8,27.2
2026-08-20,Comirnaty,16.62,16:12:50,2,8,27.21
2026-08-20,Comirnaty,2.58,16:13:20,2,8,0.0
2026-08-20,Comirnaty,10.27,16:13:50,2,8,27.23
2026-08-20,Comirnaty,17.9,16:14:20,2,8,27.25
2026-08-20,Comirnaty,13.7,16:14:50,2,8,27.26
2026-08-20,Comirnaty,10.2,16:15:20,2,8,27.27
2026-08-20,Comirnaty,9.14,16:15:50,2,8,27.28
2026-08-20,Comirnaty,10.2,16:16:20,2,8,27.29
2026-08-20,Comirnaty,3.12,16:16:50,2,8,0.0
2026-08-20,Comirnaty,6.31,16:17:20,2,8,0.0
2026-08-20,Comirnaty,5.61,16:17:50,2,8,0.0
2026-08-20,Comirnaty,17.45,16:18:20,2,8,27.33
2026-08-20,Comirnaty,9.85,16:18:50,2,8,27.34
2026-08-20,Comirnaty,12.78,16:19:20,2,8,27.35
2026-08-20,Comirnaty,11.48,16:19:50,2,8,27.37
2026-08-20,Comirnaty,13.94,16:20:20,2,8,27.38
2026-08-20,Comirnaty,7.28,16:20:50,2,8,0.0
2026-08-20,Comirnaty,7.04,16:21:20,2,8,0.0
2026-08-20,Comirnaty,13.88,16:21:50,2,8,27.41
2026-08-20,Comirnaty,12.61,16:22:20,2,8,27.42
2026-08-20,Comirnaty,10.64,16:22:50,2,8,27.43
2026-08-20,Comirnaty,14.13,16:23:20,2,8,27.44
2026-08-20,Comirnaty,17.52,16:23:50,2,8,27.45
2026-08-20,Comirnaty,17.59,16:24:20,2,8,27.46
2026-08-20,Comirnaty,10.38,16:24:50,2,8,27.47
2026-08-20,Comirnaty,7.18,16:25:20,2,8,0.0
2026-08-20,Comirnaty,7.61,16:25:50,2,8,0.0
2026-08-20,Comirnaty,16.49,16:26:20,2,8,27.51
2026-08-20,Comirnaty,10.17,16:26:50,2,8,27.52
2026-08-20,Comirnaty,3.01,16:27:20,2,8,0.0
2026-08-20,Comirnaty,12.2,16:27:50,2,8,27.54
2026-08-20,Comirnaty,2.7,16:28:20,2,8,0.0
2026-08-20,Comirnaty,15.9,16:28:50,2,8,27.56
2026-08-20,Comirnaty,10.37,16:29:20,2,8,27.57
2026-08-20,Comirnaty,3.14,16:29:50,2,8,0.0
2026-08-20,Comirnaty,4.01,16:30:20,2,8,0.0
2026-08-20,Comirnaty,13.76,16:30:50,2,8,27.6
2026-08-20,Comirnaty,15.58,16:31:20,2,8,27.61
2026-08-20,Comirnaty,6.81,16:31:50,2,8,0.0
2026-08-20,Comirnaty,7.34,16:32:20,2,8,0.0
2026-08-20,Comirnaty,4.68,16:32:50,2,8,0.0
2026-08-20,Comirnaty,13.06,16:33:20,2,8,27.66
2026-08-20,Comirnaty,6.82,16:33:50,2,8,0.0
2026-08-20,Comirnaty,16.66,16:34:20,2,8,27.68
2026-08-20,Comirnaty,10.8,16:34:50,2,8,27.69
2026-08-20,Comirnaty,5.5,16:35:20,2,8,0.0
2026-08-20,Comirnaty,5.95,16:35:50,2,8,0.0
2026-08-20,Comirnaty,16.02,16:36:20,2,8,27.72
2026-08-20,Comirnaty,7.23,16:36:50,2,8,0.0
2026-08-20,Comirnaty,14.75,16:37:20,2,8,27.74
2026-08-20,Comirnaty,7.61,16:37:50,2,8,0.0
2026-08-20,Comirnaty,4.59,16:38:20,2,8,0.0
2026-08-20,Comirnaty,5.39,16:38:50,2,8,0.0
2026-08-20,Comirnaty,17.2,16:39:20,2,8,27.79
2026-08-20,Comirnaty,16.48,16:39:50,2,8,27.8
2026-08-20,Comirnaty,12.06,16:40:20,2,8,27.81
2026-08-20,Comirnaty,16.06,16:40:50,2,8,27.82
2026-08-20,Comirnaty,13.63,16:41:20,2,8,27.83
2026-08-20,Comirnaty,9.79,16:41:50,2,8,27.84
2026-08-20,Comirnaty,17.46,16:42:20,2,8,27.85
2026-08-20,Comirnaty,7.97,16:42:50,2,8,0.0
2026-08-20,Comirnaty,3.6,16:43:20,2,8,0.0
2026-08-20,Comirnaty,13.5,16:43:50,2,8,27.89
2026-08-20,Comirnaty,3.61,16:44:20,2,8,0.0
2026-08-20,Comirnaty,3.88,16:44:50,2,8,0.0
2026-08-20,Comirnaty,5.51,16:45:20,2,8,0.0
2026-08-20,Comirnaty,2.23,16:45:50,2,8,0.0
2026-08-20,Comirnaty,9.4,16:46:20,2,8,27.94
2026-08-20,Comirnaty,11.96,16:46:50,2,8,27.95
2026-08-20,Comirnaty,15.47,16:47:20,2,8,27.96
2026-08-20,Comirnaty,3.82,16:47:50,2,8,0.0
2026-08-20,Comirnaty,6.91,16:48:20,2,8,0.0
2026-08-20,Comirnaty,3.1,16:48:50,2,8,0.0
2026-08-20,Comirnaty,9.57,16:49:20,2,8,28.0
2026-08-20,Comirnaty,14.06,16:49:50,2,8,28.02
2026-08-20,Comirnaty,2.44,16:50:20,2,8,0.0
2026-08-20,Comirnaty,18.0,16:50:50,2,8,28.04
2026-08-20,Comirnaty,11.51,16:51:20,2,8,28.05
2026-08-20,Comirnaty,10.94,16:51:50,2,8,28.06
2026-08-20,Comirnaty,14.23,16:52:20,2,8,28.07
2026-08-20,Comirnaty,5.48,16:52:50,2,8,0.0
2026-08-20,Comirnaty,13.34,16:53:20,2,8,28.09
2026-08-20,Comirnaty,13.55,16:53:50,2,8,28.1
2026-08-20,Comirnaty,10.48,16:54:20,2,8,28.11
2026-08-20,Comirnaty,9.67,16:54:50,2,8,28.12
2026-08-20,Comirnaty,9.68,16:55:20,2,8,28.13
2026-08-20,Comirnaty,12.03,16:55:50,2,8,28.14
2026-08-20,Comirnaty,17.93,16:56:20,2,8,28.16
2026-08-20,Comirnaty,4.56,16:56:50,2,8,0.0
2026-08-20,Comirnaty,12.85,16:57:20,2,8,28.18
2026-08-20,Comirnaty,4.41,16:57:50,2,8,0.0
2026-08-20,Comirnaty,10.25,16:58:20,2,8,28.2
2026-08-20,Comirnaty,10.87,16:58:50,2,8,28.21
2026-08-20,Comirnaty,4.07,16:59:20,2,8,0.0
2026-08-20,Comirnaty,16.77,16:59:50,2,8,28.23
2026-08-20,Comirnaty,2.34,17:00:20,2,8,0.0
2026-08-20,Comirnaty,6.96,17:00:50,2,8,0.0
2026-08-20,Comirnaty,10.06,17:01:20,2,8,28.26
2026-08-20,Comirnaty,7.98,17:01:50,2,8,0.0
2026-08-20,Comirnaty,10.74,17:02:20,2,8,28.29
2026-08-20,Comirnaty,13.18,17:02:50,2,8,28.3
2026-08-20,Comirnaty,2.17,17:03:20,2,8,0.0
2026-08-20,Comirnaty,6.1,17:03:50,2,8,0.0
2026-08-20,Comirnaty,4.69,17:04:20,2,8,0.0
2026-08-20,Comirnaty,5.38,17:04:50,2,8,0.0
2026-08-20,Comirnaty,11.79,17:05:20,2,8,28.35
2026-08-20,Comirnaty,17.61,17:05:50,2,8,28.36
2026-08-20,Comirnaty,6.63,17:06:20,2,8,0.0
2026-08-20,Comirnaty,12.19,17:06:50,2,8,28.38
2026-08-20,Comirnaty,3.19,17:07:20,2,8,0.0
2026-08-20,Comirnaty,14.16,17:07:50,2,8,28.41
2026-08-20,Comirnaty,16.97,17:08:20,2,8,28.42
2026-08-20,Comirnaty,10.1,17:08:50,2,8,28.43
2026-08-20,Comirnaty,14.99,17:09:20,2,8,28.44
2026-08-20,Comirnaty,5.46,17:09:50,2,8,0.0
2026-08-20,Comirnaty,15.76,17:10:20,2,8,28.46
2026-08-20,Comirnaty,15.89,17:10:50,2,8,28.47
2026-08-20,Comirnaty,11.74,17:11:20,2,8,28.48
2026-08-20,Comirnaty,17.23,17:11:50,2,8,28.49
2026-08-20,Comirnaty,3.27,17:12:20,2,8,0.0
2026-08-20,Comirnaty,15.04,17:12:50,2,8,28.51
2026-08-20,Comirnaty,7.94,17:13:20,2,8,0.0
2026-08-20,Comirnaty,7.4,17:13:50,2,8,0.0
2026-08-20,Comirnaty,17.16,17:14:20,2,8,28.55
2026-08-20,Comirnaty,7.38,17:14:50,2,8,0.0
2026-08-20,Comirnaty,13.03,17:15:20,2,8,28.57
2026-08-20,Comirnaty,15.99,17:15:50,2,8,28.58
2026-08-20,Comirnaty,11.71,17:16:20,2,8,28.59
2026-08-20,Comirnaty,10.65,17:16:50,2,8,28.6
2026-08-20,Comirnaty,10.33,17:17:20,2,8,28.61
2026-08-20,Comirnaty,13.1,17:17:50,2,8,28.62
2026-08-20,Comirnaty,6.32,17:18:20,2,8,0.0
2026-08-20,Comirnaty,2.71,17:18:50,2,8,0.0
2026-08-20,Comirnaty,7.68,17:19:20,2,8,0.0
2026-08-20,Comirnaty,14.59,17:19:50,2,8,28.67
2026-08-20,Comirnaty,12.76,17:20:20,2,8,28.68
2026-08-20,Comirnaty,9.9,17:20:50,2,8,28.69
2026-08-20,Comirnaty,7.8,17:21:20,2,8,0.0
2026-08-20,Comirnaty,5.15,17:21:50,2,8,0.0
2026-08-20,Comirnaty,15.88,17:22:20,2,8,28.72
2026-08-20,Comirnaty,4.61,17:22:50,2,8,0.0
2026-08-20,Comirnaty,6.36,17:23:20,2,8,0.0
2026-08-20,Comirnaty,2.48,17:23:50,2,8,0.0
2026-08-20,Comirnaty,13.47,17:24:20,2,8,28.76
2026-08-20,Comirnaty,17.66,17:24:50,2,8,28.77
2026-08-20,Comirnaty,17.72,17:25:20,2,8,28.78
2026-08-20,Comirnaty,13.54,17:25:50,2,8,28.79
2026-08-20,Comirnaty,5.29,17:26:20,2,8,0.0
2026-08-20,Comirnaty,11.49,17:26:50,2,8,28.82
2026-08-20,Comirnaty,16.12,17:27:20,2,8,28.83
2026-08-20,Comirnaty,16.89,17:27:50,2,8,28.84
2026-08-20,Comirnaty,15.23,17:28:20,2,8,28.85
2026-08-20,Comirnaty,13.16,17:28:50,2,8,28.86
2026-08-20,Comirnaty,16.13,17:29:20,2,8,28.87
2026-08-20,Comirnaty,14.24,17:29:50,2,8,28.88
2026-08-20,Comirnaty,4.82,17:30:20,2,8,0.0
2026-08-20,Comirnaty,11.46,17:30:50,2,8,28.9
2026-08-20,Comirnaty,9.14,17:31:20,2,8,28.91
2026-08-20,Comirnaty,13.69,17:31:50,2,8,28.93
2026-08-20,Comirnaty,6.01,17:32:20,2,8,0.0
2026-08-20,Comirnaty,6.13,17:32:50,2,8,0.0
2026-08-20,Comirnaty,14.8,17:33:20,2,8,28.96
2026-08-20,Comirnaty,6.19,17:33:50,2,8,0.0
2026-08-20,Comirnaty,14.23,17:34:20,2,8,28.98
2026-08-20,Comirnaty,6.33,17:34:50,2,8,0.0
2026-08-20,Comirnaty,3.67,17:35:20,2,8,0.0
2026-08-20,Comirnaty,16.98,17:35:50,2,8,29.01
2026-08-20,Comirnaty,3.9,17:36:20,2,8,0.0
2026-08-20,Comirnaty,5.99,17:36:50,2,8,0.0
2026-08-20,Comirnaty,13.59,17:37:20,2,8,29.04
2026-08-20,Comirnaty,6.33,17:37:50,2,8,0.0
2026-08-20,Comirnaty,3.05,17:38:20,2,8,0.0
2026-08-20,Comirnaty,14.07,17:38:50,2,8,29.08
2026-08-20,Comirnaty,12.54,17:39:20,2,8,29.09
2026-08-20,Comirnaty,12.95,17:39:50,2,8,29.1
2026-08-20,Comirnaty,9.53,17:40:20,2,8,29.11
2026-08-20,Comirnaty,15.81,17:40:50,2,8,29.12
2026-08-20,Comirnaty,17.75,17:41:20,2,8,29.13
2026-08-20,Comirnaty,10.87,17:41:50,2,8,29.14
2026-08-20,Comirnaty,9.91,17:42:20,2,8,29.15
2026-08-20,Comirnaty,14.78,17:42:50,2,8,29.16
2026-08-20,Comirnaty,17.96,17:43:20,2,8,29.17
2026-08-20,Comirnaty,5.43,17:43:50,2,8,0.0
2026-08-20,Comirnaty,2.7,17:44:20,2,8,0.0
2026-08-20,Comirnaty,2.37,17:44:50,2,8,0.0
2026-08-20,Comirnaty,9.12,17:45:20,2,8,29.22
2026-08-20,Comirnaty,18.0,17:45:50,2,8,29.23
2026-08-20,Comirnaty,12.49,17:46:20,2,8,29.24
2026-08-20,Comirnaty,2.17,17:46:50,2,8,0.0
2026-08-20,Comirnaty,3.8,17:47:20,2,8,0.0
2026-08-20,Comirnaty,6.71,17:47:50,2,8,0.0
2026-08-20,Comirnaty,15.16,17:48:20,2,8,29.28
2026-08-20,Comirnaty,13.53,17:48:50,2,8,29.29
2026-08-20,Comirnaty,9.34,17:49:20,2,8,29.3
2026-08-20,Comirnaty,17.53,17:49:50,2,8,29.32
2026-08-20,Comirnaty,17.82,17:50:20,2,8,29.33
2026-08-20,Comirnaty,5.46,17:50:50,2,8,0.0
2026-08-20,Comirnaty,17.7,17:51:20,2,8,29.35
2026-08-20,Comirnaty,6.22,17:51:50,2,8,0.0
2026-08-20,Comirnaty,11.89,17:52:20,2,8,29.37
2026-08-20,Comirnaty,10.1,17:52:50,2,8,29.38
2026-08-20,Comirnaty,14.74,17:53:20,2,8,29.39
2026-08-20,Comirnaty,9.13,17:53:50,2,8,29.4
2026-08-20,Comirnaty,17.33,17:54:20,2,8,29.41
2026-08-20,Comirnaty,13.8,17:54:50,2,8,29.42
2026-08-20,Comirnaty,5.24,17:55:20,2,8,0.0
2026-08-20,Comirnaty,13.1,17:55:50,2,8,29.45
2026-08-20,Comirnaty,15.81,17:56:20,2,8,29.46
2026-08-20,Comirnaty,9.3,17:56:50,2,8,29.47
2026-08-20,Comirnaty,12.97,17:57:20,2,8,29.48
2026-08-20,Comirnaty,11.14,17:57:50,2,8,29.49
2026-08-20,Comirnaty,4.65,17:58:20,2,8,0.0
2026-08-20,Comirnaty,15.44,17:58:50,2,8,29.51
2026-08-20,Comirnaty,14.04,17:59:20,2,8,29.52
2026-08-20,Comirnaty,2.27,17:59:50,2,8,0.0
2026-08-20,Comirnaty,3.31,18:00:20,2,8,0.0
2026-08-20,Comirnaty,11.29,18:00:50,2,8,29.55
2026-08-20,Comirnaty,11.96,18:01:20,2,8,29.56
2026-08-20,Comirnaty,5.52,18:01:50,2,8,0.0
2026-08-20,Comirnaty,10.22,18:02:20,2,8,29.59
2026-08-20,Comirnaty,13.59,18:02:50,2,8,29.6
2026-08-20,Comirnaty,11.67,18:03:20,2,8,29.61
2026-08-20,Comirnaty,14.78,18:03:50,2,8,29.62
2026-08-20,Comirnaty,17.39,18:04:20,2,8,29.63
2026-08-20,Comirnaty,7.54,18:04:50,2,8,0.0
2026-08-20,Comirnaty,5.6,18:05:20,2,8,0.0
2026-08-20,Comirnaty,3.05,18:05:50,2,8,0.0
2026-08-20,Comirnaty,9.68,18:06:20,2,8,29.67
2026-08-20,Comirnaty,13.67,18:06:50,2,8,29.68
2026-08-20,Comirnaty,5.26,18:07:20,2,8,0.0
2026-08-20,Comirnaty,11.93,18:07:50,2,8,29.71
2026-08-20,Comirnaty,6.73,18:08:20,2,8,0.0
2026-08-20,Comirnaty,16.66,18:08:50,2,8,29.73
2026-08-20,Comirnaty,14.32,18:09:20,2,8,29.74
2026-08-20,Comirnaty,16.77,18:09:50,2,8,29.75
2026-08-20,Comirnaty,5.81,18:10:20,2,8,0.0
2026-08-20,Comirnaty,5.4,18:10:50,2,8,0.0
2026-08-20,Comirnaty,12.68,18:11:20,2,8,29.78
2026-08-20,Comirnaty,10.83,18:11:50,2,8,29.79
2026-08-20,Comirnaty,11.06,18:12:20,2,8,29.8
2026-08-20,Comirnaty,11.84,18:12:50,2,8,29.81
2026-08-20,Comirnaty,9.98,18:13:20,2,8,29.82
2026-08-20,Comirnaty,3.76,18:13:50,2,8,0.0
2026-08-20,Comirnaty,10.58,18:14:20,2,8,29.85
2026-08-20,Comirnaty,10.84,18:14:50,2,8,29.86
2026-08-20,Comirnaty,7.09,18:15:20,2,8,0.0
2026-08-20,Comirnaty,4.74,18:15:50,2,8,0.0
2026-08-20,Comirnaty,13.33,18:16:20,2,8,29.89
2026-08-20,Comirnaty,5.84,18:16:50,2,8,0.0
2026-08-20,Comirnaty,6.72,18:17:20,2,8,0.0
2026-08-20,Comirnaty,5.32,18:17:50,2,8,0.0
2026-08-20,Comirnaty,7.39,18:18:20,2,8,0.0
2026-08-20,Comirnaty,9.31,18:18:50,2,8,29.94
2026-08-20,Comirnaty,10.7,18:19:20,2,8,29.95
2026-08-20,Comirnaty,14.09,18:19:50,2,8,29.97
2026-08-20,Comirnaty,3.75,18:20:20,2,8,0.0
2026-08-20,Comirnaty,16.95,18:20:50,2,8,29.99
2026-08-20,Comirnaty,2.35,18:21:20,2,8,0.0
2026-08-20,Comirnaty,2.26,18:21:50,2,8,0.0
2026-08-20,Comirnaty,4.08,18:22:20,2,8,0.0
2026-08-20,Comirnaty,16.67,18:22:50,2,8,30.03
2026-08-20,Comirnaty,3.41,18:23:20,2,8,0.0
2026-08-20,Comirnaty,2.73,18:23:50,2,8,0.0
2026-08-20,Comirnaty,12.4,18:24:20,2,8,30.06
2026-08-20,Comirnaty,12.41,18:24:50,2,8,30.07
2026-08-20,Comirnaty,14.12,18:25:20,2,8,30.08
2026-08-20,Comirnaty,7.39,18:25:50,2,8,0.0
2026-08-20,Comirnaty,5.96,18:26:20,2,8,0.0
2026-08-20,Comirnaty,3.89,18:26:50,2,8,0.0
2026-08-20,Comirnaty,12.58,18:27:20,2,8,30.13
2026-08-20,Comirnaty,10.7,18:27:50,2,8,30.14
2026-08-20,Comirnaty,10.58,18:28:20,2,8,30.15
2026-08-20,Comirnaty,13.63,18:28:50,2,8,30.16
2026-08-20,Comirnaty,4.34,18:29:20,2,8,0.0
2026-08-20,Comirnaty,13.13,18:29:50,2,8,30.18
2026-08-20,Comirnaty,10.28,18:30:20,2,8,30.19
2026-08-20,Comirnaty,14.82,18:30:50,2,8,30.2
2026-08-20,Comirnaty,11.0,18:31:20,2,8,30.21
2026-08-20,Comirnaty,5.44,18:31:50,2,8,0.0
2026-08-20,Comirnaty,13.99,18:32:20,2,8,30.24
2026-08-20,Comirnaty,11.05,18:32:50,2,8,30.25
2026-08-20,Comirnaty,10.78,18:33:20,2,8,30.26
2026-08-20,Comirnaty,14.63,18:33:50,2,8,30.27
2026-08-20,Comirnaty,4.08,18:34:20,2,8,0.0
2026-08-20,Comirnaty,7.32,18:34:50,2,8,0.0
2026-08-20,Comirnaty,2.93,18:35:20,2,8,0.0
2026-08-20,Comirnaty,3.49,18:35:50,2,8,0.0
2026-08-20,Comirnaty,9.01,18:36:20,2,8,30.32
2026-08-20,Comirnaty,16.73,18:36:50,2,8,30.33
2026-08-20,Comirnaty,11.16,18:37:20,2,8,30.34
2026-08-20,Comirnaty,4.18,18:37:50,2,8,0.0
2026-08-20,Comirnaty,3.05,18:38:20,2,8,0.0
2026-08-20,Comirnaty,3.39,18:38:50,2,8,0.0
2026-08-20,Comirnaty,10.86,18:39:20,2,8,30.39
2026-08-20,Comirnaty,14.76,18:39:50,2,8,30.4
2026-08-20,Comirnaty,16.61,18:40:20,2,8,30.41
2026-08-20,Comirnaty,7.02,18:40:50,2,8,0.0
2026-08-20,Comirnaty,9.32,18:41:20,2,8,30.43
2026-08-20,Comirnaty,10.76,18:41:50,2,8,30.44
2026-08-20,Comirnaty,9.11,18:42:20,2,8,30.45
2026-08-20,Comirnaty,13.81,18:42:50,2,8,30.46
2026-08-20,Comirnaty,7.26,18:43:20,2,8,0.0
2026-08-20,Comirnaty,2.61,18:43:50,2,8,0.0
2026-08-20,Comirnaty,14.21,18:44:20,2,8,30.5
2026-08-20,Comirnaty,12.71,18:44:50,2,8,30.51
2026-08-20,Comirnaty,9.56,18:45:20,2,8,30.52
2026-08-20,Comirnaty,11.74,18:45:50,2,8,30.53
2026-08-20,Comirnaty,15.68,18:46:20,2,8,30.54
2026-08-20,Comirnaty,4.4,18:46:50,2,8,0.0
2026-08-20,Comirnaty,11.78,18:47:20,2,8,30.56
2026-08-20,Comirnaty,9.46,18:47:50,2,8,30.57
2026-08-20,Comirnaty,13.74,18:48:20,2,8,30.58
2026-08-20,Comirnaty,2.04,18:48:50,2,8,0.0
2026-08-20,Comirnaty,6.15,18:49:20,2,8,0.0
2026-08-20,Comirnaty,13.49,18:49:50,2,8,30.62
2026-08-20,Comirnaty,3.44,18:50:20,2,8,0.0
2026-08-20,Comirnaty,13.74,18:50:50,2,8,30.64
2026-08-20,Comirnaty,14.17,18:51:20,2,8,30.65
2026-08-20,Comirnaty,9.58,18:51:50,2,8,30.66
2026-08-20,Comirnaty,2.06,18:52:20,2,8,0.0
2026-08-20,Comirnaty,17.99,18:52:50,2,8,30.68
2026-08-20,Comirnaty,5.22,18:53:20,2,8,0.0
2026-08-20,Comirnaty,5.98,18:53:50,2,8,0.0
2026-08-20,Comirnaty,13.84,18:54:20,2,8,30.71
2026-08-20,Comirnaty,13.55,18:54:50,2,8,30.72
2026-08-20,Comirnaty,11.71,18:55:20,2,8,30.73
2026-08-20,Comirnaty,15.23,18:55:50,2,8,30.74
2026-08-20,Comirnaty,9.81,18:56:20,2,8,30.76
2026-08-20,Comirnaty,9.11,18:56:50,2,8,30.77
2026-08-20,Comirnaty,3.42,18:57:20,2,8,0.0
2026-08-20,Comirnaty,12.65,18:57:50,2,8,30.79
2026-08-20,Comirnaty,10.17,18:58:20,2,8,30.8
2026-08-20,Comirnaty,10.71,18:58:50,2,8,30.81
2026-08-20,Comirnaty,16.77,18:59:20,2,8,30.82
2026-08-20,Comirnaty,4.43,18:59:50,2,8,0.0
2026-08-20,Comirnaty,12.45,19:00:20,2,8,30.84
2026-08-20,Comirnaty,10.6,19:00:50,2,8,30.85
2026-08-20,Comirnaty,16.02,19:01:20,2,8,30.86
2026-08-20,Comirnaty,5.94,19:01:50,2,8,0.0
2026-08-20,Comirnaty,13.7,19:02:20,2,8,30.89
2026-08-20,Comirnaty,6.67,19:02:50,2,8,0.0
2026-08-20,Comirnaty,11.7,19:03:20,2,8,30.91
2026-08-20,Comirnaty,5.33,19:03:50,2,8,0.0
2026-08-20,Comirnaty,5.17,19:04:20,2,8,0.0
2026-08-20,Comirnaty,3.17,19:04:50,2,8,0.0
2026-08-20,Comirnaty,17.23,19:05:20,2,8,30.95
2026-08-20,Comirnaty,2.63,19:05:50,2,8,0.0
2026-08-20,Comirnaty,10.44,19:06:20,2,8,30.97
2026-08-20,Comirnaty,15.94,19:06:50,2,8,30.98
2026-08-20,Comirnaty,5.63,19:07:20,2,8,0.0
2026-08-20,Comirnaty,11.16,19:07:50,2,8,31.01
2026-08-20,Comirnaty,3.0,19:08:20,2,8,0.0
2026-08-20,Comirnaty,14.41,19:08:50,2,8,31.03
2026-08-20,Comirnaty,16.17,19:09:20,2,8,31.04
2026-08-20,Comirnaty,6.29,19:09:50,2,8,0.0
2026-08-20,Comirnaty,13.28,19:10:20,2,8,31.06
2026-08-20,Comirnaty,15.26,19:10:50,2,8,31.07
2026-08-20,Comirnaty,9.67,19:11:20,2,8,31.08
2026-08-20,Comirnaty,3.28,19:11:50,2,8,0.0
2026-08-20,Comirnaty,13.79,19:12:20,2,8,31.1
2026-08-20,Comirnaty,14.79,19:12:50,2,8,31.11
2026-08-20,Comirnaty,9.81,19:13:20,2,8,31.12
2026-08-20,Comirnaty,5.23,19:13:50,2,8,0.0
2026-08-20,Comirnaty,12.67,19:14:20,2,8,31.15
2026-08-20,Comirnaty,6.51,19:14:50,2,8,0.0
2026-08-20,Comirnaty,11.59,19:15:20,2,8,31.17
2026-08-20,Comirnaty,14.65,19:15:50,2,8,31.18
2026-08-20,Comirnaty,14.91,19:16:20,2,8,31.19
2026-08-20,Comirnaty,14.59,19:16:50,2,8,31.2
2026-08-20,Comirnaty,10.25,19:17:20,2,8,31.21
2026-08-20,Comirnaty,17.92,19:17:50,2,8,31.22
2026-08-20,Comirnaty,11.12,19:18:20,2,8,31.23
2026-08-20,Comirnaty,5.91,19:18:50,2,8,0.0
2026-08-20,Comirnaty,13.29,19:19:20,2,8,31.25
2026-08-20,Comirnaty,13.39,19:19:50,2,8,31.27
2026-08-20,Comirnaty,16.55,19:20:20,2,8,31.28
2026-08-20,Comirnaty,16.16,19:20:50,2,8,31.29
2026-08-20,Comirnaty,9.19,19:21:20,2,8,31.3
2026-08-20,Comirnaty,15.55,19:21:50,2,8,31.31
2026-08-20,Comirnaty,11.23,19:22:20,2,8,31.32
2026-08-20,Comirnaty,7.28,19:22:50,2,8,0.0
2026-08-20,Comirnaty,16.47,19:23:20,2,8,31.34
2026-08-20,Comirnaty,11.59,19:23:50,2,8,31.35
2026-08-20,Comirnaty,5.45,19:24:20,2,8,0.0
2026-08-20,Comirnaty,5.58,19:24:50,2,8,0.0
2026-08-20,Comirnaty,16.89,19:25:20,2,8,31.38
2026-08-20,Comirnaty,7.58,19:25:50,2,8,0.0
2026-08-20,Comirnaty,12.45,19:26:20,2,8,31.41
2026-08-20,Comirnaty,6.84,19:26:50,2,8,0.0
2026-08-20,Comirnaty,4.1,19:27:20,2,8,0.0
2026-08-20,Comirnaty,13.12,19:27:50,2,8,31.44
2026-08-20,Comirnaty,12.51,19:28:20,2,8,31.45
2026-08-20,Comirnaty,3.63,19:28:50,2,8,0.0
2026-08-20,Comirnaty,11.66,19:29:20,2,8,31.47
2026-08-20,Comirnaty,3.31,19:29:50,2,8,0.0
2026-08-20,Comirnaty,7.89,19:30:20,2,8,0.0
2026-08-20,Comirnaty,14.42,19:30:50,2,8,31.5
2026-08-20,Comirnaty,9.98,19:31:20,2,8,31.51
2026-08-20,Comirnaty,12.04,19:31:50,2,8,31.53
2026-08-20,Comirnaty,13.51,19:32:20,2,8,31.54
2026-08-20,Comirnaty,10.66,19:32:50,2,8,31.55
2026-08-20,Comirnaty,7.89,19:33:20,2,8,0.0
2026-08-20,Comirnaty,2.02,19:33:50,2,8,0.0
2026-08-20,Comirnaty,11.79,19:34:20,2,8,31.58
2026-08-20,Comirnaty,4.42,19:34:50,2,8,0.0
2026-08-20,Comirnaty,12.47,19:35:20,2,8,31.6
2026-08-20,Comirnaty,2.12,19:35:50,2,8,0.0
2026-08-20,Comirnaty,10.53,19:36:20,2,8,31.62
2026-08-20,Comirnaty,14.11,19:36:50,2,8,31.63
2026-08-20,Comirnaty,14.17,19:37:20,2,8,31.64
2026-08-20,Comirnaty,3.52,19:37:50,2,8,0.0
2026-08-20,Comirnaty,15.94,19:38:20,2,8,31.67
2026-08-20,Comirnaty,3.95,19:38:50,2,8,0.0
2026-08-20,Comirnaty,15.14,19:39:20,2,8,31.69
2026-08-20,Comirnaty,10.43,19:39:50,2,8,31.7
2026-08-20,Comirnaty,17.43,19:40:20,2,8,31.71
2026-08-20,Comirnaty,5.73,19:40:50,2,8,0.0
2026-08-20,Comirnaty,16.89,19:41:20,2,8,31.73
2026-08-20,Comirnaty,3.78,19:41:50,2,8,0.0
2026-08-20,Comirnaty,5.74,19:42:20,2,8,0.0
2026-08-20,Comirnaty,6.17,19:42:50,2,8,0.0
2026-08-20,Comirnaty,7.69,19:43:20,2,8,0.0
2026-08-20,Comirnaty,4.75,19:43:50,2,8,0.0
2026-08-20,Comirnaty,15.32,19:44:20,2,8,31.8
2026-08-20,Comirnaty,17.96,19:44:50,2,8,31.81
2026-08-20,Comirnaty,11.71,19:45:20,2,8,31.82
2026-08-20,Comirnaty,2.99,19:45:50,2,8,0.0
2026-08-20,Comirnaty,15.4,19:46:20,2,8,31.84
2026-08-20,Comirnaty,4.13,19:46:50,2,8,0.0
2026-08-20,Comirnaty,4.06,19:47:20,2,8,0.0
2026-08-20,Comirnaty,12.59,19:47:50,2,8,31.87
2026-08-20,Comirnaty,2.42,19:48:20,2,8,0.0
2026-08-20,Comirnaty,6.22,19:48:50,2,8,0.0
2026-08-20,Comirnaty,6.95,19:49:20,2,8,0.0
2026-08-20,Comirnaty,14.21,19:49:50,2,8,31.92
2026-08-20,Comirnaty,7.84,19:50:20,2,8,0.0
2026-08-20,Comirnaty,16.69,19:50:50,2,8,31.94
2026-08-20,Comirnaty,3.49,19:51:20,2,8,0.0
2026-08-20,Comirnaty,3.09,19:51:50,2,8,0.0
2026-08-20,Comirnaty,2.14,19:52:20,2,8,0.0
2026-08-20,Comirnaty,11.97,19:52:50,2,8,31.98
2026-08-20,Comirnaty,15.11,19:53:20,2,8,31.99
2026-08-20,Comirnaty,15.42,19:53:50,2,8,32.0
2026-08-20,Comirnaty,6.03,19:54:20,2,8,0.0
2026-08-20,Comirnaty,11.57,19:54:50,2,8,32.02
2026-08-20,Comirnaty,10.07,19:55:20,2,8,32.03
2026-08-20,Comirnaty,13.12,19:55:50,2,8,32.05
2026-08-20,Comirnaty,10.57,19:56:20,2,8,32.06
2026-08-20,Comirnaty,9.41,19:56:50,2,8,32.07
2026-08-20,Comirnaty,10.65,19:57:20,2,8,32.08
2026-08-20,Comirnaty,17.65,19:57:50,2,8,32.09
2026-08-20,Comirnaty,5.09,19:58:20,2,8,0.0
2026-08-20,Comirnaty,10.9,19:58:50,2,8,32.11
2026-08-20,Comirnaty,10.82,19:59:20,2,8,32.12
2026-08-20,Comirnaty,15.95,19:59:50,2,8,32.13
2026-08-20,Comirnaty,2.35,20:00:20,2,8,0.0
2026-08-20,Comirnaty,13.3,20:00:50,2,8,32.15
2026-08-20,Comirnaty,17.17,20:01:20,2,8,32.16
2026-08-20,Comirnaty,3.42,20:01:50,2,8,0.0
2026-08-20,Comirnaty,12.85,20:02:20,2,8,32.19
2026-08-20,Comirnaty,13.1,20:02:50,2,8,32.2
2026-08-20,Comirnaty,12.02,20:03:20,2,8,32.21
2026-08-20,Comirnaty,9.77,20:03:50,2,8,32.22
2026-08-20,Comirnaty,6.96,20:04:20,2,8,0.0
2026-08-20,Comirnaty,12.59,20:04:50,2,8,32.24
2026-08-20,Comirnaty,17.72,20:05:20,2,8,32.25
2026-08-20,Comirnaty,2.82,20:05:50,2,8,0.0
2026-08-20,Comirnaty,7.4,20:06:20,2,8,0.0
2026-08-20,Comirnaty,2.65,20:06:50,2,8,0.0
2026-08-20,Comirnaty,3.68,20:07:20,2,8,0.0
2026-08-20,Comirnaty,2.04,20:07:50,2,8,0.0
2026-08-20,Comirnaty,9.68,20:08:20,2,8,32.32
2026-08-20,Comirnaty,13.13,20:08:50,2,8,32.33
2026-08-20,Comirnaty,3.1,20:09:20,2,8,0.0
2026-08-20,Comirnaty,13.17,20:09:50,2,8,32.35
2026-08-20,Comirnaty,17.78,20:10:20,2,8,32.36
2026-08-20,Comirnaty,11.18,20:10:50,2,8,32.37
2026-08-20,Comirnaty,16.84,20:11:20,2,8,32.38
2026-08-20,Comirnaty,14.46,20:11:50,2,8,32.39
2026-08-20,Comirnaty,13.46,20:12:20,2,8,32.4
2026-08-20,Comirnaty,5.98,20:12:50,2,8,0.0
2026-08-20,Comirnaty,16.22,20:13:20,2,8,32.42
2026-08-20,Comirnaty,12.14,20:13:50,2,8,32.44
2026-08-20,Comirnaty,4.28,20:14:20,2,8,0.0
2026-08-20,Comirnaty,7.13,20:14:50,2,8,0.0
2026-08-20,Comirnaty,17.16,20:15:20,2,8,32.47
2026-08-20,Comirnaty,14.83,20:15:50,2,8,32.48
2026-08-20,Comirnaty,11.85,20:16:20,2,8,32.49
2026-08-20,Comirnaty,10.16,20:16:50,2,8,32.5
2026-08-20,Comirnaty,7.74,20:17:20,2,8,0.0
2026-08-20,Comirnaty,16.83,20:17:50,2,8,32.52
2026-08-20,Comirnaty,17.44,20:18:20,2,8,32.53
2026-08-20,Comirnaty,9.89,20:18:50,2,8,32.54
2026-08-20,Comirnaty,6.21,20:19:20,2,8,0.0
2026-08-20,Comirnaty,17.88,20:19:50,2,8,32.57
2026-08-20,Comirnaty,9.09,20:20:20,2,8,32.58
2026-08-20,Comirnaty,17.3,20:20:50,2,8,32.59
2026-08-20,Comirnaty,2.25,20:21:20,2,8,0.0
2026-08-20,Comirnaty,13.84,20:21:50,2,8,32.61
2026-08-20,Comirnaty,7.57,20:22:20,2,8,0.0
2026-08-20,Comirnaty,15.95,20:22:50,2,8,32.63
2026-08-20,Comirnaty,17.23,20:23:20,2,8,32.64
2026-08-20,Comirnaty,12.92,20:23:50,2,8,32.65
2026-08-20,Comirnaty,2.4,20:24:20,2,8,0.0
2026-08-20,Comirnaty,17.56,20:24:50,2,8,32.67
2026-08-20,Comirnaty,10.89,20:25:20,2,8,32.68
2026-08-20,Comirnaty,10.16,20:25:50,2,8,32.7
2026-08-20,Comirnaty,17.55,20:26:20,2,8,32.71
2026-08-20,Comirnaty,11.19,20:26:50,2,8,32.72
2026-08-20,Comirnaty,3.72,20:27:20,2,8,0.0
2026-08-20,Comirnaty,7.79,20:27:50,2,8,0.0
2026-08-20,Comirnaty,10.74,20:28:20,2,8,32.75
2026-08-20,Comirnaty,3.52,20:28:50,2,8,0.0
2026-08-20,Comirnaty,5.61,20:29:20,2,8,0.0
2026-08-20,Comirnaty,7.77,20:29:50,2,8,0.0
2026-08-20,Comirnaty,17.08,20:30:20,2,8,32.79
2026-08-20,Comirnaty,15.89,20:30:50,2,8,32.8
2026-08-20,Comirnaty,3.22,20:31:20,2,8,0.0
2026-08-20,Comirnaty,16.75,20:31:50,2,8,32.83
2026-08-20,Comirnaty,9.44,20:32:20,2,8,32.84
2026-08-20,Comirnaty,14.55,20:32:50,2,8,32.85
2026-08-20,Comirnaty,12.14,20:33:20,2,8,32.86
2026-08-20,Comirnaty,16.12,20:33:50,2,8,32.87
2026-08-20,Comirnaty,5.55,20:34:20,2,8,0.0
2026-08-20,Comirnaty,9.18,20:34:50,2,8,32.89
2026-08-20,Comirnaty,10.09,20:35:20,2,8,32.9
2026-08-20,Comirnaty,5.49,20:35:50,2,8,0.0
2026-08-20,Comirnaty,2.31,20:36:20,2,8,0.0
2026-08-20,Comirnaty,6.76,20:36:50,2,8,0.0
2026-08-20,Comirnaty,11.87,20:37:20,2,8,32.94
2026-08-20,Comirnaty,14.73,20:37:50,2,8,32.96
2026-08-20,Comirnaty,7.05,20:38:20,2,8,0.0
2026-08-20,Comirnaty,14.69,20:38:50,2,8,32.98
2026-08-20,Comirnaty,17.44,20:39:20,2,8,32.99
2026-08-20,Comirnaty,4.29,20:39:50,2,8,0.0
2026-08-20,Comirnaty,10.54,20:40:20,2,8,33.01
2026-08-20,Comirnaty,10.41,20:40:50,2,8,33.02
2026-08-20,Comirnaty,12.16,20:41:20,2,8,33.03
2026-08-20,Comirnaty,4.78,20:41:50,2,8,0.0
2026-08-20,Comirnaty,15.85,20:42:20,2,8,33.05
2026-08-20,Comirnaty,11.61,20:42:50,2,8,33.06
2026-08-20,Comirnaty,13.0,20:43:20,2,8,33.07
2026-08-20,Comirnaty,2.84,20:43:50,2,8,0.0
2026-08-20,Comirnaty,16.9,20:44:20,2,8,33.1
2026-08-20,Comirnaty,13.13,20:44:50,2,8,33.11
2026-08-20,Comirnaty,10.12,20:45:20,2,8,33.12
2026-08-20,Comirnaty,10.76,20:45:50,2,8,33.13
2026-08-20,Comirnaty,2.69,20:46:20,2,8,0.0
2026-08-20,Comirnaty,17.77,20:46:50,2,8,33.15
2026-08-20,Comirnaty,16.13,20:47:20,2,8,33.16
2026-08-20,Comirnaty,10.35,20:47:50,2,8,33.17
2026-08-20,Comirnaty,17.25,20:48:20,2,8,33.18
2026-08-20,Comirnaty,3.1,20:48:50,2,8,0.0
2026-08-20,Comirnaty,14.36,20:49:20,2,8,33.2
2026-08-20,Comirnaty,10.53,20:49:50,2,8,33.22
2026-08-20,Comirnaty,3.67,20:50:20,2,8,0.0
2026-08-20,Comirnaty,16.35,20:50:50,2,8,33.24
2026-08-20,Comirnaty,11.07,20:51:20,2,8,33.25
2026-08-20,Comirnaty,9.84,20:51:50,2,8,33.26
2026-08-20,Comirnaty,7.74,20:52:20,2,8,0.0
2026-08-20,Comirnaty,5.57,20:52:50,2,8,0.0
2026-08-20,Comirnaty,9.69,20:53:20,2,8,33.29
2026-08-20,Comirnaty,3.0,20:53:50,2,8,0.0
2026-08-20,Comirnaty,16.96,20:54:20,2,8,33.31
2026-08-20,Comirnaty,10.89,20:54:50,2,8,33.32
2026-08-20,Comirnaty,3.92,20:55:20,2,8,0.0
2026-08-20,Comirnaty,10.6,20:55:50,2,8,33.34
2026-08-20,Comirnaty,14.03,20:56:20,2,8,33.36
2026-08-20,Comirnaty,9.34,20:56:50,2,8,33.37
2026-08-20,Comirnaty,12.8,20:57:20,2,8,33.38
2026-08-20,Comirnaty,12.17,20:57:50,2,8,33.39
2026-08-20,Comirnaty,2.58,20:58:20,2,8,0.0
2026-08-20,Comirnaty,7.79,20:58:50,2,8,0.0
2026-08-20,Comirnaty,14.11,20:59:20,2,8,33.42
2026-08-20,Comirnaty,10.0,20:59:50,2,8,33.43
2026-08-20,Comirnaty,14.08,21:00:20,2,8,33.44
2026-08-20,Comirnaty,7.81,21:00:50,2,8,0.0
2026-08-20,Comirnaty,17.93,21:01:20,2,8,33.46
2026-08-20,Comirnaty,11.7,21:01:50,2,8,33.48
2026-08-20,Comirnaty,15.43,21:02:20,2,8,33.49
2026-08-20,Comirnaty,10.59,21:02:50,2,8,33.5
2026-08-20,Comirnaty,13.29,21:03:20,2,8,33.51
2026-08-20,Comirnaty,11.55,21:03:50,2,8,33.52
2026-08-20,Comirnaty,2.6,21:04:20,2,8,0.0
2026-08-20,Comirnaty,5.12,21:04:50,2,8,0.0
2026-08-20,Comirnaty,12.35,21:05:20,2,8,33.55
2026-08-20,Comirnaty,17.55,21:05:50,2,8,33.56
2026-08-20,Comirnaty,11.36,21:06:20,2,8,33.57
2026-08-20,Comirnaty,6.62,21:06:50,2,8,0.0
2026-08-20,Comirnaty,3.69,21:07:20,2,8,0.0
2026-08-20,Comirnaty,3.62,21:07:50,2,8,0.0
2026-08-20,Comirnaty,7.14,21:08:20,2,8,0.0
2026-08-20,Comirnaty,4.9,21:08:50,2,8,0.0
2026-08-20,Comirnaty,7.31,21:09:20,2,8,0.0
2026-08-20,Comirnaty,3.9,21:09:50,2,8,0.0
2026-08-20,Comirnaty,6.75,21:10:20,2,8,0.0
2026-08-20,Comirnaty,14.88,21:10:50,2,8,33.67
2026-08-20,Comirnaty,17.1,21:11:20,2,8,33.68
2026-08-20,Comirnaty,3.36,21:11:50,2,8,0.0
2026-08-20,Comirnaty,9.43,21:12:20,2,8,33.7
2026-08-20,Comirnaty,17.06,21:12:50,2,8,33.71
2026-08-20,Comirnaty,14.95,21:13:20,2,8,33.72
2026-08-20,Comirnaty,6.6,21:13:50,2,8,0.0
2026-08-20,Comirnaty,4.4,21:14:20,2,8,0.0
2026-08-20,Comirnaty,5.82,21:14:50,2,8,0.0
2026-08-20,Comirnaty,9.72,21:15:20,2,8,33.77
2026-08-20,Comirnaty,10.88,21:15:50,2,8,33.78
2026-08-20,Comirnaty,17.96,21:16:20,2,8,33.79
2026-08-20,Comirnaty,3.77,21:16:50,2,8,0.0
2026-08-20,Comirnaty,13.5,21:17:20,2,8,33.81
2026-08-20,Comirnaty,5.15,21:17:50,2,8,0.0
2026-08-20,Comirnaty,10.05,21:18:20,2,8,33.83
2026-08-20,Comirnaty,16.25,21:18:50,2,8,33.84
2026-08-20,Comirnaty,6.43,21:19:20,2,8,0.0
2026-08-20,Comirnaty,5.75,21:19:50,2,8,0.0
2026-08-20,Comirnaty,2.19,21:20:20,2,8,0.0
2026-08-20,Comirnaty,17.97,21:20:50,2,8,33.89
2026-08-20,Comirnaty,10.41,21:21:20,2,8,33.9
2026-08-20,Comirnaty,15.25,21:21:50,2,8,33.91
2026-08-20,Comirnaty,2.53,21:22:20,2,8,0.0
2026-08-20,Comirnaty,2.28,21:22:50,2,8,0.0
2026-08-20,Comirnaty,4.71,21:23:20,2,8,0.0
2026-08-20,Comirnaty,12.28,21:23:50,2,8,33.95
2026-08-20,Comirnaty,12.2,21:24:20,2,8,33.96
2026-08-20,Comirnaty,3.08,21:24:50,2,8,0.0
2026-08-20,Comirnaty,10.99,21:25:20,2,8,33.98
2026-08-20,Comirnaty,6.98,21:25:50,2,8,0.0
2026-08-20,Comirnaty,15.14,21:26:20,2,8,34.01
2026-08-20,Comirnaty,16.05,21:26:50,2,8,34.02
2026-08-20,Comirnaty,13.36,21:27:20,2,8,34.03
2026-08-20,Comirnaty,15.77,21:27:50,2,8,34.04
2026-08-20,Comirnaty,11.72,21:28:20,2,8,34.05
2026-08-20,Comirnaty,16.17,21:28:50,2,8,34.06
2026-08-20,Comirnaty,11.23,21:29:20,2,8,34.07
2026-08-20,Comirnaty,2.78,21:29:50,2,8,0.0
2026-08-20,Comirnaty,2.76,21:30:20,2,8,0.0
2026-08-20,Comirnaty,5.55,21:30:50,2,8,0.0
2026-08-20,Comirnaty,11.41,21:31:20,2,8,34.11
2026-08-20,Comirnaty,12.45,21:31:50,2,8,34.12
2026-08-20,Comirnaty,14.25,21:32:20,2,8,34.14
2026-08-20,Comirnaty,11.86,21:32:50,2,8,34.15
2026-08-20,Comirnaty,15.04,21:33:20,2,8,34.16
2026-08-20,Comirnaty,7.75,21:33:50,2,8,0.0
2026-08-20,Comirnaty,3.93,21:34:20,2,8,0.0
2026-08-20,Comirnaty,16.04,21:34:50,2,8,34.19
2026-08-20,Comirnaty,7.2,21:35:20,2,8,0.0
2026-08-20,Comirnaty,7.57,21:35:50,2,8,0.0
2026-08-20,Comirnaty,16.51,21:36:20,2,8,34.22
2026-08-20,Comirnaty,14.69,21:36:50,2,8,34.23
2026-08-20,Comirnaty,6.53,21:37:20,2,8,0.0
2026-08-20,Comirnaty,13.62,21:37:50,2,8,34.26
2026-08-20,Comirnaty,17.51,21:38:20,2,8,34.27
2026-08-20,Comirnaty,9.92,21:38:50,2,8,34.28
2026-08-20,Comirnaty,15.16,21:39:20,2,8,34.29
2026-08-20,Comirnaty,4.35,21:39:50,2,8,0.0
2026-08-20,Comirnaty,11.37,21:40:20,2,8,34.31
2026-08-20,Comirnaty,11.73,21:40:50,2,8,34.32
2026-08-20,Comirnaty,10.2,21:41:20,2,8,34.33
2026-08-20,Comirnaty,9.73,21:41:50,2,8,34.34
2026-08-20,Comirnaty,6.71,21:42:20,2,8,0.0
2026-08-20,Comirnaty,3.47,21:42:50,2,8,0.0
2026-08-20,Comirnaty,14.77,21:43:20,2,8,34.37
2026-08-20,Comirnaty,4.03,21:43:50,2,8,0.0
2026-08-20,Comirnaty,5.58,21:44:20,2,8,0.0
2026-08-20,Comirnaty,10.38,21:44:50,2,8,34.41
2026-08-20,Comirnaty,15.43,21:45:20,2,8,34.42
2026-08-20,Comirnaty,11.79,21:45:50,2,8,34.43
2026-08-20,Comirnaty,3.85,21:46:20,2,8,0.0
2026-08-20,Comirnaty,7.88,21:46:50,2,8,0.0
2026-08-20,Comirnaty,11.87,21:47:20,2,8,34.46
2026-08-20,Comirnaty,5.66,21:47:50,2,8,0.0
2026-08-20,Comirnaty,11.41,21:48:20,2,8,34.48
2026-08-20,Comirnaty,14.09,21:48:50,2,8,34.49
2026-08-20,Comirnaty,9.22,21:49:20,2,8,34.5
2026-08-20,Comirnaty,10.86,21:49:50,2,8,34.52
2026-08-20,Comirnaty,13.0,21:50:20,2,8,34.53
2026-08-20,Comirnaty,14.2,21:50:50,2,8,34.54
2026-08-20,Comirnaty,6.3,21:51:20,2,8,0.0
2026-08-20,Comirnaty,2.28,21:51:50,2,8,0.0
2026-08-20,Comirnaty,13.41,21:52:20,2,8,34.57
2026-08-20,Comirnaty,7.35,21:52:50,2,8,0.0
2026-08-20,Comirnaty,17.27,21:53:20,2,8,34.59
2026-08-20,Comirnaty,6.46,21:53:50,2,8,0.0
2026-08-20,Comirnaty,7.22,21:54:20,2,8,0.0
2026-08-20,Comirnaty,17.81,21:54:50,2,8,34.62
2026-08-20,Comirnaty,4.19,21:55:20,2,8,0.0
2026-08-20,Comirnaty,11.98,21:55:50,2,8,34.64
2026-08-20,Comirnaty,14.33,21:56:20,2,8,34.66
2026-08-20,Comirnaty,11.6,21:56:50,2,8,34.67
2026-08-20,Comirnaty,3.42,21:57:20,2,8,0.0
2026-08-20,Comirnaty,10.36,21:57:50,2,8,34.69
2026-08-20,Comirnaty,12.95,21:58:20,2,8,34.7
2026-08-20,Comirnaty,3.53,21:58:50,2,8,0.0
2026-08-20,Comirnaty,14.7,21:59:20,2,8,34.72
2026-08-20,Comirnaty,2.53,21:59:50,2,8,0.0
2026-08-20,Comirnaty,17.05,22:00:20,2,8,34.74
2026-08-20,Comirnaty,5.77,22:00:50,2,8,0.0
2026-08-20,Comirnaty,4.5,22:01:20,2,8,0.0
2026-08-20,Comirnaty,7.12,22:01:50,2,8,0.0
2026-08-20,Comirnaty,7.66,22:02:20,2,8,0.0
2026-08-20,Comirnaty,7.34,22:02:50,2,8,0.0
2026-08-20,Comirnaty,5.33,22:03:20,2,8,0.0
2026-08-20,Comirnaty,2.83,22:03:50,2,8,0.0
2026-08-20,Comirnaty,15.81,22:04:20,2,8,34.83
2026-08-20,Comirnaty,7.17,22:04:50,2,8,0.0
2026-08-20,Comirnaty,11.65,22:05:20,2,8,34.85
2026-08-20,Comirnaty,14.57,22:05:50,2,8,34.86
2026-08-20,Comirnaty,5.8,22:06:20,2,8,0.0
2026-08-20,Comirnaty,3.79,22:06:50,2,8,0.0
2026-08-20,Comirnaty,15.7,22:07:20,2,8,34.89
2026-08-20,Comirnaty,3.71,22:07:50,2,8,0.0
2026-08-20,Comirnaty,10.33,22:08:20,2,8,34.92
2026-08-20,Comirnaty,5.42,22:08:50,2,8,0.0
2026-08-20,Comirnaty,14.26,22:09:20,2,8,34.94
2026-08-20,Comirnaty,15.2,22:09:50,2,8,34.95
2026-08-20,Comirnaty,16.31,22:10:20,2,8,34.96
2026-08-20,Comirnaty,9.39,22:10:50,2,8,34.97
2026-08-20,Comirnaty,7.24,22:11:20,2,8,0.0
2026-08-20,Comirnaty,5.15,22:11:50,2,8,0.0
2026-08-20,Comirnaty,4.01,22:12:20,2,8,0.0
2026-08-20,Comirnaty,17.11,22:12:50,2,8,35.01
2026-08-20,Comirnaty,6.08,22:13:20,2,8,0.0
2026-08-20,Comirnaty,15.78,22:13:50,2,8,35.04
2026-08-20,Comirnaty,12.13,22:14:20,2,8,35.05
2026-08-20,Comirnaty,15.59,22:14:50,2,8,35.06
2026-08-20,Comirnaty,14.19,22:15:20,2,8,35.07
2026-08-20,Comirnaty,7.82,22:15:50,2,8,0.0
2026-08-20,Comirnaty,14.21,22:16:20,2,8,35.09
2026-08-20,Comirnaty,10.5,22:16:50,2,8,35.1
2026-08-20,Comirnaty,9.8,22:17:20,2,8,35.11
2026-08-20,Comirnaty,11.22,22:17:50,2,8,35.12
2026-08-20,Comirnaty,16.89,22:18:20,2,8,35.13
2026-08-20,Comirnaty,3.85,22:18:50,2,8,0.0
2026-08-20,Comirnaty,5.96,22:19:20,2,8,0.0
2026-08-20,Comirnaty,4.76,22:19:50,2,8,0.0
2026-08-20,Comirnaty,4.47,22:20:20,2,8,0.0
2026-08-20,Comirnaty,7.32,22:20:50,2,8,0.0
2026-08-20,Comirnaty,4.7,22:21:20,2,8,0.0
2026-08-20,Comirnaty,13.93,22:21:50,2,8,35.21
2026-08-20,Comirnaty,17.32,22:22:20,2,8,35.22
2026-08-20,Comirnaty,11.56,22:22:50,2,8,35.23
2026-08-20,Comirnaty,11.89,22:23:20,2,8,35.24
2026-08-20,Comirnaty,9.62,22:23:50,2,8,35.25
2026-08-20,Comirnaty,3.17,22:24:20,2,8,0.0
2026-08-20,Comirnaty,9.56,22:24:50,2,8,35.27
2026-08-20,Comirnaty,16.48,22:25:20,2,8,35.28
2026-08-20,Comirnaty,7.55,22:25:50,2,8,0.0
2026-08-20,Comirnaty,7.75,22:26:20,2,8,0.0
2026-08-20,Comirnaty,16.04,22:26:50,2,8,35.32
2026-08-20,Comirnaty,12.97,22:27:20,2,8,35.33
2026-08-20,Comirnaty,7.3,22:27:50,2,8,0.0
2026-08-20,Comirnaty,11.8,22:28:20,2,8,35.35
2026-08-20,Comirnaty,11.37,22:28:50,2,8,35.36
2026-08-20,Comirnaty,5.12,22:29:20,2,8,0.0
2026-08-20,Comirnaty,12.15,22:29:50,2,8,35.38
2026-08-20,Comirnaty,7.99,22:30:20,2,8,0.0
2026-08-20,Comirnaty,13.13,22:30:50,2,8,35.4
2026-08-20,Comirnaty,16.19,22:31:20,2,8,35.41
2026-08-20,Comirnaty,5.2,22:31:50,2,8,0.0
2026-08-20,Comirnaty,11.2,22:32:20,2,8,35.44
2026-08-20,Comirnaty,11.91,22:32:50,2,8,35.45
2026-08-20,Comirnaty,17.57,22:33:20,2,8,35.46
2026-08-20,Comirnaty,6.09,22:33:50,2,8,0.0
2026-08-20,Comirnaty,2.1,22:34:20,2,8,0.0
2026-08-20,Comirnaty,5.79,22:34:50,2,8,0.0
2026-08-20,Comirnaty,14.99,22:35:20,2,8,35.5
2026-08-20,Comirnaty,14.18,22:35:50,2,8,35.51
2026-08-20,Comirnaty,4.13,22:36:20,2,8,0.0
2026-08-20,Comirnaty,16.91,22:36:50,2,8,35.53
2026-08-20,Comirnaty,6.43,22:37:20,2,8,0.0
2026-08-20,Comirnaty,2.86,22:37:50,2,8,0.0
2026-08-20,Comirnaty,6.09,22:38:20,2,8,0.0
2026-08-20,Comirnaty,3.66,22:38:50,2,8,0.0
2026-08-20,Comirnaty,13.58,22:39:20,2,8,35.59
2026-08-20,Comirnaty,2.87,22:39:50,2,8,0.0
2026-08-20,Comirnaty,9.53,22:40:20,2,8,35.61
2026-08-20,Comirnaty,9.44,22:40:50,2,8,35.62
2026-08-20,Comirnaty,3.47,22:41:20,2,8,0.0
2026-08-20,Comirnaty,14.66,22:41:50,2,8,35.64
2026-08-20,Comirnaty,3.61,22:42:20,2,8,0.0
2026-08-20,Comirnaty,5.69,22:42:50,2,8,0.0
2026-08-20,Comirnaty,6.61,22:43:20,2,8,0.0
2026-08-20,Comirnaty,12.09,22:43:50,2,8,35.69
2026-08-20,Comirnaty,5.18,22:44:20,2,8,0.0
2026-08-20,Comirnaty,6.28,22:44:50,2,8,0.0
2026-08-20,Comirnaty,12.19,22:45:20,2,8,35.72
2026-08-20,Comirnaty,3.43,22:45:50,2,8,0.0
2026-08-20,Comirnaty,15.56,22:46:20,2,8,35.74
2026-08-20,Comirnaty,2.99,22:46:50,2,8,0.0
2026-08-20,Comirnaty,11.43,22:47:20,2,8,35.76
2026-08-20,Comirnaty,3.04,22:47:50,2,8,0.0
2026-08-20,Comirnaty,3.65,22:48:20,2,8,0.0
2026-08-20,Comirnaty,13.39,22:48:50,2,8,35.79
2026-08-20,Comirnaty,12.75,22:49:20,2,8,35.8
2026-08-20,Comirnaty,13.55,22:49:50,2,8,35.82
2026-08-20,Comirnaty,2.83,22:50:20,2,8,0.0
2026-08-20,Comirnaty,17.84,22:50:50,2,8,35.84
2026-08-20,Comirnaty,2.24,22:51:20,2,8,0.0
2026-08-20,Comirnaty,5.78,22:51:50,2,8,0.0
2026-08-20,Comirnaty,10.53,22:52:20,2,8,35.87
2026-08-20,Comirnaty,16.48,22:52:50,2,8,35.88
2026-08-20,Comirnaty,2.68,22:53:20,2,8,0.0
2026-08-20,Comirnaty,10.69,22:53:50,2,8,35.9
2026-08-20,Comirnaty,2.99,22:54:20,2,8,0.0
2026-08-20,Comirnaty,12.91,22:54:50,2,8,35.92
2026-08-20,Comirnaty,15.14,22:55:20,2,8,35.93
2026-08-20,Comirnaty,7.06,22:55:50,2,8,0.0
2026-08-20,Comirnaty,7.77,22:56:20,2,8,0.0
2026-08-20,Comirnaty,17.35,22:56:50,2,8,35.97
2026-08-20,Comirnaty,4.54,22:57:20,2,8,0.0
2026-08-20,Comirnaty,5.52,22:57:50,2,8,0.0
2026-08-20,Comirnaty,16.29,22:58:20,2,8,36.0
2026-08-20,Comirnaty,13.16,22:58:50,2,8,36.01
2026-08-20,Comirnaty,5.4,22:59:20,2,8,0.0
2026-08-20,Comirnaty,11.74,22:59:50,2,8,36.03
2026-08-20,Comirnaty,5.01,23:00:20,2,8,0.0
2026-08-20,Comirnaty,16.92,23:00:50,2,8,36.05
2026-08-20,Comirnaty,7.5,23:01:20,2,8,0.0
2026-08-20,Comirnaty,17.59,23:01:50,2,8,36.08
2026-08-20,Comirnaty,15.61,23:02:20,2,8,36.09
2026-08-20,Comirnaty,14.4,23:02:50,2,8,36.1
2026-08-20,Comirnaty,5.31,23:03:20,2,8,0.0
2026-08-20,Comirnaty,3.33,23:03:50,2,8,0.0
2026-08-20,Comirnaty,2.6,23:04:20,2,8,0.0
2026-08-20,Comirnaty,12.71,23:04:50,2,8,36.14
2026-08-20,Comirnaty,9.4,23:05:20,2,8,36.15
2026-08-20,Comirnaty,15.67,23:05:50,2,8,36.16
2026-08-20,Comirnaty,13.76,23:06:20,2,8,36.17
2026-08-20,Comirnaty,4.4,23:06:50,2,8,0.0
2026-08-20,Comirnaty,11.77,23:07:20,2,8,36.19
2026-08-20,Comirnaty,17.0,23:07:50,2,8,36.21
2026-08-20,Comirnaty,15.27,23:08:20,2,8,36.22
2026-08-20,Comirnaty,2.95,23:08:50,2,8,0.0
2026-08-20,Comirnaty,3.94,23:09:20,2,8,0.0
2026-08-20,Comirnaty,9.45,23:09:50,2,8,36.25
2026-08-20,Comirnaty,5.54,23:10:20,2,8,0.0
2026-08-20,Comirnaty,11.6,23:10:50,2,8,36.27
2026-08-20,Comirnaty,14.79,23:11:20,2,8,36.28
2026-08-20,Comirnaty,7.19,23:11:50,2,8,0.0
2026-08-20,Comirnaty,11.16,23:12:20,2,8,36.3
2026-08-20,Comirnaty,6.61,23:12:50,2,8,0.0
2026-08-20,Comirnaty,11.66,23:13:20,2,8,36.32
2026-08-20,Comirnaty,4.61,23:13:50,2,8,0.0
2026-08-20,Comirnaty,2.9,23:14:20,2,8,0.0
2026-08-20,Comirnaty,17.72,23:14:50,2,8,36.36
2026-08-20,Comirnaty,9.94,23:15:20,2,8,36.37
2026-08-20,Comirnaty,16.82,23:15:50,2,8,36.38
2026-08-20,Comirnaty,11.09,23:16:20,2,8,36.39
2026-08-20,Comirnaty,7.89,23:16:50,2,8,0.0
2026-08-20,Comirnaty,3.04,23:17:20,2,8,0.0
2026-08-20,Comirnaty,17.6,23:17:50,2,8,36.42
2026-08-20,Comirnaty,6.52,23:18:20,2,8,0.0
2026-08-20,Comirnaty,9.16,23:18:50,2,8,36.44
2026-08-20,Comirnaty,15.12,23:19:20,2,8,36.45
2026-08-20,Comirnaty,4.91,23:19:50,2,8,0.0
2026-08-20,Comirnaty,13.63,23:20:20,2,8,36.48
2026-08-20,Comirnaty,3.75,23:20:50,2,8,0.0
2026-08-20,Comirnaty,9.96,23:21:20,2,8,36.5
2026-08-20,Comirnaty,10.14,23:21:50,2,8,36.51
2026-08-20,Comirnaty,9.86,23:22:20,2,8,36.52
2026-08-20,Comirnaty,17.7,23:22:50,2,8,36.53
2026-08-20,Comirnaty,9.42,23:23:20,2,8,36.54
2026-08-20,Comirnaty,3.01,23:23:50,2,8,0.0
2026-08-20,Comirnaty,3.51,23:24:20,2,8,0.0
2026-08-20,Comirnaty,7.69,23:24:50,2,8,0.0
2026-08-20,Comirnaty,3.57,23:25:20,2,8,0.0
2026-08-20,Comirnaty,17.92,23:25:50,2,8,36.59
2026-08-20,Comirnaty,9.68,23:26:20,2,8,36.61
2026-08-20,Comirnaty,13.77,23:26:50,2,8,36.62
2026-08-20,Comirnaty,2.62,23:27:20,2,8,0.0
2026-08-20,Comirnaty,9.99,23:27:50,2,8,36.64
2026-08-20,Comirnaty,10.95,23:28:20,2,8,36.65
2026-08-20,Comirnaty,5.0,23:28:50,2,8,0.0
2026-08-20,Comirnaty,4.65,23:29:20,2,8,0.0
2026-08-20,Comirnaty,12.1,23:29:50,2,8,36.68
2026-08-20,Comirnaty,13.08,23:30:20,2,8,36.69
2026-08-20,Comirnaty,14.36,23:30:50,2,8,36.7
2026-08-20,Comirnaty,12.65,23:31:20,2,8,36.71
2026-08-20,Comirnaty,14.1,23:31:50,2,8,36.73
2026-08-20,Comirnaty,16.18,23:32:20,2,8,36.74
2026-08-20,Comirnaty,10.59,23:32:50,2,8,36.75
2026-08-20,Comirnaty,7.56,23:33:20,2,8,0.0
2026-08-20,Comirnaty,11.18,23:33:50,2,8,36.77
2026-08-20,Comirnaty,5.74,23:34:20,2,8,0.0
2026-08-20,Comirnaty,7.35,23:34:50,2,8,0.0
2026-08-20,Comirnaty,9.03,23:35:20,2,8,36.8
2026-08-20,Comirnaty,4.96,23:35:50,2,8,0.0
2026-08-20,Comirnaty,15.15,23:36:20,2,8,36.82
2026-08-20,Comirnaty,3.77,23:36:50,2,8,0.0
2026-08-20,Comirnaty,10.4,23:37:20,2,8,36.84
2026-08-20,Comirnaty,9.53,23:37:50,2,8,36.86
2026-08-20,Comirnaty,14.14,23:38:20,2,8,36.87
2026-08-20,Comirnaty,13.81,23:38:50,2,8,36.88
2026-08-20,Comirnaty,11.35,23:39:20,2,8,36.89
2026-08-20,Comirnaty,13.74,23:39:50,2,8,36.9
2026-08-20,Comirnaty,9.61,23:40:20,2,8,36.91
2026-08-20,Comirnaty,5.63,23:40:50,2,8,0.0
2026-08-20,Comirnaty,2.63,23:41:20,2,8,0.0
2026-08-20,Comirnaty,7.31,23:41:50,2,8,0.0
2026-08-20,Comirnaty,6.02,23:42:20,2,8,0.0
2026-08-20,Comirnaty,6.44,23:42:50,2,8,0.0
2026-08-20,Comirnaty,17.36,23:43:20,2,8,36.97
2026-08-20,Comirnaty,10.96,23:43:50,2,8,36.98
2026-08-20,Comirnaty,5.56,23:44:20,2,8,0.0
2026-08-20,Comirnaty,4.94,23:44:50,2,8,0.0
2026-08-20,Comirnaty,5.36,23:45:20,2,8,0.0
2026-08-20,Comirnaty,11.65,23:45:50,2,8,37.03
2026-08-20,Comirnaty,17.98,23:46:20,2,8,37.04
2026-08-20,Comirnaty,11.03,23:46:50,2,8,37.05
2026-08-20,Comirnaty,15.64,23:47:20,2,8,37.06
2026-08-20,Comirnaty,3.61,23:47:50,2,8,0.0
2026-08-20,Comirnaty,12.0,23:48:20,2,8,37.08
2026-08-20,Comirnaty,5.01,23:48:50,2,8,0.0
2026-08-20,Comirnaty,14.9,23:49:20,2,8,37.1
2026-08-20,Comirnaty,17.6,23:49:50,2,8,37.12
2026-08-20,Comirnaty,11.0,23:50:20,2,8,37.13
2026-08-20,Comirnaty,10.17,23:50:50,2,8,37.14
2026-08-20,Comirnaty,11.4,23:51:20,2,8,37.15
2026-08-20,Comirnaty,4.31,23:51:50,2,8,0.0
2026-08-20,Comirnaty,6.06,23:52:20,2,8,0.0
2026-08-20,Comirnaty,17.63,23:52:50,2,8,37.18
2026-08-20,Comirnaty,4.55,23:53:20,2,8,0.0
2026-08-20,Comirnaty,5.49,23:53:50,2,8,0.0
2026-08-20,Comirnaty,4.53,23:54:20,2,8,0.0
2026-08-20,Comirnaty,10.4,23:54:50,2,8,37.22
2026-08-20,Comirnaty,7.86,23:55:20,2,8,0.0
2026-08-20,Comirnaty,13.16,23:55:50,2,8,37.24
2026-08-20,Comirnaty,15.68,23:56:20,2,8,37.26
2026-08-20,Comirnaty,11.3,23:56:50,2,8,37.27
2026-08-20,Comirnaty,12.73,23:57:20,2,8,37.28
2026-08-20,Comirnaty,7.07,23:57:50,2,8,0.0
2026-08-20,Comirnaty,5.72,23:58:20,2,8,0.0
2026-08-20,Comirnaty,5.38,23:58:50,2,8,0.0
2026-08-20,Comirnaty,13.8,23:59:20,2,8,37.32
2026-08-20,Comirnaty,12.13,23:59:50,2,8,37.33
2026-08-20,Comirnaty,12.83,00:00:20,2,8,37.34
2026-08-20,Comirnaty,9.92,00:00:50,2,8,37.35
2026-08-20,Comirnaty,11.4,00:01:20,2,8,37.36
2026-08-20,Comirnaty,7.11,00:01:50,2,8,0.0
2026-08-20,Comirnaty,6.46,00:02:20,2,8,0.0
2026-08-20,Comirnaty,4.11,00:02:50,2,8,0.0
2026-08-20,Comirnaty,5.95,00:03:20,2,8,0.0
2026-08-20,Comirnaty,9.82,00:03:50,2,8,37.42
2026-08-20,Comirnaty,4.15,00:04:20,2,8,0.0
2026-08-20,Comirnaty,9.72,00:04:50,2,8,37.44
2026-08-20,Comirnaty,13.85,00:05:20,2,8,37.45
2026-08-20,Comirnaty,6.06,00:05:50,2,8,0.0
2026-08-20,Comirnaty,16.88,00:06:20,2,8,37.47
2026-08-20,Comirnaty,7.68,00:06:50,2,8,0.0
2026-08-20,Comirnaty,14.21,00:07:20,2,8,37.49
2026-08-20,Comirnaty,2.9,00:07:50,2,8,0.0
2026-08-20,Comirnaty,13.48,00:08:20,2,8,37.52
2026-08-20,Comirnaty,9.66,00:08:50,2,8,37.53
2026-08-20,Comirnaty,13.68,00:09:20,2,8,37.54
2026-08-20,Comirnaty,5.93,00:09:50,2,8,0.0
2026-08-20,Comirnaty,10.28,00:10:20,2,8,37.56
2026-08-20,Comirnaty,7.25,00:10:50,2,8,0.0
2026-08-20,Comirnaty,14.82,00:11:20,2,8,37.58
2026-08-20,Comirnaty,6.02,00:11:50,2,8,0.0
2026-08-20,Comirnaty,4.05,00:12:20,2,8,0.0
2026-08-20,Comirnaty,4.21,00:12:50,2,8,0.0
2026-08-20,Comirnaty,7.49,00:13:20,2,8,0.0
2026-08-20,Comirnaty,14.47,00:13:50,2,8,37.63
2026-08-20,Comirnaty,7.71,00:14:20,2,8,0.0
2026-08-20,Comirnaty,16.73,00:14:50,2,8,37.66
2026-08-20,Comirnaty,4.53,00:15:20,2,8,0.0
2026-08-20,Comirnaty,7.92,00:15:50,2,8,0.0
2026-08-20,Comirnaty,9.29,00:16:20,2,8,37.69
2026-08-20,Comirnaty,15.98,00:16:50,2,8,37.7
2026-08-20,Comirnaty,10.74,00:17:20,2,8,37.71
2026-08-20,Comirnaty,14.01,00:17:50,2,8,37.72
2026-08-20,Comirnaty,16.65,00:18:20,2,8,37.73
2026-08-20,Comirnaty,7.65,00:18:50,2,8,0.0
2026-08-20,Comirnaty,13.21,00:19:20,2,8,37.75
2026-08-20,Comirnaty,7.59,00:19:50,2,8,0.0
2026-08-20,Comirnaty,9.17,00:20:20,2,8,37.78
2026-08-20,Comirnaty,2.41,00:20:50,2,8,0.0
2026-08-20,Comirnaty,5.16,00:21:20,2,8,0.0
2026-08-20,Comirnaty,5.92,00:21:50,2,8,0.0
2026-08-20,Comirnaty,12.35,00:22:20,2,8,37.82
2026-08-20,Comirnaty,9.68,00:22:50,2,8,37.83
2026-08-20,Comirnaty,6.45,00:23:20,2,8,0.0
2026-08-20,Comirnaty,4.99,00:23:50,2,8,0.0
2026-08-20,Comirnaty,5.14,00:24:20,2,8,0.0
2026-08-20,Comirnaty,15.97,00:24:50,2,8,37.87
2026-08-20,Comirnaty,11.05,00:25:20,2,8,37.88
2026-08-20,Comirnaty,12.28,00:25:50,2,8,37.89
2026-08-20,Comirnaty,14.73,00:26:20,2,8,37.91
2026-08-20,Comirnaty,15.7,00:26:50,2,8,37.92
2026-08-20,Comirnaty,10.88,00:27:20,2,8,37.93
2026-08-20,Comirnaty,15.11,00:27:50,2,8,37.94
2026-08-20,Comirnaty,2.57,00:28:20,2,8,0.0
2026-08-20,Comirnaty,9.31,00:28:50,2,8,37.96
2026-08-20,Comirnaty,4.32,00:29:20,2,8,0.0
2026-08-20,Comirnaty,4.1,00:29:50,2,8,0.0
2026-08-20,Comirnaty,11.09,00:30:20,2,8,37.99
2026-08-20,Comirnaty,10.87,00:30:50,2,8,38.0
2026-08-20,Comirnaty,12.7,00:31:20,2,8,38.01
2026-08-20,Comirnaty,3.33,00:31:50,2,8,0.0
2026-08-20,Comirnaty,10.77,00:32:20,2,8,38.04
2026-08-20,Comirnaty,9.46,00:32:50,2,8,38.05
2026-08-20,Comirnaty,5.17,00:33:20,2,8,0.0
2026-08-20,Comirnaty,12.45,00:33:50,2,8,38.07
2026-08-20,Comirnaty,12.22,00:34:20,2,8,38.08
2026-08-20,Comirnaty,5.8,00:34:50,2,8,0.0
2026-08-20,Comirnaty,14.98,00:35:20,2,8,38.1
2026-08-20,Comirnaty,3.82,00:35:50,2,8,0.0
2026-08-20,Comirnaty,6.84,00:36:20,2,8,0.0
2026-08-20,Comirnaty,15.96,00:36:50,2,8,38.13
2026-08-20,Comirnaty,6.16,00:37:20,2,8,0.0
2026-08-20,Comirnaty,9.51,00:37:50,2,8,38.16
2026-08-20,Comirnaty,3.46,00:38:20,2,8,0.0
2026-08-20,Comirnaty,2.57,00:38:50,2,8,0.0
2026-08-20,Comirnaty,2.76,00:39:20,2,8,0.0
2026-08-20,Comirnaty,15.9,00:39:50,2,8,38.2
2026-08-20,Comirnaty,3.74,00:40:20,2,8,0.0
2026-08-20,Comirnaty,7.18,00:40:50,2,8,0.0
2026-08-20,Comirnaty,2.5,00:41:20,2,8,0.0
2026-08-20,Comirnaty,12.82,00:41:50,2,8,38.24
2026-08-20,Comirnaty,5.44,00:42:20,2,8,0.0
2026-08-20,Comirnaty,14.9,00:42:50,2,8,38.26
2026-08-20,Comirnaty,3.42,00:43:20,2,8,0.0
2026-08-20,Comirnaty,17.42,00:43:50,2,8,38.29
2026-08-20,Comirnaty,9.99,00:44:20,2,8,38.3
2026-08-20,Comirnaty,15.52,00:44:50,2,8,38.31
2026-08-20,Comirnaty,9.04,00:45:20,2,8,38.32
2026-08-20,Comirnaty,16.46,00:45:50,2,8,38.33
2026-08-20,Comirnaty,3.69,00:46:20,2,8,0.0
2026-08-20,Comirnaty,14.07,00:46:50,2,8,38.35
2026-08-20,Comirnaty,17.48,00:47:20,2,8,38.36
2026-08-20,Comirnaty,4.24,00:47:50,2,8,0.0
2026-08-20,Comirnaty,15.46,00:48:20,2,8,38.38
2026-08-20,Comirnaty,13.85,00:48:50,2,8,38.39
2026-08-20,Comirnaty,16.19,00:49:20,2,8,38.4
2026-08-20,Comirnaty,5.37,00:49:50,2,8,0.0
2026-08-20,Comirnaty,6.55,00:50:20,2,8,0.0
2026-08-20,Comirnaty,17.66,00:50:50,2,8,38.44
2026-08-20,Comirnaty,13.0,00:51:20,2,8,38.45
2026-08-20,Comirnaty,12.68,00:51:50,2,8,38.46
2026-08-20,Comirnaty,12.5,00:52:20,2,8,38.47
2026-08-20,Comirnaty,7.27,00:52:50,2,8,0.0
2026-08-20,Comirnaty,15.8,00:53:20,2,8,38.49
2026-08-20,Comirnaty,2.46,00:53:50,2,8,0.0
2026-08-20,Comirnaty,16.16,00:54:20,2,8,38.51
2026-08-20,Comirnaty,5.19,00:54:50,2,8,0.0
2026-08-20,Comirnaty,3.48,00:55:20,2,8,0.0
2026-08-20,Comirnaty,7.1,00:55:50,2,8,0.0
2026-08-20,Comirnaty,5.55,00:56:20,2,8,0.0
2026-08-20,Comirnaty,3.72,00:56:50,2,8,0.0
2026-08-20,Comirnaty,6.12,00:57:20,2,8,0.0
2026-08-20,Comirnaty,16.79,00:57:50,2,8,38.59
2026-08-20,Comirnaty,10.96,00:58:20,2,8,38.6
2026-08-20,Comirnaty,13.28,00:58:50,2,8,38.61
2026-08-20,Comirnaty,3.1,00:59:20,2,8,0.0
2026-08-20,Comirnaty,7.8,00:59:50,2,8,0.0
2026-08-20,Comirnaty,10.11,01:00:20,2,8,38.64
2026-08-20,Comirnaty,17.44,01:00:50,2,8,38.65
2026-08-20,Comirnaty,16.59,01:01:20,2,8,38.66
2026-08-20,Comirnaty,4.45,01:01:50,2,8,0.0
2026-08-20,Comirnaty,4.76,01:02:20,2,8,0.0
2026-08-20,Comirnaty,2.57,01:02:50,2,8,0.0
2026-08-20,Comirnaty,15.35,01:03:20,2,8,38.71
2026-08-20,Comirnaty,10.77,01:03:50,2,8,38.72
2026-08-20,Comirnaty,13.7,01:04:20,2,8,38.73
2026-08-20,Comirnaty,5.23,01:04:50,2,8,0.0
2026-08-20,Comirnaty,6.28,01:05:20,2,8,0.0
2026-08-20,Comirnaty,13.87,01:05:50,2,8,38.76
2026-08-20,Comirnaty,10.15,01:06:20,2,8,38.77
2026-08-20,Comirnaty,7.28,01:06:50,2,8,0.0
2026-08-20,Comirnaty,9.27,01:07:20,2,8,38.79
2026-08-20,Comirnaty,13.93,01:07:50,2,8,38.8
2026-08-20,Comirnaty,17.68,01:08:20,2,8,38.82
2026-08-20,Comirnaty,10.1,01:08:50,2,8,38.83
2026-08-20,Comirnaty,9.58,01:09:20,2,8,38.84
2026-08-20,Comirnaty,3.39,01:09:50,2,8,0.0
2026-08-20,Comirnaty,9.28,01:10:20,2,8,38.86
2026-08-20,Comirnaty,7.25,01:10:50,2,8,0.0
2026-08-20,Comirnaty,5.3,01:11:20,2,8,0.0
2026-08-20,Comirnaty,13.67,01:11:50,2,8,38.89
2026-08-20,Comirnaty,2.73,01:12:20,2,8,0.0
2026-08-20,Comirnaty,11.57,01:12:50,2,8,38.91
2026-08-20,Comirnaty,12.57,01:13:20,2,8,38.92
2026-08-20,Comirnaty,4.75,01:13:50,2,8,0.0
2026-08-20,Comirnaty,14.85,01:14:20,2,8,38.95
2026-08-20,Comirnaty,15.58,01:14:50,2,8,38.96
2026-08-20,Comirnaty,7.22,01:15:20,2,8,0.0
2026-08-20,Comirnaty,3.26,01:15:50,2,8,0.0
2026-08-20,Comirnaty,7.52,01:16:20,2,8,0.0
2026-08-20,Comirnaty,13.27,01:16:50,2,8,39.0
2026-08-20,Comirnaty,14.28,01:17:20,2,8,39.01
2026-08-20,Comirnaty,16.63,01:17:50,2,8,39.02
2026-08-20,Comirnaty,15.22,01:18:20,2,8,39.03
2026-08-20,Comirnaty,5.64,01:18:50,2,8,0.0
2026-08-20,Comirnaty,12.07,01:19:20,2,8,39.05
2026-08-20,Comirnaty,5.0,01:19:50,2,8,0.0
2026-08-20,Comirnaty,11.0,01:20:20,2,8,39.08
2026-08-20,Comirnaty,4.66,01:20:50,2,8,0.0
2026-08-20,Comirnaty,9.91,01:21:20,2,8,39.1
2026-08-20,Comirnaty,12.42,01:21:50,2,8,39.11
2026-08-20,Comirnaty,2.21,01:22:20,2,8,0.0
2026-08-20,Comirnaty,2.55,01:22:50,2,8,0.0
2026-08-20,Comirnaty,3.75,01:23:20,2,8,0.0
2026-08-20,Comirnaty,3.99,01:23:50,2,8,0.0
2026-08-20,Comirnaty,3.56,01:24:20,2,8,0.0
2026-08-20,Comirnaty,6.89,01:24:50,2,8,0.0
2026-08-20,Comirnaty,3.92,01:25:20,2,8,0.0
2026-08-20,Comirnaty,17.67,01:25:50,2,8,39.2
2026-08-20,Comirnaty,9.99,01:26:20,2,8,39.21
2026-08-20,Comirnaty,17.47,01:26:50,2,8,39.22
2026-08-20,Comirnaty,4.67,01:27:20,2,8,0.0
2026-08-20,Comirnaty,12.06,01:27:50,2,8,39.24
2026-08-20,Comirnaty,10.36,01:28:20,2,8,39.25
2026-08-20,Comirnaty,7.23,01:28:50,2,8,0.0
2026-08-20,Comirnaty,13.94,01:29:20,2,8,39.27
2026-08-20,Comirnaty,12.5,01:29:50,2,8,39.28
2026-08-20,Comirnaty,5.39,01:30:20,2,8,0.0
2026-08-20,Comirnaty,10.96,01:30:50,2,8,39.3
2026-08-20,Comirnaty,4.98,01:31:20,2,8,0.0
2026-08-20,Comirnaty,6.22,01:31:50,2,8,0.0
2026-08-20,Comirnaty,11.12,01:32:20,2,8,39.34
2026-08-20,Comirnaty,9.1,01:32:50,2,8,39.35
2026-08-20,Comirnaty,2.68,01:33:20,2,8,0.0
2026-08-20,Comirnaty,4.03,01:33:50,2,8,0.0
2026-08-20,Comirnaty,2.66,01:34:20,2,8,0.0
2026-08-20,Comirnaty,3.84,01:34:50,2,8,0.0
2026-08-20,Comirnaty,5.41,01:35:20,2,8,0.0
2026-08-20,Comirnaty,14.11,01:35:50,2,8,39.41
2026-08-20,Comirnaty,14.12,01:36:20,2,8,39.42
2026-08-20,Comirnaty,14.61,01:36:50,2,8,39.43
2026-08-20,Comirnaty,14.4,01:37:20,2,8,39.44
2026-08-20,Comirnaty,13.36,01:37:50,2,8,39.46
2026-08-20,Comirnaty,7.89,01:38:20,2,8,0.0
2026-08-20,Comirnaty,4.73,01:38:50,2,8,0.0
2026-08-20,Comirnaty,14.9,01:39:20,2,8,39.49
2026-08-20,Comirnaty,4.03,01:39:50,2,8,0.0
2026-08-20,Comirnaty,12.16,01:40:20,2,8,39.51
2026-08-20,Comirnaty,17.35,01:40:50,2,8,39.52
2026-08-20,Comirnaty,17.02,01:41:20,2,8,39.53
2026-08-20,Comirnaty,15.21,01:41:50,2,8,39.54
2026-08-20,Comirnaty,13.97,01:42:20,2,8,39.55
2026-08-20,Comirnaty,14.84,01:42:50,2,8,39.56
2026-08-20,Comirnaty,2.01,01:43:20,2,8,0.0
2026-08-20,Comirnaty,3.73,01:43:50,2,8,0.0
2026-08-20,Comirnaty,16.92,01:44:20,2,8,39.6
2026-08-20,Comirnaty,12.57,01:44:50,2,8,39.61
2026-08-20,Comirnaty,17.65,01:45:20,2,8,39.62
2026-08-20,Comirnaty,2.65,01:45:50,2,8,0.0
2026-08-20,Comirnaty,16.56,01:46:20,2,8,39.64
2026-08-20,Comirnaty,5.47,01:46:50,2,8,0.0
2026-08-20,Comirnaty,9.35,01:47:20,2,8,39.66
2026-08-20,Comirnaty,7.75,01:47:50,2,8,0.0
2026-08-20,Comirnaty,2.23,01:48:20,2,8,0.0
2026-08-20,Comirnaty,9.2,01:48:50,2,8,39.69
2026-08-20,Comirnaty,3.84,01:49:20,2,8,0.0
2026-08-20,Comirnaty,17.8,01:49:50,2,8,39.72
2026-08-20,Comirnaty,2.86,01:50:20,2,8,0.0
2026-08-20,Comirnaty,11.65,01:50:50,2,8,39.74
2026-08-20,Comirnaty,9.64,01:51:20,2,8,39.75
2026-08-20,Comirnaty,17.06,01:51:50,2,8,39.76
2026-08-20,Comirnaty,11.69,01:52:20,2,8,39.77
2026-08-20,Comirnaty,9.31,01:52:50,2,8,39.78
2026-08-20,Comirnaty,9.57,01:53:20,2,8,39.79
2026-08-20,Comirnaty,10.28,01:53:50,2,8,39.8
2026-08-20,Comirnaty,3.93,01:54:20,2,8,0.0
2026-08-20,Comirnaty,3.67,01:54:50,2,8,0.0
2026-08-20,Comirnaty,12.87,01:55:20,2,8,39.83
2026-08-20,Comirnaty,12.97,01:55:50,2,8,39.84
2026-08-20,Comirnaty,17.36,01:56:20,2,8,39.86
2026-08-20,Comirnaty,17.45,01:56:50,2,8,39.87
2026-08-20,Comirnaty,13.47,01:57:20,2,8,39.88
2026-08-20,Comirnaty,2.01,01:57:50,2,8,0.0
2026-08-20,Comirnaty,2.49,01:58:20,2,8,0.0
2026-08-20,Comirnaty,3.03,01:58:50,2,8,0.0
2026-08-20,Comirnaty,15.18,01:59:20,2,8,39.92
2026-08-20,Comirnaty,16.11,01:59:50,2,8,39.93
2026-08-20,Comirnaty,3.08,02:00:20,2,8,0.0
2026-08-20,Comirnaty,3.23,02:00:50,2,8,0.0
2026-08-20,Comirnaty,10.96,02:01:20,2,8,39.96
2026-08-20,Comirnaty,7.55,02:01:50,2,8,0.0
2026-08-20,Comirnaty,14.03,02:02:20,2,8,39.99
2026-08-20,Comirnaty,5.93,02:02:50,2,8,0.0
2026-08-20,Comirnaty,11.5,02:03:20,2,8,40.01
2026-08-20,Comirnaty,13.95,02:03:50,2,8,40.02
2026-08-20,Comirnaty,15.43,02:04:20,2,8,40.03
2026-08-20,Comirnaty,14.07,02:04:50,2,8,40.04
2026-08-20,Comirnaty,13.91,02:05:20,2,8,40.05
2026-08-20,Comirnaty,14.82,02:05:50,2,8,40.06
2026-08-20,Comirnaty,13.97,02:06:20,2,8,40.07
2026-08-20,Comirnaty,2.85,02:06:50,2,8,0.0
2026-08-20,Comirnaty,5.98,02:07:20,2,8,0.0
2026-08-20,Comirnaty,13.86,02:07:50,2,8,40.11
2026-08-20,Comirnaty,6.92,02:08:20,2,8,0.0
2026-08-20,Comirnaty,17.28,02:08:50,2,8,40.13
2026-08-20,Comirnaty,5.05,02:09:20,2,8,0.0
2026-08-20,Comirnaty,10.17,02:09:50,2,8,40.15
2026-08-20,Comirnaty,17.54,02:10:20,2,8,40.16
2026-08-20,Comirnaty,14.92,02:10:50,2,8,40.17
2026-08-20,Comirnaty,7.39,02:11:20,2,8,0.0
2026-08-20,Comirnaty,16.71,02:11:50,2,8,40.19
2026-08-20,Comirnaty,10.84,02:12:20,2,8,40.2
2026-08-20,Comirnaty,7.38,02:12:50,2,8,0.0
2026-08-20,Comirnaty,14.31,02:13:20,2,8,40.22
2026-08-20,Comirnaty,12.79,02:13:50,2,8,40.23
2026-08-20,Comirnaty,13.59,02:14:20,2,8,40.25
2026-08-20,Comirnaty,4.09,02:14:50,2,8,0.0
2026-08-20,Comirnaty,11.82,02:15:20,2,8,40.27
2026-08-20,Comirnaty,16.26,02:15:50,2,8,40.28
2026-08-20,Comirnaty,14.4,02:16:20,2,8,40.29
2026-08-20,Comirnaty,12.01,02:16:50,2,8,40.3
2026-08-20,Comirnaty,15.99,02:17:20,2,8,40.31
2026-08-20,Comirnaty,6.23,02:17:50,2,8,0.0
2026-08-20,Comirnaty,9.86,02:18:20,2,8,40.33
2026-08-20,Comirnaty,9.54,02:18:50,2,8,40.34
2026-08-20,Comirnaty,9.9,02:19:20,2,8,40.35
2026-08-20,Comirnaty,14.31,02:19:50,2,8,40.37
2026-08-20,Comirnaty,6.15,02:20:20,2,8,0.0
2026-08-20,Comirnaty,3.49,02:20:50,2,8,0.0
2026-08-20,Comirnaty,3.67,02:21:20,2,8,0.0
2026-08-20,Comirnaty,5.07,02:21:50,2,8,0.0
2026-08-20,Comirnaty,12.77,02:22:20,2,8,40.42
2026-08-20,Comirnaty,16.26,02:22:50,2,8,40.43
2026-08-20,Comirnaty,7.61,02:23:20,2,8,0.0
2026-08-20,Comirnaty,9.08,02:23:50,2,8,40.45
2026-08-20,Comirnaty,13.81,02:24:20,2,8,40.46
2026-08-20,Comirnaty,11.33,02:24:50,2,8,40.47
2026-08-20,Comirnaty,5.01,02:25:20,2,8,0.0
2026-08-20,Comirnaty,4.55,02:25:50,2,8,0.0
2026-08-20,Comirnaty,9.52,02:26:20,2,8,40.51
2026-08-20,Comirnaty,14.89,02:26:50,2,8,40.52
2026-08-20,Comirnaty,16.2,02:27:20,2,8,40.53
2026-08-20,Comirnaty,2.56,02:27:50,2,8,0.0
2026-08-20,Comirnaty,5.48,02:28:20,2,8,0.0
2026-08-20,Comirnaty,14.79,02:28:50,2,8,40.56
2026-08-20,Comirnaty,12.61,02:29:20,2,8,40.57
2026-08-20,Comirnaty,12.96,02:29:50,2,8,40.58
2026-08-20,Comirnaty,2.51,02:30:20,2,8,0.0
2026-08-20,Comirnaty,17.3,02:30:50,2,8,40.6
2026-08-20,Comirnaty,10.45,02:31:20,2,8,40.61
2026-08-20,Comirnaty,6.82,02:31:50,2,8,0.0
2026-08-20,Comirnaty,7.94,02:32:20,2,8,0.0
2026-08-20,Comirnaty,16.45,02:32:50,2,8,40.65
2026-08-20,Comirnaty,13.42,02:33:20,2,8,40.66
2026-08-20,Comirnaty,9.85,02:33:50,2,8,40.67
2026-08-20,Comirnaty,4.85,02:34:20,2,8,0.0
2026-08-20,Comirnaty,15.21,02:34:50,2,8,40.69
2026-08-20,Comirnaty,11.05,02:35:20,2,8,40.7
2026-08-20,Comirnaty,2.27,02:35:50,2,8,0.0
2026-08-20,Comirnaty,4.48,02:36:20,2,8,0.0
2026-08-20,Comirnaty,9.72,02:36:50,2,8,40.73
2026-08-20,Comirnaty,12.56,02:37:20,2,8,40.74
2026-08-20,Comirnaty,10.63,02:37:50,2,8,40.76
2026-08-20,Comirnaty,16.72,02:38:20,2,8,40.77
2026-08-20,Comirnaty,4.09,02:38:50,2,8,0.0
2026-08-20,Comirnaty,12.48,02:39:20,2,8,40.79
2026-08-20,Comirnaty,16.58,02:39:50,2,8,40.8
2026-08-20,Comirnaty,13.59,02:40:20,2,8,40.81
2026-08-20,Comirnaty,14.42,02:40:50,2,8,40.82
2026-08-20,Comirnaty,6.86,02:41:20,2,8,0.0
2026-08-20,Comirnaty,5.52,02:41:50,2,8,0.0
2026-08-20,Comirnaty,15.16,02:42:20,2,8,40.85
2026-08-20,Comirnaty,7.02,02:42:50,2,8,0.0
2026-08-20,Comirnaty,10.91,02:43:20,2,8,40.87
2026-08-20,Comirnaty,4.77,02:43:50,2,8,0.0
2026-08-20,Comirnaty,11.3,02:44:20,2,8,40.9
2026-08-20,Comirnaty,9.35,02:44:50,2,8,40.91
2026-08-20,Comirnaty,6.03,02:45:20,2,8,0.0
2026-08-20,Comirnaty,9.88,02:45:50,2,8,40.93
2026-08-20,Comirnaty,13.24,02:46:20,2,8,40.94
2026-08-20,Comirnaty,13.12,02:46:50,2,8,40.95
2026-08-20,Comirnaty,9.13,02:47:20,2,8,40.96
2026-08-20,Comirnaty,4.02,02:47:50,2,8,0.0
2026-08-20,Comirnaty,5.09,02:48:20,2,8,0.0
2026-08-20,Comirnaty,9.58,02:48:50,2,8,40.99
2026-08-20,Comirnaty,10.51,02:49:20,2,8,41.0
2026-08-20,Comirnaty,16.97,02:49:50,2,8,41.02
2026-08-20,Comirnaty,6.39,02:50:20,2,8,0.0
2026-08-20,Comirnaty,5.53,02:50:50,2,8,0.0
2026-08-20,Comirnaty,16.67,02:51:20,2,8,41.05
2026-08-20,Comirnaty,5.93,02:51:50,2,8,0.0
2026-08-20,Comirnaty,12.5,02:52:20,2,8,41.07
2026-08-20,Comirnaty,10.63,02:52:50,2,8,41.08
2026-08-20,Comirnaty,13.44,02:53:20,2,8,41.09
2026-08-20,Comirnaty,7.8,02:53:50,2,8,0.0
2026-08-20,Comirnaty,2.22,02:54:20,2,8,0.0
2026-08-20,Comirnaty,15.7,02:54:50,2,8,41.12
2026-08-20,Comirnaty,11.0,02:55:20,2,8,41.13
2026-08-20,Comirnaty,9.87,02:55:50,2,8,41.14
2026-08-20,Comirnaty,6.9,02:56:20,2,8,0.0
2026-08-20,Comirnaty,10.25,02:56:50,2,8,41.17
2026-08-20,Comirnaty,13.2,02:57:20,2,8,41.18
2026-08-20,Comirnaty,7.6,02:57:50,2,8,0.0
2026-08-20,Comirnaty,16.72,02:58:20,2,8,41.2
2026-08-20,Comirnaty,17.04,02:58:50,2,8,41.21
2026-08-20,Comirnaty,10.45,02:59:20,2,8,41.22
2026-08-20,Comirnaty,11.04,02:59:50,2,8,41.23
2026-08-20,Comirnaty,17.72,03:00:20,2,8,41.24
2026-08-20,Comirnaty,14.01,03:00:50,2,8,41.25
2026-08-20,Comirnaty,2.01,03:01:20,2,8,0.0
2026-08-20,Comirnaty,12.24,03:01:50,2,8,41.27
2026-08-20,Comirnaty,2.65,03:02:20,2,8,0.0
2026-08-20,Comirnaty,13.7,03:02:50,2,8,41.3
2026-08-20,Comirnaty,3.35,03:03:20,2,8,0.0
2026-08-20,Comirnaty,10.89,03:03:50,2,8,41.32
2026-08-20,Comirnaty,6.51,03:04:20,2,8,0.0
2026-08-20,Comirnaty,5.25,03:04:50,2,8,0.0
2026-08-20,Comirnaty,15.74,03:05:20,2,8,41.35
2026-08-20,Comirnaty,6.2,03:05:50,2,8,0.0
2026-08-20,Comirnaty,14.46,03:06:20,2,8,41.37
2026-08-20,Comirnaty,9.09,03:06:50,2,8,41.38
2026-08-20,Comirnaty,2.44,03:07:20,2,8,0.0
2026-08-20,Comirnaty,15.34,03:07:50,2,8,41.41
2026-08-20,Comirnaty,16.26,03:08:20,2,8,41.42
2026-08-20,Comirnaty,3.4,03:08:50,2,8,0.0
2026-08-20,Comirnaty,9.31,03:09:20,2,8,41.44
2026-08-20,Comirnaty,15.32,03:09:50,2,8,41.45
2026-08-20,Comirnaty,7.12,03:10:20,2,8,0.0
2026-08-20,Comirnaty,11.73,03:10:50,2,8,41.47
2026-08-20,Comirnaty,5.84,03:11:20,2,8,0.0
2026-08-20,Comirnaty,7.54,03:11:50,2,8,0.0
2026-08-20,Comirnaty,16.25,03:12:20,2,8,41.5
2026-08-20,Comirnaty,12.31,03:12:50,2,8,41.51
2026-08-20,Comirnaty,5.63,03:13:20,2,8,0.0
2026-08-20,Comirnaty,2.07,03:13:50,2,8,0.0
2026-08-20,Comirnaty,2.17,03:14:20,2,8,0.0
2026-08-20,Comirnaty,15.36,03:14:50,2,8,41.56
2026-08-20,Comirnaty,3.29,03:15:20,2,8,0.0
2026-08-20,Comirnaty,17.36,03:15:50,2,8,41.58
2026-08-20,Comirnaty,6.94,03:16:20,2,8,0.0
2026-08-20,Comirnaty,17.15,03:16:50,2,8,41.6
2026-08-20,Comirnaty,16.16,03:17:20,2,8,41.61
2026-08-20,Comirnaty,17.0,03:17:50,2,8,41.62
2026-08-20,Comirnaty,11.23,03:18:20,2,8,41.63
2026-08-20,Comirnaty,10.93,03:18:50,2,8,41.64
2026-08-20,Comirnaty,15.74,03:19:20,2,8,41.65
2026-08-20,Comirnaty,10.45,03:19:50,2,8,41.66
2026-08-20,Comirnaty,11.26,03:20:20,2,8,41.68
2026-08-20,Comirnaty,2.04,03:20:50,2,8,0.0
2026-08-20,Comirnaty,3.7,03:21:20,2,8,0.0
2026-08-20,Comirnaty,16.08,03:21:50,2,8,41.71
2026-08-20,Comirnaty,9.41,03:22:20,2,8,41.72
2026-08-20,Comirnaty,12.51,03:22:50,2,8,41.73
2026-08-20,Comirnaty,15.76,03:23:20,2,8,41.74
2026-08-20,Comirnaty,10.6,03:23:50,2,8,41.75
2026-08-20,Comirnaty,10.71,03:24:20,2,8,41.76
2026-08-20,Comirnaty,17.12,03:24:50,2,8,41.77
2026-08-20,Comirnaty,13.15,03:25:20,2,8,41.78
2026-08-20,Comirnaty,15.19,03:25:50,2,8,41.8
2026-08-20,Comirnaty,10.62,03:26:20,2,8,41.81
2026-08-20,Comirnaty,12.04,03:26:50,2,8,41.82
2026-08-20,Comirnaty,16.88,03:27:20,2,8,41.83
2026-08-20,Comirnaty,2.87,03:27:50,2,8,0.0
2026-08-20,Comirnaty,6.53,03:28:20,2,8,0.0
2026-08-20,Comirnaty,5.68,03:28:50,2,8,0.0
2026-08-20,Comirnaty,11.97,03:29:20,2,8,41.87
2026-08-20,Comirnaty,13.88,03:29:50,2,8,41.88
2026-08-20,Comirnaty,9.44,03:30:20,2,8,41.89
2026-08-20,Comirnaty,3.81,03:30:50,2,8,0.0
2026-08-20,Comirnaty,17.58,03:31:20,2,8,41.91
2026-08-20,Comirnaty,13.89,03:31:50,2,8,41.93
2026-08-20,Comirnaty,15.01,03:32:20,2,8,41.94
2026-08-20,Comirnaty,6.28,03:32:50,2,8,0.0
2026-08-20,Comirnaty,5.74,03:33:20,2,8,0.0
2026-08-20,Comirnaty,9.1,03:33:50,2,8,41.97
2026-08-20,Comirnaty,16.58,03:34:20,2,8,41.98
2026-08-20,Comirnaty,14.64,03:34:50,2,8,41.99
2026-08-20,Comirnaty,4.63,03:35:20,2,8,0.0
2026-08-20,Comirnaty,12.29,03:35:50,2,8,42.01
2026-08-20,Comirnaty,3.88,03:36:20,2,8,0.0
2026-08-20,Comirnaty,17.83,03:36:50,2,8,42.03
2026-08-20,Comirnaty,10.31,03:37:20,2,8,42.04
2026-08-20,Comirnaty,7.23,03:37:50,2,8,0.0
2026-08-20,Comirnaty,2.76,03:38:20,2,8,0.0
2026-08-20,Comirnaty,15.79,03:38:50,2,8,42.08
2026-08-20,Comirnaty,2.15,03:39:20,2,8,0.0
2026-08-20,Comirnaty,14.67,03:39:50,2,8,42.1
2026-08-20,Comirnaty,16.33,03:40:20,2,8,42.11
2026-08-20,Comirnaty,10.15,03:40:50,2,8,42.12
2026-08-20,Comirnaty,4.37,03:41:20,2,8,0.0
2026-08-20,Comirnaty,6.97,03:41:50,2,8,0.0
2026-08-20,Comirnaty,10.68,03:42:20,2,8,42.15
2026-08-20,Comirnaty,5.47,03:42:50,2,8,0.0
2026-08-20,Comirnaty,13.17,03:43:20,2,8,42.17
2026-08-20,Comirnaty,14.61,03:43:50,2,8,42.19
2026-08-20,Comirnaty,10.59,03:44:20,2,8,42.2
2026-08-20,Comirnaty,11.06,03:44:50,2,8,42.21
2026-08-20,Comirnaty,7.82,03:45:20,2,8,0.0
2026-08-20,Comirnaty,5.04,03:45:50,2,8,0.0
2026-08-20,Comirnaty,16.51,03:46:20,2,8,42.24
2026-08-20,Comirnaty,7.8,03:46:50,2,8,0.0
2026-08-20,Comirnaty,9.87,03:47:20,2,8,42.26
2026-08-20,Comirnaty,6.88,03:47:50,2,8,0.0
2026-08-20,Comirnaty,17.42,03:48:20,2,8,42.28
2026-08-20,Comirnaty,14.39,03:48:50,2,8,42.29
2026-08-20,Comirnaty,10.78,03:49:20,2,8,42.3
2026-08-20,Comirnaty,16.49,03:49:50,2,8,42.31
2026-08-20,Comirnaty,4.85,03:50:20,2,8,0.0
2026-08-20,Comirnaty,14.81,03:50:50,2,8,42.34
2026-08-20,Comirnaty,10.71,03:51:20,2,8,42.35
2026-08-20,Comirnaty,9.57,03:51:50,2,8,42.36
2026-08-20,Comirnaty,7.8,03:52:20,2,8,0.0
2026-08-20,Comirnaty,15.2,03:52:50,2,8,42.38
2026-08-20,Comirnaty,7.66,03:53:20,2,8,0.0
2026-08-20,Comirnaty,14.06,03:53:50,2,8,42.4
2026-08-20,Comirnaty,9.5,03:54:20,2,8,42.41
2026-08-20,Comirnaty,12.65,03:54:50,2,8,42.42
2026-08-20,Comirnaty,15.07,03:55:20,2,8,42.43
2026-08-20,Comirnaty,9.47,03:55:50,2,8,42.45
2026-08-20,Comirnaty,15.15,03:56:20,2,8,42.46
2026-08-20,Comirnaty,16.3,03:56:50,2,8,42.47
2026-08-20,Comirnaty,6.32,03:57:20,2,8,0.0
2026-08-20,Comirnaty,17.2,03:57:50,2,8,42.49
2026-08-20,Comirnaty,4.94,03:58:20,2,8,0.0
2026-08-20,Comirnaty,3.44,03:58:50,2,8,0.0
2026-08-20,Comirnaty,14.74,03:59:20,2,8,42.52
2026-08-20,Comirnaty,17.54,03:59:50,2,8,42.53
2026-08-20,Comirnaty,2.42,04:00:20,2,8,0.0
2026-08-20,Comirnaty,12.86,04:00:50,2,8,42.55
2026-08-20,Comirnaty,2.01,04:01:20,2,8,0.0
2026-08-20,Comirnaty,16.98,04:01:50,2,8,42.58
2026-08-20,Comirnaty,17.48,04:02:20,2,8,42.59
2026-08-20,Comirnaty,10.93,04:02:50,2,8,42.6
2026-08-20,Comirnaty,3.51,04:03:20,2,8,0.0
2026-08-20,Comirnaty,2.78,04:03:50,2,8,0.0
2026-08-20,Comirnaty,13.21,04:04:20,2,8,42.63
2026-08-20,Comirnaty,15.55,04:04:50,2,8,42.64
2026-08-20,Comirnaty,9.4,04:05:20,2,8,42.65
2026-08-20,Comirnaty,16.02,04:05:50,2,8,42.66
2026-08-20,Comirnaty,14.76,04:06:20,2,8,42.67
2026-08-20,Comirnaty,6.0,04:06:50,2,8,0.0
2026-08-20,Comirnaty,2.22,04:07:20,2,8,0.0
2026-08-20,Comirnaty,7.77,04:07:50,2,8,0.0
2026-08-20,Comirnaty,3.96,04:08:20,2,8,0.0
2026-08-20,Comirnaty,7.05,04:08:50,2,8,0.0
2026-08-20,Comirnaty,13.79,04:09:20,2,8,42.74
2026-08-20,Comirnaty,6.12,04:09:50,2,8,0.0
2026-08-20,Comirnaty,3.03,04:10:20,2,8,0.0
2026-08-20,Comirnaty,6.33,04:10:50,2,8,0.0
2026-08-20,Comirnaty,12.61,04:11:20,2,8,42.78
2026-08-20,Comirnaty,15.89,04:11:50,2,8,42.79
2026-08-20,Comirnaty,15.46,04:12:20,2,8,42.8
2026-08-20,Comirnaty,9.17,04:12:50,2,8,42.81
2026-08-20,Comirnaty,17.37,04:13:20,2,8,42.82
2026-08-20,Comirnaty,2.51,04:13:50,2,8,0.0
2026-08-20,Comirnaty,6.2,04:14:20,2,8,0.0
2026-08-20,Comirnaty,5.86,04:14:50,2,8,0.0
2026-08-20,Comirnaty,9.84,04:15:20,2,8,42.87
2026-08-20,Comirnaty,4.38,04:15:50,2,8,0.0
2026-08-20,Comirnaty,11.72,04:16:20,2,8,42.89
2026-08-20,Comirnaty,2.17,04:16:50,2,8,0.0
2026-08-20,Comirnaty,6.52,04:17:20,2,8,0.0
2026-08-20,Comirnaty,15.46,04:17:50,2,8,42.92
2026-08-20,Comirnaty,17.0,04:18:20,2,8,42.93
2026-08-20,Comirnaty,7.4,04:18:50,2,8,0.0
2026-08-20,Comirnaty,7.38,04:19:20,2,8,0.0
2026-08-20,Comirnaty,14.76,04:19:50,2,8,42.96
2026-08-20,Comirnaty,4.79,04:20:20,2,8,0.0
2026-08-20,Comirnaty,9.95,04:20:50,2,8,42.99
2026-08-20,Comirnaty,9.66,04:21:20,2,8,43.0
2026-08-20,Comirnaty,12.5,04:21:50,2,8,43.01
2026-08-20,Comirnaty,4.14,04:22:20,2,8,0.0
2026-08-20,Comirnaty,2.4,04:22:50,2,8,0.0
2026-08-20,Comirnaty,7.46,04:23:20,2,8,0.0
2026-08-20,Comirnaty,10.9,04:23:50,2,8,43.05
2026-08-20,Comirnaty,10.88,04:24:20,2,8,43.06
2026-08-20,Comirnaty,10.3,04:24:50,2,8,43.07
2026-08-20,Comirnaty,10.23,04:25:20,2,8,43.08
2026-08-20,Comirnaty,12.26,04:25:50,2,8,43.09
2026-08-20,Comirnaty,10.82,04:26:20,2,8,43.11
2026-08-20,Comirnaty,7.81,04:26:50,2,8,0.0
2026-08-20,Comirnaty,15.28,04:27:20,2,8,43.13
2026-08-20,Comirnaty,14.67,04:27:50,2,8,43.14
2026-08-20,Comirnaty,14.51,04:28:20,2,8,43.15
2026-08-20,Comirnaty,3.83,04:28:50,2,8,0.0
2026-08-20,Comirnaty,16.64,04:29:20,2,8,43.17
2026-08-20,Comirnaty,16.69,04:29:50,2,8,43.18
2026-08-20,Comirnaty,13.33,04:30:20,2,8,43.19
2026-08-20,Comirnaty,5.81,04:30:50,2,8,0.0
2026-08-20,Comirnaty,13.93,04:31:20,2,8,43.21
2026-08-20,Comirnaty,15.35,04:31:50,2,8,43.23
2026-08-20,Comirnaty,3.34,04:32:20,2,8,0.0
2026-08-20,Comirnaty,16.42,04:32:50,2,8,43.25
2026-08-20,Comirnaty,15.07,04:33:20,2,8,43.26
2026-08-20,Comirnaty,16.64,04:33:50,2,8,43.27
2026-08-20,Comirnaty,9.59,04:34:20,2,8,43.28
2026-08-20,Comirnaty,6.0,04:34:50,2,8,0.0
2026-08-20,Comirnaty,14.33,04:35:20,2,8,43.3
2026-08-20,Comirnaty,13.86,04:35:50,2,8,43.31
2026-08-20,Comirnaty,2.93,04:36:20,2,8,0.0
2026-08-20,Comirnaty,9.78,04:36:50,2,8,43.33
2026-08-20,Comirnaty,16.77,04:37:20,2,8,43.34
2026-08-20,Comirnaty,4.38,04:37:50,2,8,0.0
2026-08-20,Comirnaty,13.19,04:38:20,2,8,43.37
2026-08-20,Comirnaty,11.4,04:38:50,2,8,43.38
2026-08-20,Comirnaty,10.37,04:39:20,2,8,43.39
2026-08-20,Comirnaty,7.59,04:39:50,2,8,0.0
2026-08-20,Comirnaty,5.35,04:40:20,2,8,0.0
2026-08-20,Comirnaty,17.8,04:40:50,2,8,43.42
2026-08-20,Comirnaty,15.63,04:41:20,2,8,43.43
2026-08-20,Comirnaty,4.52,04:41:50,2,8,0.0
2026-08-20,Comirnaty,16.21,04:42:20,2,8,43.45
2026-08-20,Comirnaty,6.39,04:42:50,2,8,0.0
2026-08-20,Comirnaty,10.62,04:43:20,2,8,43.47
2026-08-20,Comirnaty,17.66,04:43:50,2,8,43.49
2026-08-20,Comirnaty,13.44,04:44:20,2,8,43.5
2026-08-20,Comirnaty,10.16,04:44:50,2,8,43.51
2026-08-20,Comirnaty,2.56,04:45:20,2,8,0.0
2026-08-20,Comirnaty,10.33,04:45:50,2,8,43.53
2026-08-20,Comirnaty,16.12,04:46:20,2,8,43.54
2026-08-20,Comirnaty,10.85,04:46:50,2,8,43.55
2026-08-20,Comirnaty,6.6,04:47:20,2,8,0.0
2026-08-20,Comirnaty,12.28,04:47:50,2,8,43.57
2026-08-20,Comirnaty,9.39,04:48:20,2,8,43.58
2026-08-20,Comirnaty,5.0,04:48:50,2,8,0.0
2026-08-20,Comirnaty,5.08,04:49:20,2,8,0.0
2026-08-20,Comirnaty,13.06,04:49:50,2,8,43.61
2026-08-20,Comirnaty,8.0,04:50:20,2,8,0.0
2026-08-20,Comirnaty,14.93,04:50:50,2,8,43.64
2026-08-20,Comirnaty,12.29,04:51:20,2,8,43.65
2026-08-20,Comirnaty,5.61,04:51:50,2,8,0.0
2026-08-20,Comirnaty,11.4,04:52:20,2,8,43.67
2026-08-20,Comirnaty,7.01,04:52:50,2,8,0.0
2026-08-20,Comirnaty,3.99,04:53:20,2,8,0.0
2026-08-20,Comirnaty,13.8,04:53:50,2,8,43.7
2026-08-20,Comirnaty,10.94,04:54:20,2,8,43.71
2026-08-20,Comirnaty,6.16,04:54:50,2,8,0.0
2026-08-20,Comirnaty,14.25,04:55:20,2,8,43.73
2026-08-20,Comirnaty,2.12,04:55:50,2,8,0.0
2026-08-20,Comirnaty,10.13,04:56:20,2,8,43.76
2026-08-20,Comirnaty,12.65,04:56:50,2,8,43.77
2026-08-20,Comirnaty,12.09,04:57:20,2,8,43.78
2026-08-20,Comirnaty,6.03,04:57:50,2,8,0.0
2026-08-20,Comirnaty,14.19,04:58:20,2,8,43.8
2026-08-20,Comirnaty,13.51,04:58:50,2,8,43.81
2026-08-20,Comirnaty,10.7,04:59:20,2,8,43.82
2026-08-20,Comirnaty,16.19,04:59:50,2,8,43.83
2026-08-20,Comirnaty,9.88,05:00:20,2,8,43.84
2026-08-20,Comirnaty,14.99,05:00:50,2,8,43.85
2026-08-20,Comirnaty,15.41,05:01:20,2,8,43.86
2026-08-20,Comirnaty,14.92,05:01:50,2,8,43.88
2026-08-20,Comirnaty,12.49,05:02:20,2,8,43.89
2026-08-20,Comirnaty,5.49,05:02:50,2,8,0.0
2026-08-20,Comirnaty,14.51,05:03:20,2,8,43.91
2026-08-20,Comirnaty,17.37,05:03:50,2,8,43.92
2026-08-20,Comirnaty,6.57,05:04:20,2,8,0.0
2026-08-20,Comirnaty,5.79,05:04:50,2,8,0.0
2026-08-20,Comirnaty,17.72,05:05:20,2,8,43.95
2026-08-20,Comirnaty,4.8,05:05:50,2,8,0.0
2026-08-20,Comirnaty,13.89,05:06:20,2,8,43.97
2026-08-20,Comirnaty,15.01,05:06:50,2,8,43.98
2026-08-20,Comirnaty,9.7,05:07:20,2,8,43.99
2026-08-20,Comirnaty,17.36,05:07:50,2,8,44.01
2026-08-20,Comirnaty,7.68,05:08:20,2,8,0.0
2026-08-20,Comirnaty,5.2,05:08:50,2,8,0.0
2026-08-20,Comirnaty,2.67,05:09:20,2,8,0.0
2026-08-20,Comirnaty,13.44,05:09:50,2,8,44.05
2026-08-20,Comirnaty,6.78,05:10:20,2,8,0.0
2026-08-20,Comirnaty,3.9,05:10:50,2,8,0.0
2026-08-20,Comirnaty,16.94,05:11:20,2,8,44.08
2026-08-20,Comirnaty,7.75,05:11:50,2,8,0.0
2026-08-20,Comirnaty,4.14,05:12:20,2,8,0.0
2026-08-20,Comirnaty,10.36,05:12:50,2,8,44.11
2026-08-20,Comirnaty,15.54,05:13:20,2,8,44.12
2026-08-20,Comirnaty,14.15,05:13:50,2,8,44.14
2026-08-20,Comirnaty,2.52,05:14:20,2,8,0.0
2026-08-20,Comirnaty,7.61,05:14:50,2,8,0.0
2026-08-20,Comirnaty,12.36,05:15:20,2,8,44.17
2026-08-20,Comirnaty,10.32,05:15:50,2,8,44.18
2026-08-20,Comirnaty,11.48,05:16:20,2,8,44.19
2026-08-20,Comirnaty,4.7,05:16:50,2,8,0.0
2026-08-20,Comirnaty,9.83,05:17:20,2,8,44.21
2026-08-20,Comirnaty,12.3,05:17:50,2,8,44.22
2026-08-20,Comirnaty,7.72,05:18:20,2,8,0.0
2026-08-20,Comirnaty,4.98,05:18:50,2,8,0.0
2026-08-20,Comirnaty,5.59,05:19:20,2,8,0.0
2026-08-20,Comirnaty,17.71,05:19:50,2,8,44.27
2026-08-20,Comirnaty,4.93,05:20:20,2,8,0.0
2026-08-20,Comirnaty,4.49,05:20:50,2,8,0.0
2026-08-20,Comirnaty,4.52,05:21:20,2,8,0.0
2026-08-20,Comirnaty,6.78,05:21:50,2,8,0.0
2026-08-20,Comirnaty,12.15,05:22:20,2,8,44.32
2026-08-20,Comirnaty,3.57,05:22:50,2,8,0.0
2026-08-20,Comirnaty,4.8,05:23:20,2,8,0.0
2026-08-20,Comirnaty,4.75,05:23:50,2,8,0.0
2026-08-20,Comirnaty,7.2,05:24:20,2,8,0.0
2026-08-20,Comirnaty,10.07,05:24:50,2,8,44.37
2026-08-20,Comirnaty,3.57,05:25:20,2,8,0.0
2026-08-20,Comirnaty,13.61,05:25:50,2,8,44.4
2026-08-20,Comirnaty,7.86,05:26:20,2,8,0.0
2026-08-20,Comirnaty,5.89,05:26:50,2,8,0.0
2026-08-20,Comirnaty,10.61,05:27:20,2,8,44.43
2026-08-20,Comirnaty,6.18,05:27:50,2,8,0.0
2026-08-20,Comirnaty,4.3,05:28:20,2,8,0.0
2026-08-20,Comirnaty,16.75,05:28:50,2,8,44.46
2026-08-20,Comirnaty,13.19,05:29:20,2,8,44.47
2026-08-20,Comirnaty,16.23,05:29:50,2,8,44.48
2026-08-20,Comirnaty,5.59,05:30:20,2,8,0.0
2026-08-20,Comirnaty,9.61,05:30:50,2,8,44.5
2026-08-20,Comirnaty,5.59,05:31:20,2,8,0.0
2026-08-20,Comirnaty,16.36,05:31:50,2,8,44.52
2026-08-20,Comirnaty,16.61,05:32:20,2,8,44.54
2026-08-20,Comirnaty,16.19,05:32:50,2,8,44.55
2026-08-20,Comirnaty,3.33,05:33:20,2,8,0.0
2026-08-20,Comirnaty,12.96,05:33:50,2,8,44.57
2026-08-20,Comirnaty,16.34,05:34:20,2,8,44.58
2026-08-20,Comirnaty,6.22,05:34:50,2,8,0.0
2026-08-20,Comirnaty,11.84,05:35:20,2,8,44.6
2026-08-20,Comirnaty,13.5,05:35:50,2,8,44.61
2026-08-20,Comirnaty,11.56,05:36:20,2,8,44.62
2026-08-20,Comirnaty,7.91,05:36:50,2,8,0.0
2026-08-20,Comirnaty,3.3,05:37:20,2,8,0.0
2026-08-20,Comirnaty,11.88,05:37:50,2,8,44.66
2026-08-20,Comirnaty,3.19,05:38:20,2,8,0.0
2026-08-20,Comirnaty,7.47,05:38:50,2,8,0.0
2026-08-20,Comirnaty,10.73,05:39:20,2,8,44.69
2026-08-20,Comirnaty,4.71,05:39:50,2,8,0.0
2026-08-20,Comirnaty,17.63,05:40:20,2,8,44.71
2026-08-20,Comirnaty,17.41,05:40:50,2,8,44.72
2026-08-20,Comirnaty,10.91,05:41:20,2,8,44.73
2026-08-20,Comirnaty,13.02,05:41:50,2,8,44.74
2026-08-20,Comirnaty,9.78,05:42:20,2,8,44.75
2026-08-20,Comirnaty,7.09,05:42:50,2,8,0.0
2026-08-20,Comirnaty,12.22,05:43:20,2,8,44.77
2026-08-20,Comirnaty,12.57,05:43:50,2,8,44.79
2026-08-20,Comirnaty,6.19,05:44:20,2,8,0.0
2026-08-20,Comirnaty,17.03,05:44:50,2,8,44.81
2026-08-20,Comirnaty,3.92,05:45:20,2,8,0.0
2026-08-20,Comirnaty,17.76,05:45:50,2,8,44.83
2026-08-20,Comirnaty,6.95,05:46:20,2,8,0.0
2026-08-20,Comirnaty,9.26,05:46:50,2,8,44.85
2026-08-20,Comirnaty,3.98,05:47:20,2,8,0.0
2026-08-20,Comirnaty,2.31,05:47:50,2,8,0.0
2026-08-20,Comirnaty,4.82,05:48:20,2,8,0.0
2026-08-20,Comirnaty,15.3,05:48:50,2,8,44.89
2026-08-20,Comirnaty,5.79,05:49:20,2,8,0.0
2026-08-20,Comirnaty,6.56,05:49:50,2,8,0.0
2026-08-20,Comirnaty,11.01,05:50:20,2,8,44.93
2026-08-20,Comirnaty,7.05,05:50:50,2,8,0.0
2026-08-20,Comirnaty,10.89,05:51:20,2,8,44.95
2026-08-20,Comirnaty,4.23,05:51:50,2,8,0.0
2026-08-20,Comirnaty,10.58,05:52:20,2,8,44.97
2026-08-20,Comirnaty,15.89,05:52:50,2,8,44.98
2026-08-20,Comirnaty,5.92,05:53:20,2,8,0.0
2026-08-20,Comirnaty,9.67,05:53:50,2,8,45.0
2026-08-20,Comirnaty,17.71,05:54:20,2,8,45.01
2026-08-20,Comirnaty,16.55,05:54:50,2,8,45.02
2026-08-20,Comirnaty,9.55,05:55:20,2,8,45.03
2026-08-20,Comirnaty,12.01,05:55:50,2,8,45.05
2026-08-20,Comirnaty,12.8,05:56:20,2,8,45.06
2026-08-20,Comirnaty,14.94,05:56:50,2,8,45.07
2026-08-20,Comirnaty,11.31,05:57:20,2,8,45.08
2026-08-20,Comirnaty,16.9,05:57:50,2,8,45.09
2026-08-20,Comirnaty,11.17,05:58:20,2,8,45.1
2026-08-20,Comirnaty,17.62,05:58:50,2,8,45.11
2026-08-20,Comirnaty,15.69,05:59:20,2,8,45.12
2026-08-20,Comirnaty,2.66,05:59:50,2,8,0.0
2026-08-20,Comirnaty,17.22,06:00:20,2,8,45.14
2026-08-20,Comirnaty,4.81,06:00:50,2,8,0.0
2026-08-20,Comirnaty,11.55,06:01:20,2,8,45.16
2026-08-20,Comirnaty,15.92,06:01:50,2,8,45.18
2026-08-20,Comirnaty,15.32,06:02:20,2,8,45.19
2026-08-20,Comirnaty,5.46,06:02:50,2,8,0.0
2026-08-20,Comirnaty,9.81,06:03:20,2,8,45.21
2026-08-20,Comirnaty,2.64,06:03:50,2,8,0.0
2026-08-20,Comirnaty,10.59,06:04:20,2,8,45.23
2026-08-20,Comirnaty,13.31,06:04:50,2,8,45.24
2026-08-20,Comirnaty,16.4,06:05:20,2,8,45.25
2026-08-20,Comirnaty,14.41,06:05:50,2,8,45.26
2026-08-20,Comirnaty,6.53,06:06:20,2,8,0.0
2026-08-20,Comirnaty,4.79,06:06:50,2,8,0.0
2026-08-20,Comirnaty,17.68,06:07:20,2,8,45.29
2026-08-20,Comirnaty,12.85,06:07:50,2,8,45.31
2026-08-20,Comirnaty,5.7,06:08:20,2,8,0.0
2026-08-20,Comirnaty,4.97,06:08:50,2,8,0.0
2026-08-20,Comirnaty,13.81,06:09:20,2,8,45.34
2026-08-20,Comirnaty,6.44,06:09:50,2,8,0.0
2026-08-20,Comirnaty,9.03,06:10:20,2,8,45.36
2026-08-20,Comirnaty,11.66,06:10:50,2,8,45.37
2026-08-20,Comirnaty,13.97,06:11:20,2,8,45.38
2026-08-20,Comirnaty,10.39,06:11:50,2,8,45.39
2026-08-20,Comirnaty,17.55,06:12:20,2,8,45.4
2026-08-20,Comirnaty,10.3,06:12:50,2,8,45.41
2026-08-20,Comirnaty,9.18,06:13:20,2,8,45.42
2026-08-20,Comirnaty,14.09,06:13:50,2,8,45.44
2026-08-20,Comirnaty,2.73,06:14:20,2,8,0.0
2026-08-20,Comirnaty,15.48,06:14:50,2,8,45.46
2026-08-20,Comirnaty,4.2,06:15:20,2,8,0.0
2026-08-20,Comirnaty,7.01,06:15:50,2,8,0.0
2026-08-20,Comirnaty,13.36,06:16:20,2,8,45.49
2026-08-20,Comirnaty,13.32,06:16:50,2,8,45.5
2026-08-20,Comirnaty,17.64,06:17:20,2,8,45.51
2026-08-20,Comirnaty,6.06,06:17:50,2,8,0.0
2026-08-20,Comirnaty,9.55,06:18:20,2,8,45.53
2026-08-20,Comirnaty,15.66,06:18:50,2,8,45.54
2026-08-20,Comirnaty,5.57,06:19:20,2,8,0.0
2026-08-20,Comirnaty,12.89,06:19:50,2,8,45.56
2026-08-20,Comirnaty,10.19,06:20:20,2,8,45.58
2026-08-20,Comirnaty,17.32,06:20:50,2,8,45.59
2026-08-20,Comirnaty,6.06,06:21:20,2,8,0.0
2026-08-20,Comirnaty,13.58,06:21:50,2,8,45.61
2026-08-20,Comirnaty,2.76,06:22:20,2,8,0.0
2026-08-20,Comirnaty,6.9,06:22:50,2,8,0.0
2026-08-20,Comirnaty,16.03,06:23:20,2,8,45.64
2026-08-20,Comirnaty,15.26,06:23:50,2,8,45.65
2026-08-20,Comirnaty,7.76,06:24:20,2,8,0.0
2026-08-20,Comirnaty,5.35,06:24:50,2,8,0.0
2026-08-20,Comirnaty,9.38,06:25:20,2,8,45.68
2026-08-20,Comirnaty,5.76,06:25:50,2,8,0.0
2026-08-20,Comirnaty,13.02,06:26:20,2,8,45.71
2026-08-20,Comirnaty,17.7,06:26:50,2,8,45.72
2026-08-20,Comirnaty,11.33,06:27:20,2,8,45.73
2026-08-20,Comirnaty,5.81,06:27:50,2,8,0.0
2026-08-20,Comirnaty,13.37,06:28:20,2,8,45.75
2026-08-20,Comirnaty,9.92,06:28:50,2,8,45.76
2026-08-20,Comirnaty,3.19,06:29:20,2,8,0.0
2026-08-20,Comirnaty,11.83,06:29:50,2,8,45.78
2026-08-20,Comirnaty,10.83,06:30:20,2,8,45.79
2026-08-20,Comirnaty,2.17,06:30:50,2,8,0.0
2026-08-20,Comirnaty,12.67,06:31:20,2,8,45.81
2026-08-20,Comirnaty,3.95,06:31:50,2,8,0.0
2026-08-20,Comirnaty,15.52,06:32:20,2,8,45.84
2026-08-20,Comirnaty,11.82,06:32:50,2,8,45.85
2026-08-20,Comirnaty,4.4,06:33:20,2,8,0.0
2026-08-20,Comirnaty,11.9,06:33:50,2,8,45.87
2026-08-20,Comirnaty,10.3,06:34:20,2,8,45.88
2026-08-20,Comirnaty,12.8,06:34:50,2,8,45.89
2026-08-20,Comirnaty,4.11,06:35:20,2,8,0.0
2026-08-20,Comirnaty,13.34,06:35:50,2,8,45.91
2026-08-20,Comirnaty,10.39,06:36:20,2,8,45.92
2026-08-20,Comirnaty,5.31,06:36:50,2,8,0.0
2026-08-20,Comirnaty,5.28,06:37:20,2,8,0.0
2026-08-20,Comirnaty,12.01,06:37:50,2,8,45.96
2026-08-20,Comirnaty,10.24,06:38:20,2,8,45.97
2026-08-20,Comirnaty,4.74,06:38:50,2,8,0.0
2026-08-20,Comirnaty,6.84,06:39:20,2,8,0.0
2026-08-20,Comirnaty,12.34,06:39:50,2,8,46.0
2026-08-20,Comirnaty,6.24,06:40:20,2,8,0.0
2026-08-20,Comirnaty,17.61,06:40:50,2,8,46.02
2026-08-20,Comirnaty,3.18,06:41:20,2,8,0.0
2026-08-20,Comirnaty,9.19,06:41:50,2,8,46.04
2026-08-20,Comirnaty,15.06,06:42:20,2,8,46.05
2026-08-20,Comirnaty,4.04,06:42:50,2,8,0.0
2026-08-20,Comirnaty,7.47,06:43:20,2,8,0.0
2026-08-20,Comirnaty,16.1,06:43:50,2,8,46.09
2026-08-20,Comirnaty,3.21,06:44:20,2,8,0.0
2026-08-20,Comirnaty,15.21,06:44:50,2,8,46.11
2026-08-20,Comirnaty,15.84,06:45:20,2,8,46.12
2026-08-20,Comirnaty,17.08,06:45:50,2,8,46.13
2026-08-20,Comirnaty,2.64,06:46:20,2,8,0.0
2026-08-20,Comirnaty,16.23,06:46:50,2,8,46.15
2026-08-20,Comirnaty,9.3,06:47:20,2,8,46.16
2026-08-20,Comirnaty,17.39,06:47:50,2,8,46.17
2026-08-20,Comirnaty,10.07,06:48:20,2,8,46.18
2026-08-20,Comirnaty,17.14,06:48:50,2,8,46.19
2026-08-20,Comirnaty,10.9,06:49:20,2,8,46.2
2026-08-20,Comirnaty,13.91,06:49:50,2,8,46.21
2026-08-20,Comirnaty,9.76,06:50:20,2,8,46.23
2026-08-20,Comirnaty,7.73,06:50:50,2,8,0.0
2026-08-20,Comirnaty,6.5,06:51:20,2,8,0.0
2026-08-20,Comirnaty,16.69,06:51:50,2,8,46.26
2026-08-20,Comirnaty,3.85,06:52:20,2,8,0.0
2026-08-20,Comirnaty,16.97,06:52:50,2,8,46.28
2026-08-20,Comirnaty,6.21,06:53:20,2,8,0.0
2026-08-20,Comirnaty,10.03,06:53:50,2,8,46.3
2026-08-20,Comirnaty,11.57,06:54:20,2,8,46.31
2026-08-20,Comirnaty,9.81,06:54:50,2,8,46.32
2026-08-20,Comirnaty,16.32,06:55:20,2,8,46.33
2026-08-20,Comirnaty,5.42,06:55:50,2,8,0.0
2026-08-20,Comirnaty,13.31,06:56:20,2,8,46.36
2026-08-20,Comirnaty,9.75,06:56:50,2,8,46.37
2026-08-20,Comirnaty,15.64,06:57:20,2,8,46.38
2026-08-20,Comirnaty,2.2,06:57:50,2,8,0.0
2026-08-20,Comirnaty,13.95,06:58:20,2,8,46.4
2026-08-20,Comirnaty,15.1,06:58:50,2,8,46.41
2026-08-20,Comirnaty,2.57,06:59:20,2,8,0.0
2026-08-20,Comirnaty,3.71,06:59:50,2,8,0.0
2026-08-20,Comirnaty,5.75,07:00:20,2,8,0.0
2026-08-20,Comirnaty,9.33,07:00:50,2,8,46.45
2026-08-20,Comirnaty,5.81,07:01:20,2,8,0.0
2026-08-20,Comirnaty,6.88,07:01:50,2,8,0.0
2026-08-20,Comirnaty,3.79,07:02:20,2,8,0.0
2026-08-20,Comirnaty,4.45,07:02:50,2,8,0.0
2026-08-20,Comirnaty,6.18,07:03:20,2,8,0.0
2026-08-20,Comirnaty,2.71,07:03:50,2,8,0.0
2026-08-20,Comirnaty,4.43,07:04:20,2,8,0.0
2026-08-20,Comirnaty,10.1,07:04:50,2,8,46.54
2026-08-20,Comirnaty,11.63,07:05:20,2,8,46.55
2026-08-20,Comirnaty,12.53,07:05:50,2,8,46.56
2026-08-20,Comirnaty,5.66,07:06:20,2,8,0.0
2026-08-20,Comirnaty,13.48,07:06:50,2,8,46.58
2026-08-20,Comirnaty,15.3,07:07:20,2,8,46.59
2026-08-20,Comirnaty,12.4,07:07:50,2,8,46.61
2026-08-20,Comirnaty,9.42,07:08:20,2,8,46.62
2026-08-20,Comirnaty,6.88,07:08:50,2,8,0.0
2026-08-20,Comirnaty,5.17,07:09:20,2,8,0.0
2026-08-20,Comirnaty,13.73,07:09:50,2,8,46.65
2026-08-20,Comirnaty,15.47,07:10:20,2,8,46.66
2026-08-20,Comirnaty,2.36,07:10:50,2,8,0.0
2026-08-20,Comirnaty,13.64,07:11:20,2,8,46.68
2026-08-20,Comirnaty,14.3,07:11:50,2,8,46.69
2026-08-20,Comirnaty,3.66,07:12:20,2,8,0.0
2026-08-20,Comirnaty,12.37,07:12:50,2,8,46.71
2026-08-20,Comirnaty,5.97,07:13:20,2,8,0.0
2026-08-20,Comirnaty,15.19,07:13:50,2,8,46.74
2026-08-20,Comirnaty,4.45,07:14:20,2,8,0.0
2026-08-20,Comirnaty,13.26,07:14:50,2,8,46.76
2026-08-20,Comirnaty,14.61,07:15:20,2,8,46.77
2026-08-20,Comirnaty,4.64,07:15:50,2,8,0.0
2026-08-20,Comirnaty,9.49,07:16:20,2,8,46.79
2026-08-20,Comirnaty,7.91,07:16:50,2,8,0.0
2026-08-20,Comirnaty,6.23,07:17:20,2,8,0.0
2026-08-20,Comirnaty,12.59,07:17:50,2,8,46.82
2026-08-20,Comirnaty,13.67,07:18:20,2,8,46.83
2026-08-20,Comirnaty,14.06,07:18:50,2,8,46.84
2026-08-20,Comirnaty,15.12,07:19:20,2,8,46.85
2026-08-20,Comirnaty,6.92,07:19:50,2,8,0.0
2026-08-20,Comirnaty,13.96,07:20:20,2,8,46.88
2026-08-20,Comirnaty,5.02,07:20:50,2,8,0.0
2026-08-20,Comirnaty,9.95,07:21:20,2,8,46.9
2026-08-20,Comirnaty,6.86,07:21:50,2,8,0.0
2026-08-20,Comirnaty,10.87,07:22:20,2,8,46.92
2026-08-20,Comirnaty,3.34,07:22:50,2,8,0.0
2026-08-20,Comirnaty,9.98,07:23:20,2,8,46.94
2026-08-20,Comirnaty,13.79,07:23:50,2,8,46.95
2026-08-20,Comirnaty,17.24,07:24:20,2,8,46.96
2026-08-20,Comirnaty,17.58,07:24:50,2,8,46.97
2026-08-20,Comirnaty,5.75,07:25:20,2,8,0.0
2026-08-20,Comirnaty,15.73,07:25:50,2,8,46.99
2026-08-20,Comirnaty,4.81,07:26:20,2,8,0.0
2026-08-20,Comirnaty,16.45,07:26:50,2,8,47.02
2026-08-20,Comirnaty,13.55,07:27:20,2,8,47.03
2026-08-20,Comirnaty,7.13,07:27:50,2,8,0.0
2026-08-20,Comirnaty,12.85,07:28:20,2,8,47.05
2026-08-20,Comirnaty,4.76,07:28:50,2,8,0.0
2026-08-20,Comirnaty,3.4,07:29:20,2,8,0.0
2026-08-20,Comirnaty,3.71,07:29:50,2,8,0.0
2026-08-20,Comirnaty,16.18,07:30:20,2,8,47.09
2026-08-20,Comirnaty,15.66,07:30:50,2,8,47.1
2026-08-20,Comirnaty,7.61,07:31:20,2,8,0.0
2026-08-20,Comirnaty,14.44,07:31:50,2,8,47.12
2026-08-20,Comirnaty,9.45,07:32:20,2,8,47.14
2026-08-20,Comirnaty,9.15,07:32:50,2,8,47.15
2026-08-20,Comirnaty,7.52,07:33:20,2,8,0.0
2026-08-20,Comirnaty,4.28,07:33:50,2,8,0.0
2026-08-20,Comirnaty,4.4,07:34:20,2,8,0.0
2026-08-20,Comirnaty,16.32,07:34:50,2,8,47.19
2026-08-20,Comirnaty,3.1,07:35:20,2,8,0.0
2026-08-20,Comirnaty,6.88,07:35:50,2,8,0.0
2026-08-20,Comirnaty,16.11,07:36:20,2,8,47.22
2026-08-20,Comirnaty,5.98,07:36:50,2,8,0.0
2026-08-20,Comirnaty,6.28,07:37:20,2,8,0.0
2026-08-20,Comirnaty,7.19,07:37:50,2,8,0.0
2026-08-20,Comirnaty,16.4,07:38:20,2,8,47.27
2026-08-20,Comirnaty,7.35,07:38:50,2,8,0.0
2026-08-20,Comirnaty,12.14,07:39:20,2,8,47.29
2026-08-20,Comirnaty,7.29,07:39:50,2,8,0.0
2026-08-20,Comirnaty,6.67,07:40:20,2,8,0.0
2026-08-20,Comirnaty,4.48,07:40:50,2,8,0.0
2026-08-20,Comirnaty,17.25,07:41:20,2,8,47.33
2026-08-20,Comirnaty,11.8,07:41:50,2,8,47.34
2026-08-20,Comirnaty,9.89,07:42:20,2,8,47.35
2026-08-20,Comirnaty,10.19,07:42:50,2,8,47.36
2026-08-20,Comirnaty,11.43,07:43:20,2,8,47.37
2026-08-20,Comirnaty,14.47,07:43:50,2,8,47.39
2026-08-20,Comirnaty,15.04,07:44:20,2,8,47.4
2026-08-20,Comirnaty,17.37,07:44:50,2,8,47.41
2026-08-20,Comirnaty,4.12,07:45:20,2,8,0.0
2026-08-20,Comirnaty,16.03,07:45:50,2,8,47.43
2026-08-20,Comirnaty,13.37,07:46:20,2,8,47.44
2026-08-20,Comirnaty,14.11,07:46:50,2,8,47.45
2026-08-20,Comirnaty,17.83,07:47:20,2,8,47.46
2026-08-20,Comirnaty,10.28,07:47:50,2,8,47.47
2026-08-20,Comirnaty,15.71,07:48:20,2,8,47.48
2026-08-20,Comirnaty,6.24,07:48:50,2,8,0.0
2026-08-20,Comirnaty,4.06,07:49:20,2,8,0.0
2026-08-20,Comirnaty,14.85,07:49:50,2,8,47.52
2026-08-20,Comirnaty,2.55,07:50:20,2,8,0.0
2026-08-20,Comirnaty,7.86,07:50:50,2,8,0.0
2026-08-20,Comirnaty,4.91,07:51:20,2,8,0.0
2026-08-20,Comirnaty,14.06,07:51:50,2,8,47.56
2026-08-20,Comirnaty,3.72,07:52:20,2,8,0.0
2026-08-20,Comirnaty,16.34,07:52:50,2,8,47.58
2026-08-20,Comirnaty,16.15,07:53:20,2,8,47.59
2026-08-20,Comirnaty,9.57,07:53:50,2,8,47.6
2026-08-20,Comirnaty,11.34,07:54:20,2,8,47.61
2026-08-20,Comirnaty,14.52,07:54:50,2,8,47.62
2026-08-20,Comirnaty,3.05,07:55:20,2,8,0.0
2026-08-20,Comirnaty,13.66,07:55:50,2,8,47.65
2026-08-20,Comirnaty,13.59,07:56:20,2,8,47.66
2026-08-20,Comirnaty,16.52,07:56:50,2,8,47.67
2026-08-20,Comirnaty,5.17,07:57:20,2,8,0.0
2026-08-20,Comirnaty,5.05,07:57:50,2,8,0.0
2026-08-20,Comirnaty,16.54,07:58:20,2,8,47.7
2026-08-20,Comirnaty,15.75,07:58:50,2,8,47.71
2026-08-20,Comirnaty,6.39,07:59:20,2,8,0.0
2026-08-20,Comirnaty,9.0,07:59:50,2,8,47.73
2026-08-20,Comirnaty,6.72,08:00:20,2,8,0.0
2026-08-20,Comirnaty,13.31,08:00:50,2,8,47.75
2026-08-20,Comirnaty,11.7,08:01:20,2,8,47.76
2026-08-20,Comirnaty,17.01,08:01:50,2,8,47.77
2026-08-20,Comirnaty,15.23,08:02:20,2,8,47.79
2026-08-20,Comirnaty,5.9,08:02:50,2,8,0.0
2026-08-20,Comirnaty,6.44,08:03:20,2,8,0.0
2026-08-20,Comirnaty,7.73,08:03:50,2,8,0.0
2026-08-20,Comirnaty,17.47,08:04:20,2,8,47.83
2026-08-20,Comirnaty,5.23,08:04:50,2,8,0.0
2026-08-20,Comirnaty,12.44,08:05:20,2,8,47.85
2026-08-20,Comirnaty,15.31,08:05:50,2,8,47.86
2026-08-20,Comirnaty,9.52,08:06:20,2,8,47.87
2026-08-20,Comirnaty,11.2,08:06:50,2,8,47.88
2026-08-20,Comirnaty,11.19,08:07:20,2,8,47.89
2026-08-20,Comirnaty,12.08,08:07:50,2,8,47.91
2026-08-20,Comirnaty,3.1,08:08:20,2,8,0.0
2026-08-20,Comirnaty,6.95,08:08:50,2,8,0.0
2026-08-20,Comirnaty,3.52,08:09:20,2,8,0.0
2026-08-20,Comirnaty,6.74,08:09:50,2,8,0.0
2026-08-20,Comirnaty,5.73,08:10:20,2,8,0.0
2026-08-20,Comirnaty,6.5,08:10:50,2,8,0.0
2026-08-20,Comirnaty,15.51,08:11:20,2,8,47.98
2026-08-20,Comirnaty,12.81,08:11:50,2,8,47.99
2026-08-20,Comirnaty,4.63,08:12:20,2,8,0.0
2026-08-20,Comirnaty,5.26,08:12:50,2,8,0.0
2026-08-20,Comirnaty,14.09,08:13:20,2,8,48.02
2026-08-20,Comirnaty,2.21,08:13:50,2,8,0.0
2026-08-20,Comirnaty,7.02,08:14:20,2,8,0.0
2026-08-20,Comirnaty,4.19,08:14:50,2,8,0.0
2026-08-20,Comirnaty,2.04,08:15:20,2,8,0.0
2026-08-20,Comirnaty,7.2,08:15:50,2,8,0.0
2026-08-20,Comirnaty,10.77,08:16:20,2,8,48.09
2026-08-20,Comirnaty,5.56,08:16:50,2,8,0.0
2026-08-20,Comirnaty,6.06,08:17:20,2,8,0.0
2026-08-20,Comirnaty,5.11,08:17:50,2,8,0.0
2026-08-20,Comirnaty,12.98,08:18:20,2,8,48.13
2026-08-20,Comirnaty,16.48,08:18:50,2,8,48.14
2026-08-20,Comirnaty,11.87,08:19:20,2,8,48.15
2026-08-20,Comirnaty,11.34,08:19:50,2,8,48.16
2026-08-20,Comirnaty,13.89,08:20:20,2,8,48.18
2026-08-20,Comirnaty,11.66,08:20:50,2,8,48.19
2026-08-20,Comirnaty,7.44,08:21:20,2,8,0.0
2026-08-20,Comirnaty,10.02,08:21:50,2,8,48.21
2026-08-20,Comirnaty,4.61,08:22:20,2,8,0.0
2026-08-20,Comirnaty,7.97,08:22:50,2,8,0.0
2026-08-20,Comirnaty,7.13,08:23:20,2,8,0.0
2026-08-20,Comirnaty,14.26,08:23:50,2,8,48.25
2026-08-20,Comirnaty,13.91,08:24:20,2,8,48.26
2026-08-20,Comirnaty,2.81,08:24:50,2,8,0.0
2026-08-20,Comirnaty,13.58,08:25:20,2,8,48.28
2026-08-20,Comirnaty,7.24,08:25:50,2,8,0.0
2026-08-20,Comirnaty,6.43,08:26:20,2,8,0.0
2026-08-20,Comirnaty,12.08,08:26:50,2,8,48.32
2026-08-20,Comirnaty,14.29,08:27:20,2,8,48.33
2026-08-20,Comirnaty,14.94,08:27:50,2,8,48.34
2026-08-20,Comirnaty,9.6,08:28:20,2,8,48.35
2026-08-20,Comirnaty,17.5,08:28:50,2,8,48.36
2026-08-20,Comirnaty,10.78,08:29:20,2,8,48.37
2026-08-20,Comirnaty,11.59,08:29:50,2,8,48.38
2026-08-20,Comirnaty,6.12,08:30:20,2,8,0.0
2026-08-20,Comirnaty,15.19,08:30:50,2,8,48.4
2026-08-20,Comirnaty,3.65,08:31:20,2,8,0.0
2026-08-20,Comirnaty,9.2,08:31:50,2,8,48.43
2026-08-20,Comirnaty,14.0,08:32:20,2,8,48.44
2026-08-20,Comirnaty,9.43,08:32:50,2,8,48.45
2026-08-20,Comirnaty,2.09,08:33:20,2,8,0.0
2026-08-20,Comirnaty,13.23,08:33:50,2,8,48.47
2026-08-20,Comirnaty,13.68,08:34:20,2,8,48.48
2026-08-20,Comirnaty,17.97,08:34:50,2,8,48.49
2026-08-20,Comirnaty,2.13,08:35:20,2,8,0.0
2026-08-20,Comirnaty,11.06,08:35:50,2,8,48.51
2026-08-20,Comirnaty,12.63,08:36:20,2,8,48.52
2026-08-20,Comirnaty,5.63,08:36:50,2,8,0.0
2026-08-20,Comirnaty,3.14,08:37:20,2,8,0.0
2026-08-20,Comirnaty,7.21,08:37:50,2,8,0.0
2026-08-20,Comirnaty,11.34,08:38:20,2,8,48.57
2026-08-20,Comirnaty,4.21,08:38:50,2,8,0.0
2026-08-20,Comirnaty,14.56,08:39:20,2,8,48.59
2026-08-20,Comirnaty,10.68,08:39:50,2,8,48.6
2026-08-20,Comirnaty,13.24,08:40:20,2,8,48.61
2026-08-20,Comirnaty,13.54,08:40:50,2,8,48.62
2026-08-20,Comirnaty,11.73,08:41:20,2,8,48.63
2026-08-20,Comirnaty,11.64,08:41:50,2,8,48.64
2026-08-20,Comirnaty,14.05,08:42:20,2,8,48.65
2026-08-20,Comirnaty,4.0,08:42:50,2,8,0.0
2026-08-20,Comirnaty,3.34,08:43:20,2,8,0.0
2026-08-20,Comirnaty,14.71,08:43:50,2,8,48.69
2026-08-20,Comirnaty,11.13,08:44:20,2,8,48.7
2026-08-20,Comirnaty,9.04,08:44:50,2,8,48.71
2026-08-20,Comirnaty,12.14,08:45:20,2,8,48.72
2026-08-20,Comirnaty,15.0,08:45:50,2,8,48.73
2026-08-20,Comirnaty,10.55,08:46:20,2,8,48.74
2026-08-20,Comirnaty,7.83,08:46:50,2,8,0.0
2026-08-20,Comirnaty,16.87,08:47:20,2,8,48.76
2026-08-20,Comirnaty,5.58,08:47:50,2,8,0.0
2026-08-20,Comirnaty,15.47,08:48:20,2,8,48.78
2026-08-20,Comirnaty,10.82,08:48:50,2,8,48.79
2026-08-20,Comirnaty,5.5,08:49:20,2,8,0.0
2026-08-20,Comirnaty,7.08,08:49:50,2,8,0.0
2026-08-20,Comirnaty,10.15,08:50:20,2,8,48.83
2026-08-20,Comirnaty,16.85,08:50:50,2,8,48.84
2026-08-20,Comirnaty,11.68,08:51:20,2,8,48.85
2026-08-20,Comirnaty,12.65,08:51:50,2,8,48.86
2026-08-20,Comirnaty,11.91,08:52:20,2,8,48.87
2026-08-20,Comirnaty,15.53,08:52:50,2,8,48.88
2026-08-20,Comirnaty,10.56,08:53:20,2,8,48.89
2026-08-20,Comirnaty,11.21,08:53:50,2,8,48.9
2026-08-20,Comirnaty,5.7,08:54:20,2,8,0.0
2026-08-20,Comirnaty,16.92,08:54:50,2,8,48.92
2026-08-20,Comirnaty,3.32,08:55:20,2,8,0.0
2026-08-20,Comirnaty,3.18,08:55:50,2,8,0.0
2026-08-20,Comirnaty,15.89,08:56:20,2,8,48.96
2026-08-20,Comirnaty,11.18,08:56:50,2,8,48.97
2026-08-20,Comirnaty,4.95,08:57:20,2,8,0.0
2026-08-20,Comirnaty,9.44,08:57:50,2,8,48.99
2026-08-20,Comirnaty,5.31,08:58:20,2,8,0.0
2026-08-20,Comirnaty,7.5,08:58:50,2,8,0.0
2026-08-20,Comirnaty,6.44,08:59:20,2,8,0.0
2026-08-20,Comirnaty,9.41,08:59:50,2,8,49.03
2026-08-20,Comirnaty,12.67,09:00:20,2,8,49.04
2026-08-20,Comirnaty,9.61,09:00:50,2,8,49.05
2026-08-20,Comirnaty,3.17,09:01:20,2,8,0.0
2026-08-20,Comirnaty,5.68,09:01:50,2,8,0.0
2026-08-20,Comirnaty,10.99,09:02:20,2,8,49.09
2026-08-20,Comirnaty,9.44,09:02:50,2,8,49.1
2026-08-20,Comirnaty,7.79,09:03:20,2,8,0.0
2026-08-20,Comirnaty,12.63,09:03:50,2,8,49.12
2026-08-20,Comirnaty,9.33,09:04:20,2,8,49.13
2026-08-20,Comirnaty,16.93,09:04:50,2,8,49.14
2026-08-20,Comirnaty,5.54,09:05:20,2,8,0.0
2026-08-20,Comirnaty,7.98,09:05:50,2,8,0.0
2026-08-20,Comirnaty,5.58,09:06:20,2,8,0.0
2026-08-20,Comirnaty,16.14,09:06:50,2,8,49.18
2026-08-20,Comirnaty,11.16,09:07:20,2,8,49.19
2026-08-20,Comirnaty,15.12,09:07:50,2,8,49.21
2026-08-20,Comirnaty,4.72,09:08:20,2,8,0.0
2026-08-20,Comirnaty,12.14,09:08:50,2,8,49.23
2026-08-20,Comirnaty,14.44,09:09:20,2,8,49.24
2026-08-20,Comirnaty,4.08,09:09:50,2,8,0.0
2026-08-20,Comirnaty,5.44,09:10:20,2,8,0.0
2026-08-20,Comirnaty,17.67,09:10:50,2,8,49.27
2026-08-20,Comirnaty,15.44,09:11:20,2,8,49.28
2026-08-20,Comirnaty,3.9,09:11:50,2,8,0.0
2026-08-20,Comirnaty,17.01,09:12:20,2,8,49.3
2026-08-20,Comirnaty,9.96,09:12:50,2,8,49.31
2026-08-20,Comirnaty,10.43,09:13:20,2,8,49.32
2026-08-20,Comirnaty,15.74,09:13:50,2,8,49.34
2026-08-20,Comirnaty,9.77,09:14:20,2,8,49.35
2026-08-20,Comirnaty,6.65,09:14:50,2,8,0.0
2026-08-20,Comirnaty,13.53,09:15:20,2,8,49.37
2026-08-20,Comirnaty,13.59,09:15:50,2,8,49.38
2026-08-20,Comirnaty,5.87,09:16:20,2,8,0.0
2026-08-20,Comirnaty,11.69,09:16:50,2,8,49.4
2026-08-20,Comirnaty,16.3,09:17:20,2,8,49.41
2026-08-20,Comirnaty,16.19,09:17:50,2,8,49.42
2026-08-20,Comirnaty,10.24,09:18:20,2,8,49.43
2026-08-20,Comirnaty,12.94,09:18:50,2,8,49.44
2026-08-20,Comirnaty,12.4,09:19:20,2,8,49.45
2026-08-20,Comirnaty,6.42,09:19:50,2,8,0.0
2026-08-20,Comirnaty,15.95,09:20:20,2,8,49.48
2026-08-20,Comirnaty,5.42,09:20:50,2,8,0.0
2026-08-20,Comirnaty,13.99,09:21:20,2,8,49.5
2026-08-20,Comirnaty,17.11,09:21:50,2,8,49.51
2026-08-20,Comirnaty,12.99,09:22:20,2,8,49.52
2026-08-20,Comirnaty,11.27,09:22:50,2,8,49.53
2026-08-20,Comirnaty,5.12,09:23:20,2,8,0.0
2026-08-20,Comirnaty,12.91,09:23:50,2,8,49.55
2026-08-20,Comirnaty,13.11,09:24:20,2,8,49.56
2026-08-20,Comirnaty,6.98,09:24:50,2,8,0.0
2026-08-20,Comirnaty,12.28,09:25:20,2,8,49.58
2026-08-20,Comirnaty,14.17,09:25:50,2,8,49.59
2026-08-20,Comirnaty,4.29,09:26:20,2,8,0.0
2026-08-20,Comirnaty,6.36,09:26:50,2,8,0.0
2026-08-20,Comirnaty,7.96,09:27:20,2,8,0.0
2026-08-20,Comirnaty,11.27,09:27:50,2,8,49.64
2026-08-20,Comirnaty,16.79,09:28:20,2,8,49.65
2026-08-20,Comirnaty,9.77,09:28:50,2,8,49.66
2026-08-20,Comirnaty,14.35,09:29:20,2,8,49.67
2026-08-20,Comirnaty,10.34,09:29:50,2,8,49.68
2026-08-20,Comirnaty,2.5,09:30:20,2,8,0.0
2026-08-20,Comirnaty,11.63,09:30:50,2,8,49.7
2026-08-20,Comirnaty,16.16,09:31:20,2,8,49.71
2026-08-20,Comirnaty,10.33,09:31:50,2,8,49.73
2026-08-20,Comirnaty,13.47,09:32:20,2,8,49.74
2026-08-20,Comirnaty,15.57,09:32:50,2,8,49.75
2026-08-20,Comirnaty,11.22,09:33:20,2,8,49.76
2026-08-20,Comirnaty,3.9,09:33:50,2,8,0.0
2026-08-20,Comirnaty,12.8,09:34:20,2,8,49.78
2026-08-20,Comirnaty,15.94,09:34:50,2,8,49.79
2026-08-20,Comirnaty,4.9,09:35:20,2,8,0.0
2026-08-20,Comirnaty,13.75,09:35:50,2,8,49.81
2026-08-20,Comirnaty,11.87,09:36:20,2,8,49.82
2026-08-20,Comirnaty,7.47,09:36:50,2,8,0.0
2026-08-20,Comirnaty,15.01,09:37:20,2,8,49.84
2026-08-20,Comirnaty,3.55,09:37:50,2,8,0.0
2026-08-20,Comirnaty,5.35,09:38:20,2,8,0.0
2026-08-20,Comirnaty,9.32,09:38:50,2,8,49.88
2026-08-20,Comirnaty,11.36,09:39:20,2,8,49.89
2026-08-20,Comirnaty,15.39,09:39:50,2,8,49.9
2026-08-20,Comirnaty,13.44,09:40:20,2,8,49.91
2026-08-20,Comirnaty,14.0,09:40:50,2,8,49.92
2026-08-20,Comirnaty,14.09,09:41:20,2,8,49.93
2026-08-20,Comirnaty,2.2,09:41:50,2,8,0.0
2026-08-20,Comirnaty,11.43,09:42:20,2,8,49.95
2026-08-20,Comirnaty,16.32,09:42:50,2,8,49.96
2026-08-20,Comirnaty,17.21,09:43:20,2,8,49.97
2026-08-20,Comirnaty,15.49,09:43:50,2,8,49.99
2026-08-20,Comirnaty,15.05,09:44:20,2,8,50.0
2026-08-20,Comirnaty,17.33,09:44:50,2,8,50.01
2026-08-20,Comirnaty,4.94,09:45:20,2,8,0.0
2026-08-20,Comirnaty,17.52,09:45:50,2,8,50.03
2026-08-20,Comirnaty,3.7,09:46:20,2,8,0.0
2026-08-20,Comirnaty,14.82,09:46:50,2,8,50.05
2026-08-20,Comirnaty,2.46,09:47:20,2,8,0.0
2026-08-20,Comirnaty,6.65,09:47:50,2,8,0.0
2026-08-20,Comirnaty,4.98,09:48:20,2,8,0.0
2026-08-20,Comirnaty,13.0,09:48:50,2,8,50.09
2026-08-20,Comirnaty,14.82,09:49:20,2,8,50.1
2026-08-20,Comirnaty,17.44,09:49:50,2,8,50.11
2026-08-20,Comirnaty,9.27,09:50:20,2,8,50.13
2026-08-20,Comirnaty,15.2,09:50:50,2,8,50.14
2026-08-20,Comirnaty,7.59,09:51:20,2,8,0.0
2026-08-20,Comirnaty,15.98,09:51:50,2,8,50.16
2026-08-20,Comirnaty,7.88,09:52:20,2,8,0.0
2026-08-20,Comirnaty,13.67,09:52:50,2,8,50.18
2026-08-20,Comirnaty,12.67,09:53:20,2,8,50.19
2026-08-20,Comirnaty,17.67,09:53:50,2,8,50.2
2026-08-20,Comirnaty,7.22,09:54:20,2,8,0.0
2026-08-20,Comirnaty,5.63,09:54:50,2,8,0.0
2026-08-20,Comirnaty,2.37,09:55:20,2,8,0.0
2026-08-20,Comirnaty,17.34,09:55:50,2,8,50.24
2026-08-20,Comirnaty,3.35,09:56:20,2,8,0.0
2026-08-20,Comirnaty,11.44,09:56:50,2,8,50.27
2026-08-20,Comirnaty,6.77,09:57:20,2,8,0.0
2026-08-20,Comirnaty,2.73,09:57:50,2,8,0.0
2026-08-20,Comirnaty,16.91,09:58:20,2,8,50.3
2026-08-20,Comirnaty,10.96,09:58:50,2,8,50.31
2026-08-20,Comirnaty,14.75,09:59:20,2,8,50.32
2026-08-20,Comirnaty,3.3,09:59:50,2,8,0.0
2026-08-20,Comirnaty,9.89,10:00:20,2,8,50.34
2026-08-20,Comirnaty,15.9,10:00:50,2,8,50.35
2026-08-20,Comirnaty,5.16,10:01:20,2,8,0.0
2026-08-20,Comirnaty,9.06,10:01:50,2,8,50.38
2026-08-20,Comirnaty,10.03,10:02:20,2,8,50.39
2026-08-20,Comirnaty,10.92,10:02:50,2,8,50.4
2026-08-20,Comirnaty,11.17,10:03:20,2,8,50.41
2026-08-20,Comirnaty,7.12,10:03:50,2,8,0.0
2026-08-20,Comirnaty,4.64,10:04:20,2,8,0.0
2026-08-20,Comirnaty,11.75,10:04:50,2,8,50.44
2026-08-20,Comirnaty,12.34,10:05:20,2,8,50.45
2026-08-20,Comirnaty,7.87,10:05:50,2,8,0.0
2026-08-20,Comirnaty,13.19,10:06:20,2,8,50.47
2026-08-20,Comirnaty,13.12,10:06:50,2,8,50.48
2026-08-20,Comirnaty,4.87,10:07:20,2,8,0.0
2026-08-20,Comirnaty,12.08,10:07:50,2,8,50.51
2026-08-20,Comirnaty,4.21,10:08:20,2,8,0.0
2026-08-20,Comirnaty,5.93,10:08:50,2,8,0.0
2026-08-20,Comirnaty,7.7,10:09:20,2,8,0.0
2026-08-20,Comirnaty,12.91,10:09:50,2,8,50.55
2026-08-20,Comirnaty,10.06,10:10:20,2,8,50.56
2026-08-20,Comirnaty,15.5,10:10:50,2,8,50.57
2026-08-20,Comirnaty,10.92,10:11:20,2,8,50.58
2026-08-20,Comirnaty,13.47,10:11:50,2,8,50.59
2026-08-20,Comirnaty,10.29,10:12:20,2,8,50.6
2026-08-20,Comirnaty,11.46,10:12:50,2,8,50.61
2026-08-20,Comirnaty,3.89,10:13:20,2,8,0.0
2026-08-20,Comirnaty,7.68,10:13:50,2,8,0.0
2026-08-20,Comirnaty,4.53,10:14:20,2,8,0.0
2026-08-20,Comirnaty,15.22,10:14:50,2,8,50.66
2026-08-20,Comirnaty,3.5,10:15:20,2,8,0.0
2026-08-20,Comirnaty,11.92,10:15:50,2,8,50.68
2026-08-20,Comirnaty,4.43,10:16:20,2,8,0.0
2026-08-20,Comirnaty,10.5,10:16:50,2,8,50.7
2026-08-20,Comirnaty,9.32,10:17:20,2,8,50.71
2026-08-20,Comirnaty,3.0,10:17:50,2,8,0.0
2026-08-20,Comirnaty,17.55,10:18:20,2,8,50.73
2026-08-20,Comirnaty,4.82,10:18:50,2,8,0.0
2026-08-20,Comirnaty,9.53,10:19:20,2,8,50.75
2026-08-20,Comirnaty,4.73,10:19:50,2,8,0.0
2026-08-20,Comirnaty,17.21,10:20:20,2,8,50.78
2026-08-20,Comirnaty,15.15,10:20:50,2,8,50.79
2026-08-20,Comirnaty,7.2,10:21:20,2,8,0.0
2026-08-20,Comirnaty,3.22,10:21:50,2,8,0.0
2026-08-20,Comirnaty,12.04,10:22:20,2,8,50.82
2026-08-20,Comirnaty,4.71,10:22:50,2,8,0.0
2026-08-20,Comirnaty,17.87,10:23:20,2,8,50.84
2026-08-20,Comirnaty,6.24,10:23:50,2,8,0.0
2026-08-20,Comirnaty,12.41,10:24:20,2,8,50.86
2026-08-20,Comirnaty,6.31,10:24:50,2,8,0.0
2026-08-20,Comirnaty,4.26,10:25:20,2,8,0.0
2026-08-20,Comirnaty,17.28,10:25:50,2,8,50.9
2026-08-20,Comirnaty,11.82,10:26:20,2,8,50.91
2026-08-20,Comirnaty,13.32,10:26:50,2,8,50.92
2026-08-20,Comirnaty,4.02,10:27:20,2,8,0.0
2026-08-20,Comirnaty,16.53,10:27:50,2,8,50.94
2026-08-20,Comirnaty,3.31,10:28:20,2,8,0.0
2026-08-20,Comirnaty,14.15,10:28:50,2,8,50.96
2026-08-20,Comirnaty,12.58,10:29:20,2,8,50.97
2026-08-20,Comirnaty,13.53,10:29:50,2,8,50.98
2026-08-20,Comirnaty,14.51,10:30:20,2,8,50.99
2026-08-20,Comirnaty,12.6,10:30:50,2,8,51.0
2026-08-20,Comirnaty,14.12,10:31:20,2,8,51.01
2026-08-20,Comirnaty,3.41,10:31:50,2,8,0.0
2026-08-20,Comirnaty,12.6,10:32:20,2,8,51.04
2026-08-20,Comirnaty,15.7,10:32:50,2,8,51.05
2026-08-20,Comirnaty,13.9,10:33:20,2,8,51.06
2026-08-20,Comirnaty,11.69,10:33:50,2,8,51.07
2026-08-20,Comirnaty,15.15,10:34:20,2,8,51.08
2026-08-20,Comirnaty,5.34,10:34:50,2,8,0.0
2026-08-20,Comirnaty,3.45,10:35:20,2,8,0.0
2026-08-20,Comirnaty,3.99,10:35:50,2,8,0.0
2026-08-20,Comirnaty,14.84,10:36:20,2,8,51.12
2026-08-20,Comirnaty,4.51,10:36:50,2,8,0.0
2026-08-20,Comirnaty,4.72,10:37:20,2,8,0.0
2026-08-20,Comirnaty,16.57,10:37:50,2,8,51.16
2026-08-20,Comirnaty,14.24,10:38:20,2,8,51.17
2026-08-20,Comirnaty,12.15,10:38:50,2,8,51.18
2026-08-20,Comirnaty,2.51,10:39:20,2,8,0.0
2026-08-20,Comirnaty,15.41,10:39:50,2,8,51.2
2026-08-20,Comirnaty,5.61,10:40:20,2,8,0.0
2026-08-20,Comirnaty,16.55,10:40:50,2,8,51.22
2026-08-20,Comirnaty,9.1,10:41:20,2,8,51.23
2026-08-20,Comirnaty,2.02,10:41:50,2,8,0.0
2026-08-20,Comirnaty,10.14,10:42:20,2,8,51.25
2026-08-20,Comirnaty,10.21,10:42:50,2,8,51.26
2026-08-20,Comirnaty,12.08,10:43:20,2,8,51.27
2026-08-20,Comirnaty,6.84,10:43:50,2,8,0.0
2026-08-20,Comirnaty,12.75,10:44:20,2,8,51.3
2026-08-20,Comirnaty,13.52,10:44:50,2,8,51.31
2026-08-20,Comirnaty,2.66,10:45:20,2,8,0.0
2026-08-20,Comirnaty,17.46,10:45:50,2,8,51.33
2026-08-20,Comirnaty,3.89,10:46:20,2,8,0.0
2026-08-20,Comirnaty,16.67,10:46:50,2,8,51.35
2026-08-20,Comirnaty,2.82,10:47:20,2,8,0.0
2026-08-20,Comirnaty,6.77,10:47:50,2,8,0.0
2026-08-20,Comirnaty,14.35,10:48:20,2,8,51.38
2026-08-20,Comirnaty,5.5,10:48:50,2,8,0.0
2026-08-20,Comirnaty,9.76,10:49:20,2,8,51.4
2026-08-20,Comirnaty,6.94,10:49:50,2,8,0.0
2026-08-20,Comirnaty,6.5,10:50:20,2,8,0.0
2026-08-20,Comirnaty,13.97,10:50:50,2,8,51.44
2026-08-20,Comirnaty,13.85,10:51:20,2,8,51.45
2026-08-20,Comirnaty,7.37,10:51:50,2,8,0.0
2026-08-20,Comirnaty,16.38,10:52:20,2,8,51.47
2026-08-20,Comirnaty,4.91,10:52:50,2,8,0.0
2026-08-20,Comirnaty,7.17,10:53:20,2,8,0.0
2026-08-20,Comirnaty,9.31,10:53:50,2,8,51.5
2026-08-20,Comirnaty,10.38,10:54:20,2,8,51.51
2026-08-20,Comirnaty,15.06,10:54:50,2,8,51.52
2026-08-20,Comirnaty,16.31,10:55:20,2,8,51.53
2026-08-20,Comirnaty,10.18,10:55:50,2,8,51.55
2026-08-20,Comirnaty,17.3,10:56:20,2,8,51.56
2026-08-20,Comirnaty,12.23,10:56:50,2,8,51.57
2026-08-20,Comirnaty,9.56,10:57:20,2,8,51.58
2026-08-20,Comirnaty,11.14,10:57:50,2,8,51.59
2026-08-20,Comirnaty,14.09,10:58:20,2,8,51.6
2026-08-20,Comirnaty,2.2,10:58:50,2,8,0.0
2026-08-20,Comirnaty,3.53,10:59:20,2,8,0.0
2026-08-20,Comirnaty,6.72,10:59:50,2,8,0.0
2026-08-20,Comirnaty,5.38,11:00:20,2,8,0.0
2026-08-20,Comirnaty,3.86,11:00:50,2,8,0.0
2026-08-20,Comirnaty,10.86,11:01:20,2,8,51.66
2026-08-20,Comirnaty,14.03,11:01:50,2,8,51.68
2026-08-20,Comirnaty,14.29,11:02:20,2,8,51.69
2026-08-20,Comirnaty,4.38,11:02:50,2,8,0.0
2026-08-20,Comirnaty,9.71,11:03:20,2,8,51.71
2026-08-20,Comirnaty,11.22,11:03:50,2,8,51.72
2026-08-20,Comirnaty,6.7,11:04:20,2,8,0.0
2026-08-20,Comirnaty,14.16,11:04:50,2,8,51.74
2026-08-20,Comirnaty,9.49,11:05:20,2,8,51.75
2026-08-20,Comirnaty,16.96,11:05:50,2,8,51.76
2026-08-20,Comirnaty,10.34,11:06:20,2,8,51.77
2026-08-20,Comirnaty,7.86,11:06:50,2,8,0.0
2026-08-20,Comirnaty,2.1,11:07:20,2,8,0.0
2026-08-20,Comirnaty,15.32,11:07:50,2,8,51.81
2026-08-20,Comirnaty,3.95,11:08:20,2,8,0.0
2026-08-20,Comirnaty,3.59,11:08:50,2,8,0.0
2026-08-20,Comirnaty,11.88,11:09:20,2,8,51.84
2026-08-20,Comirnaty,9.72,11:09:50,2,8,51.85
2026-08-20,Comirnaty,4.81,11:10:20,2,8,0.0
2026-08-20,Comirnaty,2.07,11:10:50,2,8,0.0
2026-08-20,Comirnaty,14.92,11:11:20,2,8,51.88
2026-08-20,Comirnaty,14.42,11:11:50,2,8,51.89
2026-08-20,Comirnaty,5.47,11:12:20,2,8,0.0
2026-08-20,Comirnaty,2.23,11:12:50,2,8,0.0
2026-08-20,Comirnaty,15.97,11:13:20,2,8,51.92
2026-08-20,Comirnaty,17.35,11:13:50,2,8,51.94
2026-08-20,Comirnaty,11.58,11:14:20,2,8,51.95
2026-08-20,Comirnaty,16.55,11:14:50,2,8,51.96
2026-08-20,Comirnaty,11.18,11:15:20,2,8,51.97
2026-08-20,Comirnaty,2.24,11:15:50,2,8,0.0
2026-08-20,Comirnaty,6.84,11:16:20,2,8,0.0
2026-08-20,Comirnaty,2.28,11:16:50,2,8,0.0
2026-08-20,Comirnaty,13.1,11:17:20,2,8,52.01
2026-08-20,Comirnaty,6.12,11:17:50,2,8,0.0
2026-08-20,Comirnaty,15.64,11:18:20,2,8,52.03
2026-08-20,Comirnaty,13.42,11:18:50,2,8,52.04
2026-08-20,Comirnaty,7.58,11:19:20,2,8,0.0
2026-08-20,Comirnaty,11.07,11:19:50,2,8,52.06
2026-08-20,Comirnaty,17.57,11:20:20,2,8,52.08
2026-08-20,Comirnaty,11.01,11:20:50,2,8,52.09
2026-08-20,Comirnaty,11.36,11:21:20,2,8,52.1
2026-08-20,Comirnaty,14.76,11:21:50,2,8,52.11
2026-08-20,Comirnaty,11.2,11:22:20,2,8,52.12
2026-08-20,Comirnaty,11.4,11:22:50,2,8,52.13
2026-08-20,Comirnaty,15.26,11:23:20,2,8,52.14
2026-08-20,Comirnaty,11.54,11:23:50,2,8,52.15
2026-08-20,Comirnaty,5.28,11:24:20,2,8,0.0
2026-08-20,Comirnaty,7.59,11:24:50,2,8,0.0
2026-08-20,Comirnaty,3.64,11:25:20,2,8,0.0
2026-08-20,Comirnaty,17.74,11:25:50,2,8,52.2
2026-08-20,Comirnaty,13.21,11:26:20,2,8,52.21
2026-08-20,Comirnaty,17.06,11:26:50,2,8,52.22
2026-08-20,Comirnaty,17.37,11:27:20,2,8,52.23
2026-08-20,Comirnaty,15.01,11:27:50,2,8,52.24
2026-08-20,Comirnaty,13.13,11:28:20,2,8,52.25
2026-08-20,Comirnaty,3.65,11:28:50,2,8,0.0
2026-08-20,Comirnaty,6.15,11:29:20,2,8,0.0
2026-08-20,Comirnaty,2.36,11:29:50,2,8,0.0
2026-08-20,Comirnaty,4.09,11:30:20,2,8,0.0
2026-08-20,Comirnaty,11.14,11:30:50,2,8,52.3
2026-08-20,Comirnaty,13.65,11:31:20,2,8,52.31
2026-08-20,Comirnaty,16.95,11:31:50,2,8,52.33
2026-08-20,Comirnaty,7.73,11:32:20,2,8,0.0
2026-08-20,Comirnaty,3.96,11:32:50,2,8,0.0
2026-08-20,Comirnaty,17.56,11:33:20,2,8,52.36
2026-08-20,Comirnaty,9.05,11:33:50,2,8,52.37
2026-08-20,Comirnaty,15.33,11:34:20,2,8,52.38
2026-08-20,Comirnaty,14.68,11:34:50,2,8,52.39
2026-08-20,Comirnaty,15.23,11:35:20,2,8,52.4
2026-08-20,Comirnaty,12.98,11:35:50,2,8,52.41
2026-08-20,Comirnaty,7.9,11:36:20,2,8,0.0
2026-08-20,Comirnaty,16.74,11:36:50,2,8,52.43
2026-08-20,Comirnaty,2.34,11:37:20,2,8,0.0
2026-08-20,Comirnaty,3.93,11:37:50,2,8,0.0
2026-08-20,Comirnaty,17.78,11:38:20,2,8,52.47
2026-08-20,Comirnaty,14.67,11:38:50,2,8,52.48
2026-08-20,Comirnaty,15.3,11:39:20,2,8,52.49
2026-08-20,Comirnaty,11.16,11:39:50,2,8,52.5
2026-08-20,Comirnaty,13.68,11:40:20,2,8,52.51
2026-08-20,Comirnaty,3.46,11:40:50,2,8,0.0
2026-08-20,Comirnaty,15.07,11:41:20,2,8,52.53
2026-08-20,Comirnaty,16.21,11:41:50,2,8,52.54
2026-08-20,Comirnaty,2.53,11:42:20,2,8,0.0
2026-08-20,Comirnaty,10.84,11:42:50,2,8,52.56
2026-08-20,Comirnaty,5.33,11:43:20,2,8,0.0
2026-08-20,Comirnaty,14.02,11:43:50,2,8,52.59
2026-08-20,Comirnaty,2.88,11:44:20,2,8,0.0
2026-08-20,Comirnaty,3.01,11:44:50,2,8,0.0
2026-08-20,Comirnaty,13.16,11:45:20,2,8,52.62
2026-08-20,Comirnaty,11.89,11:45:50,2,8,52.63
2026-08-20,Comirnaty,3.71,11:46:20,2,8,0.0
2026-08-20,Comirnaty,13.03,11:46:50,2,8,52.65
2026-08-20,Comirnaty,15.5,11:47:20,2,8,52.66
2026-08-20,Comirnaty,14.15,11:47:50,2,8,52.67
2026-08-20,Comirnaty,15.69,11:48:20,2,8,52.68
2026-08-20,Comirnaty,12.51,11:48:50,2,8,52.69
2026-08-20,Comirnaty,6.73,11:49:20,2,8,0.0
2026-08-20,Comirnaty,10.8,11:49:50,2,8,52.71
2026-08-20,Comirnaty,14.67,11:50:20,2,8,52.73
2026-08-20,Comirnaty,6.71,11:50:50,2,8,0.0
2026-08-20,Comirnaty,2.13,11:51:20,2,8,0.0
2026-08-20,Comirnaty,2.74,11:51:50,2,8,0.0
2026-08-20,Comirnaty,14.98,11:52:20,2,8,52.77
2026-08-20,Comirnaty,3.32,11:52:50,2,8,0.0
2026-08-20,Comirnaty,13.16,11:53:20,2,8,52.79
2026-08-20,Comirnaty,4.8,11:53:50,2,8,0.0
2026-08-20,Comirnaty,5.86,11:54:20,2,8,0.0
2026-08-20,Comirnaty,7.65,11:54:50,2,8,0.0
2026-08-20,Comirnaty,9.78,11:55:20,2,8,52.83
2026-08-20,Comirnaty,15.54,11:55:50,2,8,52.84
2026-08-20,Comirnaty,2.49,11:56:20,2,8,0.0
2026-08-20,Comirnaty,14.01,11:56:50,2,8,52.87
2026-08-20,Comirnaty,14.25,11:57:20,2,8,52.88
2026-08-20,Comirnaty,11.72,11:57:50,2,8,52.89
2026-08-20,Comirnaty,15.47,11:58:20,2,8,52.9
2026-08-20,Comirnaty,3.36,11:58:50,2,8,0.0
2026-08-20,Comirnaty,5.82,11:59:20,2,8,0.0
2026-08-20,Comirnaty,16.59,11:59:50,2,8,52.93
2026-08-20,Comirnaty,3.08,12:00:20,2,8,0.0
2026-08-20,Comirnaty,17.58,12:00:50,2,8,52.95
2026-08-20,Comirnaty,6.59,12:01:20,2,8,0.0
2026-08-20,Comirnaty,4.69,12:01:50,2,8,0.0
2026-08-20,Comirnaty,10.14,12:02:20,2,8,52.99
2026-08-20,Comirnaty,16.96,12:02:50,2,8,53.0
2026-08-20,Comirnaty,9.27,12:03:20,2,8,53.01
2026-08-20,Comirnaty,3.8,12:03:50,2,8,0.0
2026-08-20,Comirnaty,13.5,12:04:20,2,8,53.03
2026-08-20,Comirnaty,7.72,12:04:50,2,8,0.0
2026-08-20,Comirnaty,11.06,12:05:20,2,8,53.05
2026-08-20,Comirnaty,17.64,12:05:50,2,8,53.06
2026-08-20,Comirnaty,2.6,12:06:20,2,8,0.0
2026-08-20,Comirnaty,11.08,12:06:50,2,8,53.08
2026-08-20,Comirnaty,14.68,12:07:20,2,8,53.09
2026-08-20,Comirnaty,11.64,12:07:50,2,8,53.11
2026-08-20,Comirnaty,6.66,12:08:20,2,8,0.0
2026-08-20,Comirnaty,15.62,12:08:50,2,8,53.13
2026-08-20,Comirnaty,16.71,12:09:20,2,8,53.14
2026-08-20,Comirnaty,13.22,12:09:50,2,8,53.15
2026-08-20,Comirnaty,5.44,12:10:20,2,8,0.0
2026-08-20,Comirnaty,11.98,12:10:50,2,8,53.17
2026-08-20,Comirnaty,16.79,12:11:20,2,8,53.18
2026-08-20,Comirnaty,2.59,12:11:50,2,8,0.0
2026-08-20,Comirnaty,14.51,12:12:20,2,8,53.2
2026-08-20,Comirnaty,9.31,12:12:50,2,8,53.21
2026-08-20,Comirnaty,9.69,12:13:20,2,8,53.22
2026-08-20,Comirnaty,17.7,12:13:50,2,8,53.24
2026-08-20,Comirnaty,9.2,12:14:20,2,8,53.25
2026-08-20,Comirnaty,10.98,12:14:50,2,8,53.26
2026-08-20,Comirnaty,15.51,12:15:20,2,8,53.27
2026-08-20,Comirnaty,7.14,12:15:50,2,8,0.0
2026-08-20,Comirnaty,2.41,12:16:20,2,8,0.0
2026-08-20,Comirnaty,13.06,12:16:50,2,8,53.3
2026-08-20,Comirnaty,4.75,12:17:20,2,8,0.0
2026-08-20,Comirnaty,4.76,12:17:50,2,8,0.0
2026-08-20,Comirnaty,5.41,12:18:20,2,8,0.0
2026-08-20,Comirnaty,10.19,12:18:50,2,8,53.34
2026-08-20,Comirnaty,7.65,12:19:20,2,8,0.0
2026-08-20,Comirnaty,15.97,12:19:50,2,8,53.36
2026-08-20,Comirnaty,4.73,12:20:20,2,8,0.0
2026-08-20,Comirnaty,3.71,12:20:50,2,8,0.0
2026-08-20,Comirnaty,14.29,12:21:20,2,8,53.4
2026-08-20,Comirnaty,17.13,12:21:50,2,8,53.41
2026-08-20,Comirnaty,17.0,12:22:20,2,8,53.42
2026-08-20,Comirnaty,2.37,12:22:50,2,8,0.0
2026-08-20,Comirnaty,15.52,12:23:20,2,8,53.44
2026-08-20,Comirnaty,4.13,12:23:50,2,8,0.0
2026-08-20,Comirnaty,7.45,12:24:20,2,8,0.0
2026-08-20,Comirnaty,16.17,12:24:50,2,8,53.47
2026-08-20,Comirnaty,15.78,12:25:20,2,8,53.48
2026-08-20,Comirnaty,11.34,12:25:50,2,8,53.49
2026-08-20,Comirnaty,9.55,12:26:20,2,8,53.51
2026-08-20,Comirnaty,17.96,12:26:50,2,8,53.52
2026-08-20,Comirnaty,16.48,12:27:20,2,8,53.53
2026-08-20,Comirnaty,4.12,12:27:50,2,8,0.0
2026-08-20,Comirnaty,7.06,12:28:20,2,8,0.0
2026-08-20,Comirnaty,2.15,12:28:50,2,8,0.0
2026-08-20,Comirnaty,2.38,12:29:20,2,8,0.0
2026-08-20,Comirnaty,4.45,12:29:50,2,8,0.0
2026-08-20,Comirnaty,2.82,12:30:20,2,8,0.0
2026-08-20,Comirnaty,6.86,12:30:50,2,8,0.0
2026-08-20,Comirnaty,16.87,12:31:20,2,8,53.61
2026-08-20,Comirnaty,6.28,12:31:50,2,8,0.0
2026-08-20,Comirnaty,7.36,12:32:20,2,8,0.0
2026-08-20,Comirnaty,7.5,12:32:50,2,8,0.0
2026-08-20,Comirnaty,9.85,12:33:20,2,8,53.66
2026-08-20,Comirnaty,5.89,12:33:50,2,8,0.0
2026-08-20,Comirnaty,3.12,12:34:20,2,8,0.0
2026-08-20,Comirnaty,6.28,12:34:50,2,8,0.0
2026-08-20,Comirnaty,15.45,12:35:20,2,8,53.7
2026-08-20,Comirnaty,12.78,12:35:50,2,8,53.71
2026-08-20,Comirnaty,9.91,12:36:20,2,8,53.72
2026-08-20,Comirnaty,11.42,12:36:50,2,8,53.73
2026-08-20,Comirnaty,4.27,12:37:20,2,8,0.0
2026-08-20,Comirnaty,14.81,12:37:50,2,8,53.76
2026-08-20,Comirnaty,13.48,12:38:20,2,8,53.77
2026-08-20,Comirnaty,11.6,12:38:50,2,8,53.78
2026-08-20,Comirnaty,13.07,12:39:20,2,8,53.79
2026-08-20,Comirnaty,7.46,12:39:50,2,8,0.0
2026-08-20,Comirnaty,5.04,12:40:20,2,8,0.0
2026-08-20,Comirnaty,4.04,12:40:50,2,8,0.0
2026-08-20,Comirnaty,14.99,12:41:20,2,8,53.83
2026-08-20,Comirnaty,13.76,12:41:50,2,8,53.84
2026-08-20,Comirnaty,12.82,12:42:20,2,8,53.85
2026-08-20,Comirnaty,15.79,12:42:50,2,8,53.86
2026-08-20,Comirnaty,11.55,12:43:20,2,8,53.87
2026-08-20,Comirnaty,9.26,12:43:50,2,8,53.89
2026-08-20,Comirnaty,6.51,12:44:20,2,8,0.0
2026-08-20,Comirnaty,16.78,12:44:50,2,8,53.91
2026-08-20,Comirnaty,15.28,12:45:20,2,8,53.92
2026-08-20,Comirnaty,6.4,12:45:50,2,8,0.0
2026-08-20,Comirnaty,14.31,12:46:20,2,8,53.94
2026-08-20,Comirnaty,2.84,12:46:50,2,8,0.0
2026-08-20,Comirnaty,3.04,12:47:20,2,8,0.0
2026-08-20,Comirnaty,10.39,12:47:50,2,8,53.97
2026-08-20,Comirnaty,17.31,12:48:20,2,8,53.98
2026-08-20,Comirnaty,9.11,12:48:50,2,8,53.99
2026-08-20,Comirnaty,12.32,12:49:20,2,8,54.0
2026-08-20,Comirnaty,6.62,12:49:50,2,8,0.0
2026-08-20,Comirnaty,15.81,12:50:20,2,8,54.03
2026-08-20,Comirnaty,11.89,12:50:50,2,8,54.04
2026-08-20,Comirnaty,12.84,12:51:20,2,8,54.05
2026-08-20,Comirnaty,6.24,12:51:50,2,8,0.0
2026-08-20,Comirnaty,2.89,12:52:20,2,8,0.0
2026-08-20,Comirnaty,11.14,12:52:50,2,8,54.08
2026-08-20,Comirnaty,3.15,12:53:20,2,8,0.0
2026-08-20,Comirnaty,16.59,12:53:50,2,8,54.1
2026-08-20,Comirnaty,2.85,12:54:20,2,8,0.0
2026-08-20,Comirnaty,17.27,12:54:50,2,8,54.12
2026-08-20,Comirnaty,2.9,12:55:20,2,8,0.0
2026-08-20,Comirnaty,11.89,12:55:50,2,8,54.15
2026-08-20,Comirnaty,2.73,12:56:20,2,8,0.0
2026-08-20,Comirnaty,13.69,12:56:50,2,8,54.17
2026-08-20,Comirnaty,2.98,12:57:20,2,8,0.0
2026-08-20,Comirnaty,14.94,12:57:50,2,8,54.19
2026-08-20,Comirnaty,5.76,12:58:20,2,8,0.0
2026-08-20,Comirnaty,12.76,12:58:50,2,8,54.21
2026-08-20,Comirnaty,5.42,12:59:20,2,8,0.0
2026-08-20,Comirnaty,10.3,12:59:50,2,8,54.23
2026-08-20,Comirnaty,4.77,13:00:20,2,8,0.0
2026-08-20,Comirnaty,17.82,13:00:50,2,8,54.25
2026-08-20,Comirnaty,13.16,13:01:20,2,8,54.26
2026-08-20,Comirnaty,3.62,13:01:50,2,8,0.0
2026-08-20,Comirnaty,11.68,13:02:20,2,8,54.29
2026-08-20,Comirnaty,13.16,13:02:50,2,8,54.3
2026-08-20,Comirnaty,14.76,13:03:20,2,8,54.31
2026-08-20,Comirnaty,6.77,13:03:50,2,8,0.0
2026-08-20,Comirnaty,3.28,13:04:20,2,8,0.0
2026-08-20,Comirnaty,11.26,13:04:50,2,8,54.34
2026-08-20,Comirnaty,13.82,13:05:20,2,8,54.35
2026-08-20,Comirnaty,2.72,13:05:50,2,8,0.0
2026-08-20,Comirnaty,15.26,13:06:20,2,8,54.37
2026-08-20,Comirnaty,9.4,13:06:50,2,8,54.38
2026-08-20,Comirnaty,15.02,13:07:20,2,8,54.39
2026-08-20,Comirnaty,15.28,13:07:50,2,8,54.41
2026-08-20,Comirnaty,7.86,13:08:20,2,8,0.0
2026-08-20,Comirnaty,14.71,13:08:50,2,8,54.43
2026-08-20,Comirnaty,12.22,13:09:20,2,8,54.44
2026-08-20,Comirnaty,13.28,13:09:50,2,8,54.45
2026-08-20,Comirnaty,11.4,13:10:20,2,8,54.46
2026-08-20,Comirnaty,11.61,13:10:50,2,8,54.47
2026-08-20,Comirnaty,10.79,13:11:20,2,8,54.48
2026-08-20,Comirnaty,13.21,13:11:50,2,8,54.49
2026-08-20,Comirnaty,17.14,13:12:20,2,8,54.5
2026-08-20,Comirnaty,6.89,13:12:50,2,8,0.0
2026-08-20,Comirnaty,2.67,13:13:20,2,8,0.0
2026-08-20,Comirnaty,7.96,13:13:50,2,8,0.0
2026-08-20,Comirnaty,6.73,13:14:20,2,8,0.0
2026-08-20,Comirnaty,15.36,13:14:50,2,8,54.56
2026-08-20,Comirnaty,7.7,13:15:20,2,8,0.0
2026-08-20,Comirnaty,4.9,13:15:50,2,8,0.0
2026-08-20,Comirnaty,3.22,13:16:20,2,8,0.0
2026-08-20,Comirnaty,15.51,13:16:50,2,8,54.6
2026-08-20,Comirnaty,12.1,13:17:20,2,8,54.61
2026-08-20,Comirnaty,17.87,13:17:50,2,8,54.62
2026-08-20,Comirnaty,13.46,13:18:20,2,8,54.63
2026-08-20,Comirnaty,2.28,13:18:50,2,8,0.0
2026-08-20,Comirnaty,14.92,13:19:20,2,8,54.65
2026-08-20,Comirnaty,12.49,13:19:50,2,8,54.66
2026-08-20,Comirnaty,14.21,13:20:20,2,8,54.68
2026-08-20,Comirnaty,16.32,13:20:50,2,8,54.69
2026-08-20,Comirnaty,15.21,13:21:20,2,8,54.7
2026-08-20,Comirnaty,11.4,13:21:50,2,8,54.71
2026-08-20,Comirnaty,17.26,13:22:20,2,8,54.72
2026-08-20,Comirnaty,11.42,13:22:50,2,8,54.73
2026-08-20,Comirnaty,5.86,13:23:20,2,8,0.0
2026-08-20,Comirnaty,13.27,13:23:50,2,8,54.75
2026-08-20,Comirnaty,3.34,13:24:20,2,8,0.0
2026-08-20,Comirnaty,6.89,13:24:50,2,8,0.0
2026-08-20,Comirnaty,17.36,13:25:20,2,8,54.78
2026-08-20,Comirnaty,17.23,13:25:50,2,8,54.8
2026-08-20,Comirnaty,4.74,13:26:20,2,8,0.0
2026-08-20,Comirnaty,13.12,13:26:50,2,8,54.82
2026-08-20,Comirnaty,4.25,13:27:20,2,8,0.0
2026-08-20,Comirnaty,2.26,13:27:50,2,8,0.0
2026-08-20,Comirnaty,7.89,13:28:20,2,8,0.0
2026-08-20,Comirnaty,3.04,13:28:50,2,8,0.0
2026-08-20,Comirnaty,7.1,13:29:20,2,8,0.0
2026-08-20,Comirnaty,5.3,13:29:50,2,8,0.0
2026-08-20,Comirnaty,7.33,13:30:20,2,8,0.0
2026-08-20,Comirnaty,4.2,13:30:50,2,8,0.0
2026-08-20,Comirnaty,10.12,13:31:20,2,8,54.91
2026-08-20,Comirnaty,6.13,13:31:50,2,8,0.0
2026-08-20,Comirnaty,13.47,13:32:20,2,8,54.94
2026-08-20,Comirnaty,15.08,13:32:50,2,8,54.95
2026-08-20,Comirnaty,10.71,13:33:20,2,8,54.96
2026-08-20,Comirnaty,9.82,13:33:50,2,8,54.97
2026-08-20,Comirnaty,5.95,13:34:20,2,8,0.0
2026-08-20,Comirnaty,9.49,13:34:50,2,8,54.99
2026-08-20,Comirnaty,11.92,13:35:20,2,8,55.0
2026-08-20,Comirnaty,16.78,13:35:50,2,8,55.01
2026-08-20,Comirnaty,16.9,13:36:20,2,8,55.02
2026-08-20,Comirnaty,10.82,13:36:50,2,8,55.03
2026-08-20,Comirnaty,2.36,13:37:20,2,8,0.0
2026-08-20,Comirnaty,15.2,13:37:50,2,8,55.06
2026-08-20,Comirnaty,14.93,13:38:20,2,8,55.07
2026-08-20,Comirnaty,15.05,13:38:50,2,8,55.08
2026-08-20,Comirnaty,11.63,13:39:20,2,8,55.09
2026-08-20,Comirnaty,4.24,13:39:50,2,8,0.0
2026-08-20,Comirnaty,4.66,13:40:20,2,8,0.0
2026-08-20,Comirnaty,12.39,13:40:50,2,8,55.12
2026-08-20,Comirnaty,7.97,13:41:20,2,8,0.0
2026-08-20,Comirnaty,13.2,13:41:50,2,8,55.14
2026-08-20,Comirnaty,9.77,13:42:20,2,8,55.15
2026-08-20,Comirnaty,11.44,13:42:50,2,8,55.16
2026-08-20,Comirnaty,5.9,13:43:20,2,8,0.0
2026-08-20,Comirnaty,16.41,13:43:50,2,8,55.19
2026-08-20,Comirnaty,16.86,13:44:20,2,8,55.2
2026-08-20,Comirnaty,2.65,13:44:50,2,8,0.0
2026-08-20,Comirnaty,3.47,13:45:20,2,8,0.0
2026-08-20,Comirnaty,15.31,13:45:50,2,8,55.23
2026-08-20,Comirnaty,2.24,13:46:20,2,8,0.0
2026-08-20,Comirnaty,7.26,13:46:50,2,8,0.0
2026-08-20,Comirnaty,7.02,13:47:20,2,8,0.0
2026-08-20,Comirnaty,16.76,13:47:50,2,8,55.27
2026-08-20,Comirnaty,6.32,13:48:20,2,8,0.0
2026-08-20,Comirnaty,2.43,13:48:50,2,8,0.0
2026-08-20,Comirnaty,12.15,13:49:20,2,8,55.3
2026-08-20,Comirnaty,4.23,13:49:50,2,8,0.0
2026-08-20,Comirnaty,12.91,13:50:20,2,8,55.33
2026-08-20,Comirnaty,15.87,13:50:50,2,8,55.34
2026-08-20,Comirnaty,17.61,13:51:20,2,8,55.35
2026-08-20,Comirnaty,10.44,13:51:50,2,8,55.36
2026-08-20,Comirnaty,4.52,13:52:20,2,8,0.0
2026-08-20,Comirnaty,5.45,13:52:50,2,8,0.0
2026-08-20,Comirnaty,10.76,13:53:20,2,8,55.39
2026-08-20,Comirnaty,16.96,13:53:50,2,8,55.4
2026-08-20,Comirnaty,7.2,13:54:20,2,8,0.0
2026-08-20,Comirnaty,17.6,13:54:50,2,8,55.42
2026-08-20,Comirnaty,16.2,13:55:20,2,8,55.43
2026-08-20,Comirnaty,7.54,13:55:50,2,8,0.0
2026-08-20,Comirnaty,7.88,13:56:20,2,8,0.0
2026-08-20,Comirnaty,2.12,13:56:50,2,8,0.0
2026-08-20,Comirnaty,9.62,13:57:20,2,8,55.48
2026-08-20,Comirnaty,4.22,13:57:50,2,8,0.0
2026-08-20,Comirnaty,16.38,13:58:20,2,8,55.5
2026-08-20,Comirnaty,15.7,13:58:50,2,8,55.51
2026-08-20,Comirnaty,3.83,13:59:20,2,8,0.0
2026-08-20,Comirnaty,7.33,13:59:50,2,8,0.0
2026-08-20,Comirnaty,11.35,14:00:20,2,8,55.54
2026-08-20,Comirnaty,10.97,14:00:50,2,8,55.55
2026-08-20,Comirnaty,14.52,14:01:20,2,8,55.56
2026-08-20,Comirnaty,3.47,14:01:50,2,8,0.0
2026-08-20,Comirnaty,10.2,14:02:20,2,8,55.59
2026-08-20,Comirnaty,5.47,14:02:50,2,8,0.0
2026-08-20,Comirnaty,9.03,14:03:20,2,8,55.61
2026-08-20,Comirnaty,14.86,14:03:50,2,8,55.62
2026-08-20,Comirnaty,15.69,14:04:20,2,8,55.63
2026-08-20,Comirnaty,13.88,14:04:50,2,8,55.64
2026-08-20,Comirnaty,11.74,14:05:20,2,8,55.65
2026-08-20,Comirnaty,11.97,14:05:50,2,8,55.66
2026-08-20,Comirnaty,12.99,14:06:20,2,8,55.67
2026-08-20,Comirnaty,2.87,14:06:50,2,8,0.0
2026-08-20,Comirnaty,4.45,14:07:20,2,8,0.0
2026-08-20,Comirnaty,4.81,14:07:50,2,8,0.0
2026-08-20,Comirnaty,16.05,14:08:20,2,8,55.72
2026-08-20,Comirnaty,3.28,14:08:50,2,8,0.0
2026-08-20,Comirnaty,10.99,14:09:20,2,8,55.74
2026-08-20,Comirnaty,10.09,14:09:50,2,8,55.75
2026-08-20,Comirnaty,15.96,14:10:20,2,8,55.76
2026-08-20,Comirnaty,6.63,14:10:50,2,8,0.0
2026-08-20,Comirnaty,10.36,14:11:20,2,8,55.78
2026-08-20,Comirnaty,3.6,14:11:50,2,8,0.0
2026-08-20,Comirnaty,15.81,14:12:20,2,8,55.8
2026-08-20,Comirnaty,3.49,14:12:50,2,8,0.0
2026-08-20,Comirnaty,11.92,14:13:20,2,8,55.82
2026-08-20,Comirnaty,7.28,14:13:50,2,8,0.0
2026-08-20,Comirnaty,3.34,14:14:20,2,8,0.0
2026-08-20,Comirnaty,6.31,14:14:50,2,8,0.0
2026-08-20,Comirnaty,11.3,14:15:20,2,8,55.87
2026-08-20,Comirnaty,15.51,14:15:50,2,8,55.88
2026-08-20,Comirnaty,9.03,14:16:20,2,8,55.89
2026-08-20,Comirnaty,16.07,14:16:50,2,8,55.9
2026-08-20,Comirnaty,13.71,14:17:20,2,8,55.91
2026-08-20,Comirnaty,15.32,14:17:50,2,8,55.92
2026-08-20,Comirnaty,17.17,14:18:20,2,8,55.93
2026-08-20,Comirnaty,13.7,14:18:50,2,8,55.94
2026-08-20,Comirnaty,16.54,14:19:20,2,8,55.95
2026-08-20,Comirnaty,15.98,14:19:50,2,8,55.96
2026-08-20,Comirnaty,2.47,14:20:20,2,8,0.0
2026-08-20,Comirnaty,10.43,14:20:50,2,8,55.99
2026-08-20,Comirnaty,15.78,14:21:20,2,8,56.0
2026-08-20,Comirnaty,6.56,14:21:50,2,8,0.0
2026-08-20,Comirnaty,17.42,14:22:20,2,8,56.02
2026-08-20,Comirnaty,17.75,14:22:50,2,8,56.03
2026-08-20,Comirnaty,15.97,14:23:20,2,8,56.04
2026-08-20,Comirnaty,7.41,14:23:50,2,8,0.0
2026-08-20,Comirnaty,10.2,14:24:20,2,8,56.06
2026-08-20,Comirnaty,5.42,14:24:50,2,8,0.0
2026-08-20,Comirnaty,10.18,14:25:20,2,8,56.08
2026-08-20,Comirnaty,16.73,14:25:50,2,8,56.09
2026-08-20,Comirnaty,2.51,14:26:20,2,8,0.0
2026-08-20,Comirnaty,7.51,14:26:50,2,8,0.0
2026-08-20,Comirnaty,17.27,14:27:20,2,8,56.13
2026-08-20,Comirnaty,6.84,14:27:50,2,8,0.0
2026-08-20,Comirnaty,11.86,14:28:20,2,8,56.15
2026-08-20,Comirnaty,10.22,14:28:50,2,8,56.16
2026-08-20,Comirnaty,2.79,14:29:20,2,8,0.0
2026-08-20,Comirnaty,2.73,14:29:50,2,8,0.0
2026-08-20,Comirnaty,12.34,14:30:20,2,8,56.19
2026-08-20,Comirnaty,13.78,14:30:50,2,8,56.2
2026-08-20,Comirnaty,4.91,14:31:20,2,8,0.0
2026-08-20,Comirnaty,2.49,14:31:50,2,8,0.0
2026-08-20,Comirnaty,7.84,14:32:20,2,8,0.0
2026-08-20,Comirnaty,14.43,14:32:50,2,8,56.25
2026-08-20,Comirnaty,15.22,14:33:20,2,8,56.26
2026-08-20,Comirnaty,2.58,14:33:50,2,8,0.0
2026-08-20,Comirnaty,17.97,14:34:20,2,8,56.28
2026-08-20,Comirnaty,5.13,14:34:50,2,8,0.0
2026-08-20,Comirnaty,15.58,14:35:20,2,8,56.3
2026-08-20,Comirnaty,9.76,14:35:50,2,8,56.31
2026-08-20,Comirnaty,5.05,14:36:20,2,8,0.0
2026-08-20,Comirnaty,11.02,14:36:50,2,8,56.33
2026-08-20,Comirnaty,3.76,14:37:20,2,8,0.0
2026-08-20,Comirnaty,15.76,14:37:50,2,8,56.36
2026-08-20,Comirnaty,2.77,14:38:20,2,8,0.0
2026-08-20,Comirnaty,9.81,14:38:50,2,8,56.38
2026-08-20,Comirnaty,5.46,14:39:20,2,8,0.0
2026-08-20,Comirnaty,4.78,14:39:50,2,8,0.0
2026-08-20,Comirnaty,13.22,14:40:20,2,8,56.41
2026-08-20,Comirnaty,2.25,14:40:50,2,8,0.0
2026-08-20,Comirnaty,5.17,14:41:20,2,8,0.0
2026-08-20,Comirnaty,3.97,14:41:50,2,8,0.0
2026-08-20,Comirnaty,12.17,14:42:20,2,8,56.45
2026-08-20,Comirnaty,14.6,14:42:50,2,8,56.46
2026-08-20,Comirnaty,9.23,14:43:20,2,8,56.47
2026-08-20,Comirnaty,13.28,14:43:50,2,8,56.49
2026-08-20,Comirnaty,2.89,14:44:20,2,8,0.0
2026-08-20,Comirnaty,14.26,14:44:50,2,8,56.51
2026-08-20,Comirnaty,16.72,14:45:20,2,8,56.52
2026-08-20,Comirnaty,12.96,14:45:50,2,8,56.53
2026-08-20,Comirnaty,15.22,14:46:20,2,8,56.54
2026-08-20,Comirnaty,11.58,14:46:50,2,8,56.55
2026-08-20,Comirnaty,16.33,14:47:20,2,8,56.56
2026-08-20,Comirnaty,11.57,14:47:50,2,8,56.57
2026-08-20,Comirnaty,15.98,14:48:20,2,8,56.58
2026-08-20,Comirnaty,9.23,14:48:50,2,8,56.59
2026-08-20,Comirnaty,11.45,14:49:20,2,8,56.6
2026-08-20,Comirnaty,9.31,14:49:50,2,8,56.61
2026-08-20,Comirnaty,9.79,14:50:20,2,8,56.63
2026-08-20,Comirnaty,13.95,14:50:50,2,8,56.64
2026-08-20,Comirnaty,5.18,14:51:20,2,8,0.0
2026-08-20,Comirnaty,11.11,14:51:50,2,8,56.66
2026-08-20,Comirnaty,2.04,14:52:20,2,8,0.0
2026-08-20,Comirnaty,4.71,14:52:50,2,8,0.0
2026-08-20,Comirnaty,4.51,14:53:20,2,8,0.0
2026-08-20,Comirnaty,10.89,14:53:50,2,8,56.7
2026-08-20,Comirnaty,6.82,14:54:20,2,8,0.0
2026-08-20,Comirnaty,15.89,14:54:50,2,8,56.72
2026-08-20,Comirnaty,7.8,14:55:20,2,8,0.0
2026-08-20,Comirnaty,6.99,14:55:50,2,8,0.0
2026-08-20,Comirnaty,13.56,14:56:20,2,8,56.76
2026-08-20,Comirnaty,14.83,14:56:50,2,8,56.77
2026-08-20,Comirnaty,2.75,14:57:20,2,8,0.0
2026-08-20,Comirnaty,2.67,14:57:50,2,8,0.0
2026-08-20,Comirnaty,16.21,14:58:20,2,8,56.8
2026-08-20,Comirnaty,14.12,14:58:50,2,8,56.81
2026-08-20,Comirnaty,16.8,14:59:20,2,8,56.82
2026-08-20,Comirnaty,7.33,14:59:50,2,8,0.0
2026-08-20,Comirnaty,10.88,15:00:20,2,8,56.84
2026-08-20,Comirnaty,11.26,15:00:50,2,8,56.85
2026-08-20,Comirnaty,14.01,15:01:20,2,8,56.86
2026-08-20,Comirnaty,2.06,15:01:50,2,8,0.0
2026-08-20,Comirnaty,14.74,15:02:20,2,8,56.89
2026-08-20,Comirnaty,14.05,15:02:50,2,8,56.9
2026-08-20,Comirnaty,2.93,15:03:20,2,8,0.0
2026-08-20,Comirnaty,9.55,15:03:50,2,8,56.92
2026-08-20,Comirnaty,2.2,15:04:20,2,8,0.0
2026-08-20,Comirnaty,16.3,15:04:50,2,8,56.94
2026-08-20,Comirnaty,6.51,15:05:20,2,8,0.0
2026-08-20,Comirnaty,6.79,15:05:50,2,8,0.0
2026-08-20,Comirnaty,7.38,15:06:20,2,8,0.0
2026-08-20,Comirnaty,4.09,15:06:50,2,8,0.0
2026-08-20,Comirnaty,10.46,15:07:20,2,8,56.99
2026-08-20,Comirnaty,6.5,15:07:50,2,8,0.0
2026-08-20,Comirnaty,2.37,15:08:20,2,8,0.0
2026-08-20,Comirnaty,4.0,15:08:50,2,8,0.0
2026-08-20,Comirnaty,6.46,15:09:20,2,8,0.0
2026-08-20,Comirnaty,9.14,15:09:50,2,8,57.05
2026-08-20,Comirnaty,14.46,15:10:20,2,8,57.06
2026-08-20,Comirnaty,6.4,15:10:50,2,8,0.0
2026-08-20,Comirnaty,14.0,15:11:20,2,8,57.08
2026-08-20,Comirnaty,14.1,15:11:50,2,8,57.09
2026-08-20,Comirnaty,3.23,15:12:20,2,8,0.0
2026-08-20,Comirnaty,7.43,15:12:50,2,8,0.0
2026-08-20,Comirnaty,3.22,15:13:20,2,8,0.0
2026-08-20,Comirnaty,2.59,15:13:50,2,8,0.0
2026-08-20,Comirnaty,16.88,15:14:20,2,8,57.15
2026-08-20,Comirnaty,5.76,15:14:50,2,8,0.0
2026-08-20,Comirnaty,14.45,15:15:20,2,8,57.17
2026-08-20,Comirnaty,13.79,15:15:50,2,8,57.18
2026-08-20,Comirnaty,15.0,15:16:20,2,8,57.19
2026-08-20,Comirnaty,16.63,15:16:50,2,8,57.2
2026-08-20,Comirnaty,17.32,15:17:20,2,8,57.21
2026-08-20,Comirnaty,10.34,15:17:50,2,8,57.22
2026-08-20,Comirnaty,12.21,15:18:20,2,8,57.23
2026-08-20,Comirnaty,15.46,15:18:50,2,8,57.24
2026-08-20,Comirnaty,16.05,15:19:20,2,8,57.25
2026-08-20,Comirnaty,11.07,15:19:50,2,8,57.27
2026-08-20,Comirnaty,10.0,15:20:20,2,8,57.28
2026-08-20,Comirnaty,3.53,15:20:50,2,8,0.0
2026-08-20,Comirnaty,16.41,15:21:20,2,8,57.3
2026-08-20,Comirnaty,13.22,15:21:50,2,8,57.31
2026-08-20,Comirnaty,7.45,15:22:20,2,8,0.0
2026-08-20,Comirnaty,9.95,15:22:50,2,8,57.33
2026-08-20,Comirnaty,7.8,15:23:20,2,8,0.0
2026-08-20,Comirnaty,14.95,15:23:50,2,8,57.35
2026-08-20,Comirnaty,12.29,15:24:20,2,8,57.36
2026-08-20,Comirnaty,12.78,15:24:50,2,8,57.37
2026-08-20,Comirnaty,2.18,15:25:20,2,8,0.0
2026-08-20,Comirnaty,15.11,15:25:50,2,8,57.4
2026-08-20,Comirnaty,7.72,15:26:20,2,8,0.0
2026-08-20,Comirnaty,15.15,15:26:50,2,8,57.42
2026-08-20,Comirnaty,4.94,15:27:20,2,8,0.0
2026-08-20,Comirnaty,10.25,15:27:50,2,8,57.44
2026-08-20,Comirnaty,2.48,15:28:20,2,8,0.0
2026-08-20,Comirnaty,5.03,15:28:50,2,8,0.0
2026-08-20,Comirnaty,12.01,15:29:20,2,8,57.47
2026-08-20,Comirnaty,4.39,15:29:50,2,8,0.0
2026-08-20,Comirnaty,6.04,15:30:20,2,8,0.0
2026-08-20,Comirnaty,6.64,15:30:50,2,8,0.0
2026-08-20,Comirnaty,15.19,15:31:20,2,8,57.51
2026-08-20,Comirnaty,7.12,15:31:50,2,8,0.0
2026-08-20,Comirnaty,3.61,15:32:20,2,8,0.0
2026-08-20,Comirnaty,6.53,15:32:50,2,8,0.0
2026-08-20,Comirnaty,16.45,15:33:20,2,8,57.56
2026-08-20,Comirnaty,11.35,15:33:50,2,8,57.57
2026-08-20,Comirnaty,6.71,15:34:20,2,8,0.0
2026-08-20,Comirnaty,4.5,15:34:50,2,8,0.0
2026-08-20,Comirnaty,10.51,15:35:20,2,8,57.6
2026-08-20,Comirnaty,16.46,15:35:50,2,8,57.61
2026-08-20,Comirnaty,5.04,15:36:20,2,8,0.0
2026-08-20,Comirnaty,12.44,15:36:50,2,8,57.63
2026-08-20,Comirnaty,5.96,15:37:20,2,8,0.0
2026-08-20,Comirnaty,5.82,15:37:50,2,8,0.0
2026-08-20,Comirnaty,10.19,15:38:20,2,8,57.67
2026-08-20,Comirnaty,11.87,15:38:50,2,8,57.68
2026-08-20,Comirnaty,13.01,15:39:20,2,8,57.69
2026-08-20,Comirnaty,14.13,15:39:50,2,8,57.7
2026-08-20,Comirnaty,12.67,15:40:20,2,8,57.71
2026-08-20,Comirnaty,9.44,15:40:50,2,8,57.72
2026-08-20,Comirnaty,6.28,15:41:20,2,8,0.0
2026-08-20,Comirnaty,11.48,15:41:50,2,8,57.74
2026-08-20,Comirnaty,13.11,15:42:20,2,8,57.75
2026-08-20,Comirnaty,5.77,15:42:50,2,8,0.0
2026-08-20,Comirnaty,3.46,15:43:20,2,8,0.0
2026-08-20,Comirnaty,14.8,15:43:50,2,8,57.79
2026-08-20,Comirnaty,16.4,15:44:20,2,8,57.8
2026-08-20,Comirnaty,15.27,15:44:50,2,8,57.81
2026-08-20,Comirnaty,11.56,15:45:20,2,8,57.82
2026-08-20,Comirnaty,2.35,15:45:50,2,8,0.0
2026-08-20,Comirnaty,10.34,15:46:20,2,8,57.84
2026-08-20,Comirnaty,2.15,15:46:50,2,8,0.0
2026-08-20,Comirnaty,13.82,15:47:20,2,8,57.86
2026-08-20,Comirnaty,13.55,15:47:50,2,8,57.87
2026-08-20,Comirnaty,5.67,15:48:20,2,8,0.0
2026-08-20,Comirnaty,9.15,15:48:50,2,8,57.89
2026-08-20,Comirnaty,11.64,15:49:20,2,8,57.9
2026-08-20,Comirnaty,16.19,15:49:50,2,8,57.91
2026-08-20,Comirnaty,9.46,15:50:20,2,8,57.93
2026-08-20,Comirnaty,2.53,15:50:50,2,8,0.0
2026-08-20,Comirnaty,11.44,15:51:20,2,8,57.95
2026-08-20,Comirnaty,4.05,15:51:50,2,8,0.0
2026-08-20,Comirnaty,2.87,15:52:20,2,8,0.0
2026-08-20,Comirnaty,5.55,15:52:50,2,8,0.0
2026-08-20,Comirnaty,5.31,15:53:20,2,8,0.0
2026-08-20,Comirnaty,15.65,15:53:50,2,8,58.0
2026-08-20,Comirnaty,5.72,15:54:20,2,8,0.0
2026-08-20,Comirnaty,4.09,15:54:50,2,8,0.0
2026-08-20,Comirnaty,5.98,15:55:20,2,8,0.0
2026-08-20,Comirnaty,12.47,15:55:50,2,8,58.05
2026-08-20,Comirnaty,5.88,15:56:20,2,8,0.0
2026-08-20,Comirnaty,5.41,15:56:50,2,8,0.0
2026-08-20,Comirnaty,6.27,15:57:20,2,8,0.0
2026-08-20,Comirnaty,11.0,15:57:50,2,8,58.09
2026-08-20,Comirnaty,3.61,15:58:20,2,8,0.0
2026-08-20,Comirnaty,13.32,15:58:50,2,8,58.11
2026-08-20,Comirnaty,4.4,15:59:20,2,8,0.0
2026-08-20,Comirnaty,17.42,15:59:50,2,8,58.13
2026-08-20,Comirnaty,10.35,16:00:20,2,8,58.14
2026-08-20,Comirnaty,4.41,16:00:50,2,8,0.0
2026-08-20,Comirnaty,6.49,16:01:20,2,8,0.0
2026-08-20,Comirnaty,6.44,16:01:50,2,8,0.0
2026-08-20,Comirnaty,13.53,16:02:20,2,8,58.19
2026-08-20,Comirnaty,17.78,16:02:50,2,8,58.2
2026-08-20,Comirnaty,11.45,16:03:20,2,8,58.21
2026-08-20,Comirnaty,17.35,16:03:50,2,8,58.22
2026-08-20,Comirnaty,15.76,16:04:20,2,8,58.23
2026-08-20,Comirnaty,2.76,16:04:50,2,8,0.0
2026-08-20,Comirnaty,16.45,16:05:20,2,8,58.25
2026-08-20,Comirnaty,4.25,16:05:50,2,8,0.0
2026-08-20,Comirnaty,17.04,16:06:20,2,8,58.27
2026-08-20,Comirnaty,14.67,16:06:50,2,8,58.28
2026-08-20,Comirnaty,10.48,16:07:20,2,8,58.29
2026-08-20,Comirnaty,13.67,16:07:50,2,8,58.31
2026-08-20,Comirnaty,7.13,16:08:20,2,8,0.0
2026-08-20,Comirnaty,9.81,16:08:50,2,8,58.33
2026-08-20,Comirnaty,4.0,16:09:20,2,8,0.0
2026-08-20,Comirnaty,17.89,16:09:50,2,8,58.35
2026-08-20,Comirnaty,14.55,16:10:20,2,8,58.36
2026-08-20,Comirnaty,2.16,16:10:50,2,8,0.0
2026-08-20,Comirnaty,15.47,16:11:20,2,8,58.38
2026-08-20,Comirnaty,13.47,16:11:50,2,8,58.39
2026-08-20,Comirnaty,7.48,16:12:20,2,8,0.0
2026-08-20,Comirnaty,11.99,16:12:50,2,8,58.41
2026-08-20,Comirnaty,9.76,16:13:20,2,8,58.42
2026-08-20,Comirnaty,15.54,16:13:50,2,8,58.44
2026-08-20,Comirnaty,14.89,16:14:20,2,8,58.45
2026-08-20,Comirnaty,4.72,16:14:50,2,8,0.0
2026-08-20,Comirnaty,12.16,16:15:20,2,8,58.47
2026-08-20,Comirnaty,3.34,16:15:50,2,8,0.0
2026-08-20,Comirnaty,13.4,16:16:20,2,8,58.49
2026-08-20,Comirnaty,11.87,16:16:50,2,8,58.5
2026-08-20,Comirnaty,12.4,16:17:20,2,8,58.51
2026-08-20,Comirnaty,2.93,16:17:50,2,8,0.0
2026-08-20,Comirnaty,6.28,16:18:20,2,8,0.0
2026-08-20,Comirnaty,3.36,16:18:50,2,8,0.0
2026-08-20,Comirnaty,5.57,16:19:20,2,8,0.0
2026-08-20,Comirnaty,16.46,16:19:50,2,8,58.56
2026-08-20,Comirnaty,10.59,16:20:20,2,8,58.58
2026-08-20,Comirnaty,12.3,16:20:50,2,8,58.59
2026-08-20,Comirnaty,15.13,16:21:20,2,8,58.6
2026-08-20,Comirnaty,12.94,16:21:50,2,8,58.61
2026-08-20,Comirnaty,5.1,16:22:20,2,8,0.0
2026-08-20,Comirnaty,17.35,16:22:50,2,8,58.63
2026-08-20,Comirnaty,6.28,16:23:20,2,8,0.0
2026-08-20,Comirnaty,9.04,16:23:50,2,8,58.65
2026-08-20,Comirnaty,9.66,16:24:20,2,8,58.66
2026-08-20,Comirnaty,14.91,16:24:50,2,8,58.67
2026-08-20,Comirnaty,3.8,16:25:20,2,8,0.0
2026-08-20,Comirnaty,12.18,16:25:50,2,8,58.7
2026-08-20,Comirnaty,14.67,16:26:20,2,8,58.71
2026-08-20,Comirnaty,13.87,16:26:50,2,8,58.72
2026-08-20,Comirnaty,17.17,16:27:20,2,8,58.73
2026-08-20,Comirnaty,17.48,16:27:50,2,8,58.74
2026-08-20,Comirnaty,15.11,16:28:20,2,8,58.75
2026-08-20,Comirnaty,14.01,16:28:50,2,8,58.76
2026-08-20,Comirnaty,6.6,16:29:20,2,8,0.0
2026-08-20,Comirnaty,10.25,16:29:50,2,8,58.78
2026-08-20,Comirnaty,6.59,16:30:20,2,8,0.0
2026-08-20,Comirnaty,16.7,16:30:50,2,8,58.8
2026-08-20,Comirnaty,12.52,16:31:20,2,8,58.81
2026-08-20,Comirnaty,6.18,16:31:50,2,8,0.0
2026-08-20,Comirnaty,3.59,16:32:20,2,8,0.0
2026-08-20,Comirnaty,11.45,16:32:50,2,8,58.85
2026-08-20,Comirnaty,3.2,16:33:20,2,8,0.0
2026-08-20,Comirnaty,11.73,16:33:50,2,8,58.87
2026-08-20,Comirnaty,3.52,16:34:20,2,8,0.0
2026-08-20,Comirnaty,3.54,16:34:50,2,8,0.0
2026-08-20,Comirnaty,14.06,16:35:20,2,8,58.9
2026-08-20,Comirnaty,6.11,16:35:50,2,8,0.0
2026-08-20,Comirnaty,10.97,16:36:20,2,8,58.92
2026-08-20,Comirnaty,10.87,16:36:50,2,8,58.93
2026-08-20,Comirnaty,13.23,16:37:20,2,8,58.94
2026-08-20,Comirnaty,15.12,16:37:50,2,8,58.96
2026-08-20,Comirnaty,6.98,16:38:20,2,8,0.0
2026-08-20,Comirnaty,11.28,16:38:50,2,8,58.98
2026-08-20,Comirnaty,17.13,16:39:20,2,8,58.99
2026-08-20,Comirnaty,14.1,16:39:50,2,8,59.0
2026-08-20,Comirnaty,5.22,16:40:20,2,8,0.0
2026-08-20,Comirnaty,6.03,16:40:50,2,8,0.0
2026-08-20,Comirnaty,9.19,16:41:20,2,8,59.03
2026-08-20,Comirnaty,14.7,16:41:50,2,8,59.04
2026-08-20,Comirnaty,16.64,16:42:20,2,8,59.05
2026-08-20,Comirnaty,13.34,16:42:50,2,8,59.06
2026-08-20,Comirnaty,4.83,16:43:20,2,8,0.0
2026-08-20,Comirnaty,14.46,16:43:50,2,8,59.09
2026-08-20,Comirnaty,14.15,16:44:20,2,8,59.1
2026-08-20,Comirnaty,6.96,16:44:50,2,8,0.0
2026-08-20,Comirnaty,17.89,16:45:20,2,8,59.12
2026-08-20,Comirnaty,4.9,16:45:50,2,8,0.0
2026-08-20,Comirnaty,2.93,16:46:20,2,8,0.0
2026-08-20,Comirnaty,3.14,16:46:50,2,8,0.0
2026-08-20,Comirnaty,13.53,16:47:20,2,8,59.16
2026-08-20,Comirnaty,15.95,16:47:50,2,8,59.17
2026-08-20,Comirnaty,6.28,16:48:20,2,8,0.0
2026-08-20,Comirnaty,2.61,16:48:50,2,8,0.0
2026-08-20,Comirnaty,14.25,16:49:20,2,8,59.2
2026-08-20,Comirnaty,5.53,16:49:50,2,8,0.0
2026-08-20,Comirnaty,3.84,16:50:20,2,8,0.0
2026-08-20,Comirnaty,16.38,16:50:50,2,8,59.24
2026-08-20,Comirnaty,12.7,16:51:20,2,8,59.25
2026-08-20,Comirnaty,15.13,16:51:50,2,8,59.26
2026-08-20,Comirnaty,7.38,16:52:20,2,8,0.0
2026-08-20,Comirnaty,10.96,16:52:50,2,8,59.28
2026-08-20,Comirnaty,12.33,16:53:20,2,8,59.29
2026-08-20,Comirnaty,5.79,16:53:50,2,8,0.0
2026-08-20,Comirnaty,7.09,16:54:20,2,8,0.0
2026-08-20,Comirnaty,2.49,16:54:50,2,8,0.0
2026-08-20,Comirnaty,4.14,16:55:20,2,8,0.0
2026-08-20,Comirnaty,3.6,16:55:50,2,8,0.0
2026-08-20,Comirnaty,2.83,16:56:20,2,8,0.0
2026-08-20,Comirnaty,12.04,16:56:50,2,8,59.37
2026-08-20,Comirnaty,3.19,16:57:20,2,8,0.0
2026-08-20,Comirnaty,15.93,16:57:50,2,8,59.39
2026-08-20,Comirnaty,10.15,16:58:20,2,8,59.4
2026-08-20,Comirnaty,17.76,16:58:50,2,8,59.41
2026-08-20,Comirnaty,17.2,16:59:20,2,8,59.42
2026-08-20,Comirnaty,14.1,16:59:50,2,8,59.43
2026-08-20,Comirnaty,15.52,17:00:20,2,8,59.44
2026-08-20,Comirnaty,3.37,17:00:50,2,8,0.0
2026-08-20,Comirnaty,5.96,17:01:20,2,8,0.0
2026-08-20,Comirnaty,13.35,17:01:50,2,8,59.48
2026-08-20,Comirnaty,12.84,17:02:20,2,8,59.49
2026-08-20,Comirnaty,12.98,17:02:50,2,8,59.5
2026-08-20,Comirnaty,17.29,17:03:20,2,8,59.51
2026-08-20,Comirnaty,5.04,17:03:50,2,8,0.0
2026-08-20,Comirnaty,2.55,17:04:20,2,8,0.0
2026-08-20,Comirnaty,13.05,17:04:50,2,8,59.54
2026-08-20,Comirnaty,11.13,17:05:20,2,8,59.55
2026-08-20,Comirnaty,6.49,17:05:50,2,8,0.0
2026-08-20,Comirnaty,3.84,17:06:20,2,8,0.0
2026-08-20,Comirnaty,9.41,17:06:50,2,8,59.58
2026-08-20,Comirnaty,7.3,17:07:20,2,8,0.0
2026-08-20,Comirnaty,17.77,17:07:50,2,8,59.61
2026-08-20,Comirnaty,16.26,17:08:20,2,8,59.62
2026-08-20,Comirnaty,17.38,17:08:50,2,8,59.63
2026-08-20,Comirnaty,17.96,17:09:20,2,8,59.64
2026-08-20,Comirnaty,15.09,17:09:50,2,8,59.65
2026-08-20,Comirnaty,4.62,17:10:20,2,8,0.0
2026-08-20,Comirnaty,16.32,17:10:50,2,8,59.67
2026-08-20,Comirnaty,15.11,17:11:20,2,8,59.68
2026-08-20,Comirnaty,13.47,17:11:50,2,8,59.69
2026-08-20,Comirnaty,2.06,17:12:20,2,8,0.0
2026-08-20,Comirnaty,13.57,17:12:50,2,8,59.71
2026-08-20,Comirnaty,17.94,17:13:20,2,8,59.72
2026-08-20,Comirnaty,9.81,17:13:50,2,8,59.74
2026-08-20,Comirnaty,7.24,17:14:20,2,8,0.0
2026-08-20,Comirnaty,5.69,17:14:50,2,8,0.0
2026-08-20,Comirnaty,17.12,17:15:20,2,8,59.77
2026-08-20,Comirnaty,5.56,17:15:50,2,8,0.0
2026-08-20,Comirnaty,11.35,17:16:20,2,8,59.79
2026-08-20,Comirnaty,2.43,17:16:50,2,8,0.0
2026-08-20,Comirnaty,7.18,17:17:20,2,8,0.0
2026-08-20,Comirnaty,13.04,17:17:50,2,8,59.82
2026-08-20,Comirnaty,13.33,17:18:20,2,8,59.83
2026-08-20,Comirnaty,16.63,17:18:50,2,8,59.84
2026-08-20,Comirnaty,6.88,17:19:20,2,8,0.0
2026-08-20,Comirnaty,10.84,17:19:50,2,8,59.86
2026-08-20,Comirnaty,15.95,17:20:20,2,8,59.88
2026-08-20,Comirnaty,4.66,17:20:50,2,8,0.0
2026-08-20,Comirnaty,7.46,17:21:20,2,8,0.0
2026-08-20,Comirnaty,7.55,17:21:50,2,8,0.0
2026-08-20,Comirnaty,15.41,17:22:20,2,8,59.92
2026-08-20,Comirnaty,9.28,17:22:50,2,8,59.93
2026-08-20,Comirnaty,15.34,17:23:20,2,8,59.94
2026-08-20,Comirnaty,11.37,17:23:50,2,8,59.95
2026-08-20,Comirnaty,6.35,17:24:20,2,8,0.0
2026-08-20,Comirnaty,7.09,17:24:50,2,8,0.0
2026-08-20,Comirnaty,2.72,17:25:20,2,8,0.0
2026-08-20,Comirnaty,5.38,17:25:50,2,8,0.0
2026-08-20,Comirnaty,3.7,17:26:20,2,8,0.0
2026-08-20,Comirnaty,11.07,17:26:50,2,8,60.02
2026-08-20,Comirnaty,11.32,17:27:20,2,8,60.03
2026-08-20,Comirnaty,13.82,17:27:50,2,8,60.04
2026-08-20,Comirnaty,2.82,17:28:20,2,8,0.0
2026-08-20,Comirnaty,7.7,17:28:50,2,8,0.0
2026-08-20,Comirnaty,10.75,17:29:20,2,8,60.07
2026-08-20,Comirnaty,16.24,17:29:50,2,8,60.08
2026-08-20,Comirnaty,15.06,17:30:20,2,8,60.09
2026-08-20,Comirnaty,17.93,17:30:50,2,8,60.1
2026-08-20,Comirnaty,13.41,17:31:20,2,8,60.11
2026-08-20,Comirnaty,13.12,17:31:50,2,8,60.12
2026-08-20,Comirnaty,17.19,17:32:20,2,8,60.14
2026-08-20,Comirnaty,5.85,17:32:50,2,8,0.0
2026-08-20,Comirnaty,11.1,17:33:20,2,8,60.16
2026-08-20,Comirnaty,13.91,17:33:50,2,8,60.17
2026-08-20,Comirnaty,12.17,17:34:20,2,8,60.18
2026-08-20,Comirnaty,12.81,17:34:50,2,8,60.19
2026-08-20,Comirnaty,11.88,17:35:20,2,8,60.2
2026-08-20,Comirnaty,4.82,17:35:50,2,8,0.0
2026-08-20,Comirnaty,6.63,17:36:20,2,8,0.0
2026-08-20,Comirnaty,6.87,17:36:50,2,8,0.0
2026-08-20,Comirnaty,5.17,17:37:20,2,8,0.0
2026-08-20,Comirnaty,9.7,17:37:50,2,8,60.26
2026-08-20,Comirnaty,2.38,17:38:20,2,8,0.0
2026-08-20,Comirnaty,10.72,17:38:50,2,8,60.28
2026-08-20,Comirnaty,16.12,17:39:20,2,8,60.29
2026-08-20,Comirnaty,14.63,17:39:50,2,8,60.3
2026-08-20,Comirnaty,4.18,17:40:20,2,8,0.0
2026-08-20,Comirnaty,4.14,17:40:50,2,8,0.0
2026-08-20,Comirnaty,12.5,17:41:20,2,8,60.33
2026-08-20,Comirnaty,2.72,17:41:50,2,8,0.0
2026-08-20,Comirnaty,11.29,17:42:20,2,8,60.35
2026-08-20,Comirnaty,10.73,17:42:50,2,8,60.36
2026-08-20,Comirnaty,12.66,17:43:20,2,8,60.37
2026-08-20,Comirnaty,13.13,17:43:50,2,8,60.39
2026-08-20,Comirnaty,13.1,17:44:20,2,8,60.4
2026-08-20,Comirnaty,9.17,17:44:50,2,8,60.41
2026-08-20,Comirnaty,12.79,17:45:20,2,8,60.42
2026-08-20,Comirnaty,11.48,17:45:50,2,8,60.43
2026-08-20,Comirnaty,16.3,17:46:20,2,8,60.44
2026-08-20,Comirnaty,14.48,17:46:50,2,8,60.45
2026-08-20,Comirnaty,7.28,17:47:20,2,8,0.0
2026-08-20,Comirnaty,12.56,17:47:50,2,8,60.47
2026-08-20,Comirnaty,6.32,17:48:20,2,8,0.0
2026-08-20,Comirnaty,15.25,17:48:50,2,8,60.49
2026-08-20,Comirnaty,16.93,17:49:20,2,8,60.5
2026-08-20,Comirnaty,13.75,17:49:50,2,8,60.52
2026-08-20,Comirnaty,16.7,17:50:20,2,8,60.53
2026-08-20,Comirnaty,3.69,17:50:50,2,8,0.0
2026-08-20,Comirnaty,12.72,17:51:20,2,8,60.55
2026-08-20,Comirnaty,17.14,17:51:50,2,8,60.56
2026-08-20,Comirnaty,9.45,17:52:20,2,8,60.57
2026-08-20,Comirnaty,10.4,17:52:50,2,8,60.58
2026-08-20,Comirnaty,2.87,17:53:20,2,8,0.0
2026-08-20,Comirnaty,10.38,17:53:50,2,8,60.6
2026-08-20,Comirnaty,13.1,17:54:20,2,8,60.61
2026-08-20,Comirnaty,16.57,17:54:50,2,8,60.62
2026-08-20,Comirnaty,6.63,17:55:20,2,8,0.0
2026-08-20,Comirnaty,4.54,17:55:50,2,8,0.0
2026-08-20,Comirnaty,15.76,17:56:20,2,8,60.66
2026-08-20,Comirnaty,17.56,17:56:50,2,8,60.67
2026-08-20,Comirnaty,7.07,17:57:20,2,8,0.0
2026-08-20,Comirnaty,10.93,17:57:50,2,8,60.69
2026-08-20,Comirnaty,13.88,17:58:20,2,8,60.7
2026-08-20,Comirnaty,3.02,17:58:50,2,8,0.0
2026-08-20,Comirnaty,15.81,17:59:20,2,8,60.72
2026-08-20,Comirnaty,3.34,17:59:50,2,8,0.0
2026-08-20,Comirnaty,5.58,18:00:20,2,8,0.0
2026-08-20,Comirnaty,14.86,18:00:50,2,8,60.75
2026-08-20,Comirnaty,15.7,18:01:20,2,8,60.76
2026-08-20,Comirnaty,16.25,18:01:50,2,8,60.77
2026-08-20,Comirnaty,15.38,18:02:20,2,8,60.79
2026-08-20,Comirnaty,9.3,18:02:50,2,8,60.8
2026-08-20,Comirnaty,3.45,18:03:20,2,8,0.0
2026-08-20,Comirnaty,5.91,18:03:50,2,8,0.0
2026-08-20,Comirnaty,17.89,18:04:20,2,8,60.83
2026-08-20,Comirnaty,10.31,18:04:50,2,8,60.84
2026-08-20,Comirnaty,10.82,18:05:20,2,8,60.85
2026-08-20,Comirnaty,16.95,18:05:50,2,8,60.86
2026-08-20,Comirnaty,15.43,18:06:20,2,8,60.87
2026-08-20,Comirnaty,9.75,18:06:50,2,8,60.88
2026-08-20,Comirnaty,16.57,18:07:20,2,8,60.89
2026-08-20,Comirnaty,3.3,18:07:50,2,8,0.0
2026-08-20,Comirnaty,7.29,18:08:20,2,8,0.0
2026-08-20,Comirnaty,17.88,18:08:50,2,8,60.93
2026-08-20,Comirnaty,6.7,18:09:20,2,8,0.0
2026-08-20,Comirnaty,12.89,18:09:50,2,8,60.95
2026-08-20,Comirnaty,17.63,18:10:20,2,8,60.96
2026-08-20,Comirnaty,5.25,18:10:50,2,8,0.0
2026-08-20,Comirnaty,15.41,18:11:20,2,8,60.98
2026-08-20,Comirnaty,15.65,18:11:50,2,8,60.99
2026-08-20,Comirnaty,11.89,18:12:20,2,8,61.0
2026-08-20,Comirnaty,9.18,18:12:50,2,8,61.01
2026-08-20,Comirnaty,16.57,18:13:20,2,8,61.02
2026-08-20,Comirnaty,14.26,18:13:50,2,8,61.04
2026-08-20,Comirnaty,5.52,18:14:20,2,8,0.0
2026-08-20,Comirnaty,16.4,18:14:50,2,8,61.06
2026-08-20,Comirnaty,7.23,18:15:20,2,8,0.0
2026-08-20,Comirnaty,10.32,18:15:50,2,8,61.08
2026-08-20,Comirnaty,4.75,18:16:20,2,8,0.0
2026-08-20,Comirnaty,5.76,18:16:50,2,8,0.0
2026-08-20,Comirnaty,14.35,18:17:20,2,8,61.11
2026-08-20,Comirnaty,14.38,18:17:50,2,8,61.12
2026-08-20,Comirnaty,14.12,18:18:20,2,8,61.13
2026-08-20,Comirnaty,17.74,18:18:50,2,8,61.14
2026-08-20,Comirnaty,3.67,18:19:20,2,8,0.0
2026-08-20,Comirnaty,14.32,18:19:50,2,8,61.16
2026-08-20,Comirnaty,17.2,18:20:20,2,8,61.18
2026-08-20,Comirnaty,9.21,18:20:50,2,8,61.19
2026-08-20,Comirnaty,6.7,18:21:20,2,8,0.0
2026-08-20,Comirnaty,4.95,18:21:50,2,8,0.0
2026-08-20,Comirnaty,7.13,18:22:20,2,8,0.0
2026-08-20,Comirnaty,9.51,18:22:50,2,8,61.23
2026-08-20,Comirnaty,11.99,18:23:20,2,8,61.24
2026-08-20,Comirnaty,3.53,18:23:50,2,8,0.0
2026-08-20,Comirnaty,17.69,18:24:20,2,8,61.26
2026-08-20,Comirnaty,12.06,18:24:50,2,8,61.27
2026-08-20,Comirnaty,15.31,18:25:20,2,8,61.28
2026-08-20,Comirnaty,15.03,18:25:50,2,8,61.3
2026-08-20,Comirnaty,3.93,18:26:20,2,8,0.0
2026-08-20,Comirnaty,5.83,18:26:50,2,8,0.0
2026-08-20,Comirnaty,10.32,18:27:20,2,8,61.33
2026-08-20,Comirnaty,10.89,18:27:50,2,8,61.34
2026-08-20,Comirnaty,3.67,18:28:20,2,8,0.0
2026-08-20,Comirnaty,7.83,18:28:50,2,8,0.0
2026-08-20,Comirnaty,7.01,18:29:20,2,8,0.0
2026-08-20,Comirnaty,13.43,18:29:50,2,8,61.38
2026-08-20,Comirnaty,5.57,18:30:20,2,8,0.0
2026-08-20,Comirnaty,11.84,18:30:50,2,8,61.4
2026-08-20,Comirnaty,12.64,18:31:20,2,8,61.41
2026-08-20,Comirnaty,14.09,18:31:50,2,8,61.43
2026-08-20,Comirnaty,5.67,18:32:20,2,8,0.0
2026-08-20,Comirnaty,17.37,18:32:50,2,8,61.45
2026-08-20,Comirnaty,2.14,18:33:20,2,8,0.0
2026-08-20,Comirnaty,7.18,18:33:50,2,8,0.0
2026-08-20,Comirnaty,7.26,18:34:20,2,8,0.0
2026-08-20,Comirnaty,14.68,18:34:50,2,8,61.49
2026-08-20,Comirnaty,9.11,18:35:20,2,8,61.5
2026-08-20,Comirnaty,4.4,18:35:50,2,8,0.0
2026-08-20,Comirnaty,13.01,18:36:20,2,8,61.52
2026-08-20,Comirnaty,14.04,18:36:50,2,8,61.53
2026-08-20,Comirnaty,14.96,18:37:20,2,8,61.54
2026-08-20,Comirnaty,14.21,18:37:50,2,8,61.56
2026-08-20,Comirnaty,5.46,18:38:20,2,8,0.0
2026-08-20,Comirnaty,9.66,18:38:50,2,8,61.58
2026-08-20,Comirnaty,15.7,18:39:20,2,8,61.59
2026-08-20,Comirnaty,11.58,18:39:50,2,8,61.6
2026-08-20,Comirnaty,6.13,18:40:20,2,8,0.0
2026-08-20,Comirnaty,7.88,18:40:50,2,8,0.0
2026-08-20,Comirnaty,15.35,18:41:20,2,8,61.63
2026-08-20,Comirnaty,2.01,18:41:50,2,8,0.0
2026-08-20,Comirnaty,3.47,18:42:20,2,8,0.0
2026-08-20,Comirnaty,3.58,18:42:50,2,8,0.0
2026-08-20,Comirnaty,2.66,18:43:20,2,8,0.0
2026-08-20,Comirnaty,13.12,18:43:50,2,8,61.69
2026-08-20,Comirnaty,15.11,18:44:20,2,8,61.7
2026-08-20,Comirnaty,16.77,18:44:50,2,8,61.71
2026-08-20,Comirnaty,9.54,18:45:20,2,8,61.72
2026-08-20,Comirnaty,2.0,18:45:50,2,8,0.0
2026-08-20,Comirnaty,12.33,18:46:20,2,8,61.74
2026-08-20,Comirnaty,15.09,18:46:50,2,8,61.75
2026-08-20,Comirnaty,13.94,18:47:20,2,8,61.76
2026-08-20,Comirnaty,15.13,18:47:50,2,8,61.77
2026-08-20,Comirnaty,14.54,18:48:20,2,8,61.78
2026-08-20,Comirnaty,11.41,18:48:50,2,8,61.79
2026-08-20,Comirnaty,3.91,18:49:20,2,8,0.0
2026-08-20,Comirnaty,7.15,18:49:50,2,8,0.0
2026-08-20,Comirnaty,6.03,18:50:20,2,8,0.0
2026-08-20,Comirnaty,6.51,18:50:50,2,8,0.0
2026-08-20,Comirnaty,15.97,18:51:20,2,8,61.85
2026-08-20,Comirnaty,17.28,18:51:50,2,8,61.86
2026-08-20,Comirnaty,17.3,18:52:20,2,8,61.87
2026-08-20,Comirnaty,10.75,18:52:50,2,8,61.88
2026-08-20,Comirnaty,16.97,18:53:20,2,8,61.89
2026-08-20,Comirnaty,12.25,18:53:50,2,8,61.9
2026-08-20,Comirnaty,2.8,18:54:20,2,8,0.0
2026-08-20,Comirnaty,2.59,18:54:50,2,8,0.0
2026-08-20,Comirnaty,13.21,18:55:20,2,8,61.93
2026-08-20,Comirnaty,13.32,18:55:50,2,8,61.95
2026-08-20,Comirnaty,5.81,18:56:20,2,8,0.0
2026-08-20,Comirnaty,5.79,18:56:50,2,8,0.0
2026-08-20,Comirnaty,15.51,18:57:20,2,8,61.98
2026-08-20,Comirnaty,14.26,18:57:50,2,8,61.99
2026-08-20,Comirnaty,12.76,18:58:20,2,8,62.0
2026-08-20,Comirnaty,12.53,18:58:50,2,8,62.01
2026-08-20,Comirnaty,5.69,18:59:20,2,8,0.0
2026-08-20,Comirnaty,10.38,18:59:50,2,8,62.03
2026-08-20,Comirnaty,5.6,19:00:20,2,8,0.0
2026-08-20,Comirnaty,15.79,19:00:50,2,8,62.05
2026-08-20,Comirnaty,7.96,19:01:20,2,8,0.0
2026-08-20,Comirnaty,13.61,19:01:50,2,8,62.08
2026-08-20,Comirnaty,15.44,19:02:20,2,8,62.09
2026-08-20,Comirnaty,2.83,19:02:50,2,8,0.0
2026-08-20,Comirnaty,15.48,19:03:20,2,8,62.11
2026-08-20,Comirnaty,6.71,19:03:50,2,8,0.0
2026-08-20,Comirnaty,7.82,19:04:20,2,8,0.0
2026-08-20,Comirnaty,12.44,19:04:50,2,8,62.14
2026-08-20,Comirnaty,5.52,19:05:20,2,8,0.0
2026-08-20,Comirnaty,9.03,19:05:50,2,8,62.16
2026-08-20,Comirnaty,15.41,19:06:20,2,8,62.17
2026-08-20,Comirnaty,13.36,19:06:50,2,8,62.18
2026-08-20,Comirnaty,6.47,19:07:20,2,8,0.0
2026-08-20,Comirnaty,3.98,19:07:50,2,8,0.0
2026-08-20,Comirnaty,3.94,19:08:20,2,8,0.0
2026-08-20,Comirnaty,6.09,19:08:50,2,8,0.0
2026-08-20,Comirnaty,4.01,19:09:20,2,8,0.0
2026-08-20,Comirnaty,11.52,19:09:50,2,8,62.25
2026-08-20,Comirnaty,5.14,19:10:20,2,8,0.0
2026-08-20,Comirnaty,5.03,19:10:50,2,8,0.0
2026-08-20,Comirnaty,15.13,19:11:20,2,8,62.28
2026-08-20,Comirnaty,6.7,19:11:50,2,8,0.0
2026-08-20,Comirnaty,2.89,19:12:20,2,8,0.0
2026-08-20,Comirnaty,15.45,19:12:50,2,8,62.31
2026-08-20,Comirnaty,3.21,19:13:20,2,8,0.0
2026-08-20,Comirnaty,15.54,19:13:50,2,8,62.34
2026-08-20,Comirnaty,9.98,19:14:20,2,8,62.35
2026-08-20,Comirnaty,5.0,19:14:50,2,8,0.0
2026-08-20,Comirnaty,7.41,19:15:20,2,8,0.0
2026-08-20,Comirnaty,16.0,19:15:50,2,8,62.38
2026-08-20,Comirnaty,15.3,19:16:20,2,8,62.39
2026-08-20,Comirnaty,17.17,19:16:50,2,8,62.4
2026-08-20,Comirnaty,16.73,19:17:20,2,8,62.41
2026-08-20,Comirnaty,3.52,19:17:50,2,8,0.0
2026-08-20,Comirnaty,3.38,19:18:20,2,8,0.0
2026-08-20,Comirnaty,13.38,19:18:50,2,8,62.44
2026-08-20,Comirnaty,2.13,19:19:20,2,8,0.0
2026-08-20,Comirnaty,14.31,19:19:50,2,8,62.46
2026-08-20,Comirnaty,11.12,19:20:20,2,8,62.48
2026-08-20,Comirnaty,6.29,19:20:50,2,8,0.0
2026-08-20,Comirnaty,3.16,19:21:20,2,8,0.0
2026-08-20,Comirnaty,9.85,19:21:50,2,8,62.51
2026-08-20,Comirnaty,16.09,19:22:20,2,8,62.52
2026-08-20,Comirnaty,7.14,19:22:50,2,8,0.0
2026-08-20,Comirnaty,6.74,19:23:20,2,8,0.0
2026-08-20,Comirnaty,5.32,19:23:50,2,8,0.0
2026-08-20,Comirnaty,9.07,19:24:20,2,8,62.56
2026-08-20,Comirnaty,5.14,19:24:50,2,8,0.0
2026-08-20,Comirnaty,14.85,19:25:20,2,8,62.58
2026-08-20,Comirnaty,3.23,19:25:50,2,8,0.0
2026-08-20,Comirnaty,10.45,19:26:20,2,8,62.61
2026-08-20,Comirnaty,14.59,19:26:50,2,8,62.62
2026-08-20,Comirnaty,3.3,19:27:20,2,8,0.0
2026-08-20,Comirnaty,14.48,19:27:50,2,8,62.64
2026-08-20,Comirnaty,10.72,19:28:20,2,8,62.65
2026-08-20,Comirnaty,3.92,19:28:50,2,8,0.0
2026-08-20,Comirnaty,17.54,19:29:20,2,8,62.67
2026-08-20,Comirnaty,15.97,19:29:50,2,8,62.68
2026-08-20,Comirnaty,4.87,19:30:20,2,8,0.0
2026-08-20,Comirnaty,9.38,19:30:50,2,8,62.7
2026-08-20,Comirnaty,3.37,19:31:20,2,8,0.0
2026-08-20,Comirnaty,7.74,19:31:50,2,8,0.0
2026-08-20,Comirnaty,9.51,19:32:20,2,8,62.74
2026-08-20,Comirnaty,10.07,19:32:50,2,8,62.75
2026-08-20,Comirnaty,2.86,19:33:20,2,8,0.0
2026-08-20,Comirnaty,17.51,19:33:50,2,8,62.77
2026-08-20,Comirnaty,9.45,19:34:20,2,8,62.78
2026-08-20,Comirnaty,17.93,19:34:50,2,8,62.79
2026-08-20,Comirnaty,13.96,19:35:20,2,8,62.8
2026-08-20,Comirnaty,9.24,19:35:50,2,8,62.81
2026-08-20,Comirnaty,10.23,19:36:20,2,8,62.82
2026-08-20,Comirnaty,14.64,19:36:50,2,8,62.83
2026-08-20,Comirnaty,6.85,19:37:20,2,8,0.0
2026-08-20,Comirnaty,5.88,19:37:50,2,8,0.0
2026-08-20,Comirnaty,10.83,19:38:20,2,8,62.87
2026-08-20,Comirnaty,17.09,19:38:50,2,8,62.88
2026-08-20,Comirnaty,4.33,19:39:20,2,8,0.0
2026-08-20,Comirnaty,10.12,19:39:50,2,8,62.9
2026-08-20,Comirnaty,4.65,19:40:20,2,8,0.0
2026-08-20,Comirnaty,13.15,19:40:50,2,8,62.92
2026-08-20,Comirnaty,7.04,19:41:20,2,8,0.0
2026-08-20,Comirnaty,11.18,19:41:50,2,8,62.94
2026-08-20,Comirnaty,11.88,19:42:20,2,8,62.95
2026-08-20,Comirnaty,12.13,19:42:50,2,8,62.96
2026-08-20,Comirnaty,4.94,19:43:20,2,8,0.0
2026-08-20,Comirnaty,6.84,19:43:50,2,8,0.0
2026-08-20,Comirnaty,16.1,19:44:20,2,8,63.0
2026-08-20,Comirnaty,6.06,19:44:50,2,8,0.0
2026-08-20,Comirnaty,14.02,19:45:20,2,8,63.02
2026-08-20,Comirnaty,10.78,19:45:50,2,8,63.03
2026-08-20,Comirnaty,15.35,19:46:20,2,8,63.04
2026-08-20,Comirnaty,2.34,19:46:50,2,8,0.0
2026-08-20,Comirnaty,3.13,19:47:20,2,8,0.0
2026-08-20,Comirnaty,6.34,19:47:50,2,8,0.0
2026-08-20,Comirnaty,5.18,19:48:20,2,8,0.0
2026-08-20,Comirnaty,4.44,19:48:50,2,8,0.0
2026-08-20,Comirnaty,15.19,19:49:20,2,8,63.1
2026-08-20,Comirnaty,10.72,19:49:50,2,8,63.12
2026-08-20,Comirnaty,11.54,19:50:20,2,8,63.13
2026-08-20,Comirnaty,2.29,19:50:50,2,8,0.0
2026-08-20,Comirnaty,15.32,19:51:20,2,8,63.15
2026-08-20,Comirnaty,12.64,19:51:50,2,8,63.16
2026-08-20,Comirnaty,11.43,19:52:20,2,8,63.17
2026-08-20,Comirnaty,13.75,19:52:50,2,8,63.18
2026-08-20,Comirnaty,4.38,19:53:20,2,8,0.0
2026-08-20,Comirnaty,11.5,19:53:50,2,8,63.2
2026-08-20,Comirnaty,5.07,19:54:20,2,8,0.0
2026-08-20,Comirnaty,11.16,19:54:50,2,8,63.22
2026-08-20,Comirnaty,5.91,19:55:20,2,8,0.0
2026-08-20,Comirnaty,15.85,19:55:50,2,8,63.24
2026-08-20,Comirnaty,13.5,19:56:20,2,8,63.26
2026-08-20,Comirnaty,14.73,19:56:50,2,8,63.27
2026-08-20,Comirnaty,3.2,19:57:20,2,8,0.0
2026-08-20,Comirnaty,9.06,19:57:50,2,8,63.29
2026-08-20,Comirnaty,14.67,19:58:20,2,8,63.3
2026-08-20,Comirnaty,14.49,19:58:50,2,8,63.31
2026-08-20,Comirnaty,17.38,19:59:20,2,8,63.32
2026-08-20,Comirnaty,5.68,19:59:50,2,8,0.0
2026-08-20,Comirnaty,5.43,20:00:20,2,8,0.0
2026-08-20,Comirnaty,11.16,20:00:50,2,8,63.35
2026-08-20,Comirnaty,3.09,20:01:20,2,8,0.0
2026-08-20,Comirnaty,15.87,20:01:50,2,8,63.38
2026-08-20,Comirnaty,4.04,20:02:20,2,8,0.0
2026-08-20,Comirnaty,11.46,20:02:50,2,8,63.4
2026-08-20,Comirnaty,14.56,20:03:20,2,8,63.41
2026-08-20,Comirnaty,14.14,20:03:50,2,8,63.42
2026-08-20,Comirnaty,9.12,20:04:20,2,8,63.43
2026-08-20,Comirnaty,4.86,20:04:50,2,8,0.0
2026-08-20,Comirnaty,9.17,20:05:20,2,8,63.45
2026-08-20,Comirnaty,2.34,20:05:50,2,8,0.0
2026-08-20,Comirnaty,14.65,20:06:20,2,8,63.47
2026-08-20,Comirnaty,12.95,20:06:50,2,8,63.48
2026-08-20,Comirnaty,16.41,20:07:20,2,8,63.49
2026-08-20,Comirnaty,12.1,20:07:50,2,8,63.51
2026-08-20,Comirnaty,4.47,20:08:20,2,8,0.0
2026-08-20,Comirnaty,16.73,20:08:50,2,8,63.53
2026-08-20,Comirnaty,2.31,20:09:20,2,8,0.0
2026-08-20,Comirnaty,12.09,20:09:50,2,8,63.55
2026-08-20,Comirnaty,9.5,20:10:20,2,8,63.56
2026-08-20,Comirnaty,14.23,20:10:50,2,8,63.57
2026-08-20,Comirnaty,9.78,20:11:20,2,8,63.58
2026-08-20,Comirnaty,10.56,20:11:50,2,8,63.59
2026-08-20,Comirnaty,16.55,20:12:20,2,8,63.6
2026-08-20,Comirnaty,5.33,20:12:50,2,8,0.0
2026-08-20,Comirnaty,6.6,20:13:20,2,8,0.0
2026-08-20,Comirnaty,16.22,20:13:50,2,8,63.64
2026-08-20,Comirnaty,2.28,20:14:20,2,8,0.0
2026-08-20,Comirnaty,5.31,20:14:50,2,8,0.0
2026-08-20,Comirnaty,5.2,20:15:20,2,8,0.0
2026-08-20,Comirnaty,15.14,20:15:50,2,8,63.68
2026-08-20,Comirnaty,17.76,20:16:20,2,8,63.69
2026-08-20,Comirnaty,4.2,20:16:50,2,8,0.0
2026-08-20,Comirnaty,7.03,20:17:20,2,8,0.0
2026-08-20,Comirnaty,9.54,20:17:50,2,8,63.72
2026-08-20,Comirnaty,4.92,20:18:20,2,8,0.0
2026-08-20,Comirnaty,7.26,20:18:50,2,8,0.0
2026-08-20,Comirnaty,12.0,20:19:20,2,8,63.75
2026-08-20,Comirnaty,10.18,20:19:50,2,8,63.77
2026-08-20,Comirnaty,3.41,20:20:20,2,8,0.0
2026-08-20,Comirnaty,6.84,20:20:50,2,8,0.0
2026-08-20,Comirnaty,2.64,20:21:20,2,8,0.0
2026-08-20,Comirnaty,7.05,20:21:50,2,8,0.0
2026-08-20,Comirnaty,2.46,20:22:20,2,8,0.0
2026-08-20,Comirnaty,4.13,20:22:50,2,8,0.0
2026-08-20,Comirnaty,17.6,20:23:20,2,8,63.84
2026-08-20,Comirnaty,10.77,20:23:50,2,8,63.85
2026-08-20,Comirnaty,17.54,20:24:20,2,8,63.86
2026-08-20,Comirnaty,13.35,20:24:50,2,8,63.87
2026-08-20,Comirnaty,13.57,20:25:20,2,8,63.88
2026-08-20,Comirnaty,13.37,20:25:50,2,8,63.9
2026-08-20,Comirnaty,16.1,20:26:20,2,8,63.91
2026-08-20,Comirnaty,9.81,20:26:50,2,8,63.92
2026-08-20,Comirnaty,6.18,20:27:20,2,8,0.0
2026-08-20,Comirnaty,5.32,20:27:50,2,8,0.0
2026-08-20,Comirnaty,15.41,20:28:20,2,8,63.95
2026-08-20,Comirnaty,4.81,20:28:50,2,8,0.0
2026-08-20,Comirnaty,3.0,20:29:20,2,8,0.0
2026-08-20,Comirnaty,5.95,20:29:50,2,8,0.0
2026-08-20,Comirnaty,16.76,20:30:20,2,8,63.99
2026-08-20,Comirnaty,13.8,20:30:50,2,8,64.0
2026-08-20,Comirnaty,10.69,20:31:20,2,8,64.01
2026-08-20,Comirnaty,11.08,20:31:50,2,8,64.03
2026-08-20,Comirnaty,10.4,20:32:20,2,8,64.04
2026-08-20,Comirnaty,16.21,20:32:50,2,8,64.05
2026-08-20,Comirnaty,4.99,20:33:20,2,8,0.0
2026-08-20,Comirnaty,10.73,20:33:50,2,8,64.07
2026-08-20,Comirnaty,17.76,20:34:20,2,8,64.08
2026-08-20,Comirnaty,13.57,20:34:50,2,8,64.09
2026-08-20,Comirnaty,17.23,20:35:20,2,8,64.1
2026-08-20,Comirnaty,9.58,20:35:50,2,8,64.11
2026-08-20,Comirnaty,3.77,20:36:20,2,8,0.0
2026-08-20,Comirnaty,9.34,20:36:50,2,8,64.13
2026-08-20,Comirnaty,6.0,20:37:20,2,8,0.0
2026-08-20,Comirnaty,5.71,20:37:50,2,8,0.0
2026-08-20,Comirnaty,2.99,20:38:20,2,8,0.0
2026-08-20,Comirnaty,2.93,20:38:50,2,8,0.0
2026-08-20,Comirnaty,3.76,20:39:20,2,8,0.0
2026-08-20,Comirnaty,7.12,20:39:50,2,8,0.0
2026-08-20,Comirnaty,14.75,20:40:20,2,8,64.21
2026-08-20,Comirnaty,6.21,20:40:50,2,8,0.0
2026-08-20,Comirnaty,6.33,20:41:20,2,8,0.0
2026-08-20,Comirnaty,15.92,20:41:50,2,8,64.24
2026-08-20,Comirnaty,9.58,20:42:20,2,8,64.25
2026-08-20,Comirnaty,12.45,20:42:50,2,8,64.26
2026-08-20,Comirnaty,10.37,20:43:20,2,8,64.27
2026-08-20,Comirnaty,17.64,20:43:50,2,8,64.29
2026-08-20,Comirnaty,16.66,20:44:20,2,8,64.3
2026-08-20,Comirnaty,13.0,20:44:50,2,8,64.31
2026-08-20,Comirnaty,16.09,20:45:20,2,8,64.32
2026-08-20,Comirnaty,9.27,20:45:50,2,8,64.33
2026-08-20,Comirnaty,4.09,20:46:20,2,8,0.0
2026-08-20,Comirnaty,13.77,20:46:50,2,8,64.35
2026-08-20,Comirnaty,10.56,20:47:20,2,8,64.36
2026-08-20,Comirnaty,13.79,20:47:50,2,8,64.37
2026-08-20,Comirnaty,2.93,20:48:20,2,8,0.0
2026-08-20,Comirnaty,6.77,20:48:50,2,8,0.0
2026-08-20,Comirnaty,11.72,20:49:20,2,8,64.4
2026-08-20,Comirnaty,13.35,20:49:50,2,8,64.41
2026-08-20,Comirnaty,14.96,20:50:20,2,8,64.43
2026-08-20,Comirnaty,4.38,20:50:50,2,8,0.0
2026-08-20,Comirnaty,10.42,20:51:20,2,8,64.45
2026-08-20,Comirnaty,6.63,20:51:50,2,8,0.0
2026-08-20,Comirnaty,11.82,20:52:20,2,8,64.47
2026-08-20,Comirnaty,15.47,20:52:50,2,8,64.48
2026-08-20,Comirnaty,2.35,20:53:20,2,8,0.0
2026-08-20,Comirnaty,13.95,20:53:50,2,8,64.5
2026-08-20,Comirnaty,9.23,20:54:20,2,8,64.51
2026-08-20,Comirnaty,4.3,20:54:50,2,8,0.0
2026-08-20,Comirnaty,17.38,20:55:20,2,8,64.53
2026-08-20,Comirnaty,4.91,20:55:50,2,8,0.0
2026-08-20,Comirnaty,12.41,20:56:20,2,8,64.56
2026-08-20,Comirnaty,2.79,20:56:50,2,8,0.0
2026-08-20,Comirnaty,16.25,20:57:20,2,8,64.58
2026-08-20,Comirnaty,7.18,20:57:50,2,8,0.0
2026-08-20,Comirnaty,9.75,20:58:20,2,8,64.6
2026-08-20,Comirnaty,15.34,20:58:50,2,8,64.61
2026-08-20,Comirnaty,9.41,20:59:20,2,8,64.62
2026-08-20,Comirnaty,15.29,20:59:50,2,8,64.63
2026-08-20,Comirnaty,2.26,21:00:20,2,8,0.0
2026-08-20,Comirnaty,7.73,21:00:50,2,8,0.0
2026-08-20,Comirnaty,15.95,21:01:20,2,8,64.66
2026-08-20,Comirnaty,10.87,21:01:50,2,8,64.67
2026-08-20,Comirnaty,6.14,21:02:20,2,8,0.0
2026-08-20,Comirnaty,2.93,21:02:50,2,8,0.0
2026-08-20,Comirnaty,5.96,21:03:20,2,8,0.0
2026-08-20,Comirnaty,3.35,21:03:50,2,8,0.0
2026-08-20,Comirnaty,9.45,21:04:20,2,8,64.73
2026-08-20,Comirnaty,11.66,21:04:50,2,8,64.74
2026-08-20,Comirnaty,5.56,21:05:20,2,8,0.0
2026-08-20,Comirnaty,3.65,21:05:50,2,8,0.0
2026-08-20,Comirnaty,4.79,21:06:20,2,8,0.0
2026-08-20,Comirnaty,16.3,21:06:50,2,8,64.78
2026-08-20,Comirnaty,11.34,21:07:20,2,8,64.79
2026-08-20,Comirnaty,12.0,21:07:50,2,8,64.81
2026-08-20,Comirnaty,17.74,21:08:20,2,8,64.82
2026-08-20,Comirnaty,10.27,21:08:50,2,8,64.83
2026-08-20,Comirnaty,12.02,21:09:20,2,8,64.84
2026-08-20,Comirnaty,11.27,21:09:50,2,8,64.85
2026-08-20,Comirnaty,4.76,21:10:20,2,8,0.0
2026-08-20,Comirnaty,16.26,21:10:50,2,8,64.87
2026-08-20,Comirnaty,10.86,21:11:20,2,8,64.88
2026-08-20,Comirnaty,11.95,21:11:50,2,8,64.89
2026-08-20,Comirnaty,5.07,21:12:20,2,8,0.0
2026-08-20,Comirnaty,4.44,21:12:50,2,8,0.0
2026-08-20,Comirnaty,12.09,21:13:20,2,8,64.92
2026-08-20,Comirnaty,9.8,21:13:50,2,8,64.94
2026-08-20,Comirnaty,14.93,21:14:20,2,8,64.95
2026-08-20,Comirnaty,7.24,21:14:50,2,8,0.0
2026-08-20,Comirnaty,16.63,21:15:20,2,8,64.97
2026-08-20,Comirnaty,16.92,21:15:50,2,8,64.98
2026-08-20,Comirnaty,17.02,21:16:20,2,8,64.99
2026-08-20,Comirnaty,14.58,21:16:50,2,8,65.0
2026-08-20,Comirnaty,11.22,21:17:20,2,8,65.01
2026-08-20,Comirnaty,14.97,21:17:50,2,8,65.02
2026-08-20,Comirnaty,11.2,21:18:20,2,8,65.03
2026-08-20,Comirnaty,15.8,21:18:50,2,8,65.04
2026-08-20,Comirnaty,4.31,21:19:20,2,8,0.0
2026-08-20,Comirnaty,4.25,21:19:50,2,8,0.0
2026-08-20,Comirnaty,12.46,21:20:20,2,8,65.08
2026-08-20,Comirnaty,9.32,21:20:50,2,8,65.09
2026-08-20,Comirnaty,10.56,21:21:20,2,8,65.1
2026-08-20,Comirnaty,11.2,21:21:50,2,8,65.11
2026-08-20,Comirnaty,2.12,21:22:20,2,8,0.0
2026-08-20,Comirnaty,4.03,21:22:50,2,8,0.0
2026-08-20,Comirnaty,9.34,21:23:20,2,8,65.14
2026-08-20,Comirnaty,15.76,21:23:50,2,8,65.15
2026-08-20,Comirnaty,11.48,21:24:20,2,8,65.16
2026-08-20,Comirnaty,16.37,21:24:50,2,8,65.17
2026-08-20,Comirnaty,4.0,21:25:20,2,8,0.0
2026-08-20,Comirnaty,14.66,21:25:50,2,8,65.2
2026-08-20,Comirnaty,7.85,21:26:20,2,8,0.0
2026-08-20,Comirnaty,15.98,21:26:50,2,8,65.22
2026-08-20,Comirnaty,12.76,21:27:20,2,8,65.23
2026-08-20,Comirnaty,13.96,21:27:50,2,8,65.24
2026-08-20,Comirnaty,13.57,21:28:20,2,8,65.25
2026-08-20,Comirnaty,10.12,21:28:50,2,8,65.26
2026-08-20,Comirnaty,6.66,21:29:20,2,8,0.0
2026-08-20,Comirnaty,3.32,21:29:50,2,8,0.0
2026-08-20,Comirnaty,16.37,21:30:20,2,8,65.29
2026-08-20,Comirnaty,4.55,21:30:50,2,8,0.0
2026-08-20,Comirnaty,6.56,21:31:20,2,8,0.0
2026-08-20,Comirnaty,13.8,21:31:50,2,8,65.33
2026-08-20,Comirnaty,17.08,21:32:20,2,8,65.34
2026-08-20,Comirnaty,10.18,21:32:50,2,8,65.35
2026-08-20,Comirnaty,3.76,21:33:20,2,8,0.0
2026-08-20,Comirnaty,7.77,21:33:50,2,8,0.0
2026-08-20,Comirnaty,6.07,21:34:20,2,8,0.0
2026-08-20,Comirnaty,6.51,21:34:50,2,8,0.0
2026-08-20,Comirnaty,6.2,21:35:20,2,8,0.0
2026-08-20,Comirnaty,14.89,21:35:50,2,8,65.41
2026-08-20,Comirnaty,16.77,21:36:20,2,8,65.42
2026-08-20,Comirnaty,10.65,21:36:50,2,8,65.43
2026-08-20,Comirnaty,2.47,21:37:20,2,8,0.0
2026-08-20,Comirnaty,13.88,21:37:50,2,8,65.45
2026-08-20,Comirnaty,11.88,21:38:20,2,8,65.47
2026-08-20,Comirnaty,14.76,21:38:50,2,8,65.48
2026-08-20,Comirnaty,16.51,21:39:20,2,8,65.49
2026-08-20,Comirnaty,3.76,21:39:50,2,8,0.0
2026-08-20,Comirnaty,6.92,21:40:20,2,8,0.0
2026-08-20,Comirnaty,12.67,21:40:50,2,8,65.52
2026-08-20,Comirnaty,12.86,21:41:20,2,8,65.53
2026-08-20,Comirnaty,15.54,21:41:50,2,8,65.54
2026-08-20,Comirnaty,6.7,21:42:20,2,8,0.0
2026-08-20,Comirnaty,6.83,21:42:50,2,8,0.0
2026-08-20,Comirnaty,3.47,21:43:20,2,8,0.0
2026-08-20,Comirnaty,3.07,21:43:50,2,8,0.0
2026-08-20,Comirnaty,7.8,21:44:20,2,8,0.0
2026-08-20,Comirnaty,17.91,21:44:50,2,8,65.61
2026-08-20,Comirnaty,4.6,21:45:20,2,8,0.0
2026-08-20,Comirnaty,2.81,21:45:50,2,8,0.0
2026-08-20,Comirnaty,12.24,21:46:20,2,8,65.64
2026-08-20,Comirnaty,15.61,21:46:50,2,8,65.65
2026-08-20,Comirnaty,7.51,21:47:20,2,8,0.0
2026-08-20,Comirnaty,7.92,21:47:50,2,8,0.0
2026-08-20,Comirnaty,5.28,21:48:20,2,8,0.0
2026-08-20,Comirnaty,5.1,21:48:50,2,8,0.0
2026-08-20,Comirnaty,13.52,21:49:20,2,8,65.7
2026-08-20,Comirnaty,10.37,21:49:50,2,8,65.72
2026-08-20,Comirnaty,11.86,21:50:20,2,8,65.73
2026-08-20,Comirnaty,7.47,21:50:50,2,8,0.0
2026-08-20,Comirnaty,15.11,21:51:20,2,8,65.75
2026-08-20,Comirnaty,11.9,21:51:50,2,8,65.76
2026-08-20,Comirnaty,5.03,21:52:20,2,8,0.0
2026-08-20,Comirnaty,14.22,21:52:50,2,8,65.78
2026-08-20,Comirnaty,6.64,21:53:20,2,8,0.0
2026-08-20,Comirnaty,2.04,21:53:50,2,8,0.0
2026-08-20,Comirnaty,6.58,21:54:20,2,8,0.0
2026-08-20,Comirnaty,16.15,21:54:50,2,8,65.82
2026-08-20,Comirnaty,12.02,21:55:20,2,8,65.83
2026-08-20,Comirnaty,16.41,21:55:50,2,8,65.84
2026-08-20,Comirnaty,7.2,21:56:20,2,8,0.0
2026-08-20,Comirnaty,5.68,21:56:50,2,8,0.0
2026-08-20,Comirnaty,4.5,21:57:20,2,8,0.0
2026-08-20,Comirnaty,16.13,21:57:50,2,8,65.89
2026-08-20,Comirnaty,10.11,21:58:20,2,8,65.9
2026-08-20,Comirnaty,15.81,21:58:50,2,8,65.91
2026-08-20,Comirnaty,14.52,21:59:20,2,8,65.92
2026-08-20,Comirnaty,13.01,21:59:50,2,8,65.93
2026-08-20,Comirnaty,6.78,22:00:20,2,8,0.0
2026-08-20,Comirnaty,10.79,22:00:50,2,8,65.95
2026-08-20,Comirnaty,16.46,22:01:20,2,8,65.96
2026-08-20,Comirnaty,16.98,22:01:50,2,8,65.98
2026-08-20,Comirnaty,14.87,22:02:20,2,8,65.99
2026-08-20,Comirnaty,6.94,22:02:50,2,8,0.0
2026-08-20,Comirnaty,14.42,22:03:20,2,8,66.01
2026-08-20,Comirnaty,3.67,22:03:50,2,8,0.0
2026-08-20,Comirnaty,6.23,22:04:20,2,8,0.0
2026-08-20,Comirnaty,17.0,22:04:50,2,8,66.04
2026-08-20,Comirnaty,11.92,22:05:20,2,8,66.05
2026-08-20,Comirnaty,14.54,22:05:50,2,8,66.06
2026-08-20,Comirnaty,5.79,22:06:20,2,8,0.0
2026-08-20,Comirnaty,10.7,22:06:50,2,8,66.08
2026-08-20,Comirnaty,15.08,22:07:20,2,8,66.09
2026-08-20,Comirnaty,5.7,22:07:50,2,8,0.0
2026-08-20,Comirnaty,6.76,22:08:20,2,8,0.0
2026-08-20,Comirnaty,14.17,22:08:50,2,8,66.13
2026-08-20,Comirnaty,4.11,22:09:20,2,8,0.0
2026-08-20,Comirnaty,15.88,22:09:50,2,8,66.15
2026-08-20,Comirnaty,7.92,22:10:20,2,8,0.0
2026-08-20,Comirnaty,5.06,22:10:50,2,8,0.0
2026-08-20,Comirnaty,5.09,22:11:20,2,8,0.0
2026-08-20,Comirnaty,12.22,22:11:50,2,8,66.19
2026-08-20,Comirnaty,17.2,22:12:20,2,8,66.2
2026-08-20,Comirnaty,2.54,22:12:50,2,8,0.0
2026-08-20,Comirnaty,6.27,22:13:20,2,8,0.0
2026-08-20,Comirnaty,12.56,22:13:50,2,8,66.23
2026-08-20,Comirnaty,7.65,22:14:20,2,8,0.0
2026-08-20,Comirnaty,10.06,22:14:50,2,8,66.26
2026-08-20,Comirnaty,16.62,22:15:20,2,8,66.27
2026-08-20,Comirnaty,13.17,22:15:50,2,8,66.28
2026-08-20,Comirnaty,17.12,22:16:20,2,8,66.29
2026-08-20,Comirnaty,15.57,22:16:50,2,8,66.3
2026-08-20,Comirnaty,15.22,22:17:20,2,8,66.31
2026-08-20,Comirnaty,6.74,22:17:50,2,8,0.0
2026-08-20,Comirnaty,6.52,22:18:20,2,8,0.0
2026-08-20,Comirnaty,10.45,22:18:50,2,8,66.34
2026-08-20,Comirnaty,16.68,22:19:20,2,8,66.35
2026-08-20,Comirnaty,5.99,22:19:50,2,8,0.0
2026-08-20,Comirnaty,17.81,22:20:20,2,8,66.38
2026-08-20,Comirnaty,16.16,22:20:50,2,8,66.39
2026-08-20,Comirnaty,10.2,22:21:20,2,8,66.4
2026-08-20,Comirnaty,3.8,22:21:50,2,8,0.0
2026-08-20,Comirnaty,14.4,22:22:20,2,8,66.42
2026-08-20,Comirnaty,16.79,22:22:50,2,8,66.43
2026-08-20,Comirnaty,10.75,22:23:20,2,8,66.44
2026-08-20,Comirnaty,11.77,22:23:50,2,8,66.45
2026-08-20,Comirnaty,17.55,22:24:20,2,8,66.46
2026-08-20,Comirnaty,9.61,22:24:50,2,8,66.47
2026-08-20,Comirnaty,17.98,22:25:20,2,8,66.48
2026-08-20,Comirnaty,9.57,22:25:50,2,8,66.5
2026-08-20,Comirnaty,12.03,22:26:20,2,8,66.51
2026-08-20,Comirnaty,15.44,22:26:50,2,8,66.52
2026-08-20,Comirnaty,7.55,22:27:20,2,8,0.0
2026-08-20,Comirnaty,3.15,22:27:50,2,8,0.0
2026-08-20,Comirnaty,2.84,22:28:20,2,8,0.0
2026-08-20,Comirnaty,10.28,22:28:50,2,8,66.56
2026-08-20,Comirnaty,5.11,22:29:20,2,8,0.0
2026-08-20,Comirnaty,4.93,22:29:50,2,8,0.0
2026-08-20,Comirnaty,14.93,22:30:20,2,8,66.59
2026-08-20,Comirnaty,17.73,22:30:50,2,8,66.6
2026-08-20,Comirnaty,16.41,22:31:20,2,8,66.61
2026-08-20,Comirnaty,11.07,22:31:50,2,8,66.62
2026-08-20,Comirnaty,5.39,22:32:20,2,8,0.0
2026-08-20,Comirnaty,6.34,22:32:50,2,8,0.0
2026-08-20,Comirnaty,3.13,22:33:20,2,8,0.0
2026-08-20,Comirnaty,16.54,22:33:50,2,8,66.67
2026-08-20,Comirnaty,12.78,22:34:20,2,8,66.68
2026-08-20,Comirnaty,7.53,22:34:50,2,8,0.0
2026-08-20,Comirnaty,7.18,22:35:20,2,8,0.0
2026-08-20,Comirnaty,15.64,22:35:50,2,8,66.71
2026-08-20,Comirnaty,10.53,22:36:20,2,8,66.72
2026-08-20,Comirnaty,14.65,22:36:50,2,8,66.73
2026-08-20,Comirnaty,4.36,22:37:20,2,8,0.0
2026-08-20,Comirnaty,6.51,22:37:50,2,8,0.0
2026-08-20,Comirnaty,14.3,22:38:20,2,8,66.77
2026-08-20,Comirnaty,11.44,22:38:50,2,8,66.78
2026-08-20,Comirnaty,12.23,22:39:20,2,8,66.79
2026-08-20,Comirnaty,4.3,22:39:50,2,8,0.0
2026-08-20,Comirnaty,9.11,22:40:20,2,8,66.81
2026-08-20,Comirnaty,2.26,22:40:50,2,8,0.0
2026-08-20,Comirnaty,9.33,22:41:20,2,8,66.83
2026-08-20,Comirnaty,15.61,22:41:50,2,8,66.84
2026-08-20,Comirnaty,11.06,22:42:20,2,8,66.85
2026-08-20,Comirnaty,14.44,22:42:50,2,8,66.86
2026-08-20,Comirnaty,15.34,22:43:20,2,8,66.87
2026-08-20,Comirnaty,9.27,22:43:50,2,8,66.89
2026-08-20,Comirnaty,3.7,22:44:20,2,8,0.0
2026-08-20,Comirnaty,6.24,22:44:50,2,8,0.0
2026-08-20,Comirnaty,7.99,22:45:20,2,8,0.0
2026-08-20,Comirnaty,11.8,22:45:50,2,8,66.93
2026-08-20,Comirnaty,4.24,22:46:20,2,8,0.0
2026-08-20,Comirnaty,17.18,22:46:50,2,8,66.95
2026-08-20,Comirnaty,15.36,22:47:20,2,8,66.96
2026-08-20,Comirnaty,17.71,22:47:50,2,8,66.97
2026-08-20,Comirnaty,4.17,22:48:20,2,8,0.0
2026-08-20,Comirnaty,13.14,22:48:50,2,8,66.99
2026-08-20,Comirnaty,12.21,22:49:20,2,8,67.0
2026-08-20,Comirnaty,6.56,22:49:50,2,8,0.0
2026-08-20,Comirnaty,16.86,22:50:20,2,8,67.03
2026-08-20,Comirnaty,15.39,22:50:50,2,8,67.04
2026-08-20,Comirnaty,13.16,22:51:20,2,8,67.05
2026-08-20,Comirnaty,9.81,22:51:50,2,8,67.06
2026-08-20,Comirnaty,6.92,22:52:20,2,8,0.0
2026-08-20,Comirnaty,3.3,22:52:50,2,8,0.0
2026-08-20,Comirnaty,16.98,22:53:20,2,8,67.09
2026-08-20,Comirnaty,12.65,22:53:50,2,8,67.1
2026-08-20,Comirnaty,6.0,22:54:20,2,8,0.0
2026-08-20,Comirnaty,3.17,22:54:50,2,8,0.0
2026-08-20,Comirnaty,17.16,22:55:20,2,8,67.13
2026-08-20,Comirnaty,16.75,22:55:50,2,8,67.14
2026-08-20,Comirnaty,7.25,22:56:20,2,8,0.0
2026-08-20,Comirnaty,15.25,22:56:50,2,8,67.17
2026-08-20,Comirnaty,15.06,22:57:20,2,8,67.18
2026-08-20,Comirnaty,10.82,22:57:50,2,8,67.19
2026-08-20,Comirnaty,17.14,22:58:20,2,8,67.2
2026-08-20,Comirnaty,14.63,22:58:50,2,8,67.21
2026-08-20,Comirnaty,16.3,22:59:20,2,8,67.22
2026-08-20,Comirnaty,16.81,22:59:50,2,8,67.23
2026-08-20,Comirnaty,6.87,23:00:20,2,8,0.0
2026-08-20,Comirnaty,13.67,23:00:50,2,8,67.25
2026-08-20,Comirnaty,2.55,23:01:20,2,8,0.0
2026-08-20,Comirnaty,6.74,23:01:50,2,8,0.0
2026-08-20,Comirnaty,5.52,23:02:20,2,8,0.0
2026-08-20,Comirnaty,4.63,23:02:50,2,8,0.0
2026-08-20,Comirnaty,6.17,23:03:20,2,8,0.0
2026-08-20,Comirnaty,11.2,23:03:50,2,8,67.32
2026-08-20,Comirnaty,9.48,23:04:20,2,8,67.33
2026-08-20,Comirnaty,9.29,23:04:50,2,8,67.34
2026-08-20,Comirnaty,6.05,23:05:20,2,8,0.0
2026-08-20,Comirnaty,17.6,23:05:50,2,8,67.36
2026-08-20,Comirnaty,7.64,23:06:20,2,8,0.0
2026-08-20,Comirnaty,15.57,23:06:50,2,8,67.38
2026-08-20,Comirnaty,4.3,23:07:20,2,8,0.0
2026-08-20,Comirnaty,6.83,23:07:50,2,8,0.0
2026-08-20,Comirnaty,4.46,23:08:20,2,8,0.0
2026-08-20,Comirnaty,16.11,23:08:50,2,8,67.43
2026-08-20,Comirnaty,12.94,23:09:20,2,8,67.44
2026-08-20,Comirnaty,9.48,23:09:50,2,8,67.45
2026-08-20,Comirnaty,4.48,23:10:20,2,8,0.0
2026-08-20,Comirnaty,3.02,23:10:50,2,8,0.0
2026-08-20,Comirnaty,17.74,23:11:20,2,8,67.48
2026-08-20,Comirnaty,7.51,23:11:50,2,8,0.0
2026-08-20,Comirnaty,12.29,23:12:20,2,8,67.5
2026-08-20,Comirnaty,5.13,23:12:50,2,8,0.0
2026-08-20,Comirnaty,9.11,23:13:20,2,8,67.52
2026-08-20,Comirnaty,2.11,23:13:50,2,8,0.0
2026-08-20,Comirnaty,14.72,23:14:20,2,8,67.55
2026-08-20,Comirnaty,2.09,23:14:50,2,8,0.0
2026-08-20,Comirnaty,2.06,23:15:20,2,8,0.0
2026-08-20,Comirnaty,3.36,23:15:50,2,8,0.0
2026-08-20,Comirnaty,10.77,23:16:20,2,8,67.59
2026-08-20,Comirnaty,17.46,23:16:50,2,8,67.6
2026-08-20,Comirnaty,16.89,23:17:20,2,8,67.61
2026-08-20,Comirnaty,15.16,23:17:50,2,8,67.62
2026-08-20,Comirnaty,10.07,23:18:20,2,8,67.63
2026-08-20,Comirnaty,7.08,23:18:50,2,8,0.0
2026-08-20,Comirnaty,17.0,23:19:20,2,8,67.65
2026-08-20,Comirnaty,13.66,23:19:50,2,8,67.66
2026-08-20,Comirnaty,17.1,23:20:20,2,8,67.68
2026-08-20,Comirnaty,7.68,23:20:50,2,8,0.0
2026-08-20,Comirnaty,15.81,23:21:20,2,8,67.7
2026-08-20,Comirnaty,5.85,23:21:50,2,8,0.0
2026-08-20,Comirnaty,7.62,23:22:20,2,8,0.0
2026-08-20,Comirnaty,7.37,23:22:50,2,8,0.0
2026-08-20,Comirnaty,13.32,23:23:20,2,8,67.74
2026-08-20,Comirnaty,11.98,23:23:50,2,8,67.75
2026-08-20,Comirnaty,5.45,23:24:20,2,8,0.0
2026-08-20,Comirnaty,14.02,23:24:50,2,8,67.77
2026-08-20,Comirnaty,7.4,23:25:20,2,8,0.0
2026-08-20,Comirnaty,16.26,23:25:50,2,8,67.8
2026-08-20,Comirnaty,2.27,23:26:20,2,8,0.0
2026-08-20,Comirnaty,16.03,23:26:50,2,8,67.82
2026-08-20,Comirnaty,15.41,23:27:20,2,8,67.83
2026-08-20,Comirnaty,6.42,23:27:50,2,8,0.0
2026-08-20,Comirnaty,11.69,23:28:20,2,8,67.85
2026-08-20,Comirnaty,13.21,23:28:50,2,8,67.86
2026-08-20,Comirnaty,11.83,23:29:20,2,8,67.87
2026-08-20,Comirnaty,17.56,23:29:50,2,8,67.88
2026-08-20,Comirnaty,4.1,23:30:20,2,8,0.0
2026-08-20,Comirnaty,11.69,23:30:50,2,8,67.9
2026-08-20,Comirnaty,10.68,23:31:20,2,8,67.91
2026-08-20,Comirnaty,14.14,23:31:50,2,8,67.92
2026-08-20,Comirnaty,2.16,23:32:20,2,8,0.0
2026-08-20,Comirnaty,10.09,23:32:50,2,8,67.95
2026-08-20,Comirnaty,3.91,23:33:20,2,8,0.0
2026-08-20,Comirnaty,6.37,23:33:50,2,8,0.0
2026-08-20,Comirnaty,2.72,23:34:20,2,8,0.0
2026-08-20,Comirnaty,6.17,23:34:50,2,8,0.0
2026-08-20,Comirnaty,15.58,23:35:20,2,8,68.0
2026-08-20,Comirnaty,13.41,23:35:50,2,8,68.01
2026-08-20,Comirnaty,5.66,23:36:20,2,8,0.0
2026-08-20,Comirnaty,4.51,23:36:50,2,8,0.0
2026-08-20,Comirnaty,12.94,23:37:20,2,8,68.04
2026-08-20,Comirnaty,3.64,23:37:50,2,8,0.0
2026-08-20,Comirnaty,2.22,23:38:20,2,8,0.0
2026-08-20,Comirnaty,12.23,23:38:50,2,8,68.08
2026-08-20,Comirnaty,6.02,23:39:20,2,8,0.0
2026-08-20,Comirnaty,13.36,23:39:50,2,8,68.1
2026-08-20,Comirnaty,13.18,23:40:20,2,8,68.11
2026-08-20,Comirnaty,5.11,23:40:50,2,8,0.0
2026-08-20,Comirnaty,6.71,23:41:20,2,8,0.0
2026-08-20,Comirnaty,17.92,23:41:50,2,8,68.14
2026-08-20,Comirnaty,13.58,23:42:20,2,8,68.15
2026-08-20,Comirnaty,5.28,23:42:50,2,8,0.0
2026-08-20,Comirnaty,2.3,23:43:20,2,8,0.0
2026-08-20,Comirnaty,5.97,23:43:50,2,8,0.0
2026-08-20,Comirnaty,14.98,23:44:20,2,8,68.2
2026-08-20,Comirnaty,9.54,23:44:50,2,8,68.21
2026-08-20,Comirnaty,10.47,23:45:20,2,8,68.22
2026-08-20,Comirnaty,11.43,23:45:50,2,8,68.23
2026-08-20,Comirnaty,13.94,23:46:20,2,8,68.24
2026-08-20,Comirnaty,10.43,23:46:50,2,8,68.25
2026-08-20,Comirnaty,9.68,23:47:20,2,8,68.26
2026-08-20,Comirnaty,12.45,23:47:50,2,8,68.27
2026-08-20,Comirnaty,6.87,23:48:20,2,8,0.0
2026-08-20,Comirnaty,5.74,23:48:50,2,8,0.0
2026-08-20,Comirnaty,14.83,23:49:20,2,8,68.3
2026-08-20,Comirnaty,10.12,23:49:50,2,8,68.31
2026-08-20,Comirnaty,12.37,23:50:20,2,8,68.33
2026-08-20,Comirnaty,7.73,23:50:50,2,8,0.0
2026-08-20,Comirnaty,4.3,23:51:20,2,8,0.0
2026-08-20,Comirnaty,12.97,23:51:50,2,8,68.36
2026-08-20,Comirnaty,14.13,23:52:20,2,8,68.37
2026-08-20,Comirnaty,12.73,23:52:50,2,8,68.38
2026-08-20,Comirnaty,5.42,23:53:20,2,8,0.0
2026-08-20,Comirnaty,4.68,23:53:50,2,8,0.0
2026-08-20,Comirnaty,10.59,23:54:20,2,8,68.41
2026-08-20,Comirnaty,3.79,23:54:50,2,8,0.0
2026-08-20,Comirnaty,15.51,23:55:20,2,8,68.43
2026-08-20,Comirnaty,11.62,23:55:50,2,8,68.45
2026-08-20,Comirnaty,9.08,23:56:20,2,8,68.46
2026-08-20,Comirnaty,3.05,23:56:50,2,8,0.0
2026-08-20,Comirnaty,7.9,23:57:20,2,8,0.0
2026-08-20,Comirnaty,15.46,23:57:50,2,8,68.49
2026-08-20,Comirnaty,7.74,23:58:20,2,8,0.0
2026-08-20,Comirnaty,2.95,23:58:50,2,8,0.0
2026-08-20,Comirnaty,10.16,23:59:20,2,8,68.52
2026-08-20,Comirnaty,10.08,23:59:50,2,8,68.53
2026-08-20,Comirnaty,5.17,00:00:20,2,8,0.0
2026-08-20,Comirnaty,3.06,00:00:50,2,8,0.0
2026-08-20,Comirnaty,9.67,00:01:20,2,8,68.56
2026-08-20,Comirnaty,14.87,00:01:50,2,8,68.58
2026-08-20,Comirnaty,12.97,00:02:20,2,8,68.59
2026-08-20,Comirnaty,7.76,00:02:50,2,8,0.0
2026-08-20,Comirnaty,12.32,00:03:20,2,8,68.61
2026-08-20,Comirnaty,7.75,00:03:50,2,8,0.0
2026-08-20,Comirnaty,15.82,00:04:20,2,8,68.63
2026-08-20,Comirnaty,13.84,00:04:50,2,8,68.64
2026-08-20,Comirnaty,15.22,00:05:20,2,8,68.65
2026-08-20,Comirnaty,15.23,00:05:50,2,8,68.66
2026-08-20,Comirnaty,2.45,00:06:20,2,8,0.0
2026-08-20,Comirnaty,17.35,00:06:50,2,8,68.68
2026-08-20,Comirnaty,13.48,00:07:20,2,8,68.69
2026-08-20,Comirnaty,4.74,00:07:50,2,8,0.0
2026-08-20,Comirnaty,13.05,00:08:20,2,8,68.72
2026-08-20,Comirnaty,16.05,00:08:50,2,8,68.73
2026-08-20,Comirnaty,10.4,00:09:20,2,8,68.74
2026-08-20,Comirnaty,6.63,00:09:50,2,8,0.0
2026-08-20,Comirnaty,16.12,00:10:20,2,8,68.76
2026-08-20,Comirnaty,13.73,00:10:50,2,8,68.77
2026-08-20,Comirnaty,7.73,00:11:20,2,8,0.0
2026-08-20,Comirnaty,16.47,00:11:50,2,8,68.79
2026-08-20,Comirnaty,9.57,00:12:20,2,8,68.8
2026-08-20,Comirnaty,9.3,00:12:50,2,8,68.81
2026-08-20,Comirnaty,13.39,00:13:20,2,8,68.82
2026-08-20,Comirnaty,14.81,00:13:50,2,8,68.84
2026-08-20,Comirnaty,4.38,00:14:20,2,8,0.0
2026-08-20,Comirnaty,13.95,00:14:50,2,8,68.86
2026-08-20,Comirnaty,17.4,00:15:20,2,8,68.87
2026-08-20,Comirnaty,5.75,00:15:50,2,8,0.0
2026-08-20,Comirnaty,3.28,00:16:20,2,8,0.0
2026-08-20,Comirnaty,6.75,00:16:50,2,8,0.0
2026-08-20,Comirnaty,9.21,00:17:20,2,8,68.91
2026-08-20,Comirnaty,16.51,00:17:50,2,8,68.92
2026-08-20,Comirnaty,12.67,00:18:20,2,8,68.93
2026-08-20,Comirnaty,15.73,00:18:50,2,8,68.94
2026-08-20,Comirnaty,2.09,00:19:20,2,8,0.0
2026-08-20,Comirnaty,4.1,00:19:50,2,8,0.0
2026-08-20,Comirnaty,6.08,00:20:20,2,8,0.0
2026-08-20,Comirnaty,14.46,00:20:50,2,8,68.99
2026-08-20,Comirnaty,15.32,00:21:20,2,8,69.0
2026-08-20,Comirnaty,15.53,00:21:50,2,8,69.01
2026-08-20,Comirnaty,6.72,00:22:20,2,8,0.0
2026-08-20,Comirnaty,7.34,00:22:50,2,8,0.0
2026-08-20,Comirnaty,2.61,00:23:20,2,8,0.0
2026-08-20,Comirnaty,17.09,00:23:50,2,8,69.05
2026-08-20,Comirnaty,12.76,00:24:20,2,8,69.06
2026-08-20,Comirnaty,15.03,00:24:50,2,8,69.07
2026-08-20,Comirnaty,4.44,00:25:20,2,8,0.0
2026-08-20,Comirnaty,10.45,00:25:50,2,8,69.09
2026-08-20,Comirnaty,16.88,00:26:20,2,8,69.11
2026-08-20,Comirnaty,14.59,00:26:50,2,8,69.12
2026-08-20,Comirnaty,14.69,00:27:20,2,8,69.13
2026-08-20,Comirnaty,10.02,00:27:50,2,8,69.14
2026-08-20,Comirnaty,7.88,00:28:20,2,8,0.0
2026-08-20,Comirnaty,12.52,00:28:50,2,8,69.16
2026-08-20,Comirnaty,3.38,00:29:20,2,8,0.0
2026-08-20,Comirnaty,3.36,00:29:50,2,8,0.0
2026-08-20,Comirnaty,10.77,00:30:20,2,8,69.19
2026-08-20,Comirnaty,9.03,00:30:50,2,8,69.2
2026-08-20,Comirnaty,6.43,00:31:20,2,8,0.0
2026-08-20,Comirnaty,4.35,00:31:50,2,8,0.0
2026-08-20,Comirnaty,11.49,00:32:20,2,8,69.24
2026-08-20,Comirnaty,7.64,00:32:50,2,8,0.0
2026-08-20,Comirnaty,4.21,00:33:20,2,8,0.0
2026-08-20,Comirnaty,13.95,00:33:50,2,8,69.27
2026-08-20,Comirnaty,5.93,00:34:20,2,8,0.0
2026-08-20,Comirnaty,3.61,00:34:50,2,8,0.0
2026-08-20,Comirnaty,12.39,00:35:20,2,8,69.3
2026-08-20,Comirnaty,2.82,00:35:50,2,8,0.0
2026-08-20,Comirnaty,6.91,00:36:20,2,8,0.0
2026-08-20,Comirnaty,6.4,00:36:50,2,8,0.0
2026-08-20,Comirnaty,9.29,00:37:20,2,8,69.34
2026-08-20,Comirnaty,12.25,00:37:50,2,8,69.36
2026-08-20,Comirnaty,2.87,00:38:20,2,8,0.0
2026-08-20,Comirnaty,5.03,00:38:50,2,8,0.0
2026-08-20,Comirnaty,6.18,00:39:20,2,8,0.0
2026-08-20,Comirnaty,12.47,00:39:50,2,8,69.4
2026-08-20,Comirnaty,13.14,00:40:20,2,8,69.41
2026-08-20,Comirnaty,10.53,00:40:50,2,8,69.42
2026-08-20,Comirnaty,14.25,00:41:20,2,8,69.43
2026-08-20,Comirnaty,3.69,00:41:50,2,8,0.0
2026-08-20,Comirnaty,4.62,00:42:20,2,8,0.0
2026-08-20,Comirnaty,16.43,00:42:50,2,8,69.46
2026-08-20,Comirnaty,16.57,00:43:20,2,8,69.47
2026-08-20,Comirnaty,6.05,00:43:50,2,8,0.0
2026-08-20,Comirnaty,6.62,00:44:20,2,8,0.0
2026-08-20,Comirnaty,3.53,00:44:50,2,8,0.0
2026-08-20,Comirnaty,15.91,00:45:20,2,8,69.52
2026-08-20,Comirnaty,12.76,00:45:50,2,8,69.53
2026-08-20,Comirnaty,10.59,00:46:20,2,8,69.54
2026-08-20,Comirnaty,5.41,00:46:50,2,8,0.0
2026-08-20,Comirnaty,4.0,00:47:20,2,8,0.0
2026-08-20,Comirnaty,16.44,00:47:50,2,8,69.57
2026-08-20,Comirnaty,9.01,00:48:20,2,8,69.58
2026-08-20,Comirnaty,6.27,00:48:50,2,8,0.0
2026-08-20,Comirnaty,3.23,00:49:20,2,8,0.0
2026-08-20,Comirnaty,5.01,00:49:50,2,8,0.0
2026-08-20,Comirnaty,3.19,00:50:20,2,8,0.0
2026-08-20,Comirnaty,3.57,00:50:50,2,8,0.0
2026-08-20,Comirnaty,6.02,00:51:20,2,8,0.0
2026-08-20,Comirnaty,5.6,00:51:50,2,8,0.0
2026-08-20,Comirnaty,9.4,00:52:20,2,8,69.67
2026-08-20,Comirnaty,17.58,00:52:50,2,8,69.68
2026-08-20,Comirnaty,17.35,00:53:20,2,8,69.69
2026-08-20,Comirnaty,6.06,00:53:50,2,8,0.0
2026-08-20,Comirnaty,5.84,00:54:20,2,8,0.0
2026-08-20,Comirnaty,2.78,00:54:50,2,8,0.0
2026-08-20,Comirnaty,6.39,00:55:20,2,8,0.0
2026-08-20,Comirnaty,17.72,00:55:50,2,8,69.75
2026-08-20,Comirnaty,11.58,00:56:20,2,8,69.76
2026-08-20,Comirnaty,3.58,00:56:50,2,8,0.0
2026-08-20,Comirnaty,7.02,00:57:20,2,8,0.0
2026-08-20,Comirnaty,16.27,00:57:50,2,8,69.79
2026-08-20,Comirnaty,6.53,00:58:20,2,8,0.0
2026-08-20,Comirnaty,11.46,00:58:50,2,8,69.81
2026-08-20,Comirnaty,11.07,00:59:20,2,8,69.82
2026-08-20,Comirnaty,14.22,00:59:50,2,8,69.83
2026-08-20,Comirnaty,12.55,01:00:20,2,8,69.84
2026-08-20,Comirnaty,12.95,01:00:50,2,8,69.85
2026-08-20,Comirnaty,16.31,01:01:20,2,8,69.86
2026-08-20,Comirnaty,2.08,01:01:50,2,8,0.0
2026-08-20,Comirnaty,7.5,01:02:20,2,8,0.0
2026-08-20,Comirnaty,7.17,01:02:50,2,8,0.0
2026-08-20,Comirnaty,14.02,01:03:20,2,8,69.91
2026-08-20,Comirnaty,14.09,01:03:50,2,8,69.92
2026-08-20,Comirnaty,14.4,01:04:20,2,8,69.93
2026-08-20,Comirnaty,4.32,01:04:50,2,8,0.0
2026-08-20,Comirnaty,5.81,01:05:20,2,8,0.0
2026-08-20,Comirnaty,16.8,01:05:50,2,8,69.96
2026-08-20,Comirnaty,15.92,01:06:20,2,8,69.97
2026-08-20,Comirnaty,2.7,01:06:50,2,8,0.0
2026-08-20,Comirnaty,12.13,01:07:20,2,8,69.99
2026-08-20,Comirnaty,4.86,01:07:50,2,8,0.0
2026-08-20,Comirnaty,6.32,01:08:20,2,8,0.0
2026-08-20,Comirnaty,15.58,01:08:50,2,8,70.03
2026-08-20,Comirnaty,9.02,01:09:20,2,8,70.04
2026-08-20,Comirnaty,5.01,01:09:50,2,8,0.0
2026-08-20,Comirnaty,2.5,01:10:20,2,8,0.0
2026-08-20,Comirnaty,15.17,01:10:50,2,8,70.07
2026-08-20,Comirnaty,9.21,01:11:20,2,8,70.08
2026-08-20,Comirnaty,9.07,01:11:50,2,8,70.09
2026-08-20,Comirnaty,6.91,01:12:20,2,8,0.0
2026-08-20,Comirnaty,13.84,01:12:50,2,8,70.11
2026-08-20,Comirnaty,10.21,01:13:20,2,8,70.12
2026-08-20,Comirnaty,12.61,01:13:50,2,8,70.14
2026-08-20,Comirnaty,17.3,01:14:20,2,8,70.15
2026-08-20,Comirnaty,14.34,01:14:50,2,8,70.16
2026-08-20,Comirnaty,7.34,01:15:20,2,8,0.0
2026-08-20,Comirnaty,7.88,01:15:50,2,8,0.0
2026-08-20,Comirnaty,14.06,01:16:20,2,8,70.19
2026-08-20,Comirnaty,7.78,01:16:50,2,8,0.0
2026-08-20,Comirnaty,9.17,01:17:20,2,8,70.21
2026-08-20,Comirnaty,12.39,01:17:50,2,8,70.22
2026-08-20,Comirnaty,12.74,01:18:20,2,8,70.23
2026-08-20,Comirnaty,6.58,01:18:50,2,8,0.0
2026-08-20,Comirnaty,11.92,01:19:20,2,8,70.25
2026-08-20,Comirnaty,5.42,01:19:50,2,8,0.0
2026-08-20,Comirnaty,6.98,01:20:20,2,8,0.0
2026-08-20,Comirnaty,9.78,01:20:50,2,8,70.29
2026-08-20,Comirnaty,10.21,01:21:20,2,8,70.3
2026-08-20,Comirnaty,4.1,01:21:50,2,8,0.0
2026-08-20,Comirnaty,14.59,01:22:20,2,8,70.32
2026-08-20,Comirnaty,4.96,01:22:50,2,8,0.0
2026-08-20,Comirnaty,15.21,01:23:20,2,8,70.34
2026-08-20,Comirnaty,3.64,01:23:50,2,8,0.0
2026-08-20,Comirnaty,4.5,01:24:20,2,8,0.0
2026-08-20,Comirnaty,14.17,01:24:50,2,8,70.37
2026-08-20,Comirnaty,11.75,01:25:20,2,8,70.38
2026-08-20,Comirnaty,15.81,01:25:50,2,8,70.39
2026-08-20,Comirnaty,5.77,01:26:20,2,8,0.0
2026-08-20,Comirnaty,3.5,01:26:50,2,8,0.0
2026-08-20,Comirnaty,5.28,01:27:20,2,8,0.0
2026-08-20,Comirnaty,4.55,01:27:50,2,8,0.0
2026-08-20,Comirnaty,11.79,01:28:20,2,8,70.45
2026-08-20,Comirnaty,9.44,01:28:50,2,8,70.46
2026-08-20,Comirnaty,12.19,01:29:20,2,8,70.47
2026-08-20,Comirnaty,17.98,01:29:50,2,8,70.48
2026-08-20,Comirnaty,6.8,01:30:20,2,8,0.0
2026-08-20,Comirnaty,17.87,01:30:50,2,8,70.5
2026-08-20,Comirnaty,7.2,01:31:20,2,8,0.0
2026-08-20,Comirnaty,14.81,01:31:50,2,8,70.53
2026-08-20,Comirnaty,9.45,01:32:20,2,8,70.54
2026-08-20,Comirnaty,11.35,01:32:50,2,8,70.55
2026-08-20,Comirnaty,3.83,01:33:20,2,8,0.0
2026-08-20,Comirnaty,6.87,01:33:50,2,8,0.0
2026-08-20,Comirnaty,5.63,01:34:20,2,8,0.0
2026-08-20,Comirnaty,16.55,01:34:50,2,8,70.59
2026-08-20,Comirnaty,14.67,01:35:20,2,8,70.6
2026-08-20,Comirnaty,5.54,01:35:50,2,8,0.0
2026-08-20,Comirnaty,13.4,01:36:20,2,8,70.62
2026-08-20,Comirnaty,10.68,01:36:50,2,8,70.63
2026-08-20,Comirnaty,14.54,01:37:20,2,8,70.64
2026-08-20,Comirnaty,2.04,01:37:50,2,8,0.0
2026-08-20,Comirnaty,12.63,01:38:20,2,8,70.67
2026-08-20,Comirnaty,12.53,01:38:50,2,8,70.68
2026-08-20,Comirnaty,14.12,01:39:20,2,8,70.69
2026-08-20,Comirnaty,10.43,01:39:50,2,8,70.7
2026-08-20,Comirnaty,4.8,01:40:20,2,8,0.0
2026-08-20,Comirnaty,16.27,01:40:50,2,8,70.72
2026-08-20,Comirnaty,10.13,01:41:20,2,8,70.73
2026-08-20,Comirnaty,7.15,01:41:50,2,8,0.0
2026-08-20,Comirnaty,13.06,01:42:20,2,8,70.75
2026-08-20,Comirnaty,11.56,01:42:50,2,8,70.76
2026-08-20,Comirnaty,16.97,01:43:20,2,8,70.77
2026-08-20,Comirnaty,12.55,01:43:50,2,8,70.79
2026-08-20,Comirnaty,17.91,01:44:20,2,8,70.8
2026-08-20,Comirnaty,7.63,01:44:50,2,8,0.0
2026-08-20,Comirnaty,13.89,01:45:20,2,8,70.82
2026-08-20,Comirnaty,16.77,01:45:50,2,8,70.83
2026-08-20,Comirnaty,3.93,01:46:20,2,8,0.0
2026-08-20,Comirnaty,5.03,01:46:50,2,8,0.0
2026-08-20,Comirnaty,2.34,01:47:20,2,8,0.0
2026-08-20,Comirnaty,14.12,01:47:50,2,8,70.87
2026-08-20,Comirnaty,11.42,01:48:20,2,8,70.88
2026-08-20,Comirnaty,12.86,01:48:50,2,8,70.89
2026-08-20,Comirnaty,14.23,01:49:20,2,8,70.9
2026-08-20,Comirnaty,17.94,01:49:50,2,8,70.91
2026-08-20,Comirnaty,13.94,01:50:20,2,8,70.93
2026-08-20,Comirnaty,16.8,01:50:50,2,8,70.94
2026-08-20,Comirnaty,13.69,01:51:20,2,8,70.95
2026-08-20,Comirnaty,13.82,01:51:50,2,8,70.96
2026-08-20,Comirnaty,11.54,01:52:20,2,8,70.97
2026-08-20,Comirnaty,17.87,01:52:50,2,8,70.98
2026-08-20,Comirnaty,16.68,01:53:20,2,8,70.99
2026-08-20,Comirnaty,5.81,01:53:50,2,8,0.0
2026-08-20,Comirnaty,17.58,01:54:20,2,8,71.01
2026-08-20,Comirnaty,14.9,01:54:50,2,8,71.02
2026-08-20,Comirnaty,5.38,01:55:20,2,8,0.0
2026-08-20,Comirnaty,2.62,01:55:50,2,8,0.0
2026-08-20,Comirnaty,3.92,01:56:20,2,8,0.0
2026-08-20,Comirnaty,7.07,01:56:50,2,8,0.0
2026-08-20,Comirnaty,5.36,01:57:20,2,8,0.0
2026-08-20,Comirnaty,2.34,01:57:50,2,8,0.0
2026-08-20,Comirnaty,2.65,01:58:20,2,8,0.0
2026-08-20,Comirnaty,13.3,01:58:50,2,8,71.11
2026-08-20,Comirnaty,13.21,01:59:20,2,8,71.12
2026-08-20,Comirnaty,5.01,01:59:50,2,8,0.0
2026-08-20,Comirnaty,7.22,02:00:20,2,8,0.0
2026-08-20,Comirnaty,7.07,02:00:50,2,8,0.0
2026-08-20,Comirnaty,12.73,02:01:20,2,8,71.16
2026-08-20,Comirnaty,5.07,02:01:50,2,8,0.0
2026-08-20,Comirnaty,2.67,02:02:20,2,8,0.0
2026-08-20,Comirnaty,16.52,02:02:50,2,8,71.2
2026-08-20,Comirnaty,11.22,02:03:20,2,8,71.21
2026-08-20,Comirnaty,9.13,02:03:50,2,8,71.22
2026-08-20,Comirnaty,16.15,02:04:20,2,8,71.23
2026-08-20,Comirnaty,10.28,02:04:50,2,8,71.24
2026-08-20,Comirnaty,4.1,02:05:20,2,8,0.0
2026-08-20,Comirnaty,6.82,02:05:50,2,8,0.0
2026-08-20,Comirnaty,2.12,02:06:20,2,8,0.0
2026-08-20,Comirnaty,3.96,02:06:50,2,8,0.0
2026-08-20,Comirnaty,9.44,02:07:20,2,8,71.29
2026-08-20,Comirnaty,10.35,02:07:50,2,8,71.31
2026-08-20,Comirnaty,6.35,02:08:20,2,8,0.0
2026-08-20,Comirnaty,16.04,02:08:50,2,8,71.33
2026-08-20,Comirnaty,4.08,02:09:20,2,8,0.0
2026-08-20,Comirnaty,6.97,02:09:50,2,8,0.0
2026-08-20,Comirnaty,10.18,02:10:20,2,8,71.36
2026-08-20,Comirnaty,13.42,02:10:50,2,8,71.37
2026-08-20,Comirnaty,9.67,02:11:20,2,8,71.38
2026-08-20,Comirnaty,5.44,02:11:50,2,8,0.0
2026-08-20,Comirnaty,14.07,02:12:20,2,8,71.4
2026-08-20,Comirnaty,3.1,02:12:50,2,8,0.0
2026-08-20,Comirnaty,7.3,02:13:20,2,8,0.0
2026-08-20,Comirnaty,4.57,02:13:50,2,8,0.0
2026-08-20,Comirnaty,3.52,02:14:20,2,8,0.0
2026-08-20,Comirnaty,17.55,02:14:50,2,8,71.46
2026-08-20,Comirnaty,11.6,02:15:20,2,8,71.47
2026-08-20,Comirnaty,16.47,02:15:50,2,8,71.48
2026-08-20,Comirnaty,5.18,02:16:20,2,8,0.0
2026-08-20,Comirnaty,15.22,02:16:50,2,8,71.5
2026-08-20,Comirnaty,2.6,02:17:20,2,8,0.0
2026-08-20,Comirnaty,17.03,02:17:50,2,8,71.52
2026-08-20,Comirnaty,5.91,02:18:20,2,8,0.0
2026-08-20,Comirnaty,2.3,02:18:50,2,8,0.0
2026-08-20,Comirnaty,3.81,02:19:20,2,8,0.0
2026-08-20,Comirnaty,9.67,02:19:50,2,8,71.56
2026-08-20,Comirnaty,17.69,02:20:20,2,8,71.58
2026-08-20,Comirnaty,5.93,02:20:50,2,8,0.0
2026-08-20,Comirnaty,9.17,02:21:20,2,8,71.6
2026-08-20,Comirnaty,4.04,02:21:50,2,8,0.0
2026-08-20,Comirnaty,14.68,02:22:20,2,8,71.62
2026-08-20,Comirnaty,2.27,02:22:50,2,8,0.0
2026-08-20,Comirnaty,6.8,02:23:20,2,8,0.0
2026-08-20,Comirnaty,4.48,02:23:50,2,8,0.0
2026-08-20,Comirnaty,13.75,02:24:20,2,8,71.66
2026-08-20,Comirnaty,9.4,02:24:50,2,8,71.67
2026-08-20,Comirnaty,14.82,02:25:20,2,8,71.68
2026-08-20,Comirnaty,15.93,02:25:50,2,8,71.7
2026-08-20,Comirnaty,17.48,02:26:20,2,8,71.71
2026-08-20,Comirnaty,5.42,02:26:50,2,8,0.0
2026-08-20,Comirnaty,13.92,02:27:20,2,8,71.73
2026-08-20,Comirnaty,10.26,02:27:50,2,8,71.74
2026-08-20,Comirnaty,3.1,02:28:20,2,8,0.0
2026-08-20,Comirnaty,3.72,02:28:50,2,8,0.0
2026-08-20,Comirnaty,3.9,02:29:20,2,8,0.0
2026-08-20,Comirnaty,17.93,02:29:50,2,8,71.78
2026-08-20,Comirnaty,11.17,02:30:20,2,8,71.79
2026-08-20,Comirnaty,4.29,02:30:50,2,8,0.0
2026-08-20,Comirnaty,12.78,02:31:20,2,8,71.81
2026-08-20,Comirnaty,4.33,02:31:50,2,8,0.0
2026-08-20,Comirnaty,3.58,02:32:20,2,8,0.0
2026-08-20,Comirnaty,17.53,02:32:50,2,8,71.85
2026-08-20,Comirnaty,7.32,02:33:20,2,8,0.0
2026-08-20,Comirnaty,6.53,02:33:50,2,8,0.0
2026-08-20,Comirnaty,5.33,02:34:20,2,8,0.0
2026-08-20,Comirnaty,15.69,02:34:50,2,8,71.89
2026-08-20,Comirnaty,15.55,02:35:20,2,8,71.9
2026-08-20,Comirnaty,2.46,02:35:50,2,8,0.0
2026-08-20,Comirnaty,10.86,02:36:20,2,8,71.92
2026-08-20,Comirnaty,13.27,02:36:50,2,8,71.93
2026-08-20,Comirnaty,17.45,02:37:20,2,8,71.94
2026-08-20,Comirnaty,11.94,02:37:50,2,8,71.95
2026-08-20,Comirnaty,11.63,02:38:20,2,8,71.97
2026-08-20,Comirnaty,5.63,02:38:50,2,8,0.0
2026-08-20,Comirnaty,9.2,02:39:20,2,8,71.99
2026-08-20,Comirnaty,3.47,02:39:50,2,8,0.0
2026-08-20,Comirnaty,4.6,02:40:20,2,8,0.0
2026-08-20,Comirnaty,12.81,02:40:50,2,8,72.02
2026-08-20,Comirnaty,9.97,02:41:20,2,8,72.03
2026-08-20,Comirnaty,6.29,02:41:50,2,8,0.0
2026-08-20,Comirnaty,11.13,02:42:20,2,8,72.05
2026-08-20,Comirnaty,17.05,02:42:50,2,8,72.06
2026-08-20,Comirnaty,3.79,02:43:20,2,8,0.0
2026-08-20,Comirnaty,16.66,02:43:50,2,8,72.09
2026-08-20,Comirnaty,4.44,02:44:20,2,8,0.0
2026-08-20,Comirnaty,13.66,02:44:50,2,8,72.11
2026-08-20,Comirnaty,14.94,02:45:20,2,8,72.12
2026-08-20,Comirnaty,5.64,02:45:50,2,8,0.0
2026-08-20,Comirnaty,16.08,02:46:20,2,8,72.14
2026-08-20,Comirnaty,4.8,02:46:50,2,8,0.0
2026-08-20,Comirnaty,15.48,02:47:20,2,8,72.16
2026-08-20,Comirnaty,6.66,02:47:50,2,8,0.0
2026-08-20,Comirnaty,5.36,02:48:20,2,8,0.0
2026-08-20,Comirnaty,12.98,02:48:50,2,8,72.19
2026-08-20,Comirnaty,12.66,02:49:20,2,8,72.2
2026-08-20,Comirnaty,5.02,02:49:50,2,8,0.0
2026-08-20,Comirnaty,5.52,02:50:20,2,8,0.0
2026-08-20,Comirnaty,12.06,02:50:50,2,8,72.24
2026-08-20,Comirnaty,10.79,02:51:20,2,8,72.25
2026-08-20,Comirnaty,14.97,02:51:50,2,8,72.26
2026-08-20,Comirnaty,7.11,02:52:20,2,8,0.0
2026-08-20,Comirnaty,2.96,02:52:50,2,8,0.0
2026-08-20,Comirnaty,4.33,02:53:20,2,8,0.0
2026-08-20,Comirnaty,9.99,02:53:50,2,8,72.3
2026-08-20,Comirnaty,14.89,02:54:20,2,8,72.31
2026-08-20,Comirnaty,6.74,02:54:50,2,8,0.0
2026-08-20,Comirnaty,6.45,02:55:20,2,8,0.0
2026-08-20,Comirnaty,14.16,02:55:50,2,8,72.34
2026-08-20,Comirnaty,9.04,02:56:20,2,8,72.36
2026-08-20,Comirnaty,9.2,02:56:50,2,8,72.37
2026-08-20,Comirnaty,10.23,02:57:20,2,8,72.38
2026-08-20,Comirnaty,7.8,02:57:50,2,8,0.0
2026-08-20,Comirnaty,9.06,02:58:20,2,8,72.4
2026-08-20,Comirnaty,15.64,02:58:50,2,8,72.41
2026-08-20,Comirnaty,3.84,02:59:20,2,8,0.0
2026-08-20,Comirnaty,11.97,02:59:50,2,8,72.43
2026-08-20,Comirnaty,5.6,03:00:20,2,8,0.0
2026-08-20,Comirnaty,7.04,03:00:50,2,8,0.0
2026-08-20,Comirnaty,4.55,03:01:20,2,8,0.0
2026-08-20,Comirnaty,9.5,03:01:50,2,8,72.48
2026-08-20,Comirnaty,16.88,03:02:20,2,8,72.49
2026-08-20,Comirnaty,6.8,03:02:50,2,8,0.0
2026-08-20,Comirnaty,5.49,03:03:20,2,8,0.0
2026-08-20,Comirnaty,7.83,03:03:50,2,8,0.0
2026-08-20,Comirnaty,7.15,03:04:20,2,8,0.0
2026-08-20,Comirnaty,13.09,03:04:50,2,8,72.54
2026-08-20,Comirnaty,5.2,03:05:20,2,8,0.0
2026-08-20,Comirnaty,15.21,03:05:50,2,8,72.56
2026-08-20,Comirnaty,6.52,03:06:20,2,8,0.0
2026-08-20,Comirnaty,9.02,03:06:50,2,8,72.58
2026-08-20,Comirnaty,12.5,03:07:20,2,8,72.59
2026-08-20,Comirnaty,13.11,03:07:50,2,8,72.61
2026-08-20,Comirnaty,3.25,03:08:20,2,8,0.0
2026-08-20,Comirnaty,13.47,03:08:50,2,8,72.63
2026-08-20,Comirnaty,11.81,03:09:20,2,8,72.64
2026-08-20,Comirnaty,17.28,03:09:50,2,8,72.65
2026-08-20,Comirnaty,2.63,03:10:20,2,8,0.0
2026-08-20,Comirnaty,3.01,03:10:50,2,8,0.0
2026-08-20,Comirnaty,4.21,03:11:20,2,8,0.0
2026-08-20,Comirnaty,7.92,03:11:50,2,8,0.0
2026-08-20,Comirnaty,9.97,03:12:20,2,8,72.7
2026-08-20,Comirnaty,13.09,03:12:50,2,8,72.71
2026-08-20,Comirnaty,14.32,03:13:20,2,8,72.72
2026-08-20,Comirnaty,15.84,03:13:50,2,8,72.73
2026-08-20,Comirnaty,5.79,03:14:20,2,8,0.0
2026-08-20,Comirnaty,9.89,03:14:50,2,8,72.76
2026-08-20,Comirnaty,5.0,03:15:20,2,8,0.0
2026-08-20,Comirnaty,13.08,03:15:50,2,8,72.78
2026-08-20,Comirnaty,10.04,03:16:20,2,8,72.79
2026-08-20,Comirnaty,15.42,03:16:50,2,8,72.8
2026-08-20,Comirnaty,6.54,03:17:20,2,8,0.0
2026-08-20,Comirnaty,2.22,03:17:50,2,8,0.0
2026-08-20,Comirnaty,13.41,03:18:20,2,8,72.83
2026-08-20,Comirnaty,4.47,03:18:50,2,8,0.0
2026-08-20,Comirnaty,2.61,03:19:20,2,8,0.0
2026-08-20,Comirnaty,17.81,03:19:50,2,8,72.86
2026-08-20,Comirnaty,13.22,03:20:20,2,8,72.88
2026-08-20,Comirnaty,5.86,03:20:50,2,8,0.0
2026-08-20,Comirnaty,10.39,03:21:20,2,8,72.9
2026-08-20,Comirnaty,16.2,03:21:50,2,8,72.91
2026-08-20,Comirnaty,15.96,03:22:20,2,8,72.92
2026-08-20,Comirnaty,5.15,03:22:50,2,8,0.0
2026-08-20,Comirnaty,14.21,03:23:20,2,8,72.94
2026-08-20,Comirnaty,5.86,03:23:50,2,8,0.0
2026-08-20,Comirnaty,9.82,03:24:20,2,8,72.96
2026-08-20,Comirnaty,14.04,03:24:50,2,8,72.97
2026-08-20,Comirnaty,11.68,03:25:20,2,8,72.98
2026-08-20,Comirnaty,6.63,03:25:50,2,8,0.0
2026-08-20,Comirnaty,6.95,03:26:20,2,8,0.0
2026-08-20,Comirnaty,17.56,03:26:50,2,8,73.02
2026-08-20,Comirnaty,5.53,03:27:20,2,8,0.0
2026-08-20,Comirnaty,6.64,03:27:50,2,8,0.0
2026-08-20,Comirnaty,11.98,03:28:20,2,8,73.05
2026-08-20,Comirnaty,4.38,03:28:50,2,8,0.0
2026-08-20,Comirnaty,15.86,03:29:20,2,8,73.07
2026-08-20,Comirnaty,9.89,03:29:50,2,8,73.08
2026-08-20,Comirnaty,17.75,03:30:20,2,8,73.09
2026-08-20,Comirnaty,2.95,03:30:50,2,8,0.0
2026-08-20,Comirnaty,15.33,03:31:20,2,8,73.11
2026-08-20,Comirnaty,2.89,03:31:50,2,8,0.0
2026-08-20,Comirnaty,5.71,03:32:20,2,8,0.0
2026-08-20,Comirnaty,10.18,03:32:50,2,8,73.15
2026-08-20,Comirnaty,2.36,03:33:20,2,8,0.0
2026-08-20,Comirnaty,11.16,03:33:50,2,8,73.17
2026-08-20,Comirnaty,4.5,03:34:20,2,8,0.0
2026-08-20,Comirnaty,10.32,03:34:50,2,8,73.19
2026-08-20,Comirnaty,10.48,03:35:20,2,8,73.2
2026-08-20,Comirnaty,15.18,03:35:50,2,8,73.21
2026-08-20,Comirnaty,14.04,03:36:20,2,8,73.22
2026-08-20,Comirnaty,3.99,03:36:50,2,8,0.0
2026-08-20,Comirnaty,14.44,03:37:20,2,8,73.24
2026-08-20,Comirnaty,17.15,03:37:50,2,8,73.26
2026-08-20,Comirnaty,5.99,03:38:20,2,8,0.0
2026-08-20,Comirnaty,6.82,03:38:50,2,8,0.0
2026-08-20,Comirnaty,11.27,03:39:20,2,8,73.29
2026-08-20,Comirnaty,9.27,03:39:50,2,8,73.3
2026-08-20,Comirnaty,17.62,03:40:20,2,8,73.31
2026-08-20,Comirnaty,3.64,03:40:50,2,8,0.0
2026-08-20,Comirnaty,6.98,03:41:20,2,8,0.0
2026-08-20,Comirnaty,6.64,03:41:50,2,8,0.0
2026-08-20,Comirnaty,15.64,03:42:20,2,8,73.35
2026-08-20,Comirnaty,13.18,03:42:50,2,8,73.36
2026-08-20,Comirnaty,5.35,03:43:20,2,8,0.0
2026-08-20,Comirnaty,15.26,03:43:50,2,8,73.39
2026-08-20,Comirnaty,16.82,03:44:20,2,8,73.4
2026-08-20,Comirnaty,7.23,03:44:50,2,8,0.0
2026-08-20,Comirnaty,9.94,03:45:20,2,8,73.42
2026-08-20,Comirnaty,5.66,03:45:50,2,8,0.0
2026-08-20,Comirnaty,7.79,03:46:20,2,8,0.0
2026-08-20,Comirnaty,4.82,03:46:50,2,8,0.0
2026-08-20,Comirnaty,13.64,03:47:20,2,8,73.46
2026-08-20,Comirnaty,6.66,03:47:50,2,8,0.0
2026-08-20,Comirnaty,9.33,03:48:20,2,8,73.48
2026-08-20,Comirnaty,11.64,03:48:50,2,8,73.49
2026-08-20,Comirnaty,15.84,03:49:20,2,8,73.5
2026-08-20,Comirnaty,5.33,03:49:50,2,8,0.0
2026-08-20,Comirnaty,7.68,03:50:20,2,8,0.0
2026-08-20,Comirnaty,7.63,03:50:50,2,8,0.0
2026-08-20,Comirnaty,17.19,03:51:20,2,8,73.55
2026-08-20,Comirnaty,5.86,03:51:50,2,8,0.0
2026-08-20,Comirnaty,10.18,03:52:20,2,8,73.57
2026-08-20,Comirnaty,12.34,03:52:50,2,8,73.58
2026-08-20,Comirnaty,14.98,03:53:20,2,8,73.59
2026-08-20,Comirnaty,3.73,03:53:50,2,8,0.0
2026-08-20,Comirnaty,5.94,03:54:20,2,8,0.0
2026-08-20,Comirnaty,13.77,03:54:50,2,8,73.62
2026-08-20,Comirnaty,11.73,03:55:20,2,8,73.63
2026-08-20,Comirnaty,10.82,03:55:50,2,8,73.64
2026-08-20,Comirnaty,3.53,03:56:20,2,8,0.0
2026-08-20,Comirnaty,3.88,03:56:50,2,8,0.0
2026-08-20,Comirnaty,6.92,03:57:20,2,8,0.0
2026-08-20,Comirnaty,9.36,03:57:50,2,8,73.69
2026-08-20,Comirnaty,7.61,03:58:20,2,8,0.0
2026-08-20,Comirnaty,15.57,03:58:50,2,8,73.71
2026-08-20,Comirnaty,13.72,03:59:20,2,8,73.72
2026-08-20,Comirnaty,12.9,03:59:50,2,8,73.73
2026-08-20,Comirnaty,15.96,04:00:20,2,8,73.74
2026-08-20,Comirnaty,13.61,04:00:50,2,8,73.75
2026-08-20,Comirnaty,5.5,04:01:20,2,8,0.0
2026-08-20,Comirnaty,12.6,04:01:50,2,8,73.78
2026-08-20,Comirnaty,9.75,04:02:20,2,8,73.79
2026-08-20,Comirnaty,7.32,04:02:50,2,8,0.0
2026-08-20,Comirnaty,12.53,04:03:20,2,8,73.81
2026-08-20,Comirnaty,16.53,04:03:50,2,8,73.82
2026-08-20,Comirnaty,13.83,04:04:20,2,8,73.83
2026-08-20,Comirnaty,7.39,04:04:50,2,8,0.0
2026-08-20,Comirnaty,7.39,04:05:20,2,8,0.0
2026-08-20,Comirnaty,9.85,04:05:50,2,8,73.86
2026-08-20,Comirnaty,15.93,04:06:20,2,8,73.87
2026-08-20,Comirnaty,9.67,04:06:50,2,8,73.88
2026-08-20,Comirnaty,6.27,04:07:20,2,8,0.0
2026-08-20,Comirnaty,7.06,04:07:50,2,8,0.0
2026-08-20,Comirnaty,16.26,04:08:20,2,8,73.92
2026-08-20,Comirnaty,3.22,04:08:50,2,8,0.0
2026-08-20,Comirnaty,9.44,04:09:20,2,8,73.94
2026-08-20,Comirnaty,15.65,04:09:50,2,8,73.95
2026-08-20,Comirnaty,13.74,04:10:20,2,8,73.96
2026-08-20,Comirnaty,5.8,04:10:50,2,8,0.0
2026-08-20,Comirnaty,16.81,04:11:20,2,8,73.98
2026-08-20,Comirnaty,16.28,04:11:50,2,8,73.99
2026-08-20,Comirnaty,9.74,04:12:20,2,8,74.0
2026-08-20,Comirnaty,3.3,04:12:50,2,8,0.0
2026-08-20,Comirnaty,16.68,04:13:20,2,8,74.02
2026-08-20,Comirnaty,11.5,04:13:50,2,8,74.04
2026-08-20,Comirnaty,6.1,04:14:20,2,8,0.0
2026-08-20,Comirnaty,9.44,04:14:50,2,8,74.06
2026-08-20,Comirnaty,17.01,04:15:20,2,8,74.07
2026-08-20,Comirnaty,6.07,04:15:50,2,8,0.0
2026-08-20,Comirnaty,6.26,04:16:20,2,8,0.0
2026-08-20,Comirnaty,7.83,04:16:50,2,8,0.0
2026-08-20,Comirnaty,11.77,04:17:20,2,8,74.11
2026-08-20,Comirnaty,3.2,04:17:50,2,8,0.0
2026-08-20,Comirnaty,2.93,04:18:20,2,8,0.0
2026-08-20,Comirnaty,6.6,04:18:50,2,8,0.0
2026-08-20,Comirnaty,15.25,04:19:20,2,8,74.15
2026-08-20,Comirnaty,3.86,04:19:50,2,8,0.0
2026-08-20,Comirnaty,10.09,04:20:20,2,8,74.18
2026-08-20,Comirnaty,7.72,04:20:50,2,8,0.0
2026-08-20,Comirnaty,15.42,04:21:20,2,8,74.2
2026-08-20,Comirnaty,4.9,04:21:50,2,8,0.0
2026-08-20,Comirnaty,15.48,04:22:20,2,8,74.22
2026-08-20,Comirnaty,13.82,04:22:50,2,8,74.23
2026-08-20,Comirnaty,6.66,04:23:20,2,8,0.0
2026-08-20,Comirnaty,11.38,04:23:50,2,8,74.25
2026-08-20,Comirnaty,2.93,04:24:20,2,8,0.0
2026-08-20,Comirnaty,15.72,04:24:50,2,8,74.27
2026-08-20,Comirnaty,6.53,04:25:20,2,8,0.0
2026-08-20,Comirnaty,17.58,04:25:50,2,8,74.3
2026-08-20,Comirnaty,5.88,04:26:20,2,8,0.0
2026-08-20,Comirnaty,9.57,04:26:50,2,8,74.32
2026-08-20,Comirnaty,12.48,04:27:20,2,8,74.33
2026-08-20,Comirnaty,13.08,04:27:50,2,8,74.34
2026-08-20,Comirnaty,15.85,04:28:20,2,8,74.35
2026-08-20,Comirnaty,9.59,04:28:50,2,8,74.36
2026-08-20,Comirnaty,15.0,04:29:20,2,8,74.37
2026-08-20,Comirnaty,16.79,04:29:50,2,8,74.38
2026-08-20,Comirnaty,3.27,04:30:20,2,8,0.0
2026-08-20,Comirnaty,3.46,04:30:50,2,8,0.0
2026-08-20,Comirnaty,5.82,04:31:20,2,8,0.0
2026-08-20,Comirnaty,17.14,04:31:50,2,8,74.42
2026-08-20,Comirnaty,2.77,04:32:20,2,8,0.0
2026-08-20,Comirnaty,15.29,04:32:50,2,8,74.45
2026-08-20,Comirnaty,12.48,04:33:20,2,8,74.46
2026-08-20,Comirnaty,6.22,04:33:50,2,8,0.0
2026-08-20,Comirnaty,6.56,04:34:20,2,8,0.0
2026-08-20,Comirnaty,10.86,04:34:50,2,8,74.49
2026-08-20,Comirnaty,12.6,04:35:20,2,8,74.5
2026-08-20,Comirnaty,6.94,04:35:50,2,8,0.0
2026-08-20,Comirnaty,13.22,04:36:20,2,8,74.52
2026-08-20,Comirnaty,10.33,04:36:50,2,8,74.53
2026-08-20,Comirnaty,10.23,04:37:20,2,8,74.54
2026-08-20,Comirnaty,10.88,04:37:50,2,8,74.56
2026-08-20,Comirnaty,2.53,04:38:20,2,8,0.0
2026-08-20,Comirnaty,13.65,04:38:50,2,8,74.58
2026-08-20,Comirnaty,3.52,04:39:20,2,8,0.0
2026-08-20,Comirnaty,9.55,04:39:50,2,8,74.6
2026-08-20,Comirnaty,14.56,04:40:20,2,8,74.61
2026-08-20,Comirnaty,17.57,04:40:50,2,8,74.62
2026-08-20,Comirnaty,3.8,04:41:20,2,8,0.0
2026-08-20,Comirnaty,6.56,04:41:50,2,8,0.0
2026-08-20,Comirnaty,2.84,04:42:20,2,8,0.0
2026-08-20,Comirnaty,17.08,04:42:50,2,8,74.66
2026-08-20,Comirnaty,13.29,04:43:20,2,8,74.67
2026-08-20,Comirnaty,15.24,04:43:50,2,8,74.69
2026-08-20,Comirnaty,3.84,04:44:20,2,8,0.0
2026-08-20,Comirnaty,7.76,04:44:50,2,8,0.0
2026-08-20,Comirnaty,3.23,04:45:20,2,8,0.0
2026-08-20,Comirnaty,7.49,04:45:50,2,8,0.0
2026-08-20,Comirnaty,12.76,04:46:20,2,8,74.74
2026-08-20,Comirnaty,13.99,04:46:50,2,8,74.75
2026-08-20,Comirnaty,5.29,04:47:20,2,8,0.0
2026-08-20,Comirnaty,11.54,04:47:50,2,8,74.77
2026-08-20,Comirnaty,17.11,04:48:20,2,8,74.78
2026-08-20,Comirnaty,13.5,04:48:50,2,8,74.79
2026-08-20,Comirnaty,7.68,04:49:20,2,8,0.0
2026-08-20,Comirnaty,9.38,04:49:50,2,8,74.81
2026-08-20,Comirnaty,4.03,04:50:20,2,8,0.0
2026-08-20,Comirnaty,14.59,04:50:50,2,8,74.84
2026-08-20,Comirnaty,2.87,04:51:20,2,8,0.0
2026-08-20,Comirnaty,16.34,04:51:50,2,8,74.86
2026-08-20,Comirnaty,15.15,04:52:20,2,8,74.87
2026-08-20,Comirnaty,14.64,04:52:50,2,8,74.88
2026-08-20,Comirnaty,17.52,04:53:20,2,8,74.89
2026-08-20,Comirnaty,13.74,04:53:50,2,8,74.9
2026-08-20,Comirnaty,16.28,04:54:20,2,8,74.91
2026-08-20,Comirnaty,10.98,04:54:50,2,8,74.92
2026-08-20,Comirnaty,3.9,04:55:20,2,8,0.0
2026-08-20,Comirnaty,3.76,04:55:50,2,8,0.0
2026-08-20,Comirnaty,14.36,04:56:20,2,8,74.96
2026-08-20,Comirnaty,5.23,04:56:50,2,8,0.0
2026-08-20,Comirnaty,4.27,04:57:20,2,8,0.0
2026-08-20,Comirnaty,2.89,04:57:50,2,8,0.0
2026-08-20,Comirnaty,17.94,04:58:20,2,8,75.0
2026-08-20,Comirnaty,4.26,04:58:50,2,8,0.0
2026-08-20,Comirnaty,15.93,04:59:20,2,8,75.02
2026-08-20,Comirnaty,13.23,04:59:50,2,8,75.03
2026-08-20,Comirnaty,6.71,05:00:20,2,8,0.0
2026-08-20,Comirnaty,16.92,05:00:50,2,8,75.05
2026-08-20,Comirnaty,10.45,05:01:20,2,8,75.06
2026-08-20,Comirnaty,17.38,05:01:50,2,8,75.08
2026-08-20,Comirnaty,15.39,05:02:20,2,8,75.09
2026-08-20,Comirnaty,4.52,05:02:50,2,8,0.0
2026-08-20,Comirnaty,10.51,05:03:20,2,8,75.11
2026-08-20,Comirnaty,17.56,05:03:50,2,8,75.12
2026-08-20,Comirnaty,11.12,05:04:20,2,8,75.13
2026-08-20,Comirnaty,15.35,05:04:50,2,8,75.14
2026-08-20,Comirnaty,16.4,05:05:20,2,8,75.15
2026-08-20,Comirnaty,9.37,05:05:50,2,8,75.16
2026-08-20,Comirnaty,4.73,05:06:20,2,8,0.0
2026-08-20,Comirnaty,15.63,05:06:50,2,8,75.18
2026-08-20,Comirnaty,13.54,05:07:20,2,8,75.19
2026-08-20,Comirnaty,3.66,05:07:50,2,8,0.0
2026-08-20,Comirnaty,10.18,05:08:20,2,8,75.22
2026-08-20,Comirnaty,16.57,05:08:50,2,8,75.23
2026-08-20,Comirnaty,3.18,05:09:20,2,8,0.0
2026-08-20,Comirnaty,13.91,05:09:50,2,8,75.25
2026-08-20,Comirnaty,6.97,05:10:20,2,8,0.0
2026-08-20,Comirnaty,12.65,05:10:50,2,8,75.27
2026-08-20,Comirnaty,11.8,05:11:20,2,8,75.28
2026-08-20,Comirnaty,11.69,05:11:50,2,8,75.29
2026-08-20,Comirnaty,6.21,05:12:20,2,8,0.0
2026-08-20,Comirnaty,13.14,05:12:50,2,8,75.31
2026-08-20,Comirnaty,15.55,05:13:20,2,8,75.32
2026-08-20,Comirnaty,13.27,05:13:50,2,8,75.34
2026-08-20,Comirnaty,6.53,05:14:20,2,8,0.0
2026-08-20,Comirnaty,15.02,05:14:50,2,8,75.36
2026-08-20,Comirnaty,4.1,05:15:20,2,8,0.0
2026-08-20,Comirnaty,7.13,05:15:50,2,8,0.0
2026-08-20,Comirnaty,7.91,05:16:20,2,8,0.0
2026-08-20,Comirnaty,17.69,05:16:50,2,8,75.4
2026-08-20,Comirnaty,14.75,05:17:20,2,8,75.41
2026-08-20,Comirnaty,17.57,05:17:50,2,8,75.42
2026-08-20,Comirnaty,15.05,05:18:20,2,8,75.43
2026-08-20,Comirnaty,7.24,05:18:50,2,8,0.0
2026-08-20,Comirnaty,14.17,05:19:20,2,8,75.45
2026-08-20,Comirnaty,5.21,05:19:50,2,8,0.0
2026-08-20,Comirnaty,12.73,05:20:20,2,8,75.48
2026-08-20,Comirnaty,12.39,05:20:50,2,8,75.49
2026-08-20,Comirnaty,15.0,05:21:20,2,8,75.5
2026-08-20,Comirnaty,17.52,05:21:50,2,8,75.51
2026-08-20,Comirnaty,14.73,05:22:20,2,8,75.52
2026-08-20,Comirnaty,10.75,05:22:50,2,8,75.53
2026-08-20,Comirnaty,13.43,05:23:20,2,8,75.54
2026-08-20,Comirnaty,16.88,05:23:50,2,8,75.55
2026-08-20,Comirnaty,10.03,05:24:20,2,8,75.56
2026-08-20,Comirnaty,12.08,05:24:50,2,8,75.57
2026-08-20,Comirnaty,16.54,05:25:20,2,8,75.58
2026-08-20,Comirnaty,2.68,05:25:50,2,8,0.0
2026-08-20,Comirnaty,3.26,05:26:20,2,8,0.0
2026-08-20,Comirnaty,14.19,05:26:50,2,8,75.62
2026-08-20,Comirnaty,4.22,05:27:20,2,8,0.0
2026-08-20,Comirnaty,13.39,05:27:50,2,8,75.64
2026-08-20,Comirnaty,12.73,05:28:20,2,8,75.65
2026-08-20,Comirnaty,14.06,05:28:50,2,8,75.66
2026-08-20,Comirnaty,14.83,05:29:20,2,8,75.67
2026-08-20,Comirnaty,12.6,05:29:50,2,8,75.68
2026-08-20,Comirnaty,15.09,05:30:20,2,8,75.69
2026-08-20,Comirnaty,11.03,05:30:50,2,8,75.7
2026-08-20,Comirnaty,15.75,05:31:20,2,8,75.71
2026-08-20,Comirnaty,16.32,05:31:50,2,8,75.73
2026-08-20,Comirnaty,7.47,05:32:20,2,8,0.0
2026-08-20,Comirnaty,17.95,05:32:50,2,8,75.75
2026-08-20,Comirnaty,6.66,05:33:20,2,8,0.0
2026-08-20,Comirnaty,13.19,05:33:50,2,8,75.77
2026-08-20,Comirnaty,13.91,05:34:20,2,8,75.78
2026-08-20,Comirnaty,5.21,05:34:50,2,8,0.0
2026-08-20,Comirnaty,16.27,05:35:20,2,8,75.8
2026-08-20,Comirnaty,17.88,05:35:50,2,8,75.81
2026-08-20,Comirnaty,11.32,05:36:20,2,8,75.82
2026-08-20,Comirnaty,5.44,05:36:50,2,8,0.0
2026-08-20,Comirnaty,7.4,05:37:20,2,8,0.0
2026-08-20,Comirnaty,2.21,05:37:50,2,8,0.0
2026-08-20,Comirnaty,13.15,05:38:20,2,8,75.87
2026-08-20,Comirnaty,10.32,05:38:50,2,8,75.88
2026-08-20,Comirnaty,10.99,05:39:20,2,8,75.89
2026-08-20,Comirnaty,10.59,05:39:50,2,8,75.9
2026-08-20,Comirnaty,2.2,05:40:20,2,8,0.0
2026-08-20,Comirnaty,16.63,05:40:50,2,8,75.92
2026-08-20,Comirnaty,14.97,05:41:20,2,8,75.93
2026-08-20,Comirnaty,13.49,05:41:50,2,8,75.94
2026-08-20,Comirnaty,2.79,05:42:20,2,8,0.0
2026-08-20,Comirnaty,6.35,05:42:50,2,8,0.0
2026-08-20,Comirnaty,2.27,05:43:20,2,8,0.0
2026-08-20,Comirnaty,17.84,05:43:50,2,8,75.98
2026-08-20,Comirnaty,17.26,05:44:20,2,8,76.0
2026-08-20,Comirnaty,14.47,05:44:50,2,8,76.01
2026-08-20,Comirnaty,9.19,05:45:20,2,8,76.02
2026-08-20,Comirnaty,13.82,05:45:50,2,8,76.03
2026-08-20,Comirnaty,5.03,05:46:20,2,8,0.0
2026-08-20,Comirnaty,9.68,05:46:50,2,8,76.05
2026-08-20,Comirnaty,5.43,05:47:20,2,8,0.0
2026-08-20,Comirnaty,13.03,05:47:50,2,8,76.07
2026-08-20,Comirnaty,12.9,05:48:20,2,8,76.08
2026-08-20,Comirnaty,13.49,05:48:50,2,8,76.09
2026-08-20,Comirnaty,12.97,05:49:20,2,8,76.1
2026-08-20,Comirnaty,2.45,05:49:50,2,8,0.0
2026-08-20,Comirnaty,2.72,05:50:20,2,8,0.0
2026-08-20,Comirnaty,14.63,05:50:50,2,8,76.14
2026-08-20,Comirnaty,13.91,05:51:20,2,8,76.15
2026-08-20,Comirnaty,5.46,05:51:50,2,8,0.0
2026-08-20,Comirnaty,9.36,05:52:20,2,8,76.17
2026-08-20,Comirnaty,2.83,05:52:50,2,8,0.0
2026-08-20,Comirnaty,7.49,05:53:20,2,8,0.0
2026-08-20,Comirnaty,12.26,05:53:50,2,8,76.2
2026-08-20,Comirnaty,2.82,05:54:20,2,8,0.0
2026-08-20,Comirnaty,3.29,05:54:50,2,8,0.0
2026-08-20,Comirnaty,17.69,05:55:20,2,8,76.23
2026-08-20,Comirnaty,3.81,05:55:50,2,8,0.0
2026-08-20,Comirnaty,14.0,05:56:20,2,8,76.26
2026-08-20,Comirnaty,10.68,05:56:50,2,8,76.27
2026-08-20,Comirnaty,5.39,05:57:20,2,8,0.0
2026-08-20,Comirnaty,14.92,05:57:50,2,8,76.29
2026-08-20,Comirnaty,7.08,05:58:20,2,8,0.0
2026-08-20,Comirnaty,14.4,05:58:50,2,8,76.31
2026-08-20,Comirnaty,14.6,05:59:20,2,8,76.32
2026-08-20,Comirnaty,7.54,05:59:50,2,8,0.0
2026-08-20,Comirnaty,5.48,06:00:20,2,8,0.0
2026-08-20,Comirnaty,7.85,06:00:50,2,8,0.0
2026-08-20,Comirnaty,2.17,06:01:20,2,8,0.0
2026-08-20,Comirnaty,17.61,06:01:50,2,8,76.38
2026-08-20,Comirnaty,17.52,06:02:20,2,8,76.39
2026-08-20,Comirnaty,16.51,06:02:50,2,8,76.4
2026-08-20,Comirnaty,12.2,06:03:20,2,8,76.41
2026-08-20,Comirnaty,11.19,06:03:50,2,8,76.42
2026-08-20,Comirnaty,6.44,06:04:20,2,8,0.0
2026-08-20,Comirnaty,4.94,06:04:50,2,8,0.0
2026-08-20,Comirnaty,4.83,06:05:20,2,8,0.0
2026-08-20,Comirnaty,12.99,06:05:50,2,8,76.46
2026-08-20,Comirnaty,3.4,06:06:20,2,8,0.0
2026-08-20,Comirnaty,5.45,06:06:50,2,8,0.0
2026-08-20,Comirnaty,4.55,06:07:20,2,8,0.0
2026-08-20,Comirnaty,5.45,06:07:50,2,8,0.0
2026-08-20,Comirnaty,17.03,06:08:20,2,8,76.52
2026-08-20,Comirnaty,11.3,06:08:50,2,8,76.53
2026-08-20,Comirnaty,6.83,06:09:20,2,8,0.0
2026-08-20,Comirnaty,14.35,06:09:50,2,8,76.55
2026-08-20,Comirnaty,5.24,06:10:20,2,8,0.0
2026-08-20,Comirnaty,7.86,06:10:50,2,8,0.0
2026-08-20,Comirnaty,2.36,06:11:20,2,8,0.0
2026-08-20,Comirnaty,2.04,06:11:50,2,8,0.0
2026-08-20,Comirnaty,3.7,06:12:20,2,8,0.0
2026-08-20,Comirnaty,10.9,06:12:50,2,8,76.61
2026-08-20,Comirnaty,13.8,06:13:20,2,8,76.62
2026-08-20,Comirnaty,5.27,06:13:50,2,8,0.0
2026-08-20,Comirnaty,6.7,06:14:20,2,8,0.0
2026-08-20,Comirnaty,13.08,06:14:50,2,8,76.66
2026-08-20,Comirnaty,13.24,06:15:20,2,8,76.67
2026-08-20,Comirnaty,9.3,06:15:50,2,8,76.68
2026-08-20,Comirnaty,14.72,06:16:20,2,8,76.69
2026-08-20,Comirnaty,17.31,06:16:50,2,8,76.7
2026-08-20,Comirnaty,14.61,06:17:20,2,8,76.71
2026-08-20,Comirnaty,13.46,06:17:50,2,8,76.72
2026-08-20,Comirnaty,3.43,06:18:20,2,8,0.0
2026-08-20,Comirnaty,3.07,06:18:50,2,8,0.0
2026-08-20,Comirnaty,17.72,06:19:20,2,8,76.75
2026-08-20,Comirnaty,6.13,06:19:50,2,8,0.0
2026-08-20,Comirnaty,14.38,06:20:20,2,8,76.78
2026-08-20,Comirnaty,2.77,06:20:50,2,8,0.0
2026-08-20,Comirnaty,15.61,06:21:20,2,8,76.8
2026-08-20,Comirnaty,6.08,06:21:50,2,8,0.0
2026-08-20,Comirnaty,13.03,06:22:20,2,8,76.82
2026-08-20,Comirnaty,2.23,06:22:50,2,8,0.0
2026-08-20,Comirnaty,14.38,06:23:20,2,8,76.84
2026-08-20,Comirnaty,10.78,06:23:50,2,8,76.85
2026-08-20,Comirnaty,13.59,06:24:20,2,8,76.86
2026-08-20,Comirnaty,10.68,06:24:50,2,8,76.87
2026-08-20,Comirnaty,14.47,06:25:20,2,8,76.88
2026-08-20,Comirnaty,14.94,06:25:50,2,8,76.89
2026-08-20,Comirnaty,10.92,06:26:20,2,8,76.91
2026-08-20,Comirnaty,7.54,06:26:50,2,8,0.0
2026-08-20,Comirnaty,9.77,06:27:20,2,8,76.93
2026-08-20,Comirnaty,9.96,06:27:50,2,8,76.94
2026-08-20,Comirnaty,4.98,06:28:20,2,8,0.0
2026-08-20,Comirnaty,7.06,06:28:50,2,8,0.0
2026-08-20,Comirnaty,14.07,06:29:20,2,8,76.97
2026-08-20,Comirnaty,17.14,06:29:50,2,8,76.98
2026-08-20,Comirnaty,2.82,06:30:20,2,8,0.0
2026-08-20,Comirnaty,16.99,06:30:50,2,8,77.0
2026-08-20,Comirnaty,11.43,06:31:20,2,8,77.01
2026-08-20,Comirnaty,13.26,06:31:50,2,8,77.03
2026-08-20,Comirnaty,5.63,06:32:20,2,8,0.0
2026-08-20,Comirnaty,14.73,06:32:50,2,8,77.05
2026-08-20,Comirnaty,4.27,06:33:20,2,8,0.0
2026-08-20,Comirnaty,10.86,06:33:50,2,8,77.07
2026-08-20,Comirnaty,6.96,06:34:20,2,8,0.0
2026-08-20,Comirnaty,4.76,06:34:50,2,8,0.0
2026-08-20,Comirnaty,3.82,06:35:20,2,8,0.0
2026-08-20,Comirnaty,5.35,06:35:50,2,8,0.0
2026-08-20,Comirnaty,9.58,06:36:20,2,8,77.12
2026-08-20,Comirnaty,16.63,06:36:50,2,8,77.13
2026-08-20,Comirnaty,14.67,06:37:20,2,8,77.14
2026-08-20,Comirnaty,15.45,06:37:50,2,8,77.16
2026-08-20,Comirnaty,13.86,06:38:20,2,8,77.17
2026-08-20,Comirnaty,14.84,06:38:50,2,8,77.18
2026-08-20,Comirnaty,17.05,06:39:20,2,8,77.19
2026-08-20,Comirnaty,5.03,06:39:50,2,8,0.0
2026-08-20,Comirnaty,3.68,06:40:20,2,8,0.0
2026-08-20,Comirnaty,17.36,06:40:50,2,8,77.22
2026-08-20,Comirnaty,12.6,06:41:20,2,8,77.23
2026-08-20,Comirnaty,15.2,06:41:50,2,8,77.24
2026-08-20,Comirnaty,5.79,06:42:20,2,8,0.0
2026-08-20,Comirnaty,6.53,06:42:50,2,8,0.0
2026-08-20,Comirnaty,2.47,06:43:20,2,8,0.0
2026-08-20,Comirnaty,14.45,06:43:50,2,8,77.29
2026-08-20,Comirnaty,4.81,06:44:20,2,8,0.0
2026-08-20,Comirnaty,13.73,06:44:50,2,8,77.31
2026-08-20,Comirnaty,14.17,06:45:20,2,8,77.32
2026-08-20,Comirnaty,4.1,06:45:50,2,8,0.0
2026-08-20,Comirnaty,6.66,06:46:20,2,8,0.0
2026-08-20,Comirnaty,11.67,06:46:50,2,8,77.35
2026-08-20,Comirnaty,9.22,06:47:20,2,8,77.36
2026-08-20,Comirnaty,9.38,06:47:50,2,8,77.37
2026-08-20,Comirnaty,15.05,06:48:20,2,8,77.38
2026-08-20,Comirnaty,3.94,06:48:50,2,8,0.0
2026-08-20,Comirnaty,14.07,06:49:20,2,8,77.4
2026-08-20,Comirnaty,16.58,06:49:50,2,8,77.41
2026-08-20,Comirnaty,12.67,06:50:20,2,8,77.43
2026-08-20,Comirnaty,11.39,06:50:50,2,8,77.44
2026-08-20,Comirnaty,4.93,06:51:20,2,8,0.0
2026-08-20,Comirnaty,2.77,06:51:50,2,8,0.0
2026-08-20,Comirnaty,13.14,06:52:20,2,8,77.47
2026-08-20,Comirnaty,16.19,06:52:50,2,8,77.48
2026-08-20,Comirnaty,5.31,06:53:20,2,8,0.0
2026-08-20,Comirnaty,15.0,06:53:50,2,8,77.5
2026-08-20,Comirnaty,5.81,06:54:20,2,8,0.0
2026-08-20,Comirnaty,2.19,06:54:50,2,8,0.0
2026-08-20,Comirnaty,15.45,06:55:20,2,8,77.53
2026-08-20,Comirnaty,11.09,06:55:50,2,8,77.55
2026-08-20,Comirnaty,13.51,06:56:20,2,8,77.56
2026-08-20,Comirnaty,16.52,06:56:50,2,8,77.57
2026-08-20,Comirnaty,4.93,06:57:20,2,8,0.0
2026-08-20,Comirnaty,12.48,06:57:50,2,8,77.59
2026-08-20,Comirnaty,2.56,06:58:20,2,8,0.0
2026-08-20,Comirnaty,9.95,06:58:50,2,8,77.61
2026-08-20,Comirnaty,16.93,06:59:20,2,8,77.62
2026-08-20,Comirnaty,2.35,06:59:50,2,8,0.0
2026-08-20,Comirnaty,10.5,07:00:20,2,8,77.64
2026-08-20,Comirnaty,4.04,07:00:50,2,8,0.0
2026-08-20,Comirnaty,2.16,07:01:20,2,8,0.0
2026-08-20,Comirnaty,3.9,07:01:50,2,8,0.0
2026-08-20,Comirnaty,11.93,07:02:20,2,8,77.69
2026-08-20,Comirnaty,16.57,07:02:50,2,8,77.7
2026-08-20,Comirnaty,16.44,07:03:20,2,8,77.71
2026-08-20,Comirnaty,6.62,07:03:50,2,8,0.0
2026-08-20,Comirnaty,5.08,07:04:20,2,8,0.0
2026-08-20,Comirnaty,3.6,07:04:50,2,8,0.0
2026-08-20,Comirnaty,11.44,07:05:20,2,8,77.75
2026-08-20,Comirnaty,15.47,07:05:50,2,8,77.76
2026-08-20,Comirnaty,3.99,07:06:20,2,8,0.0
2026-08-20,Comirnaty,6.9,07:06:50,2,8,0.0
2026-08-20,Comirnaty,5.69,07:07:20,2,8,0.0
2026-08-20,Comirnaty,11.38,07:07:50,2,8,77.81
2026-08-20,Comirnaty,5.86,07:08:20,2,8,0.0
2026-08-20,Comirnaty,13.1,07:08:50,2,8,77.83
2026-08-20,Comirnaty,16.16,07:09:20,2,8,77.84
2026-08-20,Comirnaty,9.61,07:09:50,2,8,77.85
2026-08-20,Comirnaty,7.69,07:10:20,2,8,0.0
2026-08-20,Comirnaty,7.43,07:10:50,2,8,0.0
2026-08-20,Comirnaty,5.42,07:11:20,2,8,0.0
2026-08-20,Comirnaty,5.36,07:11:50,2,8,0.0
2026-08-20,Comirnaty,16.01,07:12:20,2,8,77.9
2026-08-20,Comirnaty,9.78,07:12:50,2,8,77.91
2026-08-20,Comirnaty,3.38,07:13:20,2,8,0.0
2026-08-20,Comirnaty,11.32,07:13:50,2,8,77.94
2026-08-20,Comirnaty,17.7,07:14:20,2,8,77.95
2026-08-20,Comirnaty,6.91,07:14:50,2,8,0.0
2026-08-20,Comirnaty,3.62,07:15:20,2,8,0.0
2026-08-20,Comirnaty,7.21,07:15:50,2,8,0.0
2026-08-20,Comirnaty,2.02,07:16:20,2,8,0.0
2026-08-20,Comirnaty,5.63,07:16:50,2,8,0.0
2026-08-20,Comirnaty,7.84,07:17:20,2,8,0.0
2026-08-20,Comirnaty,14.28,07:17:50,2,8,78.02
2026-08-20,Comirnaty,12.45,07:18:20,2,8,78.03
2026-08-20,Comirnaty,7.04,07:18:50,2,8,0.0
2026-08-20,Comirnaty,7.9,07:19:20,2,8,0.0
2026-08-20,Comirnaty,11.33,07:19:50,2,8,78.06
2026-08-20,Comirnaty,14.74,07:20:20,2,8,78.08
2026-08-20,Comirnaty,17.47,07:20:50,2,8,78.09
2026-08-20,Comirnaty,17.44,07:21:20,2,8,78.1
2026-08-20,Comirnaty,10.81,07:21:50,2,8,78.11
2026-08-20,Comirnaty,15.71,07:22:20,2,8,78.12
2026-08-20,Comirnaty,14.02,07:22:50,2,8,78.13
2026-08-20,Comirnaty,16.74,07:23:20,2,8,78.14
2026-08-20,Comirnaty,2.18,07:23:50,2,8,0.0
2026-08-20,Comirnaty,4.3,07:24:20,2,8,0.0
2026-08-20,Comirnaty,7.74,07:24:50,2,8,0.0
2026-08-20,Comirnaty,17.1,07:25:20,2,8,78.18
2026-08-20,Comirnaty,15.36,07:25:50,2,8,78.2
2026-08-20,Comirnaty,3.7,07:26:20,2,8,0.0
2026-08-20,Comirnaty,17.97,07:26:50,2,8,78.22
2026-08-20,Comirnaty,9.75,07:27:20,2,8,78.23
2026-08-20,Comirnaty,12.02,07:27:50,2,8,78.24
2026-08-20,Comirnaty,15.2,07:28:20,2,8,78.25
2026-08-20,Comirnaty,3.33,07:28:50,2,8,0.0
2026-08-20,Comirnaty,14.04,07:29:20,2,8,78.27
2026-08-20,Comirnaty,15.45,07:29:50,2,8,78.28
2026-08-20,Comirnaty,4.36,07:30:20,2,8,0.0
2026-08-20,Comirnaty,13.67,07:30:50,2,8,78.3
2026-08-20,Comirnaty,5.95,07:31:20,2,8,0.0
2026-08-20,Comirnaty,10.29,07:31:50,2,8,78.33
2026-08-20,Comirnaty,11.31,07:32:20,2,8,78.34
2026-08-20,Comirnaty,4.21,07:32:50,2,8,0.0
2026-08-20,Comirnaty,17.89,07:33:20,2,8,78.36
2026-08-20,Comirnaty,4.0,07:33:50,2,8,0.0
2026-08-20,Comirnaty,6.12,07:34:20,2,8,0.0
2026-08-20,Comirnaty,9.82,07:34:50,2,8,78.39
2026-08-20,Comirnaty,4.63,07:35:20,2,8,0.0
2026-08-20,Comirnaty,5.14,07:35:50,2,8,0.0
2026-08-20,Comirnaty,6.6,07:36:20,2,8,0.0
2026-08-20,Comirnaty,17.74,07:36:50,2,8,78.43
2026-08-20,Comirnaty,14.23,07:37:20,2,8,78.44
2026-08-20,Comirnaty,10.67,07:37:50,2,8,78.45
2026-08-20,Comirnaty,11.84,07:38:20,2,8,78.47
2026-08-20,Comirnaty,5.49,07:38:50,2,8,0.0
2026-08-20,Comirnaty,15.63,07:39:20,2,8,78.49
2026-08-20,Comirnaty,11.73,07:39:50,2,8,78.5
2026-08-20,Comirnaty,2.39,07:40:20,2,8,0.0
2026-08-20,Comirnaty,12.85,07:40:50,2,8,78.52
2026-08-20,Comirnaty,16.12,07:41:20,2,8,78.53
2026-08-20,Comirnaty,7.91,07:41:50,2,8,0.0
2026-08-20,Comirnaty,10.62,07:42:20,2,8,78.55
2026-08-20,Comirnaty,7.82,07:42:50,2,8,0.0
2026-08-20,Comirnaty,14.66,07:43:20,2,8,78.57
2026-08-20,Comirnaty,4.02,07:43:50,2,8,0.0
2026-08-20,Comirnaty,17.7,07:44:20,2,8,78.6
2026-08-20,Comirnaty,15.78,07:44:50,2,8,78.61
2026-08-20,Comirnaty,11.74,07:45:20,2,8,78.62
2026-08-20,Comirnaty,6.54,07:45:50,2,8,0.0
2026-08-20,Comirnaty,6.78,07:46:20,2,8,0.0
2026-08-20,Comirnaty,17.24,07:46:50,2,8,78.65
2026-08-20,Comirnaty,5.68,07:47:20,2,8,0.0
2026-08-20,Comirnaty,10.21,07:47:50,2,8,78.67
2026-08-20,Comirnaty,2.7,07:48:20,2,8,0.0
2026-08-20,Comirnaty,10.12,07:48:50,2,8,78.69
2026-08-20,Comirnaty,17.94,07:49:20,2,8,78.7
2026-08-20,Comirnaty,10.17,07:49:50,2,8,78.72
2026-08-20,Comirnaty,11.56,07:50:20,2,8,78.73
2026-08-20,Comirnaty,12.86,07:50:50,2,8,78.74
2026-08-20,Comirnaty,7.25,07:51:20,2,8,0.0
2026-08-20,Comirnaty,12.31,07:51:50,2,8,78.76
2026-08-20,Comirnaty,7.37,07:52:20,2,8,0.0
2026-08-20,Comirnaty,6.77,07:52:50,2,8,0.0
2026-08-20,Comirnaty,14.42,07:53:20,2,8,78.79
2026-08-20,Comirnaty,16.61,07:53:50,2,8,78.8
2026-08-20,Comirnaty,16.51,07:54:20,2,8,78.81
2026-08-20,Comirnaty,15.56,07:54:50,2,8,78.82
2026-08-20,Comirnaty,13.42,07:55:20,2,8,78.83
2026-08-20,Comirnaty,5.1,07:55:50,2,8,0.0
2026-08-20,Comirnaty,4.92,07:56:20,2,8,0.0
2026-08-20,Comirnaty,6.27,07:56:50,2,8,0.0
2026-08-20,Comirnaty,4.71,07:57:20,2,8,0.0
2026-08-20,Comirnaty,12.83,07:57:50,2,8,78.89
2026-08-20,Comirnaty,9.56,07:58:20,2,8,78.9
2026-08-20,Comirnaty,9.4,07:58:50,2,8,78.91
2026-08-20,Comirnaty,3.51,07:59:20,2,8,0.0
2026-08-20,Comirnaty,2.65,07:59:50,2,8,0.0
2026-08-20,Comirnaty,6.6,08:00:20,2,8,0.0
2026-08-20,Comirnaty,4.28,08:00:50,2,8,0.0
2026-08-20,Comirnaty,12.66,08:01:20,2,8,78.96
2026-08-20,Comirnaty,13.88,08:01:50,2,8,78.98
2026-08-20,Comirnaty,6.54,08:02:20,2,8,0.0
2026-08-20,Comirnaty,5.39,08:02:50,2,8,0.0
2026-08-20,Comirnaty,15.17,08:03:20,2,8,79.01
2026-08-20,Comirnaty,3.51,08:03:50,2,8,0.0
2026-08-20,Comirnaty,5.86,08:04:20,2,8,0.0
2026-08-20,Comirnaty,12.89,08:04:50,2,8,79.04
2026-08-20,Comirnaty,11.93,08:05:20,2,8,79.05
2026-08-20,Comirnaty,17.57,08:05:50,2,8,79.06
2026-08-20,Comirnaty,6.11,08:06:20,2,8,0.0
2026-08-20,Comirnaty,15.34,08:06:50,2,8,79.08
2026-08-20,Comirnaty,7.78,08:07:20,2,8,0.0
2026-08-20,Comirnaty,10.79,08:07:50,2,8,79.11
2026-08-20,Comirnaty,5.96,08:08:20,2,8,0.0
2026-08-20,Comirnaty,14.04,08:08:50,2,8,79.13
2026-08-20,Comirnaty,14.65,08:09:20,2,8,79.14
2026-08-20,Comirnaty,14.71,08:09:50,2,8,79.15
2026-08-20,Comirnaty,6.89,08:10:20,2,8,0.0
2026-08-20,Comirnaty,7.5,08:10:50,2,8,0.0
2026-08-20,Comirnaty,14.18,08:11:20,2,8,79.18
2026-08-20,Comirnaty,16.59,08:11:50,2,8,79.19
2026-08-20,Comirnaty,17.55,08:12:20,2,8,79.2
2026-08-20,Comirnaty,6.83,08:12:50,2,8,0.0
2026-08-20,Comirnaty,6.73,08:13:20,2,8,0.0
2026-08-20,Comirnaty,12.7,08:13:50,2,8,79.23
2026-08-20,Comirnaty,13.66,08:14:20,2,8,79.25
2026-08-20,Comirnaty,4.07,08:14:50,2,8,0.0
2026-08-20,Comirnaty,6.28,08:15:20,2,8,0.0
2026-08-20,Comirnaty,13.85,08:15:50,2,8,79.28
2026-08-20,Comirnaty,13.52,08:16:20,2,8,79.29
2026-08-20,Comirnaty,4.69,08:16:50,2,8,0.0
2026-08-20,Comirnaty,9.61,08:17:20,2,8,79.31
2026-08-20,Comirnaty,7.0,08:17:50,2,8,0.0
2026-08-20,Comirnaty,16.1,08:18:20,2,8,79.33
2026-08-20,Comirnaty,17.97,08:18:50,2,8,79.34
2026-08-20,Comirnaty,14.5,08:19:20,2,8,79.35
2026-08-20,Comirnaty,11.41,08:19:50,2,8,79.36
2026-08-20,Comirnaty,9.47,08:20:20,2,8,79.38
2026-08-20,Comirnaty,7.76,08:20:50,2,8,0.0
2026-08-20,Comirnaty,9.08,08:21:20,2,8,79.4
2026-08-20,Comirnaty,3.56,08:21:50,2,8,0.0
2026-08-20,Comirnaty,6.77,08:22:20,2,8,0.0
2026-08-20,Comirnaty,10.07,08:22:50,2,8,79.43
2026-08-20,Comirnaty,12.68,08:23:20,2,8,79.44
2026-08-20,Comirnaty,2.4,08:23:50,2,8,0.0
2026-08-20,Comirnaty,5.68,08:24:20,2,8,0.0
2026-08-20,Comirnaty,14.68,08:24:50,2,8,79.47
2026-08-20,Comirnaty,12.66,08:25:20,2,8,79.48
2026-08-20,Comirnaty,3.24,08:25:50,2,8,0.0
2026-08-20,Comirnaty,4.38,08:26:20,2,8,0.0
2026-08-20,Comirnaty,13.72,08:26:50,2,8,79.52
2026-08-20,Comirnaty,13.14,08:27:20,2,8,79.53
2026-08-20,Comirnaty,15.98,08:27:50,2,8,79.54
2026-08-20,Comirnaty,12.44,08:28:20,2,8,79.55
2026-08-20,Comirnaty,4.56,08:28:50,2,8,0.0
2026-08-20,Comirnaty,10.38,08:29:20,2,8,79.57
2026-08-20,Comirnaty,9.79,08:29:50,2,8,79.58
2026-08-20,Comirnaty,5.65,08:30:20,2,8,0.0
2026-08-20,Comirnaty,10.9,08:30:50,2,8,79.6
2026-08-20,Comirnaty,7.88,08:31:20,2,8,0.0
2026-08-20,Comirnaty,13.2,08:31:50,2,8,79.62
2026-08-20,Comirnaty,5.01,08:32:20,2,8,0.0
2026-08-20,Comirnaty,4.67,08:32:50,2,8,0.0
2026-08-20,Comirnaty,9.37,08:33:20,2,8,79.66
2026-08-20,Comirnaty,7.82,08:33:50,2,8,0.0
2026-08-20,Comirnaty,15.14,08:34:20,2,8,79.68
2026-08-20,Comirnaty,4.4,08:34:50,2,8,0.0
2026-08-20,Comirnaty,6.26,08:35:20,2,8,0.0
2026-08-20,Comirnaty,6.71,08:35:50,2,8,0.0
2026-08-20,Comirnaty,5.95,08:36:20,2,8,0.0
2026-08-20,Comirnaty,7.18,08:36:50,2,8,0.0
2026-08-20,Comirnaty,14.46,08:37:20,2,8,79.74
2026-08-20,Comirnaty,9.86,08:37:50,2,8,79.76
2026-08-20,Comirnaty,12.43,08:38:20,2,8,79.77
2026-08-20,Comirnaty,7.13,08:38:50,2,8,0.0
2026-08-20,Comirnaty,15.55,08:39:20,2,8,79.79
2026-08-20,Comirnaty,14.41,08:39:50,2,8,79.8
2026-08-20,Comirnaty,16.07,08:40:20,2,8,79.81
2026-08-20,Comirnaty,15.48,08:40:50,2,8,79.82
2026-08-20,Comirnaty,10.0,08:41:20,2,8,79.83
2026-08-20,Comirnaty,3.32,08:41:50,2,8,0.0
2026-08-20,Comirnaty,14.64,08:42:20,2,8,79.85
2026-08-20,Comirnaty,3.29,08:42:50,2,8,0.0
2026-08-20,Comirnaty,9.66,08:43:20,2,8,79.87
2026-08-20,Comirnaty,13.51,08:43:50,2,8,79.89
2026-08-20,Comirnaty,5.61,08:44:20,2,8,0.0
2026-08-20,Comirnaty,4.91,08:44:50,2,8,0.0
2026-08-20,Comirnaty,11.89,08:45:20,2,8,79.92
2026-08-20,Comirnaty,11.61,08:45:50,2,8,79.93
2026-08-20,Comirnaty,13.3,08:46:20,2,8,79.94
2026-08-20,Comirnaty,10.81,08:46:50,2,8,79.95
2026-08-20,Comirnaty,9.49,08:47:20,2,8,79.96
2026-08-20,Comirnaty,4.67,08:47:50,2,8,0.0
2026-08-20,Comirnaty,11.54,08:48:20,2,8,79.98
2026-08-20,Comirnaty,4.7,08:48:50,2,8,0.0
2026-08-20,Comirnaty,11.14,08:49:20,2,8,80.0
2026-08-20,Comirnaty,9.53,08:49:50,2,8,80.02
2026-08-20,Comirnaty,9.25,08:50:20,2,8,80.03
2026-08-20,Comirnaty,4.71,08:50:50,2,8,0.0
2026-08-20,Comirnaty,10.22,08:51:20,2,8,80.05
2026-08-20,Comirnaty,4.64,08:51:50,2,8,0.0
2026-08-20,Comirnaty,6.43,08:52:20,2,8,0.0
2026-08-20,Comirnaty,15.63,08:52:50,2,8,80.08
2026-08-20,Comirnaty,15.3,08:53:20,2,8,80.09
2026-08-20,Comirnaty,13.15,08:53:50,2,8,80.1
2026-08-20,Comirnaty,3.57,08:54:20,2,8,0.0
2026-08-20,Comirnaty,10.89,08:54:50,2,8,80.12
2026-08-20,Comirnaty,5.07,08:55:20,2,8,0.0
2026-08-20,Comirnaty,7.95,08:55:50,2,8,0.0
2026-08-20,Comirnaty,9.96,08:56:20,2,8,80.16
2026-08-20,Comirnaty,6.48,08:56:50,2,8,0.0
2026-08-20,Comirnaty,16.76,08:57:20,2,8,80.18
2026-08-20,Comirnaty,12.65,08:57:50,2,8,80.19
2026-08-20,Comirnaty,9.64,08:58:20,2,8,80.2
2026-08-20,Comirnaty,14.1,08:58:50,2,8,80.21
2026-08-20,Comirnaty,2.99,08:59:20,2,8,0.0
2026-08-20,Comirnaty,5.9,08:59:50,2,8,0.0
2026-08-20,Comirnaty,7.78,09:00:20,2,8,0.0
2026-08-20,Comirnaty,12.44,09:00:50,2,8,80.25
2026-08-20,Comirnaty,6.6,09:01:20,2,8,0.0
2026-08-20,Comirnaty,9.76,09:01:50,2,8,80.28
2026-08-20,Comirnaty,5.59,09:02:20,2,8,0.0
2026-08-20,Comirnaty,10.74,09:02:50,2,8,80.3
2026-08-20,Comirnaty,13.82,09:03:20,2,8,80.31
2026-08-20,Comirnaty,6.39,09:03:50,2,8,0.0
2026-08-20,Comirnaty,11.06,09:04:20,2,8,80.33
2026-08-20,Comirnaty,11.0,09:04:50,2,8,80.34
2026-08-20,Comirnaty,11.07,09:05:20,2,8,80.35
2026-08-20,Comirnaty,6.55,09:05:50,2,8,0.0
2026-08-20,Comirnaty,6.47,09:06:20,2,8,0.0
2026-08-20,Comirnaty,15.33,09:06:50,2,8,80.38
2026-08-20,Comirnaty,17.81,09:07:20,2,8,80.39
2026-08-20,Comirnaty,5.22,09:07:50,2,8,0.0
2026-08-20,Comirnaty,5.36,09:08:20,2,8,0.0
2026-08-20,Comirnaty,3.97,09:08:50,2,8,0.0
2026-08-20,Comirnaty,9.16,09:09:20,2,8,80.44
2026-08-20,Comirnaty,15.11,09:09:50,2,8,80.45
2026-08-20,Comirnaty,13.8,09:10:20,2,8,80.46
2026-08-20,Comirnaty,2.17,09:10:50,2,8,0.0
2026-08-20,Comirnaty,9.96,09:11:20,2,8,80.48
2026-08-20,Comirnaty,3.07,09:11:50,2,8,0.0
2026-08-20,Comirnaty,15.07,09:12:20,2,8,80.5
2026-08-20,Comirnaty,16.35,09:12:50,2,8,80.51
2026-08-20,Comirnaty,14.18,09:13:20,2,8,80.52
2026-08-20,Comirnaty,12.26,09:13:50,2,8,80.54
2026-08-20,Comirnaty,14.67,09:14:20,2,8,80.55
2026-08-20,Comirnaty,3.86,09:14:50,2,8,0.0
2026-08-20,Comirnaty,17.46,09:15:20,2,8,80.57
2026-08-20,Comirnaty,16.42,09:15:50,2,8,80.58
2026-08-20,Comirnaty,16.38,09:16:20,2,8,80.59
2026-08-20,Comirnaty,15.38,09:16:50,2,8,80.6
2026-08-20,Comirnaty,17.15,09:17:20,2,8,80.61
2026-08-20,Comirnaty,4.88,09:17:50,2,8,0.0
2026-08-20,Comirnaty,14.92,09:18:20,2,8,80.63
2026-08-20,Comirnaty,16.49,09:18:50,2,8,80.64
2026-08-20,Comirnaty,13.93,09:19:20,2,8,80.65
2026-08-20,Comirnaty,7.03,09:19:50,2,8,0.0
2026-08-20,Comirnaty,13.4,09:20:20,2,8,80.68
2026-08-20,Comirnaty,10.73,09:20:50,2,8,80.69
2026-08-20,Comirnaty,15.7,09:21:20,2,8,80.7
2026-08-20,Comirnaty,6.64,09:21:50,2,8,0.0
2026-08-20,Comirnaty,2.76,09:22:20,2,8,0.0
2026-08-20,Comirnaty,13.67,09:22:50,2,8,80.73
2026-08-20,Comirnaty,6.81,09:23:20,2,8,0.0
2026-08-20,Comirnaty,6.26,09:23:50,2,8,0.0
2026-08-20,Comirnaty,2.02,09:24:20,2,8,0.0
2026-08-20,Comirnaty,7.36,09:24:50,2,8,0.0
2026-08-20,Comirnaty,13.89,09:25:20,2,8,80.78
2026-08-20,Comirnaty,4.8,09:25:50,2,8,0.0
2026-08-20,Comirnaty,17.08,09:26:20,2,8,80.81
2026-08-20,Comirnaty,10.89,09:26:50,2,8,80.82
2026-08-20,Comirnaty,2.18,09:27:20,2,8,0.0
2026-08-20,Comirnaty,15.65,09:27:50,2,8,80.84
2026-08-20,Comirnaty,13.76,09:28:20,2,8,80.85
2026-08-20,Comirnaty,11.17,09:28:50,2,8,80.86
2026-08-20,Comirnaty,10.98,09:29:20,2,8,80.87
2026-08-20,Comirnaty,9.35,09:29:50,2,8,80.88
2026-08-20,Comirnaty,15.78,09:30:20,2,8,80.89
2026-08-20,Comirnaty,12.03,09:30:50,2,8,80.9
2026-08-20,Comirnaty,11.65,09:31:20,2,8,80.91
2026-08-20,Comirnaty,13.48,09:31:50,2,8,80.92
2026-08-20,Comirnaty,12.58,09:32:20,2,8,80.94
2026-08-20,Comirnaty,16.37,09:32:50,2,8,80.95
2026-08-20,Comirnaty,17.34,09:33:20,2,8,80.96
2026-08-20,Comirnaty,10.09,09:33:50,2,8,80.97
2026-08-20,Comirnaty,13.1,09:34:20,2,8,80.98
2026-08-20,Comirnaty,13.62,09:34:50,2,8,80.99
2026-08-20,Comirnaty,7.02,09:35:20,2,8,0.0
2026-08-20,Comirnaty,11.11,09:35:50,2,8,81.01
2026-08-20,Comirnaty,16.76,09:36:20,2,8,81.02
2026-08-20,Comirnaty,13.4,09:36:50,2,8,81.03
2026-08-20,Comirnaty,4.02,09:37:20,2,8,0.0
2026-08-20,Comirnaty,3.99,09:37:50,2,8,0.0
2026-08-20,Comirnaty,17.25,09:38:20,2,8,81.07
2026-08-20,Comirnaty,9.3,09:38:50,2,8,81.08
2026-08-20,Comirnaty,9.85,09:39:20,2,8,81.09
2026-08-20,Comirnaty,6.05,09:39:50,2,8,0.0
2026-08-20,Comirnaty,6.16,09:40:20,2,8,0.0
2026-08-20,Comirnaty,2.72,09:40:50,2,8,0.0
2026-08-20,Comirnaty,9.65,09:41:20,2,8,81.13
2026-08-20,Comirnaty,16.82,09:41:50,2,8,81.14
2026-08-20,Comirnaty,4.18,09:42:20,2,8,0.0
2026-08-20,Comirnaty,11.84,09:42:50,2,8,81.16
2026-08-20,Comirnaty,17.48,09:43:20,2,8,81.17
2026-08-20,Comirnaty,6.79,09:43:50,2,8,0.0
2026-08-20,Comirnaty,2.88,09:44:20,2,8,0.0
2026-08-20,Comirnaty,12.17,09:44:50,2,8,81.21
2026-08-20,Comirnaty,16.61,09:45:20,2,8,81.22
2026-08-20,Comirnaty,2.45,09:45:50,2,8,0.0
2026-08-20,Comirnaty,6.29,09:46:20,2,8,0.0
2026-08-20,Comirnaty,9.63,09:46:50,2,8,81.25
2026-08-20,Comirnaty,12.74,09:47:20,2,8,81.26
2026-08-20,Comirnaty,9.49,09:47:50,2,8,81.27
2026-08-20,Comirnaty,10.95,09:48:20,2,8,81.28
2026-08-20,Comirnaty,13.2,09:48:50,2,8,81.29
2026-08-20,Comirnaty,5.55,09:49:20,2,8,0.0
2026-08-20,Comirnaty,11.75,09:49:50,2,8,81.31
2026-08-20,Comirnaty,11.27,09:50:20,2,8,81.33
2026-08-20,Comirnaty,9.5,09:50:50,2,8,81.34
2026-08-20,Comirnaty,11.44,09:51:20,2,8,81.35
2026-08-20,Comirnaty,12.71,09:51:50,2,8,81.36
2026-08-20,Comirnaty,13.46,09:52:20,2,8,81.37
2026-08-20,Comirnaty,17.78,09:52:50,2,8,81.38
2026-08-20,Comirnaty,4.72,09:53:20,2,8,0.0
2026-08-20,Comirnaty,4.99,09:53:50,2,8,0.0
2026-08-20,Comirnaty,13.03,09:54:20,2,8,81.41
2026-08-20,Comirnaty,4.04,09:54:50,2,8,0.0
2026-08-20,Comirnaty,12.22,09:55:20,2,8,81.43
2026-08-20,Comirnaty,4.22,09:55:50,2,8,0.0
2026-08-20,Comirnaty,16.9,09:56:20,2,8,81.46
2026-08-20,Comirnaty,4.79,09:56:50,2,8,0.0
2026-08-20,Comirnaty,2.03,09:57:20,2,8,0.0
2026-08-20,Comirnaty,9.49,09:57:50,2,8,81.49
2026-08-20,Comirnaty,7.02,09:58:20,2,8,0.0
2026-08-20,Comirnaty,5.24,09:58:50,2,8,0.0
2026-08-20,Comirnaty,9.34,09:59:20,2,8,81.52
2026-08-20,Comirnaty,12.98,09:59:50,2,8,81.53
2026-08-20,Comirnaty,16.91,10:00:20,2,8,81.54
2026-08-20,Comirnaty,7.52,10:00:50,2,8,0.0
2026-08-20,Comirnaty,17.23,10:01:20,2,8,81.56
2026-08-20,Comirnaty,13.73,10:01:50,2,8,81.58
2026-08-20,Comirnaty,6.74,10:02:20,2,8,0.0
2026-08-20,Comirnaty,6.07,10:02:50,2,8,0.0
2026-08-20,Comirnaty,14.99,10:03:20,2,8,81.61
2026-08-20,Comirnaty,14.07,10:03:50,2,8,81.62
2026-08-20,Comirnaty,13.32,10:04:20,2,8,81.63
2026-08-20,Comirnaty,9.14,10:04:50,2,8,81.64
2026-08-20,Comirnaty,13.81,10:05:20,2,8,81.65
2026-08-20,Comirnaty,3.39,10:05:50,2,8,0.0
2026-08-20,Comirnaty,3.79,10:06:20,2,8,0.0
2026-08-20,Comirnaty,3.07,10:06:50,2,8,0.0
2026-08-20,Comirnaty,11.76,10:07:20,2,8,81.69
2026-08-20,Comirnaty,5.61,10:07:50,2,8,0.0
2026-08-20,Comirnaty,3.28,10:08:20,2,8,0.0
2026-08-20,Comirnaty,10.37,10:08:50,2,8,81.73
2026-08-20,Comirnaty,9.67,10:09:20,2,8,81.74
2026-08-20,Comirnaty,17.48,10:09:50,2,8,81.75
2026-08-20,Comirnaty,13.15,10:10:20,2,8,81.76
2026-08-20,Comirnaty,15.28,10:10:50,2,8,81.77
2026-08-20,Comirnaty,11.71,10:11:20,2,8,81.78
2026-08-20,Comirnaty,10.32,10:11:50,2,8,81.79
2026-08-20,Comirnaty,11.57,10:12:20,2,8,81.8
2026-08-20,Comirnaty,9.34,10:12:50,2,8,81.81
2026-08-20,Comirnaty,14.71,10:13:20,2,8,81.82
2026-08-20,Comirnaty,6.94,10:13:50,2,8,0.0
2026-08-20,Comirnaty,5.63,10:14:20,2,8,0.0
2026-08-20,Comirnaty,15.77,10:14:50,2,8,81.86
2026-08-20,Comirnaty,13.23,10:15:20,2,8,81.87
2026-08-20,Comirnaty,5.94,10:15:50,2,8,0.0
2026-08-20,Comirnaty,3.92,10:16:20,2,8,0.0
2026-08-20,Comirnaty,7.6,10:16:50,2,8,0.0
2026-08-20,Comirnaty,17.91,10:17:20,2,8,81.91
2026-08-20,Comirnaty,4.78,10:17:50,2,8,0.0
2026-08-20,Comirnaty,9.61,10:18:20,2,8,81.93
2026-08-20,Comirnaty,12.23,10:18:50,2,8,81.94
2026-08-20,Comirnaty,2.38,10:19:20,2,8,0.0
2026-08-20,Comirnaty,6.63,10:19:50,2,8,0.0
2026-08-20,Comirnaty,6.78,10:20:20,2,8,0.0
2026-08-20,Comirnaty,2.56,10:20:50,2,8,0.0
2026-08-20,Comirnaty,9.66,10:21:20,2,8,82.0
2026-08-20,Comirnaty,9.37,10:21:50,2,8,82.01
2026-08-20,Comirnaty,11.43,10:22:20,2,8,82.02
2026-08-20,Comirnaty,5.2,10:22:50,2,8,0.0
2026-08-20,Comirnaty,6.43,10:23:20,2,8,0.0
2026-08-20,Comirnaty,13.74,10:23:50,2,8,82.05
2026-08-20,Comirnaty,3.86,10:24:20,2,8,0.0
2026-08-20,Comirnaty,2.01,10:24:50,2,8,0.0
2026-08-20,Comirnaty,10.61,10:25:20,2,8,82.08
2026-08-20,Comirnaty,13.08,10:25:50,2,8,82.09
2026-08-20,Comirnaty,2.82,10:26:20,2,8,0.0
2026-08-20,Comirnaty,9.36,10:26:50,2,8,82.12
2026-08-20,Comirnaty,7.93,10:27:20,2,8,0.0
2026-08-20,Comirnaty,16.64,10:27:50,2,8,82.14
2026-08-20,Comirnaty,5.01,10:28:20,2,8,0.0
2026-08-20,Comirnaty,5.57,10:28:50,2,8,0.0
2026-08-20,Comirnaty,16.36,10:29:20,2,8,82.17
2026-08-20,Comirnaty,17.98,10:29:50,2,8,82.18
2026-08-20,Comirnaty,5.26,10:30:20,2,8,0.0
2026-08-20,Comirnaty,5.26,10:30:50,2,8,0.0
2026-08-20,Comirnaty,14.62,10:31:20,2,8,82.21
2026-08-20,Comirnaty,17.21,10:31:50,2,8,82.23
2026-08-20,Comirnaty,13.08,10:32:20,2,8,82.24
2026-08-20,Comirnaty,3.57,10:32:50,2,8,0.0
2026-08-20,Comirnaty,4.91,10:33:20,2,8,0.0
2026-08-20,Comirnaty,5.15,10:33:50,2,8,0.0
2026-08-20,Comirnaty,4.4,10:34:20,2,8,0.0
2026-08-20,Comirnaty,3.2,10:34:50,2,8,0.0
2026-08-20,Comirnaty,5.32,10:35:20,2,8,0.0
2026-08-20,Comirnaty,4.54,10:35:50,2,8,0.0
2026-08-20,Comirnaty,15.6,10:36:20,2,8,82.32
2026-08-20,Comirnaty,6.56,10:36:50,2,8,0.0
2026-08-20,Comirnaty,3.63,10:37:20,2,8,0.0
2026-08-20,Comirnaty,12.96,10:37:50,2,8,82.36
2026-08-20,Comirnaty,2.03,10:38:20,2,8,0.0
2026-08-20,Comirnaty,9.16,10:38:50,2,8,82.38
2026-08-20,Comirnaty,5.3,10:39:20,2,8,0.0
2026-08-20,Comirnaty,11.43,10:39:50,2,8,82.4
2026-08-20,Comirnaty,10.22,10:40:20,2,8,82.41
2026-08-20,Comirnaty,11.08,10:40:50,2,8,82.42
2026-08-20,Comirnaty,17.62,10:41:20,2,8,82.43
2026-08-20,Comirnaty,16.98,10:41:50,2,8,82.44
2026-08-20,Comirnaty,7.19,10:42:20,2,8,0.0
2026-08-20,Comirnaty,3.79,10:42:50,2,8,0.0
2026-08-20,Comirnaty,15.12,10:43:20,2,8,82.47
2026-08-20,Comirnaty,17.8,10:43:50,2,8,82.48
2026-08-20,Comirnaty,10.76,10:44:20,2,8,82.5
2026-08-20,Comirnaty,15.3,10:44:50,2,8,82.51
2026-08-20,Comirnaty,13.13,10:45:20,2,8,82.52
2026-08-20,Comirnaty,17.2,10:45:50,2,8,82.53
2026-08-20,Comirnaty,16.74,10:46:20,2,8,82.54
2026-08-20,Comirnaty,6.59,10:46:50,2,8,0.0
2026-08-20,Comirnaty,4.77,10:47:20,2,8,0.0
2026-08-20,Comirnaty,6.09,10:47:50,2,8,0.0
2026-08-20,Comirnaty,13.5,10:48:20,2,8,82.58
2026-08-20,Comirnaty,6.11,10:48:50,2,8,0.0
2026-08-20,Comirnaty,17.41,10:49:20,2,8,82.6
2026-08-20,Comirnaty,12.4,10:49:50,2,8,82.61
2026-08-20,Comirnaty,3.39,10:50:20,2,8,0.0
2026-08-20,Comirnaty,7.27,10:50:50,2,8,0.0
2026-08-20,Comirnaty,14.39,10:51:20,2,8,82.65
2026-08-20,Comirnaty,13.1,10:51:50,2,8,82.66
2026-08-20,Comirnaty,5.77,10:52:20,2,8,0.0
2026-08-20,Comirnaty,3.03,10:52:50,2,8,0.0
2026-08-20,Comirnaty,4.4,10:53:20,2,8,0.0
2026-08-20,Comirnaty,5.19,10:53:50,2,8,0.0
2026-08-20,Comirnaty,15.97,10:54:20,2,8,82.71
2026-08-20,Comirnaty,15.33,10:54:50,2,8,82.72
2026-08-20,Comirnaty,9.18,10:55:20,2,8,82.73
2026-08-20,Comirnaty,4.77,10:55:50,2,8,0.0
2026-08-20,Comirnaty,9.33,10:56:20,2,8,82.76
2026-08-20,Comirnaty,4.34,10:56:50,2,8,0.0
2026-08-20,Comirnaty,6.1,10:57:20,2,8,0.0
2026-08-20,Comirnaty,3.32,10:57:50,2,8,0.0
2026-08-20,Comirnaty,2.47,10:58:20,2,8,0.0
2026-08-20,Comirnaty,6.84,10:58:50,2,8,0.0
2026-08-20,Comirnaty,9.08,10:59:20,2,8,82.82
2026-08-20,Comirnaty,17.26,10:59:50,2,8,82.83
2026-08-20,Comirnaty,13.43,11:00:20,2,8,82.84
2026-08-20,Comirnaty,12.86,11:00:50,2,8,82.85
2026-08-20,Comirnaty,5.5,11:01:20,2,8,0.0
2026-08-20,Comirnaty,2.78,11:01:50,2,8,0.0
2026-08-20,Comirnaty,9.05,11:02:20,2,8,82.89
2026-08-20,Comirnaty,13.14,11:02:50,2,8,82.9
2026-08-20,Comirnaty,5.1,11:03:20,2,8,0.0
2026-08-20,Comirnaty,14.09,11:03:50,2,8,82.92
2026-08-20,Comirnaty,4.79,11:04:20,2,8,0.0
2026-08-20,Comirnaty,2.26,11:04:50,2,8,0.0
2026-08-20,Comirnaty,5.01,11:05:20,2,8,0.0
2026-08-20,Comirnaty,14.45,11:05:50,2,8,82.96
2026-08-20,Comirnaty,6.88,11:06:20,2,8,0.0
2026-08-20,Comirnaty,5.34,11:06:50,2,8,0.0
2026-08-20,Comirnaty,11.55,11:07:20,2,8,82.99
2026-08-20,Comirnaty,17.48,11:07:50,2,8,83.01
2026-08-20,Comirnaty,10.47,11:08:20,2,8,83.02
2026-08-20,Comirnaty,16.99,11:08:50,2,8,83.03
2026-08-20,Comirnaty,2.3,11:09:20,2,8,0.0
2026-08-20,Comirnaty,15.2,11:09:50,2,8,83.05
2026-08-20,Comirnaty,9.46,11:10:20,2,8,83.06
2026-08-20,Comirnaty,14.48,11:10:50,2,8,83.07
2026-08-20,Comirnaty,14.55,11:11:20,2,8,83.08
2026-08-20,Comirnaty,6.57,11:11:50,2,8,0.0
2026-08-20,Comirnaty,6.25,11:12:20,2,8,0.0
2026-08-20,Comirnaty,11.4,11:12:50,2,8,83.11
2026-08-20,Comirnaty,15.44,11:13:20,2,8,83.12
2026-08-20,Comirnaty,2.33,11:13:50,2,8,0.0
2026-08-20,Comirnaty,6.64,11:14:20,2,8,0.0
2026-08-20,Comirnaty,4.45,11:14:50,2,8,0.0
2026-08-20,Comirnaty,7.29,11:15:20,2,8,0.0
2026-08-20,Comirnaty,11.74,11:15:50,2,8,83.18
2026-08-20,Comirnaty,13.33,11:16:20,2,8,83.19
2026-08-20,Comirnaty,15.02,11:16:50,2,8,83.2
2026-08-20,Comirnaty,4.1,11:17:20,2,8,0.0
2026-08-20,Comirnaty,2.12,11:17:50,2,8,0.0
2026-08-20,Comirnaty,13.42,11:18:20,2,8,83.23
2026-08-20,Comirnaty,3.29,11:18:50,2,8,0.0
2026-08-20,Comirnaty,2.24,11:19:20,2,8,0.0
2026-08-20,Comirnaty,5.77,11:19:50,2,8,0.0
2026-08-20,Comirnaty,14.73,11:20:20,2,8,83.28
2026-08-20,Comirnaty,14.53,11:20:50,2,8,83.29
2026-08-20,Comirnaty,10.3,11:21:20,2,8,83.3
2026-08-20,Comirnaty,10.62,11:21:50,2,8,83.31
2026-08-20,Comirnaty,15.73,11:22:20,2,8,83.32
2026-08-20,Comirnaty,16.74,11:22:50,2,8,83.33
2026-08-20,Comirnaty,5.68,11:23:20,2,8,0.0
2026-08-20,Comirnaty,17.79,11:23:50,2,8,83.35
2026-08-20,Comirnaty,2.08,11:24:20,2,8,0.0
2026-08-20,Comirnaty,7.6,11:24:50,2,8,0.0
2026-08-20,Comirnaty,15.87,11:25:20,2,8,83.38
2026-08-20,Comirnaty,3.26,11:25:50,2,8,0.0
2026-08-20,Comirnaty,7.14,11:26:20,2,8,0.0
2026-08-20,Comirnaty,12.79,11:26:50,2,8,83.42
2026-08-20,Comirnaty,7.3,11:27:20,2,8,0.0
2026-08-20,Comirnaty,16.85,11:27:50,2,8,83.44
2026-08-20,Comirnaty,11.05,11:28:20,2,8,83.45
2026-08-20,Comirnaty,10.44,11:28:50,2,8,83.46
2026-08-20,Comirnaty,2.16,11:29:20,2,8,0.0
2026-08-20,Comirnaty,14.64,11:29:50,2,8,83.48
2026-08-20,Comirnaty,6.03,11:30:20,2,8,0.0
2026-08-20,Comirnaty,12.88,11:30:50,2,8,83.5
2026-08-20,Comirnaty,16.72,11:31:20,2,8,83.51
2026-08-20,Comirnaty,12.44,11:31:50,2,8,83.53
2026-08-20,Comirnaty,13.09,11:32:20,2,8,83.54
2026-08-20,Comirnaty,15.37,11:32:50,2,8,83.55
2026-08-20,Comirnaty,17.97,11:33:20,2,8,83.56
2026-08-20,Comirnaty,17.8,11:33:50,2,8,83.57
2026-08-20,Comirnaty,11.09,11:34:20,2,8,83.58
2026-08-20,Comirnaty,7.36,11:34:50,2,8,0.0
2026-08-20,Comirnaty,13.6,11:35:20,2,8,83.6
2026-08-20,Comirnaty,13.94,11:35:50,2,8,83.61
2026-08-20,Comirnaty,16.55,11:36:20,2,8,83.62
2026-08-20,Comirnaty,9.62,11:36:50,2,8,83.63
2026-08-20,Comirnaty,15.49,11:37:20,2,8,83.64
2026-08-20,Comirnaty,5.39,11:37:50,2,8,0.0
2026-08-20,Comirnaty,5.34,11:38:20,2,8,0.0
2026-08-20,Comirnaty,15.24,11:38:50,2,8,83.68
2026-08-20,Comirnaty,16.8,11:39:20,2,8,83.69
2026-08-20,Comirnaty,5.73,11:39:50,2,8,0.0
2026-08-20,Comirnaty,12.14,11:40:20,2,8,83.71
2026-08-20,Comirnaty,14.9,11:40:50,2,8,83.72
2026-08-20,Comirnaty,15.47,11:41:20,2,8,83.73
2026-08-20,Comirnaty,17.22,11:41:50,2,8,83.74
2026-08-20,Comirnaty,5.06,11:42:20,2,8,0.0
2026-08-20,Comirnaty,12.25,11:42:50,2,8,83.76
2026-08-20,Comirnaty,4.09,11:43:20,2,8,0.0
2026-08-20,Comirnaty,2.35,11:43:50,2,8,0.0
2026-08-20,Comirnaty,15.07,11:44:20,2,8,83.8
2026-08-20,Comirnaty,3.62,11:44:50,2,8,0.0
2026-08-20,Comirnaty,10.44,11:45:20,2,8,83.82
2026-08-20,Comirnaty,2.35,11:45:50,2,8,0.0
2026-08-20,Comirnaty,5.08,11:46:20,2,8,0.0
2026-08-20,Comirnaty,12.47,11:46:50,2,8,83.85
2026-08-20,Comirnaty,10.58,11:47:20,2,8,83.86
2026-08-20,Comirnaty,12.69,11:47:50,2,8,83.87
2026-08-20,Comirnaty,3.53,11:48:20,2,8,0.0
2026-08-20,Comirnaty,10.88,11:48:50,2,8,83.89
2026-08-20,Comirnaty,10.97,11:49:20,2,8,83.9
2026-08-20,Comirnaty,4.3,11:49:50,2,8,0.0
2026-08-20,Comirnaty,4.36,11:50:20,2,8,0.0
2026-08-20,Comirnaty,6.56,11:50:50,2,8,0.0
2026-08-20,Comirnaty,7.55,11:51:20,2,8,0.0
2026-08-20,Comirnaty,13.23,11:51:50,2,8,83.96
2026-08-20,Comirnaty,15.34,11:52:20,2,8,83.97
2026-08-20,Comirnaty,12.29,11:52:50,2,8,83.98
2026-08-20,Comirnaty,5.38,11:53:20,2,8,0.0
2026-08-20,Comirnaty,11.99,11:53:50,2,8,84.0
2026-08-20,Comirnaty,4.75,11:54:20,2,8,0.0
2026-08-20,Comirnaty,12.05,11:54:50,2,8,84.02
2026-08-20,Comirnaty,14.23,11:55:20,2,8,84.03
2026-08-20,Comirnaty,15.48,11:55:50,2,8,84.05
2026-08-20,Comirnaty,14.82,11:56:20,2,8,84.06
2026-08-20,Comirnaty,13.99,11:56:50,2,8,84.07
2026-08-20,Comirnaty,7.96,11:57:20,2,8,0.0
2026-08-20,Comirnaty,6.54,11:57:50,2,8,0.0
2026-08-20,Comirnaty,9.04,11:58:20,2,8,84.1
2026-08-20,Comirnaty,3.84,11:58:50,2,8,0.0
2026-08-20,Comirnaty,14.37,11:59:20,2,8,84.12
2026-08-20,Comirnaty,3.21,11:59:50,2,8,0.0
2026-08-20,Comirnaty,16.3,12:00:20,2,8,84.14
2026-08-20,Comirnaty,4.81,12:00:50,2,8,0.0
2026-08-20,Comirnaty,12.22,12:01:20,2,8,84.16
2026-08-20,Comirnaty,2.95,12:01:50,2,8,0.0
2026-08-20,Comirnaty,3.99,12:02:20,2,8,0.0
2026-08-20,Comirnaty,2.03,12:02:50,2,8,0.0
2026-08-20,Comirnaty,17.73,12:03:20,2,8,84.21
2026-08-20,Comirnaty,10.21,12:03:50,2,8,84.22
2026-08-20,Comirnaty,9.39,12:04:20,2,8,84.23
2026-08-20,Comirnaty,12.01,12:04:50,2,8,84.24
2026-08-20,Comirnaty,17.15,12:05:20,2,8,84.25
2026-08-20,Comirnaty,10.09,12:05:50,2,8,84.26
2026-08-20,Comirnaty,7.74,12:06:20,2,8,0.0
2026-08-20,Comirnaty,9.03,12:06:50,2,8,84.28
2026-08-20,Comirnaty,10.98,12:07:20,2,8,84.29
2026-08-20,Comirnaty,5.3,12:07:50,2,8,0.0
2026-08-20,Comirnaty,2.56,12:08:20,2,8,0.0
2026-08-20,Comirnaty,16.4,12:08:50,2,8,84.33
2026-08-20,Comirnaty,6.08,12:09:20,2,8,0.0
2026-08-20,Comirnaty,14.46,12:09:50,2,8,84.35
2026-08-20,Comirnaty,16.51,12:10:20,2,8,84.36
2026-08-20,Comirnaty,12.14,12:10:50,2,8,84.37
2026-08-20,Comirnaty,13.91,12:11:20,2,8,84.38
2026-08-20,Comirnaty,5.28,12:11:50,2,8,0.0
2026-08-20,Comirnaty,15.58,12:12:20,2,8,84.4
2026-08-20,Comirnaty,17.69,12:12:50,2,8,84.41
2026-08-20,Comirnaty,5.18,12:13:20,2,8,0.0
2026-08-20,Comirnaty,13.78,12:13:50,2,8,84.44
2026-08-20,Comirnaty,10.24,12:14:20,2,8,84.45
2026-08-20,Comirnaty,4.74,12:14:50,2,8,0.0
2026-08-20,Comirnaty,10.23,12:15:20,2,8,84.47
2026-08-20,Comirnaty,7.4,12:15:50,2,8,0.0
2026-08-20,Comirnaty,17.73,12:16:20,2,8,84.49
2026-08-20,Comirnaty,17.58,12:16:50,2,8,84.5
2026-08-20,Comirnaty,6.85,12:17:20,2,8,0.0
2026-08-20,Comirnaty,11.37,12:17:50,2,8,84.52
2026-08-20,Comirnaty,7.89,12:18:20,2,8,0.0
2026-08-20,Comirnaty,5.02,12:18:50,2,8,0.0
2026-08-20,Comirnaty,6.18,12:19:20,2,8,0.0
2026-08-20,Comirnaty,2.5,12:19:50,2,8,0.0
2026-08-20,Comirnaty,12.03,12:20:20,2,8,84.58
2026-08-20,Comirnaty,14.74,12:20:50,2,8,84.59
2026-08-20,Comirnaty,10.61,12:21:20,2,8,84.6
2026-08-20,Comirnaty,13.89,12:21:50,2,8,84.61
2026-08-20,Comirnaty,15.2,12:22:20,2,8,84.62
2026-08-20,Comirnaty,15.82,12:22:50,2,8,84.63
2026-08-20,Comirnaty,14.86,12:23:20,2,8,84.64
2026-08-20,Comirnaty,9.02,12:23:50,2,8,84.65
2026-08-20,Comirnaty,4.23,12:24:20,2,8,0.0
2026-08-20,Comirnaty,7.77,12:24:50,2,8,0.0
2026-08-20,Comirnaty,11.71,12:25:20,2,8,84.68
2026-08-20,Comirnaty,12.36,12:25:50,2,8,84.7
2026-08-20,Comirnaty,4.79,12:26:20,2,8,0.0
2026-08-20,Comirnaty,10.48,12:26:50,2,8,84.72
2026-08-20,Comirnaty,13.39,12:27:20,2,8,84.73
2026-08-20,Comirnaty,16.07,12:27:50,2,8,84.74
2026-08-20,Comirnaty,15.71,12:28:20,2,8,84.75
2026-08-20,Comirnaty,15.64,12:28:50,2,8,84.76
2026-08-20,Comirnaty,12.79,12:29:20,2,8,84.77
2026-08-20,Comirnaty,5.91,12:29:50,2,8,0.0
2026-08-20,Comirnaty,7.25,12:30:20,2,8,0.0
2026-08-20,Comirnaty,15.62,12:30:50,2,8,84.8
2026-08-20,Comirnaty,13.45,12:31:20,2,8,84.81
2026-08-20,Comirnaty,4.91,12:31:50,2,8,0.0
2026-08-20,Comirnaty,10.17,12:32:20,2,8,84.84
2026-08-20,Comirnaty,7.49,12:32:50,2,8,0.0
2026-08-20,Comirnaty,7.15,12:33:20,2,8,0.0
2026-08-20,Comirnaty,6.19,12:33:50,2,8,0.0
2026-08-20,Comirnaty,4.67,12:34:20,2,8,0.0
2026-08-20,Comirnaty,17.35,12:34:50,2,8,84.89
2026-08-20,Comirnaty,13.1,12:35:20,2,8,84.9
2026-08-20,Comirnaty,2.62,12:35:50,2,8,0.0
2026-08-20,Comirnaty,3.35,12:36:20,2,8,0.0
2026-08-20,Comirnaty,11.18,12:36:50,2,8,84.93
2026-08-20,Comirnaty,9.72,12:37:20,2,8,84.94
2026-08-20,Comirnaty,5.27,12:37:50,2,8,0.0
2026-08-20,Comirnaty,10.71,12:38:20,2,8,84.97
2026-08-20,Comirnaty,2.46,12:38:50,2,8,0.0
2026-08-20,Comirnaty,6.56,12:39:20,2,8,0.0
2026-08-20,Comirnaty,11.87,12:39:50,2,8,85.0
2026-08-20,Comirnaty,10.06,12:40:20,2,8,85.01
2026-08-20,Comirnaty,4.53,12:40:50,2,8,0.0
2026-08-20,Comirnaty,17.95,12:41:20,2,8,85.03
2026-08-20,Comirnaty,15.07,12:41:50,2,8,85.04
2026-08-20,Comirnaty,15.1,12:42:20,2,8,85.05
2026-08-20,Comirnaty,6.77,12:42:50,2,8,0.0
2026-08-20,Comirnaty,3.99,12:43:20,2,8,0.0
2026-08-20,Comirnaty,11.62,12:43:50,2,8,85.09
2026-08-20,Comirnaty,4.77,12:44:20,2,8,0.0
2026-08-20,Comirnaty,6.24,12:44:50,2,8,0.0
2026-08-20,Comirnaty,5.23,12:45:20,2,8,0.0
2026-08-20,Comirnaty,5.5,12:45:50,2,8,0.0
2026-08-20,Comirnaty,9.47,12:46:20,2,8,85.14
2026-08-20,Comirnaty,17.79,12:46:50,2,8,85.15
2026-08-20,Comirnaty,3.76,12:47:20,2,8,0.0
2026-08-20,Comirnaty,6.93,12:47:50,2,8,0.0
2026-08-20,Comirnaty,2.54,12:48:20,2,8,0.0
2026-08-20,Comirnaty,10.6,12:48:50,2,8,85.19
2026-08-20,Comirnaty,6.64,12:49:20,2,8,0.0
2026-08-20,Comirnaty,2.31,12:49:50,2,8,0.0
2026-08-20,Comirnaty,13.44,12:50:20,2,8,85.23
2026-08-20,Comirnaty,9.52,12:50:50,2,8,85.24
2026-08-20,Comirnaty,13.49,12:51:20,2,8,85.25
2026-08-20,Comirnaty,9.11,12:51:50,2,8,85.26
2026-08-20,Comirnaty,3.51,12:52:20,2,8,0.0
2026-08-20,Comirnaty,11.79,12:52:50,2,8,85.28
2026-08-20,Comirnaty,6.24,12:53:20,2,8,0.0
2026-08-20,Comirnaty,2.89,12:53:50,2,8,0.0
2026-08-20,Comirnaty,17.01,12:54:20,2,8,85.31
2026-08-20,Comirnaty,3.1,12:54:50,2,8,0.0
2026-08-20,Comirnaty,6.52,12:55:20,2,8,0.0
2026-08-20,Comirnaty,11.27,12:55:50,2,8,85.35
2026-08-20,Comirnaty,2.22,12:56:20,2,8,0.0
2026-08-20,Comirnaty,7.35,12:56:50,2,8,0.0
2026-08-20,Comirnaty,2.53,12:57:20,2,8,0.0
2026-08-20,Comirnaty,12.4,12:57:50,2,8,85.39
2026-08-20,Comirnaty,3.26,12:58:20,2,8,0.0
2026-08-20,Comirnaty,5.27,12:58:50,2,8,0.0
2026-08-20,Comirnaty,17.66,12:59:20,2,8,85.42
2026-08-20,Comirnaty,7.04,12:59:50,2,8,0.0
2026-08-20,Comirnaty,9.98,13:00:20,2,8,85.44
2026-08-20,Comirnaty,3.49,13:00:50,2,8,0.0
2026-08-20,Comirnaty,2.38,13:01:20,2,8,0.0
2026-08-20,Comirnaty,15.4,13:01:50,2,8,85.48
2026-08-20,Comirnaty,4.67,13:02:20,2,8,0.0
2026-08-20,Comirnaty,6.48,13:02:50,2,8,0.0
2026-08-20,Comirnaty,14.08,13:03:20,2,8,85.51
2026-08-20,Comirnaty,12.66,13:03:50,2,8,85.52
2026-08-20,Comirnaty,6.66,13:04:20,2,8,0.0
2026-08-20,Comirnaty,15.18,13:04:50,2,8,85.54
2026-08-20,Comirnaty,15.93,13:05:20,2,8,85.55
2026-08-20,Comirnaty,11.75,13:05:50,2,8,85.56
2026-08-20,Comirnaty,4.95,13:06:20,2,8,0.0
2026-08-20,Comirnaty,6.63,13:06:50,2,8,0.0
2026-08-20,Comirnaty,14.71,13:07:20,2,8,85.59
2026-08-20,Comirnaty,3.43,13:07:50,2,8,0.0
2026-08-20,Comirnaty,2.96,13:08:20,2,8,0.0
2026-08-20,Comirnaty,5.74,13:08:50,2,8,0.0
2026-08-20,Comirnaty,12.35,13:09:20,2,8,85.64
2026-08-20,Comirnaty,12.9,13:09:50,2,8,85.65
2026-08-20,Comirnaty,7.0,13:10:20,2,8,0.0
2026-08-20,Comirnaty,9.49,13:10:50,2,8,85.67
2026-08-20,Comirnaty,7.13,13:11:20,2,8,0.0
2026-08-20,Comirnaty,5.5,13:11:50,2,8,0.0
2026-08-20,Comirnaty,17.42,13:12:20,2,8,85.7
2026-08-20,Comirnaty,16.71,13:12:50,2,8,85.71
2026-08-20,Comirnaty,5.98,13:13:20,2,8,0.0
2026-08-20,Comirnaty,10.19,13:13:50,2,8,85.74
2026-08-20,Comirnaty,6.48,13:14:20,2,8,0.0
2026-08-20,Comirnaty,9.78,13:14:50,2,8,85.76
2026-08-20,Comirnaty,15.82,13:15:20,2,8,85.77
2026-08-20,Comirnaty,4.73,13:15:50,2,8,0.0
2026-08-20,Comirnaty,10.68,13:16:20,2,8,85.79
2026-08-20,Comirnaty,11.49,13:16:50,2,8,85.8
2026-08-20,Comirnaty,16.49,13:17:20,2,8,85.81
2026-08-20,Comirnaty,7.82,13:17:50,2,8,0.0
2026-08-20,Comirnaty,6.46,13:18:20,2,8,0.0
2026-08-20,Comirnaty,13.15,13:18:50,2,8,85.84
2026-08-20,Comirnaty,17.8,13:19:20,2,8,85.85
2026-08-20,Comirnaty,9.36,13:19:50,2,8,85.86
2026-08-20,Comirnaty,2.84,13:20:20,2,8,0.0
2026-08-20,Comirnaty,10.38,13:20:50,2,8,85.89
2026-08-20,Comirnaty,9.85,13:21:20,2,8,85.9
2026-08-20,Comirnaty,10.93,13:21:50,2,8,85.91
2026-08-20,Comirnaty,6.62,13:22:20,2,8,0.0
2026-08-20,Comirnaty,3.78,13:22:50,2,8,0.0
2026-08-20,Comirnaty,15.55,13:23:20,2,8,85.94
2026-08-20,Comirnaty,10.74,13:23:50,2,8,85.95
2026-08-20,Comirnaty,12.95,13:24:20,2,8,85.96
2026-08-20,Comirnaty,5.0,13:24:50,2,8,0.0
2026-08-20,Comirnaty,14.76,13:25:20,2,8,85.98
2026-08-20,Comirnaty,5.02,13:25:50,2,8,0.0
2026-08-20,Comirnaty,6.99,13:26:20,2,8,0.0
2026-08-20,Comirnaty,9.19,13:26:50,2,8,86.02
2026-08-20,Comirnaty,9.36,13:27:20,2,8,86.03
2026-08-20,Comirnaty,17.64,13:27:50,2,8,86.04
2026-08-20,Comirnaty,14.05,13:28:20,2,8,86.05
2026-08-20,Comirnaty,13.11,13:28:50,2,8,86.06
2026-08-20,Comirnaty,9.67,13:29:20,2,8,86.07
2026-08-20,Comirnaty,15.4,13:29:50,2,8,86.08
2026-08-20,Comirnaty,15.75,13:30:20,2,8,86.09
2026-08-20,Comirnaty,10.53,13:30:50,2,8,86.1
2026-08-20,Comirnaty,15.76,13:31:20,2,8,86.11
2026-08-20,Comirnaty,4.88,13:31:50,2,8,0.0
2026-08-20,Comirnaty,17.9,13:32:20,2,8,86.14
2026-08-20,Comirnaty,5.67,13:32:50,2,8,0.0
2026-08-20,Comirnaty,10.59,13:33:20,2,8,86.16
2026-08-20,Comirnaty,9.16,13:33:50,2,8,86.17
2026-08-20,Comirnaty,4.48,13:34:20,2,8,0.0
2026-08-20,Comirnaty,12.2,13:34:50,2,8,86.19
2026-08-20,Comirnaty,11.93,13:35:20,2,8,86.2
2026-08-20,Comirnaty,5.91,13:35:50,2,8,0.0
2026-08-20,Comirnaty,11.98,13:36:20,2,8,86.22
2026-08-20,Comirnaty,12.95,13:36:50,2,8,86.23
2026-08-20,Comirnaty,5.27,13:37:20,2,8,0.0
2026-08-20,Comirnaty,13.04,13:37:50,2,8,86.25
2026-08-20,Comirnaty,16.87,13:38:20,2,8,86.27
2026-08-20,Comirnaty,11.26,13:38:50,2,8,86.28
2026-08-20,Comirnaty,17.74,13:39:20,2,8,86.29
2026-08-20,Comirnaty,16.63,13:39:50,2,8,86.3
2026-08-20,Comirnaty,13.96,13:40:20,2,8,86.31
2026-08-20,Comirnaty,13.28,13:40:50,2,8,86.32
2026-08-20,Comirnaty,11.18,13:41:20,2,8,86.33
2026-08-20,Comirnaty,10.6,13:41:50,2,8,86.34
2026-08-20,Comirnaty,4.28,13:42:20,2,8,0.0
2026-08-20,Comirnaty,12.37,13:42:50,2,8,86.36
2026-08-20,Comirnaty,2.35,13:43:20,2,8,0.0
2026-08-20,Comirnaty,11.91,13:43:50,2,8,86.39
2026-08-20,Comirnaty,6.3,13:44:20,2,8,0.0
2026-08-20,Comirnaty,16.11,13:44:50,2,8,86.41
2026-08-20,Comirnaty,2.98,13:45:20,2,8,0.0
2026-08-20,Comirnaty,14.55,13:45:50,2,8,86.43
2026-08-20,Comirnaty,14.08,13:46:20,2,8,86.44
2026-08-20,Comirnaty,5.24,13:46:50,2,8,0.0
2026-08-20,Comirnaty,11.78,13:47:20,2,8,86.46
2026-08-20,Comirnaty,9.38,13:47:50,2,8,86.47
2026-08-20,Comirnaty,10.13,13:48:20,2,8,86.48
2026-08-20,Comirnaty,2.1,13:48:50,2,8,0.0
2026-08-20,Comirnaty,14.41,13:49:20,2,8,86.5
2026-08-20,Comirnaty,6.53,13:49:50,2,8,0.0
2026-08-20,Comirnaty,11.88,13:50:20,2,8,86.53
2026-08-20,Comirnaty,14.85,13:50:50,2,8,86.54
2026-08-20,Comirnaty,2.71,13:51:20,2,8,0.0
2026-08-20,Comirnaty,6.77,13:51:50,2,8,0.0
2026-08-20,Comirnaty,14.22,13:52:20,2,8,86.57
2026-08-20,Comirnaty,6.28,13:52:50,2,8,0.0
2026-08-20,Comirnaty,2.87,13:53:20,2,8,0.0
2026-08-20,Comirnaty,16.79,13:53:50,2,8,86.6
2026-08-20,Comirnaty,9.89,13:54:20,2,8,86.61
2026-08-20,Comirnaty,3.96,13:54:50,2,8,0.0
2026-08-20,Comirnaty,12.04,13:55:20,2,8,86.63
2026-08-20,Comirnaty,7.84,13:55:50,2,8,0.0
2026-08-20,Comirnaty,13.94,13:56:20,2,8,86.66
2026-08-20,Comirnaty,10.57,13:56:50,2,8,86.67
2026-08-20,Comirnaty,12.19,13:57:20,2,8,86.68
2026-08-20,Comirnaty,13.98,13:57:50,2,8,86.69
2026-08-20,Comirnaty,7.02,13:58:20,2,8,0.0
2026-08-20,Comirnaty,5.71,13:58:50,2,8,0.0
2026-08-20,Comirnaty,16.37,13:59:20,2,8,86.72
2026-08-20,Comirnaty,9.11,13:59:50,2,8,86.73
2026-08-20,Comirnaty,12.22,14:00:20,2,8,86.74
2026-08-20,Comirnaty,7.53,14:00:50,2,8,0.0
2026-08-20,Comirnaty,7.91,14:01:20,2,8,0.0
2026-08-20,Comirnaty,2.13,14:01:50,2,8,0.0
2026-08-20,Comirnaty,5.83,14:02:20,2,8,0.0
2026-08-20,Comirnaty,17.1,14:02:50,2,8,86.8
2026-08-20,Comirnaty,9.48,14:03:20,2,8,86.81
2026-08-20,Comirnaty,9.17,14:03:50,2,8,86.82
2026-08-20,Comirnaty,9.75,14:04:20,2,8,86.83
2026-08-20,Comirnaty,12.08,14:04:50,2,8,86.84
2026-08-20,Comirnaty,9.92,14:05:20,2,8,86.85
2026-08-20,Comirnaty,13.17,14:05:50,2,8,86.86
2026-08-20,Comirnaty,11.35,14:06:20,2,8,86.87
2026-08-20,Comirnaty,2.97,14:06:50,2,8,0.0
2026-08-20,Comirnaty,10.49,14:07:20,2,8,86.89
2026-08-20,Comirnaty,6.87,14:07:50,2,8,0.0
2026-08-20,Comirnaty,12.58,14:08:20,2,8,86.92
2026-08-20,Comirnaty,9.86,14:08:50,2,8,86.93
2026-08-20,Comirnaty,11.18,14:09:20,2,8,86.94
2026-08-20,Comirnaty,17.19,14:09:50,2,8,86.95
2026-08-20,Comirnaty,11.8,14:10:20,2,8,86.96
2026-08-20,Comirnaty,3.15,14:10:50,2,8,0.0
2026-08-20,Comirnaty,15.36,14:11:20,2,8,86.98
2026-08-20,Comirnaty,9.19,14:11:50,2,8,86.99
2026-08-20,Comirnaty,11.54,14:12:20,2,8,87.0
2026-08-20,Comirnaty,9.95,14:12:50,2,8,87.01
2026-08-20,Comirnaty,7.24,14:13:20,2,8,0.0
2026-08-20,Comirnaty,9.87,14:13:50,2,8,87.04
2026-08-20,Comirnaty,17.07,14:14:20,2,8,87.05
2026-08-20,Comirnaty,15.81,14:14:50,2,8,87.06
2026-08-20,Comirnaty,5.49,14:15:20,2,8,0.0
2026-08-20,Comirnaty,7.28,14:15:50,2,8,0.0
2026-08-20,Comirnaty,3.0,14:16:20,2,8,0.0
2026-08-20,Comirnaty,14.74,14:16:50,2,8,87.1
2026-08-20,Comirnaty,16.52,14:17:20,2,8,87.11
2026-08-20,Comirnaty,12.83,14:17:50,2,8,87.12
2026-08-20,Comirnaty,3.11,14:18:20,2,8,0.0
2026-08-20,Comirnaty,5.42,14:18:50,2,8,0.0
2026-08-20,Comirnaty,17.67,14:19:20,2,8,87.15
2026-08-20,Comirnaty,16.7,14:19:50,2,8,87.17
2026-08-20,Comirnaty,13.26,14:20:20,2,8,87.18
2026-08-20,Comirnaty,6.49,14:20:50,2,8,0.0
2026-08-20,Comirnaty,4.12,14:21:20,2,8,0.0
2026-08-20,Comirnaty,2.21,14:21:50,2,8,0.0
2026-08-20,Comirnaty,17.59,14:22:20,2,8,87.22
2026-08-20,Comirnaty,17.13,14:22:50,2,8,87.23
2026-08-20,Comirnaty,11.94,14:23:20,2,8,87.24
2026-08-20,Comirnaty,2.68,14:23:50,2,8,0.0
2026-08-20,Comirnaty,16.63,14:24:20,2,8,87.26
2026-08-20,Comirnaty,4.44,14:24:50,2,8,0.0
2026-08-20,Comirnaty,15.56,14:25:20,2,8,87.28
2026-08-20,Comirnaty,11.98,14:25:50,2,8,87.3
2026-08-20,Comirnaty,5.13,14:26:20,2,8,0.0
2026-08-20,Comirnaty,3.36,14:26:50,2,8,0.0
2026-08-20,Comirnaty,12.35,14:27:20,2,8,87.33
2026-08-20,Comirnaty,15.59,14:27:50,2,8,87.34
2026-08-20,Comirnaty,4.75,14:28:20,2,8,0.0
2026-08-20,Comirnaty,9.88,14:28:50,2,8,87.36
2026-08-20,Comirnaty,4.46,14:29:20,2,8,0.0
2026-08-20,Comirnaty,6.02,14:29:50,2,8,0.0
2026-08-20,Comirnaty,16.81,14:30:20,2,8,87.39
2026-08-20,Comirnaty,6.55,14:30:50,2,8,0.0
2026-08-20,Comirnaty,12.52,14:31:20,2,8,87.41
2026-08-20,Comirnaty,5.01,14:31:50,2,8,0.0
2026-08-20,Comirnaty,5.76,14:32:20,2,8,0.0
2026-08-20,Comirnaty,4.37,14:32:50,2,8,0.0
2026-08-20,Comirnaty,15.4,14:33:20,2,8,87.46
2026-08-20,Comirnaty,3.76,14:33:50,2,8,0.0
2026-08-20,Comirnaty,3.05,14:34:20,2,8,0.0
2026-08-20,Comirnaty,3.43,14:34:50,2,8,0.0
2026-08-20,Comirnaty,9.34,14:35:20,2,8,87.5
2026-08-20,Comirnaty,4.81,14:35:50,2,8,0.0
2026-08-20,Comirnaty,6.12,14:36:20,2,8,0.0
2026-08-20,Comirnaty,11.79,14:36:50,2,8,87.53
2026-08-20,Comirnaty,5.43,14:37:20,2,8,0.0
2026-08-20,Comirnaty,7.95,14:37:50,2,8,0.0
2026-08-20,Comirnaty,15.07,14:38:20,2,8,87.57
2026-08-20,Comirnaty,16.9,14:38:50,2,8,87.58
2026-08-20,Comirnaty,10.38,14:39:20,2,8,87.59
2026-08-20,Comirnaty,16.2,14:39:50,2,8,87.6
2026-08-20,Comirnaty,13.91,14:40:20,2,8,87.61
2026-08-20,Comirnaty,6.88,14:40:50,2,8,0.0
2026-08-20,Comirnaty,11.98,14:41:20,2,8,87.63
2026-08-20,Comirnaty,15.51,14:41:50,2,8,87.64
2026-08-20,Comirnaty,14.68,14:42:20,2,8,87.65
2026-08-20,Comirnaty,6.81,14:42:50,2,8,0.0
2026-08-20,Comirnaty,16.18,14:43:20,2,8,87.67
2026-08-20,Comirnaty,2.88,14:43:50,2,8,0.0
2026-08-20,Comirnaty,14.86,14:44:20,2,8,87.7
2026-08-20,Comirnaty,12.85,14:44:50,2,8,87.71
2026-08-20,Comirnaty,11.15,14:45:20,2,8,87.72
2026-08-20,Comirnaty,15.54,14:45:50,2,8,87.73
2026-08-20,Comirnaty,13.17,14:46:20,2,8,87.74
2026-08-20,Comirnaty,7.16,14:46:50,2,8,0.0
2026-08-20,Comirnaty,12.74,14:47:20,2,8,87.76
2026-08-20,Comirnaty,7.81,14:47:50,2,8,0.0
2026-08-20,Comirnaty,14.12,14:48:20,2,8,87.78
2026-08-20,Comirnaty,13.62,14:48:50,2,8,87.79
2026-08-20,Comirnaty,13.48,14:49:20,2,8,87.8
2026-08-20,Comirnaty,17.17,14:49:50,2,8,87.81
2026-08-20,Comirnaty,11.5,14:50:20,2,8,87.83
2026-08-20,Comirnaty,15.47,14:50:50,2,8,87.84
2026-08-20,Comirnaty,2.71,14:51:20,2,8,0.0
2026-08-20,Comirnaty,14.51,14:51:50,2,8,87.86
2026-08-20,Comirnaty,5.01,14:52:20,2,8,0.0
2026-08-20,Comirnaty,7.51,14:52:50,2,8,0.0
2026-08-20,Comirnaty,7.3,14:53:20,2,8,0.0
2026-08-20,Comirnaty,10.1,14:53:50,2,8,87.9
2026-08-20,Comirnaty,7.1,14:54:20,2,8,0.0
2026-08-20,Comirnaty,16.38,14:54:50,2,8,87.92
2026-08-20,Comirnaty,16.01,14:55:20,2,8,87.93
2026-08-20,Comirnaty,12.03,14:55:50,2,8,87.95
2026-08-20,Comirnaty,7.41,14:56:20,2,8,0.0
2026-08-20,Comirnaty,6.89,14:56:50,2,8,0.0
2026-08-20,Comirnaty,2.46,14:57:20,2,8,0.0
2026-08-20,Comirnaty,15.19,14:57:50,2,8,87.99
2026-08-20,Comirnaty,16.4,14:58:20,2,8,88.0
2026-08-20,Comirnaty,12.94,14:58:50,2,8,88.01
2026-08-20,Comirnaty,14.2,14:59:20,2,8,88.02
2026-08-20,Comirnaty,12.63,14:59:50,2,8,88.03
2026-08-20,Comirnaty,16.66,15:00:20,2,8,88.04
2026-08-20,Comirnaty,14.19,15:00:50,2,8,88.05
2026-08-20,Comirnaty,10.88,15:01:20,2,8,88.06
2026-08-20,Comirnaty,9.0,15:01:50,2,8,88.08
2026-08-20,Comirnaty,12.0,15:02:20,2,8,88.09
2026-08-20,Comirnaty,13.23,15:02:50,2,8,88.1
2026-08-20,Comirnaty,15.39,15:03:20,2,8,88.11
2026-08-20,Comirnaty,6.78,15:03:50,2,8,0.0
2026-08-20,Comirnaty,15.53,15:04:20,2,8,88.13
2026-08-20,Comirnaty,4.55,15:04:50,2,8,0.0
2026-08-20,Comirnaty,16.73,15:05:20,2,8,88.15
2026-08-20,Comirnaty,16.2,15:05:50,2,8,88.16
2026-08-20,Comirnaty,17.05,15:06:20,2,8,88.17
2026-08-20,Comirnaty,7.27,15:06:50,2,8,0.0
2026-08-20,Comirnaty,2.88,15:07:20,2,8,0.0
2026-08-20,Comirnaty,17.69,15:07:50,2,8,88.2
2026-08-20,Comirnaty,5.01,15:08:20,2,8,0.0
2026-08-20,Comirnaty,3.35,15:08:50,2,8,0.0
2026-08-20,Comirnaty,16.87,15:09:20,2,8,88.24
2026-08-20,Comirnaty,7.87,15:09:50,2,8,0.0
2026-08-20,Comirnaty,7.26,15:10:20,2,8,0.0
2026-08-20,Comirnaty,16.72,15:10:50,2,8,88.27
2026-08-20,Comirnaty,17.53,15:11:20,2,8,88.28
2026-08-20,Comirnaty,12.53,15:11:50,2,8,88.29
2026-08-20,Comirnaty,2.32,15:12:20,2,8,0.0
2026-08-20,Comirnaty,10.85,15:12:50,2,8,88.31
2026-08-20,Comirnaty,13.01,15:13:20,2,8,88.32
2026-08-20,Comirnaty,15.82,15:13:50,2,8,88.34
2026-08-20,Comirnaty,3.7,15:14:20,2,8,0.0
2026-08-20,Comirnaty,3.07,15:14:50,2,8,0.0
2026-08-20,Comirnaty,10.09,15:15:20,2,8,88.37
2026-08-20,Comirnaty,6.47,15:15:50,2,8,0.0
2026-08-20,Comirnaty,11.26,15:16:20,2,8,88.39
2026-08-20,Comirnaty,12.51,15:16:50,2,8,88.4
2026-08-20,Comirnaty,14.96,15:17:20,2,8,88.41
2026-08-20,Comirnaty,6.27,15:17:50,2,8,0.0
2026-08-20,Comirnaty,11.93,15:18:20,2,8,88.43
2026-08-20,Comirnaty,14.89,15:18:50,2,8,88.44
2026-08-20,Comirnaty,6.31,15:19:20,2,8,0.0
2026-08-20,Comirnaty,17.45,15:19:50,2,8,88.47
2026-08-20,Comirnaty,7.24,15:20:20,2,8,0.0
2026-08-20,Comirnaty,3.71,15:20:50,2,8,0.0
2026-08-20,Comirnaty,17.53,15:21:20,2,8,88.5
2026-08-20,Comirnaty,6.23,15:21:50,2,8,0.0
2026-08-20,Comirnaty,6.84,15:22:20,2,8,0.0
2026-08-20,Comirnaty,5.4,15:22:50,2,8,0.0
2026-08-20,Comirnaty,2.28,15:23:20,2,8,0.0
2026-08-20,Comirnaty,14.89,15:23:50,2,8,88.55
2026-08-20,Comirnaty,14.85,15:24:20,2,8,88.56
2026-08-20,Comirnaty,2.8,15:24:50,2,8,0.0
2026-08-20,Comirnaty,16.09,15:25:20,2,8,88.58
2026-08-20,Comirnaty,10.92,15:25:50,2,8,88.6
2026-08-20,Comirnaty,3.47,15:26:20,2,8,0.0
2026-08-20,Comirnaty,15.83,15:26:50,2,8,88.62
2026-08-20,Comirnaty,5.75,15:27:20,2,8,0.0
2026-08-20,Comirnaty,11.94,15:27:50,2,8,88.64
2026-08-20,Comirnaty,7.71,15:28:20,2,8,0.0
2026-08-20,Comirnaty,7.06,15:28:50,2,8,0.0
2026-08-20,Comirnaty,12.15,15:29:20,2,8,88.67
2026-08-20,Comirnaty,7.73,15:29:50,2,8,0.0
2026-08-20,Comirnaty,16.28,15:30:20,2,8,88.69
2026-08-20,Comirnaty,16.82,15:30:50,2,8,88.7
2026-08-20,Comirnaty,15.88,15:31:20,2,8,88.71
2026-08-20,Comirnaty,5.86,15:31:50,2,8,0.0
2026-08-20,Comirnaty,13.38,15:32:20,2,8,88.74
2026-08-20,Comirnaty,9.68,15:32:50,2,8,88.75
2026-08-20,Comirnaty,9.62,15:33:20,2,8,88.76
2026-08-20,Comirnaty,7.73,15:33:50,2,8,0.0
2026-08-20,Comirnaty,9.73,15:34:20,2,8,88.78
2026-08-20,Comirnaty,2.13,15:34:50,2,8,0.0
2026-08-20,Comirnaty,5.84,15:35:20,2,8,0.0
2026-08-20,Comirnaty,5.47,15:35:50,2,8,0.0
2026-08-20,Comirnaty,10.87,15:36:20,2,8,88.82
2026-08-20,Comirnaty,7.62,15:36:50,2,8,0.0
2026-08-20,Comirnaty,10.88,15:37:20,2,8,88.84
2026-08-20,Comirnaty,6.41,15:37:50,2,8,0.0
2026-08-20,Comirnaty,15.51,15:38:20,2,8,88.87
2026-08-20,Comirnaty,10.6,15:38:50,2,8,88.88
2026-08-20,Comirnaty,6.74,15:39:20,2,8,0.0
2026-08-20,Comirnaty,9.01,15:39:50,2,8,88.9
2026-08-20,Comirnaty,2.42,15:40:20,2,8,0.0
2026-08-20,Comirnaty,17.15,15:40:50,2,8,88.92
2026-08-20,Comirnaty,5.46,15:41:20,2,8,0.0
2026-08-20,Comirnaty,7.61,15:41:50,2,8,0.0
2026-08-20,Comirnaty,2.68,15:42:20,2,8,0.0
2026-08-20,Comirnaty,7.84,15:42:50,2,8,0.0
2026-08-20,Comirnaty,2.13,15:43:20,2,8,0.0
2026-08-20,Comirnaty,11.73,15:43:50,2,8,88.99
2026-08-20,Comirnaty,17.02,15:44:20,2,8,89.0
2026-08-20,Comirnaty,13.15,15:44:50,2,8,89.01
2026-08-20,Comirnaty,11.58,15:45:20,2,8,89.02
2026-08-20,Comirnaty,2.22,15:45:50,2,8,0.0
2026-08-20,Comirnaty,17.64,15:46:20,2,8,89.04
2026-08-20,Comirnaty,16.22,15:46:50,2,8,89.05
2026-08-20,Comirnaty,16.12,15:47:20,2,8,89.06
2026-08-20,Comirnaty,11.83,15:47:50,2,8,89.07
2026-08-20,Comirnaty,17.59,15:48:20,2,8,89.08
2026-08-20,Comirnaty,7.05,15:48:50,2,8,0.0
2026-08-20,Comirnaty,15.66,15:49:20,2,8,89.1
2026-08-20,Comirnaty,16.55,15:49:50,2,8,89.11
2026-08-20,Comirnaty,5.33,15:50:20,2,8,0.0
2026-08-20,Comirnaty,6.17,15:50:50,2,8,0.0
2026-08-20,Comirnaty,6.29,15:51:20,2,8,0.0
2026-08-20,Comirnaty,6.16,15:51:50,2,8,0.0
2026-08-20,Comirnaty,2.37,15:52:20,2,8,0.0
2026-08-20,Comirnaty,6.33,15:52:50,2,8,0.0
2026-08-20,Comirnaty,17.2,15:53:20,2,8,89.19
2026-08-20,Comirnaty,7.72,15:53:50,2,8,0.0
2026-08-20,Comirnaty,14.71,15:54:20,2,8,89.21
2026-08-20,Comirnaty,17.72,15:54:50,2,8,89.22
2026-08-20,Comirnaty,11.99,15:55:20,2,8,89.23
2026-08-20,Comirnaty,12.88,15:55:50,2,8,89.25
2026-08-20,Comirnaty,5.19,15:56:20,2,8,0.0
2026-08-20,Comirnaty,12.06,15:56:50,2,8,89.27
2026-08-20,Comirnaty,17.99,15:57:20,2,8,89.28
2026-08-20,Comirnaty,2.92,15:57:50,2,8,0.0
2026-08-20,Comirnaty,10.24,15:58:20,2,8,89.3
2026-08-20,Comirnaty,7.63,15:58:50,2,8,0.0
2026-08-20,Comirnaty,9.89,15:59:20,2,8,89.32
2026-08-20,Comirnaty,12.96,15:59:50,2,8,89.33
2026-08-20,Comirnaty,4.33,16:00:20,2,8,0.0
2026-08-20,Comirnaty,10.95,16:00:50,2,8,89.35
2026-08-20,Comirnaty,9.47,16:01:20,2,8,89.36
2026-08-20,Comirnaty,6.28,16:01:50,2,8,0.0
2026-08-20,Comirnaty,9.01,16:02:20,2,8,89.39
2026-08-20,Comirnaty,9.98,16:02:50,2,8,89.4
2026-08-20,Comirnaty,17.67,16:03:20,2,8,89.41
2026-08-20,Comirnaty,6.5,16:03:50,2,8,0.0
2026-08-20,Comirnaty,10.89,16:04:20,2,8,89.43
2026-08-20,Comirnaty,5.22,16:04:50,2,8,0.0
2026-08-20,Comirnaty,5.36,16:05:20,2,8,0.0
2026-08-20,Comirnaty,13.49,16:05:50,2,8,89.46
2026-08-20,Comirnaty,14.07,16:06:20,2,8,89.47
2026-08-20,Comirnaty,15.26,16:06:50,2,8,89.48
2026-08-20,Comirnaty,7.85,16:07:20,2,8,0.0
2026-08-20,Comirnaty,17.08,16:07:50,2,8,89.5
2026-08-20,Comirnaty,10.85,16:08:20,2,8,89.52
2026-08-20,Comirnaty,12.31,16:08:50,2,8,89.53
2026-08-20,Comirnaty,17.57,16:09:20,2,8,89.54
2026-08-20,Comirnaty,2.22,16:09:50,2,8,0.0
2026-08-20,Comirnaty,4.48,16:10:20,2,8,0.0
2026-08-20,Comirnaty,12.84,16:10:50,2,8,89.57
2026-08-20,Comirnaty,16.65,16:11:20,2,8,89.58
2026-08-20,Comirnaty,17.31,16:11:50,2,8,89.59
2026-08-20,Comirnaty,9.83,16:12:20,2,8,89.6
2026-08-20,Comirnaty,4.8,16:12:50,2,8,0.0
2026-08-20,Comirnaty,5.14,16:13:20,2,8,0.0
2026-08-20,Comirnaty,17.66,16:13:50,2,8,89.64
2026-08-20,Comirnaty,15.39,16:14:20,2,8,89.65
2026-08-20,Comirnaty,16.68,16:14:50,2,8,89.66
2026-08-20,Comirnaty,15.87,16:15:20,2,8,89.67
2026-08-20,Comirnaty,11.33,16:15:50,2,8,89.68
2026-08-20,Comirnaty,4.51,16:16:20,2,8,0.0
2026-08-20,Comirnaty,16.16,16:16:50,2,8,89.7
2026-08-20,Comirnaty,12.5,16:17:20,2,8,89.71
2026-08-20,Comirnaty,5.59,16:17:50,2,8,0.0
2026-08-20,Comirnaty,9.68,16:18:20,2,8,89.73
2026-08-20,Comirnaty,7.24,16:18:50,2,8,0.0
2026-08-20,Comirnaty,13.31,16:19:20,2,8,89.75
2026-08-20,Comirnaty,10.17,16:19:50,2,8,89.77
2026-08-20,Comirnaty,12.13,16:20:20,2,8,89.78
2026-08-20,Comirnaty,15.62,16:20:50,2,8,89.79
2026-08-20,Comirnaty,6.74,16:21:20,2,8,0.0
2026-08-20,Comirnaty,15.35,16:21:50,2,8,89.81
2026-08-20,Comirnaty,10.65,16:22:20,2,8,89.82
2026-08-20,Comirnaty,16.0,16:22:50,2,8,89.83
2026-08-20,Comirnaty,6.34,16:23:20,2,8,0.0
2026-08-20,Comirnaty,3.34,16:23:50,2,8,0.0
2026-08-20,Comirnaty,6.97,16:24:20,2,8,0.0
2026-08-20,Comirnaty,4.58,16:24:50,2,8,0.0
2026-08-20,Comirnaty,2.88,16:25:20,2,8,0.0
2026-08-20,Comirnaty,13.48,16:25:50,2,8,89.9
2026-08-20,Comirnaty,5.92,16:26:20,2,8,0.0
2026-08-20,Comirnaty,13.21,16:26:50,2,8,89.92
2026-08-20,Comirnaty,7.42,16:27:20,2,8,0.0
2026-08-20,Comirnaty,16.44,16:27:50,2,8,89.94
2026-08-20,Comirnaty,14.32,16:28:20,2,8,89.95
2026-08-20,Comirnaty,5.77,16:28:50,2,8,0.0
2026-08-20,Comirnaty,3.51,16:29:20,2,8,0.0
2026-08-20,Comirnaty,2.09,16:29:50,2,8,0.0
2026-08-20,Comirnaty,12.0,16:30:20,2,8,89.99
2026-08-20,Comirnaty,14.95,16:30:50,2,8,90.0
2026-08-20,Comirnaty,12.24,16:31:20,2,8,90.01
2026-08-20,Comirnaty,17.04,16:31:50,2,8,90.03
2026-08-20,Comirnaty,7.05,16:32:20,2,8,0.0
2026-08-20,Comirnaty,7.31,16:32:50,2,8,0.0
2026-08-20,Comirnaty,4.18,16:33:20,2,8,0.0
2026-08-20,Comirnaty,11.39,16:33:50,2,8,90.07
2026-08-20,Comirnaty,12.7,16:34:20,2,8,90.08
2026-08-20,Comirnaty,5.25,16:34:50,2,8,0.0
2026-08-20,Comirnaty,13.21,16:35:20,2,8,90.1
2026-08-20,Comirnaty,16.87,16:35:50,2,8,90.11
2026-08-20,Comirnaty,7.02,16:36:20,2,8,0.0
2026-08-20,Comirnaty,14.71,16:36:50,2,8,90.13
2026-08-20,Comirnaty,4.11,16:37:20,2,8,0.0
2026-08-20,Comirnaty,15.87,16:37:50,2,8,90.16
2026-08-20,Comirnaty,9.5,16:38:20,2,8,90.17
2026-08-20,Comirnaty,7.31,16:38:50,2,8,0.0
2026-08-20,Comirnaty,6.54,16:39:20,2,8,0.0
2026-08-20,Comirnaty,14.33,16:39:50,2,8,90.2
2026-08-20,Comirnaty,12.7,16:40:20,2,8,90.21
2026-08-20,Comirnaty,6.07,16:40:50,2,8,0.0
2026-08-20,Comirnaty,15.99,16:41:20,2,8,90.23
2026-08-20,Comirnaty,9.85,16:41:50,2,8,90.24
2026-08-20,Comirnaty,11.45,16:42:20,2,8,90.25
2026-08-20,Comirnaty,16.83,16:42:50,2,8,90.26
2026-08-20,Comirnaty,5.73,16:43:20,2,8,0.0
2026-08-20,Comirnaty,6.84,16:43:50,2,8,0.0
2026-08-20,Comirnaty,16.27,16:44:20,2,8,90.3
2026-08-20,Comirnaty,13.56,16:44:50,2,8,90.31
2026-08-20,Comirnaty,6.78,16:45:20,2,8,0.0
2026-08-20,Comirnaty,13.87,16:45:50,2,8,90.33
2026-08-20,Comirnaty,3.61,16:46:20,2,8,0.0
2026-08-20,Comirnaty,9.29,16:46:50,2,8,90.35
2026-08-20,Comirnaty,9.2,16:47:20,2,8,90.36
2026-08-20,Comirnaty,16.99,16:47:50,2,8,90.37
2026-08-20,Comirnaty,2.04,16:48:20,2,8,0.0
2026-08-20,Comirnaty,2.79,16:48:50,2,8,0.0
2026-08-20,Comirnaty,2.95,16:49:20,2,8,0.0
2026-08-20,Comirnaty,6.25,16:49:50,2,8,0.0
2026-08-20,Comirnaty,5.6,16:50:20,2,8,0.0
2026-08-20,Comirnaty,17.95,16:50:50,2,8,90.44
2026-08-20,Comirnaty,9.3,16:51:20,2,8,90.45
2026-08-20,Comirnaty,15.49,16:51:50,2,8,90.46
2026-08-20,Comirnaty,17.57,16:52:20,2,8,90.47
2026-08-20,Comirnaty,17.89,16:52:50,2,8,90.48
2026-08-20,Comirnaty,4.53,16:53:20,2,8,0.0
2026-08-20,Comirnaty,15.17,16:53:50,2,8,90.5
2026-08-20,Comirnaty,16.99,16:54:20,2,8,90.51
2026-08-20,Comirnaty,16.74,16:54:50,2,8,90.52
2026-08-20,Comirnaty,11.46,16:55:20,2,8,90.53
2026-08-20,Comirnaty,14.54,16:55:50,2,8,90.55
2026-08-20,Comirnaty,15.76,16:56:20,2,8,90.56
2026-08-20,Comirnaty,10.28,16:56:50,2,8,90.57
2026-08-20,Comirnaty,14.96,16:57:20,2,8,90.58
2026-08-20,Comirnaty,6.56,16:57:50,2,8,0.0
2026-08-20,Comirnaty,13.1,16:58:20,2,8,90.6
2026-08-20,Comirnaty,13.69,16:58:50,2,8,90.61
2026-08-20,Comirnaty,16.02,16:59:20,2,8,90.62
2026-08-20,Comirnaty,4.05,16:59:50,2,8,0.0
2026-08-20,Comirnaty,16.21,17:00:20,2,8,90.64
2026-08-20,Comirnaty,6.04,17:00:50,2,8,0.0
2026-08-20,Comirnaty,7.99,17:01:20,2,8,0.0
2026-08-20,Comirnaty,7.13,17:01:50,2,8,0.0
2026-08-20,Comirnaty,7.17,17:02:20,2,8,0.0
2026-08-20,Comirnaty,6.71,17:02:50,2,8,0.0
2026-08-20,Comirnaty,9.12,17:03:20,2,8,90.71
2026-08-20,Comirnaty,9.77,17:03:50,2,8,90.72
2026-08-20,Comirnaty,12.62,17:04:20,2,8,90.73
2026-08-20,Comirnaty,7.66,17:04:50,2,8,0.0
2026-08-20,Comirnaty,5.4,17:05:20,2,8,0.0
2026-08-20,Comirnaty,17.03,17:05:50,2,8,90.76
2026-08-20,Comirnaty,10.05,17:06:20,2,8,90.77
2026-08-20,Comirnaty,16.64,17:06:50,2,8,90.78
2026-08-20,Comirnaty,3.6,17:07:20,2,8,0.0
2026-08-20,Comirnaty,11.98,17:07:50,2,8,90.8
2026-08-20,Comirnaty,4.95,17:08:20,2,8,0.0
2026-08-20,Comirnaty,13.16,17:08:50,2,8,90.83
2026-08-20,Comirnaty,11.82,17:09:20,2,8,90.84
2026-08-20,Comirnaty,2.34,17:09:50,2,8,0.0
2026-08-20,Comirnaty,5.24,17:10:20,2,8,0.0
2026-08-20,Comirnaty,13.2,17:10:50,2,8,90.87
2026-08-20,Comirnaty,5.66,17:11:20,2,8,0.0
2026-08-20,Comirnaty,2.68,17:11:50,2,8,0.0
2026-08-20,Comirnaty,12.53,17:12:20,2,8,90.9
2026-08-20,Comirnaty,16.48,17:12:50,2,8,90.91
2026-08-20,Comirnaty,13.17,17:13:20,2,8,90.92
2026-08-20,Comirnaty,2.89,17:13:50,2,8,0.0
2026-08-20,Comirnaty,12.54,17:14:20,2,8,90.95
2026-08-20,Comirnaty,5.52,17:14:50,2,8,0.0
2026-08-20,Comirnaty,3.48,17:15:20,2,8,0.0
2026-08-20,Comirnaty,6.63,17:15:50,2,8,0.0
2026-08-20,Comirnaty,11.66,17:16:20,2,8,90.99
2026-08-20,Comirnaty,5.69,17:16:50,2,8,0.0
2026-08-20,Comirnaty,7.59,17:17:20,2,8,0.0
2026-08-20,Comirnaty,4.75,17:17:50,2,8,0.0
2026-08-20,Comirnaty,5.46,17:18:20,2,8,0.0
2026-08-20,Comirnaty,16.36,17:18:50,2,8,91.04
2026-08-20,Comirnaty,11.41,17:19:20,2,8,91.05
2026-08-20,Comirnaty,13.94,17:19:50,2,8,91.06
2026-08-20,Comirnaty,16.2,17:20:20,2,8,91.08
2026-08-20,Comirnaty,11.84,17:20:50,2,8,91.09
2026-08-20,Comirnaty,17.64,17:21:20,2,8,91.1
2026-08-20,Comirnaty,5.98,17:21:50,2,8,0.0
2026-08-20,Comirnaty,10.77,17:22:20,2,8,91.12
2026-08-20,Comirnaty,7.63,17:22:50,2,8,0.0
2026-08-20,Comirnaty,2.8,17:23:20,2,8,0.0
2026-08-20,Comirnaty,14.77,17:23:50,2,8,91.15
2026-08-20,Comirnaty,2.19,17:24:20,2,8,0.0
2026-08-20,Comirnaty,3.91,17:24:50,2,8,0.0
2026-08-20,Comirnaty,7.06,17:25:20,2,8,0.0
2026-08-20,Comirnaty,4.03,17:25:50,2,8,0.0
2026-08-20,Comirnaty,9.56,17:26:20,2,8,91.21
2026-08-20,Comirnaty,12.56,17:26:50,2,8,91.22
2026-08-20,Comirnaty,11.36,17:27:20,2,8,91.23
2026-08-20,Comirnaty,17.96,17:27:50,2,8,91.24
2026-08-20,Comirnaty,14.89,17:28:20,2,8,91.25
2026-08-20,Comirnaty,5.32,17:28:50,2,8,0.0
2026-08-20,Comirnaty,10.07,17:29:20,2,8,91.27
2026-08-20,Comirnaty,14.62,17:29:50,2,8,91.28
2026-08-20,Comirnaty,11.44,17:30:20,2,8,91.29
2026-08-20,Comirnaty,11.04,17:30:50,2,8,91.3
2026-08-20,Comirnaty,17.59,17:31:20,2,8,91.31
2026-08-20,Comirnaty,14.87,17:31:50,2,8,91.33
2026-08-20,Comirnaty,11.35,17:32:20,2,8,91.34
2026-08-20,Comirnaty,17.72,17:32:50,2,8,91.35
2026-08-20,Comirnaty,7.71,17:33:20,2,8,0.0
2026-08-20,Comirnaty,10.38,17:33:50,2,8,91.37
2026-08-20,Comirnaty,17.62,17:34:20,2,8,91.38
2026-08-20,Comirnaty,5.03,17:34:50,2,8,0.0
2026-08-20,Comirnaty,16.56,17:35:20,2,8,91.4
2026-08-20,Comirnaty,11.0,17:35:50,2,8,91.41
2026-08-20,Comirnaty,6.02,17:36:20,2,8,0.0
2026-08-20,Comirnaty,17.79,17:36:50,2,8,91.43
2026-08-20,Comirnaty,15.94,17:37:20,2,8,91.44
2026-08-20,Comirnaty,12.64,17:37:50,2,8,91.45
2026-08-20,Comirnaty,3.97,17:38:20,2,8,0.0
2026-08-20,Comirnaty,17.13,17:38:50,2,8,91.48
2026-08-20,Comirnaty,9.52,17:39:20,2,8,91.49
2026-08-20,Comirnaty,10.83,17:39:50,2,8,91.5
2026-08-20,Comirnaty,16.27,17:40:20,2,8,91.51
2026-08-20,Comirnaty,12.37,17:40:50,2,8,91.52
2026-08-20,Comirnaty,14.54,17:41:20,2,8,91.53
2026-08-20,Comirnaty,11.89,17:41:50,2,8,91.54
2026-08-20,Comirnaty,9.69,17:42:20,2,8,91.55
2026-08-20,Comirnaty,14.0,17:42:50,2,8,91.56
2026-08-20,Comirnaty,11.31,17:43:20,2,8,91.57
2026-08-20,Comirnaty,12.15,17:43:50,2,8,91.59
2026-08-20,Comirnaty,3.32,17:44:20,2,8,0.0
2026-08-20,Comirnaty,2.52,17:44:50,2,8,0.0
2026-08-20,Comirnaty,3.09,17:45:20,2,8,0.0
2026-08-20,Comirnaty,2.84,17:45:50,2,8,0.0
2026-08-20,Comirnaty,13.42,17:46:20,2,8,91.64
2026-08-20,Comirnaty,2.03,17:46:50,2,8,0.0
2026-08-20,Comirnaty,15.98,17:47:20,2,8,91.66
2026-08-20,Comirnaty,9.36,17:47:50,2,8,91.67
2026-08-20,Comirnaty,4.17,17:48:20,2,8,0.0
2026-08-20,Comirnaty,15.57,17:48:50,2,8,91.69
2026-08-20,Comirnaty,4.53,17:49:20,2,8,0.0
2026-08-20,Comirnaty,10.92,17:49:50,2,8,91.72
2026-08-20,Comirnaty,10.44,17:50:20,2,8,91.73
2026-08-20,Comirnaty,7.32,17:50:50,2,8,0.0
2026-08-20,Comirnaty,10.42,17:51:20,2,8,91.75
2026-08-20,Comirnaty,6.87,17:51:50,2,8,0.0
2026-08-20,Comirnaty,16.37,17:52:20,2,8,91.77
2026-08-20,Comirnaty,13.31,17:52:50,2,8,91.78
2026-08-20,Comirnaty,14.66,17:53:20,2,8,91.79
2026-08-20,Comirnaty,11.43,17:53:50,2,8,91.8
2026-08-20,Comirnaty,15.68,17:54:20,2,8,91.81
2026-08-20,Comirnaty,16.29,17:54:50,2,8,91.82
2026-08-20,Comirnaty,15.99,17:55:20,2,8,91.83
2026-08-20,Comirnaty,5.93,17:55:50,2,8,0.0
2026-08-20,Comirnaty,15.91,17:56:20,2,8,91.86
2026-08-20,Comirnaty,7.39,17:56:50,2,8,0.0
2026-08-20,Comirnaty,11.64,17:57:20,2,8,91.88
2026-08-20,Comirnaty,12.05,17:57:50,2,8,91.89
2026-08-20,Comirnaty,12.25,17:58:20,2,8,91.9
2026-08-20,Comirnaty,17.39,17:58:50,2,8,91.91
2026-08-20,Comirnaty,4.72,17:59:20,2,8,0.0
2026-08-20,Comirnaty,15.87,17:59:50,2,8,91.93
2026-08-20,Comirnaty,6.65,18:00:20,2,8,0.0
2026-08-20,Comirnaty,10.16,18:00:50,2,8,91.95
2026-08-20,Comirnaty,11.45,18:01:20,2,8,91.96
2026-08-20,Comirnaty,16.83,18:01:50,2,8,91.98
2026-08-20,Comirnaty,14.74,18:02:20,2,8,91.99
2026-08-20,Comirnaty,16.19,18:02:50,2,8,92.0
2026-08-20,Comirnaty,6.9,18:03:20,2,8,0.0
2026-08-20,Comirnaty,7.11,18:03:50,2,8,0.0
2026-08-20,Comirnaty,7.71,18:04:20,2,8,0.0
2026-08-20,Comirnaty,5.02,18:04:50,2,8,0.0
2026-08-20,Comirnaty,3.37,18:05:20,2,8,0.0
2026-08-20,Comirnaty,10.6,18:05:50,2,8,92.06
2026-08-20,Comirnaty,2.99,18:06:20,2,8,0.0
2026-08-20,Comirnaty,12.84,18:06:50,2,8,92.08
2026-08-20,Comirnaty,7.99,18:07:20,2,8,0.0
2026-08-20,Comirnaty,10.52,18:07:50,2,8,92.1
2026-08-20,Comirnaty,14.82,18:08:20,2,8,92.12
2026-08-20,Comirnaty,11.96,18:08:50,2,8,92.13
2026-08-20,Comirnaty,10.62,18:09:20,2,8,92.14
2026-08-20,Comirnaty,10.66,18:09:50,2,8,92.15
2026-08-20,Comirnaty,7.86,18:10:20,2,8,0.0
2026-08-20,Comirnaty,15.5,18:10:50,2,8,92.17
2026-08-20,Comirnaty,7.32,18:11:20,2,8,0.0
2026-08-20,Comirnaty,6.43,18:11:50,2,8,0.0
2026-08-20,Comirnaty,2.0,18:12:20,2,8,0.0
2026-08-20,Comirnaty,16.85,18:12:50,2,8,92.21
2026-08-20,Comirnaty,5.96,18:13:20,2,8,0.0
2026-08-20,Comirnaty,5.96,18:13:50,2,8,0.0
2026-08-20,Comirnaty,16.0,18:14:20,2,8,92.25
2026-08-20,Comirnaty,17.74,18:14:50,2,8,92.26
2026-08-20,Comirnaty,6.04,18:15:20,2,8,0.0
2026-08-20,Comirnaty,10.43,18:15:50,2,8,92.28
2026-08-20,Comirnaty,16.99,18:16:20,2,8,92.29
2026-08-20,Comirnaty,11.76,18:16:50,2,8,92.3
2026-08-20,Comirnaty,2.9,18:17:20,2,8,0.0
2026-08-20,Comirnaty,12.82,18:17:50,2,8,92.32
2026-08-20,Comirnaty,9.66,18:18:20,2,8,92.33
2026-08-20,Comirnaty,14.39,18:18:50,2,8,92.34
2026-08-20,Comirnaty,13.57,18:19:20,2,8,92.35
2026-08-20,Comirnaty,3.0,18:19:50,2,8,0.0
2026-08-20,Comirnaty,13.83,18:20:20,2,8,92.38
2026-08-20,Comirnaty,14.16,18:20:50,2,8,92.39
2026-08-20,Comirnaty,16.45,18:21:20,2,8,92.4
2026-08-20,Comirnaty,12.87,18:21:50,2,8,92.41
2026-08-20,Comirnaty,15.02,18:22:20,2,8,92.42
2026-08-20,Comirnaty,11.47,18:22:50,2,8,92.43
2026-08-20,Comirnaty,9.91,18:23:20,2,8,92.44
2026-08-20,Comirnaty,10.85,18:23:50,2,8,92.45
2026-08-20,Comirnaty,9.41,18:24:20,2,8,92.46
2026-08-20,Comirnaty,17.74,18:24:50,2,8,92.47
2026-08-20,Comirnaty,11.17,18:25:20,2,8,92.48
2026-08-20,Comirnaty,13.42,18:25:50,2,8,92.5
2026-08-20,Comirnaty,16.16,18:26:20,2,8,92.51
2026-08-20,Comirnaty,16.61,18:26:50,2,8,92.52
2026-08-20,Comirnaty,11.64,18:27:20,2,8,92.53
2026-08-20,Comirnaty,3.48,18:27:50,2,8,0.0
2026-08-20,Comirnaty,9.96,18:28:20,2,8,92.55
2026-08-20,Comirnaty,12.1,18:28:50,2,8,92.56
2026-08-20,Comirnaty,5.89,18:29:20,2,8,0.0
2026-08-20,Comirnaty,7.99,18:29:50,2,8,0.0
2026-08-20,Comirnaty,2.95,18:30:20,2,8,0.0
2026-08-20,Comirnaty,9.72,18:30:50,2,8,92.6
2026-08-20,Comirnaty,15.39,18:31:20,2,8,92.61
2026-08-20,Comirnaty,7.51,18:31:50,2,8,0.0
2026-08-20,Comirnaty,6.59,18:32:20,2,8,0.0
2026-08-20,Comirnaty,6.33,18:32:50,2,8,0.0
2026-08-20,Comirnaty,11.99,18:33:20,2,8,92.66
2026-08-20,Comirnaty,6.48,18:33:50,2,8,0.0
2026-08-20,Comirnaty,11.45,18:34:20,2,8,92.68
2026-08-20,Comirnaty,10.63,18:34:50,2,8,92.69
2026-08-20,Comirnaty,4.56,18:35:20,2,8,0.0
2026-08-20,Comirnaty,5.93,18:35:50,2,8,0.0
2026-08-20,Comirnaty,11.22,18:36:20,2,8,92.72
2026-08-20,Comirnaty,14.02,18:36:50,2,8,92.73
2026-08-20,Comirnaty,9.52,18:37:20,2,8,92.74
2026-08-20,Comirnaty,16.42,18:37:50,2,8,92.75
2026-08-20,Comirnaty,16.48,18:38:20,2,8,92.77
2026-08-20,Comirnaty,10.81,18:38:50,2,8,92.78
2026-08-20,Comirnaty,6.2,18:39:20,2,8,0.0
2026-08-20,Comirnaty,11.82,18:39:50,2,8,92.8
2026-08-20,Comirnaty,2.19,18:40:20,2,8,0.0
2026-08-20,Comirnaty,9.86,18:40:50,2,8,92.82
2026-08-20,Comirnaty,15.78,18:41:20,2,8,92.83
2026-08-20,Comirnaty,13.09,18:41:50,2,8,92.84
2026-08-20,Comirnaty,4.83,18:42:20,2,8,0.0
2026-08-20,Comirnaty,17.01,18:42:50,2,8,92.86
2026-08-20,Comirnaty,5.31,18:43:20,2,8,0.0
2026-08-20,Comirnaty,5.4,18:43:50,2,8,0.0
2026-08-20,Comirnaty,6.55,18:44:20,2,8,0.0
2026-08-20,Comirnaty,3.64,18:44:50,2,8,0.0
2026-08-20,Comirnaty,15.23,18:45:20,2,8,92.92
2026-08-20,Comirnaty,17.67,18:45:50,2,8,92.93
2026-08-20,Comirnaty,5.27,18:46:20,2,8,0.0
2026-08-20,Comirnaty,9.91,18:46:50,2,8,92.95
2026-08-20,Comirnaty,14.69,18:47:20,2,8,92.96
2026-08-20,Comirnaty,14.64,18:47:50,2,8,92.97
2026-08-20,Comirnaty,4.07,18:48:20,2,8,0.0
2026-08-20,Comirnaty,5.27,18:48:50,2,8,0.0
2026-08-20,Comirnaty,12.45,18:49:20,2,8,93.0
2026-08-20,Comirnaty,5.89,18:49:50,2,8,0.0
2026-08-20,Comirnaty,2.46,18:50:20,2,8,0.0
2026-08-20,Comirnaty,16.41,18:50:50,2,8,93.04
2026-08-20,Comirnaty,10.97,18:51:20,2,8,93.05
2026-08-20,Comirnaty,13.55,18:51:50,2,8,93.06
2026-08-20,Comirnaty,7.22,18:52:20,2,8,0.0
2026-08-20,Comirnaty,13.97,18:52:50,2,8,93.08
2026-08-20,Comirnaty,15.97,18:53:20,2,8,93.09
2026-08-20,Comirnaty,7.75,18:53:50,2,8,0.0
2026-08-20,Comirnaty,11.11,18:54:20,2,8,93.11
2026-08-20,Comirnaty,6.22,18:54:50,2,8,0.0
2026-08-20,Comirnaty,12.12,18:55:20,2,8,93.13
2026-08-20,Comirnaty,9.39,18:55:50,2,8,93.15
2026-08-20,Comirnaty,12.93,18:56:20,2,8,93.16
2026-08-20,Comirnaty,17.29,18:56:50,2,8,93.17
2026-08-20,Comirnaty,13.62,18:57:20,2,8,93.18
2026-08-20,Comirnaty,11.83,18:57:50,2,8,93.19
2026-08-20,Comirnaty,16.93,18:58:20,2,8,93.2
2026-08-20,Comirnaty,2.42,18:58:50,2,8,0.0
2026-08-20,Comirnaty,13.12,18:59:20,2,8,93.22
2026-08-20,Comirnaty,7.71,18:59:50,2,8,0.0
2026-08-20,Comirnaty,16.97,19:00:20,2,8,93.24
2026-08-20,Comirnaty,6.03,19:00:50,2,8,0.0
2026-08-20,Comirnaty,5.0,19:01:20,2,8,0.0
2026-08-20,Comirnaty,5.62,19:01:50,2,8,0.0
2026-08-20,Comirnaty,13.87,19:02:20,2,8,93.29
2026-08-20,Comirnaty,17.57,19:02:50,2,8,93.3
2026-08-20,Comirnaty,14.44,19:03:20,2,8,93.31
2026-08-20,Comirnaty,4.7,19:03:50,2,8,0.0
2026-08-20,Comirnaty,4.21,19:04:20,2,8,0.0
2026-08-20,Comirnaty,5.72,19:04:50,2,8,0.0
2026-08-20,Comirnaty,12.85,19:05:20,2,8,93.35
2026-08-20,Comirnaty,12.77,19:05:50,2,8,93.36
2026-08-20,Comirnaty,12.34,19:06:20,2,8,93.37
2026-08-20,Comirnaty,3.1,19:06:50,2,8,0.0
2026-08-20,Comirnaty,7.56,19:07:20,2,8,0.0
2026-08-20,Comirnaty,5.73,19:07:50,2,8,0.0
2026-08-20,Comirnaty,15.78,19:08:20,2,8,93.42
2026-08-20,Comirnaty,7.14,19:08:50,2,8,0.0
2026-08-20,Comirnaty,12.37,19:09:20,2,8,93.44
2026-08-20,Comirnaty,7.85,19:09:50,2,8,0.0
2026-08-20,Comirnaty,15.95,19:10:20,2,8,93.46
2026-08-20,Comirnaty,14.73,19:10:50,2,8,93.47
2026-08-20,Comirnaty,3.34,19:11:20,2,8,0.0
2026-08-20,Comirnaty,15.08,19:11:50,2,8,93.49
2026-08-20,Comirnaty,7.93,19:12:20,2,8,0.0
2026-08-20,Comirnaty,15.71,19:12:50,2,8,93.51
2026-08-20,Comirnaty,16.11,19:13:20,2,8,93.52
2026-08-20,Comirnaty,6.22,19:13:50,2,8,0.0
2026-08-20,Comirnaty,7.87,19:14:20,2,8,0.0
2026-08-20,Comirnaty,12.4,19:14:50,2,8,93.56
2026-08-20,Comirnaty,5.06,19:15:20,2,8,0.0
2026-08-20,Comirnaty,16.13,19:15:50,2,8,93.58
2026-08-20,Comirnaty,11.81,19:16:20,2,8,93.59
2026-08-20,Comirnaty,15.76,19:16:50,2,8,93.6
2026-08-20,Comirnaty,9.63,19:17:20,2,8,93.61
2026-08-20,Comirnaty,13.84,19:17:50,2,8,93.62
2026-08-20,Comirnaty,4.31,19:18:20,2,8,0.0
2026-08-20,Comirnaty,2.65,19:18:50,2,8,0.0
2026-08-20,Comirnaty,15.97,19:19:20,2,8,93.65
2026-08-20,Comirnaty,7.54,19:19:50,2,8,0.0
2026-08-20,Comirnaty,10.71,19:20:20,2,8,93.68
2026-08-20,Comirnaty,11.24,19:20:50,2,8,93.69
2026-08-20,Comirnaty,7.81,19:21:20,2,8,0.0
2026-08-20,Comirnaty,2.57,19:21:50,2,8,0.0
2026-08-20,Comirnaty,13.38,19:22:20,2,8,93.72
2026-08-20,Comirnaty,17.17,19:22:50,2,8,93.73
2026-08-20,Comirnaty,13.68,19:23:20,2,8,93.74
2026-08-20,Comirnaty,3.46,19:23:50,2,8,0.0
2026-08-20,Comirnaty,9.26,19:24:20,2,8,93.76
2026-08-20,Comirnaty,4.98,19:24:50,2,8,0.0
2026-08-20,Comirnaty,16.35,19:25:20,2,8,93.78
2026-08-20,Comirnaty,12.12,19:25:50,2,8,93.8
2026-08-20,Comirnaty,4.87,19:26:20,2,8,0.0
2026-08-20,Comirnaty,17.93,19:26:50,2,8,93.82
2026-08-20,Comirnaty,13.63,19:27:20,2,8,93.83
2026-08-20,Comirnaty,10.31,19:27:50,2,8,93.84
2026-08-20,Comirnaty,5.08,19:28:20,2,8,0.0
2026-08-20,Comirnaty,9.52,19:28:50,2,8,93.86
2026-08-20,Comirnaty,9.93,19:29:20,2,8,93.87
2026-08-20,Comirnaty,5.47,19:29:50,2,8,0.0
2026-08-20,Comirnaty,14.06,19:30:20,2,8,93.89
2026-08-20,Comirnaty,11.16,19:30:50,2,8,93.9
2026-08-20,Comirnaty,9.46,19:31:20,2,8,93.91
2026-08-20,Comirnaty,7.32,19:31:50,2,8,0.0
2026-08-20,Comirnaty,11.69,19:32:20,2,8,93.94
2026-08-20,Comirnaty,11.71,19:32:50,2,8,93.95
2026-08-20,Comirnaty,4.98,19:33:20,2,8,0.0
2026-08-20,Comirnaty,5.62,19:33:50,2,8,0.0
2026-08-20,Comirnaty,7.77,19:34:20,2,8,0.0
2026-08-20,Comirnaty,7.81,19:34:50,2,8,0.0
2026-08-20,Comirnaty,4.62,19:35:20,2,8,0.0
2026-08-20,Comirnaty,4.27,19:35:50,2,8,0.0
2026-08-20,Comirnaty,9.56,19:36:20,2,8,94.02
2026-08-20,Comirnaty,15.2,19:36:50,2,8,94.03
2026-08-20,Comirnaty,3.61,19:37:20,2,8,0.0
2026-08-20,Comirnaty,3.94,19:37:50,2,8,0.0
2026-08-20,Comirnaty,9.1,19:38:20,2,8,94.07
2026-08-20,Comirnaty,4.79,19:38:50,2,8,0.0
2026-08-20,Comirnaty,17.6,19:39:20,2,8,94.09
2026-08-20,Comirnaty,4.04,19:39:50,2,8,0.0
2026-08-20,Comirnaty,11.38,19:40:20,2,8,94.11
2026-08-20,Comirnaty,9.72,19:40:50,2,8,94.12
2026-08-20,Comirnaty,17.86,19:41:20,2,8,94.13
2026-08-20,Comirnaty,4.4,19:41:50,2,8,0.0
2026-08-20,Comirnaty,12.37,19:42:20,2,8,94.15
2026-08-20,Comirnaty,15.79,19:42:50,2,8,94.16
2026-08-20,Comirnaty,13.51,19:43:20,2,8,94.17
2026-08-20,Comirnaty,12.27,19:43:50,2,8,94.19
2026-08-20,Comirnaty,9.26,19:44:20,2,8,94.2
2026-08-20,Comirnaty,4.2,19:44:50,2,8,0.0
2026-08-20,Comirnaty,13.09,19:45:20,2,8,94.22
2026-08-20,Comirnaty,5.84,19:45:50,2,8,0.0
2026-08-20,Comirnaty,13.87,19:46:20,2,8,94.24
2026-08-20,Comirnaty,5.52,19:46:50,2,8,0.0
2026-08-20,Comirnaty,17.37,19:47:20,2,8,94.26
2026-08-20,Comirnaty,16.43,19:47:50,2,8,94.27
2026-08-20,Comirnaty,10.32,19:48:20,2,8,94.28
2026-08-20,Comirnaty,6.45,19:48:50,2,8,0.0
2026-08-20,Comirnaty,17.51,19:49:20,2,8,94.3
2026-08-20,Comirnaty,13.75,19:49:50,2,8,94.31
2026-08-20,Comirnaty,13.84,19:50:20,2,8,94.33
2026-08-20,Comirnaty,14.69,19:50:50,2,8,94.34
2026-08-20,Comirnaty,10.73,19:51:20,2,8,94.35
2026-08-20,Comirnaty,5.65,19:51:50,2,8,0.0
2026-08-20,Comirnaty,13.62,19:52:20,2,8,94.37
2026-08-20,Comirnaty,5.86,19:52:50,2,8,0.0
2026-08-20,Comirnaty,12.51,19:53:20,2,8,94.39
2026-08-20,Comirnaty,6.93,19:53:50,2,8,0.0
2026-08-20,Comirnaty,13.37,19:54:20,2,8,94.41
2026-08-20,Comirnaty,14.35,19:54:50,2,8,94.42
2026-08-20,Comirnaty,16.48,19:55:20,2,8,94.43
2026-08-20,Comirnaty,16.42,19:55:50,2,8,94.45
2026-08-20,Comirnaty,11.7,19:56:20,2,8,94.46
2026-08-20,Comirnaty,4.11,19:56:50,2,8,0.0
2026-08-20,Comirnaty,11.79,19:57:20,2,8,94.48
2026-08-20,Comirnaty,10.0,19:57:50,2,8,94.49
2026-08-20,Comirnaty,16.47,19:58:20,2,8,94.5
2026-08-20,Comirnaty,16.98,19:58:50,2,8,94.51
2026-08-20,Comirnaty,9.67,19:59:20,2,8,94.52
2026-08-20,Comirnaty,15.5,19:59:50,2,8,94.53
2026-08-20,Comirnaty,13.19,20:00:20,2,8,94.54
2026-08-20,Comirnaty,10.15,20:00:50,2,8,94.55
2026-08-20,Comirnaty,10.46,20:01:20,2,8,94.56
2026-08-20,Comirnaty,4.75,20:01:50,2,8,0.0
2026-08-20,Comirnaty,3.16,20:02:20,2,8,0.0
2026-08-20,Comirnaty,15.69,20:02:50,2,8,94.6
2026-08-20,Comirnaty,9.97,20:03:20,2,8,94.61
2026-08-20,Comirnaty,12.47,20:03:50,2,8,94.62
2026-08-20,Comirnaty,9.28,20:04:20,2,8,94.63
2026-08-20,Comirnaty,12.04,20:04:50,2,8,94.64
2026-08-20,Comirnaty,4.36,20:05:20,2,8,0.0
2026-08-20,Comirnaty,6.29,20:05:50,2,8,0.0
2026-08-20,Comirnaty,16.45,20:06:20,2,8,94.67
2026-08-20,Comirnaty,15.25,20:06:50,2,8,94.68
2026-08-20,Comirnaty,13.1,20:07:20,2,8,94.69
2026-08-20,Comirnaty,7.73,20:07:50,2,8,0.0
2026-08-20,Comirnaty,12.78,20:08:20,2,8,94.72
2026-08-20,Comirnaty,15.39,20:08:50,2,8,94.73
2026-08-20,Comirnaty,13.42,20:09:20,2,8,94.74
2026-08-20,Comirnaty,2.46,20:09:50,2,8,0.0
2026-08-20,Comirnaty,2.55,20:10:20,2,8,0.0
2026-08-20,Comirnaty,15.35,20:10:50,2,8,94.77
2026-08-20,Comirnaty,2.34,20:11:20,2,8,0.0
2026-08-20,Comirnaty,16.61,20:11:50,2,8,94.79
2026-08-20,Comirnaty,4.44,20:12:20,2,8,0.0
2026-08-20,Comirnaty,3.55,20:12:50,2,8,0.0
2026-08-20,Comirnaty,4.34,20:13:20,2,8,0.0
2026-08-20,Comirnaty,10.38,20:13:50,2,8,94.84
2026-08-20,Comirnaty,15.03,20:14:20,2,8,94.85
2026-08-20,Comirnaty,5.98,20:14:50,2,8,0.0
2026-08-20,Comirnaty,12.19,20:15:20,2,8,94.87
2026-08-20,Comirnaty,2.54,20:15:50,2,8,0.0
2026-08-20,Comirnaty,11.67,20:16:20,2,8,94.89
2026-08-20,Comirnaty,6.14,20:16:50,2,8,0.0
2026-08-20,Comirnaty,12.38,20:17:20,2,8,94.91
2026-08-20,Comirnaty,17.8,20:17:50,2,8,94.92
2026-08-20,Comirnaty,15.22,20:18:20,2,8,94.93
2026-08-20,Comirnaty,14.52,20:18:50,2,8,94.94
2026-08-20,Comirnaty,6.86,20:19:20,2,8,0.0
2026-08-20,Comirnaty,3.85,20:19:50,2,8,0.0
2026-08-20,Comirnaty,11.01,20:20:20,2,8,94.98
2026-08-20,Comirnaty,6.69,20:20:50,2,8,0.0
2026-08-20,Comirnaty,6.41,20:21:20,2,8,0.0
2026-08-20,Comirnaty,2.58,20:21:50,2,8,0.0
2026-08-20,Comirnaty,15.41,20:22:20,2,8,95.02
2026-08-20,Comirnaty,17.21,20:22:50,2,8,95.03
2026-08-20,Comirnaty,5.1,20:23:20,2,8,0.0
2026-08-20,Comirnaty,15.79,20:23:50,2,8,95.05
2026-08-20,Comirnaty,14.48,20:24:20,2,8,95.06
2026-08-20,Comirnaty,9.67,20:24:50,2,8,95.07
2026-08-20,Comirnaty,3.88,20:25:20,2,8,0.0
2026-08-20,Comirnaty,14.4,20:25:50,2,8,95.1
2026-08-20,Comirnaty,3.52,20:26:20,2,8,0.0
2026-08-20,Comirnaty,16.59,20:26:50,2,8,95.12
2026-08-20,Comirnaty,15.21,20:27:20,2,8,95.13
2026-08-20,Comirnaty,14.72,20:27:50,2,8,95.14
2026-08-20,Comirnaty,4.15,20:28:20,2,8,0.0
2026-08-20,Comirnaty,4.6,20:28:50,2,8,0.0
2026-08-20,Comirnaty,12.32,20:29:20,2,8,95.17
2026-08-20,Comirnaty,3.95,20:29:50,2,8,0.0
2026-08-20,Comirnaty,5.22,20:30:20,2,8,0.0
2026-08-20,Comirnaty,12.59,20:30:50,2,8,95.2
2026-08-20,Comirnaty,11.78,20:31:20,2,8,95.21
2026-08-20,Comirnaty,5.15,20:31:50,2,8,0.0
2026-08-20,Comirnaty,17.78,20:32:20,2,8,95.24
2026-08-20,Comirnaty,16.21,20:32:50,2,8,95.25
2026-08-20,Comirnaty,7.43,20:33:20,2,8,0.0
2026-08-20,Comirnaty,10.07,20:33:50,2,8,95.27
2026-08-20,Comirnaty,4.99,20:34:20,2,8,0.0
2026-08-20,Comirnaty,4.15,20:34:50,2,8,0.0
2026-08-20,Comirnaty,7.38,20:35:20,2,8,0.0
2026-08-20,Comirnaty,5.97,20:35:50,2,8,0.0
2026-08-20,Comirnaty,16.24,20:36:20,2,8,95.32
2026-08-20,Comirnaty,11.07,20:36:50,2,8,95.33
2026-08-20,Comirnaty,10.13,20:37:20,2,8,95.34
2026-08-20,Comirnaty,9.05,20:37:50,2,8,95.35
2026-08-20,Comirnaty,16.47,20:38:20,2,8,95.37
2026-08-20,Comirnaty,11.3,20:38:50,2,8,95.38
2026-08-20,Comirnaty,12.81,20:39:20,2,8,95.39
2026-08-20,Comirnaty,6.6,20:39:50,2,8,0.0
2026-08-20,Comirnaty,4.55,20:40:20,2,8,0.0
2026-08-20,Comirnaty,13.48,20:40:50,2,8,95.42
2026-08-20,Comirnaty,17.39,20:41:20,2,8,95.43
2026-08-20,Comirnaty,2.69,20:41:50,2,8,0.0
2026-08-20,Comirnaty,15.11,20:42:20,2,8,95.45
2026-08-20,Comirnaty,3.2,20:42:50,2,8,0.0
2026-08-20,Comirnaty,17.53,20:43:20,2,8,95.47
2026-08-20,Comirnaty,9.97,20:43:50,2,8,95.49
2026-08-20,Comirnaty,9.17,20:44:20,2,8,95.5
2026-08-20,Comirnaty,15.55,20:44:50,2,8,95.51
2026-08-20,Comirnaty,6.1,20:45:20,2,8,0.0
2026-08-20,Comirnaty,6.97,20:45:50,2,8,0.0
2026-08-20,Comirnaty,6.56,20:46:20,2,8,0.0
2026-08-20,Comirnaty,6.7,20:46:50,2,8,0.0
2026-08-20,Comirnaty,15.34,20:47:20,2,8,95.56
2026-08-20,Comirnaty,11.23,20:47:50,2,8,95.57
2026-08-20,Comirnaty,11.52,20:48:20,2,8,95.58
2026-08-20,Comirnaty,2.12,20:48:50,2,8,0.0
2026-08-20,Comirnaty,6.08,20:49:20,2,8,0.0
2026-08-20,Comirnaty,4.57,20:49:50,2,8,0.0
2026-08-20,Comirnaty,6.8,20:50:20,2,8,0.0
2026-08-20,Comirnaty,6.75,20:50:50,2,8,0.0
2026-08-20,Comirnaty,16.05,20:51:20,2,8,95.65
2026-08-20,Comirnaty,4.13,20:51:50,2,8,0.0
2026-08-20,Comirnaty,10.18,20:52:20,2,8,95.67
2026-08-20,Comirnaty,12.28,20:52:50,2,8,95.68
2026-08-20,Comirnaty,14.03,20:53:20,2,8,95.69
2026-08-20,Comirnaty,13.81,20:53:50,2,8,95.7
2026-08-20,Comirnaty,4.04,20:54:20,2,8,0.0
2026-08-20,Comirnaty,16.34,20:54:50,2,8,95.72
2026-08-20,Comirnaty,14.14,20:55:20,2,8,95.73
2026-08-20,Comirnaty,3.44,20:55:50,2,8,0.0
2026-08-20,Comirnaty,12.8,20:56:20,2,8,95.76
2026-08-20,Comirnaty,3.87,20:56:50,2,8,0.0
2026-08-20,Comirnaty,12.36,20:57:20,2,8,95.78
2026-08-20,Comirnaty,5.91,20:57:50,2,8,0.0
2026-08-20,Comirnaty,15.09,20:58:20,2,8,95.8
2026-08-20,Comirnaty,3.05,20:58:50,2,8,0.0
2026-08-20,Comirnaty,2.97,20:59:20,2,8,0.0
2026-08-20,Comirnaty,9.91,20:59:50,2,8,95.83
2026-08-20,Comirnaty,11.99,21:00:20,2,8,95.84
2026-08-20,Comirnaty,3.16,21:00:50,2,8,0.0
2026-08-20,Comirnaty,12.98,21:01:20,2,8,95.86
2026-08-20,Comirnaty,13.25,21:01:50,2,8,95.88
2026-08-20,Comirnaty,17.14,21:02:20,2,8,95.89
2026-08-20,Comirnaty,3.87,21:02:50,2,8,0.0
2026-08-20,Comirnaty,5.18,21:03:20,2,8,0.0
2026-08-20,Comirnaty,12.37,21:03:50,2,8,95.92
2026-08-20,Comirnaty,2.65,21:04:20,2,8,0.0
2026-08-20,Comirnaty,11.21,21:04:50,2,8,95.94
2026-08-20,Comirnaty,6.88,21:05:20,2,8,0.0
2026-08-20,Comirnaty,14.39,21:05:50,2,8,95.96
2026-08-20,Comirnaty,5.53,21:06:20,2,8,0.0
2026-08-20,Comirnaty,5.51,21:06:50,2,8,0.0
2026-08-20,Comirnaty,6.79,21:07:20,2,8,0.0
2026-08-20,Comirnaty,7.29,21:07:50,2,8,0.0
2026-08-20,Comirnaty,12.59,21:08:20,2,8,96.02
2026-08-20,Comirnaty,11.2,21:08:50,2,8,96.03
2026-08-20,Comirnaty,4.82,21:09:20,2,8,0.0
2026-08-20,Comirnaty,11.27,21:09:50,2,8,96.05
2026-08-20,Comirnaty,16.54,21:10:20,2,8,96.06
2026-08-20,Comirnaty,17.94,21:10:50,2,8,96.07
2026-08-20,Comirnaty,3.31,21:11:20,2,8,0.0
2026-08-20,Comirnaty,16.0,21:11:50,2,8,96.09
2026-08-20,Comirnaty,5.13,21:12:20,2,8,0.0
2026-08-20,Comirnaty,17.9,21:12:50,2,8,96.11
2026-08-20,Comirnaty,13.21,21:13:20,2,8,96.12
2026-08-20,Comirnaty,3.74,21:13:50,2,8,0.0
2026-08-20,Comirnaty,9.56,21:14:20,2,8,96.15
2026-08-20,Comirnaty,10.28,21:14:50,2,8,96.16
2026-08-20,Comirnaty,12.62,21:15:20,2,8,96.17
2026-08-20,Comirnaty,9.93,21:15:50,2,8,96.18
2026-08-20,Comirnaty,2.28,21:16:20,2,8,0.0
2026-08-20,Comirnaty,3.81,21:16:50,2,8,0.0
2026-08-20,Comirnaty,6.65,21:17:20,2,8,0.0
2026-08-20,Comirnaty,14.31,21:17:50,2,8,96.22
2026-08-20,Comirnaty,9.03,21:18:20,2,8,96.23
2026-08-20,Comirnaty,7.65,21:18:50,2,8,0.0
2026-08-20,Comirnaty,12.87,21:19:20,2,8,96.25
2026-08-20,Comirnaty,10.25,21:19:50,2,8,96.27
2026-08-20,Comirnaty,12.57,21:20:20,2,8,96.28
2026-08-20,Comirnaty,6.5,21:20:50,2,8,0.0
2026-08-20,Comirnaty,7.2,21:21:20,2,8,0.0
2026-08-20,Comirnaty,4.8,21:21:50,2,8,0.0
2026-08-20,Comirnaty,12.75,21:22:20,2,8,96.32
2026-08-20,Comirnaty,2.95,21:22:50,2,8,0.0
2026-08-20,Comirnaty,16.13,21:23:20,2,8,96.34
2026-08-20,Comirnaty,9.25,21:23:50,2,8,96.35
2026-08-20,Comirnaty,13.71,21:24:20,2,8,96.36
2026-08-20,Comirnaty,4.48,21:24:50,2,8,0.0
2026-08-20,Comirnaty,9.61,21:25:20,2,8,96.38
2026-08-20,Comirnaty,2.53,21:25:50,2,8,0.0
2026-08-20,Comirnaty,14.18,21:26:20,2,8,96.41
2026-08-20,Comirnaty,7.24,21:26:50,2,8,0.0
2026-08-20,Comirnaty,5.24,21:27:20,2,8,0.0
2026-08-20,Comirnaty,13.54,21:27:50,2,8,96.44
2026-08-20,Comirnaty,13.03,21:28:20,2,8,96.45
2026-08-20,Comirnaty,9.19,21:28:50,2,8,96.46
2026-08-20,Comirnaty,4.4,21:29:20,2,8,0.0
2026-08-20,Comirnaty,14.83,21:29:50,2,8,96.48
2026-08-20,Comirnaty,12.29,21:30:20,2,8,96.49
2026-08-20,Comirnaty,10.8,21:30:50,2,8,96.5
2026-08-20,Comirnaty,12.62,21:31:20,2,8,96.51
2026-08-20,Comirnaty,10.43,21:31:50,2,8,96.53
2026-08-20,Comirnaty,16.91,21:32:20,2,8,96.54
2026-08-20,Comirnaty,14.64,21:32:50,2,8,96.55
2026-08-20,Comirnaty,14.97,21:33:20,2,8,96.56
2026-08-20,Comirnaty,17.2,21:33:50,2,8,96.57
2026-08-20,Comirnaty,16.92,21:34:20,2,8,96.58
2026-08-20,Comirnaty,12.56,21:34:50,2,8,96.59
2026-08-20,Comirnaty,10.54,21:35:20,2,8,96.6
2026-08-20,Comirnaty,6.61,21:35:50,2,8,0.0
2026-08-20,Comirnaty,11.41,21:36:20,2,8,96.62
2026-08-20,Comirnaty,5.6,21:36:50,2,8,0.0
2026-08-20,Comirnaty,7.28,21:37:20,2,8,0.0
2026-08-20,Comirnaty,10.02,21:37:50,2,8,96.66
2026-08-20,Comirnaty,4.83,21:38:20,2,8,0.0
2026-08-20,Comirnaty,11.94,21:38:50,2,8,96.68
2026-08-20,Comirnaty,11.31,21:39:20,2,8,96.69
2026-08-20,Comirnaty,14.02,21:39:50,2,8,96.7
2026-08-20,Comirnaty,9.76,21:40:20,2,8,96.71
2026-08-20,Comirnaty,15.52,21:40:50,2,8,96.72
2026-08-20,Comirnaty,10.54,21:41:20,2,8,96.73
2026-08-20,Comirnaty,17.18,21:41:50,2,8,96.74
2026-08-20,Comirnaty,16.71,21:42:20,2,8,96.75
2026-08-20,Comirnaty,17.87,21:42:50,2,8,96.76
2026-08-20,Comirnaty,2.04,21:43:20,2,8,0.0
2026-08-20,Comirnaty,12.02,21:43:50,2,8,96.79
2026-08-20,Comirnaty,14.64,21:44:20,2,8,96.8
2026-08-20,Comirnaty,11.28,21:44:50,2,8,96.81
2026-08-20,Comirnaty,3.66,21:45:20,2,8,0.0
2026-08-20,Comirnaty,11.39,21:45:50,2,8,96.83
2026-08-20,Comirnaty,5.21,21:46:20,2,8,0.0
2026-08-20,Comirnaty,11.0,21:46:50,2,8,96.85
2026-08-20,Comirnaty,7.92,21:47:20,2,8,0.0
2026-08-20,Comirnaty,16.01,21:47:50,2,8,96.87
2026-08-20,Comirnaty,13.76,21:48:20,2,8,96.88
2026-08-20,Comirnaty,13.73,21:48:50,2,8,96.89
2026-08-20,Comirnaty,12.29,21:49:20,2,8,96.9
2026-08-20,Comirnaty,16.23,21:49:50,2,8,96.92
2026-08-20,Comirnaty,4.31,21:50:20,2,8,0.0
2026-08-20,Comirnaty,4.55,21:50:50,2,8,0.0
2026-08-20,Comirnaty,3.06,21:51:20,2,8,0.0
2026-08-20,Comirnaty,3.06,21:51:50,2,8,0.0
2026-08-20,Comirnaty,11.55,21:52:20,2,8,96.97
2026-08-20,Comirnaty,3.32,21:52:50,2,8,0.0
2026-08-20,Comirnaty,11.54,21:53:20,2,8,96.99
2026-08-20,Comirnaty,17.59,21:53:50,2,8,97.0
2026-08-20,Comirnaty,7.48,21:54:20,2,8,0.0
2026-08-20,Comirnaty,11.3,21:54:50,2,8,97.02
2026-08-20,Comirnaty,11.23,21:55:20,2,8,97.03
2026-08-20,Comirnaty,6.86,21:55:50,2,8,0.0
2026-08-20,Comirnaty,2.21,21:56:20,2,8,0.0
2026-08-20,Comirnaty,11.65,21:56:50,2,8,97.07
2026-08-20,Comirnaty,2.15,21:57:20,2,8,0.0
2026-08-20,Comirnaty,16.45,21:57:50,2,8,97.09
2026-08-20,Comirnaty,14.83,21:58:20,2,8,97.1
2026-08-20,Comirnaty,12.06,21:58:50,2,8,97.11
2026-08-20,Comirnaty,17.62,21:59:20,2,8,97.12
2026-08-20,Comirnaty,15.54,21:59:50,2,8,97.13
2026-08-20,Comirnaty,10.53,22:00:20,2,8,97.14
2026-08-20,Comirnaty,3.47,22:00:50,2,8,0.0
2026-08-20,Comirnaty,10.51,22:01:20,2,8,97.16
2026-08-20,Comirnaty,12.28,22:01:50,2,8,97.17
2026-08-20,Comirnaty,11.43,22:02:20,2,8,97.19
2026-08-20,Comirnaty,12.17,22:02:50,2,8,97.2
2026-08-20,Comirnaty,11.22,22:03:20,2,8,97.21
2026-08-20,Comirnaty,16.5,22:03:50,2,8,97.22
2026-08-20,Comirnaty,3.65,22:04:20,2,8,0.0
2026-08-20,Comirnaty,4.3,22:04:50,2,8,0.0
2026-08-20,Comirnaty,3.62,22:05:20,2,8,0.0
2026-08-20,Comirnaty,2.69,22:05:50,2,8,0.0
2026-08-20,Comirnaty,5.66,22:06:20,2,8,0.0
2026-08-20,Comirnaty,15.94,22:06:50,2,8,97.28
2026-08-20,Comirnaty,15.5,22:07:20,2,8,97.29
2026-08-20,Comirnaty,17.25,22:07:50,2,8,97.3
2026-08-20,Comirnaty,2.86,22:08:20,2,8,0.0
2026-08-20,Comirnaty,7.63,22:08:50,2,8,0.0
2026-08-20,Comirnaty,15.88,22:09:20,2,8,97.34
2026-08-20,Comirnaty,3.24,22:09:50,2,8,0.0
2026-08-20,Comirnaty,5.03,22:10:20,2,8,0.0
2026-08-20,Comirnaty,16.85,22:10:50,2,8,97.37
2026-08-20,Comirnaty,4.84,22:11:20,2,8,0.0
2026-08-20,Comirnaty,11.47,22:11:50,2,8,97.39
2026-08-20,Comirnaty,4.69,22:12:20,2,8,0.0
2026-08-20,Comirnaty,3.46,22:12:50,2,8,0.0
2026-08-20,Comirnaty,2.85,22:13:20,2,8,0.0
2026-08-20,Comirnaty,7.96,22:13:50,2,8,0.0
2026-08-20,Comirnaty,11.84,22:14:20,2,8,97.45
2026-08-20,Comirnaty,10.27,22:14:50,2,8,97.46
2026-08-20,Comirnaty,15.26,22:15:20,2,8,97.47
2026-08-20,Comirnaty,9.97,22:15:50,2,8,97.48
2026-08-20,Comirnaty,3.17,22:16:20,2,8,0.0
2026-08-20,Comirnaty,17.06,22:16:50,2,8,97.5
2026-08-20,Comirnaty,16.67,22:17:20,2,8,97.51
2026-08-20,Comirnaty,3.85,22:17:50,2,8,0.0
2026-08-20,Comirnaty,6.18,22:18:20,2,8,0.0
2026-08-20,Comirnaty,10.73,22:18:50,2,8,97.54
2026-08-20,Comirnaty,17.97,22:19:20,2,8,97.55
2026-08-20,Comirnaty,2.29,22:19:50,2,8,0.0
2026-08-20,Comirnaty,3.49,22:20:20,2,8,0.0
2026-08-20,Comirnaty,11.09,22:20:50,2,8,97.59
2026-08-20,Comirnaty,17.37,22:21:20,2,8,97.6
2026-08-20,Comirnaty,17.83,22:21:50,2,8,97.61
2026-08-20,Comirnaty,3.4,22:22:20,2,8,0.0
2026-08-20,Comirnaty,12.3,22:22:50,2,8,97.63
2026-08-20,Comirnaty,13.87,22:23:20,2,8,97.64
2026-08-20,Comirnaty,5.37,22:23:50,2,8,0.0
2026-08-20,Comirnaty,7.78,22:24:20,2,8,0.0
2026-08-20,Comirnaty,13.28,22:24:50,2,8,97.67
2026-08-20,Comirnaty,7.62,22:25:20,2,8,0.0
2026-08-20,Comirnaty,13.85,22:25:50,2,8,97.7
2026-08-20,Comirnaty,17.57,22:26:20,2,8,97.71
2026-08-20,Comirnaty,3.24,22:26:50,2,8,0.0
2026-08-20,Comirnaty,10.11,22:27:20,2,8,97.73
2026-08-20,Comirnaty,16.0,22:27:50,2,8,97.74
2026-08-20,Comirnaty,13.88,22:28:20,2,8,97.75
2026-08-20,Comirnaty,13.42,22:28:50,2,8,97.76
2026-08-20,Comirnaty,2.07,22:29:20,2,8,0.0
2026-08-20,Comirnaty,14.73,22:29:50,2,8,97.78
2026-08-20,Comirnaty,14.09,22:30:20,2,8,97.79
2026-08-20,Comirnaty,16.37,22:30:50,2,8,97.8
2026-08-20,Comirnaty,13.23,22:31:20,2,8,97.81
2026-08-20,Comirnaty,12.8,22:31:50,2,8,97.83
2026-08-20,Comirnaty,3.58,22:32:20,2,8,0.0
2026-08-20,Comirnaty,12.23,22:32:50,2,8,97.85
2026-08-20,Comirnaty,17.16,22:33:20,2,8,97.86
2026-08-20,Comirnaty,15.07,22:33:50,2,8,97.87
2026-08-20,Comirnaty,9.41,22:34:20,2,8,97.88
2026-08-20,Comirnaty,17.17,22:34:50,2,8,97.89
2026-08-20,Comirnaty,3.98,22:35:20,2,8,0.0
2026-08-20,Comirnaty,9.95,22:35:50,2,8,97.91
2026-08-20,Comirnaty,16.45,22:36:20,2,8,97.92
2026-08-20,Comirnaty,15.01,22:36:50,2,8,97.93
2026-08-20,Comirnaty,12.59,22:37:20,2,8,97.94
2026-08-20,Comirnaty,12.69,22:37:50,2,8,97.95
2026-08-20,Comirnaty,17.55,22:38:20,2,8,97.97
2026-08-20,Comirnaty,7.95,22:38:50,2,8,0.0
2026-08-20,Comirnaty,11.15,22:39:20,2,8,97.99
2026-08-20,Comirnaty,9.95,22:39:50,2,8,98.0
2026-08-20,Comirnaty,10.27,22:40:20,2,8,98.01
2026-08-20,Comirnaty,6.47,22:40:50,2,8,0.0
2026-08-20,Comirnaty,15.37,22:41:20,2,8,98.03
2026-08-20,Comirnaty,10.45,22:41:50,2,8,98.04
2026-08-20,Comirnaty,15.02,22:42:20,2,8,98.05
2026-08-20,Comirnaty,10.36,22:42:50,2,8,98.06
2026-08-20,Comirnaty,15.33,22:43:20,2,8,98.07
2026-08-20,Comirnaty,11.66,22:43:50,2,8,98.09
2026-08-20,Comirnaty,10.21,22:44:20,2,8,98.1
2026-08-20,Comirnaty,9.27,22:44:50,2,8,98.11
2026-08-20,Comirnaty,6.26,22:45:20,2,8,0.0
2026-08-20,Comirnaty,9.91,22:45:50,2,8,98.13
2026-08-20,Comirnaty,15.54,22:46:20,2,8,98.14
2026-08-20,Comirnaty,10.62,22:46:50,2,8,98.15
2026-08-20,Comirnaty,14.21,22:47:20,2,8,98.16
2026-08-20,Comirnaty,13.94,22:47:50,2,8,98.17
2026-08-20,Comirnaty,17.42,22:48:20,2,8,98.18
2026-08-20,Comirnaty,4.48,22:48:50,2,8,0.0
2026-08-20,Comirnaty,16.03,22:49:20,2,8,98.2
2026-08-20,Comirnaty,4.99,22:49:50,2,8,0.0
2026-08-20,Comirnaty,16.87,22:50:20,2,8,98.23
2026-08-20,Comirnaty,7.73,22:50:50,2,8,0.0
2026-08-20,Comirnaty,3.65,22:51:20,2,8,0.0
2026-08-20,Comirnaty,10.71,22:51:50,2,8,98.26
2026-08-20,Comirnaty,12.46,22:52:20,2,8,98.27
2026-08-20,Comirnaty,17.47,22:52:50,2,8,98.28
2026-08-20,Comirnaty,7.92,22:53:20,2,8,0.0
2026-08-20,Comirnaty,16.55,22:53:50,2,8,98.3
2026-08-20,Comirnaty,16.43,22:54:20,2,8,98.31
2026-08-20,Comirnaty,4.33,22:54:50,2,8,0.0
2026-08-20,Comirnaty,12.7,22:55:20,2,8,98.33
2026-08-20,Comirnaty,9.73,22:55:50,2,8,98.35
2026-08-20,Comirnaty,13.62,22:56:20,2,8,98.36
2026-08-20,Comirnaty,12.08,22:56:50,2,8,98.37
2026-08-20,Comirnaty,14.27,22:57:20,2,8,98.38
2026-08-20,Comirnaty,10.14,22:57:50,2,8,98.39
2026-08-20,Comirnaty,12.37,22:58:20,2,8,98.4
2026-08-20,Comirnaty,14.58,22:58:50,2,8,98.41
2026-08-20,Comirnaty,17.3,22:59:20,2,8,98.42
2026-08-20,Comirnaty,17.21,22:59:50,2,8,98.43
2026-08-20,Comirnaty,12.57,23:00:20,2,8,98.44
2026-08-20,Comirnaty,3.08,23:00:50,2,8,0.0
2026-08-20,Comirnaty,12.55,23:01:20,2,8,98.46
2026-08-20,Comirnaty,13.68,23:01:50,2,8,98.48
2026-08-20,Comirnaty,2.34,23:02:20,2,8,0.0
2026-08-20,Comirnaty,7.18,23:02:50,2,8,0.0
2026-08-20,Comirnaty,13.75,23:03:20,2,8,98.51
2026-08-20,Comirnaty,2.05,23:03:50,2,8,0.0
2026-08-20,Comirnaty,15.07,23:04:20,2,8,98.53
2026-08-20,Comirnaty,6.54,23:04:50,2,8,0.0
2026-08-20,Comirnaty,17.37,23:05:20,2,8,98.55
2026-08-20,Comirnaty,15.5,23:05:50,2,8,98.56
2026-08-20,Comirnaty,13.35,23:06:20,2,8,98.57
2026-08-20,Comirnaty,16.66,23:06:50,2,8,98.58
2026-08-20,Comirnaty,10.45,23:07:20,2,8,98.59
2026-08-20,Comirnaty,11.72,23:07:50,2,8,98.6
2026-08-20,Comirnaty,11.2,23:08:20,2,8,98.62
2026-08-20,Comirnaty,3.55,23:08:50,2,8,0.0
2026-08-20,Comirnaty,11.09,23:09:20,2,8,98.64
2026-08-20,Comirnaty,12.27,23:09:50,2,8,98.65
2026-08-20,Comirnaty,6.73,23:10:20,2,8,0.0
2026-08-20,Comirnaty,7.88,23:10:50,2,8,0.0
2026-08-20,Comirnaty,14.21,23:11:20,2,8,98.68
2026-08-20,Comirnaty,12.95,23:11:50,2,8,98.69
2026-08-20,Comirnaty,17.72,23:12:20,2,8,98.7
2026-08-20,Comirnaty,3.62,23:12:50,2,8,0.0
2026-08-20,Comirnaty,16.62,23:13:20,2,8,98.72
2026-08-20,Comirnaty,16.74,23:13:50,2,8,98.74
2026-08-20,Comirnaty,16.24,23:14:20,2,8,98.75
2026-08-20,Comirnaty,2.17,23:14:50,2,8,0.0
2026-08-20,Comirnaty,12.69,23:15:20,2,8,98.77
2026-08-20,Comirnaty,14.93,23:15:50,2,8,98.78
2026-08-20,Comirnaty,11.85,23:16:20,2,8,98.79
2026-08-20,Comirnaty,15.24,23:16:50,2,8,98.8
2026-08-20,Comirnaty,7.31,23:17:20,2,8,0.0
2026-08-20,Comirnaty,17.08,23:17:50,2,8,98.82
2026-08-20,Comirnaty,9.28,23:18:20,2,8,98.83
2026-08-20,Comirnaty,17.25,23:18:50,2,8,98.84
2026-08-20,Comirnaty,2.88,23:19:20,2,8,0.0
2026-08-20,Comirnaty,9.9,23:19:50,2,8,98.86
2026-08-20,Comirnaty,13.49,23:20:20,2,8,98.88
2026-08-20,Comirnaty,2.76,23:20:50,2,8,0.0
2026-08-20,Comirnaty,10.17,23:21:20,2,8,98.9
2026-08-20,Comirnaty,11.14,23:21:50,2,8,98.91
2026-08-20,Comirnaty,3.36,23:22:20,2,8,0.0
2026-08-20,Comirnaty,13.37,23:22:50,2,8,98.93
2026-08-20,Comirnaty,15.54,23:23:20,2,8,98.94
2026-08-20,Comirnaty,3.83,23:23:50,2,8,0.0
2026-08-20,Comirnaty,3.38,23:24:20,2,8,0.0
2026-08-20,Comirnaty,10.91,23:24:50,2,8,98.97
2026-08-20,Comirnaty,13.36,23:25:20,2,8,98.98
2026-08-20,Comirnaty,5.32,23:25:50,2,8,0.0
2026-08-20,Comirnaty,12.63,23:26:20,2,8,99.01
2026-08-20,Comirnaty,14.01,23:26:50,2,8,99.02
2026-08-20,Comirnaty,14.45,23:27:20,2,8,99.03
2026-08-20,Comirnaty,2.62,23:27:50,2,8,0.0
2026-08-20,Comirnaty,17.24,23:28:20,2,8,99.05
2026-08-20,Comirnaty,14.84,23:28:50,2,8,99.06
2026-08-20,Comirnaty,2.61,23:29:20,2,8,0.0
2026-08-20,Comirnaty,6.48,23:29:50,2,8,0.0
2026-08-20,Comirnaty,2.54,23:30:20,2,8,0.0
2026-08-20,Comirnaty,5.17,23:30:50,2,8,0.0
2026-08-20,Comirnaty,3.3,23:31:20,2,8,0.0
2026-08-20,Comirnaty,9.99,23:31:50,2,8,99.12
2026-08-20,Comirnaty,14.44,23:32:20,2,8,99.14
2026-08-20,Comirnaty,17.1,23:32:50,2,8,99.15
2026-08-20,Comirnaty,11.1,23:33:20,2,8,99.16
2026-08-20,Comirnaty,6.0,23:33:50,2,8,0.0
2026-08-20,Comirnaty,9.07,23:34:20,2,8,99.18
2026-08-20,Comirnaty,14.25,23:34:50,2,8,99.19
2026-08-20,Comirnaty,14.66,23:35:20,2,8,99.2
2026-08-20,Comirnaty,9.93,23:35:50,2,8,99.21
2026-08-20,Comirnaty,12.42,23:36:20,2,8,99.22
2026-08-20,Comirnaty,17.04,23:36:50,2,8,99.23
2026-08-20,Comirnaty,16.93,23:37:20,2,8,99.24
2026-08-20,Comirnaty,2.76,23:37:50,2,8,0.0
2026-08-20,Comirnaty,9.82,23:38:20,2,8,99.27
2026-08-20,Comirnaty,2.4,23:38:50,2,8,0.0
2026-08-20,Comirnaty,3.2,23:39:20,2,8,0.0
2026-08-20,Comirnaty,13.12,23:39:50,2,8,99.3
2026-08-20,Comirnaty,9.33,23:40:20,2,8,99.31
2026-08-20,Comirnaty,14.19,23:40:50,2,8,99.32
2026-08-20,Comirnaty,15.1,23:41:20,2,8,99.33
2026-08-20,Comirnaty,14.67,23:41:50,2,8,99.34
2026-08-20,Comirnaty,11.55,23:42:20,2,8,99.35
2026-08-20,Comirnaty,10.59,23:42:50,2,8,99.36
2026-08-20,Comirnaty,17.51,23:43:20,2,8,99.37
2026-08-20,Comirnaty,7.68,23:43:50,2,8,0.0
2026-08-20,Comirnaty,11.71,23:44:20,2,8,99.4
2026-08-20,Comirnaty,11.6,23:44:50,2,8,99.41
2026-08-20,Comirnaty,4.18,23:45:20,2,8,0.0
2026-08-20,Comirnaty,16.02,23:45:50,2,8,99.43
2026-08-20,Comirnaty,10.2,23:46:20,2,8,99.44
2026-08-20,Comirnaty,4.72,23:46:50,2,8,0.0
2026-08-20,Comirnaty,6.92,23:47:20,2,8,0.0
2026-08-20,Comirnaty,9.94,23:47:50,2,8,99.47
2026-08-20,Comirnaty,15.1,23:48:20,2,8,99.48
2026-08-20,Comirnaty,3.92,23:48:50,2,8,0.0
2026-08-20,Comirnaty,4.84,23:49:20,2,8,0.0
2026-08-20,Comirnaty,11.17,23:49:50,2,8,99.52
2026-08-20,Comirnaty,16.47,23:50:20,2,8,99.53
2026-08-20,Comirnaty,11.71,23:50:50,2,8,99.54
2026-08-20,Comirnaty,15.58,23:51:20,2,8,99.55
2026-08-20,Comirnaty,7.91,23:51:50,2,8,0.0
2026-08-20,Comirnaty,3.3,23:52:20,2,8,0.0
2026-08-20,Comirnaty,14.5,23:52:50,2,8,99.58
2026-08-20,Comirnaty,9.77,23:53:20,2,8,99.59
2026-08-20,Comirnaty,13.95,23:53:50,2,8,99.6
2026-08-20,Comirnaty,3.24,23:54:20,2,8,0.0
2026-08-20,Comirnaty,14.28,23:54:50,2,8,99.62
2026-08-20,Comirnaty,11.32,23:55:20,2,8,99.63
2026-08-20,Comirnaty,6.54,23:55:50,2,8,0.0
2026-08-20,Comirnaty,15.66,23:56:20,2,8,99.66
2026-08-20,Comirnaty,15.58,23:56:50,2,8,99.67
2026-08-20,Comirnaty,17.82,23:57:20,2,8,99.68
2026-08-20,Comirnaty,15.09,23:57:50,2,8,99.69
2026-08-20,Comirnaty,4.51,23:58:20,2,8,0.0
2026-08-20,Comirnaty,12.74,23:58:50,2,8,99.71
2026-08-20,Comirnaty,16.11,23:59:20,2,8,99.72
2026-08-20,Comirnaty,16.29,23:59:50,2,8,99.73
2026-08-20,Comirnaty,12.74,00:00:20,2,8,99.74
2026-08-20,Comirnaty,5.34,00:00:50,2,8,0.0
2026-08-20,Comirnaty,17.78,00:01:20,2,8,99.76
2026-08-20,Comirnaty,12.77,00:01:50,2,8,99.78
2026-08-20,Comirnaty,5.31,00:02:20,2,8,0.0
2026-08-20,Comirnaty,17.96,00:02:50,2,8,99.8
2026-08-20,Comirnaty,4.02,00:03:20,2,8,0.0
2026-08-20,Comirnaty,9.95,00:03:50,2,8,99.82
2026-08-20,Comirnaty,15.96,00:04:20,2,8,99.83
2026-08-20,Comirnaty,9.92,00:04:50,2,8,99.84
2026-08-20,Comirnaty,5.51,00:05:20,2,8,0.0
2026-08-20,Comirnaty,6.21,00:05:50,2,8,0.0
2026-08-20,Comirnaty,12.92,00:06:20,2,8,99.87
2026-08-20,Comirnaty,10.98,00:06:50,2,8,99.88
2026-08-20,Comirnaty,4.61,00:07:20,2,8,0.0
2026-08-20,Comirnaty,9.35,00:07:50,2,8,99.91
2026-08-20,Comirnaty,7.59,00:08:20,2,8,0.0
2026-08-20,Comirnaty,14.01,00:08:50,2,8,99.93
2026-08-20,Comirnaty,14.4,00:09:20,2,8,99.94
2026-08-20,Comirnaty,9.64,00:09:50,2,8,99.95
2026-08-20,Comirnaty,15.42,00:10:20,2,8,99.96
2026-08-20,Comirnaty,3.16,00:10:50,2,8,0.0
2026-08-20,Comirnaty,14.66,00:11:20,2,8,99.98
2026-08-20,Comirnaty,17.13,00:11:50,2,8,99.99
2026-08-20,Comirnaty,6.71,00:12:20,2,8,0.0
2026-08-20,Comirnaty,16.09,00:12:50,2,8,100.01
2026-08-20,Comirnaty,12.25,00:13:20,2,8,100.02
2026-08-20,Comirnaty,2.17,00:13:50,2,8,0.0
2026-08-20,Comirnaty,5.86,00:14:20,2,8,0.0
2026-08-20,Comirnaty,4.03,00:14:50,2,8,0.0
2026-08-20,Comirnaty,13.77,00:15:20,2,8,100.07
2026-08-20,Comirnaty,7.97,00:15:50,2,8,0.0
2026-08-20,Comirnaty,9.97,00:16:20,2,8,100.09
2026-08-20,Comirnaty,7.06,00:16:50,2,8,0.0
2026-08-20,Comirnaty,4.56,00:17:20,2,8,0.0
2026-08-20,Comirnaty,11.31,00:17:50,2,8,100.12
2026-08-20,Comirnaty,10.15,00:18:20,2,8,100.13
2026-08-20,Comirnaty,9.81,00:18:50,2,8,100.14
2026-08-20,Comirnaty,14.55,00:19:20,2,8,100.15
2026-08-20,Comirnaty,7.21,00:19:50,2,8,0.0
2026-08-20,Comirnaty,12.67,00:20:20,2,8,100.18
2026-08-20,Comirnaty,17.36,00:20:50,2,8,100.19
2026-08-20,Comirnaty,16.35,00:21:20,2,8,100.2
2026-08-20,Comirnaty,10.42,00:21:50,2,8,100.21
2026-08-20,Comirnaty,10.79,00:22:20,2,8,100.22
2026-08-20,Comirnaty,15.03,00:22:50,2,8,100.23
2026-08-20,Comirnaty,13.98,00:23:20,2,8,100.24
2026-08-20,Comirnaty,17.78,00:23:50,2,8,100.25
2026-08-20,Comirnaty,15.25,00:24:20,2,8,100.26
2026-08-20,Comirnaty,16.6,00:24:50,2,8,100.27
2026-08-20,Comirnaty,5.7,00:25:20,2,8,0.0
2026-08-20,Comirnaty,13.46,00:25:50,2,8,100.3
2026-08-20,Comirnaty,14.52,00:26:20,2,8,100.31
2026-08-20,Comirnaty,2.3,00:26:50,2,8,0.0
2026-08-20,Comirnaty,5.58,00:27:20,2,8,0.0
2026-08-20,Comirnaty,15.73,00:27:50,2,8,100.34
2026-08-20,Comirnaty,17.64,00:28:20,2,8,100.35
2026-08-20,Comirnaty,15.28,00:28:50,2,8,100.36
2026-08-20,Comirnaty,17.36,00:29:20,2,8,100.37
2026-08-20,Comirnaty,10.02,00:29:50,2,8,100.38
2026-08-20,Comirnaty,4.58,00:30:20,2,8,0.0
2026-08-20,Comirnaty,14.04,00:30:50,2,8,100.4
2026-08-20,Comirnaty,6.27,00:31:20,2,8,0.0
2026-08-20,Comirnaty,7.84,00:31:50,2,8,0.0
2026-08-20,Comirnaty,15.99,00:32:20,2,8,100.44
2026-08-20,Comirnaty,9.98,00:32:50,2,8,100.45
2026-08-20,Comirnaty,14.51,00:33:20,2,8,100.46
2026-08-20,Comirnaty,16.61,00:33:50,2,8,100.47
2026-08-20,Comirnaty,16.99,00:34:20,2,8,100.48
2026-08-20,Comirnaty,12.43,00:34:50,2,8,100.49
2026-08-20,Comirnaty,2.22,00:35:20,2,8,0.0
2026-08-20,Comirnaty,7.52,00:35:50,2,8,0.0
2026-08-20,Comirnaty,11.65,00:36:20,2,8,100.52
2026-08-20,Comirnaty,4.4,00:36:50,2,8,0.0
2026-08-20,Comirnaty,11.05,00:37:20,2,8,100.54
2026-08-20,Comirnaty,17.9,00:37:50,2,8,100.55
2026-08-20,Comirnaty,2.27,00:38:20,2,8,0.0
2026-08-20,Comirnaty,14.62,00:38:50,2,8,100.58
2026-08-20,Comirnaty,2.09,00:39:20,2,8,0.0
2026-08-20,Comirnaty,16.3,00:39:50,2,8,100.6
2026-08-20,Comirnaty,6.82,00:40:20,2,8,0.0
2026-08-20,Comirnaty,3.48,00:40:50,2,8,0.0
2026-08-20,Comirnaty,3.75,00:41:20,2,8,0.0
2026-08-20,Comirnaty,10.43,00:41:50,2,8,100.64
2026-08-20,Comirnaty,9.76,00:42:20,2,8,100.65
2026-08-20,Comirnaty,3.89,00:42:50,2,8,0.0
2026-08-20,Comirnaty,9.28,00:43:20,2,8,100.67
2026-08-20,Comirnaty,11.91,00:43:50,2,8,100.69
2026-08-20,Comirnaty,6.61,00:44:20,2,8,0.0
2026-08-20,Comirnaty,3.43,00:44:50,2,8,0.0
2026-08-20,Comirnaty,12.78,00:45:20,2,8,100.72
2026-08-20,Comirnaty,11.36,00:45:50,2,8,100.73
2026-08-20,Comirnaty,4.43,00:46:20,2,8,0.0
2026-08-20,Comirnaty,16.42,00:46:50,2,8,100.75
2026-08-20,Comirnaty,2.06,00:47:20,2,8,0.0
2026-08-20,Comirnaty,7.58,00:47:50,2,8,0.0
2026-08-20,Comirnaty,17.96,00:48:20,2,8,100.78
2026-08-20,Comirnaty,14.65,00:48:50,2,8,100.79
2026-08-20,Comirnaty,17.49,00:49:20,2,8,100.8
2026-08-20,Comirnaty,6.53,00:49:50,2,8,0.0
2026-08-20,Comirnaty,5.58,00:50:20,2,8,0.0
2026-08-20,Comirnaty,2.63,00:50:50,2,8,0.0
2026-08-20,Comirnaty,9.6,00:51:20,2,8,100.85
2026-08-20,Comirnaty,11.89,00:51:50,2,8,100.86
2026-08-20,Comirnaty,7.31,00:52:20,2,8,0.0
2026-08-20,Comirnaty,3.71,00:52:50,2,8,0.0
2026-08-20,Comirnaty,2.9,00:53:20,2,8,0.0
2026-08-20,Comirnaty,15.16,00:53:50,2,8,100.9
2026-08-20,Comirnaty,15.72,00:54:20,2,8,100.91
2026-08-20,Comirnaty,2.4,00:54:50,2,8,0.0
2026-08-20,Comirnaty,2.93,00:55:20,2,8,0.0
2026-08-20,Comirnaty,7.21,00:55:50,2,8,0.0
2026-08-20,Comirnaty,12.23,00:56:20,2,8,100.96
2026-08-20,Comirnaty,17.21,00:56:50,2,8,100.97
2026-08-20,Comirnaty,10.9,00:57:20,2,8,100.98
2026-08-20,Comirnaty,4.72,00:57:50,2,8,0.0
2026-08-20,Comirnaty,7.78,00:58:20,2,8,0.0
2026-08-20,Comirnaty,6.68,00:58:50,2,8,0.0
2026-08-20,Comirnaty,11.54,00:59:20,2,8,101.02
2026-08-20,Comirnaty,2.82,00:59:50,2,8,0.0
2026-08-20,Comirnaty,13.66,01:00:20,2,8,101.04
2026-08-20,Comirnaty,2.13,01:00:50,2,8,0.0
2026-08-20,Comirnaty,6.35,01:01:20,2,8,0.0
2026-08-20,Comirnaty,12.53,01:01:50,2,8,101.08
2026-08-20,Comirnaty,6.72,01:02:20,2,8,0.0
2026-08-20,Comirnaty,2.66,01:02:50,2,8,0.0
2026-08-20,Comirnaty,7.54,01:03:20,2,8,0.0
2026-08-20,Comirnaty,15.72,01:03:50,2,8,101.12
2026-08-20,Comirnaty,4.43,01:04:20,2,8,0.0
2026-08-20,Comirnaty,9.28,01:04:50,2,8,101.14
2026-08-20,Comirnaty,12.39,01:05:20,2,8,101.15
2026-08-20,Comirnaty,9.78,01:05:50,2,8,101.16
2026-08-20,Comirnaty,17.6,01:06:20,2,8,101.17
2026-08-20,Comirnaty,9.73,01:06:50,2,8,101.18
2026-08-20,Comirnaty,14.68,01:07:20,2,8,101.19
2026-08-20,Comirnaty,9.61,01:07:50,2,8,101.2
2026-08-20,Comirnaty,10.65,01:08:20,2,8,101.22
2026-08-20,Comirnaty,17.48,01:08:50,2,8,101.23
2026-08-20,Comirnaty,6.47,01:09:20,2,8,0.0
2026-08-20,Comirnaty,13.17,01:09:50,2,8,101.25
2026-08-20,Comirnaty,14.06,01:10:20,2,8,101.26
2026-08-20,Comirnaty,15.7,01:10:50,2,8,101.27
2026-08-20,Comirnaty,2.86,01:11:20,2,8,0.0
2026-08-20,Comirnaty,11.17,01:11:50,2,8,101.29
2026-08-20,Comirnaty,16.03,01:12:20,2,8,101.3
2026-08-20,Comirnaty,9.75,01:12:50,2,8,101.31
2026-08-20,Comirnaty,5.83,01:13:20,2,8,0.0
2026-08-20,Comirnaty,2.08,01:13:50,2,8,0.0
2026-08-20,Comirnaty,16.59,01:14:20,2,8,101.35
2026-08-20,Comirnaty,10.05,01:14:50,2,8,101.36
2026-08-20,Comirnaty,14.16,01:15:20,2,8,101.37
2026-08-20,Comirnaty,15.0,01:15:50,2,8,101.38
2026-08-20,Comirnaty,16.19,01:16:20,2,8,101.39
2026-08-20,Comirnaty,11.88,01:16:50,2,8,101.4
2026-08-20,Comirnaty,4.53,01:17:20,2,8,0.0
2026-08-20,Comirnaty,9.04,01:17:50,2,8,101.42
2026-08-20,Comirnaty,2.41,01:18:20,2,8,0.0
2026-08-20,Comirnaty,7.33,01:18:50,2,8,0.0
2026-08-20,Comirnaty,4.56,01:19:20,2,8,0.0
2026-08-20,Comirnaty,14.47,01:19:50,2,8,101.47
2026-08-20,Comirnaty,15.96,01:20:20,2,8,101.48
2026-08-20,Comirnaty,13.8,01:20:50,2,8,101.49
2026-08-20,Comirnaty,14.32,01:21:20,2,8,101.5
2026-08-20,Comirnaty,11.01,01:21:50,2,8,101.51
2026-08-20,Comirnaty,7.9,01:22:20,2,8,0.0
2026-08-20,Comirnaty,11.29,01:22:50,2,8,101.53
2026-08-20,Comirnaty,17.04,01:23:20,2,8,101.54
2026-08-20,Comirnaty,4.67,01:23:50,2,8,0.0
2026-08-20,Comirnaty,7.53,01:24:20,2,8,0.0
2026-08-20,Comirnaty,16.22,01:24:50,2,8,101.57
2026-08-20,Comirnaty,16.68,01:25:20,2,8,101.58
2026-08-20,Comirnaty,10.94,01:25:50,2,8,101.6
2026-08-20,Comirnaty,13.6,01:26:20,2,8,101.61
2026-08-20,Comirnaty,7.66,01:26:50,2,8,0.0
2026-08-20,Comirnaty,12.76,01:27:20,2,8,101.63
2026-08-20,Comirnaty,16.54,01:27:50,2,8,101.64
2026-08-20,Comirnaty,10.39,01:28:20,2,8,101.65
2026-08-20,Comirnaty,5.65,01:28:50,2,8,0.0
2026-08-20,Comirnaty,13.81,01:29:20,2,8,101.67
2026-08-20,Comirnaty,16.76,01:29:50,2,8,101.68
2026-08-20,Comirnaty,12.33,01:30:20,2,8,101.69
2026-08-20,Comirnaty,6.54,01:30:50,2,8,0.0
2026-08-20,Comirnaty,15.93,01:31:20,2,8,101.71
2026-08-20,Comirnaty,2.72,01:31:50,2,8,0.0
2026-08-20,Comirnaty,10.41,01:32:20,2,8,101.74
2026-08-20,Comirnaty,4.78,01:32:50,2,8,0.0
2026-08-20,Comirnaty,10.14,01:33:20,2,8,101.76
2026-08-20,Comirnaty,16.54,01:33:50,2,8,101.77
2026-08-20,Comirnaty,11.85,01:34:20,2,8,101.78
2026-08-20,Comirnaty,4.03,01:34:50,2,8,0.0
2026-08-20,Comirnaty,13.6,01:35:20,2,8,101.8
2026-08-20,Comirnaty,9.1,01:35:50,2,8,101.81
2026-08-20,Comirnaty,2.13,01:36:20,2,8,0.0
2026-08-20,Comirnaty,5.32,01:36:50,2,8,0.0
2026-08-20,Comirnaty,6.37,01:37:20,2,8,0.0
2026-08-20,Comirnaty,10.93,01:37:50,2,8,101.85
2026-08-20,Comirnaty,17.63,01:38:20,2,8,101.87
2026-08-20,Comirnaty,3.04,01:38:50,2,8,0.0
2026-08-20,Comirnaty,2.97,01:39:20,2,8,0.0
2026-08-20,Comirnaty,4.07,01:39:50,2,8,0.0
2026-08-20,Comirnaty,3.61,01:40:20,2,8,0.0
2026-08-20,Comirnaty,10.35,01:40:50,2,8,101.92
2026-08-20,Comirnaty,11.65,01:41:20,2,8,101.93
2026-08-20,Comirnaty,9.35,01:41:50,2,8,101.94
2026-08-20,Comirnaty,17.08,01:42:20,2,8,101.95
2026-08-20,Comirnaty,9.05,01:42:50,2,8,101.96
2026-08-20,Comirnaty,9.04,01:43:20,2,8,101.97
2026-08-20,Comirnaty,17.4,01:43:50,2,8,101.99
2026-08-20,Comirnaty,17.71,01:44:20,2,8,102.0
2026-08-20,Comirnaty,5.92,01:44:50,2,8,0.0
2026-08-20,Comirnaty,15.6,01:45:20,2,8,102.02
2026-08-20,Comirnaty,10.5,01:45:50,2,8,102.03
2026-08-20,Comirnaty,15.96,01:46:20,2,8,102.04
2026-08-20,Comirnaty,17.03,01:46:50,2,8,102.05
2026-08-20,Comirnaty,3.19,01:47:20,2,8,0.0
2026-08-20,Comirnaty,15.17,01:47:50,2,8,102.07
2026-08-20,Comirnaty,9.93,01:48:20,2,8,102.08
2026-08-20,Comirnaty,17.77,01:48:50,2,8,102.09
2026-08-20,Comirnaty,5.21,01:49:20,2,8,0.0
2026-08-20,Comirnaty,7.64,01:49:50,2,8,0.0
2026-08-20,Comirnaty,6.12,01:50:20,2,8,0.0
2026-08-20,Comirnaty,5.36,01:50:50,2,8,0.0
2026-08-20,Comirnaty,5.18,01:51:20,2,8,0.0
2026-08-20,Comirnaty,14.73,01:51:50,2,8,102.16
2026-08-20,Comirnaty,9.5,01:52:20,2,8,102.17
2026-08-20,Comirnaty,14.73,01:52:50,2,8,102.18
2026-08-20,Comirnaty,11.5,01:53:20,2,8,102.19
2026-08-20,Comirnaty,7.07,01:53:50,2,8,0.0
2026-08-20,Comirnaty,3.75,01:54:20,2,8,0.0
2026-08-20,Comirnaty,12.77,01:54:50,2,8,102.22
2026-08-20,Comirnaty,14.25,01:55:20,2,8,102.23
2026-08-20,Comirnaty,4.02,01:55:50,2,8,0.0
2026-08-20,Comirnaty,10.61,01:56:20,2,8,102.26
2026-08-20,Comirnaty,6.95,01:56:50,2,8,0.0
2026-08-20,Comirnaty,5.72,01:57:20,2,8,0.0
2026-08-20,Comirnaty,7.42,01:57:50,2,8,0.0
2026-08-20,Comirnaty,4.86,01:58:20,2,8,0.0
2026-08-20,Comirnaty,14.23,01:58:50,2,8,102.31
2026-08-20,Comirnaty,5.31,01:59:20,2,8,0.0
2026-08-20,Comirnaty,10.33,01:59:50,2,8,102.33
2026-08-20,Comirnaty,12.15,02:00:20,2,8,102.34
2026-08-20,Comirnaty,13.83,02:00:50,2,8,102.35
2026-08-20,Comirnaty,5.69,02:01:20,2,8,0.0
2026-08-20,Comirnaty,2.37,02:01:50,2,8,0.0
2026-08-20,Comirnaty,9.24,02:02:20,2,8,102.39
2026-08-20,Comirnaty,3.82,02:02:50,2,8,0.0
2026-08-20,Comirnaty,3.81,02:03:20,2,8,0.0
2026-08-20,Comirnaty,6.59,02:03:50,2,8,0.0
2026-08-20,Comirnaty,10.95,02:04:20,2,8,102.43
2026-08-20,Comirnaty,3.82,02:04:50,2,8,0.0
2026-08-20,Comirnaty,16.15,02:05:20,2,8,102.45
2026-08-20,Comirnaty,16.82,02:05:50,2,8,102.46
2026-08-20,Comirnaty,5.74,02:06:20,2,8,0.0
2026-08-20,Comirnaty,3.62,02:06:50,2,8,0.0
2026-08-20,Comirnaty,9.1,02:07:20,2,8,102.49
2026-08-20,Comirnaty,17.23,02:07:50,2,8,102.5
2026-08-20,Comirnaty,15.53,02:08:20,2,8,102.52
2026-08-20,Comirnaty,7.13,02:08:50,2,8,0.0
2026-08-20,Comirnaty,5.48,02:09:20,2,8,0.0
2026-08-20,Comirnaty,15.94,02:09:50,2,8,102.55
2026-08-20,Comirnaty,17.79,02:10:20,2,8,102.56
2026-08-20,Comirnaty,16.29,02:10:50,2,8,102.57
2026-08-20,Comirnaty,7.43,02:11:20,2,8,0.0
2026-08-20,Comirnaty,3.73,02:11:50,2,8,0.0
2026-08-20,Comirnaty,7.51,02:12:20,2,8,0.0
2026-08-20,Comirnaty,11.11,02:12:50,2,8,102.61
2026-08-20,Comirnaty,16.36,02:13:20,2,8,102.62
2026-08-20,Comirnaty,16.31,02:13:50,2,8,102.64
2026-08-20,Comirnaty,12.01,02:14:20,2,8,102.65
2026-08-20,Comirnaty,5.48,02:14:50,2,8,0.0
2026-08-20,Comirnaty,16.27,02:15:20,2,8,102.67
2026-08-20,Comirnaty,17.04,02:15:50,2,8,102.68
2026-08-20,Comirnaty,14.69,02:16:20,2,8,102.69
2026-08-20,Comirnaty,15.23,02:16:50,2,8,102.7
2026-08-20,Comirnaty,17.18,02:17:20,2,8,102.71
2026-08-20,Comirnaty,6.03,02:17:50,2,8,0.0
2026-08-20,Comirnaty,5.89,02:18:20,2,8,0.0
2026-08-20,Comirnaty,11.91,02:18:50,2,8,102.74
2026-08-20,Comirnaty,3.62,02:19:20,2,8,0.0
2026-08-20,Comirnaty,2.23,02:19:50,2,8,0.0
2026-08-20,Comirnaty,3.49,02:20:20,2,8,0.0
2026-08-20,Comirnaty,10.68,02:20:50,2,8,102.79
2026-08-20,Comirnaty,2.78,02:21:20,2,8,0.0
2026-08-20,Comirnaty,9.9,02:21:50,2,8,102.81
2026-08-20,Comirnaty,12.92,02:22:20,2,8,102.82
2026-08-20,Comirnaty,17.98,02:22:50,2,8,102.83
2026-08-20,Comirnaty,11.37,02:23:20,2,8,102.84
2026-08-20,Comirnaty,10.87,02:23:50,2,8,102.85
2026-08-20,Comirnaty,7.78,02:24:20,2,8,0.0
2026-08-20,Comirnaty,2.16,02:24:50,2,8,0.0
2026-08-20,Comirnaty,2.99,02:25:20,2,8,0.0
2026-08-20,Comirnaty,4.06,02:25:50,2,8,0.0
2026-08-20,Comirnaty,16.05,02:26:20,2,8,102.91
2026-08-20,Comirnaty,7.43,02:26:50,2,8,0.0
2026-08-20,Comirnaty,5.16,02:27:20,2,8,0.0
2026-08-20,Comirnaty,6.85,02:27:50,2,8,0.0
2026-08-20,Comirnaty,7.52,02:28:20,2,8,0.0
2026-08-20,Comirnaty,4.43,02:28:50,2,8,0.0
2026-08-20,Comirnaty,16.58,02:29:20,2,8,102.97
2026-08-20,Comirnaty,5.52,02:29:50,2,8,0.0
2026-08-20,Comirnaty,13.49,02:30:20,2,8,102.99
2026-08-20,Comirnaty,16.3,02:30:50,2,8,103.0
2026-08-20,Comirnaty,4.94,02:31:20,2,8,0.0
2026-08-20,Comirnaty,17.99,02:31:50,2,8,103.03
2026-08-20,Comirnaty,11.86,02:32:20,2,8,103.04
2026-08-20,Comirnaty,3.58,02:32:50,2,8,0.0
2026-08-20,Comirnaty,5.02,02:33:20,2,8,0.0
2026-08-20,Comirnaty,5.69,02:33:50,2,8,0.0
2026-08-20,Comirnaty,4.14,02:34:20,2,8,0.0
2026-08-20,Comirnaty,14.92,02:34:50,2,8,103.09
2026-08-20,Comirnaty,3.17,02:35:20,2,8,0.0
2026-08-20,Comirnaty,3.05,02:35:50,2,8,0.0
2026-08-20,Comirnaty,3.7,02:36:20,2,8,0.0
2026-08-20,Comirnaty,12.32,02:36:50,2,8,103.13
2026-08-20,Comirnaty,2.0,02:37:20,2,8,0.0
2026-08-20,Comirnaty,6.91,02:37:50,2,8,0.0
2026-08-20,Comirnaty,15.16,02:38:20,2,8,103.17
2026-08-20,Comirnaty,13.44,02:38:50,2,8,103.18
2026-08-20,Comirnaty,11.67,02:39:20,2,8,103.19
2026-08-20,Comirnaty,7.12,02:39:50,2,8,0.0
2026-08-20,Comirnaty,12.41,02:40:20,2,8,103.21
2026-08-20,Comirnaty,13.24,02:40:50,2,8,103.22
2026-08-20,Comirnaty,14.48,02:41:20,2,8,103.23
2026-08-20,Comirnaty,17.09,02:41:50,2,8,103.24
2026-08-20,Comirnaty,5.7,02:42:20,2,8,0.0
2026-08-20,Comirnaty,2.93,02:42:50,2,8,0.0
2026-08-20,Comirnaty,15.3,02:43:20,2,8,103.27
2026-08-20,Comirnaty,3.47,02:43:50,2,8,0.0
2026-08-20,Comirnaty,10.55,02:44:20,2,8,103.3
2026-08-20,Comirnaty,15.63,02:44:50,2,8,103.31
2026-08-20,Comirnaty,15.13,02:45:20,2,8,103.32
2026-08-20,Comirnaty,16.67,02:45:50,2,8,103.33
2026-08-20,Comirnaty,13.43,02:46:20,2,8,103.34
2026-08-20,Comirnaty,6.18,02:46:50,2,8,0.0
2026-08-20,Comirnaty,15.54,02:47:20,2,8,103.36
2026-08-20,Comirnaty,6.29,02:47:50,2,8,0.0
2026-08-20,Comirnaty,9.34,02:48:20,2,8,103.38
2026-08-20,Comirnaty,11.5,02:48:50,2,8,103.39
2026-08-20,Comirnaty,16.26,02:49:20,2,8,103.4
2026-08-20,Comirnaty,3.05,02:49:50,2,8,0.0
2026-08-20,Comirnaty,2.11,02:50:20,2,8,0.0
2026-08-20,Comirnaty,9.9,02:50:50,2,8,103.44
2026-08-20,Comirnaty,12.1,02:51:20,2,8,103.45
2026-08-20,Comirnaty,17.87,02:51:50,2,8,103.46
2026-08-20,Comirnaty,15.38,02:52:20,2,8,103.47
2026-08-20,Comirnaty,13.08,02:52:50,2,8,103.48
2026-08-20,Comirnaty,13.96,02:53:20,2,8,103.49
2026-08-20,Comirnaty,7.7,02:53:50,2,8,0.0
2026-08-20,Comirnaty,15.61,02:54:20,2,8,103.51
2026-08-20,Comirnaty,17.44,02:54:50,2,8,103.52
2026-08-20,Comirnaty,16.73,02:55:20,2,8,103.53
2026-08-20,Comirnaty,6.67,02:55:50,2,8,0.0
2026-08-20,Comirnaty,4.72,02:56:20,2,8,0.0
2026-08-20,Comirnaty,16.98,02:56:50,2,8,103.57
2026-08-20,Comirnaty,9.67,02:57:20,2,8,103.58
2026-08-20,Comirnaty,13.32,02:57:50,2,8,103.59
2026-08-20,Comirnaty,4.68,02:58:20,2,8,0.0
2026-08-20,Comirnaty,3.87,02:58:50,2,8,0.0
2026-08-20,Comirnaty,11.35,02:59:20,2,8,103.62
2026-08-20,Comirnaty,6.3,02:59:50,2,8,0.0
2026-08-20,Comirnaty,11.85,03:00:20,2,8,103.64
2026-08-20,Comirnaty,6.26,03:00:50,2,8,0.0
2026-08-20,Comirnaty,3.5,03:01:20,2,8,0.0
2026-08-20,Comirnaty,12.3,03:01:50,2,8,103.67
2026-08-20,Comirnaty,17.9,03:02:20,2,8,103.69
2026-08-20,Comirnaty,12.65,03:02:50,2,8,103.7
2026-08-20,Comirnaty,9.91,03:03:20,2,8,103.71
2026-08-20,Comirnaty,15.38,03:03:50,2,8,103.72
2026-08-20,Comirnaty,6.84,03:04:20,2,8,0.0
2026-08-20,Comirnaty,6.39,03:04:50,2,8,0.0
2026-08-20,Comirnaty,5.9,03:05:20,2,8,0.0
2026-08-20,Comirnaty,15.0,03:05:50,2,8,103.76
2026-08-20,Comirnaty,12.75,03:06:20,2,8,103.77
2026-08-20,Comirnaty,3.99,03:06:50,2,8,0.0
2026-08-20,Comirnaty,13.27,03:07:20,2,8,103.79
2026-08-20,Comirnaty,12.02,03:07:50,2,8,103.8
2026-08-20,Comirnaty,6.72,03:08:20,2,8,0.0
2026-08-20,Comirnaty,15.58,03:08:50,2,8,103.83
2026-08-20,Comirnaty,3.78,03:09:20,2,8,0.0
2026-08-20,Comirnaty,5.45,03:09:50,2,8,0.0
2026-08-20,Comirnaty,15.75,03:10:20,2,8,103.86
2026-08-20,Comirnaty,15.67,03:10:50,2,8,103.87
2026-08-20,Comirnaty,4.09,03:11:20,2,8,0.0
2026-08-20,Comirnaty,12.54,03:11:50,2,8,103.89
2026-08-20,Comirnaty,15.4,03:12:20,2,8,103.9
2026-08-20,Comirnaty,14.35,03:12:50,2,8,103.91
2026-08-20,Comirnaty,4.19,03:13:20,2,8,0.0
2026-08-20,Comirnaty,3.42,03:13:50,2,8,0.0
2026-08-20,Comirnaty,3.69,03:14:20,2,8,0.0
2026-08-20,Comirnaty,16.33,03:14:50,2,8,103.96
2026-08-20,Comirnaty,2.4,03:15:20,2,8,0.0
2026-08-20,Comirnaty,3.72,03:15:50,2,8,0.0
2026-08-20,Comirnaty,15.2,03:16:20,2,8,103.99
2026-08-20,Comirnaty,13.6,03:16:50,2,8,104.0
2026-08-20,Comirnaty,5.7,03:17:20,2,8,0.0
2026-08-20,Comirnaty,13.61,03:17:50,2,8,104.02
2026-08-20,Comirnaty,5.0,03:18:20,2,8,0.0
2026-08-20,Comirnaty,11.31,03:18:50,2,8,104.04
2026-08-20,Comirnaty,14.31,03:19:20,2,8,104.05
2026-08-20,Comirnaty,6.34,03:19:50,2,8,0.0
2026-08-20,Comirnaty,5.79,03:20:20,2,8,0.0
2026-08-20,Comirnaty,10.97,03:20:50,2,8,104.09
2026-08-20,Comirnaty,14.7,03:21:20,2,8,104.1
2026-08-20,Comirnaty,6.81,03:21:50,2,8,0.0
2026-08-20,Comirnaty,5.27,03:22:20,2,8,0.0
2026-08-20,Comirnaty,2.17,03:22:50,2,8,0.0
2026-08-20,Comirnaty,2.75,03:23:20,2,8,0.0
2026-08-20,Comirnaty,3.17,03:23:50,2,8,0.0
2026-08-20,Comirnaty,10.46,03:24:20,2,8,104.16
2026-08-20,Comirnaty,13.5,03:24:50,2,8,104.17
2026-08-20,Comirnaty,10.7,03:25:20,2,8,104.18
2026-08-20,Comirnaty,12.63,03:25:50,2,8,104.2
2026-08-20,Comirnaty,2.8,03:26:20,2,8,0.0
2026-08-20,Comirnaty,14.41,03:26:50,2,8,104.22
2026-08-20,Comirnaty,10.87,03:27:20,2,8,104.23
2026-08-20,Comirnaty,3.67,03:27:50,2,8,0.0
2026-08-20,Comirnaty,10.79,03:28:20,2,8,104.25
2026-08-20,Comirnaty,5.75,03:28:50,2,8,0.0
2026-08-20,Comirnaty,2.5,03:29:20,2,8,0.0
2026-08-20,Comirnaty,4.79,03:29:50,2,8,0.0
2026-08-20,Comirnaty,13.06,03:30:20,2,8,104.29
2026-08-20,Comirnaty,16.31,03:30:50,2,8,104.3
2026-08-20,Comirnaty,13.95,03:31:20,2,8,104.31
2026-08-20,Comirnaty,12.87,03:31:50,2,8,104.33
2026-08-20,Comirnaty,7.52,03:32:20,2,8,0.0
2026-08-20,Comirnaty,15.98,03:32:50,2,8,104.35
2026-08-20,Comirnaty,6.48,03:33:20,2,8,0.0
2026-08-20,Comirnaty,7.96,03:33:50,2,8,0.0
2026-08-20,Comirnaty,4.5,03:34:20,2,8,0.0
2026-08-20,Comirnaty,9.13,03:34:50,2,8,104.39
2026-08-20,Comirnaty,14.9,03:35:20,2,8,104.4
2026-08-20,Comirnaty,7.29,03:35:50,2,8,0.0
2026-08-20,Comirnaty,15.9,03:36:20,2,8,104.42
2026-08-20,Comirnaty,15.88,03:36:50,2,8,104.43
2026-08-20,Comirnaty,13.9,03:37:20,2,8,104.44
2026-08-20,Comirnaty,3.05,03:37:50,2,8,0.0
2026-08-20,Comirnaty,15.44,03:38:20,2,8,104.47
2026-08-20,Comirnaty,13.53,03:38:50,2,8,104.48
2026-08-20,Comirnaty,10.29,03:39:20,2,8,104.49
2026-08-20,Comirnaty,9.66,03:39:50,2,8,104.5
2026-08-20,Comirnaty,11.65,03:40:20,2,8,104.51
2026-08-20,Comirnaty,7.41,03:40:50,2,8,0.0
2026-08-20,Comirnaty,14.95,03:41:20,2,8,104.53
2026-08-20,Comirnaty,9.77,03:41:50,2,8,104.54
2026-08-20,Comirnaty,14.72,03:42:20,2,8,104.55
2026-08-20,Comirnaty,4.64,03:42:50,2,8,0.0
2026-08-20,Comirnaty,15.53,03:43:20,2,8,104.57
2026-08-20,Comirnaty,10.21,03:43:50,2,8,104.59
2026-08-20,Comirnaty,9.21,03:44:20,2,8,104.6
2026-08-20,Comirnaty,6.1,03:44:50,2,8,0.0
2026-08-20,Comirnaty,4.41,03:45:20,2,8,0.0
2026-08-20,Comirnaty,4.14,03:45:50,2,8,0.0
2026-08-20,Comirnaty,16.6,03:46:20,2,8,104.64
2026-08-20,Comirnaty,2.11,03:46:50,2,8,0.0
2026-08-20,Comirnaty,9.2,03:47:20,2,8,104.66
2026-08-20,Comirnaty,3.94,03:47:50,2,8,0.0
2026-08-20,Comirnaty,17.33,03:48:20,2,8,104.68
2026-08-20,Comirnaty,12.43,03:48:50,2,8,104.69
2026-08-20,Comirnaty,9.5,03:49:20,2,8,104.7
2026-08-20,Comirnaty,6.01,03:49:50,2,8,0.0
2026-08-20,Comirnaty,5.49,03:50:20,2,8,0.0
2026-08-20,Comirnaty,3.66,03:50:50,2,8,0.0
2026-08-20,Comirnaty,3.01,03:51:20,2,8,0.0
2026-08-20,Comirnaty,10.23,03:51:50,2,8,104.76
2026-08-20,Comirnaty,2.11,03:52:20,2,8,0.0
2026-08-20,Comirnaty,12.9,03:52:50,2,8,104.78
2026-08-20,Comirnaty,6.41,03:53:20,2,8,0.0
2026-08-20,Comirnaty,2.75,03:53:50,2,8,0.0
2026-08-20,Comirnaty,9.09,03:54:20,2,8,104.81
2026-08-20,Comirnaty,9.22,03:54:50,2,8,104.82
2026-08-20,Comirnaty,10.7,03:55:20,2,8,104.83
2026-08-20,Comirnaty,17.04,03:55:50,2,8,104.85
2026-08-20,Comirnaty,12.5,03:56:20,2,8,104.86
2026-08-20,Comirnaty,4.15,03:56:50,2,8,0.0
2026-08-20,Comirnaty,13.63,03:57:20,2,8,104.88
2026-08-20,Comirnaty,11.72,03:57:50,2,8,104.89
2026-08-20,Comirnaty,5.4,03:58:20,2,8,0.0
2026-08-20,Comirnaty,13.73,03:58:50,2,8,104.91
2026-08-20,Comirnaty,4.52,03:59:20,2,8,0.0
2026-08-20,Comirnaty,4.8,03:59:50,2,8,0.0
2026-08-20,Comirnaty,16.4,04:00:20,2,8,104.94
2026-08-20,Comirnaty,14.75,04:00:50,2,8,104.95
2026-08-20,Comirnaty,6.51,04:01:20,2,8,0.0
2026-08-20,Comirnaty,4.47,04:01:50,2,8,0.0
2026-08-20,Comirnaty,13.01,04:02:20,2,8,104.99
2026-08-20,Comirnaty,16.15,04:02:50,2,8,105.0
2026-08-20,Comirnaty,7.11,04:03:20,2,8,0.0
2026-08-20,Comirnaty,10.47,04:03:50,2,8,105.02
2026-08-20,Comirnaty,5.69,04:04:20,2,8,0.0
2026-08-20,Comirnaty,16.45,04:04:50,2,8,105.04
2026-08-20,Comirnaty,10.94,04:05:20,2,8,105.05
2026-08-20,Comirnaty,5.59,04:05:50,2,8,0.0
2026-08-20,Comirnaty,11.48,04:06:20,2,8,105.07
2026-08-20,Comirnaty,7.66,04:06:50,2,8,0.0
2026-08-20,Comirnaty,16.77,04:07:20,2,8,105.09
2026-08-20,Comirnaty,4.27,04:07:50,2,8,0.0
2026-08-20,Comirnaty,4.4,04:08:20,2,8,0.0
2026-08-20,Comirnaty,16.19,04:08:50,2,8,105.13
2026-08-20,Comirnaty,14.25,04:09:20,2,8,105.14
2026-08-20,Comirnaty,13.08,04:09:50,2,8,105.15
2026-08-20,Comirnaty,9.0,04:10:20,2,8,105.16
2026-08-20,Comirnaty,10.68,04:10:50,2,8,105.17
2026-08-20,Comirnaty,13.79,04:11:20,2,8,105.18
2026-08-20,Comirnaty,13.83,04:11:50,2,8,105.19
2026-08-20,Comirnaty,9.09,04:12:20,2,8,105.2
2026-08-20,Comirnaty,17.61,04:12:50,2,8,105.21
2026-08-20,Comirnaty,13.87,04:13:20,2,8,105.22
2026-08-20,Comirnaty,14.49,04:13:50,2,8,105.24
2026-08-20,Comirnaty,3.48,04:14:20,2,8,0.0
2026-08-20,Comirnaty,3.73,04:14:50,2,8,0.0
2026-08-20,Comirnaty,13.22,04:15:20,2,8,105.27
2026-08-20,Comirnaty,4.03,04:15:50,2,8,0.0
2026-08-20,Comirnaty,5.71,04:16:20,2,8,0.0
2026-08-20,Comirnaty,15.32,04:16:50,2,8,105.3
2026-08-20,Comirnaty,17.8,04:17:20,2,8,105.31
2026-08-20,Comirnaty,16.5,04:17:50,2,8,105.32
2026-08-20,Comirnaty,6.12,04:18:20,2,8,0.0
2026-08-20,Comirnaty,10.26,04:18:50,2,8,105.34
2026-08-20,Comirnaty,4.6,04:19:20,2,8,0.0
2026-08-20,Comirnaty,12.17,04:19:50,2,8,105.36
2026-08-20,Comirnaty,14.77,04:20:20,2,8,105.38
2026-08-20,Comirnaty,13.21,04:20:50,2,8,105.39
2026-08-20,Comirnaty,3.22,04:21:20,2,8,0.0
2026-08-20,Comirnaty,10.99,04:21:50,2,8,105.41
2026-08-20,Comirnaty,2.67,04:22:20,2,8,0.0
2026-08-20,Comirnaty,11.07,04:22:50,2,8,105.43
2026-08-20,Comirnaty,4.38,04:23:20,2,8,0.0
2026-08-20,Comirnaty,3.44,04:23:50,2,8,0.0
2026-08-20,Comirnaty,14.24,04:24:20,2,8,105.46
2026-08-20,Comirnaty,17.42,04:24:50,2,8,105.47
2026-08-20,Comirnaty,10.99,04:25:20,2,8,105.48
2026-08-20,Comirnaty,15.63,04:25:50,2,8,105.5
2026-08-20,Comirnaty,11.96,04:26:20,2,8,105.51
2026-08-20,Comirnaty,10.14,04:26:50,2,8,105.52
2026-08-20,Comirnaty,3.42,04:27:20,2,8,0.0
2026-08-20,Comirnaty,10.26,04:27:50,2,8,105.54
2026-08-20,Comirnaty,5.61,04:28:20,2,8,0.0
2026-08-20,Comirnaty,10.74,04:28:50,2,8,105.56
2026-08-20,Comirnaty,11.96,04:29:20,2,8,105.57
2026-08-20,Comirnaty,16.93,04:29:50,2,8,105.58
2026-08-20,Comirnaty,10.61,04:30:20,2,8,105.59
2026-08-20,Comirnaty,15.55,04:30:50,2,8,105.6
2026-08-20,Comirnaty,7.92,04:31:20,2,8,0.0
2026-08-20,Comirnaty,14.84,04:31:50,2,8,105.62
2026-08-20,Comirnaty,9.22,04:32:20,2,8,105.64
2026-08-20,Comirnaty,9.07,04:32:50,2,8,105.65
2026-08-20,Comirnaty,13.71,04:33:20,2,8,105.66
2026-08-20,Comirnaty,14.2,04:33:50,2,8,105.67
2026-08-20,Comirnaty,7.16,04:34:20,2,8,0.0
2026-08-20,Comirnaty,11.87,04:34:50,2,8,105.69
2026-08-20,Comirnaty,7.71,04:35:20,2,8,0.0
2026-08-20,Comirnaty,14.13,04:35:50,2,8,105.71
2026-08-20,Comirnaty,5.61,04:36:20,2,8,0.0
2026-08-20,Comirnaty,14.99,04:36:50,2,8,105.73
2026-08-20,Comirnaty,16.42,04:37:20,2,8,105.74
2026-08-20,Comirnaty,11.76,04:37:50,2,8,105.75
2026-08-20,Comirnaty,15.5,04:38:20,2,8,105.77
2026-08-20,Comirnaty,13.08,04:38:50,2,8,105.78
2026-08-20,Comirnaty,17.29,04:39:20,2,8,105.79
2026-08-20,Comirnaty,7.81,04:39:50,2,8,0.0
2026-08-20,Comirnaty,9.69,04:40:20,2,8,105.81
2026-08-20,Comirnaty,15.98,04:40:50,2,8,105.82
2026-08-20,Comirnaty,6.34,04:41:20,2,8,0.0
2026-08-20,Comirnaty,13.41,04:41:50,2,8,105.84
2026-08-20,Comirnaty,4.85,04:42:20,2,8,0.0
2026-08-20,Comirnaty,3.15,04:42:50,2,8,0.0
2026-08-20,Comirnaty,14.33,04:43:20,2,8,105.87
2026-08-20,Comirnaty,7.61,04:43:50,2,8,0.0
2026-08-20,Comirnaty,3.2,04:44:20,2,8,0.0
2026-08-20,Comirnaty,15.35,04:44:50,2,8,105.91
2026-08-20,Comirnaty,7.82,04:45:20,2,8,0.0
2026-08-20,Comirnaty,16.77,04:45:50,2,8,105.93
2026-08-20,Comirnaty,4.78,04:46:20,2,8,0.0
2026-08-20,Comirnaty,2.41,04:46:50,2,8,0.0
2026-08-20,Comirnaty,12.38,04:47:20,2,8,105.96
2026-08-20,Comirnaty,7.39,04:47:50,2,8,0.0
2026-08-20,Comirnaty,14.47,04:48:20,2,8,105.98
2026-08-20,Comirnaty,6.37,04:48:50,2,8,0.0
2026-08-20,Comirnaty,9.12,04:49:20,2,8,106.0
2026-08-20,Comirnaty,15.68,04:49:50,2,8,106.02
2026-08-20,Comirnaty,13.12,04:50:20,2,8,106.03
2026-08-20,Comirnaty,7.74,04:50:50,2,8,0.0
2026-08-20,Comirnaty,17.4,04:51:20,2,8,106.05
2026-08-20,Comirnaty,14.95,04:51:50,2,8,106.06
2026-08-20,Comirnaty,15.62,04:52:20,2,8,106.07
2026-08-20,Comirnaty,12.21,04:52:50,2,8,106.08
2026-08-20,Comirnaty,16.62,04:53:20,2,8,106.09
2026-08-20,Comirnaty,12.35,04:53:50,2,8,106.1
2026-08-20,Comirnaty,2.91,04:54:20,2,8,0.0
2026-08-20,Comirnaty,15.29,04:54:50,2,8,106.12
2026-08-20,Comirnaty,6.61,04:55:20,2,8,0.0
2026-08-20,Comirnaty,6.19,04:55:50,2,8,0.0
2026-08-20,Comirnaty,6.1,04:56:20,2,8,0.0
2026-08-20,Comirnaty,10.0,04:56:50,2,8,106.17
2026-08-20,Comirnaty,2.89,04:57:20,2,8,0.0
2026-08-20,Comirnaty,17.39,04:57:50,2,8,106.19
2026-08-20,Comirnaty,5.92,04:58:20,2,8,0.0
2026-08-20,Comirnaty,11.6,04:58:50,2,8,106.21
2026-08-20,Comirnaty,14.9,04:59:20,2,8,106.22
2026-08-20,Comirnaty,7.35,04:59:50,2,8,0.0
2026-08-20,Comirnaty,16.89,05:00:20,2,8,106.24
2026-08-20,Comirnaty,16.16,05:00:50,2,8,106.25
2026-08-20,Comirnaty,14.62,05:01:20,2,8,106.26
2026-08-20,Comirnaty,3.97,05:01:50,2,8,0.0
2026-08-20,Comirnaty,17.08,05:02:20,2,8,106.29
2026-08-20,Comirnaty,12.1,05:02:50,2,8,106.3
2026-08-20,Comirnaty,11.5,05:03:20,2,8,106.31
2026-08-20,Comirnaty,15.08,05:03:50,2,8,106.32
2026-08-20,Comirnaty,14.43,05:04:20,2,8,106.33
2026-08-20,Comirnaty,4.25,05:04:50,2,8,0.0
2026-08-20,Comirnaty,9.93,05:05:20,2,8,106.35
2026-08-20,Comirnaty,14.13,05:05:50,2,8,106.36
2026-08-20,Comirnaty,5.49,05:06:20,2,8,0.0
2026-08-20,Comirnaty,10.5,05:06:50,2,8,106.38
2026-08-20,Comirnaty,12.36,05:07:20,2,8,106.39
2026-08-20,Comirnaty,2.47,05:07:50,2,8,0.0
2026-08-20,Comirnaty,11.27,05:08:20,2,8,106.42
2026-08-20,Comirnaty,3.69,05:08:50,2,8,0.0
2026-08-20,Comirnaty,14.66,05:09:20,2,8,106.44
2026-08-20,Comirnaty,3.79,05:09:50,2,8,0.0
2026-08-20,Comirnaty,11.54,05:10:20,2,8,106.46
2026-08-20,Comirnaty,3.26,05:10:50,2,8,0.0
2026-08-20,Comirnaty,17.67,05:11:20,2,8,106.48
2026-08-20,Comirnaty,12.03,05:11:50,2,8,106.49
2026-08-20,Comirnaty,13.33,05:12:20,2,8,106.5
2026-08-20,Comirnaty,3.51,05:12:50,2,8,0.0
2026-08-20,Comirnaty,10.08,05:13:20,2,8,106.52
2026-08-20,Comirnaty,3.28,05:13:50,2,8,0.0
2026-08-20,Comirnaty,12.57,05:14:20,2,8,106.55
2026-08-20,Comirnaty,7.74,05:14:50,2,8,0.0
2026-08-20,Comirnaty,4.0,05:15:20,2,8,0.0
2026-08-20,Comirnaty,10.78,05:15:50,2,8,106.58
2026-08-20,Comirnaty,4.9,05:16:20,2,8,0.0
2026-08-20,Comirnaty,15.31,05:16:50,2,8,106.6
2026-08-20,Comirnaty,15.66,05:17:20,2,8,106.61
2026-08-20,Comirnaty,11.72,05:17:50,2,8,106.62
2026-08-20,Comirnaty,17.39,05:18:20,2,8,106.63
2026-08-20,Comirnaty,4.85,05:18:50,2,8,0.0
2026-08-20,Comirnaty,3.88,05:19:20,2,8,0.0
2026-08-20,Comirnaty,4.73,05:19:50,2,8,0.0
2026-08-20,Comirnaty,3.28,05:20:20,2,8,0.0
2026-08-20,Comirnaty,16.73,05:20:50,2,8,106.69
2026-08-20,Comirnaty,10.33,05:21:20,2,8,106.7
2026-08-20,Comirnaty,5.82,05:21:50,2,8,0.0
2026-08-20,Comirnaty,16.17,05:22:20,2,8,106.72
2026-08-20,Comirnaty,3.37,05:22:50,2,8,0.0
2026-08-20,Comirnaty,9.77,05:23:20,2,8,106.74
2026-08-20,Comirnaty,5.87,05:23:50,2,8,0.0
2026-08-20,Comirnaty,6.46,05:24:20,2,8,0.0
2026-08-20,Comirnaty,7.88,05:24:50,2,8,0.0
2026-08-20,Comirnaty,2.05,05:25:20,2,8,0.0
2026-08-20,Comirnaty,13.91,05:25:50,2,8,106.8
2026-08-20,Comirnaty,11.38,05:26:20,2,8,106.81
2026-08-20,Comirnaty,5.89,05:26:50,2,8,0.0
2026-08-20,Comirnaty,7.38,05:27:20,2,8,0.0
2026-08-20,Comirnaty,12.09,05:27:50,2,8,106.84
2026-08-20,Comirnaty,16.59,05:28:20,2,8,106.85
2026-08-20,Comirnaty,13.13,05:28:50,2,8,106.86
2026-08-20,Comirnaty,17.71,05:29:20,2,8,106.87
2026-08-20,Comirnaty,11.74,05:29:50,2,8,106.88
2026-08-20,Comirnaty,10.37,05:30:20,2,8,106.89
2026-08-20,Comirnaty,7.04,05:30:50,2,8,0.0
2026-08-20,Comirnaty,3.28,05:31:20,2,8,0.0
2026-08-20,Comirnaty,10.68,05:31:50,2,8,106.92
2026-08-20,Comirnaty,7.28,05:32:20,2,8,0.0
2026-08-20,Comirnaty,3.56,05:32:50,2,8,0.0
2026-08-20,Comirnaty,5.18,05:33:20,2,8,0.0
2026-08-20,Comirnaty,4.18,05:33:50,2,8,0.0
2026-08-20,Comirnaty,3.67,05:34:20,2,8,0.0
2026-08-20,Comirnaty,7.7,05:34:50,2,8,0.0
2026-08-20,Comirnaty,3.98,05:35:20,2,8,0.0
2026-08-20,Comirnaty,9.61,05:35:50,2,8,107.01
2026-08-20,Comirnaty,12.55,05:36:20,2,8,107.02
2026-08-20,Comirnaty,10.58,05:36:50,2,8,107.03
2026-08-20,Comirnaty,17.31,05:37:20,2,8,107.04
2026-08-20,Comirnaty,16.86,05:37:50,2,8,107.05
2026-08-20,Comirnaty,14.45,05:38:20,2,8,107.07
2026-08-20,Comirnaty,11.0,05:38:50,2,8,107.08
2026-08-20,Comirnaty,5.74,05:39:20,2,8,0.0
2026-08-20,Comirnaty,13.8,05:39:50,2,8,107.1
2026-08-20,Comirnaty,6.33,05:40:20,2,8,0.0
2026-08-20,Comirnaty,17.41,05:40:50,2,8,107.12
2026-08-20,Comirnaty,11.53,05:41:20,2,8,107.13
2026-08-20,Comirnaty,17.48,05:41:50,2,8,107.14
2026-08-20,Comirnaty,15.77,05:42:20,2,8,107.15
2026-08-20,Comirnaty,5.41,05:42:50,2,8,0.0
2026-08-20,Comirnaty,11.38,05:43:20,2,8,107.17
2026-08-20,Comirnaty,9.31,05:43:50,2,8,107.19
2026-08-20,Comirnaty,16.36,05:44:20,2,8,107.2
2026-08-20,Comirnaty,4.18,05:44:50,2,8,0.0
2026-08-20,Comirnaty,3.54,05:45:20,2,8,0.0
2026-08-20,Comirnaty,12.43,05:45:50,2,8,107.23
2026-08-20,Comirnaty,9.99,05:46:20,2,8,107.24
2026-08-20,Comirnaty,12.37,05:46:50,2,8,107.25
2026-08-20,Comirnaty,12.26,05:47:20,2,8,107.26
2026-08-20,Comirnaty,7.54,05:47:50,2,8,0.0
2026-08-20,Comirnaty,6.88,05:48:20,2,8,0.0
2026-08-20,Comirnaty,5.58,05:48:50,2,8,0.0
2026-08-20,Comirnaty,4.56,05:49:20,2,8,0.0
2026-08-20,Comirnaty,14.72,05:49:50,2,8,107.31
2026-08-20,Comirnaty,11.0,05:50:20,2,8,107.33
2026-08-20,Comirnaty,3.86,05:50:50,2,8,0.0
2026-08-20,Comirnaty,7.99,05:51:20,2,8,0.0
2026-08-20,Comirnaty,15.29,05:51:50,2,8,107.36
2026-08-20,Comirnaty,6.0,05:52:20,2,8,0.0
2026-08-20,Comirnaty,14.39,05:52:50,2,8,107.38
2026-08-20,Comirnaty,4.23,05:53:20,2,8,0.0
2026-08-20,Comirnaty,7.78,05:53:50,2,8,0.0
2026-08-20,Comirnaty,4.32,05:54:20,2,8,0.0
2026-08-20,Comirnaty,14.09,05:54:50,2,8,107.42
2026-08-20,Comirnaty,12.67,05:55:20,2,8,107.43
2026-08-20,Comirnaty,9.78,05:55:50,2,8,107.45
2026-08-20,Comirnaty,6.96,05:56:20,2,8,0.0
2026-08-20,Comirnaty,3.77,05:56:50,2,8,0.0
2026-08-20,Comirnaty,16.0,05:57:20,2,8,107.48
2026-08-20,Comirnaty,17.74,05:57:50,2,8,107.49
2026-08-20,Comirnaty,12.24,05:58:20,2,8,107.5
2026-08-20,Comirnaty,16.04,05:58:50,2,8,107.51
2026-08-20,Comirnaty,12.67,05:59:20,2,8,107.52
2026-08-20,Comirnaty,11.58,05:59:50,2,8,107.53
2026-08-20,Comirnaty,15.53,06:00:20,2,8,107.54
2026-08-20,Comirnaty,4.54,06:00:50,2,8,0.0
2026-08-20,Comirnaty,7.48,06:01:20,2,8,0.0
2026-08-20,Comirnaty,9.18,06:01:50,2,8,107.58
2026-08-20,Comirnaty,2.02,06:02:20,2,8,0.0
2026-08-20,Comirnaty,12.74,06:02:50,2,8,107.6
2026-08-20,Comirnaty,7.21,06:03:20,2,8,0.0
2026-08-20,Comirnaty,9.41,06:03:50,2,8,107.62
2026-08-20,Comirnaty,6.36,06:04:20,2,8,0.0
2026-08-20,Comirnaty,17.27,06:04:50,2,8,107.64
2026-08-20,Comirnaty,9.31,06:05:20,2,8,107.65
2026-08-20,Comirnaty,6.53,06:05:50,2,8,0.0
2026-08-20,Comirnaty,5.6,06:06:20,2,8,0.0
2026-08-20,Comirnaty,16.09,06:06:50,2,8,107.68
2026-08-20,Comirnaty,4.5,06:07:20,2,8,0.0
2026-08-20,Comirnaty,6.62,06:07:50,2,8,0.0
2026-08-20,Comirnaty,17.38,06:08:20,2,8,107.72
2026-08-20,Comirnaty,4.96,06:08:50,2,8,0.0
2026-08-20,Comirnaty,2.78,06:09:20,2,8,0.0
2026-08-20,Comirnaty,12.54,06:09:50,2,8,107.75
2026-08-20,Comirnaty,9.06,06:10:20,2,8,107.76
2026-08-20,Comirnaty,12.68,06:10:50,2,8,107.77
2026-08-20,Comirnaty,4.84,06:11:20,2,8,0.0
2026-08-20,Comirnaty,7.72,06:11:50,2,8,0.0
2026-08-20,Comirnaty,15.49,06:12:20,2,8,107.8
2026-08-20,Comirnaty,17.77,06:12:50,2,8,107.81
2026-08-20,Comirnaty,13.37,06:13:20,2,8,107.82
2026-08-20,Comirnaty,16.3,06:13:50,2,8,107.84
2026-08-20,Comirnaty,15.17,06:14:20,2,8,107.85
2026-08-20,Comirnaty,2.14,06:14:50,2,8,0.0
2026-08-20,Comirnaty,2.43,06:15:20,2,8,0.0
2026-08-20,Comirnaty,3.63,06:15:50,2,8,0.0
2026-08-20,Comirnaty,7.77,06:16:20,2,8,0.0
2026-08-20,Comirnaty,2.58,06:16:50,2,8,0.0
2026-08-20,Comirnaty,4.73,06:17:20,2,8,0.0
2026-08-20,Comirnaty,2.09,06:17:50,2,8,0.0
2026-08-20,Comirnaty,11.64,06:18:20,2,8,107.93
2026-08-20,Comirnaty,9.31,06:18:50,2,8,107.94
2026-08-20,Comirnaty,6.17,06:19:20,2,8,0.0
2026-08-20,Comirnaty,13.73,06:19:50,2,8,107.97
2026-08-20,Comirnaty,4.72,06:20:20,2,8,0.0
2026-08-20,Comirnaty,12.38,06:20:50,2,8,107.99
2026-08-20,Comirnaty,11.57,06:21:20,2,8,108.0
2026-08-20,Comirnaty,10.98,06:21:50,2,8,108.01
2026-08-20,Comirnaty,10.54,06:22:20,2,8,108.02
2026-08-20,Comirnaty,9.18,06:22:50,2,8,108.03
2026-08-20,Comirnaty,3.35,06:23:20,2,8,0.0
2026-08-20,Comirnaty,11.86,06:23:50,2,8,108.05
2026-08-20,Comirnaty,3.91,06:24:20,2,8,0.0
2026-08-20,Comirnaty,3.17,06:24:50,2,8,0.0
2026-08-20,Comirnaty,3.09,06:25:20,2,8,0.0
2026-08-20,Comirnaty,13.15,06:25:50,2,8,108.1
2026-08-20,Comirnaty,11.26,06:26:20,2,8,108.11
2026-08-20,Comirnaty,11.52,06:26:50,2,8,108.12
2026-08-20,Comirnaty,12.71,06:27:20,2,8,108.13
2026-08-20,Comirnaty,11.25,06:27:50,2,8,108.14
2026-08-20,Comirnaty,6.9,06:28:20,2,8,0.0
2026-08-20,Comirnaty,7.08,06:28:50,2,8,0.0
2026-08-20,Comirnaty,2.73,06:29:20,2,8,0.0
2026-08-20,Comirnaty,14.04,06:29:50,2,8,108.18
2026-08-20,Comirnaty,10.12,06:30:20,2,8,108.19
2026-08-20,Comirnaty,7.71,06:30:50,2,8,0.0
2026-08-20,Comirnaty,9.49,06:31:20,2,8,108.21
2026-08-20,Comirnaty,10.94,06:31:50,2,8,108.23
2026-08-20,Comirnaty,7.65,06:32:20,2,8,0.0
2026-08-20,Comirnaty,7.26,06:32:50,2,8,0.0
2026-08-20,Comirnaty,3.58,06:33:20,2,8,0.0
2026-08-20,Comirnaty,6.94,06:33:50,2,8,0.0
2026-08-20,Comirnaty,2.64,06:34:20,2,8,0.0
2026-08-20,Comirnaty,11.02,06:34:50,2,8,108.29
2026-08-20,Comirnaty,7.51,06:35:20,2,8,0.0
2026-08-20,Comirnaty,3.62,06:35:50,2,8,0.0
2026-08-20,Comirnaty,17.66,06:36:20,2,8,108.32
2026-08-20,Comirnaty,4.71,06:36:50,2,8,0.0
2026-08-20,Comirnaty,15.53,06:37:20,2,8,108.34
2026-08-20,Comirnaty,7.72,06:37:50,2,8,0.0
2026-08-20,Comirnaty,16.81,06:38:20,2,8,108.37
2026-08-20,Comirnaty,9.98,06:38:50,2,8,108.38
2026-08-20,Comirnaty,6.51,06:39:20,2,8,0.0
2026-08-20,Comirnaty,13.88,06:39:50,2,8,108.4
2026-08-20,Comirnaty,3.22,06:40:20,2,8,0.0
2026-08-20,Comirnaty,12.94,06:40:50,2,8,108.42
2026-08-20,Comirnaty,10.75,06:41:20,2,8,108.43
2026-08-20,Comirnaty,4.41,06:41:50,2,8,0.0
2026-08-20,Comirnaty,7.46,06:42:20,2,8,0.0
2026-08-20,Comirnaty,10.54,06:42:50,2,8,108.46
2026-08-20,Comirnaty,16.15,06:43:20,2,8,108.47
2026-08-20,Comirnaty,3.57,06:43:50,2,8,0.0
2026-08-20,Comirnaty,9.94,06:44:20,2,8,108.5
2026-08-20,Comirnaty,12.73,06:44:50,2,8,108.51
2026-08-20,Comirnaty,11.1,06:45:20,2,8,108.52
2026-08-20,Comirnaty,11.33,06:45:50,2,8,108.53
2026-08-20,Comirnaty,13.47,06:46:20,2,8,108.54
2026-08-20,Comirnaty,10.91,06:46:50,2,8,108.55
2026-08-20,Comirnaty,5.25,06:47:20,2,8,0.0
2026-08-20,Comirnaty,16.92,06:47:50,2,8,108.57
2026-08-20,Comirnaty,4.29,06:48:20,2,8,0.0
2026-08-20,Comirnaty,2.71,06:48:50,2,8,0.0
2026-08-20,Comirnaty,2.26,06:49:20,2,8,0.0
2026-08-20,Comirnaty,14.71,06:49:50,2,8,108.61
2026-08-20,Comirnaty,7.91,06:50:20,2,8,0.0
2026-08-20,Comirnaty,14.92,06:50:50,2,8,108.64
2026-08-20,Comirnaty,9.7,06:51:20,2,8,108.65
2026-08-20,Comirnaty,17.76,06:51:50,2,8,108.66
2026-08-20,Comirnaty,11.65,06:52:20,2,8,108.67
2026-08-20,Comirnaty,17.43,06:52:50,2,8,108.68
2026-08-20,Comirnaty,4.99,06:53:20,2,8,0.0
2026-08-20,Comirnaty,3.42,06:53:50,2,8,0.0
2026-08-20,Comirnaty,15.03,06:54:20,2,8,108.71
2026-08-20,Comirnaty,2.64,06:54:50,2,8,0.0
2026-08-20,Comirnaty,3.91,06:55:20,2,8,0.0
2026-08-20,Comirnaty,10.29,06:55:50,2,8,108.75
2026-08-20,Comirnaty,4.44,06:56:20,2,8,0.0
2026-08-20,Comirnaty,2.23,06:56:50,2,8,0.0
2026-08-20,Comirnaty,11.36,06:57:20,2,8,108.78
2026-08-20,Comirnaty,9.99,06:57:50,2,8,108.79
2026-08-20,Comirnaty,16.24,06:58:20,2,8,108.8
2026-08-20,Comirnaty,12.79,06:58:50,2,8,108.81
2026-08-20,Comirnaty,9.38,06:59:20,2,8,108.82
2026-08-20,Comirnaty,16.7,06:59:50,2,8,108.83
2026-08-20,Comirnaty,9.8,07:00:20,2,8,108.84
2026-08-20,Comirnaty,3.04,07:00:50,2,8,0.0
2026-08-20,Comirnaty,17.68,07:01:20,2,8,108.86
2026-08-20,Comirnaty,3.52,07:01:50,2,8,0.0
2026-08-20,Comirnaty,13.13,07:02:20,2,8,108.89
2026-08-20,Comirnaty,17.41,07:02:50,2,8,108.9
2026-08-20,Comirnaty,15.0,07:03:20,2,8,108.91
2026-08-20,Comirnaty,4.72,07:03:50,2,8,0.0
2026-08-20,Comirnaty,9.96,07:04:20,2,8,108.93
2026-08-20,Comirnaty,15.12,07:04:50,2,8,108.94
2026-08-20,Comirnaty,11.57,07:05:20,2,8,108.95
2026-08-20,Comirnaty,11.92,07:05:50,2,8,108.96
2026-08-20,Comirnaty,12.68,07:06:20,2,8,108.97
2026-08-20,Comirnaty,5.13,07:06:50,2,8,0.0
2026-08-20,Comirnaty,16.41,07:07:20,2,8,108.99
2026-08-20,Comirnaty,13.67,07:07:50,2,8,109.0
2026-08-20,Comirnaty,10.87,07:08:20,2,8,109.02
2026-08-20,Comirnaty,11.94,07:08:50,2,8,109.03
2026-08-20,Comirnaty,13.64,07:09:20,2,8,109.04
2026-08-20,Comirnaty,13.43,07:09:50,2,8,109.05
2026-08-20,Comirnaty,13.79,07:10:20,2,8,109.06
2026-08-20,Comirnaty,3.23,07:10:50,2,8,0.0
2026-08-20,Comirnaty,12.4,07:11:20,2,8,109.08
2026-08-20,Comirnaty,15.44,07:11:50,2,8,109.09
2026-08-20,Comirnaty,12.87,07:12:20,2,8,109.1
2026-08-20,Comirnaty,4.43,07:12:50,2,8,0.0
2026-08-20,Comirnaty,13.39,07:13:20,2,8,109.12
2026-08-20,Comirnaty,10.4,07:13:50,2,8,109.14
2026-08-20,Comirnaty,13.53,07:14:20,2,8,109.15
2026-08-20,Comirnaty,16.56,07:14:50,2,8,109.16
2026-08-20,Comirnaty,15.29,07:15:20,2,8,109.17
2026-08-20,Comirnaty,6.83,07:15:50,2,8,0.0
2026-08-20,Comirnaty,15.02,07:16:20,2,8,109.19
2026-08-20,Comirnaty,7.83,07:16:50,2,8,0.0
2026-08-20,Comirnaty,12.78,07:17:20,2,8,109.21
2026-08-20,Comirnaty,10.76,07:17:50,2,8,109.22
2026-08-20,Comirnaty,3.26,07:18:20,2,8,0.0
2026-08-20,Comirnaty,15.06,07:18:50,2,8,109.24
2026-08-20,Comirnaty,11.43,07:19:20,2,8,109.25
2026-08-20,Comirnaty,16.86,07:19:50,2,8,109.27
2026-08-20,Comirnaty,10.55,07:20:20,2,8,109.28
2026-08-20,Comirnaty,15.19,07:20:50,2,8,109.29
2026-08-20,Comirnaty,6.27,07:21:20,2,8,0.0
2026-08-20,Comirnaty,10.56,07:21:50,2,8,109.31
2026-08-20,Comirnaty,16.26,07:22:20,2,8,109.32
2026-08-20,Comirnaty,12.84,07:22:50,2,8,109.33
2026-08-20,Comirnaty,14.27,07:23:20,2,8,109.34
2026-08-20,Comirnaty,14.4,07:23:50,2,8,109.35
2026-08-20,Comirnaty,13.02,07:24:20,2,8,109.36
2026-08-20,Comirnaty,2.9,07:24:50,2,8,0.0
2026-08-20,Comirnaty,5.25,07:25:20,2,8,0.0
2026-08-20,Comirnaty,12.55,07:25:50,2,8,109.4
2026-08-20,Comirnaty,14.0,07:26:20,2,8,109.41
2026-08-20,Comirnaty,15.11,07:26:50,2,8,109.42
2026-08-20,Comirnaty,14.12,07:27:20,2,8,109.43
2026-08-20,Comirnaty,16.9,07:27:50,2,8,109.44
2026-08-20,Comirnaty,4.27,07:28:20,2,8,0.0
2026-08-20,Comirnaty,5.92,07:28:50,2,8,0.0
2026-08-20,Comirnaty,9.49,07:29:20,2,8,109.47
2026-08-20,Comirnaty,17.64,07:29:50,2,8,109.48
2026-08-20,Comirnaty,14.1,07:30:20,2,8,109.49
2026-08-20,Comirnaty,11.26,07:30:50,2,8,109.5
2026-08-20,Comirnaty,16.66,07:31:20,2,8,109.51
2026-08-20,Comirnaty,9.18,07:31:50,2,8,109.53
2026-08-20,Comirnaty,14.99,07:32:20,2,8,109.54
2026-08-20,Comirnaty,15.87,07:32:50,2,8,109.55
2026-08-20,Comirnaty,4.2,07:33:20,2,8,0.0
2026-08-20,Comirnaty,3.66,07:33:50,2,8,0.0
2026-08-20,Comirnaty,2.81,07:34:20,2,8,0.0
2026-08-20,Comirnaty,4.4,07:34:50,2,8,0.0
2026-08-20,Comirnaty,3.25,07:35:20,2,8,0.0
2026-08-20,Comirnaty,14.47,07:35:50,2,8,109.61
2026-08-20,Comirnaty,14.22,07:36:20,2,8,109.62
2026-08-20,Comirnaty,11.62,07:36:50,2,8,109.63
2026-08-20,Comirnaty,6.23,07:37:20,2,8,0.0
2026-08-20,Comirnaty,9.68,07:37:50,2,8,109.66
2026-08-20,Comirnaty,9.65,07:38:20,2,8,109.67
2026-08-20,Comirnaty,11.04,07:38:50,2,8,109.68
2026-08-20,Comirnaty,9.79,07:39:20,2,8,109.69
2026-08-20,Comirnaty,14.18,07:39:50,2,8,109.7
2026-08-20,Comirnaty,13.02,07:40:20,2,8,109.71
2026-08-20,Comirnaty,5.1,07:40:50,2,8,0.0
2026-08-20,Comirnaty,7.61,07:41:20,2,8,0.0
2026-08-20,Comirnaty,4.91,07:41:50,2,8,0.0
2026-08-20,Comirnaty,15.2,07:42:20,2,8,109.75
2026-08-20,Comirnaty,10.31,07:42:50,2,8,109.76
2026-08-20,Comirnaty,12.45,07:43:20,2,8,109.77
2026-08-20,Comirnaty,6.48,07:43:50,2,8,0.0
2026-08-20,Comirnaty,7.64,07:44:20,2,8,0.0
2026-08-20,Comirnaty,14.12,07:44:50,2,8,109.81
2026-08-20,Comirnaty,14.48,07:45:20,2,8,109.82
2026-08-20,Comirnaty,6.3,07:45:50,2,8,0.0
2026-08-20,Comirnaty,14.44,07:46:20,2,8,109.84
2026-08-20,Comirnaty,9.94,07:46:50,2,8,109.85
2026-08-20,Comirnaty,2.6,07:47:20,2,8,0.0
2026-08-20,Comirnaty,2.64,07:47:50,2,8,0.0
2026-08-20,Comirnaty,15.01,07:48:20,2,8,109.88
2026-08-20,Comirnaty,12.04,07:48:50,2,8,109.89
2026-08-20,Comirnaty,13.61,07:49:20,2,8,109.9
2026-08-20,Comirnaty,5.65,07:49:50,2,8,0.0
2026-08-20,Comirnaty,9.52,07:50:20,2,8,109.93
2026-08-20,Comirnaty,7.66,07:50:50,2,8,0.0
2026-08-20,Comirnaty,9.39,07:51:20,2,8,109.95
2026-08-20,Comirnaty,11.95,07:51:50,2,8,109.96
2026-08-20,Comirnaty,2.06,07:52:20,2,8,0.0
2026-08-20,Comirnaty,6.11,07:52:50,2,8,0.0
2026-08-20,Comirnaty,13.28,07:53:20,2,8,109.99
2026-08-20,Comirnaty,14.79,07:53:50,2,8,110.0
2026-08-20,Comirnaty,11.48,07:54:20,2,8,110.01
2026-08-20,Comirnaty,4.61,07:54:50,2,8,0.0
2026-08-20,Comirnaty,2.06,07:55:20,2,8,0.0
2026-08-20,Comirnaty,10.5,07:55:50,2,8,110.05
2026-08-20,Comirnaty,6.01,07:56:20,2,8,0.0
2026-08-20,Comirnaty,2.9,07:56:50,2,8,0.0
2026-08-20,Comirnaty,5.33,07:57:20,2,8,0.0
2026-08-20,Comirnaty,4.49,07:57:50,2,8,0.0
2026-08-20,Comirnaty,17.26,07:58:20,2,8,110.1
2026-08-20,Comirnaty,3.55,07:58:50,2,8,0.0
2026-08-20,Comirnaty,15.57,07:59:20,2,8,110.12
2026-08-20,Comirnaty,2.9,07:59:50,2,8,0.0
2026-08-20,Comirnaty,10.96,08:00:20,2,8,110.14
2026-08-20,Comirnaty,17.74,08:00:50,2,8,110.15
2026-08-20,Comirnaty,2.97,08:01:20,2,8,0.0
2026-08-20,Comirnaty,3.02,08:01:50,2,8,0.0
2026-08-20,Comirnaty,9.3,08:02:20,2,8,110.19
2026-08-20,Comirnaty,15.57,08:02:50,2,8,110.2
2026-08-20,Comirnaty,16.24,08:03:20,2,8,110.21
2026-08-20,Comirnaty,9.78,08:03:50,2,8,110.22
2026-08-20,Comirnaty,13.26,08:04:20,2,8,110.23
2026-08-20,Comirnaty,13.78,08:04:50,2,8,110.24
2026-08-20,Comirnaty,11.84,08:05:20,2,8,110.25
2026-08-20,Comirnaty,9.64,08:05:50,2,8,110.26
2026-08-20,Comirnaty,16.49,08:06:20,2,8,110.27
2026-08-20,Comirnaty,14.78,08:06:50,2,8,110.28
2026-08-20,Comirnaty,3.99,08:07:20,2,8,0.0
2026-08-20,Comirnaty,16.53,08:07:50,2,8,110.3
2026-08-20,Comirnaty,2.21,08:08:20,2,8,0.0
2026-08-20,Comirnaty,9.65,08:08:50,2,8,110.33
2026-08-20,Comirnaty,15.18,08:09:20,2,8,110.34
2026-08-20,Comirnaty,12.18,08:09:50,2,8,110.35
2026-08-20,Comirnaty,5.07,08:10:20,2,8,0.0
2026-08-20,Comirnaty,6.52,08:10:50,2,8,0.0
2026-08-20,Comirnaty,16.37,08:11:20,2,8,110.38
2026-08-20,Comirnaty,12.1,08:11:50,2,8,110.39
2026-08-20,Comirnaty,6.91,08:12:20,2,8,0.0
2026-08-20,Comirnaty,16.55,08:12:50,2,8,110.41
2026-08-20,Comirnaty,14.64,08:13:20,2,8,110.42
2026-08-20,Comirnaty,7.66,08:13:50,2,8,0.0
2026-08-20,Comirnaty,9.44,08:14:20,2,8,110.45
2026-08-20,Comirnaty,16.94,08:14:50,2,8,110.46
2026-08-20,Comirnaty,14.15,08:15:20,2,8,110.47
2026-08-20,Comirnaty,2.46,08:15:50,2,8,0.0
2026-08-20,Comirnaty,4.81,08:16:20,2,8,0.0
2026-08-20,Comirnaty,5.62,08:16:50,2,8,0.0
2026-08-20,Comirnaty,2.26,08:17:20,2,8,0.0
2026-08-20,Comirnaty,15.78,08:17:50,2,8,110.52
2026-08-20,Comirnaty,6.12,08:18:20,2,8,0.0
2026-08-20,Comirnaty,3.96,08:18:50,2,8,0.0
2026-08-20,Comirnaty,13.16,08:19:20,2,8,110.55
2026-08-20,Comirnaty,13.62,08:19:50,2,8,110.56
2026-08-20,Comirnaty,13.43,08:20:20,2,8,110.58
2026-08-20,Comirnaty,12.02,08:20:50,2,8,110.59
2026-08-20,Comirnaty,16.76,08:21:20,2,8,110.6
2026-08-20,Comirnaty,4.06,08:21:50,2,8,0.0
2026-08-20,Comirnaty,11.46,08:22:20,2,8,110.62
2026-08-20,Comirnaty,11.46,08:22:50,2,8,110.63
2026-08-20,Comirnaty,3.02,08:23:20,2,8,0.0
2026-08-20,Comirnaty,9.1,08:23:50,2,8,110.65
2026-08-20,Comirnaty,17.89,08:24:20,2,8,110.66
2026-08-20,Comirnaty,14.99,08:24:50,2,8,110.67
2026-08-20,Comirnaty,2.61,08:25:20,2,8,0.0
2026-08-20,Comirnaty,17.43,08:25:50,2,8,110.7
2026-08-20,Comirnaty,4.86,08:26:20,2,8,0.0
2026-08-20,Comirnaty,10.58,08:26:50,2,8,110.72
2026-08-20,Comirnaty,16.07,08:27:20,2,8,110.73
2026-08-20,Comirnaty,16.48,08:27:50,2,8,110.74
2026-08-20,Comirnaty,4.0,08:28:20,2,8,0.0
2026-08-20,Comirnaty,16.87,08:28:50,2,8,110.76
2026-08-20,Comirnaty,16.89,08:29:20,2,8,110.77
2026-08-20,Comirnaty,17.89,08:29:50,2,8,110.78
2026-08-20,Comirnaty,12.37,08:30:20,2,8,110.79
2026-08-20,Comirnaty,9.63,08:30:50,2,8,110.8
2026-08-20,Comirnaty,12.75,08:31:20,2,8,110.81
2026-08-20,Comirnaty,16.7,08:31:50,2,8,110.83
2026-08-20,Comirnaty,10.99,08:32:20,2,8,110.84
2026-08-20,Comirnaty,4.33,08:32:50,2,8,0.0
2026-08-20,Comirnaty,15.64,08:33:20,2,8,110.86
2026-08-20,Comirnaty,5.68,08:33:50,2,8,0.0
2026-08-20,Comirnaty,7.3,08:34:20,2,8,0.0
2026-08-20,Comirnaty,9.7,08:34:50,2,8,110.89
2026-08-20,Comirnaty,9.14,08:35:20,2,8,110.9
2026-08-20,Comirnaty,11.67,08:35:50,2,8,110.91
2026-08-20,Comirnaty,3.81,08:36:20,2,8,0.0
2026-08-20,Comirnaty,14.94,08:36:50,2,8,110.93
2026-08-20,Comirnaty,9.27,08:37:20,2,8,110.94
2026-08-20,Comirnaty,5.8,08:37:50,2,8,0.0
2026-08-20,Comirnaty,9.88,08:38:20,2,8,110.97
2026-08-20,Comirnaty,11.77,08:38:50,2,8,110.98
2026-08-20,Comirnaty,11.62,08:39:20,2,8,110.99
2026-08-20,Comirnaty,5.14,08:39:50,2,8,0.0
2026-08-20,Comirnaty,10.34,08:40:20,2,8,111.01
2026-08-20,Comirnaty,5.33,08:40:50,2,8,0.0
2026-08-20,Comirnaty,10.98,08:41:20,2,8,111.03
2026-08-20,Comirnaty,6.52,08:41:50,2,8,0.0
2026-08-20,Comirnaty,3.28,08:42:20,2,8,0.0
2026-08-20,Comirnaty,5.64,08:42:50,2,8,0.0
2026-08-20,Comirnaty,3.43,08:43:20,2,8,0.0
2026-08-20,Comirnaty,11.36,08:43:50,2,8,111.09
2026-08-20,Comirnaty,10.65,08:44:20,2,8,111.1
2026-08-20,Comirnaty,14.24,08:44:50,2,8,111.11
2026-08-20,Comirnaty,13.72,08:45:20,2,8,111.12
2026-08-20,Comirnaty,15.6,08:45:50,2,8,111.13
2026-08-20,Comirnaty,14.22,08:46:20,2,8,111.14
2026-08-20,Comirnaty,9.4,08:46:50,2,8,111.15
2026-08-20,Comirnaty,3.95,08:47:20,2,8,0.0
2026-08-20,Comirnaty,16.16,08:47:50,2,8,111.17
2026-08-20,Comirnaty,12.19,08:48:20,2,8,111.18
2026-08-20,Comirnaty,4.61,08:48:50,2,8,0.0
2026-08-20,Comirnaty,5.14,08:49:20,2,8,0.0
2026-08-20,Comirnaty,6.85,08:49:50,2,8,0.0
2026-08-20,Comirnaty,6.73,08:50:20,2,8,0.0
2026-08-20,Comirnaty,15.83,08:50:50,2,8,111.24
2026-08-20,Comirnaty,7.75,08:51:20,2,8,0.0
2026-08-20,Comirnaty,11.76,08:51:50,2,8,111.26
2026-08-20,Comirnaty,9.56,08:52:20,2,8,111.27
2026-08-20,Comirnaty,10.74,08:52:50,2,8,111.28
2026-08-20,Comirnaty,6.72,08:53:20,2,8,0.0
2026-08-20,Comirnaty,17.34,08:53:50,2,8,111.3
2026-08-20,Comirnaty,9.11,08:54:20,2,8,111.31
2026-08-20,Comirnaty,9.63,08:54:50,2,8,111.32
2026-08-20,Comirnaty,15.05,08:55:20,2,8,111.33
2026-08-20,Comirnaty,15.02,08:55:50,2,8,111.35
2026-08-20,Comirnaty,15.66,08:56:20,2,8,111.36
2026-08-20,Comirnaty,7.24,08:56:50,2,8,0.0
2026-08-20,Comirnaty,15.02,08:57:20,2,8,111.38
2026-08-20,Comirnaty,5.79,08:57:50,2,8,0.0
2026-08-20,Comirnaty,3.17,08:58:20,2,8,0.0
2026-08-20,Comirnaty,9.67,08:58:50,2,8,111.41
2026-08-20,Comirnaty,12.73,08:59:20,2,8,111.42
2026-08-20,Comirnaty,4.0,08:59:50,2,8,0.0
2026-08-20,Comirnaty,6.89,09:00:20,2,8,0.0
2026-08-20,Comirnaty,14.2,09:00:50,2,8,111.45
2026-08-20,Comirnaty,6.71,09:01:20,2,8,0.0
2026-08-20,Comirnaty,9.74,09:01:50,2,8,111.48
2026-08-20,Comirnaty,10.02,09:02:20,2,8,111.49
2026-08-20,Comirnaty,16.31,09:02:50,2,8,111.5
2026-08-20,Comirnaty,15.5,09:03:20,2,8,111.51
2026-08-20,Comirnaty,12.93,09:03:50,2,8,111.52
2026-08-20,Comirnaty,2.96,09:04:20,2,8,0.0
2026-08-20,Comirnaty,9.57,09:04:50,2,8,111.54
2026-08-20,Comirnaty,7.06,09:05:20,2,8,0.0
2026-08-20,Comirnaty,7.36,09:05:50,2,8,0.0
2026-08-20,Comirnaty,12.31,09:06:20,2,8,111.57
2026-08-20,Comirnaty,3.46,09:06:50,2,8,0.0
2026-08-20,Comirnaty,2.17,09:07:20,2,8,0.0
2026-08-20,Comirnaty,14.98,09:07:50,2,8,111.6
2026-08-20,Comirnaty,5.09,09:08:20,2,8,0.0
2026-08-20,Comirnaty,10.38,09:08:50,2,8,111.63
2026-08-20,Comirnaty,3.48,09:09:20,2,8,0.0
2026-08-20,Comirnaty,4.2,09:09:50,2,8,0.0
2026-08-20,Comirnaty,6.02,09:10:20,2,8,0.0
2026-08-20,Comirnaty,9.33,09:10:50,2,8,111.67
2026-08-20,Comirnaty,12.09,09:11:20,2,8,111.68
2026-08-20,Comirnaty,15.81,09:11:50,2,8,111.69
2026-08-20,Comirnaty,6.68,09:12:20,2,8,0.0
2026-08-20,Comirnaty,12.41,09:12:50,2,8,111.71
2026-08-20,Comirnaty,15.83,09:13:20,2,8,111.72
2026-08-20,Comirnaty,15.21,09:13:50,2,8,111.74
2026-08-20,Comirnaty,11.51,09:14:20,2,8,111.75
2026-08-20,Comirnaty,6.89,09:14:50,2,8,0.0
2026-08-20,Comirnaty,15.32,09:15:20,2,8,111.77
2026-08-20,Comirnaty,16.82,09:15:50,2,8,111.78
2026-08-20,Comirnaty,11.52,09:16:20,2,8,111.79
2026-08-20,Comirnaty,11.79,09:16:50,2,8,111.8
2026-08-20,Comirnaty,6.36,09:17:20,2,8,0.0
2026-08-20,Comirnaty,14.01,09:17:50,2,8,111.82
2026-08-20,Comirnaty,12.55,09:18:20,2,8,111.83
2026-08-20,Comirnaty,13.05,09:18:50,2,8,111.84
2026-08-20,Comirnaty,4.79,09:19:20,2,8,0.0
2026-08-20,Comirnaty,13.51,09:19:50,2,8,111.86
2026-08-20,Comirnaty,14.15,09:20:20,2,8,111.88
2026-08-20,Comirnaty,7.7,09:20:50,2,8,0.0
2026-08-20,Comirnaty,14.19,09:21:20,2,8,111.9
2026-08-20,Comirnaty,4.0,09:21:50,2,8,0.0
2026-08-20,Comirnaty,16.56,09:22:20,2,8,111.92
2026-08-20,Comirnaty,11.07,09:22:50,2,8,111.93
2026-08-20,Comirnaty,11.57,09:23:20,2,8,111.94
2026-08-20,Comirnaty,12.34,09:23:50,2,8,111.95
2026-08-20,Comirnaty,4.32,09:24:20,2,8,0.0
2026-08-20,Comirnaty,14.6,09:24:50,2,8,111.97
2026-08-20,Comirnaty,16.82,09:25:20,2,8,111.98
2026-08-20,Comirnaty,13.57,09:25:50,2,8,112.0
2026-08-20,Comirnaty,4.1,09:26:20,2,8,0.0
2026-08-20,Comirnaty,12.83,09:26:50,2,8,112.02
2026-08-20,Comirnaty,16.42,09:27:20,2,8,112.03
2026-08-20,Comirnaty,16.45,09:27:50,2,8,112.04
2026-08-20,Comirnaty,12.12,09:28:20,2,8,112.05
2026-08-20,Comirnaty,17.0,09:28:50,2,8,112.06
2026-08-20,Comirnaty,16.57,09:29:20,2,8,112.07
2026-08-20,Comirnaty,3.31,09:29:50,2,8,0.0
2026-08-20,Comirnaty,16.15,09:30:20,2,8,112.09
2026-08-20,Comirnaty,11.77,09:30:50,2,8,112.1
2026-08-20,Comirnaty,7.07,09:31:20,2,8,0.0
2026-08-20,Comirnaty,5.65,09:31:50,2,8,0.0
2026-08-20,Comirnaty,17.45,09:32:20,2,8,112.14
2026-08-20,Comirnaty,12.97,09:32:50,2,8,112.15
2026-08-20,Comirnaty,14.34,09:33:20,2,8,112.16
2026-08-20,Comirnaty,12.81,09:33:50,2,8,112.17
2026-08-20,Comirnaty,14.18,09:34:20,2,8,112.18
2026-08-20,Comirnaty,6.55,09:34:50,2,8,0.0
2026-08-20,Comirnaty,17.96,09:35:20,2,8,112.2
2026-08-20,Comirnaty,11.32,09:35:50,2,8,112.21
2026-08-20,Comirnaty,6.19,09:36:20,2,8,0.0
2026-08-20,Comirnaty,14.5,09:36:50,2,8,112.23
2026-08-20,Comirnaty,2.58,09:37:20,2,8,0.0
2026-08-20,Comirnaty,12.3,09:37:50,2,8,112.25
2026-08-20,Comirnaty,14.77,09:38:20,2,8,112.27
2026-08-20,Comirnaty,7.34,09:38:50,2,8,0.0
2026-08-20,Comirnaty,16.22,09:39:20,2,8,112.29
2026-08-20,Comirnaty,9.67,09:39:50,2,8,112.3
2026-08-20,Comirnaty,14.15,09:40:20,2,8,112.31
2026-08-20,Comirnaty,14.4,09:40:50,2,8,112.32
2026-08-20,Comirnaty,16.83,09:41:20,2,8,112.33
2026-08-20,Comirnaty,5.82,09:41:50,2,8,0.0
2026-08-20,Comirnaty,17.57,09:42:20,2,8,112.35
2026-08-20,Comirnaty,11.28,09:42:50,2,8,112.36
2026-08-20,Comirnaty,5.35,09:43:20,2,8,0.0
2026-08-20,Comirnaty,12.86,09:43:50,2,8,112.39
2026-08-20,Comirnaty,2.78,09:44:20,2,8,0.0
2026-08-20,Comirnaty,10.17,09:44:50,2,8,112.41
2026-08-20,Comirnaty,4.15,09:45:20,2,8,0.0
2026-08-20,Comirnaty,3.6,09:45:50,2,8,0.0
2026-08-20,Comirnaty,4.71,09:46:20,2,8,0.0
2026-08-20,Comirnaty,2.86,09:46:50,2,8,0.0
2026-08-20,Comirnaty,13.0,09:47:20,2,8,112.46
2026-08-20,Comirnaty,12.45,09:47:50,2,8,112.47
2026-08-20,Comirnaty,5.54,09:48:20,2,8,0.0
2026-08-20,Comirnaty,3.13,09:48:50,2,8,0.0
2026-08-20,Comirnaty,14.54,09:49:20,2,8,112.5
2026-08-20,Comirnaty,14.31,09:49:50,2,8,112.52
2026-08-20,Comirnaty,16.66,09:50:20,2,8,112.53
2026-08-20,Comirnaty,5.69,09:50:50,2,8,0.0
2026-08-20,Comirnaty,14.52,09:51:20,2,8,112.55
2026-08-20,Comirnaty,17.95,09:51:50,2,8,112.56
2026-08-20,Comirnaty,6.46,09:52:20,2,8,0.0
2026-08-20,Comirnaty,17.2,09:52:50,2,8,112.58
2026-08-20,Comirnaty,14.77,09:53:20,2,8,112.59
2026-08-20,Comirnaty,9.4,09:53:50,2,8,112.6
2026-08-20,Comirnaty,16.95,09:54:20,2,8,112.61
2026-08-20,Comirnaty,13.88,09:54:50,2,8,112.62
2026-08-20,Comirnaty,15.62,09:55:20,2,8,112.63
2026-08-20,Comirnaty,11.62,09:55:50,2,8,112.65
2026-08-20,Comirnaty,6.18,09:56:20,2,8,0.0
2026-08-20,Comirnaty,16.7,09:56:50,2,8,112.67
2026-08-20,Comirnaty,5.05,09:57:20,2,8,0.0
2026-08-20,Comirnaty,16.65,09:57:50,2,8,112.69
2026-08-20,Comirnaty,7.13,09:58:20,2,8,0.0
2026-08-20,Comirnaty,2.25,09:58:50,2,8,0.0
2026-08-20,Comirnaty,15.85,09:59:20,2,8,112.72
2026-08-20,Comirnaty,15.78,09:59:50,2,8,112.73
2026-08-20,Comirnaty,16.46,10:00:20,2,8,112.74
2026-08-20,Comirnaty,9.04,10:00:50,2,8,112.75
2026-08-20,Comirnaty,17.07,10:01:20,2,8,112.76
2026-08-20,Comirnaty,17.23,10:01:50,2,8,112.78
2026-08-20,Comirnaty,6.75,10:02:20,2,8,0.0
2026-08-20,Comirnaty,12.44,10:02:50,2,8,112.8
2026-08-20,Comirnaty,16.72,10:03:20,2,8,112.81
2026-08-20,Comirnaty,17.3,10:03:50,2,8,112.82
2026-08-20,Comirnaty,9.97,10:04:20,2,8,112.83
2026-08-20,Comirnaty,17.96,10:04:50,2,8,112.84
2026-08-20,Comirnaty,4.11,10:05:20,2,8,0.0
2026-08-20,Comirnaty,7.44,10:05:50,2,8,0.0
2026-08-20,Comirnaty,7.17,10:06:20,2,8,0.0
2026-08-20,Comirnaty,3.4,10:06:50,2,8,0.0
2026-08-20,Comirnaty,11.08,10:07:20,2,8,112.89
2026-08-20,Comirnaty,9.72,10:07:50,2,8,112.91
2026-08-20,Comirnaty,6.3,10:08:20,2,8,0.0
2026-08-20,Comirnaty,14.85,10:08:50,2,8,112.93
2026-08-20,Comirnaty,4.96,10:09:20,2,8,0.0
2026-08-20,Comirnaty,16.75,10:09:50,2,8,112.95
2026-08-20,Comirnaty,15.36,10:10:20,2,8,112.96
2026-08-20,Comirnaty,9.54,10:10:50,2,8,112.97
2026-08-20,Comirnaty,9.47,10:11:20,2,8,112.98
2026-08-20,Comirnaty,10.21,10:11:50,2,8,112.99
2026-08-20,Comirnaty,10.57,10:12:20,2,8,113.0
2026-08-20,Comirnaty,2.23,10:12:50,2,8,0.0
2026-08-20,Comirnaty,13.44,10:13:20,2,8,113.02
2026-08-20,Comirnaty,6.67,10:13:50,2,8,0.0
2026-08-20,Comirnaty,12.77,10:14:20,2,8,113.05
2026-08-20,Comirnaty,13.58,10:14:50,2,8,113.06
2026-08-20,Comirnaty,3.44,10:15:20,2,8,0.0
2026-08-20,Comirnaty,5.73,10:15:50,2,8,0.0
2026-08-20,Comirnaty,12.69,10:16:20,2,8,113.09
2026-08-20,Comirnaty,16.45,10:16:50,2,8,113.1
2026-08-20,Comirnaty,3.67,10:17:20,2,8,0.0
2026-08-20,Comirnaty,4.54,10:17:50,2,8,0.0
2026-08-20,Comirnaty,5.78,10:18:20,2,8,0.0
2026-08-20,Comirnaty,6.57,10:18:50,2,8,0.0
2026-08-20,Comirnaty,14.58,10:19:20,2,8,113.15
2026-08-20,Comirnaty,5.47,10:19:50,2,8,0.0
2026-08-20,Comirnaty,17.5,10:20:20,2,8,113.18
2026-08-20,Comirnaty,15.85,10:20:50,2,8,113.19
2026-08-20,Comirnaty,3.48,10:21:20,2,8,0.0
2026-08-20,Comirnaty,5.57,10:21:50,2,8,0.0
2026-08-20,Comirnaty,13.33,10:22:20,2,8,113.22
2026-08-20,Comirnaty,10.83,10:22:50,2,8,113.23
2026-08-20,Comirnaty,6.19,10:23:20,2,8,0.0
2026-08-20,Comirnaty,14.7,10:23:50,2,8,113.25
2026-08-20,Comirnaty,10.32,10:24:20,2,8,113.26
2026-08-20,Comirnaty,4.28,10:24:50,2,8,0.0
2026-08-20,Comirnaty,9.05,10:25:20,2,8,113.28
2026-08-20,Comirnaty,10.17,10:25:50,2,8,113.3
2026-08-20,Comirnaty,16.3,10:26:20,2,8,113.31
2026-08-20,Comirnaty,2.59,10:26:50,2,8,0.0
2026-08-20,Comirnaty,12.14,10:27:20,2,8,113.33
2026-08-20,Comirnaty,15.07,10:27:50,2,8,113.34
2026-08-20,Comirnaty,14.78,10:28:20,2,8,113.35
2026-08-20,Comirnaty,4.17,10:28:50,2,8,0.0
2026-08-20,Comirnaty,2.86,10:29:20,2,8,0.0
2026-08-20,Comirnaty,17.42,10:29:50,2,8,113.38
2026-08-20,Comirnaty,15.78,10:30:20,2,8,113.39
2026-08-20,Comirnaty,11.38,10:30:50,2,8,113.4
2026-08-20,Comirnaty,11.9,10:31:20,2,8,113.41
2026-08-20,Comirnaty,7.87,10:31:50,2,8,0.0
2026-08-20,Comirnaty,2.97,10:32:20,2,8,0.0
2026-08-20,Comirnaty,2.59,10:32:50,2,8,0.0
2026-08-20,Comirnaty,16.15,10:33:20,2,8,113.46
2026-08-20,Comirnaty,14.58,10:33:50,2,8,113.47
2026-08-20,Comirnaty,10.26,10:34:20,2,8,113.48
2026-08-20,Comirnaty,11.72,10:34:50,2,8,113.49
2026-08-20,Comirnaty,14.64,10:35:20,2,8,113.5
2026-08-20,Comirnaty,3.07,10:35:50,2,8,0.0
2026-08-20,Comirnaty,2.57,10:36:20,2,8,0.0
2026-08-20,Comirnaty,17.08,10:36:50,2,8,113.53
2026-08-20,Comirnaty,13.42,10:37:20,2,8,113.54
2026-08-20,Comirnaty,4.79,10:37:50,2,8,0.0
2026-08-20,Comirnaty,7.56,10:38:20,2,8,0.0
2026-08-20,Comirnaty,10.46,10:38:50,2,8,113.58
2026-08-20,Comirnaty,13.43,10:39:20,2,8,113.59
2026-08-20,Comirnaty,3.99,10:39:50,2,8,0.0
2026-08-20,Comirnaty,13.22,10:40:20,2,8,113.61
2026-08-20,Comirnaty,7.76,10:40:50,2,8,0.0
2026-08-20,Comirnaty,7.08,10:41:20,2,8,0.0
2026-08-20,Comirnaty,16.57,10:41:50,2,8,113.64
2026-08-20,Comirnaty,4.08,10:42:20,2,8,0.0
2026-08-20,Comirnaty,2.25,10:42:50,2,8,0.0
2026-08-20,Comirnaty,4.55,10:43:20,2,8,0.0
2026-08-20,Comirnaty,11.47,10:43:50,2,8,113.69
2026-08-20,Comirnaty,7.83,10:44:20,2,8,0.0
2026-08-20,Comirnaty,5.38,10:44:50,2,8,0.0
2026-08-20,Comirnaty,16.08,10:45:20,2,8,113.72
2026-08-20,Comirnaty,13.73,10:45:50,2,8,113.73
2026-08-20,Comirnaty,16.85,10:46:20,2,8,113.74
2026-08-20,Comirnaty,2.95,10:46:50,2,8,0.0
2026-08-20,Comirnaty,2.98,10:47:20,2,8,0.0
2026-08-20,Comirnaty,2.09,10:47:50,2,8,0.0
2026-08-20,Comirnaty,12.69,10:48:20,2,8,113.78
2026-08-20,Comirnaty,9.8,10:48:50,2,8,113.79
2026-08-20,Comirnaty,10.07,10:49:20,2,8,113.8
2026-08-20,Comirnaty,7.88,10:49:50,2,8,0.0
2026-08-20,Comirnaty,17.45,10:50:20,2,8,113.83
2026-08-20,Comirnaty,7.3,10:50:50,2,8,0.0
2026-08-20,Comirnaty,9.39,10:51:20,2,8,113.85
2026-08-20,Comirnaty,13.54,10:51:50,2,8,113.86
2026-08-20,Comirnaty,13.5,10:52:20,2,8,113.87
2026-08-20,Comirnaty,5.38,10:52:50,2,8,0.0
2026-08-20,Comirnaty,9.94,10:53:20,2,8,113.89
2026-08-20,Comirnaty,13.33,10:53:50,2,8,113.9
2026-08-20,Comirnaty,14.0,10:54:20,2,8,113.91
2026-08-20,Comirnaty,13.76,10:54:50,2,8,113.92
2026-08-20,Comirnaty,5.84,10:55:20,2,8,0.0
2026-08-20,Comirnaty,2.79,10:55:50,2,8,0.0
2026-08-20,Comirnaty,7.82,10:56:20,2,8,0.0
2026-08-20,Comirnaty,4.46,10:56:50,2,8,0.0
2026-08-20,Comirnaty,16.41,10:57:20,2,8,113.98
2026-08-20,Comirnaty,2.95,10:57:50,2,8,0.0
2026-08-20,Comirnaty,15.96,10:58:20,2,8,114.0
2026-08-20,Comirnaty,5.9,10:58:50,2,8,0.0
2026-08-20,Comirnaty,14.98,10:59:20,2,8,114.02
2026-08-20,Comirnaty,16.9,10:59:50,2,8,114.03
2026-08-20,Comirnaty,14.49,11:00:20,2,8,114.04
2026-08-20,Comirnaty,6.91,11:00:50,2,8,0.0
2026-08-20,Comirnaty,5.1,11:01:20,2,8,0.0
2026-08-20,Comirnaty,10.11,11:01:50,2,8,114.08
2026-08-20,Comirnaty,7.14,11:02:20,2,8,0.0
2026-08-20,Comirnaty,13.76,11:02:50,2,8,114.1
2026-08-20,Comirnaty,17.28,11:03:20,2,8,114.11
2026-08-20,Comirnaty,15.77,11:03:50,2,8,114.12
2026-08-20,Comirnaty,13.12,11:04:20,2,8,114.13
2026-08-20,Comirnaty,13.18,11:04:50,2,8,114.14
2026-08-20,Comirnaty,7.66,11:05:20,2,8,0.0
2026-08-20,Comirnaty,10.66,11:05:50,2,8,114.16
2026-08-20,Comirnaty,6.73,11:06:20,2,8,0.0
2026-08-20,Comirnaty,6.57,11:06:50,2,8,0.0
2026-08-20,Comirnaty,13.54,11:07:20,2,8,114.19
2026-08-20,Comirnaty,6.45,11:07:50,2,8,0.0
2026-08-20,Comirnaty,11.49,11:08:20,2,8,114.22
2026-08-20,Comirnaty,3.69,11:08:50,2,8,0.0
2026-08-20,Comirnaty,10.19,11:09:20,2,8,114.24
2026-08-20,Comirnaty,2.07,11:09:50,2,8,0.0
2026-08-20,Comirnaty,12.1,11:10:20,2,8,114.26
2026-08-20,Comirnaty,16.83,11:10:50,2,8,114.27
2026-08-20,Comirnaty,10.31,11:11:20,2,8,114.28
2026-08-20,Comirnaty,15.32,11:11:50,2,8,114.29
2026-08-20,Comirnaty,5.83,11:12:20,2,8,0.0
2026-08-20,Comirnaty,7.52,11:12:50,2,8,0.0
2026-08-20,Comirnaty,10.7,11:13:20,2,8,114.32
2026-08-20,Comirnaty,13.97,11:13:50,2,8,114.34
2026-08-20,Comirnaty,13.24,11:14:20,2,8,114.35
2026-08-20,Comirnaty,10.31,11:14:50,2,8,114.36
2026-08-20,Comirnaty,12.52,11:15:20,2,8,114.37
2026-08-20,Comirnaty,14.48,11:15:50,2,8,114.38
2026-08-20,Comirnaty,17.38,11:16:20,2,8,114.39
2026-08-20,Comirnaty,6.72,11:16:50,2,8,0.0
2026-08-20,Comirnaty,13.52,11:17:20,2,8,114.41
2026-08-20,Comirnaty,15.91,11:17:50,2,8,114.42
2026-08-20,Comirnaty,12.06,11:18:20,2,8,114.43
2026-08-20,Comirnaty,2.34,11:18:50,2,8,0.0
2026-08-20,Comirnaty,3.87,11:19:20,2,8,0.0
2026-08-20,Comirnaty,17.4,11:19:50,2,8,114.47
2026-08-20,Comirnaty,13.47,11:20:20,2,8,114.48
2026-08-20,Comirnaty,12.26,11:20:50,2,8,114.49
2026-08-20,Comirnaty,7.86,11:21:20,2,8,0.0
2026-08-20,Comirnaty,12.99,11:21:50,2,8,114.51
2026-08-20,Comirnaty,14.89,11:22:20,2,8,114.52
2026-08-20,Comirnaty,6.44,11:22:50,2,8,0.0
2026-08-20,Comirnaty,15.61,11:23:20,2,8,114.54
2026-08-20,Comirnaty,6.21,11:23:50,2,8,0.0
2026-08-20,Comirnaty,13.51,11:24:20,2,8,114.56
2026-08-20,Comirnaty,11.46,11:24:50,2,8,114.57
2026-08-20,Comirnaty,7.42,11:25:20,2,8,0.0
2026-08-20,Comirnaty,10.06,11:25:50,2,8,114.6
2026-08-20,Comirnaty,9.01,11:26:20,2,8,114.61
2026-08-20,Comirnaty,3.48,11:26:50,2,8,0.0
2026-08-20,Comirnaty,17.2,11:27:20,2,8,114.63
2026-08-20,Comirnaty,7.65,11:27:50,2,8,0.0
2026-08-20,Comirnaty,14.8,11:28:20,2,8,114.65
2026-08-20,Comirnaty,4.44,11:28:50,2,8,0.0
2026-08-20,Comirnaty,14.66,11:29:20,2,8,114.67
2026-08-20,Comirnaty,9.16,11:29:50,2,8,114.68
2026-08-20,Comirnaty,17.38,11:30:20,2,8,114.69
2026-08-20,Comirnaty,7.16,11:30:50,2,8,0.0
2026-08-20,Comirnaty,15.8,11:31:20,2,8,114.71
2026-08-20,Comirnaty,11.7,11:31:50,2,8,114.73
2026-08-20,Comirnaty,4.79,11:32:20,2,8,0.0
2026-08-20,Comirnaty,6.92,11:32:50,2,8,0.0
2026-08-20,Comirnaty,7.43,11:33:20,2,8,0.0
2026-08-20,Comirnaty,16.57,11:33:50,2,8,114.77
2026-08-20,Comirnaty,5.24,11:34:20,2,8,0.0
2026-08-20,Comirnaty,17.04,11:34:50,2,8,114.79
2026-08-20,Comirnaty,9.88,11:35:20,2,8,114.8
2026-08-20,Comirnaty,5.14,11:35:50,2,8,0.0
2026-08-20,Comirnaty,14.12,11:36:20,2,8,114.82
2026-08-20,Comirnaty,7.25,11:36:50,2,8,0.0
2026-08-20,Comirnaty,17.29,11:37:20,2,8,114.84
2026-08-20,Comirnaty,3.29,11:37:50,2,8,0.0
2026-08-20,Comirnaty,4.73,11:38:20,2,8,0.0
2026-08-20,Comirnaty,6.52,11:38:50,2,8,0.0
2026-08-20,Comirnaty,11.29,11:39:20,2,8,114.89
2026-08-20,Comirnaty,10.52,11:39:50,2,8,114.9
2026-08-20,Comirnaty,3.95,11:40:20,2,8,0.0
2026-08-20,Comirnaty,6.98,11:40:50,2,8,0.0
2026-08-20,Comirnaty,9.11,11:41:20,2,8,114.93
2026-08-20,Comirnaty,15.32,11:41:50,2,8,114.94
2026-08-20,Comirnaty,10.3,11:42:20,2,8,114.95
2026-08-20,Comirnaty,16.14,11:42:50,2,8,114.96
2026-08-20,Comirnaty,7.74,11:43:20,2,8,0.0
2026-08-20,Comirnaty,6.89,11:43:50,2,8,0.0
2026-08-20,Comirnaty,11.1,11:44:20,2,8,115.0
2026-08-20,Comirnaty,6.75,11:44:50,2,8,0.0
2026-08-20,Comirnaty,10.86,11:45:20,2,8,115.02
2026-08-20,Comirnaty,2.71,11:45:50,2,8,0.0
2026-08-20,Comirnaty,15.92,11:46:20,2,8,115.04
2026-08-20,Comirnaty,15.29,11:46:50,2,8,115.05
2026-08-20,Comirnaty,17.96,11:47:20,2,8,115.06
2026-08-20,Comirnaty,2.75,11:47:50,2,8,0.0
2026-08-20,Comirnaty,12.13,11:48:20,2,8,115.08
2026-08-20,Comirnaty,2.63,11:48:50,2,8,0.0
2026-08-20,Comirnaty,16.35,11:49:20,2,8,115.1
2026-08-20,Comirnaty,14.63,11:49:50,2,8,115.11
2026-08-20,Comirnaty,2.8,11:50:20,2,8,0.0
2026-08-20,Comirnaty,11.85,11:50:50,2,8,115.14
2026-08-20,Comirnaty,7.82,11:51:20,2,8,0.0
2026-08-20,Comirnaty,10.59,11:51:50,2,8,115.16
2026-08-20,Comirnaty,11.58,11:52:20,2,8,115.17
2026-08-20,Comirnaty,16.94,11:52:50,2,8,115.18
2026-08-20,Comirnaty,13.33,11:53:20,2,8,115.19
2026-08-20,Comirnaty,7.12,11:53:50,2,8,0.0
2026-08-20,Comirnaty,9.02,11:54:20,2,8,115.21
2026-08-20,Comirnaty,11.46,11:54:50,2,8,115.22
2026-08-20,Comirnaty,3.92,11:55:20,2,8,0.0
2026-08-20,Comirnaty,2.49,11:55:50,2,8,0.0
2026-08-20,Comirnaty,9.46,11:56:20,2,8,115.26
2026-08-20,Comirnaty,4.18,11:56:50,2,8,0.0
2026-08-20,Comirnaty,2.94,11:57:20,2,8,0.0
2026-08-20,Comirnaty,13.36,11:57:50,2,8,115.29
2026-08-20,Comirnaty,5.01,11:58:20,2,8,0.0
2026-08-20,Comirnaty,4.19,11:58:50,2,8,0.0
2026-08-20,Comirnaty,5.09,11:59:20,2,8,0.0
2026-08-20,Comirnaty,14.17,11:59:50,2,8,115.33
2026-08-20,Comirnaty,7.91,12:00:20,2,8,0.0
2026-08-20,Comirnaty,11.48,12:00:50,2,8,115.35
2026-08-20,Comirnaty,3.15,12:01:20,2,8,0.0
2026-08-20,Comirnaty,13.88,12:01:50,2,8,115.38
2026-08-20,Comirnaty,9.69,12:02:20,2,8,115.39
2026-08-20,Comirnaty,9.23,12:02:50,2,8,115.4
2026-08-20,Comirnaty,7.41,12:03:20,2,8,0.0
2026-08-20,Comirnaty,14.76,12:03:50,2,8,115.42
2026-08-20,Comirnaty,11.67,12:04:20,2,8,115.43
2026-08-20,Comirnaty,7.47,12:04:50,2,8,0.0
2026-08-20,Comirnaty,4.93,12:05:20,2,8,0.0
2026-08-20,Comirnaty,12.67,12:05:50,2,8,115.46
2026-08-20,Comirnaty,17.56,12:06:20,2,8,115.47
2026-08-20,Comirnaty,2.69,12:06:50,2,8,0.0
2026-08-20,Comirnaty,14.61,12:07:20,2,8,115.49
2026-08-20,Comirnaty,16.89,12:07:50,2,8,115.5
2026-08-20,Comirnaty,15.16,12:08:20,2,8,115.52
2026-08-20,Comirnaty,10.29,12:08:50,2,8,115.53
2026-08-20,Comirnaty,5.11,12:09:20,2,8,0.0
2026-08-20,Comirnaty,12.25,12:09:50,2,8,115.55
2026-08-20,Comirnaty,16.3,12:10:20,2,8,115.56
2026-08-20,Comirnaty,10.04,12:10:50,2,8,115.57
2026-08-20,Comirnaty,14.7,12:11:20,2,8,115.58
2026-08-20,Comirnaty,5.41,12:11:50,2,8,0.0
2026-08-20,Comirnaty,2.38,12:12:20,2,8,0.0
2026-08-20,Comirnaty,5.85,12:12:50,2,8,0.0
2026-08-20,Comirnaty,17.68,12:13:20,2,8,115.62
2026-08-20,Comirnaty,10.33,12:13:50,2,8,115.64
2026-08-20,Comirnaty,10.34,12:14:20,2,8,115.65
2026-08-20,Comirnaty,11.92,12:14:50,2,8,115.66
2026-08-20,Comirnaty,3.73,12:15:20,2,8,0.0
2026-08-20,Comirnaty,2.35,12:15:50,2,8,0.0
2026-08-20,Comirnaty,12.57,12:16:20,2,8,115.69
2026-08-20,Comirnaty,15.54,12:16:50,2,8,115.7
2026-08-20,Comirnaty,12.6,12:17:20,2,8,115.71
2026-08-20,Comirnaty,11.01,12:17:50,2,8,115.72
2026-08-20,Comirnaty,6.5,12:18:20,2,8,0.0
2026-08-20,Comirnaty,5.94,12:18:50,2,8,0.0
2026-08-20,Comirnaty,7.66,12:19:20,2,8,0.0
2026-08-20,Comirnaty,15.4,12:19:50,2,8,115.77
2026-08-20,Comirnaty,12.86,12:20:20,2,8,115.78
2026-08-20,Comirnaty,16.86,12:20:50,2,8,115.79
2026-08-20,Comirnaty,2.57,12:21:20,2,8,0.0
2026-08-20,Comirnaty,9.86,12:21:50,2,8,115.81
2026-08-20,Comirnaty,14.06,12:22:20,2,8,115.82
2026-08-20,Comirnaty,3.54,12:22:50,2,8,0.0
2026-08-20,Comirnaty,14.1,12:23:20,2,8,115.84
2026-08-20,Comirnaty,7.7,12:23:50,2,8,0.0
2026-08-20,Comirnaty,2.85,12:24:20,2,8,0.0
2026-08-20,Comirnaty,12.35,12:24:50,2,8,115.87
2026-08-20,Comirnaty,6.66,12:25:20,2,8,0.0
2026-08-20,Comirnaty,12.89,12:25:50,2,8,115.9
2026-08-20,Comirnaty,5.14,12:26:20,2,8,0.0
2026-08-20,Comirnaty,5.71,12:26:50,2,8,0.0
2026-08-20,Comirnaty,3.31,12:27:20,2,8,0.0
2026-08-20,Comirnaty,6.94,12:27:50,2,8,0.0
2026-08-20,Comirnaty,15.94,12:28:20,2,8,115.95
2026-08-20,Comirnaty,15.95,12:28:50,2,8,115.96
2026-08-20,Comirnaty,2.11,12:29:20,2,8,0.0
2026-08-20,Comirnaty,3.0,12:29:50,2,8,0.0
2026-08-20,Comirnaty,6.48,12:30:20,2,8,0.0
2026-08-20,Comirnaty,5.76,12:30:50,2,8,0.0
2026-08-20,Comirnaty,5.5,12:31:20,2,8,0.0
2026-08-20,Comirnaty,13.41,12:31:50,2,8,116.03
2026-08-20,Comirnaty,14.88,12:32:20,2,8,116.04
2026-08-20,Comirnaty,14.87,12:32:50,2,8,116.05
2026-08-20,Comirnaty,15.86,12:33:20,2,8,116.06
2026-08-20,Comirnaty,11.15,12:33:50,2,8,116.07
2026-08-20,Comirnaty,6.28,12:34:20,2,8,0.0
2026-08-20,Comirnaty,5.18,12:34:50,2,8,0.0
2026-08-20,Comirnaty,12.04,12:35:20,2,8,116.1
2026-08-20,Comirnaty,3.29,12:35:50,2,8,0.0
2026-08-20,Comirnaty,2.15,12:36:20,2,8,0.0
2026-08-20,Comirnaty,9.16,12:36:50,2,8,116.13
2026-08-20,Comirnaty,10.73,12:37:20,2,8,116.14
2026-08-20,Comirnaty,4.7,12:37:50,2,8,0.0
2026-08-20,Comirnaty,3.77,12:38:20,2,8,0.0
2026-08-20,Comirnaty,4.78,12:38:50,2,8,0.0
2026-08-20,Comirnaty,12.43,12:39:20,2,8,116.19
2026-08-20,Comirnaty,10.03,12:39:50,2,8,116.2
2026-08-20,Comirnaty,2.37,12:40:20,2,8,0.0
2026-08-20,Comirnaty,15.57,12:40:50,2,8,116.22
2026-08-20,Comirnaty,3.5,12:41:20,2,8,0.0
2026-08-20,Comirnaty,12.84,12:41:50,2,8,116.24
2026-08-20,Comirnaty,15.01,12:42:20,2,8,116.25
2026-08-20,Comirnaty,10.94,12:42:50,2,8,116.26
2026-08-20,Comirnaty,16.06,12:43:20,2,8,116.27
2026-08-20,Comirnaty,6.79,12:43:50,2,8,0.0
2026-08-20,Comirnaty,15.16,12:44:20,2,8,116.3
2026-08-20,Comirnaty,4.18,12:44:50,2,8,0.0
2026-08-20,Comirnaty,10.94,12:45:20,2,8,116.32
2026-08-20,Comirnaty,11.5,12:45:50,2,8,116.33
2026-08-20,Comirnaty,4.16,12:46:20,2,8,0.0
2026-08-20,Comirnaty,4.65,12:46:50,2,8,0.0
2026-08-20,Comirnaty,7.79,12:47:20,2,8,0.0
2026-08-20,Comirnaty,2.68,12:47:50,2,8,0.0
2026-08-20,Comirnaty,15.92,12:48:20,2,8,116.38
2026-08-20,Comirnaty,3.64,12:48:50,2,8,0.0
2026-08-20,Comirnaty,13.99,12:49:20,2,8,116.4
2026-08-20,Comirnaty,11.3,12:49:50,2,8,116.42
2026-08-20,Comirnaty,9.31,12:50:20,2,8,116.43
2026-08-20,Comirnaty,13.89,12:50:50,2,8,116.44
2026-08-20,Comirnaty,4.94,12:51:20,2,8,0.0
2026-08-20,Comirnaty,17.57,12:51:50,2,8,116.46
2026-08-20,Comirnaty,5.1,12:52:20,2,8,0.0
2026-08-20,Comirnaty,14.73,12:52:50,2,8,116.48
2026-08-20,Comirnaty,13.64,12:53:20,2,8,116.49
2026-08-20,Comirnaty,7.5,12:53:50,2,8,0.0
2026-08-20,Comirnaty,9.72,12:54:20,2,8,116.51
2026-08-20,Comirnaty,10.86,12:54:50,2,8,116.52
2026-08-20,Comirnaty,17.99,12:55:20,2,8,116.53
2026-08-20,Comirnaty,9.36,12:55:50,2,8,116.55
2026-08-20,Comirnaty,16.92,12:56:20,2,8,116.56
2026-08-20,Comirnaty,5.4,12:56:50,2,8,0.0
2026-08-20,Comirnaty,5.4,12:57:20,2,8,0.0
2026-08-20,Comirnaty,3.62,12:57:50,2,8,0.0
2026-08-20,Comirnaty,6.42,12:58:20,2,8,0.0
2026-08-20,Comirnaty,10.47,12:58:50,2,8,116.61
2026-08-20,Comirnaty,13.31,12:59:20,2,8,116.62
2026-08-20,Comirnaty,14.77,12:59:50,2,8,116.63
2026-08-20,Comirnaty,12.4,13:00:20,2,8,116.64
2026-08-20,Comirnaty,11.63,13:00:50,2,8,116.65
2026-08-20,Comirnaty,6.56,13:01:20,2,8,0.0
2026-08-20,Comirnaty,12.18,13:01:50,2,8,116.67
2026-08-20,Comirnaty,7.29,13:02:20,2,8,0.0
2026-08-20,Comirnaty,11.27,13:02:50,2,8,116.7
2026-08-20,Comirnaty,14.92,13:03:20,2,8,116.71
2026-08-20,Comirnaty,16.29,13:03:50,2,8,116.72
2026-08-20,Comirnaty,13.56,13:04:20,2,8,116.73
2026-08-20,Comirnaty,14.81,13:04:50,2,8,116.74
2026-08-20,Comirnaty,15.54,13:05:20,2,8,116.75
2026-08-20,Comirnaty,14.82,13:05:50,2,8,116.76
2026-08-20,Comirnaty,11.36,13:06:20,2,8,116.77
2026-08-20,Comirnaty,5.15,13:06:50,2,8,0.0
2026-08-20,Comirnaty,11.55,13:07:20,2,8,116.79
2026-08-20,Comirnaty,16.96,13:07:50,2,8,116.8
2026-08-20,Comirnaty,3.41,13:08:20,2,8,0.0
2026-08-20,Comirnaty,13.29,13:08:50,2,8,116.83
2026-08-20,Comirnaty,9.97,13:09:20,2,8,116.84
2026-08-20,Comirnaty,10.16,13:09:50,2,8,116.85
2026-08-20,Comirnaty,13.53,13:10:20,2,8,116.86
2026-08-20,Comirnaty,9.98,13:10:50,2,8,116.87
2026-08-20,Comirnaty,15.84,13:11:20,2,8,116.88
2026-08-20,Comirnaty,14.7,13:11:50,2,8,116.89
2026-08-20,Comirnaty,14.15,13:12:20,2,8,116.9
2026-08-20,Comirnaty,12.6,13:12:50,2,8,116.91
2026-08-20,Comirnaty,6.91,13:13:20,2,8,0.0
2026-08-20,Comirnaty,6.6,13:13:50,2,8,0.0
2026-08-20,Comirnaty,9.87,13:14:20,2,8,116.95
2026-08-20,Comirnaty,17.06,13:14:50,2,8,116.96
2026-08-20,Comirnaty,12.82,13:15:20,2,8,116.97
2026-08-20,Comirnaty,17.36,13:15:50,2,8,116.98
2026-08-20,Comirnaty,9.62,13:16:20,2,8,116.99
2026-08-20,Comirnaty,7.43,13:16:50,2,8,0.0
2026-08-20,Comirnaty,5.36,13:17:20,2,8,0.0
2026-08-20,Comirnaty,6.58,13:17:50,2,8,0.0
2026-08-20,Comirnaty,12.51,13:18:20,2,8,117.03
2026-08-20,Comirnaty,12.95,13:18:50,2,8,117.04
2026-08-20,Comirnaty,7.07,13:19:20,2,8,0.0
2026-08-20,Comirnaty,11.26,13:19:50,2,8,117.06
2026-08-20,Comirnaty,10.18,13:20:20,2,8,117.08
2026-08-20,Comirnaty,9.32,13:20:50,2,8,117.09
2026-08-20,Comirnaty,17.8,13:21:20,2,8,117.1
2026-08-20,Comirnaty,12.35,13:21:50,2,8,117.11
2026-08-20,Comirnaty,7.57,13:22:20,2,8,0.0
2026-08-20,Comirnaty,14.75,13:22:50,2,8,117.13
2026-08-20,Comirnaty,10.5,13:23:20,2,8,117.14
2026-08-20,Comirnaty,11.35,13:23:50,2,8,117.15
2026-08-20,Comirnaty,5.55,13:24:20,2,8,0.0
2026-08-20,Comirnaty,15.89,13:24:50,2,8,117.17
2026-08-20,Comirnaty,3.42,13:25:20,2,8,0.0
2026-08-20,Comirnaty,7.89,13:25:50,2,8,0.0
2026-08-20,Comirnaty,2.94,13:26:20,2,8,0.0
2026-08-20,Comirnaty,5.46,13:26:50,2,8,0.0
2026-08-20,Comirnaty,11.32,13:27:20,2,8,117.23
2026-08-20,Comirnaty,11.95,13:27:50,2,8,117.24
2026-08-20,Comirnaty,11.21,13:28:20,2,8,117.25
2026-08-20,Comirnaty,11.88,13:28:50,2,8,117.26
2026-08-20,Comirnaty,15.98,13:29:20,2,8,117.27
2026-08-20,Comirnaty,6.83,13:29:50,2,8,0.0
2026-08-20,Comirnaty,3.98,13:30:20,2,8,0.0
2026-08-20,Comirnaty,7.54,13:30:50,2,8,0.0
2026-08-20,Comirnaty,7.53,13:31:20,2,8,0.0
2026-08-20,Comirnaty,5.84,13:31:50,2,8,0.0
2026-08-20,Comirnaty,15.08,13:32:20,2,8,117.34
2026-08-20,Comirnaty,11.13,13:32:50,2,8,117.35
2026-08-20,Comirnaty,15.33,13:33:20,2,8,117.36
2026-08-20,Comirnaty,7.72,13:33:50,2,8,0.0
2026-08-20,Comirnaty,17.61,13:34:20,2,8,117.38
2026-08-20,Comirnaty,5.63,13:34:50,2,8,0.0
2026-08-20,Comirnaty,4.92,13:35:20,2,8,0.0
2026-08-20,Comirnaty,17.18,13:35:50,2,8,117.41
2026-08-20,Comirnaty,9.06,13:36:20,2,8,117.42
2026-08-20,Comirnaty,12.75,13:36:50,2,8,117.43
2026-08-20,Comirnaty,9.65,13:37:20,2,8,117.44
2026-08-20,Comirnaty,13.95,13:37:50,2,8,117.45
2026-08-20,Comirnaty,4.25,13:38:20,2,8,0.0
2026-08-20,Comirnaty,3.71,13:38:50,2,8,0.0
2026-08-20,Comirnaty,3.85,13:39:20,2,8,0.0
2026-08-20,Comirnaty,4.72,13:39:50,2,8,0.0
2026-08-20,Comirnaty,2.82,13:40:20,2,8,0.0
2026-08-20,Comirnaty,12.1,13:40:50,2,8,117.52
2026-08-20,Comirnaty,17.04,13:41:20,2,8,117.53
2026-08-20,Comirnaty,10.14,13:41:50,2,8,117.54
2026-08-20,Comirnaty,12.55,13:42:20,2,8,117.55
2026-08-20,Comirnaty,6.61,13:42:50,2,8,0.0
2026-08-20,Comirnaty,13.31,13:43:20,2,8,117.57
2026-08-20,Comirnaty,2.98,13:43:50,2,8,0.0
2026-08-20,Comirnaty,12.41,13:44:20,2,8,117.6
2026-08-20,Comirnaty,11.14,13:44:50,2,8,117.61
2026-08-20,Comirnaty,16.67,13:45:20,2,8,117.62
2026-08-20,Comirnaty,3.76,13:45:50,2,8,0.0
2026-08-20,Comirnaty,14.64,13:46:20,2,8,117.64
2026-08-20,Comirnaty,11.33,13:46:50,2,8,117.65
2026-08-20,Comirnaty,6.11,13:47:20,2,8,0.0
2026-08-20,Comirnaty,4.0,13:47:50,2,8,0.0
2026-08-20,Comirnaty,4.27,13:48:20,2,8,0.0
2026-08-20,Comirnaty,9.39,13:48:50,2,8,117.69
2026-08-20,Comirnaty,15.82,13:49:20,2,8,117.7
2026-08-20,Comirnaty,9.25,13:49:50,2,8,117.72
2026-08-20,Comirnaty,3.05,13:50:20,2,8,0.0
2026-08-20,Comirnaty,10.16,13:50:50,2,8,117.74
2026-08-20,Comirnaty,3.03,13:51:20,2,8,0.0
2026-08-20,Comirnaty,11.65,13:51:50,2,8,117.76
2026-08-20,Comirnaty,2.46,13:52:20,2,8,0.0
2026-08-20,Comirnaty,5.57,13:52:50,2,8,0.0
2026-08-20,Comirnaty,14.19,13:53:20,2,8,117.79
2026-08-20,Comirnaty,10.49,13:53:50,2,8,117.8
2026-08-20,Comirnaty,17.46,13:54:20,2,8,117.81
2026-08-20,Comirnaty,6.78,13:54:50,2,8,0.0
2026-08-20,Comirnaty,12.22,13:55:20,2,8,117.83
2026-08-20,Comirnaty,7.41,13:55:50,2,8,0.0
2026-08-20,Comirnaty,11.54,13:56:20,2,8,117.86
2026-08-20,Comirnaty,17.99,13:56:50,2,8,117.87
2026-08-20,Comirnaty,12.78,13:57:20,2,8,117.88
2026-08-20,Comirnaty,4.94,13:57:50,2,8,0.0
2026-08-20,Comirnaty,17.77,13:58:20,2,8,117.9
2026-08-20,Comirnaty,10.3,13:58:50,2,8,117.91
2026-08-20,Comirnaty,10.5,13:59:20,2,8,117.92
2026-08-20,Comirnaty,17.05,13:59:50,2,8,117.93
2026-08-20,Comirnaty,14.65,14:00:20,2,8,117.94
2026-08-20,Comirnaty,10.85,14:00:50,2,8,117.95
2026-08-20,Comirnaty,13.09,14:01:20,2,8,117.96
2026-08-20,Comirnaty,10.14,14:01:50,2,8,117.98
2026-08-20,Comirnaty,12.14,14:02:20,2,8,117.99
2026-08-20,Comirnaty,6.07,14:02:50,2,8,0.0
2026-08-20,Comirnaty,4.85,14:03:20,2,8,0.0
2026-08-20,Comirnaty,5.5,14:03:50,2,8,0.0
2026-08-20,Comirnaty,15.28,14:04:20,2,8,118.03
2026-08-20,Comirnaty,4.11,14:04:50,2,8,0.0
2026-08-20,Comirnaty,3.72,14:05:20,2,8,0.0
2026-08-20,Comirnaty,16.54,14:05:50,2,8,118.06
2026-08-20,Comirnaty,3.09,14:06:20,2,8,0.0
2026-08-20,Comirnaty,2.93,14:06:50,2,8,0.0
2026-08-20,Comirnaty,2.16,14:07:20,2,8,0.0
2026-08-20,Comirnaty,2.89,14:07:50,2,8,0.0
2026-08-20,Comirnaty,10.9,14:08:20,2,8,118.12
2026-08-20,Comirnaty,14.26,14:08:50,2,8,118.13
2026-08-20,Comirnaty,3.51,14:09:20,2,8,0.0
2026-08-20,Comirnaty,14.03,14:09:50,2,8,118.15
2026-08-20,Comirnaty,9.77,14:10:20,2,8,118.16
2026-08-20,Comirnaty,9.58,14:10:50,2,8,118.17
2026-08-20,Comirnaty,11.63,14:11:20,2,8,118.18
2026-08-20,Comirnaty,16.67,14:11:50,2,8,118.19
2026-08-20,Comirnaty,6.6,14:12:20,2,8,0.0
2026-08-20,Comirnaty,3.06,14:12:50,2,8,0.0
2026-08-20,Comirnaty,9.21,14:13:20,2,8,118.22
2026-08-20,Comirnaty,14.24,14:13:50,2,8,118.24
2026-08-20,Comirnaty,6.69,14:14:20,2,8,0.0
2026-08-20,Comirnaty,10.34,14:14:50,2,8,118.26
2026-08-20,Comirnaty,3.55,14:15:20,2,8,0.0
2026-08-20,Comirnaty,6.62,14:15:50,2,8,0.0
2026-08-20,Comirnaty,11.75,14:16:20,2,8,118.29
2026-08-20,Comirnaty,5.29,14:16:50,2,8,0.0
2026-08-20,Comirnaty,4.76,14:17:20,2,8,0.0
2026-08-20,Comirnaty,5.25,14:17:50,2,8,0.0
2026-08-20,Comirnaty,13.1,14:18:20,2,8,118.33
2026-08-20,Comirnaty,11.22,14:18:50,2,8,118.34
2026-08-20,Comirnaty,7.73,14:19:20,2,8,0.0
2026-08-20,Comirnaty,15.36,14:19:50,2,8,118.36
2026-08-20,Comirnaty,3.59,14:20:20,2,8,0.0
2026-08-20,Comirnaty,7.26,14:20:50,2,8,0.0
2026-08-20,Comirnaty,12.8,14:21:20,2,8,118.4
2026-08-20,Comirnaty,16.33,14:21:50,2,8,118.41
2026-08-20,Comirnaty,3.93,14:22:20,2,8,0.0
2026-08-20,Comirnaty,7.56,14:22:50,2,8,0.0
2026-08-20,Comirnaty,17.25,14:23:20,2,8,118.44
2026-08-20,Comirnaty,17.46,14:23:50,2,8,118.45
2026-08-20,Comirnaty,10.57,14:24:20,2,8,118.46
2026-08-20,Comirnaty,14.79,14:24:50,2,8,118.47
2026-08-20,Comirnaty,12.39,14:25:20,2,8,118.48
2026-08-20,Comirnaty,17.8,14:25:50,2,8,118.5
2026-08-20,Comirnaty,2.29,14:26:20,2,8,0.0
2026-08-20,Comirnaty,17.1,14:26:50,2,8,118.52
2026-08-20,Comirnaty,16.71,14:27:20,2,8,118.53
2026-08-20,Comirnaty,16.25,14:27:50,2,8,118.54
2026-08-20,Comirnaty,13.05,14:28:20,2,8,118.55
2026-08-20,Comirnaty,12.74,14:28:50,2,8,118.56
2026-08-20,Comirnaty,12.31,14:29:20,2,8,118.57
2026-08-20,Comirnaty,17.82,14:29:50,2,8,118.58
2026-08-20,Comirnaty,12.44,14:30:20,2,8,118.59
2026-08-20,Comirnaty,12.76,14:30:50,2,8,118.6
2026-08-20,Comirnaty,4.83,14:31:20,2,8,0.0
2026-08-20,Comirnaty,3.39,14:31:50,2,8,0.0
2026-08-20,Comirnaty,14.74,14:32:20,2,8,118.64
2026-08-20,Comirnaty,16.88,14:32:50,2,8,118.65
2026-08-20,Comirnaty,17.81,14:33:20,2,8,118.66
2026-08-20,Comirnaty,10.73,14:33:50,2,8,118.67
2026-08-20,Comirnaty,12.99,14:34:20,2,8,118.68
2026-08-20,Comirnaty,12.23,14:34:50,2,8,118.69
2026-08-20,Comirnaty,10.44,14:35:20,2,8,118.7
2026-08-20,Comirnaty,10.99,14:35:50,2,8,118.71
2026-08-20,Comirnaty,7.85,14:36:20,2,8,0.0
2026-08-20,Comirnaty,15.12,14:36:50,2,8,118.73
2026-08-20,Comirnaty,7.3,14:37:20,2,8,0.0
2026-08-20,Comirnaty,14.98,14:37:50,2,8,118.75
2026-08-20,Comirnaty,17.16,14:38:20,2,8,118.77
2026-08-20,Comirnaty,16.75,14:38:50,2,8,118.78
2026-08-20,Comirnaty,6.1,14:39:20,2,8,0.0
2026-08-20,Comirnaty,12.04,14:39:50,2,8,118.8
2026-08-20,Comirnaty,17.11,14:40:20,2,8,118.81
2026-08-20,Comirnaty,14.2,14:40:50,2,8,118.82
2026-08-20,Comirnaty,3.13,14:41:20,2,8,0.0
2026-08-20,Comirnaty,9.28,14:41:50,2,8,118.84
2026-08-20,Comirnaty,15.57,14:42:20,2,8,118.85
2026-08-20,Comirnaty,16.42,14:42:50,2,8,118.86
2026-08-20,Comirnaty,4.13,14:43:20,2,8,0.0
2026-08-20,Comirnaty,3.74,14:43:50,2,8,0.0
2026-08-20,Comirnaty,5.0,14:44:20,2,8,0.0
2026-08-20,Comirnaty,13.57,14:44:50,2,8,118.91
2026-08-20,Comirnaty,4.46,14:45:20,2,8,0.0
2026-08-20,Comirnaty,7.87,14:45:50,2,8,0.0
2026-08-20,Comirnaty,5.74,14:46:20,2,8,0.0
2026-08-20,Comirnaty,6.11,14:46:50,2,8,0.0
2026-08-20,Comirnaty,7.18,14:47:20,2,8,0.0
2026-08-20,Comirnaty,11.48,14:47:50,2,8,118.97
2026-08-20,Comirnaty,14.3,14:48:20,2,8,118.98
2026-08-20,Comirnaty,4.66,14:48:50,2,8,0.0
2026-08-20,Comirnaty,6.22,14:49:20,2,8,0.0
2026-08-20,Comirnaty,3.09,14:49:50,2,8,0.0
2026-08-20,Comirnaty,14.34,14:50:20,2,8,119.03
2026-08-20,Comirnaty,7.74,14:50:50,2,8,0.0
2026-08-20,Comirnaty,3.47,14:51:20,2,8,0.0
2026-08-20,Comirnaty,2.36,14:51:50,2,8,0.0
2026-08-20,Comirnaty,16.85,14:52:20,2,8,119.07
2026-08-20,Comirnaty,18.0,14:52:50,2,8,119.08
2026-08-20,Comirnaty,4.1,14:53:20,2,8,0.0
2026-08-20,Comirnaty,9.94,14:53:50,2,8,119.1
2026-08-20,Comirnaty,5.28,14:54:20,2,8,0.0
2026-08-20,Comirnaty,10.71,14:54:50,2,8,119.12
2026-08-20,Comirnaty,17.59,14:55:20,2,8,119.13
2026-08-20,Comirnaty,6.35,14:55:50,2,8,0.0
2026-08-20,Comirnaty,5.11,14:56:20,2,8,0.0
2026-08-20,Comirnaty,10.08,14:56:50,2,8,119.17
2026-08-20,Comirnaty,5.81,14:57:20,2,8,0.0
2026-08-20,Comirnaty,10.75,14:57:50,2,8,119.19
2026-08-20,Comirnaty,6.22,14:58:20,2,8,0.0
2026-08-20,Comirnaty,9.11,14:58:50,2,8,119.21
2026-08-20,Comirnaty,9.02,14:59:20,2,8,119.22
2026-08-20,Comirnaty,13.34,14:59:50,2,8,119.23
2026-08-20,Comirnaty,14.98,15:00:20,2,8,119.24
2026-08-20,Comirnaty,2.71,15:00:50,2,8,0.0
2026-08-20,Comirnaty,14.4,15:01:20,2,8,119.26
2026-08-20,Comirnaty,7.9,15:01:50,2,8,0.0
2026-08-20,Comirnaty,3.13,15:02:20,2,8,0.0
2026-08-20,Comirnaty,12.15,15:02:50,2,8,119.3
2026-08-20,Comirnaty,11.87,15:03:20,2,8,119.31
2026-08-20,Comirnaty,3.08,15:03:50,2,8,0.0
2026-08-20,Comirnaty,3.11,15:04:20,2,8,0.0
2026-08-20,Comirnaty,13.73,15:04:50,2,8,119.34
2026-08-20,Comirnaty,13.63,15:05:20,2,8,119.35
2026-08-20,Comirnaty,3.64,15:05:50,2,8,0.0
2026-08-20,Comirnaty,5.71,15:06:20,2,8,0.0
2026-08-20,Comirnaty,5.95,15:06:50,2,8,0.0
2026-08-20,Comirnaty,7.12,15:07:20,2,8,0.0
2026-08-20,Comirnaty,6.79,15:07:50,2,8,0.0
2026-08-20,Comirnaty,7.05,15:08:20,2,8,0.0
2026-08-20,Comirnaty,13.18,15:08:50,2,8,119.43
2026-08-20,Comirnaty,16.41,15:09:20,2,8,119.44
2026-08-20,Comirnaty,13.17,15:09:50,2,8,119.45
2026-08-20,Comirnaty,16.47,15:10:20,2,8,119.46
2026-08-20,Comirnaty,13.91,15:10:50,2,8,119.47
2026-08-20,Comirnaty,11.59,15:11:20,2,8,119.48
2026-08-20,Comirnaty,4.69,15:11:50,2,8,0.0
2026-08-20,Comirnaty,16.42,15:12:20,2,8,119.5
2026-08-20,Comirnaty,6.3,15:12:50,2,8,0.0
2026-08-20,Comirnaty,10.57,15:13:20,2,8,119.52
2026-08-20,Comirnaty,13.6,15:13:50,2,8,119.54
2026-08-20,Comirnaty,16.67,15:14:20,2,8,119.55
2026-08-20,Comirnaty,6.83,15:14:50,2,8,0.0
2026-08-20,Comirnaty,9.84,15:15:20,2,8,119.57
2026-08-20,Comirnaty,6.67,15:15:50,2,8,0.0
2026-08-20,Comirnaty,9.91,15:16:20,2,8,119.59
2026-08-20,Comirnaty,6.32,15:16:50,2,8,0.0
2026-08-20,Comirnaty,7.07,15:17:20,2,8,0.0
2026-08-20,Comirnaty,15.11,15:17:50,2,8,119.62
2026-08-20,Comirnaty,7.34,15:18:20,2,8,0.0
2026-08-20,Comirnaty,11.77,15:18:50,2,8,119.64
2026-08-20,Comirnaty,4.23,15:19:20,2,8,0.0
2026-08-20,Comirnaty,3.32,15:19:50,2,8,0.0
2026-08-20,Comirnaty,9.09,15:20:20,2,8,119.68
2026-08-20,Comirnaty,9.42,15:20:50,2,8,119.69
2026-08-20,Comirnaty,9.54,15:21:20,2,8,119.7
2026-08-20,Comirnaty,4.22,15:21:50,2,8,0.0
2026-08-20,Comirnaty,4.34,15:22:20,2,8,0.0
2026-08-20,Comirnaty,4.84,15:22:50,2,8,0.0
2026-08-20,Comirnaty,6.65,15:23:20,2,8,0.0
2026-08-20,Comirnaty,3.18,15:23:50,2,8,0.0
2026-08-20,Comirnaty,14.46,15:24:20,2,8,119.76
2026-08-20,Comirnaty,17.62,15:24:50,2,8,119.77
2026-08-20,Comirnaty,5.82,15:25:20,2,8,0.0
2026-08-20,Comirnaty,2.97,15:25:50,2,8,0.0
2026-08-20,Comirnaty,7.2,15:26:20,2,8,0.0
2026-08-20,Comirnaty,11.57,15:26:50,2,8,119.82
2026-08-20,Comirnaty,16.12,15:27:20,2,8,119.83
2026-08-20,Comirnaty,16.47,15:27:50,2,8,119.84
2026-08-20,Comirnaty,10.82,15:28:20,2,8,119.85
2026-08-20,Comirnaty,3.79,15:28:50,2,8,0.0
2026-08-20,Comirnaty,13.57,15:29:20,2,8,119.87
2026-08-20,Comirnaty,12.5,15:29:50,2,8,119.88
2026-08-20,Comirnaty,5.83,15:30:20,2,8,0.0
2026-08-20,Comirnaty,16.48,15:30:50,2,8,119.9
2026-08-20,Comirnaty,13.34,15:31:20,2,8,119.91
2026-08-20,Comirnaty,12.67,15:31:50,2,8,119.92
2026-08-20,Comirnaty,9.26,15:32:20,2,8,119.94
2026-08-20,Comirnaty,7.42,15:32:50,2,8,0.0
2026-08-20,Comirnaty,11.06,15:33:20,2,8,119.96
2026-08-20,Comirnaty,9.57,15:33:50,2,8,119.97
2026-08-20,Comirnaty,6.42,15:34:20,2,8,0.0
2026-08-20,Comirnaty,17.28,15:34:50,2,8,119.99
2026-08-20,Comirnaty,6.95,15:35:20,2,8,0.0
2026-08-20,Comirnaty,10.55,15:35:50,2,8,120.01
2026-08-20,Comirnaty,12.37,15:36:20,2,8,120.02
2026-08-20,Comirnaty,10.81,15:36:50,2,8,120.03
2026-08-20,Comirnaty,17.93,15:37:20,2,8,120.04
2026-08-20,Comirnaty,14.35,15:37:50,2,8,120.05
2026-08-20,Comirnaty,14.83,15:38:20,2,8,120.07
2026-08-20,Comirnaty,4.53,15:38:50,2,8,0.0
2026-08-20,Comirnaty,2.2,15:39:20,2,8,0.0
2026-08-20,Comirnaty,17.47,15:39:50,2,8,120.1
2026-08-20,Comirnaty,16.78,15:40:20,2,8,120.11
2026-08-20,Comirnaty,13.52,15:40:50,2,8,120.12
2026-08-20,Comirnaty,2.92,15:41:20,2,8,0.0
2026-08-20,Comirnaty,2.14,15:41:50,2,8,0.0
2026-08-20,Comirnaty,5.57,15:42:20,2,8,0.0
2026-08-20,Comirnaty,7.88,15:42:50,2,8,0.0
2026-08-20,Comirnaty,14.1,15:43:20,2,8,120.17
2026-08-20,Comirnaty,15.3,15:43:50,2,8,120.19
2026-08-20,Comirnaty,17.31,15:44:20,2,8,120.2
2026-08-20,Comirnaty,3.41,15:44:50,2,8,0.0
2026-08-20,Comirnaty,17.52,15:45:20,2,8,120.22
2026-08-20,Comirnaty,13.18,15:45:50,2,8,120.23
2026-08-20,Comirnaty,6.85,15:46:20,2,8,0.0
2026-08-20,Comirnaty,7.92,15:46:50,2,8,0.0
2026-08-20,Comirnaty,10.1,15:47:20,2,8,120.26
2026-08-20,Comirnaty,7.46,15:47:50,2,8,0.0
2026-08-20,Comirnaty,14.2,15:48:20,2,8,120.28
2026-08-20,Comirnaty,4.28,15:48:50,2,8,0.0
2026-08-20,Comirnaty,11.42,15:49:20,2,8,120.3
2026-08-20,Comirnaty,16.37,15:49:50,2,8,120.31
2026-08-20,Comirnaty,9.07,15:50:20,2,8,120.33
2026-08-20,Comirnaty,16.12,15:50:50,2,8,120.34
2026-08-20,Comirnaty,17.67,15:51:20,2,8,120.35
2026-08-20,Comirnaty,6.74,15:51:50,2,8,0.0
2026-08-20,Comirnaty,11.08,15:52:20,2,8,120.37
2026-08-20,Comirnaty,16.46,15:52:50,2,8,120.38
2026-08-20,Comirnaty,9.57,15:53:20,2,8,120.39
2026-08-20,Comirnaty,9.92,15:53:50,2,8,120.4
2026-08-20,Comirnaty,17.6,15:54:20,2,8,120.41
2026-08-20,Comirnaty,2.79,15:54:50,2,8,0.0
2026-08-20,Comirnaty,13.79,15:55:20,2,8,120.43
2026-08-20,Comirnaty,10.94,15:55:50,2,8,120.45
2026-08-20,Comirnaty,17.43,15:56:20,2,8,120.46
2026-08-20,Comirnaty,9.5,15:56:50,2,8,120.47
2026-08-20,Comirnaty,6.14,15:57:20,2,8,0.0
2026-08-20,Comirnaty,11.56,15:57:50,2,8,120.49
2026-08-20,Comirnaty,12.95,15:58:20,2,8,120.5
2026-08-20,Comirnaty,3.05,15:58:50,2,8,0.0
2026-08-20,Comirnaty,16.9,15:59:20,2,8,120.52
2026-08-20,Comirnaty,4.97,15:59:50,2,8,0.0
2026-08-20,Comirnaty,11.63,16:00:20,2,8,120.54
2026-08-20,Comirnaty,4.57,16:00:50,2,8,0.0
2026-08-20,Comirnaty,9.84,16:01:20,2,8,120.56
2026-08-20,Comirnaty,14.79,16:01:50,2,8,120.58
2026-08-20,Comirnaty,6.97,16:02:20,2,8,0.0
2026-08-20,Comirnaty,3.25,16:02:50,2,8,0.0
2026-08-20,Comirnaty,4.2,16:03:20,2,8,0.0
2026-08-20,Comirnaty,14.19,16:03:50,2,8,120.62
2026-08-20,Comirnaty,9.02,16:04:20,2,8,120.63
2026-08-20,Comirnaty,13.36,16:04:50,2,8,120.64
2026-08-20,Comirnaty,4.53,16:05:20,2,8,0.0
2026-08-20,Comirnaty,17.96,16:05:50,2,8,120.66
2026-08-20,Comirnaty,5.95,16:06:20,2,8,0.0
2026-08-20,Comirnaty,3.81,16:06:50,2,8,0.0
2026-08-20,Comirnaty,16.21,16:07:20,2,8,120.69
2026-08-20,Comirnaty,9.74,16:07:50,2,8,120.7
2026-08-20,Comirnaty,7.43,16:08:20,2,8,0.0
2026-08-20,Comirnaty,10.8,16:08:50,2,8,120.73
2026-08-20,Comirnaty,4.49,16:09:20,2,8,0.0
2026-08-20,Comirnaty,6.56,16:09:50,2,8,0.0
2026-08-20,Comirnaty,9.96,16:10:20,2,8,120.76
2026-08-20,Comirnaty,9.88,16:10:50,2,8,120.77
2026-08-20,Comirnaty,13.19,16:11:20,2,8,120.78
2026-08-20,Comirnaty,10.52,16:11:50,2,8,120.79
2026-08-20,Comirnaty,16.41,16:12:20,2,8,120.8
2026-08-20,Comirnaty,17.82,16:12:50,2,8,120.81
2026-08-20,Comirnaty,15.37,16:13:20,2,8,120.82
2026-08-20,Comirnaty,4.02,16:13:50,2,8,0.0
2026-08-20,Comirnaty,15.23,16:14:20,2,8,120.85
2026-08-20,Comirnaty,13.98,16:14:50,2,8,120.86
2026-08-20,Comirnaty,16.39,16:15:20,2,8,120.87
2026-08-20,Comirnaty,11.9,16:15:50,2,8,120.88
2026-08-20,Comirnaty,2.74,16:16:20,2,8,0.0
2026-08-20,Comirnaty,9.12,16:16:50,2,8,120.9
2026-08-20,Comirnaty,13.24,16:17:20,2,8,120.91
2026-08-20,Comirnaty,2.33,16:17:50,2,8,0.0
2026-08-20,Comirnaty,9.49,16:18:20,2,8,120.93
2026-08-20,Comirnaty,13.09,16:18:50,2,8,120.94
2026-08-20,Comirnaty,10.06,16:19:20,2,8,120.95
2026-08-20,Comirnaty,10.03,16:19:50,2,8,120.97
2026-08-20,Comirnaty,9.78,16:20:20,2,8,120.98
2026-08-20,Comirnaty,14.95,16:20:50,2,8,120.99
2026-08-20,Comirnaty,10.56,16:21:20,2,8,121.0
2026-08-20,Comirnaty,10.03,16:21:50,2,8,121.01
2026-08-20,Comirnaty,11.77,16:22:20,2,8,121.02
2026-08-20,Comirnaty,4.16,16:22:50,2,8,0.0
2026-08-20,Comirnaty,5.52,16:23:20,2,8,0.0
2026-08-20,Comirnaty,7.68,16:23:50,2,8,0.0
2026-08-20,Comirnaty,4.67,16:24:20,2,8,0.0
2026-08-20,Comirnaty,10.17,16:24:50,2,8,121.07
2026-08-20,Comirnaty,3.05,16:25:20,2,8,0.0
2026-08-20,Comirnaty,12.55,16:25:50,2,8,121.1
2026-08-20,Comirnaty,12.74,16:26:20,2,8,121.11
2026-08-20,Comirnaty,4.84,16:26:50,2,8,0.0
2026-08-20,Comirnaty,11.18,16:27:20,2,8,121.13
2026-08-20,Comirnaty,11.37,16:27:50,2,8,121.14
2026-08-20,Comirnaty,16.2,16:28:20,2,8,121.15
2026-08-20,Comirnaty,4.62,16:28:50,2,8,0.0
2026-08-20,Comirnaty,6.8,16:29:20,2,8,0.0
2026-08-20,Comirnaty,7.67,16:29:50,2,8,0.0
2026-08-20,Comirnaty,3.45,16:30:20,2,8,0.0
2026-08-20,Comirnaty,17.11,16:30:50,2,8,121.2
2026-08-20,Comirnaty,15.89,16:31:20,2,8,121.21
2026-08-20,Comirnaty,2.08,16:31:50,2,8,0.0
2026-08-20,Comirnaty,15.06,16:32:20,2,8,121.24
2026-08-20,Comirnaty,10.14,16:32:50,2,8,121.25
2026-08-20,Comirnaty,11.58,16:33:20,2,8,121.26
2026-08-20,Comirnaty,14.21,16:33:50,2,8,121.27
2026-08-20,Comirnaty,16.13,16:34:20,2,8,121.28
2026-08-20,Comirnaty,15.53,16:34:50,2,8,121.29
2026-08-20,Comirnaty,6.62,16:35:20,2,8,0.0
2026-08-20,Comirnaty,2.72,16:35:50,2,8,0.0
2026-08-20,Comirnaty,12.47,16:36:20,2,8,121.32
2026-08-20,Comirnaty,11.82,16:36:50,2,8,121.33
2026-08-20,Comirnaty,12.47,16:37:20,2,8,121.34
2026-08-20,Comirnaty,17.07,16:37:50,2,8,121.35
2026-08-20,Comirnaty,9.3,16:38:20,2,8,121.37
2026-08-20,Comirnaty,5.31,16:38:50,2,8,0.0
2026-08-20,Comirnaty,4.07,16:39:20,2,8,0.0
2026-08-20,Comirnaty,6.49,16:39:50,2,8,0.0
2026-08-20,Comirnaty,3.63,16:40:20,2,8,0.0
2026-08-20,Comirnaty,16.7,16:40:50,2,8,121.42
2026-08-20,Comirnaty,17.18,16:41:20,2,8,121.43
2026-08-20,Comirnaty,10.54,16:41:50,2,8,121.44
2026-08-20,Comirnaty,10.91,16:42:20,2,8,121.45
2026-08-20,Comirnaty,9.06,16:42:50,2,8,121.46
2026-08-20,Comirnaty,2.35,16:43:20,2,8,0.0
2026-08-20,Comirnaty,3.92,16:43:50,2,8,0.0
2026-08-20,Comirnaty,4.21,16:44:20,2,8,0.0
2026-08-20,Comirnaty,7.41,16:44:50,2,8,0.0
2026-08-20,Comirnaty,12.91,16:45:20,2,8,121.52
2026-08-20,Comirnaty,16.32,16:45:50,2,8,121.53
2026-08-20,Comirnaty,2.95,16:46:20,2,8,0.0
2026-08-20,Comirnaty,13.48,16:46:50,2,8,121.55
2026-08-20,Comirnaty,14.18,16:47:20,2,8,121.56
2026-08-20,Comirnaty,14.18,16:47:50,2,8,121.57
2026-08-20,Comirnaty,17.2,16:48:20,2,8,121.58
2026-08-20,Comirnaty,3.44,16:48:50,2,8,0.0
2026-08-20,Comirnaty,3.59,16:49:20,2,8,0.0
2026-08-20,Comirnaty,10.29,16:49:50,2,8,121.61
2026-08-20,Comirnaty,17.02,16:50:20,2,8,121.63
2026-08-20,Comirnaty,16.21,16:50:50,2,8,121.64
2026-08-20,Comirnaty,17.57,16:51:20,2,8,121.65
2026-08-20,Comirnaty,13.15,16:51:50,2,8,121.66
2026-08-20,Comirnaty,9.24,16:52:20,2,8,121.67
2026-08-20,Comirnaty,5.91,16:52:50,2,8,0.0
2026-08-20,Comirnaty,10.6,16:53:20,2,8,121.69
2026-08-20,Comirnaty,6.3,16:53:50,2,8,0.0
2026-08-20,Comirnaty,5.71,16:54:20,2,8,0.0
2026-08-20,Comirnaty,2.47,16:54:50,2,8,0.0
2026-08-20,Comirnaty,6.65,16:55:20,2,8,0.0
2026-08-20,Comirnaty,3.4,16:55:50,2,8,0.0
2026-08-20,Comirnaty,13.16,16:56:20,2,8,121.76
2026-08-20,Comirnaty,11.36,16:56:50,2,8,121.77
2026-08-20,Comirnaty,10.14,16:57:20,2,8,121.78
2026-08-20,Comirnaty,15.42,16:57:50,2,8,121.79
2026-08-20,Comirnaty,7.58,16:58:20,2,8,0.0
2026-08-20,Comirnaty,11.55,16:58:50,2,8,121.81
2026-08-20,Comirnaty,9.02,16:59:20,2,8,121.82
2026-08-20,Comirnaty,10.8,16:59:50,2,8,121.83
2026-08-20,Comirnaty,6.29,17:00:20,2,8,0.0
2026-08-20,Comirnaty,2.86,17:00:50,2,8,0.0
2026-08-20,Comirnaty,4.95,17:01:20,2,8,0.0
2026-08-20,Comirnaty,16.77,17:01:50,2,8,121.88
2026-08-20,Comirnaty,3.68,17:02:20,2,8,0.0
2026-08-20,Comirnaty,16.09,17:02:50,2,8,121.9
2026-08-20,Comirnaty,15.8,17:03:20,2,8,121.91
2026-08-20,Comirnaty,2.62,17:03:50,2,8,0.0
2026-08-20,Comirnaty,15.61,17:04:20,2,8,121.93
2026-08-20,Comirnaty,2.71,17:04:50,2,8,0.0
2026-08-20,Comirnaty,3.99,17:05:20,2,8,0.0
2026-08-20,Comirnaty,6.81,17:05:50,2,8,0.0
2026-08-20,Comirnaty,4.49,17:06:20,2,8,0.0
2026-08-20,Comirnaty,14.7,17:06:50,2,8,121.98
2026-08-20,Comirnaty,9.98,17:07:20,2,8,121.99
2026-08-20,Comirnaty,15.73,17:07:50,2,8,122.0
2026-08-20,Comirnaty,10.7,17:08:20,2,8,122.02
2026-08-20,Comirnaty,10.93,17:08:50,2,8,122.03
2026-08-20,Comirnaty,12.77,17:09:20,2,8,122.04
2026-08-20,Comirnaty,12.67,17:09:50,2,8,122.05
2026-08-20,Comirnaty,10.52,17:10:20,2,8,122.06
2026-08-20,Comirnaty,3.7,17:10:50,2,8,0.0
2026-08-20,Comirnaty,6.83,17:11:20,2,8,0.0
2026-08-20,Comirnaty,12.9,17:11:50,2,8,122.09
2026-08-20,Comirnaty,17.25,17:12:20,2,8,122.1
2026-08-20,Comirnaty,13.87,17:12:50,2,8,122.11
2026-08-20,Comirnaty,16.8,17:13:20,2,8,122.12
2026-08-20,Comirnaty,12.72,17:13:50,2,8,122.14
2026-08-20,Comirnaty,9.3,17:14:20,2,8,122.15
2026-08-20,Comirnaty,12.86,17:14:50,2,8,122.16
2026-08-20,Comirnaty,17.97,17:15:20,2,8,122.17
2026-08-20,Comirnaty,13.51,17:15:50,2,8,122.18
2026-08-20,Comirnaty,7.87,17:16:20,2,8,0.0
2026-08-20,Comirnaty,5.94,17:16:50,2,8,0.0
2026-08-20,Comirnaty,16.31,17:17:20,2,8,122.21
2026-08-20,Comirnaty,10.29,17:17:50,2,8,122.22
2026-08-20,Comirnaty,15.01,17:18:20,2,8,122.23
2026-08-20,Comirnaty,17.23,17:18:50,2,8,122.24
2026-08-20,Comirnaty,9.21,17:19:20,2,8,122.25
2026-08-20,Comirnaty,5.75,17:19:50,2,8,0.0
2026-08-20,Comirnaty,15.04,17:20:20,2,8,122.28
2026-08-20,Comirnaty,7.26,17:20:50,2,8,0.0
2026-08-20,Comirnaty,11.3,17:21:20,2,8,122.3
2026-08-20,Comirnaty,15.08,17:21:50,2,8,122.31
2026-08-20,Comirnaty,14.89,17:22:20,2,8,122.32
2026-08-20,Comirnaty,16.16,17:22:50,2,8,122.33
2026-08-20,Comirnaty,16.7,17:23:20,2,8,122.34
2026-08-20,Comirnaty,12.45,17:23:50,2,8,122.35
2026-08-20,Comirnaty,13.52,17:24:20,2,8,122.36
2026-08-20,Comirnaty,12.39,17:24:50,2,8,122.37
2026-08-20,Comirnaty,3.24,17:25:20,2,8,0.0
2026-08-20,Comirnaty,17.82,17:25:50,2,8,122.4
2026-08-20,Comirnaty,12.05,17:26:20,2,8,122.41
2026-08-20,Comirnaty,16.56,17:26:50,2,8,122.42
2026-08-20,Comirnaty,9.01,17:27:20,2,8,122.43
2026-08-20,Comirnaty,5.15,17:27:50,2,8,0.0
2026-08-20,Comirnaty,7.65,17:28:20,2,8,0.0
2026-08-20,Comirnaty,12.85,17:28:50,2,8,122.46
2026-08-20,Comirnaty,15.04,17:29:20,2,8,122.47
2026-08-20,Comirnaty,11.79,17:29:50,2,8,122.48
2026-08-20,Comirnaty,13.26,17:30:20,2,8,122.49
2026-08-20,Comirnaty,7.42,17:30:50,2,8,0.0
2026-08-20,Comirnaty,7.26,17:31:20,2,8,0.0
2026-08-20,Comirnaty,7.69,17:31:50,2,8,0.0
2026-08-20,Comirnaty,3.55,17:32:20,2,8,0.0
2026-08-20,Comirnaty,3.75,17:32:50,2,8,0.0
2026-08-20,Comirnaty,5.22,17:33:20,2,8,0.0
2026-08-20,Comirnaty,10.78,17:33:50,2,8,122.57
2026-08-20,Comirnaty,3.87,17:34:20,2,8,0.0
2026-08-20,Comirnaty,5.77,17:34:50,2,8,0.0
2026-08-20,Comirnaty,7.57,17:35:20,2,8,0.0
2026-08-20,Comirnaty,6.26,17:35:50,2,8,0.0
2026-08-20,Comirnaty,11.62,17:36:20,2,8,122.62
2026-08-20,Comirnaty,5.79,17:36:50,2,8,0.0
2026-08-20,Comirnaty,13.39,17:37:20,2,8,122.64
2026-08-20,Comirnaty,5.53,17:37:50,2,8,0.0
2026-08-20,Comirnaty,10.53,17:38:20,2,8,122.67
2026-08-20,Comirnaty,16.38,17:38:50,2,8,122.68
2026-08-20,Comirnaty,10.14,17:39:20,2,8,122.69
2026-08-20,Comirnaty,3.23,17:39:50,2,8,0.0
2026-08-20,Comirnaty,6.42,17:40:20,2,8,0.0
2026-08-20,Comirnaty,7.8,17:40:50,2,8,0.0
2026-08-20,Comirnaty,7.93,17:41:20,2,8,0.0
2026-08-20,Comirnaty,13.82,17:41:50,2,8,122.74
2026-08-20,Comirnaty,7.68,17:42:20,2,8,0.0
2026-08-20,Comirnaty,5.69,17:42:50,2,8,0.0
2026-08-20,Comirnaty,6.54,17:43:20,2,8,0.0
2026-08-20,Comirnaty,2.67,17:43:50,2,8,0.0
2026-08-20,Comirnaty,6.23,17:44:20,2,8,0.0
2026-08-20,Comirnaty,13.02,17:44:50,2,8,122.81
2026-08-20,Comirnaty,12.22,17:45:20,2,8,122.82
2026-08-20,Comirnaty,15.36,17:45:50,2,8,122.83
2026-08-20,Comirnaty,2.5,17:46:20,2,8,0.0
2026-08-20,Comirnaty,3.02,17:46:50,2,8,0.0
2026-08-20,Comirnaty,12.02,17:47:20,2,8,122.86
2026-08-20,Comirnaty,10.92,17:47:50,2,8,122.87
2026-08-20,Comirnaty,13.89,17:48:20,2,8,122.88
2026-08-20,Comirnaty,6.09,17:48:50,2,8,0.0
2026-08-20,Comirnaty,3.84,17:49:20,2,8,0.0
2026-08-20,Comirnaty,14.51,17:49:50,2,8,122.92
2026-08-20,Comirnaty,15.88,17:50:20,2,8,122.93
2026-08-20,Comirnaty,6.52,17:50:50,2,8,0.0
2026-08-20,Comirnaty,11.65,17:51:20,2,8,122.95
2026-08-20,Comirnaty,13.59,17:51:50,2,8,122.96
2026-08-20,Comirnaty,10.91,17:52:20,2,8,122.97
2026-08-20,Comirnaty,11.07,17:52:50,2,8,122.98
2026-08-20,Comirnaty,4.4,17:53:20,2,8,0.0
2026-08-20,Comirnaty,10.27,17:53:50,2,8,123.0
2026-08-20,Comirnaty,15.96,17:54:20,2,8,123.01
2026-08-20,Comirnaty,5.62,17:54:50,2,8,0.0
2026-08-20,Comirnaty,9.04,17:55:20,2,8,123.03
2026-08-20,Comirnaty,10.1,17:55:50,2,8,123.05
2026-08-20,Comirnaty,3.92,17:56:20,2,8,0.0
2026-08-20,Comirnaty,4.07,17:56:50,2,8,0.0
2026-08-20,Comirnaty,17.74,17:57:20,2,8,123.08
2026-08-20,Comirnaty,4.94,17:57:50,2,8,0.0
2026-08-20,Comirnaty,16.11,17:58:20,2,8,123.1
2026-08-20,Comirnaty,5.53,17:58:50,2,8,0.0
2026-08-20,Comirnaty,3.67,17:59:20,2,8,0.0
2026-08-20,Comirnaty,2.59,17:59:50,2,8,0.0
2026-08-20,Comirnaty,5.0,18:00:20,2,8,0.0
2026-08-20,Comirnaty,14.55,18:00:50,2,8,123.15
2026-08-20,Comirnaty,15.55,18:01:20,2,8,123.16
2026-08-20,Comirnaty,3.77,18:01:50,2,8,0.0
2026-08-20,Comirnaty,17.14,18:02:20,2,8,123.19
2026-08-20,Comirnaty,6.12,18:02:50,2,8,0.0
2026-08-20,Comirnaty,14.11,18:03:20,2,8,123.21
2026-08-20,Comirnaty,7.4,18:03:50,2,8,0.0
2026-08-20,Comirnaty,10.86,18:04:20,2,8,123.23
2026-08-20,Comirnaty,16.99,18:04:50,2,8,123.24
2026-08-20,Comirnaty,3.53,18:05:20,2,8,0.0
2026-08-20,Comirnaty,15.52,18:05:50,2,8,123.26
2026-08-20,Comirnaty,4.35,18:06:20,2,8,0.0
2026-08-20,Comirnaty,4.25,18:06:50,2,8,0.0
2026-08-20,Comirnaty,6.57,18:07:20,2,8,0.0
2026-08-20,Comirnaty,15.88,18:07:50,2,8,123.3
2026-08-20,Comirnaty,15.11,18:08:20,2,8,123.32
2026-08-20,Comirnaty,15.73,18:08:50,2,8,123.33
2026-08-20,Comirnaty,11.81,18:09:20,2,8,123.34
2026-08-20,Comirnaty,9.76,18:09:50,2,8,123.35
2026-08-20,Comirnaty,12.9,18:10:20,2,8,123.36
2026-08-20,Comirnaty,4.64,18:10:50,2,8,0.0
2026-08-20,Comirnaty,17.02,18:11:20,2,8,123.38
2026-08-20,Comirnaty,2.63,18:11:50,2,8,0.0
2026-08-20,Comirnaty,14.32,18:12:20,2,8,123.4
2026-08-20,Comirnaty,7.38,18:12:50,2,8,0.0
2026-08-20,Comirnaty,5.41,18:13:20,2,8,0.0
2026-08-20,Comirnaty,10.19,18:13:50,2,8,123.44
2026-08-20,Comirnaty,13.05,18:14:20,2,8,123.45
2026-08-20,Comirnaty,6.91,18:14:50,2,8,0.0
2026-08-20,Comirnaty,17.1,18:15:20,2,8,123.47
2026-08-20,Comirnaty,10.2,18:15:50,2,8,123.48
2026-08-20,Comirnaty,13.8,18:16:20,2,8,123.49
2026-08-20,Comirnaty,10.78,18:16:50,2,8,123.5
2026-08-20,Comirnaty,2.37,18:17:20,2,8,0.0
2026-08-20,Comirnaty,2.46,18:17:50,2,8,0.0
2026-08-20,Comirnaty,16.84,18:18:20,2,8,123.53
2026-08-20,Comirnaty,4.0,18:18:50,2,8,0.0
2026-08-20,Comirnaty,3.91,18:19:20,2,8,0.0
2026-08-20,Comirnaty,13.45,18:19:50,2,8,123.56
2026-08-20,Comirnaty,7.24,18:20:20,2,8,0.0
2026-08-20,Comirnaty,6.93,18:20:50,2,8,0.0
2026-08-20,Comirnaty,7.38,18:21:20,2,8,0.0
2026-08-20,Comirnaty,9.51,18:21:50,2,8,123.61
2026-08-20,Comirnaty,6.4,18:22:20,2,8,0.0
2026-08-20,Comirnaty,6.55,18:22:50,2,8,0.0
2026-08-20,Comirnaty,9.66,18:23:20,2,8,123.64
2026-08-20,Comirnaty,6.44,18:23:50,2,8,0.0
2026-08-20,Comirnaty,14.55,18:24:20,2,8,123.66
2026-08-20,Comirnaty,15.18,18:24:50,2,8,123.67
2026-08-20,Comirnaty,14.06,18:25:20,2,8,123.68
2026-08-20,Comirnaty,15.79,18:25:50,2,8,123.7
2026-08-20,Comirnaty,13.93,18:26:20,2,8,123.71
2026-08-20,Comirnaty,11.24,18:26:50,2,8,123.72
2026-08-20,Comirnaty,4.84,18:27:20,2,8,0.0
2026-08-20,Comirnaty,16.26,18:27:50,2,8,123.74
2026-08-20,Comirnaty,5.49,18:28:20,2,8,0.0
2026-08-20,Comirnaty,10.15,18:28:50,2,8,123.76
2026-08-20,Comirnaty,7.72,18:29:20,2,8,0.0
2026-08-20,Comirnaty,3.69,18:29:50,2,8,0.0
2026-08-20,Comirnaty,4.91,18:30:20,2,8,0.0
2026-08-20,Comirnaty,4.13,18:30:50,2,8,0.0
2026-08-20,Comirnaty,9.52,18:31:20,2,8,123.81
2026-08-20,Comirnaty,11.1,18:31:50,2,8,123.83
2026-08-20,Comirnaty,6.07,18:32:20,2,8,0.0
2026-08-20,Comirnaty,6.86,18:32:50,2,8,0.0
2026-08-20,Comirnaty,4.33,18:33:20,2,8,0.0
2026-08-20,Comirnaty,11.96,18:33:50,2,8,123.87
2026-08-20,Comirnaty,16.97,18:34:20,2,8,123.88
2026-08-20,Comirnaty,14.67,18:34:50,2,8,123.89
2026-08-20,Comirnaty,17.26,18:35:20,2,8,123.9
2026-08-20,Comirnaty,11.5,18:35:50,2,8,123.91
2026-08-20,Comirnaty,3.53,18:36:20,2,8,0.0
2026-08-20,Comirnaty,11.79,18:36:50,2,8,123.93
2026-08-20,Comirnaty,15.75,18:37:20,2,8,123.94
2026-08-20,Comirnaty,6.86,18:37:50,2,8,0.0
2026-08-20,Comirnaty,5.93,18:38:20,2,8,0.0
2026-08-20,Comirnaty,15.19,18:38:50,2,8,123.98
2026-08-20,Comirnaty,11.52,18:39:20,2,8,123.99
2026-08-20,Comirnaty,3.49,18:39:50,2,8,0.0
2026-08-20,Comirnaty,7.87,18:40:20,2,8,0.0
2026-08-20,Comirnaty,10.43,18:40:50,2,8,124.02
2026-08-20,Comirnaty,10.44,18:41:20,2,8,124.03
2026-08-20,Comirnaty,14.98,18:41:50,2,8,124.04
2026-08-20,Comirnaty,12.15,18:42:20,2,8,124.05
2026-08-20,Comirnaty,15.71,18:42:50,2,8,124.06
2026-08-20,Comirnaty,17.49,18:43:20,2,8,124.07
2026-08-20,Comirnaty,14.53,18:43:50,2,8,124.09
2026-08-20,Comirnaty,17.71,18:44:20,2,8,124.1
2026-08-20,Comirnaty,11.41,18:44:50,2,8,124.11
2026-08-20,Comirnaty,10.22,18:45:20,2,8,124.12
2026-08-20,Comirnaty,11.63,18:45:50,2,8,124.13
2026-08-20,Comirnaty,14.36,18:46:20,2,8,124.14
2026-08-20,Comirnaty,17.39,18:46:50,2,8,124.15
2026-08-20,Comirnaty,11.49,18:47:20,2,8,124.16
2026-08-20,Comirnaty,7.55,18:47:50,2,8,0.0
2026-08-20,Comirnaty,9.22,18:48:20,2,8,124.18
2026-08-20,Comirnaty,16.28,18:48:50,2,8,124.19
2026-08-20,Comirnaty,5.35,18:49:20,2,8,0.0
2026-08-20,Comirnaty,10.03,18:49:50,2,8,124.22
2026-08-20,Comirnaty,13.51,18:50:20,2,8,124.23
2026-08-20,Comirnaty,11.05,18:50:50,2,8,124.24
2026-08-20,Comirnaty,4.16,18:51:20,2,8,0.0
2026-08-20,Comirnaty,16.09,18:51:50,2,8,124.26
2026-08-20,Comirnaty,14.94,18:52:20,2,8,124.27
2026-08-20,Comirnaty,10.58,18:52:50,2,8,124.28
2026-08-20,Comirnaty,6.85,18:53:20,2,8,0.0
2026-08-20,Comirnaty,9.8,18:53:50,2,8,124.3
2026-08-20,Comirnaty,3.01,18:54:20,2,8,0.0
2026-08-20,Comirnaty,11.68,18:54:50,2,8,124.32
2026-08-20,Comirnaty,2.97,18:55:20,2,8,0.0
2026-08-20,Comirnaty,12.42,18:55:50,2,8,124.35
2026-08-20,Comirnaty,11.15,18:56:20,2,8,124.36
2026-08-20,Comirnaty,4.32,18:56:50,2,8,0.0
2026-08-20,Comirnaty,13.93,18:57:20,2,8,124.38
2026-08-20,Comirnaty,7.71,18:57:50,2,8,0.0
2026-08-20,Comirnaty,15.61,18:58:20,2,8,124.4
2026-08-20,Comirnaty,4.12,18:58:50,2,8,0.0
2026-08-20,Comirnaty,11.83,18:59:20,2,8,124.42
2026-08-20,Comirnaty,5.57,18:59:50,2,8,0.0
2026-08-20,Comirnaty,15.71,19:00:20,2,8,124.44
2026-08-20,Comirnaty,14.4,19:00:50,2,8,124.45
2026-08-20,Comirnaty,2.81,19:01:20,2,8,0.0
2026-08-20,Comirnaty,12.9,19:01:50,2,8,124.48
2026-08-20,Comirnaty,13.49,19:02:20,2,8,124.49
2026-08-20,Comirnaty,12.04,19:02:50,2,8,124.5
2026-08-20,Comirnaty,5.08,19:03:20,2,8,0.0
2026-08-20,Comirnaty,4.65,19:03:50,2,8,0.0
2026-08-20,Comirnaty,16.34,19:04:20,2,8,124.53
2026-08-20,Comirnaty,17.89,19:04:50,2,8,124.54
2026-08-20,Comirnaty,4.7,19:05:20,2,8,0.0
2026-08-20,Comirnaty,5.43,19:05:50,2,8,0.0
2026-08-20,Comirnaty,15.92,19:06:20,2,8,124.57
2026-08-20,Comirnaty,6.1,19:06:50,2,8,0.0
2026-08-20,Comirnaty,9.62,19:07:20,2,8,124.59
2026-08-20,Comirnaty,17.48,19:07:50,2,8,124.6
2026-08-20,Comirnaty,4.97,19:08:20,2,8,0.0
2026-08-20,Comirnaty,4.34,19:08:50,2,8,0.0
2026-08-20,Comirnaty,2.98,19:09:20,2,8,0.0
2026-08-20,Comirnaty,9.58,19:09:50,2,8,124.65
2026-08-20,Comirnaty,11.25,19:10:20,2,8,124.66
2026-08-20,Comirnaty,7.36,19:10:50,2,8,0.0
2026-08-20,Comirnaty,11.53,19:11:20,2,8,124.68
2026-08-20,Comirnaty,2.35,19:11:50,2,8,0.0
2026-08-20,Comirnaty,12.27,19:12:20,2,8,124.7
2026-08-20,Comirnaty,13.85,19:12:50,2,8,124.71
2026-08-20,Comirnaty,14.51,19:13:20,2,8,124.72
2026-08-20,Comirnaty,11.08,19:13:50,2,8,124.74
2026-08-20,Comirnaty,10.23,19:14:20,2,8,124.75
2026-08-20,Comirnaty,11.42,19:14:50,2,8,124.76
2026-08-20,Comirnaty,14.83,19:15:20,2,8,124.77
2026-08-20,Comirnaty,15.87,19:15:50,2,8,124.78
2026-08-20,Comirnaty,15.13,19:16:20,2,8,124.79
2026-08-20,Comirnaty,17.69,19:16:50,2,8,124.8
2026-08-20,Comirnaty,7.95,19:17:20,2,8,0.0
2026-08-20,Comirnaty,12.6,19:17:50,2,8,124.82
2026-08-20,Comirnaty,6.87,19:18:20,2,8,0.0
2026-08-20,Comirnaty,7.2,19:18:50,2,8,0.0
2026-08-20,Comirnaty,13.32,19:19:20,2,8,124.85
2026-08-20,Comirnaty,9.85,19:19:50,2,8,124.86
2026-08-20,Comirnaty,17.56,19:20:20,2,8,124.88
2026-08-20,Comirnaty,9.82,19:20:50,2,8,124.89
2026-08-20,Comirnaty,17.31,19:21:20,2,8,124.9
2026-08-20,Comirnaty,15.01,19:21:50,2,8,124.91
2026-08-20,Comirnaty,17.63,19:22:20,2,8,124.92
2026-08-20,Comirnaty,14.63,19:22:50,2,8,124.93
2026-08-20,Comirnaty,9.05,19:23:20,2,8,124.94
2026-08-20,Comirnaty,12.06,19:23:50,2,8,124.95
2026-08-20,Comirnaty,9.49,19:24:20,2,8,124.96
2026-08-20,Comirnaty,11.65,19:24:50,2,8,124.97
2026-08-20,Comirnaty,16.35,19:25:20,2,8,124.98
2026-08-20,Comirnaty,2.0,19:25:50,2,8,0.0
2026-08-20,Comirnaty,7.19,19:26:20,2,8,0.0
2026-08-20,Comirnaty,9.13,19:26:50,2,8,125.02
2026-08-20,Comirnaty,3.7,19:27:20,2,8,0.0
2026-08-20,Comirnaty,6.75,19:27:50,2,8,0.0
2026-08-20,Comirnaty,15.87,19:28:20,2,8,125.05
2026-08-20,Comirnaty,10.56,19:28:50,2,8,125.06
2026-08-20,Comirnaty,15.68,19:29:20,2,8,125.07
2026-08-20,Comirnaty,6.56,19:29:50,2,8,0.0
2026-08-20,Comirnaty,9.91,19:30:20,2,8,125.09
2026-08-20,Comirnaty,14.19,19:30:50,2,8,125.1
2026-08-20,Comirnaty,13.86,19:31:20,2,8,125.11
2026-08-20,Comirnaty,16.83,19:31:50,2,8,125.12
2026-08-20,Comirnaty,14.62,19:32:20,2,8,125.14
2026-08-20,Comirnaty,11.18,19:32:50,2,8,125.15
2026-08-20,Comirnaty,2.15,19:33:20,2,8,0.0
2026-08-20,Comirnaty,14.98,19:33:50,2,8,125.17
2026-08-20,Comirnaty,13.0,19:34:20,2,8,125.18
2026-08-20,Comirnaty,4.97,19:34:50,2,8,0.0
2026-08-20,Comirnaty,5.88,19:35:20,2,8,0.0
2026-08-20,Comirnaty,10.62,19:35:50,2,8,125.21
2026-08-20,Comirnaty,6.44,19:36:20,2,8,0.0
2026-08-20,Comirnaty,14.63,19:36:50,2,8,125.23
2026-08-20,Comirnaty,14.71,19:37:20,2,8,125.24
2026-08-20,Comirnaty,16.24,19:37:50,2,8,125.25
2026-08-20,Comirnaty,2.91,19:38:20,2,8,0.0
2026-08-20,Comirnaty,9.19,19:38:50,2,8,125.28
2026-08-20,Comirnaty,12.24,19:39:20,2,8,125.29
2026-08-20,Comirnaty,11.21,19:39:50,2,8,125.3
2026-08-20,Comirnaty,17.86,19:40:20,2,8,125.31
2026-08-20,Comirnaty,13.41,19:40:50,2,8,125.32
2026-08-20,Comirnaty,14.98,19:41:20,2,8,125.33
2026-08-20,Comirnaty,7.02,19:41:50,2,8,0.0
2026-08-20,Comirnaty,17.91,19:42:20,2,8,125.35
2026-08-20,Comirnaty,9.91,19:42:50,2,8,125.36
2026-08-20,Comirnaty,2.85,19:43:20,2,8,0.0
2026-08-20,Comirnaty,15.89,19:43:50,2,8,125.39
2026-08-20,Comirnaty,5.43,19:44:20,2,8,0.0
2026-08-20,Comirnaty,15.68,19:44:50,2,8,125.41
2026-08-20,Comirnaty,17.61,19:45:20,2,8,125.42
2026-08-20,Comirnaty,9.79,19:45:50,2,8,125.43
2026-08-20,Comirnaty,6.74,19:46:20,2,8,0.0
2026-08-20,Comirnaty,14.39,19:46:50,2,8,125.45
2026-08-20,Comirnaty,15.09,19:47:20,2,8,125.46
2026-08-20,Comirnaty,2.98,19:47:50,2,8,0.0
2026-08-20,Comirnaty,2.68,19:48:20,2,8,0.0
2026-08-20,Comirnaty,3.13,19:48:50,2,8,0.0
2026-08-20,Comirnaty,14.02,19:49:20,2,8,125.5
2026-08-20,Comirnaty,3.51,19:49:50,2,8,0.0
2026-08-20,Comirnaty,13.42,19:50:20,2,8,125.53
2026-08-20,Comirnaty,10.18,19:50:50,2,8,125.54
2026-08-20,Comirnaty,6.63,19:51:20,2,8,0.0
2026-08-20,Comirnaty,12.85,19:51:50,2,8,125.56
2026-08-20,Comirnaty,12.51,19:52:20,2,8,125.57
2026-08-20,Comirnaty,11.77,19:52:50,2,8,125.58
2026-08-20,Comirnaty,12.97,19:53:20,2,8,125.59
2026-08-20,Comirnaty,15.17,19:53:50,2,8,125.6
2026-08-20,Comirnaty,10.74,19:54:20,2,8,125.61
2026-08-20,Comirnaty,10.93,19:54:50,2,8,125.62
2026-08-20,Comirnaty,4.02,19:55:20,2,8,0.0
2026-08-20,Comirnaty,9.43,19:55:50,2,8,125.65
2026-08-20,Comirnaty,3.41,19:56:20,2,8,0.0
2026-08-20,Comirnaty,12.56,19:56:50,2,8,125.67
2026-08-20,Comirnaty,5.85,19:57:20,2,8,0.0
2026-08-20,Comirnaty,2.75,19:57:50,2,8,0.0
2026-08-20,Comirnaty,14.71,19:58:20,2,8,125.7
2026-08-20,Comirnaty,12.18,19:58:50,2,8,125.71
2026-08-20,Comirnaty,14.52,19:59:20,2,8,125.72
2026-08-20,Comirnaty,10.43,19:59:50,2,8,125.73
2026-08-20,Comirnaty,4.76,20:00:20,2,8,0.0
2026-08-20,Comirnaty,16.22,20:00:50,2,8,125.75
2026-08-20,Comirnaty,4.28,20:01:20,2,8,0.0
2026-08-20,Comirnaty,10.72,20:01:50,2,8,125.78
2026-08-20,Comirnaty,4.02,20:02:20,2,8,0.0
2026-08-20,Comirnaty,7.56,20:02:50,2,8,0.0
2026-08-20,Comirnaty,16.56,20:03:20,2,8,125.81
2026-08-20,Comirnaty,5.47,20:03:50,2,8,0.0
2026-08-20,Comirnaty,2.96,20:04:20,2,8,0.0
2026-08-20,Comirnaty,2.93,20:04:50,2,8,0.0
2026-08-20,Comirnaty,16.84,20:05:20,2,8,125.85
2026-08-20,Comirnaty,10.57,20:05:50,2,8,125.86
2026-08-20,Comirnaty,13.99,20:06:20,2,8,125.87
2026-08-20,Comirnaty,10.84,20:06:50,2,8,125.88
2026-08-20,Comirnaty,10.94,20:07:20,2,8,125.89
2026-08-20,Comirnaty,9.63,20:07:50,2,8,125.91
2026-08-20,Comirnaty,16.63,20:08:20,2,8,125.92
2026-08-20,Comirnaty,5.64,20:08:50,2,8,0.0
2026-08-20,Comirnaty,13.26,20:09:20,2,8,125.94
2026-08-20,Comirnaty,5.33,20:09:50,2,8,0.0
2026-08-20,Comirnaty,15.77,20:10:20,2,8,125.96
2026-08-20,Comirnaty,16.8,20:10:50,2,8,125.97
2026-08-20,Comirnaty,12.25,20:11:20,2,8,125.98
2026-08-20,Comirnaty,9.77,20:11:50,2,8,125.99
2026-08-20,Comirnaty,11.84,20:12:20,2,8,126.0
2026-08-20,Comirnaty,12.02,20:12:50,2,8,126.01
2026-08-20,Comirnaty,10.99,20:13:20,2,8,126.02
2026-08-20,Comirnaty,9.71,20:13:50,2,8,126.04
2026-08-20,Comirnaty,7.4,20:14:20,2,8,0.0
2026-08-20,Comirnaty,11.08,20:14:50,2,8,126.06
2026-08-20,Comirnaty,11.54,20:15:20,2,8,126.07
2026-08-20,Comirnaty,16.17,20:15:50,2,8,126.08
2026-08-20,Comirnaty,10.99,20:16:20,2,8,126.09
2026-08-20,Comirnaty,14.06,20:16:50,2,8,126.1
2026-08-20,Comirnaty,14.88,20:17:20,2,8,126.11
2026-08-20,Comirnaty,12.12,20:17:50,2,8,126.12
2026-08-20,Comirnaty,7.0,20:18:20,2,8,0.0
2026-08-20,Comirnaty,15.9,20:18:50,2,8,126.14
2026-08-20,Comirnaty,13.46,20:19:20,2,8,126.15
2026-08-20,Comirnaty,10.35,20:19:50,2,8,126.17
2026-08-20,Comirnaty,5.16,20:20:20,2,8,0.0
2026-08-20,Comirnaty,3.09,20:20:50,2,8,0.0
2026-08-20,Comirnaty,5.42,20:21:20,2,8,0.0
2026-08-20,Comirnaty,13.17,20:21:50,2,8,126.21
2026-08-20,Comirnaty,5.26,20:22:20,2,8,0.0
2026-08-20,Comirnaty,10.87,20:22:50,2,8,126.23
2026-08-20,Comirnaty,3.99,20:23:20,2,8,0.0
2026-08-20,Comirnaty,5.5,20:23:50,2,8,0.0
2026-08-20,Comirnaty,11.11,20:24:20,2,8,126.26
2026-08-20,Comirnaty,16.63,20:24:50,2,8,126.27
2026-08-20,Comirnaty,15.2,20:25:20,2,8,126.28
2026-08-20,Comirnaty,13.62,20:25:50,2,8,126.3
2026-08-20,Comirnaty,2.77,20:26:20,2,8,0.0
2026-08-20,Comirnaty,9.87,20:26:50,2,8,126.32
2026-08-20,Comirnaty,2.53,20:27:20,2,8,0.0
2026-08-20,Comirnaty,11.49,20:27:50,2,8,126.34
2026-08-20,Comirnaty,10.97,20:28:20,2,8,126.35
2026-08-20,Comirnaty,7.17,20:28:50,2,8,0.0
2026-08-20,Comirnaty,16.23,20:29:20,2,8,126.37
2026-08-20,Comirnaty,3.6,20:29:50,2,8,0.0
2026-08-20,Comirnaty,4.99,20:30:20,2,8,0.0
2026-08-20,Comirnaty,4.94,20:30:50,2,8,0.0
2026-08-20,Comirnaty,16.07,20:31:20,2,8,126.41
2026-08-20,Comirnaty,6.14,20:31:50,2,8,0.0
2026-08-20,Comirnaty,17.25,20:32:20,2,8,126.44
2026-08-20,Comirnaty,13.44,20:32:50,2,8,126.45
2026-08-20,Comirnaty,14.5,20:33:20,2,8,126.46
2026-08-20,Comirnaty,12.66,20:33:50,2,8,126.47
2026-08-20,Comirnaty,14.34,20:34:20,2,8,126.48
2026-08-20,Comirnaty,10.31,20:34:50,2,8,126.49
2026-08-20,Comirnaty,4.49,20:35:20,2,8,0.0
2026-08-20,Comirnaty,11.83,20:35:50,2,8,126.51
2026-08-20,Comirnaty,13.8,20:36:20,2,8,126.52
2026-08-20,Comirnaty,2.89,20:36:50,2,8,0.0
2026-08-20,Comirnaty,11.18,20:37:20,2,8,126.54
2026-08-20,Comirnaty,14.88,20:37:50,2,8,126.55
2026-08-20,Comirnaty,6.84,20:38:20,2,8,0.0
2026-08-20,Comirnaty,4.25,20:38:50,2,8,0.0
2026-08-20,Comirnaty,10.62,20:39:20,2,8,126.59
2026-08-20,Comirnaty,6.67,20:39:50,2,8,0.0
2026-08-20,Comirnaty,14.39,20:40:20,2,8,126.61
2026-08-20,Comirnaty,2.38,20:40:50,2,8,0.0
2026-08-20,Comirnaty,9.06,20:41:20,2,8,126.63
2026-08-20,Comirnaty,7.57,20:41:50,2,8,0.0
2026-08-20,Comirnaty,11.36,20:42:20,2,8,126.65
2026-08-20,Comirnaty,7.94,20:42:50,2,8,0.0
2026-08-20,Comirnaty,4.97,20:43:20,2,8,0.0
2026-08-20,Comirnaty,10.67,20:43:50,2,8,126.69
2026-08-20,Comirnaty,12.41,20:44:20,2,8,126.7
2026-08-20,Comirnaty,15.53,20:44:50,2,8,126.71
2026-08-20,Comirnaty,17.43,20:45:20,2,8,126.72
2026-08-20,Comirnaty,14.78,20:45:50,2,8,126.73
2026-08-20,Comirnaty,16.4,20:46:20,2,8,126.74
2026-08-20,Comirnaty,10.56,20:46:50,2,8,126.75
2026-08-20,Comirnaty,2.11,20:47:20,2,8,0.0
2026-08-20,Comirnaty,13.59,20:47:50,2,8,126.77
2026-08-20,Comirnaty,17.45,20:48:20,2,8,126.78
2026-08-20,Comirnaty,9.88,20:48:50,2,8,126.79
2026-08-20,Comirnaty,17.78,20:49:20,2,8,126.8
2026-08-20,Comirnaty,14.15,20:49:50,2,8,126.81
2026-08-20,Comirnaty,4.95,20:50:20,2,8,0.0
2026-08-20,Comirnaty,4.74,20:50:50,2,8,0.0
2026-08-20,Comirnaty,4.32,20:51:20,2,8,0.0
2026-08-20,Comirnaty,7.16,20:51:50,2,8,0.0
2026-08-20,Comirnaty,6.64,20:52:20,2,8,0.0
2026-08-20,Comirnaty,11.93,20:52:50,2,8,126.88
2026-08-20,Comirnaty,2.64,20:53:20,2,8,0.0
2026-08-20,Comirnaty,3.4,20:53:50,2,8,0.0
2026-08-20,Comirnaty,6.18,20:54:20,2,8,0.0
2026-08-20,Comirnaty,4.04,20:54:50,2,8,0.0
2026-08-20,Comirnaty,4.51,20:55:20,2,8,0.0
2026-08-20,Comirnaty,3.22,20:55:50,2,8,0.0
2026-08-20,Comirnaty,11.71,20:56:20,2,8,126.96
2026-08-20,Comirnaty,3.04,20:56:50,2,8,0.0
2026-08-20,Comirnaty,17.98,20:57:20,2,8,126.98
2026-08-20,Comirnaty,12.73,20:57:50,2,8,126.99
2026-08-20,Comirnaty,6.05,20:58:20,2,8,0.0
2026-08-20,Comirnaty,7.06,20:58:50,2,8,0.0
2026-08-20,Comirnaty,10.05,20:59:20,2,8,127.02
2026-08-20,Comirnaty,10.14,20:59:50,2,8,127.03
2026-08-20,Comirnaty,10.06,21:00:20,2,8,127.04
2026-08-20,Comirnaty,5.21,21:00:50,2,8,0.0
2026-08-20,Comirnaty,16.25,21:01:20,2,8,127.06
2026-08-20,Comirnaty,3.14,21:01:50,2,8,0.0
2026-08-20,Comirnaty,11.43,21:02:20,2,8,127.09
2026-08-20,Comirnaty,2.3,21:02:50,2,8,0.0
2026-08-20,Comirnaty,17.56,21:03:20,2,8,127.11
2026-08-20,Comirnaty,14.89,21:03:50,2,8,127.12
2026-08-20,Comirnaty,11.32,21:04:20,2,8,127.13
2026-08-20,Comirnaty,5.91,21:04:50,2,8,0.0
2026-08-20,Comirnaty,13.95,21:05:20,2,8,127.15
2026-08-20,Comirnaty,5.91,21:05:50,2,8,0.0
2026-08-20,Comirnaty,15.19,21:06:20,2,8,127.17
2026-08-20,Comirnaty,12.44,21:06:50,2,8,127.18
2026-08-20,Comirnaty,14.67,21:07:20,2,8,127.19
2026-08-20,Comirnaty,15.08,21:07:50,2,8,127.2
2026-08-20,Comirnaty,10.23,21:08:20,2,8,127.22
2026-08-20,Comirnaty,15.56,21:08:50,2,8,127.23
2026-08-20,Comirnaty,12.1,21:09:20,2,8,127.24
2026-08-20,Comirnaty,14.05,21:09:50,2,8,127.25
2026-08-20,Comirnaty,6.81,21:10:20,2,8,0.0
2026-08-20,Comirnaty,13.45,21:10:50,2,8,127.27
2026-08-20,Comirnaty,10.58,21:11:20,2,8,127.28
2026-08-20,Comirnaty,15.09,21:11:50,2,8,127.29
2026-08-20,Comirnaty,15.62,21:12:20,2,8,127.3
2026-08-20,Comirnaty,14.56,21:12:50,2,8,127.31
2026-08-20,Comirnaty,5.42,21:13:20,2,8,0.0
2026-08-20,Comirnaty,5.45,21:13:50,2,8,0.0
2026-08-20,Comirnaty,6.87,21:14:20,2,8,0.0
2026-08-20,Comirnaty,3.84,21:14:50,2,8,0.0
2026-08-20,Comirnaty,13.25,21:15:20,2,8,127.37
2026-08-20,Comirnaty,13.4,21:15:50,2,8,127.38
2026-08-20,Comirnaty,10.72,21:16:20,2,8,127.39
2026-08-20,Comirnaty,11.45,21:16:50,2,8,127.4
2026-08-20,Comirnaty,5.57,21:17:20,2,8,0.0
2026-08-20,Comirnaty,6.97,21:17:50,2,8,0.0
2026-08-20,Comirnaty,14.37,21:18:20,2,8,127.43
2026-08-20,Comirnaty,6.9,21:18:50,2,8,0.0
2026-08-20,Comirnaty,13.33,21:19:20,2,8,127.45
2026-08-20,Comirnaty,16.64,21:19:50,2,8,127.47
2026-08-20,Comirnaty,15.1,21:20:20,2,8,127.48
2026-08-20,Comirnaty,14.33,21:20:50,2,8,127.49
2026-08-20,Comirnaty,5.64,21:21:20,2,8,0.0
2026-08-20,Comirnaty,12.41,21:21:50,2,8,127.51
2026-08-20,Comirnaty,11.28,21:22:20,2,8,127.52
2026-08-20,Comirnaty,7.8,21:22:50,2,8,0.0
2026-08-20,Comirnaty,11.85,21:23:20,2,8,127.54
2026-08-20,Comirnaty,4.93,21:23:50,2,8,0.0
2026-08-20,Comirnaty,10.26,21:24:20,2,8,127.56
2026-08-20,Comirnaty,10.05,21:24:50,2,8,127.57
2026-08-20,Comirnaty,3.42,21:25:20,2,8,0.0
2026-08-20,Comirnaty,10.28,21:25:50,2,8,127.6
2026-08-20,Comirnaty,3.29,21:26:20,2,8,0.0
2026-08-20,Comirnaty,5.6,21:26:50,2,8,0.0
2026-08-20,Comirnaty,10.3,21:27:20,2,8,127.63
2026-08-20,Comirnaty,13.04,21:27:50,2,8,127.64
2026-08-20,Comirnaty,4.29,21:28:20,2,8,0.0
2026-08-20,Comirnaty,7.44,21:28:50,2,8,0.0
2026-08-20,Comirnaty,4.42,21:29:20,2,8,0.0
2026-08-20,Comirnaty,6.27,21:29:50,2,8,0.0
2026-08-20,Comirnaty,2.5,21:30:20,2,8,0.0
2026-08-20,Comirnaty,2.64,21:30:50,2,8,0.0
2026-08-20,Comirnaty,7.86,21:31:20,2,8,0.0
2026-08-20,Comirnaty,16.04,21:31:50,2,8,127.73
2026-08-20,Comirnaty,15.11,21:32:20,2,8,127.74
2026-08-20,Comirnaty,15.46,21:32:50,2,8,127.75
2026-08-20,Comirnaty,13.78,21:33:20,2,8,127.76
2026-08-20,Comirnaty,3.59,21:33:50,2,8,0.0
2026-08-20,Comirnaty,14.48,21:34:20,2,8,127.78
2026-08-20,Comirnaty,6.94,21:34:50,2,8,0.0
2026-08-20,Comirnaty,9.52,21:35:20,2,8,127.8
2026-08-20,Comirnaty,7.57,21:35:50,2,8,0.0
2026-08-20,Comirnaty,12.83,21:36:20,2,8,127.82
2026-08-20,Comirnaty,12.58,21:36:50,2,8,127.83
2026-08-20,Comirnaty,7.83,21:37:20,2,8,0.0
2026-08-20,Comirnaty,7.31,21:37:50,2,8,0.0
2026-08-20,Comirnaty,3.07,21:38:20,2,8,0.0
2026-08-20,Comirnaty,4.67,21:38:50,2,8,0.0
2026-08-20,Comirnaty,16.11,21:39:20,2,8,127.89
2026-08-20,Comirnaty,11.76,21:39:50,2,8,127.9
2026-08-20,Comirnaty,4.74,21:40:20,2,8,0.0
2026-08-20,Comirnaty,7.65,21:40:50,2,8,0.0
2026-08-20,Comirnaty,15.92,21:41:20,2,8,127.93
2026-08-20,Comirnaty,15.61,21:41:50,2,8,127.94
2026-08-20,Comirnaty,5.78,21:42:20,2,8,0.0
2026-08-20,Comirnaty,14.46,21:42:50,2,8,127.96
2026-08-20,Comirnaty,7.39,21:43:20,2,8,0.0
2026-08-20,Comirnaty,12.68,21:43:50,2,8,127.99
2026-08-20,Comirnaty,13.97,21:44:20,2,8,128.0
2026-08-20,Comirnaty,17.53,21:44:50,2,8,128.01
2026-08-20,Comirnaty,12.2,21:45:20,2,8,128.02
2026-08-20,Comirnaty,16.25,21:45:50,2,8,128.03
2026-08-20,Comirnaty,4.35,21:46:20,2,8,0.0
2026-08-20,Comirnaty,13.15,21:46:50,2,8,128.05
2026-08-20,Comirnaty,5.92,21:47:20,2,8,0.0
2026-08-20,Comirnaty,5.46,21:47:50,2,8,0.0
2026-08-20,Comirnaty,7.7,21:48:20,2,8,0.0
2026-08-20,Comirnaty,3.02,21:48:50,2,8,0.0
2026-08-20,Comirnaty,17.33,21:49:20,2,8,128.1
2026-08-20,Comirnaty,2.95,21:49:50,2,8,0.0
2026-08-20,Comirnaty,2.3,21:50:20,2,8,0.0
2026-08-20,Comirnaty,14.52,21:50:50,2,8,128.14
2026-08-20,Comirnaty,3.39,21:51:20,2,8,0.0
2026-08-20,Comirnaty,7.04,21:51:50,2,8,0.0
2026-08-20,Comirnaty,10.64,21:52:20,2,8,128.17
2026-08-20,Comirnaty,12.35,21:52:50,2,8,128.18
2026-08-20,Comirnaty,3.17,21:53:20,2,8,0.0
2026-08-20,Comirnaty,13.29,21:53:50,2,8,128.2
2026-08-20,Comirnaty,14.26,21:54:20,2,8,128.21
2026-08-20,Comirnaty,16.53,21:54:50,2,8,128.22
2026-08-20,Comirnaty,13.74,21:55:20,2,8,128.23
2026-08-20,Comirnaty,15.92,21:55:50,2,8,128.25
2026-08-20,Comirnaty,16.06,21:56:20,2,8,128.26
2026-08-20,Comirnaty,12.92,21:56:50,2,8,128.27
2026-08-20,Comirnaty,17.94,21:57:20,2,8,128.28
2026-08-20,Comirnaty,2.86,21:57:50,2,8,0.0
2026-08-20,Comirnaty,9.72,21:58:20,2,8,128.3
2026-08-20,Comirnaty,12.81,21:58:50,2,8,128.31
2026-08-20,Comirnaty,15.77,21:59:20,2,8,128.32
2026-08-20,Comirnaty,7.84,21:59:50,2,8,0.0
2026-08-20,Comirnaty,9.45,22:00:20,2,8,128.34
2026-08-20,Comirnaty,7.67,22:00:50,2,8,0.0
2026-08-20,Comirnaty,11.57,22:01:20,2,8,128.36
2026-08-20,Comirnaty,10.09,22:01:50,2,8,128.38
2026-08-20,Comirnaty,13.17,22:02:20,2,8,128.39
2026-08-20,Comirnaty,17.67,22:02:50,2,8,128.4
2026-08-20,Comirnaty,4.94,22:03:20,2,8,0.0
2026-08-20,Comirnaty,16.02,22:03:50,2,8,128.42
2026-08-20,Comirnaty,14.4,22:04:20,2,8,128.43
2026-08-20,Comirnaty,14.54,22:04:50,2,8,128.44
2026-08-20,Comirnaty,16.88,22:05:20,2,8,128.45
2026-08-20,Comirnaty,2.28,22:05:50,2,8,0.0
2026-08-20,Comirnaty,11.98,22:06:20,2,8,128.47
2026-08-20,Comirnaty,5.9,22:06:50,2,8,0.0
2026-08-20,Comirnaty,17.08,22:07:20,2,8,128.49
2026-08-20,Comirnaty,5.22,22:07:50,2,8,0.0
2026-08-20,Comirnaty,11.2,22:08:20,2,8,128.52
2026-08-20,Comirnaty,5.2,22:08:50,2,8,0.0
2026-08-20,Comirnaty,10.94,22:09:20,2,8,128.54
2026-08-20,Comirnaty,15.16,22:09:50,2,8,128.55
2026-08-20,Comirnaty,17.5,22:10:20,2,8,128.56
2026-08-20,Comirnaty,13.16,22:10:50,2,8,128.57
2026-08-20,Comirnaty,10.58,22:11:20,2,8,128.58
2026-08-20,Comirnaty,16.25,22:11:50,2,8,128.59
2026-08-20,Comirnaty,13.98,22:12:20,2,8,128.6
2026-08-20,Comirnaty,6.96,22:12:50,2,8,0.0
2026-08-20,Comirnaty,16.45,22:13:20,2,8,128.62
2026-08-20,Comirnaty,6.89,22:13:50,2,8,0.0
2026-08-20,Comirnaty,10.87,22:14:20,2,8,128.65
2026-08-20,Comirnaty,6.0,22:14:50,2,8,0.0
2026-08-20,Comirnaty,6.47,22:15:20,2,8,0.0
2026-08-20,Comirnaty,6.05,22:15:50,2,8,0.0
2026-08-20,Comirnaty,3.83,22:16:20,2,8,0.0
2026-08-20,Comirnaty,15.51,22:16:50,2,8,128.7
2026-08-20,Comirnaty,15.58,22:17:20,2,8,128.71
2026-08-20,Comirnaty,4.99,22:17:50,2,8,0.0
2026-08-20,Comirnaty,14.55,22:18:20,2,8,128.73
2026-08-20,Comirnaty,9.6,22:18:50,2,8,128.74
2026-08-20,Comirnaty,7.54,22:19:20,2,8,0.0
2026-08-20,Comirnaty,9.98,22:19:50,2,8,128.77
2026-08-20,Comirnaty,10.76,22:20:20,2,8,128.78
2026-08-20,Comirnaty,2.95,22:20:50,2,8,0.0
2026-08-20,Comirnaty,10.08,22:21:20,2,8,128.8
2026-08-20,Comirnaty,16.65,22:21:50,2,8,128.81
2026-08-20,Comirnaty,13.83,22:22:20,2,8,128.82
2026-08-20,Comirnaty,9.92,22:22:50,2,8,128.83
2026-08-20,Comirnaty,9.03,22:23:20,2,8,128.84
2026-08-20,Comirnaty,9.31,22:23:50,2,8,128.85
2026-08-20,Comirnaty,6.07,22:24:20,2,8,0.0
2026-08-20,Comirnaty,17.5,22:24:50,2,8,128.87
2026-08-20,Comirnaty,4.06,22:25:20,2,8,0.0
2026-08-20,Comirnaty,17.02,22:25:50,2,8,128.9
2026-08-20,Comirnaty,9.67,22:26:20,2,8,128.91
2026-08-20,Comirnaty,10.19,22:26:50,2,8,128.92
2026-08-20,Comirnaty,17.16,22:27:20,2,8,128.93
2026-08-20,Comirnaty,9.42,22:27:50,2,8,128.94
2026-08-20,Comirnaty,10.23,22:28:20,2,8,128.95
2026-08-20,Comirnaty,9.92,22:28:50,2,8,128.96
2026-08-20,Comirnaty,11.17,22:29:20,2,8,128.97
2026-08-20,Comirnaty,17.37,22:29:50,2,8,128.98
2026-08-20,Comirnaty,10.63,22:30:20,2,8,128.99
2026-08-20,Comirnaty,6.38,22:30:50,2,8,0.0
2026-08-20,Comirnaty,11.49,22:31:20,2,8,129.01
2026-08-20,Comirnaty,6.91,22:31:50,2,8,0.0
2026-08-20,Comirnaty,3.35,22:32:20,2,8,0.0
2026-08-20,Comirnaty,14.3,22:32:50,2,8,129.05
2026-08-20,Comirnaty,17.23,22:33:20,2,8,129.06
2026-08-20,Comirnaty,11.13,22:33:50,2,8,129.07
2026-08-20,Comirnaty,16.54,22:34:20,2,8,129.08
2026-08-20,Comirnaty,14.26,22:34:50,2,8,129.09
2026-08-20,Comirnaty,16.18,22:35:20,2,8,129.1
2026-08-20,Comirnaty,12.94,22:35:50,2,8,129.11
2026-08-20,Comirnaty,5.49,22:36:20,2,8,0.0
2026-08-20,Comirnaty,2.51,22:36:50,2,8,0.0
2026-08-20,Comirnaty,7.17,22:37:20,2,8,0.0
2026-08-20,Comirnaty,5.86,22:37:50,2,8,0.0
2026-08-20,Comirnaty,13.93,22:38:20,2,8,129.17
2026-08-20,Comirnaty,5.78,22:38:50,2,8,0.0
2026-08-20,Comirnaty,13.56,22:39:20,2,8,129.19
2026-08-20,Comirnaty,6.06,22:39:50,2,8,0.0
2026-08-20,Comirnaty,4.0,22:40:20,2,8,0.0
2026-08-20,Comirnaty,5.55,22:40:50,2,8,0.0
2026-08-20,Comirnaty,5.0,22:41:20,2,8,0.0
2026-08-20,Comirnaty,17.38,22:41:50,2,8,129.24
2026-08-20,Comirnaty,2.13,22:42:20,2,8,0.0
2026-08-20,Comirnaty,9.92,22:42:50,2,8,129.26
2026-08-20,Comirnaty,5.21,22:43:20,2,8,0.0
2026-08-20,Comirnaty,11.63,22:43:50,2,8,129.28
2026-08-20,Comirnaty,11.94,22:44:20,2,8,129.3
2026-08-20,Comirnaty,12.79,22:44:50,2,8,129.31
2026-08-20,Comirnaty,14.38,22:45:20,2,8,129.32
2026-08-20,Comirnaty,6.25,22:45:50,2,8,0.0
2026-08-20,Comirnaty,2.89,22:46:20,2,8,0.0
2026-08-20,Comirnaty,4.61,22:46:50,2,8,0.0
2026-08-20,Comirnaty,12.81,22:47:20,2,8,129.36
2026-08-20,Comirnaty,15.01,22:47:50,2,8,129.37
2026-08-20,Comirnaty,7.3,22:48:20,2,8,0.0
2026-08-20,Comirnaty,4.91,22:48:50,2,8,0.0
2026-08-20,Comirnaty,16.39,22:49:20,2,8,129.4
2026-08-20,Comirnaty,12.11,22:49:50,2,8,129.41
2026-08-20,Comirnaty,5.93,22:50:20,2,8,0.0
2026-08-20,Comirnaty,2.58,22:50:50,2,8,0.0
2026-08-20,Comirnaty,12.74,22:51:20,2,8,129.45
2026-08-20,Comirnaty,4.78,22:51:50,2,8,0.0
2026-08-20,Comirnaty,5.31,22:52:20,2,8,0.0
2026-08-20,Comirnaty,2.26,22:52:50,2,8,0.0
2026-08-20,Comirnaty,7.23,22:53:20,2,8,0.0
2026-08-20,Comirnaty,17.28,22:53:50,2,8,129.5
2026-08-20,Comirnaty,3.38,22:54:20,2,8,0.0
2026-08-20,Comirnaty,15.79,22:54:50,2,8,129.52
2026-08-20,Comirnaty,15.78,22:55:20,2,8,129.53
2026-08-20,Comirnaty,4.56,22:55:50,2,8,0.0
2026-08-20,Comirnaty,10.21,22:56:20,2,8,129.56
2026-08-20,Comirnaty,6.9,22:56:50,2,8,0.0
2026-08-20,Comirnaty,6.79,22:57:20,2,8,0.0
2026-08-20,Comirnaty,16.65,22:57:50,2,8,129.59
2026-08-20,Comirnaty,16.74,22:58:20,2,8,129.6
2026-08-20,Comirnaty,3.22,22:58:50,2,8,0.0
2026-08-20,Comirnaty,15.09,22:59:20,2,8,129.62
2026-08-20,Comirnaty,6.56,22:59:50,2,8,0.0
2026-08-20,Comirnaty,7.31,23:00:20,2,8,0.0
2026-08-20,Comirnaty,2.4,23:00:50,2,8,0.0
2026-08-20,Comirnaty,2.69,23:01:20,2,8,0.0
2026-08-20,Comirnaty,14.97,23:01:50,2,8,129.68
2026-08-20,Comirnaty,15.25,23:02:20,2,8,129.69
2026-08-20,Comirnaty,10.99,23:02:50,2,8,129.7
2026-08-20,Comirnaty,5.48,23:03:20,2,8,0.0
2026-08-20,Comirnaty,9.77,23:03:50,2,8,129.72
2026-08-20,Comirnaty,15.64,23:04:20,2,8,129.73
2026-08-20,Comirnaty,6.48,23:04:50,2,8,0.0
2026-08-20,Comirnaty,17.99,23:05:20,2,8,129.75
2026-08-20,Comirnaty,6.62,23:05:50,2,8,0.0
2026-08-20,Comirnaty,16.26,23:06:20,2,8,129.77
2026-08-20,Comirnaty,6.89,23:06:50,2,8,0.0
2026-08-20,Comirnaty,10.42,23:07:20,2,8,129.79
2026-08-20,Comirnaty,13.61,23:07:50,2,8,129.81
2026-08-20,Comirnaty,13.18,23:08:20,2,8,129.82
2026-08-20,Comirnaty,6.61,23:08:50,2,8,0.0
2026-08-20,Comirnaty,14.86,23:09:20,2,8,129.84
2026-08-20,Comirnaty,14.23,23:09:50,2,8,129.85
2026-08-20,Comirnaty,16.03,23:10:20,2,8,129.86
2026-08-20,Comirnaty,9.28,23:10:50,2,8,129.87
2026-08-20,Comirnaty,6.49,23:11:20,2,8,0.0
2026-08-20,Comirnaty,17.03,23:11:50,2,8,129.89
2026-08-20,Comirnaty,15.18,23:12:20,2,8,129.9
2026-08-20,Comirnaty,6.74,23:12:50,2,8,0.0
2026-08-20,Comirnaty,6.29,23:13:20,2,8,0.0
2026-08-20,Comirnaty,17.84,23:13:50,2,8,129.94
2026-08-20,Comirnaty,4.63,23:14:20,2,8,0.0
2026-08-20,Comirnaty,9.76,23:14:50,2,8,129.96
2026-08-20,Comirnaty,7.64,23:15:20,2,8,0.0
2026-08-20,Comirnaty,14.47,23:15:50,2,8,129.98
2026-08-20,Comirnaty,4.15,23:16:20,2,8,0.0
2026-08-20,Comirnaty,6.93,23:16:50,2,8,0.0
2026-08-20,Comirnaty,13.02,23:17:20,2,8,130.01
2026-08-20,Comirnaty,3.53,23:17:50,2,8,0.0
2026-08-20,Comirnaty,2.65,23:18:20,2,8,0.0
2026-08-20,Comirnaty,12.68,23:18:50,2,8,130.04
2026-08-20,Comirnaty,15.0,23:19:20,2,8,130.05
2026-08-20,Comirnaty,13.77,23:19:50,2,8,130.06
2026-08-20,Comirnaty,5.54,23:20:20,2,8,0.0
2026-08-20,Comirnaty,10.22,23:20:50,2,8,130.09
2026-08-20,Comirnaty,6.03,23:21:20,2,8,0.0
2026-08-20,Comirnaty,12.72,23:21:50,2,8,130.11
2026-08-20,Comirnaty,4.02,23:22:20,2,8,0.0
2026-08-20,Comirnaty,9.49,23:22:50,2,8,130.13
2026-08-20,Comirnaty,4.63,23:23:20,2,8,0.0
2026-08-20,Comirnaty,5.94,23:23:50,2,8,0.0
2026-08-20,Comirnaty,4.27,23:24:20,2,8,0.0
2026-08-20,Comirnaty,12.15,23:24:50,2,8,130.17
2026-08-20,Comirnaty,13.53,23:25:20,2,8,130.18
2026-08-20,Comirnaty,11.68,23:25:50,2,8,130.2
2026-08-20,Comirnaty,12.75,23:26:20,2,8,130.21
2026-08-20,Comirnaty,14.19,23:26:50,2,8,130.22
2026-08-20,Comirnaty,10.77,23:27:20,2,8,130.23
2026-08-20,Comirnaty,3.29,23:27:50,2,8,0.0
2026-08-20,Comirnaty,16.71,23:28:20,2,8,130.25
2026-08-20,Comirnaty,11.36,23:28:50,2,8,130.26
2026-08-20,Comirnaty,6.12,23:29:20,2,8,0.0
2026-08-20,Comirnaty,6.3,23:29:50,2,8,0.0
2026-08-20,Comirnaty,15.06,23:30:20,2,8,130.29
2026-08-20,Comirnaty,7.18,23:30:50,2,8,0.0
2026-08-20,Comirnaty,13.36,23:31:20,2,8,130.31
2026-08-20,Comirnaty,4.6,23:31:50,2,8,0.0
2026-08-20,Comirnaty,7.33,23:32:20,2,8,0.0
2026-08-20,Comirnaty,11.77,23:32:50,2,8,130.35
2026-08-20,Comirnaty,10.86,23:33:20,2,8,130.36
2026-08-20,Comirnaty,6.7,23:33:50,2,8,0.0
2026-08-20,Comirnaty,3.97,23:34:20,2,8,0.0
2026-08-20,Comirnaty,7.75,23:34:50,2,8,0.0
2026-08-20,Comirnaty,5.46,23:35:20,2,8,0.0
2026-08-20,Comirnaty,5.05,23:35:50,2,8,0.0
2026-08-20,Comirnaty,15.59,23:36:20,2,8,130.42
2026-08-20,Comirnaty,6.71,23:36:50,2,8,0.0
2026-08-20,Comirnaty,5.76,23:37:20,2,8,0.0
2026-08-20,Comirnaty,14.9,23:37:50,2,8,130.45
2026-08-20,Comirnaty,9.54,23:38:20,2,8,130.47
2026-08-20,Comirnaty,13.07,23:38:50,2,8,130.48
2026-08-20,Comirnaty,7.82,23:39:20,2,8,0.0
2026-08-20,Comirnaty,14.04,23:39:50,2,8,130.5
2026-08-20,Comirnaty,12.15,23:40:20,2,8,130.51
2026-08-20,Comirnaty,7.04,23:40:50,2,8,0.0
2026-08-20,Comirnaty,16.86,23:41:20,2,8,130.53
2026-08-20,Comirnaty,12.58,23:41:50,2,8,130.54
2026-08-20,Comirnaty,15.64,23:42:20,2,8,130.55
2026-08-20,Comirnaty,13.86,23:42:50,2,8,130.56
2026-08-20,Comirnaty,12.59,23:43:20,2,8,130.57
2026-08-20,Comirnaty,16.62,23:43:50,2,8,130.59
2026-08-20,Comirnaty,6.29,23:44:20,2,8,0.0
2026-08-20,Comirnaty,2.44,23:44:50,2,8,0.0
2026-08-20,Comirnaty,2.34,23:45:20,2,8,0.0
2026-08-20,Comirnaty,10.73,23:45:50,2,8,130.63
2026-08-20,Comirnaty,4.29,23:46:20,2,8,0.0
2026-08-20,Comirnaty,11.29,23:46:50,2,8,130.65
2026-08-20,Comirnaty,15.07,23:47:20,2,8,130.66
2026-08-20,Comirnaty,15.6,23:47:50,2,8,130.67
2026-08-20,Comirnaty,14.77,23:48:20,2,8,130.68
2026-08-20,Comirnaty,5.98,23:48:50,2,8,0.0
2026-08-20,Comirnaty,3.4,23:49:20,2,8,0.0
2026-08-20,Comirnaty,4.74,23:49:50,2,8,0.0
2026-08-20,Comirnaty,11.0,23:50:20,2,8,130.73
2026-08-20,Comirnaty,4.87,23:50:50,2,8,0.0
2026-08-20,Comirnaty,7.81,23:51:20,2,8,0.0
2026-08-20,Comirnaty,3.13,23:51:50,2,8,0.0
2026-08-20,Comirnaty,9.91,23:52:20,2,8,130.77
2026-08-20,Comirnaty,11.6,23:52:50,2,8,130.78
2026-08-20,Comirnaty,9.28,23:53:20,2,8,130.79
2026-08-20,Comirnaty,17.14,23:53:50,2,8,130.8
2026-08-20,Comirnaty,16.96,23:54:20,2,8,130.81
2026-08-20,Comirnaty,6.98,23:54:50,2,8,0.0
2026-08-20,Comirnaty,10.26,23:55:20,2,8,130.83
2026-08-20,Comirnaty,7.15,23:55:50,2,8,0.0
2026-08-20,Comirnaty,3.65,23:56:20,2,8,0.0
2026-08-20,Comirnaty,17.65,23:56:50,2,8,130.87
2026-08-20,Comirnaty,17.99,23:57:20,2,8,130.88
2026-08-20,Comirnaty,7.75,23:57:50,2,8,0.0
2026-08-20,Comirnaty,4.65,23:58:20,2,8,0.0
2026-08-20,Comirnaty,7.52,23:58:50,2,8,0.0
2026-08-20,Comirnaty,17.69,23:59:20,2,8,130.92
2026-08-20,Comirnaty,12.3,23:59:50,2,8,130.93
2026-08-20,Comirnaty,16.48,00:00:20,2,8,130.94
2026-08-20,Comirnaty,4.13,00:00:50,2,8,0.0
2026-08-20,Comirnaty,6.83,00:01:20,2,8,0.0
2026-08-20,Comirnaty,10.54,00:01:50,2,8,130.97
2026-08-20,Comirnaty,5.53,00:02:20,2,8,0.0
2026-08-20,Comirnaty,10.79,00:02:50,2,8,131.0
2026-08-20,Comirnaty,14.12,00:03:20,2,8,131.01
2026-08-20,Comirnaty,9.09,00:03:50,2,8,131.02
2026-08-20,Comirnaty,3.74,00:04:20,2,8,0.0
2026-08-20,Comirnaty,7.76,00:04:50,2,8,0.0
2026-08-20,Comirnaty,16.96,00:05:20,2,8,131.05
2026-08-20,Comirnaty,12.27,00:05:50,2,8,131.06
2026-08-20,Comirnaty,7.63,00:06:20,2,8,0.0
2026-08-20,Comirnaty,4.19,00:06:50,2,8,0.0
2026-08-20,Comirnaty,5.97,00:07:20,2,8,0.0
2026-08-20,Comirnaty,14.37,00:07:50,2,8,131.1
2026-08-20,Comirnaty,16.73,00:08:20,2,8,131.12
2026-08-20,Comirnaty,17.88,00:08:50,2,8,131.13
2026-08-20,Comirnaty,13.7,00:09:20,2,8,131.14
2026-08-20,Comirnaty,4.22,00:09:50,2,8,0.0
2026-08-20,Comirnaty,13.35,00:10:20,2,8,131.16
2026-08-20,Comirnaty,17.03,00:10:50,2,8,131.17
2026-08-20,Comirnaty,17.32,00:11:20,2,8,131.18
2026-08-20,Comirnaty,15.31,00:11:50,2,8,131.19
2026-08-20,Comirnaty,13.89,00:12:20,2,8,131.2
2026-08-20,Comirnaty,16.59,00:12:50,2,8,131.21
2026-08-20,Comirnaty,5.16,00:13:20,2,8,0.0
2026-08-20,Comirnaty,13.65,00:13:50,2,8,131.24
2026-08-20,Comirnaty,13.86,00:14:20,2,8,131.25
2026-08-20,Comirnaty,16.69,00:14:50,2,8,131.26
2026-08-20,Comirnaty,4.96,00:15:20,2,8,0.0
2026-08-20,Comirnaty,12.66,00:15:50,2,8,131.28
2026-08-20,Comirnaty,14.55,00:16:20,2,8,131.29
2026-08-20,Comirnaty,3.84,00:16:50,2,8,0.0
2026-08-20,Comirnaty,14.94,00:17:20,2,8,131.31
2026-08-20,Comirnaty,3.73,00:17:50,2,8,0.0
2026-08-20,Comirnaty,16.55,00:18:20,2,8,131.33
2026-08-20,Comirnaty,5.1,00:18:50,2,8,0.0
2026-08-20,Comirnaty,15.01,00:19:20,2,8,131.35
2026-08-20,Comirnaty,13.02,00:19:50,2,8,131.37
2026-08-20,Comirnaty,13.69,00:20:20,2,8,131.38
2026-08-20,Comirnaty,3.66,00:20:50,2,8,0.0
2026-08-20,Comirnaty,12.31,00:21:20,2,8,131.4
2026-08-20,Comirnaty,5.79,00:21:50,2,8,0.0
2026-08-20,Comirnaty,16.92,00:22:20,2,8,131.42
2026-08-20,Comirnaty,4.28,00:22:50,2,8,0.0
2026-08-20,Comirnaty,16.8,00:23:20,2,8,131.44
2026-08-20,Comirnaty,6.03,00:23:50,2,8,0.0
2026-08-20,Comirnaty,7.41,00:24:20,2,8,0.0
2026-08-20,Comirnaty,4.11,00:24:50,2,8,0.0
2026-08-20,Comirnaty,17.56,00:25:20,2,8,131.48
2026-08-20,Comirnaty,14.76,00:25:50,2,8,131.5
2026-08-20,Comirnaty,13.57,00:26:20,2,8,131.51
2026-08-20,Comirnaty,17.1,00:26:50,2,8,131.52
2026-08-20,Comirnaty,17.64,00:27:20,2,8,131.53
2026-08-20,Comirnaty,3.03,00:27:50,2,8,0.0
2026-08-20,Comirnaty,15.91,00:28:20,2,8,131.55
2026-08-20,Comirnaty,16.02,00:28:50,2,8,131.56
2026-08-20,Comirnaty,3.32,00:29:20,2,8,0.0
2026-08-20,Comirnaty,2.31,00:29:50,2,8,0.0
2026-08-20,Comirnaty,16.1,00:30:20,2,8,131.59
2026-08-20,Comirnaty,6.42,00:30:50,2,8,0.0
2026-08-20,Comirnaty,14.89,00:31:20,2,8,131.61
2026-08-20,Comirnaty,14.65,00:31:50,2,8,131.62
2026-08-20,Comirnaty,11.19,00:32:20,2,8,131.64
2026-08-20,Comirnaty,3.41,00:32:50,2,8,0.0
2026-08-20,Comirnaty,9.85,00:33:20,2,8,131.66
2026-08-20,Comirnaty,17.71,00:33:50,2,8,131.67
2026-08-20,Comirnaty,3.11,00:34:20,2,8,0.0
2026-08-20,Comirnaty,13.41,00:34:50,2,8,131.69
2026-08-20,Comirnaty,15.6,00:35:20,2,8,131.7
2026-08-20,Comirnaty,11.56,00:35:50,2,8,131.71
2026-08-20,Comirnaty,5.94,00:36:20,2,8,0.0
2026-08-20,Comirnaty,16.89,00:36:50,2,8,131.73
2026-08-20,Comirnaty,16.4,00:37:20,2,8,131.74
2026-08-20,Comirnaty,10.29,00:37:50,2,8,131.75
2026-08-20,Comirnaty,5.62,00:38:20,2,8,0.0
2026-08-20,Comirnaty,14.44,00:38:50,2,8,131.78
2026-08-20,Comirnaty,9.11,00:39:20,2,8,131.79
2026-08-20,Comirnaty,15.01,00:39:50,2,8,131.8
2026-08-20,Comirnaty,16.14,00:40:20,2,8,131.81
2026-08-20,Comirnaty,6.48,00:40:50,2,8,0.0
2026-08-20,Comirnaty,9.46,00:41:20,2,8,131.83
2026-08-20,Comirnaty,2.26,00:41:50,2,8,0.0
2026-08-20,Comirnaty,16.46,00:42:20,2,8,131.85
2026-08-20,Comirnaty,3.11,00:42:50,2,8,0.0
2026-08-20,Comirnaty,9.56,00:43:20,2,8,131.87
2026-08-20,Comirnaty,10.48,00:43:50,2,8,131.89
2026-08-20,Comirnaty,14.53,00:44:20,2,8,131.9
2026-08-20,Comirnaty,9.96,00:44:50,2,8,131.91
2026-08-20,Comirnaty,14.36,00:45:20,2,8,131.92
2026-08-20,Comirnaty,10.09,00:45:50,2,8,131.93
2026-08-20,Comirnaty,13.79,00:46:20,2,8,131.94
2026-08-20,Comirnaty,11.48,00:46:50,2,8,131.95
2026-08-20,Comirnaty,6.67,00:47:20,2,8,0.0
2026-08-20,Comirnaty,11.69,00:47:50,2,8,131.97
2026-08-20,Comirnaty,12.61,00:48:20,2,8,131.98
2026-08-20,Comirnaty,16.51,00:48:50,2,8,131.99
2026-08-20,Comirnaty,13.8,00:49:20,2,8,132.0
2026-08-20,Comirnaty,3.4,00:49:50,2,8,0.0
2026-08-20,Comirnaty,16.89,00:50:20,2,8,132.03
2026-08-20,Comirnaty,3.07,00:50:50,2,8,0.0
2026-08-20,Comirnaty,16.18,00:51:20,2,8,132.05
2026-08-20,Comirnaty,2.77,00:51:50,2,8,0.0
2026-08-20,Comirnaty,9.44,00:52:20,2,8,132.07
2026-08-20,Comirnaty,10.04,00:52:50,2,8,132.08
2026-08-20,Comirnaty,17.32,00:53:20,2,8,132.09
2026-08-20,Comirnaty,12.86,00:53:50,2,8,132.1
2026-08-20,Comirnaty,9.33,00:54:20,2,8,132.11
2026-08-20,Comirnaty,10.78,00:54:50,2,8,132.12
2026-08-20,Comirnaty,9.26,00:55:20,2,8,132.13
2026-08-20,Comirnaty,4.36,00:55:50,2,8,0.0
2026-08-20,Comirnaty,12.69,00:56:20,2,8,132.16
2026-08-20,Comirnaty,10.72,00:56:50,2,8,132.17
2026-08-20,Comirnaty,5.67,00:57:20,2,8,0.0
2026-08-20,Comirnaty,5.68,00:57:50,2,8,0.0
2026-08-20,Comirnaty,5.14,00:58:20,2,8,0.0
2026-08-20,Comirnaty,2.61,00:58:50,2,8,0.0
2026-08-20,Comirnaty,11.63,00:59:20,2,8,132.22
2026-08-20,Comirnaty,2.15,00:59:50,2,8,0.0
2026-08-20,Comirnaty,15.59,01:00:20,2,8,132.24
2026-08-20,Comirnaty,4.33,01:00:50,2,8,0.0
2026-08-20,Comirnaty,10.0,01:01:20,2,8,132.26
2026-08-20,Comirnaty,13.8,01:01:50,2,8,132.28
2026-08-20,Comirnaty,17.91,01:02:20,2,8,132.29
2026-08-20,Comirnaty,16.28,01:02:50,2,8,132.3
2026-08-20,Comirnaty,15.81,01:03:20,2,8,132.31
2026-08-20,Comirnaty,4.36,01:03:50,2,8,0.0
2026-08-20,Comirnaty,11.22,01:04:20,2,8,132.33
2026-08-20,Comirnaty,10.75,01:04:50,2,8,132.34
2026-08-20,Comirnaty,9.98,01:05:20,2,8,132.35
2026-08-20,Comirnaty,16.78,01:05:50,2,8,132.36
2026-08-20,Comirnaty,11.76,01:06:20,2,8,132.37
2026-08-20,Comirnaty,7.39,01:06:50,2,8,0.0
2026-08-20,Comirnaty,9.78,01:07:20,2,8,132.39
2026-08-20,Comirnaty,6.65,01:07:50,2,8,0.0
2026-08-20,Comirnaty,6.98,01:08:20,2,8,0.0
2026-08-20,Comirnaty,11.77,01:08:50,2,8,132.43
2026-08-20,Comirnaty,14.74,01:09:20,2,8,132.44
2026-08-20,Comirnaty,2.07,01:09:50,2,8,0.0
2026-08-20,Comirnaty,10.44,01:10:20,2,8,132.46
2026-08-20,Comirnaty,5.51,01:10:50,2,8,0.0
2026-08-20,Comirnaty,12.26,01:11:20,2,8,132.48
2026-08-20,Comirnaty,5.08,01:11:50,2,8,0.0
2026-08-20,Comirnaty,12.08,01:12:20,2,8,132.5
2026-08-20,Comirnaty,12.09,01:12:50,2,8,132.51
2026-08-20,Comirnaty,2.19,01:13:20,2,8,0.0
2026-08-20,Comirnaty,17.21,01:13:50,2,8,132.53
2026-08-20,Comirnaty,12.92,01:14:20,2,8,132.55
2026-08-20,Comirnaty,14.83,01:14:50,2,8,132.56
2026-08-20,Comirnaty,7.81,01:15:20,2,8,0.0
2026-08-20,Comirnaty,4.52,01:15:50,2,8,0.0
2026-08-20,Comirnaty,16.64,01:16:20,2,8,132.59
2026-08-20,Comirnaty,10.74,01:16:50,2,8,132.6
2026-08-20,Comirnaty,11.45,01:17:20,2,8,132.61
2026-08-20,Comirnaty,10.18,01:17:50,2,8,132.62
2026-08-20,Comirnaty,4.08,01:18:20,2,8,0.0
2026-08-20,Comirnaty,6.62,01:18:50,2,8,0.0
2026-08-20,Comirnaty,10.93,01:19:20,2,8,132.65
2026-08-20,Comirnaty,13.14,01:19:50,2,8,132.66
2026-08-20,Comirnaty,2.55,01:20:20,2,8,0.0
2026-08-20,Comirnaty,15.81,01:20:50,2,8,132.69
2026-08-20,Comirnaty,3.92,01:21:20,2,8,0.0
2026-08-20,Comirnaty,17.89,01:21:50,2,8,132.71
2026-08-20,Comirnaty,12.61,01:22:20,2,8,132.72
2026-08-20,Comirnaty,4.93,01:22:50,2,8,0.0
2026-08-20,Comirnaty,10.15,01:23:20,2,8,132.74
2026-08-20,Comirnaty,17.35,01:23:50,2,8,132.75
2026-08-20,Comirnaty,9.38,01:24:20,2,8,132.76
2026-08-20,Comirnaty,6.12,01:24:50,2,8,0.0
2026-08-20,Comirnaty,12.37,01:25:20,2,8,132.78
2026-08-20,Comirnaty,11.79,01:25:50,2,8,132.8
2026-08-20,Comirnaty,6.05,01:26:20,2,8,0.0
2026-08-20,Comirnaty,16.58,01:26:50,2,8,132.82
2026-08-20,Comirnaty,6.86,01:27:20,2,8,0.0
2026-08-20,Comirnaty,3.16,01:27:50,2,8,0.0
2026-08-20,Comirnaty,3.32,01:28:20,2,8,0.0
2026-08-20,Comirnaty,15.22,01:28:50,2,8,132.86
2026-08-20,Comirnaty,3.43,01:29:20,2,8,0.0
2026-08-20,Comirnaty,9.37,01:29:50,2,8,132.88
2026-08-20,Comirnaty,4.02,01:30:20,2,8,0.0
2026-08-20,Comirnaty,10.69,01:30:50,2,8,132.9
2026-08-20,Comirnaty,17.9,01:31:20,2,8,132.91
2026-08-20,Comirnaty,17.75,01:31:50,2,8,132.93
2026-08-20,Comirnaty,2.29,01:32:20,2,8,0.0
2026-08-20,Comirnaty,13.64,01:32:50,2,8,132.95
2026-08-20,Comirnaty,11.4,01:33:20,2,8,132.96
2026-08-20,Comirnaty,6.66,01:33:50,2,8,0.0
2026-08-20,Comirnaty,10.22,01:34:20,2,8,132.98
2026-08-20,Comirnaty,5.46,01:34:50,2,8,0.0
2026-08-20,Comirnaty,14.68,01:35:20,2,8,133.0
2026-08-20,Comirnaty,2.1,01:35:50,2,8,0.0
2026-08-20,Comirnaty,17.96,01:36:20,2,8,133.02
2026-08-20,Comirnaty,6.58,01:36:50,2,8,0.0
2026-08-20,Comirnaty,13.34,01:37:20,2,8,133.04
2026-08-20,Comirnaty,5.08,01:37:50,2,8,0.0
2026-08-20,Comirnaty,6.6,01:38:20,2,8,0.0
2026-08-20,Comirnaty,12.53,01:38:50,2,8,133.08
2026-08-20,Comirnaty,14.69,01:39:20,2,8,133.09
2026-08-20,Comirnaty,15.73,01:39:50,2,8,133.1
2026-08-20,Comirnaty,9.59,01:40:20,2,8,133.11
2026-08-20,Comirnaty,3.41,01:40:50,2,8,0.0
2026-08-20,Comirnaty,2.72,01:41:20,2,8,0.0
2026-08-20,Comirnaty,10.83,01:41:50,2,8,133.14
2026-08-20,Comirnaty,17.83,01:42:20,2,8,133.15
2026-08-20,Comirnaty,3.6,01:42:50,2,8,0.0
2026-08-20,Comirnaty,6.86,01:43:20,2,8,0.0
2026-08-20,Comirnaty,12.83,01:43:50,2,8,133.19
2026-08-20,Comirnaty,11.88,01:44:20,2,8,133.2
2026-08-20,Comirnaty,10.34,01:44:50,2,8,133.21
2026-08-20,Comirnaty,12.06,01:45:20,2,8,133.22
2026-08-20,Comirnaty,13.28,01:45:50,2,8,133.23
2026-08-20,Comirnaty,10.65,01:46:20,2,8,133.24
2026-08-20,Comirnaty,13.69,01:46:50,2,8,133.25
2026-08-20,Comirnaty,17.35,01:47:20,2,8,133.26
2026-08-20,Comirnaty,5.7,01:47:50,2,8,0.0
2026-08-20,Comirnaty,7.84,01:48:20,2,8,0.0
2026-08-20,Comirnaty,9.99,01:48:50,2,8,133.29
2026-08-20,Comirnaty,17.58,01:49:20,2,8,133.3
2026-08-20,Comirnaty,10.89,01:49:50,2,8,133.31
2026-08-20,Comirnaty,2.76,01:50:20,2,8,0.0
2026-08-20,Comirnaty,6.08,01:50:50,2,8,0.0
2026-08-20,Comirnaty,2.34,01:51:20,2,8,0.0
2026-08-20,Comirnaty,2.0,01:51:50,2,8,0.0
2026-08-20,Comirnaty,11.41,01:52:20,2,8,133.37
2026-08-20,Comirnaty,11.05,01:52:50,2,8,133.38
2026-08-20,Comirnaty,16.1,01:53:20,2,8,133.39
2026-08-20,Comirnaty,12.55,01:53:50,2,8,133.4
2026-08-20,Comirnaty,10.03,01:54:20,2,8,133.41
2026-08-20,Comirnaty,14.66,01:54:50,2,8,133.42
2026-08-20,Comirnaty,10.0,01:55:20,2,8,133.43
2026-08-20,Comirnaty,5.43,01:55:50,2,8,0.0
2026-08-20,Comirnaty,13.75,01:56:20,2,8,133.46
2026-08-20,Comirnaty,17.12,01:56:50,2,8,133.47
2026-08-20,Comirnaty,14.85,01:57:20,2,8,133.48
2026-08-20,Comirnaty,9.36,01:57:50,2,8,133.49
2026-08-20,Comirnaty,5.24,01:58:20,2,8,0.0
2026-08-20,Comirnaty,2.62,01:58:50,2,8,0.0
2026-08-20,Comirnaty,9.83,01:59:20,2,8,133.52
2026-08-20,Comirnaty,2.57,01:59:50,2,8,0.0
2026-08-20,Comirnaty,14.65,02:00:20,2,8,133.54
2026-08-20,Comirnaty,10.22,02:00:50,2,8,133.55
2026-08-20,Comirnaty,4.61,02:01:20,2,8,0.0
2026-08-20,Comirnaty,5.67,02:01:50,2,8,0.0
2026-08-20,Comirnaty,14.09,02:02:20,2,8,133.59
2026-08-20,Comirnaty,15.54,02:02:50,2,8,133.6
2026-08-20,Comirnaty,16.56,02:03:20,2,8,133.61
2026-08-20,Comirnaty,4.1,02:03:50,2,8,0.0
2026-08-20,Comirnaty,6.46,02:04:20,2,8,0.0
2026-08-20,Comirnaty,4.65,02:04:50,2,8,0.0
2026-08-20,Comirnaty,13.19,02:05:20,2,8,133.65
2026-08-20,Comirnaty,5.4,02:05:50,2,8,0.0
2026-08-20,Comirnaty,4.24,02:06:20,2,8,0.0
2026-08-20,Comirnaty,4.48,02:06:50,2,8,0.0
2026-08-20,Comirnaty,14.52,02:07:20,2,8,133.69
2026-08-20,Comirnaty,5.85,02:07:50,2,8,0.0
2026-08-20,Comirnaty,3.32,02:08:20,2,8,0.0
2026-08-20,Comirnaty,4.71,02:08:50,2,8,0.0
2026-08-20,Comirnaty,16.2,02:09:20,2,8,133.74
2026-08-20,Comirnaty,15.67,02:09:50,2,8,133.75
2026-08-20,Comirnaty,6.04,02:10:20,2,8,0.0
2026-08-20,Comirnaty,17.8,02:10:50,2,8,133.77
2026-08-20,Comirnaty,16.21,02:11:20,2,8,133.78
2026-08-20,Comirnaty,10.92,02:11:50,2,8,133.79
2026-08-20,Comirnaty,9.9,02:12:20,2,8,133.8
2026-08-20,Comirnaty,12.28,02:12:50,2,8,133.81
2026-08-20,Comirnaty,4.04,02:13:20,2,8,0.0
2026-08-20,Comirnaty,15.4,02:13:50,2,8,133.84
2026-08-20,Comirnaty,12.35,02:14:20,2,8,133.85
2026-08-20,Comirnaty,17.15,02:14:50,2,8,133.86
2026-08-20,Comirnaty,4.74,02:15:20,2,8,0.0
2026-08-20,Comirnaty,16.08,02:15:50,2,8,133.88
2026-08-20,Comirnaty,6.54,02:16:20,2,8,0.0
2026-08-20,Comirnaty,11.96,02:16:50,2,8,133.9
2026-08-20,Comirnaty,2.16,02:17:20,2,8,0.0
2026-08-20,Comirnaty,15.74,02:17:50,2,8,133.92
2026-08-20,Comirnaty,2.88,02:18:20,2,8,0.0
2026-08-20,Comirnaty,7.56,02:18:50,2,8,0.0
2026-08-20,Comirnaty,15.2,02:19:20,2,8,133.95
2026-08-20,Comirnaty,2.91,02:19:50,2,8,0.0
2026-08-20,Comirnaty,15.37,02:20:20,2,8,133.98
2026-08-20,Comirnaty,9.51,02:20:50,2,8,133.99
2026-08-20,Comirnaty,6.42,02:21:20,2,8,0.0
2026-08-20,Comirnaty,5.85,02:21:50,2,8,0.0
2026-08-20,Comirnaty,13.4,02:22:20,2,8,134.02
2026-08-20,Comirnaty,12.26,02:22:50,2,8,134.03
2026-08-20,Comirnaty,10.97,02:23:20,2,8,134.04
2026-08-20,Comirnaty,17.07,02:23:50,2,8,134.05
2026-08-20,Comirnaty,11.57,02:24:20,2,8,134.06
2026-08-20,Comirnaty,15.34,02:24:50,2,8,134.07
2026-08-20,Comirnaty,9.95,02:25:20,2,8,134.08
2026-08-20,Comirnaty,10.47,02:25:50,2,8,134.09
2026-08-20,Comirnaty,13.13,02:26:20,2,8,134.11
2026-08-20,Comirnaty,17.73,02:26:50,2,8,134.12
2026-08-20,Comirnaty,17.92,02:27:20,2,8,134.13
2026-08-20,Comirnaty,4.17,02:27:50,2,8,0.0
2026-08-20,Comirnaty,4.7,02:28:20,2,8,0.0
2026-08-20,Comirnaty,15.44,02:28:50,2,8,134.16
2026-08-20,Comirnaty,3.93,02:29:20,2,8,0.0
2026-08-20,Comirnaty,15.98,02:29:50,2,8,134.18
2026-08-20,Comirnaty,12.17,02:30:20,2,8,134.19
2026-08-20,Comirnaty,7.31,02:30:50,2,8,0.0
2026-08-20,Comirnaty,9.77,02:31:20,2,8,134.21
2026-08-20,Comirnaty,2.86,02:31:50,2,8,0.0
2026-08-20,Comirnaty,7.34,02:32:20,2,8,0.0
2026-08-20,Comirnaty,10.67,02:32:50,2,8,134.25
2026-08-20,Comirnaty,7.11,02:33:20,2,8,0.0
2026-08-20,Comirnaty,2.09,02:33:50,2,8,0.0
2026-08-20,Comirnaty,14.57,02:34:20,2,8,134.28
2026-08-20,Comirnaty,3.6,02:34:50,2,8,0.0
2026-08-20,Comirnaty,13.93,02:35:20,2,8,134.3
2026-08-20,Comirnaty,5.53,02:35:50,2,8,0.0
2026-08-20,Comirnaty,11.91,02:36:20,2,8,134.32
2026-08-20,Comirnaty,6.34,02:36:50,2,8,0.0
2026-08-20,Comirnaty,12.27,02:37:20,2,8,134.34
2026-08-20,Comirnaty,10.86,02:37:50,2,8,134.35
2026-08-20,Comirnaty,4.39,02:38:20,2,8,0.0
2026-08-20,Comirnaty,13.95,02:38:50,2,8,134.38
2026-08-20,Comirnaty,2.54,02:39:20,2,8,0.0
2026-08-20,Comirnaty,2.79,02:39:50,2,8,0.0
2026-08-20,Comirnaty,7.41,02:40:20,2,8,0.0
2026-08-20,Comirnaty,10.66,02:40:50,2,8,134.42
2026-08-20,Comirnaty,13.32,02:41:20,2,8,134.43
2026-08-20,Comirnaty,9.01,02:41:50,2,8,134.44
2026-08-20,Comirnaty,17.89,02:42:20,2,8,134.45
2026-08-20,Comirnaty,10.83,02:42:50,2,8,134.46
2026-08-20,Comirnaty,4.36,02:43:20,2,8,0.0
2026-08-20,Comirnaty,5.49,02:43:50,2,8,0.0
2026-08-20,Comirnaty,12.01,02:44:20,2,8,134.5
2026-08-20,Comirnaty,16.43,02:44:50,2,8,134.51
2026-08-20,Comirnaty,10.76,02:45:20,2,8,134.52
2026-08-20,Comirnaty,12.29,02:45:50,2,8,134.53
2026-08-20,Comirnaty,4.47,02:46:20,2,8,0.0
2026-08-20,Comirnaty,17.19,02:46:50,2,8,134.55
2026-08-20,Comirnaty,2.49,02:47:20,2,8,0.0
2026-08-20,Comirnaty,14.76,02:47:50,2,8,134.57
2026-08-20,Comirnaty,14.77,02:48:20,2,8,134.58
2026-08-20,Comirnaty,5.69,02:48:50,2,8,0.0
2026-08-20,Comirnaty,13.17,02:49:20,2,8,134.6
2026-08-20,Comirnaty,12.04,02:49:50,2,8,134.62
2026-08-20,Comirnaty,13.36,02:50:20,2,8,134.63
2026-08-20,Comirnaty,16.48,02:50:50,2,8,134.64
2026-08-20,Comirnaty,14.72,02:51:20,2,8,134.65
2026-08-20,Comirnaty,15.92,02:51:50,2,8,134.66
2026-08-20,Comirnaty,4.85,02:52:20,2,8,0.0
2026-08-20,Comirnaty,11.49,02:52:50,2,8,134.68
2026-08-20,Comirnaty,15.99,02:53:20,2,8,134.69
2026-08-20,Comirnaty,10.01,02:53:50,2,8,134.7
2026-08-20,Comirnaty,4.44,02:54:20,2,8,0.0
2026-08-20,Comirnaty,12.71,02:54:50,2,8,134.72
2026-08-20,Comirnaty,16.95,02:55:20,2,8,134.73
2026-08-20,Comirnaty,12.49,02:55:50,2,8,134.75
2026-08-20,Comirnaty,14.91,02:56:20,2,8,134.76
2026-08-20,Comirnaty,7.98,02:56:50,2,8,0.0
2026-08-20,Comirnaty,9.24,02:57:20,2,8,134.78
2026-08-20,Comirnaty,10.71,02:57:50,2,8,134.79
2026-08-20,Comirnaty,4.47,02:58:20,2,8,0.0
2026-08-20,Comirnaty,10.71,02:58:50,2,8,134.81
2026-08-20,Comirnaty,7.43,02:59:20,2,8,0.0
2026-08-20,Comirnaty,11.17,02:59:50,2,8,134.83
2026-08-20,Comirnaty,4.69,03:00:20,2,8,0.0
2026-08-20,Comirnaty,10.97,03:00:50,2,8,134.85
2026-08-20,Comirnaty,16.61,03:01:20,2,8,134.86
2026-08-20,Comirnaty,12.59,03:01:50,2,8,134.88
2026-08-20,Comirnaty,11.09,03:02:20,2,8,134.89
2026-08-20,Comirnaty,4.67,03:02:50,2,8,0.0
2026-08-20,Comirnaty,17.67,03:03:20,2,8,134.91
2026-08-20,Comirnaty,11.14,03:03:50,2,8,134.92
2026-08-20,Comirnaty,15.01,03:04:20,2,8,134.93
2026-08-20,Comirnaty,2.73,03:04:50,2,8,0.0
2026-08-20,Comirnaty,17.89,03:05:20,2,8,134.95
2026-08-20,Comirnaty,3.72,03:05:50,2,8,0.0
2026-08-20,Comirnaty,14.49,03:06:20,2,8,134.97
2026-08-20,Comirnaty,11.76,03:06:50,2,8,134.98
2026-08-20,Comirnaty,15.68,03:07:20,2,8,134.99
2026-08-20,Comirnaty,4.04,03:07:50,2,8,0.0
2026-08-20,Comirnaty,12.25,03:08:20,2,8,135.02
2026-08-20,Comirnaty,12.36,03:08:50,2,8,135.03
2026-08-20,Comirnaty,7.78,03:09:20,2,8,0.0
2026-08-20,Comirnaty,5.0,03:09:50,2,8,0.0
2026-08-20,Comirnaty,13.39,03:10:20,2,8,135.06
2026-08-20,Comirnaty,9.17,03:10:50,2,8,135.07
2026-08-20,Comirnaty,15.75,03:11:20,2,8,135.08
2026-08-20,Comirnaty,4.92,03:11:50,2,8,0.0
2026-08-20,Comirnaty,5.18,03:12:20,2,8,0.0
2026-08-20,Comirnaty,7.52,03:12:50,2,8,0.0
2026-08-20,Comirnaty,6.81,03:13:20,2,8,0.0
2026-08-20,Comirnaty,10.93,03:13:50,2,8,135.14
2026-08-20,Comirnaty,14.61,03:14:20,2,8,135.15
2026-08-20,Comirnaty,7.45,03:14:50,2,8,0.0
2026-08-20,Comirnaty,10.63,03:15:20,2,8,135.17
2026-08-20,Comirnaty,14.09,03:15:50,2,8,135.18
2026-08-20,Comirnaty,14.38,03:16:20,2,8,135.19
2026-08-20,Comirnaty,14.55,03:16:50,2,8,135.2
2026-08-20,Comirnaty,10.86,03:17:20,2,8,135.21
2026-08-20,Comirnaty,6.52,03:17:50,2,8,0.0
2026-08-20,Comirnaty,12.04,03:18:20,2,8,135.23
2026-08-20,Comirnaty,9.26,03:18:50,2,8,135.24
2026-08-20,Comirnaty,15.23,03:19:20,2,8,135.25
2026-08-20,Comirnaty,17.37,03:19:50,2,8,135.27
2026-08-20,Comirnaty,2.2,03:20:20,2,8,0.0
2026-08-20,Comirnaty,5.34,03:20:50,2,8,0.0
2026-08-20,Comirnaty,12.31,03:21:20,2,8,135.3
2026-08-20,Comirnaty,2.73,03:21:50,2,8,0.0
2026-08-20,Comirnaty,3.77,03:22:20,2,8,0.0
2026-08-20,Comirnaty,10.11,03:22:50,2,8,135.33
2026-08-20,Comirnaty,4.21,03:23:20,2,8,0.0
2026-08-20,Comirnaty,6.74,03:23:50,2,8,0.0
2026-08-20,Comirnaty,14.68,03:24:20,2,8,135.36
2026-08-20,Comirnaty,16.28,03:24:50,2,8,135.37
2026-08-20,Comirnaty,5.77,03:25:20,2,8,0.0
2026-08-20,Comirnaty,15.82,03:25:50,2,8,135.4
2026-08-20,Comirnaty,4.11,03:26:20,2,8,0.0
2026-08-20,Comirnaty,4.75,03:26:50,2,8,0.0
2026-08-20,Comirnaty,2.46,03:27:20,2,8,0.0
2026-08-20,Comirnaty,6.39,03:27:50,2,8,0.0
2026-08-20,Comirnaty,2.97,03:28:20,2,8,0.0
2026-08-20,Comirnaty,14.26,03:28:50,2,8,135.46
2026-08-20,Comirnaty,16.37,03:29:20,2,8,135.47
2026-08-20,Comirnaty,6.2,03:29:50,2,8,0.0
2026-08-20,Comirnaty,11.3,03:30:20,2,8,135.49
2026-08-20,Comirnaty,17.34,03:30:50,2,8,135.5
2026-08-20,Comirnaty,5.18,03:31:20,2,8,0.0
2026-08-20,Comirnaty,6.96,03:31:50,2,8,0.0
2026-08-20,Comirnaty,4.02,03:32:20,2,8,0.0
2026-08-20,Comirnaty,4.75,03:32:50,2,8,0.0
2026-08-20,Comirnaty,10.24,03:33:20,2,8,135.56
2026-08-20,Comirnaty,14.34,03:33:50,2,8,135.57
2026-08-20,Comirnaty,3.12,03:34:20,2,8,0.0
2026-08-20,Comirnaty,5.19,03:34:50,2,8,0.0
2026-08-20,Comirnaty,16.51,03:35:20,2,8,135.6
2026-08-20,Comirnaty,15.05,03:35:50,2,8,135.61
2026-08-20,Comirnaty,4.64,03:36:20,2,8,0.0
2026-08-20,Comirnaty,16.32,03:36:50,2,8,135.63
2026-08-20,Comirnaty,6.69,03:37:20,2,8,0.0
2026-08-20,Comirnaty,5.49,03:37:50,2,8,0.0
2026-08-20,Comirnaty,5.21,03:38:20,2,8,0.0
2026-08-20,Comirnaty,17.18,03:38:50,2,8,135.68
2026-08-20,Comirnaty,12.25,03:39:20,2,8,135.69
2026-08-20,Comirnaty,11.05,03:39:50,2,8,135.7
2026-08-20,Comirnaty,2.7,03:40:20,2,8,0.0
2026-08-20,Comirnaty,9.22,03:40:50,2,8,135.72
2026-08-20,Comirnaty,4.14,03:41:20,2,8,0.0
2026-08-20,Comirnaty,6.41,03:41:50,2,8,0.0
2026-08-20,Comirnaty,16.48,03:42:20,2,8,135.75
2026-08-20,Comirnaty,13.18,03:42:50,2,8,135.76
2026-08-20,Comirnaty,4.58,03:43:20,2,8,0.0
2026-08-20,Comirnaty,16.88,03:43:50,2,8,135.78
2026-08-20,Comirnaty,4.97,03:44:20,2,8,0.0
2026-08-20,Comirnaty,12.51,03:44:50,2,8,135.81
2026-08-20,Comirnaty,14.71,03:45:20,2,8,135.82
2026-08-20,Comirnaty,7.89,03:45:50,2,8,0.0
2026-08-20,Comirnaty,12.4,03:46:20,2,8,135.84
2026-08-20,Comirnaty,15.39,03:46:50,2,8,135.85
2026-08-20,Comirnaty,3.77,03:47:20,2,8,0.0
2026-08-20,Comirnaty,5.81,03:47:50,2,8,0.0
2026-08-20,Comirnaty,12.29,03:48:20,2,8,135.88
2026-08-20,Comirnaty,13.85,03:48:50,2,8,135.89
2026-08-20,Comirnaty,4.5,03:49:20,2,8,0.0
2026-08-20,Comirnaty,6.44,03:49:50,2,8,0.0
2026-08-20,Comirnaty,2.68,03:50:20,2,8,0.0
2026-08-20,Comirnaty,4.51,03:50:50,2,8,0.0
2026-08-20,Comirnaty,5.83,03:51:20,2,8,0.0
2026-08-20,Comirnaty,2.18,03:51:50,2,8,0.0
2026-08-20,Comirnaty,14.61,03:52:20,2,8,135.97
2026-08-20,Comirnaty,6.54,03:52:50,2,8,0.0
2026-08-20,Comirnaty,3.17,03:53:20,2,8,0.0
2026-08-20,Comirnaty,11.97,03:53:50,2,8,136.0
2026-08-20,Comirnaty,4.37,03:54:20,2,8,0.0
2026-08-20,Comirnaty,3.24,03:54:50,2,8,0.0
2026-08-20,Comirnaty,13.07,03:55:20,2,8,136.03
2026-08-20,Comirnaty,2.56,03:55:50,2,8,0.0
2026-08-20,Comirnaty,13.91,03:56:20,2,8,136.06
2026-08-20,Comirnaty,16.79,03:56:50,2,8,136.07
2026-08-20,Comirnaty,11.07,03:57:20,2,8,136.08
2026-08-20,Comirnaty,2.55,03:57:50,2,8,0.0
2026-08-20,Comirnaty,6.82,03:58:20,2,8,0.0
2026-08-20,Comirnaty,12.84,03:58:50,2,8,136.11
2026-08-20,Comirnaty,13.44,03:59:20,2,8,136.12
2026-08-20,Comirnaty,4.46,03:59:50,2,8,0.0
2026-08-20,Comirnaty,4.87,04:00:20,2,8,0.0
2026-08-20,Comirnaty,2.66,04:00:50,2,8,0.0
2026-08-20,Comirnaty,7.86,04:01:20,2,8,0.0
2026-08-20,Comirnaty,16.32,04:01:50,2,8,136.18
2026-08-20,Comirnaty,17.57,04:02:20,2,8,136.19
2026-08-20,Comirnaty,16.48,04:02:50,2,8,136.2
2026-08-20,Comirnaty,6.35,04:03:20,2,8,0.0
2026-08-20,Comirnaty,3.94,04:03:50,2,8,0.0
2026-08-20,Comirnaty,7.66,04:04:20,2,8,0.0
2026-08-20,Comirnaty,16.66,04:04:50,2,8,136.24
2026-08-20,Comirnaty,9.13,04:05:20,2,8,136.25
2026-08-20,Comirnaty,10.42,04:05:50,2,8,136.26
2026-08-20,Comirnaty,12.73,04:06:20,2,8,136.27
2026-08-20,Comirnaty,5.6,04:06:50,2,8,0.0
2026-08-20,Comirnaty,3.68,04:07:20,2,8,0.0
2026-08-20,Comirnaty,7.57,04:07:50,2,8,0.0
2026-08-20,Comirnaty,3.54,04:08:20,2,8,0.0
2026-08-20,Comirnaty,14.02,04:08:50,2,8,136.33
2026-08-20,Comirnaty,11.97,04:09:20,2,8,136.34
2026-08-20,Comirnaty,14.9,04:09:50,2,8,136.35
2026-08-20,Comirnaty,2.18,04:10:20,2,8,0.0
2026-08-20,Comirnaty,10.17,04:10:50,2,8,136.37
2026-08-20,Comirnaty,7.64,04:11:20,2,8,0.0
2026-08-20,Comirnaty,15.54,04:11:50,2,8,136.39
2026-08-20,Comirnaty,13.48,04:12:20,2,8,136.4
2026-08-20,Comirnaty,4.78,04:12:50,2,8,0.0
2026-08-20,Comirnaty,10.08,04:13:20,2,8,136.42
2026-08-20,Comirnaty,15.75,04:13:50,2,8,136.44
2026-08-20,Comirnaty,2.44,04:14:20,2,8,0.0
2026-08-20,Comirnaty,3.6,04:14:50,2,8,0.0
2026-08-20,Comirnaty,16.18,04:15:20,2,8,136.47
2026-08-20,Comirnaty,15.75,04:15:50,2,8,136.48
2026-08-20,Comirnaty,17.21,04:16:20,2,8,136.49
2026-08-20,Comirnaty,13.44,04:16:50,2,8,136.5
2026-08-20,Comirnaty,13.9,04:17:20,2,8,136.51
2026-08-20,Comirnaty,14.65,04:17:50,2,8,136.52
2026-08-20,Comirnaty,12.7,04:18:20,2,8,136.53
2026-08-20,Comirnaty,13.37,04:18:50,2,8,136.54
2026-08-20,Comirnaty,2.05,04:19:20,2,8,0.0
2026-08-20,Comirnaty,17.65,04:19:50,2,8,136.56
2026-08-20,Comirnaty,15.12,04:20:20,2,8,136.58
2026-08-20,Comirnaty,7.82,04:20:50,2,8,0.0
2026-08-20,Comirnaty,14.21,04:21:20,2,8,136.6
2026-08-20,Comirnaty,12.16,04:21:50,2,8,136.61
2026-08-20,Comirnaty,10.26,04:22:20,2,8,136.62
2026-08-20,Comirnaty,5.29,04:22:50,2,8,0.0
2026-08-20,Comirnaty,9.0,04:23:20,2,8,136.64
2026-08-20,Comirnaty,2.84,04:23:50,2,8,0.0
2026-08-20,Comirnaty,7.39,04:24:20,2,8,0.0
2026-08-20,Comirnaty,15.24,04:24:50,2,8,136.67
2026-08-20,Comirnaty,10.32,04:25:20,2,8,136.68
2026-08-20,Comirnaty,14.72,04:25:50,2,8,136.7
2026-08-20,Comirnaty,10.19,04:26:20,2,8,136.71
2026-08-20,Comirnaty,14.6,04:26:50,2,8,136.72
2026-08-20,Comirnaty,7.05,04:27:20,2,8,0.0
2026-08-20,Comirnaty,3.3,04:27:50,2,8,0.0
2026-08-20,Comirnaty,2.25,04:28:20,2,8,0.0
2026-08-20,Comirnaty,9.69,04:28:50,2,8,136.76
2026-08-20,Comirnaty,2.95,04:29:20,2,8,0.0
2026-08-20,Comirnaty,2.49,04:29:50,2,8,0.0
2026-08-20,Comirnaty,2.52,04:30:20,2,8,0.0
2026-08-20,Comirnaty,3.97,04:30:50,2,8,0.0
2026-08-20,Comirnaty,9.38,04:31:20,2,8,136.81
2026-08-20,Comirnaty,12.49,04:31:50,2,8,136.83
2026-08-20,Comirnaty,9.87,04:32:20,2,8,136.84
2026-08-20,Comirnaty,15.36,04:32:50,2,8,136.85
2026-08-20,Comirnaty,6.76,04:33:20,2,8,0.0
2026-08-20,Comirnaty,6.35,04:33:50,2,8,0.0
2026-08-20,Comirnaty,14.6,04:34:20,2,8,136.88
2026-08-20,Comirnaty,16.57,04:34:50,2,8,136.89
2026-08-20,Comirnaty,14.05,04:35:20,2,8,136.9
2026-08-20,Comirnaty,12.19,04:35:50,2,8,136.91
2026-08-20,Comirnaty,3.76,04:36:20,2,8,0.0
2026-08-20,Comirnaty,15.44,04:36:50,2,8,136.93
2026-08-20,Comirnaty,3.02,04:37:20,2,8,0.0
2026-08-20,Comirnaty,17.41,04:37:50,2,8,136.95
2026-08-20,Comirnaty,17.52,04:38:20,2,8,136.97
2026-08-20,Comirnaty,13.82,04:38:50,2,8,136.98
2026-08-20,Comirnaty,12.02,04:39:20,2,8,136.99
2026-08-20,Comirnaty,13.03,04:39:50,2,8,137.0
2026-08-20,Comirnaty,10.19,04:40:20,2,8,137.01
2026-08-20,Comirnaty,15.09,04:40:50,2,8,137.02
2026-08-20,Comirnaty,13.9,04:41:20,2,8,137.03
2026-08-20,Comirnaty,4.54,04:41:50,2,8,0.0
2026-08-20,Comirnaty,15.31,04:42:20,2,8,137.05
2026-08-20,Comirnaty,4.37,04:42:50,2,8,0.0
2026-08-20,Comirnaty,13.69,04:43:20,2,8,137.07
2026-08-20,Comirnaty,9.74,04:43:50,2,8,137.09
2026-08-20,Comirnaty,13.98,04:44:20,2,8,137.1
2026-08-20,Comirnaty,13.82,04:44:50,2,8,137.11
2026-08-20,Comirnaty,3.52,04:45:20,2,8,0.0
2026-08-20,Comirnaty,3.13,04:45:50,2,8,0.0
2026-08-20,Comirnaty,14.59,04:46:20,2,8,137.14
2026-08-20,Comirnaty,7.24,04:46:50,2,8,0.0
2026-08-20,Comirnaty,5.21,04:47:20,2,8,0.0
2026-08-20,Comirnaty,2.33,04:47:50,2,8,0.0
2026-08-20,Comirnaty,4.44,04:48:20,2,8,0.0
2026-08-20,Comirnaty,4.25,04:48:50,2,8,0.0
2026-08-20,Comirnaty,13.01,04:49:20,2,8,137.2
2026-08-20,Comirnaty,13.02,04:49:50,2,8,137.22
2026-08-20,Comirnaty,10.16,04:50:20,2,8,137.23
2026-08-20,Comirnaty,2.14,04:50:50,2,8,0.0
2026-08-20,Comirnaty,17.72,04:51:20,2,8,137.25
2026-08-20,Comirnaty,16.14,04:51:50,2,8,137.26
2026-08-20,Comirnaty,17.92,04:52:20,2,8,137.27
2026-08-20,Comirnaty,14.56,04:52:50,2,8,137.28
2026-08-20,Comirnaty,11.84,04:53:20,2,8,137.29
2026-08-20,Comirnaty,17.47,04:53:50,2,8,137.3
2026-08-20,Comirnaty,10.55,04:54:20,2,8,137.31
2026-08-20,Comirnaty,3.42,04:54:50,2,8,0.0
2026-08-20,Comirnaty,2.1,04:55:20,2,8,0.0
2026-08-20,Comirnaty,7.99,04:55:50,2,8,0.0
2026-08-20,Comirnaty,6.31,04:56:20,2,8,0.0
2026-08-20,Comirnaty,11.3,04:56:50,2,8,137.37
2026-08-20,Comirnaty,11.14,04:57:20,2,8,137.38
2026-08-20,Comirnaty,11.1,04:57:50,2,8,137.39
2026-08-20,Comirnaty,9.17,04:58:20,2,8,137.4
2026-08-20,Comirnaty,4.51,04:58:50,2,8,0.0
2026-08-20,Comirnaty,10.21,04:59:20,2,8,137.42
2026-08-20,Comirnaty,16.57,04:59:50,2,8,137.43
2026-08-20,Comirnaty,4.78,05:00:20,2,8,0.0
2026-08-20,Comirnaty,10.34,05:00:50,2,8,137.45
2026-08-20,Comirnaty,17.48,05:01:20,2,8,137.46
2026-08-20,Comirnaty,4.31,05:01:50,2,8,0.0
2026-08-20,Comirnaty,7.5,05:02:20,2,8,0.0
2026-08-20,Comirnaty,16.18,05:02:50,2,8,137.5
2026-08-20,Comirnaty,10.88,05:03:20,2,8,137.51
2026-08-20,Comirnaty,14.32,05:03:50,2,8,137.52
2026-08-20,Comirnaty,6.26,05:04:20,2,8,0.0
2026-08-20,Comirnaty,14.58,05:04:50,2,8,137.54
2026-08-20,Comirnaty,13.25,05:05:20,2,8,137.55
2026-08-20,Comirnaty,4.61,05:05:50,2,8,0.0
2026-08-20,Comirnaty,13.97,05:06:20,2,8,137.57
2026-08-20,Comirnaty,9.86,05:06:50,2,8,137.58
2026-08-20,Comirnaty,16.17,05:07:20,2,8,137.59
2026-08-20,Comirnaty,16.57,05:07:50,2,8,137.6
2026-08-20,Comirnaty,4.82,05:08:20,2,8,0.0
2026-08-20,Comirnaty,15.53,05:08:50,2,8,137.63
2026-08-20,Comirnaty,5.84,05:09:20,2,8,0.0
2026-08-20,Comirnaty,2.39,05:09:50,2,8,0.0
2026-08-20,Comirnaty,12.08,05:10:20,2,8,137.66
2026-08-20,Comirnaty,9.19,05:10:50,2,8,137.67
2026-08-20,Comirnaty,9.72,05:11:20,2,8,137.68
2026-08-20,Comirnaty,13.18,05:11:50,2,8,137.69
2026-08-20,Comirnaty,5.66,05:12:20,2,8,0.0
2026-08-20,Comirnaty,5.43,05:12:50,2,8,0.0
2026-08-20,Comirnaty,3.24,05:13:20,2,8,0.0
2026-08-20,Comirnaty,14.17,05:13:50,2,8,137.74
2026-08-20,Comirnaty,2.96,05:14:20,2,8,0.0
2026-08-20,Comirnaty,6.34,05:14:50,2,8,0.0
2026-08-20,Comirnaty,16.9,05:15:20,2,8,137.77
2026-08-20,Comirnaty,13.64,05:15:50,2,8,137.78
2026-08-20,Comirnaty,14.54,05:16:20,2,8,137.79
2026-08-20,Comirnaty,17.18,05:16:50,2,8,137.8
2026-08-20,Comirnaty,3.64,05:17:20,2,8,0.0
2026-08-20,Comirnaty,13.4,05:17:50,2,8,137.82
2026-08-20,Comirnaty,14.03,05:18:20,2,8,137.83
2026-08-20,Comirnaty,3.1,05:18:50,2,8,0.0
2026-08-20,Comirnaty,6.79,05:19:20,2,8,0.0
2026-08-20,Comirnaty,4.08,05:19:50,2,8,0.0
2026-08-20,Comirnaty,14.04,05:20:20,2,8,137.88
2026-08-20,Comirnaty,16.73,05:20:50,2,8,137.89
2026-08-20,Comirnaty,13.35,05:21:20,2,8,137.9
2026-08-20,Comirnaty,6.42,05:21:50,2,8,0.0
2026-08-20,Comirnaty,10.0,05:22:20,2,8,137.92
2026-08-20,Comirnaty,2.44,05:22:50,2,8,0.0
2026-08-20,Comirnaty,3.65,05:23:20,2,8,0.0
2026-08-20,Comirnaty,3.53,05:23:50,2,8,0.0
2026-08-20,Comirnaty,2.53,05:24:20,2,8,0.0
2026-08-20,Comirnaty,5.02,05:24:50,2,8,0.0
2026-08-20,Comirnaty,17.73,05:25:20,2,8,137.98
2026-08-20,Comirnaty,17.3,05:25:50,2,8,138.0
2026-08-20,Comirnaty,7.14,05:26:20,2,8,0.0
2026-08-20,Comirnaty,14.38,05:26:50,2,8,138.02
2026-08-20,Comirnaty,6.85,05:27:20,2,8,0.0
2026-08-20,Comirnaty,9.52,05:27:50,2,8,138.04
2026-08-20,Comirnaty,4.09,05:28:20,2,8,0.0
2026-08-20,Comirnaty,9.31,05:28:50,2,8,138.06
2026-08-20,Comirnaty,4.21,05:29:20,2,8,0.0
2026-08-20,Comirnaty,17.81,05:29:50,2,8,138.08
2026-08-20,Comirnaty,6.02,05:30:20,2,8,0.0
2026-08-20,Comirnaty,2.02,05:30:50,2,8,0.0
2026-08-20,Comirnaty,12.41,05:31:20,2,8,138.11
2026-08-20,Comirnaty,4.78,05:31:50,2,8,0.0
2026-08-20,Comirnaty,16.03,05:32:20,2,8,138.14
2026-08-20,Comirnaty,11.82,05:32:50,2,8,138.15
2026-08-20,Comirnaty,7.66,05:33:20,2,8,0.0
2026-08-20,Comirnaty,15.42,05:33:50,2,8,138.17
2026-08-20,Comirnaty,5.9,05:34:20,2,8,0.0
2026-08-20,Comirnaty,11.39,05:34:50,2,8,138.19
2026-08-20,Comirnaty,16.27,05:35:20,2,8,138.2
2026-08-20,Comirnaty,11.54,05:35:50,2,8,138.21
2026-08-20,Comirnaty,11.43,05:36:20,2,8,138.22
2026-08-20,Comirnaty,10.68,05:36:50,2,8,138.23
2026-08-20,Comirnaty,3.39,05:37:20,2,8,0.0
2026-08-20,Comirnaty,6.83,05:37:50,2,8,0.0
2026-08-20,Comirnaty,11.63,05:38:20,2,8,138.27
2026-08-20,Comirnaty,7.89,05:38:50,2,8,0.0
2026-08-20,Comirnaty,7.83,05:39:20,2,8,0.0
2026-08-20,Comirnaty,3.29,05:39:50,2,8,0.0
2026-08-20,Comirnaty,9.62,05:40:20,2,8,138.31
2026-08-20,Comirnaty,17.02,05:40:50,2,8,138.32
2026-08-20,Comirnaty,7.88,05:41:20,2,8,0.0
2026-08-20,Comirnaty,9.92,05:41:50,2,8,138.34
2026-08-20,Comirnaty,16.04,05:42:20,2,8,138.35
2026-08-20,Comirnaty,9.04,05:42:50,2,8,138.36
2026-08-20,Comirnaty,14.19,05:43:20,2,8,138.37
2026-08-20,Comirnaty,2.08,05:43:50,2,8,0.0
2026-08-20,Comirnaty,10.15,05:44:20,2,8,138.4
2026-08-20,Comirnaty,2.74,05:44:50,2,8,0.0
2026-08-20,Comirnaty,9.13,05:45:20,2,8,138.42
2026-08-20,Comirnaty,9.87,05:45:50,2,8,138.43
2026-08-20,Comirnaty,15.64,05:46:20,2,8,138.44
2026-08-20,Comirnaty,9.57,05:46:50,2,8,138.45
2026-08-20,Comirnaty,11.22,05:47:20,2,8,138.46
2026-08-20,Comirnaty,13.79,05:47:50,2,8,138.47
2026-08-20,Comirnaty,9.72,05:48:20,2,8,138.48
2026-08-20,Comirnaty,14.85,05:48:50,2,8,138.49
2026-08-20,Comirnaty,9.88,05:49:20,2,8,138.5
2026-08-20,Comirnaty,5.32,05:49:50,2,8,0.0
2026-08-20,Comirnaty,15.22,05:50:20,2,8,138.53
2026-08-20,Comirnaty,16.79,05:50:50,2,8,138.54
2026-08-20,Comirnaty,15.91,05:51:20,2,8,138.55
2026-08-20,Comirnaty,4.35,05:51:50,2,8,0.0
2026-08-20,Comirnaty,11.13,05:52:20,2,8,138.57
2026-08-20,Comirnaty,15.26,05:52:50,2,8,138.58
2026-08-20,Comirnaty,13.82,05:53:20,2,8,138.59
2026-08-20,Comirnaty,2.14,05:53:50,2,8,0.0
2026-08-20,Comirnaty,17.11,05:54:20,2,8,138.61
2026-08-20,Comirnaty,12.05,05:54:50,2,8,138.62
2026-08-20,Comirnaty,13.91,05:55:20,2,8,138.63
2026-08-20,Comirnaty,15.08,05:55:50,2,8,138.65
2026-08-20,Comirnaty,9.9,05:56:20,2,8,138.66
2026-08-20,Comirnaty,11.45,05:56:50,2,8,138.67
2026-08-20,Comirnaty,5.26,05:57:20,2,8,0.0
2026-08-20,Comirnaty,15.48,05:57:50,2,8,138.69
2026-08-20,Comirnaty,10.21,05:58:20,2,8,138.7
2026-08-20,Comirnaty,2.61,05:58:50,2,8,0.0
2026-08-20,Comirnaty,2.14,05:59:20,2,8,0.0
2026-08-20,Comirnaty,3.4,05:59:50,2,8,0.0
2026-08-20,Comirnaty,10.69,06:00:20,2,8,138.74
2026-08-20,Comirnaty,11.2,06:00:50,2,8,138.75
2026-08-20,Comirnaty,2.53,06:01:20,2,8,0.0
2026-08-20,Comirnaty,7.1,06:01:50,2,8,0.0
2026-08-20,Comirnaty,14.07,06:02:20,2,8,138.79
2026-08-20,Comirnaty,7.7,06:02:50,2,8,0.0
2026-08-20,Comirnaty,12.7,06:03:20,2,8,138.81
2026-08-20,Comirnaty,3.05,06:03:50,2,8,0.0
2026-08-20,Comirnaty,5.83,06:04:20,2,8,0.0
2026-08-20,Comirnaty,17.06,06:04:50,2,8,138.84
2026-08-20,Comirnaty,11.03,06:05:20,2,8,138.85
2026-08-20,Comirnaty,15.87,06:05:50,2,8,138.86
2026-08-20,Comirnaty,2.47,06:06:20,2,8,0.0
2026-08-20,Comirnaty,10.43,06:06:50,2,8,138.88
2026-08-20,Comirnaty,3.31,06:07:20,2,8,0.0
2026-08-20,Comirnaty,10.32,06:07:50,2,8,138.91
2026-08-20,Comirnaty,14.65,06:08:20,2,8,138.92
2026-08-20,Comirnaty,10.06,06:08:50,2,8,138.93
2026-08-20,Comirnaty,11.17,06:09:20,2,8,138.94
2026-08-20,Comirnaty,9.79,06:09:50,2,8,138.95
2026-08-20,Comirnaty,16.95,06:10:20,2,8,138.96
2026-08-20,Comirnaty,17.42,06:10:50,2,8,138.97
2026-08-20,Comirnaty,2.61,06:11:20,2,8,0.0
2026-08-20,Comirnaty,3.26,06:11:50,2,8,0.0
2026-08-20,Comirnaty,5.87,06:12:20,2,8,0.0
2026-08-20,Comirnaty,17.38,06:12:50,2,8,139.01
2026-08-20,Comirnaty,6.45,06:13:20,2,8,0.0
2026-08-20,Comirnaty,14.38,06:13:50,2,8,139.03
2026-08-20,Comirnaty,11.39,06:14:20,2,8,139.05
2026-08-20,Comirnaty,11.66,06:14:50,2,8,139.06
2026-08-20,Comirnaty,5.65,06:15:20,2,8,0.0
2026-08-20,Comirnaty,4.52,06:15:50,2,8,0.0
2026-08-20,Comirnaty,10.87,06:16:20,2,8,139.09
2026-08-20,Comirnaty,2.8,06:16:50,2,8,0.0
2026-08-20,Comirnaty,14.73,06:17:20,2,8,139.11
2026-08-20,Comirnaty,16.39,06:17:50,2,8,139.12
2026-08-20,Comirnaty,14.99,06:18:20,2,8,139.13
2026-08-20,Comirnaty,14.75,06:18:50,2,8,139.14
2026-08-20,Comirnaty,16.67,06:19:20,2,8,139.15
2026-08-20,Comirnaty,9.03,06:19:50,2,8,139.16
2026-08-20,Comirnaty,2.4,06:20:20,2,8,0.0
2026-08-20,Comirnaty,17.26,06:20:50,2,8,139.19
2026-08-20,Comirnaty,15.31,06:21:20,2,8,139.2
2026-08-20,Comirnaty,10.09,06:21:50,2,8,139.21
2026-08-20,Comirnaty,2.37,06:22:20,2,8,0.0
2026-08-20,Comirnaty,7.51,06:22:50,2,8,0.0
2026-08-20,Comirnaty,5.69,06:23:20,2,8,0.0
2026-08-20,Comirnaty,5.71,06:23:50,2,8,0.0
2026-08-20,Comirnaty,17.57,06:24:20,2,8,139.26
2026-08-20,Comirnaty,10.38,06:24:50,2,8,139.27
2026-08-20,Comirnaty,12.68,06:25:20,2,8,139.28
2026-08-20,Comirnaty,15.32,06:25:50,2,8,139.3
2026-08-20,Comirnaty,5.51,06:26:20,2,8,0.0
2026-08-20,Comirnaty,14.46,06:26:50,2,8,139.32
2026-08-20,Comirnaty,10.11,06:27:20,2,8,139.33
2026-08-20,Comirnaty,6.11,06:27:50,2,8,0.0
2026-08-20,Comirnaty,9.73,06:28:20,2,8,139.35
2026-08-20,Comirnaty,13.76,06:28:50,2,8,139.36
2026-08-20,Comirnaty,3.3,06:29:20,2,8,0.0
2026-08-20,Comirnaty,4.12,06:29:50,2,8,0.0
2026-08-20,Comirnaty,11.66,06:30:20,2,8,139.39
2026-08-20,Comirnaty,5.94,06:30:50,2,8,0.0
2026-08-20,Comirnaty,2.97,06:31:20,2,8,0.0
2026-08-20,Comirnaty,14.57,06:31:50,2,8,139.43
2026-08-20,Comirnaty,3.25,06:32:20,2,8,0.0
2026-08-20,Comirnaty,13.87,06:32:50,2,8,139.45
2026-08-20,Comirnaty,17.45,06:33:20,2,8,139.46
2026-08-20,Comirnaty,12.91,06:33:50,2,8,139.47
2026-08-20,Comirnaty,4.79,06:34:20,2,8,0.0
2026-08-20,Comirnaty,13.61,06:34:50,2,8,139.49
2026-08-20,Comirnaty,11.68,06:35:20,2,8,139.5
2026-08-20,Comirnaty,17.92,06:35:50,2,8,139.51
2026-08-20,Comirnaty,9.51,06:36:20,2,8,139.52
2026-08-20,Comirnaty,5.94,06:36:50,2,8,0.0
2026-08-20,Comirnaty,14.43,06:37:20,2,8,139.54
2026-08-20,Comirnaty,11.08,06:37:50,2,8,139.56
2026-08-20,Comirnaty,10.82,06:38:20,2,8,139.57
2026-08-20,Comirnaty,10.64,06:38:50,2,8,139.58
2026-08-20,Comirnaty,14.58,06:39:20,2,8,139.59
2026-08-20,Comirnaty,12.01,06:39:50,2,8,139.6
2026-08-20,Comirnaty,3.28,06:40:20,2,8,0.0
2026-08-20,Comirnaty,4.07,06:40:50,2,8,0.0
2026-08-20,Comirnaty,5.16,06:41:20,2,8,0.0
2026-08-20,Comirnaty,6.97,06:41:50,2,8,0.0
2026-08-20,Comirnaty,15.36,06:42:20,2,8,139.65
2026-08-20,Comirnaty,10.58,06:42:50,2,8,139.66
2026-08-20,Comirnaty,3.08,06:43:20,2,8,0.0
2026-08-20,Comirnaty,2.38,06:43:50,2,8,0.0
2026-08-20,Comirnaty,4.79,06:44:20,2,8,0.0
2026-08-20,Comirnaty,4.78,06:44:50,2,8,0.0
2026-08-20,Comirnaty,3.56,06:45:20,2,8,0.0
2026-08-20,Comirnaty,10.88,06:45:50,2,8,139.73
2026-08-20,Comirnaty,10.3,06:46:20,2,8,139.74
2026-08-20,Comirnaty,16.28,06:46:50,2,8,139.75
2026-08-20,Comirnaty,17.99,06:47:20,2,8,139.76
2026-08-20,Comirnaty,2.17,06:47:50,2,8,0.0
2026-08-20,Comirnaty,14.21,06:48:20,2,8,139.78
2026-08-20,Comirnaty,3.45,06:48:50,2,8,0.0
2026-08-20,Comirnaty,3.4,06:49:20,2,8,0.0
2026-08-20,Comirnaty,9.01,06:49:50,2,8,139.81
2026-08-20,Comirnaty,12.98,06:50:20,2,8,139.83
2026-08-20,Comirnaty,6.16,06:50:50,2,8,0.0
2026-08-20,Comirnaty,10.52,06:51:20,2,8,139.85
2026-08-20,Comirnaty,3.48,06:51:50,2,8,0.0
2026-08-20,Comirnaty,17.4,06:52:20,2,8,139.87
2026-08-20,Comirnaty,14.02,06:52:50,2,8,139.88
2026-08-20,Comirnaty,17.09,06:53:20,2,8,139.89
2026-08-20,Comirnaty,6.65,06:53:50,2,8,0.0
2026-08-20,Comirnaty,12.67,06:54:20,2,8,139.91
2026-08-20,Comirnaty,14.73,06:54:50,2,8,139.92
2026-08-20,Comirnaty,16.86,06:55:20,2,8,139.93
2026-08-20,Comirnaty,15.48,06:55:50,2,8,139.95
2026-08-20,Comirnaty,4.09,06:56:20,2,8,0.0
2026-08-20,Comirnaty,4.19,06:56:50,2,8,0.0
2026-08-20,Comirnaty,15.36,06:57:20,2,8,139.98
2026-08-20,Comirnaty,4.9,06:57:50,2,8,0.0
2026-08-20,Comirnaty,2.32,06:58:20,2,8,0.0
2026-08-20,Comirnaty,10.69,06:58:50,2,8,140.01
2026-08-20,Comirnaty,3.52,06:59:20,2,8,0.0
2026-08-20,Comirnaty,6.65,06:59:50,2,8,0.0
2026-08-20,Comirnaty,10.79,07:00:20,2,8,140.04
2026-08-20,Comirnaty,11.8,07:00:50,2,8,140.05
2026-08-20,Comirnaty,13.16,07:01:20,2,8,140.06
2026-08-20,Comirnaty,2.97,07:01:50,2,8,0.0
2026-08-20,Comirnaty,12.37,07:02:20,2,8,140.09
2026-08-20,Comirnaty,10.34,07:02:50,2,8,140.1
2026-08-20,Comirnaty,7.16,07:03:20,2,8,0.0
2026-08-20,Comirnaty,15.0,07:03:50,2,8,140.12
2026-08-20,Comirnaty,9.44,07:04:20,2,8,140.13
2026-08-20,Comirnaty,6.79,07:04:50,2,8,0.0
2026-08-20,Comirnaty,10.36,07:05:20,2,8,140.15
2026-08-20,Comirnaty,13.35,07:05:50,2,8,140.16
2026-08-20,Comirnaty,2.37,07:06:20,2,8,0.0
2026-08-20,Comirnaty,16.53,07:06:50,2,8,140.18
2026-08-20,Comirnaty,3.28,07:07:20,2,8,0.0
2026-08-20,Comirnaty,4.73,07:07:50,2,8,0.0
2026-08-20,Comirnaty,2.35,07:08:20,2,8,0.0
2026-08-20,Comirnaty,6.38,07:08:50,2,8,0.0
2026-08-20,Comirnaty,14.21,07:09:20,2,8,140.24
2026-08-20,Comirnaty,12.63,07:09:50,2,8,140.25
2026-08-20,Comirnaty,11.25,07:10:20,2,8,140.26
2026-08-20,Comirnaty,10.29,07:10:50,2,8,140.27
2026-08-20,Comirnaty,12.69,07:11:20,2,8,140.28
2026-08-20,Comirnaty,9.47,07:11:50,2,8,140.29
2026-08-20,Comirnaty,5.83,07:12:20,2,8,0.0
2026-08-20,Comirnaty,11.51,07:12:50,2,8,140.31
2026-08-20,Comirnaty,15.19,07:13:20,2,8,140.32
2026-08-20,Comirnaty,3.49,07:13:50,2,8,0.0
2026-08-20,Comirnaty,16.44,07:14:20,2,8,140.35
2026-08-20,Comirnaty,17.09,07:14:50,2,8,140.36
2026-08-20,Comirnaty,14.53,07:15:20,2,8,140.37
2026-08-20,Comirnaty,3.14,07:15:50,2,8,0.0
2026-08-20,Comirnaty,4.2,07:16:20,2,8,0.0
2026-08-20,Comirnaty,12.75,07:16:50,2,8,140.4
2026-08-20,Comirnaty,4.51,07:17:20,2,8,0.0
2026-08-20,Comirnaty,12.45,07:17:50,2,8,140.42
2026-08-20,Comirnaty,14.38,07:18:20,2,8,140.43
2026-08-20,Comirnaty,15.17,07:18:50,2,8,140.44
2026-08-20,Comirnaty,2.48,07:19:20,2,8,0.0
2026-08-20,Comirnaty,14.88,07:19:50,2,8,140.47
2026-08-20,Comirnaty,3.34,07:20:20,2,8,0.0
2026-08-20,Comirnaty,12.63,07:20:50,2,8,140.49
2026-08-20,Comirnaty,6.58,07:21:20,2,8,0.0
2026-08-20,Comirnaty,11.44,07:21:50,2,8,140.51
2026-08-20,Comirnaty,9.9,07:22:20,2,8,140.52
2026-08-20,Comirnaty,6.95,07:22:50,2,8,0.0
2026-08-20,Comirnaty,15.96,07:23:20,2,8,140.54
2026-08-20,Comirnaty,5.95,07:23:50,2,8,0.0
2026-08-20,Comirnaty,3.26,07:24:20,2,8,0.0
2026-08-20,Comirnaty,10.9,07:24:50,2,8,140.57
2026-08-20,Comirnaty,3.87,07:25:20,2,8,0.0
2026-08-20,Comirnaty,13.73,07:25:50,2,8,140.59
2026-08-20,Comirnaty,11.5,07:26:20,2,8,140.61
2026-08-20,Comirnaty,15.93,07:26:50,2,8,140.62
2026-08-20,Comirnaty,3.42,07:27:20,2,8,0.0
2026-08-20,Comirnaty,4.01,07:27:50,2,8,0.0
2026-08-20,Comirnaty,4.37,07:28:20,2,8,0.0
2026-08-20,Comirnaty,11.54,07:28:50,2,8,140.66
2026-08-20,Comirnaty,11.47,07:29:20,2,8,140.67
2026-08-20,Comirnaty,11.43,07:29:50,2,8,140.68
2026-08-20,Comirnaty,12.4,07:30:20,2,8,140.69
2026-08-20,Comirnaty,3.48,07:30:50,2,8,0.0
2026-08-20,Comirnaty,2.07,07:31:20,2,8,0.0
2026-08-20,Comirnaty,17.12,07:31:50,2,8,140.72
2026-08-20,Comirnaty,4.64,07:32:20,2,8,0.0
2026-08-20,Comirnaty,15.8,07:32:50,2,8,140.75
2026-08-20,Comirnaty,10.8,07:33:20,2,8,140.76
2026-08-20,Comirnaty,9.23,07:33:50,2,8,140.77
2026-08-20,Comirnaty,14.13,07:34:20,2,8,140.78
2026-08-20,Comirnaty,10.51,07:34:50,2,8,140.79
2026-08-20,Comirnaty,17.05,07:35:20,2,8,140.8
2026-08-20,Comirnaty,11.24,07:35:50,2,8,140.81
2026-08-20,Comirnaty,2.84,07:36:20,2,8,0.0
2026-08-20,Comirnaty,9.28,07:36:50,2,8,140.83
2026-08-20,Comirnaty,17.31,07:37:20,2,8,140.84
2026-08-20,Comirnaty,6.74,07:37:50,2,8,0.0
2026-08-20,Comirnaty,5.08,07:38:20,2,8,0.0
2026-08-20,Comirnaty,6.85,07:38:50,2,8,0.0
2026-08-20,Comirnaty,6.23,07:39:20,2,8,0.0
2026-08-20,Comirnaty,3.26,07:39:50,2,8,0.0
2026-08-20,Comirnaty,5.83,07:40:20,2,8,0.0
2026-08-20,Comirnaty,7.06,07:40:50,2,8,0.0
2026-08-20,Comirnaty,12.14,07:41:20,2,8,140.93
2026-08-20,Comirnaty,15.04,07:41:50,2,8,140.94
2026-08-20,Comirnaty,4.21,07:42:20,2,8,0.0
2026-08-20,Comirnaty,12.38,07:42:50,2,8,140.96
2026-08-20,Comirnaty,4.32,07:43:20,2,8,0.0
2026-08-20,Comirnaty,14.48,07:43:50,2,8,140.99
2026-08-20,Comirnaty,10.83,07:44:20,2,8,141.0
2026-08-20,Comirnaty,5.01,07:44:50,2,8,0.0
2026-08-20,Comirnaty,7.35,07:45:20,2,8,0.0
2026-08-20,Comirnaty,5.95,07:45:50,2,8,0.0
2026-08-20,Comirnaty,13.84,07:46:20,2,8,141.04
2026-08-20,Comirnaty,16.01,07:46:50,2,8,141.05
2026-08-20,Comirnaty,6.75,07:47:20,2,8,0.0
2026-08-20,Comirnaty,2.3,07:47:50,2,8,0.0
2026-08-20,Comirnaty,12.95,07:48:20,2,8,141.08
2026-08-20,Comirnaty,12.16,07:48:50,2,8,141.09
2026-08-20,Comirnaty,9.29,07:49:20,2,8,141.1
2026-08-20,Comirnaty,16.06,07:49:50,2,8,141.12
2026-08-20,Comirnaty,9.23,07:50:20,2,8,141.13
2026-08-20,Comirnaty,3.81,07:50:50,2,8,0.0
2026-08-20,Comirnaty,9.08,07:51:20,2,8,141.15
2026-08-20,Comirnaty,17.71,07:51:50,2,8,141.16
2026-08-20,Comirnaty,17.06,07:52:20,2,8,141.17
2026-08-20,Comirnaty,9.53,07:52:50,2,8,141.18
2026-08-20,Comirnaty,10.77,07:53:20,2,8,141.19
2026-08-20,Comirnaty,11.98,07:53:50,2,8,141.2
2026-08-20,Comirnaty,7.46,07:54:20,2,8,0.0
2026-08-20,Comirnaty,17.32,07:54:50,2,8,141.22
2026-08-20,Comirnaty,16.01,07:55:20,2,8,141.23
2026-08-20,Comirnaty,9.19,07:55:50,2,8,141.25
2026-08-20,Comirnaty,13.46,07:56:20,2,8,141.26
2026-08-20,Comirnaty,4.34,07:56:50,2,8,0.0
2026-08-20,Comirnaty,17.8,07:57:20,2,8,141.28
2026-08-20,Comirnaty,7.67,07:57:50,2,8,0.0
2026-08-20,Comirnaty,10.95,07:58:20,2,8,141.3
2026-08-20,Comirnaty,15.53,07:58:50,2,8,141.31
2026-08-20,Comirnaty,9.38,07:59:20,2,8,141.32
2026-08-20,Comirnaty,16.17,07:59:50,2,8,141.33
2026-08-20,Comirnaty,5.55,08:00:20,2,8,0.0
2026-08-20,Comirnaty,9.34,08:00:50,2,8,141.35
2026-08-20,Comirnaty,11.09,08:01:20,2,8,141.36
2026-08-20,Comirnaty,7.2,08:01:50,2,8,0.0
2026-08-20,Comirnaty,13.48,08:02:20,2,8,141.39
2026-08-20,Comirnaty,2.76,08:02:50,2,8,0.0
2026-08-20,Comirnaty,10.24,08:03:20,2,8,141.41
2026-08-20,Comirnaty,12.66,08:03:50,2,8,141.42
2026-08-20,Comirnaty,17.4,08:04:20,2,8,141.43
2026-08-20,Comirnaty,13.32,08:04:50,2,8,141.44
2026-08-20,Comirnaty,14.61,08:05:20,2,8,141.45
2026-08-20,Comirnaty,5.26,08:05:50,2,8,0.0
2026-08-20,Comirnaty,5.43,08:06:20,2,8,0.0
2026-08-20,Comirnaty,15.41,08:06:50,2,8,141.48
2026-08-20,Comirnaty,4.58,08:07:20,2,8,0.0
2026-08-20,Comirnaty,10.9,08:07:50,2,8,141.5
2026-08-20,Comirnaty,15.24,08:08:20,2,8,141.52
2026-08-20,Comirnaty,15.9,08:08:50,2,8,141.53
2026-08-20,Comirnaty,6.31,08:09:20,2,8,0.0
2026-08-20,Comirnaty,17.55,08:09:50,2,8,141.55
2026-08-20,Comirnaty,4.03,08:10:20,2,8,0.0
2026-08-20,Comirnaty,13.57,08:10:50,2,8,141.57
2026-08-20,Comirnaty,10.48,08:11:20,2,8,141.58
2026-08-20,Comirnaty,6.45,08:11:50,2,8,0.0
2026-08-20,Comirnaty,9.97,08:12:20,2,8,141.6
2026-08-20,Comirnaty,9.56,08:12:50,2,8,141.61
2026-08-20,Comirnaty,10.13,08:13:20,2,8,141.62
2026-08-20,Comirnaty,10.75,08:13:50,2,8,141.64
2026-08-20,Comirnaty,5.5,08:14:20,2,8,0.0
2026-08-20,Comirnaty,5.77,08:14:50,2,8,0.0
2026-08-20,Comirnaty,4.75,08:15:20,2,8,0.0
2026-08-20,Comirnaty,10.92,08:15:50,2,8,141.68
2026-08-20,Comirnaty,5.17,08:16:20,2,8,0.0
2026-08-20,Comirnaty,3.45,08:16:50,2,8,0.0
2026-08-20,Comirnaty,7.85,08:17:20,2,8,0.0
2026-08-20,Comirnaty,3.73,08:17:50,2,8,0.0
2026-08-20,Comirnaty,3.61,08:18:20,2,8,0.0
2026-08-20,Comirnaty,11.89,08:18:50,2,8,141.74
2026-08-20,Comirnaty,10.44,08:19:20,2,8,141.75
2026-08-20,Comirnaty,5.29,08:19:50,2,8,0.0
2026-08-20,Comirnaty,3.57,08:20:20,2,8,0.0
2026-08-20,Comirnaty,4.48,08:20:50,2,8,0.0
2026-08-20,Comirnaty,10.42,08:21:20,2,8,141.8
2026-08-20,Comirnaty,10.25,08:21:50,2,8,141.81
2026-08-20,Comirnaty,2.14,08:22:20,2,8,0.0
2026-08-20,Comirnaty,12.07,08:22:50,2,8,141.83
2026-08-20,Comirnaty,16.2,08:23:20,2,8,141.84
2026-08-20,Comirnaty,12.19,08:23:50,2,8,141.85
2026-08-20,Comirnaty,13.43,08:24:20,2,8,141.86
2026-08-20,Comirnaty,3.86,08:24:50,2,8,0.0
2026-08-20,Comirnaty,7.49,08:25:20,2,8,0.0
2026-08-20,Comirnaty,2.52,08:25:50,2,8,0.0
2026-08-20,Comirnaty,11.39,08:26:20,2,8,141.91
2026-08-20,Comirnaty,2.78,08:26:50,2,8,0.0
2026-08-20,Comirnaty,9.44,08:27:20,2,8,141.93
2026-08-20,Comirnaty,3.58,08:27:50,2,8,0.0
2026-08-20,Comirnaty,9.14,08:28:20,2,8,141.95
2026-08-20,Comirnaty,12.72,08:28:50,2,8,141.96
2026-08-20,Comirnaty,12.79,08:29:20,2,8,141.97
2026-08-20,Comirnaty,13.87,08:29:50,2,8,141.98
2026-08-20,Comirnaty,2.68,08:30:20,2,8,0.0
2026-08-20,Comirnaty,9.58,08:30:50,2,8,142.0
2026-08-20,Comirnaty,13.76,08:31:20,2,8,142.01
2026-08-20,Comirnaty,16.49,08:31:50,2,8,142.03
2026-08-20,Comirnaty,5.3,08:32:20,2,8,0.0
2026-08-20,Comirnaty,17.61,08:32:50,2,8,142.05
2026-08-20,Comirnaty,9.67,08:33:20,2,8,142.06
2026-08-20,Comirnaty,9.12,08:33:50,2,8,142.07
2026-08-20,Comirnaty,12.35,08:34:20,2,8,142.08
2026-08-20,Comirnaty,3.13,08:34:50,2,8,0.0
2026-08-20,Comirnaty,15.06,08:35:20,2,8,142.1
2026-08-20,Comirnaty,6.76,08:35:50,2,8,0.0
2026-08-20,Comirnaty,2.87,08:36:20,2,8,0.0
2026-08-20,Comirnaty,10.6,08:36:50,2,8,142.13
2026-08-20,Comirnaty,2.71,08:37:20,2,8,0.0
2026-08-20,Comirnaty,2.01,08:37:50,2,8,0.0
2026-08-20,Comirnaty,10.82,08:38:20,2,8,142.17
2026-08-20,Comirnaty,10.35,08:38:50,2,8,142.18
2026-08-20,Comirnaty,17.0,08:39:20,2,8,142.19
2026-08-20,Comirnaty,2.26,08:39:50,2,8,0.0
2026-08-20,Comirnaty,6.88,08:40:20,2,8,0.0
2026-08-20,Comirnaty,5.36,08:40:50,2,8,0.0
2026-08-20,Comirnaty,10.97,08:41:20,2,8,142.23
2026-08-20,Comirnaty,12.93,08:41:50,2,8,142.24
2026-08-20,Comirnaty,15.12,08:42:20,2,8,142.25
2026-08-20,Comirnaty,16.68,08:42:50,2,8,142.26
2026-08-20,Comirnaty,16.57,08:43:20,2,8,142.27
2026-08-20,Comirnaty,17.76,08:43:50,2,8,142.28
2026-08-20,Comirnaty,10.69,08:44:20,2,8,142.3
2026-08-20,Comirnaty,2.77,08:44:50,2,8,0.0
2026-08-20,Comirnaty,16.04,08:45:20,2,8,142.32
2026-08-20,Comirnaty,10.93,08:45:50,2,8,142.33
2026-08-20,Comirnaty,17.54,08:46:20,2,8,142.34
2026-08-20,Comirnaty,7.22,08:46:50,2,8,0.0
2026-08-20,Comirnaty,13.8,08:47:20,2,8,142.36
2026-08-20,Comirnaty,13.76,08:47:50,2,8,142.37
2026-08-20,Comirnaty,2.36,08:48:20,2,8,0.0
2026-08-20,Comirnaty,7.96,08:48:50,2,8,0.0
2026-08-20,Comirnaty,17.77,08:49:20,2,8,142.4
2026-08-20,Comirnaty,12.28,08:49:50,2,8,142.41
2026-08-20,Comirnaty,13.68,08:50:20,2,8,142.43
2026-08-20,Comirnaty,6.14,08:50:50,2,8,0.0
2026-08-20,Comirnaty,9.14,08:51:20,2,8,142.45
2026-08-20,Comirnaty,14.96,08:51:50,2,8,142.46
2026-08-20,Comirnaty,11.99,08:52:20,2,8,142.47
2026-08-20,Comirnaty,13.73,08:52:50,2,8,142.48
2026-08-20,Comirnaty,7.99,08:53:20,2,8,0.0
2026-08-20,Comirnaty,10.13,08:53:50,2,8,142.5
2026-08-20,Comirnaty,16.15,08:54:20,2,8,142.51
2026-08-20,Comirnaty,13.19,08:54:50,2,8,142.52
2026-08-20,Comirnaty,10.39,08:55:20,2,8,142.53
2026-08-20,Comirnaty,17.49,08:55:50,2,8,142.55
2026-08-20,Comirnaty,16.96,08:56:20,2,8,142.56
2026-08-20,Comirnaty,10.8,08:56:50,2,8,142.57
2026-08-20,Comirnaty,15.62,08:57:20,2,8,142.58
2026-08-20,Comirnaty,15.4,08:57:50,2,8,142.59
2026-08-20,Comirnaty,11.39,08:58:20,2,8,142.6
2026-08-20,Comirnaty,7.87,08:58:50,2,8,0.0
2026-08-20,Comirnaty,14.02,08:59:20,2,8,142.62
2026-08-20,Comirnaty,13.54,08:59:50,2,8,142.63
2026-08-20,Comirnaty,13.37,09:00:20,2,8,142.64
2026-08-20,Comirnaty,17.76,09:00:50,2,8,142.65
2026-08-20,Comirnaty,12.51,09:01:20,2,8,142.66
2026-08-20,Comirnaty,14.27,09:01:50,2,8,142.68
2026-08-20,Comirnaty,6.64,09:02:20,2,8,0.0
2026-08-20,Comirnaty,5.85,09:02:50,2,8,0.0
2026-08-20,Comirnaty,5.24,09:03:20,2,8,0.0
2026-08-20,Comirnaty,10.05,09:03:50,2,8,142.72
2026-08-20,Comirnaty,10.65,09:04:20,2,8,142.73
2026-08-20,Comirnaty,10.5,09:04:50,2,8,142.74
2026-08-20,Comirnaty,5.55,09:05:20,2,8,0.0
2026-08-20,Comirnaty,4.75,09:05:50,2,8,0.0
2026-08-20,Comirnaty,9.78,09:06:20,2,8,142.77
2026-08-20,Comirnaty,3.54,09:06:50,2,8,0.0
2026-08-20,Comirnaty,4.46,09:07:20,2,8,0.0
2026-08-20,Comirnaty,6.11,09:07:50,2,8,0.0
2026-08-20,Comirnaty,15.59,09:08:20,2,8,142.82
2026-08-20,Comirnaty,13.73,09:08:50,2,8,142.83
2026-08-20,Comirnaty,15.09,09:09:20,2,8,142.84
2026-08-20,Comirnaty,17.13,09:09:50,2,8,142.85
2026-08-20,Comirnaty,13.43,09:10:20,2,8,142.86
2026-08-20,Comirnaty,15.07,09:10:50,2,8,142.87
2026-08-20,Comirnaty,12.04,09:11:20,2,8,142.88
2026-08-20,Comirnaty,7.37,09:11:50,2,8,0.0
2026-08-20,Comirnaty,12.18,09:12:20,2,8,142.9
2026-08-20,Comirnaty,11.45,09:12:50,2,8,142.91
2026-08-20,Comirnaty,7.82,09:13:20,2,8,0.0
2026-08-20,Comirnaty,17.48,09:13:50,2,8,142.94
2026-08-20,Comirnaty,15.47,09:14:20,2,8,142.95
2026-08-20,Comirnaty,17.9,09:14:50,2,8,142.96
2026-08-20,Comirnaty,5.76,09:15:20,2,8,0.0
2026-08-20,Comirnaty,5.47,09:15:50,2,8,0.0
2026-08-20,Comirnaty,5.23,09:16:20,2,8,0.0
2026-08-20,Comirnaty,5.98,09:16:50,2,8,0.0
2026-08-20,Comirnaty,6.35,09:17:20,2,8,0.0
2026-08-20,Comirnaty,17.97,09:17:50,2,8,143.02
2026-08-20,Comirnaty,12.44,09:18:20,2,8,143.03
2026-08-20,Comirnaty,5.35,09:18:50,2,8,0.0
2026-08-20,Comirnaty,2.99,09:19:20,2,8,0.0
2026-08-20,Comirnaty,5.46,09:19:50,2,8,0.0
2026-08-20,Comirnaty,16.11,09:20:20,2,8,143.08
2026-08-20,Comirnaty,12.52,09:20:50,2,8,143.09
2026-08-20,Comirnaty,3.05,09:21:20,2,8,0.0
2026-08-20,Comirnaty,3.01,09:21:50,2,8,0.0
2026-08-20,Comirnaty,14.83,09:22:20,2,8,143.12
2026-08-20,Comirnaty,14.2,09:22:50,2,8,143.13
2026-08-20,Comirnaty,4.81,09:23:20,2,8,0.0
2026-08-20,Comirnaty,11.75,09:23:50,2,8,143.15
2026-08-20,Comirnaty,11.07,09:24:20,2,8,143.16
2026-08-20,Comirnaty,3.26,09:24:50,2,8,0.0
2026-08-20,Comirnaty,16.14,09:25:20,2,8,143.18
2026-08-20,Comirnaty,5.16,09:25:50,2,8,0.0
2026-08-20,Comirnaty,16.85,09:26:20,2,8,143.21
2026-08-20,Comirnaty,10.01,09:26:50,2,8,143.22
2026-08-20,Comirnaty,10.41,09:27:20,2,8,143.23
2026-08-20,Comirnaty,13.22,09:27:50,2,8,143.24
2026-08-20,Comirnaty,3.06,09:28:20,2,8,0.0
2026-08-20,Comirnaty,9.04,09:28:50,2,8,143.26
2026-08-20,Comirnaty,9.69,09:29:20,2,8,143.27
2026-08-20,Comirnaty,5.92,09:29:50,2,8,0.0
2026-08-20,Comirnaty,17.12,09:30:20,2,8,143.29
2026-08-20,Comirnaty,14.92,09:30:50,2,8,143.3
2026-08-20,Comirnaty,5.68,09:31:20,2,8,0.0
2026-08-20,Comirnaty,15.04,09:31:50,2,8,143.33
2026-08-20,Comirnaty,11.08,09:32:20,2,8,143.34
2026-08-20,Comirnaty,14.42,09:32:50,2,8,143.35
2026-08-20,Comirnaty,14.6,09:33:20,2,8,143.36
2026-08-20,Comirnaty,14.88,09:33:50,2,8,143.37
2026-08-20,Comirnaty,14.9,09:34:20,2,8,143.38
2026-08-20,Comirnaty,11.64,09:34:50,2,8,143.39
2026-08-20,Comirnaty,7.2,09:35:20,2,8,0.0
2026-08-20,Comirnaty,9.51,09:35:50,2,8,143.41
2026-08-20,Comirnaty,6.1,09:36:20,2,8,0.0
2026-08-20,Comirnaty,14.28,09:36:50,2,8,143.43
2026-08-20,Comirnaty,11.68,09:37:20,2,8,143.44
2026-08-20,Comirnaty,12.37,09:37:50,2,8,143.45
2026-08-20,Comirnaty,7.96,09:38:20,2,8,0.0
2026-08-20,Comirnaty,17.88,09:38:50,2,8,143.48
2026-08-20,Comirnaty,14.21,09:39:20,2,8,143.49
2026-08-20,Comirnaty,9.64,09:39:50,2,8,143.5
2026-08-20,Comirnaty,4.19,09:40:20,2,8,0.0
2026-08-20,Comirnaty,3.91,09:40:50,2,8,0.0
2026-08-20,Comirnaty,12.32,09:41:20,2,8,143.53
2026-08-20,Comirnaty,7.27,09:41:50,2,8,0.0
2026-08-20,Comirnaty,17.2,09:42:20,2,8,143.55
2026-08-20,Comirnaty,3.44,09:42:50,2,8,0.0
2026-08-20,Comirnaty,16.34,09:43:20,2,8,143.57
2026-08-20,Comirnaty,5.39,09:43:50,2,8,0.0
2026-08-20,Comirnaty,3.08,09:44:20,2,8,0.0
2026-08-20,Comirnaty,17.37,09:44:50,2,8,143.61
2026-08-20,Comirnaty,2.95,09:45:20,2,8,0.0
2026-08-20,Comirnaty,13.52,09:45:50,2,8,143.63
2026-08-20,Comirnaty,6.13,09:46:20,2,8,0.0
2026-08-20,Comirnaty,9.04,09:46:50,2,8,143.65
2026-08-20,Comirnaty,7.22,09:47:20,2,8,0.0
2026-08-20,Comirnaty,2.37,09:47:50,2,8,0.0
2026-08-20,Comirnaty,9.36,09:48:20,2,8,143.68
2026-08-20,Comirnaty,5.02,09:48:50,2,8,0.0
2026-08-20,Comirnaty,3.16,09:49:20,2,8,0.0
2026-08-20,Comirnaty,16.1,09:49:50,2,8,143.72
2026-08-20,Comirnaty,3.13,09:50:20,2,8,0.0
2026-08-20,Comirnaty,5.45,09:50:50,2,8,0.0
2026-08-20,Comirnaty,9.3,09:51:20,2,8,143.75
2026-08-20,Comirnaty,9.29,09:51:50,2,8,143.76
2026-08-20,Comirnaty,13.0,09:52:20,2,8,143.77
2026-08-20,Comirnaty,10.58,09:52:50,2,8,143.78
2026-08-20,Comirnaty,11.16,09:53:20,2,8,143.79
2026-08-20,Comirnaty,2.01,09:53:50,2,8,0.0
2026-08-20,Comirnaty,7.23,09:54:20,2,8,0.0
2026-08-20,Comirnaty,14.79,09:54:50,2,8,143.82
2026-08-20,Comirnaty,5.58,09:55:20,2,8,0.0
2026-08-20,Comirnaty,9.38,09:55:50,2,8,143.84
2026-08-20,Comirnaty,17.76,09:56:20,2,8,143.86
2026-08-20,Comirnaty,10.83,09:56:50,2,8,143.87
2026-08-20,Comirnaty,15.35,09:57:20,2,8,143.88
2026-08-20,Comirnaty,3.88,09:57:50,2,8,0.0
2026-08-20,Comirnaty,3.94,09:58:20,2,8,0.0
2026-08-20,Comirnaty,5.08,09:58:50,2,8,0.0
2026-08-20,Comirnaty,16.97,09:59:20,2,8,143.92
2026-08-20,Comirnaty,13.4,09:59:50,2,8,143.93
2026-08-20,Comirnaty,13.78,10:00:20,2,8,143.94
2026-08-20,Comirnaty,16.23,10:00:50,2,8,143.95
2026-08-20,Comirnaty,16.16,10:01:20,2,8,143.96
2026-08-20,Comirnaty,5.03,10:01:50,2,8,0.0
2026-08-20,Comirnaty,14.54,10:02:20,2,8,143.99
2026-08-20,Comirnaty,12.13,10:02:50,2,8,144.0
2026-08-20,Comirnaty,15.16,10:03:20,2,8,144.01
2026-08-20,Comirnaty,9.5,10:03:50,2,8,144.02
2026-08-20,Comirnaty,9.62,10:04:20,2,8,144.03
2026-08-20,Comirnaty,13.14,10:04:50,2,8,144.04
2026-08-20,Comirnaty,13.18,10:05:20,2,8,144.05
2026-08-20,Comirnaty,5.24,10:05:50,2,8,0.0
2026-08-20,Comirnaty,9.53,10:06:20,2,8,144.07
2026-08-20,Comirnaty,6.02,10:06:50,2,8,0.0
2026-08-20,Comirnaty,16.17,10:07:20,2,8,144.09
2026-08-20,Comirnaty,5.2,10:07:50,2,8,0.0
2026-08-20,Comirnaty,6.18,10:08:20,2,8,0.0
2026-08-20,Comirnaty,15.69,10:08:50,2,8,144.13
2026-08-20,Comirnaty,3.31,10:09:20,2,8,0.0
2026-08-20,Comirnaty,11.87,10:09:50,2,8,144.15
2026-08-20,Comirnaty,3.65,10:10:20,2,8,0.0
2026-08-20,Comirnaty,15.16,10:10:50,2,8,144.17
2026-08-20,Comirnaty,4.23,10:11:20,2,8,0.0
2026-08-20,Comirnaty,14.17,10:11:50,2,8,144.19
2026-08-20,Comirnaty,12.64,10:12:20,2,8,144.2
2026-08-20,Comirnaty,12.25,10:12:50,2,8,144.21
2026-08-20,Comirnaty,6.94,10:13:20,2,8,0.0
2026-08-20,Comirnaty,13.09,10:13:50,2,8,144.24
2026-08-20,Comirnaty,11.29,10:14:20,2,8,144.25
2026-08-20,Comirnaty,12.8,10:14:50,2,8,144.26
2026-08-20,Comirnaty,4.09,10:15:20,2,8,0.0
2026-08-20,Comirnaty,12.59,10:15:50,2,8,144.28
2026-08-20,Comirnaty,12.27,10:16:20,2,8,144.29
2026-08-20,Comirnaty,14.33,10:16:50,2,8,144.3
2026-08-20,Comirnaty,14.42,10:17:20,2,8,144.31
2026-08-20,Comirnaty,7.31,10:17:50,2,8,0.0
2026-08-20,Comirnaty,7.68,10:18:20,2,8,0.0
2026-08-20,Comirnaty,15.65,10:18:50,2,8,144.34
2026-08-20,Comirnaty,17.79,10:19:20,2,8,144.35
2026-08-20,Comirnaty,3.0,10:19:50,2,8,0.0
2026-08-20,Comirnaty,15.38,10:20:20,2,8,144.38
2026-08-20,Comirnaty,15.47,10:20:50,2,8,144.39
2026-08-20,Comirnaty,11.97,10:21:20,2,8,144.4
2026-08-20,Comirnaty,16.93,10:21:50,2,8,144.41
2026-08-20,Comirnaty,13.72,10:22:20,2,8,144.42
2026-08-20,Comirnaty,2.43,10:22:50,2,8,0.0
2026-08-20,Comirnaty,4.74,10:23:20,2,8,0.0
2026-08-20,Comirnaty,3.77,10:23:50,2,8,0.0
2026-08-20,Comirnaty,11.47,10:24:20,2,8,144.46
2026-08-20,Comirnaty,17.44,10:24:50,2,8,144.47
2026-08-20,Comirnaty,2.81,10:25:20,2,8,0.0
2026-08-20,Comirnaty,16.62,10:25:50,2,8,144.5
2026-08-20,Comirnaty,15.05,10:26:20,2,8,144.51
2026-08-20,Comirnaty,14.56,10:26:50,2,8,144.52
2026-08-20,Comirnaty,3.97,10:27:20,2,8,0.0
2026-08-20,Comirnaty,7.99,10:27:50,2,8,0.0
2026-08-20,Comirnaty,7.6,10:28:20,2,8,0.0
2026-08-20,Comirnaty,7.98,10:28:50,2,8,0.0
2026-08-20,Comirnaty,7.43,10:29:20,2,8,0.0
2026-08-20,Comirnaty,16.48,10:29:50,2,8,144.58
2026-08-20,Comirnaty,13.15,10:30:20,2,8,144.59
2026-08-20,Comirnaty,10.84,10:30:50,2,8,144.6
2026-08-20,Comirnaty,14.94,10:31:20,2,8,144.61
2026-08-20,Comirnaty,15.39,10:31:50,2,8,144.62
2026-08-20,Comirnaty,17.03,10:32:20,2,8,144.64
2026-08-20,Comirnaty,10.71,10:32:50,2,8,144.65
2026-08-20,Comirnaty,12.79,10:33:20,2,8,144.66
2026-08-20,Comirnaty,6.25,10:33:50,2,8,0.0
2026-08-20,Comirnaty,3.21,10:34:20,2,8,0.0
2026-08-20,Comirnaty,5.15,10:34:50,2,8,0.0
2026-08-20,Comirnaty,4.51,10:35:20,2,8,0.0
2026-08-20,Comirnaty,10.99,10:35:50,2,8,144.71
2026-08-20,Comirnaty,4.22,10:36:20,2,8,0.0
2026-08-20,Comirnaty,7.48,10:36:50,2,8,0.0
2026-08-20,Comirnaty,6.32,10:37:20,2,8,0.0
2026-08-20,Comirnaty,2.93,10:37:50,2,8,0.0
2026-08-20,Comirnaty,10.83,10:38:20,2,8,144.77
2026-08-20,Comirnaty,13.9,10:38:50,2,8,144.78
2026-08-20,Comirnaty,11.43,10:39:20,2,8,144.79
2026-08-20,Comirnaty,16.96,10:39:50,2,8,144.8
2026-08-20,Comirnaty,7.57,10:40:20,2,8,0.0
2026-08-20,Comirnaty,14.91,10:40:50,2,8,144.82
2026-08-20,Comirnaty,3.22,10:41:20,2,8,0.0
2026-08-20,Comirnaty,2.5,10:41:50,2,8,0.0
2026-08-20,Comirnaty,12.46,10:42:20,2,8,144.85
2026-08-20,Comirnaty,2.45,10:42:50,2,8,0.0
2026-08-20,Comirnaty,2.22,10:43:20,2,8,0.0
2026-08-20,Comirnaty,3.46,10:43:50,2,8,0.0
2026-08-20,Comirnaty,5.28,10:44:20,2,8,0.0
2026-08-20,Comirnaty,12.45,10:44:50,2,8,144.91
2026-08-20,Comirnaty,15.19,10:45:20,2,8,144.92
2026-08-20,Comirnaty,17.78,10:45:50,2,8,144.93
2026-08-20,Comirnaty,13.8,10:46:20,2,8,144.94
2026-08-20,Comirnaty,14.38,10:46:50,2,8,144.95
2026-08-20,Comirnaty,7.53,10:47:20,2,8,0.0
2026-08-20,Comirnaty,12.43,10:47:50,2,8,144.97
2026-08-20,Comirnaty,12.21,10:48:20,2,8,144.98
2026-08-20,Comirnaty,5.24,10:48:50,2,8,0.0
2026-08-20,Comirnaty,13.14,10:49:20,2,8,145.0
2026-08-20,Comirnaty,2.18,10:49:50,2,8,0.0
2026-08-20,Comirnaty,16.12,10:50:20,2,8,145.03
2026-08-20,Comirnaty,12.92,10:50:50,2,8,145.04
2026-08-20,Comirnaty,3.51,10:51:20,2,8,0.0
2026-08-20,Comirnaty,15.46,10:51:50,2,8,145.06
2026-08-20,Comirnaty,11.22,10:52:20,2,8,145.07
2026-08-20,Comirnaty,16.18,10:52:50,2,8,145.08
2026-08-20,Comirnaty,15.86,10:53:20,2,8,145.09
2026-08-20,Comirnaty,15.27,10:53:50,2,8,145.1
2026-08-20,Comirnaty,6.53,10:54:20,2,8,0.0
2026-08-20,Comirnaty,10.73,10:54:50,2,8,145.12
2026-08-20,Comirnaty,17.61,10:55:20,2,8,145.13
2026-08-20,Comirnaty,12.44,10:55:50,2,8,145.15
2026-08-20,Comirnaty,3.86,10:56:20,2,8,0.0
2026-08-20,Comirnaty,12.62,10:56:50,2,8,145.17
2026-08-20,Comirnaty,15.57,10:57:20,2,8,145.18
2026-08-20,Comirnaty,10.95,10:57:50,2,8,145.19
2026-08-20,Comirnaty,11.55,10:58:20,2,8,145.2
2026-08-20,Comirnaty,9.48,10:58:50,2,8,145.21
2026-08-20,Comirnaty,10.81,10:59:20,2,8,145.22
2026-08-20,Comirnaty,12.17,10:59:50,2,8,145.23
2026-08-20,Comirnaty,5.45,11:00:20,2,8,0.0
2026-08-20,Comirnaty,17.59,11:00:50,2,8,145.25
2026-08-20,Comirnaty,11.57,11:01:20,2,8,145.26
2026-08-20,Comirnaty,17.64,11:01:50,2,8,145.28
2026-08-20,Comirnaty,17.54,11:02:20,2,8,145.29
2026-08-20,Comirnaty,11.91,11:02:50,2,8,145.3
2026-08-20,Comirnaty,3.62,11:03:20,2,8,0.0
2026-08-20,Comirnaty,12.31,11:03:50,2,8,145.32
2026-08-20,Comirnaty,15.46,11:04:20,2,8,145.33
2026-08-20,Comirnaty,3.49,11:04:50,2,8,0.0
2026-08-20,Comirnaty,7.44,11:05:20,2,8,0.0
2026-08-20,Comirnaty,16.27,11:05:50,2,8,145.36
2026-08-20,Comirnaty,7.92,11:06:20,2,8,0.0
2026-08-20,Comirnaty,11.27,11:06:50,2,8,145.38
2026-08-20,Comirnaty,13.29,11:07:20,2,8,145.39
2026-08-20,Comirnaty,5.68,11:07:50,2,8,0.0
2026-08-20,Comirnaty,16.22,11:08:20,2,8,145.42
2026-08-20,Comirnaty,6.15,11:08:50,2,8,0.0
2026-08-20,Comirnaty,12.24,11:09:20,2,8,145.44
2026-08-20,Comirnaty,13.69,11:09:50,2,8,145.45
2026-08-20,Comirnaty,2.03,11:10:20,2,8,0.0
2026-08-20,Comirnaty,15.37,11:10:50,2,8,145.47
2026-08-20,Comirnaty,10.8,11:11:20,2,8,145.48
2026-08-20,Comirnaty,9.47,11:11:50,2,8,145.49
2026-08-20,Comirnaty,5.77,11:12:20,2,8,0.0
2026-08-20,Comirnaty,6.78,11:12:50,2,8,0.0
2026-08-20,Comirnaty,4.44,11:13:20,2,8,0.0
2026-08-20,Comirnaty,2.61,11:13:50,2,8,0.0
2026-08-20,Comirnaty,4.0,11:14:20,2,8,0.0
2026-08-20,Comirnaty,5.09,11:14:50,2,8,0.0
2026-08-20,Comirnaty,10.22,11:15:20,2,8,145.57
2026-08-20,Comirnaty,13.18,11:15:50,2,8,145.58
2026-08-20,Comirnaty,2.68,11:16:20,2,8,0.0
2026-08-20,Comirnaty,17.88,11:16:50,2,8,145.6
2026-08-20,Comirnaty,5.2,11:17:20,2,8,0.0
2026-08-20,Comirnaty,12.44,11:17:50,2,8,145.62
2026-08-20,Comirnaty,4.49,11:18:20,2,8,0.0
2026-08-20,Comirnaty,14.36,11:18:50,2,8,145.64
2026-08-20,Comirnaty,7.65,11:19:20,2,8,0.0
2026-08-20,Comirnaty,15.47,11:19:50,2,8,145.66
2026-08-20,Comirnaty,9.35,11:20:20,2,8,145.68
2026-08-20,Comirnaty,11.46,11:20:50,2,8,145.69
2026-08-20,Comirnaty,2.04,11:21:20,2,8,0.0
2026-08-20,Comirnaty,5.66,11:21:50,2,8,0.0
2026-08-20,Comirnaty,13.69,11:22:20,2,8,145.72
2026-08-20,Comirnaty,2.11,11:22:50,2,8,0.0
2026-08-20,Comirnaty,11.2,11:23:20,2,8,145.74
2026-08-20,Comirnaty,10.56,11:23:50,2,8,145.75
2026-08-20,Comirnaty,16.55,11:24:20,2,8,145.76
2026-08-20,Comirnaty,10.55,11:24:50,2,8,145.77
2026-08-20,Comirnaty,11.42,11:25:20,2,8,145.78
2026-08-20,Comirnaty,9.94,11:25:50,2,8,145.8
2026-08-20,Comirnaty,15.79,11:26:20,2,8,145.81
2026-08-20,Comirnaty,6.52,11:26:50,2,8,0.0
2026-08-20,Comirnaty,14.57,11:27:20,2,8,145.83
2026-08-20,Comirnaty,10.1,11:27:50,2,8,145.84
2026-08-20,Comirnaty,16.39,11:28:20,2,8,145.85
2026-08-20,Comirnaty,14.27,11:28:50,2,8,145.86
2026-08-20,Comirnaty,16.77,11:29:20,2,8,145.87
2026-08-20,Comirnaty,4.39,11:29:50,2,8,0.0
2026-08-20,Comirnaty,11.06,11:30:20,2,8,145.89
2026-08-20,Comirnaty,6.33,11:30:50,2,8,0.0
2026-08-20,Comirnaty,16.29,11:31:20,2,8,145.91
2026-08-20,Comirnaty,11.65,11:31:50,2,8,145.93
2026-08-20,Comirnaty,6.56,11:32:20,2,8,0.0
2026-08-20,Comirnaty,10.03,11:32:50,2,8,145.95
2026-08-20,Comirnaty,2.58,11:33:20,2,8,0.0
2026-08-20,Comirnaty,4.77,11:33:50,2,8,0.0
2026-08-20,Comirnaty,3.67,11:34:20,2,8,0.0
2026-08-20,Comirnaty,16.56,11:34:50,2,8,145.99
2026-08-20,Comirnaty,3.01,11:35:20,2,8,0.0
2026-08-20,Comirnaty,14.11,11:35:50,2,8,146.01
2026-08-20,Comirnaty,11.92,11:36:20,2,8,146.02
2026-08-20,Comirnaty,5.89,11:36:50,2,8,0.0
2026-08-20,Comirnaty,16.41,11:37:20,2,8,146.04
2026-08-20,Comirnaty,3.44,11:37:50,2,8,0.0
2026-08-20,Comirnaty,14.08,11:38:20,2,8,146.07
2026-08-20,Comirnaty,15.59,11:38:50,2,8,146.08
2026-08-20,Comirnaty,14.0,11:39:20,2,8,146.09
2026-08-20,Comirnaty,3.95,11:39:50,2,8,0.0
2026-08-20,Comirnaty,14.84,11:40:20,2,8,146.11
2026-08-20,Comirnaty,5.19,11:40:50,2,8,0.0
2026-08-20,Comirnaty,12.48,11:41:20,2,8,146.13
2026-08-20,Comirnaty,12.82,11:41:50,2,8,146.14
2026-08-20,Comirnaty,16.82,11:42:20,2,8,146.15
2026-08-20,Comirnaty,3.47,11:42:50,2,8,0.0
2026-08-20,Comirnaty,2.89,11:43:20,2,8,0.0
2026-08-20,Comirnaty,15.96,11:43:50,2,8,146.19
2026-08-20,Comirnaty,4.32,11:44:20,2,8,0.0
2026-08-20,Comirnaty,11.87,11:44:50,2,8,146.21
2026-08-20,Comirnaty,9.62,11:45:20,2,8,146.22
2026-08-20,Comirnaty,10.33,11:45:50,2,8,146.23
2026-08-20,Comirnaty,11.64,11:46:20,2,8,146.24
2026-08-20,Comirnaty,15.74,11:46:50,2,8,146.25
2026-08-20,Comirnaty,16.51,11:47:20,2,8,146.26
2026-08-20,Comirnaty,12.65,11:47:50,2,8,146.27
2026-08-20,Comirnaty,15.6,11:48:20,2,8,146.28
2026-08-20,Comirnaty,3.36,11:48:50,2,8,0.0
2026-08-20,Comirnaty,6.91,11:49:20,2,8,0.0
2026-08-20,Comirnaty,7.71,11:49:50,2,8,0.0
2026-08-20,Comirnaty,12.13,11:50:20,2,8,146.33
2026-08-20,Comirnaty,5.87,11:50:50,2,8,0.0
2026-08-20,Comirnaty,6.96,11:51:20,2,8,0.0
2026-08-20,Comirnaty,7.96,11:51:50,2,8,0.0
2026-08-20,Comirnaty,16.71,11:52:20,2,8,146.37
2026-08-20,Comirnaty,7.49,11:52:50,2,8,0.0
2026-08-20,Comirnaty,16.02,11:53:20,2,8,146.39
2026-08-20,Comirnaty,6.32,11:53:50,2,8,0.0
2026-08-20,Comirnaty,14.01,11:54:20,2,8,146.41
2026-08-20,Comirnaty,10.3,11:54:50,2,8,146.42
2026-08-20,Comirnaty,12.55,11:55:20,2,8,146.43
2026-08-20,Comirnaty,5.42,11:55:50,2,8,0.0
2026-08-20,Comirnaty,15.01,11:56:20,2,8,146.46
2026-08-20,Comirnaty,14.98,11:56:50,2,8,146.47
2026-08-20,Comirnaty,5.81,11:57:20,2,8,0.0
2026-08-20,Comirnaty,7.36,11:57:50,2,8,0.0
2026-08-20,Comirnaty,5.62,11:58:20,2,8,0.0
2026-08-20,Comirnaty,11.34,11:58:50,2,8,146.51
2026-08-20,Comirnaty,14.94,11:59:20,2,8,146.52
2026-08-20,Comirnaty,14.58,11:59:50,2,8,146.53
2026-08-20,Comirnaty,2.87,12:00:20,2,8,0.0
2026-08-20,Comirnaty,12.71,12:00:50,2,8,146.55
2026-08-20,Comirnaty,2.43,12:01:20,2,8,0.0
2026-08-20,Comirnaty,6.63,12:01:50,2,8,0.0
2026-08-20,Comirnaty,11.82,12:02:20,2,8,146.59
2026-08-20,Comirnaty,3.51,12:02:50,2,8,0.0
2026-08-20,Comirnaty,15.47,12:03:20,2,8,146.61
2026-08-20,Comirnaty,14.03,12:03:50,2,8,146.62
2026-08-20,Comirnaty,4.91,12:04:20,2,8,0.0
2026-08-20,Comirnaty,17.98,12:04:50,2,8,146.64
2026-08-20,Comirnaty,6.36,12:05:20,2,8,0.0
2026-08-20,Comirnaty,3.34,12:05:50,2,8,0.0
2026-08-20,Comirnaty,2.09,12:06:20,2,8,0.0
2026-08-20,Comirnaty,3.78,12:06:50,2,8,0.0
2026-08-20,Comirnaty,14.75,12:07:20,2,8,146.69
2026-08-20,Comirnaty,15.16,12:07:50,2,8,146.7
2026-08-20,Comirnaty,15.22,12:08:20,2,8,146.72
2026-08-20,Comirnaty,16.78,12:08:50,2,8,146.73
2026-08-20,Comirnaty,6.04,12:09:20,2,8,0.0
2026-08-20,Comirnaty,5.38,12:09:50,2,8,0.0
2026-08-20,Comirnaty,9.22,12:10:20,2,8,146.76
2026-08-20,Comirnaty,3.4,12:10:50,2,8,0.0
2026-08-20,Comirnaty,5.97,12:11:20,2,8,0.0
2026-08-20,Comirnaty,7.22,12:11:50,2,8,0.0
2026-08-20,Comirnaty,15.36,12:12:20,2,8,146.8
2026-08-20,Comirnaty,16.67,12:12:50,2,8,146.81
2026-08-20,Comirnaty,17.49,12:13:20,2,8,146.82
2026-08-20,Comirnaty,15.38,12:13:50,2,8,146.84
2026-08-20,Comirnaty,17.88,12:14:20,2,8,146.85
2026-08-20,Comirnaty,12.5,12:14:50,2,8,146.86
2026-08-20,Comirnaty,9.87,12:15:20,2,8,146.87
2026-08-20,Comirnaty,4.92,12:15:50,2,8,0.0
2026-08-20,Comirnaty,15.75,12:16:20,2,8,146.89
2026-08-20,Comirnaty,11.55,12:16:50,2,8,146.9
2026-08-20,Comirnaty,4.78,12:17:20,2,8,0.0
2026-08-20,Comirnaty,4.34,12:17:50,2,8,0.0
2026-08-20,Comirnaty,5.9,12:18:20,2,8,0.0
2026-08-20,Comirnaty,16.15,12:18:50,2,8,146.94
2026-08-20,Comirnaty,10.49,12:19:20,2,8,146.95
2026-08-20,Comirnaty,3.29,12:19:50,2,8,0.0
2026-08-20,Comirnaty,7.83,12:20:20,2,8,0.0
2026-08-20,Comirnaty,6.57,12:20:50,2,8,0.0
2026-08-20,Comirnaty,11.67,12:21:20,2,8,147.0
2026-08-20,Comirnaty,13.04,12:21:50,2,8,147.01
2026-08-20,Comirnaty,16.84,12:22:20,2,8,147.02
2026-08-20,Comirnaty,14.27,12:22:50,2,8,147.03
2026-08-20,Comirnaty,4.53,12:23:20,2,8,0.0
2026-08-20,Comirnaty,14.02,12:23:50,2,8,147.05
2026-08-20,Comirnaty,16.79,12:24:20,2,8,147.06
2026-08-20,Comirnaty,16.33,12:24:50,2,8,147.07
2026-08-20,Comirnaty,12.86,12:25:20,2,8,147.08
2026-08-20,Comirnaty,9.94,12:25:50,2,8,147.09
2026-08-20,Comirnaty,4.41,12:26:20,2,8,0.0
2026-08-20,Comirnaty,10.44,12:26:50,2,8,147.12
2026-08-20,Comirnaty,10.47,12:27:20,2,8,147.13
2026-08-20,Comirnaty,6.95,12:27:50,2,8,0.0
2026-08-20,Comirnaty,6.86,12:28:20,2,8,0.0
2026-08-20,Comirnaty,15.98,12:28:50,2,8,147.16
2026-08-20,Comirnaty,14.27,12:29:20,2,8,147.17
2026-08-20,Comirnaty,10.75,12:29:50,2,8,147.18
2026-08-20,Comirnaty,7.61,12:30:20,2,8,0.0
2026-08-20,Comirnaty,16.66,12:30:50,2,8,147.2
2026-08-20,Comirnaty,15.26,12:31:20,2,8,147.21
2026-08-20,Comirnaty,7.99,12:31:50,2,8,0.0
2026-08-20,Comirnaty,10.24,12:32:20,2,8,147.24
2026-08-20,Comirnaty,7.8,12:32:50,2,8,0.0
2026-08-20,Comirnaty,9.52,12:33:20,2,8,147.26
2026-08-20,Comirnaty,12.21,12:33:50,2,8,147.27
2026-08-20,Comirnaty,9.51,12:34:20,2,8,147.28
2026-08-20,Comirnaty,9.78,12:34:50,2,8,147.29
2026-08-20,Comirnaty,9.74,12:35:20,2,8,147.3
2026-08-20,Comirnaty,11.25,12:35:50,2,8,147.31
2026-08-20,Comirnaty,6.98,12:36:20,2,8,0.0
2026-08-20,Comirnaty,3.02,12:36:50,2,8,0.0
2026-08-20,Comirnaty,13.63,12:37:20,2,8,147.34
2026-08-20,Comirnaty,5.47,12:37:50,2,8,0.0
2026-08-20,Comirnaty,6.07,12:38:20,2,8,0.0
2026-08-20,Comirnaty,14.76,12:38:50,2,8,147.38
2026-08-20,Comirnaty,9.1,12:39:20,2,8,147.39
2026-08-20,Comirnaty,15.62,12:39:50,2,8,147.4
2026-08-20,Comirnaty,5.21,12:40:20,2,8,0.0
2026-08-20,Comirnaty,2.96,12:40:50,2,8,0.0
2026-08-20,Comirnaty,10.12,12:41:20,2,8,147.43
2026-08-20,Comirnaty,7.03,12:41:50,2,8,0.0
2026-08-20,Comirnaty,16.97,12:42:20,2,8,147.45
2026-08-20,Comirnaty,13.5,12:42:50,2,8,147.46
2026-08-20,Comirnaty,17.05,12:43:20,2,8,147.47
2026-08-20,Comirnaty,6.22,12:43:50,2,8,0.0
2026-08-20,Comirnaty,12.29,12:44:20,2,8,147.5
2026-08-20,Comirnaty,6.7,12:44:50,2,8,0.0
2026-08-20,Comirnaty,17.22,12:45:20,2,8,147.52
2026-08-20,Comirnaty,6.02,12:45:50,2,8,0.0
2026-08-20,Comirnaty,2.73,12:46:20,2,8,0.0
2026-08-20,Comirnaty,9.63,12:46:50,2,8,147.55
2026-08-20,Comirnaty,14.46,12:47:20,2,8,147.56
2026-08-20,Comirnaty,16.3,12:47:50,2,8,147.57
2026-08-20,Comirnaty,5.02,12:48:20,2,8,0.0
2026-08-20,Comirnaty,17.38,12:48:50,2,8,147.59
2026-08-20,Comirnaty,14.16,12:49:20,2,8,147.6
2026-08-20,Comirnaty,15.56,12:49:50,2,8,147.62
2026-08-20,Comirnaty,12.16,12:50:20,2,8,147.63
2026-08-20,Comirnaty,4.53,12:50:50,2,8,0.0
2026-08-20,Comirnaty,15.57,12:51:20,2,8,147.65
2026-08-20,Comirnaty,6.75,12:51:50,2,8,0.0
2026-08-20,Comirnaty,10.67,12:52:20,2,8,147.67
2026-08-20,Comirnaty,16.86,12:52:50,2,8,147.68
2026-08-20,Comirnaty,12.59,12:53:20,2,8,147.69
2026-08-20,Comirnaty,5.58,12:53:50,2,8,0.0
2026-08-20,Comirnaty,3.62,12:54:20,2,8,0.0
2026-08-20,Comirnaty,17.95,12:54:50,2,8,147.72
2026-08-20,Comirnaty,9.62,12:55:20,2,8,147.73
2026-08-20,Comirnaty,5.1,12:55:50,2,8,0.0
2026-08-20,Comirnaty,9.93,12:56:20,2,8,147.76
2026-08-20,Comirnaty,16.19,12:56:50,2,8,147.77
2026-08-20,Comirnaty,3.67,12:57:20,2,8,0.0
2026-08-20,Comirnaty,10.87,12:57:50,2,8,147.79
2026-08-20,Comirnaty,14.2,12:58:20,2,8,147.8
2026-08-20,Comirnaty,17.05,12:58:50,2,8,147.81
2026-08-20,Comirnaty,3.33,12:59:20,2,8,0.0
2026-08-20,Comirnaty,11.17,12:59:50,2,8,147.83
2026-08-20,Comirnaty,9.08,13:00:20,2,8,147.84
2026-08-20,Comirnaty,11.47,13:00:50,2,8,147.85
2026-08-20,Comirnaty,16.67,13:01:20,2,8,147.86
2026-08-20,Comirnaty,11.94,13:01:50,2,8,147.88
2026-08-20,Comirnaty,6.43,13:02:20,2,8,0.0
2026-08-20,Comirnaty,9.21,13:02:50,2,8,147.9
2026-08-20,Comirnaty,3.86,13:03:20,2,8,0.0
2026-08-20,Comirnaty,6.44,13:03:50,2,8,0.0
2026-08-20,Comirnaty,4.99,13:04:20,2,8,0.0
2026-08-20,Comirnaty,7.34,13:04:50,2,8,0.0
2026-08-20,Comirnaty,5.81,13:05:20,2,8,0.0
2026-08-20,Comirnaty,11.61,13:05:50,2,8,147.96
2026-08-20,Comirnaty,11.07,13:06:20,2,8,147.97
2026-08-20,Comirnaty,13.52,13:06:50,2,8,147.98
2026-08-20,Comirnaty,16.95,13:07:20,2,8,147.99
2026-08-20,Comirnaty,11.8,13:07:50,2,8,148.0
2026-08-20,Comirnaty,3.36,13:08:20,2,8,0.0
2026-08-20,Comirnaty,15.1,13:08:50,2,8,148.03
2026-08-20,Comirnaty,9.09,13:09:20,2,8,148.04
2026-08-20,Comirnaty,4.08,13:09:50,2,8,0.0
2026-08-20,Comirnaty,17.51,13:10:20,2,8,148.06
2026-08-20,Comirnaty,12.9,13:10:50,2,8,148.07
2026-08-20,Comirnaty,15.71,13:11:20,2,8,148.08
2026-08-20,Comirnaty,12.45,13:11:50,2,8,148.09
2026-08-20,Comirnaty,12.35,13:12:20,2,8,148.1
2026-08-20,Comirnaty,13.16,13:12:50,2,8,148.11
2026-08-20,Comirnaty,6.94,13:13:20,2,8,0.0
2026-08-20,Comirnaty,11.97,13:13:50,2,8,148.14
2026-08-20,Comirnaty,17.12,13:14:20,2,8,148.15
2026-08-20,Comirnaty,5.46,13:14:50,2,8,0.0
2026-08-20,Comirnaty,12.44,13:15:20,2,8,148.17
2026-08-20,Comirnaty,3.28,13:15:50,2,8,0.0
2026-08-20,Comirnaty,3.42,13:16:20,2,8,0.0
2026-08-20,Comirnaty,9.67,13:16:50,2,8,148.2
2026-08-20,Comirnaty,6.73,13:17:20,2,8,0.0
2026-08-20,Comirnaty,5.21,13:17:50,2,8,0.0
2026-08-20,Comirnaty,2.97,13:18:20,2,8,0.0
2026-08-20,Comirnaty,14.09,13:18:50,2,8,148.24
2026-08-20,Comirnaty,10.1,13:19:20,2,8,148.25
2026-08-20,Comirnaty,10.39,13:19:50,2,8,148.27
2026-08-20,Comirnaty,5.6,13:20:20,2,8,0.0
2026-08-20,Comirnaty,10.8,13:20:50,2,8,148.29
2026-08-20,Comirnaty,10.38,13:21:20,2,8,148.3
2026-08-20,Comirnaty,17.56,13:21:50,2,8,148.31
2026-08-20,Comirnaty,16.36,13:22:20,2,8,148.32
2026-08-20,Comirnaty,11.03,13:22:50,2,8,148.33
2026-08-20,Comirnaty,14.1,13:23:20,2,8,148.34
2026-08-20,Comirnaty,14.11,13:23:50,2,8,148.35
2026-08-20,Comirnaty,5.2,13:24:20,2,8,0.0
2026-08-20,Comirnaty,16.4,13:24:50,2,8,148.37
2026-08-20,Comirnaty,9.4,13:25:20,2,8,148.38
2026-08-20,Comirnaty,9.82,13:25:50,2,8,148.4
2026-08-20,Comirnaty,7.1,13:26:20,2,8,0.0
2026-08-20,Comirnaty,10.88,13:26:50,2,8,148.42
2026-08-20,Comirnaty,4.54,13:27:20,2,8,0.0
2026-08-20,Comirnaty,10.97,13:27:50,2,8,148.44
2026-08-20,Comirnaty,11.27,13:28:20,2,8,148.45
2026-08-20,Comirnaty,14.76,13:28:50,2,8,148.46
2026-08-20,Comirnaty,10.57,13:29:20,2,8,148.47
2026-08-20,Comirnaty,16.68,13:29:50,2,8,148.48
2026-08-20,Comirnaty,17.05,13:30:20,2,8,148.49
2026-08-20,Comirnaty,13.69,13:30:50,2,8,148.5
2026-08-20,Comirnaty,2.33,13:31:20,2,8,0.0
2026-08-20,Comirnaty,13.99,13:31:50,2,8,148.53
2026-08-20,Comirnaty,14.13,13:32:20,2,8,148.54
2026-08-20,Comirnaty,2.84,13:32:50,2,8,0.0
2026-08-20,Comirnaty,4.84,13:33:20,2,8,0.0
2026-08-20,Comirnaty,6.66,13:33:50,2,8,0.0
2026-08-20,Comirnaty,13.96,13:34:20,2,8,148.58
2026-08-20,Comirnaty,14.12,13:34:50,2,8,148.59
2026-08-20,Comirnaty,12.28,13:35:20,2,8,148.6
2026-08-20,Comirnaty,11.1,13:35:50,2,8,148.61
2026-08-20,Comirnaty,13.74,13:36:20,2,8,148.62
2026-08-20,Comirnaty,4.38,13:36:50,2,8,0.0
2026-08-20,Comirnaty,5.83,13:37:20,2,8,0.0
2026-08-20,Comirnaty,11.2,13:37:50,2,8,148.66
2026-08-20,Comirnaty,12.58,13:38:20,2,8,148.67
2026-08-20,Comirnaty,5.92,13:38:50,2,8,0.0
2026-08-20,Comirnaty,3.47,13:39:20,2,8,0.0
2026-08-20,Comirnaty,16.2,13:39:50,2,8,148.7
2026-08-20,Comirnaty,16.78,13:40:20,2,8,148.71
2026-08-20,Comirnaty,16.46,13:40:50,2,8,148.72
2026-08-20,Comirnaty,7.62,13:41:20,2,8,0.0
2026-08-20,Comirnaty,15.91,13:41:50,2,8,148.74
2026-08-20,Comirnaty,6.17,13:42:20,2,8,0.0
2026-08-20,Comirnaty,9.4,13:42:50,2,8,148.76
2026-08-20,Comirnaty,2.23,13:43:20,2,8,0.0
2026-08-20,Comirnaty,9.88,13:43:50,2,8,148.78
2026-08-20,Comirnaty,3.56,13:44:20,2,8,0.0
2026-08-20,Comirnaty,6.21,13:44:50,2,8,0.0
2026-08-20,Comirnaty,10.53,13:45:20,2,8,148.82
2026-08-20,Comirnaty,11.51,13:45:50,2,8,148.83
2026-08-20,Comirnaty,10.54,13:46:20,2,8,148.84
2026-08-20,Comirnaty,15.35,13:46:50,2,8,148.85
2026-08-20,Comirnaty,16.78,13:47:20,2,8,148.86
2026-08-20,Comirnaty,16.31,13:47:50,2,8,148.87
2026-08-20,Comirnaty,10.3,13:48:20,2,8,148.88
2026-08-20,Comirnaty,2.34,13:48:50,2,8,0.0
2026-08-20,Comirnaty,16.95,13:49:20,2,8,148.9
2026-08-20,Comirnaty,17.26,13:49:50,2,8,148.91
2026-08-20,Comirnaty,17.72,13:50:20,2,8,148.93
2026-08-20,Comirnaty,4.73,13:50:50,2,8,0.0
2026-08-20,Comirnaty,12.58,13:51:20,2,8,148.95
2026-08-20,Comirnaty,3.8,13:51:50,2,8,0.0
2026-08-20,Comirnaty,2.28,13:52:20,2,8,0.0
2026-08-20,Comirnaty,9.56,13:52:50,2,8,148.98
2026-08-20,Comirnaty,9.06,13:53:20,2,8,148.99
2026-08-20,Comirnaty,11.97,13:53:50,2,8,149.0
2026-08-20,Comirnaty,4.88,13:54:20,2,8,0.0
2026-08-20,Comirnaty,4.03,13:54:50,2,8,0.0
2026-08-20,Comirnaty,17.42,13:55:20,2,8,149.03
2026-08-20,Comirnaty,7.17,13:55:50,2,8,0.0
2026-08-20,Comirnaty,13.02,13:56:20,2,8,149.06
2026-08-20,Comirnaty,17.33,13:56:50,2,8,149.07
2026-08-20,Comirnaty,15.39,13:57:20,2,8,149.08
2026-08-20,Comirnaty,4.04,13:57:50,2,8,0.0
2026-08-20,Comirnaty,2.93,13:58:20,2,8,0.0
2026-08-20,Comirnaty,12.39,13:58:50,2,8,149.11
2026-08-20,Comirnaty,2.69,13:59:20,2,8,0.0
2026-08-20,Comirnaty,15.96,13:59:50,2,8,149.13
2026-08-20,Comirnaty,4.77,14:00:20,2,8,0.0
2026-08-20,Comirnaty,11.86,14:00:50,2,8,149.15
2026-08-20,Comirnaty,15.22,14:01:20,2,8,149.16
2026-08-20,Comirnaty,16.91,14:01:50,2,8,149.18
2026-08-20,Comirnaty,12.87,14:02:20,2,8,149.19
2026-08-20,Comirnaty,10.3,14:02:50,2,8,149.2
2026-08-20,Comirnaty,3.38,14:03:20,2,8,0.0
2026-08-20,Comirnaty,16.98,14:03:50,2,8,149.22
2026-08-20,Comirnaty,4.29,14:04:20,2,8,0.0
2026-08-20,Comirnaty,4.19,14:04:50,2,8,0.0
2026-08-20,Comirnaty,4.71,14:05:20,2,8,0.0
2026-08-20,Comirnaty,3.05,14:05:50,2,8,0.0
2026-08-20,Comirnaty,12.51,14:06:20,2,8,149.27
2026-08-20,Comirnaty,11.45,14:06:50,2,8,149.28
2026-08-20,Comirnaty,16.3,14:07:20,2,8,149.29
2026-08-20,Comirnaty,7.81,14:07:50,2,8,0.0
2026-08-20,Comirnaty,5.34,14:08:20,2,8,0.0
2026-08-20,Comirnaty,6.62,14:08:50,2,8,0.0
2026-08-20,Comirnaty,5.65,14:09:20,2,8,0.0
2026-08-20,Comirnaty,16.04,14:09:50,2,8,149.35
2026-08-20,Comirnaty,15.75,14:10:20,2,8,149.36
2026-08-20,Comirnaty,14.24,14:10:50,2,8,149.37
2026-08-20,Comirnaty,17.99,14:11:20,2,8,149.38
2026-08-20,Comirnaty,13.45,14:11:50,2,8,149.39
2026-08-20,Comirnaty,10.51,14:12:20,2,8,149.4
2026-08-20,Comirnaty,7.4,14:12:50,2,8,0.0
2026-08-20,Comirnaty,5.66,14:13:20,2,8,0.0
2026-08-20,Comirnaty,4.77,14:13:50,2,8,0.0
2026-08-20,Comirnaty,11.13,14:14:20,2,8,149.45
2026-08-20,Comirnaty,14.15,14:14:50,2,8,149.46
2026-08-20,Comirnaty,6.47,14:15:20,2,8,0.0
2026-08-20,Comirnaty,13.56,14:15:50,2,8,149.48
2026-08-20,Comirnaty,15.8,14:16:20,2,8,149.49
2026-08-20,Comirnaty,11.72,14:16:50,2,8,149.5
2026-08-20,Comirnaty,12.63,14:17:20,2,8,149.51
2026-08-20,Comirnaty,9.13,14:17:50,2,8,149.52
2026-08-20,Comirnaty,9.28,14:18:20,2,8,149.53
2026-08-20,Comirnaty,3.34,14:18:50,2,8,0.0
2026-08-20,Comirnaty,6.7,14:19:20,2,8,0.0
2026-08-20,Comirnaty,11.89,14:19:50,2,8,149.56
2026-08-20,Comirnaty,3.74,14:20:20,2,8,0.0
2026-08-20,Comirnaty,12.42,14:20:50,2,8,149.59
2026-08-20,Comirnaty,5.19,14:21:20,2,8,0.0
2026-08-20,Comirnaty,12.1,14:21:50,2,8,149.61
2026-08-20,Comirnaty,17.3,14:22:20,2,8,149.62
2026-08-20,Comirnaty,4.19,14:22:50,2,8,0.0
2026-08-20,Comirnaty,2.6,14:23:20,2,8,0.0
2026-08-20,Comirnaty,4.81,14:23:50,2,8,0.0
2026-08-20,Comirnaty,12.87,14:24:20,2,8,149.66
2026-08-20,Comirnaty,7.08,14:24:50,2,8,0.0
2026-08-20,Comirnaty,11.74,14:25:20,2,8,149.68
2026-08-20,Comirnaty,4.63,14:25:50,2,8,0.0
2026-08-20,Comirnaty,7.47,14:26:20,2,8,0.0
2026-08-20,Comirnaty,11.86,14:26:50,2,8,149.72
2026-08-20,Comirnaty,6.55,14:27:20,2,8,0.0
2026-08-20,Comirnaty,5.2,14:27:50,2,8,0.0
2026-08-20,Comirnaty,3.04,14:28:20,2,8,0.0
2026-08-20,Comirnaty,9.92,14:28:50,2,8,149.76
2026-08-20,Comirnaty,4.76,14:29:20,2,8,0.0
2026-08-20,Comirnaty,5.4,14:29:50,2,8,0.0
2026-08-20,Comirnaty,15.15,14:30:20,2,8,149.79
2026-08-20,Comirnaty,13.38,14:30:50,2,8,149.8
2026-08-20,Comirnaty,3.78,14:31:20,2,8,0.0
2026-08-20,Comirnaty,11.07,14:31:50,2,8,149.83
2026-08-20,Comirnaty,14.81,14:32:20,2,8,149.84
2026-08-20,Comirnaty,3.29,14:32:50,2,8,0.0
2026-08-20,Comirnaty,9.87,14:33:20,2,8,149.86
2026-08-20,Comirnaty,5.1,14:33:50,2,8,0.0
2026-08-20,Comirnaty,12.87,14:34:20,2,8,149.88
2026-08-20,Comirnaty,11.39,14:34:50,2,8,149.89
2026-08-20,Comirnaty,7.39,14:35:20,2,8,0.0
2026-08-20,Comirnaty,9.41,14:35:50,2,8,149.91
2026-08-20,Comirnaty,5.41,14:36:20,2,8,0.0
2026-08-20,Comirnaty,7.24,14:36:50,2,8,0.0
2026-08-20,Comirnaty,6.37,14:37:20,2,8,0.0
2026-08-20,Comirnaty,12.83,14:37:50,2,8,149.95
2026-08-20,Comirnaty,4.62,14:38:20,2,8,0.0
2026-08-20,Comirnaty,14.86,14:38:50,2,8,149.98
2026-08-20,Comirnaty,9.7,14:39:20,2,8,149.99
2026-08-20,Comirnaty,2.83,14:39:50,2,8,0.0
2026-08-20,Comirnaty,2.55,14:40:20,2,8,0.0
2026-08-20,Comirnaty,5.46,14:40:50,2,8,0.0
2026-08-20,Comirnaty,15.0,14:41:20,2,8,150.03
2026-08-20,Comirnaty,9.4,14:41:50,2,8,150.04
2026-08-20,Comirnaty,14.66,14:42:20,2,8,150.05
2026-08-20,Comirnaty,14.57,14:42:50,2,8,150.06
2026-08-20,Comirnaty,12.36,14:43:20,2,8,150.07
2026-08-20,Comirnaty,15.0,14:43:50,2,8,150.09
2026-08-20,Comirnaty,12.86,14:44:20,2,8,150.1
2026-08-20,Comirnaty,12.26,14:44:50,2,8,150.11
2026-08-20,Comirnaty,2.89,14:45:20,2,8,0.0
2026-08-20,Comirnaty,3.0,14:45:50,2,8,0.0
2026-08-20,Comirnaty,12.72,14:46:20,2,8,150.14
2026-08-20,Comirnaty,3.57,14:46:50,2,8,0.0
2026-08-20,Comirnaty,10.57,14:47:20,2,8,150.16
2026-08-20,Comirnaty,10.83,14:47:50,2,8,150.17
2026-08-20,Comirnaty,9.63,14:48:20,2,8,150.18
2026-08-20,Comirnaty,11.6,14:48:50,2,8,150.19
2026-08-20,Comirnaty,5.71,14:49:20,2,8,0.0
2026-08-20,Comirnaty,4.24,14:49:50,2,8,0.0
2026-08-20,Comirnaty,9.09,14:50:20,2,8,150.23
2026-08-20,Comirnaty,16.53,14:50:50,2,8,150.24
2026-08-20,Comirnaty,11.97,14:51:20,2,8,150.25
2026-08-20,Comirnaty,3.78,14:51:50,2,8,0.0
2026-08-20,Comirnaty,12.31,14:52:20,2,8,150.27
2026-08-20,Comirnaty,9.83,14:52:50,2,8,150.28
2026-08-20,Comirnaty,13.73,14:53:20,2,8,150.29
2026-08-20,Comirnaty,3.39,14:53:50,2,8,0.0
2026-08-20,Comirnaty,3.21,14:54:20,2,8,0.0
2026-08-20,Comirnaty,7.08,14:54:50,2,8,0.0
2026-08-20,Comirnaty,5.9,14:55:20,2,8,0.0
2026-08-20,Comirnaty,14.94,14:55:50,2,8,150.34
2026-08-20,Comirnaty,9.53,14:56:20,2,8,150.36
2026-08-20,Comirnaty,2.99,14:56:50,2,8,0.0
2026-08-20,Comirnaty,17.22,14:57:20,2,8,150.38
2026-08-20,Comirnaty,12.55,14:57:50,2,8,150.39
2026-08-20,Comirnaty,4.17,14:58:20,2,8,0.0
2026-08-20,Comirnaty,14.32,14:58:50,2,8,150.41
2026-08-20,Comirnaty,16.61,14:59:20,2,8,150.42
2026-08-20,Comirnaty,13.95,14:59:50,2,8,150.43
2026-08-20,Comirnaty,6.47,15:00:20,2,8,0.0
2026-08-20,Comirnaty,7.08,15:00:50,2,8,0.0
2026-08-20,Comirnaty,13.64,15:01:20,2,8,150.46
2026-08-20,Comirnaty,6.93,15:01:50,2,8,0.0
2026-08-20,Comirnaty,17.42,15:02:20,2,8,150.49
2026-08-20,Comirnaty,7.61,15:02:50,2,8,0.0
2026-08-20,Comirnaty,7.32,15:03:20,2,8,0.0
2026-08-20,Comirnaty,2.2,15:03:50,2,8,0.0
2026-08-20,Comirnaty,16.81,15:04:20,2,8,150.53
2026-08-20,Comirnaty,15.73,15:04:50,2,8,150.54
2026-08-20,Comirnaty,17.7,15:05:20,2,8,150.55
2026-08-20,Comirnaty,12.61,15:05:50,2,8,150.56
2026-08-20,Comirnaty,9.22,15:06:20,2,8,150.57
2026-08-20,Comirnaty,9.54,15:06:50,2,8,150.58
2026-08-20,Comirnaty,2.58,15:07:20,2,8,0.0
2026-08-20,Comirnaty,11.63,15:07:50,2,8,150.6
2026-08-20,Comirnaty,14.42,15:08:20,2,8,150.62
2026-08-20,Comirnaty,14.92,15:08:50,2,8,150.63
2026-08-20,Comirnaty,12.22,15:09:20,2,8,150.64
2026-08-20,Comirnaty,7.1,15:09:50,2,8,0.0
2026-08-20,Comirnaty,4.25,15:10:20,2,8,0.0
2026-08-20,Comirnaty,7.54,15:10:50,2,8,0.0
2026-08-20,Comirnaty,11.33,15:11:20,2,8,150.68
2026-08-20,Comirnaty,14.56,15:11:50,2,8,150.69
2026-08-20,Comirnaty,2.39,15:12:20,2,8,0.0
2026-08-20,Comirnaty,10.51,15:12:50,2,8,150.71
2026-08-20,Comirnaty,4.98,15:13:20,2,8,0.0
2026-08-20,Comirnaty,11.81,15:13:50,2,8,150.74
2026-08-20,Comirnaty,12.71,15:14:20,2,8,150.75
2026-08-20,Comirnaty,5.88,15:14:50,2,8,0.0
2026-08-20,Comirnaty,10.48,15:15:20,2,8,150.77
2026-08-20,Comirnaty,10.91,15:15:50,2,8,150.78
2026-08-20,Comirnaty,4.9,15:16:20,2,8,0.0
2026-08-20,Comirnaty,5.64,15:16:50,2,8,0.0
2026-08-20,Comirnaty,2.62,15:17:20,2,8,0.0
2026-08-20,Comirnaty,2.27,15:17:50,2,8,0.0
2026-08-20,Comirnaty,10.93,15:18:20,2,8,150.83
2026-08-20,Comirnaty,13.88,15:18:50,2,8,150.84
2026-08-20,Comirnaty,16.02,15:19:20,2,8,150.85
2026-08-20,Comirnaty,3.83,15:19:50,2,8,0.0
2026-08-20,Comirnaty,10.65,15:20:20,2,8,150.88
2026-08-20,Comirnaty,11.31,15:20:50,2,8,150.89
2026-08-20,Comirnaty,9.21,15:21:20,2,8,150.9
2026-08-20,Comirnaty,14.61,15:21:50,2,8,150.91
2026-08-20,Comirnaty,16.24,15:22:20,2,8,150.92
2026-08-20,Comirnaty,12.56,15:22:50,2,8,150.93
2026-08-20,Comirnaty,16.75,15:23:20,2,8,150.94
2026-08-20,Comirnaty,17.73,15:23:50,2,8,150.95
2026-08-20,Comirnaty,7.85,15:24:20,2,8,0.0
2026-08-20,Comirnaty,3.42,15:24:50,2,8,0.0
2026-08-20,Comirnaty,14.29,15:25:20,2,8,150.98
2026-08-20,Comirnaty,4.64,15:25:50,2,8,0.0
2026-08-20,Comirnaty,12.6,15:26:20,2,8,151.01
2026-08-20,Comirnaty,9.35,15:26:50,2,8,151.02
2026-08-20,Comirnaty,2.85,15:27:20,2,8,0.0
2026-08-20,Comirnaty,12.92,15:27:50,2,8,151.04
2026-08-20,Comirnaty,16.03,15:28:20,2,8,151.05
2026-08-20,Comirnaty,4.49,15:28:50,2,8,0.0
2026-08-20,Comirnaty,5.79,15:29:20,2,8,0.0
2026-08-20,Comirnaty,7.74,15:29:50,2,8,0.0
2026-08-20,Comirnaty,14.04,15:30:20,2,8,151.09
2026-08-20,Comirnaty,10.14,15:30:50,2,8,151.1
2026-08-20,Comirnaty,11.18,15:31:20,2,8,151.11
2026-08-20,Comirnaty,15.68,15:31:50,2,8,151.12
2026-08-20,Comirnaty,17.71,15:32:20,2,8,151.14
2026-08-20,Comirnaty,4.59,15:32:50,2,8,0.0
2026-08-20,Comirnaty,6.82,15:33:20,2,8,0.0
2026-08-20,Comirnaty,12.67,15:33:50,2,8,151.17
2026-08-20,Comirnaty,10.01,15:34:20,2,8,151.18
2026-08-20,Comirnaty,9.39,15:34:50,2,8,151.19
2026-08-20,Comirnaty,2.68,15:35:20,2,8,0.0
2026-08-20,Comirnaty,15.4,15:35:50,2,8,151.21
2026-08-20,Comirnaty,9.54,15:36:20,2,8,151.22
2026-08-20,Comirnaty,9.91,15:36:50,2,8,151.23
2026-08-20,Comirnaty,11.18,15:37:20,2,8,151.24
2026-08-20,Comirnaty,3.22,15:37:50,2,8,0.0
2026-08-20,Comirnaty,5.14,15:38:20,2,8,0.0
2026-08-20,Comirnaty,7.73,15:38:50,2,8,0.0
2026-08-20,Comirnaty,5.85,15:39:20,2,8,0.0
2026-08-20,Comirnaty,16.67,15:39:50,2,8,151.3
2026-08-20,Comirnaty,3.84,15:40:20,2,8,0.0
2026-08-20,Comirnaty,10.86,15:40:50,2,8,151.32
2026-08-20,Comirnaty,2.06,15:41:20,2,8,0.0
2026-08-20,Comirnaty,14.94,15:41:50,2,8,151.34
2026-08-20,Comirnaty,14.78,15:42:20,2,8,151.35
2026-08-20,Comirnaty,14.54,15:42:50,2,8,151.36
2026-08-20,Comirnaty,15.07,15:43:20,2,8,151.37
2026-08-20,Comirnaty,15.61,15:43:50,2,8,151.39
2026-08-20,Comirnaty,17.97,15:44:20,2,8,151.4
2026-08-20,Comirnaty,16.75,15:44:50,2,8,151.41
2026-08-20,Comirnaty,11.69,15:45:20,2,8,151.42
2026-08-20,Comirnaty,13.79,15:45:50,2,8,151.43
2026-08-20,Comirnaty,12.54,15:46:20,2,8,151.44
2026-08-20,Comirnaty,16.01,15:46:50,2,8,151.45
2026-08-20,Comirnaty,13.1,15:47:20,2,8,151.46
2026-08-20,Comirnaty,9.48,15:47:50,2,8,151.47
2026-08-20,Comirnaty,14.33,15:48:20,2,8,151.48
2026-08-20,Comirnaty,11.02,15:48:50,2,8,151.49
2026-08-20,Comirnaty,10.39,15:49:20,2,8,151.5
2026-08-20,Comirnaty,10.21,15:49:50,2,8,151.52
2026-08-20,Comirnaty,2.5,15:50:20,2,8,0.0
2026-08-20,Comirnaty,5.8,15:50:50,2,8,0.0
2026-08-20,Comirnaty,13.74,15:51:20,2,8,151.55
2026-08-20,Comirnaty,10.87,15:51:50,2,8,151.56
2026-08-20,Comirnaty,14.28,15:52:20,2,8,151.57
2026-08-20,Comirnaty,12.88,15:52:50,2,8,151.58
2026-08-20,Comirnaty,6.12,15:53:20,2,8,0.0
2026-08-20,Comirnaty,13.45,15:53:50,2,8,151.6
2026-08-20,Comirnaty,7.41,15:54:20,2,8,0.0
2026-08-20,Comirnaty,14.24,15:54:50,2,8,151.62
2026-08-20,Comirnaty,14.59,15:55:20,2,8,151.63
2026-08-20,Comirnaty,3.66,15:55:50,2,8,0.0
2026-08-20,Comirnaty,15.32,15:56:20,2,8,151.66
2026-08-20,Comirnaty,14.82,15:56:50,2,8,151.67
2026-08-20,Comirnaty,11.54,15:57:20,2,8,151.68
2026-08-20,Comirnaty,10.16,15:57:50,2,8,151.69
2026-08-20,Comirnaty,3.5,15:58:20,2,8,0.0
2026-08-20,Comirnaty,3.97,15:58:50,2,8,0.0
2026-08-20,Comirnaty,7.33,15:59:20,2,8,0.0
2026-08-20,Comirnaty,15.92,15:59:50,2,8,151.73
2026-08-20,Comirnaty,10.41,16:00:20,2,8,151.74
2026-08-20,Comirnaty,5.97,16:00:50,2,8,0.0
2026-08-20,Comirnaty,13.3,16:01:20,2,8,151.76
2026-08-20,Comirnaty,11.99,16:01:50,2,8,151.78
2026-08-20,Comirnaty,12.0,16:02:20,2,8,151.79
2026-08-20,Comirnaty,6.48,16:02:50,2,8,0.0
2026-08-20,Comirnaty,3.1,16:03:20,2,8,0.0
2026-08-20,Comirnaty,11.22,16:03:50,2,8,151.82
2026-08-20,Comirnaty,5.93,16:04:20,2,8,0.0
2026-08-20,Comirnaty,3.75,16:04:50,2,8,0.0
2026-08-20,Comirnaty,11.84,16:05:20,2,8,151.85
2026-08-20,Comirnaty,6.0,16:05:50,2,8,0.0
2026-08-20,Comirnaty,11.7,16:06:20,2,8,151.87
2026-08-20,Comirnaty,3.21,16:06:50,2,8,0.0
2026-08-20,Comirnaty,9.88,16:07:20,2,8,151.89
2026-08-20,Comirnaty,13.32,16:07:50,2,8,151.91
2026-08-20,Comirnaty,2.17,16:08:20,2,8,0.0
2026-08-20,Comirnaty,5.8,16:08:50,2,8,0.0
2026-08-20,Comirnaty,9.93,16:09:20,2,8,151.94
2026-08-20,Comirnaty,14.85,16:09:50,2,8,151.95
2026-08-20,Comirnaty,12.0,16:10:20,2,8,151.96
2026-08-20,Comirnaty,3.27,16:10:50,2,8,0.0
2026-08-20,Comirnaty,10.86,16:11:20,2,8,151.98
2026-08-20,Comirnaty,17.49,16:11:50,2,8,151.99
2026-08-20,Comirnaty,11.0,16:12:20,2,8,152.0
2026-08-20,Comirnaty,7.87,16:12:50,2,8,0.0
2026-08-20,Comirnaty,9.03,16:13:20,2,8,152.02
2026-08-20,Comirnaty,10.65,16:13:50,2,8,152.03
2026-08-20,Comirnaty,3.98,16:14:20,2,8,0.0
2026-08-20,Comirnaty,15.13,16:14:50,2,8,152.06
2026-08-20,Comirnaty,2.94,16:15:20,2,8,0.0
2026-08-20,Comirnaty,4.0,16:15:50,2,8,0.0
2026-08-20,Comirnaty,9.19,16:16:20,2,8,152.09
2026-08-20,Comirnaty,10.18,16:16:50,2,8,152.1
2026-08-20,Comirnaty,10.29,16:17:20,2,8,152.11
2026-08-20,Comirnaty,2.37,16:17:50,2,8,0.0
2026-08-20,Comirnaty,2.35,16:18:20,2,8,0.0
2026-08-20,Comirnaty,10.55,16:18:50,2,8,152.14
2026-08-20,Comirnaty,17.56,16:19:20,2,8,152.15
2026-08-20,Comirnaty,3.05,16:19:50,2,8,0.0
2026-08-20,Comirnaty,3.29,16:20:20,2,8,0.0
2026-08-20,Comirnaty,13.74,16:20:50,2,8,152.19
2026-08-20,Comirnaty,5.19,16:21:20,2,8,0.0
2026-08-20,Comirnaty,2.3,16:21:50,2,8,0.0
2026-08-20,Comirnaty,11.63,16:22:20,2,8,152.22
2026-08-20,Comirnaty,11.85,16:22:50,2,8,152.23
2026-08-20,Comirnaty,3.41,16:23:20,2,8,0.0
2026-08-20,Comirnaty,16.34,16:23:50,2,8,152.25
2026-08-20,Comirnaty,17.43,16:24:20,2,8,152.26
2026-08-20,Comirnaty,11.19,16:24:50,2,8,152.27
2026-08-20,Comirnaty,16.57,16:25:20,2,8,152.28
2026-08-20,Comirnaty,10.7,16:25:50,2,8,152.3
2026-08-20,Comirnaty,16.65,16:26:20,2,8,152.31
2026-08-20,Comirnaty,11.34,16:26:50,2,8,152.32
2026-08-20,Comirnaty,2.22,16:27:20,2,8,0.0
2026-08-20,Comirnaty,5.9,16:27:50,2,8,0.0
2026-08-20,Comirnaty,5.67,16:28:20,2,8,0.0
2026-08-20,Comirnaty,11.18,16:28:50,2,8,152.36
2026-08-20,Comirnaty,11.16,16:29:20,2,8,152.37
2026-08-20,Comirnaty,13.59,16:29:50,2,8,152.38
2026-08-20,Comirnaty,17.99,16:30:20,2,8,152.39
2026-08-20,Comirnaty,16.61,16:30:50,2,8,152.4
2026-08-20,Comirnaty,6.59,16:31:20,2,8,0.0
2026-08-20,Comirnaty,17.36,16:31:50,2,8,152.43
2026-08-20,Comirnaty,15.82,16:32:20,2,8,152.44
2026-08-20,Comirnaty,7.21,16:32:50,2,8,0.0
2026-08-20,Comirnaty,13.73,16:33:20,2,8,152.46
2026-08-20,Comirnaty,6.25,16:33:50,2,8,0.0
2026-08-20,Comirnaty,12.42,16:34:20,2,8,152.48
2026-08-20,Comirnaty,5.29,16:34:50,2,8,0.0
2026-08-20,Comirnaty,9.56,16:35:20,2,8,152.5
2026-08-20,Comirnaty,10.64,16:35:50,2,8,152.51
2026-08-20,Comirnaty,3.9,16:36:20,2,8,0.0
2026-08-20,Comirnaty,16.17,16:36:50,2,8,152.53
2026-08-20,Comirnaty,14.69,16:37:20,2,8,152.54
2026-08-20,Comirnaty,2.1,16:37:50,2,8,0.0
2026-08-20,Comirnaty,12.79,16:38:20,2,8,152.57
2026-08-20,Comirnaty,11.46,16:38:50,2,8,152.58
2026-08-20,Comirnaty,13.14,16:39:20,2,8,152.59
2026-08-20,Comirnaty,3.6,16:39:50,2,8,0.0
2026-08-20,Comirnaty,7.34,16:40:20,2,8,0.0
2026-08-20,Comirnaty,5.76,16:40:50,2,8,0.0
2026-08-20,Comirnaty,3.78,16:41:20,2,8,0.0
2026-08-20,Comirnaty,4.78,16:41:50,2,8,0.0
2026-08-20,Comirnaty,6.32,16:42:20,2,8,0.0
2026-08-20,Comirnaty,7.03,16:42:50,2,8,0.0
2026-08-20,Comirnaty,10.02,16:43:20,2,8,152.67
2026-08-20,Comirnaty,3.64,16:43:50,2,8,0.0
2026-08-20,Comirnaty,3.76,16:44:20,2,8,0.0
2026-08-20,Comirnaty,11.31,16:44:50,2,8,152.71
2026-08-20,Comirnaty,15.78,16:45:20,2,8,152.72
2026-08-20,Comirnaty,14.09,16:45:50,2,8,152.73
2026-08-20,Comirnaty,6.36,16:46:20,2,8,0.0
2026-08-20,Comirnaty,13.32,16:46:50,2,8,152.75
2026-08-20,Comirnaty,10.12,16:47:20,2,8,152.76
2026-08-20,Comirnaty,6.44,16:47:50,2,8,0.0
2026-08-20,Comirnaty,7.45,16:48:20,2,8,0.0
2026-08-20,Comirnaty,7.25,16:48:50,2,8,0.0
2026-08-20,Comirnaty,12.35,16:49:20,2,8,152.8
2026-08-20,Comirnaty,16.01,16:49:50,2,8,152.81
2026-08-20,Comirnaty,3.44,16:50:20,2,8,0.0
2026-08-20,Comirnaty,13.6,16:50:50,2,8,152.84
2026-08-20,Comirnaty,7.93,16:51:20,2,8,0.0
2026-08-20,Comirnaty,12.71,16:51:50,2,8,152.86
2026-08-20,Comirnaty,11.12,16:52:20,2,8,152.87
2026-08-20,Comirnaty,7.11,16:52:50,2,8,0.0
2026-08-20,Comirnaty,11.08,16:53:20,2,8,152.89
2026-08-20,Comirnaty,7.24,16:53:50,2,8,0.0
2026-08-20,Comirnaty,15.58,16:54:20,2,8,152.91
2026-08-20,Comirnaty,14.03,16:54:50,2,8,152.92
2026-08-20,Comirnaty,3.08,16:55:20,2,8,0.0
2026-08-20,Comirnaty,6.4,16:55:50,2,8,0.0
2026-08-20,Comirnaty,16.7,16:56:20,2,8,152.96
2026-08-20,Comirnaty,9.14,16:56:50,2,8,152.97
2026-08-20,Comirnaty,15.84,16:57:20,2,8,152.98
2026-08-20,Comirnaty,12.15,16:57:50,2,8,152.99
2026-08-20,Comirnaty,17.89,16:58:20,2,8,153.0
2026-08-20,Comirnaty,12.59,16:58:50,2,8,153.01
2026-08-20,Comirnaty,5.03,16:59:20,2,8,0.0
2026-08-20,Comirnaty,13.48,16:59:50,2,8,153.03
2026-08-20,Comirnaty,13.35,17:00:20,2,8,153.04
2026-08-20,Comirnaty,4.82,17:00:50,2,8,0.0
2026-08-20,Comirnaty,2.05,17:01:20,2,8,0.0
2026-08-20,Comirnaty,16.92,17:01:50,2,8,153.08
2026-08-20,Comirnaty,13.13,17:02:20,2,8,153.09
2026-08-20,Comirnaty,15.2,17:02:50,2,8,153.1
2026-08-20,Comirnaty,5.06,17:03:20,2,8,0.0
2026-08-20,Comirnaty,4.16,17:03:50,2,8,0.0
2026-08-20,Comirnaty,14.38,17:04:20,2,8,153.13
2026-08-20,Comirnaty,7.62,17:04:50,2,8,0.0
2026-08-20,Comirnaty,11.24,17:05:20,2,8,153.15
2026-08-20,Comirnaty,11.36,17:05:50,2,8,153.16
2026-08-20,Comirnaty,2.5,17:06:20,2,8,0.0
2026-08-20,Comirnaty,4.58,17:06:50,2,8,0.0
2026-08-20,Comirnaty,12.67,17:07:20,2,8,153.19
2026-08-20,Comirnaty,10.41,17:07:50,2,8,153.2
2026-08-20,Comirnaty,4.31,17:08:20,2,8,0.0
2026-08-20,Comirnaty,4.39,17:08:50,2,8,0.0
2026-08-20,Comirnaty,16.2,17:09:20,2,8,153.24
2026-08-20,Comirnaty,3.51,17:09:50,2,8,0.0
2026-08-20,Comirnaty,13.96,17:10:20,2,8,153.26
2026-08-20,Comirnaty,12.52,17:10:50,2,8,153.27
2026-08-20,Comirnaty,2.03,17:11:20,2,8,0.0
2026-08-20,Comirnaty,7.35,17:11:50,2,8,0.0
2026-08-20,Comirnaty,10.48,17:12:20,2,8,153.3
2026-08-20,Comirnaty,4.71,17:12:50,2,8,0.0
2026-08-20,Comirnaty,16.58,17:13:20,2,8,153.32
2026-08-20,Comirnaty,13.11,17:13:50,2,8,153.34
2026-08-20,Comirnaty,13.62,17:14:20,2,8,153.35
2026-08-20,Comirnaty,7.47,17:14:50,2,8,0.0
2026-08-20,Comirnaty,14.47,17:15:20,2,8,153.37
2026-08-20,Comirnaty,10.73,17:15:50,2,8,153.38
2026-08-20,Comirnaty,16.76,17:16:20,2,8,153.39
2026-08-20,Comirnaty,5.44,17:16:50,2,8,0.0
2026-08-20,Comirnaty,6.53,17:17:20,2,8,0.0
2026-08-20,Comirnaty,10.81,17:17:50,2,8,153.42
2026-08-20,Comirnaty,10.88,17:18:20,2,8,153.43
2026-08-20,Comirnaty,14.58,17:18:50,2,8,153.44
2026-08-20,Comirnaty,11.14,17:19:20,2,8,153.45
2026-08-20,Comirnaty,2.95,17:19:50,2,8,0.0
2026-08-20,Comirnaty,16.53,17:20:20,2,8,153.48
2026-08-20,Comirnaty,4.52,17:20:50,2,8,0.0
2026-08-20,Comirnaty,17.29,17:21:20,2,8,153.5
2026-08-20,Comirnaty,13.44,17:21:50,2,8,153.51
2026-08-20,Comirnaty,14.26,17:22:20,2,8,153.52
2026-08-20,Comirnaty,4.56,17:22:50,2,8,0.0
2026-08-20,Comirnaty,9.31,17:23:20,2,8,153.54
2026-08-20,Comirnaty,16.73,17:23:50,2,8,153.55
2026-08-20,Comirnaty,9.69,17:24:20,2,8,153.56
2026-08-20,Comirnaty,14.86,17:24:50,2,8,153.57
2026-08-20,Comirnaty,7.05,17:25:20,2,8,0.0
2026-08-20,Comirnaty,3.78,17:25:50,2,8,0.0
2026-08-20,Comirnaty,2.83,17:26:20,2,8,0.0
2026-08-20,Comirnaty,16.51,17:26:50,2,8,153.62
2026-08-20,Comirnaty,2.28,17:27:20,2,8,0.0
2026-08-20,Comirnaty,10.59,17:27:50,2,8,153.64
2026-08-20,Comirnaty,2.5,17:28:20,2,8,0.0
2026-08-20,Comirnaty,2.7,17:28:50,2,8,0.0
2026-08-20,Comirnaty,14.03,17:29:20,2,8,153.67
2026-08-20,Comirnaty,9.96,17:29:50,2,8,153.68
2026-08-20,Comirnaty,2.92,17:30:20,2,8,0.0
2026-08-20,Comirnaty,16.69,17:30:50,2,8,153.7
2026-08-20,Comirnaty,10.13,17:31:20,2,8,153.71
2026-08-20,Comirnaty,2.76,17:31:50,2,8,0.0
2026-08-20,Comirnaty,2.84,17:32:20,2,8,0.0
2026-08-20,Comirnaty,12.74,17:32:50,2,8,153.75
2026-08-20,Comirnaty,10.31,17:33:20,2,8,153.76
2026-08-20,Comirnaty,16.7,17:33:50,2,8,153.77
2026-08-20,Comirnaty,2.09,17:34:20,2,8,0.0
2026-08-20,Comirnaty,5.97,17:34:50,2,8,0.0
2026-08-20,Comirnaty,17.86,17:35:20,2,8,153.8
2026-08-20,Comirnaty,4.91,17:35:50,2,8,0.0
2026-08-20,Comirnaty,10.38,17:36:20,2,8,153.82
2026-08-20,Comirnaty,7.21,17:36:50,2,8,0.0
2026-08-20,Comirnaty,10.13,17:37:20,2,8,153.84
2026-08-20,Comirnaty,9.57,17:37:50,2,8,153.85
2026-08-20,Comirnaty,5.59,17:38:20,2,8,0.0
2026-08-20,Comirnaty,2.65,17:38:50,2,8,0.0
2026-08-20,Comirnaty,17.06,17:39:20,2,8,153.89
2026-08-20,Comirnaty,3.39,17:39:50,2,8,0.0
2026-08-20,Comirnaty,14.42,17:40:20,2,8,153.91
2026-08-20,Comirnaty,15.58,17:40:50,2,8,153.92
2026-08-20,Comirnaty,11.19,17:41:20,2,8,153.93
2026-08-20,Comirnaty,4.36,17:41:50,2,8,0.0
2026-08-20,Comirnaty,16.3,17:42:20,2,8,153.95
2026-08-20,Comirnaty,12.45,17:42:50,2,8,153.96
2026-08-20,Comirnaty,2.63,17:43:20,2,8,0.0
2026-08-20,Comirnaty,12.98,17:43:50,2,8,153.99
2026-08-20,Comirnaty,17.04,17:44:20,2,8,154.0
2026-08-20,Comirnaty,10.85,17:44:50,2,8,154.01
2026-08-20,Comirnaty,12.61,17:45:20,2,8,154.02
2026-08-20,Comirnaty,10.01,17:45:50,2,8,154.03
2026-08-20,Comirnaty,14.85,17:46:20,2,8,154.04
2026-08-20,Comirnaty,10.7,17:46:50,2,8,154.05
2026-08-20,Comirnaty,10.8,17:47:20,2,8,154.06
2026-08-20,Comirnaty,6.55,17:47:50,2,8,0.0
2026-08-20,Comirnaty,5.54,17:48:20,2,8,0.0
2026-08-20,Comirnaty,6.71,17:48:50,2,8,0.0
2026-08-20,Comirnaty,11.24,17:49:20,2,8,154.1
2026-08-20,Comirnaty,4.72,17:49:50,2,8,0.0
2026-08-20,Comirnaty,17.87,17:50:20,2,8,154.13
2026-08-20,Comirnaty,6.26,17:50:50,2,8,0.0
2026-08-20,Comirnaty,15.88,17:51:20,2,8,154.15
2026-08-20,Comirnaty,17.17,17:51:50,2,8,154.16
2026-08-20,Comirnaty,5.17,17:52:20,2,8,0.0
2026-08-20,Comirnaty,13.6,17:52:50,2,8,154.18
2026-08-20,Comirnaty,2.76,17:53:20,2,8,0.0
2026-08-20,Comirnaty,2.4,17:53:50,2,8,0.0
2026-08-20,Comirnaty,15.89,17:54:20,2,8,154.21
2026-08-20,Comirnaty,10.08,17:54:50,2,8,154.22
2026-08-20,Comirnaty,7.96,17:55:20,2,8,0.0
2026-08-20,Comirnaty,3.16,17:55:50,2,8,0.0
2026-08-20,Comirnaty,4.33,17:56:20,2,8,0.0
2026-08-20,Comirnaty,5.85,17:56:50,2,8,0.0
2026-08-20,Comirnaty,14.57,17:57:20,2,8,154.28
2026-08-20,Comirnaty,12.69,17:57:50,2,8,154.29
2026-08-20,Comirnaty,12.7,17:58:20,2,8,154.3
2026-08-20,Comirnaty,17.3,17:58:50,2,8,154.31
2026-08-20,Comirnaty,11.8,17:59:20,2,8,154.32
2026-08-20,Comirnaty,2.25,17:59:50,2,8,0.0
2026-08-20,Comirnaty,9.52,18:00:20,2,8,154.34
2026-08-20,Comirnaty,5.36,18:00:50,2,8,0.0
2026-08-20,Comirnaty,15.39,18:01:20,2,8,154.36
2026-08-20,Comirnaty,9.69,18:01:50,2,8,154.38
2026-08-20,Comirnaty,15.55,18:02:20,2,8,154.39
2026-08-20,Comirnaty,6.62,18:02:50,2,8,0.0
2026-08-20,Comirnaty,4.27,18:03:20,2,8,0.0
2026-08-20,Comirnaty,2.72,18:03:50,2,8,0.0
2026-08-20,Comirnaty,10.99,18:04:20,2,8,154.43
2026-08-20,Comirnaty,10.37,18:04:50,2,8,154.44
2026-08-20,Comirnaty,12.85,18:05:20,2,8,154.45
2026-08-20,Comirnaty,14.57,18:05:50,2,8,154.46
2026-08-20,Comirnaty,7.51,18:06:20,2,8,0.0
2026-08-20,Comirnaty,11.82,18:06:50,2,8,154.48
2026-08-20,Comirnaty,11.87,18:07:20,2,8,154.49
2026-08-20,Comirnaty,12.11,18:07:50,2,8,154.5
2026-08-20,Comirnaty,13.17,18:08:20,2,8,154.52
2026-08-20,Comirnaty,12.13,18:08:50,2,8,154.53
2026-08-20,Comirnaty,6.94,18:09:20,2,8,0.0
2026-08-20,Comirnaty,10.19,18:09:50,2,8,154.55
2026-08-20,Comirnaty,10.64,18:10:20,2,8,154.56
2026-08-20,Comirnaty,6.0,18:10:50,2,8,0.0
2026-08-20,Comirnaty,3.14,18:11:20,2,8,0.0
2026-08-20,Comirnaty,12.26,18:11:50,2,8,154.59
2026-08-20,Comirnaty,16.05,18:12:20,2,8,154.6
2026-08-20,Comirnaty,7.18,18:12:50,2,8,0.0
2026-08-20,Comirnaty,6.63,18:13:20,2,8,0.0
2026-08-20,Comirnaty,11.48,18:13:50,2,8,154.64
2026-08-20,Comirnaty,7.92,18:14:20,2,8,0.0
2026-08-20,Comirnaty,11.51,18:14:50,2,8,154.66
2026-08-20,Comirnaty,14.6,18:15:20,2,8,154.67
2026-08-20,Comirnaty,16.94,18:15:50,2,8,154.68
2026-08-20,Comirnaty,15.71,18:16:20,2,8,154.69
2026-08-20,Comirnaty,10.07,18:16:50,2,8,154.7
2026-08-20,Comirnaty,16.36,18:17:20,2,8,154.71
2026-08-20,Comirnaty,13.93,18:17:50,2,8,154.72
2026-08-20,Comirnaty,17.94,18:18:20,2,8,154.73
2026-08-20,Comirnaty,13.54,18:18:50,2,8,154.74
2026-08-20,Comirnaty,4.03,18:19:20,2,8,0.0
2026-08-20,Comirnaty,7.78,18:19:50,2,8,0.0
2026-08-20,Comirnaty,15.48,18:20:20,2,8,154.78
2026-08-20,Comirnaty,3.81,18:20:50,2,8,0.0
2026-08-20,Comirnaty,3.46,18:21:20,2,8,0.0
2026-08-20,Comirnaty,13.6,18:21:50,2,8,154.81
2026-08-20,Comirnaty,16.86,18:22:20,2,8,154.82
2026-08-20,Comirnaty,15.78,18:22:50,2,8,154.83
2026-08-20,Comirnaty,2.31,18:23:20,2,8,0.0
2026-08-20,Comirnaty,15.84,18:23:50,2,8,154.85
2026-08-20,Comirnaty,15.16,18:24:20,2,8,154.86
2026-08-20,Comirnaty,6.87,18:24:50,2,8,0.0
2026-08-20,Comirnaty,12.36,18:25:20,2,8,154.88
2026-08-20,Comirnaty,3.39,18:25:50,2,8,0.0
2026-08-20,Comirnaty,15.21,18:26:20,2,8,154.91
2026-08-20,Comirnaty,17.97,18:26:50,2,8,154.92
2026-08-20,Comirnaty,7.64,18:27:20,2,8,0.0
2026-08-20,Comirnaty,6.67,18:27:50,2,8,0.0
2026-08-20,Comirnaty,3.74,18:28:20,2,8,0.0
2026-08-20,Comirnaty,14.48,18:28:50,2,8,154.96
2026-08-20,Comirnaty,4.49,18:29:20,2,8,0.0
2026-08-20,Comirnaty,7.17,18:29:50,2,8,0.0
2026-08-20,Comirnaty,2.85,18:30:20,2,8,0.0
2026-08-20,Comirnaty,13.81,18:30:50,2,8,155.0
2026-08-20,Comirnaty,2.25,18:31:20,2,8,0.0
2026-08-20,Comirnaty,15.21,18:31:50,2,8,155.03
2026-08-20,Comirnaty,16.96,18:32:20,2,8,155.04
2026-08-20,Comirnaty,11.29,18:32:50,2,8,155.05
2026-08-20,Comirnaty,13.67,18:33:20,2,8,155.06
2026-08-20,Comirnaty,16.98,18:33:50,2,8,155.07
2026-08-20,Comirnaty,16.57,18:34:20,2,8,155.08
2026-08-20,Comirnaty,14.64,18:34:50,2,8,155.09
2026-08-20,Comirnaty,9.42,18:35:20,2,8,155.1
2026-08-20,Comirnaty,17.2,18:35:50,2,8,155.11
2026-08-20,Comirnaty,15.9,18:36:20,2,8,155.12
2026-08-20,Comirnaty,16.44,18:36:50,2,8,155.13
2026-08-20,Comirnaty,2.02,18:37:20,2,8,0.0
2026-08-20,Comirnaty,9.49,18:37:50,2,8,155.16
2026-08-20,Comirnaty,9.44,18:38:20,2,8,155.17
2026-08-20,Comirnaty,17.81,18:38:50,2,8,155.18
2026-08-20,Comirnaty,7.74,18:39:20,2,8,0.0
2026-08-20,Comirnaty,5.83,18:39:50,2,8,0.0
2026-08-20,Comirnaty,16.2,18:40:20,2,8,155.21
2026-08-20,Comirnaty,15.64,18:40:50,2,8,155.22
2026-08-20,Comirnaty,4.09,18:41:20,2,8,0.0
2026-08-20,Comirnaty,2.11,18:41:50,2,8,0.0
2026-08-20,Comirnaty,4.28,18:42:20,2,8,0.0
2026-08-20,Comirnaty,15.7,18:42:50,2,8,155.26
2026-08-20,Comirnaty,3.53,18:43:20,2,8,0.0
2026-08-20,Comirnaty,17.35,18:43:50,2,8,155.28
2026-08-20,Comirnaty,16.59,18:44:20,2,8,155.3
2026-08-20,Comirnaty,7.42,18:44:50,2,8,0.0
2026-08-20,Comirnaty,17.26,18:45:20,2,8,155.32
2026-08-20,Comirnaty,3.13,18:45:50,2,8,0.0
2026-08-20,Comirnaty,10.3,18:46:20,2,8,155.34
2026-08-20,Comirnaty,17.26,18:46:50,2,8,155.35
2026-08-20,Comirnaty,3.67,18:47:20,2,8,0.0
2026-08-20,Comirnaty,2.3,18:47:50,2,8,0.0
2026-08-20,Comirnaty,9.42,18:48:20,2,8,155.38
2026-08-20,Comirnaty,4.75,18:48:50,2,8,0.0
2026-08-20,Comirnaty,11.72,18:49:20,2,8,155.4
2026-08-20,Comirnaty,10.88,18:49:50,2,8,155.41
2026-08-20,Comirnaty,16.0,18:50:20,2,8,155.43
2026-08-20,Comirnaty,17.56,18:50:50,2,8,155.44
2026-08-20,Comirnaty,2.23,18:51:20,2,8,0.0
2026-08-20,Comirnaty,6.86,18:51:50,2,8,0.0
2026-08-20,Comirnaty,6.71,18:52:20,2,8,0.0
2026-08-20,Comirnaty,12.98,18:52:50,2,8,155.48
2026-08-20,Comirnaty,10.46,18:53:20,2,8,155.49
2026-08-20,Comirnaty,3.26,18:53:50,2,8,0.0
2026-08-20,Comirnaty,10.48,18:54:20,2,8,155.51
2026-08-20,Comirnaty,17.58,18:54:50,2,8,155.52
2026-08-20,Comirnaty,17.65,18:55:20,2,8,155.53
2026-08-20,Comirnaty,9.93,18:55:50,2,8,155.55
2026-08-20,Comirnaty,11.32,18:56:20,2,8,155.56
2026-08-20,Comirnaty,5.26,18:56:50,2,8,0.0
2026-08-20,Comirnaty,15.62,18:57:20,2,8,155.58
2026-08-20,Comirnaty,17.81,18:57:50,2,8,155.59
2026-08-20,Comirnaty,15.17,18:58:20,2,8,155.6
2026-08-20,Comirnaty,12.87,18:58:50,2,8,155.61
2026-08-20,Comirnaty,3.26,18:59:20,2,8,0.0
2026-08-20,Comirnaty,10.67,18:59:50,2,8,155.63
2026-08-20,Comirnaty,10.34,19:00:20,2,8,155.64
2026-08-20,Comirnaty,5.18,19:00:50,2,8,0.0
2026-08-20,Comirnaty,5.59,19:01:20,2,8,0.0
2026-08-20,Comirnaty,6.8,19:01:50,2,8,0.0
2026-08-20,Comirnaty,5.23,19:02:20,2,8,0.0
2026-08-20,Comirnaty,9.86,19:02:50,2,8,155.7
2026-08-20,Comirnaty,5.49,19:03:20,2,8,0.0
2026-08-20,Comirnaty,10.21,19:03:50,2,8,155.72
2026-08-20,Comirnaty,6.92,19:04:20,2,8,0.0
2026-08-20,Comirnaty,10.47,19:04:50,2,8,155.74
2026-08-20,Comirnaty,11.37,19:05:20,2,8,155.75
2026-08-20,Comirnaty,4.7,19:05:50,2,8,0.0
2026-08-20,Comirnaty,5.89,19:06:20,2,8,0.0
2026-08-20,Comirnaty,11.74,19:06:50,2,8,155.78
2026-08-20,Comirnaty,12.76,19:07:20,2,8,155.79
2026-08-20,Comirnaty,4.0,19:07:50,2,8,0.0
2026-08-20,Comirnaty,5.16,19:08:20,2,8,0.0
2026-08-20,Comirnaty,6.23,19:08:50,2,8,0.0
2026-08-20,Comirnaty,2.44,19:09:20,2,8,0.0
2026-08-20,Comirnaty,7.14,19:09:50,2,8,0.0
2026-08-20,Comirnaty,14.33,19:10:20,2,8,155.86
2026-08-20,Comirnaty,11.06,19:10:50,2,8,155.87
2026-08-20,Comirnaty,2.01,19:11:20,2,8,0.0
2026-08-20,Comirnaty,9.43,19:11:50,2,8,155.89
2026-08-20,Comirnaty,11.93,19:12:20,2,8,155.9
2026-08-20,Comirnaty,14.44,19:12:50,2,8,155.91
2026-08-20,Comirnaty,4.58,19:13:20,2,8,0.0
2026-08-20,Comirnaty,15.29,19:13:50,2,8,155.94
2026-08-20,Comirnaty,2.06,19:14:20,2,8,0.0
2026-08-20,Comirnaty,17.89,19:14:50,2,8,155.96
2026-08-20,Comirnaty,9.71,19:15:20,2,8,155.97
2026-08-20,Comirnaty,4.5,19:15:50,2,8,0.0
2026-08-20,Comirnaty,14.85,19:16:20,2,8,155.99
2026-08-20,Comirnaty,4.38,19:16:50,2,8,0.0
2026-08-20,Comirnaty,4.96,19:17:20,2,8,0.0
2026-08-20,Comirnaty,12.25,19:17:50,2,8,156.02
2026-08-20,Comirnaty,15.22,19:18:20,2,8,156.03
2026-08-20,Comirnaty,13.54,19:18:50,2,8,156.04
2026-08-20,Comirnaty,5.72,19:19:20,2,8,0.0
2026-08-20,Comirnaty,17.0,19:19:50,2,8,156.06
2026-08-20,Comirnaty,16.96,19:20:20,2,8,156.08
2026-08-20,Comirnaty,17.59,19:20:50,2,8,156.09
2026-08-20,Comirnaty,13.41,19:21:20,2,8,156.1
2026-08-20,Comirnaty,3.68,19:21:50,2,8,0.0
2026-08-20,Comirnaty,12.04,19:22:20,2,8,156.12
2026-08-20,Comirnaty,13.08,19:22:50,2,8,156.13
2026-08-20,Comirnaty,2.61,19:23:20,2,8,0.0
2026-08-20,Comirnaty,6.39,19:23:50,2,8,0.0
2026-08-20,Comirnaty,13.29,19:24:20,2,8,156.16
2026-08-20,Comirnaty,4.44,19:24:50,2,8,0.0
2026-08-20,Comirnaty,14.81,19:25:20,2,8,156.18
2026-08-20,Comirnaty,17.14,19:25:50,2,8,156.2
2026-08-20,Comirnaty,10.24,19:26:20,2,8,156.21
2026-08-20,Comirnaty,9.72,19:26:50,2,8,156.22
2026-08-20,Comirnaty,10.92,19:27:20,2,8,156.23
2026-08-20,Comirnaty,17.29,19:27:50,2,8,156.24
2026-08-20,Comirnaty,5.96,19:28:20,2,8,0.0
2026-08-20,Comirnaty,14.6,19:28:50,2,8,156.26
2026-08-20,Comirnaty,9.31,19:29:20,2,8,156.27
2026-08-20,Comirnaty,7.7,19:29:50,2,8,0.0
2026-08-20,Comirnaty,7.24,19:30:20,2,8,0.0
2026-08-20,Comirnaty,12.6,19:30:50,2,8,156.3
2026-08-20,Comirnaty,12.41,19:31:20,2,8,156.31
2026-08-20,Comirnaty,9.29,19:31:50,2,8,156.33
2026-08-20,Comirnaty,17.1,19:32:20,2,8,156.34
2026-08-20,Comirnaty,14.31,19:32:50,2,8,156.35
2026-08-20,Comirnaty,10.6,19:33:20,2,8,156.36
2026-08-20,Comirnaty,9.75,19:33:50,2,8,156.37
2026-08-20,Comirnaty,2.78,19:34:20,2,8,0.0
2026-08-20,Comirnaty,9.43,19:34:50,2,8,156.39
2026-08-20,Comirnaty,13.57,19:35:20,2,8,156.4
2026-08-20,Comirnaty,9.94,19:35:50,2,8,156.41
2026-08-20,Comirnaty,12.28,19:36:20,2,8,156.42
2026-08-20,Comirnaty,14.2,19:36:50,2,8,156.43
2026-08-20,Comirnaty,4.38,19:37:20,2,8,0.0
2026-08-20,Comirnaty,12.86,19:37:50,2,8,156.45
2026-08-20,Comirnaty,4.19,19:38:20,2,8,0.0
2026-08-20,Comirnaty,11.88,19:38:50,2,8,156.48
2026-08-20,Comirnaty,2.18,19:39:20,2,8,0.0
2026-08-20,Comirnaty,10.24,19:39:50,2,8,156.5
2026-08-20,Comirnaty,13.57,19:40:20,2,8,156.51
2026-08-20,Comirnaty,10.03,19:40:50,2,8,156.52
2026-08-20,Comirnaty,4.46,19:41:20,2,8,0.0
2026-08-20,Comirnaty,15.98,19:41:50,2,8,156.54
2026-08-20,Comirnaty,12.51,19:42:20,2,8,156.55
2026-08-20,Comirnaty,14.57,19:42:50,2,8,156.56
2026-08-20,Comirnaty,2.51,19:43:20,2,8,0.0
2026-08-20,Comirnaty,4.81,19:43:50,2,8,0.0
2026-08-20,Comirnaty,3.8,19:44:20,2,8,0.0
2026-08-20,Comirnaty,10.25,19:44:50,2,8,156.61
2026-08-20,Comirnaty,15.62,19:45:20,2,8,156.62
2026-08-20,Comirnaty,9.11,19:45:50,2,8,156.63
2026-08-20,Comirnaty,9.82,19:46:20,2,8,156.64
2026-08-20,Comirnaty,5.89,19:46:50,2,8,0.0
2026-08-20,Comirnaty,4.53,19:47:20,2,8,0.0
2026-08-20,Comirnaty,3.0,19:47:50,2,8,0.0
2026-08-20,Comirnaty,16.17,19:48:20,2,8,156.68
2026-08-20,Comirnaty,5.2,19:48:50,2,8,0.0
2026-08-20,Comirnaty,16.52,19:49:20,2,8,156.7
2026-08-20,Comirnaty,11.21,19:49:50,2,8,156.72
2026-08-20,Comirnaty,15.2,19:50:20,2,8,156.73
2026-08-20,Comirnaty,3.55,19:50:50,2,8,0.0
2026-08-20,Comirnaty,16.62,19:51:20,2,8,156.75
2026-08-20,Comirnaty,16.29,19:51:50,2,8,156.76
2026-08-20,Comirnaty,14.74,19:52:20,2,8,156.77
2026-08-20,Comirnaty,16.92,19:52:50,2,8,156.78
2026-08-20,Comirnaty,15.49,19:53:20,2,8,156.79
2026-08-20,Comirnaty,6.43,19:53:50,2,8,0.0
2026-08-20,Comirnaty,3.06,19:54:20,2,8,0.0
2026-08-20,Comirnaty,3.12,19:54:50,2,8,0.0
2026-08-20,Comirnaty,5.96,19:55:20,2,8,0.0
2026-08-20,Comirnaty,12.26,19:55:50,2,8,156.84
2026-08-20,Comirnaty,5.8,19:56:20,2,8,0.0
2026-08-20,Comirnaty,13.41,19:56:50,2,8,156.87
2026-08-20,Comirnaty,16.1,19:57:20,2,8,156.88
2026-08-20,Comirnaty,7.18,19:57:50,2,8,0.0
2026-08-20,Comirnaty,2.09,19:58:20,2,8,0.0
2026-08-20,Comirnaty,3.44,19:58:50,2,8,0.0
2026-08-20,Comirnaty,3.04,19:59:20,2,8,0.0
2026-08-20,Comirnaty,15.38,19:59:50,2,8,156.93
2026-08-20,Comirnaty,17.33,20:00:20,2,8,156.94
2026-08-20,Comirnaty,2.33,20:00:50,2,8,0.0
2026-08-20,Comirnaty,13.36,20:01:20,2,8,156.96
2026-08-20,Comirnaty,12.29,20:01:50,2,8,156.97
2026-08-20,Comirnaty,3.04,20:02:20,2,8,0.0
2026-08-20,Comirnaty,6.26,20:02:50,2,8,0.0
2026-08-20,Comirnaty,11.01,20:03:20,2,8,157.01
2026-08-20,Comirnaty,15.91,20:03:50,2,8,157.02
2026-08-20,Comirnaty,2.8,20:04:20,2,8,0.0
2026-08-20,Comirnaty,15.76,20:04:50,2,8,157.04
2026-08-20,Comirnaty,3.22,20:05:20,2,8,0.0
2026-08-20,Comirnaty,17.4,20:05:50,2,8,157.06
2026-08-20,Comirnaty,6.24,20:06:20,2,8,0.0
2026-08-20,Comirnaty,13.39,20:06:50,2,8,157.08
2026-08-20,Comirnaty,14.14,20:07:20,2,8,157.09
2026-08-20,Comirnaty,12.57,20:07:50,2,8,157.1
2026-08-20,Comirnaty,10.39,20:08:20,2,8,157.12
2026-08-20,Comirnaty,13.88,20:08:50,2,8,157.13
2026-08-20,Comirnaty,11.34,20:09:20,2,8,157.14
2026-08-20,Comirnaty,3.94,20:09:50,2,8,0.0
2026-08-20,Comirnaty,15.85,20:10:20,2,8,157.16
2026-08-20,Comirnaty,4.33,20:10:50,2,8,0.0
2026-08-20,Comirnaty,7.84,20:11:20,2,8,0.0
2026-08-20,Comirnaty,13.02,20:11:50,2,8,157.19
2026-08-20,Comirnaty,4.19,20:12:20,2,8,0.0
2026-08-20,Comirnaty,13.12,20:12:50,2,8,157.21
2026-08-20,Comirnaty,3.39,20:13:20,2,8,0.0
2026-08-20,Comirnaty,6.23,20:13:50,2,8,0.0
2026-08-20,Comirnaty,4.96,20:14:20,2,8,0.0
2026-08-20,Comirnaty,10.32,20:14:50,2,8,157.26
2026-08-20,Comirnaty,7.57,20:15:20,2,8,0.0
2026-08-20,Comirnaty,10.03,20:15:50,2,8,157.28
2026-08-20,Comirnaty,5.76,20:16:20,2,8,0.0
2026-08-20,Comirnaty,17.48,20:16:50,2,8,157.3
2026-08-20,Comirnaty,5.72,20:17:20,2,8,0.0
2026-08-20,Comirnaty,10.76,20:17:50,2,8,157.32
2026-08-20,Comirnaty,15.25,20:18:20,2,8,157.33
2026-08-20,Comirnaty,14.05,20:18:50,2,8,157.34
2026-08-20,Comirnaty,9.64,20:19:20,2,8,157.35
2026-08-20,Comirnaty,9.65,20:19:50,2,8,157.37
2026-08-20,Comirnaty,15.58,20:20:20,2,8,157.38
2026-08-20,Comirnaty,2.04,20:20:50,2,8,0.0
2026-08-20,Comirnaty,3.39,20:21:20,2,8,0.0
2026-08-20,Comirnaty,6.21,20:21:50,2,8,0.0
2026-08-20,Comirnaty,14.71,20:22:20,2,8,157.42
2026-08-20,Comirnaty,15.3,20:22:50,2,8,157.43
2026-08-20,Comirnaty,6.48,20:23:20,2,8,0.0
2026-08-20,Comirnaty,15.56,20:23:50,2,8,157.45
2026-08-20,Comirnaty,10.85,20:24:20,2,8,157.46
2026-08-20,Comirnaty,13.88,20:24:50,2,8,157.47
2026-08-20,Comirnaty,16.07,20:25:20,2,8,157.48
2026-08-20,Comirnaty,12.69,20:25:50,2,8,157.5
2026-08-20,Comirnaty,11.58,20:26:20,2,8,157.51
2026-08-20,Comirnaty,6.33,20:26:50,2,8,0.0
2026-08-20,Comirnaty,12.02,20:27:20,2,8,157.53
2026-08-20,Comirnaty,4.93,20:27:50,2,8,0.0
2026-08-20,Comirnaty,3.35,20:28:20,2,8,0.0
2026-08-20,Comirnaty,14.23,20:28:50,2,8,157.56
2026-08-20,Comirnaty,2.41,20:29:20,2,8,0.0
2026-08-20,Comirnaty,6.02,20:29:50,2,8,0.0
2026-08-20,Comirnaty,2.03,20:30:20,2,8,0.0
2026-08-20,Comirnaty,9.81,20:30:50,2,8,157.6
2026-08-20,Comirnaty,3.28,20:31:20,2,8,0.0
2026-08-20,Comirnaty,16.18,20:31:50,2,8,157.62
2026-08-20,Comirnaty,15.9,20:32:20,2,8,157.64
2026-08-20,Comirnaty,11.62,20:32:50,2,8,157.65
2026-08-20,Comirnaty,5.79,20:33:20,2,8,0.0
2026-08-20,Comirnaty,10.78,20:33:50,2,8,157.67
2026-08-20,Comirnaty,16.84,20:34:20,2,8,157.68
2026-08-20,Comirnaty,11.45,20:34:50,2,8,157.69
2026-08-20,Comirnaty,4.36,20:35:20,2,8,0.0
2026-08-20,Comirnaty,16.03,20:35:50,2,8,157.71
2026-08-20,Comirnaty,16.25,20:36:20,2,8,157.72
2026-08-20,Comirnaty,3.24,20:36:50,2,8,0.0
2026-08-20,Comirnaty,11.99,20:37:20,2,8,157.74
2026-08-20,Comirnaty,3.45,20:37:50,2,8,0.0
2026-08-20,Comirnaty,9.14,20:38:20,2,8,157.77
2026-08-20,Comirnaty,10.22,20:38:50,2,8,157.78
2026-08-20,Comirnaty,11.16,20:39:20,2,8,157.79
2026-08-20,Comirnaty,2.77,20:39:50,2,8,0.0
2026-08-20,Comirnaty,17.15,20:40:20,2,8,157.81
2026-08-20,Comirnaty,13.92,20:40:50,2,8,157.82
2026-08-20,Comirnaty,14.13,20:41:20,2,8,157.83
2026-08-20,Comirnaty,15.95,20:41:50,2,8,157.84
2026-08-20,Comirnaty,5.66,20:42:20,2,8,0.0
2026-08-20,Comirnaty,6.52,20:42:50,2,8,0.0
2026-08-20,Comirnaty,3.88,20:43:20,2,8,0.0
2026-08-20,Comirnaty,3.09,20:43:50,2,8,0.0
2026-08-20,Comirnaty,6.94,20:44:20,2,8,0.0
2026-08-20,Comirnaty,3.99,20:44:50,2,8,0.0
2026-08-20,Comirnaty,17.83,20:45:20,2,8,157.92
2026-08-20,Comirnaty,9.36,20:45:50,2,8,157.93
2026-08-20,Comirnaty,6.48,20:46:20,2,8,0.0
2026-08-20,Comirnaty,5.84,20:46:50,2,8,0.0
2026-08-20,Comirnaty,5.16,20:47:20,2,8,0.0
2026-08-20,Comirnaty,12.82,20:47:50,2,8,157.97
2026-08-20,Comirnaty,3.83,20:48:20,2,8,0.0
2026-08-20,Comirnaty,13.54,20:48:50,2,8,157.99
2026-08-20,Comirnaty,10.89,20:49:20,2,8,158.0
2026-08-20,Comirnaty,11.9,20:49:50,2,8,158.02
2026-08-20,Comirnaty,2.14,20:50:20,2,8,0.0
2026-08-20,Comirnaty,4.11,20:50:50,2,8,0.0
2026-08-20,Comirnaty,3.88,20:51:20,2,8,0.0
2026-08-20,Comirnaty,14.11,20:51:50,2,8,158.06
2026-08-20,Comirnaty,3.96,20:52:20,2,8,0.0
2026-08-20,Comirnaty,16.75,20:52:50,2,8,158.08
2026-08-20,Comirnaty,10.14,20:53:20,2,8,158.09
2026-08-20,Comirnaty,15.86,20:53:50,2,8,158.1
2026-08-20,Comirnaty,12.41,20:54:20,2,8,158.11
2026-08-20,Comirnaty,2.2,20:54:50,2,8,0.0
2026-08-20,Comirnaty,6.63,20:55:20,2,8,0.0
2026-08-20,Comirnaty,17.83,20:55:50,2,8,158.15
2026-08-20,Comirnaty,5.03,20:56:20,2,8,0.0
2026-08-20,Comirnaty,10.38,20:56:50,2,8,158.17
2026-08-20,Comirnaty,3.29,20:57:20,2,8,0.0
2026-08-20,Comirnaty,7.34,20:57:50,2,8,0.0
2026-08-20,Comirnaty,6.42,20:58:20,2,8,0.0
2026-08-20,Comirnaty,7.48,20:58:50,2,8,0.0
2026-08-20,Comirnaty,13.54,20:59:20,2,8,158.22
2026-08-20,Comirnaty,6.88,20:59:50,2,8,0.0
2026-08-20,Comirnaty,2.51,21:00:20,2,8,0.0
2026-08-20,Comirnaty,6.27,21:00:50,2,8,0.0
2026-08-20,Comirnaty,6.98,21:01:20,2,8,0.0
2026-08-20,Comirnaty,17.94,21:01:50,2,8,158.28
2026-08-20,Comirnaty,7.38,21:02:20,2,8,0.0
2026-08-20,Comirnaty,14.0,21:02:50,2,8,158.3
2026-08-20,Comirnaty,13.04,21:03:20,2,8,158.31
2026-08-20,Comirnaty,12.14,21:03:50,2,8,158.32
2026-08-20,Comirnaty,14.81,21:04:20,2,8,158.33
2026-08-20,Comirnaty,2.65,21:04:50,2,8,0.0
2026-08-20,Comirnaty,14.97,21:05:20,2,8,158.35
2026-08-20,Comirnaty,10.57,21:05:50,2,8,158.36
2026-08-20,Comirnaty,4.62,21:06:20,2,8,0.0
2026-08-20,Comirnaty,4.22,21:06:50,2,8,0.0
2026-08-20,Comirnaty,3.02,21:07:20,2,8,0.0
2026-08-20,Comirnaty,9.62,21:07:50,2,8,158.41
2026-08-20,Comirnaty,4.67,21:08:20,2,8,0.0
2026-08-20,Comirnaty,13.03,21:08:50,2,8,158.43
2026-08-20,Comirnaty,13.86,21:09:20,2,8,158.44
2026-08-20,Comirnaty,13.32,21:09:50,2,8,158.45
2026-08-20,Comirnaty,11.9,21:10:20,2,8,158.46
2026-08-20,Comirnaty,10.74,21:10:50,2,8,158.47
2026-08-20,Comirnaty,16.16,21:11:20,2,8,158.48
2026-08-20,Comirnaty,11.82,21:11:50,2,8,158.49
2026-08-20,Comirnaty,9.52,21:12:20,2,8,158.5
2026-08-20,Comirnaty,5.03,21:12:50,2,8,0.0
2026-08-20,Comirnaty,10.12,21:13:20,2,8,158.52
2026-08-20,Comirnaty,2.84,21:13:50,2,8,0.0
2026-08-20,Comirnaty,17.32,21:14:20,2,8,158.55
2026-08-20,Comirnaty,3.42,21:14:50,2,8,0.0
2026-08-20,Comirnaty,16.09,21:15:20,2,8,158.57
2026-08-20,Comirnaty,15.58,21:15:50,2,8,158.58
2026-08-20,Comirnaty,4.7,21:16:20,2,8,0.0
2026-08-20,Comirnaty,15.69,21:16:50,2,8,158.6
2026-08-20,Comirnaty,7.48,21:17:20,2,8,0.0
2026-08-20,Comirnaty,11.47,21:17:50,2,8,158.62
2026-08-20,Comirnaty,6.48,21:18:20,2,8,0.0
2026-08-20,Comirnaty,3.31,21:18:50,2,8,0.0
2026-08-20,Comirnaty,7.6,21:19:20,2,8,0.0
2026-08-20,Comirnaty,9.54,21:19:50,2,8,158.66
2026-08-20,Comirnaty,15.03,21:20:20,2,8,158.68
2026-08-20,Comirnaty,3.37,21:20:50,2,8,0.0
2026-08-20,Comirnaty,12.21,21:21:20,2,8,158.7
2026-08-20,Comirnaty,2.84,21:21:50,2,8,0.0
2026-08-20,Comirnaty,12.45,21:22:20,2,8,158.72
2026-08-20,Comirnaty,4.06,21:22:50,2,8,0.0
2026-08-20,Comirnaty,11.66,21:23:20,2,8,158.74
2026-08-20,Comirnaty,4.36,21:23:50,2,8,0.0
2026-08-20,Comirnaty,10.83,21:24:20,2,8,158.76
2026-08-20,Comirnaty,10.22,21:24:50,2,8,158.77
2026-08-20,Comirnaty,3.71,21:25:20,2,8,0.0
2026-08-20,Comirnaty,15.38,21:25:50,2,8,158.8
2026-08-20,Comirnaty,11.97,21:26:20,2,8,158.81
2026-08-20,Comirnaty,12.0,21:26:50,2,8,158.82
2026-08-20,Comirnaty,6.08,21:27:20,2,8,0.0
2026-08-20,Comirnaty,6.18,21:27:50,2,8,0.0
2026-08-20,Comirnaty,7.72,21:28:20,2,8,0.0
2026-08-20,Comirnaty,10.38,21:28:50,2,8,158.86
2026-08-20,Comirnaty,13.73,21:29:20,2,8,158.87
2026-08-20,Comirnaty,15.82,21:29:50,2,8,158.88
2026-08-20,Comirnaty,2.83,21:30:20,2,8,0.0
2026-08-20,Comirnaty,3.49,21:30:50,2,8,0.0
2026-08-20,Comirnaty,16.53,21:31:20,2,8,158.91
2026-08-20,Comirnaty,14.41,21:31:50,2,8,158.93
2026-08-20,Comirnaty,11.97,21:32:20,2,8,158.94
2026-08-20,Comirnaty,17.41,21:32:50,2,8,158.95
2026-08-20,Comirnaty,11.15,21:33:20,2,8,158.96
2026-08-20,Comirnaty,4.11,21:33:50,2,8,0.0
2026-08-20,Comirnaty,12.35,21:34:20,2,8,158.98
2026-08-20,Comirnaty,3.31,21:34:50,2,8,0.0
2026-08-20,Comirnaty,4.27,21:35:20,2,8,0.0
2026-08-20,Comirnaty,3.63,21:35:50,2,8,0.0
2026-08-20,Comirnaty,7.39,21:36:20,2,8,0.0
2026-08-20,Comirnaty,13.88,21:36:50,2,8,159.03
2026-08-20,Comirnaty,5.95,21:37:20,2,8,0.0
2026-08-20,Comirnaty,7.21,21:37:50,2,8,0.0
2026-08-20,Comirnaty,17.92,21:38:20,2,8,159.07
2026-08-20,Comirnaty,3.34,21:38:50,2,8,0.0
2026-08-20,Comirnaty,2.55,21:39:20,2,8,0.0
2026-08-20,Comirnaty,7.32,21:39:50,2,8,0.0
2026-08-20,Comirnaty,6.13,21:40:20,2,8,0.0
2026-08-20,Comirnaty,14.77,21:40:50,2,8,159.12
2026-08-20,Comirnaty,5.37,21:41:20,2,8,0.0
2026-08-20,Comirnaty,14.4,21:41:50,2,8,159.14
2026-08-20,Comirnaty,10.06,21:42:20,2,8,159.15
2026-08-20,Comirnaty,11.65,21:42:50,2,8,159.16
2026-08-20,Comirnaty,13.68,21:43:20,2,8,159.17
2026-08-20,Comirnaty,14.85,21:43:50,2,8,159.19
2026-08-20,Comirnaty,17.05,21:44:20,2,8,159.2
2026-08-20,Comirnaty,17.17,21:44:50,2,8,159.21
2026-08-20,Comirnaty,12.5,21:45:20,2,8,159.22
2026-08-20,Comirnaty,14.48,21:45:50,2,8,159.23
2026-08-20,Comirnaty,13.7,21:46:20,2,8,159.24
2026-08-20,Comirnaty,7.94,21:46:50,2,8,0.0
2026-08-20,Comirnaty,3.84,21:47:20,2,8,0.0
2026-08-20,Comirnaty,17.87,21:47:50,2,8,159.27
2026-08-20,Comirnaty,6.46,21:48:20,2,8,0.0
2026-08-20,Comirnaty,16.44,21:48:50,2,8,159.29
2026-08-20,Comirnaty,13.99,21:49:20,2,8,159.3
2026-08-20,Comirnaty,3.69,21:49:50,2,8,0.0
2026-08-20,Comirnaty,10.43,21:50:20,2,8,159.33
2026-08-20,Comirnaty,11.4,21:50:50,2,8,159.34
2026-08-20,Comirnaty,13.17,21:51:20,2,8,159.35
2026-08-20,Comirnaty,5.98,21:51:50,2,8,0.0
2026-08-20,Comirnaty,13.88,21:52:20,2,8,159.37
2026-08-20,Comirnaty,12.7,21:52:50,2,8,159.38
2026-08-20,Comirnaty,12.08,21:53:20,2,8,159.39
2026-08-20,Comirnaty,9.91,21:53:50,2,8,159.4
2026-08-20,Comirnaty,10.35,21:54:20,2,8,159.41
2026-08-20,Comirnaty,17.25,21:54:50,2,8,159.42
2026-08-20,Comirnaty,2.83,21:55:20,2,8,0.0
2026-08-20,Comirnaty,16.2,21:55:50,2,8,159.45
2026-08-20,Comirnaty,14.76,21:56:20,2,8,159.46
2026-08-20,Comirnaty,13.23,21:56:50,2,8,159.47
2026-08-20,Comirnaty,9.06,21:57:20,2,8,159.48
2026-08-20,Comirnaty,12.68,21:57:50,2,8,159.49
2026-08-20,Comirnaty,15.01,21:58:20,2,8,159.5
2026-08-20,Comirnaty,10.03,21:58:50,2,8,159.51
2026-08-20,Comirnaty,12.01,21:59:20,2,8,159.52
2026-08-20,Comirnaty,16.32,21:59:50,2,8,159.53
2026-08-20,Comirnaty,11.96,22:00:20,2,8,159.54
2026-08-20,Comirnaty,13.07,22:00:50,2,8,159.55
2026-08-20,Comirnaty,6.77,22:01:20,2,8,0.0
2026-08-20,Comirnaty,12.47,22:01:50,2,8,159.58
2026-08-20,Comirnaty,17.43,22:02:20,2,8,159.59
2026-08-20,Comirnaty,3.67,22:02:50,2,8,0.0
2026-08-20,Comirnaty,6.52,22:03:20,2,8,0.0
2026-08-20,Comirnaty,7.96,22:03:50,2,8,0.0
2026-08-20,Comirnaty,12.86,22:04:20,2,8,159.63
2026-08-20,Comirnaty,11.88,22:04:50,2,8,159.64
2026-08-20,Comirnaty,11.07,22:05:20,2,8,159.65
2026-08-20,Comirnaty,14.16,22:05:50,2,8,159.66
2026-08-20,Comirnaty,15.68,22:06:20,2,8,159.67
2026-08-20,Comirnaty,5.77,22:06:50,2,8,0.0
2026-08-20,Comirnaty,15.58,22:07:20,2,8,159.69
2026-08-20,Comirnaty,9.03,22:07:50,2,8,159.7
2026-08-20,Comirnaty,3.69,22:08:20,2,8,0.0
2026-08-20,Comirnaty,5.66,22:08:50,2,8,0.0
2026-08-20,Comirnaty,5.89,22:09:20,2,8,0.0
2026-08-20,Comirnaty,15.05,22:09:50,2,8,159.75
2026-08-20,Comirnaty,3.94,22:10:20,2,8,0.0
2026-08-20,Comirnaty,2.52,22:10:50,2,8,0.0
2026-08-20,Comirnaty,9.18,22:11:20,2,8,159.78
2026-08-20,Comirnaty,12.58,22:11:50,2,8,159.79
2026-08-20,Comirnaty,6.9,22:12:20,2,8,0.0
2026-08-20,Comirnaty,3.56,22:12:50,2,8,0.0
2026-08-20,Comirnaty,9.57,22:13:20,2,8,159.82
2026-08-20,Comirnaty,17.69,22:13:50,2,8,159.84
2026-08-20,Comirnaty,6.8,22:14:20,2,8,0.0
2026-08-20,Comirnaty,10.28,22:14:50,2,8,159.86
2026-08-20,Comirnaty,15.19,22:15:20,2,8,159.87
2026-08-20,Comirnaty,6.43,22:15:50,2,8,0.0
2026-08-20,Comirnaty,16.21,22:16:20,2,8,159.89
2026-08-20,Comirnaty,2.44,22:16:50,2,8,0.0
2026-08-20,Comirnaty,17.05,22:17:20,2,8,159.91
2026-08-20,Comirnaty,14.61,22:17:50,2,8,159.92
2026-08-20,Comirnaty,14.93,22:18:20,2,8,159.93
2026-08-20,Comirnaty,3.72,22:18:50,2,8,0.0
2026-08-20,Comirnaty,15.43,22:19:20,2,8,159.95
2026-08-20,Comirnaty,16.97,22:19:50,2,8,159.97
2026-08-20,Comirnaty,3.13,22:20:20,2,8,0.0
2026-08-20,Comirnaty,3.69,22:20:50,2,8,0.0
2026-08-20,Comirnaty,6.11,22:21:20,2,8,0.0
2026-08-20,Comirnaty,6.37,22:21:50,2,8,0.0
2026-08-20,Comirnaty,16.26,22:22:20,2,8,160.02
2026-08-20,Comirnaty,14.83,22:22:50,2,8,160.03
2026-08-20,Comirnaty,7.13,22:23:20,2,8,0.0
2026-08-20,Comirnaty,13.96,22:23:50,2,8,160.05
2026-08-20,Comirnaty,11.57,22:24:20,2,8,160.06
2026-08-20,Comirnaty,7.91,22:24:50,2,8,0.0
2026-08-20,Comirnaty,9.41,22:25:20,2,8,160.08
2026-08-20,Comirnaty,9.99,22:25:50,2,8,160.09
2026-08-20,Comirnaty,16.49,22:26:20,2,8,160.11
2026-08-20,Comirnaty,12.3,22:26:50,2,8,160.12
2026-08-20,Comirnaty,13.93,22:27:20,2,8,160.13
2026-08-20,Comirnaty,14.34,22:27:50,2,8,160.14
2026-08-20,Comirnaty,6.39,22:28:20,2,8,0.0
2026-08-20,Comirnaty,11.97,22:28:50,2,8,160.16
2026-08-20,Comirnaty,2.28,22:29:20,2,8,0.0
2026-08-20,Comirnaty,13.44,22:29:50,2,8,160.18
2026-08-20,Comirnaty,6.08,22:30:20,2,8,0.0
2026-08-20,Comirnaty,2.81,22:30:50,2,8,0.0
2026-08-20,Comirnaty,10.62,22:31:20,2,8,160.21
2026-08-20,Comirnaty,15.92,22:31:50,2,8,160.22
2026-08-20,Comirnaty,13.92,22:32:20,2,8,160.24
2026-08-20,Comirnaty,17.32,22:32:50,2,8,160.25
2026-08-20,Comirnaty,17.92,22:33:20,2,8,160.26
2026-08-20,Comirnaty,14.02,22:33:50,2,8,160.27
2026-08-20,Comirnaty,10.68,22:34:20,2,8,160.28
2026-08-20,Comirnaty,4.05,22:34:50,2,8,0.0
2026-08-20,Comirnaty,5.53,22:35:20,2,8,0.0
2026-08-20,Comirnaty,4.92,22:35:50,2,8,0.0
2026-08-20,Comirnaty,11.62,22:36:20,2,8,160.32
2026-08-20,Comirnaty,11.7,22:36:50,2,8,160.33
2026-08-20,Comirnaty,17.8,22:37:20,2,8,160.34
2026-08-20,Comirnaty,10.05,22:37:50,2,8,160.35
2026-08-20,Comirnaty,10.14,22:38:20,2,8,160.37
2026-08-20,Comirnaty,11.56,22:38:50,2,8,160.38
2026-08-20,Comirnaty,9.09,22:39:20,2,8,160.39
2026-08-20,Comirnaty,14.27,22:39:50,2,8,160.4
2026-08-20,Comirnaty,10.51,22:40:20,2,8,160.41
2026-08-20,Comirnaty,5.78,22:40:50,2,8,0.0
2026-08-20,Comirnaty,5.24,22:41:20,2,8,0.0
2026-08-20,Comirnaty,3.88,22:41:50,2,8,0.0
2026-08-20,Comirnaty,2.67,22:42:20,2,8,0.0
2026-08-20,Comirnaty,15.72,22:42:50,2,8,160.46
2026-08-20,Comirnaty,9.77,22:43:20,2,8,160.47
2026-08-20,Comirnaty,2.33,22:43:50,2,8,0.0
2026-08-20,Comirnaty,9.06,22:44:20,2,8,160.5
2026-08-20,Comirnaty,15.46,22:44:50,2,8,160.51
2026-08-20,Comirnaty,10.62,22:45:20,2,8,160.52
2026-08-20,Comirnaty,15.34,22:45:50,2,8,160.53
2026-08-20,Comirnaty,9.05,22:46:20,2,8,160.54
2026-08-20,Comirnaty,10.91,22:46:50,2,8,160.55
2026-08-20,Comirnaty,6.12,22:47:20,2,8,0.0
2026-08-20,Comirnaty,17.7,22:47:50,2,8,160.57
2026-08-20,Comirnaty,14.17,22:48:20,2,8,160.58
2026-08-20,Comirnaty,4.48,22:48:50,2,8,0.0
2026-08-20,Comirnaty,16.48,22:49:20,2,8,160.6
2026-08-20,Comirnaty,7.76,22:49:50,2,8,0.0
2026-08-20,Comirnaty,7.23,22:50:20,2,8,0.0
2026-08-20,Comirnaty,17.58,22:50:50,2,8,160.64
2026-08-20,Comirnaty,12.03,22:51:20,2,8,160.65
2026-08-20,Comirnaty,15.82,22:51:50,2,8,160.66
2026-08-20,Comirnaty,15.15,22:52:20,2,8,160.67
2026-08-20,Comirnaty,4.46,22:52:50,2,8,0.0
2026-08-20,Comirnaty,13.15,22:53:20,2,8,160.69
2026-08-20,Comirnaty,3.57,22:53:50,2,8,0.0
2026-08-20,Comirnaty,4.46,22:54:20,2,8,0.0
2026-08-20,Comirnaty,7.46,22:54:50,2,8,0.0
2026-08-20,Comirnaty,15.04,22:55:20,2,8,160.73
2026-08-20,Comirnaty,5.08,22:55:50,2,8,0.0
2026-08-20,Comirnaty,6.32,22:56:20,2,8,0.0
2026-08-20,Comirnaty,16.89,22:56:50,2,8,160.77
2026-08-20,Comirnaty,13.09,22:57:20,2,8,160.78
2026-08-20,Comirnaty,5.65,22:57:50,2,8,0.0
2026-08-20,Comirnaty,2.73,22:58:20,2,8,0.0
2026-08-20,Comirnaty,7.92,22:58:50,2,8,0.0
2026-08-20,Comirnaty,11.12,22:59:20,2,8,160.82
2026-08-20,Comirnaty,5.17,22:59:50,2,8,0.0
2026-08-20,Comirnaty,3.43,23:00:20,2,8,0.0
2026-08-20,Comirnaty,14.31,23:00:50,2,8,160.85
2026-08-20,Comirnaty,14.38,23:01:20,2,8,160.86
2026-08-20,Comirnaty,9.53,23:01:50,2,8,160.88
2026-08-20,Comirnaty,15.34,23:02:20,2,8,160.89
2026-08-20,Comirnaty,10.5,23:02:50,2,8,160.9
2026-08-20,Comirnaty,6.2,23:03:20,2,8,0.0
2026-08-20,Comirnaty,9.24,23:03:50,2,8,160.92
2026-08-20,Comirnaty,16.05,23:04:20,2,8,160.93
2026-08-20,Comirnaty,10.47,23:04:50,2,8,160.94
2026-08-20,Comirnaty,5.1,23:05:20,2,8,0.0
2026-08-20,Comirnaty,5.98,23:05:50,2,8,0.0
2026-08-20,Comirnaty,12.87,23:06:20,2,8,160.97
2026-08-20,Comirnaty,10.22,23:06:50,2,8,160.98
2026-08-20,Comirnaty,12.15,23:07:20,2,8,160.99
2026-08-20,Comirnaty,4.65,23:07:50,2,8,0.0
2026-08-20,Comirnaty,2.1,23:08:20,2,8,0.0
2026-08-20,Comirnaty,6.26,23:08:50,2,8,0.0
2026-08-20,Comirnaty,7.1,23:09:20,2,8,0.0
2026-08-20,Comirnaty,2.52,23:09:50,2,8,0.0
2026-08-20,Comirnaty,10.12,23:10:20,2,8,161.06
2026-08-20,Comirnaty,6.18,23:10:50,2,8,0.0
2026-08-20,Comirnaty,14.09,23:11:20,2,8,161.08
2026-08-20,Comirnaty,16.48,23:11:50,2,8,161.09
2026-08-20,Comirnaty,12.3,23:12:20,2,8,161.1
2026-08-20,Comirnaty,12.17,23:12:50,2,8,161.11
2026-08-20,Comirnaty,9.32,23:13:20,2,8,161.12
2026-08-20,Comirnaty,10.12,23:13:50,2,8,161.14
2026-08-20,Comirnaty,11.64,23:14:20,2,8,161.15
2026-08-20,Comirnaty,15.32,23:14:50,2,8,161.16
2026-08-20,Comirnaty,3.07,23:15:20,2,8,0.0
2026-08-20,Comirnaty,15.65,23:15:50,2,8,161.18
2026-08-20,Comirnaty,16.4,23:16:20,2,8,161.19
2026-08-20,Comirnaty,10.36,23:16:50,2,8,161.2
2026-08-20,Comirnaty,13.12,23:17:20,2,8,161.21
2026-08-20,Comirnaty,4.06,23:17:50,2,8,0.0
2026-08-20,Comirnaty,16.77,23:18:20,2,8,161.23
2026-08-20,Comirnaty,17.34,23:18:50,2,8,161.24
2026-08-20,Comirnaty,15.47,23:19:20,2,8,161.25
2026-08-20,Comirnaty,5.12,23:19:50,2,8,0.0
2026-08-20,Comirnaty,17.0,23:20:20,2,8,161.28
2026-08-20,Comirnaty,14.89,23:20:50,2,8,161.29
2026-08-20,Comirnaty,17.92,23:21:20,2,8,161.3
2026-08-20,Comirnaty,14.29,23:21:50,2,8,161.31
2026-08-20,Comirnaty,14.08,23:22:20,2,8,161.32
2026-08-20,Comirnaty,15.91,23:22:50,2,8,161.33
2026-08-20,Comirnaty,2.0,23:23:20,2,8,0.0
2026-08-20,Comirnaty,15.67,23:23:50,2,8,161.35
2026-08-20,Comirnaty,4.51,23:24:20,2,8,0.0
2026-08-20,Comirnaty,6.19,23:24:50,2,8,0.0
2026-08-20,Comirnaty,10.91,23:25:20,2,8,161.38
2026-08-20,Comirnaty,10.46,23:25:50,2,8,161.4
2026-08-20,Comirnaty,6.95,23:26:20,2,8,0.0
2026-08-20,Comirnaty,3.42,23:26:50,2,8,0.0
2026-08-20,Comirnaty,10.67,23:27:20,2,8,161.43
2026-08-20,Comirnaty,14.75,23:27:50,2,8,161.44
2026-08-20,Comirnaty,11.33,23:28:20,2,8,161.45
2026-08-20,Comirnaty,3.48,23:28:50,2,8,0.0
2026-08-20,Comirnaty,10.61,23:29:20,2,8,161.47
2026-08-20,Comirnaty,4.39,23:29:50,2,8,0.0
2026-08-20,Comirnaty,3.62,23:30:20,2,8,0.0
2026-08-20,Comirnaty,5.11,23:30:50,2,8,0.0
2026-08-20,Comirnaty,15.89,23:31:20,2,8,161.51
2026-08-20,Comirnaty,11.3,23:31:50,2,8,161.53
2026-08-20,Comirnaty,9.42,23:32:20,2,8,161.54
2026-08-20,Comirnaty,12.38,23:32:50,2,8,161.55
2026-08-20,Comirnaty,17.11,23:33:20,2,8,161.56
2026-08-20,Comirnaty,2.0,23:33:50,2,8,0.0
2026-08-20,Comirnaty,11.67,23:34:20,2,8,161.58
2026-08-20,Comirnaty,17.5,23:34:50,2,8,161.59
2026-08-20,Comirnaty,12.97,23:35:20,2,8,161.6
2026-08-20,Comirnaty,6.89,23:35:50,2,8,0.0
2026-08-20,Comirnaty,11.18,23:36:20,2,8,161.62
2026-08-20,Comirnaty,14.09,23:36:50,2,8,161.63
2026-08-20,Comirnaty,13.03,23:37:20,2,8,161.64
2026-08-20,Comirnaty,13.06,23:37:50,2,8,161.66
2026-08-20,Comirnaty,13.51,23:38:20,2,8,161.67
2026-08-20,Comirnaty,15.22,23:38:50,2,8,161.68
2026-08-20,Comirnaty,11.34,23:39:20,2,8,161.69
2026-08-20,Comirnaty,15.14,23:39:50,2,8,161.7
2026-08-20,Comirnaty,4.49,23:40:20,2,8,0.0
2026-08-20,Comirnaty,6.25,23:40:50,2,8,0.0
2026-08-20,Comirnaty,15.62,23:41:20,2,8,161.73
2026-08-20,Comirnaty,11.31,23:41:50,2,8,161.74
2026-08-20,Comirnaty,14.41,23:42:20,2,8,161.75
2026-08-20,Comirnaty,13.93,23:42:50,2,8,161.76
2026-08-20,Comirnaty,15.34,23:43:20,2,8,161.77
2026-08-20,Comirnaty,5.46,23:43:50,2,8,0.0
2026-08-20,Comirnaty,11.68,23:44:20,2,8,161.8
2026-08-20,Comirnaty,7.24,23:44:50,2,8,0.0
2026-08-20,Comirnaty,11.57,23:45:20,2,8,161.82
2026-08-20,Comirnaty,16.55,23:45:50,2,8,161.83
2026-08-20,Comirnaty,17.89,23:46:20,2,8,161.84
2026-08-20,Comirnaty,7.34,23:46:50,2,8,0.0
2026-08-20,Comirnaty,7.56,23:47:20,2,8,0.0
2026-08-20,Comirnaty,14.61,23:47:50,2,8,161.87
2026-08-20,Comirnaty,9.91,23:48:20,2,8,161.88
2026-08-20,Comirnaty,13.34,23:48:50,2,8,161.89
2026-08-20,Comirnaty,5.71,23:49:20,2,8,0.0
2026-08-20,Comirnaty,17.82,23:49:50,2,8,161.91
2026-08-20,Comirnaty,5.03,23:50:20,2,8,0.0
2026-08-20,Comirnaty,3.28,23:50:50,2,8,0.0
2026-08-20,Comirnaty,11.28,23:51:20,2,8,161.95
2026-08-20,Comirnaty,3.29,23:51:50,2,8,0.0
2026-08-20,Comirnaty,6.17,23:52:20,2,8,0.0
2026-08-20,Comirnaty,4.42,23:52:50,2,8,0.0
2026-08-20,Comirnaty,11.15,23:53:20,2,8,161.99
2026-08-20,Comirnaty,6.94,23:53:50,2,8,0.0
2026-08-20,Comirnaty,16.71,23:54:20,2,8,162.01
2026-08-20,Comirnaty,10.71,23:54:50,2,8,162.02
2026-08-20,Comirnaty,13.45,23:55:20,2,8,162.03
2026-08-20,Comirnaty,13.45,23:55:50,2,8,162.05
2026-08-20,Comirnaty,17.76,23:56:20,2,8,162.06
2026-08-20,Comirnaty,17.75,23:56:50,2,8,162.07
2026-08-20,Comirnaty,9.64,23:57:20,2,8,162.08
2026-08-20,Comirnaty,14.51,23:57:50,2,8,162.09
2026-08-20,Comirnaty,13.68,23:58:20,2,8,162.1
2026-08-20,Comirnaty,3.02,23:58:50,2,8,0.0
2026-08-20,Comirnaty,3.8,23:59:20,2,8,0.0
2026-08-20,Comirnaty,3.92,23:59:50,2,8,0.0
2026-08-20,Comirnaty,11.76,00:00:20,2,8,162.14
2026-08-20,Comirnaty,3.85,00:00:50,2,8,0.0
2026-08-20,Comirnaty,6.34,00:01:20,2,8,0.0
2026-08-20,Comirnaty,16.43,00:01:50,2,8,162.18
2026-08-20,Comirnaty,7.16,00:02:20,2,8,0.0
2026-08-20,Comirnaty,6.41,00:02:50,2,8,0.0
2026-08-20,Comirnaty,7.34,00:03:20,2,8,0.0
2026-08-20,Comirnaty,7.84,00:03:50,2,8,0.0
2026-08-20,Comirnaty,15.21,00:04:20,2,8,162.23
2026-08-20,Comirnaty,13.87,00:04:50,2,8,162.24
2026-08-20,Comirnaty,10.79,00:05:20,2,8,162.25
2026-08-20,Comirnaty,12.83,00:05:50,2,8,162.26
2026-08-20,Comirnaty,15.8,00:06:20,2,8,162.27
2026-08-20,Comirnaty,10.17,00:06:50,2,8,162.28
2026-08-20,Comirnaty,6.37,00:07:20,2,8,0.0
2026-08-20,Comirnaty,11.39,00:07:50,2,8,162.31
2026-08-20,Comirnaty,7.42,00:08:20,2,8,0.0
2026-08-20,Comirnaty,10.38,00:08:50,2,8,162.33
2026-08-20,Comirnaty,16.0,00:09:20,2,8,162.34
2026-08-20,Comirnaty,14.9,00:09:50,2,8,162.35
2026-08-20,Comirnaty,7.15,00:10:20,2,8,0.0
2026-08-20,Comirnaty,12.65,00:10:50,2,8,162.37
2026-08-20,Comirnaty,11.43,00:11:20,2,8,162.38
2026-08-20,Comirnaty,16.56,00:11:50,2,8,162.39
2026-08-20,Comirnaty,6.39,00:12:20,2,8,0.0
2026-08-20,Comirnaty,16.15,00:12:50,2,8,162.41
2026-08-20,Comirnaty,4.62,00:13:20,2,8,0.0
2026-08-20,Comirnaty,17.59,00:13:50,2,8,162.44
2026-08-20,Comirnaty,4.37,00:14:20,2,8,0.0
2026-08-20,Comirnaty,6.02,00:14:50,2,8,0.0
2026-08-20,Comirnaty,11.14,00:15:20,2,8,162.47
2026-08-20,Comirnaty,15.11,00:15:50,2,8,162.48
2026-08-20,Comirnaty,3.76,00:16:20,2,8,0.0
2026-08-20,Comirnaty,9.76,00:16:50,2,8,162.5
2026-08-20,Comirnaty,7.79,00:17:20,2,8,0.0
2026-08-20,Comirnaty,5.11,00:17:50,2,8,0.0
2026-08-20,Comirnaty,11.91,00:18:20,2,8,162.53
2026-08-20,Comirnaty,5.71,00:18:50,2,8,0.0
2026-08-20,Comirnaty,5.25,00:19:20,2,8,0.0
2026-08-20,Comirnaty,13.13,00:19:50,2,8,162.56
2026-08-20,Comirnaty,4.06,00:20:20,2,8,0.0
2026-08-20,Comirnaty,6.97,00:20:50,2,8,0.0
2026-08-20,Comirnaty,3.28,00:21:20,2,8,0.0
2026-08-20,Comirnaty,13.15,00:21:50,2,8,162.61
2026-08-20,Comirnaty,13.39,00:22:20,2,8,162.62
2026-08-20,Comirnaty,11.6,00:22:50,2,8,162.63
2026-08-20,Comirnaty,11.07,00:23:20,2,8,162.64
2026-08-20,Comirnaty,14.94,00:23:50,2,8,162.65
2026-08-20,Comirnaty,4.76,00:24:20,2,8,0.0
2026-08-20,Comirnaty,4.93,00:24:50,2,8,0.0
2026-08-20,Comirnaty,15.56,00:25:20,2,8,162.68
2026-08-20,Comirnaty,13.83,00:25:50,2,8,162.7
2026-08-20,Comirnaty,5.75,00:26:20,2,8,0.0
2026-08-20,Comirnaty,16.43,00:26:50,2,8,162.72
2026-08-20,Comirnaty,6.27,00:27:20,2,8,0.0
2026-08-20,Comirnaty,11.12,00:27:50,2,8,162.74
2026-08-20,Comirnaty,15.18,00:28:20,2,8,162.75
2026-08-20,Comirnaty,11.8,00:28:50,2,8,162.76
2026-08-20,Comirnaty,15.6,00:29:20,2,8,162.77
2026-08-20,Comirnaty,9.97,00:29:50,2,8,162.78
2026-08-20,Comirnaty,12.67,00:30:20,2,8,162.79
2026-08-20,Comirnaty,10.16,00:30:50,2,8,162.8
2026-08-20,Comirnaty,4.57,00:31:20,2,8,0.0
2026-08-20,Comirnaty,15.14,00:31:50,2,8,162.83
2026-08-20,Comirnaty,17.04,00:32:20,2,8,162.84
2026-08-20,Comirnaty,10.02,00:32:50,2,8,162.85
2026-08-20,Comirnaty,12.97,00:33:20,2,8,162.86
2026-08-20,Comirnaty,16.0,00:33:50,2,8,162.87
2026-08-20,Comirnaty,15.48,00:34:20,2,8,162.88
2026-08-20,Comirnaty,9.87,00:34:50,2,8,162.89
2026-08-20,Comirnaty,7.25,00:35:20,2,8,0.0
2026-08-20,Comirnaty,4.86,00:35:50,2,8,0.0
2026-08-20,Comirnaty,15.83,00:36:20,2,8,162.92
2026-08-20,Comirnaty,3.35,00:36:50,2,8,0.0
2026-08-20,Comirnaty,17.72,00:37:20,2,8,162.94
2026-08-20,Comirnaty,13.81,00:37:50,2,8,162.95
2026-08-20,Comirnaty,16.38,00:38:20,2,8,162.97
2026-08-20,Comirnaty,7.42,00:38:50,2,8,0.0
2026-08-20,Comirnaty,6.23,00:39:20,2,8,0.0
2026-08-20,Comirnaty,9.86,00:39:50,2,8,163.0
2026-08-20,Comirnaty,4.15,00:40:20,2,8,0.0
2026-08-20,Comirnaty,7.9,00:40:50,2,8,0.0
2026-08-20,Comirnaty,3.47,00:41:20,2,8,0.0
2026-08-20,Comirnaty,9.24,00:41:50,2,8,163.04
2026-08-20,Comirnaty,12.18,00:42:20,2,8,163.05
2026-08-20,Comirnaty,11.56,00:42:50,2,8,163.06
2026-08-20,Comirnaty,6.98,00:43:20,2,8,0.0
2026-08-20,Comirnaty,14.39,00:43:50,2,8,163.09
2026-08-20,Comirnaty,15.3,00:44:20,2,8,163.1
2026-08-20,Comirnaty,5.16,00:44:50,2,8,0.0
2026-08-20,Comirnaty,3.21,00:45:20,2,8,0.0
2026-08-20,Comirnaty,3.19,00:45:50,2,8,0.0
2026-08-20,Comirnaty,14.88,00:46:20,2,8,163.14
2026-08-20,Comirnaty,5.3,00:46:50,2,8,0.0
2026-08-20,Comirnaty,7.98,00:47:20,2,8,0.0
2026-08-20,Comirnaty,15.33,00:47:50,2,8,163.17
2026-08-20,Comirnaty,10.75,00:48:20,2,8,163.18
2026-08-20,Comirnaty,4.94,00:48:50,2,8,0.0
2026-08-20,Comirnaty,16.08,00:49:20,2,8,163.2
2026-08-20,Comirnaty,3.47,00:49:50,2,8,0.0
2026-08-20,Comirnaty,9.24,00:50:20,2,8,163.23
2026-08-20,Comirnaty,17.31,00:50:50,2,8,163.24
2026-08-20,Comirnaty,11.86,00:51:20,2,8,163.25
2026-08-20,Comirnaty,9.58,00:51:50,2,8,163.26
2026-08-20,Comirnaty,15.89,00:52:20,2,8,163.27
2026-08-20,Comirnaty,13.09,00:52:50,2,8,163.28
2026-08-20,Comirnaty,17.66,00:53:20,2,8,163.29
2026-08-20,Comirnaty,15.31,00:53:50,2,8,163.3
2026-08-20,Comirnaty,12.69,00:54:20,2,8,163.31
2026-08-20,Comirnaty,5.73,00:54:50,2,8,0.0
2026-08-20,Comirnaty,2.24,00:55:20,2,8,0.0
2026-08-20,Comirnaty,15.89,00:55:50,2,8,163.34
2026-08-20,Comirnaty,13.91,00:56:20,2,8,163.36
2026-08-20,Comirnaty,5.21,00:56:50,2,8,0.0
2026-08-20,Comirnaty,7.94,00:57:20,2,8,0.0
2026-08-20,Comirnaty,4.9,00:57:50,2,8,0.0
2026-08-20,Comirnaty,16.04,00:58:20,2,8,163.4
2026-08-20,Comirnaty,3.43,00:58:50,2,8,0.0
2026-08-20,Comirnaty,10.62,00:59:20,2,8,163.42
2026-08-20,Comirnaty,7.88,00:59:50,2,8,0.0
2026-08-20,Comirnaty,9.27,01:00:20,2,8,163.44
2026-08-20,Comirnaty,11.4,01:00:50,2,8,163.45
2026-08-20,Comirnaty,3.9,01:01:20,2,8,0.0
2026-08-20,Comirnaty,4.11,01:01:50,2,8,0.0
2026-08-20,Comirnaty,2.56,01:02:20,2,8,0.0
2026-08-20,Comirnaty,12.73,01:02:50,2,8,163.5
2026-08-20,Comirnaty,10.88,01:03:20,2,8,163.51
2026-08-20,Comirnaty,6.85,01:03:50,2,8,0.0
2026-08-20,Comirnaty,2.04,01:04:20,2,8,0.0
2026-08-20,Comirnaty,9.94,01:04:50,2,8,163.54
2026-08-20,Comirnaty,5.88,01:05:20,2,8,0.0
2026-08-20,Comirnaty,12.82,01:05:50,2,8,163.56
2026-08-20,Comirnaty,10.58,01:06:20,2,8,163.57
2026-08-20,Comirnaty,7.7,01:06:50,2,8,0.0
2026-08-20,Comirnaty,6.68,01:07:20,2,8,0.0
2026-08-20,Comirnaty,4.04,01:07:50,2,8,0.0
2026-08-20,Comirnaty,12.32,01:08:20,2,8,163.62
2026-08-20,Comirnaty,16.85,01:08:50,2,8,163.63
2026-08-20,Comirnaty,3.6,01:09:20,2,8,0.0
2026-08-20,Comirnaty,5.42,01:09:50,2,8,0.0
2026-08-20,Comirnaty,17.17,01:10:20,2,8,163.66
2026-08-20,Comirnaty,3.76,01:10:50,2,8,0.0
2026-08-20,Comirnaty,17.05,01:11:20,2,8,163.68
2026-08-20,Comirnaty,6.78,01:11:50,2,8,0.0
2026-08-20,Comirnaty,12.35,01:12:20,2,8,163.7
2026-08-20,Comirnaty,10.04,01:12:50,2,8,163.71
2026-08-20,Comirnaty,6.96,01:13:20,2,8,0.0
2026-08-20,Comirnaty,5.59,01:13:50,2,8,0.0
2026-08-20,Comirnaty,11.29,01:14:20,2,8,163.75
2026-08-20,Comirnaty,7.42,01:14:50,2,8,0.0
2026-08-20,Comirnaty,9.11,01:15:20,2,8,163.77
2026-08-20,Comirnaty,12.53,01:15:50,2,8,163.78
2026-08-20,Comirnaty,10.78,01:16:20,2,8,163.79
2026-08-20,Comirnaty,15.48,01:16:50,2,8,163.8
2026-08-20,Comirnaty,12.63,01:17:20,2,8,163.81
2026-08-20,Comirnaty,14.54,01:17:50,2,8,163.82
2026-08-20,Comirnaty,6.22,01:18:20,2,8,0.0
2026-08-20,Comirnaty,14.54,01:18:50,2,8,163.84
2026-08-20,Comirnaty,9.32,01:19:20,2,8,163.85
2026-08-20,Comirnaty,7.18,01:19:50,2,8,0.0
2026-08-20,Comirnaty,6.94,01:20:20,2,8,0.0
2026-08-20,Comirnaty,17.93,01:20:50,2,8,163.89
2026-08-20,Comirnaty,10.83,01:21:20,2,8,163.9
2026-08-20,Comirnaty,9.82,01:21:50,2,8,163.91
2026-08-20,Comirnaty,15.06,01:22:20,2,8,163.92
2026-08-20,Comirnaty,10.87,01:22:50,2,8,163.93
2026-08-20,Comirnaty,13.93,01:23:20,2,8,163.94
2026-08-20,Comirnaty,12.37,01:23:50,2,8,163.95
2026-08-20,Comirnaty,14.18,01:24:20,2,8,163.96
2026-08-20,Comirnaty,17.86,01:24:50,2,8,163.97
2026-08-20,Comirnaty,7.44,01:25:20,2,8,0.0
2026-08-20,Comirnaty,10.9,01:25:50,2,8,164.0
2026-08-20,Comirnaty,10.67,01:26:20,2,8,164.01
2026-08-20,Comirnaty,3.62,01:26:50,2,8,0.0
2026-08-20,Comirnaty,12.07,01:27:20,2,8,164.03
2026-08-20,Comirnaty,12.6,01:27:50,2,8,164.04
2026-08-20,Comirnaty,17.48,01:28:20,2,8,164.05
2026-08-20,Comirnaty,11.18,01:28:50,2,8,164.06
2026-08-20,Comirnaty,17.8,01:29:20,2,8,164.07
2026-08-20,Comirnaty,14.88,01:29:50,2,8,164.08
2026-08-20,Comirnaty,14.33,01:30:20,2,8,164.09
2026-08-20,Comirnaty,3.86,01:30:50,2,8,0.0
2026-08-20,Comirnaty,5.09,01:31:20,2,8,0.0
2026-08-20,Comirnaty,2.46,01:31:50,2,8,0.0
2026-08-20,Comirnaty,9.31,01:32:20,2,8,164.14
2026-08-20,Comirnaty,14.81,01:32:50,2,8,164.15
2026-08-20,Comirnaty,4.93,01:33:20,2,8,0.0
2026-08-20,Comirnaty,11.2,01:33:50,2,8,164.17
2026-08-20,Comirnaty,9.03,01:34:20,2,8,164.18
2026-08-20,Comirnaty,9.36,01:34:50,2,8,164.19
2026-08-20,Comirnaty,3.21,01:35:20,2,8,0.0
2026-08-20,Comirnaty,5.36,01:35:50,2,8,0.0
2026-08-20,Comirnaty,7.54,01:36:20,2,8,0.0
2026-08-20,Comirnaty,2.98,01:36:50,2,8,0.0
2026-08-20,Comirnaty,17.36,01:37:20,2,8,164.24
2026-08-20,Comirnaty,2.97,01:37:50,2,8,0.0
2026-08-20,Comirnaty,4.33,01:38:20,2,8,0.0
2026-08-20,Comirnaty,17.75,01:38:50,2,8,164.28
2026-08-20,Comirnaty,15.82,01:39:20,2,8,164.29
2026-08-20,Comirnaty,16.36,01:39:50,2,8,164.3
2026-08-20,Comirnaty,7.39,01:40:20,2,8,0.0
2026-08-20,Comirnaty,2.54,01:40:50,2,8,0.0
2026-08-20,Comirnaty,16.05,01:41:20,2,8,164.33
2026-08-20,Comirnaty,12.68,01:41:50,2,8,164.34
2026-08-20,Comirnaty,4.35,01:42:20,2,8,0.0
2026-08-20,Comirnaty,12.4,01:42:50,2,8,164.36
2026-08-20,Comirnaty,10.16,01:43:20,2,8,164.37
2026-08-20,Comirnaty,17.05,01:43:50,2,8,164.39
2026-08-20,Comirnaty,12.53,01:44:20,2,8,164.4
2026-08-20,Comirnaty,15.83,01:44:50,2,8,164.41
2026-08-20,Comirnaty,9.47,01:45:20,2,8,164.42
2026-08-20,Comirnaty,2.65,01:45:50,2,8,0.0
2026-08-20,Comirnaty,17.83,01:46:20,2,8,164.44
2026-08-20,Comirnaty,11.84,01:46:50,2,8,164.45
2026-08-20,Comirnaty,16.36,01:47:20,2,8,164.46
2026-08-20,Comirnaty,16.49,01:47:50,2,8,164.47
2026-08-20,Comirnaty,7.53,01:48:20,2,8,0.0
2026-08-20,Comirnaty,5.36,01:48:50,2,8,0.0
2026-08-20,Comirnaty,7.12,01:49:20,2,8,0.0
2026-08-20,Comirnaty,6.28,01:49:50,2,8,0.0
2026-08-20,Comirnaty,13.04,01:50:20,2,8,164.53
2026-08-20,Comirnaty,10.23,01:50:50,2,8,164.54
2026-08-20,Comirnaty,15.37,01:51:20,2,8,164.55
2026-08-20,Comirnaty,11.64,01:51:50,2,8,164.56
2026-08-20,Comirnaty,9.99,01:52:20,2,8,164.57
2026-08-20,Comirnaty,5.0,01:52:50,2,8,0.0
2026-08-20,Comirnaty,4.55,01:53:20,2,8,0.0
2026-08-20,Comirnaty,17.48,01:53:50,2,8,164.6
2026-08-20,Comirnaty,9.42,01:54:20,2,8,164.61
2026-08-20,Comirnaty,15.58,01:54:50,2,8,164.62
2026-08-20,Comirnaty,13.14,01:55:20,2,8,164.63
2026-08-20,Comirnaty,6.37,01:55:50,2,8,0.0
2026-08-20,Comirnaty,13.25,01:56:20,2,8,164.66
2026-08-20,Comirnaty,11.91,01:56:50,2,8,164.67
2026-08-20,Comirnaty,16.73,01:57:20,2,8,164.68
2026-08-20,Comirnaty,17.25,01:57:50,2,8,164.69
2026-08-20,Comirnaty,6.07,01:58:20,2,8,0.0
2026-08-20,Comirnaty,3.47,01:58:50,2,8,0.0
2026-08-20,Comirnaty,4.63,01:59:20,2,8,0.0
2026-08-20,Comirnaty,3.06,01:59:50,2,8,0.0
2026-08-20,Comirnaty,10.02,02:00:20,2,8,164.74
2026-08-20,Comirnaty,2.46,02:00:50,2,8,0.0
2026-08-20,Comirnaty,10.02,02:01:20,2,8,164.76
2026-08-20,Comirnaty,4.74,02:01:50,2,8,0.0
2026-08-20,Comirnaty,14.26,02:02:20,2,8,164.79
2026-08-20,Comirnaty,9.97,02:02:50,2,8,164.8
2026-08-20,Comirnaty,15.05,02:03:20,2,8,164.81
2026-08-20,Comirnaty,4.6,02:03:50,2,8,0.0
2026-08-20,Comirnaty,2.44,02:04:20,2,8,0.0
2026-08-20,Comirnaty,6.7,02:04:50,2,8,0.0
2026-08-20,Comirnaty,7.97,02:05:20,2,8,0.0
2026-08-20,Comirnaty,14.27,02:05:50,2,8,164.86
2026-08-20,Comirnaty,9.13,02:06:20,2,8,164.87
2026-08-20,Comirnaty,10.51,02:06:50,2,8,164.88
2026-08-20,Comirnaty,5.28,02:07:20,2,8,0.0
2026-08-20,Comirnaty,11.14,02:07:50,2,8,164.91
2026-08-20,Comirnaty,14.81,02:08:20,2,8,164.92
2026-08-20,Comirnaty,2.79,02:08:50,2,8,0.0
2026-08-20,Comirnaty,9.55,02:09:20,2,8,164.94
2026-08-20,Comirnaty,12.35,02:09:50,2,8,164.95
2026-08-20,Comirnaty,13.01,02:10:20,2,8,164.96
2026-08-20,Comirnaty,16.48,02:10:50,2,8,164.97
2026-08-20,Comirnaty,14.72,02:11:20,2,8,164.98
2026-08-20,Comirnaty,10.23,02:11:50,2,8,164.99
2026-08-20,Comirnaty,4.94,02:12:20,2,8,0.0
2026-08-20,Comirnaty,14.54,02:12:50,2,8,165.01
2026-08-20,Comirnaty,4.59,02:13:20,2,8,0.0
2026-08-20,Comirnaty,7.65,02:13:50,2,8,0.0
2026-08-20,Comirnaty,3.14,02:14:20,2,8,0.0
2026-08-20,Comirnaty,5.62,02:14:50,2,8,0.0
2026-08-20,Comirnaty,5.79,02:15:20,2,8,0.0
2026-08-20,Comirnaty,12.55,02:15:50,2,8,165.08
2026-08-20,Comirnaty,11.27,02:16:20,2,8,165.09
2026-08-20,Comirnaty,15.99,02:16:50,2,8,165.1
2026-08-20,Comirnaty,3.56,02:17:20,2,8,0.0
2026-08-20,Comirnaty,17.06,02:17:50,2,8,165.12
2026-08-20,Comirnaty,11.41,02:18:20,2,8,165.13
2026-08-20,Comirnaty,10.33,02:18:50,2,8,165.14
2026-08-20,Comirnaty,6.45,02:19:20,2,8,0.0
2026-08-20,Comirnaty,10.28,02:19:50,2,8,165.16
2026-08-20,Comirnaty,13.39,02:20:20,2,8,165.18
2026-08-20,Comirnaty,13.73,02:20:50,2,8,165.19
2026-08-20,Comirnaty,5.66,02:21:20,2,8,0.0
2026-08-20,Comirnaty,17.66,02:21:50,2,8,165.21
2026-08-20,Comirnaty,10.66,02:22:20,2,8,165.22
2026-08-20,Comirnaty,4.77,02:22:50,2,8,0.0
2026-08-20,Comirnaty,5.46,02:23:20,2,8,0.0
2026-08-20,Comirnaty,13.55,02:23:50,2,8,165.25
2026-08-20,Comirnaty,4.11,02:24:20,2,8,0.0
2026-08-20,Comirnaty,4.99,02:24:50,2,8,0.0
2026-08-20,Comirnaty,17.99,02:25:20,2,8,165.28
2026-08-20,Comirnaty,7.42,02:25:50,2,8,0.0
2026-08-20,Comirnaty,9.47,02:26:20,2,8,165.31
2026-08-20,Comirnaty,9.92,02:26:50,2,8,165.32
2026-08-20,Comirnaty,17.52,02:27:20,2,8,165.33
2026-08-20,Comirnaty,7.28,02:27:50,2,8,0.0
2026-08-20,Comirnaty,7.63,02:28:20,2,8,0.0
2026-08-20,Comirnaty,10.42,02:28:50,2,8,165.36
2026-08-20,Comirnaty,7.97,02:29:20,2,8,0.0
2026-08-20,Comirnaty,3.62,02:29:50,2,8,0.0
2026-08-20,Comirnaty,12.55,02:30:20,2,8,165.39
2026-08-20,Comirnaty,2.37,02:30:50,2,8,0.0
2026-08-20,Comirnaty,10.09,02:31:20,2,8,165.41
2026-08-20,Comirnaty,13.55,02:31:50,2,8,165.43
2026-08-20,Comirnaty,16.66,02:32:20,2,8,165.44
2026-08-20,Comirnaty,2.18,02:32:50,2,8,0.0
2026-08-20,Comirnaty,9.46,02:33:20,2,8,165.46
2026-08-20,Comirnaty,13.85,02:33:50,2,8,165.47
2026-08-20,Comirnaty,16.19,02:34:20,2,8,165.48
2026-08-20,Comirnaty,15.71,02:34:50,2,8,165.49
2026-08-20,Comirnaty,13.75,02:35:20,2,8,165.5
2026-08-20,Comirnaty,12.57,02:35:50,2,8,165.51
2026-08-20,Comirnaty,14.75,02:36:20,2,8,165.52
2026-08-20,Comirnaty,9.48,02:36:50,2,8,165.53
2026-08-20,Comirnaty,12.61,02:37:20,2,8,165.54
2026-08-20,Comirnaty,4.62,02:37:50,2,8,0.0
2026-08-20,Comirnaty,6.63,02:38:20,2,8,0.0
2026-08-20,Comirnaty,6.99,02:38:50,2,8,0.0
2026-08-20,Comirnaty,4.15,02:39:20,2,8,0.0
2026-08-20,Comirnaty,7.58,02:39:50,2,8,0.0
2026-08-20,Comirnaty,15.25,02:40:20,2,8,165.61
2026-08-20,Comirnaty,17.54,02:40:50,2,8,165.62
2026-08-20,Comirnaty,10.82,02:41:20,2,8,165.63
2026-08-20,Comirnaty,2.87,02:41:50,2,8,0.0
2026-08-20,Comirnaty,11.83,02:42:20,2,8,165.65
2026-08-20,Comirnaty,2.95,02:42:50,2,8,0.0
2026-08-20,Comirnaty,7.65,02:43:20,2,8,0.0
2026-08-20,Comirnaty,12.8,02:43:50,2,8,165.69
2026-08-20,Comirnaty,9.34,02:44:20,2,8,165.7
2026-08-20,Comirnaty,3.09,02:44:50,2,8,0.0
2026-08-20,Comirnaty,3.13,02:45:20,2,8,0.0
2026-08-20,Comirnaty,10.57,02:45:50,2,8,165.73
2026-08-20,Comirnaty,10.42,02:46:20,2,8,165.74
2026-08-20,Comirnaty,9.58,02:46:50,2,8,165.75
2026-08-20,Comirnaty,17.62,02:47:20,2,8,165.76
2026-08-20,Comirnaty,15.16,02:47:50,2,8,165.77
2026-08-20,Comirnaty,16.14,02:48:20,2,8,165.78
2026-08-20,Comirnaty,16.5,02:48:50,2,8,165.79
2026-08-20,Comirnaty,2.97,02:49:20,2,8,0.0
2026-08-20,Comirnaty,13.57,02:49:50,2,8,165.81
2026-08-20,Comirnaty,12.91,02:50:20,2,8,165.83
2026-08-20,Comirnaty,4.99,02:50:50,2,8,0.0
2026-08-20,Comirnaty,10.52,02:51:20,2,8,165.85
2026-08-20,Comirnaty,16.1,02:51:50,2,8,165.86
2026-08-20,Comirnaty,17.04,02:52:20,2,8,165.87
2026-08-20,Comirnaty,6.57,02:52:50,2,8,0.0
2026-08-20,Comirnaty,17.27,02:53:20,2,8,165.89
2026-08-20,Comirnaty,6.39,02:53:50,2,8,0.0
2026-08-20,Comirnaty,13.52,02:54:20,2,8,165.91
2026-08-20,Comirnaty,5.96,02:54:50,2,8,0.0
2026-08-20,Comirnaty,10.13,02:55:20,2,8,165.93
2026-08-20,Comirnaty,6.47,02:55:50,2,8,0.0
2026-08-20,Comirnaty,10.46,02:56:20,2,8,165.96
2026-08-20,Comirnaty,6.18,02:56:50,2,8,0.0
2026-08-20,Comirnaty,5.33,02:57:20,2,8,0.0
2026-08-20,Comirnaty,14.17,02:57:50,2,8,165.99
2026-08-20,Comirnaty,4.87,02:58:20,2,8,0.0
2026-08-20,Comirnaty,3.52,02:58:50,2,8,0.0
2026-08-20,Comirnaty,5.84,02:59:20,2,8,0.0
2026-08-20,Comirnaty,13.28,02:59:50,2,8,166.03
2026-08-20,Comirnaty,3.94,03:00:20,2,8,0.0
2026-08-20,Comirnaty,16.12,03:00:50,2,8,166.05
2026-08-20,Comirnaty,12.58,03:01:20,2,8,166.06
2026-08-20,Comirnaty,6.98,03:01:50,2,8,0.0
2026-08-20,Comirnaty,10.05,03:02:20,2,8,166.09
2026-08-20,Comirnaty,13.01,03:02:50,2,8,166.1
2026-08-20,Comirnaty,15.18,03:03:20,2,8,166.11
2026-08-20,Comirnaty,14.63,03:03:50,2,8,166.12
2026-08-20,Comirnaty,3.19,03:04:20,2,8,0.0
2026-08-20,Comirnaty,6.04,03:04:50,2,8,0.0
2026-08-20,Comirnaty,13.36,03:05:20,2,8,166.15
2026-08-20,Comirnaty,10.73,03:05:50,2,8,166.16
2026-08-20,Comirnaty,5.82,03:06:20,2,8,0.0
2026-08-20,Comirnaty,15.64,03:06:50,2,8,166.18
2026-08-20,Comirnaty,5.44,03:07:20,2,8,0.0
2026-08-20,Comirnaty,10.89,03:07:50,2,8,166.2
2026-08-20,Comirnaty,7.91,03:08:20,2,8,0.0
2026-08-20,Comirnaty,3.88,03:08:50,2,8,0.0
2026-08-20,Comirnaty,11.26,03:09:20,2,8,166.24
2026-08-20,Comirnaty,9.69,03:09:50,2,8,166.25
2026-08-20,Comirnaty,16.7,03:10:20,2,8,166.26
2026-08-20,Comirnaty,6.28,03:10:50,2,8,0.0
2026-08-20,Comirnaty,4.44,03:11:20,2,8,0.0
2026-08-20,Comirnaty,13.84,03:11:50,2,8,166.29
2026-08-20,Comirnaty,5.27,03:12:20,2,8,0.0
2026-08-20,Comirnaty,3.37,03:12:50,2,8,0.0
2026-08-20,Comirnaty,14.97,03:13:20,2,8,166.32
2026-08-20,Comirnaty,3.53,03:13:50,2,8,0.0
2026-08-20,Comirnaty,6.31,03:14:20,2,8,0.0
2026-08-20,Comirnaty,2.28,03:14:50,2,8,0.0
2026-08-20,Comirnaty,5.99,03:15:20,2,8,0.0
2026-08-20,Comirnaty,4.6,03:15:50,2,8,0.0
2026-08-20,Comirnaty,6.88,03:16:20,2,8,0.0
2026-08-20,Comirnaty,5.64,03:16:50,2,8,0.0
2026-08-20,Comirnaty,4.22,03:17:20,2,8,0.0
2026-08-20,Comirnaty,17.07,03:17:50,2,8,166.42
2026-08-20,Comirnaty,10.52,03:18:20,2,8,166.43
2026-08-20,Comirnaty,7.56,03:18:50,2,8,0.0
2026-08-20,Comirnaty,2.6,03:19:20,2,8,0.0
2026-08-20,Comirnaty,11.42,03:19:50,2,8,166.47
2026-08-20,Comirnaty,14.07,03:20:20,2,8,166.48
2026-08-20,Comirnaty,7.21,03:20:50,2,8,0.0
2026-08-20,Comirnaty,16.38,03:21:20,2,8,166.5
2026-08-20,Comirnaty,6.71,03:21:50,2,8,0.0
2026-08-20,Comirnaty,10.02,03:22:20,2,8,166.52
2026-08-20,Comirnaty,2.22,03:22:50,2,8,0.0
2026-08-20,Comirnaty,14.84,03:23:20,2,8,166.54
2026-08-20,Comirnaty,9.6,03:23:50,2,8,166.55
2026-08-20,Comirnaty,10.17,03:24:20,2,8,166.56
2026-08-20,Comirnaty,5.67,03:24:50,2,8,0.0
2026-08-20,Comirnaty,7.78,03:25:20,2,8,0.0
2026-08-20,Comirnaty,7.93,03:25:50,2,8,0.0
2026-08-20,Comirnaty,6.07,03:26:20,2,8,0.0
2026-08-20,Comirnaty,3.28,03:26:50,2,8,0.0
2026-08-20,Comirnaty,6.95,03:27:20,2,8,0.0
2026-08-20,Comirnaty,17.99,03:27:50,2,8,166.64
2026-08-20,Comirnaty,3.54,03:28:20,2,8,0.0
2026-08-20,Comirnaty,13.93,03:28:50,2,8,166.66
2026-08-20,Comirnaty,14.16,03:29:20,2,8,166.67
2026-08-20,Comirnaty,17.56,03:29:50,2,8,166.68
2026-08-20,Comirnaty,16.9,03:30:20,2,8,166.69
2026-08-20,Comirnaty,3.41,03:30:50,2,8,0.0
2026-08-20,Comirnaty,5.01,03:31:20,2,8,0.0
2026-08-20,Comirnaty,9.87,03:31:50,2,8,166.72
2026-08-20,Comirnaty,10.56,03:32:20,2,8,166.74
2026-08-20,Comirnaty,10.19,03:32:50,2,8,166.75
2026-08-20,Comirnaty,14.44,03:33:20,2,8,166.76
2026-08-20,Comirnaty,16.45,03:33:50,2,8,166.77
2026-08-20,Comirnaty,12.88,03:34:20,2,8,166.78
2026-08-20,Comirnaty,4.63,03:34:50,2,8,0.0
2026-08-20,Comirnaty,2.7,03:35:20,2,8,0.0
2026-08-20,Comirnaty,13.0,03:35:50,2,8,166.81
2026-08-20,Comirnaty,10.48,03:36:20,2,8,166.82
2026-08-20,Comirnaty,5.38,03:36:50,2,8,0.0
2026-08-20,Comirnaty,10.71,03:37:20,2,8,166.84
2026-08-20,Comirnaty,9.19,03:37:50,2,8,166.85
2026-08-20,Comirnaty,14.22,03:38:20,2,8,166.87
2026-08-20,Comirnaty,10.77,03:38:50,2,8,166.88
2026-08-20,Comirnaty,17.95,03:39:20,2,8,166.89
2026-08-20,Comirnaty,12.56,03:39:50,2,8,166.9
2026-08-20,Comirnaty,6.29,03:40:20,2,8,0.0
2026-08-20,Comirnaty,15.47,03:40:50,2,8,166.92
2026-08-20,Comirnaty,3.16,03:41:20,2,8,0.0
2026-08-20,Comirnaty,3.3,03:41:50,2,8,0.0
2026-08-20,Comirnaty,13.3,03:42:20,2,8,166.95
2026-08-20,Comirnaty,12.32,03:42:50,2,8,166.96
2026-08-20,Comirnaty,2.33,03:43:20,2,8,0.0
2026-08-20,Comirnaty,15.78,03:43:50,2,8,166.98
2026-08-20,Comirnaty,13.05,03:44:20,2,8,167.0
2026-08-20,Comirnaty,9.89,03:44:50,2,8,167.01
2026-08-20,Comirnaty,12.78,03:45:20,2,8,167.02
2026-08-20,Comirnaty,14.4,03:45:50,2,8,167.03
2026-08-20,Comirnaty,15.26,03:46:20,2,8,167.04
2026-08-20,Comirnaty,5.88,03:46:50,2,8,0.0
2026-08-20,Comirnaty,5.92,03:47:20,2,8,0.0
2026-08-20,Comirnaty,7.04,03:47:50,2,8,0.0
2026-08-20,Comirnaty,9.39,03:48:20,2,8,167.08
2026-08-20,Comirnaty,12.37,03:48:50,2,8,167.09
2026-08-20,Comirnaty,6.42,03:49:20,2,8,0.0
2026-08-20,Comirnaty,5.79,03:49:50,2,8,0.0
2026-08-20,Comirnaty,2.55,03:50:20,2,8,0.0
2026-08-20,Comirnaty,15.25,03:50:50,2,8,167.14
2026-08-20,Comirnaty,10.38,03:51:20,2,8,167.15
2026-08-20,Comirnaty,4.34,03:51:50,2,8,0.0
2026-08-20,Comirnaty,6.47,03:52:20,2,8,0.0
2026-08-20,Comirnaty,14.97,03:52:50,2,8,167.18
2026-08-20,Comirnaty,13.89,03:53:20,2,8,167.19
2026-08-20,Comirnaty,6.46,03:53:50,2,8,0.0
2026-08-20,Comirnaty,3.97,03:54:20,2,8,0.0
2026-08-20,Comirnaty,11.66,03:54:50,2,8,167.22
2026-08-20,Comirnaty,9.14,03:55:20,2,8,167.23
2026-08-20,Comirnaty,13.41,03:55:50,2,8,167.25
2026-08-20,Comirnaty,3.61,03:56:20,2,8,0.0
2026-08-20,Comirnaty,10.63,03:56:50,2,8,167.27
2026-08-20,Comirnaty,9.83,03:57:20,2,8,167.28
2026-08-20,Comirnaty,16.78,03:57:50,2,8,167.29
2026-08-20,Comirnaty,14.25,03:58:20,2,8,167.3
2026-08-20,Comirnaty,15.6,03:58:50,2,8,167.31
2026-08-20,Comirnaty,6.22,03:59:20,2,8,0.0
2026-08-20,Comirnaty,15.67,03:59:50,2,8,167.33
2026-08-20,Comirnaty,17.71,04:00:20,2,8,167.34
2026-08-20,Comirnaty,17.87,04:00:50,2,8,167.35
2026-08-20,Comirnaty,4.5,04:01:20,2,8,0.0
2026-08-20,Comirnaty,2.01,04:01:50,2,8,0.0
2026-08-20,Comirnaty,7.71,04:02:20,2,8,0.0
2026-08-20,Comirnaty,2.35,04:02:50,2,8,0.0
2026-08-20,Comirnaty,11.8,04:03:20,2,8,167.41
2026-08-20,Comirnaty,11.99,04:03:50,2,8,167.42
2026-08-20,Comirnaty,12.28,04:04:20,2,8,167.43
2026-08-20,Comirnaty,15.29,04:04:50,2,8,167.44
2026-08-20,Comirnaty,9.79,04:05:20,2,8,167.45
2026-08-20,Comirnaty,12.76,04:05:50,2,8,167.46
2026-08-20,Comirnaty,10.46,04:06:20,2,8,167.47
2026-08-20,Comirnaty,2.45,04:06:50,2,8,0.0
2026-08-20,Comirnaty,9.44,04:07:20,2,8,167.49
2026-08-20,Comirnaty,10.47,04:07:50,2,8,167.5
2026-08-20,Comirnaty,9.16,04:08:20,2,8,167.52
2026-08-20,Comirnaty,5.1,04:08:50,2,8,0.0
2026-08-20,Comirnaty,15.86,04:09:20,2,8,167.54
2026-08-20,Comirnaty,11.2,04:09:50,2,8,167.55
2026-08-20,Comirnaty,16.61,04:10:20,2,8,167.56
2026-08-20,Comirnaty,5.04,04:10:50,2,8,0.0
2026-08-20,Comirnaty,7.55,04:11:20,2,8,0.0
2026-08-20,Comirnaty,15.9,04:11:50,2,8,167.59
2026-08-20,Comirnaty,11.17,04:12:20,2,8,167.6
2026-08-20,Comirnaty,7.64,04:12:50,2,8,0.0
2026-08-20,Comirnaty,12.1,04:13:20,2,8,167.62
2026-08-20,Comirnaty,16.22,04:13:50,2,8,167.63
2026-08-20,Comirnaty,3.7,04:14:20,2,8,0.0
2026-08-20,Comirnaty,4.13,04:14:50,2,8,0.0
2026-08-20,Comirnaty,2.25,04:15:20,2,8,0.0
2026-08-20,Comirnaty,10.31,04:15:50,2,8,167.68
2026-08-20,Comirnaty,6.85,04:16:20,2,8,0.0
2026-08-20,Comirnaty,7.2,04:16:50,2,8,0.0
2026-08-20,Comirnaty,7.57,04:17:20,2,8,0.0
2026-08-20,Comirnaty,14.67,04:17:50,2,8,167.72
2026-08-20,Comirnaty,2.23,04:18:20,2,8,0.0
2026-08-20,Comirnaty,2.52,04:18:50,2,8,0.0
2026-08-20,Comirnaty,7.69,04:19:20,2,8,0.0
2026-08-20,Comirnaty,5.16,04:19:50,2,8,0.0
2026-08-20,Comirnaty,10.69,04:20:20,2,8,167.78
2026-08-20,Comirnaty,12.94,04:20:50,2,8,167.79
2026-08-20,Comirnaty,5.92,04:21:20,2,8,0.0
2026-08-20,Comirnaty,12.85,04:21:50,2,8,167.81
2026-08-20,Comirnaty,7.69,04:22:20,2,8,0.0
2026-08-20,Comirnaty,13.86,04:22:50,2,8,167.83
2026-08-20,Comirnaty,11.91,04:23:20,2,8,167.84
2026-08-20,Comirnaty,13.85,04:23:50,2,8,167.85
2026-08-20,Comirnaty,11.89,04:24:20,2,8,167.86
2026-08-20,Comirnaty,7.11,04:24:50,2,8,0.0
2026-08-20,Comirnaty,12.1,04:25:20,2,8,167.88
2026-08-20,Comirnaty,7.8,04:25:50,2,8,0.0
2026-08-20,Comirnaty,2.02,04:26:20,2,8,0.0
2026-08-20,Comirnaty,12.33,04:26:50,2,8,167.92
2026-08-20,Comirnaty,4.72,04:27:20,2,8,0.0
2026-08-20,Comirnaty,15.65,04:27:50,2,8,167.94
2026-08-20,Comirnaty,15.04,04:28:20,2,8,167.95
2026-08-20,Comirnaty,7.39,04:28:50,2,8,0.0
2026-08-20,Comirnaty,12.16,04:29:20,2,8,167.97
2026-08-20,Comirnaty,4.95,04:29:50,2,8,0.0
2026-08-20,Comirnaty,6.35,04:30:20,2,8,0.0
2026-08-20,Comirnaty,9.84,04:30:50,2,8,168.0
2026-08-20,Comirnaty,4.44,04:31:20,2,8,0.0
2026-08-20,Comirnaty,12.2,04:31:50,2,8,168.03
2026-08-20,Comirnaty,6.95,04:32:20,2,8,0.0
2026-08-20,Comirnaty,17.85,04:32:50,2,8,168.05
2026-08-20,Comirnaty,4.78,04:33:20,2,8,0.0
2026-08-20,Comirnaty,12.77,04:33:50,2,8,168.07
2026-08-20,Comirnaty,15.62,04:34:20,2,8,168.08
2026-08-20,Comirnaty,6.55,04:34:50,2,8,0.0
2026-08-20,Comirnaty,12.55,04:35:20,2,8,168.1
2026-08-20,Comirnaty,13.55,04:35:50,2,8,168.11
2026-08-20,Comirnaty,12.42,04:36:20,2,8,168.12
2026-08-20,Comirnaty,3.94,04:36:50,2,8,0.0
2026-08-20,Comirnaty,16.08,04:37:20,2,8,168.14
2026-08-20,Comirnaty,13.87,04:37:50,2,8,168.16
2026-08-20,Comirnaty,9.89,04:38:20,2,8,168.17
2026-08-20,Comirnaty,12.39,04:38:50,2,8,168.18
2026-08-20,Comirnaty,10.3,04:39:20,2,8,168.19
2026-08-20,Comirnaty,2.02,04:39:50,2,8,0.0
2026-08-20,Comirnaty,5.26,04:40:20,2,8,0.0
2026-08-20,Comirnaty,14.32,04:40:50,2,8,168.22
2026-08-20,Comirnaty,6.44,04:41:20,2,8,0.0
2026-08-20,Comirnaty,11.85,04:41:50,2,8,168.24
2026-08-20,Comirnaty,17.41,04:42:20,2,8,168.25
2026-08-20,Comirnaty,13.54,04:42:50,2,8,168.26
2026-08-20,Comirnaty,12.71,04:43:20,2,8,168.27
2026-08-20,Comirnaty,5.94,04:43:50,2,8,0.0
2026-08-20,Comirnaty,3.47,04:44:20,2,8,0.0
2026-08-20,Comirnaty,14.51,04:44:50,2,8,168.31
2026-08-20,Comirnaty,2.03,04:45:20,2,8,0.0
2026-08-20,Comirnaty,11.92,04:45:50,2,8,168.33
2026-08-20,Comirnaty,6.77,04:46:20,2,8,0.0
2026-08-20,Comirnaty,7.61,04:46:50,2,8,0.0
2026-08-20,Comirnaty,7.79,04:47:20,2,8,0.0
2026-08-20,Comirnaty,17.5,04:47:50,2,8,168.37
2026-08-20,Comirnaty,5.0,04:48:20,2,8,0.0
2026-08-20,Comirnaty,4.98,04:48:50,2,8,0.0
2026-08-20,Comirnaty,10.57,04:49:20,2,8,168.4
2026-08-20,Comirnaty,13.73,04:49:50,2,8,168.42
2026-08-20,Comirnaty,6.43,04:50:20,2,8,0.0
2026-08-20,Comirnaty,15.86,04:50:50,2,8,168.44
2026-08-20,Comirnaty,15.62,04:51:20,2,8,168.45
2026-08-20,Comirnaty,5.3,04:51:50,2,8,0.0
2026-08-20,Comirnaty,14.45,04:52:20,2,8,168.47
2026-08-20,Comirnaty,14.68,04:52:50,2,8,168.48
2026-08-20,Comirnaty,5.28,04:53:20,2,8,0.0
2026-08-20,Comirnaty,5.72,04:53:50,2,8,0.0
2026-08-20,Comirnaty,17.82,04:54:20,2,8,168.51
2026-08-20,Comirnaty,12.48,04:54:50,2,8,168.52
2026-08-20,Comirnaty,7.32,04:55:20,2,8,0.0
2026-08-20,Comirnaty,2.63,04:55:50,2,8,0.0
2026-08-20,Comirnaty,14.66,04:56:20,2,8,168.56
2026-08-20,Comirnaty,5.99,04:56:50,2,8,0.0
2026-08-20,Comirnaty,5.87,04:57:20,2,8,0.0
2026-08-20,Comirnaty,13.67,04:57:50,2,8,168.59
2026-08-20,Comirnaty,15.77,04:58:20,2,8,168.6
2026-08-20,Comirnaty,4.25,04:58:50,2,8,0.0
2026-08-20,Comirnaty,14.03,04:59:20,2,8,168.62
2026-08-20,Comirnaty,4.48,04:59:50,2,8,0.0
2026-08-20,Comirnaty,15.36,05:00:20,2,8,168.64
2026-08-20,Comirnaty,4.28,05:00:50,2,8,0.0
2026-08-20,Comirnaty,3.91,05:01:20,2,8,0.0
2026-08-20,Comirnaty,9.08,05:01:50,2,8,168.68
2026-08-20,Comirnaty,12.54,05:02:20,2,8,168.69
2026-08-20,Comirnaty,14.44,05:02:50,2,8,168.7
2026-08-20,Comirnaty,7.51,05:03:20,2,8,0.0
2026-08-20,Comirnaty,4.64,05:03:50,2,8,0.0
2026-08-20,Comirnaty,15.52,05:04:20,2,8,168.73
2026-08-20,Comirnaty,3.95,05:04:50,2,8,0.0
2026-08-20,Comirnaty,4.56,05:05:20,2,8,0.0
2026-08-20,Comirnaty,14.36,05:05:50,2,8,168.76
2026-08-20,Comirnaty,13.12,05:06:20,2,8,168.77
2026-08-20,Comirnaty,17.61,05:06:50,2,8,168.78
2026-08-20,Comirnaty,16.86,05:07:20,2,8,168.79
2026-08-20,Comirnaty,11.4,05:07:50,2,8,168.81
2026-08-20,Comirnaty,6.29,05:08:20,2,8,0.0
2026-08-20,Comirnaty,14.61,05:08:50,2,8,168.83
2026-08-20,Comirnaty,14.91,05:09:20,2,8,168.84
2026-08-20,Comirnaty,4.54,05:09:50,2,8,0.0
2026-08-20,Comirnaty,7.93,05:10:20,2,8,0.0
2026-08-20,Comirnaty,2.68,05:10:50,2,8,0.0
2026-08-20,Comirnaty,9.07,05:11:20,2,8,168.88
2026-08-20,Comirnaty,9.19,05:11:50,2,8,168.89
2026-08-20,Comirnaty,15.07,05:12:20,2,8,168.9
2026-08-20,Comirnaty,3.8,05:12:50,2,8,0.0
2026-08-20,Comirnaty,3.66,05:13:20,2,8,0.0
2026-08-20,Comirnaty,7.94,05:13:50,2,8,0.0
2026-08-20,Comirnaty,17.0,05:14:20,2,8,168.95
2026-08-20,Comirnaty,10.2,05:14:50,2,8,168.96
2026-08-20,Comirnaty,5.34,05:15:20,2,8,0.0
2026-08-20,Comirnaty,5.97,05:15:50,2,8,0.0
2026-08-20,Comirnaty,17.95,05:16:20,2,8,168.99
2026-08-20,Comirnaty,7.34,05:16:50,2,8,0.0
2026-08-20,Comirnaty,5.02,05:17:20,2,8,0.0
2026-08-20,Comirnaty,10.72,05:17:50,2,8,169.02
2026-08-20,Comirnaty,12.07,05:18:20,2,8,169.03
2026-08-20,Comirnaty,11.87,05:18:50,2,8,169.04
2026-08-20,Comirnaty,9.37,05:19:20,2,8,169.05
2026-08-20,Comirnaty,5.01,05:19:50,2,8,0.0
2026-08-20,Comirnaty,13.5,05:20:20,2,8,169.08
2026-08-20,Comirnaty,15.49,05:20:50,2,8,169.09
2026-08-20,Comirnaty,12.35,05:21:20,2,8,169.1
2026-08-20,Comirnaty,11.38,05:21:50,2,8,169.11
2026-08-20,Comirnaty,14.79,05:22:20,2,8,169.12
2026-08-20,Comirnaty,13.76,05:22:50,2,8,169.13
2026-08-20,Comirnaty,7.97,05:23:20,2,8,0.0
2026-08-20,Comirnaty,10.51,05:23:50,2,8,169.15
2026-08-20,Comirnaty,9.04,05:24:20,2,8,169.16
2026-08-20,Comirnaty,15.3,05:24:50,2,8,169.17
2026-08-20,Comirnaty,6.67,05:25:20,2,8,0.0
2026-08-20,Comirnaty,2.89,05:25:50,2,8,0.0
2026-08-20,Comirnaty,2.97,05:26:20,2,8,0.0
2026-08-20,Comirnaty,17.99,05:26:50,2,8,169.22
2026-08-20,Comirnaty,2.52,05:27:20,2,8,0.0
2026-08-20,Comirnaty,12.99,05:27:50,2,8,169.24
2026-08-20,Comirnaty,6.66,05:28:20,2,8,0.0
2026-08-20,Comirnaty,5.02,05:28:50,2,8,0.0
2026-08-20,Comirnaty,11.04,05:29:20,2,8,169.27
2026-08-20,Comirnaty,12.45,05:29:50,2,8,169.28
2026-08-20,Comirnaty,3.68,05:30:20,2,8,0.0
2026-08-20,Comirnaty,13.77,05:30:50,2,8,169.3
2026-08-20,Comirnaty,16.89,05:31:20,2,8,169.31
2026-08-20,Comirnaty,12.88,05:31:50,2,8,169.33
2026-08-20,Comirnaty,6.03,05:32:20,2,8,0.0
2026-08-20,Comirnaty,4.02,05:32:50,2,8,0.0
2026-08-20,Comirnaty,10.32,05:33:20,2,8,169.36
2026-08-20,Comirnaty,15.02,05:33:50,2,8,169.37
2026-08-20,Comirnaty,12.52,05:34:20,2,8,169.38
2026-08-20,Comirnaty,11.34,05:34:50,2,8,169.39
2026-08-20,Comirnaty,10.2,05:35:20,2,8,169.4
2026-08-20,Comirnaty,5.7,05:35:50,2,8,0.0
2026-08-20,Comirnaty,9.32,05:36:20,2,8,169.42
2026-08-20,Comirnaty,3.97,05:36:50,2,8,0.0
2026-08-20,Comirnaty,5.34,05:37:20,2,8,0.0
2026-08-20,Comirnaty,12.72,05:37:50,2,8,169.46
2026-08-20,Comirnaty,14.7,05:38:20,2,8,169.47
2026-08-20,Comirnaty,11.77,05:38:50,2,8,169.48
2026-08-20,Comirnaty,2.77,05:39:20,2,8,0.0
2026-08-20,Comirnaty,3.22,05:39:50,2,8,0.0
2026-08-20,Comirnaty,16.34,05:40:20,2,8,169.51
2026-08-20,Comirnaty,5.94,05:40:50,2,8,0.0
2026-08-20,Comirnaty,11.32,05:41:20,2,8,169.53
2026-08-20,Comirnaty,5.04,05:41:50,2,8,0.0
2026-08-20,Comirnaty,9.79,05:42:20,2,8,169.55
2026-08-20,Comirnaty,9.69,05:42:50,2,8,169.56
2026-08-20,Comirnaty,3.89,05:43:20,2,8,0.0
2026-08-20,Comirnaty,10.82,05:43:50,2,8,169.58
2026-08-20,Comirnaty,14.44,05:44:20,2,8,169.6
2026-08-20,Comirnaty,4.75,05:44:50,2,8,0.0
2026-08-20,Comirnaty,11.41,05:45:20,2,8,169.62
2026-08-20,Comirnaty,10.29,05:45:50,2,8,169.63
2026-08-20,Comirnaty,6.3,05:46:20,2,8,0.0
2026-08-20,Comirnaty,10.54,05:46:50,2,8,169.65
2026-08-20,Comirnaty,10.96,05:47:20,2,8,169.66
2026-08-20,Comirnaty,5.78,05:47:50,2,8,0.0
2026-08-20,Comirnaty,15.34,05:48:20,2,8,169.68
2026-08-20,Comirnaty,9.32,05:48:50,2,8,169.69
2026-08-20,Comirnaty,16.94,05:49:20,2,8,169.7
2026-08-20,Comirnaty,6.71,05:49:50,2,8,0.0
2026-08-20,Comirnaty,17.11,05:50:20,2,8,169.73
2026-08-20,Comirnaty,13.13,05:50:50,2,8,169.74
2026-08-20,Comirnaty,17.66,05:51:20,2,8,169.75
2026-08-20,Comirnaty,11.04,05:51:50,2,8,169.76
2026-08-20,Comirnaty,2.09,05:52:20,2,8,0.0
2026-08-20,Comirnaty,10.44,05:52:50,2,8,169.78
2026-08-20,Comirnaty,14.63,05:53:20,2,8,169.79
2026-08-20,Comirnaty,11.15,05:53:50,2,8,169.8
2026-08-20,Comirnaty,7.68,05:54:20,2,8,0.0
2026-08-20,Comirnaty,13.42,05:54:50,2,8,169.82
2026-08-20,Comirnaty,5.89,05:55:20,2,8,0.0
2026-08-20,Comirnaty,15.29,05:55:50,2,8,169.85
2026-08-20,Comirnaty,10.39,05:56:20,2,8,169.86
2026-08-20,Comirnaty,16.63,05:56:50,2,8,169.87
2026-08-20,Comirnaty,12.48,05:57:20,2,8,169.88
2026-08-20,Comirnaty,4.87,05:57:50,2,8,0.0
2026-08-20,Comirnaty,5.82,05:58:20,2,8,0.0
2026-08-20,Comirnaty,6.47,05:58:50,2,8,0.0
2026-08-20,Comirnaty,6.08,05:59:20,2,8,0.0
2026-08-20,Comirnaty,15.72,05:59:50,2,8,169.93
2026-08-20,Comirnaty,17.88,06:00:20,2,8,169.94
2026-08-20,Comirnaty,5.24,06:00:50,2,8,0.0
2026-08-20,Comirnaty,3.47,06:01:20,2,8,0.0
2026-08-20,Comirnaty,14.82,06:01:50,2,8,169.97
2026-08-20,Comirnaty,16.99,06:02:20,2,8,169.99
2026-08-20,Comirnaty,3.9,06:02:50,2,8,0.0
2026-08-20,Comirnaty,7.65,06:03:20,2,8,0.0
2026-08-20,Comirnaty,9.65,06:03:50,2,8,170.02
2026-08-20,Comirnaty,10.6,06:04:20,2,8,170.03
2026-08-20,Comirnaty,15.62,06:04:50,2,8,170.04
2026-08-20,Comirnaty,12.5,06:05:20,2,8,170.05
2026-08-20,Comirnaty,5.0,06:05:50,2,8,0.0
2026-08-20,Comirnaty,15.91,06:06:20,2,8,170.07
2026-08-20,Comirnaty,12.69,06:06:50,2,8,170.08
2026-08-20,Comirnaty,13.16,06:07:20,2,8,170.09
2026-08-20,Comirnaty,14.72,06:07:50,2,8,170.1
2026-08-20,Comirnaty,12.87,06:08:20,2,8,170.12
2026-08-20,Comirnaty,17.01,06:08:50,2,8,170.13
2026-08-20,Comirnaty,12.21,06:09:20,2,8,170.14
2026-08-20,Comirnaty,11.46,06:09:50,2,8,170.15
2026-08-20,Comirnaty,11.13,06:10:20,2,8,170.16
2026-08-20,Comirnaty,6.43,06:10:50,2,8,0.0
2026-08-20,Comirnaty,5.49,06:11:20,2,8,0.0
2026-08-20,Comirnaty,17.99,06:11:50,2,8,170.19
2026-08-20,Comirnaty,2.72,06:12:20,2,8,0.0
2026-08-20,Comirnaty,5.16,06:12:50,2,8,0.0
2026-08-20,Comirnaty,5.74,06:13:20,2,8,0.0
2026-08-20,Comirnaty,5.08,06:13:50,2,8,0.0
2026-08-20,Comirnaty,10.02,06:14:20,2,8,170.25
2026-08-20,Comirnaty,14.97,06:14:50,2,8,170.26
2026-08-20,Comirnaty,5.27,06:15:20,2,8,0.0
2026-08-20,Comirnaty,17.72,06:15:50,2,8,170.28
2026-08-20,Comirnaty,11.11,06:16:20,2,8,170.29
2026-08-20,Comirnaty,5.85,06:16:50,2,8,0.0
2026-08-20,Comirnaty,14.53,06:17:20,2,8,170.31
2026-08-20,Comirnaty,11.45,06:17:50,2,8,170.32
2026-08-20,Comirnaty,11.87,06:18:20,2,8,170.33
2026-08-20,Comirnaty,11.12,06:18:50,2,8,170.34
2026-08-20,Comirnaty,15.67,06:19:20,2,8,170.35
2026-08-20,Comirnaty,5.74,06:19:50,2,8,0.0
2026-08-20,Comirnaty,10.98,06:20:20,2,8,170.38
2026-08-20,Comirnaty,17.55,06:20:50,2,8,170.39
2026-08-20,Comirnaty,4.76,06:21:20,2,8,0.0
2026-08-20,Comirnaty,13.63,06:21:50,2,8,170.41
2026-08-20,Comirnaty,13.39,06:22:20,2,8,170.42
2026-08-20,Comirnaty,6.58,06:22:50,2,8,0.0
2026-08-20,Comirnaty,12.77,06:23:20,2,8,170.44
2026-08-20,Comirnaty,17.28,06:23:50,2,8,170.45
2026-08-20,Comirnaty,16.71,06:24:20,2,8,170.46
2026-08-20,Comirnaty,2.55,06:24:50,2,8,0.0
2026-08-20,Comirnaty,10.21,06:25:20,2,8,170.48
2026-08-20,Comirnaty,3.26,06:25:50,2,8,0.0
2026-08-20,Comirnaty,17.63,06:26:20,2,8,170.51
2026-08-20,Comirnaty,15.81,06:26:50,2,8,170.52
2026-08-20,Comirnaty,12.58,06:27:20,2,8,170.53
2026-08-20,Comirnaty,7.63,06:27:50,2,8,0.0
2026-08-20,Comirnaty,10.7,06:28:20,2,8,170.55
2026-08-20,Comirnaty,6.97,06:28:50,2,8,0.0
2026-08-20,Comirnaty,13.8,06:29:20,2,8,170.57
2026-08-20,Comirnaty,11.08,06:29:50,2,8,170.58
2026-08-20,Comirnaty,4.56,06:30:20,2,8,0.0
2026-08-20,Comirnaty,11.46,06:30:50,2,8,170.6
2026-08-20,Comirnaty,9.43,06:31:20,2,8,170.61
2026-08-20,Comirnaty,10.45,06:31:50,2,8,170.62
2026-08-20,Comirnaty,3.77,06:32:20,2,8,0.0
2026-08-20,Comirnaty,15.01,06:32:50,2,8,170.65
2026-08-20,Comirnaty,17.24,06:33:20,2,8,170.66
2026-08-20,Comirnaty,13.98,06:33:50,2,8,170.67
2026-08-20,Comirnaty,15.55,06:34:20,2,8,170.68
2026-08-20,Comirnaty,10.77,06:34:50,2,8,170.69
2026-08-20,Comirnaty,2.07,06:35:20,2,8,0.0
2026-08-20,Comirnaty,5.96,06:35:50,2,8,0.0
2026-08-20,Comirnaty,16.34,06:36:20,2,8,170.72
2026-08-20,Comirnaty,17.58,06:36:50,2,8,170.73
2026-08-20,Comirnaty,5.49,06:37:20,2,8,0.0
2026-08-20,Comirnaty,12.32,06:37:50,2,8,170.75
2026-08-20,Comirnaty,16.38,06:38:20,2,8,170.77
2026-08-20,Comirnaty,11.83,06:38:50,2,8,170.78
2026-08-20,Comirnaty,16.62,06:39:20,2,8,170.79
2026-08-20,Comirnaty,14.21,06:39:50,2,8,170.8
2026-08-20,Comirnaty,11.58,06:40:20,2,8,170.81
2026-08-20,Comirnaty,17.38,06:40:50,2,8,170.82
2026-08-20,Comirnaty,15.21,06:41:20,2,8,170.83
2026-08-20,Comirnaty,16.05,06:41:50,2,8,170.84
2026-08-20,Comirnaty,15.29,06:42:20,2,8,170.85
2026-08-20,Comirnaty,7.37,06:42:50,2,8,0.0
2026-08-20,Comirnaty,11.96,06:43:20,2,8,170.87
2026-08-20,Comirnaty,9.59,06:43:50,2,8,170.88
2026-08-20,Comirnaty,15.05,06:44:20,2,8,170.9
2026-08-20,Comirnaty,14.4,06:44:50,2,8,170.91
2026-08-20,Comirnaty,15.43,06:45:20,2,8,170.92
2026-08-20,Comirnaty,2.98,06:45:50,2,8,0.0
2026-08-20,Comirnaty,3.06,06:46:20,2,8,0.0
2026-08-20,Comirnaty,16.68,06:46:50,2,8,170.95
2026-08-20,Comirnaty,9.04,06:47:20,2,8,170.96
2026-08-20,Comirnaty,16.04,06:47:50,2,8,170.97
2026-08-20,Comirnaty,3.86,06:48:20,2,8,0.0
2026-08-20,Comirnaty,3.43,06:48:50,2,8,0.0
2026-08-20,Comirnaty,12.94,06:49:20,2,8,171.0
2026-08-20,Comirnaty,13.5,06:49:50,2,8,171.02
2026-08-20,Comirnaty,6.64,06:50:20,2,8,0.0
2026-08-20,Comirnaty,3.93,06:50:50,2,8,0.0
2026-08-20,Comirnaty,12.19,06:51:20,2,8,171.05
2026-08-20,Comirnaty,7.24,06:51:50,2,8,0.0
2026-08-20,Comirnaty,12.17,06:52:20,2,8,171.07
2026-08-20,Comirnaty,3.32,06:52:50,2,8,0.0
2026-08-20,Comirnaty,14.64,06:53:20,2,8,171.09
2026-08-20,Comirnaty,10.1,06:53:50,2,8,171.1
2026-08-20,Comirnaty,6.07,06:54:20,2,8,0.0
2026-08-20,Comirnaty,5.02,06:54:50,2,8,0.0
2026-08-20,Comirnaty,2.74,06:55:20,2,8,0.0
2026-08-20,Comirnaty,11.34,06:55:50,2,8,171.15
2026-08-20,Comirnaty,12.63,06:56:20,2,8,171.16
2026-08-20,Comirnaty,7.33,06:56:50,2,8,0.0
2026-08-20,Comirnaty,13.76,06:57:20,2,8,171.18
2026-08-20,Comirnaty,3.15,06:57:50,2,8,0.0
2026-08-20,Comirnaty,11.24,06:58:20,2,8,171.2
2026-08-20,Comirnaty,13.29,06:58:50,2,8,171.21
2026-08-20,Comirnaty,5.55,06:59:20,2,8,0.0
2026-08-20,Comirnaty,6.99,06:59:50,2,8,0.0
2026-08-20,Comirnaty,13.34,07:00:20,2,8,171.24
2026-08-20,Comirnaty,13.56,07:00:50,2,8,171.25
2026-08-20,Comirnaty,9.02,07:01:20,2,8,171.26
2026-08-20,Comirnaty,9.35,07:01:50,2,8,171.28
2026-08-20,Comirnaty,13.68,07:02:20,2,8,171.29
2026-08-20,Comirnaty,11.02,07:02:50,2,8,171.3
2026-08-20,Comirnaty,4.25,07:03:20,2,8,0.0
2026-08-20,Comirnaty,16.56,07:03:50,2,8,171.32
2026-08-20,Comirnaty,15.87,07:04:20,2,8,171.33
2026-08-20,Comirnaty,4.14,07:04:50,2,8,0.0
2026-08-20,Comirnaty,4.77,07:05:20,2,8,0.0
2026-08-20,Comirnaty,2.07,07:05:50,2,8,0.0
2026-08-20,Comirnaty,11.05,07:06:20,2,8,171.37
2026-08-20,Comirnaty,4.15,07:06:50,2,8,0.0
2026-08-20,Comirnaty,14.73,07:07:20,2,8,171.39
2026-08-20,Comirnaty,10.53,07:07:50,2,8,171.41
2026-08-20,Comirnaty,5.15,07:08:20,2,8,0.0
2026-08-20,Comirnaty,5.26,07:08:50,2,8,0.0
2026-08-20,Comirnaty,2.13,07:09:20,2,8,0.0
2026-08-20,Comirnaty,15.42,07:09:50,2,8,171.45
2026-08-20,Comirnaty,7.18,07:10:20,2,8,0.0
2026-08-20,Comirnaty,11.19,07:10:50,2,8,171.47
2026-08-20,Comirnaty,11.64,07:11:20,2,8,171.48
2026-08-20,Comirnaty,11.36,07:11:50,2,8,171.49
2026-08-20,Comirnaty,9.4,07:12:20,2,8,171.5
2026-08-20,Comirnaty,9.84,07:12:50,2,8,171.51
2026-08-20,Comirnaty,11.75,07:13:20,2,8,171.52
2026-08-20,Comirnaty,16.54,07:13:50,2,8,171.53
2026-08-20,Comirnaty,3.28,07:14:20,2,8,0.0
2026-08-20,Comirnaty,12.41,07:14:50,2,8,171.56
2026-08-20,Comirnaty,13.08,07:15:20,2,8,171.57
2026-08-20,Comirnaty,14.82,07:15:50,2,8,171.58
2026-08-20,Comirnaty,13.53,07:16:20,2,8,171.59
2026-08-20,Comirnaty,3.74,07:16:50,2,8,0.0
2026-08-20,Comirnaty,7.86,07:17:20,2,8,0.0
2026-08-20,Comirnaty,17.85,07:17:50,2,8,171.62
2026-08-20,Comirnaty,7.26,07:18:20,2,8,0.0
2026-08-20,Comirnaty,13.2,07:18:50,2,8,171.64
2026-08-20,Comirnaty,5.24,07:19:20,2,8,0.0
2026-08-20,Comirnaty,17.6,07:19:50,2,8,171.67
2026-08-20,Comirnaty,11.53,07:20:20,2,8,171.68
2026-08-20,Comirnaty,15.21,07:20:50,2,8,171.69
2026-08-20,Comirnaty,5.34,07:21:20,2,8,0.0
2026-08-20,Comirnaty,13.87,07:21:50,2,8,171.71
2026-08-20,Comirnaty,13.79,07:22:20,2,8,171.72
2026-08-20,Comirnaty,17.87,07:22:50,2,8,171.73
2026-08-20,Comirnaty,7.48,07:23:20,2,8,0.0
2026-08-20,Comirnaty,13.1,07:23:50,2,8,171.75
2026-08-20,Comirnaty,14.48,07:24:20,2,8,171.76
2026-08-20,Comirnaty,14.01,07:24:50,2,8,171.77
2026-08-20,Comirnaty,3.29,07:25:20,2,8,0.0
2026-08-20,Comirnaty,9.14,07:25:50,2,8,171.8
2026-08-20,Comirnaty,17.09,07:26:20,2,8,171.81
2026-08-20,Comirnaty,13.08,07:26:50,2,8,171.82
2026-08-20,Comirnaty,10.73,07:27:20,2,8,171.83
2026-08-20,Comirnaty,10.42,07:27:50,2,8,171.84
2026-08-20,Comirnaty,14.13,07:28:20,2,8,171.85
2026-08-20,Comirnaty,7.98,07:28:50,2,8,0.0
2026-08-20,Comirnaty,12.11,07:29:20,2,8,171.87
2026-08-20,Comirnaty,5.66,07:29:50,2,8,0.0
2026-08-20,Comirnaty,2.78,07:30:20,2,8,0.0
2026-08-20,Comirnaty,7.51,07:30:50,2,8,0.0
2026-08-20,Comirnaty,14.78,07:31:20,2,8,171.91
2026-08-20,Comirnaty,16.42,07:31:50,2,8,171.93
2026-08-20,Comirnaty,4.92,07:32:20,2,8,0.0
2026-08-20,Comirnaty,12.29,07:32:50,2,8,171.95
2026-08-20,Comirnaty,14.42,07:33:20,2,8,171.96
2026-08-20,Comirnaty,13.35,07:33:50,2,8,171.97
2026-08-20,Comirnaty,13.03,07:34:20,2,8,171.98
2026-08-20,Comirnaty,15.82,07:34:50,2,8,171.99
2026-08-20,Comirnaty,15.12,07:35:20,2,8,172.0
2026-08-20,Comirnaty,4.39,07:35:50,2,8,0.0
2026-08-20,Comirnaty,2.02,07:36:20,2,8,0.0
2026-08-20,Comirnaty,6.44,07:36:50,2,8,0.0
2026-08-20,Comirnaty,10.56,07:37:20,2,8,172.04
2026-08-20,Comirnaty,7.13,07:37:50,2,8,0.0
2026-08-20,Comirnaty,2.33,07:38:20,2,8,0.0
2026-08-20,Comirnaty,6.5,07:38:50,2,8,0.0
2026-08-20,Comirnaty,17.91,07:39:20,2,8,172.09
2026-08-20,Comirnaty,17.61,07:39:50,2,8,172.1
2026-08-20,Comirnaty,14.56,07:40:20,2,8,172.11
2026-08-20,Comirnaty,14.59,07:40:50,2,8,172.12
2026-08-20,Comirnaty,15.66,07:41:20,2,8,172.13
2026-08-20,Comirnaty,12.15,07:41:50,2,8,172.14
2026-08-20,Comirnaty,15.67,07:42:20,2,8,172.15
2026-08-20,Comirnaty,10.08,07:42:50,2,8,172.16
2026-08-20,Comirnaty,11.02,07:43:20,2,8,172.17
2026-08-20,Comirnaty,12.75,07:43:50,2,8,172.19
2026-08-20,Comirnaty,13.45,07:44:20,2,8,172.2
2026-08-20,Comirnaty,7.26,07:44:50,2,8,0.0
2026-08-20,Comirnaty,12.97,07:45:20,2,8,172.22
2026-08-20,Comirnaty,5.88,07:45:50,2,8,0.0
2026-08-20,Comirnaty,5.33,07:46:20,2,8,0.0
2026-08-20,Comirnaty,2.29,07:46:50,2,8,0.0
2026-08-20,Comirnaty,12.0,07:47:20,2,8,172.26
2026-08-20,Comirnaty,14.76,07:47:50,2,8,172.27
2026-08-20,Comirnaty,3.71,07:48:20,2,8,0.0
2026-08-20,Comirnaty,15.83,07:48:50,2,8,172.29
2026-08-20,Comirnaty,11.85,07:49:20,2,8,172.3
2026-08-20,Comirnaty,2.51,07:49:50,2,8,0.0
2026-08-20,Comirnaty,4.26,07:50:20,2,8,0.0
2026-08-20,Comirnaty,6.53,07:50:50,2,8,0.0
2026-08-20,Comirnaty,5.93,07:51:20,2,8,0.0
2026-08-20,Comirnaty,7.17,07:51:50,2,8,0.0
2026-08-20,Comirnaty,12.49,07:52:20,2,8,172.37
2026-08-20,Comirnaty,4.8,07:52:50,2,8,0.0
2026-08-20,Comirnaty,10.53,07:53:20,2,8,172.39
2026-08-20,Comirnaty,9.7,07:53:50,2,8,172.4
2026-08-20,Comirnaty,10.68,07:54:20,2,8,172.41
2026-08-20,Comirnaty,16.73,07:54:50,2,8,172.42
2026-08-20,Comirnaty,4.43,07:55:20,2,8,0.0
2026-08-20,Comirnaty,11.89,07:55:50,2,8,172.45
2026-08-20,Comirnaty,16.97,07:56:20,2,8,172.46
2026-08-20,Comirnaty,2.59,07:56:50,2,8,0.0
2026-08-20,Comirnaty,4.4,07:57:20,2,8,0.0
2026-08-20,Comirnaty,11.71,07:57:50,2,8,172.49
2026-08-20,Comirnaty,2.86,07:58:20,2,8,0.0
2026-08-20,Comirnaty,10.31,07:58:50,2,8,172.51
2026-08-20,Comirnaty,4.12,07:59:20,2,8,0.0
2026-08-20,Comirnaty,9.57,07:59:50,2,8,172.53
2026-08-20,Comirnaty,2.34,08:00:20,2,8,0.0
2026-08-20,Comirnaty,5.74,08:00:50,2,8,0.0
2026-08-20,Comirnaty,4.93,08:01:20,2,8,0.0
2026-08-20,Comirnaty,6.64,08:01:50,2,8,0.0
2026-08-20,Comirnaty,3.93,08:02:20,2,8,0.0
2026-08-20,Comirnaty,5.27,08:02:50,2,8,0.0
2026-08-20,Comirnaty,10.26,08:03:20,2,8,172.61
2026-08-20,Comirnaty,2.23,08:03:50,2,8,0.0
2026-08-20,Comirnaty,16.63,08:04:20,2,8,172.63
2026-08-20,Comirnaty,15.16,08:04:50,2,8,172.64
2026-08-20,Comirnaty,17.26,08:05:20,2,8,172.65
2026-08-20,Comirnaty,3.87,08:05:50,2,8,0.0
2026-08-20,Comirnaty,4.77,08:06:20,2,8,0.0
2026-08-20,Comirnaty,9.18,08:06:50,2,8,172.68
2026-08-20,Comirnaty,2.13,08:07:20,2,8,0.0
2026-08-20,Comirnaty,14.52,08:07:50,2,8,172.71
2026-08-20,Comirnaty,10.23,08:08:20,2,8,172.72
2026-08-20,Comirnaty,3.94,08:08:50,2,8,0.0
2026-08-20,Comirnaty,14.61,08:09:20,2,8,172.74
2026-08-20,Comirnaty,15.05,08:09:50,2,8,172.75
2026-08-20,Comirnaty,17.77,08:10:20,2,8,172.76
2026-08-20,Comirnaty,12.22,08:10:50,2,8,172.77
2026-08-20,Comirnaty,2.94,08:11:20,2,8,0.0
2026-08-20,Comirnaty,5.57,08:11:50,2,8,0.0
2026-08-20,Comirnaty,4.71,08:12:20,2,8,0.0
2026-08-20,Comirnaty,17.47,08:12:50,2,8,172.81
2026-08-20,Comirnaty,13.46,08:13:20,2,8,172.82
2026-08-20,Comirnaty,9.58,08:13:50,2,8,172.83
2026-08-20,Comirnaty,14.72,08:14:20,2,8,172.85
2026-08-20,Comirnaty,10.25,08:14:50,2,8,172.86
2026-08-20,Comirnaty,9.2,08:15:20,2,8,172.87
2026-08-20,Comirnaty,13.03,08:15:50,2,8,172.88
2026-08-20,Comirnaty,5.78,08:16:20,2,8,0.0
2026-08-20,Comirnaty,3.03,08:16:50,2,8,0.0
2026-08-20,Comirnaty,7.15,08:17:20,2,8,0.0
2026-08-20,Comirnaty,2.28,08:17:50,2,8,0.0
2026-08-20,Comirnaty,13.67,08:18:20,2,8,172.93
2026-08-20,Comirnaty,2.97,08:18:50,2,8,0.0
2026-08-20,Comirnaty,13.33,08:19:20,2,8,172.95
2026-08-20,Comirnaty,13.72,08:19:50,2,8,172.97
2026-08-20,Comirnaty,6.0,08:20:20,2,8,0.0
2026-08-20,Comirnaty,9.16,08:20:50,2,8,172.99
2026-08-20,Comirnaty,9.49,08:21:20,2,8,173.0
2026-08-20,Comirnaty,13.24,08:21:50,2,8,173.01
2026-08-20,Comirnaty,12.07,08:22:20,2,8,173.02
2026-08-20,Comirnaty,11.95,08:22:50,2,8,173.03
2026-08-20,Comirnaty,5.94,08:23:20,2,8,0.0
2026-08-20,Comirnaty,4.37,08:23:50,2,8,0.0
2026-08-20,Comirnaty,6.95,08:24:20,2,8,0.0
2026-08-20,Comirnaty,14.78,08:24:50,2,8,173.07
2026-08-20,Comirnaty,16.75,08:25:20,2,8,173.08
2026-08-20,Comirnaty,2.49,08:25:50,2,8,0.0
2026-08-20,Comirnaty,6.99,08:26:20,2,8,0.0
2026-08-20,Comirnaty,17.32,08:26:50,2,8,173.12
2026-08-20,Comirnaty,2.5,08:27:20,2,8,0.0
2026-08-20,Comirnaty,11.94,08:27:50,2,8,173.14
2026-08-20,Comirnaty,10.69,08:28:20,2,8,173.15
2026-08-20,Comirnaty,14.62,08:28:50,2,8,173.16
2026-08-20,Comirnaty,4.9,08:29:20,2,8,0.0
2026-08-20,Comirnaty,4.68,08:29:50,2,8,0.0
2026-08-20,Comirnaty,17.47,08:30:20,2,8,173.19
2026-08-20,Comirnaty,9.05,08:30:50,2,8,173.2
2026-08-20,Comirnaty,2.67,08:31:20,2,8,0.0
2026-08-20,Comirnaty,2.17,08:31:50,2,8,0.0
2026-08-20,Comirnaty,16.0,08:32:20,2,8,173.24
2026-08-20,Comirnaty,7.13,08:32:50,2,8,0.0
2026-08-20,Comirnaty,5.01,08:33:20,2,8,0.0
2026-08-20,Comirnaty,10.53,08:33:50,2,8,173.27
2026-08-20,Comirnaty,6.05,08:34:20,2,8,0.0
2026-08-20,Comirnaty,4.33,08:34:50,2,8,0.0
2026-08-20,Comirnaty,4.2,08:35:20,2,8,0.0
2026-08-20,Comirnaty,13.22,08:35:50,2,8,173.31
2026-08-20,Comirnaty,6.39,08:36:20,2,8,0.0
2026-08-20,Comirnaty,6.27,08:36:50,2,8,0.0
2026-08-20,Comirnaty,15.93,08:37:20,2,8,173.34
2026-08-20,Comirnaty,3.22,08:37:50,2,8,0.0
2026-08-20,Comirnaty,3.58,08:38:20,2,8,0.0
2026-08-20,Comirnaty,10.77,08:38:50,2,8,173.38
2026-08-20,Comirnaty,14.58,08:39:20,2,8,173.39
2026-08-20,Comirnaty,13.45,08:39:50,2,8,173.4
2026-08-20,Comirnaty,17.09,08:40:20,2,8,173.41
2026-08-20,Comirnaty,7.57,08:40:50,2,8,0.0
2026-08-20,Comirnaty,10.21,08:41:20,2,8,173.43
2026-08-20,Comirnaty,3.14,08:41:50,2,8,0.0
2026-08-20,Comirnaty,11.01,08:42:20,2,8,173.45
2026-08-20,Comirnaty,6.56,08:42:50,2,8,0.0
2026-08-20,Comirnaty,15.48,08:43:20,2,8,173.47
2026-08-20,Comirnaty,2.67,08:43:50,2,8,0.0
2026-08-20,Comirnaty,4.65,08:44:20,2,8,0.0
2026-08-20,Comirnaty,10.94,08:44:50,2,8,173.51
2026-08-20,Comirnaty,4.63,08:45:20,2,8,0.0
2026-08-20,Comirnaty,13.58,08:45:50,2,8,173.53
2026-08-20,Comirnaty,6.29,08:46:20,2,8,0.0
2026-08-20,Comirnaty,17.12,08:46:50,2,8,173.55
2026-08-20,Comirnaty,12.41,08:47:20,2,8,173.56
2026-08-20,Comirnaty,12.16,08:47:50,2,8,173.57
2026-08-20,Comirnaty,11.3,08:48:20,2,8,173.58
2026-08-20,Comirnaty,10.01,08:48:50,2,8,173.59
2026-08-20,Comirnaty,6.31,08:49:20,2,8,0.0
2026-08-20,Comirnaty,9.64,08:49:50,2,8,173.62
2026-08-20,Comirnaty,7.57,08:50:20,2,8,0.0
2026-08-20,Comirnaty,9.82,08:50:50,2,8,173.64
2026-08-20,Comirnaty,7.25,08:51:20,2,8,0.0
2026-08-20,Comirnaty,11.31,08:51:50,2,8,173.66
2026-08-20,Comirnaty,10.27,08:52:20,2,8,173.67
2026-08-20,Comirnaty,6.46,08:52:50,2,8,0.0
2026-08-20,Comirnaty,5.06,08:53:20,2,8,0.0
2026-08-20,Comirnaty,10.43,08:53:50,2,8,173.7
2026-08-20,Comirnaty,16.66,08:54:20,2,8,173.71
2026-08-20,Comirnaty,17.84,08:54:50,2,8,173.72
2026-08-20,Comirnaty,11.99,08:55:20,2,8,173.73
2026-08-20,Comirnaty,9.59,08:55:50,2,8,173.75
2026-08-20,Comirnaty,2.38,08:56:20,2,8,0.0
2026-08-20,Comirnaty,9.85,08:56:50,2,8,173.77
2026-08-20,Comirnaty,7.96,08:57:20,2,8,0.0
2026-08-20,Comirnaty,11.97,08:57:50,2,8,173.79
2026-08-20,Comirnaty,5.33,08:58:20,2,8,0.0
2026-08-20,Comirnaty,10.93,08:58:50,2,8,173.81
2026-08-20,Comirnaty,10.62,08:59:20,2,8,173.82
2026-08-20,Comirnaty,4.02,08:59:50,2,8,0.0
2026-08-20,Comirnaty,5.74,09:00:20,2,8,0.0
2026-08-20,Comirnaty,12.01,09:00:50,2,8,173.85
2026-08-20,Comirnaty,11.03,09:01:20,2,8,173.86
2026-08-20,Comirnaty,3.86,09:01:50,2,8,0.0
2026-08-20,Comirnaty,9.52,09:02:20,2,8,173.89
2026-08-20,Comirnaty,10.92,09:02:50,2,8,173.9
2026-08-20,Comirnaty,9.77,09:03:20,2,8,173.91
2026-08-20,Comirnaty,17.47,09:03:50,2,8,173.92
2026-08-20,Comirnaty,17.32,09:04:20,2,8,173.93
2026-08-20,Comirnaty,4.17,09:04:50,2,8,0.0
2026-08-20,Comirnaty,2.32,09:05:20,2,8,0.0
2026-08-20,Comirnaty,5.38,09:05:50,2,8,0.0
2026-08-20,Comirnaty,16.19,09:06:20,2,8,173.97
2026-08-20,Comirnaty,14.4,09:06:50,2,8,173.98
2026-08-20,Comirnaty,14.59,09:07:20,2,8,173.99
2026-08-20,Comirnaty,7.46,09:07:50,2,8,0.0
2026-08-20,Comirnaty,13.7,09:08:20,2,8,174.02
2026-08-20,Comirnaty,17.84,09:08:50,2,8,174.03
2026-08-20,Comirnaty,13.27,09:09:20,2,8,174.04
2026-08-20,Comirnaty,7.62,09:09:50,2,8,0.0
2026-08-20,Comirnaty,16.9,09:10:20,2,8,174.06
2026-08-20,Comirnaty,13.35,09:10:50,2,8,174.07
2026-08-20,Comirnaty,13.94,09:11:20,2,8,174.08
2026-08-20,Comirnaty,11.12,09:11:50,2,8,174.09
2026-08-20,Comirnaty,3.79,09:12:20,2,8,0.0
2026-08-20,Comirnaty,17.88,09:12:50,2,8,174.11
2026-08-20,Comirnaty,9.64,09:13:20,2,8,174.12
2026-08-20,Comirnaty,9.1,09:13:50,2,8,174.13
2026-08-20,Comirnaty,16.73,09:14:20,2,8,174.15
2026-08-20,Comirnaty,3.64,09:14:50,2,8,0.0
2026-08-20,Comirnaty,16.08,09:15:20,2,8,174.17
2026-08-20,Comirnaty,4.7,09:15:50,2,8,0.0
2026-08-20,Comirnaty,16.1,09:16:20,2,8,174.19
2026-08-20,Comirnaty,5.52,09:16:50,2,8,0.0
2026-08-20,Comirnaty,17.44,09:17:20,2,8,174.21
2026-08-20,Comirnaty,3.72,09:17:50,2,8,0.0
2026-08-20,Comirnaty,6.62,09:18:20,2,8,0.0
2026-08-20,Comirnaty,9.15,09:18:50,2,8,174.24
2026-08-20,Comirnaty,16.68,09:19:20,2,8,174.25
2026-08-20,Comirnaty,9.21,09:19:50,2,8,174.27
2026-08-20,Comirnaty,2.85,09:20:20,2,8,0.0
2026-08-20,Comirnaty,9.32,09:20:50,2,8,174.29
2026-08-20,Comirnaty,9.7,09:21:20,2,8,174.3
2026-08-20,Comirnaty,10.25,09:21:50,2,8,174.31
2026-08-20,Comirnaty,11.82,09:22:20,2,8,174.32
2026-08-20,Comirnaty,7.18,09:22:50,2,8,0.0
2026-08-20,Comirnaty,9.05,09:23:20,2,8,174.34
2026-08-20,Comirnaty,9.47,09:23:50,2,8,174.35
2026-08-20,Comirnaty,11.99,09:24:20,2,8,174.36
2026-08-20,Comirnaty,10.0,09:24:50,2,8,174.37
2026-08-20,Comirnaty,11.28,09:25:20,2,8,174.38
2026-08-20,Comirnaty,9.1,09:25:50,2,8,174.4
2026-08-20,Comirnaty,9.14,09:26:20,2,8,174.41
2026-08-20,Comirnaty,5.33,09:26:50,2,8,0.0
2026-08-20,Comirnaty,3.35,09:27:20,2,8,0.0
2026-08-20,Comirnaty,5.36,09:27:50,2,8,0.0
2026-08-20,Comirnaty,16.1,09:28:20,2,8,174.45
2026-08-20,Comirnaty,14.62,09:28:50,2,8,174.46
2026-08-20,Comirnaty,14.11,09:29:20,2,8,174.47
2026-08-20,Comirnaty,15.19,09:29:50,2,8,174.48
2026-08-20,Comirnaty,12.3,09:30:20,2,8,174.49
2026-08-20,Comirnaty,3.68,09:30:50,2,8,0.0
2026-08-20,Comirnaty,16.78,09:31:20,2,8,174.51
2026-08-20,Comirnaty,4.15,09:31:50,2,8,0.0
2026-08-20,Comirnaty,5.54,09:32:20,2,8,0.0
2026-08-20,Comirnaty,17.66,09:32:50,2,8,174.55
2026-08-20,Comirnaty,2.58,09:33:20,2,8,0.0
2026-08-20,Comirnaty,3.82,09:33:50,2,8,0.0
2026-08-20,Comirnaty,12.16,09:34:20,2,8,174.58
2026-08-20,Comirnaty,4.98,09:34:50,2,8,0.0
2026-08-20,Comirnaty,14.87,09:35:20,2,8,174.6
2026-08-20,Comirnaty,4.69,09:35:50,2,8,0.0
2026-08-20,Comirnaty,9.12,09:36:20,2,8,174.62
2026-08-20,Comirnaty,15.56,09:36:50,2,8,174.63
2026-08-20,Comirnaty,12.83,09:37:20,2,8,174.64
2026-08-20,Comirnaty,3.57,09:37:50,2,8,0.0
2026-08-20,Comirnaty,13.93,09:38:20,2,8,174.67
2026-08-20,Comirnaty,2.95,09:38:50,2,8,0.0
2026-08-20,Comirnaty,7.89,09:39:20,2,8,0.0
2026-08-20,Comirnaty,14.22,09:39:50,2,8,174.7
2026-08-20,Comirnaty,3.74,09:40:20,2,8,0.0
2026-08-20,Comirnaty,17.56,09:40:50,2,8,174.72
2026-08-20,Comirnaty,14.33,09:41:20,2,8,174.73
2026-08-20,Comirnaty,13.17,09:41:50,2,8,174.74
2026-08-20,Comirnaty,7.0,09:42:20,2,8,0.0
2026-08-20,Comirnaty,6.39,09:42:50,2,8,0.0
2026-08-20,Comirnaty,13.59,09:43:20,2,8,174.77
2026-08-20,Comirnaty,2.79,09:43:50,2,8,0.0
2026-08-20,Comirnaty,15.05,09:44:20,2,8,174.8
2026-08-20,Comirnaty,9.03,09:44:50,2,8,174.81
2026-08-20,Comirnaty,9.8,09:45:20,2,8,174.82
2026-08-20,Comirnaty,14.15,09:45:50,2,8,174.83
2026-08-20,Comirnaty,3.68,09:46:20,2,8,0.0
2026-08-20,Comirnaty,6.8,09:46:50,2,8,0.0
2026-08-20,Comirnaty,10.77,09:47:20,2,8,174.86
2026-08-20,Comirnaty,10.43,09:47:50,2,8,174.87
2026-08-20,Comirnaty,7.44,09:48:20,2,8,0.0
2026-08-20,Comirnaty,17.25,09:48:50,2,8,174.89
2026-08-20,Comirnaty,15.16,09:49:20,2,8,174.9
2026-08-20,Comirnaty,7.19,09:49:50,2,8,0.0
2026-08-20,Comirnaty,3.64,09:50:20,2,8,0.0
2026-08-20,Comirnaty,13.25,09:50:50,2,8,174.94
2026-08-20,Comirnaty,3.35,09:51:20,2,8,0.0
2026-08-20,Comirnaty,10.38,09:51:50,2,8,174.96
2026-08-20,Comirnaty,12.72,09:52:20,2,8,174.97
2026-08-20,Comirnaty,15.33,09:52:50,2,8,174.98
2026-08-20,Comirnaty,5.18,09:53:20,2,8,0.0
2026-08-20,Comirnaty,4.32,09:53:50,2,8,0.0
2026-08-20,Comirnaty,4.64,09:54:20,2,8,0.0
2026-08-20,Comirnaty,16.75,09:54:50,2,8,175.02
2026-08-20,Comirnaty,10.11,09:55:20,2,8,175.03
2026-08-20,Comirnaty,4.98,09:55:50,2,8,0.0
2026-08-20,Comirnaty,16.78,09:56:20,2,8,175.06
2026-08-20,Comirnaty,9.41,09:56:50,2,8,175.07
2026-08-20,Comirnaty,6.66,09:57:20,2,8,0.0
2026-08-20,Comirnaty,15.2,09:57:50,2,8,175.09
2026-08-20,Comirnaty,9.83,09:58:20,2,8,175.1
2026-08-20,Comirnaty,3.44,09:58:50,2,8,0.0
2026-08-20,Comirnaty,14.03,09:59:20,2,8,175.12
2026-08-20,Comirnaty,13.07,09:59:50,2,8,175.13
2026-08-20,Comirnaty,3.31,10:00:20,2,8,0.0
2026-08-20,Comirnaty,10.13,10:00:50,2,8,175.15
2026-08-20,Comirnaty,3.95,10:01:20,2,8,0.0
2026-08-20,Comirnaty,11.81,10:01:50,2,8,175.18
2026-08-20,Comirnaty,7.38,10:02:20,2,8,0.0
2026-08-20,Comirnaty,13.9,10:02:50,2,8,175.2
2026-08-20,Comirnaty,14.11,10:03:20,2,8,175.21
2026-08-20,Comirnaty,3.52,10:03:50,2,8,0.0
2026-08-20,Comirnaty,11.28,10:04:20,2,8,175.23
2026-08-20,Comirnaty,6.21,10:04:50,2,8,0.0
2026-08-20,Comirnaty,9.38,10:05:20,2,8,175.25
2026-08-20,Comirnaty,4.99,10:05:50,2,8,0.0
2026-08-20,Comirnaty,10.28,10:06:20,2,8,175.27
2026-08-20,Comirnaty,7.6,10:06:50,2,8,0.0
2026-08-20,Comirnaty,3.36,10:07:20,2,8,0.0
2026-08-20,Comirnaty,10.02,10:07:50,2,8,175.31
2026-08-20,Comirnaty,7.83,10:08:20,2,8,0.0
2026-08-20,Comirnaty,13.9,10:08:50,2,8,175.33
2026-08-20,Comirnaty,6.77,10:09:20,2,8,0.0
2026-08-20,Comirnaty,12.35,10:09:50,2,8,175.35
2026-08-20,Comirnaty,13.65,10:10:20,2,8,175.36
2026-08-20,Comirnaty,15.62,10:10:50,2,8,175.37
2026-08-20,Comirnaty,6.81,10:11:20,2,8,0.0
2026-08-20,Comirnaty,7.02,10:11:50,2,8,0.0
2026-08-20,Comirnaty,5.13,10:12:20,2,8,0.0
2026-08-20,Comirnaty,11.38,10:12:50,2,8,175.41
2026-08-20,Comirnaty,5.37,10:13:20,2,8,0.0
2026-08-20,Comirnaty,5.49,10:13:50,2,8,0.0
2026-08-20,Comirnaty,5.5,10:14:20,2,8,0.0
2026-08-20,Comirnaty,3.24,10:14:50,2,8,0.0
2026-08-20,Comirnaty,3.44,10:15:20,2,8,0.0
2026-08-20,Comirnaty,14.56,10:15:50,2,8,175.48
2026-08-20,Comirnaty,3.08,10:16:20,2,8,0.0
2026-08-20,Comirnaty,4.39,10:16:50,2,8,0.0
2026-08-20,Comirnaty,10.18,10:17:20,2,8,175.51
2026-08-20,Comirnaty,5.15,10:17:50,2,8,0.0
2026-08-20,Comirnaty,5.9,10:18:20,2,8,0.0
2026-08-20,Comirnaty,6.8,10:18:50,2,8,0.0
2026-08-20,Comirnaty,17.5,10:19:20,2,8,175.55
2026-08-20,Comirnaty,7.52,10:19:50,2,8,0.0
2026-08-20,Comirnaty,15.51,10:20:20,2,8,175.58
2026-08-20,Comirnaty,12.08,10:20:50,2,8,175.59
2026-08-20,Comirnaty,13.82,10:21:20,2,8,175.6
2026-08-20,Comirnaty,11.93,10:21:50,2,8,175.61
2026-08-20,Comirnaty,15.61,10:22:20,2,8,175.62
2026-08-20,Comirnaty,6.68,10:22:50,2,8,0.0
2026-08-20,Comirnaty,3.2,10:23:20,2,8,0.0
2026-08-20,Comirnaty,6.02,10:23:50,2,8,0.0
2026-08-20,Comirnaty,10.06,10:24:20,2,8,175.66
2026-08-20,Comirnaty,5.97,10:24:50,2,8,0.0
2026-08-20,Comirnaty,16.99,10:25:20,2,8,175.68
2026-08-20,Comirnaty,3.63,10:25:50,2,8,0.0
2026-08-20,Comirnaty,11.53,10:26:20,2,8,175.71
2026-08-20,Comirnaty,2.82,10:26:50,2,8,0.0
2026-08-20,Comirnaty,11.59,10:27:20,2,8,175.73
2026-08-20,Comirnaty,11.61,10:27:50,2,8,175.74
2026-08-20,Comirnaty,11.81,10:28:20,2,8,175.75
2026-08-20,Comirnaty,4.94,10:28:50,2,8,0.0
2026-08-20,Comirnaty,12.11,10:29:20,2,8,175.77
2026-08-20,Comirnaty,16.36,10:29:50,2,8,175.78
2026-08-20,Comirnaty,4.72,10:30:20,2,8,0.0
2026-08-20,Comirnaty,16.0,10:30:50,2,8,175.8
2026-08-20,Comirnaty,17.52,10:31:20,2,8,175.81
2026-08-20,Comirnaty,4.77,10:31:50,2,8,0.0
2026-08-20,Comirnaty,15.5,10:32:20,2,8,175.84
2026-08-20,Comirnaty,3.03,10:32:50,2,8,0.0
2026-08-20,Comirnaty,4.57,10:33:20,2,8,0.0
2026-08-20,Comirnaty,16.79,10:33:50,2,8,175.87
2026-08-20,Comirnaty,7.78,10:34:20,2,8,0.0
2026-08-20,Comirnaty,11.58,10:34:50,2,8,175.89
2026-08-20,Comirnaty,14.13,10:35:20,2,8,175.9
2026-08-20,Comirnaty,5.79,10:35:50,2,8,0.0
2026-08-20,Comirnaty,14.66,10:36:20,2,8,175.92
2026-08-20,Comirnaty,2.5,10:36:50,2,8,0.0
2026-08-20,Comirnaty,11.54,10:37:20,2,8,175.94
2026-08-20,Comirnaty,4.99,10:37:50,2,8,0.0
2026-08-20,Comirnaty,16.14,10:38:20,2,8,175.97
2026-08-20,Comirnaty,2.21,10:38:50,2,8,0.0
2026-08-20,Comirnaty,17.77,10:39:20,2,8,175.99
2026-08-20,Comirnaty,4.97,10:39:50,2,8,0.0
2026-08-20,Comirnaty,6.66,10:40:20,2,8,0.0
2026-08-20,Comirnaty,15.77,10:40:50,2,8,176.02
2026-08-20,Comirnaty,9.62,10:41:20,2,8,176.03
2026-08-20,Comirnaty,14.61,10:41:50,2,8,176.04
2026-08-20,Comirnaty,10.38,10:42:20,2,8,176.05
2026-08-20,Comirnaty,10.1,10:42:50,2,8,176.06
2026-08-20,Comirnaty,6.9,10:43:20,2,8,0.0
2026-08-20,Comirnaty,16.35,10:43:50,2,8,176.08
2026-08-20,Comirnaty,3.29,10:44:20,2,8,0.0
2026-08-20,Comirnaty,9.55,10:44:50,2,8,176.11
2026-08-20,Comirnaty,2.26,10:45:20,2,8,0.0
2026-08-20,Comirnaty,5.27,10:45:50,2,8,0.0
2026-08-20,Comirnaty,2.47,10:46:20,2,8,0.0
2026-08-20,Comirnaty,15.4,10:46:50,2,8,176.15
2026-08-20,Comirnaty,9.59,10:47:20,2,8,176.16
2026-08-20,Comirnaty,4.91,10:47:50,2,8,0.0
2026-08-20,Comirnaty,2.02,10:48:20,2,8,0.0
2026-08-20,Comirnaty,15.05,10:48:50,2,8,176.19
2026-08-20,Comirnaty,12.69,10:49:20,2,8,176.2
2026-08-20,Comirnaty,16.75,10:49:50,2,8,176.22
2026-08-20,Comirnaty,11.81,10:50:20,2,8,176.23
2026-08-20,Comirnaty,7.19,10:50:50,2,8,0.0
2026-08-20,Comirnaty,11.72,10:51:20,2,8,176.25
2026-08-20,Comirnaty,3.74,10:51:50,2,8,0.0
2026-08-20,Comirnaty,14.59,10:52:20,2,8,176.27
2026-08-20,Comirnaty,7.75,10:52:50,2,8,0.0
2026-08-20,Comirnaty,7.06,10:53:20,2,8,0.0
2026-08-20,Comirnaty,10.15,10:53:50,2,8,176.3
2026-08-20,Comirnaty,3.88,10:54:20,2,8,0.0
2026-08-20,Comirnaty,14.87,10:54:50,2,8,176.32
2026-08-20,Comirnaty,15.88,10:55:20,2,8,176.33
2026-08-20,Comirnaty,16.31,10:55:50,2,8,176.35
2026-08-20,Comirnaty,6.38,10:56:20,2,8,0.0
2026-08-20,Comirnaty,4.7,10:56:50,2,8,0.0
2026-08-20,Comirnaty,17.7,10:57:20,2,8,176.38
2026-08-20,Comirnaty,13.31,10:57:50,2,8,176.39
2026-08-20,Comirnaty,15.11,10:58:20,2,8,176.4
2026-08-20,Comirnaty,4.98,10:58:50,2,8,0.0
2026-08-20,Comirnaty,13.77,10:59:20,2,8,176.42
2026-08-20,Comirnaty,17.06,10:59:50,2,8,176.43
2026-08-20,Comirnaty,7.4,11:00:20,2,8,0.0
2026-08-20,Comirnaty,10.57,11:00:50,2,8,176.45
2026-08-20,Comirnaty,12.69,11:01:20,2,8,176.46
2026-08-20,Comirnaty,13.65,11:01:50,2,8,176.47
2026-08-20,Comirnaty,17.97,11:02:20,2,8,176.49
2026-08-20,Comirnaty,13.14,11:02:50,2,8,176.5
2026-08-20,Comirnaty,14.18,11:03:20,2,8,176.51
2026-08-20,Comirnaty,4.73,11:03:50,2,8,0.0
2026-08-20,Comirnaty,11.11,11:04:20,2,8,176.53
2026-08-20,Comirnaty,10.89,11:04:50,2,8,176.54
2026-08-20,Comirnaty,4.43,11:05:20,2,8,0.0
2026-08-20,Comirnaty,6.52,11:05:50,2,8,0.0
2026-08-20,Comirnaty,11.36,11:06:20,2,8,176.57
2026-08-20,Comirnaty,10.51,11:06:50,2,8,176.58
2026-08-20,Comirnaty,12.45,11:07:20,2,8,176.59
2026-08-20,Comirnaty,12.52,11:07:50,2,8,176.6
2026-08-20,Comirnaty,15.66,11:08:20,2,8,176.62
2026-08-20,Comirnaty,10.61,11:08:50,2,8,176.63
2026-08-20,Comirnaty,7.34,11:09:20,2,8,0.0
2026-08-20,Comirnaty,9.33,11:09:50,2,8,176.65
2026-08-20,Comirnaty,7.51,11:10:20,2,8,0.0
2026-08-20,Comirnaty,17.92,11:10:50,2,8,176.67
2026-08-20,Comirnaty,12.83,11:11:20,2,8,176.68
2026-08-20,Comirnaty,9.2,11:11:50,2,8,176.69
2026-08-20,Comirnaty,12.78,11:12:20,2,8,176.7
2026-08-20,Comirnaty,6.59,11:12:50,2,8,0.0
2026-08-20,Comirnaty,11.76,11:13:20,2,8,176.72
2026-08-20,Comirnaty,15.73,11:13:50,2,8,176.73
2026-08-20,Comirnaty,11.96,11:14:20,2,8,176.75
2026-08-20,Comirnaty,6.44,11:14:50,2,8,0.0
2026-08-20,Comirnaty,12.59,11:15:20,2,8,176.77
2026-08-20,Comirnaty,6.7,11:15:50,2,8,0.0
2026-08-20,Comirnaty,15.99,11:16:20,2,8,176.79
2026-08-20,Comirnaty,9.26,11:16:50,2,8,176.8
2026-08-20,Comirnaty,7.79,11:17:20,2,8,0.0
2026-08-20,Comirnaty,11.26,11:17:50,2,8,176.82
2026-08-20,Comirnaty,15.21,11:18:20,2,8,176.83
2026-08-20,Comirnaty,4.24,11:18:50,2,8,0.0
2026-08-20,Comirnaty,4.2,11:19:20,2,8,0.0
2026-08-20,Comirnaty,10.1,11:19:50,2,8,176.87
2026-08-20,Comirnaty,9.57,11:20:20,2,8,176.88
2026-08-20,Comirnaty,7.95,11:20:50,2,8,0.0
2026-08-20,Comirnaty,17.17,11:21:20,2,8,176.9
2026-08-20,Comirnaty,5.48,11:21:50,2,8,0.0
2026-08-20,Comirnaty,14.97,11:22:20,2,8,176.92
2026-08-20,Comirnaty,17.32,11:22:50,2,8,176.93
2026-08-20,Comirnaty,7.32,11:23:20,2,8,0.0
2026-08-20,Comirnaty,10.67,11:23:50,2,8,176.95
2026-08-20,Comirnaty,2.41,11:24:20,2,8,0.0
2026-08-20,Comirnaty,4.68,11:24:50,2,8,0.0
2026-08-20,Comirnaty,11.81,11:25:20,2,8,176.98
2026-08-20,Comirnaty,2.1,11:25:50,2,8,0.0
2026-08-20,Comirnaty,4.15,11:26:20,2,8,0.0
2026-08-20,Comirnaty,4.28,11:26:50,2,8,0.0
2026-08-20,Comirnaty,17.65,11:27:20,2,8,177.03
2026-08-20,Comirnaty,10.38,11:27:50,2,8,177.04
2026-08-20,Comirnaty,3.84,11:28:20,2,8,0.0
2026-08-20,Comirnaty,16.12,11:28:50,2,8,177.06
2026-08-20,Comirnaty,10.83,11:29:20,2,8,177.07
2026-08-20,Comirnaty,14.05,11:29:50,2,8,177.08
2026-08-20,Comirnaty,12.2,11:30:20,2,8,177.09
2026-08-20,Comirnaty,13.19,11:30:50,2,8,177.1
2026-08-20,Comirnaty,3.44,11:31:20,2,8,0.0
2026-08-20,Comirnaty,16.48,11:31:50,2,8,177.12
2026-08-20,Comirnaty,15.48,11:32:20,2,8,177.14
2026-08-20,Comirnaty,11.3,11:32:50,2,8,177.15
2026-08-20,Comirnaty,12.69,11:33:20,2,8,177.16
2026-08-20,Comirnaty,11.58,11:33:50,2,8,177.17
2026-08-20,Comirnaty,14.66,11:34:20,2,8,177.18
2026-08-20,Comirnaty,12.79,11:34:50,2,8,177.19
2026-08-20,Comirnaty,4.91,11:35:20,2,8,0.0
2026-08-20,Comirnaty,17.27,11:35:50,2,8,177.21
2026-08-20,Comirnaty,2.49,11:36:20,2,8,0.0
2026-08-20,Comirnaty,14.58,11:36:50,2,8,177.23
2026-08-20,Comirnaty,17.19,11:37:20,2,8,177.24
2026-08-20,Comirnaty,15.28,11:37:50,2,8,177.25
2026-08-20,Comirnaty,10.37,11:38:20,2,8,177.27
2026-08-20,Comirnaty,10.28,11:38:50,2,8,177.28
2026-08-20,Comirnaty,6.06,11:39:20,2,8,0.0
2026-08-20,Comirnaty,6.02,11:39:50,2,8,0.0
2026-08-20,Comirnaty,2.8,11:40:20,2,8,0.0
2026-08-20,Comirnaty,4.7,11:40:50,2,8,0.0
2026-08-20,Comirnaty,5.62,11:41:20,2,8,0.0
2026-08-20,Comirnaty,16.12,11:41:50,2,8,177.34
2026-08-20,Comirnaty,7.3,11:42:20,2,8,0.0
2026-08-20,Comirnaty,16.47,11:42:50,2,8,177.36
2026-08-20,Comirnaty,15.63,11:43:20,2,8,177.37
2026-08-20,Comirnaty,12.5,11:43:50,2,8,177.38
2026-08-20,Comirnaty,4.96,11:44:20,2,8,0.0
2026-08-20,Comirnaty,10.54,11:44:50,2,8,177.41
2026-08-20,Comirnaty,11.93,11:45:20,2,8,177.42
2026-08-20,Comirnaty,5.96,11:45:50,2,8,0.0
2026-08-20,Comirnaty,15.21,11:46:20,2,8,177.44
2026-08-20,Comirnaty,11.38,11:46:50,2,8,177.45
2026-08-20,Comirnaty,13.19,11:47:20,2,8,177.46
2026-08-20,Comirnaty,16.19,11:47:50,2,8,177.47
2026-08-20,Comirnaty,16.71,11:48:20,2,8,177.48
2026-08-20,Comirnaty,13.41,11:48:50,2,8,177.49
2026-08-20,Comirnaty,12.7,11:49:20,2,8,177.5
2026-08-20,Comirnaty,17.29,11:49:50,2,8,177.52
2026-08-20,Comirnaty,6.03,11:50:20,2,8,0.0
2026-08-20,Comirnaty,11.46,11:50:50,2,8,177.54
2026-08-20,Comirnaty,11.21,11:51:20,2,8,177.55
2026-08-20,Comirnaty,6.53,11:51:50,2,8,0.0
2026-08-20,Comirnaty,7.92,11:52:20,2,8,0.0
2026-08-20,Comirnaty,10.3,11:52:50,2,8,177.58
2026-08-20,Comirnaty,4.41,11:53:20,2,8,0.0
2026-08-20,Comirnaty,16.16,11:53:50,2,8,177.6
2026-08-20,Comirnaty,17.16,11:54:20,2,8,177.61
2026-08-20,Comirnaty,16.93,11:54:50,2,8,177.62
2026-08-20,Comirnaty,9.24,11:55:20,2,8,177.63
2026-08-20,Comirnaty,3.53,11:55:50,2,8,0.0
2026-08-20,Comirnaty,2.42,11:56:20,2,8,0.0
2026-08-20,Comirnaty,3.69,11:56:50,2,8,0.0
2026-08-20,Comirnaty,5.33,11:57:20,2,8,0.0
2026-08-20,Comirnaty,12.63,11:57:50,2,8,177.69
2026-08-20,Comirnaty,17.48,11:58:20,2,8,177.7
2026-08-20,Comirnaty,10.02,11:58:50,2,8,177.71
2026-08-20,Comirnaty,9.12,11:59:20,2,8,177.72
2026-08-20,Comirnaty,5.09,11:59:50,2,8,0.0
2026-08-20,Comirnaty,2.41,12:00:20,2,8,0.0
2026-08-20,Comirnaty,5.74,12:00:50,2,8,0.0
2026-08-20,Comirnaty,3.42,12:01:20,2,8,0.0
2026-08-20,Comirnaty,13.84,12:01:50,2,8,177.78
2026-08-20,Comirnaty,6.26,12:02:20,2,8,0.0
2026-08-20,Comirnaty,12.98,12:02:50,2,8,177.8
2026-08-20,Comirnaty,16.74,12:03:20,2,8,177.81
2026-08-20,Comirnaty,2.44,12:03:50,2,8,0.0
2026-08-20,Comirnaty,9.59,12:04:20,2,8,177.83
2026-08-20,Comirnaty,10.31,12:04:50,2,8,177.84
2026-08-20,Comirnaty,3.56,12:05:20,2,8,0.0
2026-08-20,Comirnaty,7.79,12:05:50,2,8,0.0
2026-08-20,Comirnaty,7.91,12:06:20,2,8,0.0
2026-08-20,Comirnaty,15.63,12:06:50,2,8,177.88
2026-08-20,Comirnaty,16.0,12:07:20,2,8,177.89
2026-08-20,Comirnaty,13.56,12:07:50,2,8,177.91
2026-08-20,Comirnaty,9.2,12:08:20,2,8,177.92
2026-08-20,Comirnaty,10.84,12:08:50,2,8,177.93
2026-08-20,Comirnaty,4.04,12:09:20,2,8,0.0
2026-08-20,Comirnaty,12.23,12:09:50,2,8,177.95
2026-08-20,Comirnaty,3.48,12:10:20,2,8,0.0
2026-08-20,Comirnaty,2.38,12:10:50,2,8,0.0
2026-08-20,Comirnaty,7.91,12:11:20,2,8,0.0
2026-08-20,Comirnaty,14.18,12:11:50,2,8,177.99
2026-08-20,Comirnaty,14.0,12:12:20,2,8,178.0
2026-08-20,Comirnaty,3.37,12:12:50,2,8,0.0
2026-08-20,Comirnaty,12.07,12:13:20,2,8,178.02
2026-08-20,Comirnaty,15.82,12:13:50,2,8,178.03
2026-08-20,Comirnaty,7.24,12:14:20,2,8,0.0
2026-08-20,Comirnaty,2.15,12:14:50,2,8,0.0
2026-08-20,Comirnaty,10.06,12:15:20,2,8,178.07
2026-08-20,Comirnaty,16.04,12:15:50,2,8,178.08
2026-08-20,Comirnaty,13.86,12:16:20,2,8,178.09
2026-08-20,Comirnaty,3.77,12:16:50,2,8,0.0
2026-08-20,Comirnaty,5.55,12:17:20,2,8,0.0
2026-08-20,Comirnaty,14.59,12:17:50,2,8,178.12
2026-08-20,Comirnaty,17.32,12:18:20,2,8,178.13
2026-08-20,Comirnaty,10.94,12:18:50,2,8,178.14
2026-08-20,Comirnaty,17.79,12:19:20,2,8,178.15
2026-08-20,Comirnaty,13.51,12:19:50,2,8,178.17
2026-08-20,Comirnaty,14.44,12:20:20,2,8,178.18
2026-08-20,Comirnaty,14.18,12:20:50,2,8,178.19
2026-08-20,Comirnaty,7.04,12:21:20,2,8,0.0
2026-08-20,Comirnaty,4.43,12:21:50,2,8,0.0
2026-08-20,Comirnaty,11.48,12:22:20,2,8,178.22
2026-08-20,Comirnaty,15.4,12:22:50,2,8,178.23
2026-08-20,Comirnaty,13.85,12:23:20,2,8,178.24
2026-08-20,Comirnaty,6.71,12:23:50,2,8,0.0
2026-08-20,Comirnaty,17.63,12:24:20,2,8,178.26
2026-08-20,Comirnaty,7.48,12:24:50,2,8,0.0
2026-08-20,Comirnaty,3.16,12:25:20,2,8,0.0
2026-08-20,Comirnaty,14.73,12:25:50,2,8,178.3
2026-08-20,Comirnaty,7.94,12:26:20,2,8,0.0
2026-08-20,Comirnaty,13.43,12:26:50,2,8,178.32
2026-08-20,Comirnaty,13.0,12:27:20,2,8,178.33
2026-08-20,Comirnaty,4.13,12:27:50,2,8,0.0
2026-08-20,Comirnaty,14.43,12:28:20,2,8,178.35
2026-08-20,Comirnaty,14.27,12:28:50,2,8,178.36
2026-08-20,Comirnaty,6.47,12:29:20,2,8,0.0
2026-08-20,Comirnaty,14.3,12:29:50,2,8,178.38
2026-08-20,Comirnaty,2.53,12:30:20,2,8,0.0
2026-08-20,Comirnaty,2.73,12:30:50,2,8,0.0
2026-08-20,Comirnaty,12.34,12:31:20,2,8,178.41
2026-08-20,Comirnaty,10.5,12:31:50,2,8,178.43
2026-08-20,Comirnaty,9.5,12:32:20,2,8,178.44
2026-08-20,Comirnaty,15.0,12:32:50,2,8,178.45
2026-08-20,Comirnaty,15.75,12:33:20,2,8,178.46
2026-08-20,Comirnaty,12.74,12:33:50,2,8,178.47
2026-08-20,Comirnaty,4.28,12:34:20,2,8,0.0
2026-08-20,Comirnaty,5.68,12:34:50,2,8,0.0
2026-08-20,Comirnaty,16.31,12:35:20,2,8,178.5
2026-08-20,Comirnaty,5.58,12:35:50,2,8,0.0
2026-08-20,Comirnaty,9.78,12:36:20,2,8,178.52
2026-08-20,Comirnaty,12.04,12:36:50,2,8,178.53
2026-08-20,Comirnaty,10.55,12:37:20,2,8,178.54
2026-08-20,Comirnaty,5.7,12:37:50,2,8,0.0
2026-08-20,Comirnaty,9.88,12:38:20,2,8,178.57
2026-08-20,Comirnaty,11.21,12:38:50,2,8,178.58
2026-08-20,Comirnaty,12.64,12:39:20,2,8,178.59
2026-08-20,Comirnaty,12.84,12:39:50,2,8,178.6
2026-08-20,Comirnaty,10.66,12:40:20,2,8,178.61
2026-08-20,Comirnaty,9.36,12:40:50,2,8,178.62
2026-08-20,Comirnaty,4.05,12:41:20,2,8,0.0
2026-08-20,Comirnaty,16.99,12:41:50,2,8,178.64
2026-08-20,Comirnaty,15.51,12:42:20,2,8,178.65
2026-08-20,Comirnaty,13.56,12:42:50,2,8,178.66
2026-08-20,Comirnaty,17.26,12:43:20,2,8,178.67
2026-08-20,Comirnaty,11.0,12:43:50,2,8,178.69
2026-08-20,Comirnaty,4.84,12:44:20,2,8,0.0
2026-08-20,Comirnaty,9.24,12:44:50,2,8,178.71
2026-08-20,Comirnaty,15.87,12:45:20,2,8,178.72
2026-08-20,Comirnaty,14.68,12:45:50,2,8,178.73
2026-08-20,Comirnaty,10.86,12:46:20,2,8,178.74
2026-08-20,Comirnaty,9.16,12:46:50,2,8,178.75
2026-08-20,Comirnaty,14.94,12:47:20,2,8,178.76
2026-08-20,Comirnaty,9.21,12:47:50,2,8,178.77
2026-08-20,Comirnaty,15.85,12:48:20,2,8,178.78
2026-08-20,Comirnaty,10.3,12:48:50,2,8,178.79
2026-08-20,Comirnaty,2.67,12:49:20,2,8,0.0
2026-08-20,Comirnaty,14.46,12:49:50,2,8,178.82
2026-08-20,Comirnaty,3.68,12:50:20,2,8,0.0
2026-08-20,Comirnaty,7.75,12:50:50,2,8,0.0
2026-08-20,Comirnaty,13.73,12:51:20,2,8,178.85
2026-08-20,Comirnaty,9.15,12:51:50,2,8,178.86
2026-08-20,Comirnaty,12.32,12:52:20,2,8,178.87
2026-08-20,Comirnaty,7.34,12:52:50,2,8,0.0
2026-08-20,Comirnaty,6.83,12:53:20,2,8,0.0
2026-08-20,Comirnaty,10.24,12:53:50,2,8,178.9
2026-08-20,Comirnaty,6.81,12:54:20,2,8,0.0
2026-08-20,Comirnaty,11.78,12:54:50,2,8,178.92
2026-08-20,Comirnaty,2.64,12:55:20,2,8,0.0
2026-08-20,Comirnaty,3.08,12:55:50,2,8,0.0
2026-08-20,Comirnaty,13.49,12:56:20,2,8,178.96
2026-08-20,Comirnaty,3.61,12:56:50,2,8,0.0
2026-08-20,Comirnaty,9.74,12:57:20,2,8,178.98
2026-08-20,Comirnaty,16.83,12:57:50,2,8,178.99
2026-08-20,Comirnaty,2.33,12:58:20,2,8,0.0
2026-08-20,Comirnaty,16.65,12:58:50,2,8,179.01
2026-08-20,Comirnaty,15.48,12:59:20,2,8,179.02
2026-08-20,Comirnaty,16.99,12:59:50,2,8,179.03
2026-08-20,Comirnaty,7.07,13:00:20,2,8,0.0
2026-08-20,Comirnaty,6.61,13:00:50,2,8,0.0
2026-08-20,Comirnaty,16.34,13:01:20,2,8,179.06
2026-08-20,Comirnaty,2.35,13:01:50,2,8,0.0
2026-08-20,Comirnaty,2.68,13:02:20,2,8,0.0
2026-08-20,Comirnaty,15.23,13:02:50,2,8,179.1
2026-08-20,Comirnaty,17.18,13:03:20,2,8,179.11
2026-08-20,Comirnaty,11.33,13:03:50,2,8,179.12
2026-08-20,Comirnaty,7.73,13:04:20,2,8,0.0
2026-08-20,Comirnaty,16.78,13:04:50,2,8,179.14
2026-08-20,Comirnaty,6.17,13:05:20,2,8,0.0
2026-08-20,Comirnaty,11.96,13:05:50,2,8,179.16
2026-08-20,Comirnaty,10.86,13:06:20,2,8,179.17
2026-08-20,Comirnaty,17.41,13:06:50,2,8,179.18
2026-08-20,Comirnaty,16.63,13:07:20,2,8,179.19
2026-08-20,Comirnaty,7.54,13:07:50,2,8,0.0
2026-08-20,Comirnaty,12.92,13:08:20,2,8,179.22
2026-08-20,Comirnaty,2.78,13:08:50,2,8,0.0
2026-08-20,Comirnaty,2.07,13:09:20,2,8,0.0
2026-08-20,Comirnaty,6.46,13:09:50,2,8,0.0
2026-08-20,Comirnaty,10.62,13:10:20,2,8,179.26
2026-08-20,Comirnaty,14.45,13:10:50,2,8,179.27
2026-08-20,Comirnaty,10.24,13:11:20,2,8,179.28
2026-08-20,Comirnaty,15.94,13:11:50,2,8,179.29
2026-08-20,Comirnaty,6.5,13:12:20,2,8,0.0
2026-08-20,Comirnaty,3.69,13:12:50,2,8,0.0
2026-08-20,Comirnaty,17.85,13:13:20,2,8,179.32
2026-08-20,Comirnaty,6.86,13:13:50,2,8,0.0
2026-08-20,Comirnaty,14.97,13:14:20,2,8,179.35
2026-08-20,Comirnaty,4.42,13:14:50,2,8,0.0
2026-08-20,Comirnaty,15.75,13:15:20,2,8,179.37
2026-08-20,Comirnaty,17.51,13:15:50,2,8,179.38
2026-08-20,Comirnaty,16.69,13:16:20,2,8,179.39
2026-08-20,Comirnaty,3.61,13:16:50,2,8,0.0
2026-08-20,Comirnaty,17.82,13:17:20,2,8,179.41
2026-08-20,Comirnaty,5.71,13:17:50,2,8,0.0
2026-08-20,Comirnaty,15.54,13:18:20,2,8,179.43
2026-08-20,Comirnaty,12.86,13:18:50,2,8,179.44
2026-08-20,Comirnaty,7.79,13:19:20,2,8,0.0
2026-08-20,Comirnaty,13.95,13:19:50,2,8,179.47
2026-08-20,Comirnaty,7.04,13:20:20,2,8,0.0
2026-08-20,Comirnaty,5.26,13:20:50,2,8,0.0
2026-08-20,Comirnaty,15.32,13:21:20,2,8,179.5
2026-08-20,Comirnaty,2.88,13:21:50,2,8,0.0
2026-08-20,Comirnaty,15.19,13:22:20,2,8,179.52
2026-08-20,Comirnaty,3.14,13:22:50,2,8,0.0
2026-08-20,Comirnaty,14.53,13:23:20,2,8,179.54
2026-08-20,Comirnaty,3.79,13:23:50,2,8,0.0
2026-08-20,Comirnaty,13.24,13:24:20,2,8,179.56
2026-08-20,Comirnaty,15.86,13:24:50,2,8,179.57
2026-08-20,Comirnaty,7.3,13:25:20,2,8,0.0
2026-08-20,Comirnaty,11.02,13:25:50,2,8,179.6
2026-08-20,Comirnaty,3.93,13:26:20,2,8,0.0
2026-08-20,Comirnaty,3.16,13:26:50,2,8,0.0
2026-08-20,Comirnaty,12.78,13:27:20,2,8,179.63
2026-08-20,Comirnaty,6.75,13:27:50,2,8,0.0
2026-08-20,Comirnaty,17.15,13:28:20,2,8,179.65
2026-08-20,Comirnaty,15.07,13:28:50,2,8,179.66
2026-08-20,Comirnaty,2.16,13:29:20,2,8,0.0
2026-08-20,Comirnaty,13.45,13:29:50,2,8,179.68
2026-08-20,Comirnaty,10.09,13:30:20,2,8,179.69
2026-08-20,Comirnaty,16.01,13:30:50,2,8,179.7
2026-08-20,Comirnaty,13.73,13:31:20,2,8,179.71
2026-08-20,Comirnaty,9.04,13:31:50,2,8,179.72
2026-08-20,Comirnaty,5.71,13:32:20,2,8,0.0
2026-08-20,Comirnaty,6.93,13:32:50,2,8,0.0
2026-08-20,Comirnaty,12.2,13:33:20,2,8,179.76
2026-08-20,Comirnaty,13.53,13:33:50,2,8,179.77
2026-08-20,Comirnaty,17.75,13:34:20,2,8,179.78
2026-08-20,Comirnaty,6.47,13:34:50,2,8,0.0
2026-08-20,Comirnaty,4.91,13:35:20,2,8,0.0
2026-08-20,Comirnaty,14.71,13:35:50,2,8,179.81
2026-08-20,Comirnaty,9.01,13:36:20,2,8,179.82
2026-08-20,Comirnaty,3.45,13:36:50,2,8,0.0
2026-08-20,Comirnaty,10.02,13:37:20,2,8,179.84
2026-08-20,Comirnaty,16.26,13:37:50,2,8,179.85
2026-08-20,Comirnaty,13.37,13:38:20,2,8,179.87
2026-08-20,Comirnaty,11.86,13:38:50,2,8,179.88
2026-08-20,Comirnaty,5.02,13:39:20,2,8,0.0
2026-08-20,Comirnaty,17.8,13:39:50,2,8,179.9
2026-08-20,Comirnaty,14.89,13:40:20,2,8,179.91
2026-08-20,Comirnaty,3.16,13:40:50,2,8,0.0
2026-08-20,Comirnaty,16.5,13:41:20,2,8,179.93
2026-08-20,Comirnaty,9.5,13:41:50,2,8,179.94
2026-08-20,Comirnaty,9.45,13:42:20,2,8,179.95
2026-08-20,Comirnaty,16.97,13:42:50,2,8,179.96
2026-08-20,Comirnaty,5.09,13:43:20,2,8,0.0
2026-08-20,Comirnaty,5.96,13:43:50,2,8,0.0
2026-08-20,Comirnaty,16.87,13:44:20,2,8,180.0
2026-08-20,Comirnaty,4.64,13:44:50,2,8,0.0
2026-08-20,Comirnaty,10.11,13:45:20,2,8,180.02
2026-08-20,Comirnaty,6.26,13:45:50,2,8,0.0
2026-08-20,Comirnaty,16.76,13:46:20,2,8,180.04
2026-08-20,Comirnaty,7.83,13:46:50,2,8,0.0
2026-08-20,Comirnaty,17.16,13:47:20,2,8,180.06
2026-08-20,Comirnaty,6.08,13:47:50,2,8,0.0
2026-08-20,Comirnaty,12.8,13:48:20,2,8,180.08
2026-08-20,Comirnaty,17.54,13:48:50,2,8,180.09
2026-08-20,Comirnaty,6.3,13:49:20,2,8,0.0
2026-08-20,Comirnaty,6.4,13:49:50,2,8,0.0
2026-08-20,Comirnaty,7.87,13:50:20,2,8,0.0
2026-08-20,Comirnaty,17.83,13:50:50,2,8,180.14
2026-08-20,Comirnaty,17.8,13:51:20,2,8,180.15
2026-08-20,Comirnaty,9.98,13:51:50,2,8,180.16
2026-08-20,Comirnaty,7.19,13:52:20,2,8,0.0
2026-08-20,Comirnaty,13.69,13:52:50,2,8,180.18
2026-08-20,Comirnaty,4.25,13:53:20,2,8,0.0
2026-08-20,Comirnaty,11.08,13:53:50,2,8,180.2
2026-08-20,Comirnaty,9.38,13:54:20,2,8,180.21
2026-08-20,Comirnaty,15.84,13:54:50,2,8,180.22
2026-08-20,Comirnaty,13.54,13:55:20,2,8,180.23
2026-08-20,Comirnaty,9.69,13:55:50,2,8,180.25
2026-08-20,Comirnaty,2.91,13:56:20,2,8,0.0
2026-08-20,Comirnaty,16.54,13:56:50,2,8,180.27
2026-08-20,Comirnaty,5.6,13:57:20,2,8,0.0
2026-08-20,Comirnaty,11.28,13:57:50,2,8,180.29
2026-08-20,Comirnaty,6.18,13:58:20,2,8,0.0
2026-08-20,Comirnaty,15.24,13:58:50,2,8,180.31
2026-08-20,Comirnaty,14.05,13:59:20,2,8,180.32
2026-08-20,Comirnaty,3.21,13:59:50,2,8,0.0
2026-08-20,Comirnaty,13.01,14:00:20,2,8,180.34
2026-08-20,Comirnaty,11.16,14:00:50,2,8,180.35
2026-08-20,Comirnaty,2.72,14:01:20,2,8,0.0
2026-08-20,Comirnaty,11.83,14:01:50,2,8,180.38
2026-08-20,Comirnaty,12.71,14:02:20,2,8,180.39
2026-08-20,Comirnaty,2.38,14:02:50,2,8,0.0
2026-08-20,Comirnaty,9.87,14:03:20,2,8,180.41
2026-08-20,Comirnaty,4.64,14:03:50,2,8,0.0
2026-08-20,Comirnaty,14.36,14:04:20,2,8,180.43
2026-08-20,Comirnaty,4.05,14:04:50,2,8,0.0
2026-08-20,Comirnaty,6.69,14:05:20,2,8,0.0
2026-08-20,Comirnaty,14.34,14:05:50,2,8,180.46
2026-08-20,Comirnaty,4.06,14:06:20,2,8,0.0
2026-08-20,Comirnaty,13.76,14:06:50,2,8,180.48
2026-08-20,Comirnaty,2.9,14:07:20,2,8,0.0
2026-08-20,Comirnaty,4.14,14:07:50,2,8,0.0
2026-08-20,Comirnaty,4.67,14:08:20,2,8,0.0
2026-08-20,Comirnaty,5.83,14:08:50,2,8,0.0
2026-08-20,Comirnaty,5.75,14:09:20,2,8,0.0
2026-08-20,Comirnaty,13.34,14:09:50,2,8,180.55
2026-08-20,Comirnaty,16.86,14:10:20,2,8,180.56
2026-08-20,Comirnaty,12.82,14:10:50,2,8,180.57
2026-08-20,Comirnaty,4.11,14:11:20,2,8,0.0
2026-08-20,Comirnaty,9.8,14:11:50,2,8,180.59
2026-08-20,Comirnaty,9.53,14:12:20,2,8,180.6
2026-08-20,Comirnaty,16.28,14:12:50,2,8,180.61
2026-08-20,Comirnaty,14.69,14:13:20,2,8,180.62
2026-08-20,Comirnaty,16.93,14:13:50,2,8,180.63
2026-08-20,Comirnaty,10.65,14:14:20,2,8,180.65
2026-08-20,Comirnaty,11.57,14:14:50,2,8,180.66
2026-08-20,Comirnaty,13.24,14:15:20,2,8,180.67
2026-08-20,Comirnaty,9.34,14:15:50,2,8,180.68
2026-08-20,Comirnaty,10.31,14:16:20,2,8,180.69
2026-08-20,Comirnaty,17.83,14:16:50,2,8,180.7
2026-08-20,Comirnaty,10.62,14:17:20,2,8,180.71
2026-08-20,Comirnaty,17.75,14:17:50,2,8,180.72
2026-08-20,Comirnaty,2.07,14:18:20,2,8,0.0
2026-08-20,Comirnaty,5.74,14:18:50,2,8,0.0
2026-08-20,Comirnaty,2.88,14:19:20,2,8,0.0
2026-08-20,Comirnaty,11.81,14:19:50,2,8,180.77
2026-08-20,Comirnaty,3.73,14:20:20,2,8,0.0
2026-08-20,Comirnaty,3.95,14:20:50,2,8,0.0
2026-08-20,Comirnaty,5.69,14:21:20,2,8,0.0
2026-08-20,Comirnaty,3.52,14:21:50,2,8,0.0
2026-08-20,Comirnaty,12.93,14:22:20,2,8,180.82
2026-08-20,Comirnaty,4.79,14:22:50,2,8,0.0
2026-08-20,Comirnaty,9.25,14:23:20,2,8,180.84
2026-08-20,Comirnaty,15.05,14:23:50,2,8,180.85
2026-08-20,Comirnaty,11.3,14:24:20,2,8,180.86
2026-08-20,Comirnaty,13.72,14:24:50,2,8,180.87
2026-08-20,Comirnaty,10.08,14:25:20,2,8,180.88
2026-08-20,Comirnaty,16.96,14:25:50,2,8,180.9
2026-08-20,Comirnaty,10.91,14:26:20,2,8,180.91
2026-08-20,Comirnaty,17.09,14:26:50,2,8,180.92
2026-08-20,Comirnaty,17.16,14:27:20,2,8,180.93
2026-08-20,Comirnaty,16.69,14:27:50,2,8,180.94
2026-08-20,Comirnaty,2.14,14:28:20,2,8,0.0
2026-08-20,Comirnaty,16.59,14:28:50,2,8,180.96
2026-08-20,Comirnaty,15.13,14:29:20,2,8,180.97
2026-08-20,Comirnaty,13.59,14:29:50,2,8,180.98
2026-08-20,Comirnaty,4.55,14:30:20,2,8,0.0
2026-08-20,Comirnaty,14.98,14:30:50,2,8,181.0
2026-08-20,Comirnaty,16.45,14:31:20,2,8,181.01
2026-08-20,Comirnaty,16.15,14:31:50,2,8,181.03
2026-08-20,Comirnaty,5.85,14:32:20,2,8,0.0
2026-08-20,Comirnaty,3.66,14:32:50,2,8,0.0
2026-08-20,Comirnaty,11.43,14:33:20,2,8,181.06
2026-08-20,Comirnaty,2.87,14:33:50,2,8,0.0
2026-08-20,Comirnaty,13.26,14:34:20,2,8,181.08
2026-08-20,Comirnaty,17.83,14:34:50,2,8,181.09
2026-08-20,Comirnaty,4.69,14:35:20,2,8,0.0
2026-08-20,Comirnaty,7.21,14:35:50,2,8,0.0
2026-08-20,Comirnaty,3.35,14:36:20,2,8,0.0
2026-08-20,Comirnaty,6.18,14:36:50,2,8,0.0
2026-08-20,Comirnaty,16.87,14:37:20,2,8,181.14
2026-08-20,Comirnaty,4.35,14:37:50,2,8,0.0
2026-08-20,Comirnaty,11.11,14:38:20,2,8,181.17
2026-08-20,Comirnaty,5.27,14:38:50,2,8,0.0
2026-08-20,Comirnaty,2.23,14:39:20,2,8,0.0
2026-08-20,Comirnaty,14.2,14:39:50,2,8,181.2
2026-08-20,Comirnaty,9.55,14:40:20,2,8,181.21
2026-08-20,Comirnaty,9.44,14:40:50,2,8,181.22
2026-08-20,Comirnaty,11.22,14:41:20,2,8,181.23
2026-08-20,Comirnaty,10.39,14:41:50,2,8,181.24
2026-08-20,Comirnaty,2.05,14:42:20,2,8,0.0
2026-08-20,Comirnaty,9.4,14:42:50,2,8,181.26
2026-08-20,Comirnaty,2.31,14:43:20,2,8,0.0
2026-08-20,Comirnaty,9.35,14:43:50,2,8,181.28
2026-08-20,Comirnaty,9.22,14:44:20,2,8,181.3
2026-08-20,Comirnaty,15.58,14:44:50,2,8,181.31
2026-08-20,Comirnaty,17.15,14:45:20,2,8,181.32
2026-08-20,Comirnaty,11.6,14:45:50,2,8,181.33
2026-08-20,Comirnaty,16.34,14:46:20,2,8,181.34
2026-08-20,Comirnaty,11.03,14:46:50,2,8,181.35
2026-08-20,Comirnaty,16.99,14:47:20,2,8,181.36
2026-08-20,Comirnaty,10.74,14:47:50,2,8,181.37
2026-08-20,Comirnaty,7.82,14:48:20,2,8,0.0
2026-08-20,Comirnaty,2.47,14:48:50,2,8,0.0
2026-08-20,Comirnaty,13.57,14:49:20,2,8,181.4
2026-08-20,Comirnaty,5.86,14:49:50,2,8,0.0
2026-08-20,Comirnaty,2.67,14:50:20,2,8,0.0
2026-08-20,Comirnaty,10.48,14:50:50,2,8,181.44
2026-08-20,Comirnaty,12.22,14:51:20,2,8,181.45
2026-08-20,Comirnaty,6.62,14:51:50,2,8,0.0
2026-08-20,Comirnaty,2.34,14:52:20,2,8,0.0
2026-08-20,Comirnaty,13.35,14:52:50,2,8,181.48
2026-08-20,Comirnaty,11.14,14:53:20,2,8,181.49
2026-08-20,Comirnaty,15.38,14:53:50,2,8,181.5
2026-08-20,Comirnaty,13.18,14:54:20,2,8,181.51
2026-08-20,Comirnaty,15.51,14:54:50,2,8,181.52
2026-08-20,Comirnaty,16.22,14:55:20,2,8,181.53
2026-08-20,Comirnaty,11.41,14:55:50,2,8,181.55
2026-08-20,Comirnaty,17.9,14:56:20,2,8,181.56
2026-08-20,Comirnaty,2.26,14:56:50,2,8,0.0
2026-08-20,Comirnaty,5.44,14:57:20,2,8,0.0
2026-08-20,Comirnaty,11.14,14:57:50,2,8,181.59
2026-08-20,Comirnaty,2.02,14:58:20,2,8,0.0
2026-08-20,Comirnaty,5.16,14:58:50,2,8,0.0
2026-08-20,Comirnaty,4.58,14:59:20,2,8,0.0
2026-08-20,Comirnaty,14.0,14:59:50,2,8,181.63
2026-08-20,Comirnaty,9.7,15:00:20,2,8,181.64
2026-08-20,Comirnaty,12.78,15:00:50,2,8,181.65
2026-08-20,Comirnaty,9.94,15:01:20,2,8,181.66
2026-08-20,Comirnaty,10.76,15:01:50,2,8,181.68
2026-08-20,Comirnaty,11.52,15:02:20,2,8,181.69
2026-08-20,Comirnaty,2.63,15:02:50,2,8,0.0
2026-08-20,Comirnaty,2.9,15:03:20,2,8,0.0
2026-08-20,Comirnaty,4.01,15:03:50,2,8,0.0
2026-08-20,Comirnaty,4.13,15:04:20,2,8,0.0
2026-08-20,Comirnaty,14.6,15:04:50,2,8,181.74
2026-08-20,Comirnaty,7.09,15:05:20,2,8,0.0
2026-08-20,Comirnaty,14.1,15:05:50,2,8,181.76
2026-08-20,Comirnaty,11.94,15:06:20,2,8,181.77
2026-08-20,Comirnaty,4.82,15:06:50,2,8,0.0
2026-08-20,Comirnaty,17.81,15:07:20,2,8,181.79
2026-08-20,Comirnaty,3.74,15:07:50,2,8,0.0
2026-08-20,Comirnaty,9.64,15:08:20,2,8,181.82
2026-08-20,Comirnaty,5.18,15:08:50,2,8,0.0
2026-08-20,Comirnaty,17.13,15:09:20,2,8,181.84
2026-08-20,Comirnaty,12.93,15:09:50,2,8,181.85
2026-08-20,Comirnaty,2.82,15:10:20,2,8,0.0
2026-08-20,Comirnaty,15.54,15:10:50,2,8,181.87
2026-08-20,Comirnaty,15.15,15:11:20,2,8,181.88
2026-08-20,Comirnaty,16.15,15:11:50,2,8,181.89
2026-08-20,Comirnaty,13.71,15:12:20,2,8,181.9
2026-08-20,Comirnaty,2.87,15:12:50,2,8,0.0
2026-08-20,Comirnaty,15.67,15:13:20,2,8,181.92
2026-08-20,Comirnaty,5.03,15:13:50,2,8,0.0
2026-08-20,Comirnaty,3.78,15:14:20,2,8,0.0
2026-08-20,Comirnaty,14.87,15:14:50,2,8,181.96
2026-08-20,Comirnaty,6.62,15:15:20,2,8,0.0
2026-08-20,Comirnaty,9.02,15:15:50,2,8,181.98
2026-08-20,Comirnaty,9.07,15:16:20,2,8,181.99
2026-08-20,Comirnaty,11.39,15:16:50,2,8,182.0
2026-08-20,Comirnaty,7.25,15:17:20,2,8,0.0
2026-08-20,Comirnaty,6.18,15:17:50,2,8,0.0
2026-08-20,Comirnaty,13.52,15:18:20,2,8,182.03
2026-08-20,Comirnaty,12.83,15:18:50,2,8,182.04
2026-08-20,Comirnaty,11.63,15:19:20,2,8,182.05
2026-08-20,Comirnaty,10.37,15:19:50,2,8,182.07
2026-08-20,Comirnaty,7.52,15:20:20,2,8,0.0
2026-08-20,Comirnaty,11.38,15:20:50,2,8,182.09
2026-08-20,Comirnaty,5.37,15:21:20,2,8,0.0
2026-08-20,Comirnaty,16.29,15:21:50,2,8,182.11
2026-08-20,Comirnaty,12.97,15:22:20,2,8,182.12
2026-08-20,Comirnaty,9.13,15:22:50,2,8,182.13
2026-08-20,Comirnaty,7.91,15:23:20,2,8,0.0
2026-08-20,Comirnaty,16.27,15:23:50,2,8,182.15
2026-08-20,Comirnaty,2.7,15:24:20,2,8,0.0
2026-08-20,Comirnaty,7.43,15:24:50,2,8,0.0
2026-08-20,Comirnaty,14.69,15:25:20,2,8,182.18
2026-08-20,Comirnaty,5.35,15:25:50,2,8,0.0
2026-08-20,Comirnaty,15.88,15:26:20,2,8,182.21
2026-08-20,Comirnaty,17.36,15:26:50,2,8,182.22
2026-08-20,Comirnaty,13.92,15:27:20,2,8,182.23
2026-08-20,Comirnaty,5.67,15:27:50,2,8,0.0
2026-08-20,Comirnaty,4.99,15:28:20,2,8,0.0
2026-08-20,Comirnaty,2.4,15:28:50,2,8,0.0
2026-08-20,Comirnaty,2.6,15:29:20,2,8,0.0
2026-08-20,Comirnaty,4.95,15:29:50,2,8,0.0
2026-08-20,Comirnaty,15.87,15:30:20,2,8,182.29
2026-08-20,Comirnaty,12.84,15:30:50,2,8,182.3
2026-08-20,Comirnaty,16.76,15:31:20,2,8,182.31
2026-08-20,Comirnaty,17.62,15:31:50,2,8,182.33
2026-08-20,Comirnaty,17.78,15:32:20,2,8,182.34
2026-08-20,Comirnaty,14.65,15:32:50,2,8,182.35
2026-08-20,Comirnaty,5.52,15:33:20,2,8,0.0
2026-08-20,Comirnaty,14.94,15:33:50,2,8,182.37
2026-08-20,Comirnaty,12.44,15:34:20,2,8,182.38
2026-08-20,Comirnaty,9.23,15:34:50,2,8,182.39
2026-08-20,Comirnaty,6.19,15:35:20,2,8,0.0
2026-08-20,Comirnaty,10.44,15:35:50,2,8,182.41
2026-08-20,Comirnaty,9.1,15:36:20,2,8,182.42
2026-08-20,Comirnaty,5.06,15:36:50,2,8,0.0
2026-08-20,Comirnaty,11.02,15:37:20,2,8,182.44
2026-08-20,Comirnaty,10.47,15:37:50,2,8,182.46
2026-08-20,Comirnaty,12.78,15:38:20,2,8,182.47
2026-08-20,Comirnaty,16.21,15:38:50,2,8,182.48
2026-08-20,Comirnaty,4.33,15:39:20,2,8,0.0
2026-08-20,Comirnaty,17.37,15:39:50,2,8,182.5
2026-08-20,Comirnaty,11.73,15:40:20,2,8,182.51
2026-08-20,Comirnaty,17.71,15:40:50,2,8,182.52
2026-08-20,Comirnaty,7.1,15:41:20,2,8,0.0
2026-08-20,Comirnaty,7.84,15:41:50,2,8,0.0
2026-08-20,Comirnaty,2.34,15:42:20,2,8,0.0
2026-08-20,Comirnaty,4.93,15:42:50,2,8,0.0
2026-08-20,Comirnaty,3.6,15:43:20,2,8,0.0
2026-08-20,Comirnaty,3.33,15:43:50,2,8,0.0
2026-08-20,Comirnaty,6.81,15:44:20,2,8,0.0
2026-08-20,Comirnaty,10.75,15:44:50,2,8,182.61
2026-08-20,Comirnaty,15.78,15:45:20,2,8,182.62
2026-08-20,Comirnaty,12.04,15:45:50,2,8,182.63
2026-08-20,Comirnaty,14.7,15:46:20,2,8,182.64
2026-08-20,Comirnaty,16.3,15:46:50,2,8,182.65
2026-08-20,Comirnaty,6.28,15:47:20,2,8,0.0
2026-08-20,Comirnaty,2.37,15:47:50,2,8,0.0
2026-08-20,Comirnaty,7.83,15:48:20,2,8,0.0
2026-08-20,Comirnaty,12.38,15:48:50,2,8,182.69
2026-08-20,Comirnaty,4.99,15:49:20,2,8,0.0
2026-08-20,Comirnaty,3.22,15:49:50,2,8,0.0
2026-08-20,Comirnaty,15.83,15:50:20,2,8,182.73
2026-08-20,Comirnaty,7.03,15:50:50,2,8,0.0
2026-08-20,Comirnaty,16.52,15:51:20,2,8,182.75
2026-08-20,Comirnaty,14.45,15:51:50,2,8,182.76
2026-08-20,Comirnaty,10.65,15:52:20,2,8,182.77
2026-08-20,Comirnaty,11.82,15:52:50,2,8,182.78
2026-08-20,Comirnaty,16.78,15:53:20,2,8,182.79
2026-08-20,Comirnaty,10.8,15:53:50,2,8,182.8
2026-08-20,Comirnaty,6.19,15:54:20,2,8,0.0
2026-08-20,Comirnaty,15.26,15:54:50,2,8,182.82
2026-08-20,Comirnaty,15.94,15:55:20,2,8,182.83
2026-08-20,Comirnaty,11.61,15:55:50,2,8,182.85
2026-08-20,Comirnaty,3.07,15:56:20,2,8,0.0
2026-08-20,Comirnaty,15.45,15:56:50,2,8,182.87
2026-08-20,Comirnaty,9.7,15:57:20,2,8,182.88
2026-08-20,Comirnaty,17.43,15:57:50,2,8,182.89
2026-08-20,Comirnaty,17.33,15:58:20,2,8,182.9
2026-08-20,Comirnaty,7.99,15:58:50,2,8,0.0
2026-08-20,Comirnaty,3.98,15:59:20,2,8,0.0
2026-08-20,Comirnaty,2.37,15:59:50,2,8,0.0
2026-08-20,Comirnaty,16.71,16:00:20,2,8,182.94
2026-08-20,Comirnaty,4.16,16:00:50,2,8,0.0
2026-08-20,Comirnaty,12.16,16:01:20,2,8,182.96
2026-08-20,Comirnaty,5.75,16:01:50,2,8,0.0
2026-08-20,Comirnaty,2.82,16:02:20,2,8,0.0
2026-08-20,Comirnaty,15.75,16:02:50,2,8,183.0
2026-08-20,Comirnaty,2.25,16:03:20,2,8,0.0
2026-08-20,Comirnaty,11.91,16:03:50,2,8,183.02
2026-08-20,Comirnaty,14.51,16:04:20,2,8,183.03
2026-08-20,Comirnaty,14.18,16:04:50,2,8,183.04
2026-08-20,Comirnaty,14.69,16:05:20,2,8,183.05
2026-08-20,Comirnaty,3.22,16:05:50,2,8,0.0
2026-08-20,Comirnaty,11.67,16:06:20,2,8,183.07
2026-08-20,Comirnaty,6.62,16:06:50,2,8,0.0
2026-08-20,Comirnaty,14.04,16:07:20,2,8,183.09
2026-08-20,Comirnaty,10.11,16:07:50,2,8,183.1
2026-08-20,Comirnaty,14.07,16:08:20,2,8,183.12
2026-08-20,Comirnaty,14.79,16:08:50,2,8,183.13
2026-08-20,Comirnaty,13.14,16:09:20,2,8,183.14
2026-08-20,Comirnaty,6.32,16:09:50,2,8,0.0
2026-08-20,Comirnaty,9.75,16:10:20,2,8,183.16
2026-08-20,Comirnaty,10.93,16:10:50,2,8,183.17
2026-08-20,Comirnaty,12.7,16:11:20,2,8,183.18
2026-08-20,Comirnaty,10.14,16:11:50,2,8,183.19
2026-08-20,Comirnaty,12.57,16:12:20,2,8,183.2
2026-08-20,Comirnaty,3.79,16:12:50,2,8,0.0
2026-08-20,Comirnaty,6.37,16:13:20,2,8,0.0
2026-08-20,Comirnaty,16.83,16:13:50,2,8,183.23
2026-08-20,Comirnaty,5.12,16:14:20,2,8,0.0
2026-08-20,Comirnaty,2.89,16:14:50,2,8,0.0
2026-08-20,Comirnaty,11.73,16:15:20,2,8,183.27
2026-08-20,Comirnaty,5.04,16:15:50,2,8,0.0
2026-08-20,Comirnaty,2.92,16:16:20,2,8,0.0
2026-08-20,Comirnaty,5.59,16:16:50,2,8,0.0
2026-08-20,Comirnaty,3.16,16:17:20,2,8,0.0
2026-08-20,Comirnaty,13.67,16:17:50,2,8,183.32
2026-08-20,Comirnaty,11.47,16:18:20,2,8,183.33
2026-08-20,Comirnaty,5.21,16:18:50,2,8,0.0
2026-08-20,Comirnaty,10.56,16:19:20,2,8,183.35
2026-08-20,Comirnaty,16.8,16:19:50,2,8,183.37
2026-08-20,Comirnaty,7.81,16:20:20,2,8,0.0
2026-08-20,Comirnaty,13.17,16:20:50,2,8,183.39
2026-08-20,Comirnaty,15.27,16:21:20,2,8,183.4
2026-08-20,Comirnaty,4.27,16:21:50,2,8,0.0
2026-08-20,Comirnaty,10.86,16:22:20,2,8,183.42
2026-08-20,Comirnaty,14.4,16:22:50,2,8,183.43
2026-08-20,Comirnaty,4.46,16:23:20,2,8,0.0
2026-08-20,Comirnaty,13.1,16:23:50,2,8,183.45
2026-08-20,Comirnaty,6.94,16:24:20,2,8,0.0
2026-08-20,Comirnaty,13.75,16:24:50,2,8,183.47
2026-08-20,Comirnaty,3.07,16:25:20,2,8,0.0
2026-08-20,Comirnaty,17.17,16:25:50,2,8,183.5
2026-08-20,Comirnaty,3.05,16:26:20,2,8,0.0
2026-08-20,Comirnaty,15.43,16:26:50,2,8,183.52
2026-08-20,Comirnaty,4.39,16:27:20,2,8,0.0
2026-08-20,Comirnaty,10.9,16:27:50,2,8,183.54
2026-08-20,Comirnaty,16.18,16:28:20,2,8,183.55
2026-08-20,Comirnaty,12.81,16:28:50,2,8,183.56
2026-08-20,Comirnaty,12.76,16:29:20,2,8,183.57
2026-08-20,Comirnaty,15.85,16:29:50,2,8,183.58
2026-08-20,Comirnaty,4.35,16:30:20,2,8,0.0
2026-08-20,Comirnaty,11.43,16:30:50,2,8,183.6
2026-08-20,Comirnaty,5.26,16:31:20,2,8,0.0
2026-08-20,Comirnaty,2.39,16:31:50,2,8,0.0
2026-08-20,Comirnaty,7.25,16:32:20,2,8,0.0
2026-08-20,Comirnaty,2.1,16:32:50,2,8,0.0
2026-08-20,Comirnaty,4.55,16:33:20,2,8,0.0
2026-08-20,Comirnaty,3.64,16:33:50,2,8,0.0
2026-08-20,Comirnaty,6.24,16:34:20,2,8,0.0
2026-08-20,Comirnaty,7.21,16:34:50,2,8,0.0
2026-08-20,Comirnaty,17.74,16:35:20,2,8,183.7
2026-08-20,Comirnaty,4.84,16:35:50,2,8,0.0
2026-08-20,Comirnaty,2.95,16:36:20,2,8,0.0
2026-08-20,Comirnaty,11.02,16:36:50,2,8,183.73
2026-08-20,Comirnaty,13.64,16:37:20,2,8,183.74
2026-08-20,Comirnaty,10.11,16:37:50,2,8,183.75
2026-08-20,Comirnaty,11.42,16:38:20,2,8,183.77
2026-08-20,Comirnaty,10.03,16:38:50,2,8,183.78
2026-08-20,Comirnaty,2.5,16:39:20,2,8,0.0
2026-08-20,Comirnaty,12.21,16:39:50,2,8,183.8
2026-08-20,Comirnaty,13.11,16:40:20,2,8,183.81
2026-08-20,Comirnaty,13.43,16:40:50,2,8,183.82
2026-08-20,Comirnaty,16.27,16:41:20,2,8,183.83
2026-08-20,Comirnaty,15.52,16:41:50,2,8,183.84
2026-08-20,Comirnaty,12.06,16:42:20,2,8,183.85
2026-08-20,Comirnaty,15.15,16:42:50,2,8,183.86
2026-08-20,Comirnaty,11.66,16:43:20,2,8,183.87
2026-08-20,Comirnaty,2.38,16:43:50,2,8,0.0
2026-08-20,Comirnaty,6.74,16:44:20,2,8,0.0
2026-08-20,Comirnaty,14.74,16:44:50,2,8,183.91
2026-08-20,Comirnaty,15.72,16:45:20,2,8,183.92
2026-08-20,Comirnaty,12.9,16:45:50,2,8,183.93
2026-08-20,Comirnaty,10.7,16:46:20,2,8,183.94
2026-08-20,Comirnaty,14.35,16:46:50,2,8,183.95
2026-08-20,Comirnaty,6.52,16:47:20,2,8,0.0
2026-08-20,Comirnaty,4.93,16:47:50,2,8,0.0
2026-08-20,Comirnaty,16.51,16:48:20,2,8,183.98
2026-08-20,Comirnaty,7.39,16:48:50,2,8,0.0
2026-08-20,Comirnaty,10.82,16:49:20,2,8,184.0
2026-08-20,Comirnaty,4.46,16:49:50,2,8,0.0
2026-08-20,Comirnaty,12.22,16:50:20,2,8,184.03
2026-08-20,Comirnaty,7.32,16:50:50,2,8,0.0
2026-08-20,Comirnaty,4.3,16:51:20,2,8,0.0
2026-08-20,Comirnaty,16.9,16:51:50,2,8,184.06
2026-08-20,Comirnaty,15.91,16:52:20,2,8,184.07
2026-08-20,Comirnaty,6.55,16:52:50,2,8,0.0
2026-08-20,Comirnaty,2.28,16:53:20,2,8,0.0
2026-08-20,Comirnaty,10.84,16:53:50,2,8,184.1
2026-08-20,Comirnaty,17.36,16:54:20,2,8,184.11
2026-08-20,Comirnaty,3.85,16:54:50,2,8,0.0
2026-08-20,Comirnaty,11.12,16:55:20,2,8,184.13
2026-08-20,Comirnaty,5.01,16:55:50,2,8,0.0
2026-08-20,Comirnaty,16.98,16:56:20,2,8,184.16
2026-08-20,Comirnaty,13.87,16:56:50,2,8,184.17
2026-08-20,Comirnaty,7.45,16:57:20,2,8,0.0
2026-08-20,Comirnaty,9.06,16:57:50,2,8,184.19
2026-08-20,Comirnaty,15.97,16:58:20,2,8,184.2
2026-08-20,Comirnaty,3.28,16:58:50,2,8,0.0
2026-08-20,Comirnaty,14.3,16:59:20,2,8,184.22
2026-08-20,Comirnaty,5.43,16:59:50,2,8,0.0
2026-08-20,Comirnaty,4.73,17:00:20,2,8,0.0
2026-08-20,Comirnaty,16.8,17:00:50,2,8,184.25
2026-08-20,Comirnaty,6.69,17:01:20,2,8,0.0
2026-08-20,Comirnaty,3.25,17:01:50,2,8,0.0
2026-08-20,Comirnaty,6.9,17:02:20,2,8,0.0
2026-08-20,Comirnaty,2.31,17:02:50,2,8,0.0
2026-08-20,Comirnaty,15.75,17:03:20,2,8,184.31
2026-08-20,Comirnaty,6.1,17:03:50,2,8,0.0
2026-08-20,Comirnaty,2.48,17:04:20,2,8,0.0
2026-08-20,Comirnaty,17.58,17:04:50,2,8,184.34
2026-08-20,Comirnaty,2.4,17:05:20,2,8,0.0
2026-08-20,Comirnaty,17.89,17:05:50,2,8,184.36
2026-08-20,Comirnaty,7.03,17:06:20,2,8,0.0
2026-08-20,Comirnaty,7.49,17:06:50,2,8,0.0
2026-08-20,Comirnaty,15.35,17:07:20,2,8,184.39
2026-08-20,Comirnaty,10.65,17:07:50,2,8,184.41
2026-08-20,Comirnaty,5.07,17:08:20,2,8,0.0
2026-08-20,Comirnaty,7.67,17:08:50,2,8,0.0
2026-08-20,Comirnaty,14.37,17:09:20,2,8,184.44
2026-08-20,Comirnaty,17.3,17:09:50,2,8,184.45
2026-08-20,Comirnaty,9.05,17:10:20,2,8,184.46
2026-08-20,Comirnaty,5.73,17:10:50,2,8,0.0
2026-08-20,Comirnaty,16.67,17:11:20,2,8,184.48
2026-08-20,Comirnaty,4.99,17:11:50,2,8,0.0
2026-08-20,Comirnaty,13.14,17:12:20,2,8,184.5
2026-08-20,Comirnaty,4.92,17:12:50,2,8,0.0
2026-08-20,Comirnaty,3.7,17:13:20,2,8,0.0
2026-08-20,Comirnaty,12.4,17:13:50,2,8,184.53
2026-08-20,Comirnaty,4.27,17:14:20,2,8,0.0
2026-08-20,Comirnaty,2.91,17:14:50,2,8,0.0
2026-08-20,Comirnaty,14.43,17:15:20,2,8,184.57
2026-08-20,Comirnaty,5.7,17:15:50,2,8,0.0
2026-08-20,Comirnaty,14.31,17:16:20,2,8,184.59
2026-08-20,Comirnaty,16.3,17:16:50,2,8,184.6
2026-08-20,Comirnaty,5.31,17:17:20,2,8,0.0
2026-08-20,Comirnaty,11.79,17:17:50,2,8,184.62
2026-08-20,Comirnaty,17.96,17:18:20,2,8,184.63
2026-08-20,Comirnaty,3.5,17:18:50,2,8,0.0
2026-08-20,Comirnaty,14.56,17:19:20,2,8,184.65
2026-08-20,Comirnaty,16.56,17:19:50,2,8,184.67
2026-08-20,Comirnaty,13.62,17:20:20,2,8,184.68
2026-08-20,Comirnaty,9.09,17:20:50,2,8,184.69
2026-08-20,Comirnaty,13.69,17:21:20,2,8,184.7
2026-08-20,Comirnaty,14.27,17:21:50,2,8,184.71
2026-08-20,Comirnaty,3.41,17:22:20,2,8,0.0
2026-08-20,Comirnaty,2.59,17:22:50,2,8,0.0
2026-08-20,Comirnaty,2.25,17:23:20,2,8,0.0
2026-08-20,Comirnaty,2.3,17:23:50,2,8,0.0
2026-08-20,Comirnaty,14.94,17:24:20,2,8,184.76
2026-08-20,Comirnaty,16.43,17:24:50,2,8,184.77
2026-08-20,Comirnaty,11.84,17:25:20,2,8,184.78
2026-08-20,Comirnaty,13.15,17:25:50,2,8,184.8
2026-08-20,Comirnaty,15.73,17:26:20,2,8,184.81
2026-08-20,Comirnaty,11.08,17:26:50,2,8,184.82
2026-08-20,Comirnaty,12.19,17:27:20,2,8,184.83
2026-08-20,Comirnaty,11.66,17:27:50,2,8,184.84
2026-08-20,Comirnaty,9.13,17:28:20,2,8,184.85
2026-08-20,Comirnaty,15.02,17:28:50,2,8,184.86
2026-08-20,Comirnaty,13.23,17:29:20,2,8,184.87
2026-08-20,Comirnaty,5.66,17:29:50,2,8,0.0
2026-08-20,Comirnaty,10.03,17:30:20,2,8,184.89
2026-08-20,Comirnaty,17.27,17:30:50,2,8,184.9
2026-08-20,Comirnaty,2.49,17:31:20,2,8,0.0
2026-08-20,Comirnaty,5.71,17:31:50,2,8,0.0
2026-08-20,Comirnaty,4.31,17:32:20,2,8,0.0
2026-08-20,Comirnaty,13.28,17:32:50,2,8,184.95
2026-08-20,Comirnaty,13.2,17:33:20,2,8,184.96
2026-08-20,Comirnaty,16.51,17:33:50,2,8,184.97
2026-08-20,Comirnaty,13.37,17:34:20,2,8,184.98
2026-08-20,Comirnaty,3.46,17:34:50,2,8,0.0
2026-08-20,Comirnaty,4.24,17:35:20,2,8,0.0
2026-08-20,Comirnaty,11.2,17:35:50,2,8,185.01
2026-08-20,Comirnaty,13.0,17:36:20,2,8,185.02
2026-08-20,Comirnaty,11.14,17:36:50,2,8,185.03
2026-08-20,Comirnaty,15.23,17:37:20,2,8,185.04
2026-08-20,Comirnaty,4.47,17:37:50,2,8,0.0
2026-08-20,Comirnaty,7.63,17:38:20,2,8,0.0
2026-08-20,Comirnaty,6.78,17:38:50,2,8,0.0
2026-08-20,Comirnaty,10.7,17:39:20,2,8,185.09
2026-08-20,Comirnaty,10.07,17:39:50,2,8,185.1
2026-08-20,Comirnaty,12.64,17:40:20,2,8,185.11
2026-08-20,Comirnaty,9.58,17:40:50,2,8,185.12
2026-08-20,Comirnaty,7.28,17:41:20,2,8,0.0
2026-08-20,Comirnaty,17.17,17:41:50,2,8,185.14
2026-08-20,Comirnaty,7.4,17:42:20,2,8,0.0
2026-08-20,Comirnaty,17.42,17:42:50,2,8,185.16
2026-08-20,Comirnaty,7.06,17:43:20,2,8,0.0
2026-08-20,Comirnaty,12.62,17:43:50,2,8,185.19
2026-08-20,Comirnaty,3.44,17:44:20,2,8,0.0
2026-08-20,Comirnaty,16.31,17:44:50,2,8,185.21
2026-08-20,Comirnaty,7.67,17:45:20,2,8,0.0
2026-08-20,Comirnaty,14.49,17:45:50,2,8,185.23
2026-08-20,Comirnaty,12.66,17:46:20,2,8,185.24
2026-08-20,Comirnaty,3.69,17:46:50,2,8,0.0
2026-08-20,Comirnaty,10.25,17:47:20,2,8,185.26
2026-08-20,Comirnaty,2.45,17:47:50,2,8,0.0
2026-08-20,Comirnaty,15.18,17:48:20,2,8,185.28
2026-08-20,Comirnaty,4.81,17:48:50,2,8,0.0
2026-08-20,Comirnaty,13.55,17:49:20,2,8,185.3
2026-08-20,Comirnaty,6.62,17:49:50,2,8,0.0
2026-08-20,Comirnaty,12.13,17:50:20,2,8,185.33
2026-08-20,Comirnaty,11.84,17:50:50,2,8,185.34
2026-08-20,Comirnaty,2.39,17:51:20,2,8,0.0
2026-08-20,Comirnaty,10.64,17:51:50,2,8,185.36
2026-08-20,Comirnaty,10.42,17:52:20,2,8,185.37
2026-08-20,Comirnaty,5.97,17:52:50,2,8,0.0
2026-08-20,Comirnaty,16.96,17:53:20,2,8,185.39
2026-08-20,Comirnaty,6.7,17:53:50,2,8,0.0
2026-08-20,Comirnaty,6.95,17:54:20,2,8,0.0
2026-08-20,Comirnaty,14.68,17:54:50,2,8,185.42
2026-08-20,Comirnaty,9.31,17:55:20,2,8,185.43
2026-08-20,Comirnaty,6.49,17:55:50,2,8,0.0
2026-08-20,Comirnaty,6.59,17:56:20,2,8,0.0
2026-08-20,Comirnaty,13.32,17:56:50,2,8,185.47
2026-08-20,Comirnaty,14.85,17:57:20,2,8,185.48
2026-08-20,Comirnaty,14.75,17:57:50,2,8,185.49
2026-08-20,Comirnaty,7.91,17:58:20,2,8,0.0
2026-08-20,Comirnaty,6.71,17:58:50,2,8,0.0
2026-08-20,Comirnaty,15.78,17:59:20,2,8,185.52
2026-08-20,Comirnaty,2.86,17:59:50,2,8,0.0
2026-08-20,Comirnaty,14.43,18:00:20,2,8,185.54
2026-08-20,Comirnaty,7.28,18:00:50,2,8,0.0
2026-08-20,Comirnaty,2.89,18:01:20,2,8,0.0
2026-08-20,Comirnaty,5.54,18:01:50,2,8,0.0
2026-08-20,Comirnaty,12.8,18:02:20,2,8,185.59
2026-08-20,Comirnaty,10.9,18:02:50,2,8,185.6
2026-08-20,Comirnaty,5.4,18:03:20,2,8,0.0
2026-08-20,Comirnaty,9.85,18:03:50,2,8,185.62
2026-08-20,Comirnaty,3.4,18:04:20,2,8,0.0
2026-08-20,Comirnaty,3.47,18:04:50,2,8,0.0
2026-08-20,Comirnaty,17.21,18:05:20,2,8,185.65
2026-08-20,Comirnaty,11.65,18:05:50,2,8,185.66
2026-08-20,Comirnaty,10.01,18:06:20,2,8,185.67
2026-08-20,Comirnaty,17.32,18:06:50,2,8,185.68
2026-08-20,Comirnaty,15.43,18:07:20,2,8,185.69
2026-08-20,Comirnaty,13.71,18:07:50,2,8,185.71
2026-08-20,Comirnaty,16.18,18:08:20,2,8,185.72
2026-08-20,Comirnaty,15.36,18:08:50,2,8,185.73
2026-08-20,Comirnaty,11.15,18:09:20,2,8,185.74
2026-08-20,Comirnaty,5.15,18:09:50,2,8,0.0
2026-08-20,Comirnaty,15.71,18:10:20,2,8,185.76
2026-08-20,Comirnaty,6.29,18:10:50,2,8,0.0
2026-08-20,Comirnaty,7.26,18:11:20,2,8,0.0
2026-08-20,Comirnaty,7.86,18:11:50,2,8,0.0
2026-08-20,Comirnaty,2.44,18:12:20,2,8,0.0
2026-08-20,Comirnaty,12.09,18:12:50,2,8,185.81
2026-08-20,Comirnaty,3.51,18:13:20,2,8,0.0
2026-08-20,Comirnaty,16.54,18:13:50,2,8,185.83
2026-08-20,Comirnaty,2.31,18:14:20,2,8,0.0
2026-08-20,Comirnaty,4.81,18:14:50,2,8,0.0
2026-08-20,Comirnaty,11.54,18:15:20,2,8,185.87
2026-08-20,Comirnaty,14.18,18:15:50,2,8,185.88
2026-08-20,Comirnaty,5.97,18:16:20,2,8,0.0
2026-08-20,Comirnaty,17.86,18:16:50,2,8,185.9
2026-08-20,Comirnaty,6.85,18:17:20,2,8,0.0
2026-08-20,Comirnaty,4.85,18:17:50,2,8,0.0
2026-08-20,Comirnaty,12.41,18:18:20,2,8,185.93
2026-08-20,Comirnaty,7.73,18:18:50,2,8,0.0
2026-08-20,Comirnaty,9.62,18:19:20,2,8,185.95
2026-08-20,Comirnaty,6.64,18:19:50,2,8,0.0
2026-08-20,Comirnaty,5.15,18:20:20,2,8,0.0
2026-08-20,Comirnaty,13.02,18:20:50,2,8,185.99
2026-08-20,Comirnaty,16.29,18:21:20,2,8,186.0
2026-08-20,Comirnaty,3.48,18:21:50,2,8,0.0
2026-08-20,Comirnaty,10.52,18:22:20,2,8,186.02
2026-08-20,Comirnaty,7.37,18:22:50,2,8,0.0
2026-08-20,Comirnaty,12.74,18:23:20,2,8,186.04
2026-08-20,Comirnaty,2.56,18:23:50,2,8,0.0
2026-08-20,Comirnaty,15.53,18:24:20,2,8,186.06
2026-08-20,Comirnaty,11.81,18:24:50,2,8,186.07
2026-08-20,Comirnaty,14.03,18:25:20,2,8,186.08
2026-08-20,Comirnaty,6.45,18:25:50,2,8,0.0
2026-08-20,Comirnaty,12.88,18:26:20,2,8,186.11
2026-08-20,Comirnaty,9.1,18:26:50,2,8,186.12
2026-08-20,Comirnaty,18.0,18:27:20,2,8,186.13
2026-08-20,Comirnaty,9.01,18:27:50,2,8,186.14
2026-08-20,Comirnaty,3.7,18:28:20,2,8,0.0
2026-08-20,Comirnaty,2.07,18:28:50,2,8,0.0
2026-08-20,Comirnaty,3.58,18:29:20,2,8,0.0
2026-08-20,Comirnaty,13.21,18:29:50,2,8,186.18
2026-08-20,Comirnaty,15.31,18:30:20,2,8,186.19
2026-08-20,Comirnaty,15.53,18:30:50,2,8,186.2
2026-08-20,Comirnaty,4.62,18:31:20,2,8,0.0
2026-08-20,Comirnaty,10.83,18:31:50,2,8,186.22
2026-08-20,Comirnaty,17.73,18:32:20,2,8,186.24
2026-08-20,Comirnaty,13.15,18:32:50,2,8,186.25
2026-08-20,Comirnaty,9.37,18:33:20,2,8,186.26
2026-08-20,Comirnaty,12.17,18:33:50,2,8,186.27
2026-08-20,Comirnaty,13.21,18:34:20,2,8,186.28
2026-08-20,Comirnaty,14.49,18:34:50,2,8,186.29
2026-08-20,Comirnaty,13.32,18:35:20,2,8,186.3
2026-08-20,Comirnaty,15.38,18:35:50,2,8,186.31
2026-08-20,Comirnaty,10.41,18:36:20,2,8,186.32
2026-08-20,Comirnaty,17.8,18:36:50,2,8,186.33
2026-08-20,Comirnaty,3.23,18:37:20,2,8,0.0
2026-08-20,Comirnaty,2.57,18:37:50,2,8,0.0
2026-08-20,Comirnaty,7.84,18:38:20,2,8,0.0
2026-08-20,Comirnaty,15.49,18:38:50,2,8,186.38
2026-08-20,Comirnaty,6.48,18:39:20,2,8,0.0
2026-08-20,Comirnaty,10.1,18:39:50,2,8,186.4
2026-08-20,Comirnaty,14.27,18:40:20,2,8,186.41
2026-08-20,Comirnaty,7.93,18:40:50,2,8,0.0
2026-08-20,Comirnaty,6.21,18:41:20,2,8,0.0
2026-08-20,Comirnaty,13.04,18:41:50,2,8,186.44
2026-08-20,Comirnaty,13.78,18:42:20,2,8,186.45
2026-08-20,Comirnaty,15.84,18:42:50,2,8,186.46
2026-08-20,Comirnaty,5.26,18:43:20,2,8,0.0
2026-08-20,Comirnaty,13.84,18:43:50,2,8,186.48
2026-08-20,Comirnaty,3.66,18:44:20,2,8,0.0
2026-08-20,Comirnaty,5.92,18:44:50,2,8,0.0
2026-08-20,Comirnaty,6.97,18:45:20,2,8,0.0
2026-08-20,Comirnaty,2.79,18:45:50,2,8,0.0
2026-08-20,Comirnaty,16.01,18:46:20,2,8,186.54
2026-08-20,Comirnaty,11.24,18:46:50,2,8,186.55
2026-08-20,Comirnaty,13.72,18:47:20,2,8,186.56
2026-08-20,Comirnaty,17.63,18:47:50,2,8,186.57
2026-08-20,Comirnaty,13.03,18:48:20,2,8,186.58
2026-08-20,Comirnaty,9.13,18:48:50,2,8,186.59
2026-08-20,Comirnaty,16.59,18:49:20,2,8,186.6
2026-08-20,Comirnaty,2.24,18:49:50,2,8,0.0
2026-08-20,Comirnaty,15.82,18:50:20,2,8,186.63
2026-08-20,Comirnaty,10.71,18:50:50,2,8,186.64
2026-08-20,Comirnaty,3.36,18:51:20,2,8,0.0
2026-08-20,Comirnaty,15.96,18:51:50,2,8,186.66
2026-08-20,Comirnaty,5.44,18:52:20,2,8,0.0
2026-08-20,Comirnaty,15.58,18:52:50,2,8,186.68
2026-08-20,Comirnaty,14.24,18:53:20,2,8,186.69
2026-08-20,Comirnaty,9.09,18:53:50,2,8,186.7
2026-08-20,Comirnaty,4.1,18:54:20,2,8,0.0
2026-08-20,Comirnaty,14.63,18:54:50,2,8,186.72
2026-08-20,Comirnaty,11.05,18:55:20,2,8,186.73
2026-08-20,Comirnaty,15.98,18:55:50,2,8,186.75
2026-08-20,Comirnaty,4.79,18:56:20,2,8,0.0
2026-08-20,Comirnaty,15.91,18:56:50,2,8,186.77
2026-08-20,Comirnaty,2.92,18:57:20,2,8,0.0
2026-08-20,Comirnaty,2.19,18:57:50,2,8,0.0
2026-08-20,Comirnaty,4.39,18:58:20,2,8,0.0
2026-08-20,Comirnaty,3.4,18:58:50,2,8,0.0
2026-08-20,Comirnaty,13.85,18:59:20,2,8,186.82
2026-08-20,Comirnaty,11.53,18:59:50,2,8,186.83
2026-08-20,Comirnaty,2.92,19:00:20,2,8,0.0
2026-08-20,Comirnaty,3.19,19:00:50,2,8,0.0
2026-08-20,Comirnaty,10.32,19:01:20,2,8,186.86
2026-08-20,Comirnaty,10.62,19:01:50,2,8,186.88
2026-08-20,Comirnaty,10.79,19:02:20,2,8,186.89
2026-08-20,Comirnaty,14.99,19:02:50,2,8,186.9
2026-08-20,Comirnaty,6.41,19:03:20,2,8,0.0
2026-08-20,Comirnaty,2.63,19:03:50,2,8,0.0
2026-08-20,Comirnaty,6.91,19:04:20,2,8,0.0
2026-08-20,Comirnaty,7.38,19:04:50,2,8,0.0
2026-08-20,Comirnaty,5.64,19:05:20,2,8,0.0
2026-08-20,Comirnaty,12.11,19:05:50,2,8,186.96
2026-08-20,Comirnaty,17.58,19:06:20,2,8,186.97
2026-08-20,Comirnaty,17.41,19:06:50,2,8,186.98
2026-08-20,Comirnaty,9.71,19:07:20,2,8,186.99
2026-08-20,Comirnaty,16.09,19:07:50,2,8,187.0
2026-08-20,Comirnaty,7.23,19:08:20,2,8,0.0
2026-08-20,Comirnaty,3.49,19:08:50,2,8,0.0
2026-08-20,Comirnaty,12.49,19:09:20,2,8,187.04
2026-08-20,Comirnaty,7.7,19:09:50,2,8,0.0
2026-08-20,Comirnaty,12.75,19:10:20,2,8,187.06
2026-08-20,Comirnaty,17.57,19:10:50,2,8,187.07
2026-08-20,Comirnaty,2.95,19:11:20,2,8,0.0
2026-08-20,Comirnaty,10.17,19:11:50,2,8,187.09
2026-08-20,Comirnaty,17.35,19:12:20,2,8,187.1
2026-08-20,Comirnaty,2.77,19:12:50,2,8,0.0
2026-08-20,Comirnaty,2.9,19:13:20,2,8,0.0
2026-08-20,Comirnaty,10.6,19:13:50,2,8,187.13
2026-08-20,Comirnaty,12.93,19:14:20,2,8,187.15
2026-08-20,Comirnaty,14.08,19:14:50,2,8,187.16
2026-08-20,Comirnaty,7.98,19:15:20,2,8,0.0
2026-08-20,Comirnaty,5.77,19:15:50,2,8,0.0
2026-08-20,Comirnaty,2.5,19:16:20,2,8,0.0
2026-08-20,Comirnaty,13.21,19:16:50,2,8,187.2
2026-08-20,Comirnaty,3.38,19:17:20,2,8,0.0
2026-08-20,Comirnaty,12.63,19:17:50,2,8,187.22
2026-08-20,Comirnaty,16.67,19:18:20,2,8,187.23
2026-08-20,Comirnaty,12.02,19:18:50,2,8,187.24
2026-08-20,Comirnaty,10.89,19:19:20,2,8,187.25
2026-08-20,Comirnaty,13.33,19:19:50,2,8,187.27
2026-08-20,Comirnaty,9.91,19:20:20,2,8,187.28
2026-08-20,Comirnaty,3.02,19:20:50,2,8,0.0
2026-08-20,Comirnaty,15.65,19:21:20,2,8,187.3
2026-08-20,Comirnaty,11.14,19:21:50,2,8,187.31
2026-08-20,Comirnaty,5.25,19:22:20,2,8,0.0
2026-08-20,Comirnaty,16.1,19:22:50,2,8,187.33
2026-08-20,Comirnaty,14.94,19:23:20,2,8,187.34
2026-08-20,Comirnaty,9.68,19:23:50,2,8,187.35
2026-08-20,Comirnaty,2.74,19:24:20,2,8,0.0
2026-08-20,Comirnaty,14.42,19:24:50,2,8,187.37
2026-08-20,Comirnaty,17.41,19:25:20,2,8,187.38
2026-08-20,Comirnaty,11.25,19:25:50,2,8,187.4
2026-08-20,Comirnaty,2.76,19:26:20,2,8,0.0
2026-08-20,Comirnaty,3.93,19:26:50,2,8,0.0
2026-08-20,Comirnaty,17.06,19:27:20,2,8,187.43
2026-08-20,Comirnaty,14.44,19:27:50,2,8,187.44
2026-08-20,Comirnaty,12.49,19:28:20,2,8,187.45
2026-08-20,Comirnaty,15.22,19:28:50,2,8,187.46
2026-08-20,Comirnaty,10.15,19:29:20,2,8,187.47
2026-08-20,Comirnaty,13.62,19:29:50,2,8,187.48
2026-08-20,Comirnaty,16.78,19:30:20,2,8,187.49
2026-08-20,Comirnaty,14.87,19:30:50,2,8,187.5
2026-08-20,Comirnaty,11.14,19:31:20,2,8,187.51
2026-08-20,Comirnaty,14.39,19:31:50,2,8,187.53
2026-08-20,Comirnaty,5.59,19:32:20,2,8,0.0
2026-08-20,Comirnaty,12.13,19:32:50,2,8,187.55
2026-08-20,Comirnaty,2.92,19:33:20,2,8,0.0
2026-08-20,Comirnaty,7.05,19:33:50,2,8,0.0
2026-08-20,Comirnaty,14.77,19:34:20,2,8,187.58
2026-08-20,Comirnaty,10.63,19:34:50,2,8,187.59
2026-08-20,Comirnaty,3.53,19:35:20,2,8,0.0
2026-08-20,Comirnaty,6.85,19:35:50,2,8,0.0
2026-08-20,Comirnaty,16.52,19:36:20,2,8,187.62
2026-08-20,Comirnaty,3.28,19:36:50,2,8,0.0
2026-08-20,Comirnaty,14.22,19:37:20,2,8,187.64
2026-08-20,Comirnaty,15.16,19:37:50,2,8,187.66
2026-08-20,Comirnaty,5.62,19:38:20,2,8,0.0
2026-08-20,Comirnaty,11.08,19:38:50,2,8,187.68
2026-08-20,Comirnaty,5.31,19:39:20,2,8,0.0
2026-08-20,Comirnaty,7.67,19:39:50,2,8,0.0
2026-08-20,Comirnaty,6.41,19:40:20,2,8,0.0
2026-08-20,Comirnaty,14.47,19:40:50,2,8,187.72
2026-08-20,Comirnaty,14.13,19:41:20,2,8,187.73
2026-08-20,Comirnaty,16.62,19:41:50,2,8,187.74
2026-08-20,Comirnaty,7.58,19:42:20,2,8,0.0
2026-08-20,Comirnaty,3.03,19:42:50,2,8,0.0
2026-08-20,Comirnaty,11.36,19:43:20,2,8,187.77
2026-08-20,Comirnaty,16.18,19:43:50,2,8,187.78
2026-08-20,Comirnaty,4.95,19:44:20,2,8,0.0
2026-08-20,Comirnaty,9.06,19:44:50,2,8,187.81
2026-08-20,Comirnaty,6.51,19:45:20,2,8,0.0
2026-08-20,Comirnaty,17.39,19:45:50,2,8,187.83
2026-08-20,Comirnaty,17.93,19:46:20,2,8,187.84
2026-08-20,Comirnaty,11.95,19:46:50,2,8,187.85
2026-08-20,Comirnaty,7.25,19:47:20,2,8,0.0
2026-08-20,Comirnaty,2.98,19:47:50,2,8,0.0
2026-08-20,Comirnaty,5.84,19:48:20,2,8,0.0
2026-08-20,Comirnaty,10.7,19:48:50,2,8,187.89
2026-08-20,Comirnaty,11.93,19:49:20,2,8,187.9
2026-08-20,Comirnaty,9.35,19:49:50,2,8,187.92
2026-08-20,Comirnaty,16.81,19:50:20,2,8,187.93
2026-08-20,Comirnaty,2.91,19:50:50,2,8,0.0
2026-08-20,Comirnaty,4.89,19:51:20,2,8,0.0
2026-08-20,Comirnaty,17.6,19:51:50,2,8,187.96
2026-08-20,Comirnaty,12.41,19:52:20,2,8,187.97
2026-08-20,Comirnaty,6.06,19:52:50,2,8,0.0
2026-08-20,Comirnaty,16.53,19:53:20,2,8,187.99
2026-08-20,Comirnaty,13.15,19:53:50,2,8,188.0
2026-08-20,Comirnaty,13.16,19:54:20,2,8,188.01
2026-08-20,Comirnaty,15.54,19:54:50,2,8,188.02
2026-08-20,Comirnaty,10.29,19:55:20,2,8,188.03
2026-08-20,Comirnaty,11.01,19:55:50,2,8,188.05
2026-08-20,Comirnaty,4.82,19:56:20,2,8,0.0
2026-08-20,Comirnaty,4.89,19:56:50,2,8,0.0
2026-08-20,Comirnaty,5.35,19:57:20,2,8,0.0
2026-08-20,Comirnaty,6.73,19:57:50,2,8,0.0
2026-08-20,Comirnaty,12.25,19:58:20,2,8,188.1
2026-08-20,Comirnaty,17.05,19:58:50,2,8,188.11
2026-08-20,Comirnaty,5.52,19:59:20,2,8,0.0
2026-08-20,Comirnaty,10.8,19:59:50,2,8,188.13
2026-08-20,Comirnaty,11.51,20:00:20,2,8,188.14
2026-08-20,Comirnaty,12.83,20:00:50,2,8,188.15
2026-08-20,Comirnaty,12.17,20:01:20,2,8,188.16
2026-08-20,Comirnaty,15.71,20:01:50,2,8,188.18
2026-08-20,Comirnaty,13.66,20:02:20,2,8,188.19
2026-08-20,Comirnaty,2.82,20:02:50,2,8,0.0
2026-08-20,Comirnaty,13.1,20:03:20,2,8,188.21
2026-08-20,Comirnaty,12.34,20:03:50,2,8,188.22
2026-08-20,Comirnaty,6.75,20:04:20,2,8,0.0
2026-08-20,Comirnaty,2.02,20:04:50,2,8,0.0
2026-08-20,Comirnaty,12.7,20:05:20,2,8,188.25
2026-08-20,Comirnaty,2.24,20:05:50,2,8,0.0
2026-08-20,Comirnaty,10.73,20:06:20,2,8,188.27
2026-08-20,Comirnaty,17.08,20:06:50,2,8,188.28
2026-08-20,Comirnaty,13.31,20:07:20,2,8,188.29
2026-08-20,Comirnaty,4.44,20:07:50,2,8,0.0
2026-08-20,Comirnaty,11.38,20:08:20,2,8,188.32
2026-08-20,Comirnaty,2.66,20:08:50,2,8,0.0
2026-08-20,Comirnaty,6.74,20:09:20,2,8,0.0
2026-08-20,Comirnaty,6.23,20:09:50,2,8,0.0
2026-08-20,Comirnaty,7.17,20:10:20,2,8,0.0
2026-08-20,Comirnaty,3.03,20:10:50,2,8,0.0
2026-08-20,Comirnaty,4.42,20:11:20,2,8,0.0
2026-08-20,Comirnaty,10.32,20:11:50,2,8,188.39
2026-08-20,Comirnaty,7.5,20:12:20,2,8,0.0
2026-08-20,Comirnaty,12.28,20:12:50,2,8,188.41
2026-08-20,Comirnaty,6.52,20:13:20,2,8,0.0
2026-08-20,Comirnaty,4.81,20:13:50,2,8,0.0
2026-08-20,Comirnaty,10.72,20:14:20,2,8,188.45
2026-08-20,Comirnaty,5.03,20:14:50,2,8,0.0
2026-08-20,Comirnaty,12.41,20:15:20,2,8,188.47
2026-08-20,Comirnaty,6.29,20:15:50,2,8,0.0
2026-08-20,Comirnaty,4.0,20:16:20,2,8,0.0
2026-08-20,Comirnaty,12.42,20:16:50,2,8,188.5
2026-08-20,Comirnaty,11.85,20:17:20,2,8,188.51
2026-08-20,Comirnaty,5.4,20:17:50,2,8,0.0
2026-08-20,Comirnaty,10.27,20:18:20,2,8,188.53
2026-08-20,Comirnaty,10.97,20:18:50,2,8,188.54
2026-08-20,Comirnaty,7.92,20:19:20,2,8,0.0
2026-08-20,Comirnaty,6.81,20:19:50,2,8,0.0
2026-08-20,Comirnaty,11.04,20:20:20,2,8,188.58
2026-08-20,Comirnaty,7.13,20:20:50,2,8,0.0
2026-08-20,Comirnaty,14.21,20:21:20,2,8,188.6
2026-08-20,Comirnaty,17.16,20:21:50,2,8,188.61
2026-08-20,Comirnaty,16.24,20:22:20,2,8,188.62
2026-08-20,Comirnaty,6.55,20:22:50,2,8,0.0
2026-08-20,Comirnaty,3.98,20:23:20,2,8,0.0
2026-08-20,Comirnaty,11.23,20:23:50,2,8,188.65
2026-08-20,Comirnaty,14.82,20:24:20,2,8,188.66
2026-08-20,Comirnaty,9.7,20:24:50,2,8,188.67
2026-08-20,Comirnaty,7.11,20:25:20,2,8,0.0
2026-08-20,Comirnaty,12.06,20:25:50,2,8,188.7
2026-08-20,Comirnaty,3.86,20:26:20,2,8,0.0
2026-08-20,Comirnaty,9.69,20:26:50,2,8,188.72
2026-08-20,Comirnaty,3.52,20:27:20,2,8,0.0
2026-08-20,Comirnaty,5.05,20:27:50,2,8,0.0
2026-08-20,Comirnaty,13.2,20:28:20,2,8,188.75
2026-08-20,Comirnaty,15.98,20:28:50,2,8,188.76
2026-08-20,Comirnaty,7.28,20:29:20,2,8,0.0
2026-08-20,Comirnaty,13.67,20:29:50,2,8,188.78
2026-08-20,Comirnaty,2.83,20:30:20,2,8,0.0
2026-08-20,Comirnaty,11.68,20:30:50,2,8,188.8
2026-08-20,Comirnaty,4.53,20:31:20,2,8,0.0
2026-08-20,Comirnaty,2.7,20:31:50,2,8,0.0
2026-08-20,Comirnaty,13.05,20:32:20,2,8,188.84
2026-08-20,Comirnaty,15.86,20:32:50,2,8,188.85
2026-08-20,Comirnaty,6.68,20:33:20,2,8,0.0
2026-08-20,Comirnaty,12.95,20:33:50,2,8,188.87
2026-08-20,Comirnaty,4.86,20:34:20,2,8,0.0
2026-08-20,Comirnaty,13.59,20:34:50,2,8,188.89
2026-08-20,Comirnaty,2.39,20:35:20,2,8,0.0
2026-08-20,Comirnaty,5.85,20:35:50,2,8,0.0
2026-08-20,Comirnaty,6.5,20:36:20,2,8,0.0
2026-08-20,Comirnaty,13.21,20:36:50,2,8,188.93
2026-08-20,Comirnaty,12.91,20:37:20,2,8,188.94
2026-08-20,Comirnaty,15.11,20:37:50,2,8,188.96
2026-08-20,Comirnaty,17.2,20:38:20,2,8,188.97
2026-08-20,Comirnaty,2.05,20:38:50,2,8,0.0
2026-08-20,Comirnaty,5.6,20:39:20,2,8,0.0
2026-08-20,Comirnaty,6.96,20:39:50,2,8,0.0
2026-08-20,Comirnaty,15.06,20:40:20,2,8,189.01
2026-08-20,Comirnaty,14.73,20:40:50,2,8,189.02
2026-08-20,Comirnaty,4.46,20:41:20,2,8,0.0
2026-08-20,Comirnaty,2.94,20:41:50,2,8,0.0
2026-08-20,Comirnaty,7.33,20:42:20,2,8,0.0
2026-08-20,Comirnaty,5.82,20:42:50,2,8,0.0
2026-08-20,Comirnaty,6.51,20:43:20,2,8,0.0
2026-08-20,Comirnaty,4.42,20:43:50,2,8,0.0
2026-08-20,Comirnaty,13.51,20:44:20,2,8,189.1
2026-08-20,Comirnaty,3.46,20:44:50,2,8,0.0
2026-08-20,Comirnaty,7.95,20:45:20,2,8,0.0
2026-08-20,Comirnaty,16.65,20:45:50,2,8,189.13
2026-08-20,Comirnaty,14.56,20:46:20,2,8,189.14
2026-08-20,Comirnaty,13.78,20:46:50,2,8,189.15
2026-08-20,Comirnaty,3.62,20:47:20,2,8,0.0
2026-08-20,Comirnaty,4.93,20:47:50,2,8,0.0
2026-08-20,Comirnaty,7.49,20:48:20,2,8,0.0
2026-08-20,Comirnaty,5.8,20:48:50,2,8,0.0
2026-08-20,Comirnaty,17.0,20:49:20,2,8,189.2
2026-08-20,Comirnaty,12.64,20:49:50,2,8,189.22
2026-08-20,Comirnaty,13.07,20:50:20,2,8,189.23
2026-08-20,Comirnaty,4.9,20:50:50,2,8,0.0
2026-08-20,Comirnaty,13.55,20:51:20,2,8,189.25
2026-08-20,Comirnaty,2.56,20:51:50,2,8,0.0
2026-08-20,Comirnaty,15.08,20:52:20,2,8,189.27
2026-08-20,Comirnaty,11.46,20:52:50,2,8,189.28
2026-08-20,Comirnaty,14.27,20:53:20,2,8,189.29
2026-08-20,Comirnaty,12.6,20:53:50,2,8,189.3
2026-08-20,Comirnaty,7.85,20:54:20,2,8,0.0
2026-08-20,Comirnaty,16.19,20:54:50,2,8,189.32
2026-08-20,Comirnaty,5.97,20:55:20,2,8,0.0
2026-08-20,Comirnaty,6.47,20:55:50,2,8,0.0
2026-08-20,Comirnaty,6.14,20:56:20,2,8,0.0
2026-08-20,Comirnaty,16.98,20:56:50,2,8,189.37
2026-08-20,Comirnaty,9.44,20:57:20,2,8,189.38
2026-08-20,Comirnaty,2.82,20:57:50,2,8,0.0
2026-08-20,Comirnaty,17.22,20:58:20,2,8,189.4
2026-08-20,Comirnaty,13.38,20:58:50,2,8,189.41
2026-08-20,Comirnaty,3.57,20:59:20,2,8,0.0
2026-08-20,Comirnaty,4.9,20:59:50,2,8,0.0
2026-08-20,Comirnaty,3.65,21:00:20,2,8,0.0
2026-08-20,Comirnaty,5.06,21:00:50,2,8,0.0
2026-08-20,Comirnaty,16.58,21:01:20,2,8,189.46
2026-08-20,Comirnaty,11.54,21:01:50,2,8,189.47
2026-08-20,Comirnaty,3.97,21:02:20,2,8,0.0
2026-08-20,Comirnaty,13.34,21:02:50,2,8,189.5
2026-08-20,Comirnaty,2.6,21:03:20,2,8,0.0
2026-08-20,Comirnaty,9.74,21:03:50,2,8,189.52
2026-08-20,Comirnaty,11.14,21:04:20,2,8,189.53
2026-08-20,Comirnaty,6.42,21:04:50,2,8,0.0
2026-08-20,Comirnaty,11.39,21:05:20,2,8,189.55
2026-08-20,Comirnaty,3.45,21:05:50,2,8,0.0
2026-08-20,Comirnaty,7.92,21:06:20,2,8,0.0
2026-08-20,Comirnaty,17.7,21:06:50,2,8,189.58
2026-08-20,Comirnaty,16.95,21:07:20,2,8,189.59
2026-08-20,Comirnaty,14.9,21:07:50,2,8,189.6
2026-08-20,Comirnaty,9.65,21:08:20,2,8,189.62
2026-08-20,Comirnaty,4.97,21:08:50,2,8,0.0
2026-08-20,Comirnaty,6.04,21:09:20,2,8,0.0
2026-08-20,Comirnaty,9.04,21:09:50,2,8,189.65
2026-08-20,Comirnaty,14.24,21:10:20,2,8,189.66
2026-08-20,Comirnaty,15.82,21:10:50,2,8,189.67
2026-08-20,Comirnaty,7.19,21:11:20,2,8,0.0
2026-08-20,Comirnaty,11.47,21:11:50,2,8,189.69
2026-08-20,Comirnaty,12.11,21:12:20,2,8,189.7
2026-08-20,Comirnaty,5.18,21:12:50,2,8,0.0
2026-08-20,Comirnaty,11.45,21:13:20,2,8,189.72
2026-08-20,Comirnaty,4.15,21:13:50,2,8,0.0
2026-08-20,Comirnaty,7.8,21:14:20,2,8,0.0
2026-08-20,Comirnaty,3.49,21:14:50,2,8,0.0
2026-08-20,Comirnaty,15.64,21:15:20,2,8,189.77
2026-08-20,Comirnaty,10.46,21:15:50,2,8,189.78
2026-08-20,Comirnaty,9.91,21:16:20,2,8,189.79
2026-08-20,Comirnaty,5.73,21:16:50,2,8,0.0
2026-08-20,Comirnaty,14.25,21:17:20,2,8,189.81
2026-08-20,Comirnaty,4.57,21:17:50,2,8,0.0
2026-08-20,Comirnaty,10.91,21:18:20,2,8,189.83
2026-08-20,Comirnaty,6.63,21:18:50,2,8,0.0
2026-08-20,Comirnaty,3.91,21:19:20,2,8,0.0
2026-08-20,Comirnaty,11.58,21:19:50,2,8,189.87
2026-08-20,Comirnaty,17.2,21:20:20,2,8,189.88
2026-08-20,Comirnaty,17.91,21:20:50,2,8,189.89
2026-08-20,Comirnaty,12.45,21:21:20,2,8,189.9
2026-08-20,Comirnaty,5.14,21:21:50,2,8,0.0
2026-08-20,Comirnaty,15.76,21:22:20,2,8,189.92
2026-08-20,Comirnaty,7.14,21:22:50,2,8,0.0
2026-08-20,Comirnaty,3.0,21:23:20,2,8,0.0
2026-08-20,Comirnaty,7.24,21:23:50,2,8,0.0
2026-08-20,Comirnaty,10.09,21:24:20,2,8,189.96
2026-08-20,Comirnaty,4.5,21:24:50,2,8,0.0
2026-08-20,Comirnaty,17.29,21:25:20,2,8,189.98
2026-08-20,Comirnaty,17.4,21:25:50,2,8,190.0
2026-08-20,Comirnaty,14.19,21:26:20,2,8,190.01
2026-08-20,Comirnaty,3.75,21:26:50,2,8,0.0
2026-08-20,Comirnaty,6.04,21:27:20,2,8,0.0
2026-08-20,Comirnaty,9.71,21:27:50,2,8,190.04
2026-08-20,Comirnaty,2.43,21:28:20,2,8,0.0
2026-08-20,Comirnaty,12.36,21:28:50,2,8,190.06
2026-08-20,Comirnaty,6.01,21:29:20,2,8,0.0
2026-08-20,Comirnaty,14.98,21:29:50,2,8,190.08
2026-08-20,Comirnaty,17.81,21:30:20,2,8,190.09
2026-08-20,Comirnaty,6.24,21:30:50,2,8,0.0
2026-08-20,Comirnaty,3.11,21:31:20,2,8,0.0
2026-08-20,Comirnaty,13.27,21:31:50,2,8,190.12
2026-08-20,Comirnaty,6.61,21:32:20,2,8,0.0
2026-08-20,Comirnaty,2.85,21:32:50,2,8,0.0
2026-08-20,Comirnaty,15.0,21:33:20,2,8,190.16
2026-08-20,Comirnaty,15.19,21:33:50,2,8,190.17
2026-08-20,Comirnaty,12.05,21:34:20,2,8,190.18
2026-08-20,Comirnaty,3.43,21:34:50,2,8,0.0
2026-08-20,Comirnaty,14.78,21:35:20,2,8,190.2
2026-08-20,Comirnaty,13.28,21:35:50,2,8,190.21
2026-08-20,Comirnaty,17.56,21:36:20,2,8,190.22
2026-08-20,Comirnaty,2.03,21:36:50,2,8,0.0
2026-08-20,Comirnaty,6.3,21:37:20,2,8,0.0
2026-08-20,Comirnaty,16.23,21:37:50,2,8,190.25
2026-08-20,Comirnaty,9.3,21:38:20,2,8,190.27
2026-08-20,Comirnaty,11.58,21:38:50,2,8,190.28
2026-08-20,Comirnaty,9.56,21:39:20,2,8,190.29
2026-08-20,Comirnaty,10.58,21:39:50,2,8,190.3
2026-08-20,Comirnaty,10.32,21:40:20,2,8,190.31
2026-08-20,Comirnaty,13.74,21:40:50,2,8,190.32
2026-08-20,Comirnaty,5.65,21:41:20,2,8,0.0
2026-08-20,Comirnaty,4.51,21:41:50,2,8,0.0
2026-08-20,Comirnaty,16.37,21:42:20,2,8,190.35
2026-08-20,Comirnaty,7.36,21:42:50,2,8,0.0
2026-08-20,Comirnaty,3.99,21:43:20,2,8,0.0
2026-08-20,Comirnaty,2.03,21:43:50,2,8,0.0
2026-08-20,Comirnaty,4.51,21:44:20,2,8,0.0
2026-08-20,Comirnaty,10.7,21:44:50,2,8,190.41
2026-08-20,Comirnaty,5.81,21:45:20,2,8,0.0
2026-08-20,Comirnaty,6.64,21:45:50,2,8,0.0
2026-08-20,Comirnaty,10.93,21:46:20,2,8,190.44
2026-08-20,Comirnaty,6.95,21:46:50,2,8,0.0
2026-08-20,Comirnaty,11.5,21:47:20,2,8,190.46
2026-08-20,Comirnaty,14.38,21:47:50,2,8,190.47
2026-08-20,Comirnaty,3.51,21:48:20,2,8,0.0
2026-08-20,Comirnaty,6.86,21:48:50,2,8,0.0
2026-08-20,Comirnaty,5.9,21:49:20,2,8,0.0
2026-08-20,Comirnaty,10.88,21:49:50,2,8,190.52
2026-08-20,Comirnaty,14.11,21:50:20,2,8,190.53
2026-08-20,Comirnaty,13.4,21:50:50,2,8,190.54
2026-08-20,Comirnaty,13.15,21:51:20,2,8,190.55
2026-08-20,Comirnaty,15.73,21:51:50,2,8,190.56
2026-08-20,Comirnaty,3.46,21:52:20,2,8,0.0
2026-08-20,Comirnaty,3.81,21:52:50,2,8,0.0
2026-08-20,Comirnaty,15.39,21:53:20,2,8,190.59
2026-08-20,Comirnaty,2.12,21:53:50,2,8,0.0
2026-08-20,Comirnaty,11.1,21:54:20,2,8,190.61
2026-08-20,Comirnaty,6.98,21:54:50,2,8,0.0
2026-08-20,Comirnaty,3.01,21:55:20,2,8,0.0
2026-08-20,Comirnaty,15.06,21:55:50,2,8,190.65
2026-08-20,Comirnaty,11.37,21:56:20,2,8,190.66
2026-08-20,Comirnaty,12.41,21:56:50,2,8,190.67
2026-08-20,Comirnaty,6.81,21:57:20,2,8,0.0
2026-08-20,Comirnaty,2.85,21:57:50,2,8,0.0
2026-08-20,Comirnaty,3.23,21:58:20,2,8,0.0
2026-08-20,Comirnaty,7.64,21:58:50,2,8,0.0
2026-08-20,Comirnaty,10.51,21:59:20,2,8,190.72
2026-08-20,Comirnaty,15.01,21:59:50,2,8,190.73
2026-08-20,Comirnaty,3.94,22:00:20,2,8,0.0
2026-08-20,Comirnaty,11.44,22:00:50,2,8,190.75
2026-08-20,Comirnaty,12.5,22:01:20,2,8,190.76
2026-08-20,Comirnaty,13.06,22:01:50,2,8,190.78
2026-08-20,Comirnaty,3.1,22:02:20,2,8,0.0
2026-08-20,Comirnaty,13.42,22:02:50,2,8,190.8
2026-08-20,Comirnaty,3.89,22:03:20,2,8,0.0
2026-08-20,Comirnaty,11.33,22:03:50,2,8,190.82
2026-08-20,Comirnaty,6.1,22:04:20,2,8,0.0
2026-08-20,Comirnaty,13.87,22:04:50,2,8,190.84
2026-08-20,Comirnaty,3.6,22:05:20,2,8,0.0
2026-08-20,Comirnaty,5.05,22:05:50,2,8,0.0
2026-08-20,Comirnaty,17.05,22:06:20,2,8,190.87
2026-08-20,Comirnaty,11.09,22:06:50,2,8,190.88
2026-08-20,Comirnaty,5.06,22:07:20,2,8,0.0
2026-08-20,Comirnaty,10.33,22:07:50,2,8,190.91
2026-08-20,Comirnaty,11.71,22:08:20,2,8,190.92
2026-08-20,Comirnaty,4.97,22:08:50,2,8,0.0
2026-08-20,Comirnaty,2.27,22:09:20,2,8,0.0
2026-08-20,Comirnaty,4.14,22:09:50,2,8,0.0
2026-08-20,Comirnaty,9.91,22:10:20,2,8,190.96
2026-08-20,Comirnaty,15.37,22:10:50,2,8,190.97
2026-08-20,Comirnaty,10.94,22:11:20,2,8,190.98
2026-08-20,Comirnaty,5.87,22:11:50,2,8,0.0
2026-08-20,Comirnaty,9.17,22:12:20,2,8,191.0
2026-08-20,Comirnaty,17.41,22:12:50,2,8,191.01
2026-08-20,Comirnaty,17.91,22:13:20,2,8,191.02
2026-08-20,Comirnaty,3.79,22:13:50,2,8,0.0
2026-08-20,Comirnaty,15.0,22:14:20,2,8,191.05
2026-08-20,Comirnaty,3.37,22:14:50,2,8,0.0
2026-08-20,Comirnaty,13.93,22:15:20,2,8,191.07
2026-08-20,Comirnaty,10.68,22:15:50,2,8,191.08
2026-08-20,Comirnaty,13.22,22:16:20,2,8,191.09
2026-08-20,Comirnaty,3.97,22:16:50,2,8,0.0
2026-08-20,Comirnaty,15.17,22:17:20,2,8,191.11
2026-08-20,Comirnaty,17.44,22:17:50,2,8,191.12
2026-08-20,Comirnaty,7.88,22:18:20,2,8,0.0
2026-08-20,Comirnaty,4.54,22:18:50,2,8,0.0
2026-08-20,Comirnaty,7.46,22:19:20,2,8,0.0
2026-08-20,Comirnaty,9.73,22:19:50,2,8,191.17
2026-08-20,Comirnaty,17.14,22:20:20,2,8,191.18
2026-08-20,Comirnaty,5.89,22:20:50,2,8,0.0
2026-08-20,Comirnaty,15.44,22:21:20,2,8,191.2
2026-08-20,Comirnaty,5.77,22:21:50,2,8,0.0
2026-08-20,Comirnaty,16.21,22:22:20,2,8,191.22
2026-08-20,Comirnaty,4.0,22:22:50,2,8,0.0
2026-08-20,Comirnaty,13.14,22:23:20,2,8,191.24
2026-08-20,Comirnaty,5.68,22:23:50,2,8,0.0
2026-08-20,Comirnaty,11.68,22:24:20,2,8,191.26
2026-08-20,Comirnaty,3.92,22:24:50,2,8,0.0
2026-08-20,Comirnaty,2.31,22:25:20,2,8,0.0
2026-08-20,Comirnaty,11.53,22:25:50,2,8,191.3
2026-08-20,Comirnaty,10.64,22:26:20,2,8,191.31
2026-08-20,Comirnaty,13.93,22:26:50,2,8,191.32
2026-08-20,Comirnaty,14.77,22:27:20,2,8,191.33
2026-08-20,Comirnaty,2.09,22:27:50,2,8,0.0
2026-08-20,Comirnaty,13.84,22:28:20,2,8,191.35
2026-08-20,Comirnaty,14.63,22:28:50,2,8,191.36
2026-08-20,Comirnaty,9.37,22:29:20,2,8,191.37
2026-08-20,Comirnaty,12.12,22:29:50,2,8,191.38
2026-08-20,Comirnaty,11.68,22:30:20,2,8,191.39
2026-08-20,Comirnaty,13.01,22:30:50,2,8,191.4
2026-08-20,Comirnaty,9.81,22:31:20,2,8,191.41
2026-08-20,Comirnaty,11.15,22:31:50,2,8,191.43
2026-08-20,Comirnaty,13.52,22:32:20,2,8,191.44
2026-08-20,Comirnaty,10.47,22:32:50,2,8,191.45
2026-08-20,Comirnaty,3.37,22:33:20,2,8,0.0
2026-08-20,Comirnaty,5.87,22:33:50,2,8,0.0
2026-08-20,Comirnaty,9.41,22:34:20,2,8,191.48
2026-08-20,Comirnaty,3.28,22:34:50,2,8,0.0
2026-08-20,Comirnaty,13.56,22:35:20,2,8,191.5
2026-08-20,Comirnaty,3.18,22:35:50,2,8,0.0
2026-08-20,Comirnaty,9.7,22:36:20,2,8,191.52
2026-08-20,Comirnaty,9.55,22:36:50,2,8,191.53
2026-08-20,Comirnaty,9.34,22:37:20,2,8,191.54
2026-08-20,Comirnaty,6.7,22:37:50,2,8,0.0
2026-08-20,Comirnaty,2.03,22:38:20,2,8,0.0
2026-08-20,Comirnaty,13.93,22:38:50,2,8,191.58
2026-08-20,Comirnaty,5.6,22:39:20,2,8,0.0
2026-08-20,Comirnaty,2.12,22:39:50,2,8,0.0
2026-08-20,Comirnaty,10.08,22:40:20,2,8,191.61
2026-08-20,Comirnaty,13.96,22:40:50,2,8,191.62
2026-08-20,Comirnaty,11.76,22:41:20,2,8,191.63
2026-08-20,Comirnaty,2.15,22:41:50,2,8,0.0
2026-08-20,Comirnaty,14.06,22:42:20,2,8,191.65
2026-08-20,Comirnaty,15.26,22:42:50,2,8,191.66
2026-08-20,Comirnaty,15.43,22:43:20,2,8,191.67
2026-08-20,Comirnaty,5.55,22:43:50,2,8,0.0
2026-08-20,Comirnaty,16.59,22:44:20,2,8,191.7
2026-08-20,Comirnaty,13.66,22:44:50,2,8,191.71
2026-08-20,Comirnaty,12.12,22:45:20,2,8,191.72
2026-08-20,Comirnaty,14.33,22:45:50,2,8,191.73
2026-08-20,Comirnaty,9.19,22:46:20,2,8,191.74
2026-08-20,Comirnaty,7.23,22:46:50,2,8,0.0
2026-08-20,Comirnaty,17.48,22:47:20,2,8,191.76
2026-08-20,Comirnaty,7.35,22:47:50,2,8,0.0
2026-08-20,Comirnaty,10.63,22:48:20,2,8,191.78
2026-08-20,Comirnaty,17.47,22:48:50,2,8,191.79
2026-08-20,Comirnaty,11.42,22:49:20,2,8,191.8
2026-08-20,Comirnaty,12.2,22:49:50,2,8,191.82
2026-08-20,Comirnaty,11.33,22:50:20,2,8,191.83
2026-08-20,Comirnaty,5.11,22:50:50,2,8,0.0
2026-08-20,Comirnaty,5.8,22:51:20,2,8,0.0
2026-08-20,Comirnaty,13.58,22:51:50,2,8,191.86
2026-08-20,Comirnaty,6.74,22:52:20,2,8,0.0
2026-08-20,Comirnaty,6.87,22:52:50,2,8,0.0
2026-08-20,Comirnaty,3.3,22:53:20,2,8,0.0
2026-08-20,Comirnaty,16.2,22:53:50,2,8,191.9
2026-08-20,Comirnaty,3.56,22:54:20,2,8,0.0
2026-08-20,Comirnaty,5.5,22:54:50,2,8,0.0
2026-08-20,Comirnaty,11.89,22:55:20,2,8,191.93
2026-08-20,Comirnaty,16.95,22:55:50,2,8,191.95
2026-08-20,Comirnaty,2.84,22:56:20,2,8,0.0
2026-08-20,Comirnaty,4.9,22:56:50,2,8,0.0
2026-08-20,Comirnaty,9.25,22:57:20,2,8,191.98
2026-08-20,Comirnaty,11.98,22:57:50,2,8,191.99
2026-08-20,Comirnaty,12.98,22:58:20,2,8,192.0
2026-08-20,Comirnaty,2.51,22:58:50,2,8,0.0
2026-08-20,Comirnaty,13.05,22:59:20,2,8,192.02
2026-08-20,Comirnaty,3.68,22:59:50,2,8,0.0
2026-08-20,Comirnaty,15.88,23:00:20,2,8,192.04
2026-08-20,Comirnaty,5.9,23:00:50,2,8,0.0
2026-08-20,Comirnaty,5.04,23:01:20,2,8,0.0
2026-08-20,Comirnaty,9.44,23:01:50,2,8,192.08
2026-08-20,Comirnaty,9.99,23:02:20,2,8,192.09
2026-08-20,Comirnaty,9.05,23:02:50,2,8,192.1
2026-08-20,Comirnaty,6.5,23:03:20,2,8,0.0
2026-08-20,Comirnaty,14.77,23:03:50,2,8,192.12
2026-08-20,Comirnaty,15.94,23:04:20,2,8,192.13
2026-08-20,Comirnaty,7.1,23:04:50,2,8,0.0
2026-08-20,Comirnaty,5.43,23:05:20,2,8,0.0
2026-08-20,Comirnaty,6.57,23:05:50,2,8,0.0
2026-08-20,Comirnaty,11.49,23:06:20,2,8,192.17
2026-08-20,Comirnaty,16.56,23:06:50,2,8,192.18
2026-08-20,Comirnaty,7.46,23:07:20,2,8,0.0
2026-08-20,Comirnaty,13.52,23:07:50,2,8,192.21
2026-08-20,Comirnaty,7.88,23:08:20,2,8,0.0
2026-08-20,Comirnaty,7.3,23:08:50,2,8,0.0
2026-08-20,Comirnaty,7.45,23:09:20,2,8,0.0
2026-08-20,Comirnaty,3.2,23:09:50,2,8,0.0
2026-08-20,Comirnaty,3.45,23:10:20,2,8,0.0
2026-08-20,Comirnaty,9.8,23:10:50,2,8,192.27
2026-08-20,Comirnaty,14.63,23:11:20,2,8,192.28
2026-08-20,Comirnaty,5.26,23:11:50,2,8,0.0
2026-08-20,Comirnaty,6.82,23:12:20,2,8,0.0
2026-08-20,Comirnaty,3.17,23:12:50,2,8,0.0
2026-08-20,Comirnaty,4.8,23:13:20,2,8,0.0
2026-08-20,Comirnaty,4.12,23:13:50,2,8,0.0
2026-08-20,Comirnaty,4.42,23:14:20,2,8,0.0
2026-08-20,Comirnaty,15.76,23:14:50,2,8,192.36
2026-08-20,Comirnaty,9.84,23:15:20,2,8,192.37
2026-08-20,Comirnaty,11.07,23:15:50,2,8,192.38
2026-08-20,Comirnaty,15.45,23:16:20,2,8,192.39
2026-08-20,Comirnaty,12.11,23:16:50,2,8,192.4
2026-08-20,Comirnaty,11.8,23:17:20,2,8,192.41
2026-08-20,Comirnaty,9.12,23:17:50,2,8,192.42
2026-08-20,Comirnaty,5.83,23:18:20,2,8,0.0
2026-08-20,Comirnaty,14.88,23:18:50,2,8,192.44
2026-08-20,Comirnaty,17.26,23:19:20,2,8,192.45
2026-08-20,Comirnaty,14.57,23:19:50,2,8,192.47
2026-08-20,Comirnaty,7.26,23:20:20,2,8,0.0
2026-08-20,Comirnaty,17.39,23:20:50,2,8,192.49
2026-08-20,Comirnaty,16.73,23:21:20,2,8,192.5
2026-08-20,Comirnaty,2.05,23:21:50,2,8,0.0
2026-08-20,Comirnaty,9.14,23:22:20,2,8,192.52
2026-08-20,Comirnaty,11.31,23:22:50,2,8,192.53
2026-08-20,Comirnaty,15.85,23:23:20,2,8,192.54
2026-08-20,Comirnaty,11.59,23:23:50,2,8,192.55
2026-08-20,Comirnaty,4.6,23:24:20,2,8,0.0
2026-08-20,Comirnaty,12.55,23:24:50,2,8,192.57
2026-08-20,Comirnaty,6.18,23:25:20,2,8,0.0
2026-08-20,Comirnaty,4.56,23:25:50,2,8,0.0
2026-08-20,Comirnaty,3.17,23:26:20,2,8,0.0
2026-08-20,Comirnaty,7.33,23:26:50,2,8,0.0
2026-08-20,Comirnaty,5.92,23:27:20,2,8,0.0
2026-08-20,Comirnaty,4.72,23:27:50,2,8,0.0
2026-08-20,Comirnaty,16.78,23:28:20,2,8,192.65
2026-08-20,Comirnaty,2.96,23:28:50,2,8,0.0
2026-08-20,Comirnaty,17.86,23:29:20,2,8,192.67
2026-08-20,Comirnaty,9.46,23:29:50,2,8,192.68
2026-08-20,Comirnaty,4.47,23:30:20,2,8,0.0
2026-08-20,Comirnaty,17.43,23:30:50,2,8,192.7
2026-08-20,Comirnaty,2.53,23:31:20,2,8,0.0
2026-08-20,Comirnaty,6.2,23:31:50,2,8,0.0
2026-08-20,Comirnaty,12.61,23:32:20,2,8,192.74
2026-08-20,Comirnaty,12.51,23:32:50,2,8,192.75
2026-08-20,Comirnaty,7.77,23:33:20,2,8,0.0
2026-08-20,Comirnaty,6.28,23:33:50,2,8,0.0
2026-08-20,Comirnaty,17.56,23:34:20,2,8,192.78
2026-08-20,Comirnaty,14.09,23:34:50,2,8,192.79
2026-08-20,Comirnaty,10.97,23:35:20,2,8,192.8
2026-08-20,Comirnaty,16.79,23:35:50,2,8,192.81
2026-08-20,Comirnaty,11.64,23:36:20,2,8,192.82
2026-08-20,Comirnaty,15.47,23:36:50,2,8,192.83
2026-08-20,Comirnaty,6.87,23:37:20,2,8,0.0
2026-08-20,Comirnaty,3.21,23:37:50,2,8,0.0
2026-08-20,Comirnaty,10.0,23:38:20,2,8,192.87
2026-08-20,Comirnaty,13.58,23:38:50,2,8,192.88
2026-08-20,Comirnaty,12.77,23:39:20,2,8,192.89
2026-08-20,Comirnaty,12.81,23:39:50,2,8,192.9
2026-08-20,Comirnaty,13.1,23:40:20,2,8,192.91
2026-08-20,Comirnaty,16.53,23:40:50,2,8,192.92
2026-08-20,Comirnaty,7.49,23:41:20,2,8,0.0
2026-08-20,Comirnaty,11.31,23:41:50,2,8,192.94
2026-08-20,Comirnaty,17.33,23:42:20,2,8,192.95
2026-08-20,Comirnaty,6.14,23:42:50,2,8,0.0
2026-08-20,Comirnaty,9.53,23:43:20,2,8,192.97
2026-08-20,Comirnaty,4.58,23:43:50,2,8,0.0
2026-08-20,Comirnaty,15.39,23:44:20,2,8,193.0
2026-08-20,Comirnaty,3.27,23:44:50,2,8,0.0
2026-08-20,Comirnaty,13.53,23:45:20,2,8,193.02
2026-08-20,Comirnaty,15.64,23:45:50,2,8,193.03
2026-08-20,Comirnaty,2.93,23:46:20,2,8,0.0
2026-08-20,Comirnaty,7.76,23:46:50,2,8,0.0
2026-08-20,Comirnaty,17.5,23:47:20,2,8,193.06
2026-08-20,Comirnaty,15.15,23:47:50,2,8,193.07
2026-08-20,Comirnaty,9.01,23:48:20,2,8,193.08
2026-08-20,Comirnaty,7.05,23:48:50,2,8,0.0
2026-08-20,Comirnaty,16.24,23:49:20,2,8,193.1
2026-08-20,Comirnaty,12.59,23:49:50,2,8,193.12
2026-08-20,Comirnaty,5.17,23:50:20,2,8,0.0
2026-08-20,Comirnaty,11.29,23:50:50,2,8,193.14
2026-08-20,Comirnaty,11.87,23:51:20,2,8,193.15
2026-08-20,Comirnaty,11.04,23:51:50,2,8,193.16
2026-08-20,Comirnaty,6.3,23:52:20,2,8,0.0
2026-08-20,Comirnaty,15.4,23:52:50,2,8,193.18
2026-08-20,Comirnaty,9.03,23:53:20,2,8,193.19
2026-08-20,Comirnaty,15.29,23:53:50,2,8,193.2
2026-08-20,Comirnaty,2.64,23:54:20,2,8,0.0
2026-08-20,Comirnaty,2.71,23:54:50,2,8,0.0
2026-08-20,Comirnaty,3.73,23:55:20,2,8,0.0
2026-08-20,Comirnaty,14.83,23:55:50,2,8,193.25
2026-08-20,Comirnaty,13.1,23:56:20,2,8,193.26
2026-08-20,Comirnaty,5.75,23:56:50,2,8,0.0
2026-08-20,Comirnaty,12.02,23:57:20,2,8,193.28
2026-08-20,Comirnaty,17.35,23:57:50,2,8,193.29
2026-08-20,Comirnaty,2.6,23:58:20,2,8,0.0
2026-08-20,Comirnaty,10.52,23:58:50,2,8,193.31
2026-08-20,Comirnaty,2.62,23:59:20,2,8,0.0
2026-08-20,Comirnaty,2.03,23:59:50,2,8,0.0
2026-08-20,Comirnaty,10.28,00:00:20,2,8,193.34
2026-08-20,Comirnaty,10.08,00:00:50,2,8,193.35
2026-08-20,Comirnaty,7.6,00:01:20,2,8,0.0
2026-08-20,Comirnaty,6.27,00:01:50,2,8,0.0
2026-08-20,Comirnaty,10.01,00:02:20,2,8,193.39
2026-08-20,Comirnaty,6.43,00:02:50,2,8,0.0
2026-08-20,Comirnaty,4.01,00:03:20,2,8,0.0
2026-08-20,Comirnaty,6.38,00:03:50,2,8,0.0
2026-08-20,Comirnaty,14.8,00:04:20,2,8,193.43
2026-08-20,Comirnaty,10.72,00:04:50,2,8,193.44
2026-08-20,Comirnaty,16.64,00:05:20,2,8,193.45
2026-08-20,Comirnaty,10.86,00:05:50,2,8,193.46
2026-08-20,Comirnaty,16.14,00:06:20,2,8,193.47
2026-08-20,Comirnaty,16.46,00:06:50,2,8,193.48
2026-08-20,Comirnaty,13.61,00:07:20,2,8,193.49
2026-08-20,Comirnaty,11.15,00:07:50,2,8,193.5
2026-08-20,Comirnaty,13.79,00:08:20,2,8,193.52
2026-08-20,Comirnaty,15.24,00:08:50,2,8,193.53
2026-08-20,Comirnaty,11.76,00:09:20,2,8,193.54
2026-08-20,Comirnaty,14.64,00:09:50,2,8,193.55
2026-08-20,Comirnaty,15.58,00:10:20,2,8,193.56
2026-08-20,Comirnaty,14.83,00:10:50,2,8,193.57
2026-08-20,Comirnaty,14.41,00:11:20,2,8,193.58
2026-08-20,Comirnaty,10.9,00:11:50,2,8,193.59
2026-08-20,Comirnaty,9.94,00:12:20,2,8,193.6
2026-08-20,Comirnaty,9.38,00:12:50,2,8,193.61
2026-08-20,Comirnaty,9.52,00:13:20,2,8,193.62
2026-08-20,Comirnaty,5.79,00:13:50,2,8,0.0
2026-08-20,Comirnaty,2.39,00:14:20,2,8,0.0
2026-08-20,Comirnaty,11.53,00:14:50,2,8,193.66
2026-08-20,Comirnaty,16.85,00:15:20,2,8,193.67
2026-08-20,Comirnaty,7.79,00:15:50,2,8,0.0
2026-08-20,Comirnaty,2.67,00:16:20,2,8,0.0
2026-08-20,Comirnaty,14.74,00:16:50,2,8,193.7
2026-08-20,Comirnaty,16.77,00:17:20,2,8,193.71
2026-08-20,Comirnaty,9.49,00:17:50,2,8,193.72
2026-08-20,Comirnaty,2.77,00:18:20,2,8,0.0
2026-08-20,Comirnaty,16.53,00:18:50,2,8,193.74
2026-08-20,Comirnaty,12.25,00:19:20,2,8,193.75
2026-08-20,Comirnaty,4.02,00:19:50,2,8,0.0
2026-08-20,Comirnaty,7.46,00:20:20,2,8,0.0
2026-08-20,Comirnaty,17.02,00:20:50,2,8,193.79
2026-08-20,Comirnaty,10.53,00:21:20,2,8,193.8
2026-08-20,Comirnaty,2.42,00:21:50,2,8,0.0
2026-08-20,Comirnaty,14.26,00:22:20,2,8,193.82
2026-08-20,Comirnaty,3.65,00:22:50,2,8,0.0
2026-08-20,Comirnaty,15.32,00:23:20,2,8,193.84
2026-08-20,Comirnaty,12.16,00:23:50,2,8,193.85
2026-08-20,Comirnaty,13.93,00:24:20,2,8,193.86
2026-08-20,Comirnaty,5.61,00:24:50,2,8,0.0
2026-08-20,Comirnaty,12.95,00:25:20,2,8,193.88
2026-08-20,Comirnaty,16.23,00:25:50,2,8,193.9
2026-08-20,Comirnaty,13.72,00:26:20,2,8,193.91
2026-08-20,Comirnaty,4.12,00:26:50,2,8,0.0
2026-08-20,Comirnaty,4.32,00:27:20,2,8,0.0
2026-08-20,Comirnaty,13.29,00:27:50,2,8,193.94
2026-08-20,Comirnaty,11.97,00:28:20,2,8,193.95
2026-08-20,Comirnaty,16.95,00:28:50,2,8,193.96
2026-08-20,Comirnaty,15.7,00:29:20,2,8,193.97
2026-08-20,Comirnaty,11.49,00:29:50,2,8,193.98
2026-08-20,Comirnaty,11.33,00:30:20,2,8,193.99
2026-08-20,Comirnaty,6.57,00:30:50,2,8,0.0
2026-08-20,Comirnaty,2.81,00:31:20,2,8,0.0
2026-08-20,Comirnaty,10.29,00:31:50,2,8,194.03
2026-08-20,Comirnaty,14.14,00:32:20,2,8,194.04
2026-08-20,Comirnaty,17.75,00:32:50,2,8,194.05
2026-08-20,Comirnaty,16.33,00:33:20,2,8,194.06
2026-08-20,Comirnaty,12.95,00:33:50,2,8,194.07
2026-08-20,Comirnaty,13.02,00:34:20,2,8,194.08
2026-08-20,Comirnaty,6.76,00:34:50,2,8,0.0
2026-08-20,Comirnaty,9.73,00:35:20,2,8,194.1
2026-08-20,Comirnaty,15.85,00:35:50,2,8,194.11
2026-08-20,Comirnaty,4.14,00:36:20,2,8,0.0
2026-08-20,Comirnaty,15.31,00:36:50,2,8,194.13
2026-08-20,Comirnaty,16.2,00:37:20,2,8,194.14
2026-08-20,Comirnaty,15.19,00:37:50,2,8,194.16
2026-08-20,Comirnaty,11.37,00:38:20,2,8,194.17
2026-08-20,Comirnaty,2.06,00:38:50,2,8,0.0
2026-08-20,Comirnaty,16.84,00:39:20,2,8,194.19
2026-08-20,Comirnaty,17.66,00:39:50,2,8,194.2
2026-08-20,Comirnaty,4.6,00:40:20,2,8,0.0
2026-08-20,Comirnaty,3.5,00:40:50,2,8,0.0
2026-08-20,Comirnaty,3.87,00:41:20,2,8,0.0
2026-08-20,Comirnaty,3.8,00:41:50,2,8,0.0
2026-08-20,Comirnaty,12.63,00:42:20,2,8,194.25
2026-08-20,Comirnaty,17.59,00:42:50,2,8,194.26
2026-08-20,Comirnaty,17.14,00:43:20,2,8,194.27
2026-08-20,Comirnaty,4.1,00:43:50,2,8,0.0
2026-08-20,Comirnaty,6.14,00:44:20,2,8,0.0
2026-08-20,Comirnaty,16.63,00:44:50,2,8,194.31
2026-08-20,Comirnaty,10.42,00:45:20,2,8,194.32
2026-08-20,Comirnaty,9.2,00:45:50,2,8,194.33
2026-08-20,Comirnaty,9.57,00:46:20,2,8,194.34
2026-08-20,Comirnaty,7.93,00:46:50,2,8,0.0
2026-08-20,Comirnaty,5.88,00:47:20,2,8,0.0
2026-08-20,Comirnaty,3.55,00:47:50,2,8,0.0
2026-08-20,Comirnaty,12.05,00:48:20,2,8,194.38
2026-08-20,Comirnaty,3.11,00:48:50,2,8,0.0
2026-08-20,Comirnaty,6.98,00:49:20,2,8,0.0
2026-08-20,Comirnaty,5.03,00:49:50,2,8,0.0
2026-08-20,Comirnaty,12.91,00:50:20,2,8,194.43
2026-08-20,Comirnaty,14.88,00:50:50,2,8,194.44
2026-08-20,Comirnaty,16.58,00:51:20,2,8,194.45
2026-08-20,Comirnaty,13.9,00:51:50,2,8,194.46
2026-08-20,Comirnaty,4.06,00:52:20,2,8,0.0
2026-08-20,Comirnaty,7.9,00:52:50,2,8,0.0
2026-08-20,Comirnaty,17.39,00:53:20,2,8,194.49
2026-08-20,Comirnaty,13.03,00:53:50,2,8,194.5
2026-08-20,Comirnaty,2.84,00:54:20,2,8,0.0
2026-08-20,Comirnaty,11.36,00:54:50,2,8,194.52
2026-08-20,Comirnaty,7.28,00:55:20,2,8,0.0
2026-08-20,Comirnaty,11.41,00:55:50,2,8,194.55
2026-08-20,Comirnaty,5.14,00:56:20,2,8,0.0
2026-08-20,Comirnaty,17.15,00:56:50,2,8,194.57
2026-08-20,Comirnaty,15.44,00:57:20,2,8,194.58
2026-08-20,Comirnaty,9.51,00:57:50,2,8,194.59
2026-08-20,Comirnaty,11.77,00:58:20,2,8,194.6
2026-08-20,Comirnaty,10.8,00:58:50,2,8,194.61
2026-08-20,Comirnaty,10.73,00:59:20,2,8,194.62
2026-08-20,Comirnaty,10.12,00:59:50,2,8,194.63
2026-08-20,Comirnaty,7.89,01:00:20,2,8,0.0
2026-08-20,Comirnaty,4.77,01:00:50,2,8,0.0
2026-08-20,Comirnaty,6.59,01:01:20,2,8,0.0
2026-08-20,Comirnaty,15.3,01:01:50,2,8,194.68
2026-08-20,Comirnaty,13.29,01:02:20,2,8,194.69
2026-08-20,Comirnaty,17.91,01:02:50,2,8,194.7
2026-08-20,Comirnaty,15.29,01:03:20,2,8,194.71
2026-08-20,Comirnaty,11.91,01:03:50,2,8,194.72
2026-08-20,Comirnaty,4.81,01:04:20,2,8,0.0
2026-08-20,Comirnaty,6.36,01:04:50,2,8,0.0
2026-08-20,Comirnaty,13.53,01:05:20,2,8,194.75
2026-08-20,Comirnaty,13.31,01:05:50,2,8,194.76
2026-08-20,Comirnaty,16.01,01:06:20,2,8,194.77
2026-08-20,Comirnaty,12.94,01:06:50,2,8,194.78
2026-08-20,Comirnaty,5.77,01:07:20,2,8,0.0
2026-08-20,Comirnaty,3.02,01:07:50,2,8,0.0
2026-08-20,Comirnaty,15.37,01:08:20,2,8,194.82
2026-08-20,Comirnaty,15.9,01:08:50,2,8,194.83
2026-08-20,Comirnaty,4.22,01:09:20,2,8,0.0
2026-08-20,Comirnaty,13.62,01:09:50,2,8,194.85
2026-08-20,Comirnaty,6.85,01:10:20,2,8,0.0
2026-08-20,Comirnaty,16.56,01:10:50,2,8,194.87
2026-08-20,Comirnaty,14.65,01:11:20,2,8,194.88
2026-08-20,Comirnaty,6.5,01:11:50,2,8,0.0
2026-08-20,Comirnaty,3.65,01:12:20,2,8,0.0
2026-08-20,Comirnaty,16.5,01:12:50,2,8,194.91
2026-08-20,Comirnaty,15.54,01:13:20,2,8,194.92
2026-08-20,Comirnaty,10.45,01:13:50,2,8,194.94
2026-08-20,Comirnaty,7.2,01:14:20,2,8,0.0
2026-08-20,Comirnaty,11.9,01:14:50,2,8,194.96
2026-08-20,Comirnaty,13.8,01:15:20,2,8,194.97
2026-08-20,Comirnaty,5.33,01:15:50,2,8,0.0
2026-08-20,Comirnaty,13.63,01:16:20,2,8,194.99
2026-08-20,Comirnaty,5.25,01:16:50,2,8,0.0
2026-08-20,Comirnaty,7.13,01:17:20,2,8,0.0
2026-08-20,Comirnaty,4.77,01:17:50,2,8,0.0
2026-08-20,Comirnaty,3.71,01:18:20,2,8,0.0
2026-08-20,Comirnaty,2.68,01:18:50,2,8,0.0
2026-08-20,Comirnaty,16.16,01:19:20,2,8,195.05
2026-08-20,Comirnaty,11.71,01:19:50,2,8,195.07
2026-08-20,Comirnaty,3.3,01:20:20,2,8,0.0
2026-08-20,Comirnaty,17.86,01:20:50,2,8,195.09
2026-08-20,Comirnaty,6.04,01:21:20,2,8,0.0
2026-08-20,Comirnaty,2.9,01:21:50,2,8,0.0
2026-08-20,Comirnaty,11.73,01:22:20,2,8,195.12
2026-08-20,Comirnaty,3.25,01:22:50,2,8,0.0
2026-08-20,Comirnaty,12.65,01:23:20,2,8,195.14
2026-08-20,Comirnaty,13.26,01:23:50,2,8,195.15
2026-08-20,Comirnaty,10.11,01:24:20,2,8,195.16
2026-08-20,Comirnaty,10.82,01:24:50,2,8,195.17
2026-08-20,Comirnaty,13.1,01:25:20,2,8,195.18
2026-08-20,Comirnaty,12.42,01:25:50,2,8,195.2
2026-08-20,Comirnaty,16.51,01:26:20,2,8,195.21
2026-08-20,Comirnaty,4.54,01:26:50,2,8,0.0
2026-08-20,Comirnaty,6.88,01:27:20,2,8,0.0
2026-08-20,Comirnaty,13.92,01:27:50,2,8,195.24
2026-08-20,Comirnaty,4.88,01:28:20,2,8,0.0
2026-08-20,Comirnaty,14.63,01:28:50,2,8,195.26
2026-08-20,Comirnaty,15.83,01:29:20,2,8,195.27
2026-08-20,Comirnaty,4.49,01:29:50,2,8,0.0
2026-08-20,Comirnaty,7.93,01:30:20,2,8,0.0
2026-08-20,Comirnaty,9.92,01:30:50,2,8,195.3
2026-08-20,Comirnaty,2.97,01:31:20,2,8,0.0
2026-08-20,Comirnaty,13.28,01:31:50,2,8,195.33
2026-08-20,Comirnaty,6.23,01:32:20,2,8,0.0
2026-08-20,Comirnaty,12.62,01:32:50,2,8,195.35
2026-08-20,Comirnaty,12.65,01:33:20,2,8,195.36
2026-08-20,Comirnaty,7.88,01:33:50,2,8,0.0
2026-08-20,Comirnaty,4.14,01:34:20,2,8,0.0
2026-08-20,Comirnaty,3.37,01:34:50,2,8,0.0
2026-08-20,Comirnaty,12.93,01:35:20,2,8,195.4
2026-08-20,Comirnaty,9.02,01:35:50,2,8,195.41
2026-08-20,Comirnaty,15.15,01:36:20,2,8,195.42
2026-08-20,Comirnaty,2.42,01:36:50,2,8,0.0
2026-08-20,Comirnaty,14.59,01:37:20,2,8,195.44
2026-08-20,Comirnaty,14.54,01:37:50,2,8,195.46
2026-08-20,Comirnaty,12.43,01:38:20,2,8,195.47
2026-08-20,Comirnaty,11.31,01:38:50,2,8,195.48
2026-08-20,Comirnaty,14.83,01:39:20,2,8,195.49
2026-08-20,Comirnaty,3.21,01:39:50,2,8,0.0
2026-08-20,Comirnaty,5.82,01:40:20,2,8,0.0
2026-08-20,Comirnaty,12.56,01:40:50,2,8,195.52
2026-08-20,Comirnaty,15.23,01:41:20,2,8,195.53
2026-08-20,Comirnaty,7.02,01:41:50,2,8,0.0
2026-08-20,Comirnaty,11.66,01:42:20,2,8,195.55
2026-08-20,Comirnaty,7.63,01:42:50,2,8,0.0
2026-08-20,Comirnaty,2.57,01:43:20,2,8,0.0
2026-08-20,Comirnaty,2.26,01:43:50,2,8,0.0
2026-08-20,Comirnaty,4.5,01:44:20,2,8,0.0
2026-08-20,Comirnaty,17.28,01:44:50,2,8,195.61
2026-08-20,Comirnaty,12.26,01:45:20,2,8,195.62
2026-08-20,Comirnaty,17.6,01:45:50,2,8,195.63
2026-08-20,Comirnaty,11.7,01:46:20,2,8,195.64
2026-08-20,Comirnaty,9.99,01:46:50,2,8,195.65
2026-08-20,Comirnaty,17.1,01:47:20,2,8,195.66
2026-08-20,Comirnaty,9.58,01:47:50,2,8,195.67
2026-08-20,Comirnaty,6.16,01:48:20,2,8,0.0
2026-08-20,Comirnaty,2.41,01:48:50,2,8,0.0
2026-08-20,Comirnaty,9.66,01:49:20,2,8,195.7
2026-08-20,Comirnaty,9.52,01:49:50,2,8,195.72
2026-08-20,Comirnaty,10.75,01:50:20,2,8,195.73
2026-08-20,Comirnaty,12.98,01:50:50,2,8,195.74
2026-08-20,Comirnaty,15.32,01:51:20,2,8,195.75
2026-08-20,Comirnaty,6.39,01:51:50,2,8,0.0
2026-08-20,Comirnaty,12.39,01:52:20,2,8,195.77
2026-08-20,Comirnaty,7.59,01:52:50,2,8,0.0
2026-08-20,Comirnaty,6.26,01:53:20,2,8,0.0
2026-08-20,Comirnaty,5.65,01:53:50,2,8,0.0
2026-08-20,Comirnaty,3.42,01:54:20,2,8,0.0
2026-08-20,Comirnaty,16.93,01:54:50,2,8,195.82
2026-08-20,Comirnaty,17.37,01:55:20,2,8,195.83
2026-08-20,Comirnaty,6.97,01:55:50,2,8,0.0
2026-08-20,Comirnaty,4.36,01:56:20,2,8,0.0
2026-08-20,Comirnaty,6.58,01:56:50,2,8,0.0
2026-08-20,Comirnaty,15.72,01:57:20,2,8,195.88
2026-08-20,Comirnaty,16.89,01:57:50,2,8,195.89
2026-08-20,Comirnaty,14.06,01:58:20,2,8,195.9
2026-08-20,Comirnaty,5.97,01:58:50,2,8,0.0
2026-08-20,Comirnaty,5.09,01:59:20,2,8,0.0
2026-08-20,Comirnaty,5.74,01:59:50,2,8,0.0
2026-08-20,Comirnaty,7.7,02:00:20,2,8,0.0
2026-08-20,Comirnaty,4.12,02:00:50,2,8,0.0
2026-08-20,Comirnaty,12.3,02:01:20,2,8,195.96
2026-08-20,Comirnaty,7.03,02:01:50,2,8,0.0
2026-08-20,Comirnaty,5.64,02:02:20,2,8,0.0
2026-08-20,Comirnaty,2.81,02:02:50,2,8,0.0
2026-08-20,Comirnaty,11.43,02:03:20,2,8,196.01
2026-08-20,Comirnaty,15.92,02:03:50,2,8,196.02
2026-08-20,Comirnaty,14.09,02:04:20,2,8,196.03
2026-08-20,Comirnaty,5.27,02:04:50,2,8,0.0
2026-08-20,Comirnaty,11.15,02:05:20,2,8,196.05
2026-08-20,Comirnaty,11.09,02:05:50,2,8,196.06
2026-08-20,Comirnaty,3.03,02:06:20,2,8,0.0
2026-08-20,Comirnaty,3.98,02:06:50,2,8,0.0
2026-08-20,Comirnaty,13.44,02:07:20,2,8,196.09
2026-08-20,Comirnaty,9.01,02:07:50,2,8,196.1
2026-08-20,Comirnaty,17.64,02:08:20,2,8,196.12
2026-08-20,Comirnaty,16.64,02:08:50,2,8,196.13
2026-08-20,Comirnaty,6.88,02:09:20,2,8,0.0
2026-08-20,Comirnaty,17.1,02:09:50,2,8,196.15
2026-08-20,Comirnaty,12.13,02:10:20,2,8,196.16
2026-08-20,Comirnaty,11.99,02:10:50,2,8,196.17
2026-08-20,Comirnaty,4.3,02:11:20,2,8,0.0
2026-08-20,Comirnaty,7.98,02:11:50,2,8,0.0
2026-08-20,Comirnaty,16.76,02:12:20,2,8,196.2
2026-08-20,Comirnaty,2.55,02:12:50,2,8,0.0
2026-08-20,Comirnaty,7.95,02:13:20,2,8,0.0
2026-08-20,Comirnaty,15.1,02:13:50,2,8,196.23
2026-08-20,Comirnaty,15.17,02:14:20,2,8,196.25
2026-08-20,Comirnaty,4.79,02:14:50,2,8,0.0
2026-08-20,Comirnaty,10.85,02:15:20,2,8,196.27
2026-08-20,Comirnaty,16.06,02:15:50,2,8,196.28
2026-08-20,Comirnaty,4.73,02:16:20,2,8,0.0
2026-08-20,Comirnaty,12.3,02:16:50,2,8,196.3
2026-08-20,Comirnaty,10.44,02:17:20,2,8,196.31
2026-08-20,Comirnaty,3.83,02:17:50,2,8,0.0
2026-08-20,Comirnaty,17.35,02:18:20,2,8,196.33
2026-08-20,Comirnaty,3.81,02:18:50,2,8,0.0
2026-08-20,Comirnaty,5.61,02:19:20,2,8,0.0
2026-08-20,Comirnaty,7.72,02:19:50,2,8,0.0
2026-08-20,Comirnaty,12.78,02:20:20,2,8,196.38
2026-08-20,Comirnaty,14.93,02:20:50,2,8,196.39
2026-08-20,Comirnaty,5.13,02:21:20,2,8,0.0
2026-08-20,Comirnaty,12.41,02:21:50,2,8,196.41
2026-08-20,Comirnaty,14.27,02:22:20,2,8,196.42
2026-08-20,Comirnaty,13.6,02:22:50,2,8,196.43
2026-08-20,Comirnaty,12.27,02:23:20,2,8,196.44
2026-08-20,Comirnaty,10.39,02:23:50,2,8,196.45
2026-08-20,Comirnaty,16.02,02:24:20,2,8,196.46
2026-08-20,Comirnaty,5.85,02:24:50,2,8,0.0
2026-08-20,Comirnaty,15.7,02:25:20,2,8,196.48
2026-08-20,Comirnaty,2.56,02:25:50,2,8,0.0
2026-08-20,Comirnaty,2.08,02:26:20,2,8,0.0
2026-08-20,Comirnaty,4.62,02:26:50,2,8,0.0
2026-08-20,Comirnaty,6.99,02:27:20,2,8,0.0
2026-08-20,Comirnaty,6.32,02:27:50,2,8,0.0
2026-08-20,Comirnaty,13.58,02:28:20,2,8,196.55
2026-08-20,Comirnaty,10.91,02:28:50,2,8,196.56
2026-08-20,Comirnaty,6.83,02:29:20,2,8,0.0
2026-08-20,Comirnaty,6.35,02:29:50,2,8,0.0
2026-08-20,Comirnaty,7.28,02:30:20,2,8,0.0
2026-08-20,Comirnaty,2.43,02:30:50,2,8,0.0
2026-08-20,Comirnaty,14.36,02:31:20,2,8,196.61
2026-08-20,Comirnaty,14.79,02:31:50,2,8,196.62
2026-08-20,Comirnaty,16.44,02:32:20,2,8,196.64
2026-08-20,Comirnaty,15.02,02:32:50,2,8,196.65
2026-08-20,Comirnaty,5.03,02:33:20,2,8,0.0
2026-08-20,Comirnaty,11.62,02:33:50,2,8,196.67
2026-08-20,Comirnaty,3.94,02:34:20,2,8,0.0
2026-08-20,Comirnaty,5.26,02:34:50,2,8,0.0
2026-08-20,Comirnaty,16.62,02:35:20,2,8,196.7
2026-08-20,Comirnaty,11.82,02:35:50,2,8,196.71
2026-08-20,Comirnaty,5.12,02:36:20,2,8,0.0
2026-08-20,Comirnaty,9.51,02:36:50,2,8,196.73
2026-08-20,Comirnaty,11.59,02:37:20,2,8,196.74
2026-08-20,Comirnaty,5.35,02:37:50,2,8,0.0
2026-08-20,Comirnaty,3.21,02:38:20,2,8,0.0
2026-08-20,Comirnaty,16.5,02:38:50,2,8,196.78
2026-08-20,Comirnaty,13.31,02:39:20,2,8,196.79
2026-08-20,Comirnaty,2.25,02:39:50,2,8,0.0
2026-08-20,Comirnaty,7.42,02:40:20,2,8,0.0
2026-08-20,Comirnaty,11.84,02:40:50,2,8,196.82
2026-08-20,Comirnaty,6.26,02:41:20,2,8,0.0
2026-08-20,Comirnaty,5.38,02:41:50,2,8,0.0
2026-08-20,Comirnaty,6.2,02:42:20,2,8,0.0
2026-08-20,Comirnaty,3.12,02:42:50,2,8,0.0
2026-08-20,Comirnaty,16.35,02:43:20,2,8,196.87
2026-08-20,Comirnaty,16.68,02:43:50,2,8,196.88
2026-08-20,Comirnaty,3.37,02:44:20,2,8,0.0
2026-08-20,Comirnaty,13.86,02:44:50,2,8,196.91
2026-08-20,Comirnaty,2.56,02:45:20,2,8,0.0
2026-08-20,Comirnaty,3.5,02:45:50,2,8,0.0
2026-08-20,Comirnaty,12.43,02:46:20,2,8,196.94
2026-08-20,Comirnaty,13.57,02:46:50,2,8,196.95
2026-08-20,Comirnaty,11.63,02:47:20,2,8,196.96
2026-08-20,Comirnaty,6.16,02:47:50,2,8,0.0
2026-08-20,Comirnaty,10.51,02:48:20,2,8,196.98
2026-08-20,Comirnaty,3.47,02:48:50,2,8,0.0
2026-08-20,Comirnaty,12.97,02:49:20,2,8,197.0
2026-08-20,Comirnaty,10.01,02:49:50,2,8,197.02
2026-08-20,Comirnaty,10.75,02:50:20,2,8,197.03
2026-08-20,Comirnaty,17.25,02:50:50,2,8,197.04
2026-08-20,Comirnaty,2.92,02:51:20,2,8,0.0
2026-08-20,Comirnaty,3.25,02:51:50,2,8,0.0
2026-08-20,Comirnaty,12.16,02:52:20,2,8,197.07
2026-08-20,Comirnaty,7.52,02:52:50,2,8,0.0
2026-08-20,Comirnaty,6.42,02:53:20,2,8,0.0
2026-08-20,Comirnaty,5.91,02:53:50,2,8,0.0
2026-08-20,Comirnaty,13.92,02:54:20,2,8,197.11
2026-08-20,Comirnaty,7.84,02:54:50,2,8,0.0
2026-08-20,Comirnaty,6.31,02:55:20,2,8,0.0
2026-08-20,Comirnaty,6.4,02:55:50,2,8,0.0
2026-08-20,Comirnaty,4.56,02:56:20,2,8,0.0
2026-08-20,Comirnaty,6.65,02:56:50,2,8,0.0
2026-08-20,Comirnaty,9.06,02:57:20,2,8,197.18
2026-08-20,Comirnaty,14.11,02:57:50,2,8,197.19
2026-08-20,Comirnaty,7.26,02:58:20,2,8,0.0
2026-08-20,Comirnaty,12.65,02:58:50,2,8,197.21
2026-08-20,Comirnaty,6.17,02:59:20,2,8,0.0
2026-08-20,Comirnaty,7.09,02:59:50,2,8,0.0
2026-08-20,Comirnaty,16.52,03:00:20,2,8,197.24
2026-08-20,Comirnaty,4.63,03:00:50,2,8,0.0
2026-08-20,Comirnaty,3.01,03:01:20,2,8,0.0
2026-08-20,Comirnaty,5.37,03:01:50,2,8,0.0
2026-08-20,Comirnaty,5.3,03:02:20,2,8,0.0
2026-08-20,Comirnaty,9.12,03:02:50,2,8,197.3
2026-08-20,Comirnaty,3.23,03:03:20,2,8,0.0
2026-08-20,Comirnaty,11.72,03:03:50,2,8,197.32
2026-08-20,Comirnaty,6.11,03:04:20,2,8,0.0
2026-08-20,Comirnaty,14.93,03:04:50,2,8,197.34
2026-08-20,Comirnaty,2.29,03:05:20,2,8,0.0
2026-08-20,Comirnaty,6.12,03:05:50,2,8,0.0
2026-08-20,Comirnaty,4.85,03:06:20,2,8,0.0
2026-08-20,Comirnaty,11.95,03:06:50,2,8,197.38
2026-08-20,Comirnaty,12.61,03:07:20,2,8,197.39
2026-08-20,Comirnaty,2.56,03:07:50,2,8,0.0
2026-08-20,Comirnaty,13.83,03:08:20,2,8,197.42
2026-08-20,Comirnaty,15.29,03:08:50,2,8,197.43
2026-08-20,Comirnaty,5.43,03:09:20,2,8,0.0
2026-08-20,Comirnaty,2.99,03:09:50,2,8,0.0
2026-08-20,Comirnaty,3.03,03:10:20,2,8,0.0
2026-08-20,Comirnaty,4.25,03:10:50,2,8,0.0
2026-08-20,Comirnaty,11.55,03:11:20,2,8,197.48
2026-08-20,Comirnaty,9.95,03:11:50,2,8,197.49
2026-08-20,Comirnaty,17.2,03:12:20,2,8,197.5
2026-08-20,Comirnaty,2.9,03:12:50,2,8,0.0
2026-08-20,Comirnaty,7.74,03:13:20,2,8,0.0
2026-08-20,Comirnaty,10.38,03:13:50,2,8,197.53
2026-08-20,Comirnaty,12.06,03:14:20,2,8,197.55
2026-08-20,Comirnaty,11.53,03:14:50,2,8,197.56
2026-08-20,Comirnaty,13.51,03:15:20,2,8,197.57
2026-08-20,Comirnaty,6.37,03:15:50,2,8,0.0
2026-08-20,Comirnaty,14.21,03:16:20,2,8,197.59
2026-08-20,Comirnaty,2.25,03:16:50,2,8,0.0
2026-08-20,Comirnaty,6.61,03:17:20,2,8,0.0
2026-08-20,Comirnaty,11.92,03:17:50,2,8,197.62
2026-08-20,Comirnaty,9.16,03:18:20,2,8,197.63
2026-08-20,Comirnaty,4.71,03:18:50,2,8,0.0
2026-08-20,Comirnaty,11.38,03:19:20,2,8,197.65
2026-08-20,Comirnaty,11.83,03:19:50,2,8,197.67
2026-08-20,Comirnaty,14.13,03:20:20,2,8,197.68
2026-08-20,Comirnaty,17.95,03:20:50,2,8,197.69
2026-08-20,Comirnaty,13.13,03:21:20,2,8,197.7
2026-08-20,Comirnaty,3.37,03:21:50,2,8,0.0
2026-08-20,Comirnaty,4.24,03:22:20,2,8,0.0
2026-08-20,Comirnaty,12.43,03:22:50,2,8,197.73
2026-08-20,Comirnaty,5.87,03:23:20,2,8,0.0
2026-08-20,Comirnaty,7.21,03:23:50,2,8,0.0
2026-08-20,Comirnaty,5.84,03:24:20,2,8,0.0
2026-08-20,Comirnaty,17.07,03:24:50,2,8,197.77
2026-08-20,Comirnaty,2.38,03:25:20,2,8,0.0
2026-08-20,Comirnaty,16.24,03:25:50,2,8,197.8
2026-08-20,Comirnaty,11.35,03:26:20,2,8,197.81
2026-08-20,Comirnaty,13.29,03:26:50,2,8,197.82
2026-08-20,Comirnaty,14.23,03:27:20,2,8,197.83
2026-08-20,Comirnaty,2.5,03:27:50,2,8,0.0
2026-08-20,Comirnaty,7.59,03:28:20,2,8,0.0
2026-08-20,Comirnaty,17.71,03:28:50,2,8,197.86
2026-08-20,Comirnaty,7.4,03:29:20,2,8,0.0
2026-08-20,Comirnaty,5.14,03:29:50,2,8,0.0
2026-08-20,Comirnaty,2.41,03:30:20,2,8,0.0
2026-08-20,Comirnaty,13.82,03:30:50,2,8,197.9
2026-08-20,Comirnaty,14.98,03:31:20,2,8,197.91
2026-08-20,Comirnaty,3.13,03:31:50,2,8,0.0
2026-08-20,Comirnaty,4.78,03:32:20,2,8,0.0
2026-08-20,Comirnaty,15.42,03:32:50,2,8,197.95
2026-08-20,Comirnaty,10.3,03:33:20,2,8,197.96
2026-08-20,Comirnaty,6.69,03:33:50,2,8,0.0
2026-08-20,Comirnaty,5.13,03:34:20,2,8,0.0
2026-08-20,Comirnaty,16.69,03:34:50,2,8,197.99
2026-08-20,Comirnaty,5.71,03:35:20,2,8,0.0
2026-08-20,Comirnaty,4.45,03:35:50,2,8,0.0
2026-08-20,Comirnaty,12.52,03:36:20,2,8,198.02
2026-08-20,Comirnaty,17.67,03:36:50,2,8,198.03
2026-08-20,Comirnaty,10.24,03:37:20,2,8,198.04
2026-08-20,Comirnaty,7.15,03:37:50,2,8,0.0
2026-08-20,Comirnaty,4.5,03:38:20,2,8,0.0
2026-08-20,Comirnaty,4.72,03:38:50,2,8,0.0
2026-08-20,Comirnaty,12.71,03:39:20,2,8,198.09
2026-08-20,Comirnaty,5.15,03:39:50,2,8,0.0
2026-08-20,Comirnaty,4.04,03:40:20,2,8,0.0
2026-08-20,Comirnaty,7.27,03:40:50,2,8,0.0
2026-08-20,Comirnaty,11.26,03:41:20,2,8,198.13
2026-08-20,Comirnaty,2.98,03:41:50,2,8,0.0
2026-08-20,Comirnaty,16.36,03:42:20,2,8,198.15
2026-08-20,Comirnaty,2.59,03:42:50,2,8,0.0
2026-08-20,Comirnaty,3.25,03:43:20,2,8,0.0
2026-08-20,Comirnaty,12.86,03:43:50,2,8,198.19
2026-08-20,Comirnaty,15.12,03:44:20,2,8,198.2
2026-08-20,Comirnaty,16.86,03:44:50,2,8,198.21
2026-08-20,Comirnaty,13.72,03:45:20,2,8,198.22
2026-08-20,Comirnaty,12.54,03:45:50,2,8,198.23
2026-08-20,Comirnaty,4.48,03:46:20,2,8,0.0
2026-08-20,Comirnaty,7.68,03:46:50,2,8,0.0
2026-08-20,Comirnaty,13.68,03:47:20,2,8,198.26
2026-08-20,Comirnaty,7.33,03:47:50,2,8,0.0
2026-08-20,Comirnaty,11.16,03:48:20,2,8,198.28
2026-08-20,Comirnaty,15.59,03:48:50,2,8,198.29
2026-08-20,Comirnaty,10.57,03:49:20,2,8,198.3
2026-08-20,Comirnaty,13.61,03:49:50,2,8,198.32
2026-08-20,Comirnaty,3.52,03:50:20,2,8,0.0
2026-08-20,Comirnaty,3.13,03:50:50,2,8,0.0
2026-08-20,Comirnaty,16.28,03:51:20,2,8,198.35
2026-08-20,Comirnaty,3.37,03:51:50,2,8,0.0
2026-08-20,Comirnaty,9.79,03:52:20,2,8,198.37
2026-08-20,Comirnaty,12.28,03:52:50,2,8,198.38
2026-08-20,Comirnaty,13.08,03:53:20,2,8,198.39
2026-08-20,Comirnaty,10.88,03:53:50,2,8,198.4
2026-08-20,Comirnaty,11.35,03:54:20,2,8,198.41
2026-08-20,Comirnaty,9.94,03:54:50,2,8,198.42
2026-08-20,Comirnaty,13.15,03:55:20,2,8,198.43
2026-08-20,Comirnaty,9.45,03:55:50,2,8,198.45
2026-08-20,Comirnaty,7.96,03:56:20,2,8,0.0
2026-08-20,Comirnaty,7.11,03:56:50,2,8,0.0
2026-08-20,Comirnaty,9.85,03:57:20,2,8,198.48
2026-08-20,Comirnaty,13.64,03:57:50,2,8,198.49
2026-08-20,Comirnaty,13.99,03:58:20,2,8,198.5
2026-08-20,Comirnaty,12.23,03:58:50,2,8,198.51
2026-08-20,Comirnaty,10.99,03:59:20,2,8,198.52
2026-08-20,Comirnaty,4.24,03:59:50,2,8,0.0
2026-08-20,Comirnaty,12.83,04:00:20,2,8,198.54
2026-08-20,Comirnaty,2.46,04:00:50,2,8,0.0
2026-08-20,Comirnaty,4.94,04:01:20,2,8,0.0
2026-08-20,Comirnaty,9.02,04:01:50,2,8,198.58
2026-08-20,Comirnaty,7.62,04:02:20,2,8,0.0
2026-08-20,Comirnaty,3.22,04:02:50,2,8,0.0
2026-08-20,Comirnaty,10.09,04:03:20,2,8,198.61
2026-08-20,Comirnaty,5.87,04:03:50,2,8,0.0
2026-08-20,Comirnaty,5.4,04:04:20,2,8,0.0
2026-08-20,Comirnaty,7.31,04:04:50,2,8,0.0
2026-08-20,Comirnaty,3.74,04:05:20,2,8,0.0
2026-08-20,Comirnaty,13.64,04:05:50,2,8,198.66
2026-08-20,Comirnaty,12.02,04:06:20,2,8,198.67
2026-08-20,Comirnaty,15.12,04:06:50,2,8,198.68
2026-08-20,Comirnaty,6.61,04:07:20,2,8,0.0
2026-08-20,Comirnaty,9.85,04:07:50,2,8,198.71
2026-08-20,Comirnaty,12.84,04:08:20,2,8,198.72
2026-08-20,Comirnaty,14.18,04:08:50,2,8,198.73
2026-08-20,Comirnaty,9.59,04:09:20,2,8,198.74
2026-08-20,Comirnaty,14.43,04:09:50,2,8,198.75
2026-08-20,Comirnaty,15.68,04:10:20,2,8,198.76
2026-08-20,Comirnaty,13.07,04:10:50,2,8,198.77
2026-08-20,Comirnaty,2.57,04:11:20,2,8,0.0
2026-08-20,Comirnaty,6.56,04:11:50,2,8,0.0
2026-08-20,Comirnaty,15.53,04:12:20,2,8,198.8
2026-08-20,Comirnaty,9.04,04:12:50,2,8,198.81
2026-08-20,Comirnaty,17.77,04:13:20,2,8,198.82
2026-08-20,Comirnaty,16.99,04:13:50,2,8,198.83
2026-08-20,Comirnaty,6.0,04:14:20,2,8,0.0
2026-08-20,Comirnaty,10.55,04:14:50,2,8,198.86
2026-08-20,Comirnaty,2.95,04:15:20,2,8,0.0
2026-08-20,Comirnaty,4.48,04:15:50,2,8,0.0
2026-08-20,Comirnaty,10.52,04:16:20,2,8,198.89
2026-08-20,Comirnaty,15.35,04:16:50,2,8,198.9
2026-08-20,Comirnaty,15.23,04:17:20,2,8,198.91
2026-08-20,Comirnaty,17.89,04:17:50,2,8,198.92
2026-08-20,Comirnaty,2.12,04:18:20,2,8,0.0
2026-08-20,Comirnaty,17.42,04:18:50,2,8,198.94
2026-08-20,Comirnaty,14.08,04:19:20,2,8,198.95
2026-08-20,Comirnaty,16.7,04:19:50,2,8,198.97
2026-08-20,Comirnaty,15.92,04:20:20,2,8,198.98
2026-08-20,Comirnaty,4.55,04:20:50,2,8,0.0
2026-08-20,Comirnaty,10.96,04:21:20,2,8,199.0
2026-08-20,Comirnaty,5.86,04:21:50,2,8,0.0
2026-08-20,Comirnaty,17.38,04:22:20,2,8,199.02
2026-08-20,Comirnaty,16.2,04:22:50,2,8,199.03
2026-08-20,Comirnaty,2.41,04:23:20,2,8,0.0
2026-08-20,Comirnaty,16.75,04:23:50,2,8,199.05
2026-08-20,Comirnaty,11.56,04:24:20,2,8,199.06
2026-08-20,Comirnaty,4.57,04:24:50,2,8,0.0
2026-08-20,Comirnaty,5.57,04:25:20,2,8,0.0
2026-08-20,Comirnaty,6.48,04:25:50,2,8,0.0
2026-08-20,Comirnaty,6.11,04:26:20,2,8,0.0
2026-08-20,Comirnaty,2.27,04:26:50,2,8,0.0
2026-08-20,Comirnaty,14.26,04:27:20,2,8,199.13
2026-08-20,Comirnaty,12.18,04:27:50,2,8,199.14
2026-08-20,Comirnaty,12.27,04:28:20,2,8,199.15
2026-08-20,Comirnaty,5.34,04:28:50,2,8,0.0
2026-08-20,Comirnaty,7.81,04:29:20,2,8,0.0
2026-08-20,Comirnaty,7.96,04:29:50,2,8,0.0
2026-08-20,Comirnaty,2.43,04:30:20,2,8,0.0
2026-08-20,Comirnaty,4.5,04:30:50,2,8,0.0
2026-08-20,Comirnaty,11.51,04:31:20,2,8,199.21
2026-08-20,Comirnaty,9.46,04:31:50,2,8,199.22
2026-08-20,Comirnaty,9.34,04:32:20,2,8,199.24
2026-08-20,Comirnaty,5.15,04:32:50,2,8,0.0
2026-08-20,Comirnaty,17.41,04:33:20,2,8,199.26
2026-08-20,Comirnaty,13.14,04:33:50,2,8,199.27
2026-08-20,Comirnaty,12.21,04:34:20,2,8,199.28
2026-08-20,Comirnaty,14.0,04:34:50,2,8,199.29
2026-08-20,Comirnaty,17.27,04:35:20,2,8,199.3
2026-08-20,Comirnaty,14.0,04:35:50,2,8,199.31
2026-08-20,Comirnaty,10.79,04:36:20,2,8,199.32
2026-08-20,Comirnaty,2.27,04:36:50,2,8,0.0
2026-08-20,Comirnaty,6.36,04:37:20,2,8,0.0
2026-08-20,Comirnaty,13.89,04:37:50,2,8,199.35
2026-08-20,Comirnaty,9.99,04:38:20,2,8,199.37
2026-08-20,Comirnaty,7.07,04:38:50,2,8,0.0
2026-08-20,Comirnaty,2.34,04:39:20,2,8,0.0
2026-08-20,Comirnaty,17.85,04:39:50,2,8,199.4
2026-08-20,Comirnaty,6.22,04:40:20,2,8,0.0
2026-08-20,Comirnaty,7.15,04:40:50,2,8,0.0
2026-08-20,Comirnaty,3.75,04:41:20,2,8,0.0
2026-08-20,Comirnaty,6.27,04:41:50,2,8,0.0
2026-08-20,Comirnaty,14.53,04:42:20,2,8,199.45
2026-08-20,Comirnaty,7.01,04:42:50,2,8,0.0
2026-08-20,Comirnaty,5.14,04:43:20,2,8,0.0
2026-08-20,Comirnaty,4.25,04:43:50,2,8,0.0
2026-08-20,Comirnaty,4.69,04:44:20,2,8,0.0
2026-08-20,Comirnaty,13.26,04:44:50,2,8,199.51
2026-08-20,Comirnaty,5.5,04:45:20,2,8,0.0
2026-08-20,Comirnaty,16.37,04:45:50,2,8,199.53
2026-08-20,Comirnaty,16.87,04:46:20,2,8,199.54
2026-08-20,Comirnaty,13.9,04:46:50,2,8,199.55
2026-08-20,Comirnaty,3.17,04:47:20,2,8,0.0
2026-08-20,Comirnaty,14.75,04:47:50,2,8,199.57
2026-08-20,Comirnaty,3.86,04:48:20,2,8,0.0
2026-08-20,Comirnaty,14.48,04:48:50,2,8,199.59
2026-08-20,Comirnaty,15.54,04:49:20,2,8,199.6
2026-08-20,Comirnaty,17.35,04:49:50,2,8,199.62
2026-08-20,Comirnaty,14.82,04:50:20,2,8,199.63
2026-08-20,Comirnaty,13.59,04:50:50,2,8,199.64
2026-08-20,Comirnaty,13.02,04:51:20,2,8,199.65
2026-08-20,Comirnaty,9.44,04:51:50,2,8,199.66
2026-08-20,Comirnaty,9.83,04:52:20,2,8,199.67
2026-08-20,Comirnaty,4.09,04:52:50,2,8,0.0
2026-08-20,Comirnaty,4.43,04:53:20,2,8,0.0
2026-08-20,Comirnaty,13.83,04:53:50,2,8,199.7
2026-08-20,Comirnaty,12.34,04:54:20,2,8,199.71
2026-08-20,Comirnaty,7.18,04:54:50,2,8,0.0
2026-08-20,Comirnaty,11.69,04:55:20,2,8,199.73
2026-08-20,Comirnaty,2.6,04:55:50,2,8,0.0
2026-08-20,Comirnaty,7.91,04:56:20,2,8,0.0
2026-08-20,Comirnaty,13.46,04:56:50,2,8,199.77
2026-08-20,Comirnaty,9.6,04:57:20,2,8,199.78
2026-08-20,Comirnaty,14.35,04:57:50,2,8,199.79
2026-08-20,Comirnaty,4.7,04:58:20,2,8,0.0
2026-08-20,Comirnaty,16.15,04:58:50,2,8,199.81
2026-08-20,Comirnaty,2.72,04:59:20,2,8,0.0
2026-08-20,Comirnaty,17.71,04:59:50,2,8,199.83
2026-08-20,Comirnaty,5.75,05:00:20,2,8,0.0
2026-08-20,Comirnaty,6.22,05:00:50,2,8,0.0
2026-08-20,Comirnaty,3.29,05:01:20,2,8,0.0
2026-08-20,Comirnaty,16.91,05:01:50,2,8,199.88
2026-08-20,Comirnaty,15.9,05:02:20,2,8,199.89
2026-08-20,Comirnaty,3.93,05:02:50,2,8,0.0
2026-08-20,Comirnaty,7.49,05:03:20,2,8,0.0
2026-08-20,Comirnaty,11.36,05:03:50,2,8,199.92
2026-08-20,Comirnaty,12.41,05:04:20,2,8,199.93
2026-08-20,Comirnaty,17.12,05:04:50,2,8,199.94
2026-08-20,Comirnaty,15.22,05:05:20,2,8,199.95
2026-08-20,Comirnaty,17.91,05:05:50,2,8,199.96
2026-08-20,Comirnaty,5.95,05:06:20,2,8,0.0
2026-08-20,Comirnaty,10.84,05:06:50,2,8,199.98
2026-08-20,Comirnaty,7.42,05:07:20,2,8,0.0
2026-08-20,Comirnaty,15.64,05:07:50,2,8,200.0
2026-08-20,Comirnaty,10.24,05:08:20,2,8,200.02
2026-08-20,Comirnaty,13.61,05:08:50,2,8,200.03
2026-08-20,Comirnaty,13.9,05:09:20,2,8,200.04
2026-08-20,Comirnaty,17.59,05:09:50,2,8,200.05
2026-08-20,Comirnaty,16.74,05:10:20,2,8,200.06
2026-08-20,Comirnaty,3.5,05:10:50,2,8,0.0
2026-08-20,Comirnaty,17.78,05:11:20,2,8,200.08
2026-08-20,Comirnaty,7.15,05:11:50,2,8,0.0
2026-08-20,Comirnaty,5.5,05:12:20,2,8,0.0
2026-08-20,Comirnaty,6.86,05:12:50,2,8,0.0
2026-08-20,Comirnaty,13.29,05:13:20,2,8,200.12
2026-08-20,Comirnaty,5.21,05:13:50,2,8,0.0
2026-08-20,Comirnaty,5.2,05:14:20,2,8,0.0
2026-08-20,Comirnaty,5.37,05:14:50,2,8,0.0
2026-08-20,Comirnaty,15.03,05:15:20,2,8,200.17
2026-08-20,Comirnaty,2.35,05:15:50,2,8,0.0
2026-08-20,Comirnaty,3.09,05:16:20,2,8,0.0
2026-08-20,Comirnaty,15.1,05:16:50,2,8,200.2
2026-08-20,Comirnaty,17.49,05:17:20,2,8,200.21
2026-08-20,Comirnaty,2.31,05:17:50,2,8,0.0
2026-08-20,Comirnaty,9.19,05:18:20,2,8,200.23
2026-08-20,Comirnaty,14.32,05:18:50,2,8,200.24
2026-08-20,Comirnaty,7.48,05:19:20,2,8,0.0
2026-08-20,Comirnaty,15.51,05:19:50,2,8,200.27
2026-08-20,Comirnaty,2.7,05:20:20,2,8,0.0
2026-08-20,Comirnaty,2.17,05:20:50,2,8,0.0
2026-08-20,Comirnaty,15.48,05:21:20,2,8,200.3
2026-08-20,Comirnaty,16.59,05:21:50,2,8,200.31
2026-08-20,Comirnaty,14.56,05:22:20,2,8,200.32
2026-08-20,Comirnaty,10.51,05:22:50,2,8,200.33
2026-08-20,Comirnaty,12.19,05:23:20,2,8,200.34
2026-08-20,Comirnaty,12.18,05:23:50,2,8,200.35
2026-08-20,Comirnaty,2.31,05:24:20,2,8,0.0
2026-08-20,Comirnaty,15.53,05:24:50,2,8,200.37
2026-08-20,Comirnaty,5.18,05:25:20,2,8,0.0
2026-08-20,Comirnaty,3.52,05:25:50,2,8,0.0
2026-08-20,Comirnaty,12.73,05:26:20,2,8,200.41
2026-08-20,Comirnaty,4.04,05:26:50,2,8,0.0
2026-08-20,Comirnaty,5.73,05:27:20,2,8,0.0
2026-08-20,Comirnaty,15.26,05:27:50,2,8,200.44
2026-08-20,Comirnaty,15.11,05:28:20,2,8,200.45
2026-08-20,Comirnaty,9.97,05:28:50,2,8,200.46
2026-08-20,Comirnaty,3.91,05:29:20,2,8,0.0
2026-08-20,Comirnaty,5.76,05:29:50,2,8,0.0
2026-08-20,Comirnaty,10.36,05:30:20,2,8,200.49
2026-08-20,Comirnaty,15.4,05:30:50,2,8,200.5
2026-08-20,Comirnaty,16.06,05:31:20,2,8,200.51
2026-08-20,Comirnaty,17.76,05:31:50,2,8,200.53
2026-08-20,Comirnaty,9.62,05:32:20,2,8,200.54
2026-08-20,Comirnaty,12.75,05:32:50,2,8,200.55
2026-08-20,Comirnaty,5.46,05:33:20,2,8,0.0
2026-08-20,Comirnaty,17.32,05:33:50,2,8,200.57
2026-08-20,Comirnaty,7.23,05:34:20,2,8,0.0
2026-08-20,Comirnaty,17.96,05:34:50,2,8,200.59
2026-08-20,Comirnaty,2.06,05:35:20,2,8,0.0
2026-08-20,Comirnaty,4.44,05:35:50,2,8,0.0
2026-08-20,Comirnaty,3.72,05:36:20,2,8,0.0
2026-08-20,Comirnaty,10.11,05:36:50,2,8,200.63
2026-08-20,Comirnaty,4.77,05:37:20,2,8,0.0
2026-08-20,Comirnaty,7.58,05:37:50,2,8,0.0
2026-08-20,Comirnaty,2.71,05:38:20,2,8,0.0
2026-08-20,Comirnaty,7.79,05:38:50,2,8,0.0
2026-08-20,Comirnaty,14.21,05:39:20,2,8,200.69
2026-08-20,Comirnaty,3.79,05:39:50,2,8,0.0
2026-08-20,Comirnaty,6.28,05:40:20,2,8,0.0
2026-08-20,Comirnaty,17.01,05:40:50,2,8,200.72
2026-08-20,Comirnaty,16.16,05:41:20,2,8,200.73
2026-08-20,Comirnaty,16.93,05:41:50,2,8,200.74
2026-08-20,Comirnaty,7.7,05:42:20,2,8,0.0
2026-08-20,Comirnaty,7.98,05:42:50,2,8,0.0
2026-08-20,Comirnaty,14.63,05:43:20,2,8,200.77
2026-08-20,Comirnaty,16.52,05:43:50,2,8,200.78
2026-08-20,Comirnaty,6.9,05:44:20,2,8,0.0
2026-08-20,Comirnaty,5.67,05:44:50,2,8,0.0
2026-08-20,Comirnaty,11.41,05:45:20,2,8,200.82
2026-08-20,Comirnaty,2.19,05:45:50,2,8,0.0
2026-08-20,Comirnaty,11.4,05:46:20,2,8,200.84
2026-08-20,Comirnaty,2.6,05:46:50,2,8,0.0
2026-08-20,Comirnaty,15.52,05:47:20,2,8,200.86
2026-08-20,Comirnaty,2.36,05:47:50,2,8,0.0
2026-08-20,Comirnaty,4.42,05:48:20,2,8,0.0
2026-08-20,Comirnaty,17.38,05:48:50,2,8,200.89
2026-08-20,Comirnaty,16.47,05:49:20,2,8,200.9
2026-08-20,Comirnaty,11.16,05:49:50,2,8,200.92
2026-08-20,Comirnaty,3.71,05:50:20,2,8,0.0
2026-08-20,Comirnaty,6.45,05:50:50,2,8,0.0
2026-08-20,Comirnaty,16.16,05:51:20,2,8,200.95
2026-08-20,Comirnaty,14.22,05:51:50,2,8,200.96
2026-08-20,Comirnaty,16.76,05:52:20,2,8,200.97
2026-08-20,Comirnaty,11.89,05:52:50,2,8,200.98
2026-08-20,Comirnaty,17.44,05:53:20,2,8,200.99
2026-08-20,Comirnaty,3.06,05:53:50,2,8,0.0
2026-08-20,Comirnaty,12.21,05:54:20,2,8,201.01
2026-08-20,Comirnaty,14.56,05:54:50,2,8,201.02
2026-08-20,Comirnaty,5.83,05:55:20,2,8,0.0
2026-08-20,Comirnaty,5.68,05:55:50,2,8,0.0
2026-08-20,Comirnaty,6.3,05:56:20,2,8,0.0
2026-08-20,Comirnaty,10.94,05:56:50,2,8,201.07
2026-08-20,Comirnaty,7.75,05:57:20,2,8,0.0
2026-08-20,Comirnaty,11.15,05:57:50,2,8,201.09
2026-08-20,Comirnaty,5.68,05:58:20,2,8,0.0
2026-08-20,Comirnaty,4.97,05:58:50,2,8,0.0
2026-08-20,Comirnaty,16.72,05:59:20,2,8,201.12
2026-08-20,Comirnaty,13.74,05:59:50,2,8,201.13
2026-08-20,Comirnaty,14.0,06:00:20,2,8,201.14
2026-08-20,Comirnaty,5.21,06:00:50,2,8,0.0
2026-08-20,Comirnaty,3.42,06:01:20,2,8,0.0
2026-08-20,Comirnaty,7.73,06:01:50,2,8,0.0
2026-08-20,Comirnaty,11.29,06:02:20,2,8,201.19
2026-08-20,Comirnaty,12.36,06:02:50,2,8,201.2
2026-08-20,Comirnaty,10.68,06:03:20,2,8,201.21
2026-08-20,Comirnaty,10.93,06:03:50,2,8,201.22
2026-08-20,Comirnaty,16.6,06:04:20,2,8,201.23
2026-08-20,Comirnaty,13.17,06:04:50,2,8,201.24
2026-08-20,Comirnaty,15.51,06:05:20,2,8,201.25
2026-08-20,Comirnaty,13.65,06:05:50,2,8,201.26
2026-08-20,Comirnaty,16.08,06:06:20,2,8,201.27
2026-08-20,Comirnaty,15.77,06:06:50,2,8,201.28
2026-08-20,Comirnaty,13.74,06:07:20,2,8,201.29
2026-08-20,Comirnaty,11.42,06:07:50,2,8,201.31
2026-08-20,Comirnaty,14.42,06:08:20,2,8,201.32
2026-08-20,Comirnaty,4.89,06:08:50,2,8,0.0
2026-08-20,Comirnaty,17.16,06:09:20,2,8,201.34
2026-08-20,Comirnaty,3.7,06:09:50,2,8,0.0
2026-08-20,Comirnaty,7.81,06:10:20,2,8,0.0
2026-08-20,Comirnaty,13.7,06:10:50,2,8,201.37
2026-08-20,Comirnaty,3.27,06:11:20,2,8,0.0
2026-08-20,Comirnaty,12.77,06:11:50,2,8,201.39
2026-08-20,Comirnaty,14.37,06:12:20,2,8,201.4
2026-08-20,Comirnaty,11.76,06:12:50,2,8,201.41
2026-08-20,Comirnaty,5.29,06:13:20,2,8,0.0
2026-08-20,Comirnaty,10.78,06:13:50,2,8,201.44
2026-08-20,Comirnaty,12.62,06:14:20,2,8,201.45
2026-08-20,Comirnaty,16.24,06:14:50,2,8,201.46
2026-08-20,Comirnaty,2.26,06:15:20,2,8,0.0
2026-08-20,Comirnaty,3.98,06:15:50,2,8,0.0
2026-08-20,Comirnaty,3.21,06:16:20,2,8,0.0
2026-08-20,Comirnaty,13.72,06:16:50,2,8,201.5
2026-08-20,Comirnaty,16.61,06:17:20,2,8,201.51
2026-08-20,Comirnaty,5.21,06:17:50,2,8,0.0
2026-08-20,Comirnaty,4.91,06:18:20,2,8,0.0
2026-08-20,Comirnaty,16.92,06:18:50,2,8,201.54
2026-08-20,Comirnaty,7.51,06:19:20,2,8,0.0
2026-08-20,Comirnaty,4.12,06:19:50,2,8,0.0
2026-08-20,Comirnaty,17.01,06:20:20,2,8,201.58
2026-08-20,Comirnaty,15.96,06:20:50,2,8,201.59
2026-08-20,Comirnaty,9.4,06:21:20,2,8,201.6
2026-08-20,Comirnaty,3.72,06:21:50,2,8,0.0
2026-08-20,Comirnaty,3.18,06:22:20,2,8,0.0
2026-08-20,Comirnaty,16.37,06:22:50,2,8,201.63
2026-08-20,Comirnaty,15.24,06:23:20,2,8,201.64
2026-08-20,Comirnaty,16.18,06:23:50,2,8,201.65
2026-08-20,Comirnaty,11.67,06:24:20,2,8,201.66
2026-08-20,Comirnaty,6.66,06:24:50,2,8,0.0
2026-08-20,Comirnaty,16.86,06:25:20,2,8,201.68
2026-08-20,Comirnaty,5.45,06:25:50,2,8,0.0
2026-08-20,Comirnaty,9.25,06:26:20,2,8,201.71
2026-08-20,Comirnaty,13.17,06:26:50,2,8,201.72
2026-08-20,Comirnaty,6.75,06:27:20,2,8,0.0
2026-08-20,Comirnaty,4.46,06:27:50,2,8,0.0
2026-08-20,Comirnaty,10.14,06:28:20,2,8,201.75
2026-08-20,Comirnaty,11.08,06:28:50,2,8,201.76
2026-08-20,Comirnaty,12.48,06:29:20,2,8,201.77
2026-08-20,Comirnaty,4.31,06:29:50,2,8,0.0
2026-08-20,Comirnaty,13.17,06:30:20,2,8,201.79
2026-08-20,Comirnaty,7.63,06:30:50,2,8,0.0
2026-08-20,Comirnaty,4.61,06:31:20,2,8,0.0
2026-08-20,Comirnaty,2.75,06:31:50,2,8,0.0
2026-08-20,Comirnaty,16.06,06:32:20,2,8,201.84
2026-08-20,Comirnaty,5.17,06:32:50,2,8,0.0
2026-08-20,Comirnaty,2.62,06:33:20,2,8,0.0
2026-08-20,Comirnaty,3.8,06:33:50,2,8,0.0
2026-08-20,Comirnaty,11.52,06:34:20,2,8,201.88
2026-08-20,Comirnaty,10.79,06:34:50,2,8,201.89
2026-08-20,Comirnaty,17.8,06:35:20,2,8,201.9
2026-08-20,Comirnaty,2.94,06:35:50,2,8,0.0
2026-08-20,Comirnaty,2.79,06:36:20,2,8,0.0
2026-08-20,Comirnaty,5.02,06:36:50,2,8,0.0
2026-08-20,Comirnaty,13.47,06:37:20,2,8,201.94
2026-08-20,Comirnaty,15.9,06:37:50,2,8,201.96
2026-08-20,Comirnaty,7.72,06:38:20,2,8,0.0
2026-08-20,Comirnaty,14.56,06:38:50,2,8,201.98
2026-08-20,Comirnaty,11.24,06:39:20,2,8,201.99
2026-08-20,Comirnaty,5.5,06:39:50,2,8,0.0
2026-08-20,Comirnaty,3.49,06:40:20,2,8,0.0
2026-08-20,Comirnaty,7.96,06:40:50,2,8,0.0
2026-08-20,Comirnaty,6.19,06:41:20,2,8,0.0
2026-08-20,Comirnaty,9.83,06:41:50,2,8,202.04
2026-08-20,Comirnaty,7.18,06:42:20,2,8,0.0
2026-08-20,Comirnaty,4.45,06:42:50,2,8,0.0
2026-08-20,Comirnaty,3.63,06:43:20,2,8,0.0
2026-08-20,Comirnaty,7.46,06:43:50,2,8,0.0
2026-08-20,Comirnaty,17.19,06:44:20,2,8,202.1
2026-08-20,Comirnaty,17.69,06:44:50,2,8,202.11
2026-08-20,Comirnaty,16.68,06:45:20,2,8,202.12
2026-08-20,Comirnaty,13.92,06:45:50,2,8,202.13
2026-08-20,Comirnaty,11.41,06:46:20,2,8,202.14
2026-08-20,Comirnaty,10.84,06:46:50,2,8,202.15
2026-08-20,Comirnaty,9.81,06:47:20,2,8,202.16
2026-08-20,Comirnaty,12.17,06:47:50,2,8,202.17
2026-08-20,Comirnaty,2.32,06:48:20,2,8,0.0
2026-08-20,Comirnaty,4.46,06:48:50,2,8,0.0
2026-08-20,Comirnaty,10.61,06:49:20,2,8,202.2
2026-08-20,Comirnaty,11.14,06:49:50,2,8,202.22
2026-08-20,Comirnaty,12.71,06:50:20,2,8,202.23
2026-08-20,Comirnaty,17.5,06:50:50,2,8,202.24
2026-08-20,Comirnaty,15.3,06:51:20,2,8,202.25
2026-08-20,Comirnaty,5.82,06:51:50,2,8,0.0
2026-08-20,Comirnaty,7.47,06:52:20,2,8,0.0
2026-08-20,Comirnaty,9.91,06:52:50,2,8,202.28
2026-08-20,Comirnaty,2.15,06:53:20,2,8,0.0
2026-08-20,Comirnaty,4.35,06:53:50,2,8,0.0
2026-08-20,Comirnaty,5.66,06:54:20,2,8,0.0
2026-08-20,Comirnaty,16.58,06:54:50,2,8,202.32
2026-08-20,Comirnaty,15.05,06:55:20,2,8,202.33
2026-08-20,Comirnaty,14.94,06:55:50,2,8,202.35
2026-08-20,Comirnaty,17.61,06:56:20,2,8,202.36
2026-08-20,Comirnaty,9.03,06:56:50,2,8,202.37
2026-08-20,Comirnaty,16.09,06:57:20,2,8,202.38
2026-08-20,Comirnaty,11.99,06:57:50,2,8,202.39
2026-08-20,Comirnaty,10.45,06:58:20,2,8,202.4
2026-08-20,Comirnaty,7.6,06:58:50,2,8,0.0
2026-08-20,Comirnaty,6.79,06:59:20,2,8,0.0
2026-08-20,Comirnaty,9.0,06:59:50,2,8,202.43
2026-08-20,Comirnaty,4.89,07:00:20,2,8,0.0
2026-08-20,Comirnaty,6.66,07:00:50,2,8,0.0
2026-08-20,Comirnaty,15.13,07:01:20,2,8,202.46
2026-08-20,Comirnaty,11.77,07:01:50,2,8,202.47
2026-08-20,Comirnaty,4.55,07:02:20,2,8,0.0
2026-08-20,Comirnaty,17.73,07:02:50,2,8,202.5
2026-08-20,Comirnaty,14.19,07:03:20,2,8,202.51
2026-08-20,Comirnaty,14.1,07:03:50,2,8,202.52
2026-08-20,Comirnaty,14.1,07:04:20,2,8,202.53
2026-08-20,Comirnaty,9.41,07:04:50,2,8,202.54
2026-08-20,Comirnaty,10.4,07:05:20,2,8,202.55
2026-08-20,Comirnaty,11.01,07:05:50,2,8,202.56
2026-08-20,Comirnaty,10.39,07:06:20,2,8,202.57
2026-08-20,Comirnaty,14.0,07:06:50,2,8,202.58
2026-08-20,Comirnaty,10.81,07:07:20,2,8,202.59
2026-08-20,Comirnaty,17.67,07:07:50,2,8,202.6
2026-08-20,Comirnaty,17.44,07:08:20,2,8,202.62
2026-08-20,Comirnaty,17.39,07:08:50,2,8,202.63
2026-08-20,Comirnaty,6.53,07:09:20,2,8,0.0
2026-08-20,Comirnaty,16.08,07:09:50,2,8,202.65
2026-08-20,Comirnaty,13.87,07:10:20,2,8,202.66
2026-08-20,Comirnaty,9.26,07:10:50,2,8,202.67
2026-08-20,Comirnaty,11.34,07:11:20,2,8,202.68
2026-08-20,Comirnaty,6.74,07:11:50,2,8,0.0
2026-08-20,Comirnaty,7.46,07:12:20,2,8,0.0
2026-08-20,Comirnaty,6.35,07:12:50,2,8,0.0
2026-08-20,Comirnaty,16.97,07:13:20,2,8,202.72
2026-08-20,Comirnaty,6.27,07:13:50,2,8,0.0
2026-08-20,Comirnaty,11.81,07:14:20,2,8,202.75
2026-08-20,Comirnaty,7.45,07:14:50,2,8,0.0
2026-08-20,Comirnaty,7.94,07:15:20,2,8,0.0
2026-08-20,Comirnaty,14.93,07:15:50,2,8,202.78
2026-08-20,Comirnaty,16.45,07:16:20,2,8,202.79
2026-08-20,Comirnaty,10.16,07:16:50,2,8,202.8
2026-08-20,Comirnaty,16.27,07:17:20,2,8,202.81
2026-08-20,Comirnaty,3.78,07:17:50,2,8,0.0
2026-08-20,Comirnaty,12.49,07:18:20,2,8,202.83
2026-08-20,Comirnaty,17.16,07:18:50,2,8,202.84
2026-08-20,Comirnaty,3.7,07:19:20,2,8,0.0
2026-08-20,Comirnaty,2.43,07:19:50,2,8,0.0
2026-08-20,Comirnaty,6.68,07:20:20,2,8,0.0
2026-08-20,Comirnaty,17.64,07:20:50,2,8,202.89
2026-08-20,Comirnaty,17.06,07:21:20,2,8,202.9
2026-08-20,Comirnaty,10.17,07:21:50,2,8,202.91
2026-08-20,Comirnaty,14.21,07:22:20,2,8,202.92
2026-08-20,Comirnaty,5.15,07:22:50,2,8,0.0
2026-08-20,Comirnaty,14.56,07:23:20,2,8,202.94
2026-08-20,Comirnaty,4.43,07:23:50,2,8,0.0
2026-08-20,Comirnaty,11.38,07:24:20,2,8,202.96
2026-08-20,Comirnaty,14.51,07:24:50,2,8,202.97
2026-08-20,Comirnaty,12.61,07:25:20,2,8,202.98
2026-08-20,Comirnaty,15.46,07:25:50,2,8,203.0
2026-08-20,Comirnaty,3.28,07:26:20,2,8,0.0
2026-08-20,Comirnaty,17.27,07:26:50,2,8,203.02
2026-08-20,Comirnaty,7.1,07:27:20,2,8,0.0
2026-08-20,Comirnaty,5.16,07:27:50,2,8,0.0
2026-08-20,Comirnaty,13.92,07:28:20,2,8,203.05
2026-08-20,Comirnaty,2.5,07:28:50,2,8,0.0
2026-08-20,Comirnaty,16.98,07:29:20,2,8,203.07
2026-08-20,Comirnaty,10.84,07:29:50,2,8,203.08
2026-08-20,Comirnaty,15.2,07:30:20,2,8,203.09
2026-08-20,Comirnaty,14.96,07:30:50,2,8,203.1
2026-08-20,Comirnaty,2.11,07:31:20,2,8,0.0
2026-08-20,Comirnaty,13.71,07:31:50,2,8,203.12
2026-08-20,Comirnaty,14.58,07:32:20,2,8,203.14
2026-08-20,Comirnaty,4.98,07:32:50,2,8,0.0
2026-08-20,Comirnaty,13.38,07:33:20,2,8,203.16
2026-08-20,Comirnaty,11.42,07:33:50,2,8,203.17
2026-08-20,Comirnaty,7.18,07:34:20,2,8,0.0
2026-08-20,Comirnaty,17.95,07:34:50,2,8,203.19
2026-08-20,Comirnaty,7.69,07:35:20,2,8,0.0
2026-08-20,Comirnaty,4.63,07:35:50,2,8,0.0
2026-08-20,Comirnaty,10.64,07:36:20,2,8,203.22
2026-08-20,Comirnaty,5.73,07:36:50,2,8,0.0
2026-08-20,Comirnaty,9.66,07:37:20,2,8,203.24
2026-08-20,Comirnaty,11.25,07:37:50,2,8,203.25
2026-08-20,Comirnaty,9.14,07:38:20,2,8,203.27
2026-08-20,Comirnaty,15.54,07:38:50,2,8,203.28
2026-08-20,Comirnaty,5.02,07:39:20,2,8,0.0
2026-08-20,Comirnaty,4.56,07:39:50,2,8,0.0
2026-08-20,Comirnaty,12.57,07:40:20,2,8,203.31
2026-08-20,Comirnaty,14.05,07:40:50,2,8,203.32
2026-08-20,Comirnaty,3.21,07:41:20,2,8,0.0
2026-08-20,Comirnaty,13.65,07:41:50,2,8,203.34
2026-08-20,Comirnaty,4.37,07:42:20,2,8,0.0
2026-08-20,Comirnaty,7.7,07:42:50,2,8,0.0
2026-08-20,Comirnaty,14.22,07:43:20,2,8,203.37
2026-08-20,Comirnaty,17.18,07:43:50,2,8,203.38
2026-08-20,Comirnaty,2.62,07:44:20,2,8,0.0
2026-08-20,Comirnaty,5.62,07:44:50,2,8,0.0
2026-08-20,Comirnaty,13.76,07:45:20,2,8,203.42
2026-08-20,Comirnaty,17.71,07:45:50,2,8,203.43
2026-08-20,Comirnaty,12.9,07:46:20,2,8,203.44
2026-08-20,Comirnaty,17.94,07:46:50,2,8,203.45
2026-08-20,Comirnaty,14.39,07:47:20,2,8,203.46
2026-08-20,Comirnaty,5.51,07:47:50,2,8,0.0
2026-08-20,Comirnaty,15.14,07:48:20,2,8,203.48
2026-08-20,Comirnaty,10.52,07:48:50,2,8,203.49
2026-08-20,Comirnaty,10.82,07:49:20,2,8,203.5
2026-08-20,Comirnaty,9.77,07:49:50,2,8,203.52
2026-08-20,Comirnaty,6.48,07:50:20,2,8,0.0
2026-08-20,Comirnaty,2.9,07:50:50,2,8,0.0
2026-08-20,Comirnaty,15.3,07:51:20,2,8,203.55
2026-08-20,Comirnaty,3.18,07:51:50,2,8,0.0
2026-08-20,Comirnaty,6.94,07:52:20,2,8,0.0
2026-08-20,Comirnaty,15.8,07:52:50,2,8,203.58
2026-08-20,Comirnaty,6.31,07:53:20,2,8,0.0
2026-08-20,Comirnaty,7.49,07:53:50,2,8,0.0
2026-08-20,Comirnaty,14.92,07:54:20,2,8,203.61
2026-08-20,Comirnaty,13.11,07:54:50,2,8,203.62
2026-08-20,Comirnaty,13.15,07:55:20,2,8,203.63
2026-08-20,Comirnaty,14.09,07:55:50,2,8,203.65
2026-08-20,Comirnaty,9.9,07:56:20,2,8,203.66
2026-08-20,Comirnaty,3.65,07:56:50,2,8,0.0
2026-08-20,Comirnaty,12.49,07:57:20,2,8,203.68
2026-08-20,Comirnaty,3.38,07:57:50,2,8,0.0
2026-08-20,Comirnaty,13.04,07:58:20,2,8,203.7
2026-08-20,Comirnaty,10.26,07:58:50,2,8,203.71
2026-08-20,Comirnaty,14.79,07:59:20,2,8,203.72
2026-08-20,Comirnaty,6.62,07:59:50,2,8,0.0
2026-08-20,Comirnaty,17.96,08:00:20,2,8,203.74
2026-08-20,Comirnaty,7.92,08:00:50,2,8,0.0
2026-08-20,Comirnaty,14.5,08:01:20,2,8,203.76
2026-08-20,Comirnaty,9.73,08:01:50,2,8,203.78
2026-08-20,Comirnaty,11.93,08:02:20,2,8,203.79
2026-08-20,Comirnaty,2.66,08:02:50,2,8,0.0
2026-08-20,Comirnaty,2.4,08:03:20,2,8,0.0
2026-08-20,Comirnaty,3.71,08:03:50,2,8,0.0
2026-08-20,Comirnaty,6.14,08:04:20,2,8,0.0
2026-08-20,Comirnaty,7.7,08:04:50,2,8,0.0
2026-08-20,Comirnaty,7.24,08:05:20,2,8,0.0
2026-08-20,Comirnaty,14.07,08:05:50,2,8,203.86
2026-08-20,Comirnaty,7.11,08:06:20,2,8,0.0
2026-08-20,Comirnaty,2.57,08:06:50,2,8,0.0
2026-08-20,Comirnaty,6.38,08:07:20,2,8,0.0
2026-08-20,Comirnaty,16.76,08:07:50,2,8,203.91
2026-08-20,Comirnaty,7.76,08:08:20,2,8,0.0
2026-08-20,Comirnaty,13.15,08:08:50,2,8,203.93
2026-08-20,Comirnaty,10.68,08:09:20,2,8,203.94
2026-08-20,Comirnaty,16.12,08:09:50,2,8,203.95
2026-08-20,Comirnaty,10.23,08:10:20,2,8,203.96
2026-08-20,Comirnaty,5.64,08:10:50,2,8,0.0
2026-08-20,Comirnaty,14.27,08:11:20,2,8,203.98
2026-08-20,Comirnaty,17.24,08:11:50,2,8,203.99
2026-08-20,Comirnaty,7.74,08:12:20,2,8,0.0
2026-08-20,Comirnaty,3.05,08:12:50,2,8,0.0
2026-08-20,Comirnaty,13.93,08:13:20,2,8,204.02
2026-08-20,Comirnaty,3.31,08:13:50,2,8,0.0
2026-08-20,Comirnaty,14.21,08:14:20,2,8,204.05
2026-08-20,Comirnaty,17.79,08:14:50,2,8,204.06
2026-08-20,Comirnaty,3.82,08:15:20,2,8,0.0
2026-08-20,Comirnaty,6.18,08:15:50,2,8,0.0
2026-08-20,Comirnaty,9.12,08:16:20,2,8,204.09
2026-08-20,Comirnaty,5.63,08:16:50,2,8,0.0
2026-08-20,Comirnaty,16.95,08:17:20,2,8,204.11
2026-08-20,Comirnaty,16.69,08:17:50,2,8,204.12
2026-08-20,Comirnaty,15.45,08:18:20,2,8,204.13
2026-08-20,Comirnaty,13.27,08:18:50,2,8,204.14
2026-08-20,Comirnaty,14.16,08:19:20,2,8,204.15
2026-08-20,Comirnaty,5.7,08:19:50,2,8,0.0
2026-08-20,Comirnaty,13.11,08:20:20,2,8,204.18
2026-08-20,Comirnaty,13.81,08:20:50,2,8,204.19
2026-08-20,Comirnaty,9.53,08:21:20,2,8,204.2
2026-08-20,Comirnaty,10.79,08:21:50,2,8,204.21
2026-08-20,Comirnaty,4.16,08:22:20,2,8,0.0
2026-08-20,Comirnaty,4.37,08:22:50,2,8,0.0
2026-08-20,Comirnaty,7.28,08:23:20,2,8,0.0
2026-08-20,Comirnaty,4.77,08:23:50,2,8,0.0
2026-08-20,Comirnaty,14.37,08:24:20,2,8,204.26
2026-08-20,Comirnaty,4.18,08:24:50,2,8,0.0
2026-08-20,Comirnaty,4.22,08:25:20,2,8,0.0
2026-08-20,Comirnaty,16.74,08:25:50,2,8,204.3
2026-08-20,Comirnaty,4.7,08:26:20,2,8,0.0
2026-08-20,Comirnaty,2.21,08:26:50,2,8,0.0
2026-08-20,Comirnaty,15.38,08:27:20,2,8,204.33
2026-08-20,Comirnaty,7.56,08:27:50,2,8,0.0
2026-08-20,Comirnaty,5.3,08:28:20,2,8,0.0
2026-08-20,Comirnaty,14.55,08:28:50,2,8,204.36
2026-08-20,Comirnaty,6.23,08:29:20,2,8,0.0
2026-08-20,Comirnaty,16.45,08:29:50,2,8,204.38
2026-08-20,Comirnaty,17.01,08:30:20,2,8,204.39
2026-08-20,Comirnaty,15.42,08:30:50,2,8,204.4
2026-08-20,Comirnaty,15.88,08:31:20,2,8,204.41
2026-08-20,Comirnaty,3.13,08:31:50,2,8,0.0
2026-08-20,Comirnaty,13.38,08:32:20,2,8,204.44
2026-08-20,Comirnaty,6.18,08:32:50,2,8,0.0
2026-08-20,Comirnaty,15.18,08:33:20,2,8,204.46
2026-08-20,Comirnaty,15.08,08:33:50,2,8,204.47
2026-08-20,Comirnaty,2.33,08:34:20,2,8,0.0
2026-08-20,Comirnaty,7.14,08:34:50,2,8,0.0
2026-08-20,Comirnaty,13.34,08:35:20,2,8,204.5
2026-08-20,Comirnaty,7.9,08:35:50,2,8,0.0
2026-08-20,Comirnaty,6.84,08:36:20,2,8,0.0
2026-08-20,Comirnaty,5.54,08:36:50,2,8,0.0
2026-08-20,Comirnaty,12.11,08:37:20,2,8,204.54
2026-08-20,Comirnaty,13.42,08:37:50,2,8,204.56
2026-08-20,Comirnaty,17.74,08:38:20,2,8,204.57
2026-08-20,Comirnaty,12.24,08:38:50,2,8,204.58
2026-08-20,Comirnaty,11.35,08:39:20,2,8,204.59
2026-08-20,Comirnaty,7.01,08:39:50,2,8,0.0
2026-08-20,Comirnaty,5.86,08:40:20,2,8,0.0
2026-08-20,Comirnaty,17.99,08:40:50,2,8,204.62
2026-08-20,Comirnaty,13.51,08:41:20,2,8,204.63
2026-08-20,Comirnaty,2.08,08:41:50,2,8,0.0
2026-08-20,Comirnaty,17.13,08:42:20,2,8,204.65
2026-08-20,Comirnaty,5.5,08:42:50,2,8,0.0
2026-08-20,Comirnaty,11.72,08:43:20,2,8,204.67
2026-08-20,Comirnaty,3.51,08:43:50,2,8,0.0
2026-08-20,Comirnaty,2.96,08:44:20,2,8,0.0
2026-08-20,Comirnaty,12.44,08:44:50,2,8,204.71
2026-08-20,Comirnaty,2.0,08:45:20,2,8,0.0
2026-08-20,Comirnaty,15.85,08:45:50,2,8,204.73
2026-08-20,Comirnaty,16.99,08:46:20,2,8,204.74
2026-08-20,Comirnaty,17.78,08:46:50,2,8,204.75
2026-08-20,Comirnaty,2.5,08:47:20,2,8,0.0
2026-08-20,Comirnaty,3.59,08:47:50,2,8,0.0
2026-08-20,Comirnaty,11.57,08:48:20,2,8,204.78
2026-08-20,Comirnaty,6.31,08:48:50,2,8,0.0
2026-08-20,Comirnaty,5.43,08:49:20,2,8,0.0
2026-08-20,Comirnaty,6.87,08:49:50,2,8,0.0
2026-08-20,Comirnaty,14.24,08:50:20,2,8,204.83
2026-08-20,Comirnaty,2.98,08:50:50,2,8,0.0
2026-08-20,Comirnaty,10.58,08:51:20,2,8,204.85
2026-08-20,Comirnaty,9.8,08:51:50,2,8,204.86
2026-08-20,Comirnaty,3.7,08:52:20,2,8,0.0
2026-08-20,Comirnaty,16.66,08:52:50,2,8,204.88
2026-08-20,Comirnaty,13.5,08:53:20,2,8,204.89
2026-08-20,Comirnaty,13.04,08:53:50,2,8,204.9
2026-08-20,Comirnaty,2.57,08:54:20,2,8,0.0
2026-08-20,Comirnaty,14.05,08:54:50,2,8,204.92
2026-08-20,Comirnaty,7.29,08:55:20,2,8,0.0
2026-08-20,Comirnaty,3.33,08:55:50,2,8,0.0
2026-08-20,Comirnaty,4.31,08:56:20,2,8,0.0
2026-08-20,Comirnaty,7.71,08:56:50,2,8,0.0
2026-08-20,Comirnaty,2.39,08:57:20,2,8,0.0
2026-08-20,Comirnaty,3.45,08:57:50,2,8,0.0
2026-08-20,Comirnaty,11.69,08:58:20,2,8,205.0
2026-08-20,Comirnaty,13.85,08:58:50,2,8,205.01
2026-08-20,Comirnaty,17.96,08:59:20,2,8,205.02
2026-08-20,Comirnaty,14.68,08:59:50,2,8,205.03
2026-08-20,Comirnaty,7.59,09:00:20,2,8,0.0
2026-08-20,Comirnaty,17.49,09:00:50,2,8,205.05
2026-08-20,Comirnaty,7.58,09:01:20,2,8,0.0
2026-08-20,Comirnaty,4.94,09:01:50,2,8,0.0
2026-08-20,Comirnaty,2.95,09:02:20,2,8,0.0
2026-08-20,Comirnaty,2.65,09:02:50,2,8,0.0
2026-08-20,Comirnaty,17.43,09:03:20,2,8,205.11
2026-08-20,Comirnaty,17.72,09:03:50,2,8,205.12
2026-08-20,Comirnaty,16.85,09:04:20,2,8,205.13
2026-08-20,Comirnaty,2.89,09:04:50,2,8,0.0
2026-08-20,Comirnaty,4.0,09:05:20,2,8,0.0
2026-08-20,Comirnaty,7.64,09:05:50,2,8,0.0
2026-08-20,Comirnaty,7.6,09:06:20,2,8,0.0
2026-08-20,Comirnaty,15.02,09:06:50,2,8,205.18
2026-08-20,Comirnaty,10.55,09:07:20,2,8,205.19
2026-08-20,Comirnaty,11.43,09:07:50,2,8,205.21
2026-08-20,Comirnaty,11.04,09:08:20,2,8,205.22
2026-08-20,Comirnaty,9.23,09:08:50,2,8,205.23
2026-08-20,Comirnaty,12.06,09:09:20,2,8,205.24
2026-08-20,Comirnaty,17.06,09:09:50,2,8,205.25
2026-08-20,Comirnaty,13.85,09:10:20,2,8,205.26
2026-08-20,Comirnaty,15.29,09:10:50,2,8,205.27
2026-08-20,Comirnaty,16.27,09:11:20,2,8,205.28
2026-08-20,Comirnaty,9.39,09:11:50,2,8,205.29
2026-08-20,Comirnaty,12.69,09:12:20,2,8,205.3
2026-08-20,Comirnaty,13.04,09:12:50,2,8,205.31
2026-08-20,Comirnaty,2.06,09:13:20,2,8,0.0
2026-08-20,Comirnaty,17.17,09:13:50,2,8,205.33
2026-08-20,Comirnaty,12.42,09:14:20,2,8,205.35
2026-08-20,Comirnaty,15.58,09:14:50,2,8,205.36
2026-08-20,Comirnaty,3.52,09:15:20,2,8,0.0
2026-08-20,Comirnaty,9.13,09:15:50,2,8,205.38
2026-08-20,Comirnaty,10.22,09:16:20,2,8,205.39
2026-08-20,Comirnaty,16.28,09:16:50,2,8,205.4
2026-08-20,Comirnaty,15.51,09:17:20,2,8,205.41
2026-08-20,Comirnaty,9.81,09:17:50,2,8,205.42
2026-08-20,Comirnaty,17.56,09:18:20,2,8,205.43
2026-08-20,Comirnaty,10.69,09:18:50,2,8,205.44
2026-08-20,Comirnaty,6.39,09:19:20,2,8,0.0
2026-08-20,Comirnaty,4.03,09:19:50,2,8,0.0
2026-08-20,Comirnaty,9.78,09:20:20,2,8,205.48
2026-08-20,Comirnaty,5.87,09:20:50,2,8,0.0
2026-08-20,Comirnaty,12.2,09:21:20,2,8,205.5
2026-08-20,Comirnaty,5.96,09:21:50,2,8,0.0
2026-08-20,Comirnaty,5.02,09:22:20,2,8,0.0
2026-08-20,Comirnaty,13.86,09:22:50,2,8,205.53
2026-08-20,Comirnaty,16.26,09:23:20,2,8,205.54
2026-08-20,Comirnaty,15.09,09:23:50,2,8,205.55
2026-08-20,Comirnaty,17.24,09:24:20,2,8,205.56
2026-08-20,Comirnaty,16.25,09:24:50,2,8,205.57
2026-08-20,Comirnaty,15.23,09:25:20,2,8,205.58
2026-08-20,Comirnaty,16.64,09:25:50,2,8,205.6
2026-08-20,Comirnaty,17.88,09:26:20,2,8,205.61
2026-08-20,Comirnaty,6.91,09:26:50,2,8,0.0
2026-08-20,Comirnaty,6.0,09:27:20,2,8,0.0
2026-08-20,Comirnaty,15.69,09:27:50,2,8,205.64
2026-08-20,Comirnaty,7.62,09:28:20,2,8,0.0
2026-08-20,Comirnaty,10.49,09:28:50,2,8,205.66
2026-08-20,Comirnaty,16.26,09:29:20,2,8,205.67
2026-08-20,Comirnaty,11.86,09:29:50,2,8,205.68
2026-08-20,Comirnaty,7.74,09:30:20,2,8,0.0
2026-08-20,Comirnaty,10.97,09:30:50,2,8,205.7
2026-08-20,Comirnaty,17.38,09:31:20,2,8,205.71
2026-08-20,Comirnaty,12.95,09:31:50,2,8,205.72
2026-08-20,Comirnaty,12.47,09:32:20,2,8,205.74
2026-08-20,Comirnaty,11.64,09:32:50,2,8,205.75
2026-08-20,Comirnaty,12.52,09:33:20,2,8,205.76
2026-08-20,Comirnaty,17.97,09:33:50,2,8,205.77
2026-08-20,Comirnaty,15.98,09:34:20,2,8,205.78
2026-08-20,Comirnaty,12.83,09:34:50,2,8,205.79
2026-08-20,Comirnaty,15.24,09:35:20,2,8,205.8
2026-08-20,Comirnaty,15.73,09:35:50,2,8,205.81
2026-08-20,Comirnaty,5.0,09:36:20,2,8,0.0
2026-08-20,Comirnaty,13.8,09:36:50,2,8,205.83
2026-08-20,Comirnaty,17.09,09:37:20,2,8,205.84
2026-08-20,Comirnaty,10.23,09:37:50,2,8,205.85
2026-08-20,Comirnaty,7.49,09:38:20,2,8,0.0
2026-08-20,Comirnaty,11.46,09:38:50,2,8,205.88
2026-08-20,Comirnaty,6.32,09:39:20,2,8,0.0
2026-08-20,Comirnaty,3.52,09:39:50,2,8,0.0
2026-08-20,Comirnaty,10.88,09:40:20,2,8,205.91
2026-08-20,Comirnaty,3.94,09:40:50,2,8,0.0
2026-08-20,Comirnaty,5.55,09:41:20,2,8,0.0
2026-08-20,Comirnaty,2.2,09:41:50,2,8,0.0
2026-08-20,Comirnaty,13.91,09:42:20,2,8,205.95
2026-08-20,Comirnaty,17.03,09:42:50,2,8,205.96
2026-08-20,Comirnaty,13.48,09:43:20,2,8,205.97
2026-08-20,Comirnaty,2.76,09:43:50,2,8,0.0
2026-08-20,Comirnaty,3.69,09:44:20,2,8,0.0
2026-08-20,Comirnaty,9.46,09:44:50,2,8,206.01
2026-08-20,Comirnaty,16.09,09:45:20,2,8,206.02
2026-08-20,Comirnaty,4.57,09:45:50,2,8,0.0
2026-08-20,Comirnaty,12.86,09:46:20,2,8,206.04
2026-08-20,Comirnaty,7.84,09:46:50,2,8,0.0
2026-08-20,Comirnaty,9.27,09:47:20,2,8,206.06
2026-08-20,Comirnaty,11.99,09:47:50,2,8,206.07
2026-08-20,Comirnaty,9.36,09:48:20,2,8,206.08
2026-08-20,Comirnaty,16.47,09:48:50,2,8,206.09
2026-08-20,Comirnaty,2.56,09:49:20,2,8,0.0
2026-08-20,Comirnaty,13.65,09:49:50,2,8,206.12
2026-08-20,Comirnaty,15.87,09:50:20,2,8,206.13
2026-08-20,Comirnaty,3.83,09:50:50,2,8,0.0
2026-08-20,Comirnaty,15.15,09:51:20,2,8,206.15
2026-08-20,Comirnaty,5.92,09:51:50,2,8,0.0
2026-08-20,Comirnaty,14.34,09:52:20,2,8,206.17
2026-08-20,Comirnaty,12.37,09:52:50,2,8,206.18
2026-08-20,Comirnaty,10.09,09:53:20,2,8,206.19
2026-08-20,Comirnaty,7.16,09:53:50,2,8,0.0
2026-08-20,Comirnaty,16.4,09:54:20,2,8,206.21
2026-08-20,Comirnaty,15.28,09:54:50,2,8,206.22
2026-08-20,Comirnaty,5.65,09:55:20,2,8,0.0
2026-08-20,Comirnaty,6.88,09:55:50,2,8,0.0
2026-08-20,Comirnaty,10.48,09:56:20,2,8,206.26
2026-08-20,Comirnaty,15.26,09:56:50,2,8,206.27
2026-08-20,Comirnaty,4.99,09:57:20,2,8,0.0
2026-08-20,Comirnaty,13.92,09:57:50,2,8,206.29
2026-08-20,Comirnaty,4.41,09:58:20,2,8,0.0
2026-08-20,Comirnaty,14.97,09:58:50,2,8,206.31
2026-08-20,Comirnaty,4.3,09:59:20,2,8,0.0
2026-08-20,Comirnaty,14.8,09:59:50,2,8,206.33
2026-08-20,Comirnaty,12.41,10:00:20,2,8,206.34
2026-08-20,Comirnaty,9.98,10:00:50,2,8,206.35
2026-08-20,Comirnaty,16.66,10:01:20,2,8,206.36
2026-08-20,Comirnaty,11.81,10:01:50,2,8,206.38
2026-08-20,Comirnaty,13.56,10:02:20,2,8,206.39
2026-08-20,Comirnaty,17.67,10:02:50,2,8,206.4
2026-08-20,Comirnaty,5.27,10:03:20,2,8,0.0
2026-08-20,Comirnaty,9.94,10:03:50,2,8,206.42
2026-08-20,Comirnaty,10.39,10:04:20,2,8,206.43
2026-08-20,Comirnaty,3.66,10:04:50,2,8,0.0
2026-08-20,Comirnaty,4.55,10:05:20,2,8,0.0
2026-08-20,Comirnaty,15.34,10:05:50,2,8,206.46
2026-08-20,Comirnaty,14.96,10:06:20,2,8,206.47
2026-08-20,Comirnaty,14.82,10:06:50,2,8,206.48
2026-08-20,Comirnaty,5.12,10:07:20,2,8,0.0
2026-08-20,Comirnaty,7.97,10:07:50,2,8,0.0
2026-08-20,Comirnaty,16.7,10:08:20,2,8,206.52
2026-08-20,Comirnaty,16.03,10:08:50,2,8,206.53
2026-08-20,Comirnaty,12.67,10:09:20,2,8,206.54
2026-08-20,Comirnaty,9.78,10:09:50,2,8,206.55
2026-08-20,Comirnaty,5.02,10:10:20,2,8,0.0
2026-08-20,Comirnaty,6.33,10:10:50,2,8,0.0
2026-08-20,Comirnaty,15.63,10:11:20,2,8,206.58
2026-08-20,Comirnaty,6.58,10:11:50,2,8,0.0
2026-08-20,Comirnaty,5.67,10:12:20,2,8,0.0
2026-08-20,Comirnaty,14.48,10:12:50,2,8,206.61
2026-08-20,Comirnaty,16.73,10:13:20,2,8,206.62
2026-08-20,Comirnaty,11.51,10:13:50,2,8,206.63
2026-08-20,Comirnaty,16.05,10:14:20,2,8,206.65
2026-08-20,Comirnaty,15.24,10:14:50,2,8,206.66
2026-08-20,Comirnaty,5.31,10:15:20,2,8,0.0
2026-08-20,Comirnaty,17.32,10:15:50,2,8,206.68
2026-08-20,Comirnaty,6.42,10:16:20,2,8,0.0
2026-08-20,Comirnaty,2.42,10:16:50,2,8,0.0
2026-08-20,Comirnaty,3.76,10:17:20,2,8,0.0
2026-08-20,Comirnaty,16.33,10:17:50,2,8,206.72
2026-08-20,Comirnaty,11.53,10:18:20,2,8,206.73
2026-08-20,Comirnaty,15.69,10:18:50,2,8,206.74
2026-08-20,Comirnaty,5.44,10:19:20,2,8,0.0
2026-08-20,Comirnaty,17.24,10:19:50,2,8,206.77
2026-08-20,Comirnaty,17.84,10:20:20,2,8,206.78
2026-08-20,Comirnaty,6.77,10:20:50,2,8,0.0
2026-08-20,Comirnaty,14.3,10:21:20,2,8,206.8
2026-08-20,Comirnaty,5.26,10:21:50,2,8,0.0
2026-08-20,Comirnaty,7.48,10:22:20,2,8,0.0
2026-08-20,Comirnaty,6.91,10:22:50,2,8,0.0
2026-08-20,Comirnaty,5.68,10:23:20,2,8,0.0
2026-08-20,Comirnaty,13.86,10:23:50,2,8,206.85
2026-08-20,Comirnaty,14.14,10:24:20,2,8,206.86
2026-08-20,Comirnaty,10.74,10:24:50,2,8,206.87
2026-08-20,Comirnaty,10.52,10:25:20,2,8,206.88
2026-08-20,Comirnaty,10.93,10:25:50,2,8,206.9
2026-08-20,Comirnaty,11.19,10:26:20,2,8,206.91
2026-08-20,Comirnaty,9.95,10:26:50,2,8,206.92
2026-08-20,Comirnaty,9.77,10:27:20,2,8,206.93
2026-08-20,Comirnaty,2.8,10:27:50,2,8,0.0
2026-08-20,Comirnaty,10.98,10:28:20,2,8,206.95
2026-08-20,Comirnaty,14.84,10:28:50,2,8,206.96
2026-08-20,Comirnaty,12.68,10:29:20,2,8,206.97
2026-08-20,Comirnaty,3.42,10:29:50,2,8,0.0
2026-08-20,Comirnaty,7.11,10:30:20,2,8,0.0
2026-08-20,Comirnaty,2.94,10:30:50,2,8,0.0
2026-08-20,Comirnaty,10.41,10:31:20,2,8,207.01
2026-08-20,Comirnaty,17.43,10:31:50,2,8,207.03
2026-08-20,Comirnaty,17.52,10:32:20,2,8,207.04
2026-08-20,Comirnaty,5.53,10:32:50,2,8,0.0
2026-08-20,Comirnaty,2.68,10:33:20,2,8,0.0
2026-08-20,Comirnaty,17.59,10:33:50,2,8,207.07
2026-08-20,Comirnaty,14.23,10:34:20,2,8,207.08
2026-08-20,Comirnaty,4.67,10:34:50,2,8,0.0
2026-08-20,Comirnaty,15.3,10:35:20,2,8,207.1
2026-08-20,Comirnaty,14.5,10:35:50,2,8,207.11
2026-08-20,Comirnaty,10.44,10:36:20,2,8,207.12
2026-08-20,Comirnaty,13.61,10:36:50,2,8,207.13
2026-08-20,Comirnaty,14.57,10:37:20,2,8,207.14
2026-08-20,Comirnaty,3.38,10:37:50,2,8,0.0
2026-08-20,Comirnaty,14.01,10:38:20,2,8,207.17
2026-08-20,Comirnaty,16.61,10:38:50,2,8,207.18
2026-08-20,Comirnaty,11.74,10:39:20,2,8,207.19
2026-08-20,Comirnaty,2.26,10:39:50,2,8,0.0
2026-08-20,Comirnaty,12.64,10:40:20,2,8,207.21
2026-08-20,Comirnaty,12.6,10:40:50,2,8,207.22
2026-08-20,Comirnaty,7.98,10:41:20,2,8,0.0
2026-08-20,Comirnaty,12.25,10:41:50,2,8,207.24
2026-08-20,Comirnaty,14.42,10:42:20,2,8,207.25
2026-08-20,Comirnaty,13.46,10:42:50,2,8,207.26
2026-08-20,Comirnaty,11.92,10:43:20,2,8,207.27
2026-08-20,Comirnaty,12.04,10:43:50,2,8,207.28
2026-08-20,Comirnaty,6.34,10:44:20,2,8,0.0
2026-08-20,Comirnaty,11.79,10:44:50,2,8,207.31
2026-08-20,Comirnaty,16.74,10:45:20,2,8,207.32
2026-08-20,Comirnaty,3.57,10:45:50,2,8,0.0
2026-08-20,Comirnaty,17.18,10:46:20,2,8,207.34
2026-08-20,Comirnaty,12.11,10:46:50,2,8,207.35
2026-08-20,Comirnaty,2.14,10:47:20,2,8,0.0
2026-08-20,Comirnaty,2.75,10:47:50,2,8,0.0
2026-08-20,Comirnaty,5.29,10:48:20,2,8,0.0
2026-08-20,Comirnaty,4.44,10:48:50,2,8,0.0
2026-08-20,Comirnaty,15.98,10:49:20,2,8,207.4
2026-08-20,Comirnaty,2.2,10:49:50,2,8,0.0
2026-08-20,Comirnaty,6.01,10:50:20,2,8,0.0
2026-08-20,Comirnaty,12.76,10:50:50,2,8,207.44
2026-08-20,Comirnaty,13.65,10:51:20,2,8,207.45
2026-08-20,Comirnaty,7.2,10:51:50,2,8,0.0
2026-08-20,Comirnaty,14.55,10:52:20,2,8,207.47
2026-08-20,Comirnaty,9.35,10:52:50,2,8,207.48
2026-08-20,Comirnaty,16.8,10:53:20,2,8,207.49
2026-08-20,Comirnaty,17.72,10:53:50,2,8,207.5
2026-08-20,Comirnaty,4.23,10:54:20,2,8,0.0
2026-08-20,Comirnaty,16.03,10:54:50,2,8,207.52
2026-08-20,Comirnaty,6.52,10:55:20,2,8,0.0
2026-08-20,Comirnaty,13.81,10:55:50,2,8,207.55
2026-08-20,Comirnaty,9.57,10:56:20,2,8,207.56
2026-08-20,Comirnaty,2.18,10:56:50,2,8,0.0
2026-08-20,Comirnaty,11.35,10:57:20,2,8,207.58
2026-08-20,Comirnaty,2.75,10:57:50,2,8,0.0
2026-08-20,Comirnaty,5.0,10:58:20,2,8,0.0
2026-08-20,Comirnaty,6.26,10:58:50,2,8,0.0
2026-08-20,Comirnaty,5.79,10:59:20,2,8,0.0
2026-08-20,Comirnaty,5.54,10:59:50,2,8,0.0
2026-08-20,Comirnaty,11.56,11:00:20,2,8,207.64
2026-08-20,Comirnaty,10.53,11:00:50,2,8,207.65
2026-08-20,Comirnaty,15.44,11:01:20,2,8,207.66
2026-08-20,Comirnaty,17.8,11:01:50,2,8,207.68
2026-08-20,Comirnaty,14.77,11:02:20,2,8,207.69
2026-08-20,Comirnaty,14.9,11:02:50,2,8,207.7
2026-08-20,Comirnaty,4.82,11:03:20,2,8,0.0
2026-08-20,Comirnaty,3.74,11:03:50,2,8,0.0
2026-08-20,Comirnaty,9.12,11:04:20,2,8,207.73
2026-08-20,Comirnaty,6.29,11:04:50,2,8,0.0
2026-08-20,Comirnaty,17.68,11:05:20,2,8,207.75
2026-08-20,Comirnaty,9.49,11:05:50,2,8,207.76
2026-08-20,Comirnaty,6.61,11:06:20,2,8,0.0
2026-08-20,Comirnaty,11.65,11:06:50,2,8,207.78
2026-08-20,Comirnaty,16.59,11:07:20,2,8,207.79
2026-08-20,Comirnaty,16.46,11:07:50,2,8,207.81
2026-08-20,Comirnaty,5.16,11:08:20,2,8,0.0
2026-08-20,Comirnaty,15.3,11:08:50,2,8,207.83
2026-08-20,Comirnaty,14.41,11:09:20,2,8,207.84
2026-08-20,Comirnaty,6.05,11:09:50,2,8,0.0
2026-08-20,Comirnaty,5.63,11:10:20,2,8,0.0
2026-08-20,Comirnaty,16.21,11:10:50,2,8,207.87
2026-08-20,Comirnaty,7.26,11:11:20,2,8,0.0
2026-08-20,Comirnaty,10.02,11:11:50,2,8,207.89
2026-08-20,Comirnaty,3.58,11:12:20,2,8,0.0
2026-08-20,Comirnaty,9.14,11:12:50,2,8,207.91
2026-08-20,Comirnaty,9.69,11:13:20,2,8,207.92
2026-08-20,Comirnaty,16.44,11:13:50,2,8,207.94
2026-08-20,Comirnaty,2.19,11:14:20,2,8,0.0
2026-08-20,Comirnaty,16.55,11:14:50,2,8,207.96
2026-08-20,Comirnaty,16.82,11:15:20,2,8,207.97
2026-08-20,Comirnaty,2.46,11:15:50,2,8,0.0
2026-08-20,Comirnaty,2.71,11:16:20,2,8,0.0
2026-08-20,Comirnaty,15.55,11:16:50,2,8,208.0
2026-08-20,Comirnaty,2.0,11:17:20,2,8,0.0
2026-08-20,Comirnaty,11.41,11:17:50,2,8,208.02
2026-08-20,Comirnaty,9.33,11:18:20,2,8,208.03
2026-08-20,Comirnaty,14.02,11:18:50,2,8,208.04
2026-08-20,Comirnaty,5.89,11:19:20,2,8,0.0
2026-08-20,Comirnaty,17.89,11:19:50,2,8,208.07
2026-08-20,Comirnaty,13.67,11:20:20,2,8,208.08
2026-08-20,Comirnaty,14.23,11:20:50,2,8,208.09
2026-08-20,Comirnaty,17.5,11:21:20,2,8,208.1
2026-08-20,Comirnaty,13.8,11:21:50,2,8,208.11
2026-08-20,Comirnaty,16.61,11:22:20,2,8,208.12
2026-08-20,Comirnaty,12.05,11:22:50,2,8,208.13
2026-08-20,Comirnaty,13.06,11:23:20,2,8,208.14
2026-08-20,Comirnaty,3.24,11:23:50,2,8,0.0
2026-08-20,Comirnaty,13.19,11:24:20,2,8,208.16
2026-08-20,Comirnaty,5.82,11:24:50,2,8,0.0
2026-08-20,Comirnaty,14.59,11:25:20,2,8,208.18
2026-08-20,Comirnaty,9.17,11:25:50,2,8,208.2
2026-08-20,Comirnaty,11.78,11:26:20,2,8,208.21
2026-08-20,Comirnaty,12.58,11:26:50,2,8,208.22
2026-08-20,Comirnaty,14.6,11:27:20,2,8,208.23
2026-08-20,Comirnaty,13.1,11:27:50,2,8,208.24
2026-08-20,Comirnaty,5.23,11:28:20,2,8,0.0
2026-08-20,Comirnaty,10.65,11:28:50,2,8,208.26
2026-08-20,Comirnaty,11.4,11:29:20,2,8,208.27
2026-08-20,Comirnaty,11.12,11:29:50,2,8,208.28
2026-08-20,Comirnaty,9.23,11:30:20,2,8,208.29
2026-08-20,Comirnaty,4.06,11:30:50,2,8,0.0
2026-08-20,Comirnaty,7.35,11:31:20,2,8,0.0
2026-08-20,Comirnaty,15.05,11:31:50,2,8,208.33
2026-08-20,Comirnaty,10.98,11:32:20,2,8,208.34
2026-08-20,Comirnaty,17.17,11:32:50,2,8,208.35
2026-08-20,Comirnaty,13.96,11:33:20,2,8,208.36
2026-08-20,Comirnaty,6.41,11:33:50,2,8,0.0
2026-08-20,Comirnaty,14.3,11:34:20,2,8,208.38
2026-08-20,Comirnaty,4.05,11:34:50,2,8,0.0
2026-08-20,Comirnaty,15.0,11:35:20,2,8,208.4
2026-08-20,Comirnaty,10.03,11:35:50,2,8,208.41
2026-08-20,Comirnaty,17.73,11:36:20,2,8,208.42
2026-08-20,Comirnaty,10.72,11:36:50,2,8,208.43
2026-08-20,Comirnaty,14.82,11:37:20,2,8,208.44
2026-08-20,Comirnaty,6.95,11:37:50,2,8,0.0
2026-08-20,Comirnaty,11.19,11:38:20,2,8,208.47
2026-08-20,Comirnaty,12.43,11:38:50,2,8,208.48
2026-08-20,Comirnaty,12.34,11:39:20,2,8,208.49
2026-08-20,Comirnaty,16.19,11:39:50,2,8,208.5
2026-08-20,Comirnaty,7.14,11:40:20,2,8,0.0
2026-08-20,Comirnaty,16.77,11:40:50,2,8,208.52
2026-08-20,Comirnaty,13.76,11:41:20,2,8,208.53
2026-08-20,Comirnaty,15.3,11:41:50,2,8,208.54
2026-08-20,Comirnaty,5.21,11:42:20,2,8,0.0
2026-08-20,Comirnaty,7.11,11:42:50,2,8,0.0
2026-08-20,Comirnaty,12.11,11:43:20,2,8,208.57
2026-08-20,Comirnaty,11.6,11:43:50,2,8,208.58
2026-08-20,Comirnaty,5.56,11:44:20,2,8,0.0
2026-08-20,Comirnaty,15.75,11:44:50,2,8,208.61
2026-08-20,Comirnaty,16.61,11:45:20,2,8,208.62
2026-08-20,Comirnaty,3.28,11:45:50,2,8,0.0
2026-08-20,Comirnaty,4.6,11:46:20,2,8,0.0
2026-08-20,Comirnaty,14.42,11:46:50,2,8,208.65
2026-08-20,Comirnaty,12.87,11:47:20,2,8,208.66
2026-08-20,Comirnaty,16.13,11:47:50,2,8,208.67
2026-08-20,Comirnaty,16.75,11:48:20,2,8,208.68
2026-08-20,Comirnaty,5.32,11:48:50,2,8,0.0
2026-08-20,Comirnaty,2.05,11:49:20,2,8,0.0
2026-08-20,Comirnaty,13.55,11:49:50,2,8,208.72
2026-08-20,Comirnaty,15.05,11:50:20,2,8,208.73
2026-08-20,Comirnaty,15.11,11:50:50,2,8,208.74
2026-08-20,Comirnaty,2.47,11:51:20,2,8,0.0
2026-08-20,Comirnaty,2.23,11:51:50,2,8,0.0
2026-08-20,Comirnaty,5.38,11:52:20,2,8,0.0
2026-08-20,Comirnaty,13.55,11:52:50,2,8,208.78
2026-08-20,Comirnaty,11.62,11:53:20,2,8,208.79
2026-08-20,Comirnaty,12.12,11:53:50,2,8,208.8
2026-08-20,Comirnaty,17.22,11:54:20,2,8,208.81
2026-08-20,Comirnaty,12.0,11:54:50,2,8,208.82
2026-08-20,Comirnaty,14.93,11:55:20,2,8,208.83
2026-08-20,Comirnaty,9.23,11:55:50,2,8,208.85
2026-08-20,Comirnaty,16.27,11:56:20,2,8,208.86
2026-08-20,Comirnaty,17.93,11:56:50,2,8,208.87
2026-08-20,Comirnaty,7.17,11:57:20,2,8,0.0
2026-08-20,Comirnaty,4.3,11:57:50,2,8,0.0
2026-08-20,Comirnaty,13.89,11:58:20,2,8,208.9
2026-08-20,Comirnaty,9.29,11:58:50,2,8,208.91
2026-08-20,Comirnaty,17.45,11:59:20,2,8,208.92
2026-08-20,Comirnaty,4.03,11:59:50,2,8,0.0
2026-08-20,Comirnaty,15.02,12:00:20,2,8,208.94
2026-08-20,Comirnaty,12.83,12:00:50,2,8,208.95
2026-08-20,Comirnaty,4.79,12:01:20,2,8,0.0
2026-08-20,Comirnaty,11.49,12:01:50,2,8,208.97
2026-08-20,Comirnaty,12.01,12:02:20,2,8,208.99
2026-08-20,Comirnaty,9.37,12:02:50,2,8,209.0
2026-08-20,Comirnaty,17.83,12:03:20,2,8,209.01
2026-08-20,Comirnaty,12.15,12:03:50,2,8,209.02
2026-08-20,Comirnaty,10.35,12:04:20,2,8,209.03
2026-08-20,Comirnaty,16.72,12:04:50,2,8,209.04
2026-08-20,Comirnaty,3.97,12:05:20,2,8,0.0
2026-08-20,Comirnaty,10.61,12:05:50,2,8,209.06
2026-08-20,Comirnaty,6.61,12:06:20,2,8,0.0
2026-08-20,Comirnaty,6.12,12:06:50,2,8,0.0
2026-08-20,Comirnaty,13.95,12:07:20,2,8,209.09
2026-08-20,Comirnaty,7.03,12:07:50,2,8,0.0
2026-08-20,Comirnaty,15.31,12:08:20,2,8,209.12
2026-08-20,Comirnaty,4.69,12:08:50,2,8,0.0
2026-08-20,Comirnaty,17.37,12:09:20,2,8,209.14
2026-08-20,Comirnaty,6.45,12:09:50,2,8,0.0
2026-08-20,Comirnaty,6.33,12:10:20,2,8,0.0
2026-08-20,Comirnaty,3.58,12:10:50,2,8,0.0
2026-08-20,Comirnaty,5.93,12:11:20,2,8,0.0
2026-08-20,Comirnaty,5.63,12:11:50,2,8,0.0
2026-08-20,Comirnaty,12.37,12:12:20,2,8,209.2
2026-08-20,Comirnaty,15.69,12:12:50,2,8,209.21
2026-08-20,Comirnaty,9.83,12:13:20,2,8,209.22
2026-08-20,Comirnaty,6.89,12:13:50,2,8,0.0
2026-08-20,Comirnaty,11.98,12:14:20,2,8,209.25
2026-08-20,Comirnaty,15.98,12:14:50,2,8,209.26
2026-08-20,Comirnaty,7.54,12:15:20,2,8,0.0
2026-08-20,Comirnaty,10.41,12:15:50,2,8,209.28
2026-08-20,Comirnaty,7.28,12:16:20,2,8,0.0
2026-08-20,Comirnaty,13.49,12:16:50,2,8,209.3
2026-08-20,Comirnaty,14.18,12:17:20,2,8,209.31
2026-08-20,Comirnaty,6.76,12:17:50,2,8,0.0
2026-08-20,Comirnaty,15.46,12:18:20,2,8,209.33
2026-08-20,Comirnaty,6.12,12:18:50,2,8,0.0
2026-08-20,Comirnaty,16.81,12:19:20,2,8,209.35
2026-08-20,Comirnaty,4.36,12:19:50,2,8,0.0
2026-08-20,Comirnaty,3.41,12:20:20,2,8,0.0
2026-08-20,Comirnaty,7.26,12:20:50,2,8,0.0
2026-08-20,Comirnaty,12.86,12:21:20,2,8,209.4
2026-08-20,Comirnaty,12.37,12:21:50,2,8,209.41
2026-08-20,Comirnaty,11.79,12:22:20,2,8,209.42
2026-08-20,Comirnaty,17.98,12:22:50,2,8,209.43
2026-08-20,Comirnaty,11.77,12:23:20,2,8,209.44
2026-08-20,Comirnaty,11.89,12:23:50,2,8,209.45
2026-08-20,Comirnaty,17.83,12:24:20,2,8,209.46
2026-08-20,Comirnaty,15.34,12:24:50,2,8,209.47
2026-08-20,Comirnaty,2.89,12:25:20,2,8,0.0
2026-08-20,Comirnaty,13.59,12:25:50,2,8,209.5
2026-08-20,Comirnaty,16.14,12:26:20,2,8,209.51
2026-08-20,Comirnaty,4.09,12:26:50,2,8,0.0
2026-08-20,Comirnaty,3.51,12:27:20,2,8,0.0
2026-08-20,Comirnaty,11.73,12:27:50,2,8,209.54
2026-08-20,Comirnaty,2.14,12:28:20,2,8,0.0
2026-08-20,Comirnaty,8.0,12:28:50,2,8,0.0
2026-08-20,Comirnaty,10.72,12:29:20,2,8,209.57
2026-08-20,Comirnaty,10.41,12:29:50,2,8,209.58
2026-08-20,Comirnaty,10.09,12:30:20,2,8,209.59
2026-08-20,Comirnaty,5.68,12:30:50,2,8,0.0
2026-08-20,Comirnaty,2.94,12:31:20,2,8,0.0
2026-08-20,Comirnaty,7.25,12:31:50,2,8,0.0
2026-08-20,Comirnaty,6.55,12:32:20,2,8,0.0
2026-08-20,Comirnaty,4.03,12:32:50,2,8,0.0
2026-08-20,Comirnaty,6.7,12:33:20,2,8,0.0
2026-08-20,Comirnaty,2.76,12:33:50,2,8,0.0
2026-08-20,Comirnaty,13.53,12:34:20,2,8,209.68
2026-08-20,Comirnaty,13.07,12:34:50,2,8,209.69
2026-08-20,Comirnaty,10.79,12:35:20,2,8,209.7
2026-08-20,Comirnaty,17.92,12:35:50,2,8,209.71
2026-08-20,Comirnaty,12.64,12:36:20,2,8,209.72
2026-08-20,Comirnaty,6.8,12:36:50,2,8,0.0
2026-08-20,Comirnaty,3.96,12:37:20,2,8,0.0
2026-08-20,Comirnaty,2.37,12:37:50,2,8,0.0
2026-08-20,Comirnaty,17.27,12:38:20,2,8,209.77
2026-08-20,Comirnaty,4.61,12:38:50,2,8,0.0
2026-08-20,Comirnaty,12.49,12:39:20,2,8,209.79
2026-08-20,Comirnaty,6.62,12:39:50,2,8,0.0
2026-08-20,Comirnaty,10.91,12:40:20,2,8,209.81
2026-08-20,Comirnaty,10.23,12:40:50,2,8,209.82
2026-08-20,Comirnaty,6.89,12:41:20,2,8,0.0
2026-08-20,Comirnaty,12.83,12:41:50,2,8,209.84
2026-08-20,Comirnaty,6.76,12:42:20,2,8,0.0
2026-08-20,Comirnaty,6.27,12:42:50,2,8,0.0
2026-08-20,Comirnaty,3.34,12:43:20,2,8,0.0
2026-08-20,Comirnaty,3.93,12:43:50,2,8,0.0
2026-08-20,Comirnaty,5.69,12:44:20,2,8,0.0
2026-08-20,Comirnaty,12.16,12:44:50,2,8,209.91
2026-08-20,Comirnaty,7.68,12:45:20,2,8,0.0
2026-08-20,Comirnaty,6.01,12:45:50,2,8,0.0
2026-08-20,Comirnaty,15.67,12:46:20,2,8,209.94
2026-08-20,Comirnaty,9.48,12:46:50,2,8,209.95
2026-08-20,Comirnaty,13.99,12:47:20,2,8,209.96
2026-08-20,Comirnaty,17.54,12:47:50,2,8,209.97
2026-08-20,Comirnaty,2.58,12:48:20,2,8,0.0
2026-08-20,Comirnaty,11.86,12:48:50,2,8,209.99
2026-08-20,Comirnaty,17.15,12:49:20,2,8,210.0
2026-08-20,Comirnaty,4.62,12:49:50,2,8,0.0
2026-08-20,Comirnaty,6.49,12:50:20,2,8,0.0
2026-08-20,Comirnaty,9.2,12:50:50,2,8,210.04
2026-08-20,Comirnaty,7.67,12:51:20,2,8,0.0
2026-08-20,Comirnaty,10.8,12:51:50,2,8,210.06
2026-08-20,Comirnaty,14.63,12:52:20,2,8,210.07
2026-08-20,Comirnaty,14.98,12:52:50,2,8,210.08
2026-08-20,Comirnaty,6.42,12:53:20,2,8,0.0
2026-08-20,Comirnaty,5.59,12:53:50,2,8,0.0
2026-08-20,Comirnaty,9.39,12:54:20,2,8,210.11
2026-08-20,Comirnaty,2.12,12:54:50,2,8,0.0
2026-08-20,Comirnaty,5.57,12:55:20,2,8,0.0
2026-08-20,Comirnaty,17.92,12:55:50,2,8,210.15
2026-08-20,Comirnaty,4.1,12:56:20,2,8,0.0
2026-08-20,Comirnaty,5.7,12:56:50,2,8,0.0
2026-08-20,Comirnaty,6.66,12:57:20,2,8,0.0
2026-08-20,Comirnaty,4.66,12:57:50,2,8,0.0
2026-08-20,Comirnaty,9.4,12:58:20,2,8,210.2
2026-08-20,Comirnaty,11.87,12:58:50,2,8,210.21
2026-08-20,Comirnaty,15.09,12:59:20,2,8,210.22
2026-08-20,Comirnaty,3.82,12:59:50,2,8,0.0
2026-08-20,Comirnaty,7.44,13:00:20,2,8,0.0
2026-08-20,Comirnaty,16.6,13:00:50,2,8,210.25
2026-08-20,Comirnaty,5.27,13:01:20,2,8,0.0
2026-08-20,Comirnaty,3.41,13:01:50,2,8,0.0
2026-08-20,Comirnaty,2.11,13:02:20,2,8,0.0
2026-08-20,Comirnaty,6.38,13:02:50,2,8,0.0
2026-08-20,Comirnaty,17.76,13:03:20,2,8,210.31
2026-08-20,Comirnaty,10.85,13:03:50,2,8,210.32
2026-08-20,Comirnaty,15.5,13:04:20,2,8,210.33
2026-08-20,Comirnaty,3.13,13:04:50,2,8,0.0
2026-08-20,Comirnaty,10.26,13:05:20,2,8,210.35
2026-08-20,Comirnaty,4.29,13:05:50,2,8,0.0
2026-08-20,Comirnaty,4.88,13:06:20,2,8,0.0
2026-08-20,Comirnaty,5.64,13:06:50,2,8,0.0
2026-08-20,Comirnaty,13.86,13:07:20,2,8,210.39
2026-08-20,Comirnaty,6.09,13:07:50,2,8,0.0
2026-08-20,Comirnaty,11.38,13:08:20,2,8,210.42
2026-08-20,Comirnaty,2.66,13:08:50,2,8,0.0
2026-08-20,Comirnaty,4.81,13:09:20,2,8,0.0
2026-08-20,Comirnaty,3.64,13:09:50,2,8,0.0
2026-08-20,Comirnaty,3.67,13:10:20,2,8,0.0
2026-08-20,Comirnaty,10.08,13:10:50,2,8,210.47
2026-08-20,Comirnaty,3.24,13:11:20,2,8,0.0
2026-08-20,Comirnaty,15.48,13:11:50,2,8,210.49
2026-08-20,Comirnaty,10.59,13:12:20,2,8,210.5
2026-08-20,Comirnaty,13.02,13:12:50,2,8,210.51
2026-08-20,Comirnaty,15.93,13:13:20,2,8,210.52
2026-08-20,Comirnaty,11.24,13:13:50,2,8,210.53
2026-08-20,Comirnaty,7.34,13:14:20,2,8,0.0
2026-08-20,Comirnaty,15.18,13:14:50,2,8,210.56
2026-08-20,Comirnaty,2.66,13:15:20,2,8,0.0
2026-08-20,Comirnaty,5.93,13:15:50,2,8,0.0
2026-08-20,Comirnaty,5.59,13:16:20,2,8,0.0
2026-08-20,Comirnaty,15.99,13:16:50,2,8,210.6
2026-08-20,Comirnaty,15.13,13:17:20,2,8,210.61
2026-08-20,Comirnaty,2.88,13:17:50,2,8,0.0
2026-08-20,Comirnaty,6.85,13:18:20,2,8,0.0
2026-08-20,Comirnaty,2.05,13:18:50,2,8,0.0
2026-08-20,Comirnaty,2.1,13:19:20,2,8,0.0
2026-08-20,Comirnaty,14.89,13:19:50,2,8,210.67
2026-08-20,Comirnaty,12.23,13:20:20,2,8,210.68
2026-08-20,Comirnaty,16.6,13:20:50,2,8,210.69
2026-08-20,Comirnaty,9.71,13:21:20,2,8,210.7
2026-08-20,Comirnaty,14.96,13:21:50,2,8,210.71
2026-08-20,Comirnaty,12.67,13:22:20,2,8,210.72
2026-08-20,Comirnaty,12.19,13:22:50,2,8,210.73
2026-08-20,Comirnaty,12.44,13:23:20,2,8,210.74
2026-08-20,Comirnaty,6.73,13:23:50,2,8,0.0
2026-08-20,Comirnaty,7.47,13:24:20,2,8,0.0
2026-08-20,Comirnaty,3.79,13:24:50,2,8,0.0
2026-08-20,Comirnaty,17.78,13:25:20,2,8,210.78
2026-08-20,Comirnaty,6.9,13:25:50,2,8,0.0
2026-08-20,Comirnaty,14.47,13:26:20,2,8,210.81
2026-08-20,Comirnaty,16.04,13:26:50,2,8,210.82
2026-08-20,Comirnaty,12.08,13:27:20,2,8,210.83
2026-08-20,Comirnaty,7.71,13:27:50,2,8,0.0
2026-08-20,Comirnaty,9.22,13:28:20,2,8,210.85
2026-08-20,Comirnaty,11.55,13:28:50,2,8,210.86
2026-08-20,Comirnaty,2.64,13:29:20,2,8,0.0
2026-08-20,Comirnaty,4.87,13:29:50,2,8,0.0
2026-08-20,Comirnaty,3.56,13:30:20,2,8,0.0
2026-08-20,Comirnaty,6.55,13:30:50,2,8,0.0
2026-08-20,Comirnaty,12.99,13:31:20,2,8,210.91
2026-08-20,Comirnaty,2.11,13:31:50,2,8,0.0
2026-08-20,Comirnaty,7.18,13:32:20,2,8,0.0
2026-08-20,Comirnaty,9.72,13:32:50,2,8,210.95
2026-08-20,Comirnaty,17.87,13:33:20,2,8,210.96
2026-08-20,Comirnaty,6.23,13:33:50,2,8,0.0
2026-08-20,Comirnaty,7.72,13:34:20,2,8,0.0
2026-08-20,Comirnaty,4.27,13:34:50,2,8,0.0
2026-08-20,Comirnaty,16.91,13:35:20,2,8,211.0
2026-08-20,Comirnaty,10.3,13:35:50,2,8,211.01
2026-08-20,Comirnaty,7.42,13:36:20,2,8,0.0
2026-08-20,Comirnaty,14.57,13:36:50,2,8,211.03
2026-08-20,Comirnaty,5.12,13:37:20,2,8,0.0
2026-08-20,Comirnaty,13.73,13:37:50,2,8,211.06
2026-08-20,Comirnaty,7.81,13:38:20,2,8,0.0
2026-08-20,Comirnaty,6.82,13:38:50,2,8,0.0
2026-08-20,Comirnaty,17.76,13:39:20,2,8,211.09
2026-08-20,Comirnaty,2.71,13:39:50,2,8,0.0
2026-08-20,Comirnaty,3.87,13:40:20,2,8,0.0
2026-08-20,Comirnaty,5.74,13:40:50,2,8,0.0
2026-08-20,Comirnaty,2.68,13:41:20,2,8,0.0
2026-08-20,Comirnaty,16.19,13:41:50,2,8,211.14
2026-08-20,Comirnaty,13.36,13:42:20,2,8,211.15
2026-08-20,Comirnaty,15.04,13:42:50,2,8,211.16
2026-08-20,Comirnaty,17.19,13:43:20,2,8,211.17
2026-08-20,Comirnaty,15.75,13:43:50,2,8,211.19
2026-08-20,Comirnaty,13.7,13:44:20,2,8,211.2
2026-08-20,Comirnaty,10.26,13:44:50,2,8,211.21
2026-08-20,Comirnaty,11.91,13:45:20,2,8,211.22
2026-08-20,Comirnaty,13.93,13:45:50,2,8,211.23
2026-08-20,Comirnaty,13.99,13:46:20,2,8,211.24
2026-08-20,Comirnaty,7.08,13:46:50,2,8,0.0
2026-08-20,Comirnaty,14.7,13:47:20,2,8,211.26
2026-08-20,Comirnaty,13.13,13:47:50,2,8,211.27
2026-08-20,Comirnaty,11.25,13:48:20,2,8,211.28
2026-08-20,Comirnaty,4.73,13:48:50,2,8,0.0
2026-08-20,Comirnaty,12.77,13:49:20,2,8,211.3
2026-08-20,Comirnaty,9.21,13:49:50,2,8,211.32
2026-08-20,Comirnaty,6.03,13:50:20,2,8,0.0
2026-08-20,Comirnaty,5.16,13:50:50,2,8,0.0
2026-08-20,Comirnaty,3.0,13:51:20,2,8,0.0
2026-08-20,Comirnaty,17.96,13:51:50,2,8,211.36
2026-08-20,Comirnaty,13.75,13:52:20,2,8,211.37
2026-08-20,Comirnaty,12.23,13:52:50,2,8,211.38
2026-08-20,Comirnaty,3.12,13:53:20,2,8,0.0
2026-08-20,Comirnaty,16.63,13:53:50,2,8,211.4
2026-08-20,Comirnaty,11.65,13:54:20,2,8,211.41
2026-08-20,Comirnaty,14.82,13:54:50,2,8,211.42
2026-08-20,Comirnaty,12.59,13:55:20,2,8,211.43
2026-08-20,Comirnaty,10.52,13:55:50,2,8,211.45
2026-08-20,Comirnaty,2.21,13:56:20,2,8,0.0
2026-08-20,Comirnaty,3.83,13:56:50,2,8,0.0
2026-08-20,Comirnaty,15.62,13:57:20,2,8,211.48
2026-08-20,Comirnaty,10.57,13:57:50,2,8,211.49
2026-08-20,Comirnaty,6.94,13:58:20,2,8,0.0
2026-08-20,Comirnaty,5.02,13:58:50,2,8,0.0
2026-08-20,Comirnaty,13.94,13:59:20,2,8,211.52
2026-08-20,Comirnaty,14.81,13:59:50,2,8,211.53
2026-08-20,Comirnaty,12.69,14:00:20,2,8,211.54
2026-08-20,Comirnaty,14.58,14:00:50,2,8,211.55
2026-08-20,Comirnaty,7.0,14:01:20,2,8,0.0
2026-08-20,Comirnaty,3.58,14:01:50,2,8,0.0
2026-08-20,Comirnaty,12.34,14:02:20,2,8,211.59
2026-08-20,Comirnaty,16.16,14:02:50,2,8,211.6
2026-08-20,Comirnaty,9.18,14:03:20,2,8,211.61
2026-08-20,Comirnaty,11.38,14:03:50,2,8,211.62
2026-08-20,Comirnaty,4.93,14:04:20,2,8,0.0
2026-08-20,Comirnaty,3.13,14:04:50,2,8,0.0
2026-08-20,Comirnaty,14.02,14:05:20,2,8,211.65
2026-08-20,Comirnaty,9.48,14:05:50,2,8,211.66
2026-08-20,Comirnaty,16.79,14:06:20,2,8,211.67
2026-08-20,Comirnaty,3.47,14:06:50,2,8,0.0
2026-08-20,Comirnaty,16.28,14:07:20,2,8,211.69
2026-08-20,Comirnaty,9.17,14:07:50,2,8,211.71
2026-08-20,Comirnaty,7.64,14:08:20,2,8,0.0
2026-08-20,Comirnaty,15.65,14:08:50,2,8,211.73
2026-08-20,Comirnaty,6.55,14:09:20,2,8,0.0
2026-08-20,Comirnaty,2.9,14:09:50,2,8,0.0
2026-08-20,Comirnaty,14.12,14:10:20,2,8,211.76
2026-08-20,Comirnaty,16.81,14:10:50,2,8,211.77
2026-08-20,Comirnaty,16.81,14:11:20,2,8,211.78
2026-08-20,Comirnaty,7.5,14:11:50,2,8,0.0
2026-08-20,Comirnaty,11.02,14:12:20,2,8,211.8
2026-08-20,Comirnaty,14.99,14:12:50,2,8,211.81
2026-08-20,Comirnaty,11.1,14:13:20,2,8,211.82
2026-08-20,Comirnaty,5.64,14:13:50,2,8,0.0
2026-08-20,Comirnaty,17.43,14:14:20,2,8,211.85
2026-08-20,Comirnaty,12.01,14:14:50,2,8,211.86
2026-08-20,Comirnaty,15.17,14:15:20,2,8,211.87
2026-08-20,Comirnaty,7.06,14:15:50,2,8,0.0
2026-08-20,Comirnaty,16.56,14:16:20,2,8,211.89
2026-08-20,Comirnaty,15.2,14:16:50,2,8,211.9
2026-08-20,Comirnaty,3.39,14:17:20,2,8,0.0
2026-08-20,Comirnaty,2.82,14:17:50,2,8,0.0
2026-08-20,Comirnaty,12.31,14:18:20,2,8,211.93
2026-08-20,Comirnaty,14.58,14:18:50,2,8,211.94
2026-08-20,Comirnaty,7.18,14:19:20,2,8,0.0
2026-08-20,Comirnaty,13.59,14:19:50,2,8,211.97
2026-08-20,Comirnaty,5.13,14:20:20,2,8,0.0
2026-08-20,Comirnaty,4.37,14:20:50,2,8,0.0
2026-08-20,Comirnaty,10.78,14:21:20,2,8,212.0
2026-08-20,Comirnaty,11.64,14:21:50,2,8,212.01
2026-08-20,Comirnaty,7.22,14:22:20,2,8,0.0
2026-08-20,Comirnaty,15.31,14:22:50,2,8,212.03
2026-08-20,Comirnaty,11.25,14:23:20,2,8,212.04
2026-08-20,Comirnaty,9.97,14:23:50,2,8,212.05
2026-08-20,Comirnaty,6.29,14:24:20,2,8,0.0
2026-08-20,Comirnaty,15.25,14:24:50,2,8,212.07
2026-08-20,Comirnaty,4.2,14:25:20,2,8,0.0
2026-08-20,Comirnaty,13.34,14:25:50,2,8,212.1
2026-08-20,Comirnaty,2.81,14:26:20,2,8,0.0
2026-08-20,Comirnaty,9.04,14:26:50,2,8,212.12
2026-08-20,Comirnaty,3.63,14:27:20,2,8,0.0
2026-08-20,Comirnaty,6.45,14:27:50,2,8,0.0
2026-08-20,Comirnaty,5.83,14:28:20,2,8,0.0
2026-08-20,Comirnaty,16.87,14:28:50,2,8,212.16
2026-08-20,Comirnaty,16.54,14:29:20,2,8,212.17
2026-08-20,Comirnaty,2.9,14:29:50,2,8,0.0
2026-08-20,Comirnaty,4.74,14:30:20,2,8,0.0
2026-08-20,Comirnaty,9.76,14:30:50,2,8,212.2
2026-08-20,Comirnaty,14.77,14:31:20,2,8,212.21
2026-08-20,Comirnaty,3.12,14:31:50,2,8,0.0
2026-08-20,Comirnaty,7.63,14:32:20,2,8,0.0
2026-08-20,Comirnaty,15.32,14:32:50,2,8,212.25
2026-08-20,Comirnaty,3.43,14:33:20,2,8,0.0
2026-08-20,Comirnaty,4.7,14:33:50,2,8,0.0
2026-08-20,Comirnaty,13.06,14:34:20,2,8,212.28
2026-08-20,Comirnaty,17.16,14:34:50,2,8,212.29
2026-08-20,Comirnaty,7.96,14:35:20,2,8,0.0
2026-08-20,Comirnaty,3.6,14:35:50,2,8,0.0
2026-08-20,Comirnaty,13.5,14:36:20,2,8,212.32
2026-08-20,Comirnaty,4.85,14:36:50,2,8,0.0
2026-08-20,Comirnaty,12.83,14:37:20,2,8,212.34
2026-08-20,Comirnaty,7.19,14:37:50,2,8,0.0
2026-08-20,Comirnaty,6.82,14:38:20,2,8,0.0
2026-08-20,Comirnaty,3.92,14:38:50,2,8,0.0
2026-08-20,Comirnaty,14.77,14:39:20,2,8,212.39
2026-08-20,Comirnaty,7.67,14:39:50,2,8,0.0
2026-08-20,Comirnaty,2.39,14:40:20,2,8,0.0
2026-08-20,Comirnaty,5.41,14:40:50,2,8,0.0
2026-08-20,Comirnaty,11.25,14:41:20,2,8,212.43
2026-08-20,Comirnaty,9.27,14:41:50,2,8,212.44
2026-08-20,Comirnaty,10.95,14:42:20,2,8,212.45
2026-08-20,Comirnaty,13.73,14:42:50,2,8,212.46
2026-08-20,Comirnaty,16.14,14:43:20,2,8,212.47
2026-08-20,Comirnaty,5.41,14:43:50,2,8,0.0
2026-08-20,Comirnaty,10.33,14:44:20,2,8,212.5
2026-08-20,Comirnaty,12.0,14:44:50,2,8,212.51
2026-08-20,Comirnaty,13.26,14:45:20,2,8,212.52
2026-08-20,Comirnaty,10.73,14:45:50,2,8,212.53
2026-08-20,Comirnaty,15.86,14:46:20,2,8,212.54
2026-08-20,Comirnaty,3.22,14:46:50,2,8,0.0
2026-08-20,Comirnaty,5.46,14:47:20,2,8,0.0
2026-08-20,Comirnaty,5.13,14:47:50,2,8,0.0
2026-08-20,Comirnaty,3.1,14:48:20,2,8,0.0
2026-08-20,Comirnaty,14.25,14:48:50,2,8,212.59
2026-08-20,Comirnaty,4.57,14:49:20,2,8,0.0
2026-08-20,Comirnaty,14.92,14:49:50,2,8,212.62
2026-08-20,Comirnaty,12.21,14:50:20,2,8,212.63
2026-08-20,Comirnaty,15.61,14:50:50,2,8,212.64
2026-08-20,Comirnaty,6.92,14:51:20,2,8,0.0
2026-08-20,Comirnaty,13.87,14:51:50,2,8,212.66
2026-08-20,Comirnaty,16.33,14:52:20,2,8,212.67
2026-08-20,Comirnaty,15.88,14:52:50,2,8,212.68
2026-08-20,Comirnaty,16.17,14:53:20,2,8,212.69
2026-08-20,Comirnaty,4.95,14:53:50,2,8,0.0
2026-08-20,Comirnaty,2.46,14:54:20,2,8,0.0
2026-08-20,Comirnaty,4.79,14:54:50,2,8,0.0
2026-08-20,Comirnaty,4.49,14:55:20,2,8,0.0
2026-08-20,Comirnaty,4.28,14:55:50,2,8,0.0
2026-08-20,Comirnaty,4.62,14:56:20,2,8,0.0
2026-08-20,Comirnaty,16.11,14:56:50,2,8,212.77
2026-08-20,Comirnaty,7.03,14:57:20,2,8,0.0
2026-08-20,Comirnaty,4.84,14:57:50,2,8,0.0
2026-08-20,Comirnaty,17.46,14:58:20,2,8,212.8
2026-08-20,Comirnaty,5.92,14:58:50,2,8,0.0
2026-08-20,Comirnaty,13.52,14:59:20,2,8,212.82
2026-08-20,Comirnaty,6.23,14:59:50,2,8,0.0
2026-08-20,Comirnaty,14.83,15:00:20,2,8,212.84
2026-08-20,Comirnaty,4.94,15:00:50,2,8,0.0
2026-08-20,Comirnaty,16.05,15:01:20,2,8,212.86
2026-08-20,Comirnaty,6.02,15:01:50,2,8,0.0
2026-08-20,Comirnaty,2.42,15:02:20,2,8,0.0
2026-08-20,Comirnaty,6.06,15:02:50,2,8,0.0
2026-08-20,Comirnaty,12.95,15:03:20,2,8,212.91
2026-08-20,Comirnaty,7.52,15:03:50,2,8,0.0
2026-08-20,Comirnaty,11.22,15:04:20,2,8,212.93
2026-08-20,Comirnaty,4.58,15:04:50,2,8,0.0
2026-08-20,Comirnaty,4.89,15:05:20,2,8,0.0
2026-08-20,Comirnaty,15.14,15:05:50,2,8,212.96
2026-08-20,Comirnaty,13.26,15:06:20,2,8,212.97
2026-08-20,Comirnaty,12.88,15:06:50,2,8,212.98
2026-08-20,Comirnaty,12.41,15:07:20,2,8,212.99
2026-08-20,Comirnaty,3.07,15:07:50,2,8,0.0
2026-08-20,Comirnaty,14.91,15:08:20,2,8,213.02
2026-08-20,Comirnaty,6.12,15:08:50,2,8,0.0
2026-08-20,Comirnaty,5.15,15:09:20,2,8,0.0
2026-08-20,Comirnaty,17.88,15:09:50,2,8,213.05
2026-08-20,Comirnaty,17.76,15:10:20,2,8,213.06
2026-08-20,Comirnaty,3.76,15:10:50,2,8,0.0
2026-08-20,Comirnaty,7.27,15:11:20,2,8,0.0
2026-08-20,Comirnaty,5.04,15:11:50,2,8,0.0
2026-08-20,Comirnaty,9.49,15:12:20,2,8,213.1
2026-08-20,Comirnaty,9.83,15:12:50,2,8,213.11
2026-08-20,Comirnaty,12.27,15:13:20,2,8,213.12
2026-08-20,Comirnaty,14.37,15:13:50,2,8,213.13
2026-08-20,Comirnaty,12.08,15:14:20,2,8,213.15
2026-08-20,Comirnaty,6.76,15:14:50,2,8,0.0
2026-08-20,Comirnaty,9.86,15:15:20,2,8,213.17
2026-08-20,Comirnaty,14.72,15:15:50,2,8,213.18
2026-08-20,Comirnaty,4.12,15:16:20,2,8,0.0
2026-08-20,Comirnaty,15.49,15:16:50,2,8,213.2
2026-08-20,Comirnaty,6.26,15:17:20,2,8,0.0
2026-08-20,Comirnaty,5.77,15:17:50,2,8,0.0
2026-08-20,Comirnaty,11.43,15:18:20,2,8,213.23
2026-08-20,Comirnaty,13.78,15:18:50,2,8,213.24
2026-08-20,Comirnaty,15.41,15:19:20,2,8,213.25
2026-08-20,Comirnaty,4.91,15:19:50,2,8,0.0
2026-08-20,Comirnaty,3.01,15:20:20,2,8,0.0
2026-08-20,Comirnaty,6.45,15:20:50,2,8,0.0
2026-08-20,Comirnaty,16.29,15:21:20,2,8,213.3
2026-08-20,Comirnaty,14.4,15:21:50,2,8,213.31
2026-08-20,Comirnaty,9.73,15:22:20,2,8,213.32
2026-08-20,Comirnaty,3.62,15:22:50,2,8,0.0
2026-08-20,Comirnaty,7.47,15:23:20,2,8,0.0
2026-08-20,Comirnaty,16.24,15:23:50,2,8,213.35
2026-08-20,Comirnaty,9.72,15:24:20,2,8,213.36
2026-08-20,Comirnaty,4.07,15:24:50,2,8,0.0
2026-08-20,Comirnaty,11.44,15:25:20,2,8,213.38
2026-08-20,Comirnaty,4.42,15:25:50,2,8,0.0
2026-08-20,Comirnaty,6.17,15:26:20,2,8,0.0
2026-08-20,Comirnaty,15.36,15:26:50,2,8,213.42
2026-08-20,Comirnaty,14.34,15:27:20,2,8,213.43
2026-08-20,Comirnaty,13.92,15:27:50,2,8,213.44
2026-08-20,Comirnaty,4.13,15:28:20,2,8,0.0
2026-08-20,Comirnaty,16.38,15:28:50,2,8,213.46
2026-08-20,Comirnaty,15.84,15:29:20,2,8,213.47
2026-08-20,Comirnaty,17.07,15:29:50,2,8,213.48
2026-08-20,Comirnaty,7.44,15:30:20,2,8,0.0
2026-08-20,Comirnaty,10.99,15:30:50,2,8,213.5
2026-08-20,Comirnaty,4.71,15:31:20,2,8,0.0
2026-08-20,Comirnaty,16.52,15:31:50,2,8,213.53
2026-08-20,Comirnaty,16.84,15:32:20,2,8,213.54
2026-08-20,Comirnaty,4.42,15:32:50,2,8,0.0
2026-08-20,Comirnaty,17.9,15:33:20,2,8,213.56
2026-08-20,Comirnaty,6.7,15:33:50,2,8,0.0
2026-08-20,Comirnaty,15.18,15:34:20,2,8,213.58
2026-08-20,Comirnaty,10.81,15:34:50,2,8,213.59
2026-08-20,Comirnaty,9.93,15:35:20,2,8,213.6
2026-08-20,Comirnaty,12.38,15:35:50,2,8,213.61
2026-08-20,Comirnaty,2.48,15:36:20,2,8,0.0
2026-08-20,Comirnaty,6.25,15:36:50,2,8,0.0
2026-08-20,Comirnaty,17.72,15:37:20,2,8,213.64
2026-08-20,Comirnaty,5.33,15:37:50,2,8,0.0
2026-08-20,Comirnaty,9.02,15:38:20,2,8,213.67
2026-08-20,Comirnaty,6.39,15:38:50,2,8,0.0
2026-08-20,Comirnaty,15.51,15:39:20,2,8,213.69
2026-08-20,Comirnaty,9.6,15:39:50,2,8,213.7
2026-08-20,Comirnaty,11.48,15:40:20,2,8,213.71
2026-08-20,Comirnaty,11.82,15:40:50,2,8,213.72
2026-08-20,Comirnaty,2.34,15:41:20,2,8,0.0
2026-08-20,Comirnaty,9.29,15:41:50,2,8,213.74
2026-08-20,Comirnaty,9.21,15:42:20,2,8,213.75
2026-08-20,Comirnaty,4.35,15:42:50,2,8,0.0
2026-08-20,Comirnaty,13.3,15:43:20,2,8,213.77
2026-08-20,Comirnaty,6.25,15:43:50,2,8,0.0
2026-08-20,Comirnaty,11.87,15:44:20,2,8,213.8
2026-08-20,Comirnaty,5.54,15:44:50,2,8,0.0
2026-08-20,Comirnaty,7.84,15:45:20,2,8,0.0
2026-08-20,Comirnaty,11.95,15:45:50,2,8,213.83
2026-08-20,Comirnaty,10.4,15:46:20,2,8,213.84
2026-08-20,Comirnaty,11.48,15:46:50,2,8,213.85
2026-08-20,Comirnaty,3.62,15:47:20,2,8,0.0
2026-08-20,Comirnaty,17.51,15:47:50,2,8,213.87
2026-08-20,Comirnaty,6.72,15:48:20,2,8,0.0
2026-08-20,Comirnaty,16.67,15:48:50,2,8,213.89
2026-08-20,Comirnaty,16.78,15:49:20,2,8,213.9
2026-08-20,Comirnaty,16.98,15:49:50,2,8,213.92
2026-08-20,Comirnaty,10.0,15:50:20,2,8,213.93
2026-08-20,Comirnaty,12.14,15:50:50,2,8,213.94
2026-08-20,Comirnaty,6.52,15:51:20,2,8,0.0
2026-08-20,Comirnaty,11.66,15:51:50,2,8,213.96
2026-08-20,Comirnaty,17.23,15:52:20,2,8,213.97
2026-08-20,Comirnaty,15.24,15:52:50,2,8,213.98
2026-08-20,Comirnaty,16.65,15:53:20,2,8,213.99
2026-08-20,Comirnaty,7.95,15:53:50,2,8,0.0
2026-08-20,Comirnaty,11.23,15:54:20,2,8,214.01
2026-08-20,Comirnaty,14.73,15:54:50,2,8,214.02
2026-08-20,Comirnaty,2.43,15:55:20,2,8,0.0
2026-08-20,Comirnaty,9.2,15:55:50,2,8,214.05
2026-08-20,Comirnaty,12.69,15:56:20,2,8,214.06
2026-08-20,Comirnaty,14.49,15:56:50,2,8,214.07
2026-08-20,Comirnaty,13.25,15:57:20,2,8,214.08
2026-08-20,Comirnaty,3.82,15:57:50,2,8,0.0
2026-08-20,Comirnaty,3.8,15:58:20,2,8,0.0
2026-08-20,Comirnaty,16.73,15:58:50,2,8,214.11
2026-08-20,Comirnaty,9.19,15:59:20,2,8,214.12
2026-08-20,Comirnaty,11.24,15:59:50,2,8,214.13
2026-08-20,Comirnaty,17.79,16:00:20,2,8,214.14
2026-08-20,Comirnaty,6.97,16:00:50,2,8,0.0
2026-08-20,Comirnaty,11.92,16:01:20,2,8,214.16
2026-08-20,Comirnaty,2.52,16:01:50,2,8,0.0
2026-08-20,Comirnaty,10.78,16:02:20,2,8,214.19
2026-08-20,Comirnaty,14.15,16:02:50,2,8,214.2
2026-08-20,Comirnaty,6.69,16:03:20,2,8,0.0
2026-08-20,Comirnaty,11.83,16:03:50,2,8,214.22
2026-08-20,Comirnaty,15.3,16:04:20,2,8,214.23
2026-08-20,Comirnaty,15.34,16:04:50,2,8,214.24
2026-08-20,Comirnaty,6.89,16:05:20,2,8,0.0
2026-08-20,Comirnaty,3.0,16:05:50,2,8,0.0
2026-08-20,Comirnaty,11.77,16:06:20,2,8,214.27
2026-08-20,Comirnaty,14.52,16:06:50,2,8,214.28
2026-08-20,Comirnaty,13.35,16:07:20,2,8,214.29
2026-08-20,Comirnaty,2.05,16:07:50,2,8,0.0
2026-08-20,Comirnaty,5.6,16:08:20,2,8,0.0
2026-08-20,Comirnaty,3.54,16:08:50,2,8,0.0
2026-08-20,Comirnaty,11.1,16:09:20,2,8,214.34
2026-08-20,Comirnaty,16.83,16:09:50,2,8,214.35
2026-08-20,Comirnaty,11.8,16:10:20,2,8,214.36
2026-08-20,Comirnaty,2.54,16:10:50,2,8,0.0
2026-08-20,Comirnaty,6.83,16:11:20,2,8,0.0
2026-08-20,Comirnaty,15.58,16:11:50,2,8,214.39
2026-08-20,Comirnaty,15.7,16:12:20,2,8,214.4
2026-08-20,Comirnaty,14.5,16:12:50,2,8,214.41
2026-08-20,Comirnaty,7.33,16:13:20,2,8,0.0
2026-08-20,Comirnaty,5.28,16:13:50,2,8,0.0
2026-08-20,Comirnaty,7.45,16:14:20,2,8,0.0
2026-08-20,Comirnaty,17.8,16:14:50,2,8,214.46
2026-08-20,Comirnaty,9.53,16:15:20,2,8,214.47
2026-08-20,Comirnaty,10.2,16:15:50,2,8,214.48
2026-08-20,Comirnaty,4.45,16:16:20,2,8,0.0
2026-08-20,Comirnaty,11.18,16:16:50,2,8,214.5
2026-08-20,Comirnaty,15.87,16:17:20,2,8,214.51
2026-08-20,Comirnaty,5.31,16:17:50,2,8,0.0
2026-08-20,Comirnaty,15.16,16:18:20,2,8,214.53
2026-08-20,Comirnaty,3.98,16:18:50,2,8,0.0
2026-08-20,Comirnaty,14.74,16:19:20,2,8,214.55
2026-08-20,Comirnaty,14.66,16:19:50,2,8,214.57
2026-08-20,Comirnaty,7.15,16:20:20,2,8,0.0
2026-08-20,Comirnaty,2.53,16:20:50,2,8,0.0
2026-08-20,Comirnaty,12.94,16:21:20,2,8,214.6
2026-08-20,Comirnaty,3.47,16:21:50,2,8,0.0
2026-08-20,Comirnaty,17.81,16:22:20,2,8,214.62
2026-08-20,Comirnaty,11.13,16:22:50,2,8,214.63
2026-08-20,Comirnaty,17.44,16:23:20,2,8,214.64
2026-08-20,Comirnaty,17.03,16:23:50,2,8,214.65
2026-08-20,Comirnaty,5.87,16:24:20,2,8,0.0
2026-08-20,Comirnaty,16.48,16:24:50,2,8,214.67
2026-08-20,Comirnaty,6.55,16:25:20,2,8,0.0
2026-08-20,Comirnaty,17.09,16:25:50,2,8,214.7
2026-08-20,Comirnaty,7.11,16:26:20,2,8,0.0
2026-08-20,Comirnaty,9.1,16:26:50,2,8,214.72
2026-08-20,Comirnaty,10.05,16:27:20,2,8,214.73
2026-08-20,Comirnaty,14.56,16:27:50,2,8,214.74
2026-08-20,Comirnaty,7.41,16:28:20,2,8,0.0
2026-08-20,Comirnaty,7.32,16:28:50,2,8,0.0
2026-08-20,Comirnaty,11.17,16:29:20,2,8,214.77
2026-08-20,Comirnaty,16.48,16:29:50,2,8,214.78
2026-08-20,Comirnaty,7.79,16:30:20,2,8,0.0
2026-08-20,Comirnaty,4.56,16:30:50,2,8,0.0
2026-08-20,Comirnaty,10.12,16:31:20,2,8,214.81
2026-08-20,Comirnaty,16.41,16:31:50,2,8,214.83
2026-08-20,Comirnaty,15.43,16:32:20,2,8,214.84
2026-08-20,Comirnaty,11.66,16:32:50,2,8,214.85
2026-08-20,Comirnaty,14.18,16:33:20,2,8,214.86
2026-08-20,Comirnaty,5.74,16:33:50,2,8,0.0
2026-08-20,Comirnaty,17.74,16:34:20,2,8,214.88
2026-08-20,Comirnaty,2.36,16:34:50,2,8,0.0
2026-08-20,Comirnaty,15.07,16:35:20,2,8,214.9
2026-08-20,Comirnaty,3.56,16:35:50,2,8,0.0
2026-08-20,Comirnaty,2.63,16:36:20,2,8,0.0
2026-08-20,Comirnaty,9.95,16:36:50,2,8,214.93
2026-08-20,Comirnaty,11.04,16:37:20,2,8,214.94
2026-08-20,Comirnaty,3.09,16:37:50,2,8,0.0
2026-08-20,Comirnaty,6.76,16:38:20,2,8,0.0
2026-08-20,Comirnaty,7.82,16:38:50,2,8,0.0
2026-08-20,Comirnaty,13.02,16:39:20,2,8,214.99
2026-08-20,Comirnaty,13.95,16:39:50,2,8,215.0
2026-08-20,Comirnaty,7.03,16:40:20,2,8,0.0
2026-08-20,Comirnaty,3.54,16:40:50,2,8,0.0
2026-08-20,Comirnaty,6.81,16:41:20,2,8,0.0
2026-08-20,Comirnaty,2.28,16:41:50,2,8,0.0
2026-08-20,Comirnaty,7.07,16:42:20,2,8,0.0
2026-08-20,Comirnaty,6.81,16:42:50,2,8,0.0
2026-08-20,Comirnaty,13.05,16:43:20,2,8,215.07
2026-08-20,Comirnaty,5.03,16:43:50,2,8,0.0
2026-08-20,Comirnaty,2.22,16:44:20,2,8,0.0
2026-08-20,Comirnaty,12.71,16:44:50,2,8,215.11
2026-08-20,Comirnaty,14.07,16:45:20,2,8,215.12
2026-08-20,Comirnaty,9.59,16:45:50,2,8,215.13
2026-08-20,Comirnaty,6.99,16:46:20,2,8,0.0
2026-08-20,Comirnaty,9.45,16:46:50,2,8,215.15
2026-08-20,Comirnaty,7.06,16:47:20,2,8,0.0
2026-08-20,Comirnaty,3.61,16:47:50,2,8,0.0
2026-08-20,Comirnaty,9.6,16:48:20,2,8,215.18
2026-08-20,Comirnaty,7.13,16:48:50,2,8,0.0
2026-08-20,Comirnaty,9.22,16:49:20,2,8,215.2
2026-08-20,Comirnaty,5.69,16:49:50,2,8,0.0
2026-08-20,Comirnaty,10.59,16:50:20,2,8,215.23
2026-08-20,Comirnaty,17.27,16:50:50,2,8,215.24
2026-08-20,Comirnaty,13.65,16:51:20,2,8,215.25
2026-08-20,Comirnaty,3.86,16:51:50,2,8,0.0
2026-08-20,Comirnaty,14.81,16:52:20,2,8,215.27
2026-08-20,Comirnaty,11.98,16:52:50,2,8,215.28
2026-08-20,Comirnaty,7.04,16:53:20,2,8,0.0
2026-08-20,Comirnaty,11.43,16:53:50,2,8,215.3
2026-08-20,Comirnaty,10.23,16:54:20,2,8,215.31
2026-08-20,Comirnaty,13.49,16:54:50,2,8,215.32
2026-08-20,Comirnaty,17.45,16:55:20,2,8,215.33
2026-08-20,Comirnaty,16.51,16:55:50,2,8,215.35
2026-08-20,Comirnaty,9.94,16:56:20,2,8,215.36
2026-08-20,Comirnaty,4.63,16:56:50,2,8,0.0
2026-08-20,Comirnaty,11.43,16:57:20,2,8,215.38
2026-08-20,Comirnaty,16.39,16:57:50,2,8,215.39
2026-08-20,Comirnaty,9.64,16:58:20,2,8,215.4
2026-08-20,Comirnaty,17.87,16:58:50,2,8,215.41
2026-08-20,Comirnaty,7.76,16:59:20,2,8,0.0
2026-08-20,Comirnaty,9.02,16:59:50,2,8,215.43
2026-08-20,Comirnaty,10.91,17:00:20,2,8,215.44
2026-08-20,Comirnaty,7.7,17:00:50,2,8,0.0
2026-08-20,Comirnaty,15.03,17:01:20,2,8,215.46
2026-08-20,Comirnaty,2.85,17:01:50,2,8,0.0
2026-08-20,Comirnaty,17.43,17:02:20,2,8,215.49
2026-08-20,Comirnaty,2.89,17:02:50,2,8,0.0
2026-08-20,Comirnaty,17.8,17:03:20,2,8,215.51
2026-08-20,Comirnaty,3.63,17:03:50,2,8,0.0
2026-08-20,Comirnaty,17.28,17:04:20,2,8,215.53
2026-08-20,Comirnaty,7.66,17:04:50,2,8,0.0
2026-08-20,Comirnaty,15.02,17:05:20,2,8,215.55
2026-08-20,Comirnaty,14.4,17:05:50,2,8,215.56
2026-08-20,Comirnaty,14.34,17:06:20,2,8,215.57
2026-08-20,Comirnaty,4.06,17:06:50,2,8,0.0
2026-08-20,Comirnaty,2.61,17:07:20,2,8,0.0
2026-08-20,Comirnaty,15.74,17:07:50,2,8,215.6
2026-08-20,Comirnaty,4.27,17:08:20,2,8,0.0
2026-08-20,Comirnaty,10.04,17:08:50,2,8,215.63
2026-08-20,Comirnaty,7.96,17:09:20,2,8,0.0
2026-08-20,Comirnaty,2.64,17:09:50,2,8,0.0
2026-08-20,Comirnaty,7.13,17:10:20,2,8,0.0
2026-08-20,Comirnaty,17.31,17:10:50,2,8,215.67
2026-08-20,Comirnaty,3.09,17:11:20,2,8,0.0
2026-08-20,Comirnaty,4.88,17:11:50,2,8,0.0
2026-08-20,Comirnaty,6.73,17:12:20,2,8,0.0
2026-08-20,Comirnaty,16.45,17:12:50,2,8,215.71
2026-08-20,Comirnaty,2.41,17:13:20,2,8,0.0
2026-08-20,Comirnaty,5.33,17:13:50,2,8,0.0
2026-08-20,Comirnaty,3.93,17:14:20,2,8,0.0
2026-08-20,Comirnaty,7.63,17:14:50,2,8,0.0
2026-08-20,Comirnaty,3.23,17:15:20,2,8,0.0
2026-08-20,Comirnaty,16.5,17:15:50,2,8,215.78
2026-08-20,Comirnaty,13.53,17:16:20,2,8,215.79
2026-08-20,Comirnaty,5.63,17:16:50,2,8,0.0
2026-08-20,Comirnaty,16.74,17:17:20,2,8,215.81
2026-08-20,Comirnaty,3.24,17:17:50,2,8,0.0
2026-08-20,Comirnaty,12.82,17:18:20,2,8,215.83
2026-08-20,Comirnaty,9.89,17:18:50,2,8,215.84
2026-08-20,Comirnaty,3.96,17:19:20,2,8,0.0
2026-08-20,Comirnaty,15.27,17:19:50,2,8,215.87
2026-08-20,Comirnaty,16.57,17:20:20,2,8,215.88
2026-08-20,Comirnaty,3.36,17:20:50,2,8,0.0
2026-08-20,Comirnaty,12.26,17:21:20,2,8,215.9
2026-08-20,Comirnaty,2.2,17:21:50,2,8,0.0
2026-08-20,Comirnaty,9.98,17:22:20,2,8,215.92
2026-08-20,Comirnaty,3.87,17:22:50,2,8,0.0
2026-08-20,Comirnaty,2.68,17:23:20,2,8,0.0
2026-08-20,Comirnaty,13.48,17:23:50,2,8,215.95
2026-08-20,Comirnaty,7.34,17:24:20,2,8,0.0
2026-08-20,Comirnaty,14.66,17:24:50,2,8,215.97
2026-08-20,Comirnaty,11.83,17:25:20,2,8,215.98
2026-08-20,Comirnaty,16.41,17:25:50,2,8,216.0
2026-08-20,Comirnaty,7.8,17:26:20,2,8,0.0
2026-08-20,Comirnaty,5.54,17:26:50,2,8,0.0
2026-08-20,Comirnaty,4.59,17:27:20,2,8,0.0
2026-08-20,Comirnaty,2.31,17:27:50,2,8,0.0
2026-08-20,Comirnaty,7.32,17:28:20,2,8,0.0
2026-08-20,Comirnaty,11.11,17:28:50,2,8,216.06
2026-08-20,Comirnaty,11.08,17:29:20,2,8,216.07
2026-08-20,Comirnaty,4.73,17:29:50,2,8,0.0
2026-08-20,Comirnaty,14.71,17:30:20,2,8,216.09
2026-08-20,Comirnaty,14.33,17:30:50,2,8,216.1
2026-08-20,Comirnaty,16.94,17:31:20,2,8,216.11
2026-08-20,Comirnaty,3.6,17:31:50,2,8,0.0
2026-08-20,Comirnaty,3.51,17:32:20,2,8,0.0
2026-08-20,Comirnaty,17.27,17:32:50,2,8,216.15
2026-08-20,Comirnaty,13.87,17:33:20,2,8,216.16
2026-08-20,Comirnaty,3.68,17:33:50,2,8,0.0
2026-08-20,Comirnaty,17.39,17:34:20,2,8,216.18
2026-08-20,Comirnaty,4.26,17:34:50,2,8,0.0
2026-08-20,Comirnaty,14.66,17:35:20,2,8,216.2
2026-08-20,Comirnaty,7.64,17:35:50,2,8,0.0
2026-08-20,Comirnaty,7.77,17:36:20,2,8,0.0
2026-08-20,Comirnaty,13.17,17:36:50,2,8,216.23
2026-08-20,Comirnaty,6.72,17:37:20,2,8,0.0
2026-08-20,Comirnaty,12.16,17:37:50,2,8,216.25
2026-08-20,Comirnaty,14.01,17:38:20,2,8,216.27
2026-08-20,Comirnaty,12.6,17:38:50,2,8,216.28
2026-08-20,Comirnaty,13.14,17:39:20,2,8,216.29
2026-08-20,Comirnaty,9.06,17:39:50,2,8,216.3
2026-08-20,Comirnaty,15.19,17:40:20,2,8,216.31
2026-08-20,Comirnaty,12.99,17:40:50,2,8,216.32
2026-08-20,Comirnaty,10.35,17:41:20,2,8,216.33
2026-08-20,Comirnaty,14.0,17:41:50,2,8,216.34
2026-08-20,Comirnaty,5.19,17:42:20,2,8,0.0
2026-08-20,Comirnaty,9.48,17:42:50,2,8,216.36
2026-08-20,Comirnaty,12.47,17:43:20,2,8,216.37
2026-08-20,Comirnaty,10.88,17:43:50,2,8,216.38
2026-08-20,Comirnaty,13.17,17:44:20,2,8,216.4
2026-08-20,Comirnaty,6.47,17:44:50,2,8,0.0
2026-08-20,Comirnaty,11.45,17:45:20,2,8,216.42
2026-08-20,Comirnaty,14.04,17:45:50,2,8,216.43
2026-08-20,Comirnaty,12.44,17:46:20,2,8,216.44
2026-08-20,Comirnaty,3.52,17:46:50,2,8,0.0
2026-08-20,Comirnaty,4.34,17:47:20,2,8,0.0
2026-08-20,Comirnaty,16.1,17:47:50,2,8,216.47
2026-08-20,Comirnaty,10.62,17:48:20,2,8,216.48
2026-08-20,Comirnaty,5.64,17:48:50,2,8,0.0
2026-08-20,Comirnaty,15.05,17:49:20,2,8,216.5
2026-08-20,Comirnaty,9.17,17:49:50,2,8,216.52
2026-08-20,Comirnaty,9.53,17:50:20,2,8,216.53
2026-08-20,Comirnaty,13.23,17:50:50,2,8,216.54
2026-08-20,Comirnaty,13.28,17:51:20,2,8,216.55
2026-08-20,Comirnaty,2.09,17:51:50,2,8,0.0
2026-08-20,Comirnaty,6.3,17:52:20,2,8,0.0
2026-08-20,Comirnaty,11.32,17:52:50,2,8,216.58
2026-08-20,Comirnaty,10.9,17:53:20,2,8,216.59
2026-08-20,Comirnaty,6.74,17:53:50,2,8,0.0
2026-08-20,Comirnaty,10.99,17:54:20,2,8,216.61
2026-08-20,Comirnaty,12.43,17:54:50,2,8,216.62
2026-08-20,Comirnaty,16.65,17:55:20,2,8,216.63
2026-08-20,Comirnaty,14.52,17:55:50,2,8,216.65
2026-08-20,Comirnaty,2.21,17:56:20,2,8,0.0
