Date,MedicineName,Temperature,Timestamp,OptimalMin,OptimalMax,PotencyLoss
2026-08-20,HepatitisB,7.4,19:16:54,2,8,0.0
2026-08-20,HepatitisB,3.24,19:17:24,2,8,0.0
2026-08-20,HepatitisB,4.76,19:17:54,2,8,0.0
2026-08-20,HepatitisB,2.43,19:18:24,2,8,0.0
2026-08-20,HepatitisB,15.88,19:18:54,2,8,0.04
2026-08-20,HepatitisB,17.53,19:19:24,2,8,0.05
2026-08-20,HepatitisB,16.48,19:19:54,2,8,0.07
2026-08-20,HepatitisB,15.58,19:20:24,2,8,0.08
2026-08-20,HepatitisB,4.51,19:20:54,2,8,0.0
2026-08-20,HepatitisB,2.09,19:21:24,2,8,0.0
2026-08-20,HepatitisB,10.69,19:21:54,2,8,0.11
2026-08-20,HepatitisB,3.24,19:22:24,2,8,0.0
2026-08-20,HepatitisB,17.23,19:22:54,2,8,0.13
2026-08-20,HepatitisB,10.51,19:23:24,2,8,0.14
2026-08-20,HepatitisB,11.48,19:23:54,2,8,0.15
2026-08-20,HepatitisB,17.98,19:24:24,2,8,0.16
2026-08-20,HepatitisB,5.26,19:24:54,2,8,0.0
2026-08-20,HepatitisB,14.45,19:25:24,2,8,0.18
2026-08-20,HepatitisB,12.68,19:25:54,2,8,0.2
2026-08-20,HepatitisB,4.11,19:26:24,2,8,0.0
2026-08-20,HepatitisB,12.28,19:26:54,2,8,0.22
2026-08-20,HepatitisB,2.33,19:27:24,2,8,0.0
2026-08-20,HepatitisB,11.14,19:27:54,2,8,0.24
2026-08-20,HepatitisB,11.85,19:28:24,2,8,0.25
2026-08-20,HepatitisB,16.04,19:28:54,2,8,0.26
2026-08-20,HepatitisB,6.03,19:29:24,2,8,0.0
2026-08-20,HepatitisB,14.06,19:29:54,2,8,0.28
2026-08-20,HepatitisB,6.71,19:30:24,2,8,0.0
2026-08-20,HepatitisB,10.2,19:30:54,2,8,0.3
2026-08-20,HepatitisB,7.6,19:31:24,2,8,0.0
2026-08-20,HepatitisB,2.03,19:31:54,2,8,0.0
2026-08-20,HepatitisB,3.04,19:32:24,2,8,0.0
2026-08-20,HepatitisB,6.17,19:32:54,2,8,0.0
2026-08-20,HepatitisB,12.13,19:33:24,2,8,0.36
2026-08-20,HepatitisB,17.94,19:33:54,2,8,0.37
2026-08-20,HepatitisB,6.46,19:34:24,2,8,0.0
2026-08-20,HepatitisB,16.68,19:34:54,2,8,0.39
2026-08-20,HepatitisB,7.64,19:35:24,2,8,0.0
2026-08-20,HepatitisB,15.3,19:35:54,2,8,0.41
2026-08-20,HepatitisB,14.65,19:36:24,2,8,0.42
2026-08-20,HepatitisB,12.59,19:36:54,2,8,0.43
2026-08-20,HepatitisB,3.63,19:37:24,2,8,0.0
2026-08-20,HepatitisB,16.42,19:37:54,2,8,0.45
2026-08-20,HepatitisB,4.46,19:38:24,2,8,0.0
2026-08-20,HepatitisB,3.36,19:38:54,2,8,0.0
2026-08-20,HepatitisB,2.07,19:39:24,2,8,0.0
2026-08-20,HepatitisB,17.26,19:39:54,2,8,0.5
2026-08-20,HepatitisB,10.5,19:40:24,2,8,0.51
2026-08-20,HepatitisB,16.43,19:40:54,2,8,0.52
2026-08-20,HepatitisB,16.1,19:41:24,2,8,0.53
2026-08-20,HepatitisB,15.11,19:41:54,2,8,0.54
2026-08-20,HepatitisB,9.16,19:42:24,2,8,0.55
2026-08-20,HepatitisB,13.33,19:42:54,2,8,0.56
2026-08-20,HepatitisB,14.37,19:43:24,2,8,0.57
2026-08-20,HepatitisB,14.16,19:43:54,2,8,0.59
2026-08-20,HepatitisB,9.89,19:44:24,2,8,0.6
2026-08-20,HepatitisB,13.51,19:44:54,2,8,0.61
2026-08-20,HepatitisB,13.05,19:45:24,2,8,0.62
2026-08-20,HepatitisB,11.64,19:45:54,2,8,0.63
2026-08-20,HepatitisB,3.34,19:46:24,2,8,0.0
2026-08-20,HepatitisB,11.54,19:46:54,2,8,0.65
2026-08-20,HepatitisB,14.03,19:47:24,2,8,0.66
2026-08-20,HepatitisB,2.18,19:47:54,2,8,0.0
2026-08-20,HepatitisB,9.68,19:48:24,2,8,0.68
2026-08-20,HepatitisB,17.02,19:48:54,2,8,0.69
2026-08-20,HepatitisB,7.95,19:49:24,2,8,0.0
2026-08-20,HepatitisB,16.42,19:49:54,2,8,0.72
2026-08-20,HepatitisB,16.63,19:50:24,2,8,0.73
2026-08-20,HepatitisB,9.83,19:50:54,2,8,0.74
2026-08-20,HepatitisB,2.49,19:51:24,2,8,0.0
2026-08-20,HepatitisB,16.42,19:51:54,2,8,0.76
2026-08-20,HepatitisB,13.65,19:52:24,2,8,0.77
2026-08-20,HepatitisB,10.75,19:52:54,2,8,0.78
2026-08-20,HepatitisB,14.74,19:53:24,2,8,0.79
2026-08-20,HepatitisB,15.39,19:53:54,2,8,0.8
2026-08-20,HepatitisB,6.93,19:54:24,2,8,0.0
2026-08-20,HepatitisB,11.7,19:54:54,2,8,0.82
2026-08-20,HepatitisB,13.97,19:55:24,2,8,0.83
2026-08-20,HepatitisB,15.95,19:55:54,2,8,0.85
2026-08-20,HepatitisB,9.89,19:56:24,2,8,0.86
2026-08-20,HepatitisB,4.05,19:56:54,2,8,0.0
2026-08-20,HepatitisB,3.72,19:57:24,2,8,0.0
2026-08-20,HepatitisB,13.73,19:57:54,2,8,0.89
2026-08-20,HepatitisB,2.03,19:58:24,2,8,0.0
2026-08-20,HepatitisB,7.36,19:58:54,2,8,0.0
2026-08-20,HepatitisB,11.94,19:59:24,2,8,0.92
2026-08-20,HepatitisB,6.35,19:59:54,2,8,0.0
2026-08-20,HepatitisB,7.98,20:00:24,2,8,0.0
2026-08-20,HepatitisB,16.36,20:00:54,2,8,0.95
2026-08-20,HepatitisB,7.39,20:01:24,2,8,0.0
2026-08-20,HepatitisB,5.98,20:01:54,2,8,0.0
2026-08-20,HepatitisB,9.42,20:02:24,2,8,0.99
2026-08-20,HepatitisB,12.58,20:02:54,2,8,1.0
2026-08-20,HepatitisB,17.32,20:03:24,2,8,1.01
2026-08-20,HepatitisB,3.68,20:03:54,2,8,0.0
2026-08-20,HepatitisB,12.78,20:04:24,2,8,1.03
2026-08-20,HepatitisB,12.17,20:04:54,2,8,1.04
2026-08-20,HepatitisB,3.51,20:05:24,2,8,0.0
2026-08-20,HepatitisB,14.33,20:05:54,2,8,1.06
2026-08-20,HepatitisB,6.76,20:06:24,2,8,0.0
2026-08-20,HepatitisB,15.51,20:06:54,2,8,1.08
2026-08-20,HepatitisB,11.66,20:07:24,2,8,1.09
2026-08-20,HepatitisB,7.32,20:07:54,2,8,0.0
2026-08-20,HepatitisB,16.17,20:08:24,2,8,1.12
2026-08-20,HepatitisB,10.25,20:08:54,2,8,1.13
2026-08-20,HepatitisB,15.46,20:09:24,2,8,1.14
2026-08-20,HepatitisB,17.32,20:09:54,2,8,1.15
2026-08-20,HepatitisB,3.75,20:10:24,2,8,0.0
2026-08-20,HepatitisB,7.01,20:10:54,2,8,0.0
2026-08-20,HepatitisB,6.3,20:11:24,2,8,0.0
2026-08-20,HepatitisB,9.28,20:11:54,2,8,1.19
2026-08-20,HepatitisB,12.44,20:12:24,2,8,1.2
2026-08-20,HepatitisB,12.65,20:12:54,2,8,1.21
2026-08-20,HepatitisB,17.26,20:13:24,2,8,1.22
2026-08-20,HepatitisB,3.74,20:13:54,2,8,0.0
2026-08-20,HepatitisB,15.53,20:14:24,2,8,1.25
2026-08-20,HepatitisB,7.3,20:14:54,2,8,0.0
2026-08-20,HepatitisB,4.75,20:15:24,2,8,0.0
2026-08-20,HepatitisB,3.41,20:15:54,2,8,0.0
2026-08-20,HepatitisB,13.31,20:16:24,2,8,1.29
2026-08-20,HepatitisB,3.83,20:16:54,2,8,0.0
2026-08-20,HepatitisB,6.96,20:17:24,2,8,0.0
2026-08-20,HepatitisB,17.34,20:17:54,2,8,1.32
2026-08-20,HepatitisB,7.93,20:18:24,2,8,0.0
2026-08-20,HepatitisB,5.76,20:18:54,2,8,0.0
2026-08-20,HepatitisB,11.82,20:19:24,2,8,1.35
2026-08-20,HepatitisB,5.52,20:19:54,2,8,0.0
2026-08-20,HepatitisB,11.04,20:20:24,2,8,1.38
2026-08-20,HepatitisB,6.47,20:20:54,2,8,0.0
2026-08-20,HepatitisB,17.94,20:21:24,2,8,1.4
2026-08-20,HepatitisB,14.57,20:21:54,2,8,1.41
2026-08-20,HepatitisB,12.36,20:22:24,2,8,1.42
2026-08-20,HepatitisB,14.62,20:22:54,2,8,1.43
2026-08-20,HepatitisB,14.94,20:23:24,2,8,1.44
2026-08-20,HepatitisB,10.29,20:23:54,2,8,1.45
2026-08-20,HepatitisB,5.88,20:24:24,2,8,0.0
2026-08-20,HepatitisB,9.9,20:24:54,2,8,1.47
2026-08-20,HepatitisB,15.58,20:25:24,2,8,1.48
2026-08-20,HepatitisB,7.37,20:25:54,2,8,0.0
2026-08-20,HepatitisB,7.88,20:26:24,2,8,0.0
2026-08-20,HepatitisB,4.61,20:26:54,2,8,0.0
2026-08-20,HepatitisB,6.46,20:27:24,2,8,0.0
2026-08-20,HepatitisB,16.62,20:27:54,2,8,1.54
2026-08-20,HepatitisB,12.29,20:28:24,2,8,1.55
2026-08-20,HepatitisB,10.26,20:28:54,2,8,1.56
2026-08-20,HepatitisB,9.92,20:29:24,2,8,1.57
2026-08-20,HepatitisB,7.41,20:29:54,2,8,0.0
2026-08-20,HepatitisB,10.25,20:30:24,2,8,1.59
2026-08-20,HepatitisB,7.77,20:30:54,2,8,0.0
2026-08-20,HepatitisB,12.22,20:31:24,2,8,1.61
2026-08-20,HepatitisB,17.07,20:31:54,2,8,1.62
2026-08-20,HepatitisB,15.74,20:32:24,2,8,1.64
2026-08-20,HepatitisB,4.7,20:32:54,2,8,0.0
2026-08-20,HepatitisB,7.02,20:33:24,2,8,0.0
2026-08-20,HepatitisB,5.93,20:33:54,2,8,0.0
2026-08-20,HepatitisB,13.21,20:34:24,2,8,1.68
2026-08-20,HepatitisB,7.84,20:34:54,2,8,0.0
2026-08-20,HepatitisB,9.32,20:35:24,2,8,1.7
2026-08-20,HepatitisB,6.99,20:35:54,2,8,0.0
2026-08-20,HepatitisB,9.49,20:36:24,2,8,1.72
2026-08-20,HepatitisB,14.06,20:36:54,2,8,1.73
2026-08-20,HepatitisB,3.81,20:37:24,2,8,0.0
2026-08-20,HepatitisB,3.34,20:37:54,2,8,0.0
2026-08-20,HepatitisB,3.5,20:38:24,2,8,0.0
2026-08-20,HepatitisB,16.16,20:38:54,2,8,1.78
2026-08-20,HepatitisB,17.97,20:39:24,2,8,1.79
2026-08-20,HepatitisB,12.29,20:39:54,2,8,1.8
2026-08-20,HepatitisB,2.42,20:40:24,2,8,0.0
2026-08-20,HepatitisB,11.17,20:40:54,2,8,1.82
2026-08-20,HepatitisB,13.82,20:41:24,2,8,1.83
2026-08-20,HepatitisB,14.99,20:41:54,2,8,1.84
2026-08-20,HepatitisB,3.2,20:42:24,2,8,0.0
2026-08-20,HepatitisB,5.1,20:42:54,2,8,0.0
2026-08-20,HepatitisB,14.33,20:43:24,2,8,1.87
2026-08-20,HepatitisB,13.68,20:43:54,2,8,1.89
2026-08-20,HepatitisB,9.78,20:44:24,2,8,1.9
2026-08-20,HepatitisB,11.72,20:44:54,2,8,1.91
2026-08-20,HepatitisB,17.96,20:45:24,2,8,1.92
2026-08-20,HepatitisB,11.9,20:45:54,2,8,1.93
2026-08-20,HepatitisB,10.27,20:46:24,2,8,1.94
2026-08-20,HepatitisB,17.92,20:46:54,2,8,1.95
2026-08-20,HepatitisB,12.47,20:47:24,2,8,1.96
2026-08-20,HepatitisB,16.95,20:47:54,2,8,1.97
2026-08-20,HepatitisB,10.24,20:48:24,2,8,1.98
2026-08-20,HepatitisB,4.65,20:48:54,2,8,0.0
2026-08-20,HepatitisB,17.92,20:49:24,2,8,2.0
2026-08-20,HepatitisB,15.89,20:49:54,2,8,2.02
2026-08-20,HepatitisB,13.25,20:50:24,2,8,2.03
2026-08-20,HepatitisB,14.49,20:50:54,2,8,2.04
2026-08-20,HepatitisB,14.61,20:51:24,2,8,2.05
2026-08-20,HepatitisB,16.43,20:51:54,2,8,2.06
2026-08-20,HepatitisB,6.31,20:52:24,2,8,0.0
2026-08-20,HepatitisB,2.2,20:52:54,2,8,0.0
2026-08-20,HepatitisB,10.09,20:53:24,2,8,2.09
2026-08-20,HepatitisB,9.27,20:53:54,2,8,2.1
2026-08-20,HepatitisB,9.35,20:54:24,2,8,2.11
2026-08-20,HepatitisB,17.51,20:54:54,2,8,2.12
2026-08-20,HepatitisB,11.97,20:55:24,2,8,2.13
2026-08-20,HepatitisB,12.46,20:55:54,2,8,2.15
2026-08-20,HepatitisB,11.98,20:56:24,2,8,2.16
2026-08-20,HepatitisB,15.37,20:56:54,2,8,2.17
2026-08-20,HepatitisB,2.67,20:57:24,2,8,0.0
2026-08-20,HepatitisB,2.46,20:57:54,2,8,0.0
2026-08-20,HepatitisB,2.03,20:58:24,2,8,0.0
2026-08-20,HepatitisB,5.98,20:58:54,2,8,0.0
2026-08-20,HepatitisB,9.14,20:59:24,2,8,2.22
2026-08-20,HepatitisB,16.36,20:59:54,2,8,2.23
2026-08-20,HepatitisB,11.87,21:00:24,2,8,2.24
2026-08-20,HepatitisB,7.44,21:00:54,2,8,0.0
2026-08-20,HepatitisB,13.5,21:01:24,2,8,2.26
2026-08-20,HepatitisB,13.82,21:01:54,2,8,2.27
2026-08-20,HepatitisB,14.98,21:02:24,2,8,2.29
2026-08-20,HepatitisB,16.17,21:02:54,2,8,2.3
2026-08-20,HepatitisB,17.93,21:03:24,2,8,2.31
2026-08-20,HepatitisB,4.04,21:03:54,2,8,0.0
2026-08-20,HepatitisB,7.24,21:04:24,2,8,0.0
2026-08-20,HepatitisB,6.76,21:04:54,2,8,0.0
2026-08-20,HepatitisB,11.91,21:05:24,2,8,2.35
2026-08-20,HepatitisB,7.68,21:05:54,2,8,0.0
2026-08-20,HepatitisB,14.38,21:06:24,2,8,2.37
2026-08-20,HepatitisB,9.41,21:06:54,2,8,2.38
2026-08-20,HepatitisB,5.17,21:07:24,2,8,0.0
2026-08-20,HepatitisB,3.34,21:07:54,2,8,0.0
2026-08-20,HepatitisB,16.69,21:08:24,2,8,2.42
2026-08-20,HepatitisB,15.91,21:08:54,2,8,2.43
2026-08-20,HepatitisB,13.23,21:09:24,2,8,2.44
2026-08-20,HepatitisB,17.49,21:09:54,2,8,2.45
2026-08-20,HepatitisB,11.26,21:10:24,2,8,2.46
2026-08-20,HepatitisB,12.24,21:10:54,2,8,2.47
2026-08-20,HepatitisB,13.21,21:11:24,2,8,2.48
2026-08-20,HepatitisB,6.72,21:11:54,2,8,0.0
2026-08-20,HepatitisB,17.71,21:12:24,2,8,2.5
2026-08-20,HepatitisB,15.99,21:12:54,2,8,2.51
2026-08-20,HepatitisB,17.63,21:13:24,2,8,2.52
2026-08-20,HepatitisB,3.04,21:13:54,2,8,0.0
2026-08-20,HepatitisB,12.71,21:14:24,2,8,2.55
2026-08-20,HepatitisB,11.38,21:14:54,2,8,2.56
2026-08-20,HepatitisB,11.92,21:15:24,2,8,2.57
2026-08-20,HepatitisB,6.7,21:15:54,2,8,0.0
2026-08-20,HepatitisB,16.49,21:16:24,2,8,2.59
2026-08-20,HepatitisB,4.85,21:16:54,2,8,0.0
2026-08-20,HepatitisB,17.25,21:17:24,2,8,2.61
2026-08-20,HepatitisB,9.34,21:17:54,2,8,2.62
2026-08-20,HepatitisB,9.03,21:18:24,2,8,2.63
2026-08-20,HepatitisB,12.26,21:18:54,2,8,2.64
2026-08-20,HepatitisB,3.18,21:19:24,2,8,0.0
2026-08-20,HepatitisB,10.1,21:19:54,2,8,2.67
2026-08-20,HepatitisB,12.87,21:20:24,2,8,2.68
2026-08-20,HepatitisB,10.07,21:20:54,2,8,2.69
2026-08-20,HepatitisB,7.97,21:21:24,2,8,0.0
2026-08-20,HepatitisB,4.43,21:21:54,2,8,0.0
2026-08-20,HepatitisB,13.23,21:22:24,2,8,2.72
2026-08-20,HepatitisB,14.94,21:22:54,2,8,2.73
2026-08-20,HepatitisB,16.17,21:23:24,2,8,2.74
2026-08-20,HepatitisB,14.34,21:23:54,2,8,2.75
2026-08-20,HepatitisB,4.58,21:24:24,2,8,0.0
2026-08-20,HepatitisB,2.36,21:24:54,2,8,0.0
2026-08-20,HepatitisB,2.99,21:25:24,2,8,0.0
2026-08-20,HepatitisB,12.19,21:25:54,2,8,2.79
2026-08-20,HepatitisB,9.55,21:26:24,2,8,2.81
2026-08-20,HepatitisB,11.98,21:26:54,2,8,2.82
2026-08-20,HepatitisB,4.04,21:27:24,2,8,0.0
2026-08-20,HepatitisB,5.14,21:27:54,2,8,0.0
2026-08-20,HepatitisB,14.23,21:28:24,2,8,2.85
2026-08-20,HepatitisB,15.27,21:28:54,2,8,2.86
2026-08-20,HepatitisB,9.9,21:29:24,2,8,2.87
2026-08-20,HepatitisB,17.04,21:29:54,2,8,2.88
2026-08-20,HepatitisB,4.2,21:30:24,2,8,0.0
2026-08-20,HepatitisB,2.51,21:30:54,2,8,0.0
2026-08-20,HepatitisB,15.26,21:31:24,2,8,2.91
2026-08-20,HepatitisB,9.77,21:31:54,2,8,2.93
2026-08-20,HepatitisB,12.66,21:32:24,2,8,2.94
2026-08-20,HepatitisB,12.95,21:32:54,2,8,2.95
2026-08-20,HepatitisB,15.5,21:33:24,2,8,2.96
2026-08-20,HepatitisB,13.0,21:33:54,2,8,2.97
2026-08-20,HepatitisB,10.67,21:34:24,2,8,2.98
2026-08-20,HepatitisB,10.45,21:34:54,2,8,2.99
2026-08-20,HepatitisB,17.43,21:35:24,2,8,3.0
2026-08-20,HepatitisB,2.65,21:35:54,2,8,0.0
2026-08-20,HepatitisB,7.32,21:36:24,2,8,0.0
2026-08-20,HepatitisB,7.6,21:36:54,2,8,0.0
2026-08-20,HepatitisB,6.89,21:37:24,2,8,0.0
2026-08-20,HepatitisB,5.0,21:37:54,2,8,0.0
2026-08-20,HepatitisB,4.77,21:38:24,2,8,0.0
2026-08-20,HepatitisB,13.51,21:38:54,2,8,3.08
2026-08-20,HepatitisB,12.39,21:39:24,2,8,3.09
2026-08-20,HepatitisB,10.12,21:39:54,2,8,3.1
2026-08-20,HepatitisB,16.39,21:40:24,2,8,3.11
2026-08-20,HepatitisB,10.77,21:40:54,2,8,3.12
2026-08-20,HepatitisB,17.32,21:41:24,2,8,3.13
2026-08-20,HepatitisB,17.82,21:41:54,2,8,3.14
2026-08-20,HepatitisB,10.37,21:42:24,2,8,3.15
2026-08-20,HepatitisB,3.4,21:42:54,2,8,0.0
2026-08-20,HepatitisB,10.28,21:43:24,2,8,3.17
2026-08-20,HepatitisB,3.09,21:43:54,2,8,0.0
2026-08-20,HepatitisB,14.98,21:44:24,2,8,3.2
2026-08-20,HepatitisB,16.19,21:44:54,2,8,3.21
2026-08-20,HepatitisB,7.53,21:45:24,2,8,0.0
2026-08-20,HepatitisB,6.77,21:45:54,2,8,0.0
2026-08-20,HepatitisB,4.28,21:46:24,2,8,0.0
2026-08-20,HepatitisB,13.4,21:46:54,2,8,3.25
2026-08-20,HepatitisB,5.4,21:47:24,2,8,0.0
2026-08-20,HepatitisB,5.41,21:47:54,2,8,0.0
2026-08-20,HepatitisB,15.4,21:48:24,2,8,3.28
2026-08-20,HepatitisB,15.72,21:48:54,2,8,3.29
2026-08-20,HepatitisB,5.24,21:49:24,2,8,0.0
2026-08-20,HepatitisB,3.96,21:49:54,2,8,0.0
2026-08-20,HepatitisB,14.03,21:50:24,2,8,3.33
2026-08-20,HepatitisB,9.83,21:50:54,2,8,3.34
2026-08-20,HepatitisB,3.21,21:51:24,2,8,0.0
2026-08-20,HepatitisB,14.67,21:51:54,2,8,3.36
2026-08-20,HepatitisB,4.35,21:52:24,2,8,0.0
2026-08-20,HepatitisB,12.52,21:52:54,2,8,3.38
2026-08-20,HepatitisB,14.17,21:53:24,2,8,3.39
2026-08-20,HepatitisB,13.03,21:53:54,2,8,3.4
2026-08-20,HepatitisB,4.54,21:54:24,2,8,0.0
2026-08-20,HepatitisB,7.08,21:54:54,2,8,0.0
2026-08-20,HepatitisB,5.39,21:55:24,2,8,0.0
2026-08-20,HepatitisB,4.67,21:55:54,2,8,0.0
2026-08-20,HepatitisB,13.24,21:56:24,2,8,3.46
2026-08-20,HepatitisB,12.33,21:56:54,2,8,3.47
2026-08-20,HepatitisB,16.01,21:57:24,2,8,3.48
2026-08-20,HepatitisB,7.33,21:57:54,2,8,0.0
2026-08-20,HepatitisB,3.8,21:58:24,2,8,0.0
2026-08-20,HepatitisB,9.47,21:58:54,2,8,3.51
2026-08-20,HepatitisB,17.6,21:59:24,2,8,3.52
2026-08-20,HepatitisB,5.34,21:59:54,2,8,0.0
2026-08-20,HepatitisB,14.6,22:00:24,2,8,3.54
2026-08-20,HepatitisB,12.87,22:00:54,2,8,3.55
2026-08-20,HepatitisB,4.31,22:01:24,2,8,0.0
2026-08-20,HepatitisB,3.33,22:01:54,2,8,0.0
2026-08-20,HepatitisB,7.52,22:02:24,2,8,0.0
2026-08-20,HepatitisB,7.44,22:02:54,2,8,0.0
2026-08-20,HepatitisB,11.46,22:03:24,2,8,3.61
2026-08-20,HepatitisB,16.37,22:03:54,2,8,3.62
2026-08-20,HepatitisB,15.63,22:04:24,2,8,3.63
2026-08-20,HepatitisB,7.49,22:04:54,2,8,0.0
2026-08-20,HepatitisB,17.45,22:05:24,2,8,3.65
2026-08-20,HepatitisB,9.9,22:05:54,2,8,3.66
2026-08-20,HepatitisB,9.46,22:06:24,2,8,3.67
2026-08-20,HepatitisB,16.5,22:06:54,2,8,3.68
2026-08-20,HepatitisB,15.05,22:07:24,2,8,3.69
2026-08-20,HepatitisB,7.01,22:07:54,2,8,0.0
2026-08-20,HepatitisB,6.68,22:08:24,2,8,0.0
2026-08-20,HepatitisB,10.46,22:08:54,2,8,3.73
2026-08-20,HepatitisB,15.57,22:09:24,2,8,3.74
2026-08-20,HepatitisB,3.79,22:09:54,2,8,0.0
2026-08-20,HepatitisB,10.51,22:10:24,2,8,3.76
2026-08-20,HepatitisB,15.84,22:10:54,2,8,3.77
2026-08-20,HepatitisB,12.92,22:11:24,2,8,3.78
2026-08-20,HepatitisB,6.39,22:11:54,2,8,0.0
2026-08-20,HepatitisB,11.12,22:12:24,2,8,3.8
2026-08-20,HepatitisB,10.56,22:12:54,2,8,3.81
2026-08-20,HepatitisB,7.74,22:13:24,2,8,0.0
2026-08-20,HepatitisB,13.55,22:13:54,2,8,3.84
2026-08-20,HepatitisB,7.69,22:14:24,2,8,0.0
2026-08-20,HepatitisB,17.61,22:14:54,2,8,3.86
2026-08-20,HepatitisB,2.02,22:15:24,2,8,0.0
2026-08-20,HepatitisB,10.67,22:15:54,2,8,3.88
2026-08-20,HepatitisB,10.83,22:16:24,2,8,3.89
2026-08-20,HepatitisB,9.09,22:16:54,2,8,3.9
2026-08-20,HepatitisB,13.15,22:17:24,2,8,3.91
2026-08-20,HepatitisB,9.53,22:17:54,2,8,3.92
2026-08-20,HepatitisB,6.55,22:18:24,2,8,0.0
2026-08-20,HepatitisB,15.17,22:18:54,2,8,3.94
2026-08-20,HepatitisB,5.84,22:19:24,2,8,0.0
2026-08-20,HepatitisB,16.55,22:19:54,2,8,3.96
2026-08-20,HepatitisB,12.03,22:20:24,2,8,3.98
2026-08-20,HepatitisB,5.77,22:20:54,2,8,0.0
2026-08-20,HepatitisB,2.35,22:21:24,2,8,0.0
2026-08-20,HepatitisB,12.76,22:21:54,2,8,4.01
2026-08-20,HepatitisB,11.69,22:22:24,2,8,4.02
2026-08-20,HepatitisB,10.56,22:22:54,2,8,4.03
2026-08-20,HepatitisB,10.46,22:23:24,2,8,4.04
2026-08-20,HepatitisB,6.22,22:23:54,2,8,0.0
2026-08-20,HepatitisB,9.28,22:24:24,2,8,4.06
2026-08-20,HepatitisB,7.96,22:24:54,2,8,0.0
2026-08-20,HepatitisB,3.6,22:25:24,2,8,0.0
2026-08-20,HepatitisB,12.33,22:25:54,2,8,4.09
2026-08-20,HepatitisB,13.39,22:26:24,2,8,4.11
2026-08-20,HepatitisB,10.19,22:26:54,2,8,4.12
2026-08-20,HepatitisB,16.94,22:27:24,2,8,4.13
2026-08-20,HepatitisB,5.12,22:27:54,2,8,0.0
2026-08-20,HepatitisB,14.66,22:28:24,2,8,4.15
2026-08-20,HepatitisB,11.32,22:28:54,2,8,4.16
2026-08-20,HepatitisB,9.79,22:29:24,2,8,4.17
2026-08-20,HepatitisB,17.49,22:29:54,2,8,4.18
2026-08-20,HepatitisB,6.4,22:30:24,2,8,0.0
2026-08-20,HepatitisB,15.04,22:30:54,2,8,4.2
2026-08-20,HepatitisB,12.22,22:31:24,2,8,4.21
2026-08-20,HepatitisB,13.45,22:31:54,2,8,4.23
2026-08-20,HepatitisB,13.89,22:32:24,2,8,4.24
2026-08-20,HepatitisB,4.86,22:32:54,2,8,0.0
2026-08-20,HepatitisB,7.33,22:33:24,2,8,0.0
2026-08-20,HepatitisB,2.62,22:33:54,2,8,0.0
2026-08-20,HepatitisB,14.0,22:34:24,2,8,4.28
2026-08-20,HepatitisB,13.71,22:34:54,2,8,4.29
2026-08-20,HepatitisB,9.7,22:35:24,2,8,4.3
2026-08-20,HepatitisB,2.64,22:35:54,2,8,0.0
2026-08-20,HepatitisB,10.77,22:36:24,2,8,4.32
2026-08-20,HepatitisB,6.73,22:36:54,2,8,0.0
2026-08-20,HepatitisB,14.23,22:37:24,2,8,4.34
2026-08-20,HepatitisB,15.21,22:37:54,2,8,4.36
2026-08-20,HepatitisB,2.28,22:38:24,2,8,0.0
2026-08-20,HepatitisB,2.89,22:38:54,2,8,0.0
2026-08-20,HepatitisB,5.04,22:39:24,2,8,0.0
2026-08-20,HepatitisB,11.5,22:39:54,2,8,4.4
2026-08-20,HepatitisB,4.19,22:40:24,2,8,0.0
2026-08-20,HepatitisB,15.31,22:40:54,2,8,4.42
2026-08-20,HepatitisB,2.05,22:41:24,2,8,0.0
2026-08-20,HepatitisB,9.63,22:41:54,2,8,4.44
2026-08-20,HepatitisB,11.84,22:42:24,2,8,4.45
2026-08-20,HepatitisB,9.13,22:42:54,2,8,4.46
2026-08-20,HepatitisB,16.99,22:43:24,2,8,4.47
2026-08-20,HepatitisB,6.73,22:43:54,2,8,0.0
2026-08-20,HepatitisB,14.97,22:44:24,2,8,4.5
2026-08-20,HepatitisB,9.44,22:44:54,2,8,4.51
2026-08-20,HepatitisB,5.12,22:45:24,2,8,0.0
2026-08-20,HepatitisB,12.85,22:45:54,2,8,4.53
2026-08-20,HepatitisB,4.2,22:46:24,2,8,0.0
2026-08-20,HepatitisB,13.68,22:46:54,2,8,4.55
2026-08-20,HepatitisB,12.03,22:47:24,2,8,4.56
2026-08-20,HepatitisB,10.68,22:47:54,2,8,4.57
2026-08-20,HepatitisB,10.3,22:48:24,2,8,4.58
2026-08-20,HepatitisB,3.78,22:48:54,2,8,0.0
2026-08-20,HepatitisB,10.03,22:49:24,2,8,4.6
2026-08-20,HepatitisB,13.88,22:49:54,2,8,4.62
2026-08-20,HepatitisB,14.8,22:50:24,2,8,4.63
2026-08-20,HepatitisB,2.04,22:50:54,2,8,0.0
2026-08-20,HepatitisB,15.8,22:51:24,2,8,4.65
2026-08-20,HepatitisB,6.04,22:51:54,2,8,0.0
2026-08-20,HepatitisB,14.45,22:52:24,2,8,4.67
2026-08-20,HepatitisB,15.75,22:52:54,2,8,4.68
2026-08-20,HepatitisB,16.61,22:53:24,2,8,4.69
2026-08-20,HepatitisB,16.04,22:53:54,2,8,4.7
2026-08-20,HepatitisB,16.27,22:54:24,2,8,4.71
2026-08-20,HepatitisB,14.44,22:54:54,2,8,4.72
2026-08-20,HepatitisB,5.3,22:55:24,2,8,0.0
2026-08-20,HepatitisB,12.79,22:55:54,2,8,4.75
2026-08-20,HepatitisB,3.81,22:56:24,2,8,0.0
2026-08-20,HepatitisB,3.39,22:56:54,2,8,0.0
2026-08-20,HepatitisB,6.3,22:57:24,2,8,0.0
2026-08-20,HepatitisB,3.77,22:57:54,2,8,0.0
2026-08-20,HepatitisB,16.62,22:58:24,2,8,4.8
2026-08-20,HepatitisB,12.11,22:58:54,2,8,4.81
2026-08-20,HepatitisB,11.2,22:59:24,2,8,4.82
2026-08-20,HepatitisB,9.22,22:59:54,2,8,4.83
2026-08-20,HepatitisB,12.11,23:00:24,2,8,4.84
2026-08-20,HepatitisB,12.95,23:00:54,2,8,4.85
2026-08-20,HepatitisB,6.48,23:01:24,2,8,0.0
2026-08-20,HepatitisB,12.94,23:01:54,2,8,4.88
2026-08-20,HepatitisB,12.59,23:02:24,2,8,4.89
2026-08-20,HepatitisB,3.13,23:02:54,2,8,0.0
2026-08-20,HepatitisB,16.96,23:03:24,2,8,4.91
2026-08-20,HepatitisB,10.31,23:03:54,2,8,4.92
2026-08-20,HepatitisB,12.21,23:04:24,2,8,4.93
2026-08-20,HepatitisB,11.23,23:04:54,2,8,4.94
2026-08-20,HepatitisB,15.48,23:05:24,2,8,4.95
2026-08-20,HepatitisB,10.67,23:05:54,2,8,4.96
2026-08-20,HepatitisB,17.08,23:06:24,2,8,4.97
2026-08-20,HepatitisB,14.84,23:06:54,2,8,4.98
2026-08-20,HepatitisB,12.14,23:07:24,2,8,4.99
2026-08-20,HepatitisB,3.75,23:07:54,2,8,0.0
2026-08-20,HepatitisB,13.25,23:08:24,2,8,5.02
2026-08-20,HepatitisB,16.75,23:08:54,2,8,5.03
2026-08-20,HepatitisB,17.85,23:09:24,2,8,5.04
2026-08-20,HepatitisB,17.74,23:09:54,2,8,5.05
2026-08-20,HepatitisB,3.31,23:10:24,2,8,0.0
2026-08-20,HepatitisB,2.76,23:10:54,2,8,0.0
2026-08-20,HepatitisB,11.26,23:11:24,2,8,5.08
2026-08-20,HepatitisB,13.64,23:11:54,2,8,5.09
2026-08-20,HepatitisB,2.66,23:12:24,2,8,0.0
2026-08-20,HepatitisB,12.64,23:12:54,2,8,5.11
2026-08-20,HepatitisB,15.35,23:13:24,2,8,5.12
2026-08-20,HepatitisB,17.75,23:13:54,2,8,5.14
2026-08-20,HepatitisB,9.85,23:14:24,2,8,5.15
2026-08-20,HepatitisB,16.74,23:14:54,2,8,5.16
2026-08-20,HepatitisB,3.25,23:15:24,2,8,0.0
2026-08-20,HepatitisB,14.75,23:15:54,2,8,5.18
2026-08-20,HepatitisB,9.72,23:16:24,2,8,5.19
2026-08-20,HepatitisB,15.9,23:16:54,2,8,5.2
2026-08-20,HepatitisB,12.45,23:17:24,2,8,5.21
2026-08-20,HepatitisB,17.28,23:17:54,2,8,5.22
2026-08-20,HepatitisB,13.95,23:18:24,2,8,5.23
2026-08-20,HepatitisB,17.92,23:18:54,2,8,5.24
2026-08-20,HepatitisB,11.63,23:19:24,2,8,5.25
2026-08-20,HepatitisB,16.35,23:19:54,2,8,5.26
2026-08-20,HepatitisB,16.96,23:20:24,2,8,5.28
2026-08-20,HepatitisB,14.22,23:20:54,2,8,5.29
2026-08-20,HepatitisB,14.92,23:21:24,2,8,5.3
2026-08-20,HepatitisB,12.72,23:21:54,2,8,5.31
2026-08-20,HepatitisB,2.43,23:22:24,2,8,0.0
2026-08-20,HepatitisB,3.53,23:22:54,2,8,0.0
2026-08-20,HepatitisB,17.12,23:23:24,2,8,5.34
2026-08-20,HepatitisB,12.13,23:23:54,2,8,5.35
2026-08-20,HepatitisB,6.71,23:24:24,2,8,0.0
2026-08-20,HepatitisB,10.62,23:24:54,2,8,5.37
2026-08-20,HepatitisB,11.44,23:25:24,2,8,5.38
2026-08-20,HepatitisB,17.56,23:25:54,2,8,5.4
2026-08-20,HepatitisB,16.64,23:26:24,2,8,5.41
2026-08-20,HepatitisB,3.47,23:26:54,2,8,0.0
2026-08-20,HepatitisB,11.09,23:27:24,2,8,5.43
2026-08-20,HepatitisB,7.22,23:27:54,2,8,0.0
2026-08-20,HepatitisB,4.85,23:28:24,2,8,0.0
2026-08-20,HepatitisB,4.35,23:28:54,2,8,0.0
2026-08-20,HepatitisB,12.56,23:29:24,2,8,5.47
2026-08-20,HepatitisB,9.67,23:29:54,2,8,5.48
2026-08-20,HepatitisB,12.08,23:30:24,2,8,5.49
2026-08-20,HepatitisB,14.28,23:30:54,2,8,5.5
2026-08-20,HepatitisB,9.27,23:31:24,2,8,5.51
2026-08-20,HepatitisB,15.35,23:31:54,2,8,5.53
2026-08-20,HepatitisB,6.58,23:32:24,2,8,0.0
2026-08-20,HepatitisB,2.9,23:32:54,2,8,0.0
2026-08-20,HepatitisB,17.17,23:33:24,2,8,5.56
2026-08-20,HepatitisB,10.1,23:33:54,2,8,5.57
2026-08-20,HepatitisB,14.23,23:34:24,2,8,5.58
2026-08-20,HepatitisB,17.19,23:34:54,2,8,5.59
2026-08-20,HepatitisB,4.01,23:35:24,2,8,0.0
2026-08-20,HepatitisB,13.2,23:35:54,2,8,5.61
2026-08-20,HepatitisB,14.07,23:36:24,2,8,5.62
2026-08-20,HepatitisB,17.35,23:36:54,2,8,5.63
2026-08-20,HepatitisB,9.86,23:37:24,2,8,5.64
2026-08-20,HepatitisB,14.94,23:37:54,2,8,5.65
2026-08-20,HepatitisB,17.14,23:38:24,2,8,5.67
2026-08-20,HepatitisB,6.38,23:38:54,2,8,0.0
2026-08-20,HepatitisB,5.8,23:39:24,2,8,0.0
2026-08-20,HepatitisB,6.53,23:39:54,2,8,0.0
2026-08-20,HepatitisB,9.11,23:40:24,2,8,5.71
2026-08-20,HepatitisB,5.13,23:40:54,2,8,0.0
2026-08-20,HepatitisB,17.18,23:41:24,2,8,5.73
2026-08-20,HepatitisB,4.53,23:41:54,2,8,0.0
2026-08-20,HepatitisB,17.84,23:42:24,2,8,5.75
2026-08-20,HepatitisB,17.34,23:42:54,2,8,5.76
2026-08-20,HepatitisB,17.27,23:43:24,2,8,5.77
2026-08-20,HepatitisB,2.64,23:43:54,2,8,0.0
2026-08-20,HepatitisB,6.15,23:44:24,2,8,0.0
2026-08-20,HepatitisB,3.0,23:44:54,2,8,0.0
2026-08-20,HepatitisB,6.24,23:45:24,2,8,0.0
2026-08-20,HepatitisB,7.79,23:45:54,2,8,0.0
2026-08-20,HepatitisB,11.94,23:46:24,2,8,5.84
2026-08-20,HepatitisB,14.98,23:46:54,2,8,5.85
2026-08-20,HepatitisB,14.21,23:47:24,2,8,5.86
2026-08-20,HepatitisB,12.93,23:47:54,2,8,5.87
2026-08-20,HepatitisB,6.08,23:48:24,2,8,0.0
2026-08-20,HepatitisB,4.71,23:48:54,2,8,0.0
2026-08-20,HepatitisB,17.94,23:49:24,2,8,5.9
2026-08-20,HepatitisB,6.87,23:49:54,2,8,0.0
2026-08-20,HepatitisB,6.44,23:50:24,2,8,0.0
2026-08-20,HepatitisB,4.8,23:50:54,2,8,0.0
2026-08-20,HepatitisB,9.29,23:51:24,2,8,5.95
2026-08-20,HepatitisB,12.82,23:51:54,2,8,5.96
2026-08-20,HepatitisB,10.25,23:52:24,2,8,5.97
2026-08-20,HepatitisB,13.56,23:52:54,2,8,5.98
2026-08-20,HepatitisB,12.75,23:53:24,2,8,5.99
2026-08-20,HepatitisB,5.14,23:53:54,2,8,0.0
2026-08-20,HepatitisB,5.3,23:54:24,2,8,0.0
2026-08-20,HepatitisB,5.5,23:54:54,2,8,0.0
2026-08-20,HepatitisB,5.25,23:55:24,2,8,0.0
2026-08-20,HepatitisB,9.25,23:55:54,2,8,6.05
2026-08-20,HepatitisB,15.59,23:56:24,2,8,6.06
2026-08-20,HepatitisB,11.16,23:56:54,2,8,6.07
2026-08-20,HepatitisB,4.34,23:57:24,2,8,0.0
2026-08-20,HepatitisB,17.66,23:57:54,2,8,6.09
2026-08-20,HepatitisB,2.11,23:58:24,2,8,0.0
2026-08-20,HepatitisB,10.51,23:58:54,2,8,6.11
2026-08-20,HepatitisB,10.86,23:59:24,2,8,6.12
2026-08-20,HepatitisB,5.38,23:59:54,2,8,0.0
2026-08-20,HepatitisB,9.78,00:00:24,2,8,6.14
2026-08-20,HepatitisB,14.21,00:00:54,2,8,6.15
2026-08-20,HepatitisB,6.84,00:01:24,2,8,0.0
2026-08-20,HepatitisB,5.05,00:01:54,2,8,0.0
2026-08-20,HepatitisB,4.24,00:02:24,2,8,0.0
2026-08-20,HepatitisB,14.27,00:02:54,2,8,6.2
2026-08-20,HepatitisB,4.18,00:03:24,2,8,0.0
2026-08-20,HepatitisB,12.15,00:03:54,2,8,6.22
2026-08-20,HepatitisB,13.18,00:04:24,2,8,6.23
2026-08-20,HepatitisB,12.68,00:04:54,2,8,6.24
2026-08-20,HepatitisB,2.44,00:05:24,2,8,0.0
2026-08-20,HepatitisB,15.81,00:05:54,2,8,6.26
2026-08-20,HepatitisB,3.95,00:06:24,2,8,0.0
2026-08-20,HepatitisB,17.86,00:06:54,2,8,6.28
2026-08-20,HepatitisB,14.81,00:07:24,2,8,6.29
2026-08-20,HepatitisB,5.09,00:07:54,2,8,0.0
2026-08-20,HepatitisB,10.69,00:08:24,2,8,6.32
2026-08-20,HepatitisB,2.09,00:08:54,2,8,0.0
2026-08-20,HepatitisB,2.31,00:09:24,2,8,0.0
2026-08-20,HepatitisB,16.82,00:09:54,2,8,6.35
2026-08-20,HepatitisB,15.56,00:10:24,2,8,6.36
2026-08-20,HepatitisB,16.01,00:10:54,2,8,6.37
2026-08-20,HepatitisB,13.45,00:11:24,2,8,6.38
2026-08-20,HepatitisB,16.38,00:11:54,2,8,6.39
2026-08-20,HepatitisB,6.83,00:12:24,2,8,0.0
2026-08-20,HepatitisB,11.31,00:12:54,2,8,6.41
2026-08-20,HepatitisB,4.46,00:13:24,2,8,0.0
2026-08-20,HepatitisB,4.68,00:13:54,2,8,0.0
2026-08-20,HepatitisB,12.27,00:14:24,2,8,6.45
2026-08-20,HepatitisB,16.53,00:14:54,2,8,6.46
2026-08-20,HepatitisB,2.99,00:15:24,2,8,0.0
2026-08-20,HepatitisB,11.39,00:15:54,2,8,6.48
2026-08-20,HepatitisB,11.31,00:16:24,2,8,6.49
2026-08-20,HepatitisB,5.47,00:16:54,2,8,0.0
2026-08-20,HepatitisB,11.23,00:17:24,2,8,6.51
2026-08-20,HepatitisB,12.25,00:17:54,2,8,6.52
2026-08-20,HepatitisB,6.24,00:18:24,2,8,0.0
2026-08-20,HepatitisB,13.46,00:18:54,2,8,6.54
2026-08-20,HepatitisB,5.4,00:19:24,2,8,0.0
2026-08-20,HepatitisB,17.62,00:19:54,2,8,6.57
2026-08-20,HepatitisB,4.6,00:20:24,2,8,0.0
2026-08-20,HepatitisB,12.79,00:20:54,2,8,6.59
2026-08-20,HepatitisB,6.86,00:21:24,2,8,0.0
2026-08-20,HepatitisB,12.79,00:21:54,2,8,6.61
2026-08-20,HepatitisB,15.35,00:22:24,2,8,6.62
2026-08-20,HepatitisB,17.54,00:22:54,2,8,6.63
2026-08-20,HepatitisB,3.31,00:23:24,2,8,0.0
2026-08-20,HepatitisB,11.18,00:23:54,2,8,6.65
2026-08-20,HepatitisB,10.2,00:24:24,2,8,6.66
2026-08-20,HepatitisB,3.45,00:24:54,2,8,0.0
2026-08-20,HepatitisB,10.63,00:25:24,2,8,6.68
2026-08-20,HepatitisB,13.82,00:25:54,2,8,6.7
2026-08-20,HepatitisB,13.24,00:26:24,2,8,6.71
2026-08-20,HepatitisB,10.24,00:26:54,2,8,6.72
2026-08-20,HepatitisB,4.44,00:27:24,2,8,0.0
2026-08-20,HepatitisB,11.2,00:27:54,2,8,6.74
2026-08-20,HepatitisB,3.52,00:28:24,2,8,0.0
2026-08-20,HepatitisB,16.54,00:28:54,2,8,6.76
2026-08-20,HepatitisB,4.65,00:29:24,2,8,0.0
2026-08-20,HepatitisB,2.5,00:29:54,2,8,0.0
2026-08-20,HepatitisB,4.51,00:30:24,2,8,0.0
2026-08-20,HepatitisB,12.48,00:30:54,2,8,6.8
2026-08-20,HepatitisB,9.63,00:31:24,2,8,6.81
2026-08-20,HepatitisB,17.27,00:31:54,2,8,6.83
2026-08-20,HepatitisB,10.24,00:32:24,2,8,6.84
2026-08-20,HepatitisB,4.98,00:32:54,2,8,0.0
2026-08-20,HepatitisB,16.97,00:33:24,2,8,6.86
2026-08-20,HepatitisB,3.91,00:33:54,2,8,0.0
2026-08-20,HepatitisB,12.43,00:34:24,2,8,6.88
2026-08-20,HepatitisB,4.86,00:34:54,2,8,0.0
2026-08-20,HepatitisB,15.0,00:35:24,2,8,6.9
2026-08-20,HepatitisB,16.1,00:35:54,2,8,6.91
2026-08-20,HepatitisB,13.83,00:36:24,2,8,6.92
2026-08-20,HepatitisB,11.2,00:36:54,2,8,6.93
2026-08-20,HepatitisB,12.81,00:37:24,2,8,6.94
2026-08-20,HepatitisB,12.38,00:37:54,2,8,6.96
2026-08-20,HepatitisB,14.43,00:38:24,2,8,6.97
2026-08-20,HepatitisB,16.5,00:38:54,2,8,6.98
2026-08-20,HepatitisB,11.26,00:39:24,2,8,6.99
2026-08-20,HepatitisB,12.04,00:39:54,2,8,7.0
2026-08-20,HepatitisB,12.12,00:40:24,2,8,7.01
2026-08-20,HepatitisB,5.36,00:40:54,2,8,0.0
2026-08-20,HepatitisB,17.87,00:41:24,2,8,7.03
2026-08-20,HepatitisB,10.55,00:41:54,2,8,7.04
2026-08-20,HepatitisB,9.21,00:42:24,2,8,7.05
2026-08-20,HepatitisB,6.63,00:42:54,2,8,0.0
2026-08-20,HepatitisB,10.95,00:43:24,2,8,7.07
2026-08-20,HepatitisB,7.78,00:43:54,2,8,0.0
2026-08-20,HepatitisB,12.7,00:44:24,2,8,7.1
2026-08-20,HepatitisB,13.02,00:44:54,2,8,7.11
2026-08-20,HepatitisB,10.15,00:45:24,2,8,7.12
2026-08-20,HepatitisB,5.49,00:45:54,2,8,0.0
2026-08-20,HepatitisB,11.19,00:46:24,2,8,7.14
2026-08-20,HepatitisB,7.47,00:46:54,2,8,0.0
2026-08-20,HepatitisB,15.5,00:47:24,2,8,7.16
2026-08-20,HepatitisB,9.97,00:47:54,2,8,7.17
2026-08-20,HepatitisB,17.91,00:48:24,2,8,7.18
2026-08-20,HepatitisB,15.8,00:48:54,2,8,7.19
2026-08-20,HepatitisB,13.07,00:49:24,2,8,7.2
2026-08-20,HepatitisB,15.39,00:49:54,2,8,7.21
2026-08-20,HepatitisB,3.51,00:50:24,2,8,0.0
2026-08-20,HepatitisB,17.23,00:50:54,2,8,7.24
2026-08-20,HepatitisB,11.59,00:51:24,2,8,7.25
2026-08-20,HepatitisB,15.42,00:51:54,2,8,7.26
2026-08-20,HepatitisB,5.31,00:52:24,2,8,0.0
2026-08-20,HepatitisB,10.34,00:52:54,2,8,7.28
2026-08-20,HepatitisB,4.54,00:53:24,2,8,0.0
2026-08-20,HepatitisB,14.39,00:53:54,2,8,7.3
2026-08-20,HepatitisB,12.43,00:54:24,2,8,7.31
2026-08-20,HepatitisB,15.28,00:54:54,2,8,7.32
2026-08-20,HepatitisB,13.43,00:55:24,2,8,7.33
2026-08-20,HepatitisB,9.83,00:55:54,2,8,7.35
2026-08-20,HepatitisB,9.99,00:56:24,2,8,7.36
2026-08-20,HepatitisB,9.54,00:56:54,2,8,7.37
2026-08-20,HepatitisB,7.82,00:57:24,2,8,0.0
2026-08-20,HepatitisB,16.25,00:57:54,2,8,7.39
2026-08-20,HepatitisB,16.07,00:58:24,2,8,7.4
2026-08-20,HepatitisB,16.45,00:58:54,2,8,7.41
2026-08-20,HepatitisB,2.04,00:59:24,2,8,0.0
2026-08-20,HepatitisB,16.81,00:59:54,2,8,7.43
2026-08-20,HepatitisB,14.87,01:00:24,2,8,7.44
2026-08-20,HepatitisB,5.48,01:00:54,2,8,0.0
2026-08-20,HepatitisB,18.0,01:01:24,2,8,7.46
2026-08-20,HepatitisB,15.35,01:01:54,2,8,7.48
2026-08-20,HepatitisB,11.67,01:02:24,2,8,7.49
2026-08-20,HepatitisB,5.88,01:02:54,2,8,0.0
2026-08-20,HepatitisB,11.91,01:03:24,2,8,7.51
2026-08-20,HepatitisB,4.61,01:03:54,2,8,0.0
2026-08-20,HepatitisB,12.67,01:04:24,2,8,7.53
2026-08-20,HepatitisB,15.25,01:04:54,2,8,7.54
2026-08-20,HepatitisB,4.07,01:05:24,2,8,0.0
2026-08-20,HepatitisB,15.18,01:05:54,2,8,7.56
2026-08-20,HepatitisB,14.03,01:06:24,2,8,7.57
2026-08-20,HepatitisB,2.17,01:06:54,2,8,0.0
2026-08-20,HepatitisB,12.02,01:07:24,2,8,7.59
2026-08-20,HepatitisB,12.69,01:07:54,2,8,7.6
2026-08-20,HepatitisB,10.03,01:08:24,2,8,7.62
2026-08-20,HepatitisB,4.16,01:08:54,2,8,0.0
2026-08-20,HepatitisB,17.75,01:09:24,2,8,7.64
2026-08-20,HepatitisB,9.23,01:09:54,2,8,7.65
2026-08-20,HepatitisB,6.01,01:10:24,2,8,0.0
2026-08-20,HepatitisB,7.1,01:10:54,2,8,0.0
2026-08-20,HepatitisB,17.37,01:11:24,2,8,7.68
2026-08-20,HepatitisB,15.63,01:11:54,2,8,7.69
2026-08-20,HepatitisB,6.64,01:12:24,2,8,0.0
2026-08-20,HepatitisB,7.47,01:12:54,2,8,0.0
2026-08-20,HepatitisB,2.29,01:13:24,2,8,0.0
2026-08-20,HepatitisB,15.23,01:13:54,2,8,7.74
2026-08-20,HepatitisB,17.17,01:14:24,2,8,7.75
2026-08-20,HepatitisB,9.86,01:14:54,2,8,7.76
2026-08-20,HepatitisB,4.9,01:15:24,2,8,0.0
2026-08-20,HepatitisB,3.88,01:15:54,2,8,0.0
2026-08-20,HepatitisB,5.08,01:16:24,2,8,0.0
2026-08-20,HepatitisB,12.51,01:16:54,2,8,7.8
2026-08-20,HepatitisB,7.28,01:17:24,2,8,0.0
2026-08-20,HepatitisB,6.94,01:17:54,2,8,0.0
2026-08-20,HepatitisB,9.81,01:18:24,2,8,7.83
2026-08-20,HepatitisB,11.12,01:18:54,2,8,7.84
2026-08-20,HepatitisB,7.2,01:19:24,2,8,0.0
2026-08-20,HepatitisB,2.62,01:19:54,2,8,0.0
2026-08-20,HepatitisB,14.18,01:20:24,2,8,7.88
2026-08-20,HepatitisB,15.98,01:20:54,2,8,7.89
2026-08-20,HepatitisB,7.16,01:21:24,2,8,0.0
2026-08-20,HepatitisB,4.21,01:21:54,2,8,0.0
2026-08-20,HepatitisB,2.07,01:22:24,2,8,0.0
2026-08-20,HepatitisB,10.06,01:22:54,2,8,7.93
2026-08-20,HepatitisB,4.29,01:23:24,2,8,0.0
2026-08-20,HepatitisB,15.82,01:23:54,2,8,7.95
2026-08-20,HepatitisB,3.2,01:24:24,2,8,0.0
2026-08-20,HepatitisB,14.23,01:24:54,2,8,7.97
2026-08-20,HepatitisB,5.03,01:25:24,2,8,0.0
2026-08-20,HepatitisB,14.05,01:25:54,2,8,8.0
2026-08-20,HepatitisB,9.06,01:26:24,2,8,8.01
2026-08-20,HepatitisB,14.25,01:26:54,2,8,8.02
2026-08-20,HepatitisB,5.0,01:27:24,2,8,0.0
2026-08-20,HepatitisB,15.93,01:27:54,2,8,8.04
2026-08-20,HepatitisB,6.17,01:28:24,2,8,0.0
2026-08-20,HepatitisB,11.62,01:28:54,2,8,8.06
2026-08-20,HepatitisB,6.95,01:29:24,2,8,0.0
2026-08-20,HepatitisB,14.65,01:29:54,2,8,8.08
2026-08-20,HepatitisB,16.52,01:30:24,2,8,8.09
2026-08-20,HepatitisB,5.89,01:30:54,2,8,0.0
2026-08-20,HepatitisB,16.67,01:31:24,2,8,8.11
2026-08-20,HepatitisB,15.89,01:31:54,2,8,8.12
2026-08-20,HepatitisB,13.9,01:32:24,2,8,8.14
2026-08-20,HepatitisB,17.25,01:32:54,2,8,8.15
2026-08-20,HepatitisB,13.34,01:33:24,2,8,8.16
2026-08-20,HepatitisB,15.07,01:33:54,2,8,8.17
2026-08-20,HepatitisB,3.86,01:34:24,2,8,0.0
2026-08-20,HepatitisB,6.71,01:34:54,2,8,0.0
2026-08-20,HepatitisB,7.62,01:35:24,2,8,0.0
2026-08-20,HepatitisB,14.46,01:35:54,2,8,8.21
2026-08-20,HepatitisB,10.64,01:36:24,2,8,8.22
2026-08-20,HepatitisB,5.01,01:36:54,2,8,0.0
2026-08-20,HepatitisB,2.14,01:37:24,2,8,0.0
2026-08-20,HepatitisB,7.8,01:37:54,2,8,0.0
2026-08-20,HepatitisB,4.74,01:38:24,2,8,0.0
2026-08-20,HepatitisB,3.09,01:38:54,2,8,0.0
2026-08-20,HepatitisB,14.9,01:39:24,2,8,8.29
2026-08-20,HepatitisB,10.7,01:39:54,2,8,8.3
2026-08-20,HepatitisB,4.34,01:40:24,2,8,0.0
2026-08-20,HepatitisB,11.27,01:40:54,2,8,8.32
2026-08-20,HepatitisB,2.1,01:41:24,2,8,0.0
2026-08-20,HepatitisB,13.63,01:41:54,2,8,8.34
2026-08-20,HepatitisB,10.15,01:42:24,2,8,8.35
2026-08-20,HepatitisB,9.3,01:42:54,2,8,8.36
2026-08-20,HepatitisB,13.23,01:43:24,2,8,8.37
2026-08-20,HepatitisB,9.38,01:43:54,2,8,8.38
2026-08-20,HepatitisB,5.21,01:44:24,2,8,0.0
2026-08-20,HepatitisB,7.01,01:44:54,2,8,0.0
2026-08-20,HepatitisB,17.3,01:45:24,2,8,8.42
2026-08-20,HepatitisB,14.54,01:45:54,2,8,8.43
2026-08-20,HepatitisB,3.41,01:46:24,2,8,0.0
2026-08-20,HepatitisB,9.47,01:46:54,2,8,8.45
2026-08-20,HepatitisB,10.72,01:47:24,2,8,8.46
2026-08-20,HepatitisB,13.03,01:47:54,2,8,8.47
2026-08-20,HepatitisB,16.5,01:48:24,2,8,8.48
2026-08-20,HepatitisB,6.4,01:48:54,2,8,0.0
2026-08-20,HepatitisB,13.75,01:49:24,2,8,8.5
2026-08-20,HepatitisB,11.48,01:49:54,2,8,8.52
2026-08-20,HepatitisB,17.43,01:50:24,2,8,8.53
2026-08-20,HepatitisB,6.72,01:50:54,2,8,0.0
2026-08-20,HepatitisB,9.88,01:51:24,2,8,8.55
2026-08-20,HepatitisB,14.78,01:51:54,2,8,8.56
2026-08-20,HepatitisB,10.43,01:52:24,2,8,8.57
2026-08-20,HepatitisB,9.1,01:52:54,2,8,8.58
2026-08-20,HepatitisB,7.64,01:53:24,2,8,0.0
2026-08-20,HepatitisB,2.17,01:53:54,2,8,0.0
2026-08-20,HepatitisB,17.01,01:54:24,2,8,8.61
2026-08-20,HepatitisB,5.55,01:54:54,2,8,0.0
2026-08-20,HepatitisB,16.2,01:55:24,2,8,8.63
2026-08-20,HepatitisB,12.6,01:55:54,2,8,8.65
2026-08-20,HepatitisB,7.56,01:56:24,2,8,0.0
2026-08-20,HepatitisB,10.04,01:56:54,2,8,8.67
2026-08-20,HepatitisB,6.77,01:57:24,2,8,0.0
2026-08-20,HepatitisB,3.74,01:57:54,2,8,0.0
2026-08-20,HepatitisB,12.87,01:58:24,2,8,8.7
2026-08-20,HepatitisB,15.42,01:58:54,2,8,8.71
2026-08-20,HepatitisB,17.21,01:59:24,2,8,8.72
2026-08-20,HepatitisB,13.75,01:59:54,2,8,8.73
2026-08-20,HepatitisB,13.12,02:00:24,2,8,8.74
2026-08-20,HepatitisB,14.8,02:00:54,2,8,8.75
2026-08-20,HepatitisB,16.62,02:01:24,2,8,8.76
2026-08-20,HepatitisB,9.36,02:01:54,2,8,8.78
2026-08-20,HepatitisB,6.44,02:02:24,2,8,0.0
2026-08-20,HepatitisB,16.9,02:02:54,2,8,8.8
2026-08-20,HepatitisB,5.91,02:03:24,2,8,0.0
2026-08-20,HepatitisB,9.96,02:03:54,2,8,8.82
2026-08-20,HepatitisB,3.97,02:04:24,2,8,0.0
2026-08-20,HepatitisB,13.69,02:04:54,2,8,8.84
2026-08-20,HepatitisB,12.55,02:05:24,2,8,8.85
2026-08-20,HepatitisB,15.97,02:05:54,2,8,8.86
2026-08-20,HepatitisB,16.4,02:06:24,2,8,8.87
2026-08-20,HepatitisB,4.1,02:06:54,2,8,0.0
2026-08-20,HepatitisB,17.52,02:07:24,2,8,8.89
2026-08-20,HepatitisB,6.33,02:07:54,2,8,0.0
2026-08-20,HepatitisB,10.1,02:08:24,2,8,8.92
2026-08-20,HepatitisB,11.55,02:08:54,2,8,8.93
2026-08-20,HepatitisB,5.52,02:09:24,2,8,0.0
2026-08-20,HepatitisB,9.75,02:09:54,2,8,8.95
2026-08-20,HepatitisB,5.65,02:10:24,2,8,0.0
2026-08-20,HepatitisB,9.71,02:10:54,2,8,8.97
2026-08-20,HepatitisB,15.42,02:11:24,2,8,8.98
2026-08-20,HepatitisB,9.2,02:11:54,2,8,8.99
2026-08-20,HepatitisB,2.92,02:12:24,2,8,0.0
2026-08-20,HepatitisB,15.72,02:12:54,2,8,9.01
2026-08-20,HepatitisB,11.24,02:13:24,2,8,9.02
2026-08-20,HepatitisB,12.9,02:13:54,2,8,9.04
2026-08-20,HepatitisB,5.62,02:14:24,2,8,0.0
2026-08-20,HepatitisB,5.06,02:14:54,2,8,0.0
2026-08-20,HepatitisB,3.83,02:15:24,2,8,0.0
2026-08-20,HepatitisB,5.04,02:15:54,2,8,0.0
2026-08-20,HepatitisB,4.02,02:16:24,2,8,0.0
2026-08-20,HepatitisB,13.57,02:16:54,2,8,9.1
2026-08-20,HepatitisB,10.23,02:17:24,2,8,9.11
2026-08-20,HepatitisB,5.68,02:17:54,2,8,0.0
2026-08-20,HepatitisB,16.11,02:18:24,2,8,9.13
2026-08-20,HepatitisB,11.69,02:18:54,2,8,9.14
2026-08-20,HepatitisB,17.76,02:19:24,2,8,9.15
2026-08-20,HepatitisB,5.97,02:19:54,2,8,0.0
2026-08-20,HepatitisB,3.8,02:20:24,2,8,0.0
2026-08-20,HepatitisB,7.31,02:20:54,2,8,0.0
2026-08-20,HepatitisB,15.86,02:21:24,2,8,9.2
2026-08-20,HepatitisB,7.91,02:21:54,2,8,0.0
2026-08-20,HepatitisB,16.01,02:22:24,2,8,9.22
2026-08-20,HepatitisB,10.75,02:22:54,2,8,9.23
2026-08-20,HepatitisB,15.64,02:23:24,2,8,9.24
2026-08-20,HepatitisB,14.48,02:23:54,2,8,9.25
2026-08-20,HepatitisB,3.65,02:24:24,2,8,0.0
2026-08-20,HepatitisB,2.33,02:24:54,2,8,0.0
2026-08-20,HepatitisB,4.16,02:25:24,2,8,0.0
2026-08-20,HepatitisB,12.82,02:25:54,2,8,9.29
2026-08-20,HepatitisB,17.82,02:26:24,2,8,9.31
2026-08-20,HepatitisB,3.69,02:26:54,2,8,0.0
2026-08-20,HepatitisB,10.58,02:27:24,2,8,9.33
2026-08-20,HepatitisB,7.97,02:27:54,2,8,0.0
2026-08-20,HepatitisB,16.99,02:28:24,2,8,9.35
2026-08-20,HepatitisB,9.16,02:28:54,2,8,9.36
2026-08-20,HepatitisB,3.81,02:29:24,2,8,0.0
2026-08-20,HepatitisB,12.26,02:29:54,2,8,9.38
2026-08-20,HepatitisB,6.81,02:30:24,2,8,0.0
2026-08-20,HepatitisB,16.79,02:30:54,2,8,9.4
2026-08-20,HepatitisB,13.07,02:31:24,2,8,9.41
2026-08-20,HepatitisB,2.38,02:31:54,2,8,0.0
2026-08-20,HepatitisB,11.23,02:32:24,2,8,9.44
2026-08-20,HepatitisB,2.07,02:32:54,2,8,0.0
2026-08-20,HepatitisB,15.48,02:33:24,2,8,9.46
2026-08-20,HepatitisB,13.53,02:33:54,2,8,9.47
2026-08-20,HepatitisB,17.93,02:34:24,2,8,9.48
2026-08-20,HepatitisB,2.72,02:34:54,2,8,0.0
2026-08-20,HepatitisB,17.78,02:35:24,2,8,9.5
2026-08-20,HepatitisB,5.88,02:35:54,2,8,0.0
2026-08-20,HepatitisB,13.39,02:36:24,2,8,9.52
2026-08-20,HepatitisB,15.9,02:36:54,2,8,9.53
2026-08-20,HepatitisB,16.79,02:37:24,2,8,9.54
2026-08-20,HepatitisB,2.66,02:37:54,2,8,0.0
2026-08-20,HepatitisB,2.43,02:38:24,2,8,0.0
2026-08-20,HepatitisB,13.36,02:38:54,2,8,9.58
2026-08-20,HepatitisB,16.49,02:39:24,2,8,9.59
2026-08-20,HepatitisB,17.91,02:39:54,2,8,9.6
2026-08-20,HepatitisB,7.04,02:40:24,2,8,0.0
2026-08-20,HepatitisB,12.14,02:40:54,2,8,9.62
2026-08-20,HepatitisB,16.31,02:41:24,2,8,9.63
2026-08-20,HepatitisB,17.21,02:41:54,2,8,9.64
2026-08-20,HepatitisB,10.08,02:42:24,2,8,9.65
2026-08-20,HepatitisB,10.17,02:42:54,2,8,9.66
2026-08-20,HepatitisB,11.44,02:43:24,2,8,9.67
2026-08-20,HepatitisB,2.1,02:43:54,2,8,0.0
2026-08-20,HepatitisB,7.72,02:44:24,2,8,0.0
2026-08-20,HepatitisB,12.05,02:44:54,2,8,9.71
2026-08-20,HepatitisB,2.69,02:45:24,2,8,0.0
2026-08-20,HepatitisB,3.87,02:45:54,2,8,0.0
2026-08-20,HepatitisB,6.74,02:46:24,2,8,0.0
2026-08-20,HepatitisB,2.82,02:46:54,2,8,0.0
2026-08-20,HepatitisB,16.44,02:47:24,2,8,9.76
2026-08-20,HepatitisB,10.06,02:47:54,2,8,9.77
2026-08-20,HepatitisB,16.51,02:48:24,2,8,9.78
2026-08-20,HepatitisB,3.9,02:48:54,2,8,0.0
2026-08-20,HepatitisB,17.37,02:49:24,2,8,9.8
2026-08-20,HepatitisB,16.17,02:49:54,2,8,9.81
2026-08-20,HepatitisB,3.03,02:50:24,2,8,0.0
2026-08-20,HepatitisB,13.78,02:50:54,2,8,9.84
2026-08-20,HepatitisB,14.81,02:51:24,2,8,9.85
2026-08-20,HepatitisB,2.1,02:51:54,2,8,0.0
2026-08-20,HepatitisB,5.34,02:52:24,2,8,0.0
2026-08-20,HepatitisB,15.4,02:52:54,2,8,9.88
2026-08-20,HepatitisB,6.06,02:53:24,2,8,0.0
2026-08-20,HepatitisB,7.42,02:53:54,2,8,0.0
2026-08-20,HepatitisB,4.26,02:54:24,2,8,0.0
2026-08-20,HepatitisB,7.17,02:54:54,2,8,0.0
2026-08-20,HepatitisB,7.42,02:55:24,2,8,0.0
2026-08-20,HepatitisB,15.8,02:55:54,2,8,9.95
2026-08-20,HepatitisB,14.56,02:56:24,2,8,9.96
2026-08-20,HepatitisB,16.57,02:56:54,2,8,9.97
2026-08-20,HepatitisB,15.83,02:57:24,2,8,9.98
2026-08-20,HepatitisB,4.88,02:57:54,2,8,0.0
2026-08-20,HepatitisB,2.68,02:58:24,2,8,0.0
2026-08-20,HepatitisB,13.76,02:58:54,2,8,10.01
2026-08-20,HepatitisB,12.59,02:59:24,2,8,10.02
2026-08-20,HepatitisB,3.66,02:59:54,2,8,0.0
2026-08-20,HepatitisB,16.6,03:00:24,2,8,10.04
2026-08-20,HepatitisB,16.46,03:00:54,2,8,10.05
2026-08-20,HepatitisB,2.57,03:01:24,2,8,0.0
2026-08-20,HepatitisB,16.33,03:01:54,2,8,10.08
2026-08-20,HepatitisB,12.52,03:02:24,2,8,10.09
2026-08-20,HepatitisB,14.17,03:02:54,2,8,10.1
2026-08-20,HepatitisB,14.15,03:03:24,2,8,10.11
2026-08-20,HepatitisB,7.69,03:03:54,2,8,0.0
2026-08-20,HepatitisB,17.25,03:04:24,2,8,10.13
2026-08-20,HepatitisB,2.26,03:04:54,2,8,0.0
2026-08-20,HepatitisB,7.82,03:05:24,2,8,0.0
2026-08-20,HepatitisB,14.93,03:05:54,2,8,10.16
2026-08-20,HepatitisB,9.38,03:06:24,2,8,10.17
2026-08-20,HepatitisB,7.54,03:06:54,2,8,0.0
2026-08-20,HepatitisB,6.53,03:07:24,2,8,0.0
2026-08-20,HepatitisB,11.54,03:07:54,2,8,10.21
2026-08-20,HepatitisB,7.68,03:08:24,2,8,0.0
2026-08-20,HepatitisB,11.96,03:08:54,2,8,10.23
2026-08-20,HepatitisB,2.01,03:09:24,2,8,0.0
2026-08-20,HepatitisB,11.48,03:09:54,2,8,10.25
2026-08-20,HepatitisB,11.95,03:10:24,2,8,10.26
2026-08-20,HepatitisB,17.23,03:10:54,2,8,10.27
2026-08-20,HepatitisB,4.1,03:11:24,2,8,0.0
2026-08-20,HepatitisB,11.37,03:11:54,2,8,10.29
2026-08-20,HepatitisB,14.92,03:12:24,2,8,10.3
2026-08-20,HepatitisB,15.54,03:12:54,2,8,10.31
2026-08-20,HepatitisB,2.63,03:13:24,2,8,0.0
2026-08-20,HepatitisB,15.14,03:13:54,2,8,10.34
2026-08-20,HepatitisB,2.37,03:14:24,2,8,0.0
2026-08-20,HepatitisB,13.59,03:14:54,2,8,10.36
2026-08-20,HepatitisB,7.13,03:15:24,2,8,0.0
2026-08-20,HepatitisB,10.95,03:15:54,2,8,10.38
2026-08-20,HepatitisB,16.79,03:16:24,2,8,10.39
2026-08-20,HepatitisB,10.28,03:16:54,2,8,10.4
2026-08-20,HepatitisB,6.89,03:17:24,2,8,0.0
2026-08-20,HepatitisB,17.35,03:17:54,2,8,10.42
2026-08-20,HepatitisB,16.78,03:18:24,2,8,10.43
2026-08-20,HepatitisB,6.65,03:18:54,2,8,0.0
2026-08-20,HepatitisB,16.58,03:19:24,2,8,10.45
2026-08-20,HepatitisB,15.55,03:19:54,2,8,10.47
2026-08-20,HepatitisB,3.23,03:20:24,2,8,0.0
2026-08-20,HepatitisB,10.05,03:20:54,2,8,10.49
2026-08-20,HepatitisB,15.64,03:21:24,2,8,10.5
2026-08-20,HepatitisB,6.26,03:21:54,2,8,0.0
2026-08-20,HepatitisB,15.74,03:22:24,2,8,10.52
2026-08-20,HepatitisB,5.42,03:22:54,2,8,0.0
2026-08-20,HepatitisB,13.39,03:23:24,2,8,10.54
2026-08-20,HepatitisB,16.56,03:23:54,2,8,10.55
2026-08-20,HepatitisB,2.14,03:24:24,2,8,0.0
2026-08-20,HepatitisB,10.53,03:24:54,2,8,10.57
2026-08-20,HepatitisB,3.27,03:25:24,2,8,0.0
2026-08-20,HepatitisB,10.71,03:25:54,2,8,10.6
2026-08-20,HepatitisB,2.22,03:26:24,2,8,0.0
2026-08-20,HepatitisB,2.24,03:26:54,2,8,0.0
2026-08-20,HepatitisB,11.08,03:27:24,2,8,10.63
2026-08-20,HepatitisB,5.13,03:27:54,2,8,0.0
2026-08-20,HepatitisB,11.6,03:28:24,2,8,10.65
2026-08-20,HepatitisB,3.82,03:28:54,2,8,0.0
2026-08-20,HepatitisB,17.96,03:29:24,2,8,10.67
2026-08-20,HepatitisB,11.82,03:29:54,2,8,10.68
2026-08-20,HepatitisB,14.12,03:30:24,2,8,10.69
2026-08-20,HepatitisB,17.76,03:30:54,2,8,10.7
2026-08-20,HepatitisB,9.86,03:31:24,2,8,10.71
2026-08-20,HepatitisB,6.58,03:31:54,2,8,0.0
2026-08-20,HepatitisB,3.98,03:32:24,2,8,0.0
2026-08-20,HepatitisB,7.8,03:32:54,2,8,0.0
2026-08-20,HepatitisB,9.57,03:33:24,2,8,10.76
2026-08-20,HepatitisB,7.61,03:33:54,2,8,0.0
2026-08-20,HepatitisB,7.84,03:34:24,2,8,0.0
2026-08-20,HepatitisB,5.02,03:34:54,2,8,0.0
2026-08-20,HepatitisB,3.9,03:35:24,2,8,0.0
2026-08-20,HepatitisB,17.79,03:35:54,2,8,10.81
2026-08-20,HepatitisB,4.19,03:36:24,2,8,0.0
2026-08-20,HepatitisB,4.05,03:36:54,2,8,0.0
2026-08-20,HepatitisB,7.68,03:37:24,2,8,0.0
2026-08-20,HepatitisB,10.0,03:37:54,2,8,10.86
2026-08-20,HepatitisB,15.06,03:38:24,2,8,10.87
2026-08-20,HepatitisB,16.86,03:38:54,2,8,10.88
2026-08-20,HepatitisB,6.76,03:39:24,2,8,0.0
2026-08-20,HepatitisB,4.62,03:39:54,2,8,0.0
2026-08-20,HepatitisB,3.16,03:40:24,2,8,0.0
2026-08-20,HepatitisB,7.4,03:40:54,2,8,0.0
2026-08-20,HepatitisB,9.64,03:41:24,2,8,10.93
2026-08-20,HepatitisB,16.39,03:41:54,2,8,10.94
2026-08-20,HepatitisB,17.77,03:42:24,2,8,10.95
2026-08-20,HepatitisB,17.37,03:42:54,2,8,10.96
2026-08-20,HepatitisB,3.23,03:43:24,2,8,0.0
2026-08-20,HepatitisB,6.03,03:43:54,2,8,0.0
2026-08-20,HepatitisB,16.1,03:44:24,2,8,11.0
2026-08-20,HepatitisB,13.53,03:44:54,2,8,11.01
2026-08-20,HepatitisB,12.51,03:45:24,2,8,11.02
2026-08-20,HepatitisB,14.95,03:45:54,2,8,11.03
2026-08-20,HepatitisB,17.81,03:46:24,2,8,11.04
2026-08-20,HepatitisB,6.24,03:46:54,2,8,0.0
2026-08-20,HepatitisB,6.36,03:47:24,2,8,0.0
2026-08-20,HepatitisB,2.69,03:47:54,2,8,0.0
2026-08-20,HepatitisB,4.19,03:48:24,2,8,0.0
2026-08-20,HepatitisB,17.66,03:48:54,2,8,11.09
2026-08-20,HepatitisB,9.25,03:49:24,2,8,11.1
2026-08-20,HepatitisB,9.06,03:49:54,2,8,11.12
2026-08-20,HepatitisB,3.9,03:50:24,2,8,0.0
2026-08-20,HepatitisB,9.23,03:50:54,2,8,11.14
2026-08-20,HepatitisB,11.3,03:51:24,2,8,11.15
2026-08-20,HepatitisB,11.9,03:51:54,2,8,11.16
2026-08-20,HepatitisB,7.61,03:52:24,2,8,0.0
2026-08-20,HepatitisB,14.7,03:52:54,2,8,11.18
2026-08-20,HepatitisB,16.71,03:53:24,2,8,11.19
2026-08-20,HepatitisB,17.89,03:53:54,2,8,11.2
2026-08-20,HepatitisB,7.03,03:54:24,2,8,0.0
2026-08-20,HepatitisB,14.42,03:54:54,2,8,11.22
2026-08-20,HepatitisB,14.01,03:55:24,2,8,11.23
2026-08-20,HepatitisB,9.46,03:55:54,2,8,11.25
2026-08-20,HepatitisB,6.34,03:56:24,2,8,0.0
2026-08-20,HepatitisB,4.85,03:56:54,2,8,0.0
2026-08-20,HepatitisB,12.29,03:57:24,2,8,11.28
2026-08-20,HepatitisB,7.04,03:57:54,2,8,0.0
2026-08-20,HepatitisB,7.94,03:58:24,2,8,0.0
2026-08-20,HepatitisB,15.25,03:58:54,2,8,11.31
2026-08-20,HepatitisB,6.7,03:59:24,2,8,0.0
2026-08-20,HepatitisB,11.22,03:59:54,2,8,11.33
2026-08-20,HepatitisB,5.51,04:00:24,2,8,0.0
2026-08-20,HepatitisB,2.19,04:00:54,2,8,0.0
2026-08-20,HepatitisB,11.22,04:01:24,2,8,11.36
2026-08-20,HepatitisB,12.2,04:01:54,2,8,11.38
2026-08-20,HepatitisB,17.25,04:02:24,2,8,11.39
2026-08-20,HepatitisB,16.98,04:02:54,2,8,11.4
2026-08-20,HepatitisB,4.74,04:03:24,2,8,0.0
2026-08-20,HepatitisB,11.53,04:03:54,2,8,11.42
2026-08-20,HepatitisB,9.78,04:04:24,2,8,11.43
2026-08-20,HepatitisB,16.68,04:04:54,2,8,11.44
2026-08-20,HepatitisB,11.78,04:05:24,2,8,11.45
2026-08-20,HepatitisB,14.37,04:05:54,2,8,11.46
2026-08-20,HepatitisB,11.45,04:06:24,2,8,11.47
2026-08-20,HepatitisB,15.57,04:06:54,2,8,11.48
2026-08-20,HepatitisB,9.91,04:07:24,2,8,11.49
2026-08-20,HepatitisB,7.41,04:07:54,2,8,0.0
2026-08-20,HepatitisB,16.04,04:08:24,2,8,11.52
2026-08-20,HepatitisB,15.68,04:08:54,2,8,11.53
2026-08-20,HepatitisB,17.07,04:09:24,2,8,11.54
2026-08-20,HepatitisB,13.13,04:09:54,2,8,11.55
2026-08-20,HepatitisB,15.47,04:10:24,2,8,11.56
2026-08-20,HepatitisB,9.72,04:10:54,2,8,11.57
2026-08-20,HepatitisB,5.87,04:11:24,2,8,0.0
2026-08-20,HepatitisB,4.67,04:11:54,2,8,0.0
2026-08-20,HepatitisB,17.11,04:12:24,2,8,11.6
2026-08-20,HepatitisB,17.36,04:12:54,2,8,11.61
2026-08-20,HepatitisB,4.26,04:13:24,2,8,0.0
2026-08-20,HepatitisB,17.46,04:13:54,2,8,11.63
2026-08-20,HepatitisB,12.06,04:14:24,2,8,11.65
2026-08-20,HepatitisB,6.76,04:14:54,2,8,0.0
2026-08-20,HepatitisB,4.1,04:15:24,2,8,0.0
2026-08-20,HepatitisB,4.52,04:15:54,2,8,0.0
2026-08-20,HepatitisB,5.61,04:16:24,2,8,0.0
2026-08-20,HepatitisB,17.11,04:16:54,2,8,11.7
2026-08-20,HepatitisB,13.15,04:17:24,2,8,11.71
2026-08-20,HepatitisB,3.35,04:17:54,2,8,0.0
2026-08-20,HepatitisB,12.84,04:18:24,2,8,11.73
2026-08-20,HepatitisB,14.53,04:18:54,2,8,11.74
2026-08-20,HepatitisB,13.53,04:19:24,2,8,11.75
2026-08-20,HepatitisB,13.61,04:19:54,2,8,11.77
2026-08-20,HepatitisB,13.92,04:20:24,2,8,11.78
2026-08-20,HepatitisB,7.95,04:20:54,2,8,0.0
2026-08-20,HepatitisB,13.79,04:21:24,2,8,11.8
2026-08-20,HepatitisB,15.25,04:21:54,2,8,11.81
2026-08-20,HepatitisB,4.76,04:22:24,2,8,0.0
2026-08-20,HepatitisB,14.98,04:22:54,2,8,11.83
2026-08-20,HepatitisB,13.91,04:23:24,2,8,11.84
2026-08-20,HepatitisB,4.02,04:23:54,2,8,0.0
2026-08-20,HepatitisB,14.26,04:24:24,2,8,11.86
2026-08-20,HepatitisB,2.11,04:24:54,2,8,0.0
2026-08-20,HepatitisB,17.72,04:25:24,2,8,11.88
2026-08-20,HepatitisB,4.83,04:25:54,2,8,0.0
2026-08-20,HepatitisB,4.29,04:26:24,2,8,0.0
2026-08-20,HepatitisB,16.7,04:26:54,2,8,11.92
2026-08-20,HepatitisB,7.03,04:27:24,2,8,0.0
2026-08-20,HepatitisB,3.97,04:27:54,2,8,0.0
2026-08-20,HepatitisB,17.55,04:28:24,2,8,11.95
2026-08-20,HepatitisB,3.66,04:28:54,2,8,0.0
2026-08-20,HepatitisB,9.47,04:29:24,2,8,11.97
2026-08-20,HepatitisB,4.73,04:29:54,2,8,0.0
2026-08-20,HepatitisB,12.07,04:30:24,2,8,11.99
2026-08-20,HepatitisB,13.12,04:30:54,2,8,12.0
2026-08-20,HepatitisB,16.79,04:31:24,2,8,12.01
2026-08-20,HepatitisB,14.04,04:31:54,2,8,12.03
2026-08-20,HepatitisB,3.41,04:32:24,2,8,0.0
2026-08-20,HepatitisB,14.52,04:32:54,2,8,12.05
2026-08-20,HepatitisB,3.63,04:33:24,2,8,0.0
2026-08-20,HepatitisB,16.11,04:33:54,2,8,12.07
2026-08-20,HepatitisB,16.81,04:34:24,2,8,12.08
2026-08-20,HepatitisB,11.48,04:34:54,2,8,12.09
2026-08-20,HepatitisB,6.04,04:35:24,2,8,0.0
2026-08-20,HepatitisB,9.69,04:35:54,2,8,12.11
2026-08-20,HepatitisB,6.56,04:36:24,2,8,0.0
2026-08-20,HepatitisB,15.35,04:36:54,2,8,12.13
2026-08-20,HepatitisB,14.21,04:37:24,2,8,12.14
2026-08-20,HepatitisB,9.41,04:37:54,2,8,12.15
2026-08-20,HepatitisB,5.39,04:38:24,2,8,0.0
2026-08-20,HepatitisB,3.45,04:38:54,2,8,0.0
2026-08-20,HepatitisB,12.24,04:39:24,2,8,12.19
2026-08-20,HepatitisB,13.62,04:39:54,2,8,12.2
2026-08-20,HepatitisB,6.25,04:40:24,2,8,0.0
2026-08-20,HepatitisB,14.59,04:40:54,2,8,12.22
2026-08-20,HepatitisB,2.02,04:41:24,2,8,0.0
2026-08-20,HepatitisB,17.8,04:41:54,2,8,12.24
2026-08-20,HepatitisB,5.11,04:42:24,2,8,0.0
2026-08-20,HepatitisB,10.72,04:42:54,2,8,12.26
2026-08-20,HepatitisB,5.7,04:43:24,2,8,0.0
2026-08-20,HepatitisB,16.12,04:43:54,2,8,12.29
2026-08-20,HepatitisB,12.35,04:44:24,2,8,12.3
2026-08-20,HepatitisB,5.44,04:44:54,2,8,0.0
2026-08-20,HepatitisB,5.6,04:45:24,2,8,0.0
2026-08-20,HepatitisB,11.99,04:45:54,2,8,12.33
2026-08-20,HepatitisB,7.25,04:46:24,2,8,0.0
2026-08-20,HepatitisB,17.28,04:46:54,2,8,12.35
2026-08-20,HepatitisB,14.66,04:47:24,2,8,12.36
2026-08-20,HepatitisB,17.31,04:47:54,2,8,12.37
2026-08-20,HepatitisB,3.66,04:48:24,2,8,0.0
2026-08-20,HepatitisB,5.5,04:48:54,2,8,0.0
2026-08-20,HepatitisB,3.29,04:49:24,2,8,0.0
2026-08-20,HepatitisB,7.43,04:49:54,2,8,0.0
2026-08-20,HepatitisB,14.42,04:50:24,2,8,12.43
2026-08-20,HepatitisB,7.01,04:50:54,2,8,0.0
2026-08-20,HepatitisB,5.13,04:51:24,2,8,0.0
2026-08-20,HepatitisB,2.94,04:51:54,2,8,0.0
2026-08-20,HepatitisB,5.48,04:52:24,2,8,0.0
2026-08-20,HepatitisB,9.52,04:52:54,2,8,12.48
2026-08-20,HepatitisB,9.61,04:53:24,2,8,12.49
2026-08-20,HepatitisB,17.43,04:53:54,2,8,12.5
2026-08-20,HepatitisB,4.74,04:54:24,2,8,0.0
2026-08-20,HepatitisB,14.85,04:54:54,2,8,12.52
2026-08-20,HepatitisB,14.46,04:55:24,2,8,12.53
2026-08-20,HepatitisB,13.64,04:55:54,2,8,12.55
2026-08-20,HepatitisB,11.61,04:56:24,2,8,12.56
2026-08-20,HepatitisB,7.2,04:56:54,2,8,0.0
2026-08-20,HepatitisB,13.59,04:57:24,2,8,12.58
2026-08-20,HepatitisB,17.64,04:57:54,2,8,12.59
2026-08-20,HepatitisB,7.42,04:58:24,2,8,0.0
2026-08-20,HepatitisB,14.79,04:58:54,2,8,12.61
2026-08-20,HepatitisB,13.69,04:59:24,2,8,12.62
2026-08-20,HepatitisB,14.53,04:59:54,2,8,12.63
2026-08-20,HepatitisB,10.36,05:00:24,2,8,12.64
2026-08-20,HepatitisB,10.3,05:00:54,2,8,12.65
2026-08-20,HepatitisB,16.08,05:01:24,2,8,12.66
2026-08-20,HepatitisB,15.56,05:01:54,2,8,12.68
2026-08-20,HepatitisB,6.32,05:02:24,2,8,0.0
2026-08-20,HepatitisB,17.84,05:02:54,2,8,12.7
2026-08-20,HepatitisB,12.82,05:03:24,2,8,12.71
2026-08-20,HepatitisB,16.67,05:03:54,2,8,12.72
2026-08-20,HepatitisB,17.97,05:04:24,2,8,12.73
2026-08-20,HepatitisB,15.5,05:04:54,2,8,12.74
2026-08-20,HepatitisB,10.11,05:05:24,2,8,12.75
2026-08-20,HepatitisB,6.74,05:05:54,2,8,0.0
2026-08-20,HepatitisB,13.66,05:06:24,2,8,12.77
2026-08-20,HepatitisB,17.56,05:06:54,2,8,12.78
2026-08-20,HepatitisB,11.48,05:07:24,2,8,12.79
2026-08-20,HepatitisB,9.6,05:07:54,2,8,12.8
2026-08-20,HepatitisB,14.37,05:08:24,2,8,12.82
2026-08-20,HepatitisB,14.57,05:08:54,2,8,12.83
2026-08-20,HepatitisB,11.23,05:09:24,2,8,12.84
2026-08-20,HepatitisB,11.44,05:09:54,2,8,12.85
2026-08-20,HepatitisB,15.11,05:10:24,2,8,12.86
2026-08-20,HepatitisB,13.48,05:10:54,2,8,12.87
2026-08-20,HepatitisB,2.26,05:11:24,2,8,0.0
2026-08-20,HepatitisB,2.11,05:11:54,2,8,0.0
2026-08-20,HepatitisB,14.67,05:12:24,2,8,12.9
2026-08-20,HepatitisB,5.39,05:12:54,2,8,0.0
2026-08-20,HepatitisB,16.18,05:13:24,2,8,12.92
2026-08-20,HepatitisB,10.35,05:13:54,2,8,12.93
2026-08-20,HepatitisB,13.13,05:14:24,2,8,12.95
2026-08-20,HepatitisB,5.96,05:14:54,2,8,0.0
2026-08-20,HepatitisB,17.29,05:15:24,2,8,12.97
2026-08-20,HepatitisB,13.75,05:15:54,2,8,12.98
2026-08-20,HepatitisB,17.77,05:16:24,2,8,12.99
2026-08-20,HepatitisB,11.29,05:16:54,2,8,13.0
2026-08-20,HepatitisB,14.21,05:17:24,2,8,13.01
2026-08-20,HepatitisB,5.69,05:17:54,2,8,0.0
2026-08-20,HepatitisB,9.34,05:18:24,2,8,13.03
2026-08-20,HepatitisB,6.6,05:18:54,2,8,0.0
2026-08-20,HepatitisB,15.29,05:19:24,2,8,13.05
2026-08-20,HepatitisB,15.03,05:19:54,2,8,13.07
2026-08-20,HepatitisB,9.6,05:20:24,2,8,13.08
2026-08-20,HepatitisB,3.83,05:20:54,2,8,0.0
2026-08-20,HepatitisB,15.3,05:21:24,2,8,13.1
2026-08-20,HepatitisB,14.99,05:21:54,2,8,13.11
2026-08-20,HepatitisB,17.68,05:22:24,2,8,13.12
2026-08-20,HepatitisB,15.69,05:22:54,2,8,13.13
2026-08-20,HepatitisB,2.41,05:23:24,2,8,0.0
2026-08-20,HepatitisB,12.88,05:23:54,2,8,13.15
2026-08-20,HepatitisB,12.56,05:24:24,2,8,13.16
2026-08-20,HepatitisB,11.43,05:24:54,2,8,13.17
2026-08-20,HepatitisB,15.82,05:25:24,2,8,13.18
2026-08-20,HepatitisB,9.74,05:25:54,2,8,13.2
2026-08-20,HepatitisB,12.73,05:26:24,2,8,13.21
2026-08-20,HepatitisB,15.97,05:26:54,2,8,13.22
2026-08-20,HepatitisB,4.19,05:27:24,2,8,0.0
2026-08-20,HepatitisB,15.59,05:27:54,2,8,13.24
2026-08-20,HepatitisB,4.38,05:28:24,2,8,0.0
2026-08-20,HepatitisB,9.35,05:28:54,2,8,13.26
2026-08-20,HepatitisB,6.44,05:29:24,2,8,0.0
2026-08-20,HepatitisB,14.3,05:29:54,2,8,13.28
2026-08-20,HepatitisB,5.64,05:30:24,2,8,0.0
2026-08-20,HepatitisB,4.12,05:30:54,2,8,0.0
2026-08-20,HepatitisB,10.12,05:31:24,2,8,13.31
2026-08-20,HepatitisB,11.71,05:31:54,2,8,13.33
2026-08-20,HepatitisB,5.16,05:32:24,2,8,0.0
2026-08-20,HepatitisB,15.42,05:32:54,2,8,13.35
2026-08-20,HepatitisB,11.03,05:33:24,2,8,13.36
2026-08-20,HepatitisB,15.39,05:33:54,2,8,13.37
2026-08-20,HepatitisB,10.79,05:34:24,2,8,13.38
2026-08-20,HepatitisB,9.7,05:34:54,2,8,13.39
2026-08-20,HepatitisB,2.57,05:35:24,2,8,0.0
2026-08-20,HepatitisB,11.81,05:35:54,2,8,13.41
2026-08-20,HepatitisB,11.96,05:36:24,2,8,13.42
2026-08-20,HepatitisB,3.8,05:36:54,2,8,0.0
2026-08-20,HepatitisB,12.42,05:37:24,2,8,13.44
2026-08-20,HepatitisB,4.46,05:37:54,2,8,0.0
2026-08-20,HepatitisB,6.75,05:38:24,2,8,0.0
2026-08-20,HepatitisB,13.13,05:38:54,2,8,13.48
2026-08-20,HepatitisB,9.18,05:39:24,2,8,13.49
2026-08-20,HepatitisB,17.75,05:39:54,2,8,13.5
2026-08-20,HepatitisB,5.41,05:40:24,2,8,0.0
2026-08-20,HepatitisB,12.71,05:40:54,2,8,13.52
2026-08-20,HepatitisB,15.63,05:41:24,2,8,13.53
2026-08-20,HepatitisB,12.98,05:41:54,2,8,13.54
2026-08-20,HepatitisB,4.22,05:42:24,2,8,0.0
2026-08-20,HepatitisB,16.12,05:42:54,2,8,13.56
2026-08-20,HepatitisB,10.39,05:43:24,2,8,13.57
2026-08-20,HepatitisB,9.64,05:43:54,2,8,13.58
2026-08-20,HepatitisB,10.86,05:44:24,2,8,13.6
2026-08-20,HepatitisB,10.34,05:44:54,2,8,13.61
2026-08-20,HepatitisB,7.23,05:45:24,2,8,0.0
2026-08-20,HepatitisB,15.58,05:45:54,2,8,13.63
2026-08-20,HepatitisB,12.34,05:46:24,2,8,13.64
2026-08-20,HepatitisB,17.67,05:46:54,2,8,13.65
2026-08-20,HepatitisB,4.82,05:47:24,2,8,0.0
2026-08-20,HepatitisB,16.08,05:47:54,2,8,13.67
2026-08-20,HepatitisB,3.44,05:48:24,2,8,0.0
2026-08-20,HepatitisB,16.03,05:48:54,2,8,13.69
2026-08-20,HepatitisB,6.36,05:49:24,2,8,0.0
2026-08-20,HepatitisB,17.01,05:49:54,2,8,13.72
2026-08-20,HepatitisB,7.06,05:50:24,2,8,0.0
2026-08-20,HepatitisB,7.32,05:50:54,2,8,0.0
2026-08-20,HepatitisB,9.93,05:51:24,2,8,13.75
2026-08-20,HepatitisB,5.79,05:51:54,2,8,0.0
2026-08-20,HepatitisB,3.65,05:52:24,2,8,0.0
2026-08-20,HepatitisB,7.29,05:52:54,2,8,0.0
2026-08-20,HepatitisB,5.05,05:53:24,2,8,0.0
2026-08-20,HepatitisB,7.95,05:53:54,2,8,0.0
2026-08-20,HepatitisB,16.91,05:54:24,2,8,13.81
2026-08-20,HepatitisB,12.01,05:54:54,2,8,13.82
2026-08-20,HepatitisB,3.08,05:55:24,2,8,0.0
2026-08-20,HepatitisB,12.36,05:55:54,2,8,13.85
2026-08-20,HepatitisB,10.16,05:56:24,2,8,13.86
2026-08-20,HepatitisB,14.89,05:56:54,2,8,13.87
2026-08-20,HepatitisB,14.73,05:57:24,2,8,13.88
2026-08-20,HepatitisB,9.42,05:57:54,2,8,13.89
2026-08-20,HepatitisB,9.27,05:58:24,2,8,13.9
2026-08-20,HepatitisB,16.21,05:58:54,2,8,13.91
2026-08-20,HepatitisB,14.3,05:59:24,2,8,13.92
2026-08-20,HepatitisB,11.17,05:59:54,2,8,13.93
2026-08-20,HepatitisB,7.16,06:00:24,2,8,0.0
2026-08-20,HepatitisB,16.26,06:00:54,2,8,13.95
2026-08-20,HepatitisB,11.89,06:01:24,2,8,13.96
2026-08-20,HepatitisB,4.63,06:01:54,2,8,0.0
2026-08-20,HepatitisB,4.02,06:02:24,2,8,0.0
2026-08-20,HepatitisB,14.22,06:02:54,2,8,14.0
2026-08-20,HepatitisB,9.28,06:03:24,2,8,14.01
2026-08-20,HepatitisB,4.98,06:03:54,2,8,0.0
2026-08-20,HepatitisB,11.46,06:04:24,2,8,14.03
2026-08-20,HepatitisB,4.06,06:04:54,2,8,0.0
2026-08-20,HepatitisB,17.74,06:05:24,2,8,14.05
2026-08-20,HepatitisB,11.87,06:05:54,2,8,14.06
2026-08-20,HepatitisB,13.75,06:06:24,2,8,14.07
2026-08-20,HepatitisB,10.18,06:06:54,2,8,14.08
2026-08-20,HepatitisB,13.48,06:07:24,2,8,14.09
2026-08-20,HepatitisB,10.69,06:07:54,2,8,14.11
2026-08-20,HepatitisB,17.96,06:08:24,2,8,14.12
2026-08-20,HepatitisB,17.15,06:08:54,2,8,14.13
2026-08-20,HepatitisB,14.13,06:09:24,2,8,14.14
2026-08-20,HepatitisB,13.5,06:09:54,2,8,14.15
2026-08-20,HepatitisB,6.04,06:10:24,2,8,0.0
2026-08-20,HepatitisB,15.93,06:10:54,2,8,14.17
2026-08-20,HepatitisB,4.83,06:11:24,2,8,0.0
2026-08-20,HepatitisB,14.41,06:11:54,2,8,14.19
2026-08-20,HepatitisB,17.37,06:12:24,2,8,14.2
2026-08-20,HepatitisB,2.7,06:12:54,2,8,0.0
2026-08-20,HepatitisB,11.0,06:13:24,2,8,14.22
2026-08-20,HepatitisB,15.24,06:13:54,2,8,14.23
2026-08-20,HepatitisB,17.79,06:14:24,2,8,14.25
2026-08-20,HepatitisB,16.69,06:14:54,2,8,14.26
2026-08-20,HepatitisB,13.5,06:15:24,2,8,14.27
2026-08-20,HepatitisB,7.44,06:15:54,2,8,0.0
2026-08-20,HepatitisB,6.06,06:16:24,2,8,0.0
2026-08-20,HepatitisB,17.48,06:16:54,2,8,14.3
2026-08-20,HepatitisB,6.04,06:17:24,2,8,0.0
2026-08-20,HepatitisB,6.1,06:17:54,2,8,0.0
2026-08-20,HepatitisB,10.34,06:18:24,2,8,14.33
2026-08-20,HepatitisB,17.0,06:18:54,2,8,14.34
2026-08-20,HepatitisB,2.52,06:19:24,2,8,0.0
2026-08-20,HepatitisB,14.6,06:19:54,2,8,14.37
2026-08-20,HepatitisB,15.8,06:20:24,2,8,14.38
2026-08-20,HepatitisB,10.84,06:20:54,2,8,14.39
2026-08-20,HepatitisB,16.85,06:21:24,2,8,14.4
2026-08-20,HepatitisB,16.44,06:21:54,2,8,14.41
2026-08-20,HepatitisB,12.93,06:22:24,2,8,14.42
2026-08-20,HepatitisB,11.08,06:22:54,2,8,14.43
2026-08-20,HepatitisB,13.41,06:23:24,2,8,14.44
2026-08-20,HepatitisB,17.39,06:23:54,2,8,14.45
2026-08-20,HepatitisB,11.94,06:24:24,2,8,14.46
2026-08-20,HepatitisB,3.26,06:24:54,2,8,0.0
2026-08-20,HepatitisB,16.21,06:25:24,2,8,14.48
2026-08-20,HepatitisB,17.69,06:25:54,2,8,14.5
2026-08-20,HepatitisB,2.87,06:26:24,2,8,0.0
2026-08-20,HepatitisB,7.64,06:26:54,2,8,0.0
2026-08-20,HepatitisB,12.98,06:27:24,2,8,14.53
2026-08-20,HepatitisB,12.98,06:27:54,2,8,14.54
2026-08-20,HepatitisB,15.91,06:28:24,2,8,14.55
2026-08-20,HepatitisB,11.06,06:28:54,2,8,14.56
2026-08-20,HepatitisB,3.46,06:29:24,2,8,0.0
2026-08-20,HepatitisB,3.56,06:29:54,2,8,0.0
2026-08-20,HepatitisB,3.32,06:30:24,2,8,0.0
2026-08-20,HepatitisB,4.15,06:30:54,2,8,0.0
2026-08-20,HepatitisB,9.63,06:31:24,2,8,14.61
2026-08-20,HepatitisB,9.72,06:31:54,2,8,14.62
2026-08-20,HepatitisB,11.44,06:32:24,2,8,14.64
2026-08-20,HepatitisB,16.47,06:32:54,2,8,14.65
2026-08-20,HepatitisB,6.28,06:33:24,2,8,0.0
2026-08-20,HepatitisB,10.07,06:33:54,2,8,14.67
2026-08-20,HepatitisB,11.04,06:34:24,2,8,14.68
2026-08-20,HepatitisB,10.89,06:34:54,2,8,14.69
2026-08-20,HepatitisB,12.78,06:35:24,2,8,14.7
2026-08-20,HepatitisB,9.18,06:35:54,2,8,14.71
2026-08-20,HepatitisB,17.25,06:36:24,2,8,14.72
2026-08-20,HepatitisB,14.95,06:36:54,2,8,14.73
2026-08-20,HepatitisB,17.56,06:37:24,2,8,14.74
2026-08-20,HepatitisB,17.19,06:37:54,2,8,14.76
2026-08-20,HepatitisB,13.31,06:38:24,2,8,14.77
2026-08-20,HepatitisB,11.02,06:38:54,2,8,14.78
2026-08-20,HepatitisB,10.85,06:39:24,2,8,14.79
2026-08-20,HepatitisB,11.77,06:39:54,2,8,14.8
2026-08-20,HepatitisB,3.55,06:40:24,2,8,0.0
2026-08-20,HepatitisB,15.09,06:40:54,2,8,14.82
2026-08-20,HepatitisB,2.85,06:41:24,2,8,0.0
2026-08-20,HepatitisB,7.85,06:41:54,2,8,0.0
2026-08-20,HepatitisB,9.42,06:42:24,2,8,14.85
2026-08-20,HepatitisB,17.16,06:42:54,2,8,14.86
2026-08-20,HepatitisB,7.14,06:43:24,2,8,0.0
2026-08-20,HepatitisB,9.33,06:43:54,2,8,14.88
2026-08-20,HepatitisB,15.44,06:44:24,2,8,14.9
2026-08-20,HepatitisB,15.84,06:44:54,2,8,14.91
2026-08-20,HepatitisB,11.27,06:45:24,2,8,14.92
2026-08-20,HepatitisB,6.21,06:45:54,2,8,0.0
2026-08-20,HepatitisB,13.71,06:46:24,2,8,14.94
2026-08-20,HepatitisB,16.07,06:46:54,2,8,14.95
2026-08-20,HepatitisB,2.44,06:47:24,2,8,0.0
2026-08-20,HepatitisB,6.72,06:47:54,2,8,0.0
2026-08-20,HepatitisB,4.85,06:48:24,2,8,0.0
2026-08-20,HepatitisB,15.59,06:48:54,2,8,14.99
2026-08-20,HepatitisB,14.9,06:49:24,2,8,15.0
2026-08-20,HepatitisB,2.32,06:49:54,2,8,0.0
2026-08-20,HepatitisB,6.81,06:50:24,2,8,0.0
2026-08-20,HepatitisB,17.18,06:50:54,2,8,15.04
2026-08-20,HepatitisB,14.27,06:51:24,2,8,15.05
2026-08-20,HepatitisB,3.29,06:51:54,2,8,0.0
2026-08-20,HepatitisB,15.35,06:52:24,2,8,15.07
2026-08-20,HepatitisB,11.39,06:52:54,2,8,15.08
2026-08-20,HepatitisB,12.09,06:53:24,2,8,15.09
2026-08-20,HepatitisB,10.68,06:53:54,2,8,15.1
2026-08-20,HepatitisB,16.65,06:54:24,2,8,15.11
2026-08-20,HepatitisB,5.19,06:54:54,2,8,0.0
2026-08-20,HepatitisB,10.74,06:55:24,2,8,15.13
2026-08-20,HepatitisB,9.25,06:55:54,2,8,15.15
2026-08-20,HepatitisB,2.84,06:56:24,2,8,0.0
2026-08-20,HepatitisB,5.58,06:56:54,2,8,0.0
2026-08-20,HepatitisB,17.73,06:57:24,2,8,15.18
2026-08-20,HepatitisB,12.72,06:57:54,2,8,15.19
2026-08-20,HepatitisB,17.36,06:58:24,2,8,15.2
2026-08-20,HepatitisB,4.61,06:58:54,2,8,0.0
2026-08-20,HepatitisB,9.96,06:59:24,2,8,15.22
2026-08-20,HepatitisB,5.82,06:59:54,2,8,0.0
2026-08-20,HepatitisB,2.42,07:00:24,2,8,0.0
2026-08-20,HepatitisB,6.28,07:00:54,2,8,0.0
2026-08-20,HepatitisB,15.11,07:01:24,2,8,15.26
2026-08-20,HepatitisB,10.71,07:01:54,2,8,15.28
2026-08-20,HepatitisB,9.67,07:02:24,2,8,15.29
2026-08-20,HepatitisB,9.42,07:02:54,2,8,15.3
2026-08-20,HepatitisB,17.98,07:03:24,2,8,15.31
2026-08-20,HepatitisB,4.69,07:03:54,2,8,0.0
2026-08-20,HepatitisB,15.84,07:04:24,2,8,15.33
2026-08-20,HepatitisB,10.7,07:04:54,2,8,15.34
2026-08-20,HepatitisB,10.17,07:05:24,2,8,15.35
2026-08-20,HepatitisB,4.31,07:05:54,2,8,0.0
2026-08-20,HepatitisB,16.16,07:06:24,2,8,15.37
2026-08-20,HepatitisB,5.64,07:06:54,2,8,0.0
2026-08-20,HepatitisB,4.29,07:07:24,2,8,0.0
2026-08-20,HepatitisB,6.55,07:07:54,2,8,0.0
2026-08-20,HepatitisB,9.83,07:08:24,2,8,15.42
2026-08-20,HepatitisB,13.49,07:08:54,2,8,15.43
2026-08-20,HepatitisB,16.87,07:09:24,2,8,15.44
2026-08-20,HepatitisB,13.26,07:09:54,2,8,15.45
2026-08-20,HepatitisB,5.04,07:10:24,2,8,0.0
2026-08-20,HepatitisB,5.9,07:10:54,2,8,0.0
2026-08-20,HepatitisB,10.17,07:11:24,2,8,15.48
2026-08-20,HepatitisB,12.06,07:11:54,2,8,15.49
2026-08-20,HepatitisB,17.92,07:12:24,2,8,15.5
2026-08-20,HepatitisB,6.29,07:12:54,2,8,0.0
2026-08-20,HepatitisB,2.23,07:13:24,2,8,0.0
2026-08-20,HepatitisB,15.11,07:13:54,2,8,15.54
2026-08-20,HepatitisB,4.67,07:14:24,2,8,0.0
2026-08-20,HepatitisB,6.58,07:14:54,2,8,0.0
2026-08-20,HepatitisB,13.57,07:15:24,2,8,15.57
2026-08-20,HepatitisB,4.82,07:15:54,2,8,0.0
2026-08-20,HepatitisB,16.32,07:16:24,2,8,15.59
2026-08-20,HepatitisB,15.64,07:16:54,2,8,15.6
2026-08-20,HepatitisB,17.6,07:17:24,2,8,15.61
2026-08-20,HepatitisB,13.27,07:17:54,2,8,15.62
2026-08-20,HepatitisB,5.95,07:18:24,2,8,0.0
2026-08-20,HepatitisB,16.66,07:18:54,2,8,15.64
2026-08-20,HepatitisB,2.76,07:19:24,2,8,0.0
2026-08-20,HepatitisB,17.5,07:19:54,2,8,15.67
2026-08-20,HepatitisB,5.73,07:20:24,2,8,0.0
2026-08-20,HepatitisB,3.66,07:20:54,2,8,0.0
2026-08-20,HepatitisB,12.02,07:21:24,2,8,15.7
2026-08-20,HepatitisB,17.58,07:21:54,2,8,15.71
2026-08-20,HepatitisB,14.77,07:22:24,2,8,15.72
2026-08-20,HepatitisB,14.41,07:22:54,2,8,15.73
2026-08-20,HepatitisB,6.24,07:23:24,2,8,0.0
2026-08-20,HepatitisB,7.68,07:23:54,2,8,0.0
2026-08-20,HepatitisB,10.93,07:24:24,2,8,15.76
2026-08-20,HepatitisB,12.06,07:24:54,2,8,15.77
2026-08-20,HepatitisB,7.6,07:25:24,2,8,0.0
2026-08-20,HepatitisB,3.88,07:25:54,2,8,0.0
2026-08-20,HepatitisB,9.92,07:26:24,2,8,15.81
2026-08-20,HepatitisB,13.54,07:26:54,2,8,15.82
2026-08-20,HepatitisB,9.78,07:27:24,2,8,15.83
2026-08-20,HepatitisB,15.31,07:27:54,2,8,15.84
2026-08-20,HepatitisB,2.94,07:28:24,2,8,0.0
2026-08-20,HepatitisB,7.31,07:28:54,2,8,0.0
2026-08-20,HepatitisB,7.51,07:29:24,2,8,0.0
2026-08-20,HepatitisB,2.92,07:29:54,2,8,0.0
2026-08-20,HepatitisB,5.46,07:30:24,2,8,0.0
2026-08-20,HepatitisB,13.09,07:30:54,2,8,15.9
2026-08-20,HepatitisB,14.77,07:31:24,2,8,15.91
2026-08-20,HepatitisB,2.65,07:31:54,2,8,0.0
2026-08-20,HepatitisB,14.75,07:32:24,2,8,15.94
2026-08-20,HepatitisB,6.96,07:32:54,2,8,0.0
2026-08-20,HepatitisB,3.09,07:33:24,2,8,0.0
2026-08-20,HepatitisB,4.56,07:33:54,2,8,0.0
2026-08-20,HepatitisB,2.23,07:34:24,2,8,0.0
2026-08-20,HepatitisB,9.69,07:34:54,2,8,15.99
2026-08-20,HepatitisB,5.66,07:35:24,2,8,0.0
2026-08-20,HepatitisB,3.01,07:35:54,2,8,0.0
2026-08-20,HepatitisB,15.27,07:36:24,2,8,16.02
2026-08-20,HepatitisB,16.73,07:36:54,2,8,16.03
2026-08-20,HepatitisB,9.1,07:37:24,2,8,16.04
2026-08-20,HepatitisB,17.65,07:37:54,2,8,16.05
2026-08-20,HepatitisB,9.38,07:38:24,2,8,16.07
2026-08-20,HepatitisB,13.56,07:38:54,2,8,16.08
2026-08-20,HepatitisB,15.99,07:39:24,2,8,16.09
2026-08-20,HepatitisB,4.54,07:39:54,2,8,0.0
2026-08-20,HepatitisB,7.48,07:40:24,2,8,0.0
2026-08-20,HepatitisB,5.05,07:40:54,2,8,0.0
2026-08-20,HepatitisB,15.99,07:41:24,2,8,16.13
2026-08-20,HepatitisB,17.03,07:41:54,2,8,16.14
2026-08-20,HepatitisB,5.14,07:42:24,2,8,0.0
2026-08-20,HepatitisB,9.99,07:42:54,2,8,16.16
2026-08-20,HepatitisB,4.89,07:43:24,2,8,0.0
2026-08-20,HepatitisB,2.88,07:43:54,2,8,0.0
2026-08-20,HepatitisB,11.28,07:44:24,2,8,16.2
2026-08-20,HepatitisB,15.98,07:44:54,2,8,16.21
2026-08-20,HepatitisB,14.76,07:45:24,2,8,16.22
2026-08-20,HepatitisB,9.63,07:45:54,2,8,16.23
2026-08-20,HepatitisB,17.33,07:46:24,2,8,16.24
2026-08-20,HepatitisB,4.4,07:46:54,2,8,0.0
2026-08-20,HepatitisB,2.86,07:47:24,2,8,0.0
2026-08-20,HepatitisB,14.28,07:47:54,2,8,16.27
2026-08-20,HepatitisB,16.65,07:48:24,2,8,16.28
2026-08-20,HepatitisB,10.38,07:48:54,2,8,16.29
2026-08-20,HepatitisB,11.28,07:49:24,2,8,16.3
2026-08-20,HepatitisB,7.2,07:49:54,2,8,0.0
2026-08-20,HepatitisB,6.91,07:50:24,2,8,0.0
2026-08-20,HepatitisB,11.4,07:50:54,2,8,16.34
2026-08-20,HepatitisB,17.15,07:51:24,2,8,16.35
2026-08-20,HepatitisB,16.31,07:51:54,2,8,16.36
2026-08-20,HepatitisB,5.98,07:52:24,2,8,0.0
2026-08-20,HepatitisB,6.93,07:52:54,2,8,0.0
2026-08-20,HepatitisB,3.08,07:53:24,2,8,0.0
2026-08-20,HepatitisB,11.79,07:53:54,2,8,16.4
2026-08-20,HepatitisB,7.29,07:54:24,2,8,0.0
2026-08-20,HepatitisB,16.64,07:54:54,2,8,16.42
2026-08-20,HepatitisB,16.79,07:55:24,2,8,16.43
2026-08-20,HepatitisB,12.12,07:55:54,2,8,16.45
2026-08-20,HepatitisB,12.89,07:56:24,2,8,16.46
2026-08-20,HepatitisB,13.43,07:56:54,2,8,16.47
2026-08-20,HepatitisB,2.52,07:57:24,2,8,0.0
2026-08-20,HepatitisB,11.12,07:57:54,2,8,16.49
2026-08-20,HepatitisB,9.4,07:58:24,2,8,16.5
2026-08-20,HepatitisB,3.9,07:58:54,2,8,0.0
2026-08-20,HepatitisB,14.56,07:59:24,2,8,16.52
2026-08-20,HepatitisB,12.45,07:59:54,2,8,16.53
2026-08-20,HepatitisB,11.88,08:00:24,2,8,16.54
2026-08-20,HepatitisB,13.69,08:00:54,2,8,16.55
2026-08-20,HepatitisB,9.15,08:01:24,2,8,16.56
2026-08-20,HepatitisB,17.22,08:01:54,2,8,16.57
2026-08-20,HepatitisB,14.02,08:02:24,2,8,16.59
2026-08-20,HepatitisB,6.75,08:02:54,2,8,0.0
2026-08-20,HepatitisB,13.0,08:03:24,2,8,16.61
2026-08-20,HepatitisB,12.16,08:03:54,2,8,16.62
2026-08-20,HepatitisB,3.18,08:04:24,2,8,0.0
2026-08-20,HepatitisB,12.96,08:04:54,2,8,16.64
2026-08-20,HepatitisB,14.37,08:05:24,2,8,16.65
2026-08-20,HepatitisB,12.49,08:05:54,2,8,16.66
2026-08-20,HepatitisB,14.25,08:06:24,2,8,16.67
2026-08-20,HepatitisB,17.81,08:06:54,2,8,16.68
2026-08-20,HepatitisB,6.66,08:07:24,2,8,0.0
2026-08-20,HepatitisB,4.13,08:07:54,2,8,0.0
2026-08-20,HepatitisB,15.2,08:08:24,2,8,16.72
2026-08-20,HepatitisB,3.17,08:08:54,2,8,0.0
2026-08-20,HepatitisB,14.71,08:09:24,2,8,16.74
2026-08-20,HepatitisB,4.82,08:09:54,2,8,0.0
2026-08-20,HepatitisB,10.57,08:10:24,2,8,16.76
2026-08-20,HepatitisB,5.91,08:10:54,2,8,0.0
2026-08-20,HepatitisB,3.52,08:11:24,2,8,0.0
2026-08-20,HepatitisB,2.78,08:11:54,2,8,0.0
2026-08-20,HepatitisB,9.44,08:12:24,2,8,16.8
2026-08-20,HepatitisB,15.39,08:12:54,2,8,16.81
2026-08-20,HepatitisB,11.24,08:13:24,2,8,16.82
2026-08-20,HepatitisB,13.81,08:13:54,2,8,16.84
2026-08-20,HepatitisB,14.39,08:14:24,2,8,16.85
2026-08-20,HepatitisB,10.2,08:14:54,2,8,16.86
2026-08-20,HepatitisB,17.18,08:15:24,2,8,16.87
2026-08-20,HepatitisB,6.35,08:15:54,2,8,0.0
2026-08-20,HepatitisB,7.53,08:16:24,2,8,0.0
2026-08-20,HepatitisB,3.92,08:16:54,2,8,0.0
2026-08-20,HepatitisB,3.81,08:17:24,2,8,0.0
2026-08-20,HepatitisB,5.33,08:17:54,2,8,0.0
2026-08-20,HepatitisB,9.67,08:18:24,2,8,16.93
2026-08-20,HepatitisB,5.71,08:18:54,2,8,0.0
2026-08-20,HepatitisB,9.17,08:19:24,2,8,16.95
2026-08-20,HepatitisB,17.53,08:19:54,2,8,16.96
2026-08-20,HepatitisB,9.77,08:20:24,2,8,16.98
2026-08-20,HepatitisB,15.12,08:20:54,2,8,16.99
2026-08-20,HepatitisB,16.08,08:21:24,2,8,17.0
2026-08-20,HepatitisB,5.56,08:21:54,2,8,0.0
2026-08-20,HepatitisB,14.75,08:22:24,2,8,17.02
2026-08-20,HepatitisB,5.75,08:22:54,2,8,0.0
2026-08-20,HepatitisB,14.98,08:23:24,2,8,17.04
2026-08-20,HepatitisB,3.81,08:23:54,2,8,0.0
2026-08-20,HepatitisB,14.47,08:24:24,2,8,17.06
2026-08-20,HepatitisB,4.55,08:24:54,2,8,0.0
2026-08-20,HepatitisB,5.58,08:25:24,2,8,0.0
2026-08-20,HepatitisB,4.7,08:25:54,2,8,0.0
2026-08-20,HepatitisB,10.92,08:26:24,2,8,17.11
2026-08-20,HepatitisB,11.67,08:26:54,2,8,17.12
2026-08-20,HepatitisB,5.81,08:27:24,2,8,0.0
2026-08-20,HepatitisB,15.55,08:27:54,2,8,17.14
2026-08-20,HepatitisB,4.79,08:28:24,2,8,0.0
2026-08-20,HepatitisB,4.01,08:28:54,2,8,0.0
2026-08-20,HepatitisB,10.76,08:29:24,2,8,17.17
2026-08-20,HepatitisB,7.28,08:29:54,2,8,0.0
2026-08-20,HepatitisB,17.47,08:30:24,2,8,17.19
2026-08-20,HepatitisB,14.34,08:30:54,2,8,17.2
2026-08-20,HepatitisB,14.9,08:31:24,2,8,17.21
2026-08-20,HepatitisB,10.04,08:31:54,2,8,17.23
2026-08-20,HepatitisB,13.88,08:32:24,2,8,17.24
2026-08-20,HepatitisB,14.71,08:32:54,2,8,17.25
2026-08-20,HepatitisB,13.67,08:33:24,2,8,17.26
2026-08-20,HepatitisB,17.78,08:33:54,2,8,17.27
2026-08-20,HepatitisB,9.9,08:34:24,2,8,17.28
2026-08-20,HepatitisB,11.89,08:34:54,2,8,17.29
2026-08-20,HepatitisB,11.51,08:35:24,2,8,17.3
2026-08-20,HepatitisB,13.3,08:35:54,2,8,17.31
2026-08-20,HepatitisB,3.48,08:36:24,2,8,0.0
2026-08-20,HepatitisB,7.59,08:36:54,2,8,0.0
2026-08-20,HepatitisB,11.97,08:37:24,2,8,17.34
2026-08-20,HepatitisB,2.77,08:37:54,2,8,0.0
2026-08-20,HepatitisB,12.84,08:38:24,2,8,17.37
2026-08-20,HepatitisB,15.1,08:38:54,2,8,17.38
2026-08-20,HepatitisB,12.32,08:39:24,2,8,17.39
2026-08-20,HepatitisB,5.33,08:39:54,2,8,0.0
2026-08-20,HepatitisB,3.72,08:40:24,2,8,0.0
2026-08-20,HepatitisB,11.79,08:40:54,2,8,17.42
2026-08-20,HepatitisB,2.97,08:41:24,2,8,0.0
2026-08-20,HepatitisB,10.29,08:41:54,2,8,17.44
2026-08-20,HepatitisB,16.82,08:42:24,2,8,17.45
2026-08-20,HepatitisB,13.45,08:42:54,2,8,17.46
2026-08-20,HepatitisB,4.53,08:43:24,2,8,0.0
2026-08-20,HepatitisB,17.1,08:43:54,2,8,17.48
2026-08-20,HepatitisB,17.95,08:44:24,2,8,17.5
2026-08-20,HepatitisB,16.49,08:44:54,2,8,17.51
2026-08-20,HepatitisB,5.54,08:45:24,2,8,0.0
2026-08-20,HepatitisB,3.83,08:45:54,2,8,0.0
2026-08-20,HepatitisB,11.58,08:46:24,2,8,17.54
2026-08-20,HepatitisB,4.84,08:46:54,2,8,0.0
2026-08-20,HepatitisB,3.41,08:47:24,2,8,0.0
2026-08-20,HepatitisB,14.65,08:47:54,2,8,17.57
2026-08-20,HepatitisB,15.77,08:48:24,2,8,17.58
2026-08-20,HepatitisB,16.98,08:48:54,2,8,17.59
2026-08-20,HepatitisB,4.29,08:49:24,2,8,0.0
2026-08-20,HepatitisB,3.37,08:49:54,2,8,0.0
2026-08-20,HepatitisB,3.23,08:50:24,2,8,0.0
2026-08-20,HepatitisB,4.82,08:50:54,2,8,0.0
2026-08-20,HepatitisB,17.78,08:51:24,2,8,17.65
2026-08-20,HepatitisB,7.93,08:51:54,2,8,0.0
2026-08-20,HepatitisB,6.14,08:52:24,2,8,0.0
2026-08-20,HepatitisB,7.03,08:52:54,2,8,0.0
2026-08-20,HepatitisB,17.63,08:53:24,2,8,17.69
2026-08-20,HepatitisB,2.52,08:53:54,2,8,0.0
2026-08-20,HepatitisB,2.36,08:54:24,2,8,0.0
2026-08-20,HepatitisB,5.97,08:54:54,2,8,0.0
2026-08-20,HepatitisB,17.22,08:55:24,2,8,17.73
2026-08-20,HepatitisB,2.29,08:55:54,2,8,0.0
2026-08-20,HepatitisB,2.7,08:56:24,2,8,0.0
2026-08-20,HepatitisB,5.56,08:56:54,2,8,0.0
2026-08-20,HepatitisB,4.4,08:57:24,2,8,0.0
2026-08-20,HepatitisB,12.49,08:57:54,2,8,17.79
2026-08-20,HepatitisB,17.72,08:58:24,2,8,17.8
2026-08-20,HepatitisB,5.94,08:58:54,2,8,0.0
2026-08-20,HepatitisB,9.92,08:59:24,2,8,17.82
2026-08-20,HepatitisB,11.52,08:59:54,2,8,17.83
2026-08-20,HepatitisB,10.46,09:00:24,2,8,17.84
2026-08-20,HepatitisB,10.86,09:00:54,2,8,17.85
2026-08-20,HepatitisB,15.4,09:01:24,2,8,17.86
2026-08-20,HepatitisB,12.97,09:01:54,2,8,17.88
2026-08-20,HepatitisB,9.94,09:02:24,2,8,17.89
2026-08-20,HepatitisB,17.89,09:02:54,2,8,17.9
2026-08-20,HepatitisB,14.77,09:03:24,2,8,17.91
2026-08-20,HepatitisB,7.36,09:03:54,2,8,0.0
2026-08-20,HepatitisB,4.25,09:04:24,2,8,0.0
2026-08-20,HepatitisB,15.86,09:04:54,2,8,17.94
2026-08-20,HepatitisB,12.68,09:05:24,2,8,17.95
2026-08-20,HepatitisB,12.19,09:05:54,2,8,17.96
2026-08-20,HepatitisB,9.8,09:06:24,2,8,17.97
2026-08-20,HepatitisB,16.49,09:06:54,2,8,17.98
2026-08-20,HepatitisB,9.42,09:07:24,2,8,17.99
2026-08-20,HepatitisB,15.57,09:07:54,2,8,18.0
2026-08-20,HepatitisB,15.15,09:08:24,2,8,18.02
2026-08-20,HepatitisB,5.05,09:08:54,2,8,0.0
2026-08-20,HepatitisB,17.6,09:09:24,2,8,18.04
2026-08-20,HepatitisB,14.34,09:09:54,2,8,18.05
2026-08-20,HepatitisB,13.65,09:10:24,2,8,18.06
2026-08-20,HepatitisB,3.14,09:10:54,2,8,0.0
2026-08-20,HepatitisB,16.08,09:11:24,2,8,18.08
2026-08-20,HepatitisB,16.77,09:11:54,2,8,18.09
2026-08-20,HepatitisB,10.77,09:12:24,2,8,18.1
2026-08-20,HepatitisB,11.03,09:12:54,2,8,18.11
2026-08-20,HepatitisB,9.2,09:13:24,2,8,18.12
2026-08-20,HepatitisB,2.84,09:13:54,2,8,0.0
2026-08-20,HepatitisB,16.72,09:14:24,2,8,18.15
2026-08-20,HepatitisB,9.07,09:14:54,2,8,18.16
2026-08-20,HepatitisB,10.03,09:15:24,2,8,18.17
2026-08-20,HepatitisB,13.62,09:15:54,2,8,18.18
2026-08-20,HepatitisB,3.86,09:16:24,2,8,0.0
2026-08-20,HepatitisB,12.52,09:16:54,2,8,18.2
2026-08-20,HepatitisB,2.28,09:17:24,2,8,0.0
2026-08-20,HepatitisB,17.34,09:17:54,2,8,18.22
2026-08-20,HepatitisB,14.17,09:18:24,2,8,18.23
2026-08-20,HepatitisB,7.04,09:18:54,2,8,0.0
2026-08-20,HepatitisB,6.94,09:19:24,2,8,0.0
2026-08-20,HepatitisB,6.84,09:19:54,2,8,0.0
2026-08-20,HepatitisB,11.71,09:20:24,2,8,18.28
2026-08-20,HepatitisB,15.24,09:20:54,2,8,18.29
2026-08-20,HepatitisB,15.55,09:21:24,2,8,18.3
2026-08-20,HepatitisB,11.56,09:21:54,2,8,18.31
2026-08-20,HepatitisB,11.89,09:22:24,2,8,18.32
2026-08-20,HepatitisB,16.49,09:22:54,2,8,18.33
2026-08-20,HepatitisB,17.84,09:23:24,2,8,18.34
2026-08-20,HepatitisB,11.11,09:23:54,2,8,18.35
2026-08-20,HepatitisB,4.38,09:24:24,2,8,0.0
2026-08-20,HepatitisB,17.27,09:24:54,2,8,18.37
2026-08-20,HepatitisB,11.86,09:25:24,2,8,18.38
2026-08-20,HepatitisB,4.0,09:25:54,2,8,0.0
2026-08-20,HepatitisB,6.98,09:26:24,2,8,0.0
2026-08-20,HepatitisB,17.2,09:26:54,2,8,18.42
2026-08-20,HepatitisB,11.57,09:27:24,2,8,18.43
2026-08-20,HepatitisB,17.0,09:27:54,2,8,18.44
2026-08-20,HepatitisB,12.18,09:28:24,2,8,18.45
2026-08-20,HepatitisB,11.4,09:28:54,2,8,18.46
2026-08-20,HepatitisB,3.48,09:29:24,2,8,0.0
2026-08-20,HepatitisB,13.93,09:29:54,2,8,18.48
2026-08-20,HepatitisB,4.48,09:30:24,2,8,0.0
2026-08-20,HepatitisB,17.92,09:30:54,2,8,18.5
2026-08-20,HepatitisB,2.5,09:31:24,2,8,0.0
2026-08-20,HepatitisB,12.02,09:31:54,2,8,18.53
2026-08-20,HepatitisB,3.42,09:32:24,2,8,0.0
2026-08-20,HepatitisB,10.43,09:32:54,2,8,18.55
2026-08-20,HepatitisB,13.76,09:33:24,2,8,18.56
2026-08-20,HepatitisB,5.43,09:33:54,2,8,0.0
2026-08-20,HepatitisB,7.9,09:34:24,2,8,0.0
2026-08-20,HepatitisB,6.42,09:34:54,2,8,0.0
2026-08-20,HepatitisB,3.87,09:35:24,2,8,0.0
2026-08-20,HepatitisB,16.1,09:35:54,2,8,18.61
2026-08-20,HepatitisB,17.04,09:36:24,2,8,18.62
2026-08-20,HepatitisB,12.59,09:36:54,2,8,18.63
2026-08-20,HepatitisB,7.85,09:37:24,2,8,0.0
2026-08-20,HepatitisB,17.85,09:37:54,2,8,18.66
2026-08-20,HepatitisB,7.9,09:38:24,2,8,0.0
2026-08-20,HepatitisB,7.48,09:38:54,2,8,0.0
2026-08-20,HepatitisB,14.92,09:39:24,2,8,18.69
2026-08-20,HepatitisB,7.53,09:39:54,2,8,0.0
2026-08-20,HepatitisB,14.81,09:40:24,2,8,18.71
2026-08-20,HepatitisB,9.94,09:40:54,2,8,18.72
2026-08-20,HepatitisB,6.39,09:41:24,2,8,0.0
2026-08-20,HepatitisB,14.75,09:41:54,2,8,18.74
2026-08-20,HepatitisB,14.82,09:42:24,2,8,18.75
2026-08-20,HepatitisB,12.63,09:42:54,2,8,18.76
2026-08-20,HepatitisB,2.69,09:43:24,2,8,0.0
2026-08-20,HepatitisB,14.0,09:43:54,2,8,18.79
2026-08-20,HepatitisB,13.62,09:44:24,2,8,18.8
2026-08-20,HepatitisB,10.56,09:44:54,2,8,18.81
2026-08-20,HepatitisB,13.51,09:45:24,2,8,18.82
2026-08-20,HepatitisB,14.74,09:45:54,2,8,18.83
2026-08-20,HepatitisB,17.35,09:46:24,2,8,18.84
2026-08-20,HepatitisB,16.91,09:46:54,2,8,18.85
2026-08-20,HepatitisB,14.11,09:47:24,2,8,18.86
2026-08-20,HepatitisB,4.31,09:47:54,2,8,0.0
2026-08-20,HepatitisB,13.17,09:48:24,2,8,18.88
2026-08-20,HepatitisB,10.24,09:48:54,2,8,18.89
2026-08-20,HepatitisB,4.33,09:49:24,2,8,0.0
2026-08-20,HepatitisB,10.08,09:49:54,2,8,18.92
2026-08-20,HepatitisB,12.35,09:50:24,2,8,18.93
2026-08-20,HepatitisB,11.33,09:50:54,2,8,18.94
2026-08-20,HepatitisB,14.06,09:51:24,2,8,18.95
2026-08-20,HepatitisB,7.02,09:51:54,2,8,0.0
2026-08-20,HepatitisB,15.36,09:52:24,2,8,18.97
2026-08-20,HepatitisB,4.06,09:52:54,2,8,0.0
2026-08-20,HepatitisB,5.39,09:53:24,2,8,0.0
2026-08-20,HepatitisB,15.64,09:53:54,2,8,19.0
2026-08-20,HepatitisB,15.22,09:54:24,2,8,19.01
2026-08-20,HepatitisB,14.1,09:54:54,2,8,19.02
2026-08-20,HepatitisB,15.16,09:55:24,2,8,19.03
2026-08-20,HepatitisB,7.05,09:55:54,2,8,0.0
2026-08-20,HepatitisB,14.64,09:56:24,2,8,19.06
2026-08-20,HepatitisB,15.76,09:56:54,2,8,19.07
2026-08-20,HepatitisB,13.93,09:57:24,2,8,19.08
2026-08-20,HepatitisB,12.12,09:57:54,2,8,19.09
2026-08-20,HepatitisB,5.77,09:58:24,2,8,0.0
2026-08-20,HepatitisB,13.89,09:58:54,2,8,19.11
2026-08-20,HepatitisB,2.76,09:59:24,2,8,0.0
2026-08-20,HepatitisB,5.17,09:59:54,2,8,0.0
2026-08-20,HepatitisB,10.11,10:00:24,2,8,19.14
2026-08-20,HepatitisB,4.9,10:00:54,2,8,0.0
2026-08-20,HepatitisB,10.97,10:01:24,2,8,19.16
2026-08-20,HepatitisB,16.93,10:01:54,2,8,19.18
2026-08-20,HepatitisB,11.35,10:02:24,2,8,19.19
2026-08-20,HepatitisB,9.99,10:02:54,2,8,19.2
2026-08-20,HepatitisB,11.65,10:03:24,2,8,19.21
2026-08-20,HepatitisB,3.92,10:03:54,2,8,0.0
2026-08-20,HepatitisB,2.49,10:04:24,2,8,0.0
2026-08-20,HepatitisB,10.78,10:04:54,2,8,19.24
2026-08-20,HepatitisB,11.93,10:05:24,2,8,19.25
2026-08-20,HepatitisB,17.09,10:05:54,2,8,19.26
2026-08-20,HepatitisB,17.79,10:06:24,2,8,19.27
2026-08-20,HepatitisB,5.0,10:06:54,2,8,0.0
2026-08-20,HepatitisB,2.06,10:07:24,2,8,0.0
2026-08-20,HepatitisB,10.77,10:07:54,2,8,19.3
2026-08-20,HepatitisB,7.22,10:08:24,2,8,0.0
2026-08-20,HepatitisB,17.33,10:08:54,2,8,19.33
2026-08-20,HepatitisB,17.23,10:09:24,2,8,19.34
2026-08-20,HepatitisB,15.07,10:09:54,2,8,19.35
2026-08-20,HepatitisB,14.24,10:10:24,2,8,19.36
2026-08-20,HepatitisB,14.76,10:10:54,2,8,19.37
2026-08-20,HepatitisB,9.47,10:11:24,2,8,19.38
2026-08-20,HepatitisB,3.34,10:11:54,2,8,0.0
2026-08-20,HepatitisB,16.92,10:12:24,2,8,19.4
2026-08-20,HepatitisB,13.53,10:12:54,2,8,19.41
2026-08-20,HepatitisB,17.12,10:13:24,2,8,19.42
2026-08-20,HepatitisB,9.4,10:13:54,2,8,19.43
2026-08-20,HepatitisB,4.81,10:14:24,2,8,0.0
2026-08-20,HepatitisB,9.94,10:14:54,2,8,19.46
2026-08-20,HepatitisB,6.77,10:15:24,2,8,0.0
2026-08-20,HepatitisB,9.87,10:15:54,2,8,19.48
2026-08-20,HepatitisB,11.36,10:16:24,2,8,19.49
2026-08-20,HepatitisB,2.99,10:16:54,2,8,0.0
2026-08-20,HepatitisB,14.35,10:17:24,2,8,19.51
2026-08-20,HepatitisB,4.82,10:17:54,2,8,0.0
2026-08-20,HepatitisB,4.05,10:18:24,2,8,0.0
2026-08-20,HepatitisB,16.99,10:18:54,2,8,19.54
2026-08-20,HepatitisB,17.32,10:19:24,2,8,19.55
2026-08-20,HepatitisB,3.1,10:19:54,2,8,0.0
2026-08-20,HepatitisB,5.61,10:20:24,2,8,0.0
2026-08-20,HepatitisB,12.63,10:20:54,2,8,19.59
2026-08-20,HepatitisB,15.05,10:21:24,2,8,19.6
2026-08-20,HepatitisB,14.51,10:21:54,2,8,19.61
2026-08-20,HepatitisB,7.71,10:22:24,2,8,0.0
2026-08-20,HepatitisB,11.25,10:22:54,2,8,19.63
2026-08-20,HepatitisB,14.57,10:23:24,2,8,19.64
2026-08-20,HepatitisB,4.62,10:23:54,2,8,0.0
2026-08-20,HepatitisB,17.91,10:24:24,2,8,19.66
2026-08-20,HepatitisB,10.64,10:24:54,2,8,19.67
2026-08-20,HepatitisB,3.71,10:25:24,2,8,0.0
2026-08-20,HepatitisB,9.76,10:25:54,2,8,19.7
2026-08-20,HepatitisB,9.42,10:26:24,2,8,19.71
2026-08-20,HepatitisB,17.99,10:26:54,2,8,19.72
2026-08-20,HepatitisB,13.58,10:27:24,2,8,19.73
2026-08-20,HepatitisB,5.25,10:27:54,2,8,0.0
2026-08-20,HepatitisB,3.34,10:28:24,2,8,0.0
2026-08-20,HepatitisB,15.17,10:28:54,2,8,19.76
2026-08-20,HepatitisB,13.44,10:29:24,2,8,19.77
2026-08-20,HepatitisB,13.72,10:29:54,2,8,19.78
2026-08-20,HepatitisB,11.26,10:30:24,2,8,19.79
2026-08-20,HepatitisB,9.92,10:30:54,2,8,19.8
2026-08-20,HepatitisB,14.65,10:31:24,2,8,19.81
2026-08-20,HepatitisB,6.72,10:31:54,2,8,0.0
2026-08-20,HepatitisB,7.1,10:32:24,2,8,0.0
2026-08-20,HepatitisB,10.49,10:32:54,2,8,19.85
2026-08-20,HepatitisB,17.33,10:33:24,2,8,19.86
2026-08-20,HepatitisB,12.37,10:33:54,2,8,19.87
2026-08-20,HepatitisB,9.65,10:34:24,2,8,19.88
2026-08-20,HepatitisB,17.87,10:34:54,2,8,19.89
2026-08-20,HepatitisB,6.01,10:35:24,2,8,0.0
2026-08-20,HepatitisB,10.16,10:35:54,2,8,19.91
2026-08-20,HepatitisB,7.39,10:36:24,2,8,0.0
2026-08-20,HepatitisB,5.74,10:36:54,2,8,0.0
2026-08-20,HepatitisB,16.92,10:37:24,2,8,19.94
2026-08-20,HepatitisB,15.44,10:37:54,2,8,19.96
2026-08-20,HepatitisB,10.26,10:38:24,2,8,19.97
2026-08-20,HepatitisB,2.44,10:38:54,2,8,0.0
2026-08-20,HepatitisB,2.19,10:39:24,2,8,0.0
2026-08-20,HepatitisB,2.53,10:39:54,2,8,0.0
2026-08-20,HepatitisB,11.28,10:40:24,2,8,20.01
2026-08-20,HepatitisB,10.33,10:40:54,2,8,20.02
2026-08-20,HepatitisB,12.54,10:41:24,2,8,20.03
2026-08-20,HepatitisB,10.03,10:41:54,2,8,20.04
2026-08-20,HepatitisB,17.2,10:42:24,2,8,20.05
2026-08-20,HepatitisB,10.99,10:42:54,2,8,20.06
2026-08-20,HepatitisB,6.84,10:43:24,2,8,0.0
2026-08-20,HepatitisB,9.19,10:43:54,2,8,20.09
2026-08-20,HepatitisB,5.35,10:44:24,2,8,0.0
2026-08-20,HepatitisB,7.61,10:44:54,2,8,0.0
2026-08-20,HepatitisB,15.62,10:45:24,2,8,20.12
2026-08-20,HepatitisB,14.89,10:45:54,2,8,20.13
2026-08-20,HepatitisB,17.72,10:46:24,2,8,20.14
2026-08-20,HepatitisB,5.85,10:46:54,2,8,0.0
2026-08-20,HepatitisB,16.36,10:47:24,2,8,20.16
2026-08-20,HepatitisB,13.89,10:47:54,2,8,20.17
2026-08-20,HepatitisB,17.59,10:48:24,2,8,20.18
2026-08-20,HepatitisB,9.61,10:48:54,2,8,20.19
2026-08-20,HepatitisB,13.88,10:49:24,2,8,20.2
2026-08-20,HepatitisB,15.68,10:49:54,2,8,20.21
2026-08-20,HepatitisB,7.95,10:50:24,2,8,0.0
2026-08-20,HepatitisB,13.75,10:50:54,2,8,20.24
2026-08-20,HepatitisB,10.36,10:51:24,2,8,20.25
2026-08-20,HepatitisB,4.54,10:51:54,2,8,0.0
2026-08-20,HepatitisB,6.13,10:52:24,2,8,0.0
2026-08-20,HepatitisB,13.4,10:52:54,2,8,20.28
2026-08-20,HepatitisB,3.54,10:53:24,2,8,0.0
2026-08-20,HepatitisB,7.65,10:53:54,2,8,0.0
2026-08-20,HepatitisB,16.17,10:54:24,2,8,20.31
2026-08-20,HepatitisB,3.68,10:54:54,2,8,0.0
2026-08-20,HepatitisB,14.91,10:55:24,2,8,20.33
2026-08-20,HepatitisB,4.28,10:55:54,2,8,0.0
2026-08-20,HepatitisB,5.14,10:56:24,2,8,0.0
2026-08-20,HepatitisB,10.25,10:56:54,2,8,20.37
2026-08-20,HepatitisB,6.52,10:57:24,2,8,0.0
2026-08-20,HepatitisB,16.32,10:57:54,2,8,20.39
2026-08-20,HepatitisB,6.27,10:58:24,2,8,0.0
2026-08-20,HepatitisB,13.22,10:58:54,2,8,20.41
2026-08-20,HepatitisB,11.53,10:59:24,2,8,20.42
2026-08-20,HepatitisB,4.25,10:59:54,2,8,0.0
2026-08-20,HepatitisB,17.17,11:00:24,2,8,20.44
2026-08-20,HepatitisB,16.73,11:00:54,2,8,20.45
2026-08-20,HepatitisB,2.7,11:01:24,2,8,0.0
2026-08-20,HepatitisB,9.15,11:01:54,2,8,20.48
2026-08-20,HepatitisB,7.32,11:02:24,2,8,0.0
2026-08-20,HepatitisB,9.82,11:02:54,2,8,20.5
2026-08-20,HepatitisB,5.68,11:03:24,2,8,0.0
2026-08-20,HepatitisB,16.76,11:03:54,2,8,20.52
2026-08-20,HepatitisB,16.58,11:04:24,2,8,20.53
2026-08-20,HepatitisB,10.19,11:04:54,2,8,20.54
2026-08-20,HepatitisB,10.81,11:05:24,2,8,20.55
2026-08-20,HepatitisB,16.01,11:05:54,2,8,20.56
2026-08-20,HepatitisB,13.72,11:06:24,2,8,20.57
2026-08-20,HepatitisB,15.48,11:06:54,2,8,20.58
2026-08-20,HepatitisB,2.46,11:07:24,2,8,0.0
2026-08-20,HepatitisB,14.76,11:07:54,2,8,20.61
2026-08-20,HepatitisB,15.86,11:08:24,2,8,20.62
2026-08-20,HepatitisB,3.9,11:08:54,2,8,0.0
2026-08-20,HepatitisB,9.76,11:09:24,2,8,20.64
2026-08-20,HepatitisB,10.78,11:09:54,2,8,20.65
2026-08-20,HepatitisB,16.29,11:10:24,2,8,20.66
2026-08-20,HepatitisB,11.03,11:10:54,2,8,20.67
2026-08-20,HepatitisB,14.97,11:11:24,2,8,20.68
2026-08-20,HepatitisB,17.76,11:11:54,2,8,20.69
2026-08-20,HepatitisB,6.88,11:12:24,2,8,0.0
2026-08-20,HepatitisB,7.89,11:12:54,2,8,0.0
2026-08-20,HepatitisB,6.1,11:13:24,2,8,0.0
2026-08-20,HepatitisB,7.24,11:13:54,2,8,0.0
2026-08-20,HepatitisB,3.84,11:14:24,2,8,0.0
2026-08-20,HepatitisB,14.57,11:14:54,2,8,20.76
2026-08-20,HepatitisB,6.76,11:15:24,2,8,0.0
2026-08-20,HepatitisB,9.39,11:15:54,2,8,20.78
2026-08-20,HepatitisB,5.99,11:16:24,2,8,0.0
2026-08-20,HepatitisB,3.23,11:16:54,2,8,0.0
2026-08-20,HepatitisB,17.03,11:17:24,2,8,20.81
2026-08-20,HepatitisB,10.89,11:17:54,2,8,20.82
2026-08-20,HepatitisB,4.18,11:18:24,2,8,0.0
2026-08-20,HepatitisB,7.97,11:18:54,2,8,0.0
2026-08-20,HepatitisB,12.56,11:19:24,2,8,20.85
2026-08-20,HepatitisB,17.54,11:19:54,2,8,20.87
2026-08-20,HepatitisB,5.62,11:20:24,2,8,0.0
2026-08-20,HepatitisB,9.37,11:20:54,2,8,20.89
2026-08-20,HepatitisB,7.15,11:21:24,2,8,0.0
2026-08-20,HepatitisB,2.34,11:21:54,2,8,0.0
2026-08-20,HepatitisB,17.88,11:22:24,2,8,20.92
2026-08-20,HepatitisB,4.96,11:22:54,2,8,0.0
2026-08-20,HepatitisB,6.31,11:23:24,2,8,0.0
2026-08-20,HepatitisB,17.06,11:23:54,2,8,20.95
2026-08-20,HepatitisB,17.04,11:24:24,2,8,20.96
2026-08-20,HepatitisB,15.48,11:24:54,2,8,20.97
2026-08-20,HepatitisB,7.46,11:25:24,2,8,0.0
2026-08-20,HepatitisB,3.77,11:25:54,2,8,0.0
2026-08-20,HepatitisB,10.86,11:26:24,2,8,21.01
2026-08-20,HepatitisB,15.76,11:26:54,2,8,21.02
2026-08-20,HepatitisB,6.23,11:27:24,2,8,0.0
2026-08-20,HepatitisB,6.52,11:27:54,2,8,0.0
2026-08-20,HepatitisB,7.67,11:28:24,2,8,0.0
2026-08-20,HepatitisB,3.15,11:28:54,2,8,0.0
2026-08-20,HepatitisB,4.7,11:29:24,2,8,0.0
2026-08-20,HepatitisB,9.75,11:29:54,2,8,21.08
2026-08-20,HepatitisB,3.17,11:30:24,2,8,0.0
2026-08-20,HepatitisB,9.04,11:30:54,2,8,21.1
2026-08-20,HepatitisB,5.89,11:31:24,2,8,0.0
2026-08-20,HepatitisB,9.52,11:31:54,2,8,21.12
2026-08-20,HepatitisB,16.24,11:32:24,2,8,21.14
2026-08-20,HepatitisB,4.72,11:32:54,2,8,0.0
2026-08-20,HepatitisB,10.78,11:33:24,2,8,21.16
2026-08-20,HepatitisB,15.88,11:33:54,2,8,21.17
2026-08-20,HepatitisB,6.34,11:34:24,2,8,0.0
2026-08-20,HepatitisB,5.82,11:34:54,2,8,0.0
2026-08-20,HepatitisB,7.87,11:35:24,2,8,0.0
2026-08-20,HepatitisB,16.39,11:35:54,2,8,21.21
2026-08-20,HepatitisB,11.23,11:36:24,2,8,21.22
2026-08-20,HepatitisB,16.73,11:36:54,2,8,21.23
2026-08-20,HepatitisB,4.39,11:37:24,2,8,0.0
2026-08-20,HepatitisB,6.88,11:37:54,2,8,0.0
2026-08-20,HepatitisB,3.99,11:38:24,2,8,0.0
2026-08-20,HepatitisB,11.96,11:38:54,2,8,21.28
2026-08-20,HepatitisB,15.86,11:39:24,2,8,21.29
2026-08-20,HepatitisB,14.41,11:39:54,2,8,21.3
2026-08-20,HepatitisB,5.59,11:40:24,2,8,0.0
2026-08-20,HepatitisB,11.53,11:40:54,2,8,21.32
2026-08-20,HepatitisB,12.8,11:41:24,2,8,21.33
2026-08-20,HepatitisB,3.35,11:41:54,2,8,0.0
2026-08-20,HepatitisB,11.95,11:42:24,2,8,21.35
2026-08-20,HepatitisB,15.95,11:42:54,2,8,21.36
2026-08-20,HepatitisB,10.23,11:43:24,2,8,21.37
2026-08-20,HepatitisB,13.25,11:43:54,2,8,21.39
2026-08-20,HepatitisB,9.38,11:44:24,2,8,21.4
2026-08-20,HepatitisB,17.72,11:44:54,2,8,21.41
2026-08-20,HepatitisB,11.01,11:45:24,2,8,21.42
2026-08-20,HepatitisB,13.19,11:45:54,2,8,21.43
2026-08-20,HepatitisB,9.99,11:46:24,2,8,21.44
2026-08-20,HepatitisB,3.91,11:46:54,2,8,0.0
2026-08-20,HepatitisB,5.96,11:47:24,2,8,0.0
2026-08-20,HepatitisB,14.96,11:47:54,2,8,21.47
2026-08-20,HepatitisB,7.39,11:48:24,2,8,0.0
2026-08-20,HepatitisB,15.86,11:48:54,2,8,21.49
2026-08-20,HepatitisB,2.79,11:49:24,2,8,0.0
2026-08-20,HepatitisB,15.31,11:49:54,2,8,21.52
2026-08-20,HepatitisB,17.28,11:50:24,2,8,21.53
2026-08-20,HepatitisB,3.55,11:50:54,2,8,0.0
2026-08-20,HepatitisB,9.01,11:51:24,2,8,21.55
2026-08-20,HepatitisB,2.21,11:51:54,2,8,0.0
2026-08-20,HepatitisB,13.77,11:52:24,2,8,21.57
2026-08-20,HepatitisB,7.44,11:52:54,2,8,0.0
2026-08-20,HepatitisB,10.04,11:53:24,2,8,21.59
2026-08-20,HepatitisB,5.0,11:53:54,2,8,0.0
2026-08-20,HepatitisB,12.12,11:54:24,2,8,21.61
2026-08-20,HepatitisB,9.32,11:54:54,2,8,21.62
2026-08-20,HepatitisB,9.99,11:55:24,2,8,21.63
2026-08-20,HepatitisB,10.93,11:55:54,2,8,21.64
2026-08-20,HepatitisB,2.88,11:56:24,2,8,0.0
2026-08-20,HepatitisB,15.13,11:56:54,2,8,21.67
2026-08-20,HepatitisB,5.2,11:57:24,2,8,0.0
2026-08-20,HepatitisB,17.78,11:57:54,2,8,21.69
2026-08-20,HepatitisB,12.74,11:58:24,2,8,21.7
2026-08-20,HepatitisB,15.83,11:58:54,2,8,21.71
2026-08-20,HepatitisB,17.24,11:59:24,2,8,21.72
2026-08-20,HepatitisB,3.76,11:59:54,2,8,0.0
2026-08-20,HepatitisB,13.86,12:00:24,2,8,21.74
2026-08-20,HepatitisB,3.57,12:00:54,2,8,0.0
2026-08-20,HepatitisB,5.28,12:01:24,2,8,0.0
2026-08-20,HepatitisB,14.36,12:01:54,2,8,21.78
2026-08-20,HepatitisB,16.76,12:02:24,2,8,21.79
2026-08-20,HepatitisB,13.34,12:02:54,2,8,21.8
2026-08-20,HepatitisB,10.73,12:03:24,2,8,21.81
2026-08-20,HepatitisB,16.23,12:03:54,2,8,21.82
2026-08-20,HepatitisB,4.61,12:04:24,2,8,0.0
2026-08-20,HepatitisB,12.52,12:04:54,2,8,21.84
2026-08-20,HepatitisB,4.46,12:05:24,2,8,0.0
2026-08-20,HepatitisB,13.34,12:05:54,2,8,21.86
2026-08-20,HepatitisB,3.13,12:06:24,2,8,0.0
2026-08-20,HepatitisB,3.06,12:06:54,2,8,0.0
2026-08-20,HepatitisB,9.51,12:07:24,2,8,21.89
2026-08-20,HepatitisB,7.35,12:07:54,2,8,0.0
2026-08-20,HepatitisB,15.47,12:08:24,2,8,21.92
2026-08-20,HepatitisB,11.12,12:08:54,2,8,21.93
2026-08-20,HepatitisB,7.93,12:09:24,2,8,0.0
2026-08-20,HepatitisB,11.81,12:09:54,2,8,21.95
2026-08-20,HepatitisB,13.43,12:10:24,2,8,21.96
2026-08-20,HepatitisB,14.82,12:10:54,2,8,21.97
2026-08-20,HepatitisB,10.94,12:11:24,2,8,21.98
2026-08-20,HepatitisB,10.03,12:11:54,2,8,21.99
2026-08-20,HepatitisB,17.32,12:12:24,2,8,22.0
2026-08-20,HepatitisB,2.32,12:12:54,2,8,0.0
2026-08-20,HepatitisB,2.94,12:13:24,2,8,0.0
2026-08-20,HepatitisB,16.96,12:13:54,2,8,22.04
2026-08-20,HepatitisB,10.01,12:14:24,2,8,22.05
2026-08-20,HepatitisB,14.92,12:14:54,2,8,22.06
2026-08-20,HepatitisB,13.23,12:15:24,2,8,22.07
2026-08-20,HepatitisB,15.84,12:15:54,2,8,22.08
2026-08-20,HepatitisB,13.2,12:16:24,2,8,22.09
2026-08-20,HepatitisB,17.51,12:16:54,2,8,22.1
2026-08-20,HepatitisB,10.41,12:17:24,2,8,22.11
2026-08-20,HepatitisB,15.4,12:17:54,2,8,22.12
2026-08-20,HepatitisB,7.27,12:18:24,2,8,0.0
2026-08-20,HepatitisB,5.11,12:18:54,2,8,0.0
2026-08-20,HepatitisB,5.79,12:19:24,2,8,0.0
2026-08-20,HepatitisB,15.93,12:19:54,2,8,22.17
2026-08-20,HepatitisB,2.61,12:20:24,2,8,0.0
2026-08-20,HepatitisB,7.66,12:20:54,2,8,0.0
2026-08-20,HepatitisB,16.11,12:21:24,2,8,22.2
2026-08-20,HepatitisB,12.04,12:21:54,2,8,22.21
2026-08-20,HepatitisB,5.24,12:22:24,2,8,0.0
2026-08-20,HepatitisB,3.02,12:22:54,2,8,0.0
2026-08-20,HepatitisB,10.31,12:23:24,2,8,22.24
2026-08-20,HepatitisB,16.11,12:23:54,2,8,22.25
2026-08-20,HepatitisB,7.69,12:24:24,2,8,0.0
2026-08-20,HepatitisB,14.19,12:24:54,2,8,22.27
2026-08-20,HepatitisB,6.66,12:25:24,2,8,0.0
2026-08-20,HepatitisB,5.13,12:25:54,2,8,0.0
2026-08-20,HepatitisB,9.84,12:26:24,2,8,22.31
2026-08-20,HepatitisB,14.1,12:26:54,2,8,22.32
2026-08-20,HepatitisB,9.06,12:27:24,2,8,22.33
2026-08-20,HepatitisB,4.09,12:27:54,2,8,0.0
2026-08-20,HepatitisB,14.39,12:28:24,2,8,22.35
2026-08-20,HepatitisB,9.76,12:28:54,2,8,22.36
2026-08-20,HepatitisB,15.55,12:29:24,2,8,22.37
2026-08-20,HepatitisB,13.85,12:29:54,2,8,22.38
2026-08-20,HepatitisB,9.67,12:30:24,2,8,22.39
2026-08-20,HepatitisB,10.29,12:30:54,2,8,22.4
2026-08-20,HepatitisB,11.64,12:31:24,2,8,22.41
2026-08-20,HepatitisB,5.4,12:31:54,2,8,0.0
2026-08-20,HepatitisB,10.2,12:32:24,2,8,22.44
2026-08-20,HepatitisB,6.13,12:32:54,2,8,0.0
2026-08-20,HepatitisB,10.39,12:33:24,2,8,22.46
2026-08-20,HepatitisB,15.32,12:33:54,2,8,22.47
2026-08-20,HepatitisB,3.79,12:34:24,2,8,0.0
2026-08-20,HepatitisB,12.66,12:34:54,2,8,22.49
2026-08-20,HepatitisB,9.75,12:35:24,2,8,22.5
2026-08-20,HepatitisB,5.69,12:35:54,2,8,0.0
2026-08-20,HepatitisB,10.96,12:36:24,2,8,22.52
2026-08-20,HepatitisB,9.76,12:36:54,2,8,22.53
2026-08-20,HepatitisB,17.34,12:37:24,2,8,22.54
2026-08-20,HepatitisB,15.51,12:37:54,2,8,22.56
2026-08-20,HepatitisB,12.9,12:38:24,2,8,22.57
2026-08-20,HepatitisB,3.43,12:38:54,2,8,0.0
2026-08-20,HepatitisB,17.27,12:39:24,2,8,22.59
2026-08-20,HepatitisB,15.57,12:39:54,2,8,22.6
2026-08-20,HepatitisB,6.65,12:40:24,2,8,0.0
2026-08-20,HepatitisB,4.01,12:40:54,2,8,0.0
2026-08-20,HepatitisB,2.99,12:41:24,2,8,0.0
2026-08-20,HepatitisB,10.27,12:41:54,2,8,22.64
2026-08-20,HepatitisB,12.04,12:42:24,2,8,22.65
2026-08-20,HepatitisB,11.68,12:42:54,2,8,22.66
2026-08-20,HepatitisB,7.97,12:43:24,2,8,0.0
2026-08-20,HepatitisB,14.68,12:43:54,2,8,22.68
2026-08-20,HepatitisB,10.49,12:44:24,2,8,22.7
2026-08-20,HepatitisB,15.08,12:44:54,2,8,22.71
2026-08-20,HepatitisB,3.86,12:45:24,2,8,0.0
2026-08-20,HepatitisB,3.66,12:45:54,2,8,0.0
2026-08-20,HepatitisB,11.2,12:46:24,2,8,22.74
2026-08-20,HepatitisB,4.72,12:46:54,2,8,0.0
2026-08-20,HepatitisB,17.89,12:47:24,2,8,22.76
2026-08-20,HepatitisB,2.19,12:47:54,2,8,0.0
2026-08-20,HepatitisB,6.22,12:48:24,2,8,0.0
2026-08-20,HepatitisB,9.32,12:48:54,2,8,22.79
2026-08-20,HepatitisB,12.96,12:49:24,2,8,22.8
2026-08-20,HepatitisB,15.82,12:49:54,2,8,22.82
2026-08-20,HepatitisB,2.28,12:50:24,2,8,0.0
2026-08-20,HepatitisB,6.96,12:50:54,2,8,0.0
2026-08-20,HepatitisB,16.46,12:51:24,2,8,22.85
2026-08-20,HepatitisB,5.33,12:51:54,2,8,0.0
2026-08-20,HepatitisB,15.35,12:52:24,2,8,22.87
2026-08-20,HepatitisB,10.7,12:52:54,2,8,22.88
2026-08-20,HepatitisB,17.97,12:53:24,2,8,22.89
2026-08-20,HepatitisB,13.82,12:53:54,2,8,22.9
2026-08-20,HepatitisB,5.02,12:54:24,2,8,0.0
2026-08-20,HepatitisB,11.1,12:54:54,2,8,22.92
2026-08-20,HepatitisB,14.69,12:55:24,2,8,22.93
2026-08-20,HepatitisB,11.59,12:55:54,2,8,22.95
2026-08-20,HepatitisB,15.93,12:56:24,2,8,22.96
2026-08-20,HepatitisB,5.91,12:56:54,2,8,0.0
2026-08-20,HepatitisB,15.09,12:57:24,2,8,22.98
2026-08-20,HepatitisB,14.87,12:57:54,2,8,22.99
2026-08-20,HepatitisB,13.2,12:58:24,2,8,23.0
2026-08-20,HepatitisB,5.92,12:58:54,2,8,0.0
2026-08-20,HepatitisB,14.17,12:59:24,2,8,23.02
2026-08-20,HepatitisB,10.41,12:59:54,2,8,23.03
2026-08-20,HepatitisB,3.05,13:00:24,2,8,0.0
2026-08-20,HepatitisB,11.1,13:00:54,2,8,23.05
2026-08-20,HepatitisB,14.7,13:01:24,2,8,23.06
2026-08-20,HepatitisB,15.12,13:01:54,2,8,23.07
2026-08-20,HepatitisB,9.9,13:02:24,2,8,23.09
2026-08-20,HepatitisB,12.17,13:02:54,2,8,23.1
2026-08-20,HepatitisB,10.75,13:03:24,2,8,23.11
2026-08-20,HepatitisB,2.58,13:03:54,2,8,0.0
2026-08-20,HepatitisB,16.89,13:04:24,2,8,23.13
2026-08-20,HepatitisB,11.95,13:04:54,2,8,23.14
2026-08-20,HepatitisB,11.32,13:05:24,2,8,23.15
2026-08-20,HepatitisB,3.22,13:05:54,2,8,0.0
2026-08-20,HepatitisB,17.64,13:06:24,2,8,23.17
2026-08-20,HepatitisB,15.68,13:06:54,2,8,23.18
2026-08-20,HepatitisB,10.1,13:07:24,2,8,23.19
2026-08-20,HepatitisB,17.21,13:07:54,2,8,23.21
2026-08-20,HepatitisB,14.3,13:08:24,2,8,23.22
2026-08-20,HepatitisB,2.11,13:08:54,2,8,0.0
2026-08-20,HepatitisB,15.26,13:09:24,2,8,23.24
2026-08-20,HepatitisB,7.58,13:09:54,2,8,0.0
2026-08-20,HepatitisB,15.83,13:10:24,2,8,23.26
2026-08-20,HepatitisB,5.0,13:10:54,2,8,0.0
2026-08-20,HepatitisB,9.31,13:11:24,2,8,23.28
2026-08-20,HepatitisB,17.72,13:11:54,2,8,23.29
2026-08-20,HepatitisB,9.01,13:12:24,2,8,23.3
2026-08-20,HepatitisB,3.75,13:12:54,2,8,0.0
2026-08-20,HepatitisB,7.65,13:13:24,2,8,0.0
2026-08-20,HepatitisB,11.44,13:13:54,2,8,23.34
2026-08-20,HepatitisB,11.22,13:14:24,2,8,23.35
2026-08-20,HepatitisB,12.26,13:14:54,2,8,23.36
2026-08-20,HepatitisB,16.91,13:15:24,2,8,23.37
2026-08-20,HepatitisB,14.04,13:15:54,2,8,23.38
2026-08-20,HepatitisB,15.81,13:16:24,2,8,23.39
2026-08-20,HepatitisB,3.55,13:16:54,2,8,0.0
2026-08-20,HepatitisB,15.66,13:17:24,2,8,23.41
2026-08-20,HepatitisB,2.73,13:17:54,2,8,0.0
2026-08-20,HepatitisB,16.68,13:18:24,2,8,23.43
2026-08-20,HepatitisB,10.61,13:18:54,2,8,23.44
2026-08-20,HepatitisB,4.84,13:19:24,2,8,0.0
2026-08-20,HepatitisB,13.47,13:19:54,2,8,23.47
2026-08-20,HepatitisB,11.62,13:20:24,2,8,23.48
2026-08-20,HepatitisB,11.88,13:20:54,2,8,23.49
2026-08-20,HepatitisB,13.38,13:21:24,2,8,23.5
2026-08-20,HepatitisB,10.4,13:21:54,2,8,23.51
2026-08-20,HepatitisB,4.07,13:22:24,2,8,0.0
2026-08-20,HepatitisB,16.64,13:22:54,2,8,23.53
2026-08-20,HepatitisB,17.39,13:23:24,2,8,23.54
2026-08-20,HepatitisB,13.73,13:23:54,2,8,23.55
2026-08-20,HepatitisB,13.76,13:24:24,2,8,23.56
2026-08-20,HepatitisB,5.76,13:24:54,2,8,0.0
2026-08-20,HepatitisB,10.15,13:25:24,2,8,23.58
2026-08-20,HepatitisB,11.2,13:25:54,2,8,23.59
2026-08-20,HepatitisB,4.03,13:26:24,2,8,0.0
2026-08-20,HepatitisB,14.23,13:26:54,2,8,23.62
2026-08-20,HepatitisB,17.71,13:27:24,2,8,23.63
2026-08-20,HepatitisB,12.57,13:27:54,2,8,23.64
2026-08-20,HepatitisB,12.16,13:28:24,2,8,23.65
2026-08-20,HepatitisB,3.23,13:28:54,2,8,0.0
2026-08-20,HepatitisB,3.05,13:29:24,2,8,0.0
2026-08-20,HepatitisB,4.95,13:29:54,2,8,0.0
2026-08-20,HepatitisB,12.37,13:30:24,2,8,23.69
2026-08-20,HepatitisB,9.26,13:30:54,2,8,23.7
2026-08-20,HepatitisB,13.47,13:31:24,2,8,23.71
2026-08-20,HepatitisB,17.24,13:31:54,2,8,23.73
2026-08-20,HepatitisB,3.46,13:32:24,2,8,0.0
2026-08-20,HepatitisB,15.48,13:32:54,2,8,23.75
2026-08-20,HepatitisB,4.61,13:33:24,2,8,0.0
2026-08-20,HepatitisB,14.56,13:33:54,2,8,23.77
2026-08-20,HepatitisB,5.89,13:34:24,2,8,0.0
2026-08-20,HepatitisB,17.89,13:34:54,2,8,23.79
2026-08-20,HepatitisB,14.58,13:35:24,2,8,23.8
2026-08-20,HepatitisB,17.45,13:35:54,2,8,23.81
2026-08-20,HepatitisB,5.63,13:36:24,2,8,0.0
2026-08-20,HepatitisB,9.21,13:36:54,2,8,23.83
2026-08-20,HepatitisB,7.44,13:37:24,2,8,0.0
2026-08-20,HepatitisB,10.53,13:37:54,2,8,23.86
2026-08-20,HepatitisB,15.37,13:38:24,2,8,23.87
2026-08-20,HepatitisB,2.87,13:38:54,2,8,0.0
2026-08-20,HepatitisB,3.93,13:39:24,2,8,0.0
2026-08-20,HepatitisB,6.5,13:39:54,2,8,0.0
2026-08-20,HepatitisB,15.94,13:40:24,2,8,23.91
2026-08-20,HepatitisB,7.33,13:40:54,2,8,0.0
2026-08-20,HepatitisB,17.74,13:41:24,2,8,23.93
2026-08-20,HepatitisB,4.77,13:41:54,2,8,0.0
2026-08-20,HepatitisB,17.32,13:42:24,2,8,23.95
2026-08-20,HepatitisB,6.44,13:42:54,2,8,0.0
2026-08-20,HepatitisB,13.65,13:43:24,2,8,23.97
2026-08-20,HepatitisB,13.91,13:43:54,2,8,23.98
2026-08-20,HepatitisB,2.48,13:44:24,2,8,0.0
2026-08-20,HepatitisB,3.52,13:44:54,2,8,0.0
2026-08-20,HepatitisB,11.9,13:45:24,2,8,24.02
2026-08-20,HepatitisB,2.66,13:45:54,2,8,0.0
2026-08-20,HepatitisB,16.87,13:46:24,2,8,24.04
2026-08-20,HepatitisB,5.1,13:46:54,2,8,0.0
2026-08-20,HepatitisB,14.88,13:47:24,2,8,24.06
2026-08-20,HepatitisB,15.07,13:47:54,2,8,24.07
2026-08-20,HepatitisB,13.38,13:48:24,2,8,24.08
2026-08-20,HepatitisB,17.76,13:48:54,2,8,24.09
2026-08-20,HepatitisB,6.27,13:49:24,2,8,0.0
2026-08-20,HepatitisB,2.02,13:49:54,2,8,0.0
2026-08-20,HepatitisB,6.63,13:50:24,2,8,0.0
2026-08-20,HepatitisB,11.57,13:50:54,2,8,24.14
2026-08-20,HepatitisB,10.65,13:51:24,2,8,24.15
2026-08-20,HepatitisB,2.77,13:51:54,2,8,0.0
2026-08-20,HepatitisB,3.71,13:52:24,2,8,0.0
2026-08-20,HepatitisB,7.97,13:52:54,2,8,0.0
2026-08-20,HepatitisB,13.34,13:53:24,2,8,24.19
2026-08-20,HepatitisB,17.36,13:53:54,2,8,24.2
2026-08-20,HepatitisB,3.28,13:54:24,2,8,0.0
2026-08-20,HepatitisB,5.18,13:54:54,2,8,0.0
2026-08-20,HepatitisB,11.76,13:55:24,2,8,24.23
2026-08-20,HepatitisB,3.97,13:55:54,2,8,0.0
2026-08-20,HepatitisB,15.6,13:56:24,2,8,24.26
2026-08-20,HepatitisB,3.8,13:56:54,2,8,0.0
2026-08-20,HepatitisB,11.84,13:57:24,2,8,24.28
2026-08-20,HepatitisB,13.01,13:57:54,2,8,24.29
2026-08-20,HepatitisB,17.26,13:58:24,2,8,24.3
2026-08-20,HepatitisB,13.59,13:58:54,2,8,24.31
2026-08-20,HepatitisB,5.08,13:59:24,2,8,0.0
2026-08-20,HepatitisB,17.67,13:59:54,2,8,24.33
2026-08-20,HepatitisB,13.31,14:00:24,2,8,24.34
2026-08-20,HepatitisB,6.89,14:00:54,2,8,0.0
2026-08-20,HepatitisB,12.64,14:01:24,2,8,24.36
2026-08-20,HepatitisB,4.68,14:01:54,2,8,0.0
2026-08-20,HepatitisB,17.66,14:02:24,2,8,24.39
2026-08-20,HepatitisB,6.86,14:02:54,2,8,0.0
2026-08-20,HepatitisB,11.52,14:03:24,2,8,24.41
2026-08-20,HepatitisB,15.98,14:03:54,2,8,24.42
2026-08-20,HepatitisB,12.42,14:04:24,2,8,24.43
2026-08-20,HepatitisB,2.06,14:04:54,2,8,0.0
2026-08-20,HepatitisB,14.67,14:05:24,2,8,24.45
2026-08-20,HepatitisB,17.08,14:05:54,2,8,24.46
2026-08-20,HepatitisB,15.35,14:06:24,2,8,24.47
2026-08-20,HepatitisB,6.24,14:06:54,2,8,0.0
2026-08-20,HepatitisB,12.61,14:07:24,2,8,24.49
2026-08-20,HepatitisB,4.92,14:07:54,2,8,0.0
2026-08-20,HepatitisB,16.49,14:08:24,2,8,24.52
2026-08-20,HepatitisB,6.02,14:08:54,2,8,0.0
2026-08-20,HepatitisB,4.47,14:09:24,2,8,0.0
2026-08-20,HepatitisB,6.25,14:09:54,2,8,0.0
2026-08-20,HepatitisB,2.58,14:10:24,2,8,0.0
2026-08-20,HepatitisB,6.53,14:10:54,2,8,0.0
2026-08-20,HepatitisB,15.88,14:11:24,2,8,24.58
2026-08-20,HepatitisB,11.72,14:11:54,2,8,24.59
2026-08-20,HepatitisB,14.12,14:12:24,2,8,24.6
2026-08-20,HepatitisB,3.59,14:12:54,2,8,0.0
2026-08-20,HepatitisB,17.71,14:13:24,2,8,24.62
2026-08-20,HepatitisB,13.63,14:13:54,2,8,24.64
2026-08-20,HepatitisB,10.37,14:14:24,2,8,24.65
2026-08-20,HepatitisB,13.21,14:14:54,2,8,24.66
2026-08-20,HepatitisB,7.85,14:15:24,2,8,0.0
2026-08-20,HepatitisB,9.73,14:15:54,2,8,24.68
2026-08-20,HepatitisB,5.47,14:16:24,2,8,0.0
2026-08-20,HepatitisB,4.18,14:16:54,2,8,0.0
2026-08-20,HepatitisB,10.12,14:17:24,2,8,24.71
2026-08-20,HepatitisB,10.09,14:17:54,2,8,24.72
2026-08-20,HepatitisB,14.46,14:18:24,2,8,24.73
2026-08-20,HepatitisB,14.86,14:18:54,2,8,24.74
2026-08-20,HepatitisB,3.31,14:19:24,2,8,0.0
2026-08-20,HepatitisB,14.31,14:19:54,2,8,24.77
2026-08-20,HepatitisB,3.98,14:20:24,2,8,0.0
2026-08-20,HepatitisB,4.43,14:20:54,2,8,0.0
2026-08-20,HepatitisB,14.61,14:21:24,2,8,24.8
2026-08-20,HepatitisB,10.74,14:21:54,2,8,24.81
2026-08-20,HepatitisB,17.56,14:22:24,2,8,24.82
2026-08-20,HepatitisB,12.7,14:22:54,2,8,24.83
2026-08-20,HepatitisB,3.13,14:23:24,2,8,0.0
2026-08-20,HepatitisB,4.77,14:23:54,2,8,0.0
2026-08-20,HepatitisB,12.41,14:24:24,2,8,24.86
2026-08-20,HepatitisB,3.18,14:24:54,2,8,0.0
2026-08-20,HepatitisB,6.23,14:25:24,2,8,0.0
2026-08-20,HepatitisB,10.58,14:25:54,2,8,24.89
2026-08-20,HepatitisB,10.21,14:26:24,2,8,24.91
2026-08-20,HepatitisB,16.04,14:26:54,2,8,24.92
2026-08-20,HepatitisB,17.22,14:27:24,2,8,24.93
2026-08-20,HepatitisB,5.18,14:27:54,2,8,0.0
2026-08-20,HepatitisB,4.66,14:28:24,2,8,0.0
2026-08-20,HepatitisB,13.88,14:28:54,2,8,24.96
2026-08-20,HepatitisB,7.59,14:29:24,2,8,0.0
2026-08-20,HepatitisB,7.85,14:29:54,2,8,0.0
2026-08-20,HepatitisB,17.89,14:30:24,2,8,24.99
2026-08-20,HepatitisB,11.97,14:30:54,2,8,25.0
2026-08-20,HepatitisB,9.91,14:31:24,2,8,25.01
2026-08-20,HepatitisB,11.43,14:31:54,2,8,25.03
2026-08-20,HepatitisB,10.17,14:32:24,2,8,25.04
2026-08-20,HepatitisB,17.91,14:32:54,2,8,25.05
2026-08-20,HepatitisB,4.21,14:33:24,2,8,0.0
2026-08-20,HepatitisB,10.88,14:33:54,2,8,25.07
2026-08-20,HepatitisB,2.11,14:34:24,2,8,0.0
2026-08-20,HepatitisB,2.45,14:34:54,2,8,0.0
2026-08-20,HepatitisB,10.4,14:35:24,2,8,25.1
2026-08-20,HepatitisB,9.01,14:35:54,2,8,25.11
2026-08-20,HepatitisB,16.15,14:36:24,2,8,25.12
2026-08-20,HepatitisB,2.43,14:36:54,2,8,0.0
2026-08-20,HepatitisB,4.7,14:37:24,2,8,0.0
2026-08-20,HepatitisB,11.67,14:37:54,2,8,25.16
2026-08-20,HepatitisB,13.73,14:38:24,2,8,25.17
2026-08-20,HepatitisB,5.73,14:38:54,2,8,0.0
2026-08-20,HepatitisB,16.33,14:39:24,2,8,25.19
2026-08-20,HepatitisB,13.06,14:39:54,2,8,25.2
2026-08-20,HepatitisB,3.28,14:40:24,2,8,0.0
2026-08-20,HepatitisB,3.27,14:40:54,2,8,0.0
2026-08-20,HepatitisB,4.93,14:41:24,2,8,0.0
2026-08-20,HepatitisB,9.55,14:41:54,2,8,25.24
2026-08-20,HepatitisB,15.24,14:42:24,2,8,25.25
2026-08-20,HepatitisB,14.54,14:42:54,2,8,25.26
2026-08-20,HepatitisB,7.97,14:43:24,2,8,0.0
2026-08-20,HepatitisB,5.35,14:43:54,2,8,0.0
2026-08-20,HepatitisB,5.9,14:44:24,2,8,0.0
2026-08-20,HepatitisB,3.46,14:44:54,2,8,0.0
2026-08-20,HepatitisB,12.29,14:45:24,2,8,25.32
2026-08-20,HepatitisB,5.33,14:45:54,2,8,0.0
2026-08-20,HepatitisB,13.82,14:46:24,2,8,25.34
2026-08-20,HepatitisB,15.35,14:46:54,2,8,25.35
2026-08-20,HepatitisB,12.19,14:47:24,2,8,25.36
2026-08-20,HepatitisB,16.65,14:47:54,2,8,25.37
2026-08-20,HepatitisB,3.78,14:48:24,2,8,0.0
2026-08-20,HepatitisB,17.11,14:48:54,2,8,25.39
2026-08-20,HepatitisB,14.93,14:49:24,2,8,25.4
2026-08-20,HepatitisB,6.6,14:49:54,2,8,0.0
2026-08-20,HepatitisB,17.9,14:50:24,2,8,25.43
2026-08-20,HepatitisB,16.46,14:50:54,2,8,25.44
2026-08-20,HepatitisB,16.28,14:51:24,2,8,25.45
2026-08-20,HepatitisB,6.63,14:51:54,2,8,0.0
2026-08-20,HepatitisB,4.18,14:52:24,2,8,0.0
2026-08-20,HepatitisB,17.77,14:52:54,2,8,25.48
2026-08-20,HepatitisB,2.24,14:53:24,2,8,0.0
2026-08-20,HepatitisB,14.39,14:53:54,2,8,25.5
2026-08-20,HepatitisB,15.03,14:54:24,2,8,25.51
2026-08-20,HepatitisB,5.27,14:54:54,2,8,0.0
2026-08-20,HepatitisB,14.66,14:55:24,2,8,25.53
2026-08-20,HepatitisB,5.15,14:55:54,2,8,0.0
2026-08-20,HepatitisB,9.39,14:56:24,2,8,25.56
2026-08-20,HepatitisB,13.89,14:56:54,2,8,25.57
2026-08-20,HepatitisB,12.51,14:57:24,2,8,25.58
2026-08-20,HepatitisB,10.52,14:57:54,2,8,25.59
2026-08-20,HepatitisB,7.15,14:58:24,2,8,0.0
2026-08-20,HepatitisB,15.84,14:58:54,2,8,25.61
2026-08-20,HepatitisB,12.63,14:59:24,2,8,25.62
2026-08-20,HepatitisB,15.1,14:59:54,2,8,25.63
2026-08-20,HepatitisB,4.84,15:00:24,2,8,0.0
2026-08-20,HepatitisB,11.96,15:00:54,2,8,25.65
2026-08-20,HepatitisB,5.48,15:01:24,2,8,0.0
2026-08-20,HepatitisB,9.4,15:01:54,2,8,25.68
2026-08-20,HepatitisB,13.52,15:02:24,2,8,25.69
2026-08-20,HepatitisB,14.3,15:02:54,2,8,25.7
2026-08-20,HepatitisB,2.92,15:03:24,2,8,0.0
2026-08-20,HepatitisB,9.5,15:03:54,2,8,25.72
2026-08-20,HepatitisB,17.29,15:04:24,2,8,25.73
2026-08-20,HepatitisB,9.21,15:04:54,2,8,25.74
2026-08-20,HepatitisB,3.24,15:05:24,2,8,0.0
2026-08-20,HepatitisB,14.0,15:05:54,2,8,25.76
2026-08-20,HepatitisB,2.45,15:06:24,2,8,0.0
2026-08-20,HepatitisB,9.51,15:06:54,2,8,25.78
2026-08-20,HepatitisB,17.6,15:07:24,2,8,25.79
2026-08-20,HepatitisB,6.3,15:07:54,2,8,0.0
2026-08-20,HepatitisB,5.09,15:08:24,2,8,0.0
2026-08-20,HepatitisB,15.99,15:08:54,2,8,25.83
2026-08-20,HepatitisB,14.1,15:09:24,2,8,25.84
2026-08-20,HepatitisB,3.97,15:09:54,2,8,0.0
2026-08-20,HepatitisB,10.45,15:10:24,2,8,25.86
2026-08-20,HepatitisB,10.13,15:10:54,2,8,25.87
2026-08-20,HepatitisB,15.77,15:11:24,2,8,25.88
2026-08-20,HepatitisB,17.54,15:11:54,2,8,25.89
2026-08-20,HepatitisB,5.97,15:12:24,2,8,0.0
2026-08-20,HepatitisB,16.1,15:12:54,2,8,25.91
2026-08-20,HepatitisB,7.03,15:13:24,2,8,0.0
2026-08-20,HepatitisB,10.41,15:13:54,2,8,25.93
2026-08-20,HepatitisB,16.91,15:14:24,2,8,25.95
2026-08-20,HepatitisB,15.09,15:14:54,2,8,25.96
2026-08-20,HepatitisB,5.34,15:15:24,2,8,0.0
2026-08-20,HepatitisB,7.47,15:15:54,2,8,0.0
2026-08-20,HepatitisB,2.77,15:16:24,2,8,0.0
2026-08-20,HepatitisB,16.74,15:16:54,2,8,26.0
2026-08-20,HepatitisB,13.05,15:17:24,2,8,26.01
2026-08-20,HepatitisB,16.37,15:17:54,2,8,26.02
2026-08-20,HepatitisB,3.21,15:18:24,2,8,0.0
2026-08-20,HepatitisB,10.78,15:18:54,2,8,26.04
2026-08-20,HepatitisB,17.85,15:19:24,2,8,26.05
2026-08-20,HepatitisB,17.52,15:19:54,2,8,26.07
2026-08-20,HepatitisB,15.37,15:20:24,2,8,26.08
2026-08-20,HepatitisB,14.92,15:20:54,2,8,26.09
2026-08-20,HepatitisB,14.73,15:21:24,2,8,26.1
2026-08-20,HepatitisB,2.1,15:21:54,2,8,0.0
2026-08-20,HepatitisB,5.09,15:22:24,2,8,0.0
2026-08-20,HepatitisB,7.1,15:22:54,2,8,0.0
2026-08-20,HepatitisB,9.06,15:23:24,2,8,26.14
2026-08-20,HepatitisB,4.72,15:23:54,2,8,0.0
2026-08-20,HepatitisB,9.52,15:24:24,2,8,26.16
2026-08-20,HepatitisB,9.93,15:24:54,2,8,26.17
2026-08-20,HepatitisB,4.45,15:25:24,2,8,0.0
2026-08-20,HepatitisB,11.76,15:25:54,2,8,26.2
2026-08-20,HepatitisB,7.64,15:26:24,2,8,0.0
2026-08-20,HepatitisB,7.39,15:26:54,2,8,0.0
2026-08-20,HepatitisB,7.9,15:27:24,2,8,0.0
2026-08-20,HepatitisB,15.7,15:27:54,2,8,26.24
2026-08-20,HepatitisB,5.48,15:28:24,2,8,0.0
2026-08-20,HepatitisB,13.88,15:28:54,2,8,26.26
2026-08-20,HepatitisB,7.1,15:29:24,2,8,0.0
2026-08-20,HepatitisB,16.99,15:29:54,2,8,26.28
2026-08-20,HepatitisB,16.66,15:30:24,2,8,26.29
2026-08-20,HepatitisB,11.85,15:30:54,2,8,26.3
2026-08-20,HepatitisB,2.18,15:31:24,2,8,0.0
2026-08-20,HepatitisB,14.38,15:31:54,2,8,26.32
2026-08-20,HepatitisB,3.03,15:32:24,2,8,0.0
2026-08-20,HepatitisB,16.39,15:32:54,2,8,26.35
2026-08-20,HepatitisB,17.18,15:33:24,2,8,26.36
2026-08-20,HepatitisB,16.22,15:33:54,2,8,26.37
2026-08-20,HepatitisB,12.86,15:34:24,2,8,26.38
2026-08-20,HepatitisB,12.1,15:34:54,2,8,26.39
2026-08-20,HepatitisB,15.81,15:35:24,2,8,26.4
2026-08-20,HepatitisB,16.11,15:35:54,2,8,26.41
2026-08-20,HepatitisB,14.76,15:36:24,2,8,26.42
2026-08-20,HepatitisB,9.97,15:36:54,2,8,26.43
2026-08-20,HepatitisB,5.39,15:37:24,2,8,0.0
2026-08-20,HepatitisB,5.61,15:37:54,2,8,0.0
2026-08-20,HepatitisB,13.84,15:38:24,2,8,26.47
2026-08-20,HepatitisB,4.43,15:38:54,2,8,0.0
2026-08-20,HepatitisB,17.64,15:39:24,2,8,26.49
2026-08-20,HepatitisB,6.78,15:39:54,2,8,0.0
2026-08-20,HepatitisB,17.99,15:40:24,2,8,26.51
2026-08-20,HepatitisB,17.05,15:40:54,2,8,26.52
2026-08-20,HepatitisB,11.53,15:41:24,2,8,26.53
2026-08-20,HepatitisB,2.67,15:41:54,2,8,0.0
2026-08-20,HepatitisB,11.23,15:42:24,2,8,26.55
2026-08-20,HepatitisB,3.05,15:42:54,2,8,0.0
2026-08-20,HepatitisB,14.38,15:43:24,2,8,26.57
2026-08-20,HepatitisB,3.22,15:43:54,2,8,0.0
2026-08-20,HepatitisB,2.53,15:44:24,2,8,0.0
2026-08-20,HepatitisB,4.48,15:44:54,2,8,0.0
2026-08-20,HepatitisB,16.06,15:45:24,2,8,26.62
2026-08-20,HepatitisB,15.25,15:45:54,2,8,26.63
2026-08-20,HepatitisB,4.75,15:46:24,2,8,0.0
2026-08-20,HepatitisB,11.43,15:46:54,2,8,26.65
2026-08-20,HepatitisB,10.86,15:47:24,2,8,26.66
2026-08-20,HepatitisB,7.74,15:47:54,2,8,0.0
2026-08-20,HepatitisB,12.88,15:48:24,2,8,26.68
2026-08-20,HepatitisB,13.71,15:48:54,2,8,26.69
2026-08-20,HepatitisB,9.68,15:49:24,2,8,26.7
2026-08-20,HepatitisB,2.39,15:49:54,2,8,0.0
2026-08-20,HepatitisB,14.7,15:50:24,2,8,26.73
2026-08-20,HepatitisB,2.58,15:50:54,2,8,0.0
2026-08-20,HepatitisB,15.53,15:51:24,2,8,26.75
2026-08-20,HepatitisB,10.35,15:51:54,2,8,26.76
2026-08-20,HepatitisB,5.15,15:52:24,2,8,0.0
2026-08-20,HepatitisB,7.28,15:52:54,2,8,0.0
2026-08-20,HepatitisB,2.79,15:53:24,2,8,0.0
2026-08-20,HepatitisB,4.18,15:53:54,2,8,0.0
2026-08-20,HepatitisB,17.65,15:54:24,2,8,26.81
2026-08-20,HepatitisB,16.44,15:54:54,2,8,26.82
2026-08-20,HepatitisB,12.16,15:55:24,2,8,26.83
2026-08-20,HepatitisB,2.08,15:55:54,2,8,0.0
2026-08-20,HepatitisB,10.61,15:56:24,2,8,26.86
2026-08-20,HepatitisB,7.46,15:56:54,2,8,0.0
2026-08-20,HepatitisB,6.72,15:57:24,2,8,0.0
2026-08-20,HepatitisB,15.81,15:57:54,2,8,26.89
2026-08-20,HepatitisB,15.71,15:58:24,2,8,26.9
2026-08-20,HepatitisB,12.47,15:58:54,2,8,26.91
2026-08-20,HepatitisB,12.76,15:59:24,2,8,26.92
2026-08-20,HepatitisB,3.16,15:59:54,2,8,0.0
2026-08-20,HepatitisB,12.38,16:00:24,2,8,26.94
2026-08-20,HepatitisB,13.15,16:00:54,2,8,26.95
2026-08-20,HepatitisB,5.9,16:01:24,2,8,0.0
2026-08-20,HepatitisB,5.9,16:01:54,2,8,0.0
2026-08-20,HepatitisB,16.81,16:02:24,2,8,26.99
2026-08-20,HepatitisB,9.95,16:02:54,2,8,27.0
2026-08-20,HepatitisB,2.6,16:03:24,2,8,0.0
2026-08-20,HepatitisB,2.87,16:03:54,2,8,0.0
2026-08-20,HepatitisB,3.07,16:04:24,2,8,0.0
2026-08-20,HepatitisB,17.86,16:04:54,2,8,27.04
2026-08-20,HepatitisB,6.58,16:05:24,2,8,0.0
2026-08-20,HepatitisB,13.62,16:05:54,2,8,27.06
2026-08-20,HepatitisB,11.73,16:06:24,2,8,27.07
2026-08-20,HepatitisB,6.38,16:06:54,2,8,0.0
2026-08-20,HepatitisB,2.92,16:07:24,2,8,0.0
2026-08-20,HepatitisB,7.69,16:07:54,2,8,0.0
2026-08-20,HepatitisB,11.84,16:08:24,2,8,27.12
2026-08-20,HepatitisB,6.27,16:08:54,2,8,0.0
2026-08-20,HepatitisB,3.17,16:09:24,2,8,0.0
2026-08-20,HepatitisB,12.83,16:09:54,2,8,27.15
2026-08-20,HepatitisB,3.24,16:10:24,2,8,0.0
2026-08-20,HepatitisB,9.04,16:10:54,2,8,27.17
2026-08-20,HepatitisB,4.5,16:11:24,2,8,0.0
2026-08-20,HepatitisB,16.43,16:11:54,2,8,27.19
2026-08-20,HepatitisB,10.21,16:12:24,2,8,27.2
2026-08-20,HepatitisB,17.21,16:12:54,2,8,27.21
2026-08-20,HepatitisB,14.85,16:13:24,2,8,27.22
2026-08-20,HepatitisB,10.67,16:13:54,2,8,27.23
2026-08-20,HepatitisB,5.61,16:14:24,2,8,0.0
2026-08-20,HepatitisB,7.37,16:14:54,2,8,0.0
2026-08-20,HepatitisB,12.78,16:15:24,2,8,27.27
2026-08-20,HepatitisB,12.25,16:15:54,2,8,27.28
2026-08-20,HepatitisB,13.02,16:16:24,2,8,27.29
2026-08-20,HepatitisB,11.21,16:16:54,2,8,27.3
2026-08-20,HepatitisB,6.25,16:17:24,2,8,0.0
2026-08-20,HepatitisB,11.68,16:17:54,2,8,27.32
2026-08-20,HepatitisB,5.92,16:18:24,2,8,0.0
2026-08-20,HepatitisB,13.41,16:18:54,2,8,27.34
2026-08-20,HepatitisB,15.36,16:19:24,2,8,27.35
2026-08-20,HepatitisB,13.39,16:19:54,2,8,27.37
2026-08-20,HepatitisB,13.38,16:20:24,2,8,27.38
2026-08-20,HepatitisB,12.27,16:20:54,2,8,27.39
2026-08-20,HepatitisB,4.23,16:21:24,2,8,0.0
2026-08-20,HepatitisB,12.0,16:21:54,2,8,27.41
2026-08-20,HepatitisB,15.53,16:22:24,2,8,27.42
2026-08-20,HepatitisB,9.05,16:22:54,2,8,27.43
2026-08-20,HepatitisB,13.87,16:23:24,2,8,27.44
2026-08-20,HepatitisB,14.67,16:23:54,2,8,27.45
2026-08-20,HepatitisB,5.5,16:24:24,2,8,0.0
2026-08-20,HepatitisB,10.26,16:24:54,2,8,27.47
2026-08-20,HepatitisB,17.48,16:25:24,2,8,27.48
2026-08-20,HepatitisB,14.76,16:25:54,2,8,27.49
2026-08-20,HepatitisB,12.88,16:26:24,2,8,27.51
2026-08-20,HepatitisB,14.45,16:26:54,2,8,27.52
2026-08-20,HepatitisB,7.49,16:27:24,2,8,0.0
2026-08-20,HepatitisB,4.8,16:27:54,2,8,0.0
2026-08-20,HepatitisB,9.83,16:28:24,2,8,27.55
2026-08-20,HepatitisB,10.43,16:28:54,2,8,27.56
2026-08-20,HepatitisB,14.9,16:29:24,2,8,27.57
2026-08-20,HepatitisB,11.43,16:29:54,2,8,27.58
2026-08-20,HepatitisB,3.07,16:30:24,2,8,0.0
2026-08-20,HepatitisB,14.94,16:30:54,2,8,27.6
2026-08-20,HepatitisB,13.64,16:31:24,2,8,27.61
2026-08-20,HepatitisB,10.32,16:31:54,2,8,27.62
2026-08-20,HepatitisB,17.25,16:32:24,2,8,27.64
2026-08-20,HepatitisB,11.7,16:32:54,2,8,27.65
2026-08-20,HepatitisB,5.06,16:33:24,2,8,0.0
2026-08-20,HepatitisB,14.38,16:33:54,2,8,27.67
2026-08-20,HepatitisB,2.67,16:34:24,2,8,0.0
2026-08-20,HepatitisB,11.65,16:34:54,2,8,27.69
2026-08-20,HepatitisB,5.18,16:35:24,2,8,0.0
2026-08-20,HepatitisB,17.82,16:35:54,2,8,27.71
2026-08-20,HepatitisB,9.31,16:36:24,2,8,27.72
2026-08-20,HepatitisB,2.87,16:36:54,2,8,0.0
2026-08-20,HepatitisB,17.35,16:37:24,2,8,27.74
2026-08-20,HepatitisB,15.94,16:37:54,2,8,27.76
2026-08-20,HepatitisB,16.94,16:38:24,2,8,27.77
2026-08-20,HepatitisB,9.69,16:38:54,2,8,27.78
2026-08-20,HepatitisB,3.74,16:39:24,2,8,0.0
2026-08-20,HepatitisB,4.37,16:39:54,2,8,0.0
2026-08-20,HepatitisB,13.89,16:40:24,2,8,27.81
2026-08-20,HepatitisB,9.39,16:40:54,2,8,27.82
2026-08-20,HepatitisB,2.71,16:41:24,2,8,0.0
2026-08-20,HepatitisB,12.58,16:41:54,2,8,27.84
2026-08-20,HepatitisB,13.1,16:42:24,2,8,27.85
2026-08-20,HepatitisB,10.23,16:42:54,2,8,27.86
2026-08-20,HepatitisB,4.77,16:43:24,2,8,0.0
2026-08-20,HepatitisB,10.1,16:43:54,2,8,27.89
2026-08-20,HepatitisB,9.92,16:44:24,2,8,27.9
2026-08-20,HepatitisB,4.24,16:44:54,2,8,0.0
2026-08-20,HepatitisB,4.64,16:45:24,2,8,0.0
2026-08-20,HepatitisB,4.94,16:45:54,2,8,0.0
2026-08-20,HepatitisB,6.55,16:46:24,2,8,0.0
2026-08-20,HepatitisB,13.74,16:46:54,2,8,27.95
2026-08-20,HepatitisB,7.82,16:47:24,2,8,0.0
2026-08-20,HepatitisB,14.86,16:47:54,2,8,27.97
2026-08-20,HepatitisB,13.1,16:48:24,2,8,27.98
2026-08-20,HepatitisB,3.38,16:48:54,2,8,0.0
2026-08-20,HepatitisB,2.81,16:49:24,2,8,0.0
2026-08-20,HepatitisB,9.64,16:49:54,2,8,28.02
2026-08-20,HepatitisB,9.99,16:50:24,2,8,28.03
2026-08-20,HepatitisB,15.75,16:50:54,2,8,28.04
2026-08-20,HepatitisB,16.48,16:51:24,2,8,28.05
2026-08-20,HepatitisB,15.12,16:51:54,2,8,28.06
2026-08-20,HepatitisB,10.19,16:52:24,2,8,28.07
2026-08-20,HepatitisB,7.74,16:52:54,2,8,0.0
2026-08-20,HepatitisB,16.1,16:53:24,2,8,28.09
2026-08-20,HepatitisB,9.3,16:53:54,2,8,28.1
2026-08-20,HepatitisB,15.73,16:54:24,2,8,28.11
2026-08-20,HepatitisB,4.74,16:54:54,2,8,0.0
2026-08-20,HepatitisB,9.06,16:55:24,2,8,28.13
2026-08-20,HepatitisB,10.29,16:55:54,2,8,28.14
2026-08-20,HepatitisB,14.98,16:56:24,2,8,28.16
2026-08-20,HepatitisB,15.6,16:56:54,2,8,28.17
2026-08-20,HepatitisB,7.79,16:57:24,2,8,0.0
2026-08-20,HepatitisB,11.96,16:57:54,2,8,28.19
2026-08-20,HepatitisB,16.87,16:58:24,2,8,28.2
2026-08-20,HepatitisB,11.0,16:58:54,2,8,28.21
2026-08-20,HepatitisB,5.55,16:59:24,2,8,0.0
2026-08-20,HepatitisB,10.67,16:59:54,2,8,28.23
2026-08-20,HepatitisB,9.75,17:00:24,2,8,28.24
2026-08-20,HepatitisB,5.14,17:00:54,2,8,0.0
2026-08-20,HepatitisB,14.78,17:01:24,2,8,28.26
2026-08-20,HepatitisB,15.66,17:01:54,2,8,28.28
2026-08-20,HepatitisB,7.39,17:02:24,2,8,0.0
2026-08-20,HepatitisB,9.85,17:02:54,2,8,28.3
2026-08-20,HepatitisB,17.59,17:03:24,2,8,28.31
2026-08-20,HepatitisB,16.34,17:03:54,2,8,28.32
2026-08-20,HepatitisB,11.13,17:04:24,2,8,28.33
2026-08-20,HepatitisB,5.3,17:04:54,2,8,0.0
2026-08-20,HepatitisB,4.57,17:05:24,2,8,0.0
2026-08-20,HepatitisB,7.67,17:05:54,2,8,0.0
2026-08-20,HepatitisB,13.64,17:06:24,2,8,28.37
2026-08-20,HepatitisB,15.43,17:06:54,2,8,28.38
2026-08-20,HepatitisB,3.2,17:07:24,2,8,0.0
2026-08-20,HepatitisB,13.34,17:07:54,2,8,28.41
2026-08-20,HepatitisB,15.83,17:08:24,2,8,28.42
2026-08-20,HepatitisB,10.06,17:08:54,2,8,28.43
2026-08-20,HepatitisB,3.75,17:09:24,2,8,0.0
2026-08-20,HepatitisB,9.63,17:09:54,2,8,28.45
2026-08-20,HepatitisB,7.08,17:10:24,2,8,0.0
2026-08-20,HepatitisB,16.14,17:10:54,2,8,28.47
2026-08-20,HepatitisB,15.88,17:11:24,2,8,28.48
2026-08-20,HepatitisB,14.34,17:11:54,2,8,28.49
2026-08-20,HepatitisB,12.08,17:12:24,2,8,28.5
2026-08-20,HepatitisB,16.74,17:12:54,2,8,28.51
2026-08-20,HepatitisB,7.77,17:13:24,2,8,0.0
2026-08-20,HepatitisB,2.08,17:13:54,2,8,0.0
2026-08-20,HepatitisB,9.46,17:14:24,2,8,28.55
2026-08-20,HepatitisB,11.81,17:14:54,2,8,28.56
2026-08-20,HepatitisB,14.74,17:15:24,2,8,28.57
2026-08-20,HepatitisB,16.36,17:15:54,2,8,28.58
2026-08-20,HepatitisB,9.07,17:16:24,2,8,28.59
2026-08-20,HepatitisB,11.6,17:16:54,2,8,28.6
2026-08-20,HepatitisB,15.14,17:17:24,2,8,28.61
2026-08-20,HepatitisB,10.68,17:17:54,2,8,28.62
2026-08-20,HepatitisB,13.93,17:18:24,2,8,28.63
2026-08-20,HepatitisB,14.85,17:18:54,2,8,28.64
2026-08-20,HepatitisB,15.86,17:19:24,2,8,28.65
2026-08-20,HepatitisB,11.68,17:19:54,2,8,28.67
2026-08-20,HepatitisB,2.03,17:20:24,2,8,0.0
2026-08-20,HepatitisB,6.96,17:20:54,2,8,0.0
2026-08-20,HepatitisB,13.97,17:21:24,2,8,28.7
2026-08-20,HepatitisB,15.32,17:21:54,2,8,28.71
2026-08-20,HepatitisB,5.05,17:22:24,2,8,0.0
2026-08-20,HepatitisB,12.79,17:22:54,2,8,28.73
2026-08-20,HepatitisB,4.06,17:23:24,2,8,0.0
2026-08-20,HepatitisB,11.13,17:23:54,2,8,28.75
2026-08-20,HepatitisB,5.63,17:24:24,2,8,0.0
2026-08-20,HepatitisB,9.54,17:24:54,2,8,28.77
2026-08-20,HepatitisB,13.68,17:25:24,2,8,28.78
2026-08-20,HepatitisB,15.57,17:25:54,2,8,28.79
2026-08-20,HepatitisB,9.42,17:26:24,2,8,28.81
2026-08-20,HepatitisB,11.44,17:26:54,2,8,28.82
2026-08-20,HepatitisB,6.72,17:27:24,2,8,0.0
2026-08-20,HepatitisB,11.66,17:27:54,2,8,28.84
2026-08-20,HepatitisB,16.03,17:28:24,2,8,28.85
2026-08-20,HepatitisB,7.51,17:28:54,2,8,0.0
2026-08-20,HepatitisB,13.27,17:29:24,2,8,28.87
2026-08-20,HepatitisB,10.36,17:29:54,2,8,28.88
2026-08-20,HepatitisB,10.39,17:30:24,2,8,28.89
2026-08-20,HepatitisB,2.09,17:30:54,2,8,0.0
2026-08-20,HepatitisB,9.46,17:31:24,2,8,28.91
2026-08-20,HepatitisB,11.31,17:31:54,2,8,28.93
2026-08-20,HepatitisB,2.73,17:32:24,2,8,0.0
2026-08-20,HepatitisB,9.93,17:32:54,2,8,28.95
2026-08-20,HepatitisB,5.98,17:33:24,2,8,0.0
2026-08-20,HepatitisB,4.9,17:33:54,2,8,0.0
2026-08-20,HepatitisB,12.51,17:34:24,2,8,28.98
2026-08-20,HepatitisB,12.16,17:34:54,2,8,28.99
2026-08-20,HepatitisB,10.08,17:35:24,2,8,29.0
2026-08-20,HepatitisB,10.7,17:35:54,2,8,29.01
2026-08-20,HepatitisB,12.07,17:36:24,2,8,29.02
2026-08-20,HepatitisB,7.92,17:36:54,2,8,0.0
2026-08-20,HepatitisB,17.02,17:37:24,2,8,29.04
2026-08-20,HepatitisB,9.0,17:37:54,2,8,29.06
2026-08-20,HepatitisB,17.04,17:38:24,2,8,29.07
2026-08-20,HepatitisB,15.29,17:38:54,2,8,29.08
2026-08-20,HepatitisB,16.58,17:39:24,2,8,29.09
2026-08-20,HepatitisB,12.99,17:39:54,2,8,29.1
2026-08-20,HepatitisB,13.99,17:40:24,2,8,29.11
2026-08-20,HepatitisB,2.94,17:40:54,2,8,0.0
2026-08-20,HepatitisB,2.67,17:41:24,2,8,0.0
2026-08-20,HepatitisB,11.52,17:41:54,2,8,29.14
2026-08-20,HepatitisB,9.86,17:42:24,2,8,29.15
2026-08-20,HepatitisB,17.31,17:42:54,2,8,29.16
2026-08-20,HepatitisB,11.09,17:43:24,2,8,29.17
2026-08-20,HepatitisB,11.65,17:43:54,2,8,29.18
2026-08-20,HepatitisB,2.35,17:44:24,2,8,0.0
2026-08-20,HepatitisB,7.57,17:44:54,2,8,0.0
2026-08-20,HepatitisB,3.69,17:45:24,2,8,0.0
2026-08-20,HepatitisB,14.15,17:45:54,2,8,29.23
2026-08-20,HepatitisB,2.42,17:46:24,2,8,0.0
2026-08-20,HepatitisB,10.43,17:46:54,2,8,29.25
2026-08-20,HepatitisB,11.86,17:47:24,2,8,29.26
2026-08-20,HepatitisB,16.72,17:47:54,2,8,29.27
2026-08-20,HepatitisB,2.53,17:48:24,2,8,0.0
2026-08-20,HepatitisB,6.31,17:48:54,2,8,0.0
2026-08-20,HepatitisB,14.82,17:49:24,2,8,29.3
2026-08-20,HepatitisB,15.64,17:49:54,2,8,29.32
2026-08-20,HepatitisB,14.32,17:50:24,2,8,29.33
2026-08-20,HepatitisB,3.6,17:50:54,2,8,0.0
2026-08-20,HepatitisB,14.06,17:51:24,2,8,29.35
2026-08-20,HepatitisB,9.22,17:51:54,2,8,29.36
2026-08-20,HepatitisB,13.29,17:52:24,2,8,29.37
2026-08-20,HepatitisB,14.03,17:52:54,2,8,29.38
2026-08-20,HepatitisB,7.96,17:53:24,2,8,0.0
2026-08-20,HepatitisB,11.74,17:53:54,2,8,29.4
2026-08-20,HepatitisB,7.71,17:54:24,2,8,0.0
2026-08-20,HepatitisB,9.82,17:54:54,2,8,29.42
2026-08-20,HepatitisB,16.51,17:55:24,2,8,29.43
2026-08-20,HepatitisB,9.76,17:55:54,2,8,29.45
2026-08-20,HepatitisB,17.76,17:56:24,2,8,29.46
2026-08-20,HepatitisB,14.64,17:56:54,2,8,29.47
2026-08-20,HepatitisB,6.44,17:57:24,2,8,0.0
2026-08-20,HepatitisB,3.54,17:57:54,2,8,0.0
2026-08-20,HepatitisB,17.75,17:58:24,2,8,29.5
2026-08-20,HepatitisB,2.36,17:58:54,2,8,0.0
2026-08-20,HepatitisB,4.35,17:59:24,2,8,0.0
2026-08-20,HepatitisB,14.59,17:59:54,2,8,29.53
2026-08-20,HepatitisB,9.19,18:00:24,2,8,29.54
2026-08-20,HepatitisB,4.65,18:00:54,2,8,0.0
2026-08-20,HepatitisB,12.82,18:01:24,2,8,29.56
2026-08-20,HepatitisB,10.57,18:01:54,2,8,29.57
2026-08-20,HepatitisB,5.27,18:02:24,2,8,0.0
2026-08-20,HepatitisB,3.4,18:02:54,2,8,0.0
2026-08-20,HepatitisB,10.23,18:03:24,2,8,29.61
2026-08-20,HepatitisB,6.7,18:03:54,2,8,0.0
2026-08-20,HepatitisB,9.24,18:04:24,2,8,29.63
2026-08-20,HepatitisB,4.35,18:04:54,2,8,0.0
2026-08-20,HepatitisB,15.83,18:05:24,2,8,29.65
2026-08-20,HepatitisB,12.26,18:05:54,2,8,29.66
2026-08-20,HepatitisB,7.21,18:06:24,2,8,0.0
2026-08-20,HepatitisB,6.91,18:06:54,2,8,0.0
2026-08-20,HepatitisB,9.44,18:07:24,2,8,29.69
2026-08-20,HepatitisB,9.09,18:07:54,2,8,29.71
2026-08-20,HepatitisB,6.47,18:08:24,2,8,0.0
2026-08-20,HepatitisB,5.12,18:08:54,2,8,0.0
2026-08-20,HepatitisB,15.14,18:09:24,2,8,29.74
2026-08-20,HepatitisB,2.32,18:09:54,2,8,0.0
2026-08-20,HepatitisB,4.39,18:10:24,2,8,0.0
2026-08-20,HepatitisB,15.78,18:10:54,2,8,29.77
2026-08-20,HepatitisB,2.92,18:11:24,2,8,0.0
2026-08-20,HepatitisB,2.59,18:11:54,2,8,0.0
2026-08-20,HepatitisB,6.17,18:12:24,2,8,0.0
2026-08-20,HepatitisB,10.25,18:12:54,2,8,29.81
2026-08-20,HepatitisB,2.96,18:13:24,2,8,0.0
2026-08-20,HepatitisB,6.4,18:13:54,2,8,0.0
2026-08-20,HepatitisB,4.98,18:14:24,2,8,0.0
2026-08-20,HepatitisB,14.0,18:14:54,2,8,29.86
2026-08-20,HepatitisB,13.82,18:15:24,2,8,29.87
2026-08-20,HepatitisB,3.51,18:15:54,2,8,0.0
2026-08-20,HepatitisB,11.02,18:16:24,2,8,29.89
2026-08-20,HepatitisB,10.73,18:16:54,2,8,29.9
2026-08-20,HepatitisB,10.27,18:17:24,2,8,29.91
2026-08-20,HepatitisB,11.93,18:17:54,2,8,29.92
2026-08-20,HepatitisB,14.61,18:18:24,2,8,29.93
2026-08-20,HepatitisB,16.92,18:18:54,2,8,29.94
2026-08-20,HepatitisB,17.5,18:19:24,2,8,29.95
2026-08-20,HepatitisB,7.81,18:19:54,2,8,0.0
2026-08-20,HepatitisB,16.56,18:20:24,2,8,29.98
2026-08-20,HepatitisB,15.11,18:20:54,2,8,29.99
2026-08-20,HepatitisB,16.81,18:21:24,2,8,30.0
2026-08-20,HepatitisB,5.86,18:21:54,2,8,0.0
2026-08-20,HepatitisB,6.61,18:22:24,2,8,0.0
2026-08-20,HepatitisB,10.44,18:22:54,2,8,30.03
2026-08-20,HepatitisB,12.59,18:23:24,2,8,30.04
2026-08-20,HepatitisB,17.82,18:23:54,2,8,30.05
2026-08-20,HepatitisB,15.55,18:24:24,2,8,30.06
2026-08-20,HepatitisB,10.27,18:24:54,2,8,30.07
2026-08-20,HepatitisB,15.68,18:25:24,2,8,30.08
2026-08-20,HepatitisB,15.72,18:25:54,2,8,30.09
2026-08-20,HepatitisB,16.87,18:26:24,2,8,30.11
2026-08-20,HepatitisB,17.38,18:26:54,2,8,30.12
2026-08-20,HepatitisB,17.6,18:27:24,2,8,30.13
2026-08-20,HepatitisB,17.38,18:27:54,2,8,30.14
2026-08-20,HepatitisB,16.94,18:28:24,2,8,30.15
2026-08-20,HepatitisB,12.15,18:28:54,2,8,30.16
2026-08-20,HepatitisB,9.4,18:29:24,2,8,30.17
2026-08-20,HepatitisB,11.8,18:29:54,2,8,30.18
2026-08-20,HepatitisB,14.7,18:30:24,2,8,30.19
2026-08-20,HepatitisB,5.74,18:30:54,2,8,0.0
2026-08-20,HepatitisB,14.34,18:31:24,2,8,30.21
2026-08-20,HepatitisB,6.88,18:31:54,2,8,0.0
2026-08-20,HepatitisB,4.38,18:32:24,2,8,0.0
2026-08-20,HepatitisB,3.2,18:32:54,2,8,0.0
2026-08-20,HepatitisB,15.7,18:33:24,2,8,30.26
2026-08-20,HepatitisB,11.35,18:33:54,2,8,30.27
2026-08-20,HepatitisB,9.48,18:34:24,2,8,30.28
2026-08-20,HepatitisB,12.72,18:34:54,2,8,30.29
2026-08-20,HepatitisB,9.71,18:35:24,2,8,30.3
2026-08-20,HepatitisB,7.67,18:35:54,2,8,0.0
2026-08-20,HepatitisB,2.73,18:36:24,2,8,0.0
2026-08-20,HepatitisB,17.32,18:36:54,2,8,30.33
2026-08-20,HepatitisB,12.69,18:37:24,2,8,30.34
2026-08-20,HepatitisB,7.03,18:37:54,2,8,0.0
2026-08-20,HepatitisB,17.57,18:38:24,2,8,30.37
2026-08-20,HepatitisB,7.71,18:38:54,2,8,0.0
2026-08-20,HepatitisB,11.26,18:39:24,2,8,30.39
2026-08-20,HepatitisB,17.3,18:39:54,2,8,30.4
2026-08-20,HepatitisB,11.89,18:40:24,2,8,30.41
2026-08-20,HepatitisB,3.18,18:40:54,2,8,0.0
2026-08-20,HepatitisB,2.6,18:41:24,2,8,0.0
2026-08-20,HepatitisB,6.54,18:41:54,2,8,0.0
2026-08-20,HepatitisB,6.3,18:42:24,2,8,0.0
2026-08-20,HepatitisB,16.8,18:42:54,2,8,30.46
2026-08-20,HepatitisB,10.61,18:43:24,2,8,30.47
2026-08-20,HepatitisB,14.54,18:43:54,2,8,30.48
2026-08-20,HepatitisB,3.28,18:44:24,2,8,0.0
2026-08-20,HepatitisB,11.87,18:44:54,2,8,30.51
2026-08-20,HepatitisB,12.16,18:45:24,2,8,30.52
2026-08-20,HepatitisB,4.66,18:45:54,2,8,0.0
2026-08-20,HepatitisB,4.81,18:46:24,2,8,0.0
2026-08-20,HepatitisB,5.23,18:46:54,2,8,0.0
2026-08-20,HepatitisB,14.45,18:47:24,2,8,30.56
2026-08-20,HepatitisB,5.84,18:47:54,2,8,0.0
2026-08-20,HepatitisB,12.98,18:48:24,2,8,30.58
2026-08-20,HepatitisB,17.24,18:48:54,2,8,30.59
2026-08-20,HepatitisB,11.74,18:49:24,2,8,30.6
2026-08-20,HepatitisB,9.83,18:49:54,2,8,30.62
2026-08-20,HepatitisB,15.56,18:50:24,2,8,30.63
2026-08-20,HepatitisB,13.26,18:50:54,2,8,30.64
2026-08-20,HepatitisB,3.31,18:51:24,2,8,0.0
2026-08-20,HepatitisB,15.35,18:51:54,2,8,30.66
2026-08-20,HepatitisB,16.39,18:52:24,2,8,30.67
2026-08-20,HepatitisB,11.7,18:52:54,2,8,30.68
2026-08-20,HepatitisB,13.58,18:53:24,2,8,30.69
2026-08-20,HepatitisB,11.91,18:53:54,2,8,30.7
2026-08-20,HepatitisB,4.59,18:54:24,2,8,0.0
2026-08-20,HepatitisB,17.81,18:54:54,2,8,30.72
2026-08-20,HepatitisB,2.98,18:55:24,2,8,0.0
2026-08-20,HepatitisB,11.74,18:55:54,2,8,30.74
2026-08-20,HepatitisB,16.81,18:56:24,2,8,30.76
2026-08-20,HepatitisB,15.63,18:56:54,2,8,30.77
2026-08-20,HepatitisB,2.47,18:57:24,2,8,0.0
2026-08-20,HepatitisB,12.75,18:57:54,2,8,30.79
2026-08-20,HepatitisB,7.33,18:58:24,2,8,0.0
2026-08-20,HepatitisB,3.47,18:58:54,2,8,0.0
2026-08-20,HepatitisB,12.88,18:59:24,2,8,30.82
2026-08-20,HepatitisB,11.57,18:59:54,2,8,30.83
2026-08-20,HepatitisB,13.13,19:00:24,2,8,30.84
2026-08-20,HepatitisB,15.14,19:00:54,2,8,30.85
2026-08-20,HepatitisB,11.64,19:01:24,2,8,30.86
2026-08-20,HepatitisB,11.78,19:01:54,2,8,30.88
2026-08-20,HepatitisB,4.16,19:02:24,2,8,0.0
2026-08-20,HepatitisB,6.95,19:02:54,2,8,0.0
2026-08-20,HepatitisB,12.12,19:03:24,2,8,30.91
2026-08-20,HepatitisB,4.03,19:03:54,2,8,0.0
2026-08-20,HepatitisB,11.38,19:04:24,2,8,30.93
2026-08-20,HepatitisB,15.96,19:04:54,2,8,30.94
2026-08-20,HepatitisB,5.57,19:05:24,2,8,0.0
2026-08-20,HepatitisB,6.09,19:05:54,2,8,0.0
2026-08-20,HepatitisB,12.32,19:06:24,2,8,30.97
2026-08-20,HepatitisB,3.33,19:06:54,2,8,0.0
2026-08-20,HepatitisB,11.26,19:07:24,2,8,30.99
2026-08-20,HepatitisB,16.47,19:07:54,2,8,31.01
2026-08-20,HepatitisB,12.42,19:08:24,2,8,31.02
2026-08-20,HepatitisB,11.95,19:08:54,2,8,31.03
2026-08-20,HepatitisB,17.72,19:09:24,2,8,31.04
2026-08-20,HepatitisB,13.6,19:09:54,2,8,31.05
2026-08-20,HepatitisB,4.56,19:10:24,2,8,0.0
2026-08-20,HepatitisB,10.63,19:10:54,2,8,31.07
2026-08-20,HepatitisB,10.15,19:11:24,2,8,31.08
2026-08-20,HepatitisB,11.54,19:11:54,2,8,31.09
2026-08-20,HepatitisB,9.43,19:12:24,2,8,31.1
2026-08-20,HepatitisB,7.71,19:12:54,2,8,0.0
2026-08-20,HepatitisB,12.39,19:13:24,2,8,31.12
2026-08-20,HepatitisB,3.04,19:13:54,2,8,0.0
2026-08-20,HepatitisB,15.44,19:14:24,2,8,31.15
2026-08-20,HepatitisB,11.62,19:14:54,2,8,31.16
2026-08-20,HepatitisB,3.59,19:15:24,2,8,0.0
2026-08-20,HepatitisB,12.09,19:15:54,2,8,31.18
2026-08-20,HepatitisB,15.64,19:16:24,2,8,31.19
2026-08-20,HepatitisB,15.6,19:16:54,2,8,31.2
2026-08-20,HepatitisB,17.56,19:17:24,2,8,31.21
2026-08-20,HepatitisB,7.68,19:17:54,2,8,0.0
2026-08-20,HepatitisB,2.54,19:18:24,2,8,0.0
2026-08-20,HepatitisB,5.54,19:18:54,2,8,0.0
2026-08-20,HepatitisB,4.42,19:19:24,2,8,0.0
2026-08-20,HepatitisB,15.93,19:19:54,2,8,31.27
2026-08-20,HepatitisB,9.68,19:20:24,2,8,31.28
2026-08-20,HepatitisB,16.59,19:20:54,2,8,31.29
2026-08-20,HepatitisB,13.95,19:21:24,2,8,31.3
2026-08-20,HepatitisB,11.7,19:21:54,2,8,31.31
2026-08-20,HepatitisB,16.13,19:22:24,2,8,31.32
2026-08-20,HepatitisB,2.58,19:22:54,2,8,0.0
2026-08-20,HepatitisB,10.75,19:23:24,2,8,31.34
2026-08-20,HepatitisB,12.43,19:23:54,2,8,31.35
2026-08-20,HepatitisB,13.92,19:24:24,2,8,31.36
2026-08-20,HepatitisB,16.98,19:24:54,2,8,31.37
2026-08-20,HepatitisB,2.88,19:25:24,2,8,0.0
2026-08-20,HepatitisB,11.44,19:25:54,2,8,31.39
2026-08-20,HepatitisB,3.76,19:26:24,2,8,0.0
2026-08-20,HepatitisB,11.17,19:26:54,2,8,31.42
2026-08-20,HepatitisB,14.24,19:27:24,2,8,31.43
2026-08-20,HepatitisB,16.05,19:27:54,2,8,31.44
2026-08-20,HepatitisB,6.02,19:28:24,2,8,0.0
2026-08-20,HepatitisB,9.51,19:28:54,2,8,31.46
2026-08-20,HepatitisB,4.06,19:29:24,2,8,0.0
2026-08-20,HepatitisB,2.29,19:29:54,2,8,0.0
2026-08-20,HepatitisB,4.94,19:30:24,2,8,0.0
2026-08-20,HepatitisB,13.75,19:30:54,2,8,31.5
2026-08-20,HepatitisB,13.78,19:31:24,2,8,31.51
2026-08-20,HepatitisB,2.12,19:31:54,2,8,0.0
2026-08-20,HepatitisB,4.17,19:32:24,2,8,0.0
2026-08-20,HepatitisB,7.86,19:32:54,2,8,0.0
2026-08-20,HepatitisB,5.15,19:33:24,2,8,0.0
2026-08-20,HepatitisB,7.41,19:33:54,2,8,0.0
2026-08-20,HepatitisB,3.01,19:34:24,2,8,0.0
2026-08-20,HepatitisB,3.23,19:34:54,2,8,0.0
2026-08-20,HepatitisB,9.28,19:35:24,2,8,31.6
2026-08-20,HepatitisB,17.92,19:35:54,2,8,31.61
2026-08-20,HepatitisB,17.78,19:36:24,2,8,31.62
2026-08-20,HepatitisB,10.91,19:36:54,2,8,31.63
2026-08-20,HepatitisB,16.76,19:37:24,2,8,31.64
2026-08-20,HepatitisB,4.9,19:37:54,2,8,0.0
2026-08-20,HepatitisB,7.92,19:38:24,2,8,0.0
2026-08-20,HepatitisB,11.14,19:38:54,2,8,31.68
2026-08-20,HepatitisB,9.49,19:39:24,2,8,31.69
2026-08-20,HepatitisB,2.05,19:39:54,2,8,0.0
2026-08-20,HepatitisB,16.78,19:40:24,2,8,31.71
2026-08-20,HepatitisB,15.68,19:40:54,2,8,31.72
2026-08-20,HepatitisB,5.08,19:41:24,2,8,0.0
2026-08-20,HepatitisB,11.18,19:41:54,2,8,31.74
2026-08-20,HepatitisB,9.85,19:42:24,2,8,31.75
2026-08-20,HepatitisB,13.51,19:42:54,2,8,31.76
2026-08-20,HepatitisB,14.8,19:43:24,2,8,31.77
2026-08-20,HepatitisB,6.85,19:43:54,2,8,0.0
2026-08-20,HepatitisB,7.62,19:44:24,2,8,0.0
2026-08-20,HepatitisB,13.76,19:44:54,2,8,31.81
2026-08-20,HepatitisB,3.93,19:45:24,2,8,0.0
2026-08-20,HepatitisB,10.48,19:45:54,2,8,31.83
2026-08-20,HepatitisB,11.48,19:46:24,2,8,31.84
2026-08-20,HepatitisB,15.6,19:46:54,2,8,31.85
2026-08-20,HepatitisB,10.77,19:47:24,2,8,31.86
2026-08-20,HepatitisB,15.66,19:47:54,2,8,31.87
2026-08-20,HepatitisB,7.07,19:48:24,2,8,0.0
2026-08-20,HepatitisB,5.29,19:48:54,2,8,0.0
2026-08-20,HepatitisB,7.67,19:49:24,2,8,0.0
2026-08-20,HepatitisB,11.08,19:49:54,2,8,31.92
2026-08-20,HepatitisB,11.89,19:50:24,2,8,31.93
2026-08-20,HepatitisB,10.92,19:50:54,2,8,31.94
2026-08-20,HepatitisB,15.32,19:51:24,2,8,31.95
2026-08-20,HepatitisB,9.37,19:51:54,2,8,31.96
2026-08-20,HepatitisB,15.1,19:52:24,2,8,31.97
2026-08-20,HepatitisB,14.18,19:52:54,2,8,31.98
2026-08-20,HepatitisB,6.96,19:53:24,2,8,0.0
2026-08-20,HepatitisB,6.7,19:53:54,2,8,0.0
2026-08-20,HepatitisB,10.7,19:54:24,2,8,32.01
2026-08-20,HepatitisB,2.81,19:54:54,2,8,0.0
2026-08-20,HepatitisB,17.08,19:55:24,2,8,32.03
2026-08-20,HepatitisB,10.76,19:55:54,2,8,32.05
2026-08-20,HepatitisB,17.64,19:56:24,2,8,32.06
2026-08-20,HepatitisB,9.74,19:56:54,2,8,32.07
2026-08-20,HepatitisB,15.27,19:57:24,2,8,32.08
2026-08-20,HepatitisB,9.36,19:57:54,2,8,32.09
2026-08-20,HepatitisB,14.33,19:58:24,2,8,32.1
2026-08-20,HepatitisB,17.48,19:58:54,2,8,32.11
2026-08-20,HepatitisB,12.02,19:59:24,2,8,32.12
2026-08-20,HepatitisB,14.59,19:59:54,2,8,32.13
2026-08-20,HepatitisB,6.13,20:00:24,2,8,0.0
2026-08-20,HepatitisB,16.95,20:00:54,2,8,32.15
2026-08-20,HepatitisB,4.82,20:01:24,2,8,0.0
2026-08-20,HepatitisB,4.06,20:01:54,2,8,0.0
2026-08-20,HepatitisB,9.41,20:02:24,2,8,32.19
2026-08-20,HepatitisB,7.51,20:02:54,2,8,0.0
2026-08-20,HepatitisB,6.95,20:03:24,2,8,0.0
2026-08-20,HepatitisB,3.87,20:03:54,2,8,0.0
2026-08-20,HepatitisB,6.49,20:04:24,2,8,0.0
2026-08-20,HepatitisB,14.04,20:04:54,2,8,32.24
2026-08-20,HepatitisB,12.82,20:05:24,2,8,32.25
2026-08-20,HepatitisB,13.87,20:05:54,2,8,32.26
2026-08-20,HepatitisB,12.72,20:06:24,2,8,32.27
2026-08-20,HepatitisB,9.06,20:06:54,2,8,32.28
2026-08-20,HepatitisB,16.99,20:07:24,2,8,32.29
2026-08-20,HepatitisB,4.18,20:07:54,2,8,0.0
2026-08-20,HepatitisB,16.63,20:08:24,2,8,32.32
2026-08-20,HepatitisB,7.62,20:08:54,2,8,0.0
2026-08-20,HepatitisB,13.84,20:09:24,2,8,32.34
2026-08-20,HepatitisB,7.4,20:09:54,2,8,0.0
2026-08-20,HepatitisB,16.1,20:10:24,2,8,32.36
2026-08-20,HepatitisB,11.09,20:10:54,2,8,32.37
2026-08-20,HepatitisB,12.93,20:11:24,2,8,32.38
2026-08-20,HepatitisB,16.69,20:11:54,2,8,32.39
2026-08-20,HepatitisB,6.04,20:12:24,2,8,0.0
2026-08-20,HepatitisB,12.24,20:12:54,2,8,32.41
2026-08-20,HepatitisB,3.47,20:13:24,2,8,0.0
2026-08-20,HepatitisB,6.52,20:13:54,2,8,0.0
2026-08-20,HepatitisB,15.19,20:14:24,2,8,32.45
2026-08-20,HepatitisB,16.98,20:14:54,2,8,32.46
2026-08-20,HepatitisB,6.67,20:15:24,2,8,0.0
2026-08-20,HepatitisB,12.5,20:15:54,2,8,32.48
2026-08-20,HepatitisB,12.65,20:16:24,2,8,32.49
2026-08-20,HepatitisB,13.48,20:16:54,2,8,32.5
2026-08-20,HepatitisB,11.48,20:17:24,2,8,32.51
2026-08-20,HepatitisB,15.84,20:17:54,2,8,32.52
2026-08-20,HepatitisB,13.9,20:18:24,2,8,32.53
2026-08-20,HepatitisB,5.87,20:18:54,2,8,0.0
2026-08-20,HepatitisB,14.19,20:19:24,2,8,32.55
2026-08-20,HepatitisB,12.44,20:19:54,2,8,32.57
2026-08-20,HepatitisB,15.7,20:20:24,2,8,32.58
2026-08-20,HepatitisB,17.23,20:20:54,2,8,32.59
2026-08-20,HepatitisB,2.93,20:21:24,2,8,0.0
2026-08-20,HepatitisB,9.96,20:21:54,2,8,32.61
2026-08-20,HepatitisB,7.34,20:22:24,2,8,0.0
2026-08-20,HepatitisB,13.5,20:22:54,2,8,32.63
2026-08-20,HepatitisB,5.17,20:23:24,2,8,0.0
2026-08-20,HepatitisB,12.49,20:23:54,2,8,32.65
2026-08-20,HepatitisB,16.07,20:24:24,2,8,32.66
2026-08-20,HepatitisB,13.26,20:24:54,2,8,32.67
2026-08-20,HepatitisB,2.62,20:25:24,2,8,0.0
2026-08-20,HepatitisB,15.99,20:25:54,2,8,32.7
2026-08-20,HepatitisB,14.36,20:26:24,2,8,32.71
2026-08-20,HepatitisB,4.52,20:26:54,2,8,0.0
2026-08-20,HepatitisB,16.55,20:27:24,2,8,32.73
2026-08-20,HepatitisB,9.1,20:27:54,2,8,32.74
2026-08-20,HepatitisB,12.4,20:28:24,2,8,32.75
2026-08-20,HepatitisB,7.37,20:28:54,2,8,0.0
2026-08-20,HepatitisB,17.65,20:29:24,2,8,32.77
2026-08-20,HepatitisB,17.81,20:29:54,2,8,32.78
2026-08-20,HepatitisB,12.23,20:30:24,2,8,32.79
2026-08-20,HepatitisB,6.65,20:30:54,2,8,0.0
2026-08-20,HepatitisB,14.32,20:31:24,2,8,32.81
2026-08-20,HepatitisB,15.43,20:31:54,2,8,32.83
2026-08-20,HepatitisB,13.63,20:32:24,2,8,32.84
2026-08-20,HepatitisB,15.06,20:32:54,2,8,32.85
2026-08-20,HepatitisB,9.31,20:33:24,2,8,32.86
2026-08-20,HepatitisB,12.83,20:33:54,2,8,32.87
2026-08-20,HepatitisB,5.58,20:34:24,2,8,0.0
2026-08-20,HepatitisB,10.95,20:34:54,2,8,32.89
2026-08-20,HepatitisB,5.26,20:35:24,2,8,0.0
2026-08-20,HepatitisB,15.57,20:35:54,2,8,32.91
2026-08-20,HepatitisB,14.62,20:36:24,2,8,32.92
2026-08-20,HepatitisB,11.41,20:36:54,2,8,32.93
2026-08-20,HepatitisB,11.8,20:37:24,2,8,32.94
2026-08-20,HepatitisB,5.42,20:37:54,2,8,0.0
2026-08-20,HepatitisB,14.45,20:38:24,2,8,32.97
2026-08-20,HepatitisB,2.78,20:38:54,2,8,0.0
2026-08-20,HepatitisB,7.3,20:39:24,2,8,0.0
2026-08-20,HepatitisB,4.6,20:39:54,2,8,0.0
2026-08-20,HepatitisB,9.11,20:40:24,2,8,33.01
2026-08-20,HepatitisB,4.59,20:40:54,2,8,0.0
2026-08-20,HepatitisB,12.15,20:41:24,2,8,33.03
2026-08-20,HepatitisB,7.03,20:41:54,2,8,0.0
2026-08-20,HepatitisB,11.38,20:42:24,2,8,33.05
2026-08-20,HepatitisB,12.31,20:42:54,2,8,33.06
2026-08-20,HepatitisB,3.29,20:43:24,2,8,0.0
2026-08-20,HepatitisB,15.27,20:43:54,2,8,33.09
2026-08-20,HepatitisB,15.46,20:44:24,2,8,33.1
2026-08-20,HepatitisB,9.21,20:44:54,2,8,33.11
2026-08-20,HepatitisB,16.24,20:45:24,2,8,33.12
2026-08-20,HepatitisB,12.73,20:45:54,2,8,33.13
2026-08-20,HepatitisB,16.42,20:46:24,2,8,33.14
2026-08-20,HepatitisB,6.78,20:46:54,2,8,0.0
2026-08-20,HepatitisB,11.2,20:47:24,2,8,33.16
2026-08-20,HepatitisB,11.94,20:47:54,2,8,33.17
2026-08-20,HepatitisB,16.2,20:48:24,2,8,33.18
2026-08-20,HepatitisB,5.06,20:48:54,2,8,0.0
2026-08-20,HepatitisB,10.58,20:49:24,2,8,33.2
2026-08-20,HepatitisB,11.95,20:49:54,2,8,33.22
2026-08-20,HepatitisB,16.35,20:50:24,2,8,33.23
2026-08-20,HepatitisB,13.69,20:50:54,2,8,33.24
2026-08-20,HepatitisB,4.35,20:51:24,2,8,0.0
2026-08-20,HepatitisB,2.06,20:51:54,2,8,0.0
2026-08-20,HepatitisB,5.95,20:52:24,2,8,0.0
2026-08-20,HepatitisB,6.9,20:52:54,2,8,0.0
2026-08-20,HepatitisB,7.98,20:53:24,2,8,0.0
2026-08-20,HepatitisB,13.25,20:53:54,2,8,33.3
2026-08-20,HepatitisB,13.9,20:54:24,2,8,33.31
2026-08-20,HepatitisB,5.6,20:54:54,2,8,0.0
2026-08-20,HepatitisB,13.11,20:55:24,2,8,33.33
2026-08-20,HepatitisB,7.69,20:55:54,2,8,0.0
2026-08-20,HepatitisB,13.16,20:56:24,2,8,33.36
2026-08-20,HepatitisB,11.53,20:56:54,2,8,33.37
2026-08-20,HepatitisB,10.48,20:57:24,2,8,33.38
2026-08-20,HepatitisB,3.79,20:57:54,2,8,0.0
2026-08-20,HepatitisB,16.74,20:58:24,2,8,33.4
2026-08-20,HepatitisB,5.36,20:58:54,2,8,0.0
2026-08-20,HepatitisB,2.28,20:59:24,2,8,0.0
2026-08-20,HepatitisB,13.94,20:59:54,2,8,33.43
2026-08-20,HepatitisB,11.6,21:00:24,2,8,33.44
2026-08-20,HepatitisB,13.32,21:00:54,2,8,33.45
2026-08-20,HepatitisB,12.18,21:01:24,2,8,33.46
2026-08-20,HepatitisB,3.23,21:01:54,2,8,0.0
2026-08-20,HepatitisB,7.0,21:02:24,2,8,0.0
2026-08-20,HepatitisB,7.61,21:02:54,2,8,0.0
2026-08-20,HepatitisB,6.66,21:03:24,2,8,0.0
2026-08-20,HepatitisB,15.01,21:03:54,2,8,33.52
2026-08-20,HepatitisB,6.91,21:04:24,2,8,0.0
2026-08-20,HepatitisB,16.51,21:04:54,2,8,33.54
2026-08-20,HepatitisB,6.88,21:05:24,2,8,0.0
2026-08-20,HepatitisB,2.68,21:05:54,2,8,0.0
2026-08-20,HepatitisB,13.94,21:06:24,2,8,33.57
2026-08-20,HepatitisB,6.58,21:06:54,2,8,0.0
2026-08-20,HepatitisB,3.3,21:07:24,2,8,0.0
2026-08-20,HepatitisB,16.06,21:07:54,2,8,33.61
2026-08-20,HepatitisB,9.14,21:08:24,2,8,33.62
2026-08-20,HepatitisB,4.89,21:08:54,2,8,0.0
2026-08-20,HepatitisB,15.06,21:09:24,2,8,33.64
2026-08-20,HepatitisB,13.64,21:09:54,2,8,33.65
2026-08-20,HepatitisB,3.75,21:10:24,2,8,0.0
2026-08-20,HepatitisB,5.85,21:10:54,2,8,0.0
2026-08-20,HepatitisB,6.23,21:11:24,2,8,0.0
2026-08-20,HepatitisB,11.4,21:11:54,2,8,33.69
2026-08-20,HepatitisB,11.16,21:12:24,2,8,33.7
2026-08-20,HepatitisB,7.92,21:12:54,2,8,0.0
2026-08-20,HepatitisB,14.19,21:13:24,2,8,33.72
2026-08-20,HepatitisB,4.3,21:13:54,2,8,0.0
2026-08-20,HepatitisB,11.96,21:14:24,2,8,33.75
2026-08-20,HepatitisB,10.67,21:14:54,2,8,33.76
2026-08-20,HepatitisB,11.78,21:15:24,2,8,33.77
2026-08-20,HepatitisB,14.24,21:15:54,2,8,33.78
2026-08-20,HepatitisB,7.0,21:16:24,2,8,0.0
2026-08-20,HepatitisB,3.74,21:16:54,2,8,0.0
2026-08-20,HepatitisB,13.18,21:17:24,2,8,33.81
2026-08-20,HepatitisB,11.04,21:17:54,2,8,33.82
2026-08-20,HepatitisB,4.15,21:18:24,2,8,0.0
2026-08-20,HepatitisB,2.84,21:18:54,2,8,0.0
2026-08-20,HepatitisB,4.15,21:19:24,2,8,0.0
2026-08-20,HepatitisB,17.67,21:19:54,2,8,33.87
2026-08-20,HepatitisB,16.13,21:20:24,2,8,33.88
2026-08-20,HepatitisB,12.19,21:20:54,2,8,33.89
2026-08-20,HepatitisB,11.86,21:21:24,2,8,33.9
2026-08-20,HepatitisB,6.37,21:21:54,2,8,0.0
2026-08-20,HepatitisB,9.6,21:22:24,2,8,33.92
2026-08-20,HepatitisB,15.47,21:22:54,2,8,33.93
2026-08-20,HepatitisB,4.19,21:23:24,2,8,0.0
2026-08-20,HepatitisB,2.14,21:23:54,2,8,0.0
2026-08-20,HepatitisB,5.79,21:24:24,2,8,0.0
2026-08-20,HepatitisB,4.57,21:24:54,2,8,0.0
2026-08-20,HepatitisB,12.81,21:25:24,2,8,33.98
2026-08-20,HepatitisB,12.92,21:25:54,2,8,33.99
2026-08-20,HepatitisB,11.13,21:26:24,2,8,34.01
2026-08-20,HepatitisB,15.67,21:26:54,2,8,34.02
2026-08-20,HepatitisB,13.91,21:27:24,2,8,34.03
2026-08-20,HepatitisB,4.15,21:27:54,2,8,0.0
2026-08-20,HepatitisB,17.64,21:28:24,2,8,34.05
2026-08-20,HepatitisB,2.93,21:28:54,2,8,0.0
2026-08-20,HepatitisB,6.66,21:29:24,2,8,0.0
2026-08-20,HepatitisB,11.69,21:29:54,2,8,34.08
2026-08-20,HepatitisB,15.82,21:30:24,2,8,34.09
2026-08-20,HepatitisB,5.53,21:30:54,2,8,0.0
2026-08-20,HepatitisB,4.12,21:31:24,2,8,0.0
2026-08-20,HepatitisB,17.51,21:31:54,2,8,34.12
2026-08-20,HepatitisB,15.13,21:32:24,2,8,34.14
2026-08-20,HepatitisB,11.32,21:32:54,2,8,34.15
2026-08-20,HepatitisB,13.35,21:33:24,2,8,34.16
2026-08-20,HepatitisB,6.73,21:33:54,2,8,0.0
2026-08-20,HepatitisB,16.93,21:34:24,2,8,34.18
2026-08-20,HepatitisB,15.53,21:34:54,2,8,34.19
2026-08-20,HepatitisB,13.89,21:35:24,2,8,34.2
2026-08-20,HepatitisB,17.56,21:35:54,2,8,34.21
2026-08-20,HepatitisB,16.9,21:36:24,2,8,34.22
2026-08-20,HepatitisB,17.08,21:36:54,2,8,34.23
2026-08-20,HepatitisB,12.36,21:37:24,2,8,34.24
2026-08-20,HepatitisB,12.37,21:37:54,2,8,34.26
2026-08-20,HepatitisB,4.45,21:38:24,2,8,0.0
2026-08-20,HepatitisB,7.53,21:38:54,2,8,0.0
2026-08-20,HepatitisB,15.69,21:39:24,2,8,34.29
2026-08-20,HepatitisB,14.98,21:39:54,2,8,34.3
2026-08-20,HepatitisB,14.52,21:40:24,2,8,34.31
2026-08-20,HepatitisB,17.11,21:40:54,2,8,34.32
2026-08-20,HepatitisB,10.19,21:41:24,2,8,34.33
2026-08-20,HepatitisB,3.81,21:41:54,2,8,0.0
2026-08-20,HepatitisB,4.09,21:42:24,2,8,0.0
2026-08-20,HepatitisB,5.44,21:42:54,2,8,0.0
2026-08-20,HepatitisB,17.31,21:43:24,2,8,34.37
2026-08-20,HepatitisB,11.8,21:43:54,2,8,34.38
2026-08-20,HepatitisB,7.77,21:44:24,2,8,0.0
2026-08-20,HepatitisB,11.06,21:44:54,2,8,34.41
2026-08-20,HepatitisB,4.8,21:45:24,2,8,0.0
2026-08-20,HepatitisB,7.99,21:45:54,2,8,0.0
2026-08-20,HepatitisB,6.82,21:46:24,2,8,0.0
2026-08-20,HepatitisB,3.11,21:46:54,2,8,0.0
2026-08-20,HepatitisB,7.73,21:47:24,2,8,0.0
2026-08-20,HepatitisB,3.95,21:47:54,2,8,0.0
2026-08-20,HepatitisB,14.74,21:48:24,2,8,34.48
2026-08-20,HepatitisB,7.49,21:48:54,2,8,0.0
2026-08-20,HepatitisB,4.7,21:49:24,2,8,0.0
2026-08-20,HepatitisB,14.02,21:49:54,2,8,34.52
2026-08-20,HepatitisB,5.75,21:50:24,2,8,0.0
2026-08-20,HepatitisB,12.72,21:50:54,2,8,34.54
2026-08-20,HepatitisB,16.36,21:51:24,2,8,34.55
2026-08-20,HepatitisB,6.03,21:51:54,2,8,0.0
2026-08-20,HepatitisB,2.63,21:52:24,2,8,0.0
2026-08-20,HepatitisB,15.71,21:52:54,2,8,34.58
2026-08-20,HepatitisB,9.87,21:53:24,2,8,34.59
2026-08-20,HepatitisB,4.66,21:53:54,2,8,0.0
2026-08-20,HepatitisB,9.97,21:54:24,2,8,34.61
2026-08-20,HepatitisB,14.67,21:54:54,2,8,34.62
2026-08-20,HepatitisB,15.06,21:55:24,2,8,34.63
2026-08-20,HepatitisB,13.84,21:55:54,2,8,34.64
2026-08-20,HepatitisB,16.85,21:56:24,2,8,34.66
2026-08-20,HepatitisB,12.67,21:56:54,2,8,34.67
2026-08-20,HepatitisB,16.83,21:57:24,2,8,34.68
2026-08-20,HepatitisB,15.02,21:57:54,2,8,34.69
2026-08-20,HepatitisB,5.12,21:58:24,2,8,0.0
2026-08-20,HepatitisB,6.52,21:58:54,2,8,0.0
2026-08-20,HepatitisB,10.76,21:59:24,2,8,34.72
2026-08-20,HepatitisB,12.31,21:59:54,2,8,34.73
2026-08-20,HepatitisB,17.19,22:00:24,2,8,34.74
2026-08-20,HepatitisB,11.53,22:00:54,2,8,34.75
2026-08-20,HepatitisB,12.29,22:01:24,2,8,34.76
2026-08-20,HepatitisB,5.47,22:01:54,2,8,0.0
2026-08-20,HepatitisB,11.14,22:02:24,2,8,34.79
2026-08-20,HepatitisB,14.04,22:02:54,2,8,34.8
2026-08-20,HepatitisB,11.12,22:03:24,2,8,34.81
2026-08-20,HepatitisB,9.99,22:03:54,2,8,34.82
2026-08-20,HepatitisB,12.63,22:04:24,2,8,34.83
2026-08-20,HepatitisB,15.17,22:04:54,2,8,34.84
2026-08-20,HepatitisB,9.09,22:05:24,2,8,34.85
2026-08-20,HepatitisB,7.91,22:05:54,2,8,0.0
2026-08-20,HepatitisB,14.02,22:06:24,2,8,34.87
2026-08-20,HepatitisB,15.41,22:06:54,2,8,34.88
2026-08-20,HepatitisB,15.23,22:07:24,2,8,34.89
2026-08-20,HepatitisB,6.63,22:07:54,2,8,0.0
2026-08-20,HepatitisB,13.28,22:08:24,2,8,34.92
2026-08-20,HepatitisB,7.29,22:08:54,2,8,0.0
2026-08-20,HepatitisB,9.15,22:09:24,2,8,34.94
2026-08-20,HepatitisB,16.96,22:09:54,2,8,34.95
2026-08-20,HepatitisB,5.61,22:10:24,2,8,0.0
2026-08-20,HepatitisB,15.76,22:10:54,2,8,34.97
2026-08-20,HepatitisB,7.35,22:11:24,2,8,0.0
2026-08-20,HepatitisB,12.65,22:11:54,2,8,34.99
2026-08-20,HepatitisB,7.98,22:12:24,2,8,0.0
2026-08-20,HepatitisB,10.49,22:12:54,2,8,35.01
2026-08-20,HepatitisB,14.33,22:13:24,2,8,35.02
2026-08-20,HepatitisB,5.09,22:13:54,2,8,0.0
2026-08-20,HepatitisB,6.39,22:14:24,2,8,0.0
2026-08-20,HepatitisB,2.66,22:14:54,2,8,0.0
2026-08-20,HepatitisB,16.66,22:15:24,2,8,35.07
2026-08-20,HepatitisB,5.13,22:15:54,2,8,0.0
2026-08-20,HepatitisB,14.4,22:16:24,2,8,35.09
2026-08-20,HepatitisB,17.93,22:16:54,2,8,35.1
2026-08-20,HepatitisB,7.15,22:17:24,2,8,0.0
2026-08-20,HepatitisB,14.93,22:17:54,2,8,35.12
2026-08-20,HepatitisB,14.12,22:18:24,2,8,35.13
2026-08-20,HepatitisB,6.91,22:18:54,2,8,0.0
2026-08-20,HepatitisB,17.36,22:19:24,2,8,35.15
2026-08-20,HepatitisB,11.16,22:19:54,2,8,35.16
2026-08-20,HepatitisB,10.86,22:20:24,2,8,35.18
2026-08-20,HepatitisB,10.16,22:20:54,2,8,35.19
2026-08-20,HepatitisB,6.46,22:21:24,2,8,0.0
2026-08-20,HepatitisB,3.05,22:21:54,2,8,0.0
2026-08-20,HepatitisB,13.44,22:22:24,2,8,35.22
2026-08-20,HepatitisB,10.54,22:22:54,2,8,35.23
2026-08-20,HepatitisB,15.52,22:23:24,2,8,35.24
2026-08-20,HepatitisB,14.65,22:23:54,2,8,35.25
2026-08-20,HepatitisB,10.69,22:24:24,2,8,35.26
2026-08-20,HepatitisB,3.89,22:24:54,2,8,0.0
2026-08-20,HepatitisB,14.85,22:25:24,2,8,35.28
2026-08-20,HepatitisB,13.63,22:25:54,2,8,35.3
2026-08-20,HepatitisB,16.64,22:26:24,2,8,35.31
2026-08-20,HepatitisB,7.61,22:26:54,2,8,0.0
2026-08-20,HepatitisB,15.75,22:27:24,2,8,35.33
2026-08-20,HepatitisB,12.43,22:27:54,2,8,35.34
2026-08-20,HepatitisB,5.14,22:28:24,2,8,0.0
2026-08-20,HepatitisB,11.62,22:28:54,2,8,35.36
2026-08-20,HepatitisB,13.25,22:29:24,2,8,35.37
2026-08-20,HepatitisB,4.4,22:29:54,2,8,0.0
2026-08-20,HepatitisB,14.39,22:30:24,2,8,35.39
2026-08-20,HepatitisB,11.4,22:30:54,2,8,35.4
2026-08-20,HepatitisB,10.43,22:31:24,2,8,35.41
2026-08-20,HepatitisB,13.39,22:31:54,2,8,35.43
2026-08-20,HepatitisB,15.73,22:32:24,2,8,35.44
2026-08-20,HepatitisB,12.63,22:32:54,2,8,35.45
2026-08-20,HepatitisB,16.19,22:33:24,2,8,35.46
2026-08-20,HepatitisB,10.9,22:33:54,2,8,35.47
2026-08-20,HepatitisB,4.83,22:34:24,2,8,0.0
2026-08-20,HepatitisB,5.63,22:34:54,2,8,0.0
2026-08-20,HepatitisB,15.1,22:35:24,2,8,35.5
2026-08-20,HepatitisB,14.77,22:35:54,2,8,35.51
2026-08-20,HepatitisB,12.92,22:36:24,2,8,35.52
2026-08-20,HepatitisB,7.9,22:36:54,2,8,0.0
2026-08-20,HepatitisB,13.46,22:37:24,2,8,35.54
2026-08-20,HepatitisB,9.1,22:37:54,2,8,35.55
2026-08-20,HepatitisB,4.54,22:38:24,2,8,0.0
2026-08-20,HepatitisB,13.67,22:38:54,2,8,35.58
2026-08-20,HepatitisB,3.1,22:39:24,2,8,0.0
2026-08-20,HepatitisB,12.77,22:39:54,2,8,35.6
2026-08-20,HepatitisB,4.7,22:40:24,2,8,0.0
2026-08-20,HepatitisB,15.43,22:40:54,2,8,35.62
2026-08-20,HepatitisB,11.63,22:41:24,2,8,35.63
2026-08-20,HepatitisB,14.14,22:41:54,2,8,35.64
2026-08-20,HepatitisB,2.39,22:42:24,2,8,0.0
2026-08-20,HepatitisB,12.26,22:42:54,2,8,35.66
2026-08-20,HepatitisB,7.05,22:43:24,2,8,0.0
2026-08-20,HepatitisB,6.7,22:43:54,2,8,0.0
2026-08-20,HepatitisB,12.96,22:44:24,2,8,35.7
2026-08-20,HepatitisB,11.13,22:44:54,2,8,35.71
2026-08-20,HepatitisB,3.78,22:45:24,2,8,0.0
2026-08-20,HepatitisB,5.37,22:45:54,2,8,0.0
2026-08-20,HepatitisB,15.8,22:46:24,2,8,35.74
2026-08-20,HepatitisB,14.36,22:46:54,2,8,35.75
2026-08-20,HepatitisB,2.13,22:47:24,2,8,0.0
2026-08-20,HepatitisB,13.56,22:47:54,2,8,35.77
2026-08-20,HepatitisB,12.94,22:48:24,2,8,35.78
2026-08-20,HepatitisB,11.13,22:48:54,2,8,35.79
2026-08-20,HepatitisB,5.85,22:49:24,2,8,0.0
2026-08-20,HepatitisB,4.61,22:49:54,2,8,0.0
2026-08-20,HepatitisB,15.63,22:50:24,2,8,35.83
2026-08-20,HepatitisB,16.0,22:50:54,2,8,35.84
2026-08-20,HepatitisB,5.02,22:51:24,2,8,0.0
2026-08-20,HepatitisB,2.55,22:51:54,2,8,0.0
2026-08-20,HepatitisB,9.6,22:52:24,2,8,35.87
2026-08-20,HepatitisB,9.93,22:52:54,2,8,35.88
2026-08-20,HepatitisB,9.95,22:53:24,2,8,35.89
2026-08-20,HepatitisB,7.83,22:53:54,2,8,0.0
2026-08-20,HepatitisB,13.43,22:54:24,2,8,35.91
2026-08-20,HepatitisB,7.93,22:54:54,2,8,0.0
2026-08-20,HepatitisB,9.35,22:55:24,2,8,35.93
2026-08-20,HepatitisB,4.47,22:55:54,2,8,0.0
2026-08-20,HepatitisB,9.47,22:56:24,2,8,35.96
2026-08-20,HepatitisB,2.89,22:56:54,2,8,0.0
2026-08-20,HepatitisB,5.31,22:57:24,2,8,0.0
2026-08-20,HepatitisB,2.65,22:57:54,2,8,0.0
2026-08-20,HepatitisB,17.99,22:58:24,2,8,36.0
2026-08-20,HepatitisB,5.34,22:58:54,2,8,0.0
2026-08-20,HepatitisB,15.09,22:59:24,2,8,36.02
2026-08-20,HepatitisB,5.48,22:59:54,2,8,0.0
2026-08-20,HepatitisB,2.59,23:00:24,2,8,0.0
2026-08-20,HepatitisB,10.78,23:00:54,2,8,36.05
2026-08-20,HepatitisB,13.44,23:01:24,2,8,36.06
2026-08-20,HepatitisB,6.07,23:01:54,2,8,0.0
2026-08-20,HepatitisB,4.3,23:02:24,2,8,0.0
2026-08-20,HepatitisB,3.06,23:02:54,2,8,0.0
2026-08-20,HepatitisB,16.57,23:03:24,2,8,36.11
2026-08-20,HepatitisB,7.88,23:03:54,2,8,0.0
2026-08-20,HepatitisB,17.55,23:04:24,2,8,36.13
2026-08-20,HepatitisB,11.95,23:04:54,2,8,36.14
2026-08-20,HepatitisB,16.15,23:05:24,2,8,36.15
2026-08-20,HepatitisB,11.84,23:05:54,2,8,36.16
2026-08-20,HepatitisB,11.3,23:06:24,2,8,36.17
2026-08-20,HepatitisB,4.53,23:06:54,2,8,0.0
2026-08-20,HepatitisB,7.45,23:07:24,2,8,0.0
2026-08-20,HepatitisB,15.5,23:07:54,2,8,36.21
2026-08-20,HepatitisB,17.91,23:08:24,2,8,36.22
2026-08-20,HepatitisB,15.57,23:08:54,2,8,36.23
2026-08-20,HepatitisB,7.08,23:09:24,2,8,0.0
2026-08-20,HepatitisB,9.24,23:09:54,2,8,36.25
2026-08-20,HepatitisB,16.91,23:10:24,2,8,36.26
2026-08-20,HepatitisB,11.48,23:10:54,2,8,36.27
2026-08-20,HepatitisB,17.31,23:11:24,2,8,36.28
2026-08-20,HepatitisB,9.94,23:11:54,2,8,36.29
2026-08-20,HepatitisB,11.42,23:12:24,2,8,36.3
2026-08-20,HepatitisB,9.68,23:12:54,2,8,36.31
2026-08-20,HepatitisB,14.83,23:13:24,2,8,36.32
2026-08-20,HepatitisB,11.8,23:13:54,2,8,36.34
2026-08-20,HepatitisB,17.19,23:14:24,2,8,36.35
2026-08-20,HepatitisB,10.53,23:14:54,2,8,36.36
2026-08-20,HepatitisB,12.41,23:15:24,2,8,36.37
2026-08-20,HepatitisB,6.13,23:15:54,2,8,0.0
2026-08-20,HepatitisB,10.42,23:16:24,2,8,36.39
2026-08-20,HepatitisB,14.04,23:16:54,2,8,36.4
2026-08-20,HepatitisB,11.95,23:17:24,2,8,36.41
2026-08-20,HepatitisB,15.36,23:17:54,2,8,36.42
2026-08-20,HepatitisB,11.34,23:18:24,2,8,36.43
2026-08-20,HepatitisB,3.28,23:18:54,2,8,0.0
2026-08-20,HepatitisB,4.85,23:19:24,2,8,0.0
2026-08-20,HepatitisB,14.8,23:19:54,2,8,36.47
2026-08-20,HepatitisB,2.51,23:20:24,2,8,0.0
2026-08-20,HepatitisB,16.65,23:20:54,2,8,36.49
2026-08-20,HepatitisB,7.99,23:21:24,2,8,0.0
2026-08-20,HepatitisB,9.26,23:21:54,2,8,36.51
2026-08-20,HepatitisB,16.01,23:22:24,2,8,36.52
2026-08-20,HepatitisB,17.98,23:22:54,2,8,36.53
2026-08-20,HepatitisB,5.14,23:23:24,2,8,0.0
2026-08-20,HepatitisB,15.66,23:23:54,2,8,36.55
2026-08-20,HepatitisB,5.37,23:24:24,2,8,0.0
2026-08-20,HepatitisB,9.33,23:24:54,2,8,36.57
2026-08-20,HepatitisB,15.73,23:25:24,2,8,36.58
2026-08-20,HepatitisB,13.41,23:25:54,2,8,36.59
2026-08-20,HepatitisB,4.94,23:26:24,2,8,0.0
2026-08-20,HepatitisB,3.41,23:26:54,2,8,0.0
2026-08-20,HepatitisB,12.47,23:27:24,2,8,36.63
2026-08-20,HepatitisB,14.23,23:27:54,2,8,36.64
2026-08-20,HepatitisB,16.92,23:28:24,2,8,36.65
2026-08-20,HepatitisB,16.42,23:28:54,2,8,36.66
2026-08-20,HepatitisB,13.8,23:29:24,2,8,36.67
2026-08-20,HepatitisB,5.21,23:29:54,2,8,0.0
2026-08-20,HepatitisB,6.05,23:30:24,2,8,0.0
2026-08-20,HepatitisB,17.71,23:30:54,2,8,36.7
2026-08-20,HepatitisB,16.4,23:31:24,2,8,36.71
2026-08-20,HepatitisB,4.82,23:31:54,2,8,0.0
2026-08-20,HepatitisB,16.98,23:32:24,2,8,36.74
2026-08-20,HepatitisB,11.53,23:32:54,2,8,36.75
2026-08-20,HepatitisB,10.81,23:33:24,2,8,36.76
2026-08-20,HepatitisB,11.2,23:33:54,2,8,36.77
2026-08-20,HepatitisB,9.35,23:34:24,2,8,36.78
2026-08-20,HepatitisB,14.74,23:34:54,2,8,36.79
2026-08-20,HepatitisB,4.44,23:35:24,2,8,0.0
2026-08-20,HepatitisB,9.43,23:35:54,2,8,36.81
2026-08-20,HepatitisB,2.31,23:36:24,2,8,0.0
2026-08-20,HepatitisB,2.77,23:36:54,2,8,0.0
2026-08-20,HepatitisB,10.85,23:37:24,2,8,36.84
2026-08-20,HepatitisB,13.09,23:37:54,2,8,36.86
2026-08-20,HepatitisB,9.9,23:38:24,2,8,36.87
2026-08-20,HepatitisB,12.85,23:38:54,2,8,36.88
2026-08-20,HepatitisB,7.39,23:39:24,2,8,0.0
2026-08-20,HepatitisB,16.82,23:39:54,2,8,36.9
2026-08-20,HepatitisB,10.1,23:40:24,2,8,36.91
2026-08-20,HepatitisB,9.82,23:40:54,2,8,36.92
2026-08-20,HepatitisB,17.02,23:41:24,2,8,36.93
2026-08-20,HepatitisB,4.1,23:41:54,2,8,0.0
2026-08-20,HepatitisB,10.49,23:42:24,2,8,36.95
2026-08-20,HepatitisB,17.37,23:42:54,2,8,36.96
2026-08-20,HepatitisB,13.1,23:43:24,2,8,36.97
2026-08-20,HepatitisB,2.85,23:43:54,2,8,0.0
2026-08-20,HepatitisB,12.96,23:44:24,2,8,37.0
2026-08-20,HepatitisB,12.99,23:44:54,2,8,37.01
2026-08-20,HepatitisB,12.41,23:45:24,2,8,37.02
2026-08-20,HepatitisB,10.53,23:45:54,2,8,37.03
2026-08-20,HepatitisB,17.95,23:46:24,2,8,37.04
2026-08-20,HepatitisB,10.73,23:46:54,2,8,37.05
2026-08-20,HepatitisB,14.07,23:47:24,2,8,37.06
2026-08-20,HepatitisB,6.02,23:47:54,2,8,0.0
2026-08-20,HepatitisB,17.62,23:48:24,2,8,37.08
2026-08-20,HepatitisB,16.15,23:48:54,2,8,37.09
2026-08-20,HepatitisB,11.59,23:49:24,2,8,37.1
2026-08-20,HepatitisB,9.9,23:49:54,2,8,37.12
2026-08-20,HepatitisB,12.65,23:50:24,2,8,37.13
2026-08-20,HepatitisB,6.69,23:50:54,2,8,0.0
2026-08-20,HepatitisB,13.59,23:51:24,2,8,37.15
2026-08-20,HepatitisB,16.05,23:51:54,2,8,37.16
2026-08-20,HepatitisB,11.47,23:52:24,2,8,37.17
2026-08-20,HepatitisB,11.67,23:52:54,2,8,37.18
2026-08-20,HepatitisB,14.62,23:53:24,2,8,37.19
2026-08-20,HepatitisB,12.41,23:53:54,2,8,37.2
2026-08-20,HepatitisB,10.97,23:54:24,2,8,37.21
2026-08-20,HepatitisB,14.3,23:54:54,2,8,37.22
2026-08-20,HepatitisB,7.3,23:55:24,2,8,0.0
2026-08-20,HepatitisB,10.79,23:55:54,2,8,37.24
2026-08-20,HepatitisB,13.98,23:56:24,2,8,37.26
2026-08-20,HepatitisB,11.6,23:56:54,2,8,37.27
2026-08-20,HepatitisB,12.16,23:57:24,2,8,37.28
2026-08-20,HepatitisB,9.14,23:57:54,2,8,37.29
2026-08-20,HepatitisB,7.17,23:58:24,2,8,0.0
2026-08-20,HepatitisB,5.56,23:58:54,2,8,0.0
2026-08-20,HepatitisB,13.56,23:59:24,2,8,37.32
2026-08-20,HepatitisB,11.1,23:59:54,2,8,37.33
2026-08-20,HepatitisB,4.7,00:00:24,2,8,0.0
2026-08-20,HepatitisB,2.35,00:00:54,2,8,0.0
2026-08-20,HepatitisB,17.05,00:01:24,2,8,37.36
2026-08-20,HepatitisB,16.69,00:01:54,2,8,37.38
2026-08-20,HepatitisB,11.6,00:02:24,2,8,37.39
2026-08-20,HepatitisB,10.0,00:02:54,2,8,37.4
2026-08-20,HepatitisB,16.72,00:03:24,2,8,37.41
2026-08-20,HepatitisB,17.18,00:03:54,2,8,37.42
2026-08-20,HepatitisB,6.01,00:04:24,2,8,0.0
2026-08-20,HepatitisB,7.21,00:04:54,2,8,0.0
2026-08-20,HepatitisB,7.39,00:05:24,2,8,0.0
2026-08-20,HepatitisB,10.19,00:05:54,2,8,37.46
2026-08-20,HepatitisB,3.88,00:06:24,2,8,0.0
2026-08-20,HepatitisB,2.97,00:06:54,2,8,0.0
2026-08-20,HepatitisB,7.78,00:07:24,2,8,0.0
2026-08-20,HepatitisB,13.1,00:07:54,2,8,37.51
2026-08-20,HepatitisB,12.35,00:08:24,2,8,37.52
2026-08-20,HepatitisB,15.63,00:08:54,2,8,37.53
2026-08-20,HepatitisB,7.14,00:09:24,2,8,0.0
2026-08-20,HepatitisB,2.28,00:09:54,2,8,0.0
2026-08-20,HepatitisB,6.55,00:10:24,2,8,0.0
2026-08-20,HepatitisB,13.71,00:10:54,2,8,37.57
2026-08-20,HepatitisB,11.92,00:11:24,2,8,37.58
2026-08-20,HepatitisB,6.45,00:11:54,2,8,0.0
2026-08-20,HepatitisB,4.27,00:12:24,2,8,0.0
2026-08-20,HepatitisB,16.14,00:12:54,2,8,37.61
2026-08-20,HepatitisB,16.85,00:13:24,2,8,37.62
2026-08-20,HepatitisB,7.8,00:13:54,2,8,0.0
2026-08-20,HepatitisB,2.91,00:14:24,2,8,0.0
2026-08-20,HepatitisB,3.12,00:14:54,2,8,0.0
2026-08-20,HepatitisB,17.01,00:15:24,2,8,37.67
2026-08-20,HepatitisB,17.9,00:15:54,2,8,37.68
2026-08-20,HepatitisB,5.26,00:16:24,2,8,0.0
2026-08-20,HepatitisB,2.65,00:16:54,2,8,0.0
2026-08-20,HepatitisB,3.71,00:17:24,2,8,0.0
2026-08-20,HepatitisB,3.04,00:17:54,2,8,0.0
2026-08-20,HepatitisB,10.85,00:18:24,2,8,37.73
2026-08-20,HepatitisB,6.8,00:18:54,2,8,0.0
2026-08-20,HepatitisB,3.46,00:19:24,2,8,0.0
2026-08-20,HepatitisB,3.8,00:19:54,2,8,0.0
2026-08-20,HepatitisB,15.67,00:20:24,2,8,37.78
2026-08-20,HepatitisB,7.64,00:20:54,2,8,0.0
2026-08-20,HepatitisB,5.02,00:21:24,2,8,0.0
2026-08-20,HepatitisB,10.0,00:21:54,2,8,37.81
2026-08-20,HepatitisB,6.32,00:22:24,2,8,0.0
2026-08-20,HepatitisB,3.49,00:22:54,2,8,0.0
2026-08-20,HepatitisB,16.95,00:23:24,2,8,37.84
2026-08-20,HepatitisB,3.03,00:23:54,2,8,0.0
2026-08-20,HepatitisB,16.59,00:24:24,2,8,37.86
2026-08-20,HepatitisB,6.1,00:24:54,2,8,0.0
2026-08-20,HepatitisB,17.29,00:25:24,2,8,37.88
2026-08-20,HepatitisB,7.24,00:25:54,2,8,0.0
2026-08-20,HepatitisB,9.93,00:26:24,2,8,37.91
2026-08-20,HepatitisB,9.73,00:26:54,2,8,37.92
2026-08-20,HepatitisB,6.08,00:27:24,2,8,0.0
2026-08-20,HepatitisB,7.26,00:27:54,2,8,0.0
2026-08-20,HepatitisB,13.81,00:28:24,2,8,37.95
2026-08-20,HepatitisB,7.3,00:28:54,2,8,0.0
2026-08-20,HepatitisB,12.21,00:29:24,2,8,37.97
2026-08-20,HepatitisB,9.43,00:29:54,2,8,37.98
2026-08-20,HepatitisB,10.01,00:30:24,2,8,37.99
2026-08-20,HepatitisB,6.02,00:30:54,2,8,0.0
2026-08-20,HepatitisB,3.81,00:31:24,2,8,0.0
2026-08-20,HepatitisB,11.25,00:31:54,2,8,38.02
2026-08-20,HepatitisB,11.55,00:32:24,2,8,38.04
2026-08-20,HepatitisB,4.5,00:32:54,2,8,0.0
2026-08-20,HepatitisB,7.56,00:33:24,2,8,0.0
2026-08-20,HepatitisB,17.37,00:33:54,2,8,38.07
2026-08-20,HepatitisB,14.75,00:34:24,2,8,38.08
2026-08-20,HepatitisB,16.47,00:34:54,2,8,38.09
2026-08-20,HepatitisB,14.46,00:35:24,2,8,38.1
2026-08-20,HepatitisB,5.13,00:35:54,2,8,0.0
2026-08-20,HepatitisB,5.09,00:36:24,2,8,0.0
2026-08-20,HepatitisB,16.29,00:36:54,2,8,38.13
2026-08-20,HepatitisB,14.4,00:37:24,2,8,38.14
2026-08-20,HepatitisB,12.6,00:37:54,2,8,38.16
2026-08-20,HepatitisB,6.43,00:38:24,2,8,0.0
2026-08-20,HepatitisB,4.08,00:38:54,2,8,0.0
2026-08-20,HepatitisB,15.89,00:39:24,2,8,38.19
2026-08-20,HepatitisB,16.82,00:39:54,2,8,38.2
2026-08-20,HepatitisB,15.09,00:40:24,2,8,38.21
2026-08-20,HepatitisB,16.94,00:40:54,2,8,38.22
2026-08-20,HepatitisB,9.65,00:41:24,2,8,38.23
2026-08-20,HepatitisB,13.28,00:41:54,2,8,38.24
2026-08-20,HepatitisB,2.09,00:42:24,2,8,0.0
2026-08-20,HepatitisB,7.72,00:42:54,2,8,0.0
2026-08-20,HepatitisB,5.91,00:43:24,2,8,0.0
2026-08-20,HepatitisB,16.74,00:43:54,2,8,38.29
2026-08-20,HepatitisB,5.79,00:44:24,2,8,0.0
2026-08-20,HepatitisB,2.42,00:44:54,2,8,0.0
2026-08-20,HepatitisB,17.1,00:45:24,2,8,38.32
2026-08-20,HepatitisB,13.48,00:45:54,2,8,38.33
2026-08-20,HepatitisB,12.76,00:46:24,2,8,38.34
2026-08-20,HepatitisB,12.47,00:46:54,2,8,38.35
2026-08-20,HepatitisB,16.86,00:47:24,2,8,38.36
2026-08-20,HepatitisB,2.62,00:47:54,2,8,0.0
2026-08-20,HepatitisB,4.68,00:48:24,2,8,0.0
2026-08-20,HepatitisB,9.61,00:48:54,2,8,38.39
2026-08-20,HepatitisB,12.51,00:49:24,2,8,38.4
2026-08-20,HepatitisB,12.86,00:49:54,2,8,38.41
2026-08-20,HepatitisB,10.65,00:50:24,2,8,38.43
2026-08-20,HepatitisB,3.19,00:50:54,2,8,0.0
2026-08-20,HepatitisB,9.54,00:51:24,2,8,38.45
2026-08-20,HepatitisB,2.81,00:51:54,2,8,0.0
2026-08-20,HepatitisB,6.69,00:52:24,2,8,0.0
2026-08-20,HepatitisB,11.93,00:52:54,2,8,38.48
2026-08-20,HepatitisB,7.54,00:53:24,2,8,0.0
2026-08-20,HepatitisB,13.39,00:53:54,2,8,38.5
2026-08-20,HepatitisB,2.77,00:54:24,2,8,0.0
2026-08-20,HepatitisB,4.19,00:54:54,2,8,0.0
2026-08-20,HepatitisB,13.56,00:55:24,2,8,38.53
2026-08-20,HepatitisB,12.18,00:55:54,2,8,38.55
2026-08-20,HepatitisB,17.71,00:56:24,2,8,38.56
2026-08-20,HepatitisB,3.8,00:56:54,2,8,0.0
2026-08-20,HepatitisB,5.25,00:57:24,2,8,0.0
2026-08-20,HepatitisB,3.89,00:57:54,2,8,0.0
2026-08-20,HepatitisB,16.45,00:58:24,2,8,38.6
2026-08-20,HepatitisB,10.31,00:58:54,2,8,38.61
2026-08-20,HepatitisB,15.32,00:59:24,2,8,38.62
2026-08-20,HepatitisB,9.19,00:59:54,2,8,38.63
2026-08-20,HepatitisB,4.81,01:00:24,2,8,0.0
2026-08-20,HepatitisB,6.56,01:00:54,2,8,0.0
2026-08-20,HepatitisB,2.91,01:01:24,2,8,0.0
2026-08-20,HepatitisB,11.24,01:01:54,2,8,38.68
2026-08-20,HepatitisB,16.88,01:02:24,2,8,38.69
2026-08-20,HepatitisB,11.64,01:02:54,2,8,38.7
2026-08-20,HepatitisB,15.73,01:03:24,2,8,38.71
2026-08-20,HepatitisB,15.6,01:03:54,2,8,38.72
2026-08-20,HepatitisB,4.71,01:04:24,2,8,0.0
2026-08-20,HepatitisB,12.8,01:04:54,2,8,38.74
2026-08-20,HepatitisB,16.67,01:05:24,2,8,38.75
2026-08-20,HepatitisB,7.61,01:05:54,2,8,0.0
2026-08-20,HepatitisB,5.47,01:06:24,2,8,0.0
2026-08-20,HepatitisB,17.29,01:06:54,2,8,38.78
2026-08-20,HepatitisB,3.35,01:07:24,2,8,0.0
2026-08-20,HepatitisB,6.22,01:07:54,2,8,0.0
2026-08-20,HepatitisB,6.74,01:08:24,2,8,0.0
2026-08-20,HepatitisB,12.24,01:08:54,2,8,38.83
2026-08-20,HepatitisB,6.47,01:09:24,2,8,0.0
2026-08-20,HepatitisB,12.14,01:09:54,2,8,38.85
2026-08-20,HepatitisB,3.0,01:10:24,2,8,0.0
2026-08-20,HepatitisB,17.82,01:10:54,2,8,38.87
2026-08-20,HepatitisB,3.67,01:11:24,2,8,0.0
2026-08-20,HepatitisB,7.54,01:11:54,2,8,0.0
2026-08-20,HepatitisB,14.32,01:12:24,2,8,38.9
2026-08-20,HepatitisB,12.03,01:12:54,2,8,38.91
2026-08-20,HepatitisB,16.09,01:13:24,2,8,38.92
2026-08-20,HepatitisB,13.66,01:13:54,2,8,38.94
2026-08-20,HepatitisB,16.46,01:14:24,2,8,38.95
2026-08-20,HepatitisB,14.63,01:14:54,2,8,38.96
2026-08-20,HepatitisB,2.01,01:15:24,2,8,0.0
2026-08-20,HepatitisB,10.35,01:15:54,2,8,38.98
2026-08-20,HepatitisB,2.88,01:16:24,2,8,0.0
2026-08-20,HepatitisB,15.69,01:16:54,2,8,39.0
2026-08-20,HepatitisB,11.88,01:17:24,2,8,39.01
2026-08-20,HepatitisB,7.42,01:17:54,2,8,0.0
2026-08-20,HepatitisB,2.06,01:18:24,2,8,0.0
2026-08-20,HepatitisB,7.81,01:18:54,2,8,0.0
2026-08-20,HepatitisB,14.26,01:19:24,2,8,39.05
2026-08-20,HepatitisB,7.26,01:19:54,2,8,0.0
2026-08-20,HepatitisB,13.04,01:20:24,2,8,39.08
2026-08-20,HepatitisB,16.28,01:20:54,2,8,39.09
2026-08-20,HepatitisB,16.68,01:21:24,2,8,39.1
2026-08-20,HepatitisB,3.54,01:21:54,2,8,0.0
2026-08-20,HepatitisB,17.71,01:22:24,2,8,39.12
2026-08-20,HepatitisB,3.63,01:22:54,2,8,0.0
2026-08-20,HepatitisB,16.83,01:23:24,2,8,39.14
2026-08-20,HepatitisB,16.12,01:23:54,2,8,39.15
2026-08-20,HepatitisB,9.41,01:24:24,2,8,39.16
2026-08-20,HepatitisB,11.16,01:24:54,2,8,39.17
2026-08-20,HepatitisB,4.18,01:25:24,2,8,0.0
2026-08-20,HepatitisB,11.46,01:25:54,2,8,39.2
2026-08-20,HepatitisB,9.28,01:26:24,2,8,39.21
2026-08-20,HepatitisB,2.15,01:26:54,2,8,0.0
2026-08-20,HepatitisB,14.28,01:27:24,2,8,39.23
2026-08-20,HepatitisB,6.33,01:27:54,2,8,0.0
2026-08-20,HepatitisB,13.93,01:28:24,2,8,39.25
2026-08-20,HepatitisB,17.51,01:28:54,2,8,39.26
2026-08-20,HepatitisB,2.38,01:29:24,2,8,0.0
2026-08-20,HepatitisB,13.54,01:29:54,2,8,39.28
2026-08-20,HepatitisB,2.78,01:30:24,2,8,0.0
2026-08-20,HepatitisB,6.31,01:30:54,2,8,0.0
2026-08-20,HepatitisB,11.27,01:31:24,2,8,39.31
2026-08-20,HepatitisB,5.98,01:31:54,2,8,0.0
2026-08-20,HepatitisB,16.07,01:32:24,2,8,39.34
2026-08-20,HepatitisB,10.95,01:32:54,2,8,39.35
2026-08-20,HepatitisB,9.34,01:33:24,2,8,39.36
2026-08-20,HepatitisB,11.7,01:33:54,2,8,39.37
2026-08-20,HepatitisB,10.3,01:34:24,2,8,39.38
2026-08-20,HepatitisB,15.0,01:34:54,2,8,39.39
2026-08-20,HepatitisB,5.8,01:35:24,2,8,0.0
2026-08-20,HepatitisB,16.57,01:35:54,2,8,39.41
2026-08-20,HepatitisB,7.31,01:36:24,2,8,0.0
2026-08-20,HepatitisB,17.5,01:36:54,2,8,39.43
2026-08-20,HepatitisB,3.15,01:37:24,2,8,0.0
2026-08-20,HepatitisB,11.11,01:37:54,2,8,39.46
2026-08-20,HepatitisB,14.48,01:38:24,2,8,39.47
2026-08-20,HepatitisB,11.41,01:38:54,2,8,39.48
2026-08-20,HepatitisB,6.58,01:39:24,2,8,0.0
2026-08-20,HepatitisB,11.07,01:39:54,2,8,39.5
2026-08-20,HepatitisB,11.24,01:40:24,2,8,39.51
2026-08-20,HepatitisB,5.4,01:40:54,2,8,0.0
2026-08-20,HepatitisB,15.57,01:41:24,2,8,39.53
2026-08-20,HepatitisB,9.55,01:41:54,2,8,39.54
2026-08-20,HepatitisB,9.94,01:42:24,2,8,39.55
2026-08-20,HepatitisB,14.89,01:42:54,2,8,39.56
2026-08-20,HepatitisB,9.12,01:43:24,2,8,39.57
2026-08-20,HepatitisB,7.93,01:43:54,2,8,0.0
2026-08-20,HepatitisB,17.83,01:44:24,2,8,39.6
2026-08-20,HepatitisB,11.43,01:44:54,2,8,39.61
2026-08-20,HepatitisB,5.65,01:45:24,2,8,0.0
2026-08-20,HepatitisB,11.18,01:45:54,2,8,39.63
2026-08-20,HepatitisB,9.25,01:46:24,2,8,39.64
2026-08-20,HepatitisB,7.45,01:46:54,2,8,0.0
2026-08-20,HepatitisB,9.81,01:47:24,2,8,39.66
2026-08-20,HepatitisB,4.2,01:47:54,2,8,0.0
2026-08-20,HepatitisB,9.21,01:48:24,2,8,39.68
2026-08-20,HepatitisB,17.23,01:48:54,2,8,39.69
2026-08-20,HepatitisB,14.63,01:49:24,2,8,39.7
2026-08-20,HepatitisB,5.84,01:49:54,2,8,0.0
2026-08-20,HepatitisB,12.07,01:50:24,2,8,39.73
2026-08-20,HepatitisB,14.38,01:50:54,2,8,39.74
2026-08-20,HepatitisB,17.09,01:51:24,2,8,39.75
2026-08-20,HepatitisB,14.4,01:51:54,2,8,39.76
2026-08-20,HepatitisB,10.9,01:52:24,2,8,39.77
2026-08-20,HepatitisB,14.15,01:52:54,2,8,39.78
2026-08-20,HepatitisB,6.47,01:53:24,2,8,0.0
2026-08-20,HepatitisB,17.46,01:53:54,2,8,39.8
2026-08-20,HepatitisB,15.46,01:54:24,2,8,39.81
2026-08-20,HepatitisB,4.43,01:54:54,2,8,0.0
2026-08-20,HepatitisB,5.54,01:55:24,2,8,0.0
2026-08-20,HepatitisB,6.45,01:55:54,2,8,0.0
2026-08-20,HepatitisB,6.29,01:56:24,2,8,0.0
2026-08-20,HepatitisB,9.94,01:56:54,2,8,39.87
2026-08-20,HepatitisB,14.41,01:57:24,2,8,39.88
2026-08-20,HepatitisB,14.44,01:57:54,2,8,39.89
2026-08-20,HepatitisB,13.08,01:58:24,2,8,39.9
2026-08-20,HepatitisB,14.67,01:58:54,2,8,39.91
2026-08-20,HepatitisB,4.19,01:59:24,2,8,0.0
2026-08-20,HepatitisB,14.33,01:59:54,2,8,39.93
2026-08-20,HepatitisB,15.49,02:00:24,2,8,39.94
2026-08-20,HepatitisB,4.8,02:00:54,2,8,0.0
2026-08-20,HepatitisB,15.97,02:01:24,2,8,39.96
2026-08-20,HepatitisB,13.57,02:01:54,2,8,39.98
2026-08-20,HepatitisB,10.01,02:02:24,2,8,39.99
2026-08-20,HepatitisB,6.93,02:02:54,2,8,0.0
2026-08-20,HepatitisB,17.27,02:03:24,2,8,40.01
2026-08-20,HepatitisB,2.12,02:03:54,2,8,0.0
2026-08-20,HepatitisB,16.45,02:04:24,2,8,40.03
2026-08-20,HepatitisB,10.55,02:04:54,2,8,40.04
2026-08-20,HepatitisB,6.88,02:05:24,2,8,0.0
2026-08-20,HepatitisB,10.98,02:05:54,2,8,40.06
2026-08-20,HepatitisB,15.25,02:06:24,2,8,40.07
2026-08-20,HepatitisB,14.56,02:06:54,2,8,40.08
2026-08-20,HepatitisB,17.62,02:07:24,2,8,40.09
2026-08-20,HepatitisB,11.64,02:07:54,2,8,40.11
2026-08-20,HepatitisB,4.38,02:08:24,2,8,0.0
2026-08-20,HepatitisB,10.98,02:08:54,2,8,40.13
2026-08-20,HepatitisB,12.84,02:09:24,2,8,40.14
2026-08-20,HepatitisB,2.74,02:09:54,2,8,0.0
2026-08-20,HepatitisB,16.64,02:10:24,2,8,40.16
2026-08-20,HepatitisB,16.48,02:10:54,2,8,40.17
2026-08-20,HepatitisB,6.67,02:11:24,2,8,0.0
2026-08-20,HepatitisB,5.27,02:11:54,2,8,0.0
2026-08-20,HepatitisB,16.38,02:12:24,2,8,40.2
2026-08-20,HepatitisB,2.82,02:12:54,2,8,0.0
2026-08-20,HepatitisB,12.63,02:13:24,2,8,40.22
2026-08-20,HepatitisB,4.23,02:13:54,2,8,0.0
2026-08-20,HepatitisB,11.94,02:14:24,2,8,40.25
2026-08-20,HepatitisB,7.6,02:14:54,2,8,0.0
2026-08-20,HepatitisB,16.56,02:15:24,2,8,40.27
2026-08-20,HepatitisB,10.43,02:15:54,2,8,40.28
2026-08-20,HepatitisB,15.07,02:16:24,2,8,40.29
2026-08-20,HepatitisB,4.36,02:16:54,2,8,0.0
2026-08-20,HepatitisB,15.13,02:17:24,2,8,40.31
2026-08-20,HepatitisB,9.83,02:17:54,2,8,40.32
2026-08-20,HepatitisB,16.86,02:18:24,2,8,40.33
2026-08-20,HepatitisB,10.7,02:18:54,2,8,40.34
2026-08-20,HepatitisB,12.49,02:19:24,2,8,40.35
2026-08-20,HepatitisB,7.49,02:19:54,2,8,0.0
2026-08-20,HepatitisB,2.44,02:20:24,2,8,0.0
2026-08-20,HepatitisB,15.46,02:20:54,2,8,40.39
2026-08-20,HepatitisB,10.72,02:21:24,2,8,40.4
2026-08-20,HepatitisB,11.76,02:21:54,2,8,40.41
2026-08-20,HepatitisB,6.72,02:22:24,2,8,0.0
2026-08-20,HepatitisB,2.43,02:22:54,2,8,0.0
2026-08-20,HepatitisB,6.21,02:23:24,2,8,0.0
2026-08-20,HepatitisB,13.71,02:23:54,2,8,40.45
2026-08-20,HepatitisB,12.39,02:24:24,2,8,40.46
2026-08-20,HepatitisB,7.78,02:24:54,2,8,0.0
2026-08-20,HepatitisB,17.01,02:25:24,2,8,40.48
2026-08-20,HepatitisB,10.18,02:25:54,2,8,40.49
2026-08-20,HepatitisB,11.49,02:26:24,2,8,40.51
2026-08-20,HepatitisB,9.33,02:26:54,2,8,40.52
2026-08-20,HepatitisB,17.96,02:27:24,2,8,40.53
2026-08-20,HepatitisB,2.99,02:27:54,2,8,0.0
2026-08-20,HepatitisB,12.95,02:28:24,2,8,40.55
2026-08-20,HepatitisB,6.23,02:28:54,2,8,0.0
2026-08-20,HepatitisB,14.12,02:29:24,2,8,40.57
2026-08-20,HepatitisB,11.6,02:29:54,2,8,40.58
2026-08-20,HepatitisB,17.21,02:30:24,2,8,40.59
2026-08-20,HepatitisB,15.96,02:30:54,2,8,40.6
2026-08-20,HepatitisB,9.2,02:31:24,2,8,40.61
2026-08-20,HepatitisB,13.0,02:31:54,2,8,40.62
2026-08-20,HepatitisB,13.2,02:32:24,2,8,40.64
2026-08-20,HepatitisB,6.45,02:32:54,2,8,0.0
2026-08-20,HepatitisB,16.04,02:33:24,2,8,40.66
2026-08-20,HepatitisB,12.78,02:33:54,2,8,40.67
2026-08-20,HepatitisB,5.58,02:34:24,2,8,0.0
2026-08-20,HepatitisB,13.28,02:34:54,2,8,40.69
2026-08-20,HepatitisB,17.66,02:35:24,2,8,40.7
2026-08-20,HepatitisB,15.21,02:35:54,2,8,40.71
2026-08-20,HepatitisB,11.82,02:36:24,2,8,40.72
2026-08-20,HepatitisB,6.81,02:36:54,2,8,0.0
2026-08-20,HepatitisB,14.15,02:37:24,2,8,40.74
2026-08-20,HepatitisB,10.67,02:37:54,2,8,40.76
2026-08-20,HepatitisB,13.31,02:38:24,2,8,40.77
2026-08-20,HepatitisB,7.56,02:38:54,2,8,0.0
2026-08-20,HepatitisB,13.48,02:39:24,2,8,40.79
2026-08-20,HepatitisB,5.12,02:39:54,2,8,0.0
2026-08-20,HepatitisB,16.03,02:40:24,2,8,40.81
2026-08-20,HepatitisB,15.28,02:40:54,2,8,40.82
2026-08-20,HepatitisB,7.29,02:41:24,2,8,0.0
2026-08-20,HepatitisB,7.31,02:41:54,2,8,0.0
2026-08-20,HepatitisB,5.28,02:42:24,2,8,0.0
2026-08-20,HepatitisB,17.96,02:42:54,2,8,40.86
2026-08-20,HepatitisB,6.41,02:43:24,2,8,0.0
2026-08-20,HepatitisB,16.82,02:43:54,2,8,40.88
2026-08-20,HepatitisB,10.23,02:44:24,2,8,40.9
2026-08-20,HepatitisB,6.47,02:44:54,2,8,0.0
2026-08-20,HepatitisB,14.61,02:45:24,2,8,40.92
2026-08-20,HepatitisB,11.98,02:45:54,2,8,40.93
2026-08-20,HepatitisB,5.27,02:46:24,2,8,0.0
2026-08-20,HepatitisB,11.48,02:46:54,2,8,40.95
2026-08-20,HepatitisB,5.88,02:47:24,2,8,0.0
2026-08-20,HepatitisB,11.72,02:47:54,2,8,40.97
2026-08-20,HepatitisB,13.62,02:48:24,2,8,40.98
2026-08-20,HepatitisB,17.55,02:48:54,2,8,40.99
2026-08-20,HepatitisB,12.39,02:49:24,2,8,41.0
2026-08-20,HepatitisB,16.37,02:49:54,2,8,41.02
2026-08-20,HepatitisB,13.19,02:50:24,2,8,41.03
2026-08-20,HepatitisB,10.63,02:50:54,2,8,41.04
2026-08-20,HepatitisB,9.91,02:51:24,2,8,41.05
2026-08-20,HepatitisB,9.71,02:51:54,2,8,41.06
2026-08-20,HepatitisB,17.35,02:52:24,2,8,41.07
2026-08-20,HepatitisB,11.31,02:52:54,2,8,41.08
2026-08-20,HepatitisB,15.22,02:53:24,2,8,41.09
2026-08-20,HepatitisB,16.7,02:53:54,2,8,41.1
2026-08-20,HepatitisB,12.39,02:54:24,2,8,41.11
2026-08-20,HepatitisB,9.54,02:54:54,2,8,41.12
2026-08-20,HepatitisB,6.48,02:55:24,2,8,0.0
2026-08-20,HepatitisB,14.79,02:55:54,2,8,41.14
2026-08-20,HepatitisB,6.85,02:56:24,2,8,0.0
2026-08-20,HepatitisB,10.02,02:56:54,2,8,41.17
2026-08-20,HepatitisB,14.28,02:57:24,2,8,41.18
2026-08-20,HepatitisB,4.47,02:57:54,2,8,0.0
2026-08-20,HepatitisB,6.5,02:58:24,2,8,0.0
2026-08-20,HepatitisB,15.9,02:58:54,2,8,41.21
2026-08-20,HepatitisB,5.58,02:59:24,2,8,0.0
2026-08-20,HepatitisB,4.04,02:59:54,2,8,0.0
2026-08-20,HepatitisB,14.62,03:00:24,2,8,41.24
2026-08-20,HepatitisB,12.13,03:00:54,2,8,41.25
2026-08-20,HepatitisB,3.14,03:01:24,2,8,0.0
2026-08-20,HepatitisB,4.97,03:01:54,2,8,0.0
2026-08-20,HepatitisB,9.75,03:02:24,2,8,41.29
2026-08-20,HepatitisB,16.28,03:02:54,2,8,41.3
2026-08-20,HepatitisB,10.13,03:03:24,2,8,41.31
2026-08-20,HepatitisB,14.57,03:03:54,2,8,41.32
2026-08-20,HepatitisB,17.39,03:04:24,2,8,41.33
2026-08-20,HepatitisB,16.79,03:04:54,2,8,41.34
2026-08-20,HepatitisB,7.3,03:05:24,2,8,0.0
2026-08-20,HepatitisB,7.77,03:05:54,2,8,0.0
2026-08-20,HepatitisB,7.69,03:06:24,2,8,0.0
2026-08-20,HepatitisB,6.93,03:06:54,2,8,0.0
2026-08-20,HepatitisB,2.81,03:07:24,2,8,0.0
2026-08-20,HepatitisB,14.91,03:07:54,2,8,41.41
2026-08-20,HepatitisB,10.6,03:08:24,2,8,41.42
2026-08-20,HepatitisB,13.36,03:08:54,2,8,41.43
2026-08-20,HepatitisB,4.81,03:09:24,2,8,0.0
2026-08-20,HepatitisB,2.3,03:09:54,2,8,0.0
2026-08-20,HepatitisB,4.13,03:10:24,2,8,0.0
2026-08-20,HepatitisB,14.16,03:10:54,2,8,41.47
2026-08-20,HepatitisB,2.86,03:11:24,2,8,0.0
2026-08-20,HepatitisB,7.92,03:11:54,2,8,0.0
2026-08-20,HepatitisB,5.14,03:12:24,2,8,0.0
2026-08-20,HepatitisB,5.37,03:12:54,2,8,0.0
2026-08-20,HepatitisB,6.9,03:13:24,2,8,0.0
2026-08-20,HepatitisB,16.98,03:13:54,2,8,41.54
2026-08-20,HepatitisB,13.5,03:14:24,2,8,41.55
2026-08-20,HepatitisB,6.28,03:14:54,2,8,0.0
2026-08-20,HepatitisB,10.37,03:15:24,2,8,41.57
2026-08-20,HepatitisB,12.88,03:15:54,2,8,41.58
2026-08-20,HepatitisB,15.08,03:16:24,2,8,41.59
2026-08-20,HepatitisB,11.33,03:16:54,2,8,41.6
2026-08-20,HepatitisB,5.43,03:17:24,2,8,0.0
2026-08-20,HepatitisB,17.68,03:17:54,2,8,41.62
2026-08-20,HepatitisB,17.2,03:18:24,2,8,41.63
2026-08-20,HepatitisB,17.35,03:18:54,2,8,41.64
2026-08-20,HepatitisB,6.45,03:19:24,2,8,0.0
2026-08-20,HepatitisB,15.58,03:19:54,2,8,41.66
2026-08-20,HepatitisB,10.12,03:20:24,2,8,41.68
2026-08-20,HepatitisB,13.14,03:20:54,2,8,41.69
2026-08-20,HepatitisB,13.17,03:21:24,2,8,41.7
2026-08-20,HepatitisB,17.25,03:21:54,2,8,41.71
2026-08-20,HepatitisB,6.43,03:22:24,2,8,0.0
2026-08-20,HepatitisB,10.83,03:22:54,2,8,41.73
2026-08-20,HepatitisB,2.76,03:23:24,2,8,0.0
2026-08-20,HepatitisB,13.83,03:23:54,2,8,41.75
2026-08-20,HepatitisB,17.93,03:24:24,2,8,41.76
2026-08-20,HepatitisB,4.78,03:24:54,2,8,0.0
2026-08-20,HepatitisB,15.49,03:25:24,2,8,41.78
2026-08-20,HepatitisB,11.23,03:25:54,2,8,41.8
2026-08-20,HepatitisB,6.75,03:26:24,2,8,0.0
2026-08-20,HepatitisB,4.32,03:26:54,2,8,0.0
2026-08-20,HepatitisB,4.96,03:27:24,2,8,0.0
2026-08-20,HepatitisB,10.53,03:27:54,2,8,41.84
2026-08-20,HepatitisB,6.93,03:28:24,2,8,0.0
2026-08-20,HepatitisB,4.39,03:28:54,2,8,0.0
2026-08-20,HepatitisB,7.32,03:29:24,2,8,0.0
2026-08-20,HepatitisB,13.11,03:29:54,2,8,41.88
2026-08-20,HepatitisB,14.04,03:30:24,2,8,41.89
2026-08-20,HepatitisB,17.73,03:30:54,2,8,41.9
2026-08-20,HepatitisB,2.34,03:31:24,2,8,0.0
2026-08-20,HepatitisB,13.18,03:31:54,2,8,41.93
2026-08-20,HepatitisB,2.92,03:32:24,2,8,0.0
2026-08-20,HepatitisB,5.77,03:32:54,2,8,0.0
2026-08-20,HepatitisB,16.6,03:33:24,2,8,41.96
2026-08-20,HepatitisB,2.61,03:33:54,2,8,0.0
2026-08-20,HepatitisB,15.52,03:34:24,2,8,41.98
2026-08-20,HepatitisB,16.62,03:34:54,2,8,41.99
2026-08-20,HepatitisB,2.27,03:35:24,2,8,0.0
2026-08-20,HepatitisB,16.77,03:35:54,2,8,42.01
2026-08-20,HepatitisB,7.97,03:36:24,2,8,0.0
2026-08-20,HepatitisB,12.03,03:36:54,2,8,42.03
2026-08-20,HepatitisB,13.69,03:37:24,2,8,42.04
2026-08-20,HepatitisB,17.84,03:37:54,2,8,42.06
2026-08-20,HepatitisB,10.63,03:38:24,2,8,42.07
2026-08-20,HepatitisB,12.49,03:38:54,2,8,42.08
2026-08-20,HepatitisB,12.8,03:39:24,2,8,42.09
2026-08-20,HepatitisB,14.64,03:39:54,2,8,42.1
2026-08-20,HepatitisB,11.6,03:40:24,2,8,42.11
2026-08-20,HepatitisB,4.11,03:40:54,2,8,0.0
2026-08-20,HepatitisB,11.19,03:41:24,2,8,42.13
2026-08-20,HepatitisB,6.4,03:41:54,2,8,0.0
2026-08-20,HepatitisB,10.77,03:42:24,2,8,42.15
2026-08-20,HepatitisB,4.25,03:42:54,2,8,0.0
2026-08-20,HepatitisB,9.47,03:43:24,2,8,42.17
2026-08-20,HepatitisB,14.88,03:43:54,2,8,42.19
2026-08-20,HepatitisB,12.68,03:44:24,2,8,42.2
2026-08-20,HepatitisB,13.78,03:44:54,2,8,42.21
2026-08-20,HepatitisB,5.97,03:45:24,2,8,0.0
2026-08-20,HepatitisB,11.43,03:45:54,2,8,42.23
2026-08-20,HepatitisB,2.99,03:46:24,2,8,0.0
2026-08-20,HepatitisB,14.51,03:46:54,2,8,42.25
2026-08-20,HepatitisB,2.7,03:47:24,2,8,0.0
2026-08-20,HepatitisB,2.54,03:47:54,2,8,0.0
2026-08-20,HepatitisB,10.76,03:48:24,2,8,42.28
2026-08-20,HepatitisB,14.11,03:48:54,2,8,42.29
2026-08-20,HepatitisB,13.82,03:49:24,2,8,42.3
2026-08-20,HepatitisB,15.34,03:49:54,2,8,42.31
2026-08-20,HepatitisB,9.88,03:50:24,2,8,42.33
2026-08-20,HepatitisB,11.96,03:50:54,2,8,42.34
2026-08-20,HepatitisB,6.31,03:51:24,2,8,0.0
2026-08-20,HepatitisB,17.96,03:51:54,2,8,42.36
2026-08-20,HepatitisB,10.66,03:52:24,2,8,42.37
2026-08-20,HepatitisB,11.46,03:52:54,2,8,42.38
2026-08-20,HepatitisB,15.33,03:53:24,2,8,42.39
2026-08-20,HepatitisB,7.12,03:53:54,2,8,0.0
2026-08-20,HepatitisB,13.87,03:54:24,2,8,42.41
2026-08-20,HepatitisB,17.39,03:54:54,2,8,42.42
2026-08-20,HepatitisB,12.35,03:55:24,2,8,42.43
2026-08-20,HepatitisB,9.81,03:55:54,2,8,42.45
2026-08-20,HepatitisB,10.72,03:56:24,2,8,42.46
2026-08-20,HepatitisB,4.76,03:56:54,2,8,0.0
2026-08-20,HepatitisB,2.23,03:57:24,2,8,0.0
2026-08-20,HepatitisB,12.05,03:57:54,2,8,42.49
2026-08-20,HepatitisB,4.75,03:58:24,2,8,0.0
2026-08-20,HepatitisB,15.23,03:58:54,2,8,42.51
2026-08-20,HepatitisB,2.8,03:59:24,2,8,0.0
2026-08-20,HepatitisB,6.32,03:59:54,2,8,0.0
2026-08-20,HepatitisB,11.54,04:00:24,2,8,42.54
2026-08-20,HepatitisB,14.35,04:00:54,2,8,42.55
2026-08-20,HepatitisB,14.93,04:01:24,2,8,42.56
2026-08-20,HepatitisB,16.57,04:01:54,2,8,42.58
2026-08-20,HepatitisB,4.38,04:02:24,2,8,0.0
2026-08-20,HepatitisB,2.4,04:02:54,2,8,0.0
2026-08-20,HepatitisB,12.25,04:03:24,2,8,42.61
2026-08-20,HepatitisB,7.61,04:03:54,2,8,0.0
2026-08-20,HepatitisB,13.48,04:04:24,2,8,42.63
2026-08-20,HepatitisB,11.15,04:04:54,2,8,42.64
2026-08-20,HepatitisB,4.7,04:05:24,2,8,0.0
2026-08-20,HepatitisB,4.35,04:05:54,2,8,0.0
2026-08-20,HepatitisB,3.88,04:06:24,2,8,0.0
2026-08-20,HepatitisB,5.94,04:06:54,2,8,0.0
2026-08-20,HepatitisB,14.47,04:07:24,2,8,42.69
2026-08-20,HepatitisB,15.84,04:07:54,2,8,42.71
2026-08-20,HepatitisB,6.94,04:08:24,2,8,0.0
2026-08-20,HepatitisB,2.49,04:08:54,2,8,0.0
2026-08-20,HepatitisB,15.04,04:09:24,2,8,42.74
2026-08-20,HepatitisB,10.45,04:09:54,2,8,42.75
2026-08-20,HepatitisB,15.28,04:10:24,2,8,42.76
2026-08-20,HepatitisB,5.35,04:10:54,2,8,0.0
2026-08-20,HepatitisB,14.83,04:11:24,2,8,42.78
2026-08-20,HepatitisB,17.58,04:11:54,2,8,42.79
2026-08-20,HepatitisB,15.23,04:12:24,2,8,42.8
2026-08-20,HepatitisB,12.52,04:12:54,2,8,42.81
2026-08-20,HepatitisB,4.74,04:13:24,2,8,0.0
2026-08-20,HepatitisB,10.22,04:13:54,2,8,42.84
2026-08-20,HepatitisB,13.06,04:14:24,2,8,42.85
2026-08-20,HepatitisB,5.56,04:14:54,2,8,0.0
2026-08-20,HepatitisB,12.38,04:15:24,2,8,42.87
2026-08-20,HepatitisB,3.01,04:15:54,2,8,0.0
2026-08-20,HepatitisB,9.49,04:16:24,2,8,42.89
2026-08-20,HepatitisB,3.12,04:16:54,2,8,0.0
2026-08-20,HepatitisB,17.8,04:17:24,2,8,42.91
2026-08-20,HepatitisB,9.98,04:17:54,2,8,42.92
2026-08-20,HepatitisB,5.62,04:18:24,2,8,0.0
2026-08-20,HepatitisB,9.5,04:18:54,2,8,42.94
2026-08-20,HepatitisB,16.99,04:19:24,2,8,42.95
2026-08-20,HepatitisB,17.65,04:19:54,2,8,42.96
2026-08-20,HepatitisB,16.51,04:20:24,2,8,42.98
2026-08-20,HepatitisB,12.43,04:20:54,2,8,42.99
2026-08-20,HepatitisB,17.98,04:21:24,2,8,43.0
2026-08-20,HepatitisB,5.72,04:21:54,2,8,0.0
2026-08-20,HepatitisB,4.7,04:22:24,2,8,0.0
2026-08-20,HepatitisB,10.13,04:22:54,2,8,43.03
2026-08-20,HepatitisB,17.49,04:23:24,2,8,43.04
2026-08-20,HepatitisB,12.01,04:23:54,2,8,43.05
2026-08-20,HepatitisB,3.73,04:24:24,2,8,0.0
2026-08-20,HepatitisB,15.19,04:24:54,2,8,43.07
2026-08-20,HepatitisB,6.17,04:25:24,2,8,0.0
2026-08-20,HepatitisB,9.32,04:25:54,2,8,43.09
2026-08-20,HepatitisB,2.6,04:26:24,2,8,0.0
2026-08-20,HepatitisB,9.32,04:26:54,2,8,43.12
2026-08-20,HepatitisB,15.76,04:27:24,2,8,43.13
2026-08-20,HepatitisB,16.62,04:27:54,2,8,43.14
2026-08-20,HepatitisB,11.12,04:28:24,2,8,43.15
2026-08-20,HepatitisB,11.04,04:28:54,2,8,43.16
2026-08-20,HepatitisB,14.96,04:29:24,2,8,43.17
2026-08-20,HepatitisB,6.56,04:29:54,2,8,0.0
2026-08-20,HepatitisB,13.63,04:30:24,2,8,43.19
2026-08-20,HepatitisB,14.4,04:30:54,2,8,43.2
2026-08-20,HepatitisB,13.53,04:31:24,2,8,43.21
2026-08-20,HepatitisB,5.91,04:31:54,2,8,0.0
2026-08-20,HepatitisB,5.95,04:32:24,2,8,0.0
2026-08-20,HepatitisB,10.93,04:32:54,2,8,43.25
2026-08-20,HepatitisB,5.71,04:33:24,2,8,0.0
2026-08-20,HepatitisB,7.49,04:33:54,2,8,0.0
2026-08-20,HepatitisB,11.25,04:34:24,2,8,43.28
2026-08-20,HepatitisB,14.05,04:34:54,2,8,43.29
2026-08-20,HepatitisB,4.36,04:35:24,2,8,0.0
2026-08-20,HepatitisB,2.92,04:35:54,2,8,0.0
2026-08-20,HepatitisB,15.44,04:36:24,2,8,43.32
2026-08-20,HepatitisB,6.57,04:36:54,2,8,0.0
2026-08-20,HepatitisB,4.9,04:37:24,2,8,0.0
2026-08-20,HepatitisB,12.33,04:37:54,2,8,43.36
2026-08-20,HepatitisB,9.27,04:38:24,2,8,43.37
2026-08-20,HepatitisB,11.8,04:38:54,2,8,43.38
2026-08-20,HepatitisB,13.84,04:39:24,2,8,43.39
2026-08-20,HepatitisB,10.14,04:39:54,2,8,43.4
2026-08-20,HepatitisB,14.48,04:40:24,2,8,43.41
2026-08-20,HepatitisB,17.32,04:40:54,2,8,43.42
2026-08-20,HepatitisB,2.43,04:41:24,2,8,0.0
2026-08-20,HepatitisB,9.22,04:41:54,2,8,43.44
2026-08-20,HepatitisB,13.13,04:42:24,2,8,43.45
2026-08-20,HepatitisB,9.81,04:42:54,2,8,43.46
2026-08-20,HepatitisB,15.65,04:43:24,2,8,43.47
2026-08-20,HepatitisB,7.49,04:43:54,2,8,0.0
2026-08-20,HepatitisB,4.79,04:44:24,2,8,0.0
2026-08-20,HepatitisB,6.54,04:44:54,2,8,0.0
2026-08-20,HepatitisB,17.95,04:45:24,2,8,43.52
2026-08-20,HepatitisB,12.99,04:45:54,2,8,43.53
2026-08-20,HepatitisB,17.05,04:46:24,2,8,43.54
2026-08-20,HepatitisB,9.97,04:46:54,2,8,43.55
2026-08-20,HepatitisB,10.53,04:47:24,2,8,43.56
2026-08-20,HepatitisB,7.51,04:47:54,2,8,0.0
2026-08-20,HepatitisB,9.84,04:48:24,2,8,43.58
2026-08-20,HepatitisB,11.25,04:48:54,2,8,43.59
2026-08-20,HepatitisB,14.65,04:49:24,2,8,43.6
2026-08-20,HepatitisB,7.71,04:49:54,2,8,0.0
2026-08-20,HepatitisB,2.98,04:50:24,2,8,0.0
2026-08-20,HepatitisB,12.77,04:50:54,2,8,43.64
2026-08-20,HepatitisB,5.25,04:51:24,2,8,0.0
2026-08-20,HepatitisB,17.11,04:51:54,2,8,43.66
2026-08-20,HepatitisB,16.32,04:52:24,2,8,43.67
2026-08-20,HepatitisB,6.34,04:52:54,2,8,0.0
2026-08-20,HepatitisB,15.76,04:53:24,2,8,43.69
2026-08-20,HepatitisB,11.22,04:53:54,2,8,43.7
2026-08-20,HepatitisB,13.76,04:54:24,2,8,43.71
2026-08-20,HepatitisB,14.33,04:54:54,2,8,43.72
2026-08-20,HepatitisB,3.06,04:55:24,2,8,0.0
2026-08-20,HepatitisB,7.26,04:55:54,2,8,0.0
2026-08-20,HepatitisB,5.79,04:56:24,2,8,0.0
2026-08-20,HepatitisB,7.09,04:56:54,2,8,0.0
2026-08-20,HepatitisB,17.3,04:57:24,2,8,43.78
2026-08-20,HepatitisB,6.88,04:57:54,2,8,0.0
2026-08-20,HepatitisB,3.42,04:58:24,2,8,0.0
2026-08-20,HepatitisB,11.77,04:58:54,2,8,43.81
2026-08-20,HepatitisB,2.04,04:59:24,2,8,0.0
2026-08-20,HepatitisB,12.53,04:59:54,2,8,43.83
2026-08-20,HepatitisB,17.46,05:00:24,2,8,43.84
2026-08-20,HepatitisB,11.44,05:00:54,2,8,43.85
2026-08-20,HepatitisB,7.99,05:01:24,2,8,0.0
2026-08-20,HepatitisB,16.46,05:01:54,2,8,43.88
2026-08-20,HepatitisB,10.08,05:02:24,2,8,43.89
2026-08-20,HepatitisB,12.52,05:02:54,2,8,43.9
2026-08-20,HepatitisB,6.92,05:03:24,2,8,0.0
2026-08-20,HepatitisB,13.55,05:03:54,2,8,43.92
2026-08-20,HepatitisB,3.74,05:04:24,2,8,0.0
2026-08-20,HepatitisB,11.92,05:04:54,2,8,43.94
2026-08-20,HepatitisB,4.83,05:05:24,2,8,0.0
2026-08-20,HepatitisB,3.82,05:05:54,2,8,0.0
2026-08-20,HepatitisB,2.86,05:06:24,2,8,0.0
2026-08-20,HepatitisB,17.99,05:06:54,2,8,43.98
2026-08-20,HepatitisB,13.88,05:07:24,2,8,43.99
2026-08-20,HepatitisB,10.2,05:07:54,2,8,44.01
2026-08-20,HepatitisB,9.38,05:08:24,2,8,44.02
2026-08-20,HepatitisB,14.52,05:08:54,2,8,44.03
2026-08-20,HepatitisB,7.1,05:09:24,2,8,0.0
2026-08-20,HepatitisB,2.66,05:09:54,2,8,0.0
2026-08-20,HepatitisB,16.8,05:10:24,2,8,44.06
2026-08-20,HepatitisB,6.44,05:10:54,2,8,0.0
2026-08-20,HepatitisB,5.78,05:11:24,2,8,0.0
2026-08-20,HepatitisB,3.42,05:11:54,2,8,0.0
2026-08-20,HepatitisB,12.74,05:12:24,2,8,44.1
2026-08-20,HepatitisB,3.15,05:12:54,2,8,0.0
2026-08-20,HepatitisB,12.38,05:13:24,2,8,44.12
2026-08-20,HepatitisB,11.34,05:13:54,2,8,44.14
2026-08-20,HepatitisB,13.59,05:14:24,2,8,44.15
2026-08-20,HepatitisB,2.27,05:14:54,2,8,0.0
2026-08-20,HepatitisB,10.69,05:15:24,2,8,44.17
2026-08-20,HepatitisB,9.19,05:15:54,2,8,44.18
2026-08-20,HepatitisB,4.52,05:16:24,2,8,0.0
2026-08-20,HepatitisB,6.17,05:16:54,2,8,0.0
2026-08-20,HepatitisB,17.36,05:17:24,2,8,44.21
2026-08-20,HepatitisB,2.51,05:17:54,2,8,0.0
2026-08-20,HepatitisB,13.72,05:18:24,2,8,44.23
2026-08-20,HepatitisB,10.87,05:18:54,2,8,44.24
2026-08-20,HepatitisB,3.18,05:19:24,2,8,0.0
2026-08-20,HepatitisB,13.68,05:19:54,2,8,44.27
2026-08-20,HepatitisB,15.47,05:20:24,2,8,44.28
2026-08-20,HepatitisB,13.69,05:20:54,2,8,44.29
2026-08-20,HepatitisB,4.7,05:21:24,2,8,0.0
2026-08-20,HepatitisB,10.11,05:21:54,2,8,44.31
2026-08-20,HepatitisB,13.68,05:22:24,2,8,44.32
2026-08-20,HepatitisB,12.75,05:22:54,2,8,44.33
2026-08-20,HepatitisB,4.15,05:23:24,2,8,0.0
2026-08-20,HepatitisB,7.64,05:23:54,2,8,0.0
2026-08-20,HepatitisB,2.78,05:24:24,2,8,0.0
2026-08-20,HepatitisB,2.48,05:24:54,2,8,0.0
2026-08-20,HepatitisB,13.96,05:25:24,2,8,44.38
2026-08-20,HepatitisB,13.74,05:25:54,2,8,44.4
2026-08-20,HepatitisB,5.74,05:26:24,2,8,0.0
2026-08-20,HepatitisB,2.36,05:26:54,2,8,0.0
2026-08-20,HepatitisB,5.02,05:27:24,2,8,0.0
2026-08-20,HepatitisB,14.47,05:27:54,2,8,44.44
2026-08-20,HepatitisB,7.22,05:28:24,2,8,0.0
2026-08-20,HepatitisB,6.65,05:28:54,2,8,0.0
2026-08-20,HepatitisB,15.32,05:29:24,2,8,44.47
2026-08-20,HepatitisB,13.51,05:29:54,2,8,44.48
2026-08-20,HepatitisB,17.91,05:30:24,2,8,44.49
2026-08-20,HepatitisB,5.79,05:30:54,2,8,0.0
2026-08-20,HepatitisB,10.67,05:31:24,2,8,44.51
2026-08-20,HepatitisB,3.17,05:31:54,2,8,0.0
2026-08-20,HepatitisB,14.24,05:32:24,2,8,44.54
2026-08-20,HepatitisB,13.05,05:32:54,2,8,44.55
2026-08-20,HepatitisB,16.01,05:33:24,2,8,44.56
2026-08-20,HepatitisB,4.6,05:33:54,2,8,0.0
2026-08-20,HepatitisB,3.72,05:34:24,2,8,0.0
2026-08-20,HepatitisB,13.83,05:34:54,2,8,44.59
2026-08-20,HepatitisB,5.7,05:35:24,2,8,0.0
2026-08-20,HepatitisB,16.16,05:35:54,2,8,44.61
2026-08-20,HepatitisB,13.2,05:36:24,2,8,44.62
2026-08-20,HepatitisB,17.71,05:36:54,2,8,44.63
2026-08-20,HepatitisB,15.72,05:37:24,2,8,44.64
2026-08-20,HepatitisB,5.1,05:37:54,2,8,0.0
2026-08-20,HepatitisB,4.99,05:38:24,2,8,0.0
2026-08-20,HepatitisB,14.5,05:38:54,2,8,44.68
2026-08-20,HepatitisB,11.81,05:39:24,2,8,44.69
2026-08-20,HepatitisB,10.84,05:39:54,2,8,44.7
2026-08-20,HepatitisB,5.05,05:40:24,2,8,0.0
2026-08-20,HepatitisB,5.34,05:40:54,2,8,0.0
2026-08-20,HepatitisB,17.7,05:41:24,2,8,44.73
2026-08-20,HepatitisB,2.35,05:41:54,2,8,0.0
2026-08-20,HepatitisB,6.37,05:42:24,2,8,0.0
2026-08-20,HepatitisB,2.81,05:42:54,2,8,0.0
2026-08-20,HepatitisB,16.85,05:43:24,2,8,44.77
2026-08-20,HepatitisB,7.54,05:43:54,2,8,0.0
2026-08-20,HepatitisB,9.67,05:44:24,2,8,44.8
2026-08-20,HepatitisB,2.66,05:44:54,2,8,0.0
2026-08-20,HepatitisB,11.98,05:45:24,2,8,44.82
2026-08-20,HepatitisB,15.3,05:45:54,2,8,44.83
2026-08-20,HepatitisB,11.95,05:46:24,2,8,44.84
2026-08-20,HepatitisB,11.51,05:46:54,2,8,44.85
2026-08-20,HepatitisB,15.95,05:47:24,2,8,44.86
2026-08-20,HepatitisB,14.49,05:47:54,2,8,44.87
2026-08-20,HepatitisB,9.4,05:48:24,2,8,44.88
2026-08-20,HepatitisB,14.56,05:48:54,2,8,44.89
2026-08-20,HepatitisB,7.8,05:49:24,2,8,0.0
2026-08-20,HepatitisB,10.43,05:49:54,2,8,44.91
2026-08-20,HepatitisB,5.08,05:50:24,2,8,0.0
2026-08-20,HepatitisB,11.9,05:50:54,2,8,44.94
2026-08-20,HepatitisB,13.68,05:51:24,2,8,44.95
2026-08-20,HepatitisB,7.02,05:51:54,2,8,0.0
2026-08-20,HepatitisB,3.95,05:52:24,2,8,0.0
2026-08-20,HepatitisB,13.3,05:52:54,2,8,44.98
2026-08-20,HepatitisB,7.99,05:53:24,2,8,0.0
2026-08-20,HepatitisB,3.82,05:53:54,2,8,0.0
2026-08-20,HepatitisB,17.63,05:54:24,2,8,45.01
2026-08-20,HepatitisB,15.99,05:54:54,2,8,45.02
2026-08-20,HepatitisB,16.7,05:55:24,2,8,45.03
2026-08-20,HepatitisB,11.4,05:55:54,2,8,45.05
2026-08-20,HepatitisB,16.98,05:56:24,2,8,45.06
2026-08-20,HepatitisB,6.66,05:56:54,2,8,0.0
2026-08-20,HepatitisB,4.68,05:57:24,2,8,0.0
2026-08-20,HepatitisB,17.49,05:57:54,2,8,45.09
2026-08-20,HepatitisB,14.61,05:58:24,2,8,45.1
2026-08-20,HepatitisB,9.63,05:58:54,2,8,45.11
2026-08-20,HepatitisB,5.82,05:59:24,2,8,0.0
2026-08-20,HepatitisB,10.55,05:59:54,2,8,45.13
2026-08-20,HepatitisB,7.81,06:00:24,2,8,0.0
2026-08-20,HepatitisB,12.86,06:00:54,2,8,45.15
2026-08-20,HepatitisB,13.95,06:01:24,2,8,45.16
2026-08-20,HepatitisB,9.83,06:01:54,2,8,45.18
2026-08-20,HepatitisB,15.34,06:02:24,2,8,45.19
2026-08-20,HepatitisB,15.69,06:02:54,2,8,45.2
2026-08-20,HepatitisB,11.4,06:03:24,2,8,45.21
2026-08-20,HepatitisB,7.44,06:03:54,2,8,0.0
2026-08-20,HepatitisB,7.07,06:04:24,2,8,0.0
2026-08-20,HepatitisB,17.29,06:04:54,2,8,45.24
2026-08-20,HepatitisB,9.88,06:05:24,2,8,45.25
2026-08-20,HepatitisB,5.46,06:05:54,2,8,0.0
2026-08-20,HepatitisB,17.69,06:06:24,2,8,45.27
2026-08-20,HepatitisB,5.74,06:06:54,2,8,0.0
2026-08-20,HepatitisB,17.92,06:07:24,2,8,45.29
2026-08-20,HepatitisB,4.2,06:07:54,2,8,0.0
2026-08-20,HepatitisB,14.39,06:08:24,2,8,45.32
2026-08-20,HepatitisB,9.71,06:08:54,2,8,45.33
2026-08-20,HepatitisB,14.98,06:09:24,2,8,45.34
2026-08-20,HepatitisB,5.85,06:09:54,2,8,0.0
2026-08-20,HepatitisB,16.45,06:10:24,2,8,45.36
2026-08-20,HepatitisB,10.27,06:10:54,2,8,45.37
2026-08-20,HepatitisB,12.17,06:11:24,2,8,45.38
2026-08-20,HepatitisB,3.07,06:11:54,2,8,0.0
2026-08-20,HepatitisB,5.03,06:12:24,2,8,0.0
2026-08-20,HepatitisB,14.97,06:12:54,2,8,45.41
2026-08-20,HepatitisB,17.19,06:13:24,2,8,45.42
2026-08-20,HepatitisB,9.38,06:13:54,2,8,45.44
2026-08-20,HepatitisB,12.39,06:14:24,2,8,45.45
2026-08-20,HepatitisB,12.63,06:14:54,2,8,45.46
2026-08-20,HepatitisB,5.52,06:15:24,2,8,0.0
2026-08-20,HepatitisB,9.99,06:15:54,2,8,45.48
2026-08-20,HepatitisB,14.22,06:16:24,2,8,45.49
2026-08-20,HepatitisB,10.89,06:16:54,2,8,45.5
2026-08-20,HepatitisB,9.55,06:17:24,2,8,45.51
2026-08-20,HepatitisB,10.42,06:17:54,2,8,45.52
2026-08-20,HepatitisB,16.48,06:18:24,2,8,45.53
2026-08-20,HepatitisB,4.15,06:18:54,2,8,0.0
2026-08-20,HepatitisB,16.39,06:19:24,2,8,45.55
2026-08-20,HepatitisB,9.34,06:19:54,2,8,45.56
2026-08-20,HepatitisB,10.52,06:20:24,2,8,45.58
2026-08-20,HepatitisB,15.8,06:20:54,2,8,45.59
2026-08-20,HepatitisB,17.71,06:21:24,2,8,45.6
2026-08-20,HepatitisB,15.94,06:21:54,2,8,45.61
2026-08-20,HepatitisB,7.56,06:22:24,2,8,0.0
2026-08-20,HepatitisB,14.52,06:22:54,2,8,45.63
2026-08-20,HepatitisB,6.25,06:23:24,2,8,0.0
2026-08-20,HepatitisB,14.27,06:23:54,2,8,45.65
2026-08-20,HepatitisB,14.46,06:24:24,2,8,45.66
2026-08-20,HepatitisB,13.19,06:24:54,2,8,45.67
2026-08-20,HepatitisB,14.46,06:25:24,2,8,45.68
2026-08-20,HepatitisB,17.8,06:25:54,2,8,45.7
2026-08-20,HepatitisB,12.8,06:26:24,2,8,45.71
2026-08-20,HepatitisB,7.79,06:26:54,2,8,0.0
2026-08-20,HepatitisB,16.04,06:27:24,2,8,45.73
2026-08-20,HepatitisB,12.05,06:27:54,2,8,45.74
2026-08-20,HepatitisB,5.72,06:28:24,2,8,0.0
2026-08-20,HepatitisB,16.96,06:28:54,2,8,45.76
2026-08-20,HepatitisB,5.74,06:29:24,2,8,0.0
2026-08-20,HepatitisB,15.38,06:29:54,2,8,45.78
2026-08-20,HepatitisB,9.23,06:30:24,2,8,45.79
2026-08-20,HepatitisB,5.49,06:30:54,2,8,0.0
2026-08-20,HepatitisB,14.83,06:31:24,2,8,45.81
2026-08-20,HepatitisB,11.61,06:31:54,2,8,45.83
2026-08-20,HepatitisB,4.88,06:32:24,2,8,0.0
2026-08-20,HepatitisB,16.99,06:32:54,2,8,45.85
2026-08-20,HepatitisB,12.95,06:33:24,2,8,45.86
2026-08-20,HepatitisB,15.56,06:33:54,2,8,45.87
2026-08-20,HepatitisB,6.21,06:34:24,2,8,0.0
2026-08-20,HepatitisB,9.5,06:34:54,2,8,45.89
2026-08-20,HepatitisB,11.21,06:35:24,2,8,45.9
2026-08-20,HepatitisB,6.41,06:35:54,2,8,0.0
2026-08-20,HepatitisB,10.71,06:36:24,2,8,45.92
2026-08-20,HepatitisB,14.31,06:36:54,2,8,45.93
2026-08-20,HepatitisB,15.79,06:37:24,2,8,45.94
2026-08-20,HepatitisB,13.07,06:37:54,2,8,45.96
2026-08-20,HepatitisB,14.07,06:38:24,2,8,45.97
2026-08-20,HepatitisB,15.89,06:38:54,2,8,45.98
2026-08-20,HepatitisB,7.16,06:39:24,2,8,0.0
2026-08-20,HepatitisB,16.85,06:39:54,2,8,46.0
2026-08-20,HepatitisB,10.5,06:40:24,2,8,46.01
2026-08-20,HepatitisB,9.67,06:40:54,2,8,46.02
2026-08-20,HepatitisB,13.82,06:41:24,2,8,46.03
2026-08-20,HepatitisB,2.08,06:41:54,2,8,0.0
2026-08-20,HepatitisB,11.95,06:42:24,2,8,46.05
2026-08-20,HepatitisB,11.45,06:42:54,2,8,46.06
2026-08-20,HepatitisB,13.67,06:43:24,2,8,46.07
2026-08-20,HepatitisB,17.98,06:43:54,2,8,46.09
2026-08-20,HepatitisB,16.64,06:44:24,2,8,46.1
2026-08-20,HepatitisB,12.69,06:44:54,2,8,46.11
2026-08-20,HepatitisB,10.33,06:45:24,2,8,46.12
2026-08-20,HepatitisB,10.88,06:45:54,2,8,46.13
2026-08-20,HepatitisB,15.49,06:46:24,2,8,46.14
2026-08-20,HepatitisB,2.14,06:46:54,2,8,0.0
2026-08-20,HepatitisB,6.41,06:47:24,2,8,0.0
2026-08-20,HepatitisB,4.06,06:47:54,2,8,0.0
2026-08-20,HepatitisB,12.91,06:48:24,2,8,46.18
2026-08-20,HepatitisB,4.66,06:48:54,2,8,0.0
2026-08-20,HepatitisB,2.47,06:49:24,2,8,0.0
2026-08-20,HepatitisB,9.34,06:49:54,2,8,46.21
2026-08-20,HepatitisB,15.18,06:50:24,2,8,46.23
2026-08-20,HepatitisB,15.5,06:50:54,2,8,46.24
2026-08-20,HepatitisB,4.75,06:51:24,2,8,0.0
2026-08-20,HepatitisB,2.29,06:51:54,2,8,0.0
2026-08-20,HepatitisB,10.91,06:52:24,2,8,46.27
2026-08-20,HepatitisB,14.76,06:52:54,2,8,46.28
2026-08-20,HepatitisB,5.73,06:53:24,2,8,0.0
2026-08-20,HepatitisB,2.46,06:53:54,2,8,0.0
2026-08-20,HepatitisB,17.62,06:54:24,2,8,46.31
2026-08-20,HepatitisB,16.37,06:54:54,2,8,46.32
2026-08-20,HepatitisB,12.17,06:55:24,2,8,46.33
2026-08-20,HepatitisB,16.74,06:55:54,2,8,46.34
2026-08-20,HepatitisB,6.87,06:56:24,2,8,0.0
2026-08-20,HepatitisB,10.43,06:56:54,2,8,46.37
2026-08-20,HepatitisB,9.34,06:57:24,2,8,46.38
2026-08-20,HepatitisB,5.27,06:57:54,2,8,0.0
2026-08-20,HepatitisB,10.87,06:58:24,2,8,46.4
2026-08-20,HepatitisB,12.33,06:58:54,2,8,46.41
2026-08-20,HepatitisB,2.14,06:59:24,2,8,0.0
2026-08-20,HepatitisB,7.88,06:59:54,2,8,0.0
2026-08-20,HepatitisB,12.13,07:00:24,2,8,46.44
2026-08-20,HepatitisB,17.0,07:00:54,2,8,46.45
2026-08-20,HepatitisB,11.62,07:01:24,2,8,46.46
2026-08-20,HepatitisB,12.89,07:01:54,2,8,46.48
2026-08-20,HepatitisB,14.67,07:02:24,2,8,46.49
2026-08-20,HepatitisB,6.87,07:02:54,2,8,0.0
2026-08-20,HepatitisB,3.4,07:03:24,2,8,0.0
2026-08-20,HepatitisB,6.08,07:03:54,2,8,0.0
2026-08-20,HepatitisB,15.29,07:04:24,2,8,46.53
2026-08-20,HepatitisB,9.01,07:04:54,2,8,46.54
2026-08-20,HepatitisB,16.08,07:05:24,2,8,46.55
2026-08-20,HepatitisB,12.37,07:05:54,2,8,46.56
2026-08-20,HepatitisB,2.91,07:06:24,2,8,0.0
2026-08-20,HepatitisB,16.48,07:06:54,2,8,46.58
2026-08-20,HepatitisB,17.59,07:07:24,2,8,46.59
2026-08-20,HepatitisB,4.34,07:07:54,2,8,0.0
2026-08-20,HepatitisB,6.5,07:08:24,2,8,0.0
2026-08-20,HepatitisB,12.49,07:08:54,2,8,46.63
2026-08-20,HepatitisB,9.46,07:09:24,2,8,46.64
2026-08-20,HepatitisB,5.55,07:09:54,2,8,0.0
2026-08-20,HepatitisB,7.72,07:10:24,2,8,0.0
2026-08-20,HepatitisB,16.5,07:10:54,2,8,46.67
2026-08-20,HepatitisB,3.16,07:11:24,2,8,0.0
2026-08-20,HepatitisB,5.68,07:11:54,2,8,0.0
2026-08-20,HepatitisB,16.98,07:12:24,2,8,46.7
2026-08-20,HepatitisB,9.26,07:12:54,2,8,46.71
2026-08-20,HepatitisB,11.21,07:13:24,2,8,46.72
2026-08-20,HepatitisB,14.57,07:13:54,2,8,46.74
2026-08-20,HepatitisB,12.68,07:14:24,2,8,46.75
2026-08-20,HepatitisB,12.49,07:14:54,2,8,46.76
2026-08-20,HepatitisB,6.5,07:15:24,2,8,0.0
2026-08-20,HepatitisB,4.13,07:15:54,2,8,0.0
2026-08-20,HepatitisB,17.21,07:16:24,2,8,46.79
2026-08-20,HepatitisB,12.44,07:16:54,2,8,46.8
2026-08-20,HepatitisB,14.92,07:17:24,2,8,46.81
2026-08-20,HepatitisB,16.66,07:17:54,2,8,46.82
2026-08-20,HepatitisB,12.77,07:18:24,2,8,46.83
2026-08-20,HepatitisB,7.11,07:18:54,2,8,0.0
2026-08-20,HepatitisB,12.62,07:19:24,2,8,46.85
2026-08-20,HepatitisB,11.14,07:19:54,2,8,46.86
2026-08-20,HepatitisB,2.24,07:20:24,2,8,0.0
2026-08-20,HepatitisB,14.45,07:20:54,2,8,46.89
2026-08-20,HepatitisB,13.88,07:21:24,2,8,46.9
2026-08-20,HepatitisB,6.55,07:21:54,2,8,0.0
2026-08-20,HepatitisB,15.99,07:22:24,2,8,46.92
2026-08-20,HepatitisB,2.29,07:22:54,2,8,0.0
2026-08-20,HepatitisB,5.47,07:23:24,2,8,0.0
2026-08-20,HepatitisB,12.73,07:23:54,2,8,46.95
2026-08-20,HepatitisB,12.15,07:24:24,2,8,46.96
2026-08-20,HepatitisB,16.25,07:24:54,2,8,46.97
2026-08-20,HepatitisB,10.04,07:25:24,2,8,46.98
2026-08-20,HepatitisB,11.55,07:25:54,2,8,46.99
2026-08-20,HepatitisB,11.03,07:26:24,2,8,47.01
2026-08-20,HepatitisB,16.88,07:26:54,2,8,47.02
2026-08-20,HepatitisB,10.2,07:27:24,2,8,47.03
2026-08-20,HepatitisB,14.74,07:27:54,2,8,47.04
2026-08-20,HepatitisB,4.13,07:28:24,2,8,0.0
2026-08-20,HepatitisB,5.1,07:28:54,2,8,0.0
2026-08-20,HepatitisB,3.3,07:29:24,2,8,0.0
2026-08-20,HepatitisB,13.82,07:29:54,2,8,47.08
2026-08-20,HepatitisB,14.82,07:30:24,2,8,47.09
2026-08-20,HepatitisB,17.86,07:30:54,2,8,47.1
2026-08-20,HepatitisB,6.15,07:31:24,2,8,0.0
2026-08-20,HepatitisB,16.36,07:31:54,2,8,47.12
2026-08-20,HepatitisB,10.39,07:32:24,2,8,47.14
2026-08-20,HepatitisB,4.01,07:32:54,2,8,0.0
2026-08-20,HepatitisB,12.82,07:33:24,2,8,47.16
2026-08-20,HepatitisB,9.8,07:33:54,2,8,47.17
2026-08-20,HepatitisB,10.91,07:34:24,2,8,47.18
2026-08-20,HepatitisB,14.79,07:34:54,2,8,47.19
2026-08-20,HepatitisB,5.6,07:35:24,2,8,0.0
2026-08-20,HepatitisB,10.45,07:35:54,2,8,47.21
2026-08-20,HepatitisB,16.37,07:36:24,2,8,47.22
2026-08-20,HepatitisB,2.21,07:36:54,2,8,0.0
2026-08-20,HepatitisB,14.28,07:37:24,2,8,47.24
2026-08-20,HepatitisB,11.06,07:37:54,2,8,47.26
2026-08-20,HepatitisB,14.77,07:38:24,2,8,47.27
2026-08-20,HepatitisB,9.23,07:38:54,2,8,47.28
2026-08-20,HepatitisB,14.99,07:39:24,2,8,47.29
2026-08-20,HepatitisB,14.2,07:39:54,2,8,47.3
2026-08-20,HepatitisB,13.45,07:40:24,2,8,47.31
2026-08-20,HepatitisB,2.6,07:40:54,2,8,0.0
2026-08-20,HepatitisB,3.7,07:41:24,2,8,0.0
2026-08-20,HepatitisB,17.37,07:41:54,2,8,47.34
2026-08-20,HepatitisB,6.46,07:42:24,2,8,0.0
2026-08-20,HepatitisB,15.72,07:42:54,2,8,47.36
2026-08-20,HepatitisB,9.34,07:43:24,2,8,47.37
2026-08-20,HepatitisB,9.34,07:43:54,2,8,47.39
2026-08-20,HepatitisB,14.77,07:44:24,2,8,47.4
2026-08-20,HepatitisB,10.61,07:44:54,2,8,47.41
2026-08-20,HepatitisB,7.91,07:45:24,2,8,0.0
2026-08-20,HepatitisB,9.36,07:45:54,2,8,47.43
2026-08-20,HepatitisB,12.56,07:46:24,2,8,47.44
2026-08-20,HepatitisB,4.32,07:46:54,2,8,0.0
2026-08-20,HepatitisB,15.98,07:47:24,2,8,47.46
2026-08-20,HepatitisB,2.42,07:47:54,2,8,0.0
2026-08-20,HepatitisB,10.01,07:48:24,2,8,47.48
2026-08-20,HepatitisB,15.34,07:48:54,2,8,47.49
2026-08-20,HepatitisB,15.87,07:49:24,2,8,47.5
2026-08-20,HepatitisB,7.32,07:49:54,2,8,0.0
2026-08-20,HepatitisB,3.63,07:50:24,2,8,0.0
2026-08-20,HepatitisB,7.46,07:50:54,2,8,0.0
2026-08-20,HepatitisB,4.7,07:51:24,2,8,0.0
2026-08-20,HepatitisB,13.12,07:51:54,2,8,47.56
2026-08-20,HepatitisB,11.35,07:52:24,2,8,47.57
2026-08-20,HepatitisB,9.84,07:52:54,2,8,47.58
2026-08-20,HepatitisB,2.21,07:53:24,2,8,0.0
2026-08-20,HepatitisB,10.31,07:53:54,2,8,47.6
2026-08-20,HepatitisB,2.04,07:54:24,2,8,0.0
2026-08-20,HepatitisB,3.86,07:54:54,2,8,0.0
2026-08-20,HepatitisB,10.41,07:55:24,2,8,47.63
2026-08-20,HepatitisB,17.47,07:55:54,2,8,47.65
2026-08-20,HepatitisB,12.08,07:56:24,2,8,47.66
2026-08-20,HepatitisB,12.66,07:56:54,2,8,47.67
2026-08-20,HepatitisB,9.45,07:57:24,2,8,47.68
2026-08-20,HepatitisB,14.87,07:57:54,2,8,47.69
2026-08-20,HepatitisB,5.24,07:58:24,2,8,0.0
2026-08-20,HepatitisB,10.58,07:58:54,2,8,47.71
2026-08-20,HepatitisB,13.16,07:59:24,2,8,47.72
2026-08-20,HepatitisB,16.74,07:59:54,2,8,47.73
2026-08-20,HepatitisB,16.93,08:00:24,2,8,47.74
2026-08-20,HepatitisB,13.6,08:00:54,2,8,47.75
2026-08-20,HepatitisB,11.09,08:01:24,2,8,47.76
2026-08-20,HepatitisB,3.67,08:01:54,2,8,0.0
2026-08-20,HepatitisB,13.43,08:02:24,2,8,47.79
2026-08-20,HepatitisB,7.99,08:02:54,2,8,0.0
2026-08-20,HepatitisB,6.15,08:03:24,2,8,0.0
2026-08-20,HepatitisB,11.27,08:03:54,2,8,47.82
2026-08-20,HepatitisB,16.32,08:04:24,2,8,47.83
2026-08-20,HepatitisB,12.08,08:04:54,2,8,47.84
2026-08-20,HepatitisB,7.06,08:05:24,2,8,0.0
2026-08-20,HepatitisB,14.13,08:05:54,2,8,47.86
2026-08-20,HepatitisB,17.66,08:06:24,2,8,47.87
2026-08-20,HepatitisB,5.65,08:06:54,2,8,0.0
2026-08-20,HepatitisB,16.75,08:07:24,2,8,47.89
2026-08-20,HepatitisB,17.51,08:07:54,2,8,47.91
2026-08-20,HepatitisB,10.05,08:08:24,2,8,47.92
2026-08-20,HepatitisB,4.24,08:08:54,2,8,0.0
2026-08-20,HepatitisB,9.84,08:09:24,2,8,47.94
2026-08-20,HepatitisB,17.92,08:09:54,2,8,47.95
2026-08-20,HepatitisB,6.17,08:10:24,2,8,0.0
2026-08-20,HepatitisB,3.51,08:10:54,2,8,0.0
2026-08-20,HepatitisB,17.96,08:11:24,2,8,47.98
2026-08-20,HepatitisB,12.86,08:11:54,2,8,47.99
2026-08-20,HepatitisB,15.85,08:12:24,2,8,48.0
2026-08-20,HepatitisB,9.18,08:12:54,2,8,48.01
2026-08-20,HepatitisB,3.16,08:13:24,2,8,0.0
2026-08-20,HepatitisB,15.68,08:13:54,2,8,48.04
2026-08-20,HepatitisB,11.49,08:14:24,2,8,48.05
2026-08-20,HepatitisB,16.12,08:14:54,2,8,48.06
2026-08-20,HepatitisB,11.53,08:15:24,2,8,48.07
2026-08-20,HepatitisB,14.92,08:15:54,2,8,48.08
2026-08-20,HepatitisB,4.51,08:16:24,2,8,0.0
2026-08-20,HepatitisB,13.39,08:16:54,2,8,48.1
2026-08-20,HepatitisB,4.17,08:17:24,2,8,0.0
2026-08-20,HepatitisB,2.5,08:17:54,2,8,0.0
2026-08-20,HepatitisB,3.32,08:18:24,2,8,0.0
2026-08-20,HepatitisB,11.99,08:18:54,2,8,48.14
2026-08-20,HepatitisB,9.82,08:19:24,2,8,48.15
2026-08-20,HepatitisB,12.21,08:19:54,2,8,48.16
2026-08-20,HepatitisB,5.94,08:20:24,2,8,0.0
2026-08-20,HepatitisB,14.4,08:20:54,2,8,48.19
2026-08-20,HepatitisB,4.16,08:21:24,2,8,0.0
2026-08-20,HepatitisB,3.88,08:21:54,2,8,0.0
2026-08-20,HepatitisB,15.21,08:22:24,2,8,48.22
2026-08-20,HepatitisB,11.32,08:22:54,2,8,48.23
2026-08-20,HepatitisB,7.1,08:23:24,2,8,0.0
2026-08-20,HepatitisB,9.75,08:23:54,2,8,48.25
2026-08-20,HepatitisB,2.27,08:24:24,2,8,0.0
2026-08-20,HepatitisB,10.21,08:24:54,2,8,48.27
2026-08-20,HepatitisB,10.6,08:25:24,2,8,48.28
2026-08-20,HepatitisB,7.88,08:25:54,2,8,0.0
2026-08-20,HepatitisB,15.48,08:26:24,2,8,48.31
2026-08-20,HepatitisB,3.39,08:26:54,2,8,0.0
2026-08-20,HepatitisB,16.45,08:27:24,2,8,48.33
2026-08-20,HepatitisB,3.83,08:27:54,2,8,0.0
2026-08-20,HepatitisB,9.64,08:28:24,2,8,48.35
2026-08-20,HepatitisB,7.03,08:28:54,2,8,0.0
2026-08-20,HepatitisB,11.27,08:29:24,2,8,48.37
2026-08-20,HepatitisB,13.35,08:29:54,2,8,48.38
2026-08-20,HepatitisB,9.43,08:30:24,2,8,48.39
2026-08-20,HepatitisB,4.03,08:30:54,2,8,0.0
2026-08-20,HepatitisB,9.53,08:31:24,2,8,48.41
2026-08-20,HepatitisB,5.73,08:31:54,2,8,0.0
2026-08-20,HepatitisB,2.97,08:32:24,2,8,0.0
2026-08-20,HepatitisB,7.89,08:32:54,2,8,0.0
2026-08-20,HepatitisB,2.27,08:33:24,2,8,0.0
2026-08-20,HepatitisB,2.09,08:33:54,2,8,0.0
2026-08-20,HepatitisB,9.75,08:34:24,2,8,48.48
2026-08-20,HepatitisB,4.7,08:34:54,2,8,0.0
2026-08-20,HepatitisB,6.78,08:35:24,2,8,0.0
2026-08-20,HepatitisB,3.36,08:35:54,2,8,0.0
2026-08-20,HepatitisB,17.74,08:36:24,2,8,48.52
2026-08-20,HepatitisB,14.79,08:36:54,2,8,48.53
2026-08-20,HepatitisB,3.28,08:37:24,2,8,0.0
2026-08-20,HepatitisB,12.28,08:37:54,2,8,48.56
2026-08-20,HepatitisB,10.33,08:38:24,2,8,48.57
2026-08-20,HepatitisB,7.42,08:38:54,2,8,0.0
2026-08-20,HepatitisB,9.54,08:39:24,2,8,48.59
2026-08-20,HepatitisB,9.2,08:39:54,2,8,48.6
2026-08-20,HepatitisB,13.71,08:40:24,2,8,48.61
2026-08-20,HepatitisB,15.77,08:40:54,2,8,48.62
2026-08-20,HepatitisB,11.75,08:41:24,2,8,48.63
2026-08-20,HepatitisB,16.69,08:41:54,2,8,48.64
2026-08-20,HepatitisB,16.65,08:42:24,2,8,48.65
2026-08-20,HepatitisB,6.89,08:42:54,2,8,0.0
2026-08-20,HepatitisB,3.44,08:43:24,2,8,0.0
2026-08-20,HepatitisB,11.23,08:43:54,2,8,48.69
2026-08-20,HepatitisB,7.8,08:44:24,2,8,0.0
2026-08-20,HepatitisB,13.56,08:44:54,2,8,48.71
2026-08-20,HepatitisB,4.81,08:45:24,2,8,0.0
2026-08-20,HepatitisB,10.23,08:45:54,2,8,48.73
2026-08-20,HepatitisB,10.2,08:46:24,2,8,48.74
2026-08-20,HepatitisB,6.67,08:46:54,2,8,0.0
2026-08-20,HepatitisB,6.94,08:47:24,2,8,0.0
2026-08-20,HepatitisB,17.43,08:47:54,2,8,48.77
2026-08-20,HepatitisB,6.31,08:48:24,2,8,0.0
2026-08-20,HepatitisB,9.31,08:48:54,2,8,48.79
2026-08-20,HepatitisB,15.32,08:49:24,2,8,48.8
2026-08-20,HepatitisB,3.41,08:49:54,2,8,0.0
2026-08-20,HepatitisB,16.85,08:50:24,2,8,48.83
2026-08-20,HepatitisB,12.28,08:50:54,2,8,48.84
2026-08-20,HepatitisB,4.27,08:51:24,2,8,0.0
2026-08-20,HepatitisB,17.45,08:51:54,2,8,48.86
2026-08-20,HepatitisB,17.11,08:52:24,2,8,48.87
2026-08-20,HepatitisB,15.77,08:52:54,2,8,48.88
2026-08-20,HepatitisB,12.73,08:53:24,2,8,48.89
2026-08-20,HepatitisB,6.59,08:53:54,2,8,0.0
2026-08-20,HepatitisB,12.0,08:54:24,2,8,48.91
2026-08-20,HepatitisB,7.43,08:54:54,2,8,0.0
2026-08-20,HepatitisB,7.14,08:55:24,2,8,0.0
2026-08-20,HepatitisB,7.41,08:55:54,2,8,0.0
2026-08-20,HepatitisB,5.83,08:56:24,2,8,0.0
2026-08-20,HepatitisB,11.44,08:56:54,2,8,48.97
2026-08-20,HepatitisB,7.37,08:57:24,2,8,0.0
2026-08-20,HepatitisB,7.39,08:57:54,2,8,0.0
2026-08-20,HepatitisB,6.09,08:58:24,2,8,0.0
2026-08-20,HepatitisB,6.85,08:58:54,2,8,0.0
2026-08-20,HepatitisB,13.37,08:59:24,2,8,49.02
2026-08-20,HepatitisB,7.72,08:59:54,2,8,0.0
2026-08-20,HepatitisB,3.2,09:00:24,2,8,0.0
2026-08-20,HepatitisB,10.57,09:00:54,2,8,49.05
2026-08-20,HepatitisB,4.48,09:01:24,2,8,0.0
2026-08-20,HepatitisB,17.73,09:01:54,2,8,49.08
2026-08-20,HepatitisB,17.48,09:02:24,2,8,49.09
2026-08-20,HepatitisB,15.6,09:02:54,2,8,49.1
2026-08-20,HepatitisB,3.97,09:03:24,2,8,0.0
2026-08-20,HepatitisB,14.63,09:03:54,2,8,49.12
2026-08-20,HepatitisB,17.93,09:04:24,2,8,49.13
2026-08-20,HepatitisB,12.81,09:04:54,2,8,49.14
2026-08-20,HepatitisB,10.84,09:05:24,2,8,49.15
2026-08-20,HepatitisB,4.22,09:05:54,2,8,0.0
2026-08-20,HepatitisB,13.38,09:06:24,2,8,49.17
2026-08-20,HepatitisB,13.35,09:06:54,2,8,49.18
2026-08-20,HepatitisB,7.97,09:07:24,2,8,0.0
2026-08-20,HepatitisB,7.21,09:07:54,2,8,0.0
2026-08-20,HepatitisB,6.49,09:08:24,2,8,0.0
2026-08-20,HepatitisB,14.48,09:08:54,2,8,49.23
2026-08-20,HepatitisB,15.39,09:09:24,2,8,49.24
2026-08-20,HepatitisB,3.84,09:09:54,2,8,0.0
2026-08-20,HepatitisB,3.63,09:10:24,2,8,0.0
2026-08-20,HepatitisB,14.58,09:10:54,2,8,49.27
2026-08-20,HepatitisB,13.75,09:11:24,2,8,49.28
2026-08-20,HepatitisB,3.25,09:11:54,2,8,0.0
2026-08-20,HepatitisB,3.76,09:12:24,2,8,0.0
2026-08-20,HepatitisB,15.9,09:12:54,2,8,49.31
2026-08-20,HepatitisB,16.49,09:13:24,2,8,49.32
2026-08-20,HepatitisB,12.79,09:13:54,2,8,49.34
2026-08-20,HepatitisB,17.07,09:14:24,2,8,49.35
2026-08-20,HepatitisB,13.58,09:14:54,2,8,49.36
2026-08-20,HepatitisB,4.55,09:15:24,2,8,0.0
2026-08-20,HepatitisB,13.04,09:15:54,2,8,49.38
2026-08-20,HepatitisB,12.34,09:16:24,2,8,49.39
2026-08-20,HepatitisB,2.03,09:16:54,2,8,0.0
2026-08-20,HepatitisB,6.21,09:17:24,2,8,0.0
2026-08-20,HepatitisB,17.92,09:17:54,2,8,49.42
2026-08-20,HepatitisB,14.05,09:18:24,2,8,49.43
2026-08-20,HepatitisB,17.65,09:18:54,2,8,49.44
2026-08-20,HepatitisB,12.26,09:19:24,2,8,49.45
2026-08-20,HepatitisB,14.13,09:19:54,2,8,49.46
2026-08-20,HepatitisB,17.17,09:20:24,2,8,49.48
2026-08-20,HepatitisB,2.59,09:20:54,2,8,0.0
2026-08-20,HepatitisB,9.41,09:21:24,2,8,49.5
2026-08-20,HepatitisB,4.78,09:21:54,2,8,0.0
2026-08-20,HepatitisB,7.96,09:22:24,2,8,0.0
2026-08-20,HepatitisB,16.89,09:22:54,2,8,49.53
2026-08-20,HepatitisB,3.76,09:23:24,2,8,0.0
2026-08-20,HepatitisB,13.27,09:23:54,2,8,49.55
2026-08-20,HepatitisB,12.03,09:24:24,2,8,49.56
2026-08-20,HepatitisB,2.23,09:24:54,2,8,0.0
2026-08-20,HepatitisB,15.79,09:25:24,2,8,49.58
2026-08-20,HepatitisB,16.45,09:25:54,2,8,49.59
2026-08-20,HepatitisB,13.82,09:26:24,2,8,49.61
2026-08-20,HepatitisB,17.25,09:26:54,2,8,49.62
2026-08-20,HepatitisB,9.7,09:27:24,2,8,49.63
2026-08-20,HepatitisB,16.62,09:27:54,2,8,49.64
2026-08-20,HepatitisB,9.2,09:28:24,2,8,49.65
2026-08-20,HepatitisB,16.77,09:28:54,2,8,49.66
2026-08-20,HepatitisB,5.26,09:29:24,2,8,0.0
2026-08-20,HepatitisB,15.61,09:29:54,2,8,49.68
2026-08-20,HepatitisB,16.91,09:30:24,2,8,49.69
2026-08-20,HepatitisB,17.85,09:30:54,2,8,49.7
2026-08-20,HepatitisB,13.39,09:31:24,2,8,49.71
2026-08-20,HepatitisB,16.36,09:31:54,2,8,49.73
2026-08-20,HepatitisB,14.96,09:32:24,2,8,49.74
2026-08-20,HepatitisB,6.37,09:32:54,2,8,0.0
2026-08-20,HepatitisB,9.96,09:33:24,2,8,49.76
2026-08-20,HepatitisB,15.9,09:33:54,2,8,49.77
2026-08-20,HepatitisB,12.11,09:34:24,2,8,49.78
2026-08-20,HepatitisB,10.78,09:34:54,2,8,49.79
2026-08-20,HepatitisB,14.17,09:35:24,2,8,49.8
2026-08-20,HepatitisB,4.58,09:35:54,2,8,0.0
2026-08-20,HepatitisB,7.52,09:36:24,2,8,0.0
2026-08-20,HepatitisB,3.08,09:36:54,2,8,0.0
2026-08-20,HepatitisB,4.65,09:37:24,2,8,0.0
2026-08-20,HepatitisB,9.17,09:37:54,2,8,49.86
2026-08-20,HepatitisB,5.22,09:38:24,2,8,0.0
2026-08-20,HepatitisB,3.3,09:38:54,2,8,0.0
2026-08-20,HepatitisB,17.8,09:39:24,2,8,49.89
2026-08-20,HepatitisB,10.8,09:39:54,2,8,49.9
2026-08-20,HepatitisB,16.96,09:40:24,2,8,49.91
2026-08-20,HepatitisB,3.29,09:40:54,2,8,0.0
2026-08-20,HepatitisB,16.97,09:41:24,2,8,49.93
2026-08-20,HepatitisB,16.19,09:41:54,2,8,49.94
2026-08-20,HepatitisB,13.97,09:42:24,2,8,49.95
2026-08-20,HepatitisB,7.68,09:42:54,2,8,0.0
2026-08-20,HepatitisB,6.04,09:43:24,2,8,0.0
2026-08-20,HepatitisB,11.51,09:43:54,2,8,49.99
2026-08-20,HepatitisB,13.76,09:44:24,2,8,50.0
2026-08-20,HepatitisB,3.36,09:44:54,2,8,0.0
2026-08-20,HepatitisB,5.13,09:45:24,2,8,0.0
2026-08-20,HepatitisB,3.74,09:45:54,2,8,0.0
2026-08-20,HepatitisB,5.61,09:46:24,2,8,0.0
2026-08-20,HepatitisB,11.49,09:46:54,2,8,50.05
2026-08-20,HepatitisB,3.57,09:47:24,2,8,0.0
2026-08-20,HepatitisB,11.82,09:47:54,2,8,50.07
2026-08-20,HepatitisB,13.1,09:48:24,2,8,50.08
2026-08-20,HepatitisB,5.44,09:48:54,2,8,0.0
2026-08-20,HepatitisB,12.68,09:49:24,2,8,50.1
2026-08-20,HepatitisB,13.94,09:49:54,2,8,50.11
2026-08-20,HepatitisB,10.51,09:50:24,2,8,50.13
2026-08-20,HepatitisB,17.88,09:50:54,2,8,50.14
2026-08-20,HepatitisB,17.57,09:51:24,2,8,50.15
2026-08-20,HepatitisB,17.27,09:51:54,2,8,50.16
2026-08-20,HepatitisB,16.15,09:52:24,2,8,50.17
2026-08-20,HepatitisB,17.83,09:52:54,2,8,50.18
2026-08-20,HepatitisB,7.57,09:53:24,2,8,0.0
2026-08-20,HepatitisB,12.36,09:53:54,2,8,50.2
2026-08-20,HepatitisB,11.37,09:54:24,2,8,50.21
2026-08-20,HepatitisB,5.28,09:54:54,2,8,0.0
2026-08-20,HepatitisB,16.82,09:55:24,2,8,50.23
2026-08-20,HepatitisB,5.25,09:55:54,2,8,0.0
2026-08-20,HepatitisB,17.3,09:56:24,2,8,50.26
2026-08-20,HepatitisB,7.23,09:56:54,2,8,0.0
2026-08-20,HepatitisB,11.66,09:57:24,2,8,50.28
2026-08-20,HepatitisB,5.06,09:57:54,2,8,0.0
2026-08-20,HepatitisB,12.68,09:58:24,2,8,50.3
2026-08-20,HepatitisB,16.55,09:58:54,2,8,50.31
2026-08-20,HepatitisB,15.27,09:59:24,2,8,50.32
2026-08-20,HepatitisB,13.4,09:59:54,2,8,50.33
2026-08-20,HepatitisB,17.04,10:00:24,2,8,50.34
2026-08-20,HepatitisB,15.81,10:00:54,2,8,50.35
2026-08-20,HepatitisB,7.39,10:01:24,2,8,0.0
2026-08-20,HepatitisB,12.84,10:01:54,2,8,50.38
2026-08-20,HepatitisB,16.34,10:02:24,2,8,50.39
2026-08-20,HepatitisB,5.43,10:02:54,2,8,0.0
2026-08-20,HepatitisB,15.62,10:03:24,2,8,50.41
2026-08-20,HepatitisB,10.7,10:03:54,2,8,50.42
2026-08-20,HepatitisB,5.34,10:04:24,2,8,0.0
2026-08-20,HepatitisB,10.5,10:04:54,2,8,50.44
2026-08-20,HepatitisB,12.87,10:05:24,2,8,50.45
2026-08-20,HepatitisB,2.38,10:05:54,2,8,0.0
2026-08-20,HepatitisB,9.16,10:06:24,2,8,50.47
2026-08-20,HepatitisB,9.32,10:06:54,2,8,50.48
2026-08-20,HepatitisB,17.37,10:07:24,2,8,50.49
2026-08-20,HepatitisB,14.59,10:07:54,2,8,50.51
2026-08-20,HepatitisB,3.3,10:08:24,2,8,0.0
2026-08-20,HepatitisB,17.9,10:08:54,2,8,50.53
2026-08-20,HepatitisB,13.31,10:09:24,2,8,50.54
2026-08-20,HepatitisB,17.61,10:09:54,2,8,50.55
2026-08-20,HepatitisB,9.88,10:10:24,2,8,50.56
2026-08-20,HepatitisB,16.4,10:10:54,2,8,50.57
2026-08-20,HepatitisB,9.1,10:11:24,2,8,50.58
2026-08-20,HepatitisB,3.93,10:11:54,2,8,0.0
2026-08-20,HepatitisB,2.19,10:12:24,2,8,0.0
2026-08-20,HepatitisB,5.77,10:12:54,2,8,0.0
2026-08-20,HepatitisB,16.87,10:13:24,2,8,50.62
2026-08-20,HepatitisB,3.32,10:13:54,2,8,0.0
2026-08-20,HepatitisB,15.26,10:14:24,2,8,50.65
2026-08-20,HepatitisB,13.74,10:14:54,2,8,50.66
2026-08-20,HepatitisB,15.51,10:15:24,2,8,50.67
2026-08-20,HepatitisB,3.94,10:15:54,2,8,0.0
2026-08-20,HepatitisB,13.31,10:16:24,2,8,50.69
2026-08-20,HepatitisB,16.17,10:16:54,2,8,50.7
2026-08-20,HepatitisB,12.83,10:17:24,2,8,50.71
2026-08-20,HepatitisB,9.98,10:17:54,2,8,50.72
2026-08-20,HepatitisB,3.98,10:18:24,2,8,0.0
2026-08-20,HepatitisB,12.41,10:18:54,2,8,50.74
2026-08-20,HepatitisB,17.83,10:19:24,2,8,50.75
2026-08-20,HepatitisB,2.3,10:19:54,2,8,0.0
2026-08-20,HepatitisB,12.5,10:20:24,2,8,50.78
2026-08-20,HepatitisB,4.52,10:20:54,2,8,0.0
2026-08-20,HepatitisB,4.28,10:21:24,2,8,0.0
2026-08-20,HepatitisB,2.33,10:21:54,2,8,0.0
2026-08-20,HepatitisB,4.05,10:22:24,2,8,0.0
2026-08-20,HepatitisB,16.73,10:22:54,2,8,50.83
2026-08-20,HepatitisB,17.08,10:23:24,2,8,50.84
2026-08-20,HepatitisB,2.33,10:23:54,2,8,0.0
2026-08-20,HepatitisB,7.86,10:24:24,2,8,0.0
2026-08-20,HepatitisB,9.1,10:24:54,2,8,50.87
2026-08-20,HepatitisB,10.26,10:25:24,2,8,50.88
2026-08-20,HepatitisB,7.2,10:25:54,2,8,0.0
2026-08-20,HepatitisB,7.23,10:26:24,2,8,0.0
2026-08-20,HepatitisB,3.51,10:26:54,2,8,0.0
2026-08-20,HepatitisB,10.28,10:27:24,2,8,50.93
2026-08-20,HepatitisB,16.06,10:27:54,2,8,50.94
2026-08-20,HepatitisB,14.64,10:28:24,2,8,50.95
2026-08-20,HepatitisB,10.26,10:28:54,2,8,50.96
2026-08-20,HepatitisB,10.14,10:29:24,2,8,50.97
2026-08-20,HepatitisB,16.19,10:29:54,2,8,50.98
2026-08-20,HepatitisB,12.5,10:30:24,2,8,50.99
2026-08-20,HepatitisB,13.29,10:30:54,2,8,51.0
2026-08-20,HepatitisB,17.05,10:31:24,2,8,51.01
2026-08-20,HepatitisB,12.37,10:31:54,2,8,51.02
2026-08-20,HepatitisB,16.3,10:32:24,2,8,51.04
2026-08-20,HepatitisB,6.68,10:32:54,2,8,0.0
2026-08-20,HepatitisB,17.13,10:33:24,2,8,51.06
2026-08-20,HepatitisB,13.36,10:33:54,2,8,51.07
2026-08-20,HepatitisB,11.49,10:34:24,2,8,51.08
2026-08-20,HepatitisB,3.87,10:34:54,2,8,0.0
2026-08-20,HepatitisB,3.06,10:35:24,2,8,0.0
2026-08-20,HepatitisB,14.62,10:35:54,2,8,51.11
2026-08-20,HepatitisB,16.24,10:36:24,2,8,51.12
2026-08-20,HepatitisB,10.94,10:36:54,2,8,51.13
2026-08-20,HepatitisB,7.15,10:37:24,2,8,0.0
2026-08-20,HepatitisB,5.6,10:37:54,2,8,0.0
2026-08-20,HepatitisB,10.69,10:38:24,2,8,51.17
2026-08-20,HepatitisB,14.84,10:38:54,2,8,51.18
2026-08-20,HepatitisB,6.24,10:39:24,2,8,0.0
2026-08-20,HepatitisB,9.54,10:39:54,2,8,51.2
2026-08-20,HepatitisB,15.16,10:40:24,2,8,51.21
2026-08-20,HepatitisB,7.29,10:40:54,2,8,0.0
2026-08-20,HepatitisB,12.27,10:41:24,2,8,51.23
2026-08-20,HepatitisB,4.13,10:41:54,2,8,0.0
2026-08-20,HepatitisB,2.42,10:42:24,2,8,0.0
2026-08-20,HepatitisB,10.94,10:42:54,2,8,51.26
2026-08-20,HepatitisB,11.34,10:43:24,2,8,51.27
2026-08-20,HepatitisB,11.42,10:43:54,2,8,51.29
2026-08-20,HepatitisB,7.26,10:44:24,2,8,0.0
2026-08-20,HepatitisB,5.1,10:44:54,2,8,0.0
2026-08-20,HepatitisB,13.0,10:45:24,2,8,51.32
2026-08-20,HepatitisB,17.96,10:45:54,2,8,51.33
2026-08-20,HepatitisB,2.25,10:46:24,2,8,0.0
2026-08-20,HepatitisB,16.86,10:46:54,2,8,51.35
2026-08-20,HepatitisB,9.9,10:47:24,2,8,51.36
2026-08-20,HepatitisB,16.24,10:47:54,2,8,51.37
2026-08-20,HepatitisB,11.88,10:48:24,2,8,51.38
2026-08-20,HepatitisB,2.78,10:48:54,2,8,0.0
2026-08-20,HepatitisB,17.3,10:49:24,2,8,51.4
2026-08-20,HepatitisB,7.46,10:49:54,2,8,0.0
2026-08-20,HepatitisB,5.37,10:50:24,2,8,0.0
2026-08-20,HepatitisB,16.96,10:50:54,2,8,51.44
2026-08-20,HepatitisB,15.02,10:51:24,2,8,51.45
2026-08-20,HepatitisB,9.77,10:51:54,2,8,51.46
2026-08-20,HepatitisB,14.56,10:52:24,2,8,51.47
2026-08-20,HepatitisB,10.55,10:52:54,2,8,51.48
2026-08-20,HepatitisB,15.84,10:53:24,2,8,51.49
2026-08-20,HepatitisB,9.41,10:53:54,2,8,51.5
2026-08-20,HepatitisB,11.26,10:54:24,2,8,51.51
2026-08-20,HepatitisB,13.61,10:54:54,2,8,51.52
2026-08-20,HepatitisB,11.88,10:55:24,2,8,51.53
2026-08-20,HepatitisB,11.75,10:55:54,2,8,51.55
2026-08-20,HepatitisB,4.9,10:56:24,2,8,0.0
2026-08-20,HepatitisB,6.98,10:56:54,2,8,0.0
2026-08-20,HepatitisB,17.49,10:57:24,2,8,51.58
2026-08-20,HepatitisB,16.24,10:57:54,2,8,51.59
2026-08-20,HepatitisB,11.58,10:58:24,2,8,51.6
2026-08-20,HepatitisB,7.38,10:58:54,2,8,0.0
2026-08-20,HepatitisB,15.4,10:59:24,2,8,51.62
2026-08-20,HepatitisB,14.48,10:59:54,2,8,51.63
2026-08-20,HepatitisB,4.05,11:00:24,2,8,0.0
2026-08-20,HepatitisB,7.58,11:00:54,2,8,0.0
2026-08-20,HepatitisB,7.0,11:01:24,2,8,0.0
2026-08-20,HepatitisB,6.17,11:01:54,2,8,0.0
2026-08-20,HepatitisB,11.93,11:02:24,2,8,51.69
2026-08-20,HepatitisB,12.56,11:02:54,2,8,51.7
2026-08-20,HepatitisB,16.77,11:03:24,2,8,51.71
2026-08-20,HepatitisB,15.38,11:03:54,2,8,51.72
2026-08-20,HepatitisB,3.04,11:04:24,2,8,0.0
2026-08-20,HepatitisB,5.1,11:04:54,2,8,0.0
2026-08-20,HepatitisB,12.71,11:05:24,2,8,51.75
2026-08-20,HepatitisB,7.67,11:05:54,2,8,0.0
2026-08-20,HepatitisB,2.12,11:06:24,2,8,0.0
2026-08-20,HepatitisB,12.59,11:06:54,2,8,51.78
2026-08-20,HepatitisB,15.63,11:07:24,2,8,51.79
2026-08-20,HepatitisB,16.66,11:07:54,2,8,51.81
2026-08-20,HepatitisB,13.07,11:08:24,2,8,51.82
2026-08-20,HepatitisB,16.98,11:08:54,2,8,51.83
2026-08-20,HepatitisB,10.74,11:09:24,2,8,51.84
2026-08-20,HepatitisB,3.61,11:09:54,2,8,0.0
2026-08-20,HepatitisB,10.03,11:10:24,2,8,51.86
2026-08-20,HepatitisB,6.95,11:10:54,2,8,0.0
2026-08-20,HepatitisB,16.6,11:11:24,2,8,51.88
2026-08-20,HepatitisB,6.8,11:11:54,2,8,0.0
2026-08-20,HepatitisB,14.88,11:12:24,2,8,51.9
2026-08-20,HepatitisB,3.95,11:12:54,2,8,0.0
2026-08-20,HepatitisB,6.61,11:13:24,2,8,0.0
2026-08-20,HepatitisB,3.93,11:13:54,2,8,0.0
2026-08-20,HepatitisB,14.13,11:14:24,2,8,51.95
2026-08-20,HepatitisB,3.55,11:14:54,2,8,0.0
2026-08-20,HepatitisB,6.06,11:15:24,2,8,0.0
2026-08-20,HepatitisB,17.29,11:15:54,2,8,51.98
2026-08-20,HepatitisB,2.21,11:16:24,2,8,0.0
2026-08-20,HepatitisB,9.2,11:16:54,2,8,52.0
2026-08-20,HepatitisB,7.2,11:17:24,2,8,0.0
2026-08-20,HepatitisB,14.38,11:17:54,2,8,52.02
2026-08-20,HepatitisB,7.03,11:18:24,2,8,0.0
2026-08-20,HepatitisB,15.17,11:18:54,2,8,52.04
2026-08-20,HepatitisB,12.64,11:19:24,2,8,52.05
2026-08-20,HepatitisB,15.91,11:19:54,2,8,52.06
2026-08-20,HepatitisB,12.28,11:20:24,2,8,52.08
2026-08-20,HepatitisB,6.09,11:20:54,2,8,0.0
2026-08-20,HepatitisB,9.22,11:21:24,2,8,52.1
2026-08-20,HepatitisB,9.44,11:21:54,2,8,52.11
2026-08-20,HepatitisB,7.36,11:22:24,2,8,0.0
2026-08-20,HepatitisB,10.43,11:22:54,2,8,52.13
2026-08-20,HepatitisB,15.83,11:23:24,2,8,52.14
2026-08-20,HepatitisB,7.02,11:23:54,2,8,0.0
2026-08-20,HepatitisB,9.9,11:24:24,2,8,52.16
2026-08-20,HepatitisB,10.16,11:24:54,2,8,52.17
2026-08-20,HepatitisB,3.39,11:25:24,2,8,0.0
2026-08-20,HepatitisB,7.95,11:25:54,2,8,0.0
2026-08-20,HepatitisB,9.77,11:26:24,2,8,52.21
2026-08-20,HepatitisB,14.61,11:26:54,2,8,52.22
2026-08-20,HepatitisB,16.49,11:27:24,2,8,52.23
2026-08-20,HepatitisB,14.36,11:27:54,2,8,52.24
2026-08-20,HepatitisB,7.08,11:28:24,2,8,0.0
2026-08-20,HepatitisB,16.74,11:28:54,2,8,52.26
2026-08-20,HepatitisB,4.77,11:29:24,2,8,0.0
2026-08-20,HepatitisB,4.9,11:29:54,2,8,0.0
2026-08-20,HepatitisB,15.85,11:30:24,2,8,52.29
2026-08-20,HepatitisB,15.28,11:30:54,2,8,52.3
2026-08-20,HepatitisB,17.24,11:31:24,2,8,52.31
2026-08-20,HepatitisB,11.02,11:31:54,2,8,52.33
2026-08-20,HepatitisB,5.67,11:32:24,2,8,0.0
2026-08-20,HepatitisB,15.86,11:32:54,2,8,52.35
2026-08-20,HepatitisB,9.77,11:33:24,2,8,52.36
2026-08-20,HepatitisB,17.8,11:33:54,2,8,52.37
2026-08-20,HepatitisB,13.92,11:34:24,2,8,52.38
2026-08-20,HepatitisB,12.76,11:34:54,2,8,52.39
2026-08-20,HepatitisB,9.51,11:35:24,2,8,52.4
2026-08-20,HepatitisB,4.03,11:35:54,2,8,0.0
2026-08-20,HepatitisB,10.67,11:36:24,2,8,52.42
2026-08-20,HepatitisB,5.5,11:36:54,2,8,0.0
2026-08-20,HepatitisB,14.42,11:37:24,2,8,52.44
2026-08-20,HepatitisB,11.94,11:37:54,2,8,52.46
2026-08-20,HepatitisB,10.36,11:38:24,2,8,52.47
2026-08-20,HepatitisB,6.5,11:38:54,2,8,0.0
2026-08-20,HepatitisB,10.98,11:39:24,2,8,52.49
2026-08-20,HepatitisB,10.27,11:39:54,2,8,52.5
2026-08-20,HepatitisB,6.5,11:40:24,2,8,0.0
2026-08-20,HepatitisB,13.9,11:40:54,2,8,52.52
2026-08-20,HepatitisB,9.01,11:41:24,2,8,52.53
2026-08-20,HepatitisB,17.13,11:41:54,2,8,52.54
2026-08-20,HepatitisB,10.8,11:42:24,2,8,52.55
2026-08-20,HepatitisB,2.43,11:42:54,2,8,0.0
2026-08-20,HepatitisB,4.45,11:43:24,2,8,0.0
2026-08-20,HepatitisB,11.77,11:43:54,2,8,52.59
2026-08-20,HepatitisB,11.72,11:44:24,2,8,52.6
2026-08-20,HepatitisB,7.18,11:44:54,2,8,0.0
2026-08-20,HepatitisB,11.15,11:45:24,2,8,52.62
2026-08-20,HepatitisB,12.2,11:45:54,2,8,52.63
2026-08-20,HepatitisB,5.89,11:46:24,2,8,0.0
2026-08-20,HepatitisB,3.64,11:46:54,2,8,0.0
2026-08-20,HepatitisB,6.15,11:47:24,2,8,0.0
2026-08-20,HepatitisB,12.64,11:47:54,2,8,52.67
2026-08-20,HepatitisB,6.78,11:48:24,2,8,0.0
2026-08-20,HepatitisB,16.85,11:48:54,2,8,52.69
2026-08-20,HepatitisB,3.08,11:49:24,2,8,0.0
2026-08-20,HepatitisB,3.95,11:49:54,2,8,0.0
2026-08-20,HepatitisB,16.42,11:50:24,2,8,52.73
2026-08-20,HepatitisB,7.72,11:50:54,2,8,0.0
2026-08-20,HepatitisB,17.74,11:51:24,2,8,52.75
2026-08-20,HepatitisB,2.92,11:51:54,2,8,0.0
2026-08-20,HepatitisB,3.55,11:52:24,2,8,0.0
2026-08-20,HepatitisB,6.34,11:52:54,2,8,0.0
2026-08-20,HepatitisB,7.26,11:53:24,2,8,0.0
2026-08-20,HepatitisB,6.86,11:53:54,2,8,0.0
2026-08-20,HepatitisB,15.7,11:54:24,2,8,52.81
2026-08-20,HepatitisB,17.01,11:54:54,2,8,52.82
2026-08-20,HepatitisB,17.83,11:55:24,2,8,52.83
2026-08-20,HepatitisB,4.56,11:55:54,2,8,0.0
2026-08-20,HepatitisB,10.71,11:56:24,2,8,52.86
2026-08-20,HepatitisB,16.37,11:56:54,2,8,52.87
2026-08-20,HepatitisB,11.98,11:57:24,2,8,52.88
2026-08-20,HepatitisB,13.82,11:57:54,2,8,52.89
2026-08-20,HepatitisB,7.31,11:58:24,2,8,0.0
2026-08-20,HepatitisB,13.7,11:58:54,2,8,52.91
2026-08-20,HepatitisB,16.91,11:59:24,2,8,52.92
2026-08-20,HepatitisB,3.24,11:59:54,2,8,0.0
2026-08-20,HepatitisB,16.34,12:00:24,2,8,52.94
2026-08-20,HepatitisB,6.22,12:00:54,2,8,0.0
2026-08-20,HepatitisB,2.77,12:01:24,2,8,0.0
2026-08-20,HepatitisB,10.27,12:01:54,2,8,52.98
2026-08-20,HepatitisB,11.77,12:02:24,2,8,52.99
2026-08-20,HepatitisB,17.74,12:02:54,2,8,53.0
2026-08-20,HepatitisB,10.51,12:03:24,2,8,53.01
2026-08-20,HepatitisB,10.05,12:03:54,2,8,53.02
2026-08-20,HepatitisB,4.07,12:04:24,2,8,0.0
2026-08-20,HepatitisB,10.93,12:04:54,2,8,53.04
2026-08-20,HepatitisB,17.12,12:05:24,2,8,53.05
2026-08-20,HepatitisB,12.13,12:05:54,2,8,53.06
2026-08-20,HepatitisB,4.51,12:06:24,2,8,0.0
2026-08-20,HepatitisB,2.39,12:06:54,2,8,0.0
2026-08-20,HepatitisB,14.3,12:07:24,2,8,53.09
2026-08-20,HepatitisB,2.6,12:07:54,2,8,0.0
2026-08-20,HepatitisB,16.03,12:08:24,2,8,53.12
2026-08-20,HepatitisB,2.55,12:08:54,2,8,0.0
2026-08-20,HepatitisB,5.74,12:09:24,2,8,0.0
2026-08-20,HepatitisB,17.3,12:09:54,2,8,53.15
2026-08-20,HepatitisB,16.06,12:10:24,2,8,53.16
2026-08-20,HepatitisB,13.99,12:10:54,2,8,53.17
2026-08-20,HepatitisB,15.12,12:11:24,2,8,53.18
2026-08-20,HepatitisB,9.42,12:11:54,2,8,53.19
2026-08-20,HepatitisB,2.67,12:12:24,2,8,0.0
2026-08-20,HepatitisB,14.24,12:12:54,2,8,53.21
2026-08-20,HepatitisB,2.8,12:13:24,2,8,0.0
2026-08-20,HepatitisB,11.62,12:13:54,2,8,53.24
2026-08-20,HepatitisB,16.52,12:14:24,2,8,53.25
2026-08-20,HepatitisB,17.98,12:14:54,2,8,53.26
2026-08-20,HepatitisB,14.19,12:15:24,2,8,53.27
2026-08-20,HepatitisB,14.45,12:15:54,2,8,53.28
2026-08-20,HepatitisB,16.17,12:16:24,2,8,53.29
2026-08-20,HepatitisB,3.81,12:16:54,2,8,0.0
2026-08-20,HepatitisB,7.23,12:17:24,2,8,0.0
2026-08-20,HepatitisB,16.55,12:17:54,2,8,53.32
2026-08-20,HepatitisB,12.77,12:18:24,2,8,53.33
2026-08-20,HepatitisB,6.5,12:18:54,2,8,0.0
2026-08-20,HepatitisB,16.84,12:19:24,2,8,53.35
2026-08-20,HepatitisB,5.04,12:19:54,2,8,0.0
2026-08-20,HepatitisB,9.94,12:20:24,2,8,53.38
2026-08-20,HepatitisB,17.99,12:20:54,2,8,53.39
2026-08-20,HepatitisB,6.3,12:21:24,2,8,0.0
2026-08-20,HepatitisB,15.86,12:21:54,2,8,53.41
2026-08-20,HepatitisB,17.97,12:22:24,2,8,53.42
2026-08-20,HepatitisB,10.26,12:22:54,2,8,53.43
2026-08-20,HepatitisB,9.79,12:23:24,2,8,53.44
2026-08-20,HepatitisB,14.77,12:23:54,2,8,53.45
2026-08-20,HepatitisB,14.05,12:24:24,2,8,53.46
2026-08-20,HepatitisB,17.9,12:24:54,2,8,53.47
2026-08-20,HepatitisB,4.25,12:25:24,2,8,0.0
2026-08-20,HepatitisB,9.72,12:25:54,2,8,53.49
2026-08-20,HepatitisB,12.19,12:26:24,2,8,53.51
2026-08-20,HepatitisB,10.97,12:26:54,2,8,53.52
2026-08-20,HepatitisB,10.71,12:27:24,2,8,53.53
2026-08-20,HepatitisB,11.5,12:27:54,2,8,53.54
2026-08-20,HepatitisB,7.66,12:28:24,2,8,0.0
2026-08-20,HepatitisB,14.21,12:28:54,2,8,53.56
2026-08-20,HepatitisB,10.31,12:29:24,2,8,53.57
2026-08-20,HepatitisB,11.18,12:29:54,2,8,53.58
2026-08-20,HepatitisB,15.59,12:30:24,2,8,53.59
2026-08-20,HepatitisB,15.02,12:30:54,2,8,53.6
2026-08-20,HepatitisB,14.59,12:31:24,2,8,53.61
2026-08-20,HepatitisB,6.95,12:31:54,2,8,0.0
2026-08-20,HepatitisB,6.07,12:32:24,2,8,0.0
2026-08-20,HepatitisB,14.87,12:32:54,2,8,53.65
2026-08-20,HepatitisB,12.55,12:33:24,2,8,53.66
2026-08-20,HepatitisB,16.65,12:33:54,2,8,53.67
2026-08-20,HepatitisB,11.18,12:34:24,2,8,53.68
2026-08-20,HepatitisB,15.68,12:34:54,2,8,53.69
2026-08-20,HepatitisB,13.24,12:35:24,2,8,53.7
2026-08-20,HepatitisB,17.31,12:35:54,2,8,53.71
2026-08-20,HepatitisB,6.89,12:36:24,2,8,0.0
2026-08-20,HepatitisB,9.79,12:36:54,2,8,53.73
2026-08-20,HepatitisB,2.06,12:37:24,2,8,0.0
2026-08-20,HepatitisB,10.98,12:37:54,2,8,53.76
2026-08-20,HepatitisB,13.7,12:38:24,2,8,53.77
2026-08-20,HepatitisB,6.36,12:38:54,2,8,0.0
2026-08-20,HepatitisB,5.55,12:39:24,2,8,0.0
2026-08-20,HepatitisB,5.85,12:39:54,2,8,0.0
2026-08-20,HepatitisB,11.85,12:40:24,2,8,53.81
2026-08-20,HepatitisB,10.9,12:40:54,2,8,53.82
2026-08-20,HepatitisB,3.79,12:41:24,2,8,0.0
2026-08-20,HepatitisB,7.99,12:41:54,2,8,0.0
2026-08-20,HepatitisB,17.14,12:42:24,2,8,53.85
2026-08-20,HepatitisB,17.94,12:42:54,2,8,53.86
2026-08-20,HepatitisB,2.71,12:43:24,2,8,0.0
2026-08-20,HepatitisB,12.4,12:43:54,2,8,53.89
2026-08-20,HepatitisB,4.91,12:44:24,2,8,0.0
2026-08-20,HepatitisB,11.79,12:44:54,2,8,53.91
2026-08-20,HepatitisB,12.51,12:45:24,2,8,53.92
2026-08-20,HepatitisB,12.55,12:45:54,2,8,53.93
2026-08-20,HepatitisB,6.77,12:46:24,2,8,0.0
2026-08-20,HepatitisB,6.95,12:46:54,2,8,0.0
2026-08-20,HepatitisB,7.08,12:47:24,2,8,0.0
2026-08-20,HepatitisB,9.62,12:47:54,2,8,53.97
2026-08-20,HepatitisB,11.85,12:48:24,2,8,53.98
2026-08-20,HepatitisB,9.12,12:48:54,2,8,53.99
2026-08-20,HepatitisB,15.13,12:49:24,2,8,54.0
2026-08-20,HepatitisB,12.71,12:49:54,2,8,54.02
2026-08-20,HepatitisB,15.63,12:50:24,2,8,54.03
2026-08-20,HepatitisB,5.41,12:50:54,2,8,0.0
2026-08-20,HepatitisB,7.68,12:51:24,2,8,0.0
2026-08-20,HepatitisB,17.93,12:51:54,2,8,54.06
2026-08-20,HepatitisB,2.04,12:52:24,2,8,0.0
2026-08-20,HepatitisB,14.47,12:52:54,2,8,54.08
2026-08-20,HepatitisB,7.23,12:53:24,2,8,0.0
2026-08-20,HepatitisB,2.97,12:53:54,2,8,0.0
2026-08-20,HepatitisB,15.35,12:54:24,2,8,54.11
2026-08-20,HepatitisB,5.0,12:54:54,2,8,0.0
2026-08-20,HepatitisB,9.9,12:55:24,2,8,54.13
2026-08-20,HepatitisB,13.4,12:55:54,2,8,54.15
2026-08-20,HepatitisB,16.48,12:56:24,2,8,54.16
2026-08-20,HepatitisB,17.01,12:56:54,2,8,54.17
2026-08-20,HepatitisB,4.33,12:57:24,2,8,0.0
2026-08-20,HepatitisB,13.83,12:57:54,2,8,54.19
2026-08-20,HepatitisB,7.44,12:58:24,2,8,0.0
2026-08-20,HepatitisB,9.04,12:58:54,2,8,54.21
2026-08-20,HepatitisB,7.95,12:59:24,2,8,0.0
2026-08-20,HepatitisB,15.49,12:59:54,2,8,54.23
2026-08-20,HepatitisB,2.22,13:00:24,2,8,0.0
2026-08-20,HepatitisB,6.85,13:00:54,2,8,0.0
2026-08-20,HepatitisB,10.28,13:01:24,2,8,54.26
2026-08-20,HepatitisB,9.11,13:01:54,2,8,54.27
2026-08-20,HepatitisB,16.44,13:02:24,2,8,54.29
2026-08-20,HepatitisB,13.86,13:02:54,2,8,54.3
2026-08-20,HepatitisB,14.02,13:03:24,2,8,54.31
2026-08-20,HepatitisB,4.46,13:03:54,2,8,0.0
2026-08-20,HepatitisB,10.33,13:04:24,2,8,54.33
2026-08-20,HepatitisB,12.34,13:04:54,2,8,54.34
2026-08-20,HepatitisB,12.45,13:05:24,2,8,54.35
2026-08-20,HepatitisB,6.87,13:05:54,2,8,0.0
2026-08-20,HepatitisB,11.29,13:06:24,2,8,54.37
2026-08-20,HepatitisB,6.43,13:06:54,2,8,0.0
2026-08-20,HepatitisB,5.19,13:07:24,2,8,0.0
2026-08-20,HepatitisB,9.9,13:07:54,2,8,54.41
2026-08-20,HepatitisB,7.88,13:08:24,2,8,0.0
2026-08-20,HepatitisB,6.13,13:08:54,2,8,0.0
2026-08-20,HepatitisB,11.02,13:09:24,2,8,54.44
2026-08-20,HepatitisB,3.21,13:09:54,2,8,0.0
2026-08-20,HepatitisB,3.65,13:10:24,2,8,0.0
2026-08-20,HepatitisB,5.8,13:10:54,2,8,0.0
2026-08-20,HepatitisB,2.93,13:11:24,2,8,0.0
2026-08-20,HepatitisB,11.38,13:11:54,2,8,54.49
2026-08-20,HepatitisB,4.08,13:12:24,2,8,0.0
2026-08-20,HepatitisB,4.42,13:12:54,2,8,0.0
2026-08-20,HepatitisB,17.34,13:13:24,2,8,54.52
2026-08-20,HepatitisB,3.26,13:13:54,2,8,0.0
2026-08-20,HepatitisB,6.22,13:14:24,2,8,0.0
2026-08-20,HepatitisB,16.44,13:14:54,2,8,54.56
2026-08-20,HepatitisB,17.04,13:15:24,2,8,54.57
2026-08-20,HepatitisB,2.67,13:15:54,2,8,0.0
2026-08-20,HepatitisB,2.52,13:16:24,2,8,0.0
2026-08-20,HepatitisB,10.87,13:16:54,2,8,54.6
2026-08-20,HepatitisB,12.41,13:17:24,2,8,54.61
2026-08-20,HepatitisB,17.05,13:17:54,2,8,54.62
2026-08-20,HepatitisB,16.43,13:18:24,2,8,54.63
2026-08-20,HepatitisB,10.44,13:18:54,2,8,54.64
2026-08-20,HepatitisB,7.61,13:19:24,2,8,0.0
2026-08-20,HepatitisB,11.31,13:19:54,2,8,54.66
2026-08-20,HepatitisB,14.06,13:20:24,2,8,54.68
2026-08-20,HepatitisB,6.45,13:20:54,2,8,0.0
2026-08-20,HepatitisB,7.41,13:21:24,2,8,0.0
2026-08-20,HepatitisB,17.92,13:21:54,2,8,54.71
2026-08-20,HepatitisB,10.29,13:22:24,2,8,54.72
2026-08-20,HepatitisB,12.2,13:22:54,2,8,54.73
2026-08-20,HepatitisB,9.2,13:23:24,2,8,54.74
2026-08-20,HepatitisB,12.53,13:23:54,2,8,54.75
2026-08-20,HepatitisB,17.37,13:24:24,2,8,54.76
2026-08-20,HepatitisB,2.57,13:24:54,2,8,0.0
2026-08-20,HepatitisB,16.04,13:25:24,2,8,54.78
2026-08-20,HepatitisB,5.65,13:25:54,2,8,0.0
2026-08-20,HepatitisB,5.42,13:26:24,2,8,0.0
2026-08-20,HepatitisB,17.63,13:26:54,2,8,54.82
2026-08-20,HepatitisB,9.63,13:27:24,2,8,54.83
2026-08-20,HepatitisB,15.52,13:27:54,2,8,54.84
2026-08-20,HepatitisB,4.39,13:28:24,2,8,0.0
2026-08-20,HepatitisB,17.05,13:28:54,2,8,54.86
2026-08-20,HepatitisB,12.12,13:29:24,2,8,54.87
2026-08-20,HepatitisB,10.77,13:29:54,2,8,54.88
2026-08-20,HepatitisB,17.44,13:30:24,2,8,54.89
2026-08-20,HepatitisB,13.34,13:30:54,2,8,54.9
2026-08-20,HepatitisB,14.4,13:31:24,2,8,54.91
2026-08-20,HepatitisB,5.38,13:31:54,2,8,0.0
2026-08-20,HepatitisB,17.14,13:32:24,2,8,54.94
2026-08-20,HepatitisB,6.48,13:32:54,2,8,0.0
2026-08-20,HepatitisB,12.3,13:33:24,2,8,54.96
2026-08-20,HepatitisB,10.92,13:33:54,2,8,54.97
2026-08-20,HepatitisB,3.53,13:34:24,2,8,0.0
2026-08-20,HepatitisB,10.61,13:34:54,2,8,54.99
2026-08-20,HepatitisB,14.24,13:35:24,2,8,55.0
2026-08-20,HepatitisB,12.53,13:35:54,2,8,55.01
2026-08-20,HepatitisB,9.32,13:36:24,2,8,55.02
2026-08-20,HepatitisB,13.94,13:36:54,2,8,55.03
2026-08-20,HepatitisB,14.57,13:37:24,2,8,55.04
2026-08-20,HepatitisB,11.03,13:37:54,2,8,55.06
2026-08-20,HepatitisB,9.24,13:38:24,2,8,55.07
2026-08-20,HepatitisB,5.65,13:38:54,2,8,0.0
2026-08-20,HepatitisB,13.51,13:39:24,2,8,55.09
2026-08-20,HepatitisB,15.0,13:39:54,2,8,55.1
2026-08-20,HepatitisB,9.68,13:40:24,2,8,55.11
2026-08-20,HepatitisB,10.53,13:40:54,2,8,55.12
2026-08-20,HepatitisB,15.25,13:41:24,2,8,55.13
2026-08-20,HepatitisB,3.58,13:41:54,2,8,0.0
2026-08-20,HepatitisB,15.33,13:42:24,2,8,55.15
2026-08-20,HepatitisB,5.53,13:42:54,2,8,0.0
2026-08-20,HepatitisB,12.35,13:43:24,2,8,55.17
2026-08-20,HepatitisB,3.04,13:43:54,2,8,0.0
2026-08-20,HepatitisB,5.64,13:44:24,2,8,0.0
2026-08-20,HepatitisB,14.2,13:44:54,2,8,55.21
2026-08-20,HepatitisB,6.16,13:45:24,2,8,0.0
2026-08-20,HepatitisB,9.79,13:45:54,2,8,55.23
2026-08-20,HepatitisB,12.2,13:46:24,2,8,55.24
2026-08-20,HepatitisB,9.99,13:46:54,2,8,55.25
2026-08-20,HepatitisB,16.23,13:47:24,2,8,55.26
2026-08-20,HepatitisB,17.47,13:47:54,2,8,55.27
2026-08-20,HepatitisB,6.91,13:48:24,2,8,0.0
2026-08-20,HepatitisB,9.66,13:48:54,2,8,55.29
2026-08-20,HepatitisB,7.08,13:49:24,2,8,0.0
2026-08-20,HepatitisB,15.03,13:49:54,2,8,55.31
2026-08-20,HepatitisB,6.21,13:50:24,2,8,0.0
2026-08-20,HepatitisB,13.77,13:50:54,2,8,55.34
2026-08-20,HepatitisB,10.43,13:51:24,2,8,55.35
2026-08-20,HepatitisB,4.16,13:51:54,2,8,0.0
2026-08-20,HepatitisB,14.05,13:52:24,2,8,55.37
2026-08-20,HepatitisB,9.38,13:52:54,2,8,55.38
2026-08-20,HepatitisB,5.04,13:53:24,2,8,0.0
2026-08-20,HepatitisB,11.29,13:53:54,2,8,55.4
2026-08-20,HepatitisB,9.93,13:54:24,2,8,55.41
2026-08-20,HepatitisB,11.72,13:54:54,2,8,55.42
2026-08-20,HepatitisB,11.33,13:55:24,2,8,55.43
2026-08-20,HepatitisB,3.66,13:55:54,2,8,0.0
2026-08-20,HepatitisB,11.2,13:56:24,2,8,55.46
2026-08-20,HepatitisB,17.03,13:56:54,2,8,55.47
2026-08-20,HepatitisB,9.0,13:57:24,2,8,55.48
2026-08-20,HepatitisB,4.68,13:57:54,2,8,0.0
2026-08-20,HepatitisB,4.71,13:58:24,2,8,0.0
2026-08-20,HepatitisB,12.65,13:58:54,2,8,55.51
2026-08-20,HepatitisB,9.9,13:59:24,2,8,55.52
2026-08-20,HepatitisB,15.52,13:59:54,2,8,55.53
2026-08-20,HepatitisB,3.17,14:00:24,2,8,0.0
2026-08-20,HepatitisB,3.9,14:00:54,2,8,0.0
2026-08-20,HepatitisB,14.37,14:01:24,2,8,55.56
2026-08-20,HepatitisB,10.11,14:01:54,2,8,55.58
2026-08-20,HepatitisB,7.28,14:02:24,2,8,0.0
2026-08-20,HepatitisB,7.42,14:02:54,2,8,0.0
2026-08-20,HepatitisB,7.52,14:03:24,2,8,0.0
2026-08-20,HepatitisB,13.87,14:03:54,2,8,55.62
2026-08-20,HepatitisB,6.92,14:04:24,2,8,0.0
2026-08-20,HepatitisB,9.84,14:04:54,2,8,55.64
2026-08-20,HepatitisB,4.54,14:05:24,2,8,0.0
2026-08-20,HepatitisB,6.56,14:05:54,2,8,0.0
2026-08-20,HepatitisB,10.07,14:06:24,2,8,55.67
2026-08-20,HepatitisB,13.55,14:06:54,2,8,55.68
2026-08-20,HepatitisB,6.9,14:07:24,2,8,0.0
2026-08-20,HepatitisB,14.11,14:07:54,2,8,55.71
2026-08-20,HepatitisB,2.85,14:08:24,2,8,0.0
2026-08-20,HepatitisB,6.35,14:08:54,2,8,0.0
2026-08-20,HepatitisB,9.78,14:09:24,2,8,55.74
2026-08-20,HepatitisB,10.52,14:09:54,2,8,55.75
2026-08-20,HepatitisB,3.64,14:10:24,2,8,0.0
2026-08-20,HepatitisB,5.27,14:10:54,2,8,0.0
2026-08-20,HepatitisB,9.27,14:11:24,2,8,55.78
2026-08-20,HepatitisB,7.11,14:11:54,2,8,0.0
2026-08-20,HepatitisB,6.87,14:12:24,2,8,0.0
2026-08-20,HepatitisB,17.46,14:12:54,2,8,55.81
2026-08-20,HepatitisB,2.4,14:13:24,2,8,0.0
2026-08-20,HepatitisB,17.62,14:13:54,2,8,55.84
2026-08-20,HepatitisB,3.15,14:14:24,2,8,0.0
2026-08-20,HepatitisB,7.78,14:14:54,2,8,0.0
2026-08-20,HepatitisB,2.42,14:15:24,2,8,0.0
2026-08-20,HepatitisB,16.81,14:15:54,2,8,55.88
2026-08-20,HepatitisB,9.9,14:16:24,2,8,55.89
2026-08-20,HepatitisB,7.92,14:16:54,2,8,0.0
2026-08-20,HepatitisB,17.46,14:17:24,2,8,55.91
2026-08-20,HepatitisB,15.73,14:17:54,2,8,55.92
2026-08-20,HepatitisB,17.39,14:18:24,2,8,55.93
2026-08-20,HepatitisB,12.03,14:18:54,2,8,55.94
2026-08-20,HepatitisB,16.58,14:19:24,2,8,55.95
2026-08-20,HepatitisB,15.6,14:19:54,2,8,55.96
2026-08-20,HepatitisB,16.23,14:20:24,2,8,55.98
2026-08-20,HepatitisB,7.98,14:20:54,2,8,0.0
2026-08-20,HepatitisB,12.7,14:21:24,2,8,56.0
2026-08-20,HepatitisB,10.82,14:21:54,2,8,56.01
2026-08-20,HepatitisB,13.73,14:22:24,2,8,56.02
2026-08-20,HepatitisB,9.43,14:22:54,2,8,56.03
2026-08-20,HepatitisB,15.32,14:23:24,2,8,56.04
2026-08-20,HepatitisB,3.48,14:23:54,2,8,0.0
2026-08-20,HepatitisB,9.22,14:24:24,2,8,56.06
2026-08-20,HepatitisB,9.6,14:24:54,2,8,56.07
2026-08-20,HepatitisB,6.81,14:25:24,2,8,0.0
2026-08-20,HepatitisB,2.55,14:25:54,2,8,0.0
2026-08-20,HepatitisB,5.86,14:26:24,2,8,0.0
2026-08-20,HepatitisB,7.16,14:26:54,2,8,0.0
2026-08-20,HepatitisB,16.66,14:27:24,2,8,56.13
2026-08-20,HepatitisB,11.39,14:27:54,2,8,56.14
2026-08-20,HepatitisB,17.88,14:28:24,2,8,56.15
2026-08-20,HepatitisB,12.33,14:28:54,2,8,56.16
2026-08-20,HepatitisB,4.29,14:29:24,2,8,0.0
2026-08-20,HepatitisB,10.49,14:29:54,2,8,56.18
2026-08-20,HepatitisB,11.9,14:30:24,2,8,56.19
2026-08-20,HepatitisB,11.42,14:30:54,2,8,56.2
2026-08-20,HepatitisB,17.4,14:31:24,2,8,56.21
2026-08-20,HepatitisB,12.73,14:31:54,2,8,56.23
2026-08-20,HepatitisB,13.41,14:32:24,2,8,56.24
2026-08-20,HepatitisB,7.03,14:32:54,2,8,0.0
2026-08-20,HepatitisB,10.29,14:33:24,2,8,56.26
2026-08-20,HepatitisB,9.16,14:33:54,2,8,56.27
2026-08-20,HepatitisB,6.89,14:34:24,2,8,0.0
2026-08-20,HepatitisB,3.45,14:34:54,2,8,0.0
2026-08-20,HepatitisB,10.74,14:35:24,2,8,56.3
2026-08-20,HepatitisB,16.95,14:35:54,2,8,56.31
2026-08-20,HepatitisB,14.86,14:36:24,2,8,56.32
2026-08-20,HepatitisB,16.89,14:36:54,2,8,56.33
2026-08-20,HepatitisB,11.0,14:37:24,2,8,56.34
2026-08-20,HepatitisB,14.42,14:37:54,2,8,56.36
2026-08-20,HepatitisB,10.6,14:38:24,2,8,56.37
2026-08-20,HepatitisB,17.41,14:38:54,2,8,56.38
2026-08-20,HepatitisB,2.44,14:39:24,2,8,0.0
2026-08-20,HepatitisB,11.62,14:39:54,2,8,56.4
2026-08-20,HepatitisB,7.36,14:40:24,2,8,0.0
2026-08-20,HepatitisB,17.36,14:40:54,2,8,56.42
2026-08-20,HepatitisB,13.65,14:41:24,2,8,56.43
2026-08-20,HepatitisB,15.82,14:41:54,2,8,56.44
2026-08-20,HepatitisB,3.45,14:42:24,2,8,0.0
2026-08-20,HepatitisB,15.52,14:42:54,2,8,56.46
2026-08-20,HepatitisB,6.37,14:43:24,2,8,0.0
2026-08-20,HepatitisB,14.23,14:43:54,2,8,56.49
2026-08-20,HepatitisB,6.46,14:44:24,2,8,0.0
2026-08-20,HepatitisB,15.29,14:44:54,2,8,56.51
2026-08-20,HepatitisB,6.54,14:45:24,2,8,0.0
2026-08-20,HepatitisB,11.76,14:45:54,2,8,56.53
2026-08-20,HepatitisB,11.09,14:46:24,2,8,56.54
2026-08-20,HepatitisB,10.77,14:46:54,2,8,56.55
2026-08-20,HepatitisB,15.04,14:47:24,2,8,56.56
2026-08-20,HepatitisB,2.88,14:47:54,2,8,0.0
2026-08-20,HepatitisB,17.79,14:48:24,2,8,56.58
2026-08-20,HepatitisB,14.81,14:48:54,2,8,56.59
2026-08-20,HepatitisB,9.93,14:49:24,2,8,56.6
2026-08-20,HepatitisB,2.03,14:49:54,2,8,0.0
2026-08-20,HepatitisB,9.03,14:50:24,2,8,56.63
2026-08-20,HepatitisB,4.53,14:50:54,2,8,0.0
2026-08-20,HepatitisB,3.61,14:51:24,2,8,0.0
2026-08-20,HepatitisB,13.79,14:51:54,2,8,56.66
2026-08-20,HepatitisB,7.12,14:52:24,2,8,0.0
2026-08-20,HepatitisB,6.62,14:52:54,2,8,0.0
2026-08-20,HepatitisB,15.05,14:53:24,2,8,56.69
2026-08-20,HepatitisB,5.01,14:53:54,2,8,0.0
2026-08-20,HepatitisB,17.68,14:54:24,2,8,56.71
2026-08-20,HepatitisB,16.76,14:54:54,2,8,56.72
2026-08-20,HepatitisB,4.89,14:55:24,2,8,0.0
2026-08-20,HepatitisB,7.2,14:55:54,2,8,0.0
2026-08-20,HepatitisB,16.38,14:56:24,2,8,56.76
2026-08-20,HepatitisB,13.26,14:56:54,2,8,56.77
2026-08-20,HepatitisB,4.05,14:57:24,2,8,0.0
2026-08-20,HepatitisB,17.05,14:57:54,2,8,56.79
2026-08-20,HepatitisB,9.32,14:58:24,2,8,56.8
2026-08-20,HepatitisB,15.85,14:58:54,2,8,56.81
2026-08-20,HepatitisB,5.85,14:59:24,2,8,0.0
2026-08-20,HepatitisB,15.5,14:59:54,2,8,56.83
2026-08-20,HepatitisB,14.02,15:00:24,2,8,56.84
2026-08-20,HepatitisB,16.27,15:00:54,2,8,56.85
2026-08-20,HepatitisB,17.02,15:01:24,2,8,56.86
2026-08-20,HepatitisB,17.34,15:01:54,2,8,56.88
2026-08-20,HepatitisB,10.26,15:02:24,2,8,56.89
2026-08-20,HepatitisB,2.59,15:02:54,2,8,0.0
2026-08-20,HepatitisB,7.49,15:03:24,2,8,0.0
2026-08-20,HepatitisB,16.73,15:03:54,2,8,56.92
2026-08-20,HepatitisB,5.29,15:04:24,2,8,0.0
2026-08-20,HepatitisB,14.21,15:04:54,2,8,56.94
2026-08-20,HepatitisB,14.1,15:05:24,2,8,56.95
2026-08-20,HepatitisB,5.01,15:05:54,2,8,0.0
2026-08-20,HepatitisB,11.84,15:06:24,2,8,56.97
2026-08-20,HepatitisB,2.32,15:06:54,2,8,0.0
2026-08-20,HepatitisB,13.09,15:07:24,2,8,56.99
2026-08-20,HepatitisB,16.01,15:07:54,2,8,57.01
2026-08-20,HepatitisB,15.58,15:08:24,2,8,57.02
2026-08-20,HepatitisB,4.49,15:08:54,2,8,0.0
2026-08-20,HepatitisB,6.13,15:09:24,2,8,0.0
2026-08-20,HepatitisB,15.88,15:09:54,2,8,57.05
2026-08-20,HepatitisB,11.73,15:10:24,2,8,57.06
2026-08-20,HepatitisB,3.47,15:10:54,2,8,0.0
2026-08-20,HepatitisB,14.47,15:11:24,2,8,57.08
2026-08-20,HepatitisB,6.59,15:11:54,2,8,0.0
2026-08-20,HepatitisB,9.05,15:12:24,2,8,57.1
2026-08-20,HepatitisB,12.87,15:12:54,2,8,57.11
2026-08-20,HepatitisB,16.19,15:13:24,2,8,57.12
2026-08-20,HepatitisB,6.13,15:13:54,2,8,0.0
2026-08-20,HepatitisB,11.11,15:14:24,2,8,57.15
2026-08-20,HepatitisB,3.52,15:14:54,2,8,0.0
2026-08-20,HepatitisB,11.78,15:15:24,2,8,57.17
2026-08-20,HepatitisB,7.84,15:15:54,2,8,0.0
2026-08-20,HepatitisB,3.97,15:16:24,2,8,0.0
2026-08-20,HepatitisB,3.91,15:16:54,2,8,0.0
2026-08-20,HepatitisB,10.46,15:17:24,2,8,57.21
2026-08-20,HepatitisB,6.45,15:17:54,2,8,0.0
2026-08-20,HepatitisB,4.19,15:18:24,2,8,0.0
2026-08-20,HepatitisB,10.46,15:18:54,2,8,57.24
2026-08-20,HepatitisB,15.29,15:19:24,2,8,57.25
2026-08-20,HepatitisB,6.43,15:19:54,2,8,0.0
2026-08-20,HepatitisB,14.25,15:20:24,2,8,57.28
2026-08-20,HepatitisB,16.7,15:20:54,2,8,57.29
2026-08-20,HepatitisB,11.13,15:21:24,2,8,57.3
2026-08-20,HepatitisB,10.06,15:21:54,2,8,57.31
2026-08-20,HepatitisB,11.18,15:22:24,2,8,57.32
2026-08-20,HepatitisB,10.25,15:22:54,2,8,57.33
2026-08-20,HepatitisB,6.65,15:23:24,2,8,0.0
2026-08-20,HepatitisB,6.97,15:23:54,2,8,0.0
2026-08-20,HepatitisB,11.48,15:24:24,2,8,57.36
2026-08-20,HepatitisB,10.02,15:24:54,2,8,57.37
2026-08-20,HepatitisB,15.6,15:25:24,2,8,57.38
2026-08-20,HepatitisB,14.78,15:25:54,2,8,57.4
2026-08-20,HepatitisB,3.72,15:26:24,2,8,0.0
2026-08-20,HepatitisB,16.17,15:26:54,2,8,57.42
2026-08-20,HepatitisB,15.29,15:27:24,2,8,57.43
2026-08-20,HepatitisB,2.11,15:27:54,2,8,0.0
2026-08-20,HepatitisB,10.81,15:28:24,2,8,57.45
2026-08-20,HepatitisB,17.21,15:28:54,2,8,57.46
2026-08-20,HepatitisB,7.03,15:29:24,2,8,0.0
2026-08-20,HepatitisB,14.73,15:29:54,2,8,57.48
2026-08-20,HepatitisB,5.29,15:30:24,2,8,0.0
2026-08-20,HepatitisB,11.57,15:30:54,2,8,57.5
2026-08-20,HepatitisB,17.81,15:31:24,2,8,57.51
2026-08-20,HepatitisB,14.86,15:31:54,2,8,57.52
2026-08-20,HepatitisB,9.72,15:32:24,2,8,57.54
2026-08-20,HepatitisB,13.32,15:32:54,2,8,57.55
2026-08-20,HepatitisB,5.83,15:33:24,2,8,0.0
2026-08-20,HepatitisB,16.42,15:33:54,2,8,57.57
2026-08-20,HepatitisB,4.28,15:34:24,2,8,0.0
2026-08-20,HepatitisB,7.71,15:34:54,2,8,0.0
2026-08-20,HepatitisB,16.71,15:35:24,2,8,57.6
2026-08-20,HepatitisB,15.03,15:35:54,2,8,57.61
2026-08-20,HepatitisB,15.79,15:36:24,2,8,57.62
2026-08-20,HepatitisB,15.72,15:36:54,2,8,57.63
2026-08-20,HepatitisB,14.68,15:37:24,2,8,57.64
2026-08-20,HepatitisB,14.43,15:37:54,2,8,57.66
2026-08-20,HepatitisB,6.52,15:38:24,2,8,0.0
2026-08-20,HepatitisB,17.95,15:38:54,2,8,57.68
2026-08-20,HepatitisB,17.75,15:39:24,2,8,57.69
2026-08-20,HepatitisB,13.32,15:39:54,2,8,57.7
2026-08-20,HepatitisB,17.09,15:40:24,2,8,57.71
2026-08-20,HepatitisB,17.67,15:40:54,2,8,57.72
2026-08-20,HepatitisB,12.66,15:41:24,2,8,57.73
2026-08-20,HepatitisB,11.27,15:41:54,2,8,57.74
2026-08-20,HepatitisB,12.4,15:42:24,2,8,57.75
2026-08-20,HepatitisB,12.41,15:42:54,2,8,57.76
2026-08-20,HepatitisB,5.88,15:43:24,2,8,0.0
2026-08-20,HepatitisB,10.98,15:43:54,2,8,57.79
2026-08-20,HepatitisB,10.93,15:44:24,2,8,57.8
2026-08-20,HepatitisB,7.11,15:44:54,2,8,0.0
2026-08-20,HepatitisB,17.25,15:45:24,2,8,57.82
2026-08-20,HepatitisB,13.47,15:45:54,2,8,57.83
2026-08-20,HepatitisB,12.46,15:46:24,2,8,57.84
2026-08-20,HepatitisB,2.33,15:46:54,2,8,0.0
2026-08-20,HepatitisB,9.77,15:47:24,2,8,57.86
2026-08-20,HepatitisB,10.81,15:47:54,2,8,57.87
2026-08-20,HepatitisB,2.89,15:48:24,2,8,0.0
2026-08-20,HepatitisB,5.27,15:48:54,2,8,0.0
2026-08-20,HepatitisB,14.06,15:49:24,2,8,57.9
2026-08-20,HepatitisB,4.02,15:49:54,2,8,0.0
2026-08-20,HepatitisB,14.33,15:50:24,2,8,57.93
2026-08-20,HepatitisB,12.4,15:50:54,2,8,57.94
2026-08-20,HepatitisB,16.74,15:51:24,2,8,57.95
2026-08-20,HepatitisB,5.61,15:51:54,2,8,0.0
2026-08-20,HepatitisB,14.57,15:52:24,2,8,57.97
2026-08-20,HepatitisB,17.3,15:52:54,2,8,57.98
2026-08-20,HepatitisB,3.31,15:53:24,2,8,0.0
2026-08-20,HepatitisB,3.72,15:53:54,2,8,0.0
2026-08-20,HepatitisB,5.58,15:54:24,2,8,0.0
2026-08-20,HepatitisB,12.05,15:54:54,2,8,58.02
2026-08-20,HepatitisB,17.43,15:55:24,2,8,58.03
2026-08-20,HepatitisB,11.35,15:55:54,2,8,58.05
2026-08-20,HepatitisB,12.98,15:56:24,2,8,58.06
2026-08-20,HepatitisB,11.24,15:56:54,2,8,58.07
2026-08-20,HepatitisB,15.13,15:57:24,2,8,58.08
2026-08-20,HepatitisB,7.28,15:57:54,2,8,0.0
2026-08-20,HepatitisB,2.95,15:58:24,2,8,0.0
2026-08-20,HepatitisB,16.13,15:58:54,2,8,58.11
2026-08-20,HepatitisB,14.29,15:59:24,2,8,58.12
2026-08-20,HepatitisB,10.93,15:59:54,2,8,58.13
2026-08-20,HepatitisB,10.57,16:00:24,2,8,58.14
2026-08-20,HepatitisB,14.58,16:00:54,2,8,58.15
2026-08-20,HepatitisB,11.61,16:01:24,2,8,58.16
2026-08-20,HepatitisB,11.84,16:01:54,2,8,58.18
2026-08-20,HepatitisB,17.11,16:02:24,2,8,58.19
2026-08-20,HepatitisB,15.73,16:02:54,2,8,58.2
2026-08-20,HepatitisB,15.72,16:03:24,2,8,58.21
2026-08-20,HepatitisB,10.37,16:03:54,2,8,58.22
2026-08-20,HepatitisB,12.49,16:04:24,2,8,58.23
2026-08-20,HepatitisB,9.82,16:04:54,2,8,58.24
2026-08-20,HepatitisB,12.63,16:05:24,2,8,58.25
2026-08-20,HepatitisB,6.33,16:05:54,2,8,0.0
2026-08-20,HepatitisB,3.96,16:06:24,2,8,0.0
2026-08-20,HepatitisB,9.52,16:06:54,2,8,58.28
2026-08-20,HepatitisB,9.77,16:07:24,2,8,58.29
2026-08-20,HepatitisB,2.53,16:07:54,2,8,0.0
2026-08-20,HepatitisB,10.5,16:08:24,2,8,58.32
2026-08-20,HepatitisB,4.84,16:08:54,2,8,0.0
2026-08-20,HepatitisB,17.66,16:09:24,2,8,58.34
2026-08-20,HepatitisB,11.04,16:09:54,2,8,58.35
2026-08-20,HepatitisB,12.17,16:10:24,2,8,58.36
2026-08-20,HepatitisB,15.46,16:10:54,2,8,58.37
2026-08-20,HepatitisB,15.58,16:11:24,2,8,58.38
2026-08-20,HepatitisB,7.88,16:11:54,2,8,0.0
2026-08-20,HepatitisB,6.44,16:12:24,2,8,0.0
2026-08-20,HepatitisB,7.55,16:12:54,2,8,0.0
2026-08-20,HepatitisB,17.26,16:13:24,2,8,58.42
2026-08-20,HepatitisB,2.12,16:13:54,2,8,0.0
2026-08-20,HepatitisB,11.37,16:14:24,2,8,58.45
2026-08-20,HepatitisB,12.93,16:14:54,2,8,58.46
2026-08-20,HepatitisB,10.72,16:15:24,2,8,58.47
2026-08-20,HepatitisB,12.74,16:15:54,2,8,58.48
2026-08-20,HepatitisB,15.88,16:16:24,2,8,58.49
2026-08-20,HepatitisB,6.65,16:16:54,2,8,0.0
2026-08-20,HepatitisB,6.48,16:17:24,2,8,0.0
2026-08-20,HepatitisB,11.31,16:17:54,2,8,58.52
2026-08-20,HepatitisB,6.37,16:18:24,2,8,0.0
2026-08-20,HepatitisB,4.14,16:18:54,2,8,0.0
2026-08-20,HepatitisB,4.92,16:19:24,2,8,0.0
2026-08-20,HepatitisB,16.54,16:19:54,2,8,58.56
2026-08-20,HepatitisB,3.86,16:20:24,2,8,0.0
2026-08-20,HepatitisB,16.97,16:20:54,2,8,58.59
2026-08-20,HepatitisB,16.87,16:21:24,2,8,58.6
2026-08-20,HepatitisB,5.04,16:21:54,2,8,0.0
2026-08-20,HepatitisB,16.27,16:22:24,2,8,58.62
2026-08-20,HepatitisB,4.39,16:22:54,2,8,0.0
2026-08-20,HepatitisB,5.54,16:23:24,2,8,0.0
2026-08-20,HepatitisB,17.51,16:23:54,2,8,58.65
2026-08-20,HepatitisB,9.95,16:24:24,2,8,58.66
2026-08-20,HepatitisB,3.68,16:24:54,2,8,0.0
2026-08-20,HepatitisB,7.63,16:25:24,2,8,0.0
2026-08-20,HepatitisB,16.1,16:25:54,2,8,58.7
2026-08-20,HepatitisB,12.71,16:26:24,2,8,58.71
2026-08-20,HepatitisB,9.87,16:26:54,2,8,58.72
2026-08-20,HepatitisB,17.31,16:27:24,2,8,58.73
2026-08-20,HepatitisB,7.23,16:27:54,2,8,0.0
2026-08-20,HepatitisB,10.47,16:28:24,2,8,58.75
2026-08-20,HepatitisB,3.19,16:28:54,2,8,0.0
2026-08-20,HepatitisB,13.28,16:29:24,2,8,58.77
2026-08-20,HepatitisB,7.33,16:29:54,2,8,0.0
2026-08-20,HepatitisB,6.01,16:30:24,2,8,0.0
2026-08-20,HepatitisB,10.68,16:30:54,2,8,58.8
2026-08-20,HepatitisB,2.96,16:31:24,2,8,0.0
2026-08-20,HepatitisB,13.72,16:31:54,2,8,58.83
2026-08-20,HepatitisB,7.93,16:32:24,2,8,0.0
2026-08-20,HepatitisB,11.6,16:32:54,2,8,58.85
2026-08-20,HepatitisB,15.41,16:33:24,2,8,58.86
2026-08-20,HepatitisB,17.61,16:33:54,2,8,58.87
2026-08-20,HepatitisB,9.29,16:34:24,2,8,58.88
2026-08-20,HepatitisB,7.64,16:34:54,2,8,0.0
2026-08-20,HepatitisB,14.33,16:35:24,2,8,58.9
2026-08-20,HepatitisB,15.77,16:35:54,2,8,58.91
2026-08-20,HepatitisB,5.17,16:36:24,2,8,0.0
2026-08-20,HepatitisB,5.93,16:36:54,2,8,0.0
2026-08-20,HepatitisB,12.13,16:37:24,2,8,58.94
2026-08-20,HepatitisB,2.39,16:37:54,2,8,0.0
2026-08-20,HepatitisB,3.94,16:38:24,2,8,0.0
2026-08-20,HepatitisB,6.03,16:38:54,2,8,0.0
2026-08-20,HepatitisB,6.69,16:39:24,2,8,0.0
2026-08-20,HepatitisB,6.6,16:39:54,2,8,0.0
2026-08-20,HepatitisB,5.2,16:40:24,2,8,0.0
2026-08-20,HepatitisB,10.22,16:40:54,2,8,59.02
2026-08-20,HepatitisB,7.4,16:41:24,2,8,0.0
2026-08-20,HepatitisB,15.83,16:41:54,2,8,59.04
2026-08-20,HepatitisB,16.51,16:42:24,2,8,59.05
2026-08-20,HepatitisB,12.01,16:42:54,2,8,59.06
2026-08-20,HepatitisB,13.54,16:43:24,2,8,59.07
2026-08-20,HepatitisB,14.24,16:43:54,2,8,59.09
2026-08-20,HepatitisB,4.14,16:44:24,2,8,0.0
2026-08-20,HepatitisB,17.35,16:44:54,2,8,59.11
2026-08-20,HepatitisB,9.57,16:45:24,2,8,59.12
2026-08-20,HepatitisB,3.07,16:45:54,2,8,0.0
2026-08-20,HepatitisB,14.99,16:46:24,2,8,59.14
2026-08-20,HepatitisB,10.57,16:46:54,2,8,59.15
2026-08-20,HepatitisB,16.92,16:47:24,2,8,59.16
2026-08-20,HepatitisB,12.57,16:47:54,2,8,59.17
2026-08-20,HepatitisB,6.67,16:48:24,2,8,0.0
2026-08-20,HepatitisB,15.76,16:48:54,2,8,59.19
2026-08-20,HepatitisB,3.72,16:49:24,2,8,0.0
2026-08-20,HepatitisB,12.24,16:49:54,2,8,59.21
2026-08-20,HepatitisB,7.45,16:50:24,2,8,0.0
2026-08-20,HepatitisB,17.27,16:50:54,2,8,59.24
2026-08-20,HepatitisB,17.49,16:51:24,2,8,59.25
2026-08-20,HepatitisB,9.21,16:51:54,2,8,59.26
2026-08-20,HepatitisB,2.6,16:52:24,2,8,0.0
2026-08-20,HepatitisB,15.07,16:52:54,2,8,59.28
2026-08-20,HepatitisB,11.23,16:53:24,2,8,59.29
2026-08-20,HepatitisB,13.77,16:53:54,2,8,59.3
2026-08-20,HepatitisB,13.31,16:54:24,2,8,59.31
2026-08-20,HepatitisB,13.25,16:54:54,2,8,59.32
2026-08-20,HepatitisB,10.05,16:55:24,2,8,59.33
2026-08-20,HepatitisB,7.64,16:55:54,2,8,0.0
2026-08-20,HepatitisB,14.9,16:56:24,2,8,59.36
2026-08-20,HepatitisB,12.29,16:56:54,2,8,59.37
2026-08-20,HepatitisB,5.91,16:57:24,2,8,0.0
2026-08-20,HepatitisB,6.46,16:57:54,2,8,0.0
2026-08-20,HepatitisB,13.52,16:58:24,2,8,59.4
2026-08-20,HepatitisB,2.0,16:58:54,2,8,0.0
2026-08-20,HepatitisB,9.58,16:59:24,2,8,59.42
2026-08-20,HepatitisB,12.99,16:59:54,2,8,59.43
2026-08-20,HepatitisB,4.26,17:00:24,2,8,0.0
2026-08-20,HepatitisB,6.55,17:00:54,2,8,0.0
2026-08-20,HepatitisB,7.84,17:01:24,2,8,0.0
2026-08-20,HepatitisB,10.04,17:01:54,2,8,59.48
2026-08-20,HepatitisB,14.82,17:02:24,2,8,59.49
2026-08-20,HepatitisB,7.53,17:02:54,2,8,0.0
2026-08-20,HepatitisB,16.87,17:03:24,2,8,59.51
2026-08-20,HepatitisB,3.91,17:03:54,2,8,0.0
2026-08-20,HepatitisB,17.95,17:04:24,2,8,59.53
2026-08-20,HepatitisB,2.25,17:04:54,2,8,0.0
2026-08-20,HepatitisB,6.95,17:05:24,2,8,0.0
2026-08-20,HepatitisB,16.46,17:05:54,2,8,59.56
2026-08-20,HepatitisB,9.99,17:06:24,2,8,59.57
2026-08-20,HepatitisB,9.27,17:06:54,2,8,59.58
2026-08-20,HepatitisB,2.47,17:07:24,2,8,0.0
2026-08-20,HepatitisB,12.85,17:07:54,2,8,59.61
2026-08-20,HepatitisB,7.76,17:08:24,2,8,0.0
2026-08-20,HepatitisB,16.11,17:08:54,2,8,59.63
2026-08-20,HepatitisB,10.18,17:09:24,2,8,59.64
2026-08-20,HepatitisB,17.89,17:09:54,2,8,59.65
2026-08-20,HepatitisB,13.71,17:10:24,2,8,59.66
2026-08-20,HepatitisB,17.43,17:10:54,2,8,59.67
2026-08-20,HepatitisB,3.8,17:11:24,2,8,0.0
2026-08-20,HepatitisB,4.32,17:11:54,2,8,0.0
2026-08-20,HepatitisB,17.66,17:12:24,2,8,59.7
2026-08-20,HepatitisB,7.6,17:12:54,2,8,0.0
2026-08-20,HepatitisB,11.34,17:13:24,2,8,59.72
2026-08-20,HepatitisB,10.7,17:13:54,2,8,59.74
2026-08-20,HepatitisB,5.72,17:14:24,2,8,0.0
2026-08-20,HepatitisB,2.24,17:14:54,2,8,0.0
2026-08-20,HepatitisB,5.31,17:15:24,2,8,0.0
2026-08-20,HepatitisB,14.53,17:15:54,2,8,59.78
2026-08-20,HepatitisB,16.19,17:16:24,2,8,59.79
2026-08-20,HepatitisB,7.34,17:16:54,2,8,0.0
2026-08-20,HepatitisB,5.36,17:17:24,2,8,0.0
2026-08-20,HepatitisB,12.08,17:17:54,2,8,59.82
2026-08-20,HepatitisB,12.15,17:18:24,2,8,59.83
2026-08-20,HepatitisB,17.18,17:18:54,2,8,59.84
2026-08-20,HepatitisB,16.97,17:19:24,2,8,59.85
2026-08-20,HepatitisB,13.51,17:19:54,2,8,59.86
2026-08-20,HepatitisB,15.0,17:20:24,2,8,59.88
2026-08-20,HepatitisB,17.68,17:20:54,2,8,59.89
2026-08-20,HepatitisB,2.44,17:21:24,2,8,0.0
2026-08-20,HepatitisB,6.26,17:21:54,2,8,0.0
2026-08-20,HepatitisB,7.39,17:22:24,2,8,0.0
2026-08-20,HepatitisB,13.52,17:22:54,2,8,59.93
2026-08-20,HepatitisB,15.1,17:23:24,2,8,59.94
2026-08-20,HepatitisB,17.05,17:23:54,2,8,59.95
2026-08-20,HepatitisB,6.87,17:24:24,2,8,0.0
2026-08-20,HepatitisB,9.65,17:24:54,2,8,59.97
2026-08-20,HepatitisB,13.1,17:25:24,2,8,59.98
2026-08-20,HepatitisB,7.72,17:25:54,2,8,0.0
2026-08-20,HepatitisB,11.02,17:26:24,2,8,60.01
2026-08-20,HepatitisB,14.0,17:26:54,2,8,60.02
2026-08-20,HepatitisB,11.0,17:27:24,2,8,60.03
2026-08-20,HepatitisB,3.68,17:27:54,2,8,0.0
2026-08-20,HepatitisB,2.31,17:28:24,2,8,0.0
2026-08-20,HepatitisB,4.0,17:28:54,2,8,0.0
2026-08-20,HepatitisB,7.53,17:29:24,2,8,0.0
2026-08-20,HepatitisB,13.39,17:29:54,2,8,60.08
2026-08-20,HepatitisB,13.97,17:30:24,2,8,60.09
2026-08-20,HepatitisB,14.61,17:30:54,2,8,60.1
2026-08-20,HepatitisB,6.57,17:31:24,2,8,0.0
2026-08-20,HepatitisB,9.98,17:31:54,2,8,60.12
2026-08-20,HepatitisB,3.35,17:32:24,2,8,0.0
2026-08-20,HepatitisB,9.66,17:32:54,2,8,60.15
2026-08-20,HepatitisB,7.88,17:33:24,2,8,0.0
2026-08-20,HepatitisB,11.26,17:33:54,2,8,60.17
2026-08-20,HepatitisB,16.64,17:34:24,2,8,60.18
2026-08-20,HepatitisB,11.07,17:34:54,2,8,60.19
2026-08-20,HepatitisB,3.4,17:35:24,2,8,0.0
2026-08-20,HepatitisB,2.26,17:35:54,2,8,0.0
2026-08-20,HepatitisB,17.62,17:36:24,2,8,60.22
2026-08-20,HepatitisB,2.14,17:36:54,2,8,0.0
2026-08-20,HepatitisB,14.22,17:37:24,2,8,60.24
2026-08-20,HepatitisB,14.07,17:37:54,2,8,60.26
2026-08-20,HepatitisB,10.56,17:38:24,2,8,60.27
2026-08-20,HepatitisB,4.64,17:38:54,2,8,0.0
2026-08-20,HepatitisB,5.96,17:39:24,2,8,0.0
2026-08-20,HepatitisB,13.5,17:39:54,2,8,60.3
2026-08-20,HepatitisB,11.14,17:40:24,2,8,60.31
2026-08-20,HepatitisB,13.96,17:40:54,2,8,60.32
2026-08-20,HepatitisB,12.56,17:41:24,2,8,60.33
2026-08-20,HepatitisB,10.38,17:41:54,2,8,60.34
2026-08-20,HepatitisB,3.7,17:42:24,2,8,0.0
2026-08-20,HepatitisB,9.87,17:42:54,2,8,60.36
2026-08-20,HepatitisB,16.24,17:43:24,2,8,60.37
2026-08-20,HepatitisB,17.48,17:43:54,2,8,60.39
2026-08-20,HepatitisB,4.13,17:44:24,2,8,0.0
2026-08-20,HepatitisB,7.94,17:44:54,2,8,0.0
2026-08-20,HepatitisB,14.88,17:45:24,2,8,60.42
2026-08-20,HepatitisB,2.2,17:45:54,2,8,0.0
2026-08-20,HepatitisB,12.77,17:46:24,2,8,60.44
2026-08-20,HepatitisB,4.66,17:46:54,2,8,0.0
2026-08-20,HepatitisB,17.76,17:47:24,2,8,60.46
2026-08-20,HepatitisB,13.29,17:47:54,2,8,60.47
2026-08-20,HepatitisB,14.14,17:48:24,2,8,60.48
2026-08-20,HepatitisB,14.3,17:48:54,2,8,60.49
2026-08-20,HepatitisB,16.15,17:49:24,2,8,60.5
2026-08-20,HepatitisB,11.0,17:49:54,2,8,60.52
2026-08-20,HepatitisB,15.55,17:50:24,2,8,60.53
2026-08-20,HepatitisB,6.54,17:50:54,2,8,0.0
2026-08-20,HepatitisB,17.32,17:51:24,2,8,60.55
2026-08-20,HepatitisB,4.59,17:51:54,2,8,0.0
2026-08-20,HepatitisB,12.31,17:52:24,2,8,60.57
2026-08-20,HepatitisB,14.19,17:52:54,2,8,60.58
2026-08-20,HepatitisB,6.8,17:53:24,2,8,0.0
2026-08-20,HepatitisB,15.88,17:53:54,2,8,60.6
2026-08-20,HepatitisB,3.82,17:54:24,2,8,0.0
2026-08-20,HepatitisB,17.34,17:54:54,2,8,60.62
2026-08-20,HepatitisB,2.67,17:55:24,2,8,0.0
2026-08-20,HepatitisB,13.05,17:55:54,2,8,60.65
2026-08-20,HepatitisB,12.53,17:56:24,2,8,60.66
2026-08-20,HepatitisB,14.29,17:56:54,2,8,60.67
2026-08-20,HepatitisB,16.34,17:57:24,2,8,60.68
2026-08-20,HepatitisB,4.42,17:57:54,2,8,0.0
2026-08-20,HepatitisB,7.73,17:58:24,2,8,0.0
2026-08-20,HepatitisB,11.86,17:58:54,2,8,60.71
2026-08-20,HepatitisB,14.32,17:59:24,2,8,60.72
2026-08-20,HepatitisB,13.66,17:59:54,2,8,60.73
2026-08-20,HepatitisB,3.72,18:00:24,2,8,0.0
2026-08-20,HepatitisB,15.19,18:00:54,2,8,60.75
2026-08-20,HepatitisB,15.4,18:01:24,2,8,60.76
2026-08-20,HepatitisB,17.22,18:01:54,2,8,60.77
2026-08-20,HepatitisB,6.23,18:02:24,2,8,0.0
2026-08-20,HepatitisB,17.9,18:02:54,2,8,60.8
2026-08-20,HepatitisB,6.76,18:03:24,2,8,0.0
2026-08-20,HepatitisB,17.68,18:03:54,2,8,60.82
2026-08-20,HepatitisB,10.0,18:04:24,2,8,60.83
2026-08-20,HepatitisB,11.14,18:04:54,2,8,60.84
2026-08-20,HepatitisB,2.09,18:05:24,2,8,0.0
2026-08-20,HepatitisB,7.4,18:05:54,2,8,0.0
2026-08-20,HepatitisB,3.76,18:06:24,2,8,0.0
2026-08-20,HepatitisB,15.21,18:06:54,2,8,60.88
2026-08-20,HepatitisB,3.07,18:07:24,2,8,0.0
2026-08-20,HepatitisB,2.13,18:07:54,2,8,0.0
2026-08-20,HepatitisB,15.17,18:08:24,2,8,60.92
2026-08-20,HepatitisB,16.05,18:08:54,2,8,60.93
2026-08-20,HepatitisB,16.52,18:09:24,2,8,60.94
2026-08-20,HepatitisB,13.25,18:09:54,2,8,60.95
2026-08-20,HepatitisB,9.02,18:10:24,2,8,60.96
2026-08-20,HepatitisB,3.2,18:10:54,2,8,0.0
2026-08-20,HepatitisB,5.99,18:11:24,2,8,0.0
2026-08-20,HepatitisB,2.71,18:11:54,2,8,0.0
2026-08-20,HepatitisB,7.84,18:12:24,2,8,0.0
2026-08-20,HepatitisB,7.94,18:12:54,2,8,0.0
2026-08-20,HepatitisB,3.67,18:13:24,2,8,0.0
2026-08-20,HepatitisB,3.37,18:13:54,2,8,0.0
2026-08-20,HepatitisB,10.17,18:14:24,2,8,61.05
2026-08-20,HepatitisB,7.05,18:14:54,2,8,0.0
2026-08-20,HepatitisB,15.19,18:15:24,2,8,61.07
2026-08-20,HepatitisB,13.27,18:15:54,2,8,61.08
2026-08-20,HepatitisB,9.06,18:16:24,2,8,61.09
2026-08-20,HepatitisB,11.26,18:16:54,2,8,61.1
2026-08-20,HepatitisB,4.12,18:17:24,2,8,0.0
2026-08-20,HepatitisB,6.16,18:17:54,2,8,0.0
2026-08-20,HepatitisB,12.02,18:18:24,2,8,61.13
2026-08-20,HepatitisB,10.82,18:18:54,2,8,61.14
2026-08-20,HepatitisB,6.89,18:19:24,2,8,0.0
2026-08-20,HepatitisB,17.41,18:19:54,2,8,61.16
2026-08-20,HepatitisB,4.1,18:20:24,2,8,0.0
2026-08-20,HepatitisB,11.32,18:20:54,2,8,61.19
2026-08-20,HepatitisB,13.93,18:21:24,2,8,61.2
2026-08-20,HepatitisB,15.92,18:21:54,2,8,61.21
2026-08-20,HepatitisB,9.82,18:22:24,2,8,61.22
2026-08-20,HepatitisB,6.34,18:22:54,2,8,0.0
2026-08-20,HepatitisB,16.15,18:23:24,2,8,61.24
2026-08-20,HepatitisB,7.21,18:23:54,2,8,0.0
2026-08-20,HepatitisB,11.6,18:24:24,2,8,61.26
2026-08-20,HepatitisB,7.37,18:24:54,2,8,0.0
2026-08-20,HepatitisB,4.74,18:25:24,2,8,0.0
2026-08-20,HepatitisB,4.71,18:25:54,2,8,0.0
2026-08-20,HepatitisB,10.74,18:26:24,2,8,61.31
2026-08-20,HepatitisB,11.76,18:26:54,2,8,61.32
2026-08-20,HepatitisB,5.63,18:27:24,2,8,0.0
2026-08-20,HepatitisB,2.53,18:27:54,2,8,0.0
2026-08-20,HepatitisB,9.28,18:28:24,2,8,61.35
2026-08-20,HepatitisB,12.91,18:28:54,2,8,61.36
2026-08-20,HepatitisB,14.37,18:29:24,2,8,61.37
2026-08-20,HepatitisB,3.43,18:29:54,2,8,0.0
2026-08-20,HepatitisB,16.65,18:30:24,2,8,61.39
2026-08-20,HepatitisB,14.47,18:30:54,2,8,61.4
2026-08-20,HepatitisB,9.98,18:31:24,2,8,61.41
2026-08-20,HepatitisB,10.84,18:31:54,2,8,61.43
2026-08-20,HepatitisB,17.38,18:32:24,2,8,61.44
2026-08-20,HepatitisB,13.25,18:32:54,2,8,61.45
2026-08-20,HepatitisB,13.26,18:33:24,2,8,61.46
2026-08-20,HepatitisB,3.07,18:33:54,2,8,0.0
2026-08-20,HepatitisB,10.9,18:34:24,2,8,61.48
2026-08-20,HepatitisB,7.7,18:34:54,2,8,0.0
2026-08-20,HepatitisB,13.11,18:35:24,2,8,61.5
2026-08-20,HepatitisB,13.79,18:35:54,2,8,61.51
2026-08-20,HepatitisB,15.21,18:36:24,2,8,61.52
2026-08-20,HepatitisB,17.59,18:36:54,2,8,61.53
2026-08-20,HepatitisB,7.95,18:37:24,2,8,0.0
2026-08-20,HepatitisB,5.54,18:37:54,2,8,0.0
2026-08-20,HepatitisB,5.58,18:38:24,2,8,0.0
2026-08-20,HepatitisB,14.85,18:38:54,2,8,61.58
2026-08-20,HepatitisB,7.25,18:39:24,2,8,0.0
2026-08-20,HepatitisB,3.44,18:39:54,2,8,0.0
2026-08-20,HepatitisB,13.47,18:40:24,2,8,61.61
2026-08-20,HepatitisB,13.89,18:40:54,2,8,61.62
2026-08-20,HepatitisB,6.63,18:41:24,2,8,0.0
2026-08-20,HepatitisB,16.45,18:41:54,2,8,61.64
2026-08-20,HepatitisB,4.11,18:42:24,2,8,0.0
2026-08-20,HepatitisB,12.37,18:42:54,2,8,61.66
2026-08-20,HepatitisB,15.56,18:43:24,2,8,61.67
2026-08-20,HepatitisB,12.14,18:43:54,2,8,61.69
2026-08-20,HepatitisB,10.64,18:44:24,2,8,61.7
2026-08-20,HepatitisB,12.19,18:44:54,2,8,61.71
2026-08-20,HepatitisB,5.78,18:45:24,2,8,0.0
2026-08-20,HepatitisB,13.51,18:45:54,2,8,61.73
2026-08-20,HepatitisB,14.2,18:46:24,2,8,61.74
2026-08-20,HepatitisB,12.26,18:46:54,2,8,61.75
2026-08-20,HepatitisB,4.21,18:47:24,2,8,0.0
2026-08-20,HepatitisB,9.85,18:47:54,2,8,61.77
2026-08-20,HepatitisB,17.04,18:48:24,2,8,61.78
2026-08-20,HepatitisB,11.9,18:48:54,2,8,61.79
2026-08-20,HepatitisB,11.18,18:49:24,2,8,61.8
2026-08-20,HepatitisB,10.55,18:49:54,2,8,61.81
2026-08-20,HepatitisB,15.89,18:50:24,2,8,61.83
2026-08-20,HepatitisB,10.74,18:50:54,2,8,61.84
2026-08-20,HepatitisB,15.83,18:51:24,2,8,61.85
2026-08-20,HepatitisB,17.81,18:51:54,2,8,61.86
2026-08-20,HepatitisB,2.28,18:52:24,2,8,0.0
2026-08-20,HepatitisB,16.53,18:52:54,2,8,61.88
2026-08-20,HepatitisB,2.95,18:53:24,2,8,0.0
2026-08-20,HepatitisB,10.41,18:53:54,2,8,61.9
2026-08-20,HepatitisB,2.92,18:54:24,2,8,0.0
2026-08-20,HepatitisB,6.2,18:54:54,2,8,0.0
2026-08-20,HepatitisB,6.36,18:55:24,2,8,0.0
2026-08-20,HepatitisB,10.42,18:55:54,2,8,61.95
2026-08-20,HepatitisB,6.72,18:56:24,2,8,0.0
2026-08-20,HepatitisB,12.63,18:56:54,2,8,61.97
2026-08-20,HepatitisB,15.73,18:57:24,2,8,61.98
2026-08-20,HepatitisB,15.18,18:57:54,2,8,61.99
2026-08-20,HepatitisB,17.46,18:58:24,2,8,62.0
2026-08-20,HepatitisB,16.6,18:58:54,2,8,62.01
2026-08-20,HepatitisB,10.72,18:59:24,2,8,62.02
2026-08-20,HepatitisB,3.14,18:59:54,2,8,0.0
2026-08-20,HepatitisB,15.33,19:00:24,2,8,62.04
2026-08-20,HepatitisB,7.02,19:00:54,2,8,0.0
2026-08-20,HepatitisB,2.53,19:01:24,2,8,0.0
2026-08-20,HepatitisB,2.07,19:01:54,2,8,0.0
2026-08-20,HepatitisB,15.82,19:02:24,2,8,62.09
2026-08-20,HepatitisB,15.9,19:02:54,2,8,62.1
2026-08-20,HepatitisB,9.85,19:03:24,2,8,62.11
2026-08-20,HepatitisB,9.39,19:03:54,2,8,62.12
2026-08-20,HepatitisB,3.04,19:04:24,2,8,0.0
2026-08-20,HepatitisB,9.92,19:04:54,2,8,62.14
2026-08-20,HepatitisB,3.53,19:05:24,2,8,0.0
2026-08-20,HepatitisB,5.85,19:05:54,2,8,0.0
2026-08-20,HepatitisB,3.54,19:06:24,2,8,0.0
2026-08-20,HepatitisB,10.07,19:06:54,2,8,62.18
2026-08-20,HepatitisB,12.66,19:07:24,2,8,62.19
2026-08-20,HepatitisB,11.13,19:07:54,2,8,62.21
2026-08-20,HepatitisB,12.85,19:08:24,2,8,62.22
2026-08-20,HepatitisB,14.08,19:08:54,2,8,62.23
2026-08-20,HepatitisB,2.54,19:09:24,2,8,0.0
2026-08-20,HepatitisB,5.26,19:09:54,2,8,0.0
2026-08-20,HepatitisB,5.55,19:10:24,2,8,0.0
2026-08-20,HepatitisB,7.95,19:10:54,2,8,0.0
2026-08-20,HepatitisB,13.99,19:11:24,2,8,62.28
2026-08-20,HepatitisB,10.12,19:11:54,2,8,62.29
2026-08-20,HepatitisB,14.53,19:12:24,2,8,62.3
2026-08-20,HepatitisB,5.44,19:12:54,2,8,0.0
2026-08-20,HepatitisB,13.92,19:13:24,2,8,62.32
2026-08-20,HepatitisB,5.87,19:13:54,2,8,0.0
2026-08-20,HepatitisB,13.55,19:14:24,2,8,62.35
2026-08-20,HepatitisB,5.01,19:14:54,2,8,0.0
2026-08-20,HepatitisB,2.23,19:15:24,2,8,0.0
2026-08-20,HepatitisB,13.11,19:15:54,2,8,62.38
2026-08-20,HepatitisB,13.51,19:16:24,2,8,62.39
2026-08-20,HepatitisB,15.45,19:16:54,2,8,62.4
2026-08-20,HepatitisB,11.27,19:17:24,2,8,62.41
2026-08-20,HepatitisB,17.93,19:17:54,2,8,62.42
2026-08-20,HepatitisB,12.86,19:18:24,2,8,62.43
2026-08-20,HepatitisB,17.95,19:18:54,2,8,62.44
2026-08-20,HepatitisB,7.45,19:19:24,2,8,0.0
2026-08-20,HepatitisB,17.2,19:19:54,2,8,62.46
2026-08-20,HepatitisB,4.95,19:20:24,2,8,0.0
2026-08-20,HepatitisB,3.07,19:20:54,2,8,0.0
2026-08-20,HepatitisB,4.51,19:21:24,2,8,0.0
2026-08-20,HepatitisB,11.12,19:21:54,2,8,62.51
2026-08-20,HepatitisB,7.23,19:22:24,2,8,0.0
2026-08-20,HepatitisB,15.97,19:22:54,2,8,62.53
2026-08-20,HepatitisB,3.83,19:23:24,2,8,0.0
2026-08-20,HepatitisB,3.93,19:23:54,2,8,0.0
2026-08-20,HepatitisB,10.7,19:24:24,2,8,62.56
2026-08-20,HepatitisB,4.96,19:24:54,2,8,0.0
2026-08-20,HepatitisB,10.17,19:25:24,2,8,62.58
2026-08-20,HepatitisB,10.28,19:25:54,2,8,62.59
2026-08-20,HepatitisB,11.52,19:26:24,2,8,62.61
2026-08-20,HepatitisB,2.15,19:26:54,2,8,0.0
2026-08-20,HepatitisB,3.27,19:27:24,2,8,0.0
2026-08-20,HepatitisB,16.1,19:27:54,2,8,62.64
2026-08-20,HepatitisB,14.84,19:28:24,2,8,62.65
2026-08-20,HepatitisB,17.93,19:28:54,2,8,62.66
2026-08-20,HepatitisB,5.69,19:29:24,2,8,0.0
2026-08-20,HepatitisB,2.85,19:29:54,2,8,0.0
2026-08-20,HepatitisB,15.38,19:30:24,2,8,62.69
2026-08-20,HepatitisB,5.07,19:30:54,2,8,0.0
2026-08-20,HepatitisB,13.01,19:31:24,2,8,62.71
2026-08-20,HepatitisB,6.17,19:31:54,2,8,0.0
2026-08-20,HepatitisB,6.49,19:32:24,2,8,0.0
2026-08-20,HepatitisB,2.84,19:32:54,2,8,0.0
2026-08-20,HepatitisB,9.77,19:33:24,2,8,62.76
2026-08-20,HepatitisB,13.55,19:33:54,2,8,62.77
2026-08-20,HepatitisB,5.06,19:34:24,2,8,0.0
2026-08-20,HepatitisB,10.29,19:34:54,2,8,62.79
2026-08-20,HepatitisB,11.93,19:35:24,2,8,62.8
2026-08-20,HepatitisB,12.32,19:35:54,2,8,62.81
2026-08-20,HepatitisB,16.36,19:36:24,2,8,62.82
2026-08-20,HepatitisB,17.7,19:36:54,2,8,62.83
2026-08-20,HepatitisB,15.46,19:37:24,2,8,62.84
2026-08-20,HepatitisB,15.39,19:37:54,2,8,62.86
2026-08-20,HepatitisB,14.61,19:38:24,2,8,62.87
2026-08-20,HepatitisB,10.72,19:38:54,2,8,62.88
2026-08-20,HepatitisB,10.92,19:39:24,2,8,62.89
2026-08-20,HepatitisB,5.01,19:39:54,2,8,0.0
2026-08-20,HepatitisB,9.04,19:40:24,2,8,62.91
2026-08-20,HepatitisB,6.34,19:40:54,2,8,0.0
2026-08-20,HepatitisB,13.17,19:41:24,2,8,62.93
2026-08-20,HepatitisB,13.47,19:41:54,2,8,62.94
2026-08-20,HepatitisB,4.63,19:42:24,2,8,0.0
2026-08-20,HepatitisB,14.94,19:42:54,2,8,62.96
2026-08-20,HepatitisB,6.3,19:43:24,2,8,0.0
2026-08-20,HepatitisB,9.04,19:43:54,2,8,62.99
2026-08-20,HepatitisB,5.76,19:44:24,2,8,0.0
2026-08-20,HepatitisB,16.79,19:44:54,2,8,63.01
2026-08-20,HepatitisB,14.67,19:45:24,2,8,63.02
2026-08-20,HepatitisB,4.12,19:45:54,2,8,0.0
2026-08-20,HepatitisB,16.48,19:46:24,2,8,63.04
2026-08-20,HepatitisB,13.47,19:46:54,2,8,63.05
2026-08-20,HepatitisB,4.79,19:47:24,2,8,0.0
2026-08-20,HepatitisB,11.06,19:47:54,2,8,63.07
2026-08-20,HepatitisB,6.78,19:48:24,2,8,0.0
2026-08-20,HepatitisB,2.17,19:48:54,2,8,0.0
2026-08-20,HepatitisB,10.91,19:49:24,2,8,63.1
2026-08-20,HepatitisB,11.1,19:49:54,2,8,63.12
2026-08-20,HepatitisB,10.01,19:50:24,2,8,63.13
2026-08-20,HepatitisB,10.01,19:50:54,2,8,63.14
2026-08-20,HepatitisB,16.87,19:51:24,2,8,63.15
2026-08-20,HepatitisB,15.0,19:51:54,2,8,63.16
2026-08-20,HepatitisB,15.94,19:52:24,2,8,63.17
2026-08-20,HepatitisB,14.57,19:52:54,2,8,63.18
2026-08-20,HepatitisB,4.37,19:53:24,2,8,0.0
2026-08-20,HepatitisB,13.91,19:53:54,2,8,63.2
2026-08-20,HepatitisB,9.68,19:54:24,2,8,63.21
2026-08-20,HepatitisB,5.4,19:54:54,2,8,0.0
2026-08-20,HepatitisB,5.0,19:55:24,2,8,0.0
2026-08-20,HepatitisB,3.53,19:55:54,2,8,0.0
2026-08-20,HepatitisB,10.88,19:56:24,2,8,63.26
2026-08-20,HepatitisB,7.69,19:56:54,2,8,0.0
2026-08-20,HepatitisB,9.42,19:57:24,2,8,63.28
2026-08-20,HepatitisB,4.8,19:57:54,2,8,0.0
2026-08-20,HepatitisB,10.77,19:58:24,2,8,63.3
2026-08-20,HepatitisB,6.7,19:58:54,2,8,0.0
2026-08-20,HepatitisB,2.55,19:59:24,2,8,0.0
2026-08-20,HepatitisB,13.3,19:59:54,2,8,63.33
2026-08-20,HepatitisB,7.02,20:00:24,2,8,0.0
2026-08-20,HepatitisB,14.92,20:00:54,2,8,63.35
2026-08-20,HepatitisB,14.52,20:01:24,2,8,63.36
2026-08-20,HepatitisB,9.88,20:01:54,2,8,63.38
2026-08-20,HepatitisB,11.57,20:02:24,2,8,63.39
2026-08-20,HepatitisB,5.38,20:02:54,2,8,0.0
2026-08-20,HepatitisB,3.99,20:03:24,2,8,0.0
2026-08-20,HepatitisB,2.42,20:03:54,2,8,0.0
2026-08-20,HepatitisB,6.3,20:04:24,2,8,0.0
2026-08-20,HepatitisB,3.97,20:04:54,2,8,0.0
2026-08-20,HepatitisB,11.49,20:05:24,2,8,63.45
2026-08-20,HepatitisB,17.23,20:05:54,2,8,63.46
2026-08-20,HepatitisB,2.14,20:06:24,2,8,0.0
2026-08-20,HepatitisB,15.06,20:06:54,2,8,63.48
2026-08-20,HepatitisB,2.39,20:07:24,2,8,0.0
2026-08-20,HepatitisB,10.17,20:07:54,2,8,63.51
2026-08-20,HepatitisB,4.49,20:08:24,2,8,0.0
2026-08-20,HepatitisB,12.48,20:08:54,2,8,63.53
2026-08-20,HepatitisB,11.62,20:09:24,2,8,63.54
2026-08-20,HepatitisB,5.81,20:09:54,2,8,0.0
2026-08-20,HepatitisB,15.42,20:10:24,2,8,63.56
2026-08-20,HepatitisB,12.44,20:10:54,2,8,63.57
2026-08-20,HepatitisB,2.61,20:11:24,2,8,0.0
2026-08-20,HepatitisB,5.39,20:11:54,2,8,0.0
2026-08-20,HepatitisB,6.2,20:12:24,2,8,0.0
2026-08-20,HepatitisB,15.4,20:12:54,2,8,63.61
2026-08-20,HepatitisB,10.54,20:13:24,2,8,63.62
2026-08-20,HepatitisB,7.14,20:13:54,2,8,0.0
2026-08-20,HepatitisB,13.42,20:14:24,2,8,63.65
2026-08-20,HepatitisB,16.55,20:14:54,2,8,63.66
2026-08-20,HepatitisB,2.04,20:15:24,2,8,0.0
2026-08-20,HepatitisB,2.55,20:15:54,2,8,0.0
2026-08-20,HepatitisB,6.43,20:16:24,2,8,0.0
2026-08-20,HepatitisB,9.8,20:16:54,2,8,63.7
2026-08-20,HepatitisB,12.39,20:17:24,2,8,63.71
2026-08-20,HepatitisB,3.85,20:17:54,2,8,0.0
2026-08-20,HepatitisB,17.77,20:18:24,2,8,63.73
2026-08-20,HepatitisB,12.91,20:18:54,2,8,63.74
2026-08-20,HepatitisB,14.11,20:19:24,2,8,63.75
2026-08-20,HepatitisB,5.23,20:19:54,2,8,0.0
2026-08-20,HepatitisB,16.51,20:20:24,2,8,63.78
2026-08-20,HepatitisB,6.91,20:20:54,2,8,0.0
2026-08-20,HepatitisB,16.28,20:21:24,2,8,63.8
2026-08-20,HepatitisB,12.85,20:21:54,2,8,63.81
2026-08-20,HepatitisB,13.68,20:22:24,2,8,63.82
2026-08-20,HepatitisB,17.1,20:22:54,2,8,63.83
2026-08-20,HepatitisB,6.29,20:23:24,2,8,0.0
2026-08-20,HepatitisB,7.56,20:23:54,2,8,0.0
2026-08-20,HepatitisB,5.49,20:24:24,2,8,0.0
2026-08-20,HepatitisB,10.21,20:24:54,2,8,63.87
2026-08-20,HepatitisB,14.55,20:25:24,2,8,63.88
2026-08-20,HepatitisB,11.38,20:25:54,2,8,63.9
2026-08-20,HepatitisB,4.35,20:26:24,2,8,0.0
2026-08-20,HepatitisB,16.43,20:26:54,2,8,63.92
2026-08-20,HepatitisB,16.38,20:27:24,2,8,63.93
2026-08-20,HepatitisB,4.62,20:27:54,2,8,0.0
2026-08-20,HepatitisB,10.1,20:28:24,2,8,63.95
2026-08-20,HepatitisB,3.87,20:28:54,2,8,0.0
2026-08-20,HepatitisB,13.95,20:29:24,2,8,63.97
2026-08-20,HepatitisB,7.56,20:29:54,2,8,0.0
2026-08-20,HepatitisB,14.59,20:30:24,2,8,63.99
2026-08-20,HepatitisB,14.24,20:30:54,2,8,64.0
2026-08-20,HepatitisB,17.23,20:31:24,2,8,64.01
2026-08-20,HepatitisB,11.76,20:31:54,2,8,64.03
2026-08-20,HepatitisB,9.21,20:32:24,2,8,64.04
2026-08-20,HepatitisB,17.75,20:32:54,2,8,64.05
2026-08-20,HepatitisB,10.58,20:33:24,2,8,64.06
2026-08-20,HepatitisB,9.62,20:33:54,2,8,64.07
2026-08-20,HepatitisB,15.43,20:34:24,2,8,64.08
2026-08-20,HepatitisB,2.84,20:34:54,2,8,0.0
2026-08-20,HepatitisB,12.39,20:35:24,2,8,64.1
2026-08-20,HepatitisB,3.23,20:35:54,2,8,0.0
2026-08-20,HepatitisB,15.03,20:36:24,2,8,64.12
2026-08-20,HepatitisB,17.97,20:36:54,2,8,64.13
2026-08-20,HepatitisB,4.36,20:37:24,2,8,0.0
2026-08-20,HepatitisB,10.0,20:37:54,2,8,64.16
2026-08-20,HepatitisB,3.22,20:38:24,2,8,0.0
2026-08-20,HepatitisB,9.4,20:38:54,2,8,64.18
2026-08-20,HepatitisB,5.28,20:39:24,2,8,0.0
2026-08-20,HepatitisB,3.48,20:39:54,2,8,0.0
2026-08-20,HepatitisB,17.68,20:40:24,2,8,64.21
2026-08-20,HepatitisB,6.63,20:40:54,2,8,0.0
2026-08-20,HepatitisB,12.66,20:41:24,2,8,64.23
2026-08-20,HepatitisB,13.13,20:41:54,2,8,64.24
2026-08-20,HepatitisB,12.64,20:42:24,2,8,64.25
2026-08-20,HepatitisB,13.15,20:42:54,2,8,64.26
2026-08-20,HepatitisB,4.48,20:43:24,2,8,0.0
2026-08-20,HepatitisB,3.41,20:43:54,2,8,0.0
2026-08-20,HepatitisB,10.46,20:44:24,2,8,64.3
2026-08-20,HepatitisB,5.68,20:44:54,2,8,0.0
2026-08-20,HepatitisB,2.48,20:45:24,2,8,0.0
2026-08-20,HepatitisB,12.52,20:45:54,2,8,64.33
2026-08-20,HepatitisB,14.2,20:46:24,2,8,64.34
2026-08-20,HepatitisB,12.42,20:46:54,2,8,64.35
2026-08-20,HepatitisB,16.95,20:47:24,2,8,64.36
2026-08-20,HepatitisB,5.48,20:47:54,2,8,0.0
2026-08-20,HepatitisB,3.24,20:48:24,2,8,0.0
2026-08-20,HepatitisB,5.4,20:48:54,2,8,0.0
2026-08-20,HepatitisB,7.78,20:49:24,2,8,0.0
2026-08-20,HepatitisB,4.15,20:49:54,2,8,0.0
2026-08-20,HepatitisB,13.02,20:50:24,2,8,64.43
2026-08-20,HepatitisB,13.86,20:50:54,2,8,64.44
2026-08-20,HepatitisB,5.36,20:51:24,2,8,0.0
2026-08-20,HepatitisB,11.87,20:51:54,2,8,64.46
2026-08-20,HepatitisB,12.48,20:52:24,2,8,64.47
2026-08-20,HepatitisB,13.21,20:52:54,2,8,64.48
2026-08-20,HepatitisB,3.76,20:53:24,2,8,0.0
2026-08-20,HepatitisB,11.0,20:53:54,2,8,64.5
2026-08-20,HepatitisB,13.8,20:54:24,2,8,64.51
2026-08-20,HepatitisB,12.37,20:54:54,2,8,64.52
2026-08-20,HepatitisB,17.85,20:55:24,2,8,64.53
2026-08-20,HepatitisB,10.02,20:55:54,2,8,64.55
2026-08-20,HepatitisB,9.9,20:56:24,2,8,64.56
2026-08-20,HepatitisB,12.09,20:56:54,2,8,64.57
2026-08-20,HepatitisB,15.19,20:57:24,2,8,64.58
2026-08-20,HepatitisB,10.93,20:57:54,2,8,64.59
2026-08-20,HepatitisB,11.21,20:58:24,2,8,64.6
2026-08-20,HepatitisB,4.7,20:58:54,2,8,0.0
2026-08-20,HepatitisB,12.45,20:59:24,2,8,64.62
2026-08-20,HepatitisB,17.19,20:59:54,2,8,64.63
2026-08-20,HepatitisB,7.3,21:00:24,2,8,0.0
2026-08-20,HepatitisB,5.03,21:00:54,2,8,0.0
2026-08-20,HepatitisB,2.79,21:01:24,2,8,0.0
2026-08-20,HepatitisB,17.83,21:01:54,2,8,64.67
2026-08-20,HepatitisB,7.49,21:02:24,2,8,0.0
2026-08-20,HepatitisB,4.95,21:02:54,2,8,0.0
2026-08-20,HepatitisB,13.95,21:03:24,2,8,64.71
2026-08-20,HepatitisB,6.62,21:03:54,2,8,0.0
2026-08-20,HepatitisB,6.14,21:04:24,2,8,0.0
2026-08-20,HepatitisB,10.28,21:04:54,2,8,64.74
2026-08-20,HepatitisB,7.05,21:05:24,2,8,0.0
2026-08-20,HepatitisB,12.97,21:05:54,2,8,64.76
2026-08-20,HepatitisB,2.28,21:06:24,2,8,0.0
2026-08-20,HepatitisB,11.09,21:06:54,2,8,64.78
2026-08-20,HepatitisB,3.11,21:07:24,2,8,0.0
2026-08-20,HepatitisB,11.89,21:07:54,2,8,64.81
2026-08-20,HepatitisB,14.04,21:08:24,2,8,64.82
2026-08-20,HepatitisB,5.78,21:08:54,2,8,0.0
2026-08-20,HepatitisB,14.44,21:09:24,2,8,64.84
2026-08-20,HepatitisB,12.02,21:09:54,2,8,64.85
2026-08-20,HepatitisB,7.93,21:10:24,2,8,0.0
2026-08-20,HepatitisB,12.93,21:10:54,2,8,64.87
2026-08-20,HepatitisB,5.38,21:11:24,2,8,0.0
2026-08-20,HepatitisB,11.54,21:11:54,2,8,64.89
2026-08-20,HepatitisB,4.92,21:12:24,2,8,0.0
2026-08-20,HepatitisB,9.57,21:12:54,2,8,64.91
2026-08-20,HepatitisB,16.04,21:13:24,2,8,64.92
2026-08-20,HepatitisB,2.27,21:13:54,2,8,0.0
2026-08-20,HepatitisB,14.39,21:14:24,2,8,64.95
2026-08-20,HepatitisB,16.82,21:14:54,2,8,64.96
2026-08-20,HepatitisB,17.99,21:15:24,2,8,64.97
2026-08-20,HepatitisB,15.51,21:15:54,2,8,64.98
2026-08-20,HepatitisB,13.06,21:16:24,2,8,64.99
2026-08-20,HepatitisB,5.42,21:16:54,2,8,0.0
2026-08-20,HepatitisB,15.79,21:17:24,2,8,65.01
2026-08-20,HepatitisB,10.23,21:17:54,2,8,65.02
2026-08-20,HepatitisB,6.17,21:18:24,2,8,0.0
2026-08-20,HepatitisB,12.53,21:18:54,2,8,65.04
2026-08-20,HepatitisB,12.53,21:19:24,2,8,65.05
2026-08-20,HepatitisB,16.14,21:19:54,2,8,65.06
2026-08-20,HepatitisB,16.58,21:20:24,2,8,65.08
2026-08-20,HepatitisB,15.56,21:20:54,2,8,65.09
2026-08-20,HepatitisB,17.29,21:21:24,2,8,65.1
2026-08-20,HepatitisB,9.36,21:21:54,2,8,65.11
2026-08-20,HepatitisB,11.8,21:22:24,2,8,65.12
2026-08-20,HepatitisB,12.87,21:22:54,2,8,65.13
2026-08-20,HepatitisB,9.14,21:23:24,2,8,65.14
2026-08-20,HepatitisB,11.43,21:23:54,2,8,65.15
2026-08-20,HepatitisB,12.42,21:24:24,2,8,65.16
2026-08-20,HepatitisB,14.2,21:24:54,2,8,65.17
2026-08-20,HepatitisB,13.89,21:25:24,2,8,65.18
2026-08-20,HepatitisB,16.03,21:25:54,2,8,65.2
2026-08-20,HepatitisB,17.21,21:26:24,2,8,65.21
2026-08-20,HepatitisB,12.78,21:26:54,2,8,65.22
2026-08-20,HepatitisB,11.72,21:27:24,2,8,65.23
2026-08-20,HepatitisB,16.97,21:27:54,2,8,65.24
2026-08-20,HepatitisB,5.71,21:28:24,2,8,0.0
2026-08-20,HepatitisB,13.78,21:28:54,2,8,65.26
2026-08-20,HepatitisB,12.33,21:29:24,2,8,65.27
2026-08-20,HepatitisB,3.84,21:29:54,2,8,0.0
2026-08-20,HepatitisB,3.07,21:30:24,2,8,0.0
2026-08-20,HepatitisB,9.33,21:30:54,2,8,65.3
2026-08-20,HepatitisB,16.26,21:31:24,2,8,65.31
2026-08-20,HepatitisB,15.88,21:31:54,2,8,65.33
2026-08-20,HepatitisB,7.36,21:32:24,2,8,0.0
2026-08-20,HepatitisB,11.82,21:32:54,2,8,65.35
2026-08-20,HepatitisB,4.0,21:33:24,2,8,0.0
2026-08-20,HepatitisB,10.21,21:33:54,2,8,65.37
2026-08-20,HepatitisB,12.79,21:34:24,2,8,65.38
2026-08-20,HepatitisB,2.02,21:34:54,2,8,0.0
2026-08-20,HepatitisB,7.82,21:35:24,2,8,0.0
2026-08-20,HepatitisB,14.02,21:35:54,2,8,65.41
2026-08-20,HepatitisB,13.27,21:36:24,2,8,65.42
2026-08-20,HepatitisB,3.5,21:36:54,2,8,0.0
2026-08-20,HepatitisB,17.29,21:37:24,2,8,65.44
2026-08-20,HepatitisB,12.37,21:37:54,2,8,65.45
2026-08-20,HepatitisB,17.2,21:38:24,2,8,65.47
2026-08-20,HepatitisB,2.75,21:38:54,2,8,0.0
2026-08-20,HepatitisB,15.58,21:39:24,2,8,65.49
2026-08-20,HepatitisB,11.6,21:39:54,2,8,65.5
2026-08-20,HepatitisB,3.09,21:40:24,2,8,0.0
2026-08-20,HepatitisB,10.42,21:40:54,2,8,65.52
2026-08-20,HepatitisB,6.33,21:41:24,2,8,0.0
2026-08-20,HepatitisB,4.83,21:41:54,2,8,0.0
2026-08-20,HepatitisB,4.18,21:42:24,2,8,0.0
2026-08-20,HepatitisB,13.55,21:42:54,2,8,65.56
2026-08-20,HepatitisB,17.49,21:43:24,2,8,65.57
2026-08-20,HepatitisB,7.02,21:43:54,2,8,0.0
2026-08-20,HepatitisB,6.91,21:44:24,2,8,0.0
2026-08-20,HepatitisB,16.88,21:44:54,2,8,65.61
2026-08-20,HepatitisB,14.91,21:45:24,2,8,65.62
2026-08-20,HepatitisB,2.64,21:45:54,2,8,0.0
2026-08-20,HepatitisB,6.99,21:46:24,2,8,0.0
2026-08-20,HepatitisB,10.67,21:46:54,2,8,65.65
2026-08-20,HepatitisB,16.48,21:47:24,2,8,65.66
2026-08-20,HepatitisB,9.76,21:47:54,2,8,65.67
2026-08-20,HepatitisB,6.62,21:48:24,2,8,0.0
2026-08-20,HepatitisB,14.1,21:48:54,2,8,65.69
2026-08-20,HepatitisB,17.73,21:49:24,2,8,65.7
2026-08-20,HepatitisB,2.81,21:49:54,2,8,0.0
2026-08-20,HepatitisB,16.71,21:50:24,2,8,65.73
2026-08-20,HepatitisB,2.75,21:50:54,2,8,0.0
2026-08-20,HepatitisB,5.36,21:51:24,2,8,0.0
2026-08-20,HepatitisB,11.61,21:51:54,2,8,65.76
2026-08-20,HepatitisB,4.86,21:52:24,2,8,0.0
2026-08-20,HepatitisB,9.77,21:52:54,2,8,65.78
2026-08-20,HepatitisB,10.73,21:53:24,2,8,65.79
2026-08-20,HepatitisB,11.21,21:53:54,2,8,65.8
2026-08-20,HepatitisB,2.23,21:54:24,2,8,0.0
2026-08-20,HepatitisB,4.8,21:54:54,2,8,0.0
2026-08-20,HepatitisB,4.54,21:55:24,2,8,0.0
2026-08-20,HepatitisB,5.3,21:55:54,2,8,0.0
2026-08-20,HepatitisB,7.84,21:56:24,2,8,0.0
2026-08-20,HepatitisB,4.68,21:56:54,2,8,0.0
2026-08-20,HepatitisB,15.85,21:57:24,2,8,65.88
2026-08-20,HepatitisB,13.23,21:57:54,2,8,65.89
2026-08-20,HepatitisB,4.75,21:58:24,2,8,0.0
2026-08-20,HepatitisB,17.34,21:58:54,2,8,65.91
2026-08-20,HepatitisB,7.5,21:59:24,2,8,0.0
2026-08-20,HepatitisB,5.07,21:59:54,2,8,0.0
2026-08-20,HepatitisB,7.84,22:00:24,2,8,0.0
2026-08-20,HepatitisB,17.66,22:00:54,2,8,65.95
2026-08-20,HepatitisB,6.06,22:01:24,2,8,0.0
2026-08-20,HepatitisB,12.9,22:01:54,2,8,65.98
2026-08-20,HepatitisB,3.95,22:02:24,2,8,0.0
2026-08-20,HepatitisB,15.47,22:02:54,2,8,66.0
2026-08-20,HepatitisB,11.49,22:03:24,2,8,66.01
2026-08-20,HepatitisB,11.62,22:03:54,2,8,66.02
2026-08-20,HepatitisB,13.71,22:04:24,2,8,66.03
2026-08-20,HepatitisB,9.36,22:04:54,2,8,66.04
2026-08-20,HepatitisB,2.57,22:05:24,2,8,0.0
2026-08-20,HepatitisB,3.69,22:05:54,2,8,0.0
2026-08-20,HepatitisB,9.26,22:06:24,2,8,66.07
2026-08-20,HepatitisB,4.53,22:06:54,2,8,0.0
2026-08-20,HepatitisB,12.69,22:07:24,2,8,66.09
2026-08-20,HepatitisB,14.74,22:07:54,2,8,66.11
2026-08-20,HepatitisB,13.64,22:08:24,2,8,66.12
2026-08-20,HepatitisB,16.83,22:08:54,2,8,66.13
2026-08-20,HepatitisB,4.81,22:09:24,2,8,0.0
2026-08-20,HepatitisB,9.6,22:09:54,2,8,66.15
2026-08-20,HepatitisB,16.27,22:10:24,2,8,66.16
2026-08-20,HepatitisB,6.76,22:10:54,2,8,0.0
2026-08-20,HepatitisB,9.54,22:11:24,2,8,66.18
2026-08-20,HepatitisB,14.79,22:11:54,2,8,66.19
2026-08-20,HepatitisB,6.45,22:12:24,2,8,0.0
2026-08-20,HepatitisB,9.16,22:12:54,2,8,66.21
2026-08-20,HepatitisB,12.64,22:13:24,2,8,66.22
2026-08-20,HepatitisB,17.63,22:13:54,2,8,66.23
2026-08-20,HepatitisB,6.8,22:14:24,2,8,0.0
2026-08-20,HepatitisB,14.94,22:14:54,2,8,66.26
2026-08-20,HepatitisB,12.42,22:15:24,2,8,66.27
2026-08-20,HepatitisB,9.87,22:15:54,2,8,66.28
2026-08-20,HepatitisB,4.64,22:16:24,2,8,0.0
2026-08-20,HepatitisB,5.92,22:16:54,2,8,0.0
2026-08-20,HepatitisB,4.86,22:17:24,2,8,0.0
2026-08-20,HepatitisB,13.64,22:17:54,2,8,66.32
2026-08-20,HepatitisB,4.59,22:18:24,2,8,0.0
2026-08-20,HepatitisB,13.26,22:18:54,2,8,66.34
2026-08-20,HepatitisB,2.36,22:19:24,2,8,0.0
2026-08-20,HepatitisB,17.5,22:19:54,2,8,66.36
2026-08-20,HepatitisB,16.29,22:20:24,2,8,66.38
2026-08-20,HepatitisB,5.79,22:20:54,2,8,0.0
2026-08-20,HepatitisB,10.75,22:21:24,2,8,66.4
2026-08-20,HepatitisB,15.6,22:21:54,2,8,66.41
2026-08-20,HepatitisB,11.28,22:22:24,2,8,66.42
2026-08-20,HepatitisB,15.97,22:22:54,2,8,66.43
2026-08-20,HepatitisB,11.12,22:23:24,2,8,66.44
2026-08-20,HepatitisB,12.95,22:23:54,2,8,66.45
2026-08-20,HepatitisB,12.5,22:24:24,2,8,66.46
2026-08-20,HepatitisB,17.76,22:24:54,2,8,66.47
2026-08-20,HepatitisB,11.31,22:25:24,2,8,66.48
2026-08-20,HepatitisB,17.59,22:25:54,2,8,66.5
2026-08-20,HepatitisB,2.03,22:26:24,2,8,0.0
2026-08-20,HepatitisB,16.81,22:26:54,2,8,66.52
2026-08-20,HepatitisB,16.23,22:27:24,2,8,66.53
2026-08-20,HepatitisB,2.82,22:27:54,2,8,0.0
2026-08-20,HepatitisB,15.35,22:28:24,2,8,66.55
2026-08-20,HepatitisB,13.27,22:28:54,2,8,66.56
2026-08-20,HepatitisB,13.11,22:29:24,2,8,66.57
2026-08-20,HepatitisB,13.48,22:29:54,2,8,66.58
2026-08-20,HepatitisB,16.0,22:30:24,2,8,66.59
2026-08-20,HepatitisB,3.1,22:30:54,2,8,0.0
2026-08-20,HepatitisB,9.97,22:31:24,2,8,66.61
2026-08-20,HepatitisB,17.83,22:31:54,2,8,66.62
2026-08-20,HepatitisB,6.37,22:32:24,2,8,0.0
2026-08-20,HepatitisB,14.15,22:32:54,2,8,66.65
2026-08-20,HepatitisB,2.4,22:33:24,2,8,0.0
2026-08-20,HepatitisB,9.72,22:33:54,2,8,66.67
2026-08-20,HepatitisB,12.99,22:34:24,2,8,66.68
2026-08-20,HepatitisB,6.38,22:34:54,2,8,0.0
2026-08-20,HepatitisB,12.7,22:35:24,2,8,66.7
2026-08-20,HepatitisB,12.01,22:35:54,2,8,66.71
2026-08-20,HepatitisB,5.74,22:36:24,2,8,0.0
2026-08-20,HepatitisB,11.56,22:36:54,2,8,66.73
2026-08-20,HepatitisB,16.6,22:37:24,2,8,66.74
2026-08-20,HepatitisB,12.09,22:37:54,2,8,66.76
2026-08-20,HepatitisB,16.33,22:38:24,2,8,66.77
2026-08-20,HepatitisB,5.22,22:38:54,2,8,0.0
2026-08-20,HepatitisB,2.59,22:39:24,2,8,0.0
2026-08-20,HepatitisB,10.71,22:39:54,2,8,66.8
2026-08-20,HepatitisB,11.73,22:40:24,2,8,66.81
2026-08-20,HepatitisB,4.46,22:40:54,2,8,0.0
2026-08-20,HepatitisB,16.76,22:41:24,2,8,66.83
2026-08-20,HepatitisB,7.3,22:41:54,2,8,0.0
2026-08-20,HepatitisB,12.6,22:42:24,2,8,66.85
2026-08-20,HepatitisB,9.29,22:42:54,2,8,66.86
2026-08-20,HepatitisB,11.72,22:43:24,2,8,66.87
2026-08-20,HepatitisB,17.85,22:43:54,2,8,66.89
2026-08-20,HepatitisB,10.23,22:44:24,2,8,66.9
2026-08-20,HepatitisB,10.43,22:44:54,2,8,66.91
2026-08-20,HepatitisB,3.9,22:45:24,2,8,0.0
2026-08-20,HepatitisB,11.48,22:45:54,2,8,66.93
2026-08-20,HepatitisB,15.76,22:46:24,2,8,66.94
2026-08-20,HepatitisB,9.46,22:46:54,2,8,66.95
2026-08-20,HepatitisB,10.16,22:47:24,2,8,66.96
2026-08-20,HepatitisB,2.72,22:47:54,2,8,0.0
2026-08-20,HepatitisB,17.02,22:48:24,2,8,66.98
2026-08-20,HepatitisB,6.96,22:48:54,2,8,0.0
2026-08-20,HepatitisB,9.29,22:49:24,2,8,67.0
2026-08-20,HepatitisB,12.73,22:49:54,2,8,67.02
2026-08-20,HepatitisB,16.05,22:50:24,2,8,67.03
2026-08-20,HepatitisB,15.74,22:50:54,2,8,67.04
2026-08-20,HepatitisB,6.11,22:51:24,2,8,0.0
2026-08-20,HepatitisB,11.55,22:51:54,2,8,67.06
2026-08-20,HepatitisB,15.21,22:52:24,2,8,67.07
2026-08-20,HepatitisB,2.93,22:52:54,2,8,0.0
2026-08-20,HepatitisB,16.98,22:53:24,2,8,67.09
2026-08-20,HepatitisB,11.23,22:53:54,2,8,67.1
2026-08-20,HepatitisB,13.59,22:54:24,2,8,67.11
2026-08-20,HepatitisB,2.17,22:54:54,2,8,0.0
2026-08-20,HepatitisB,11.6,22:55:24,2,8,67.13
2026-08-20,HepatitisB,12.29,22:55:54,2,8,67.14
2026-08-20,HepatitisB,6.38,22:56:24,2,8,0.0
2026-08-20,HepatitisB,15.38,22:56:54,2,8,67.17
2026-08-20,HepatitisB,13.3,22:57:24,2,8,67.18
2026-08-20,HepatitisB,3.75,22:57:54,2,8,0.0
2026-08-20,HepatitisB,5.21,22:58:24,2,8,0.0
2026-08-20,HepatitisB,9.57,22:58:54,2,8,67.21
2026-08-20,HepatitisB,7.36,22:59:24,2,8,0.0
2026-08-20,HepatitisB,3.58,22:59:54,2,8,0.0
2026-08-20,HepatitisB,2.13,23:00:24,2,8,0.0
2026-08-20,HepatitisB,7.63,23:00:54,2,8,0.0
2026-08-20,HepatitisB,17.41,23:01:24,2,8,67.26
2026-08-20,HepatitisB,3.44,23:01:54,2,8,0.0
2026-08-20,HepatitisB,3.34,23:02:24,2,8,0.0
2026-08-20,HepatitisB,5.11,23:02:54,2,8,0.0
2026-08-20,HepatitisB,5.65,23:03:24,2,8,0.0
2026-08-20,HepatitisB,10.91,23:03:54,2,8,67.32
2026-08-20,HepatitisB,2.75,23:04:24,2,8,0.0
2026-08-20,HepatitisB,2.34,23:04:54,2,8,0.0
2026-08-20,HepatitisB,14.0,23:05:24,2,8,67.35
2026-08-20,HepatitisB,16.07,23:05:54,2,8,67.36
2026-08-20,HepatitisB,7.32,23:06:24,2,8,0.0
2026-08-20,HepatitisB,5.06,23:06:54,2,8,0.0
2026-08-20,HepatitisB,12.18,23:07:24,2,8,67.39
2026-08-20,HepatitisB,2.06,23:07:54,2,8,0.0
2026-08-20,HepatitisB,13.92,23:08:24,2,8,67.42
2026-08-20,HepatitisB,14.03,23:08:54,2,8,67.43
2026-08-20,HepatitisB,11.08,23:09:24,2,8,67.44
2026-08-20,HepatitisB,3.16,23:09:54,2,8,0.0
2026-08-20,HepatitisB,3.8,23:10:24,2,8,0.0
2026-08-20,HepatitisB,12.45,23:10:54,2,8,67.47
2026-08-20,HepatitisB,13.26,23:11:24,2,8,67.48
2026-08-20,HepatitisB,11.06,23:11:54,2,8,67.49
2026-08-20,HepatitisB,7.51,23:12:24,2,8,0.0
2026-08-20,HepatitisB,5.37,23:12:54,2,8,0.0
2026-08-20,HepatitisB,3.47,23:13:24,2,8,0.0
2026-08-20,HepatitisB,17.41,23:13:54,2,8,67.54
2026-08-20,HepatitisB,7.42,23:14:24,2,8,0.0
2026-08-20,HepatitisB,6.02,23:14:54,2,8,0.0
2026-08-20,HepatitisB,9.37,23:15:24,2,8,67.57
2026-08-20,HepatitisB,11.2,23:15:54,2,8,67.58
2026-08-20,HepatitisB,3.12,23:16:24,2,8,0.0
2026-08-20,HepatitisB,12.22,23:16:54,2,8,67.6
2026-08-20,HepatitisB,12.85,23:17:24,2,8,67.61
2026-08-20,HepatitisB,15.87,23:17:54,2,8,67.62
2026-08-20,HepatitisB,13.86,23:18:24,2,8,67.63
2026-08-20,HepatitisB,14.84,23:18:54,2,8,67.64
2026-08-20,HepatitisB,9.32,23:19:24,2,8,67.65
2026-08-20,HepatitisB,14.77,23:19:54,2,8,67.66
2026-08-20,HepatitisB,10.55,23:20:24,2,8,67.68
2026-08-20,HepatitisB,15.57,23:20:54,2,8,67.69
2026-08-20,HepatitisB,5.47,23:21:24,2,8,0.0
2026-08-20,HepatitisB,13.94,23:21:54,2,8,67.71
2026-08-20,HepatitisB,3.87,23:22:24,2,8,0.0
2026-08-20,HepatitisB,12.25,23:22:54,2,8,67.73
2026-08-20,HepatitisB,14.13,23:23:24,2,8,67.74
2026-08-20,HepatitisB,5.86,23:23:54,2,8,0.0
2026-08-20,HepatitisB,3.33,23:24:24,2,8,0.0
2026-08-20,HepatitisB,17.96,23:24:54,2,8,67.77
2026-08-20,HepatitisB,4.33,23:25:24,2,8,0.0
2026-08-20,HepatitisB,16.9,23:25:54,2,8,67.8
2026-08-20,HepatitisB,15.35,23:26:24,2,8,67.81
2026-08-20,HepatitisB,3.96,23:26:54,2,8,0.0
2026-08-20,HepatitisB,12.53,23:27:24,2,8,67.83
2026-08-20,HepatitisB,15.5,23:27:54,2,8,67.84
2026-08-20,HepatitisB,16.63,23:28:24,2,8,67.85
2026-08-20,HepatitisB,9.86,23:28:54,2,8,67.86
2026-08-20,HepatitisB,12.07,23:29:24,2,8,67.87
2026-08-20,HepatitisB,7.25,23:29:54,2,8,0.0
2026-08-20,HepatitisB,5.55,23:30:24,2,8,0.0
2026-08-20,HepatitisB,15.27,23:30:54,2,8,67.9
2026-08-20,HepatitisB,6.56,23:31:24,2,8,0.0
2026-08-20,HepatitisB,2.27,23:31:54,2,8,0.0
2026-08-20,HepatitisB,15.84,23:32:24,2,8,67.94
2026-08-20,HepatitisB,2.37,23:32:54,2,8,0.0
2026-08-20,HepatitisB,16.14,23:33:24,2,8,67.96
2026-08-20,HepatitisB,13.29,23:33:54,2,8,67.97
2026-08-20,HepatitisB,2.08,23:34:24,2,8,0.0
2026-08-20,HepatitisB,3.58,23:34:54,2,8,0.0
2026-08-20,HepatitisB,3.54,23:35:24,2,8,0.0
2026-08-20,HepatitisB,2.47,23:35:54,2,8,0.0
2026-08-20,HepatitisB,13.55,23:36:24,2,8,68.02
2026-08-20,HepatitisB,3.4,23:36:54,2,8,0.0
2026-08-20,HepatitisB,14.54,23:37:24,2,8,68.04
2026-08-20,HepatitisB,2.75,23:37:54,2,8,0.0
2026-08-20,HepatitisB,3.3,23:38:24,2,8,0.0
2026-08-20,HepatitisB,15.07,23:38:54,2,8,68.08
2026-08-20,HepatitisB,13.89,23:39:24,2,8,68.09
2026-08-20,HepatitisB,6.12,23:39:54,2,8,0.0
2026-08-20,HepatitisB,10.31,23:40:24,2,8,68.11
2026-08-20,HepatitisB,13.12,23:40:54,2,8,68.12
2026-08-20,HepatitisB,7.39,23:41:24,2,8,0.0
2026-08-20,HepatitisB,10.87,23:41:54,2,8,68.14
2026-08-20,HepatitisB,14.39,23:42:24,2,8,68.15
2026-08-20,HepatitisB,4.51,23:42:54,2,8,0.0
2026-08-20,HepatitisB,15.15,23:43:24,2,8,68.17
2026-08-20,HepatitisB,2.08,23:43:54,2,8,0.0
2026-08-20,HepatitisB,10.39,23:44:24,2,8,68.2
2026-08-20,HepatitisB,5.73,23:44:54,2,8,0.0
2026-08-20,HepatitisB,15.86,23:45:24,2,8,68.22
2026-08-20,HepatitisB,12.1,23:45:54,2,8,68.23
2026-08-20,HepatitisB,3.81,23:46:24,2,8,0.0
2026-08-20,HepatitisB,6.9,23:46:54,2,8,0.0
2026-08-20,HepatitisB,13.15,23:47:24,2,8,68.26
2026-08-20,HepatitisB,13.83,23:47:54,2,8,68.27
2026-08-20,HepatitisB,13.39,23:48:24,2,8,68.28
2026-08-20,HepatitisB,6.9,23:48:54,2,8,0.0
2026-08-20,HepatitisB,14.68,23:49:24,2,8,68.3
2026-08-20,HepatitisB,13.96,23:49:54,2,8,68.31
2026-08-20,HepatitisB,15.44,23:50:24,2,8,68.33
2026-08-20,HepatitisB,3.78,23:50:54,2,8,0.0
2026-08-20,HepatitisB,9.09,23:51:24,2,8,68.35
2026-08-20,HepatitisB,16.45,23:51:54,2,8,68.36
2026-08-20,HepatitisB,14.86,23:52:24,2,8,68.37
2026-08-20,HepatitisB,6.65,23:52:54,2,8,0.0
2026-08-20,HepatitisB,12.42,23:53:24,2,8,68.39
2026-08-20,HepatitisB,5.38,23:53:54,2,8,0.0
2026-08-20,HepatitisB,5.8,23:54:24,2,8,0.0
2026-08-20,HepatitisB,15.18,23:54:54,2,8,68.42
2026-08-20,HepatitisB,2.05,23:55:24,2,8,0.0
2026-08-20,HepatitisB,5.81,23:55:54,2,8,0.0
2026-08-20,HepatitisB,4.99,23:56:24,2,8,0.0
2026-08-20,HepatitisB,12.59,23:56:54,2,8,68.47
2026-08-20,HepatitisB,11.76,23:57:24,2,8,68.48
2026-08-20,HepatitisB,2.03,23:57:54,2,8,0.0
2026-08-20,HepatitisB,6.81,23:58:24,2,8,0.0
2026-08-20,HepatitisB,13.84,23:58:54,2,8,68.51
2026-08-20,HepatitisB,10.05,23:59:24,2,8,68.52
2026-08-20,HepatitisB,6.31,23:59:54,2,8,0.0
2026-08-20,HepatitisB,16.16,00:00:24,2,8,68.54
2026-08-20,HepatitisB,7.0,00:00:54,2,8,0.0
2026-08-20,HepatitisB,16.33,00:01:24,2,8,68.56
2026-08-20,HepatitisB,16.9,00:01:54,2,8,68.58
2026-08-20,HepatitisB,5.53,00:02:24,2,8,0.0
2026-08-20,HepatitisB,6.73,00:02:54,2,8,0.0
2026-08-20,HepatitisB,16.84,00:03:24,2,8,68.61
2026-08-20,HepatitisB,4.22,00:03:54,2,8,0.0
2026-08-20,HepatitisB,4.47,00:04:24,2,8,0.0
2026-08-20,HepatitisB,7.39,00:04:54,2,8,0.0
2026-08-20,HepatitisB,4.45,00:05:24,2,8,0.0
2026-08-20,HepatitisB,13.23,00:05:54,2,8,68.66
2026-08-20,HepatitisB,7.75,00:06:24,2,8,0.0
2026-08-20,HepatitisB,9.45,00:06:54,2,8,68.68
2026-08-20,HepatitisB,7.76,00:07:24,2,8,0.0
2026-08-20,HepatitisB,13.59,00:07:54,2,8,68.7
2026-08-20,HepatitisB,13.07,00:08:24,2,8,68.72
2026-08-20,HepatitisB,14.88,00:08:54,2,8,68.73
2026-08-20,HepatitisB,11.28,00:09:24,2,8,68.74
2026-08-20,HepatitisB,14.42,00:09:54,2,8,68.75
2026-08-20,HepatitisB,6.32,00:10:24,2,8,0.0
2026-08-20,HepatitisB,14.73,00:10:54,2,8,68.77
2026-08-20,HepatitisB,11.69,00:11:24,2,8,68.78
2026-08-20,HepatitisB,3.38,00:11:54,2,8,0.0
2026-08-20,HepatitisB,9.7,00:12:24,2,8,68.8
2026-08-20,HepatitisB,9.57,00:12:54,2,8,68.81
2026-08-20,HepatitisB,15.36,00:13:24,2,8,68.82
2026-08-20,HepatitisB,6.02,00:13:54,2,8,0.0
2026-08-20,HepatitisB,13.62,00:14:24,2,8,68.85
2026-08-20,HepatitisB,3.93,00:14:54,2,8,0.0
2026-08-20,HepatitisB,11.04,00:15:24,2,8,68.87
2026-08-20,HepatitisB,9.74,00:15:54,2,8,68.88
2026-08-20,HepatitisB,7.54,00:16:24,2,8,0.0
2026-08-20,HepatitisB,7.8,00:16:54,2,8,0.0
2026-08-20,HepatitisB,3.45,00:17:24,2,8,0.0
2026-08-20,HepatitisB,12.88,00:17:54,2,8,68.92
2026-08-20,HepatitisB,16.14,00:18:24,2,8,68.93
2026-08-20,HepatitisB,15.28,00:18:54,2,8,68.94
2026-08-20,HepatitisB,17.96,00:19:24,2,8,68.95
2026-08-20,HepatitisB,13.31,00:19:54,2,8,68.97
2026-08-20,HepatitisB,3.44,00:20:24,2,8,0.0
2026-08-20,HepatitisB,2.89,00:20:54,2,8,0.0
2026-08-20,HepatitisB,12.17,00:21:24,2,8,69.0
2026-08-20,HepatitisB,14.27,00:21:54,2,8,69.01
2026-08-20,HepatitisB,13.97,00:22:24,2,8,69.02
2026-08-20,HepatitisB,6.5,00:22:54,2,8,0.0
2026-08-20,HepatitisB,6.45,00:23:24,2,8,0.0
2026-08-20,HepatitisB,3.73,00:23:54,2,8,0.0
2026-08-20,HepatitisB,6.09,00:24:24,2,8,0.0
2026-08-20,HepatitisB,14.37,00:24:54,2,8,69.07
2026-08-20,HepatitisB,14.54,00:25:24,2,8,69.08
2026-08-20,HepatitisB,14.56,00:25:54,2,8,69.09
2026-08-20,HepatitisB,3.02,00:26:24,2,8,0.0
2026-08-20,HepatitisB,16.76,00:26:54,2,8,69.12
2026-08-20,HepatitisB,16.7,00:27:24,2,8,69.13
2026-08-20,HepatitisB,4.3,00:27:54,2,8,0.0
2026-08-20,HepatitisB,9.18,00:28:24,2,8,69.15
2026-08-20,HepatitisB,13.06,00:28:54,2,8,69.16
2026-08-20,HepatitisB,3.74,00:29:24,2,8,0.0
2026-08-20,HepatitisB,12.74,00:29:54,2,8,69.18
2026-08-20,HepatitisB,7.41,00:30:24,2,8,0.0
2026-08-20,HepatitisB,12.89,00:30:54,2,8,69.2
2026-08-20,HepatitisB,16.21,00:31:24,2,8,69.21
2026-08-20,HepatitisB,11.47,00:31:54,2,8,69.23
2026-08-20,HepatitisB,12.56,00:32:24,2,8,69.24
2026-08-20,HepatitisB,6.44,00:32:54,2,8,0.0
2026-08-20,HepatitisB,4.5,00:33:24,2,8,0.0
2026-08-20,HepatitisB,16.14,00:33:54,2,8,69.27
2026-08-20,HepatitisB,2.94,00:34:24,2,8,0.0
2026-08-20,HepatitisB,17.91,00:34:54,2,8,69.29
2026-08-20,HepatitisB,16.57,00:35:24,2,8,69.3
2026-08-20,HepatitisB,13.35,00:35:54,2,8,69.31
2026-08-20,HepatitisB,14.32,00:36:24,2,8,69.32
2026-08-20,HepatitisB,15.08,00:36:54,2,8,69.33
2026-08-20,HepatitisB,5.51,00:37:24,2,8,0.0
2026-08-20,HepatitisB,10.35,00:37:54,2,8,69.36
2026-08-20,HepatitisB,12.04,00:38:24,2,8,69.37
2026-08-20,HepatitisB,7.69,00:38:54,2,8,0.0
2026-08-20,HepatitisB,2.1,00:39:24,2,8,0.0
2026-08-20,HepatitisB,14.77,00:39:54,2,8,69.4
2026-08-20,HepatitisB,4.42,00:40:24,2,8,0.0
2026-08-20,HepatitisB,6.09,00:40:54,2,8,0.0
2026-08-20,HepatitisB,11.23,00:41:24,2,8,69.43
2026-08-20,HepatitisB,10.99,00:41:54,2,8,69.44
2026-08-20,HepatitisB,14.86,00:42:24,2,8,69.45
2026-08-20,HepatitisB,4.13,00:42:54,2,8,0.0
2026-08-20,HepatitisB,17.15,00:43:24,2,8,69.47
2026-08-20,HepatitisB,7.63,00:43:54,2,8,0.0
2026-08-20,HepatitisB,9.61,00:44:24,2,8,69.5
2026-08-20,HepatitisB,11.89,00:44:54,2,8,69.51
2026-08-20,HepatitisB,10.52,00:45:24,2,8,69.52
2026-08-20,HepatitisB,7.45,00:45:54,2,8,0.0
2026-08-20,HepatitisB,11.55,00:46:24,2,8,69.54
2026-08-20,HepatitisB,10.24,00:46:54,2,8,69.55
2026-08-20,HepatitisB,12.43,00:47:24,2,8,69.56
2026-08-20,HepatitisB,2.29,00:47:54,2,8,0.0
2026-08-20,HepatitisB,17.2,00:48:24,2,8,69.58
2026-08-20,HepatitisB,6.26,00:48:54,2,8,0.0
2026-08-20,HepatitisB,17.99,00:49:24,2,8,69.6
2026-08-20,HepatitisB,10.4,00:49:54,2,8,69.61
2026-08-20,HepatitisB,5.72,00:50:24,2,8,0.0
2026-08-20,HepatitisB,2.12,00:50:54,2,8,0.0
2026-08-20,HepatitisB,11.48,00:51:24,2,8,69.65
2026-08-20,HepatitisB,15.31,00:51:54,2,8,69.66
2026-08-20,HepatitisB,10.01,00:52:24,2,8,69.67
2026-08-20,HepatitisB,15.91,00:52:54,2,8,69.68
2026-08-20,HepatitisB,2.49,00:53:24,2,8,0.0
2026-08-20,HepatitisB,17.72,00:53:54,2,8,69.7
2026-08-20,HepatitisB,16.46,00:54:24,2,8,69.71
2026-08-20,HepatitisB,9.59,00:54:54,2,8,69.72
2026-08-20,HepatitisB,16.24,00:55:24,2,8,69.73
2026-08-20,HepatitisB,3.03,00:55:54,2,8,0.0
2026-08-20,HepatitisB,7.34,00:56:24,2,8,0.0
2026-08-20,HepatitisB,14.89,00:56:54,2,8,69.77
2026-08-20,HepatitisB,12.17,00:57:24,2,8,69.78
2026-08-20,HepatitisB,6.71,00:57:54,2,8,0.0
2026-08-20,HepatitisB,6.19,00:58:24,2,8,0.0
2026-08-20,HepatitisB,6.42,00:58:54,2,8,0.0
2026-08-20,HepatitisB,11.47,00:59:24,2,8,69.82
2026-08-20,HepatitisB,13.93,00:59:54,2,8,69.83
2026-08-20,HepatitisB,2.76,01:00:24,2,8,0.0
2026-08-20,HepatitisB,11.7,01:00:54,2,8,69.85
2026-08-20,HepatitisB,16.67,01:01:24,2,8,69.86
2026-08-20,HepatitisB,10.98,01:01:54,2,8,69.88
2026-08-20,HepatitisB,10.49,01:02:24,2,8,69.89
2026-08-20,HepatitisB,7.08,01:02:54,2,8,0.0
2026-08-20,HepatitisB,10.98,01:03:24,2,8,69.91
2026-08-20,HepatitisB,2.29,01:03:54,2,8,0.0
2026-08-20,HepatitisB,11.7,01:04:24,2,8,69.93
2026-08-20,HepatitisB,11.93,01:04:54,2,8,69.94
2026-08-20,HepatitisB,4.48,01:05:24,2,8,0.0
2026-08-20,HepatitisB,13.34,01:05:54,2,8,69.96
2026-08-20,HepatitisB,13.49,01:06:24,2,8,69.97
2026-08-20,HepatitisB,2.27,01:06:54,2,8,0.0
2026-08-20,HepatitisB,16.58,01:07:24,2,8,69.99
2026-08-20,HepatitisB,9.69,01:07:54,2,8,70.01
2026-08-20,HepatitisB,5.45,01:08:24,2,8,0.0
2026-08-20,HepatitisB,17.1,01:08:54,2,8,70.03
2026-08-20,HepatitisB,11.0,01:09:24,2,8,70.04
2026-08-20,HepatitisB,4.76,01:09:54,2,8,0.0
2026-08-20,HepatitisB,6.48,01:10:24,2,8,0.0
2026-08-20,HepatitisB,17.72,01:10:54,2,8,70.07
2026-08-20,HepatitisB,16.45,01:11:24,2,8,70.08
2026-08-20,HepatitisB,12.86,01:11:54,2,8,70.09
2026-08-20,HepatitisB,15.29,01:12:24,2,8,70.1
2026-08-20,HepatitisB,4.09,01:12:54,2,8,0.0
2026-08-20,HepatitisB,10.01,01:13:24,2,8,70.12
2026-08-20,HepatitisB,9.06,01:13:54,2,8,70.14
2026-08-20,HepatitisB,17.72,01:14:24,2,8,70.15
2026-08-20,HepatitisB,12.77,01:14:54,2,8,70.16
2026-08-20,HepatitisB,14.21,01:15:24,2,8,70.17
2026-08-20,HepatitisB,14.54,01:15:54,2,8,70.18
2026-08-20,HepatitisB,2.74,01:16:24,2,8,0.0
2026-08-20,HepatitisB,13.96,01:16:54,2,8,70.2
2026-08-20,HepatitisB,5.39,01:17:24,2,8,0.0
2026-08-20,HepatitisB,2.4,01:17:54,2,8,0.0
2026-08-20,HepatitisB,12.6,01:18:24,2,8,70.23
2026-08-20,HepatitisB,15.97,01:18:54,2,8,70.24
2026-08-20,HepatitisB,10.26,01:19:24,2,8,70.25
2026-08-20,HepatitisB,14.04,01:19:54,2,8,70.27
2026-08-20,HepatitisB,10.86,01:20:24,2,8,70.28
2026-08-20,HepatitisB,2.31,01:20:54,2,8,0.0
2026-08-20,HepatitisB,9.08,01:21:24,2,8,70.3
2026-08-20,HepatitisB,10.12,01:21:54,2,8,70.31
2026-08-20,HepatitisB,14.67,01:22:24,2,8,70.32
2026-08-20,HepatitisB,11.54,01:22:54,2,8,70.33
2026-08-20,HepatitisB,5.88,01:23:24,2,8,0.0
2026-08-20,HepatitisB,13.41,01:23:54,2,8,70.35
2026-08-20,HepatitisB,10.99,01:24:24,2,8,70.36
2026-08-20,HepatitisB,10.43,01:24:54,2,8,70.37
2026-08-20,HepatitisB,16.19,01:25:24,2,8,70.38
2026-08-20,HepatitisB,9.08,01:25:54,2,8,70.39
2026-08-20,HepatitisB,10.53,01:26:24,2,8,70.41
2026-08-20,HepatitisB,3.82,01:26:54,2,8,0.0
2026-08-20,HepatitisB,2.79,01:27:24,2,8,0.0
2026-08-20,HepatitisB,4.34,01:27:54,2,8,0.0
2026-08-20,HepatitisB,15.75,01:28:24,2,8,70.45
2026-08-20,HepatitisB,3.48,01:28:54,2,8,0.0
2026-08-20,HepatitisB,5.37,01:29:24,2,8,0.0
2026-08-20,HepatitisB,16.42,01:29:54,2,8,70.48
2026-08-20,HepatitisB,11.36,01:30:24,2,8,70.49
2026-08-20,HepatitisB,7.99,01:30:54,2,8,0.0
2026-08-20,HepatitisB,15.09,01:31:24,2,8,70.51
2026-08-20,HepatitisB,17.1,01:31:54,2,8,70.53
2026-08-20,HepatitisB,3.35,01:32:24,2,8,0.0
2026-08-20,HepatitisB,14.47,01:32:54,2,8,70.55
2026-08-20,HepatitisB,11.02,01:33:24,2,8,70.56
2026-08-20,HepatitisB,5.0,01:33:54,2,8,0.0
2026-08-20,HepatitisB,17.42,01:34:24,2,8,70.58
2026-08-20,HepatitisB,14.91,01:34:54,2,8,70.59
2026-08-20,HepatitisB,12.55,01:35:24,2,8,70.6
2026-08-20,HepatitisB,13.02,01:35:54,2,8,70.61
2026-08-20,HepatitisB,4.87,01:36:24,2,8,0.0
2026-08-20,HepatitisB,5.59,01:36:54,2,8,0.0
2026-08-20,HepatitisB,7.35,01:37:24,2,8,0.0
2026-08-20,HepatitisB,14.68,01:37:54,2,8,70.66
2026-08-20,HepatitisB,15.64,01:38:24,2,8,70.67
2026-08-20,HepatitisB,3.43,01:38:54,2,8,0.0
2026-08-20,HepatitisB,17.05,01:39:24,2,8,70.69
2026-08-20,HepatitisB,9.67,01:39:54,2,8,70.7
2026-08-20,HepatitisB,4.81,01:40:24,2,8,0.0
2026-08-20,HepatitisB,12.27,01:40:54,2,8,70.72
2026-08-20,HepatitisB,5.69,01:41:24,2,8,0.0
2026-08-20,HepatitisB,9.15,01:41:54,2,8,70.74
2026-08-20,HepatitisB,17.79,01:42:24,2,8,70.75
2026-08-20,HepatitisB,11.63,01:42:54,2,8,70.76
2026-08-20,HepatitisB,11.66,01:43:24,2,8,70.77
2026-08-20,HepatitisB,13.24,01:43:54,2,8,70.79
2026-08-20,HepatitisB,7.82,01:44:24,2,8,0.0
2026-08-20,HepatitisB,2.39,01:44:54,2,8,0.0
2026-08-20,HepatitisB,12.84,01:45:24,2,8,70.82
2026-08-20,HepatitisB,3.87,01:45:54,2,8,0.0
2026-08-20,HepatitisB,10.32,01:46:24,2,8,70.84
2026-08-20,HepatitisB,12.43,01:46:54,2,8,70.85
2026-08-20,HepatitisB,7.7,01:47:24,2,8,0.0
2026-08-20,HepatitisB,4.04,01:47:54,2,8,0.0
2026-08-20,HepatitisB,9.77,01:48:24,2,8,70.88
2026-08-20,HepatitisB,7.6,01:48:54,2,8,0.0
2026-08-20,HepatitisB,3.73,01:49:24,2,8,0.0
2026-08-20,HepatitisB,11.46,01:49:54,2,8,70.91
2026-08-20,HepatitisB,13.53,01:50:24,2,8,70.93
2026-08-20,HepatitisB,11.09,01:50:54,2,8,70.94
2026-08-20,HepatitisB,3.08,01:51:24,2,8,0.0
2026-08-20,HepatitisB,5.26,01:51:54,2,8,0.0
2026-08-20,HepatitisB,14.99,01:52:24,2,8,70.97
2026-08-20,HepatitisB,9.36,01:52:54,2,8,70.98
2026-08-20,HepatitisB,7.44,01:53:24,2,8,0.0
2026-08-20,HepatitisB,2.77,01:53:54,2,8,0.0
2026-08-20,HepatitisB,14.73,01:54:24,2,8,71.01
2026-08-20,HepatitisB,9.17,01:54:54,2,8,71.02
2026-08-20,HepatitisB,2.59,01:55:24,2,8,0.0
2026-08-20,HepatitisB,2.7,01:55:54,2,8,0.0
2026-08-20,HepatitisB,3.68,01:56:24,2,8,0.0
2026-08-20,HepatitisB,9.24,01:56:54,2,8,71.07
2026-08-20,HepatitisB,3.02,01:57:24,2,8,0.0
2026-08-20,HepatitisB,9.21,01:57:54,2,8,71.09
2026-08-20,HepatitisB,4.31,01:58:24,2,8,0.0
2026-08-20,HepatitisB,12.94,01:58:54,2,8,71.11
2026-08-20,HepatitisB,4.88,01:59:24,2,8,0.0
2026-08-20,HepatitisB,10.18,01:59:54,2,8,71.13
2026-08-20,HepatitisB,10.92,02:00:24,2,8,71.14
2026-08-20,HepatitisB,4.71,02:00:54,2,8,0.0
2026-08-20,HepatitisB,9.12,02:01:24,2,8,71.16
2026-08-20,HepatitisB,2.23,02:01:54,2,8,0.0
2026-08-20,HepatitisB,11.82,02:02:24,2,8,71.19
2026-08-20,HepatitisB,5.1,02:02:54,2,8,0.0
2026-08-20,HepatitisB,16.06,02:03:24,2,8,71.21
2026-08-20,HepatitisB,17.09,02:03:54,2,8,71.22
2026-08-20,HepatitisB,14.57,02:04:24,2,8,71.23
2026-08-20,HepatitisB,3.93,02:04:54,2,8,0.0
2026-08-20,HepatitisB,10.6,02:05:24,2,8,71.25
2026-08-20,HepatitisB,9.51,02:05:54,2,8,71.26
2026-08-20,HepatitisB,14.07,02:06:24,2,8,71.27
2026-08-20,HepatitisB,3.88,02:06:54,2,8,0.0
2026-08-20,HepatitisB,12.87,02:07:24,2,8,71.29
2026-08-20,HepatitisB,10.79,02:07:54,2,8,71.31
2026-08-20,HepatitisB,13.26,02:08:24,2,8,71.32
2026-08-20,HepatitisB,7.38,02:08:54,2,8,0.0
2026-08-20,HepatitisB,14.75,02:09:24,2,8,71.34
2026-08-20,HepatitisB,13.68,02:09:54,2,8,71.35
2026-08-20,HepatitisB,9.25,02:10:24,2,8,71.36
2026-08-20,HepatitisB,7.77,02:10:54,2,8,0.0
2026-08-20,HepatitisB,4.12,02:11:24,2,8,0.0
2026-08-20,HepatitisB,2.4,02:11:54,2,8,0.0
2026-08-20,HepatitisB,7.1,02:12:24,2,8,0.0
2026-08-20,HepatitisB,10.05,02:12:54,2,8,71.41
2026-08-20,HepatitisB,10.28,02:13:24,2,8,71.42
2026-08-20,HepatitisB,5.54,02:13:54,2,8,0.0
2026-08-20,HepatitisB,12.82,02:14:24,2,8,71.45
2026-08-20,HepatitisB,16.42,02:14:54,2,8,71.46
2026-08-20,HepatitisB,2.28,02:15:24,2,8,0.0
2026-08-20,HepatitisB,12.83,02:15:54,2,8,71.48
2026-08-20,HepatitisB,9.46,02:16:24,2,8,71.49
2026-08-20,HepatitisB,15.84,02:16:54,2,8,71.5
2026-08-20,HepatitisB,14.11,02:17:24,2,8,71.51
2026-08-20,HepatitisB,16.09,02:17:54,2,8,71.52
2026-08-20,HepatitisB,13.14,02:18:24,2,8,71.53
2026-08-20,HepatitisB,5.22,02:18:54,2,8,0.0
2026-08-20,HepatitisB,4.42,02:19:24,2,8,0.0
2026-08-20,HepatitisB,9.32,02:19:54,2,8,71.56
2026-08-20,HepatitisB,12.74,02:20:24,2,8,71.58
2026-08-20,HepatitisB,17.51,02:20:54,2,8,71.59
2026-08-20,HepatitisB,14.95,02:21:24,2,8,71.6
2026-08-20,HepatitisB,2.54,02:21:54,2,8,0.0
2026-08-20,HepatitisB,10.01,02:22:24,2,8,71.62
2026-08-20,HepatitisB,17.03,02:22:54,2,8,71.63
2026-08-20,HepatitisB,11.77,02:23:24,2,8,71.64
2026-08-20,HepatitisB,7.61,02:23:54,2,8,0.0
2026-08-20,HepatitisB,16.7,02:24:24,2,8,71.66
2026-08-20,HepatitisB,17.05,02:24:54,2,8,71.67
2026-08-20,HepatitisB,5.8,02:25:24,2,8,0.0
2026-08-20,HepatitisB,11.16,02:25:54,2,8,71.7
2026-08-20,HepatitisB,13.85,02:26:24,2,8,71.71
2026-08-20,HepatitisB,11.08,02:26:54,2,8,71.72
2026-08-20,HepatitisB,4.16,02:27:24,2,8,0.0
2026-08-20,HepatitisB,15.46,02:27:54,2,8,71.74
2026-08-20,HepatitisB,12.34,02:28:24,2,8,71.75
2026-08-20,HepatitisB,10.02,02:28:54,2,8,71.76
2026-08-20,HepatitisB,4.58,02:29:24,2,8,0.0
2026-08-20,HepatitisB,16.12,02:29:54,2,8,71.78
2026-08-20,HepatitisB,11.57,02:30:24,2,8,71.79
2026-08-20,HepatitisB,12.42,02:30:54,2,8,71.8
2026-08-20,HepatitisB,17.46,02:31:24,2,8,71.81
2026-08-20,HepatitisB,17.24,02:31:54,2,8,71.83
2026-08-20,HepatitisB,6.54,02:32:24,2,8,0.0
2026-08-20,HepatitisB,11.92,02:32:54,2,8,71.85
2026-08-20,HepatitisB,7.74,02:33:24,2,8,0.0
2026-08-20,HepatitisB,12.4,02:33:54,2,8,71.87
2026-08-20,HepatitisB,12.95,02:34:24,2,8,71.88
2026-08-20,HepatitisB,10.95,02:34:54,2,8,71.89
2026-08-20,HepatitisB,17.3,02:35:24,2,8,71.9
2026-08-20,HepatitisB,6.42,02:35:54,2,8,0.0
2026-08-20,HepatitisB,17.31,02:36:24,2,8,71.92
2026-08-20,HepatitisB,17.44,02:36:54,2,8,71.93
2026-08-20,HepatitisB,17.8,02:37:24,2,8,71.94
2026-08-20,HepatitisB,14.14,02:37:54,2,8,71.95
2026-08-20,HepatitisB,6.5,02:38:24,2,8,0.0
2026-08-20,HepatitisB,11.09,02:38:54,2,8,71.98
2026-08-20,HepatitisB,6.35,02:39:24,2,8,0.0
2026-08-20,HepatitisB,6.85,02:39:54,2,8,0.0
2026-08-20,HepatitisB,4.61,02:40:24,2,8,0.0
2026-08-20,HepatitisB,16.18,02:40:54,2,8,72.02
2026-08-20,HepatitisB,11.61,02:41:24,2,8,72.03
2026-08-20,HepatitisB,15.14,02:41:54,2,8,72.04
2026-08-20,HepatitisB,7.15,02:42:24,2,8,0.0
2026-08-20,HepatitisB,4.35,02:42:54,2,8,0.0
2026-08-20,HepatitisB,16.63,02:43:24,2,8,72.07
2026-08-20,HepatitisB,5.31,02:43:54,2,8,0.0
2026-08-20,HepatitisB,17.18,02:44:24,2,8,72.1
2026-08-20,HepatitisB,6.86,02:44:54,2,8,0.0
2026-08-20,HepatitisB,12.96,02:45:24,2,8,72.12
2026-08-20,HepatitisB,17.37,02:45:54,2,8,72.13
2026-08-20,HepatitisB,13.39,02:46:24,2,8,72.14
2026-08-20,HepatitisB,4.54,02:46:54,2,8,0.0
2026-08-20,HepatitisB,5.08,02:47:24,2,8,0.0
2026-08-20,HepatitisB,14.19,02:47:54,2,8,72.17
2026-08-20,HepatitisB,2.57,02:48:24,2,8,0.0
2026-08-20,HepatitisB,9.42,02:48:54,2,8,72.19
2026-08-20,HepatitisB,9.9,02:49:24,2,8,72.2
2026-08-20,HepatitisB,15.3,02:49:54,2,8,72.22
2026-08-20,HepatitisB,15.64,02:50:24,2,8,72.23
2026-08-20,HepatitisB,14.89,02:50:54,2,8,72.24
2026-08-20,HepatitisB,5.08,02:51:24,2,8,0.0
2026-08-20,HepatitisB,16.89,02:51:54,2,8,72.26
2026-08-20,HepatitisB,14.53,02:52:24,2,8,72.27
2026-08-20,HepatitisB,6.28,02:52:54,2,8,0.0
2026-08-20,HepatitisB,7.85,02:53:24,2,8,0.0
2026-08-20,HepatitisB,16.13,02:53:54,2,8,72.3
2026-08-20,HepatitisB,10.51,02:54:24,2,8,72.31
2026-08-20,HepatitisB,16.64,02:54:54,2,8,72.32
2026-08-20,HepatitisB,4.88,02:55:24,2,8,0.0
2026-08-20,HepatitisB,9.13,02:55:54,2,8,72.34
2026-08-20,HepatitisB,10.77,02:56:24,2,8,72.36
2026-08-20,HepatitisB,9.12,02:56:54,2,8,72.37
2026-08-20,HepatitisB,4.01,02:57:24,2,8,0.0
2026-08-20,HepatitisB,15.26,02:57:54,2,8,72.39
2026-08-20,HepatitisB,12.45,02:58:24,2,8,72.4
2026-08-20,HepatitisB,3.39,02:58:54,2,8,0.0
2026-08-20,HepatitisB,13.54,02:59:24,2,8,72.42
2026-08-20,HepatitisB,17.71,02:59:54,2,8,72.43
2026-08-20,HepatitisB,10.55,03:00:24,2,8,72.44
2026-08-20,HepatitisB,17.38,03:00:54,2,8,72.45
2026-08-20,HepatitisB,12.6,03:01:24,2,8,72.46
2026-08-20,HepatitisB,3.28,03:01:54,2,8,0.0
2026-08-20,HepatitisB,16.47,03:02:24,2,8,72.49
2026-08-20,HepatitisB,13.51,03:02:54,2,8,72.5
2026-08-20,HepatitisB,6.72,03:03:24,2,8,0.0
2026-08-20,HepatitisB,3.76,03:03:54,2,8,0.0
2026-08-20,HepatitisB,7.81,03:04:24,2,8,0.0
2026-08-20,HepatitisB,14.03,03:04:54,2,8,72.54
2026-08-20,HepatitisB,15.78,03:05:24,2,8,72.55
2026-08-20,HepatitisB,11.83,03:05:54,2,8,72.56
2026-08-20,HepatitisB,11.27,03:06:24,2,8,72.57
2026-08-20,HepatitisB,6.89,03:06:54,2,8,0.0
2026-08-20,HepatitisB,13.69,03:07:24,2,8,72.59
2026-08-20,HepatitisB,14.94,03:07:54,2,8,72.61
2026-08-20,HepatitisB,6.02,03:08:24,2,8,0.0
2026-08-20,HepatitisB,7.4,03:08:54,2,8,0.0
2026-08-20,HepatitisB,12.63,03:09:24,2,8,72.64
2026-08-20,HepatitisB,16.68,03:09:54,2,8,72.65
2026-08-20,HepatitisB,7.75,03:10:24,2,8,0.0
2026-08-20,HepatitisB,13.39,03:10:54,2,8,72.67
2026-08-20,HepatitisB,9.92,03:11:24,2,8,72.68
2026-08-20,HepatitisB,16.84,03:11:54,2,8,72.69
2026-08-20,HepatitisB,10.04,03:12:24,2,8,72.7
2026-08-20,HepatitisB,13.36,03:12:54,2,8,72.71
2026-08-20,HepatitisB,7.61,03:13:24,2,8,0.0
2026-08-20,HepatitisB,13.83,03:13:54,2,8,72.73
2026-08-20,HepatitisB,14.64,03:14:24,2,8,72.75
2026-08-20,HepatitisB,11.18,03:14:54,2,8,72.76
2026-08-20,HepatitisB,13.39,03:15:24,2,8,72.77
2026-08-20,HepatitisB,2.02,03:15:54,2,8,0.0
2026-08-20,HepatitisB,9.45,03:16:24,2,8,72.79
2026-08-20,HepatitisB,7.04,03:16:54,2,8,0.0
2026-08-20,HepatitisB,17.03,03:17:24,2,8,72.81
2026-08-20,HepatitisB,12.04,03:17:54,2,8,72.82
2026-08-20,HepatitisB,17.68,03:18:24,2,8,72.83
2026-08-20,HepatitisB,11.28,03:18:54,2,8,72.84
2026-08-20,HepatitisB,17.25,03:19:24,2,8,72.85
2026-08-20,HepatitisB,13.38,03:19:54,2,8,72.86
2026-08-20,HepatitisB,13.85,03:20:24,2,8,72.88
2026-08-20,HepatitisB,13.75,03:20:54,2,8,72.89
2026-08-20,HepatitisB,3.08,03:21:24,2,8,0.0
2026-08-20,HepatitisB,3.18,03:21:54,2,8,0.0
2026-08-20,HepatitisB,13.09,03:22:24,2,8,72.92
2026-08-20,HepatitisB,13.78,03:22:54,2,8,72.93
2026-08-20,HepatitisB,6.89,03:23:24,2,8,0.0
2026-08-20,HepatitisB,17.12,03:23:54,2,8,72.95
2026-08-20,HepatitisB,4.65,03:24:24,2,8,0.0
2026-08-20,HepatitisB,7.37,03:24:54,2,8,0.0
2026-08-20,HepatitisB,4.88,03:25:24,2,8,0.0
2026-08-20,HepatitisB,3.58,03:25:54,2,8,0.0
2026-08-20,HepatitisB,5.11,03:26:24,2,8,0.0
2026-08-20,HepatitisB,9.82,03:26:54,2,8,73.02
2026-08-20,HepatitisB,17.36,03:27:24,2,8,73.03
2026-08-20,HepatitisB,3.64,03:27:54,2,8,0.0
2026-08-20,HepatitisB,12.48,03:28:24,2,8,73.05
2026-08-20,HepatitisB,11.58,03:28:54,2,8,73.06
2026-08-20,HepatitisB,17.28,03:29:24,2,8,73.07
2026-08-20,HepatitisB,13.46,03:29:54,2,8,73.08
2026-08-20,HepatitisB,9.19,03:30:24,2,8,73.09
2026-08-20,HepatitisB,6.77,03:30:54,2,8,0.0
2026-08-20,HepatitisB,16.14,03:31:24,2,8,73.11
2026-08-20,HepatitisB,17.98,03:31:54,2,8,73.12
2026-08-20,HepatitisB,14.7,03:32:24,2,8,73.14
2026-08-20,HepatitisB,5.38,03:32:54,2,8,0.0
2026-08-20,HepatitisB,12.25,03:33:24,2,8,73.16
2026-08-20,HepatitisB,9.44,03:33:54,2,8,73.17
2026-08-20,HepatitisB,11.82,03:34:24,2,8,73.18
2026-08-20,HepatitisB,10.46,03:34:54,2,8,73.19
2026-08-20,HepatitisB,12.44,03:35:24,2,8,73.2
2026-08-20,HepatitisB,16.81,03:35:54,2,8,73.21
2026-08-20,HepatitisB,14.48,03:36:24,2,8,73.22
2026-08-20,HepatitisB,4.2,03:36:54,2,8,0.0
2026-08-20,HepatitisB,5.85,03:37:24,2,8,0.0
2026-08-20,HepatitisB,2.13,03:37:54,2,8,0.0
2026-08-20,HepatitisB,4.49,03:38:24,2,8,0.0
2026-08-20,HepatitisB,16.26,03:38:54,2,8,73.28
2026-08-20,HepatitisB,15.25,03:39:24,2,8,73.29
2026-08-20,HepatitisB,17.74,03:39:54,2,8,73.3
2026-08-20,HepatitisB,10.13,03:40:24,2,8,73.31
2026-08-20,HepatitisB,11.32,03:40:54,2,8,73.32
2026-08-20,HepatitisB,11.32,03:41:24,2,8,73.33
2026-08-20,HepatitisB,2.31,03:41:54,2,8,0.0
2026-08-20,HepatitisB,13.61,03:42:24,2,8,73.35
2026-08-20,HepatitisB,6.48,03:42:54,2,8,0.0
2026-08-20,HepatitisB,5.18,03:43:24,2,8,0.0
2026-08-20,HepatitisB,11.85,03:43:54,2,8,73.39
2026-08-20,HepatitisB,17.41,03:44:24,2,8,73.4
2026-08-20,HepatitisB,10.71,03:44:54,2,8,73.41
2026-08-20,HepatitisB,2.02,03:45:24,2,8,0.0
2026-08-20,HepatitisB,4.17,03:45:54,2,8,0.0
2026-08-20,HepatitisB,13.42,03:46:24,2,8,73.44
2026-08-20,HepatitisB,10.68,03:46:54,2,8,73.45
2026-08-20,HepatitisB,7.35,03:47:24,2,8,0.0
2026-08-20,HepatitisB,10.54,03:47:54,2,8,73.47
2026-08-20,HepatitisB,11.15,03:48:24,2,8,73.48
2026-08-20,HepatitisB,7.43,03:48:54,2,8,0.0
2026-08-20,HepatitisB,12.39,03:49:24,2,8,73.5
2026-08-20,HepatitisB,6.49,03:49:54,2,8,0.0
2026-08-20,HepatitisB,14.4,03:50:24,2,8,73.53
2026-08-20,HepatitisB,9.69,03:50:54,2,8,73.54
2026-08-20,HepatitisB,11.83,03:51:24,2,8,73.55
2026-08-20,HepatitisB,3.23,03:51:54,2,8,0.0
2026-08-20,HepatitisB,9.65,03:52:24,2,8,73.57
2026-08-20,HepatitisB,12.99,03:52:54,2,8,73.58
2026-08-20,HepatitisB,14.67,03:53:24,2,8,73.59
2026-08-20,HepatitisB,5.46,03:53:54,2,8,0.0
2026-08-20,HepatitisB,3.47,03:54:24,2,8,0.0
2026-08-20,HepatitisB,11.02,03:54:54,2,8,73.62
2026-08-20,HepatitisB,3.15,03:55:24,2,8,0.0
2026-08-20,HepatitisB,14.74,03:55:54,2,8,73.64
2026-08-20,HepatitisB,17.16,03:56:24,2,8,73.66
2026-08-20,HepatitisB,14.3,03:56:54,2,8,73.67
2026-08-20,HepatitisB,4.51,03:57:24,2,8,0.0
2026-08-20,HepatitisB,3.53,03:57:54,2,8,0.0
2026-08-20,HepatitisB,2.07,03:58:24,2,8,0.0
2026-08-20,HepatitisB,12.78,03:58:54,2,8,73.71
2026-08-20,HepatitisB,5.24,03:59:24,2,8,0.0
2026-08-20,HepatitisB,16.96,03:59:54,2,8,73.73
2026-08-20,HepatitisB,17.38,04:00:24,2,8,73.74
2026-08-20,HepatitisB,11.05,04:00:54,2,8,73.75
2026-08-20,HepatitisB,3.68,04:01:24,2,8,0.0
2026-08-20,HepatitisB,5.91,04:01:54,2,8,0.0
2026-08-20,HepatitisB,15.63,04:02:24,2,8,73.79
2026-08-20,HepatitisB,16.16,04:02:54,2,8,73.8
2026-08-20,HepatitisB,10.86,04:03:24,2,8,73.81
2026-08-20,HepatitisB,17.63,04:03:54,2,8,73.82
2026-08-20,HepatitisB,2.22,04:04:24,2,8,0.0
2026-08-20,HepatitisB,10.44,04:04:54,2,8,73.84
2026-08-20,HepatitisB,13.98,04:05:24,2,8,73.85
2026-08-20,HepatitisB,14.82,04:05:54,2,8,73.86
2026-08-20,HepatitisB,2.69,04:06:24,2,8,0.0
2026-08-20,HepatitisB,5.81,04:06:54,2,8,0.0
2026-08-20,HepatitisB,9.88,04:07:24,2,8,73.89
2026-08-20,HepatitisB,9.65,04:07:54,2,8,73.91
2026-08-20,HepatitisB,12.22,04:08:24,2,8,73.92
2026-08-20,HepatitisB,14.72,04:08:54,2,8,73.93
2026-08-20,HepatitisB,14.95,04:09:24,2,8,73.94
2026-08-20,HepatitisB,9.11,04:09:54,2,8,73.95
2026-08-20,HepatitisB,12.41,04:10:24,2,8,73.96
2026-08-20,HepatitisB,15.2,04:10:54,2,8,73.97
2026-08-20,HepatitisB,13.79,04:11:24,2,8,73.98
2026-08-20,HepatitisB,11.28,04:11:54,2,8,73.99
2026-08-20,HepatitisB,5.34,04:12:24,2,8,0.0
2026-08-20,HepatitisB,7.42,04:12:54,2,8,0.0
2026-08-20,HepatitisB,17.15,04:13:24,2,8,74.02
2026-08-20,HepatitisB,12.29,04:13:54,2,8,74.04
2026-08-20,HepatitisB,9.48,04:14:24,2,8,74.05
2026-08-20,HepatitisB,10.28,04:14:54,2,8,74.06
2026-08-20,HepatitisB,14.74,04:15:24,2,8,74.07
2026-08-20,HepatitisB,3.59,04:15:54,2,8,0.0
2026-08-20,HepatitisB,6.32,04:16:24,2,8,0.0
2026-08-20,HepatitisB,6.97,04:16:54,2,8,0.0
2026-08-20,HepatitisB,17.58,04:17:24,2,8,74.11
2026-08-20,HepatitisB,6.0,04:17:54,2,8,0.0
2026-08-20,HepatitisB,9.95,04:18:24,2,8,74.13
2026-08-20,HepatitisB,6.93,04:18:54,2,8,0.0
2026-08-20,HepatitisB,5.65,04:19:24,2,8,0.0
2026-08-20,HepatitisB,6.29,04:19:54,2,8,0.0
2026-08-20,HepatitisB,16.15,04:20:24,2,8,74.18
2026-08-20,HepatitisB,14.17,04:20:54,2,8,74.19
2026-08-20,HepatitisB,10.62,04:21:24,2,8,74.2
2026-08-20,HepatitisB,5.19,04:21:54,2,8,0.0
2026-08-20,HepatitisB,7.83,04:22:24,2,8,0.0
2026-08-20,HepatitisB,4.99,04:22:54,2,8,0.0
2026-08-20,HepatitisB,12.29,04:23:24,2,8,74.24
2026-08-20,HepatitisB,3.1,04:23:54,2,8,0.0
2026-08-20,HepatitisB,17.46,04:24:24,2,8,74.26
2026-08-20,HepatitisB,12.42,04:24:54,2,8,74.27
2026-08-20,HepatitisB,9.02,04:25:24,2,8,74.28
2026-08-20,HepatitisB,6.31,04:25:54,2,8,0.0
2026-08-20,HepatitisB,3.51,04:26:24,2,8,0.0
2026-08-20,HepatitisB,2.63,04:26:54,2,8,0.0
2026-08-20,HepatitisB,16.36,04:27:24,2,8,74.33
2026-08-20,HepatitisB,15.24,04:27:54,2,8,74.34
2026-08-20,HepatitisB,3.16,04:28:24,2,8,0.0
2026-08-20,HepatitisB,2.94,04:28:54,2,8,0.0
2026-08-20,HepatitisB,16.22,04:29:24,2,8,74.37
2026-08-20,HepatitisB,12.68,04:29:54,2,8,74.38
2026-08-20,HepatitisB,13.2,04:30:24,2,8,74.39
2026-08-20,HepatitisB,3.5,04:30:54,2,8,0.0
2026-08-20,HepatitisB,13.32,04:31:24,2,8,74.41
2026-08-20,HepatitisB,5.25,04:31:54,2,8,0.0
2026-08-20,HepatitisB,3.2,04:32:24,2,8,0.0
2026-08-20,HepatitisB,12.77,04:32:54,2,8,74.45
2026-08-20,HepatitisB,14.98,04:33:24,2,8,74.46
2026-08-20,HepatitisB,3.14,04:33:54,2,8,0.0
2026-08-20,HepatitisB,3.73,04:34:24,2,8,0.0
2026-08-20,HepatitisB,10.5,04:34:54,2,8,74.49
2026-08-20,HepatitisB,16.04,04:35:24,2,8,74.5
2026-08-20,HepatitisB,11.53,04:35:54,2,8,74.51
2026-08-20,HepatitisB,6.62,04:36:24,2,8,0.0
2026-08-20,HepatitisB,13.9,04:36:54,2,8,74.53
2026-08-20,HepatitisB,17.83,04:37:24,2,8,74.54
2026-08-20,HepatitisB,7.74,04:37:54,2,8,0.0
2026-08-20,HepatitisB,3.49,04:38:24,2,8,0.0
2026-08-20,HepatitisB,5.7,04:38:54,2,8,0.0
2026-08-20,HepatitisB,11.97,04:39:24,2,8,74.59
2026-08-20,HepatitisB,3.32,04:39:54,2,8,0.0
2026-08-20,HepatitisB,2.23,04:40:24,2,8,0.0
2026-08-20,HepatitisB,11.76,04:40:54,2,8,74.62
2026-08-20,HepatitisB,11.6,04:41:24,2,8,74.63
2026-08-20,HepatitisB,10.4,04:41:54,2,8,74.64
2026-08-20,HepatitisB,5.91,04:42:24,2,8,0.0
2026-08-20,HepatitisB,3.75,04:42:54,2,8,0.0
2026-08-20,HepatitisB,15.93,04:43:24,2,8,74.67
2026-08-20,HepatitisB,5.96,04:43:54,2,8,0.0
2026-08-20,HepatitisB,9.09,04:44:24,2,8,74.7
2026-08-20,HepatitisB,9.39,04:44:54,2,8,74.71
2026-08-20,HepatitisB,7.36,04:45:24,2,8,0.0
2026-08-20,HepatitisB,13.78,04:45:54,2,8,74.73
2026-08-20,HepatitisB,2.16,04:46:24,2,8,0.0
2026-08-20,HepatitisB,5.49,04:46:54,2,8,0.0
2026-08-20,HepatitisB,12.52,04:47:24,2,8,74.76
2026-08-20,HepatitisB,6.25,04:47:54,2,8,0.0
2026-08-20,HepatitisB,14.69,04:48:24,2,8,74.78
2026-08-20,HepatitisB,13.7,04:48:54,2,8,74.79
2026-08-20,HepatitisB,17.33,04:49:24,2,8,74.8
2026-08-20,HepatitisB,7.01,04:49:54,2,8,0.0
2026-08-20,HepatitisB,3.58,04:50:24,2,8,0.0
2026-08-20,HepatitisB,11.05,04:50:54,2,8,74.84
2026-08-20,HepatitisB,5.38,04:51:24,2,8,0.0
2026-08-20,HepatitisB,13.15,04:51:54,2,8,74.86
2026-08-20,HepatitisB,3.1,04:52:24,2,8,0.0
2026-08-20,HepatitisB,3.22,04:52:54,2,8,0.0
2026-08-20,HepatitisB,16.4,04:53:24,2,8,74.89
2026-08-20,HepatitisB,3.58,04:53:54,2,8,0.0
2026-08-20,HepatitisB,2.44,04:54:24,2,8,0.0
2026-08-20,HepatitisB,6.89,04:54:54,2,8,0.0
2026-08-20,HepatitisB,14.9,04:55:24,2,8,74.93
2026-08-20,HepatitisB,7.63,04:55:54,2,8,0.0
2026-08-20,HepatitisB,10.13,04:56:24,2,8,74.96
2026-08-20,HepatitisB,10.22,04:56:54,2,8,74.97
2026-08-20,HepatitisB,9.4,04:57:24,2,8,74.98
2026-08-20,HepatitisB,6.08,04:57:54,2,8,0.0
2026-08-20,HepatitisB,15.0,04:58:24,2,8,75.0
2026-08-20,HepatitisB,16.68,04:58:54,2,8,75.01
2026-08-20,HepatitisB,15.1,04:59:24,2,8,75.02
2026-08-20,HepatitisB,6.29,04:59:54,2,8,0.0
2026-08-20,HepatitisB,5.53,05:00:24,2,8,0.0
2026-08-20,HepatitisB,16.24,05:00:54,2,8,75.05
2026-08-20,HepatitisB,5.58,05:01:24,2,8,0.0
2026-08-20,HepatitisB,10.59,05:01:54,2,8,75.08
2026-08-20,HepatitisB,3.87,05:02:24,2,8,0.0
2026-08-20,HepatitisB,10.73,05:02:54,2,8,75.1
2026-08-20,HepatitisB,17.09,05:03:24,2,8,75.11
2026-08-20,HepatitisB,17.79,05:03:54,2,8,75.12
2026-08-20,HepatitisB,16.29,05:04:24,2,8,75.13
2026-08-20,HepatitisB,13.98,05:04:54,2,8,75.14
2026-08-20,HepatitisB,5.44,05:05:24,2,8,0.0
2026-08-20,HepatitisB,12.25,05:05:54,2,8,75.16
2026-08-20,HepatitisB,12.02,05:06:24,2,8,75.17
2026-08-20,HepatitisB,16.04,05:06:54,2,8,75.18
2026-08-20,HepatitisB,14.47,05:07:24,2,8,75.19
2026-08-20,HepatitisB,10.08,05:07:54,2,8,75.2
2026-08-20,HepatitisB,12.35,05:08:24,2,8,75.22
2026-08-20,HepatitisB,5.3,05:08:54,2,8,0.0
2026-08-20,HepatitisB,4.07,05:09:24,2,8,0.0
2026-08-20,HepatitisB,4.05,05:09:54,2,8,0.0
2026-08-20,HepatitisB,17.97,05:10:24,2,8,75.26
2026-08-20,HepatitisB,13.08,05:10:54,2,8,75.27
2026-08-20,HepatitisB,13.25,05:11:24,2,8,75.28
2026-08-20,HepatitisB,3.87,05:11:54,2,8,0.0
2026-08-20,HepatitisB,6.1,05:12:24,2,8,0.0
2026-08-20,HepatitisB,12.88,05:12:54,2,8,75.31
2026-08-20,HepatitisB,6.35,05:13:24,2,8,0.0
2026-08-20,HepatitisB,10.53,05:13:54,2,8,75.34
2026-08-20,HepatitisB,5.61,05:14:24,2,8,0.0
2026-08-20,HepatitisB,16.61,05:14:54,2,8,75.36
2026-08-20,HepatitisB,12.0,05:15:24,2,8,75.37
2026-08-20,HepatitisB,6.88,05:15:54,2,8,0.0
2026-08-20,HepatitisB,15.22,05:16:24,2,8,75.39
2026-08-20,HepatitisB,16.2,05:16:54,2,8,75.4
2026-08-20,HepatitisB,10.31,05:17:24,2,8,75.41
2026-08-20,HepatitisB,14.0,05:17:54,2,8,75.42
2026-08-20,HepatitisB,7.7,05:18:24,2,8,0.0
2026-08-20,HepatitisB,13.72,05:18:54,2,8,75.44
2026-08-20,HepatitisB,17.89,05:19:24,2,8,75.45
2026-08-20,HepatitisB,13.92,05:19:54,2,8,75.47
2026-08-20,HepatitisB,2.8,05:20:24,2,8,0.0
2026-08-20,HepatitisB,14.69,05:20:54,2,8,75.49
2026-08-20,HepatitisB,13.02,05:21:24,2,8,75.5
2026-08-20,HepatitisB,7.02,05:21:54,2,8,0.0
2026-08-20,HepatitisB,10.05,05:22:24,2,8,75.52
2026-08-20,HepatitisB,10.01,05:22:54,2,8,75.53
2026-08-20,HepatitisB,16.47,05:23:24,2,8,75.54
2026-08-20,HepatitisB,6.2,05:23:54,2,8,0.0
2026-08-20,HepatitisB,9.01,05:24:24,2,8,75.56
2026-08-20,HepatitisB,16.48,05:24:54,2,8,75.57
2026-08-20,HepatitisB,4.41,05:25:24,2,8,0.0
2026-08-20,HepatitisB,3.48,05:25:54,2,8,0.0
2026-08-20,HepatitisB,16.88,05:26:24,2,8,75.61
2026-08-20,HepatitisB,10.35,05:26:54,2,8,75.62
2026-08-20,HepatitisB,5.83,05:27:24,2,8,0.0
2026-08-20,HepatitisB,11.5,05:27:54,2,8,75.64
2026-08-20,HepatitisB,12.41,05:28:24,2,8,75.65
2026-08-20,HepatitisB,16.62,05:28:54,2,8,75.66
2026-08-20,HepatitisB,14.29,05:29:24,2,8,75.67
2026-08-20,HepatitisB,15.7,05:29:54,2,8,75.68
2026-08-20,HepatitisB,2.86,05:30:24,2,8,0.0
2026-08-20,HepatitisB,17.56,05:30:54,2,8,75.7
2026-08-20,HepatitisB,5.96,05:31:24,2,8,0.0
2026-08-20,HepatitisB,11.5,05:31:54,2,8,75.73
2026-08-20,HepatitisB,3.22,05:32:24,2,8,0.0
2026-08-20,HepatitisB,5.45,05:32:54,2,8,0.0
2026-08-20,HepatitisB,13.18,05:33:24,2,8,75.76
2026-08-20,HepatitisB,11.22,05:33:54,2,8,75.77
2026-08-20,HepatitisB,4.86,05:34:24,2,8,0.0
2026-08-20,HepatitisB,4.03,05:34:54,2,8,0.0
2026-08-20,HepatitisB,7.19,05:35:24,2,8,0.0
2026-08-20,HepatitisB,4.89,05:35:54,2,8,0.0
2026-08-20,HepatitisB,5.06,05:36:24,2,8,0.0
2026-08-20,HepatitisB,9.19,05:36:54,2,8,75.83
2026-08-20,HepatitisB,13.25,05:37:24,2,8,75.84
2026-08-20,HepatitisB,5.62,05:37:54,2,8,0.0
2026-08-20,HepatitisB,12.27,05:38:24,2,8,75.87
2026-08-20,HepatitisB,2.91,05:38:54,2,8,0.0
2026-08-20,HepatitisB,13.1,05:39:24,2,8,75.89
2026-08-20,HepatitisB,16.57,05:39:54,2,8,75.9
2026-08-20,HepatitisB,7.8,05:40:24,2,8,0.0
2026-08-20,HepatitisB,4.72,05:40:54,2,8,0.0
2026-08-20,HepatitisB,13.82,05:41:24,2,8,75.93
2026-08-20,HepatitisB,9.32,05:41:54,2,8,75.94
2026-08-20,HepatitisB,4.49,05:42:24,2,8,0.0
2026-08-20,HepatitisB,15.45,05:42:54,2,8,75.96
2026-08-20,HepatitisB,3.64,05:43:24,2,8,0.0
2026-08-20,HepatitisB,5.97,05:43:54,2,8,0.0
2026-08-20,HepatitisB,14.95,05:44:24,2,8,76.0
2026-08-20,HepatitisB,13.84,05:44:54,2,8,76.01
2026-08-20,HepatitisB,2.72,05:45:24,2,8,0.0
2026-08-20,HepatitisB,13.88,05:45:54,2,8,76.03
2026-08-20,HepatitisB,7.28,05:46:24,2,8,0.0
2026-08-20,HepatitisB,16.88,05:46:54,2,8,76.05
2026-08-20,HepatitisB,11.88,05:47:24,2,8,76.06
2026-08-20,HepatitisB,9.37,05:47:54,2,8,76.07
2026-08-20,HepatitisB,2.58,05:48:24,2,8,0.0
2026-08-20,HepatitisB,13.68,05:48:54,2,8,76.09
2026-08-20,HepatitisB,12.93,05:49:24,2,8,76.1
2026-08-20,HepatitisB,2.98,05:49:54,2,8,0.0
2026-08-20,HepatitisB,16.52,05:50:24,2,8,76.13
2026-08-20,HepatitisB,7.43,05:50:54,2,8,0.0
2026-08-20,HepatitisB,15.41,05:51:24,2,8,76.15
2026-08-20,HepatitisB,15.16,05:51:54,2,8,76.16
2026-08-20,HepatitisB,4.45,05:52:24,2,8,0.0
2026-08-20,HepatitisB,6.86,05:52:54,2,8,0.0
2026-08-20,HepatitisB,3.65,05:53:24,2,8,0.0
2026-08-20,HepatitisB,11.93,05:53:54,2,8,76.2
2026-08-20,HepatitisB,17.77,05:54:24,2,8,76.21
2026-08-20,HepatitisB,10.18,05:54:54,2,8,76.22
2026-08-20,HepatitisB,10.58,05:55:24,2,8,76.23
2026-08-20,HepatitisB,13.08,05:55:54,2,8,76.25
2026-08-20,HepatitisB,18.0,05:56:24,2,8,76.26
2026-08-20,HepatitisB,7.17,05:56:54,2,8,0.0
2026-08-20,HepatitisB,4.61,05:57:24,2,8,0.0
2026-08-20,HepatitisB,16.41,05:57:54,2,8,76.29
2026-08-20,HepatitisB,17.3,05:58:24,2,8,76.3
2026-08-20,HepatitisB,5.24,05:58:54,2,8,0.0
2026-08-20,HepatitisB,9.9,05:59:24,2,8,76.32
2026-08-20,HepatitisB,13.15,05:59:54,2,8,76.33
2026-08-20,HepatitisB,10.65,06:00:24,2,8,76.34
2026-08-20,HepatitisB,2.36,06:00:54,2,8,0.0
2026-08-20,HepatitisB,7.33,06:01:24,2,8,0.0
2026-08-20,HepatitisB,7.7,06:01:54,2,8,0.0
2026-08-20,HepatitisB,13.05,06:02:24,2,8,76.39
2026-08-20,HepatitisB,17.48,06:02:54,2,8,76.4
2026-08-20,HepatitisB,4.6,06:03:24,2,8,0.0
2026-08-20,HepatitisB,15.5,06:03:54,2,8,76.42
2026-08-20,HepatitisB,10.67,06:04:24,2,8,76.43
2026-08-20,HepatitisB,10.13,06:04:54,2,8,76.44
2026-08-20,HepatitisB,3.12,06:05:24,2,8,0.0
2026-08-20,HepatitisB,11.41,06:05:54,2,8,76.46
2026-08-20,HepatitisB,12.63,06:06:24,2,8,76.47
2026-08-20,HepatitisB,16.98,06:06:54,2,8,76.48
2026-08-20,HepatitisB,5.51,06:07:24,2,8,0.0
2026-08-20,HepatitisB,14.53,06:07:54,2,8,76.51
2026-08-20,HepatitisB,14.13,06:08:24,2,8,76.52
2026-08-20,HepatitisB,7.37,06:08:54,2,8,0.0
2026-08-20,HepatitisB,14.1,06:09:24,2,8,76.54
2026-08-20,HepatitisB,13.13,06:09:54,2,8,76.55
2026-08-20,HepatitisB,2.94,06:10:24,2,8,0.0
2026-08-20,HepatitisB,13.05,06:10:54,2,8,76.57
2026-08-20,HepatitisB,16.89,06:11:24,2,8,76.58
2026-08-20,HepatitisB,12.89,06:11:54,2,8,76.59
2026-08-20,HepatitisB,5.21,06:12:24,2,8,0.0
2026-08-20,HepatitisB,7.28,06:12:54,2,8,0.0
2026-08-20,HepatitisB,3.22,06:13:24,2,8,0.0
2026-08-20,HepatitisB,7.03,06:13:54,2,8,0.0
2026-08-20,HepatitisB,12.63,06:14:24,2,8,76.65
2026-08-20,HepatitisB,11.74,06:14:54,2,8,76.66
2026-08-20,HepatitisB,2.54,06:15:24,2,8,0.0
2026-08-20,HepatitisB,15.72,06:15:54,2,8,76.68
2026-08-20,HepatitisB,14.03,06:16:24,2,8,76.69
2026-08-20,HepatitisB,4.68,06:16:54,2,8,0.0
2026-08-20,HepatitisB,10.91,06:17:24,2,8,76.71
2026-08-20,HepatitisB,4.63,06:17:54,2,8,0.0
2026-08-20,HepatitisB,7.29,06:18:24,2,8,0.0
2026-08-20,HepatitisB,7.02,06:18:54,2,8,0.0
2026-08-20,HepatitisB,7.58,06:19:24,2,8,0.0
2026-08-20,HepatitisB,6.94,06:19:54,2,8,0.0
2026-08-20,HepatitisB,16.36,06:20:24,2,8,76.78
2026-08-20,HepatitisB,13.41,06:20:54,2,8,76.79
2026-08-20,HepatitisB,13.11,06:21:24,2,8,76.8
2026-08-20,HepatitisB,10.81,06:21:54,2,8,76.81
2026-08-20,HepatitisB,14.01,06:22:24,2,8,76.82
2026-08-20,HepatitisB,11.1,06:22:54,2,8,76.83
2026-08-20,HepatitisB,13.93,06:23:24,2,8,76.84
2026-08-20,HepatitisB,13.1,06:23:54,2,8,76.85
2026-08-20,HepatitisB,6.42,06:24:24,2,8,0.0
2026-08-20,HepatitisB,7.81,06:24:54,2,8,0.0
2026-08-20,HepatitisB,16.18,06:25:24,2,8,76.88
2026-08-20,HepatitisB,7.45,06:25:54,2,8,0.0
2026-08-20,HepatitisB,17.92,06:26:24,2,8,76.91
2026-08-20,HepatitisB,16.4,06:26:54,2,8,76.92
2026-08-20,HepatitisB,16.34,06:27:24,2,8,76.93
2026-08-20,HepatitisB,6.18,06:27:54,2,8,0.0
2026-08-20,HepatitisB,14.09,06:28:24,2,8,76.95
2026-08-20,HepatitisB,15.93,06:28:54,2,8,76.96
2026-08-20,HepatitisB,17.16,06:29:24,2,8,76.97
2026-08-20,HepatitisB,10.16,06:29:54,2,8,76.98
2026-08-20,HepatitisB,2.48,06:30:24,2,8,0.0
2026-08-20,HepatitisB,6.46,06:30:54,2,8,0.0
2026-08-20,HepatitisB,5.13,06:31:24,2,8,0.0
2026-08-20,HepatitisB,10.74,06:31:54,2,8,77.03
2026-08-20,HepatitisB,3.87,06:32:24,2,8,0.0
2026-08-20,HepatitisB,10.04,06:32:54,2,8,77.05
2026-08-20,HepatitisB,11.69,06:33:24,2,8,77.06
2026-08-20,HepatitisB,11.93,06:33:54,2,8,77.07
2026-08-20,HepatitisB,17.0,06:34:24,2,8,77.08
2026-08-20,HepatitisB,3.02,06:34:54,2,8,0.0
2026-08-20,HepatitisB,2.88,06:35:24,2,8,0.0
2026-08-20,HepatitisB,6.92,06:35:54,2,8,0.0
2026-08-20,HepatitisB,14.05,06:36:24,2,8,77.12
2026-08-20,HepatitisB,7.39,06:36:54,2,8,0.0
2026-08-20,HepatitisB,13.48,06:37:24,2,8,77.14
2026-08-20,HepatitisB,5.31,06:37:54,2,8,0.0
2026-08-20,HepatitisB,7.34,06:38:24,2,8,0.0
2026-08-20,HepatitisB,11.79,06:38:54,2,8,77.18
2026-08-20,HepatitisB,12.04,06:39:24,2,8,77.19
2026-08-20,HepatitisB,13.03,06:39:54,2,8,77.2
2026-08-20,HepatitisB,9.53,06:40:24,2,8,77.21
2026-08-20,HepatitisB,5.05,06:40:54,2,8,0.0
2026-08-20,HepatitisB,6.03,06:41:24,2,8,0.0
2026-08-20,HepatitisB,2.63,06:41:54,2,8,0.0
2026-08-20,HepatitisB,11.34,06:42:24,2,8,77.25
2026-08-20,HepatitisB,17.04,06:42:54,2,8,77.26
2026-08-20,HepatitisB,17.98,06:43:24,2,8,77.27
2026-08-20,HepatitisB,13.56,06:43:54,2,8,77.29
2026-08-20,HepatitisB,10.42,06:44:24,2,8,77.3
2026-08-20,HepatitisB,6.34,06:44:54,2,8,0.0
2026-08-20,HepatitisB,15.02,06:45:24,2,8,77.32
2026-08-20,HepatitisB,14.58,06:45:54,2,8,77.33
2026-08-20,HepatitisB,14.5,06:46:24,2,8,77.34
2026-08-20,HepatitisB,14.98,06:46:54,2,8,77.35
2026-08-20,HepatitisB,4.07,06:47:24,2,8,0.0
2026-08-20,HepatitisB,12.77,06:47:54,2,8,77.37
2026-08-20,HepatitisB,7.59,06:48:24,2,8,0.0
2026-08-20,HepatitisB,14.74,06:48:54,2,8,77.39
2026-08-20,HepatitisB,13.82,06:49:24,2,8,77.4
2026-08-20,HepatitisB,14.08,06:49:54,2,8,77.41
2026-08-20,HepatitisB,12.8,06:50:24,2,8,77.43
2026-08-20,HepatitisB,15.95,06:50:54,2,8,77.44
2026-08-20,HepatitisB,15.76,06:51:24,2,8,77.45
2026-08-20,HepatitisB,12.73,06:51:54,2,8,77.46
2026-08-20,HepatitisB,17.88,06:52:24,2,8,77.47
2026-08-20,HepatitisB,12.82,06:52:54,2,8,77.48
2026-08-20,HepatitisB,16.73,06:53:24,2,8,77.49
2026-08-20,HepatitisB,6.3,06:53:54,2,8,0.0
2026-08-20,HepatitisB,15.1,06:54:24,2,8,77.51
2026-08-20,HepatitisB,16.95,06:54:54,2,8,77.52
2026-08-20,HepatitisB,12.51,06:55:24,2,8,77.53
2026-08-20,HepatitisB,3.95,06:55:54,2,8,0.0
2026-08-20,HepatitisB,3.43,06:56:24,2,8,0.0
2026-08-20,HepatitisB,6.6,06:56:54,2,8,0.0
2026-08-20,HepatitisB,12.84,06:57:24,2,8,77.58
2026-08-20,HepatitisB,11.46,06:57:54,2,8,77.59
2026-08-20,HepatitisB,14.38,06:58:24,2,8,77.6
2026-08-20,HepatitisB,3.38,06:58:54,2,8,0.0
2026-08-20,HepatitisB,9.5,06:59:24,2,8,77.62
2026-08-20,HepatitisB,14.31,06:59:54,2,8,77.63
2026-08-20,HepatitisB,17.93,07:00:24,2,8,77.64
2026-08-20,HepatitisB,11.84,07:00:54,2,8,77.65
2026-08-20,HepatitisB,14.07,07:01:24,2,8,77.66
2026-08-20,HepatitisB,7.55,07:01:54,2,8,0.0
2026-08-20,HepatitisB,2.26,07:02:24,2,8,0.0
2026-08-20,HepatitisB,15.99,07:02:54,2,8,77.7
2026-08-20,HepatitisB,7.34,07:03:24,2,8,0.0
2026-08-20,HepatitisB,11.16,07:03:54,2,8,77.72
2026-08-20,HepatitisB,16.87,07:04:24,2,8,77.73
2026-08-20,HepatitisB,13.99,07:04:54,2,8,77.74
2026-08-20,HepatitisB,6.23,07:05:24,2,8,0.0
2026-08-20,HepatitisB,12.68,07:05:54,2,8,77.76
2026-08-20,HepatitisB,3.02,07:06:24,2,8,0.0
2026-08-20,HepatitisB,6.43,07:06:54,2,8,0.0
2026-08-20,HepatitisB,12.61,07:07:24,2,8,77.79
2026-08-20,HepatitisB,9.86,07:07:54,2,8,77.81
2026-08-20,HepatitisB,16.98,07:08:24,2,8,77.82
2026-08-20,HepatitisB,11.23,07:08:54,2,8,77.83
2026-08-20,HepatitisB,11.73,07:09:24,2,8,77.84
2026-08-20,HepatitisB,12.03,07:09:54,2,8,77.85
2026-08-20,HepatitisB,6.69,07:10:24,2,8,0.0
2026-08-20,HepatitisB,12.74,07:10:54,2,8,77.87
2026-08-20,HepatitisB,11.01,07:11:24,2,8,77.88
2026-08-20,HepatitisB,7.9,07:11:54,2,8,0.0
2026-08-20,HepatitisB,3.35,07:12:24,2,8,0.0
2026-08-20,HepatitisB,12.72,07:12:54,2,8,77.91
2026-08-20,HepatitisB,17.45,07:13:24,2,8,77.92
2026-08-20,HepatitisB,5.71,07:13:54,2,8,0.0
2026-08-20,HepatitisB,4.53,07:14:24,2,8,0.0
2026-08-20,HepatitisB,17.11,07:14:54,2,8,77.96
2026-08-20,HepatitisB,9.25,07:15:24,2,8,77.97
2026-08-20,HepatitisB,15.91,07:15:54,2,8,77.98
2026-08-20,HepatitisB,15.59,07:16:24,2,8,77.99
2026-08-20,HepatitisB,3.06,07:16:54,2,8,0.0
2026-08-20,HepatitisB,4.45,07:17:24,2,8,0.0
2026-08-20,HepatitisB,9.51,07:17:54,2,8,78.02
2026-08-20,HepatitisB,7.54,07:18:24,2,8,0.0
2026-08-20,HepatitisB,9.82,07:18:54,2,8,78.04
2026-08-20,HepatitisB,14.19,07:19:24,2,8,78.05
2026-08-20,HepatitisB,15.92,07:19:54,2,8,78.06
2026-08-20,HepatitisB,4.36,07:20:24,2,8,0.0
2026-08-20,HepatitisB,6.53,07:20:54,2,8,0.0
2026-08-20,HepatitisB,15.61,07:21:24,2,8,78.1
2026-08-20,HepatitisB,11.27,07:21:54,2,8,78.11
2026-08-20,HepatitisB,12.74,07:22:24,2,8,78.12
2026-08-20,HepatitisB,9.56,07:22:54,2,8,78.13
2026-08-20,HepatitisB,13.46,07:23:24,2,8,78.14
2026-08-20,HepatitisB,15.49,07:23:54,2,8,78.15
2026-08-20,HepatitisB,13.62,07:24:24,2,8,78.16
2026-08-20,HepatitisB,12.56,07:24:54,2,8,78.17
2026-08-20,HepatitisB,6.42,07:25:24,2,8,0.0
2026-08-20,HepatitisB,12.13,07:25:54,2,8,78.2
2026-08-20,HepatitisB,7.84,07:26:24,2,8,0.0
2026-08-20,HepatitisB,13.53,07:26:54,2,8,78.22
2026-08-20,HepatitisB,14.63,07:27:24,2,8,78.23
2026-08-20,HepatitisB,10.48,07:27:54,2,8,78.24
2026-08-20,HepatitisB,4.56,07:28:24,2,8,0.0
2026-08-20,HepatitisB,5.48,07:28:54,2,8,0.0
2026-08-20,HepatitisB,2.88,07:29:24,2,8,0.0
2026-08-20,HepatitisB,11.33,07:29:54,2,8,78.28
2026-08-20,HepatitisB,9.34,07:30:24,2,8,78.29
2026-08-20,HepatitisB,2.02,07:30:54,2,8,0.0
2026-08-20,HepatitisB,17.24,07:31:24,2,8,78.31
2026-08-20,HepatitisB,6.99,07:31:54,2,8,0.0
2026-08-20,HepatitisB,11.83,07:32:24,2,8,78.34
2026-08-20,HepatitisB,12.66,07:32:54,2,8,78.35
2026-08-20,HepatitisB,9.96,07:33:24,2,8,78.36
2026-08-20,HepatitisB,13.79,07:33:54,2,8,78.37
2026-08-20,HepatitisB,2.98,07:34:24,2,8,0.0
2026-08-20,HepatitisB,9.47,07:34:54,2,8,78.39
2026-08-20,HepatitisB,5.46,07:35:24,2,8,0.0
2026-08-20,HepatitisB,17.76,07:35:54,2,8,78.41
2026-08-20,HepatitisB,15.02,07:36:24,2,8,78.42
2026-08-20,HepatitisB,10.81,07:36:54,2,8,78.43
2026-08-20,HepatitisB,5.52,07:37:24,2,8,0.0
2026-08-20,HepatitisB,6.59,07:37:54,2,8,0.0
2026-08-20,HepatitisB,17.08,07:38:24,2,8,78.47
2026-08-20,HepatitisB,2.62,07:38:54,2,8,0.0
2026-08-20,HepatitisB,6.2,07:39:24,2,8,0.0
2026-08-20,HepatitisB,16.18,07:39:54,2,8,78.5
2026-08-20,HepatitisB,4.75,07:40:24,2,8,0.0
2026-08-20,HepatitisB,14.63,07:40:54,2,8,78.52
2026-08-20,HepatitisB,4.63,07:41:24,2,8,0.0
2026-08-20,HepatitisB,6.25,07:41:54,2,8,0.0
2026-08-20,HepatitisB,14.53,07:42:24,2,8,78.55
2026-08-20,HepatitisB,5.79,07:42:54,2,8,0.0
2026-08-20,HepatitisB,17.36,07:43:24,2,8,78.57
2026-08-20,HepatitisB,5.37,07:43:54,2,8,0.0
2026-08-20,HepatitisB,16.16,07:44:24,2,8,78.6
2026-08-20,HepatitisB,12.14,07:44:54,2,8,78.61
2026-08-20,HepatitisB,10.43,07:45:24,2,8,78.62
2026-08-20,HepatitisB,13.6,07:45:54,2,8,78.63
2026-08-20,HepatitisB,13.81,07:46:24,2,8,78.64
2026-08-20,HepatitisB,6.48,07:46:54,2,8,0.0
2026-08-20,HepatitisB,11.43,07:47:24,2,8,78.66
2026-08-20,HepatitisB,5.82,07:47:54,2,8,0.0
2026-08-20,HepatitisB,10.67,07:48:24,2,8,78.68
2026-08-20,HepatitisB,5.89,07:48:54,2,8,0.0
2026-08-20,HepatitisB,16.48,07:49:24,2,8,78.7
2026-08-20,HepatitisB,17.56,07:49:54,2,8,78.72
2026-08-20,HepatitisB,11.02,07:50:24,2,8,78.73
2026-08-20,HepatitisB,14.47,07:50:54,2,8,78.74
2026-08-20,HepatitisB,15.71,07:51:24,2,8,78.75
2026-08-20,HepatitisB,12.11,07:51:54,2,8,78.76
2026-08-20,HepatitisB,14.74,07:52:24,2,8,78.77
2026-08-20,HepatitisB,3.94,07:52:54,2,8,0.0
2026-08-20,HepatitisB,4.54,07:53:24,2,8,0.0
2026-08-20,HepatitisB,14.03,07:53:54,2,8,78.8
2026-08-20,HepatitisB,10.22,07:54:24,2,8,78.81
2026-08-20,HepatitisB,17.19,07:54:54,2,8,78.82
2026-08-20,HepatitisB,5.44,07:55:24,2,8,0.0
2026-08-20,HepatitisB,14.58,07:55:54,2,8,78.84
2026-08-20,HepatitisB,11.24,07:56:24,2,8,78.86
2026-08-20,HepatitisB,13.23,07:56:54,2,8,78.87
2026-08-20,HepatitisB,11.2,07:57:24,2,8,78.88
2026-08-20,HepatitisB,11.33,07:57:54,2,8,78.89
2026-08-20,HepatitisB,14.31,07:58:24,2,8,78.9
2026-08-20,HepatitisB,3.45,07:58:54,2,8,0.0
2026-08-20,HepatitisB,14.24,07:59:24,2,8,78.92
2026-08-20,HepatitisB,5.14,07:59:54,2,8,0.0
2026-08-20,HepatitisB,10.65,08:00:24,2,8,78.94
2026-08-20,HepatitisB,3.04,08:00:54,2,8,0.0
2026-08-20,HepatitisB,10.12,08:01:24,2,8,78.96
2026-08-20,HepatitisB,7.79,08:01:54,2,8,0.0
2026-08-20,HepatitisB,16.53,08:02:24,2,8,78.99
2026-08-20,HepatitisB,10.38,08:02:54,2,8,79.0
2026-08-20,HepatitisB,12.71,08:03:24,2,8,79.01
2026-08-20,HepatitisB,17.32,08:03:54,2,8,79.02
2026-08-20,HepatitisB,17.61,08:04:24,2,8,79.03
2026-08-20,HepatitisB,17.93,08:04:54,2,8,79.04
2026-08-20,HepatitisB,7.98,08:05:24,2,8,0.0
2026-08-20,HepatitisB,12.72,08:05:54,2,8,79.06
2026-08-20,HepatitisB,17.58,08:06:24,2,8,79.07
2026-08-20,HepatitisB,16.64,08:06:54,2,8,79.08
2026-08-20,HepatitisB,10.14,08:07:24,2,8,79.09
2026-08-20,HepatitisB,16.64,08:07:54,2,8,79.11
2026-08-20,HepatitisB,14.51,08:08:24,2,8,79.12
2026-08-20,HepatitisB,14.2,08:08:54,2,8,79.13
2026-08-20,HepatitisB,14.09,08:09:24,2,8,79.14
2026-08-20,HepatitisB,4.73,08:09:54,2,8,0.0
2026-08-20,HepatitisB,12.56,08:10:24,2,8,79.16
2026-08-20,HepatitisB,4.06,08:10:54,2,8,0.0
2026-08-20,HepatitisB,16.12,08:11:24,2,8,79.18
2026-08-20,HepatitisB,15.75,08:11:54,2,8,79.19
2026-08-20,HepatitisB,13.56,08:12:24,2,8,79.2
2026-08-20,HepatitisB,13.52,08:12:54,2,8,79.21
2026-08-20,HepatitisB,10.81,08:13:24,2,8,79.22
2026-08-20,HepatitisB,10.14,08:13:54,2,8,79.23
2026-08-20,HepatitisB,5.05,08:14:24,2,8,0.0
2026-08-20,HepatitisB,14.22,08:14:54,2,8,79.26
2026-08-20,HepatitisB,11.75,08:15:24,2,8,79.27
2026-08-20,HepatitisB,14.32,08:15:54,2,8,79.28
2026-08-20,HepatitisB,15.14,08:16:24,2,8,79.29
2026-08-20,HepatitisB,14.17,08:16:54,2,8,79.3
2026-08-20,HepatitisB,7.48,08:17:24,2,8,0.0
2026-08-20,HepatitisB,7.5,08:17:54,2,8,0.0
2026-08-20,HepatitisB,5.11,08:18:24,2,8,0.0
2026-08-20,HepatitisB,9.21,08:18:54,2,8,79.34
2026-08-20,HepatitisB,12.37,08:19:24,2,8,79.35
2026-08-20,HepatitisB,15.32,08:19:54,2,8,79.36
2026-08-20,HepatitisB,12.54,08:20:24,2,8,79.38
2026-08-20,HepatitisB,17.18,08:20:54,2,8,79.39
2026-08-20,HepatitisB,12.66,08:21:24,2,8,79.4
2026-08-20,HepatitisB,6.4,08:21:54,2,8,0.0
2026-08-20,HepatitisB,15.54,08:22:24,2,8,79.42
2026-08-20,HepatitisB,5.3,08:22:54,2,8,0.0
2026-08-20,HepatitisB,12.01,08:23:24,2,8,79.44
2026-08-20,HepatitisB,16.31,08:23:54,2,8,79.45
2026-08-20,HepatitisB,13.27,08:24:24,2,8,79.46
2026-08-20,HepatitisB,9.75,08:24:54,2,8,79.47
2026-08-20,HepatitisB,14.57,08:25:24,2,8,79.48
2026-08-20,HepatitisB,8.0,08:25:54,2,8,0.0
2026-08-20,HepatitisB,3.81,08:26:24,2,8,0.0
2026-08-20,HepatitisB,9.08,08:26:54,2,8,79.52
2026-08-20,HepatitisB,14.79,08:27:24,2,8,79.53
2026-08-20,HepatitisB,5.0,08:27:54,2,8,0.0
2026-08-20,HepatitisB,13.14,08:28:24,2,8,79.55
2026-08-20,HepatitisB,6.98,08:28:54,2,8,0.0
2026-08-20,HepatitisB,7.39,08:29:24,2,8,0.0
2026-08-20,HepatitisB,5.2,08:29:54,2,8,0.0
2026-08-20,HepatitisB,5.18,08:30:24,2,8,0.0
2026-08-20,HepatitisB,12.47,08:30:54,2,8,79.6
2026-08-20,HepatitisB,12.46,08:31:24,2,8,79.61
2026-08-20,HepatitisB,15.02,08:31:54,2,8,79.62
2026-08-20,HepatitisB,12.63,08:32:24,2,8,79.64
2026-08-20,HepatitisB,14.27,08:32:54,2,8,79.65
2026-08-20,HepatitisB,11.24,08:33:24,2,8,79.66
2026-08-20,HepatitisB,10.47,08:33:54,2,8,79.67
2026-08-20,HepatitisB,16.03,08:34:24,2,8,79.68
2026-08-20,HepatitisB,6.86,08:34:54,2,8,0.0
2026-08-20,HepatitisB,6.59,08:35:24,2,8,0.0
2026-08-20,HepatitisB,6.18,08:35:54,2,8,0.0
2026-08-20,HepatitisB,5.43,08:36:24,2,8,0.0
2026-08-20,HepatitisB,10.49,08:36:54,2,8,79.73
2026-08-20,HepatitisB,3.13,08:37:24,2,8,0.0
2026-08-20,HepatitisB,15.01,08:37:54,2,8,79.76
2026-08-20,HepatitisB,13.08,08:38:24,2,8,79.77
2026-08-20,HepatitisB,15.1,08:38:54,2,8,79.78
2026-08-20,HepatitisB,17.94,08:39:24,2,8,79.79
2026-08-20,HepatitisB,11.0,08:39:54,2,8,79.8
2026-08-20,HepatitisB,14.46,08:40:24,2,8,79.81
2026-08-20,HepatitisB,5.13,08:40:54,2,8,0.0
2026-08-20,HepatitisB,13.03,08:41:24,2,8,79.83
2026-08-20,HepatitisB,2.25,08:41:54,2,8,0.0
2026-08-20,HepatitisB,4.66,08:42:24,2,8,0.0
2026-08-20,HepatitisB,13.13,08:42:54,2,8,79.86
2026-08-20,HepatitisB,11.37,08:43:24,2,8,79.87
2026-08-20,HepatitisB,2.91,08:43:54,2,8,0.0
2026-08-20,HepatitisB,17.7,08:44:24,2,8,79.9
2026-08-20,HepatitisB,13.7,08:44:54,2,8,79.91
2026-08-20,HepatitisB,9.07,08:45:24,2,8,79.92
2026-08-20,HepatitisB,17.08,08:45:54,2,8,79.93
2026-08-20,HepatitisB,4.18,08:46:24,2,8,0.0
2026-08-20,HepatitisB,6.62,08:46:54,2,8,0.0
2026-08-20,HepatitisB,7.31,08:47:24,2,8,0.0
2026-08-20,HepatitisB,14.68,08:47:54,2,8,79.97
2026-08-20,HepatitisB,6.9,08:48:24,2,8,0.0
2026-08-20,HepatitisB,15.56,08:48:54,2,8,79.99
2026-08-20,HepatitisB,11.51,08:49:24,2,8,80.0
2026-08-20,HepatitisB,10.39,08:49:54,2,8,80.02
2026-08-20,HepatitisB,2.92,08:50:24,2,8,0.0
2026-08-20,HepatitisB,13.45,08:50:54,2,8,80.04
2026-08-20,HepatitisB,12.38,08:51:24,2,8,80.05
2026-08-20,HepatitisB,17.08,08:51:54,2,8,80.06
2026-08-20,HepatitisB,6.75,08:52:24,2,8,0.0
2026-08-20,HepatitisB,10.72,08:52:54,2,8,80.08
2026-08-20,HepatitisB,11.3,08:53:24,2,8,80.09
2026-08-20,HepatitisB,16.03,08:53:54,2,8,80.1
2026-08-20,HepatitisB,15.49,08:54:24,2,8,80.11
2026-08-20,HepatitisB,10.29,08:54:54,2,8,80.12
2026-08-20,HepatitisB,3.07,08:55:24,2,8,0.0
2026-08-20,HepatitisB,10.68,08:55:54,2,8,80.14
2026-08-20,HepatitisB,12.97,08:56:24,2,8,80.16
2026-08-20,HepatitisB,5.47,08:56:54,2,8,0.0
2026-08-20,HepatitisB,14.61,08:57:24,2,8,80.18
2026-08-20,HepatitisB,2.01,08:57:54,2,8,0.0
2026-08-20,HepatitisB,4.23,08:58:24,2,8,0.0
2026-08-20,HepatitisB,5.88,08:58:54,2,8,0.0
2026-08-20,HepatitisB,17.52,08:59:24,2,8,80.22
2026-08-20,HepatitisB,7.47,08:59:54,2,8,0.0
2026-08-20,HepatitisB,12.45,09:00:24,2,8,80.24
2026-08-20,HepatitisB,2.01,09:00:54,2,8,0.0
2026-08-20,HepatitisB,6.93,09:01:24,2,8,0.0
2026-08-20,HepatitisB,11.95,09:01:54,2,8,80.28
2026-08-20,HepatitisB,9.89,09:02:24,2,8,80.29
2026-08-20,HepatitisB,16.46,09:02:54,2,8,80.3
2026-08-20,HepatitisB,11.17,09:03:24,2,8,80.31
2026-08-20,HepatitisB,16.68,09:03:54,2,8,80.32
2026-08-20,HepatitisB,2.25,09:04:24,2,8,0.0
2026-08-20,HepatitisB,16.49,09:04:54,2,8,80.34
2026-08-20,HepatitisB,6.37,09:05:24,2,8,0.0
2026-08-20,HepatitisB,10.67,09:05:54,2,8,80.36
2026-08-20,HepatitisB,15.28,09:06:24,2,8,80.37
2026-08-20,HepatitisB,13.56,09:06:54,2,8,80.38
2026-08-20,HepatitisB,14.01,09:07:24,2,8,80.39
2026-08-20,HepatitisB,17.51,09:07:54,2,8,80.41
2026-08-20,HepatitisB,9.03,09:08:24,2,8,80.42
2026-08-20,HepatitisB,17.46,09:08:54,2,8,80.43
2026-08-20,HepatitisB,7.42,09:09:24,2,8,0.0
2026-08-20,HepatitisB,13.97,09:09:54,2,8,80.45
2026-08-20,HepatitisB,7.36,09:10:24,2,8,0.0
2026-08-20,HepatitisB,7.7,09:10:54,2,8,0.0
2026-08-20,HepatitisB,15.21,09:11:24,2,8,80.48
2026-08-20,HepatitisB,9.3,09:11:54,2,8,80.49
2026-08-20,HepatitisB,11.95,09:12:24,2,8,80.5
2026-08-20,HepatitisB,2.55,09:12:54,2,8,0.0
2026-08-20,HepatitisB,12.01,09:13:24,2,8,80.52
2026-08-20,HepatitisB,11.39,09:13:54,2,8,80.54
2026-08-20,HepatitisB,6.64,09:14:24,2,8,0.0
2026-08-20,HepatitisB,9.16,09:14:54,2,8,80.56
2026-08-20,HepatitisB,15.54,09:15:24,2,8,80.57
2026-08-20,HepatitisB,4.33,09:15:54,2,8,0.0
2026-08-20,HepatitisB,15.55,09:16:24,2,8,80.59
2026-08-20,HepatitisB,3.61,09:16:54,2,8,0.0
2026-08-20,HepatitisB,14.11,09:17:24,2,8,80.61
2026-08-20,HepatitisB,3.21,09:17:54,2,8,0.0
2026-08-20,HepatitisB,10.94,09:18:24,2,8,80.63
2026-08-20,HepatitisB,17.46,09:18:54,2,8,80.64
2026-08-20,HepatitisB,14.89,09:19:24,2,8,80.65
2026-08-20,HepatitisB,4.69,09:19:54,2,8,0.0
2026-08-20,HepatitisB,4.42,09:20:24,2,8,0.0
2026-08-20,HepatitisB,5.56,09:20:54,2,8,0.0
2026-08-20,HepatitisB,13.67,09:21:24,2,8,80.7
2026-08-20,HepatitisB,4.75,09:21:54,2,8,0.0
2026-08-20,HepatitisB,15.36,09:22:24,2,8,80.72
2026-08-20,HepatitisB,9.53,09:22:54,2,8,80.73
2026-08-20,HepatitisB,7.2,09:23:24,2,8,0.0
2026-08-20,HepatitisB,11.36,09:23:54,2,8,80.75
2026-08-20,HepatitisB,6.95,09:24:24,2,8,0.0
2026-08-20,HepatitisB,11.9,09:24:54,2,8,80.77
2026-08-20,HepatitisB,11.59,09:25:24,2,8,80.78
2026-08-20,HepatitisB,16.02,09:25:54,2,8,80.8
2026-08-20,HepatitisB,11.91,09:26:24,2,8,80.81
2026-08-20,HepatitisB,6.51,09:26:54,2,8,0.0
2026-08-20,HepatitisB,9.83,09:27:24,2,8,80.83
2026-08-20,HepatitisB,6.33,09:27:54,2,8,0.0
2026-08-20,HepatitisB,15.32,09:28:24,2,8,80.85
2026-08-20,HepatitisB,7.84,09:28:54,2,8,0.0
2026-08-20,HepatitisB,7.42,09:29:24,2,8,0.0
2026-08-20,HepatitisB,3.0,09:29:54,2,8,0.0
2026-08-20,HepatitisB,13.39,09:30:24,2,8,80.89
2026-08-20,HepatitisB,6.02,09:30:54,2,8,0.0
2026-08-20,HepatitisB,15.24,09:31:24,2,8,80.91
2026-08-20,HepatitisB,15.0,09:31:54,2,8,80.92
2026-08-20,HepatitisB,14.54,09:32:24,2,8,80.94
2026-08-20,HepatitisB,6.23,09:32:54,2,8,0.0
2026-08-20,HepatitisB,9.43,09:33:24,2,8,80.96
2026-08-20,HepatitisB,10.71,09:33:54,2,8,80.97
2026-08-20,HepatitisB,5.68,09:34:24,2,8,0.0
2026-08-20,HepatitisB,17.08,09:34:54,2,8,80.99
2026-08-20,HepatitisB,17.82,09:35:24,2,8,81.0
2026-08-20,HepatitisB,3.04,09:35:54,2,8,0.0
2026-08-20,HepatitisB,12.75,09:36:24,2,8,81.02
2026-08-20,HepatitisB,5.97,09:36:54,2,8,0.0
2026-08-20,HepatitisB,15.2,09:37:24,2,8,81.04
2026-08-20,HepatitisB,11.99,09:37:54,2,8,81.06
2026-08-20,HepatitisB,3.28,09:38:24,2,8,0.0
2026-08-20,HepatitisB,12.81,09:38:54,2,8,81.08
2026-08-20,HepatitisB,2.39,09:39:24,2,8,0.0
2026-08-20,HepatitisB,16.14,09:39:54,2,8,81.1
2026-08-20,HepatitisB,16.4,09:40:24,2,8,81.11
2026-08-20,HepatitisB,17.72,09:40:54,2,8,81.12
2026-08-20,HepatitisB,11.43,09:41:24,2,8,81.13
2026-08-20,HepatitisB,11.33,09:41:54,2,8,81.14
2026-08-20,HepatitisB,7.55,09:42:24,2,8,0.0
2026-08-20,HepatitisB,15.99,09:42:54,2,8,81.16
2026-08-20,HepatitisB,7.17,09:43:24,2,8,0.0
2026-08-20,HepatitisB,3.38,09:43:54,2,8,0.0
2026-08-20,HepatitisB,10.42,09:44:24,2,8,81.2
2026-08-20,HepatitisB,2.69,09:44:54,2,8,0.0
2026-08-20,HepatitisB,6.91,09:45:24,2,8,0.0
2026-08-20,HepatitisB,16.51,09:45:54,2,8,81.23
2026-08-20,HepatitisB,17.33,09:46:24,2,8,81.24
2026-08-20,HepatitisB,9.05,09:46:54,2,8,81.25
2026-08-20,HepatitisB,10.83,09:47:24,2,8,81.26
2026-08-20,HepatitisB,15.99,09:47:54,2,8,81.27
2026-08-20,HepatitisB,10.12,09:48:24,2,8,81.28
2026-08-20,HepatitisB,11.58,09:48:54,2,8,81.29
2026-08-20,HepatitisB,15.51,09:49:24,2,8,81.3
2026-08-20,HepatitisB,4.27,09:49:54,2,8,0.0
2026-08-20,HepatitisB,3.08,09:50:24,2,8,0.0
2026-08-20,HepatitisB,5.38,09:50:54,2,8,0.0
2026-08-20,HepatitisB,3.67,09:51:24,2,8,0.0
2026-08-20,HepatitisB,6.88,09:51:54,2,8,0.0
2026-08-20,HepatitisB,15.06,09:52:24,2,8,81.37
2026-08-20,HepatitisB,16.36,09:52:54,2,8,81.38
2026-08-20,HepatitisB,6.34,09:53:24,2,8,0.0
2026-08-20,HepatitisB,4.86,09:53:54,2,8,0.0
2026-08-20,HepatitisB,9.61,09:54:24,2,8,81.41
2026-08-20,HepatitisB,14.1,09:54:54,2,8,81.42
2026-08-20,HepatitisB,17.76,09:55:24,2,8,81.43
2026-08-20,HepatitisB,2.01,09:55:54,2,8,0.0
2026-08-20,HepatitisB,15.55,09:56:24,2,8,81.46
2026-08-20,HepatitisB,14.96,09:56:54,2,8,81.47
2026-08-20,HepatitisB,16.07,09:57:24,2,8,81.48
2026-08-20,HepatitisB,15.26,09:57:54,2,8,81.49
2026-08-20,HepatitisB,14.55,09:58:24,2,8,81.5
2026-08-20,HepatitisB,14.47,09:58:54,2,8,81.51
2026-08-20,HepatitisB,3.04,09:59:24,2,8,0.0
2026-08-20,HepatitisB,4.19,09:59:54,2,8,0.0
2026-08-20,HepatitisB,9.77,10:00:24,2,8,81.54
2026-08-20,HepatitisB,14.09,10:00:54,2,8,81.55
2026-08-20,HepatitisB,18.0,10:01:24,2,8,81.56
2026-08-20,HepatitisB,6.79,10:01:54,2,8,0.0
2026-08-20,HepatitisB,14.33,10:02:24,2,8,81.59
2026-08-20,HepatitisB,2.04,10:02:54,2,8,0.0
2026-08-20,HepatitisB,14.15,10:03:24,2,8,81.61
2026-08-20,HepatitisB,16.78,10:03:54,2,8,81.62
2026-08-20,HepatitisB,4.74,10:04:24,2,8,0.0
2026-08-20,HepatitisB,11.83,10:04:54,2,8,81.64
2026-08-20,HepatitisB,12.61,10:05:24,2,8,81.65
2026-08-20,HepatitisB,11.68,10:05:54,2,8,81.66
2026-08-20,HepatitisB,17.06,10:06:24,2,8,81.67
2026-08-20,HepatitisB,3.8,10:06:54,2,8,0.0
2026-08-20,HepatitisB,16.57,10:07:24,2,8,81.69
2026-08-20,HepatitisB,15.73,10:07:54,2,8,81.7
2026-08-20,HepatitisB,11.53,10:08:24,2,8,81.72
2026-08-20,HepatitisB,2.01,10:08:54,2,8,0.0
2026-08-20,HepatitisB,14.6,10:09:24,2,8,81.74
2026-08-20,HepatitisB,15.84,10:09:54,2,8,81.75
2026-08-20,HepatitisB,15.42,10:10:24,2,8,81.76
2026-08-20,HepatitisB,4.41,10:10:54,2,8,0.0
2026-08-20,HepatitisB,13.79,10:11:24,2,8,81.78
2026-08-20,HepatitisB,6.93,10:11:54,2,8,0.0
2026-08-20,HepatitisB,17.85,10:12:24,2,8,81.8
2026-08-20,HepatitisB,4.07,10:12:54,2,8,0.0
2026-08-20,HepatitisB,3.09,10:13:24,2,8,0.0
2026-08-20,HepatitisB,14.38,10:13:54,2,8,81.84
2026-08-20,HepatitisB,14.57,10:14:24,2,8,81.85
2026-08-20,HepatitisB,12.36,10:14:54,2,8,81.86
2026-08-20,HepatitisB,14.84,10:15:24,2,8,81.87
2026-08-20,HepatitisB,5.19,10:15:54,2,8,0.0
2026-08-20,HepatitisB,15.62,10:16:24,2,8,81.89
2026-08-20,HepatitisB,10.23,10:16:54,2,8,81.9
2026-08-20,HepatitisB,12.78,10:17:24,2,8,81.91
2026-08-20,HepatitisB,16.72,10:17:54,2,8,81.92
2026-08-20,HepatitisB,13.7,10:18:24,2,8,81.93
2026-08-20,HepatitisB,4.65,10:18:54,2,8,0.0
2026-08-20,HepatitisB,10.91,10:19:24,2,8,81.95
2026-08-20,HepatitisB,16.26,10:19:54,2,8,81.97
2026-08-20,HepatitisB,10.09,10:20:24,2,8,81.98
2026-08-20,HepatitisB,12.96,10:20:54,2,8,81.99
2026-08-20,HepatitisB,4.64,10:21:24,2,8,0.0
2026-08-20,HepatitisB,10.96,10:21:54,2,8,82.01
2026-08-20,HepatitisB,2.39,10:22:24,2,8,0.0
2026-08-20,HepatitisB,4.12,10:22:54,2,8,0.0
2026-08-20,HepatitisB,5.68,10:23:24,2,8,0.0
2026-08-20,HepatitisB,9.21,10:23:54,2,8,82.05
2026-08-20,HepatitisB,6.71,10:24:24,2,8,0.0
2026-08-20,HepatitisB,9.01,10:24:54,2,8,82.07
2026-08-20,HepatitisB,11.56,10:25:24,2,8,82.08
2026-08-20,HepatitisB,14.97,10:25:54,2,8,82.09
2026-08-20,HepatitisB,13.7,10:26:24,2,8,82.11
2026-08-20,HepatitisB,2.61,10:26:54,2,8,0.0
2026-08-20,HepatitisB,9.29,10:27:24,2,8,82.13
2026-08-20,HepatitisB,5.51,10:27:54,2,8,0.0
2026-08-20,HepatitisB,7.92,10:28:24,2,8,0.0
2026-08-20,HepatitisB,8.0,10:28:54,2,8,0.0
2026-08-20,HepatitisB,12.8,10:29:24,2,8,82.17
2026-08-20,HepatitisB,14.43,10:29:54,2,8,82.18
2026-08-20,HepatitisB,16.06,10:30:24,2,8,82.19
2026-08-20,HepatitisB,14.68,10:30:54,2,8,82.2
2026-08-20,HepatitisB,9.08,10:31:24,2,8,82.21
2026-08-20,HepatitisB,16.09,10:31:54,2,8,82.23
2026-08-20,HepatitisB,7.49,10:32:24,2,8,0.0
2026-08-20,HepatitisB,16.88,10:32:54,2,8,82.25
2026-08-20,HepatitisB,2.96,10:33:24,2,8,0.0
2026-08-20,HepatitisB,17.57,10:33:54,2,8,82.27
2026-08-20,HepatitisB,15.85,10:34:24,2,8,82.28
2026-08-20,HepatitisB,7.75,10:34:54,2,8,0.0
2026-08-20,HepatitisB,13.28,10:35:24,2,8,82.3
2026-08-20,HepatitisB,10.84,10:35:54,2,8,82.31
2026-08-20,HepatitisB,12.01,10:36:24,2,8,82.32
2026-08-20,HepatitisB,17.1,10:36:54,2,8,82.33
2026-08-20,HepatitisB,10.11,10:37:24,2,8,82.34
2026-08-20,HepatitisB,12.25,10:37:54,2,8,82.36
2026-08-20,HepatitisB,2.69,10:38:24,2,8,0.0
2026-08-20,HepatitisB,12.55,10:38:54,2,8,82.38
2026-08-20,HepatitisB,2.03,10:39:24,2,8,0.0
2026-08-20,HepatitisB,14.8,10:39:54,2,8,82.4
2026-08-20,HepatitisB,13.26,10:40:24,2,8,82.41
2026-08-20,HepatitisB,10.64,10:40:54,2,8,82.42
2026-08-20,HepatitisB,17.45,10:41:24,2,8,82.43
2026-08-20,HepatitisB,11.65,10:41:54,2,8,82.44
2026-08-20,HepatitisB,16.25,10:42:24,2,8,82.45
2026-08-20,HepatitisB,5.17,10:42:54,2,8,0.0
2026-08-20,HepatitisB,10.94,10:43:24,2,8,82.47
2026-08-20,HepatitisB,14.13,10:43:54,2,8,82.48
2026-08-20,HepatitisB,13.24,10:44:24,2,8,82.5
2026-08-20,HepatitisB,16.31,10:44:54,2,8,82.51
2026-08-20,HepatitisB,9.12,10:45:24,2,8,82.52
2026-08-20,HepatitisB,15.53,10:45:54,2,8,82.53
2026-08-20,HepatitisB,9.78,10:46:24,2,8,82.54
2026-08-20,HepatitisB,4.51,10:46:54,2,8,0.0
2026-08-20,HepatitisB,5.38,10:47:24,2,8,0.0
2026-08-20,HepatitisB,10.31,10:47:54,2,8,82.57
2026-08-20,HepatitisB,17.21,10:48:24,2,8,82.58
2026-08-20,HepatitisB,14.73,10:48:54,2,8,82.59
2026-08-20,HepatitisB,3.62,10:49:24,2,8,0.0
2026-08-20,HepatitisB,2.07,10:49:54,2,8,0.0
2026-08-20,HepatitisB,11.14,10:50:24,2,8,82.63
2026-08-20,HepatitisB,11.09,10:50:54,2,8,82.64
2026-08-20,HepatitisB,3.47,10:51:24,2,8,0.0
2026-08-20,HepatitisB,16.32,10:51:54,2,8,82.66
2026-08-20,HepatitisB,11.58,10:52:24,2,8,82.67
2026-08-20,HepatitisB,13.3,10:52:54,2,8,82.68
2026-08-20,HepatitisB,13.12,10:53:24,2,8,82.69
2026-08-20,HepatitisB,6.35,10:53:54,2,8,0.0
2026-08-20,HepatitisB,2.73,10:54:24,2,8,0.0
2026-08-20,HepatitisB,2.15,10:54:54,2,8,0.0
2026-08-20,HepatitisB,14.75,10:55:24,2,8,82.73
2026-08-20,HepatitisB,9.25,10:55:54,2,8,82.75
2026-08-20,HepatitisB,12.06,10:56:24,2,8,82.76
2026-08-20,HepatitisB,11.35,10:56:54,2,8,82.77
2026-08-20,HepatitisB,9.68,10:57:24,2,8,82.78
2026-08-20,HepatitisB,15.83,10:57:54,2,8,82.79
2026-08-20,HepatitisB,11.63,10:58:24,2,8,82.8
2026-08-20,HepatitisB,3.65,10:58:54,2,8,0.0
2026-08-20,HepatitisB,6.38,10:59:24,2,8,0.0
2026-08-20,HepatitisB,15.05,10:59:54,2,8,82.83
2026-08-20,HepatitisB,10.63,11:00:24,2,8,82.84
2026-08-20,HepatitisB,9.64,11:00:54,2,8,82.85
2026-08-20,HepatitisB,5.97,11:01:24,2,8,0.0
2026-08-20,HepatitisB,10.12,11:01:54,2,8,82.88
2026-08-20,HepatitisB,13.77,11:02:24,2,8,82.89
2026-08-20,HepatitisB,10.31,11:02:54,2,8,82.9
2026-08-20,HepatitisB,14.05,11:03:24,2,8,82.91
2026-08-20,HepatitisB,5.44,11:03:54,2,8,0.0
2026-08-20,HepatitisB,7.59,11:04:24,2,8,0.0
2026-08-20,HepatitisB,9.52,11:04:54,2,8,82.94
2026-08-20,HepatitisB,14.32,11:05:24,2,8,82.95
2026-08-20,HepatitisB,6.22,11:05:54,2,8,0.0
2026-08-20,HepatitisB,15.19,11:06:24,2,8,82.97
2026-08-20,HepatitisB,9.69,11:06:54,2,8,82.98
2026-08-20,HepatitisB,12.17,11:07:24,2,8,82.99
2026-08-20,HepatitisB,12.28,11:07:54,2,8,83.01
2026-08-20,HepatitisB,15.48,11:08:24,2,8,83.02
2026-08-20,HepatitisB,7.71,11:08:54,2,8,0.0
2026-08-20,HepatitisB,15.49,11:09:24,2,8,83.04
2026-08-20,HepatitisB,9.9,11:09:54,2,8,83.05
2026-08-20,HepatitisB,9.42,11:10:24,2,8,83.06
2026-08-20,HepatitisB,13.71,11:10:54,2,8,83.07
2026-08-20,HepatitisB,2.36,11:11:24,2,8,0.0
2026-08-20,HepatitisB,15.83,11:11:54,2,8,83.09
2026-08-20,HepatitisB,16.04,11:12:24,2,8,83.1
2026-08-20,HepatitisB,16.9,11:12:54,2,8,83.11
2026-08-20,HepatitisB,17.93,11:13:24,2,8,83.12
2026-08-20,HepatitisB,2.62,11:13:54,2,8,0.0
2026-08-20,HepatitisB,4.25,11:14:24,2,8,0.0
2026-08-20,HepatitisB,7.33,11:14:54,2,8,0.0
2026-08-20,HepatitisB,16.82,11:15:24,2,8,83.17
2026-08-20,HepatitisB,6.95,11:15:54,2,8,0.0
2026-08-20,HepatitisB,2.21,11:16:24,2,8,0.0
2026-08-20,HepatitisB,4.98,11:16:54,2,8,0.0
2026-08-20,HepatitisB,13.98,11:17:24,2,8,83.21
2026-08-20,HepatitisB,16.72,11:17:54,2,8,83.22
2026-08-20,HepatitisB,9.9,11:18:24,2,8,83.23
2026-08-20,HepatitisB,9.5,11:18:54,2,8,83.24
2026-08-20,HepatitisB,10.82,11:19:24,2,8,83.25
2026-08-20,HepatitisB,11.99,11:19:54,2,8,83.27
2026-08-20,HepatitisB,13.61,11:20:24,2,8,83.28
2026-08-20,HepatitisB,2.73,11:20:54,2,8,0.0
2026-08-20,HepatitisB,9.11,11:21:24,2,8,83.3
2026-08-20,HepatitisB,14.99,11:21:54,2,8,83.31
2026-08-20,HepatitisB,17.99,11:22:24,2,8,83.32
2026-08-20,HepatitisB,6.15,11:22:54,2,8,0.0
2026-08-20,HepatitisB,7.04,11:23:24,2,8,0.0
2026-08-20,HepatitisB,10.18,11:23:54,2,8,83.35
2026-08-20,HepatitisB,10.59,11:24:24,2,8,83.36
2026-08-20,HepatitisB,7.9,11:24:54,2,8,0.0
2026-08-20,HepatitisB,12.83,11:25:24,2,8,83.38
2026-08-20,HepatitisB,17.26,11:25:54,2,8,83.4
2026-08-20,HepatitisB,13.98,11:26:24,2,8,83.41
2026-08-20,HepatitisB,3.77,11:26:54,2,8,0.0
2026-08-20,HepatitisB,7.49,11:27:24,2,8,0.0
2026-08-20,HepatitisB,10.32,11:27:54,2,8,83.44
2026-08-20,HepatitisB,3.32,11:28:24,2,8,0.0
2026-08-20,HepatitisB,17.91,11:28:54,2,8,83.46
2026-08-20,HepatitisB,16.92,11:29:24,2,8,83.47
2026-08-20,HepatitisB,9.22,11:29:54,2,8,83.48
2026-08-20,HepatitisB,14.05,11:30:24,2,8,83.49
2026-08-20,HepatitisB,14.76,11:30:54,2,8,83.5
2026-08-20,HepatitisB,15.36,11:31:24,2,8,83.51
2026-08-20,HepatitisB,3.13,11:31:54,2,8,0.0
2026-08-20,HepatitisB,2.38,11:32:24,2,8,0.0
2026-08-20,HepatitisB,9.27,11:32:54,2,8,83.55
2026-08-20,HepatitisB,2.9,11:33:24,2,8,0.0
2026-08-20,HepatitisB,7.44,11:33:54,2,8,0.0
2026-08-20,HepatitisB,7.45,11:34:24,2,8,0.0
2026-08-20,HepatitisB,17.82,11:34:54,2,8,83.59
2026-08-20,HepatitisB,16.27,11:35:24,2,8,83.6
2026-08-20,HepatitisB,13.43,11:35:54,2,8,83.61
2026-08-20,HepatitisB,16.74,11:36:24,2,8,83.62
2026-08-20,HepatitisB,4.6,11:36:54,2,8,0.0
2026-08-20,HepatitisB,3.13,11:37:24,2,8,0.0
2026-08-20,HepatitisB,10.68,11:37:54,2,8,83.66
2026-08-20,HepatitisB,14.86,11:38:24,2,8,83.67
2026-08-20,HepatitisB,11.03,11:38:54,2,8,83.68
2026-08-20,HepatitisB,10.0,11:39:24,2,8,83.69
2026-08-20,HepatitisB,15.46,11:39:54,2,8,83.7
2026-08-20,HepatitisB,10.4,11:40:24,2,8,83.71
2026-08-20,HepatitisB,14.36,11:40:54,2,8,83.72
2026-08-20,HepatitisB,14.99,11:41:24,2,8,83.73
2026-08-20,HepatitisB,10.19,11:41:54,2,8,83.74
2026-08-20,HepatitisB,11.85,11:42:24,2,8,83.75
2026-08-20,HepatitisB,13.68,11:42:54,2,8,83.76
2026-08-20,HepatitisB,9.15,11:43:24,2,8,83.77
2026-08-20,HepatitisB,11.97,11:43:54,2,8,83.79
2026-08-20,HepatitisB,7.33,11:44:24,2,8,0.0
2026-08-20,HepatitisB,14.72,11:44:54,2,8,83.81
2026-08-20,HepatitisB,12.34,11:45:24,2,8,83.82
2026-08-20,HepatitisB,17.06,11:45:54,2,8,83.83
2026-08-20,HepatitisB,17.22,11:46:24,2,8,83.84
2026-08-20,HepatitisB,10.63,11:46:54,2,8,83.85
2026-08-20,HepatitisB,13.84,11:47:24,2,8,83.86
2026-08-20,HepatitisB,13.08,11:47:54,2,8,83.87
2026-08-20,HepatitisB,15.92,11:48:24,2,8,83.88
2026-08-20,HepatitisB,15.96,11:48:54,2,8,83.89
2026-08-20,HepatitisB,2.04,11:49:24,2,8,0.0
2026-08-20,HepatitisB,9.27,11:49:54,2,8,83.92
2026-08-20,HepatitisB,17.94,11:50:24,2,8,83.93
2026-08-20,HepatitisB,11.64,11:50:54,2,8,83.94
2026-08-20,HepatitisB,9.19,11:51:24,2,8,83.95
2026-08-20,HepatitisB,13.49,11:51:54,2,8,83.96
2026-08-20,HepatitisB,11.1,11:52:24,2,8,83.97
2026-08-20,HepatitisB,15.91,11:52:54,2,8,83.98
2026-08-20,HepatitisB,14.14,11:53:24,2,8,83.99
2026-08-20,HepatitisB,9.39,11:53:54,2,8,84.0
2026-08-20,HepatitisB,5.05,11:54:24,2,8,0.0
2026-08-20,HepatitisB,12.95,11:54:54,2,8,84.02
2026-08-20,HepatitisB,10.22,11:55:24,2,8,84.03
2026-08-20,HepatitisB,3.89,11:55:54,2,8,0.0
2026-08-20,HepatitisB,13.86,11:56:24,2,8,84.06
2026-08-20,HepatitisB,4.56,11:56:54,2,8,0.0
2026-08-20,HepatitisB,5.37,11:57:24,2,8,0.0
2026-08-20,HepatitisB,14.73,11:57:54,2,8,84.09
2026-08-20,HepatitisB,4.97,11:58:24,2,8,0.0
2026-08-20,HepatitisB,15.75,11:58:54,2,8,84.11
2026-08-20,HepatitisB,9.66,11:59:24,2,8,84.12
2026-08-20,HepatitisB,9.92,11:59:54,2,8,84.13
2026-08-20,HepatitisB,17.2,12:00:24,2,8,84.14
2026-08-20,HepatitisB,3.82,12:00:54,2,8,0.0
2026-08-20,HepatitisB,10.85,12:01:24,2,8,84.16
2026-08-20,HepatitisB,12.46,12:01:54,2,8,84.17
2026-08-20,HepatitisB,3.04,12:02:24,2,8,0.0
2026-08-20,HepatitisB,15.83,12:02:54,2,8,84.2
2026-08-20,HepatitisB,12.91,12:03:24,2,8,84.21
2026-08-20,HepatitisB,12.5,12:03:54,2,8,84.22
2026-08-20,HepatitisB,10.16,12:04:24,2,8,84.23
2026-08-20,HepatitisB,15.0,12:04:54,2,8,84.24
2026-08-20,HepatitisB,17.43,12:05:24,2,8,84.25
2026-08-20,HepatitisB,12.7,12:05:54,2,8,84.26
2026-08-20,HepatitisB,10.66,12:06:24,2,8,84.27
2026-08-20,HepatitisB,9.42,12:06:54,2,8,84.28
2026-08-20,HepatitisB,6.78,12:07:24,2,8,0.0
2026-08-20,HepatitisB,9.77,12:07:54,2,8,84.3
2026-08-20,HepatitisB,4.27,12:08:24,2,8,0.0
2026-08-20,HepatitisB,13.53,12:08:54,2,8,84.33
2026-08-20,HepatitisB,4.23,12:09:24,2,8,0.0
2026-08-20,HepatitisB,6.01,12:09:54,2,8,0.0
2026-08-20,HepatitisB,5.05,12:10:24,2,8,0.0
2026-08-20,HepatitisB,4.02,12:10:54,2,8,0.0
2026-08-20,HepatitisB,3.28,12:11:24,2,8,0.0
2026-08-20,HepatitisB,14.3,12:11:54,2,8,84.39
2026-08-20,HepatitisB,3.36,12:12:24,2,8,0.0
2026-08-20,HepatitisB,11.96,12:12:54,2,8,84.41
2026-08-20,HepatitisB,4.44,12:13:24,2,8,0.0
2026-08-20,HepatitisB,2.56,12:13:54,2,8,0.0
2026-08-20,HepatitisB,9.54,12:14:24,2,8,84.45
2026-08-20,HepatitisB,5.86,12:14:54,2,8,0.0
2026-08-20,HepatitisB,12.68,12:15:24,2,8,84.47
2026-08-20,HepatitisB,10.31,12:15:54,2,8,84.48
2026-08-20,HepatitisB,4.34,12:16:24,2,8,0.0
2026-08-20,HepatitisB,16.87,12:16:54,2,8,84.5
2026-08-20,HepatitisB,2.82,12:17:24,2,8,0.0
2026-08-20,HepatitisB,15.77,12:17:54,2,8,84.52
2026-08-20,HepatitisB,3.6,12:18:24,2,8,0.0
2026-08-20,HepatitisB,10.39,12:18:54,2,8,84.54
2026-08-20,HepatitisB,16.75,12:19:24,2,8,84.55
2026-08-20,HepatitisB,13.75,12:19:54,2,8,84.56
2026-08-20,HepatitisB,15.18,12:20:24,2,8,84.58
2026-08-20,HepatitisB,4.35,12:20:54,2,8,0.0
2026-08-20,HepatitisB,5.48,12:21:24,2,8,0.0
2026-08-20,HepatitisB,15.71,12:21:54,2,8,84.61
2026-08-20,HepatitisB,7.51,12:22:24,2,8,0.0
2026-08-20,HepatitisB,9.54,12:22:54,2,8,84.63
2026-08-20,HepatitisB,17.43,12:23:24,2,8,84.64
2026-08-20,HepatitisB,6.05,12:23:54,2,8,0.0
2026-08-20,HepatitisB,10.1,12:24:24,2,8,84.66
2026-08-20,HepatitisB,5.89,12:24:54,2,8,0.0
2026-08-20,HepatitisB,9.95,12:25:24,2,8,84.68
2026-08-20,HepatitisB,17.53,12:25:54,2,8,84.7
2026-08-20,HepatitisB,5.36,12:26:24,2,8,0.0
2026-08-20,HepatitisB,17.12,12:26:54,2,8,84.72
2026-08-20,HepatitisB,15.83,12:27:24,2,8,84.73
2026-08-20,HepatitisB,2.86,12:27:54,2,8,0.0
2026-08-20,HepatitisB,6.66,12:28:24,2,8,0.0
2026-08-20,HepatitisB,2.21,12:28:54,2,8,0.0
2026-08-20,HepatitisB,10.5,12:29:24,2,8,84.77
2026-08-20,HepatitisB,12.87,12:29:54,2,8,84.78
2026-08-20,HepatitisB,13.24,12:30:24,2,8,84.79
2026-08-20,HepatitisB,2.29,12:30:54,2,8,0.0
2026-08-20,HepatitisB,16.99,12:31:24,2,8,84.81
2026-08-20,HepatitisB,5.99,12:31:54,2,8,0.0
2026-08-20,HepatitisB,17.87,12:32:24,2,8,84.84
2026-08-20,HepatitisB,11.28,12:32:54,2,8,84.85
2026-08-20,HepatitisB,15.26,12:33:24,2,8,84.86
2026-08-20,HepatitisB,14.64,12:33:54,2,8,84.87
2026-08-20,HepatitisB,9.33,12:34:24,2,8,84.88
2026-08-20,HepatitisB,9.01,12:34:54,2,8,84.89
2026-08-20,HepatitisB,4.21,12:35:24,2,8,0.0
2026-08-20,HepatitisB,17.72,12:35:54,2,8,84.91
2026-08-20,HepatitisB,3.09,12:36:24,2,8,0.0
2026-08-20,HepatitisB,6.23,12:36:54,2,8,0.0
2026-08-20,HepatitisB,12.95,12:37:24,2,8,84.94
2026-08-20,HepatitisB,9.83,12:37:54,2,8,84.95
2026-08-20,HepatitisB,5.04,12:38:24,2,8,0.0
2026-08-20,HepatitisB,10.9,12:38:54,2,8,84.98
2026-08-20,HepatitisB,15.64,12:39:24,2,8,84.99
2026-08-20,HepatitisB,4.49,12:39:54,2,8,0.0
2026-08-20,HepatitisB,11.04,12:40:24,2,8,85.01
2026-08-20,HepatitisB,2.47,12:40:54,2,8,0.0
2026-08-20,HepatitisB,11.85,12:41:24,2,8,85.03
2026-08-20,HepatitisB,15.46,12:41:54,2,8,85.04
2026-08-20,HepatitisB,2.43,12:42:24,2,8,0.0
2026-08-20,HepatitisB,17.25,12:42:54,2,8,85.06
2026-08-20,HepatitisB,10.33,12:43:24,2,8,85.07
2026-08-20,HepatitisB,5.02,12:43:54,2,8,0.0
2026-08-20,HepatitisB,7.25,12:44:24,2,8,0.0
2026-08-20,HepatitisB,14.85,12:44:54,2,8,85.11
2026-08-20,HepatitisB,13.59,12:45:24,2,8,85.12
2026-08-20,HepatitisB,9.19,12:45:54,2,8,85.13
2026-08-20,HepatitisB,17.86,12:46:24,2,8,85.14
2026-08-20,HepatitisB,9.59,12:46:54,2,8,85.15
2026-08-20,HepatitisB,7.02,12:47:24,2,8,0.0
2026-08-20,HepatitisB,3.69,12:47:54,2,8,0.0
2026-08-20,HepatitisB,11.67,12:48:24,2,8,85.18
2026-08-20,HepatitisB,16.55,12:48:54,2,8,85.19
2026-08-20,HepatitisB,16.36,12:49:24,2,8,85.2
2026-08-20,HepatitisB,4.5,12:49:54,2,8,0.0
2026-08-20,HepatitisB,11.92,12:50:24,2,8,85.23
2026-08-20,HepatitisB,9.25,12:50:54,2,8,85.24
2026-08-20,HepatitisB,14.73,12:51:24,2,8,85.25
2026-08-20,HepatitisB,15.47,12:51:54,2,8,85.26
2026-08-20,HepatitisB,17.57,12:52:24,2,8,85.27
2026-08-20,HepatitisB,15.6,12:52:54,2,8,85.28
2026-08-20,HepatitisB,13.0,12:53:24,2,8,85.29
2026-08-20,HepatitisB,15.85,12:53:54,2,8,85.3
2026-08-20,HepatitisB,10.42,12:54:24,2,8,85.31
2026-08-20,HepatitisB,2.25,12:54:54,2,8,0.0
2026-08-20,HepatitisB,9.48,12:55:24,2,8,85.33
2026-08-20,HepatitisB,16.22,12:55:54,2,8,85.35
2026-08-20,HepatitisB,14.89,12:56:24,2,8,85.36
2026-08-20,HepatitisB,17.37,12:56:54,2,8,85.37
2026-08-20,HepatitisB,5.25,12:57:24,2,8,0.0
2026-08-20,HepatitisB,17.74,12:57:54,2,8,85.39
2026-08-20,HepatitisB,9.97,12:58:24,2,8,85.4
2026-08-20,HepatitisB,2.83,12:58:54,2,8,0.0
2026-08-20,HepatitisB,16.05,12:59:24,2,8,85.42
2026-08-20,HepatitisB,2.87,12:59:54,2,8,0.0
2026-08-20,HepatitisB,15.61,13:00:24,2,8,85.44
2026-08-20,HepatitisB,15.67,13:00:54,2,8,85.45
2026-08-20,HepatitisB,12.36,13:01:24,2,8,85.46
2026-08-20,HepatitisB,14.76,13:01:54,2,8,85.48
2026-08-20,HepatitisB,2.15,13:02:24,2,8,0.0
2026-08-20,HepatitisB,13.74,13:02:54,2,8,85.5
2026-08-20,HepatitisB,15.92,13:03:24,2,8,85.51
2026-08-20,HepatitisB,13.26,13:03:54,2,8,85.52
2026-08-20,HepatitisB,10.04,13:04:24,2,8,85.53
2026-08-20,HepatitisB,15.88,13:04:54,2,8,85.54
2026-08-20,HepatitisB,10.63,13:05:24,2,8,85.55
2026-08-20,HepatitisB,10.57,13:05:54,2,8,85.56
2026-08-20,HepatitisB,14.19,13:06:24,2,8,85.57
2026-08-20,HepatitisB,5.48,13:06:54,2,8,0.0
2026-08-20,HepatitisB,12.96,13:07:24,2,8,85.59
2026-08-20,HepatitisB,10.09,13:07:54,2,8,85.6
2026-08-20,HepatitisB,15.53,13:08:24,2,8,85.62
2026-08-20,HepatitisB,10.59,13:08:54,2,8,85.63
2026-08-20,HepatitisB,11.8,13:09:24,2,8,85.64
2026-08-20,HepatitisB,13.71,13:09:54,2,8,85.65
2026-08-20,HepatitisB,14.62,13:10:24,2,8,85.66
2026-08-20,HepatitisB,9.29,13:10:54,2,8,85.67
2026-08-20,HepatitisB,10.37,13:11:24,2,8,85.68
2026-08-20,HepatitisB,11.8,13:11:54,2,8,85.69
2026-08-20,HepatitisB,4.49,13:12:24,2,8,0.0
2026-08-20,HepatitisB,15.14,13:12:54,2,8,85.71
2026-08-20,HepatitisB,4.72,13:13:24,2,8,0.0
2026-08-20,HepatitisB,9.59,13:13:54,2,8,85.74
2026-08-20,HepatitisB,6.78,13:14:24,2,8,0.0
2026-08-20,HepatitisB,9.83,13:14:54,2,8,85.76
2026-08-20,HepatitisB,2.95,13:15:24,2,8,0.0
2026-08-20,HepatitisB,17.3,13:15:54,2,8,85.78
2026-08-20,HepatitisB,6.4,13:16:24,2,8,0.0
2026-08-20,HepatitisB,10.04,13:16:54,2,8,85.8
2026-08-20,HepatitisB,2.8,13:17:24,2,8,0.0
2026-08-20,HepatitisB,2.39,13:17:54,2,8,0.0
2026-08-20,HepatitisB,12.68,13:18:24,2,8,85.83
2026-08-20,HepatitisB,13.88,13:18:54,2,8,85.84
2026-08-20,HepatitisB,2.84,13:19:24,2,8,0.0
2026-08-20,HepatitisB,14.89,13:19:54,2,8,85.86
2026-08-20,HepatitisB,7.46,13:20:24,2,8,0.0
2026-08-20,HepatitisB,9.86,13:20:54,2,8,85.89
2026-08-20,HepatitisB,10.97,13:21:24,2,8,85.9
2026-08-20,HepatitisB,4.17,13:21:54,2,8,0.0
2026-08-20,HepatitisB,2.35,13:22:24,2,8,0.0
2026-08-20,HepatitisB,6.56,13:22:54,2,8,0.0
2026-08-20,HepatitisB,7.3,13:23:24,2,8,0.0
2026-08-20,HepatitisB,12.21,13:23:54,2,8,85.95
2026-08-20,HepatitisB,11.78,13:24:24,2,8,85.96
2026-08-20,HepatitisB,11.24,13:24:54,2,8,85.97
2026-08-20,HepatitisB,12.95,13:25:24,2,8,85.98
2026-08-20,HepatitisB,7.5,13:25:54,2,8,0.0
2026-08-20,HepatitisB,15.22,13:26:24,2,8,86.01
2026-08-20,HepatitisB,5.51,13:26:54,2,8,0.0
2026-08-20,HepatitisB,11.86,13:27:24,2,8,86.03
2026-08-20,HepatitisB,12.45,13:27:54,2,8,86.04
2026-08-20,HepatitisB,3.81,13:28:24,2,8,0.0
2026-08-20,HepatitisB,4.26,13:28:54,2,8,0.0
2026-08-20,HepatitisB,9.95,13:29:24,2,8,86.07
2026-08-20,HepatitisB,12.39,13:29:54,2,8,86.08
2026-08-20,HepatitisB,15.75,13:30:24,2,8,86.09
2026-08-20,HepatitisB,9.94,13:30:54,2,8,86.1
2026-08-20,HepatitisB,10.19,13:31:24,2,8,86.11
2026-08-20,HepatitisB,7.66,13:31:54,2,8,0.0
2026-08-20,HepatitisB,10.08,13:32:24,2,8,86.14
2026-08-20,HepatitisB,14.06,13:32:54,2,8,86.15
2026-08-20,HepatitisB,5.75,13:33:24,2,8,0.0
2026-08-20,HepatitisB,17.08,13:33:54,2,8,86.17
2026-08-20,HepatitisB,13.4,13:34:24,2,8,86.18
2026-08-20,HepatitisB,3.39,13:34:54,2,8,0.0
2026-08-20,HepatitisB,15.7,13:35:24,2,8,86.2
2026-08-20,HepatitisB,6.73,13:35:54,2,8,0.0
2026-08-20,HepatitisB,15.27,13:36:24,2,8,86.22
2026-08-20,HepatitisB,12.71,13:36:54,2,8,86.23
2026-08-20,HepatitisB,14.9,13:37:24,2,8,86.24
2026-08-20,HepatitisB,15.9,13:37:54,2,8,86.25
2026-08-20,HepatitisB,5.23,13:38:24,2,8,0.0
2026-08-20,HepatitisB,13.62,13:38:54,2,8,86.28
2026-08-20,HepatitisB,15.21,13:39:24,2,8,86.29
2026-08-20,HepatitisB,14.48,13:39:54,2,8,86.3
2026-08-20,HepatitisB,11.34,13:40:24,2,8,86.31
2026-08-20,HepatitisB,17.9,13:40:54,2,8,86.32
2026-08-20,HepatitisB,17.59,13:41:24,2,8,86.33
2026-08-20,HepatitisB,9.89,13:41:54,2,8,86.34
2026-08-20,HepatitisB,4.22,13:42:24,2,8,0.0
2026-08-20,HepatitisB,9.46,13:42:54,2,8,86.36
2026-08-20,HepatitisB,6.35,13:43:24,2,8,0.0
2026-08-20,HepatitisB,11.0,13:43:54,2,8,86.39
2026-08-20,HepatitisB,13.9,13:44:24,2,8,86.4
2026-08-20,HepatitisB,2.19,13:44:54,2,8,0.0
2026-08-20,HepatitisB,2.82,13:45:24,2,8,0.0
2026-08-20,HepatitisB,17.34,13:45:54,2,8,86.43
2026-08-20,HepatitisB,2.56,13:46:24,2,8,0.0
2026-08-20,HepatitisB,14.97,13:46:54,2,8,86.45
2026-08-20,HepatitisB,9.37,13:47:24,2,8,86.46
2026-08-20,HepatitisB,16.35,13:47:54,2,8,86.47
2026-08-20,HepatitisB,17.09,13:48:24,2,8,86.48
2026-08-20,HepatitisB,11.3,13:48:54,2,8,86.49
2026-08-20,HepatitisB,10.07,13:49:24,2,8,86.5
2026-08-20,HepatitisB,16.19,13:49:54,2,8,86.52
2026-08-20,HepatitisB,15.34,13:50:24,2,8,86.53
2026-08-20,HepatitisB,17.02,13:50:54,2,8,86.54
2026-08-20,HepatitisB,14.73,13:51:24,2,8,86.55
2026-08-20,HepatitisB,6.4,13:51:54,2,8,0.0
2026-08-20,HepatitisB,9.38,13:52:24,2,8,86.57
2026-08-20,HepatitisB,11.31,13:52:54,2,8,86.58
2026-08-20,HepatitisB,5.87,13:53:24,2,8,0.0
2026-08-20,HepatitisB,4.55,13:53:54,2,8,0.0
2026-08-20,HepatitisB,2.38,13:54:24,2,8,0.0
2026-08-20,HepatitisB,4.74,13:54:54,2,8,0.0
2026-08-20,HepatitisB,6.6,13:55:24,2,8,0.0
2026-08-20,HepatitisB,6.68,13:55:54,2,8,0.0
2026-08-20,HepatitisB,9.76,13:56:24,2,8,86.66
2026-08-20,HepatitisB,6.92,13:56:54,2,8,0.0
2026-08-20,HepatitisB,13.73,13:57:24,2,8,86.68
2026-08-20,HepatitisB,11.17,13:57:54,2,8,86.69
2026-08-20,HepatitisB,17.67,13:58:24,2,8,86.7
2026-08-20,HepatitisB,12.89,13:58:54,2,8,86.71
2026-08-20,HepatitisB,11.81,13:59:24,2,8,86.72
2026-08-20,HepatitisB,3.65,13:59:54,2,8,0.0
2026-08-20,HepatitisB,13.75,14:00:24,2,8,86.74
2026-08-20,HepatitisB,7.83,14:00:54,2,8,0.0
2026-08-20,HepatitisB,10.96,14:01:24,2,8,86.76
2026-08-20,HepatitisB,10.72,14:01:54,2,8,86.78
2026-08-20,HepatitisB,14.73,14:02:24,2,8,86.79
2026-08-20,HepatitisB,11.01,14:02:54,2,8,86.8
2026-08-20,HepatitisB,5.57,14:03:24,2,8,0.0
2026-08-20,HepatitisB,6.39,14:03:54,2,8,0.0
2026-08-20,HepatitisB,3.38,14:04:24,2,8,0.0
2026-08-20,HepatitisB,6.44,14:04:54,2,8,0.0
2026-08-20,HepatitisB,12.34,14:05:24,2,8,86.85
2026-08-20,HepatitisB,6.08,14:05:54,2,8,0.0
2026-08-20,HepatitisB,3.75,14:06:24,2,8,0.0
2026-08-20,HepatitisB,7.06,14:06:54,2,8,0.0
2026-08-20,HepatitisB,9.36,14:07:24,2,8,86.89
2026-08-20,HepatitisB,14.17,14:07:54,2,8,86.91
2026-08-20,HepatitisB,10.04,14:08:24,2,8,86.92
2026-08-20,HepatitisB,16.03,14:08:54,2,8,86.93
2026-08-20,HepatitisB,5.17,14:09:24,2,8,0.0
2026-08-20,HepatitisB,6.58,14:09:54,2,8,0.0
2026-08-20,HepatitisB,7.94,14:10:24,2,8,0.0
2026-08-20,HepatitisB,10.25,14:10:54,2,8,86.97
2026-08-20,HepatitisB,7.84,14:11:24,2,8,0.0
2026-08-20,HepatitisB,9.03,14:11:54,2,8,86.99
2026-08-20,HepatitisB,7.49,14:12:24,2,8,0.0
2026-08-20,HepatitisB,15.64,14:12:54,2,8,87.01
2026-08-20,HepatitisB,11.51,14:13:24,2,8,87.02
2026-08-20,HepatitisB,12.87,14:13:54,2,8,87.04
2026-08-20,HepatitisB,15.95,14:14:24,2,8,87.05
2026-08-20,HepatitisB,13.64,14:14:54,2,8,87.06
2026-08-20,HepatitisB,7.06,14:15:24,2,8,0.0
2026-08-20,HepatitisB,9.3,14:15:54,2,8,87.08
2026-08-20,HepatitisB,5.31,14:16:24,2,8,0.0
2026-08-20,HepatitisB,17.84,14:16:54,2,8,87.1
2026-08-20,HepatitisB,14.71,14:17:24,2,8,87.11
2026-08-20,HepatitisB,9.82,14:17:54,2,8,87.12
2026-08-20,HepatitisB,13.68,14:18:24,2,8,87.13
2026-08-20,HepatitisB,13.67,14:18:54,2,8,87.14
2026-08-20,HepatitisB,16.33,14:19:24,2,8,87.15
2026-08-20,HepatitisB,7.61,14:19:54,2,8,0.0
2026-08-20,HepatitisB,13.91,14:20:24,2,8,87.18
2026-08-20,HepatitisB,9.33,14:20:54,2,8,87.19
2026-08-20,HepatitisB,15.54,14:21:24,2,8,87.2
2026-08-20,HepatitisB,9.91,14:21:54,2,8,87.21
2026-08-20,HepatitisB,16.08,14:22:24,2,8,87.22
2026-08-20,HepatitisB,5.44,14:22:54,2,8,0.0
2026-08-20,HepatitisB,12.46,14:23:24,2,8,87.24
2026-08-20,HepatitisB,4.35,14:23:54,2,8,0.0
2026-08-20,HepatitisB,4.13,14:24:24,2,8,0.0
2026-08-20,HepatitisB,2.55,14:24:54,2,8,0.0
2026-08-20,HepatitisB,14.39,14:25:24,2,8,87.28
2026-08-20,HepatitisB,5.86,14:25:54,2,8,0.0
2026-08-20,HepatitisB,3.5,14:26:24,2,8,0.0
2026-08-20,HepatitisB,11.04,14:26:54,2,8,87.32
2026-08-20,HepatitisB,6.38,14:27:24,2,8,0.0
2026-08-20,HepatitisB,16.91,14:27:54,2,8,87.34
2026-08-20,HepatitisB,2.83,14:28:24,2,8,0.0
2026-08-20,HepatitisB,9.84,14:28:54,2,8,87.36
2026-08-20,HepatitisB,5.05,14:29:24,2,8,0.0
2026-08-20,HepatitisB,17.65,14:29:54,2,8,87.38
2026-08-20,HepatitisB,5.23,14:30:24,2,8,0.0
2026-08-20,HepatitisB,11.12,14:30:54,2,8,87.4
2026-08-20,HepatitisB,6.59,14:31:24,2,8,0.0
2026-08-20,HepatitisB,13.21,14:31:54,2,8,87.42
2026-08-20,HepatitisB,7.58,14:32:24,2,8,0.0
2026-08-20,HepatitisB,6.2,14:32:54,2,8,0.0
2026-08-20,HepatitisB,15.12,14:33:24,2,8,87.46
2026-08-20,HepatitisB,4.79,14:33:54,2,8,0.0
2026-08-20,HepatitisB,4.05,14:34:24,2,8,0.0
2026-08-20,HepatitisB,14.82,14:34:54,2,8,87.49
2026-08-20,HepatitisB,12.0,14:35:24,2,8,87.5
2026-08-20,HepatitisB,2.02,14:35:54,2,8,0.0
2026-08-20,HepatitisB,16.47,14:36:24,2,8,87.52
2026-08-20,HepatitisB,14.38,14:36:54,2,8,87.53
2026-08-20,HepatitisB,11.8,14:37:24,2,8,87.54
2026-08-20,HepatitisB,4.05,14:37:54,2,8,0.0
2026-08-20,HepatitisB,17.21,14:38:24,2,8,87.57
2026-08-20,HepatitisB,3.71,14:38:54,2,8,0.0
2026-08-20,HepatitisB,17.8,14:39:24,2,8,87.59
2026-08-20,HepatitisB,10.74,14:39:54,2,8,87.6
2026-08-20,HepatitisB,16.41,14:40:24,2,8,87.61
2026-08-20,HepatitisB,7.3,14:40:54,2,8,0.0
2026-08-20,HepatitisB,5.1,14:41:24,2,8,0.0
2026-08-20,HepatitisB,14.07,14:41:54,2,8,87.64
2026-08-20,HepatitisB,12.84,14:42:24,2,8,87.65
2026-08-20,HepatitisB,14.55,14:42:54,2,8,87.66
2026-08-20,HepatitisB,13.46,14:43:24,2,8,87.67
2026-08-20,HepatitisB,17.61,14:43:54,2,8,87.69
2026-08-20,HepatitisB,16.76,14:44:24,2,8,87.7
2026-08-20,HepatitisB,15.47,14:44:54,2,8,87.71
2026-08-20,HepatitisB,6.72,14:45:24,2,8,0.0
2026-08-20,HepatitisB,7.39,14:45:54,2,8,0.0
2026-08-20,HepatitisB,16.33,14:46:24,2,8,87.74
2026-08-20,HepatitisB,3.45,14:46:54,2,8,0.0
2026-08-20,HepatitisB,2.45,14:47:24,2,8,0.0
2026-08-20,HepatitisB,16.4,14:47:54,2,8,87.77
2026-08-20,HepatitisB,15.6,14:48:24,2,8,87.78
2026-08-20,HepatitisB,13.37,14:48:54,2,8,87.79
2026-08-20,HepatitisB,15.64,14:49:24,2,8,87.8
2026-08-20,HepatitisB,12.86,14:49:54,2,8,87.81
2026-08-20,HepatitisB,14.54,14:50:24,2,8,87.83
2026-08-20,HepatitisB,4.09,14:50:54,2,8,0.0
2026-08-20,HepatitisB,9.37,14:51:24,2,8,87.85
2026-08-20,HepatitisB,14.32,14:51:54,2,8,87.86
2026-08-20,HepatitisB,5.86,14:52:24,2,8,0.0
2026-08-20,HepatitisB,12.67,14:52:54,2,8,87.88
2026-08-20,HepatitisB,10.55,14:53:24,2,8,87.89
2026-08-20,HepatitisB,12.17,14:53:54,2,8,87.9
2026-08-20,HepatitisB,6.09,14:54:24,2,8,0.0
2026-08-20,HepatitisB,9.21,14:54:54,2,8,87.92
2026-08-20,HepatitisB,13.23,14:55:24,2,8,87.93
2026-08-20,HepatitisB,3.42,14:55:54,2,8,0.0
2026-08-20,HepatitisB,6.57,14:56:24,2,8,0.0
2026-08-20,HepatitisB,10.27,14:56:54,2,8,87.97
2026-08-20,HepatitisB,17.45,14:57:24,2,8,87.98
2026-08-20,HepatitisB,14.14,14:57:54,2,8,87.99
2026-08-20,HepatitisB,13.62,14:58:24,2,8,88.0
2026-08-20,HepatitisB,7.66,14:58:54,2,8,0.0
2026-08-20,HepatitisB,10.58,14:59:24,2,8,88.02
2026-08-20,HepatitisB,10.7,14:59:54,2,8,88.03
2026-08-20,HepatitisB,6.87,15:00:24,2,8,0.0
2026-08-20,HepatitisB,6.46,15:00:54,2,8,0.0
2026-08-20,HepatitisB,4.25,15:01:24,2,8,0.0
2026-08-20,HepatitisB,14.17,15:01:54,2,8,88.08
2026-08-20,HepatitisB,11.9,15:02:24,2,8,88.09
2026-08-20,HepatitisB,11.78,15:02:54,2,8,88.1
2026-08-20,HepatitisB,6.02,15:03:24,2,8,0.0
2026-08-20,HepatitisB,15.14,15:03:54,2,8,88.12
2026-08-20,HepatitisB,7.17,15:04:24,2,8,0.0
2026-08-20,HepatitisB,14.04,15:04:54,2,8,88.14
2026-08-20,HepatitisB,15.45,15:05:24,2,8,88.15
2026-08-20,HepatitisB,15.15,15:05:54,2,8,88.16
2026-08-20,HepatitisB,15.66,15:06:24,2,8,88.17
2026-08-20,HepatitisB,6.42,15:06:54,2,8,0.0
2026-08-20,HepatitisB,14.08,15:07:24,2,8,88.19
2026-08-20,HepatitisB,15.72,15:07:54,2,8,88.2
2026-08-20,HepatitisB,16.42,15:08:24,2,8,88.22
2026-08-20,HepatitisB,13.59,15:08:54,2,8,88.23
2026-08-20,HepatitisB,3.64,15:09:24,2,8,0.0
2026-08-20,HepatitisB,7.68,15:09:54,2,8,0.0
2026-08-20,HepatitisB,17.11,15:10:24,2,8,88.26
2026-08-20,HepatitisB,10.33,15:10:54,2,8,88.27
2026-08-20,HepatitisB,14.23,15:11:24,2,8,88.28
2026-08-20,HepatitisB,5.35,15:11:54,2,8,0.0
2026-08-20,HepatitisB,6.72,15:12:24,2,8,0.0
2026-08-20,HepatitisB,16.86,15:12:54,2,8,88.31
2026-08-20,HepatitisB,4.94,15:13:24,2,8,0.0
2026-08-20,HepatitisB,17.66,15:13:54,2,8,88.34
2026-08-20,HepatitisB,7.33,15:14:24,2,8,0.0
2026-08-20,HepatitisB,14.15,15:14:54,2,8,88.36
2026-08-20,HepatitisB,3.22,15:15:24,2,8,0.0
2026-08-20,HepatitisB,16.06,15:15:54,2,8,88.38
2026-08-20,HepatitisB,9.86,15:16:24,2,8,88.39
2026-08-20,HepatitisB,16.12,15:16:54,2,8,88.4
2026-08-20,HepatitisB,2.3,15:17:24,2,8,0.0
2026-08-20,HepatitisB,16.82,15:17:54,2,8,88.42
2026-08-20,HepatitisB,12.93,15:18:24,2,8,88.43
2026-08-20,HepatitisB,13.25,15:18:54,2,8,88.44
2026-08-20,HepatitisB,16.38,15:19:24,2,8,88.45
2026-08-20,HepatitisB,2.65,15:19:54,2,8,0.0
2026-08-20,HepatitisB,4.29,15:20:24,2,8,0.0
2026-08-20,HepatitisB,7.44,15:20:54,2,8,0.0
2026-08-20,HepatitisB,6.59,15:21:24,2,8,0.0
2026-08-20,HepatitisB,12.21,15:21:54,2,8,88.51
2026-08-20,HepatitisB,16.46,15:22:24,2,8,88.52
2026-08-20,HepatitisB,5.7,15:22:54,2,8,0.0
2026-08-20,HepatitisB,6.43,15:23:24,2,8,0.0
2026-08-20,HepatitisB,16.11,15:23:54,2,8,88.55
2026-08-20,HepatitisB,14.47,15:24:24,2,8,88.56
2026-08-20,HepatitisB,16.44,15:24:54,2,8,88.57
2026-08-20,HepatitisB,12.91,15:25:24,2,8,88.58
2026-08-20,HepatitisB,5.56,15:25:54,2,8,0.0
2026-08-20,HepatitisB,2.68,15:26:24,2,8,0.0
2026-08-20,HepatitisB,10.29,15:26:54,2,8,88.62
2026-08-20,HepatitisB,15.51,15:27:24,2,8,88.63
2026-08-20,HepatitisB,15.65,15:27:54,2,8,88.64
2026-08-20,HepatitisB,11.64,15:28:24,2,8,88.65
2026-08-20,HepatitisB,16.66,15:28:54,2,8,88.66
2026-08-20,HepatitisB,11.1,15:29:24,2,8,88.67
2026-08-20,HepatitisB,4.45,15:29:54,2,8,0.0
2026-08-20,HepatitisB,4.48,15:30:24,2,8,0.0
2026-08-20,HepatitisB,3.37,15:30:54,2,8,0.0
2026-08-20,HepatitisB,3.76,15:31:24,2,8,0.0
2026-08-20,HepatitisB,7.99,15:31:54,2,8,0.0
2026-08-20,HepatitisB,11.09,15:32:24,2,8,88.74
2026-08-20,HepatitisB,15.77,15:32:54,2,8,88.75
2026-08-20,HepatitisB,13.29,15:33:24,2,8,88.76
2026-08-20,HepatitisB,6.1,15:33:54,2,8,0.0
2026-08-20,HepatitisB,14.62,15:34:24,2,8,88.78
2026-08-20,HepatitisB,17.55,15:34:54,2,8,88.79
2026-08-20,HepatitisB,12.45,15:35:24,2,8,88.8
2026-08-20,HepatitisB,12.5,15:35:54,2,8,88.81
2026-08-20,HepatitisB,16.75,15:36:24,2,8,88.82
2026-08-20,HepatitisB,11.77,15:36:54,2,8,88.83
2026-08-20,HepatitisB,12.39,15:37:24,2,8,88.84
2026-08-20,HepatitisB,10.01,15:37:54,2,8,88.85
2026-08-20,HepatitisB,4.4,15:38:24,2,8,0.0
2026-08-20,HepatitisB,10.22,15:38:54,2,8,88.88
2026-08-20,HepatitisB,3.31,15:39:24,2,8,0.0
2026-08-20,HepatitisB,16.28,15:39:54,2,8,88.9
2026-08-20,HepatitisB,4.89,15:40:24,2,8,0.0
2026-08-20,HepatitisB,14.34,15:40:54,2,8,88.92
2026-08-20,HepatitisB,11.98,15:41:24,2,8,88.93
2026-08-20,HepatitisB,10.12,15:41:54,2,8,88.94
2026-08-20,HepatitisB,15.65,15:42:24,2,8,88.95
2026-08-20,HepatitisB,13.28,15:42:54,2,8,88.96
2026-08-20,HepatitisB,16.47,15:43:24,2,8,88.97
2026-08-20,HepatitisB,11.6,15:43:54,2,8,88.99
2026-08-20,HepatitisB,16.95,15:44:24,2,8,89.0
2026-08-20,HepatitisB,17.47,15:44:54,2,8,89.01
2026-08-20,HepatitisB,16.96,15:45:24,2,8,89.02
2026-08-20,HepatitisB,15.89,15:45:54,2,8,89.03
2026-08-20,HepatitisB,9.57,15:46:24,2,8,89.04
2026-08-20,HepatitisB,2.61,15:46:54,2,8,0.0
2026-08-20,HepatitisB,9.66,15:47:24,2,8,89.06
2026-08-20,HepatitisB,6.18,15:47:54,2,8,0.0
2026-08-20,HepatitisB,14.33,15:48:24,2,8,89.08
2026-08-20,HepatitisB,12.2,15:48:54,2,8,89.09
2026-08-20,HepatitisB,10.19,15:49:24,2,8,89.1
2026-08-20,HepatitisB,15.27,15:49:54,2,8,89.11
2026-08-20,HepatitisB,11.99,15:50:24,2,8,89.13
2026-08-20,HepatitisB,9.59,15:50:54,2,8,89.14
2026-08-20,HepatitisB,9.01,15:51:24,2,8,89.15
2026-08-20,HepatitisB,2.49,15:51:54,2,8,0.0
2026-08-20,HepatitisB,17.06,15:52:24,2,8,89.17
2026-08-20,HepatitisB,9.71,15:52:54,2,8,89.18
2026-08-20,HepatitisB,16.97,15:53:24,2,8,89.19
2026-08-20,HepatitisB,10.07,15:53:54,2,8,89.2
2026-08-20,HepatitisB,16.17,15:54:24,2,8,89.21
2026-08-20,HepatitisB,5.32,15:54:54,2,8,0.0
2026-08-20,HepatitisB,16.63,15:55:24,2,8,89.23
2026-08-20,HepatitisB,13.22,15:55:54,2,8,89.25
2026-08-20,HepatitisB,13.29,15:56:24,2,8,89.26
2026-08-20,HepatitisB,16.85,15:56:54,2,8,89.27
2026-08-20,HepatitisB,6.97,15:57:24,2,8,0.0
2026-08-20,HepatitisB,11.76,15:57:54,2,8,89.29
2026-08-20,HepatitisB,12.93,15:58:24,2,8,89.3
2026-08-20,HepatitisB,10.96,15:58:54,2,8,89.31
2026-08-20,HepatitisB,9.38,15:59:24,2,8,89.32
2026-08-20,HepatitisB,15.85,15:59:54,2,8,89.33
2026-08-20,HepatitisB,5.33,16:00:24,2,8,0.0
2026-08-20,HepatitisB,11.56,16:00:54,2,8,89.35
2026-08-20,HepatitisB,16.95,16:01:24,2,8,89.36
2026-08-20,HepatitisB,9.45,16:01:54,2,8,89.38
2026-08-20,HepatitisB,9.88,16:02:24,2,8,89.39
2026-08-20,HepatitisB,7.98,16:02:54,2,8,0.0
2026-08-20,HepatitisB,5.02,16:03:24,2,8,0.0
2026-08-20,HepatitisB,10.4,16:03:54,2,8,89.42
2026-08-20,HepatitisB,14.53,16:04:24,2,8,89.43
2026-08-20,HepatitisB,11.96,16:04:54,2,8,89.44
2026-08-20,HepatitisB,12.67,16:05:24,2,8,89.45
2026-08-20,HepatitisB,15.53,16:05:54,2,8,89.46
2026-08-20,HepatitisB,3.9,16:06:24,2,8,0.0
2026-08-20,HepatitisB,13.41,16:06:54,2,8,89.48
2026-08-20,HepatitisB,13.48,16:07:24,2,8,89.49
2026-08-20,HepatitisB,14.4,16:07:54,2,8,89.5
2026-08-20,HepatitisB,12.84,16:08:24,2,8,89.52
2026-08-20,HepatitisB,7.35,16:08:54,2,8,0.0
2026-08-20,HepatitisB,17.93,16:09:24,2,8,89.54
2026-08-20,HepatitisB,11.75,16:09:54,2,8,89.55
2026-08-20,HepatitisB,14.8,16:10:24,2,8,89.56
2026-08-20,HepatitisB,5.84,16:10:54,2,8,0.0
2026-08-20,HepatitisB,5.72,16:11:24,2,8,0.0
2026-08-20,HepatitisB,14.55,16:11:54,2,8,89.59
2026-08-20,HepatitisB,13.72,16:12:24,2,8,89.6
2026-08-20,HepatitisB,4.32,16:12:54,2,8,0.0
2026-08-20,HepatitisB,14.05,16:13:24,2,8,89.62
2026-08-20,HepatitisB,11.79,16:13:54,2,8,89.64
2026-08-20,HepatitisB,16.0,16:14:24,2,8,89.65
2026-08-20,HepatitisB,3.52,16:14:54,2,8,0.0
2026-08-20,HepatitisB,11.82,16:15:24,2,8,89.67
2026-08-20,HepatitisB,16.1,16:15:54,2,8,89.68
2026-08-20,HepatitisB,11.16,16:16:24,2,8,89.69
2026-08-20,HepatitisB,14.71,16:16:54,2,8,89.7
2026-08-20,HepatitisB,15.4,16:17:24,2,8,89.71
2026-08-20,HepatitisB,15.06,16:17:54,2,8,89.72
2026-08-20,HepatitisB,16.05,16:18:24,2,8,89.73
2026-08-20,HepatitisB,16.52,16:18:54,2,8,89.74
2026-08-20,HepatitisB,15.17,16:19:24,2,8,89.75
2026-08-20,HepatitisB,2.15,16:19:54,2,8,0.0
2026-08-20,HepatitisB,5.37,16:20:24,2,8,0.0
2026-08-20,HepatitisB,11.67,16:20:54,2,8,89.79
2026-08-20,HepatitisB,15.64,16:21:24,2,8,89.8
2026-08-20,HepatitisB,6.09,16:21:54,2,8,0.0
2026-08-20,HepatitisB,5.12,16:22:24,2,8,0.0
2026-08-20,HepatitisB,7.39,16:22:54,2,8,0.0
2026-08-20,HepatitisB,5.37,16:23:24,2,8,0.0
2026-08-20,HepatitisB,14.14,16:23:54,2,8,89.85
2026-08-20,HepatitisB,4.58,16:24:24,2,8,0.0
2026-08-20,HepatitisB,14.39,16:24:54,2,8,89.87
2026-08-20,HepatitisB,14.87,16:25:24,2,8,89.88
2026-08-20,HepatitisB,3.19,16:25:54,2,8,0.0
2026-08-20,HepatitisB,10.53,16:26:24,2,8,89.91
2026-08-20,HepatitisB,11.34,16:26:54,2,8,89.92
2026-08-20,HepatitisB,2.4,16:27:24,2,8,0.0
2026-08-20,HepatitisB,10.44,16:27:54,2,8,89.94
2026-08-20,HepatitisB,6.83,16:28:24,2,8,0.0
2026-08-20,HepatitisB,11.35,16:28:54,2,8,89.96
2026-08-20,HepatitisB,13.98,16:29:24,2,8,89.97
2026-08-20,HepatitisB,16.46,16:29:54,2,8,89.98
2026-08-20,HepatitisB,11.69,16:30:24,2,8,89.99
2026-08-20,HepatitisB,7.07,16:30:54,2,8,0.0
2026-08-20,HepatitisB,13.66,16:31:24,2,8,90.01
2026-08-20,HepatitisB,5.66,16:31:54,2,8,0.0
2026-08-20,HepatitisB,15.78,16:32:24,2,8,90.04
2026-08-20,HepatitisB,15.02,16:32:54,2,8,90.05
2026-08-20,HepatitisB,14.76,16:33:24,2,8,90.06
2026-08-20,HepatitisB,12.58,16:33:54,2,8,90.07
2026-08-20,HepatitisB,2.58,16:34:24,2,8,0.0
2026-08-20,HepatitisB,11.96,16:34:54,2,8,90.09
2026-08-20,HepatitisB,4.65,16:35:24,2,8,0.0
2026-08-20,HepatitisB,7.29,16:35:54,2,8,0.0
2026-08-20,HepatitisB,4.31,16:36:24,2,8,0.0
2026-08-20,HepatitisB,17.59,16:36:54,2,8,90.13
2026-08-20,HepatitisB,13.21,16:37:24,2,8,90.14
2026-08-20,HepatitisB,6.99,16:37:54,2,8,0.0
2026-08-20,HepatitisB,4.7,16:38:24,2,8,0.0
2026-08-20,HepatitisB,15.98,16:38:54,2,8,90.18
2026-08-20,HepatitisB,9.57,16:39:24,2,8,90.19
2026-08-20,HepatitisB,5.43,16:39:54,2,8,0.0
2026-08-20,HepatitisB,3.64,16:40:24,2,8,0.0
2026-08-20,HepatitisB,4.5,16:40:54,2,8,0.0
2026-08-20,HepatitisB,7.59,16:41:24,2,8,0.0
2026-08-20,HepatitisB,17.23,16:41:54,2,8,90.24
2026-08-20,HepatitisB,13.72,16:42:24,2,8,90.25
2026-08-20,HepatitisB,15.75,16:42:54,2,8,90.26
2026-08-20,HepatitisB,11.55,16:43:24,2,8,90.27
2026-08-20,HepatitisB,15.54,16:43:54,2,8,90.29
2026-08-20,HepatitisB,4.15,16:44:24,2,8,0.0
2026-08-20,HepatitisB,10.78,16:44:54,2,8,90.31
2026-08-20,HepatitisB,3.88,16:45:24,2,8,0.0
2026-08-20,HepatitisB,14.03,16:45:54,2,8,90.33
2026-08-20,HepatitisB,2.62,16:46:24,2,8,0.0
2026-08-20,HepatitisB,11.23,16:46:54,2,8,90.35
2026-08-20,HepatitisB,5.58,16:47:24,2,8,0.0
2026-08-20,HepatitisB,7.38,16:47:54,2,8,0.0
2026-08-20,HepatitisB,15.4,16:48:24,2,8,90.38
2026-08-20,HepatitisB,17.36,16:48:54,2,8,90.39
2026-08-20,HepatitisB,16.43,16:49:24,2,8,90.4
2026-08-20,HepatitisB,7.18,16:49:54,2,8,0.0
2026-08-20,HepatitisB,17.72,16:50:24,2,8,90.43
2026-08-20,HepatitisB,9.42,16:50:54,2,8,90.44
2026-08-20,HepatitisB,16.33,16:51:24,2,8,90.45
2026-08-20,HepatitisB,13.01,16:51:54,2,8,90.46
2026-08-20,HepatitisB,9.87,16:52:24,2,8,90.47
2026-08-20,HepatitisB,9.96,16:52:54,2,8,90.48
2026-08-20,HepatitisB,5.09,16:53:24,2,8,0.0
2026-08-20,HepatitisB,17.46,16:53:54,2,8,90.5
2026-08-20,HepatitisB,15.76,16:54:24,2,8,90.51
2026-08-20,HepatitisB,13.49,16:54:54,2,8,90.52
2026-08-20,HepatitisB,17.65,16:55:24,2,8,90.53
2026-08-20,HepatitisB,7.45,16:55:54,2,8,0.0
2026-08-20,HepatitisB,10.65,16:56:24,2,8,90.56
2026-08-20,HepatitisB,3.55,16:56:54,2,8,0.0
2026-08-20,HepatitisB,2.43,16:57:24,2,8,0.0
2026-08-20,HepatitisB,4.53,16:57:54,2,8,0.0
2026-08-20,HepatitisB,5.22,16:58:24,2,8,0.0
2026-08-20,HepatitisB,17.9,16:58:54,2,8,90.61
2026-08-20,HepatitisB,12.59,16:59:24,2,8,90.62
2026-08-20,HepatitisB,6.98,16:59:54,2,8,0.0
2026-08-20,HepatitisB,13.5,17:00:24,2,8,90.64
2026-08-20,HepatitisB,12.43,17:00:54,2,8,90.65
2026-08-20,HepatitisB,17.66,17:01:24,2,8,90.66
2026-08-20,HepatitisB,10.13,17:01:54,2,8,90.67
2026-08-20,HepatitisB,15.29,17:02:24,2,8,90.69
2026-08-20,HepatitisB,6.25,17:02:54,2,8,0.0
2026-08-20,HepatitisB,6.61,17:03:24,2,8,0.0
2026-08-20,HepatitisB,9.72,17:03:54,2,8,90.72
2026-08-20,HepatitisB,14.53,17:04:24,2,8,90.73
2026-08-20,HepatitisB,17.78,17:04:54,2,8,90.74
2026-08-20,HepatitisB,9.12,17:05:24,2,8,90.75
2026-08-20,HepatitisB,11.6,17:05:54,2,8,90.76
2026-08-20,HepatitisB,11.38,17:06:24,2,8,90.77
2026-08-20,HepatitisB,11.45,17:06:54,2,8,90.78
2026-08-20,HepatitisB,4.41,17:07:24,2,8,0.0
2026-08-20,HepatitisB,2.21,17:07:54,2,8,0.0
2026-08-20,HepatitisB,13.12,17:08:24,2,8,90.82
2026-08-20,HepatitisB,7.53,17:08:54,2,8,0.0
2026-08-20,HepatitisB,2.23,17:09:24,2,8,0.0
2026-08-20,HepatitisB,13.31,17:09:54,2,8,90.85
2026-08-20,HepatitisB,11.68,17:10:24,2,8,90.86
2026-08-20,HepatitisB,7.47,17:10:54,2,8,0.0
2026-08-20,HepatitisB,5.12,17:11:24,2,8,0.0
2026-08-20,HepatitisB,9.79,17:11:54,2,8,90.89
2026-08-20,HepatitisB,2.83,17:12:24,2,8,0.0
2026-08-20,HepatitisB,17.85,17:12:54,2,8,90.91
2026-08-20,HepatitisB,14.09,17:13:24,2,8,90.92
2026-08-20,HepatitisB,2.24,17:13:54,2,8,0.0
2026-08-20,HepatitisB,12.22,17:14:24,2,8,90.95
2026-08-20,HepatitisB,6.9,17:14:54,2,8,0.0
2026-08-20,HepatitisB,9.86,17:15:24,2,8,90.97
2026-08-20,HepatitisB,4.42,17:15:54,2,8,0.0
2026-08-20,HepatitisB,6.46,17:16:24,2,8,0.0
2026-08-20,HepatitisB,16.62,17:16:54,2,8,91.0
2026-08-20,HepatitisB,10.95,17:17:24,2,8,91.01
2026-08-20,HepatitisB,4.1,17:17:54,2,8,0.0
2026-08-20,HepatitisB,15.5,17:18:24,2,8,91.03
2026-08-20,HepatitisB,5.95,17:18:54,2,8,0.0
2026-08-20,HepatitisB,2.1,17:19:24,2,8,0.0
2026-08-20,HepatitisB,10.55,17:19:54,2,8,91.06
2026-08-20,HepatitisB,6.64,17:20:24,2,8,0.0
2026-08-20,HepatitisB,4.42,17:20:54,2,8,0.0
2026-08-20,HepatitisB,14.2,17:21:24,2,8,91.1
2026-08-20,HepatitisB,14.26,17:21:54,2,8,91.11
2026-08-20,HepatitisB,9.85,17:22:24,2,8,91.12
2026-08-20,HepatitisB,13.33,17:22:54,2,8,91.13
2026-08-20,HepatitisB,2.8,17:23:24,2,8,0.0
2026-08-20,HepatitisB,13.33,17:23:54,2,8,91.15
2026-08-20,HepatitisB,11.64,17:24:24,2,8,91.16
2026-08-20,HepatitisB,14.36,17:24:54,2,8,91.17
2026-08-20,HepatitisB,3.32,17:25:24,2,8,0.0
2026-08-20,HepatitisB,6.79,17:25:54,2,8,0.0
2026-08-20,HepatitisB,9.2,17:26:24,2,8,91.21
2026-08-20,HepatitisB,6.68,17:26:54,2,8,0.0
2026-08-20,HepatitisB,7.96,17:27:24,2,8,0.0
2026-08-20,HepatitisB,9.7,17:27:54,2,8,91.24
2026-08-20,HepatitisB,4.61,17:28:24,2,8,0.0
2026-08-20,HepatitisB,7.49,17:28:54,2,8,0.0
2026-08-20,HepatitisB,2.14,17:29:24,2,8,0.0
2026-08-20,HepatitisB,10.27,17:29:54,2,8,91.28
2026-08-20,HepatitisB,6.25,17:30:24,2,8,0.0
2026-08-20,HepatitisB,17.24,17:30:54,2,8,91.3
2026-08-20,HepatitisB,15.37,17:31:24,2,8,91.31
2026-08-20,HepatitisB,4.71,17:31:54,2,8,0.0
2026-08-20,HepatitisB,13.27,17:32:24,2,8,91.34
2026-08-20,HepatitisB,10.77,17:32:54,2,8,91.35
2026-08-20,HepatitisB,5.54,17:33:24,2,8,0.0
2026-08-20,HepatitisB,14.01,17:33:54,2,8,91.37
2026-08-20,HepatitisB,9.66,17:34:24,2,8,91.38
2026-08-20,HepatitisB,10.99,17:34:54,2,8,91.39
2026-08-20,HepatitisB,5.72,17:35:24,2,8,0.0
2026-08-20,HepatitisB,3.76,17:35:54,2,8,0.0
2026-08-20,HepatitisB,15.98,17:36:24,2,8,91.42
2026-08-20,HepatitisB,17.33,17:36:54,2,8,91.43
2026-08-20,HepatitisB,3.35,17:37:24,2,8,0.0
2026-08-20,HepatitisB,6.29,17:37:54,2,8,0.0
2026-08-20,HepatitisB,10.9,17:38:24,2,8,91.47
2026-08-20,HepatitisB,13.31,17:38:54,2,8,91.48
2026-08-20,HepatitisB,6.27,17:39:24,2,8,0.0
2026-08-20,HepatitisB,7.14,17:39:54,2,8,0.0
2026-08-20,HepatitisB,14.88,17:40:24,2,8,91.51
2026-08-20,HepatitisB,14.47,17:40:54,2,8,91.52
2026-08-20,HepatitisB,6.87,17:41:24,2,8,0.0
2026-08-20,HepatitisB,3.95,17:41:54,2,8,0.0
2026-08-20,HepatitisB,16.22,17:42:24,2,8,91.55
2026-08-20,HepatitisB,12.66,17:42:54,2,8,91.56
2026-08-20,HepatitisB,2.33,17:43:24,2,8,0.0
2026-08-20,HepatitisB,3.48,17:43:54,2,8,0.0
2026-08-20,HepatitisB,2.68,17:44:24,2,8,0.0
2026-08-20,HepatitisB,9.64,17:44:54,2,8,91.61
2026-08-20,HepatitisB,13.98,17:45:24,2,8,91.62
2026-08-20,HepatitisB,16.23,17:45:54,2,8,91.63
2026-08-20,HepatitisB,10.41,17:46:24,2,8,91.64
2026-08-20,HepatitisB,6.56,17:46:54,2,8,0.0
2026-08-20,HepatitisB,17.93,17:47:24,2,8,91.66
2026-08-20,HepatitisB,3.06,17:47:54,2,8,0.0
2026-08-20,HepatitisB,16.74,17:48:24,2,8,91.68
2026-08-20,HepatitisB,15.99,17:48:54,2,8,91.69
2026-08-20,HepatitisB,10.54,17:49:24,2,8,91.7
2026-08-20,HepatitisB,14.83,17:49:54,2,8,91.72
2026-08-20,HepatitisB,3.98,17:50:24,2,8,0.0
2026-08-20,HepatitisB,15.31,17:50:54,2,8,91.74
2026-08-20,HepatitisB,12.15,17:51:24,2,8,91.75
2026-08-20,HepatitisB,11.03,17:51:54,2,8,91.76
2026-08-20,HepatitisB,9.67,17:52:24,2,8,91.77
2026-08-20,HepatitisB,12.29,17:52:54,2,8,91.78
2026-08-20,HepatitisB,9.9,17:53:24,2,8,91.79
2026-08-20,HepatitisB,4.08,17:53:54,2,8,0.0
2026-08-20,HepatitisB,15.16,17:54:24,2,8,91.81
2026-08-20,HepatitisB,13.75,17:54:54,2,8,91.82
2026-08-20,HepatitisB,14.56,17:55:24,2,8,91.83
2026-08-20,HepatitisB,9.41,17:55:54,2,8,91.85
2026-08-20,HepatitisB,10.5,17:56:24,2,8,91.86
2026-08-20,HepatitisB,16.79,17:56:54,2,8,91.87
2026-08-20,HepatitisB,12.02,17:57:24,2,8,91.88
2026-08-20,HepatitisB,16.6,17:57:54,2,8,91.89
2026-08-20,HepatitisB,10.82,17:58:24,2,8,91.9
2026-08-20,HepatitisB,6.32,17:58:54,2,8,0.0
2026-08-20,HepatitisB,16.2,17:59:24,2,8,91.92
2026-08-20,HepatitisB,10.06,17:59:54,2,8,91.93
2026-08-20,HepatitisB,2.96,18:00:24,2,8,0.0
2026-08-20,HepatitisB,17.51,18:00:54,2,8,91.95
2026-08-20,HepatitisB,7.03,18:01:24,2,8,0.0
2026-08-20,HepatitisB,11.95,18:01:54,2,8,91.98
2026-08-20,HepatitisB,5.32,18:02:24,2,8,0.0
2026-08-20,HepatitisB,17.69,18:02:54,2,8,92.0
2026-08-20,HepatitisB,10.77,18:03:24,2,8,92.01
2026-08-20,HepatitisB,9.12,18:03:54,2,8,92.02
2026-08-20,HepatitisB,11.99,18:04:24,2,8,92.03
2026-08-20,HepatitisB,7.12,18:04:54,2,8,0.0
2026-08-20,HepatitisB,14.3,18:05:24,2,8,92.05
2026-08-20,HepatitisB,15.42,18:05:54,2,8,92.06
2026-08-20,HepatitisB,11.55,18:06:24,2,8,92.07
2026-08-20,HepatitisB,13.26,18:06:54,2,8,92.08
2026-08-20,HepatitisB,9.07,18:07:24,2,8,92.09
2026-08-20,HepatitisB,4.2,18:07:54,2,8,0.0
2026-08-20,HepatitisB,15.86,18:08:24,2,8,92.12
2026-08-20,HepatitisB,7.47,18:08:54,2,8,0.0
2026-08-20,HepatitisB,11.93,18:09:24,2,8,92.14
2026-08-20,HepatitisB,2.42,18:09:54,2,8,0.0
2026-08-20,HepatitisB,16.14,18:10:24,2,8,92.16
2026-08-20,HepatitisB,16.5,18:10:54,2,8,92.17
2026-08-20,HepatitisB,16.92,18:11:24,2,8,92.18
2026-08-20,HepatitisB,13.83,18:11:54,2,8,92.19
2026-08-20,HepatitisB,17.99,18:12:24,2,8,92.2
2026-08-20,HepatitisB,16.34,18:12:54,2,8,92.21
2026-08-20,HepatitisB,12.06,18:13:24,2,8,92.22
2026-08-20,HepatitisB,5.02,18:13:54,2,8,0.0
2026-08-20,HepatitisB,11.1,18:14:24,2,8,92.25
2026-08-20,HepatitisB,17.63,18:14:54,2,8,92.26
2026-08-20,HepatitisB,11.14,18:15:24,2,8,92.27
2026-08-20,HepatitisB,2.83,18:15:54,2,8,0.0
2026-08-20,HepatitisB,15.57,18:16:24,2,8,92.29
2026-08-20,HepatitisB,7.98,18:16:54,2,8,0.0
2026-08-20,HepatitisB,4.62,18:17:24,2,8,0.0
2026-08-20,HepatitisB,17.63,18:17:54,2,8,92.32
2026-08-20,HepatitisB,10.62,18:18:24,2,8,92.33
2026-08-20,HepatitisB,14.49,18:18:54,2,8,92.34
2026-08-20,HepatitisB,6.51,18:19:24,2,8,0.0
2026-08-20,HepatitisB,3.45,18:19:54,2,8,0.0
2026-08-20,HepatitisB,14.17,18:20:24,2,8,92.38
2026-08-20,HepatitisB,11.99,18:20:54,2,8,92.39
2026-08-20,HepatitisB,2.86,18:21:24,2,8,0.0
2026-08-20,HepatitisB,10.46,18:21:54,2,8,92.41
2026-08-20,HepatitisB,9.71,18:22:24,2,8,92.42
2026-08-20,HepatitisB,14.32,18:22:54,2,8,92.43
2026-08-20,HepatitisB,15.72,18:23:24,2,8,92.44
2026-08-20,HepatitisB,14.97,18:23:54,2,8,92.45
2026-08-20,HepatitisB,14.05,18:24:24,2,8,92.46
2026-08-20,HepatitisB,4.44,18:24:54,2,8,0.0
2026-08-20,HepatitisB,5.17,18:25:24,2,8,0.0
2026-08-20,HepatitisB,9.01,18:25:54,2,8,92.5
2026-08-20,HepatitisB,10.11,18:26:24,2,8,92.51
2026-08-20,HepatitisB,12.72,18:26:54,2,8,92.52
2026-08-20,HepatitisB,15.08,18:27:24,2,8,92.53
2026-08-20,HepatitisB,12.78,18:27:54,2,8,92.54
2026-08-20,HepatitisB,4.21,18:28:24,2,8,0.0
2026-08-20,HepatitisB,12.68,18:28:54,2,8,92.56
2026-08-20,HepatitisB,17.6,18:29:24,2,8,92.57
2026-08-20,HepatitisB,4.64,18:29:54,2,8,0.0
2026-08-20,HepatitisB,10.23,18:30:24,2,8,92.59
2026-08-20,HepatitisB,4.74,18:30:54,2,8,0.0
2026-08-20,HepatitisB,6.16,18:31:24,2,8,0.0
2026-08-20,HepatitisB,6.85,18:31:54,2,8,0.0
2026-08-20,HepatitisB,14.73,18:32:24,2,8,92.64
2026-08-20,HepatitisB,3.22,18:32:54,2,8,0.0
2026-08-20,HepatitisB,14.55,18:33:24,2,8,92.66
2026-08-20,HepatitisB,13.23,18:33:54,2,8,92.67
2026-08-20,HepatitisB,3.97,18:34:24,2,8,0.0
2026-08-20,HepatitisB,4.04,18:34:54,2,8,0.0
2026-08-20,HepatitisB,12.45,18:35:24,2,8,92.7
2026-08-20,HepatitisB,2.29,18:35:54,2,8,0.0
2026-08-20,HepatitisB,11.08,18:36:24,2,8,92.72
2026-08-20,HepatitisB,14.17,18:36:54,2,8,92.73
2026-08-20,HepatitisB,9.74,18:37:24,2,8,92.74
2026-08-20,HepatitisB,11.01,18:37:54,2,8,92.75
2026-08-20,HepatitisB,4.15,18:38:24,2,8,0.0
2026-08-20,HepatitisB,12.35,18:38:54,2,8,92.78
2026-08-20,HepatitisB,6.16,18:39:24,2,8,0.0
2026-08-20,HepatitisB,17.99,18:39:54,2,8,92.8
2026-08-20,HepatitisB,17.32,18:40:24,2,8,92.81
2026-08-20,HepatitisB,12.62,18:40:54,2,8,92.82
2026-08-20,HepatitisB,11.64,18:41:24,2,8,92.83
2026-08-20,HepatitisB,13.01,18:41:54,2,8,92.84
2026-08-20,HepatitisB,16.92,18:42:24,2,8,92.85
2026-08-20,HepatitisB,3.21,18:42:54,2,8,0.0
2026-08-20,HepatitisB,14.94,18:43:24,2,8,92.87
2026-08-20,HepatitisB,12.32,18:43:54,2,8,92.89
2026-08-20,HepatitisB,17.9,18:44:24,2,8,92.9
2026-08-20,HepatitisB,3.77,18:44:54,2,8,0.0
2026-08-20,HepatitisB,5.73,18:45:24,2,8,0.0
2026-08-20,HepatitisB,14.63,18:45:54,2,8,92.93
2026-08-20,HepatitisB,7.38,18:46:24,2,8,0.0
2026-08-20,HepatitisB,12.45,18:46:54,2,8,92.95
2026-08-20,HepatitisB,7.76,18:47:24,2,8,0.0
2026-08-20,HepatitisB,7.08,18:47:54,2,8,0.0
2026-08-20,HepatitisB,15.07,18:48:24,2,8,92.98
2026-08-20,HepatitisB,2.63,18:48:54,2,8,0.0
2026-08-20,HepatitisB,17.91,18:49:24,2,8,93.0
2026-08-20,HepatitisB,2.58,18:49:54,2,8,0.0
2026-08-20,HepatitisB,11.61,18:50:24,2,8,93.03
2026-08-20,HepatitisB,2.97,18:50:54,2,8,0.0
2026-08-20,HepatitisB,15.5,18:51:24,2,8,93.05
2026-08-20,HepatitisB,16.01,18:51:54,2,8,93.06
2026-08-20,HepatitisB,3.35,18:52:24,2,8,0.0
2026-08-20,HepatitisB,15.24,18:52:54,2,8,93.08
2026-08-20,HepatitisB,11.08,18:53:24,2,8,93.09
2026-08-20,HepatitisB,12.49,18:53:54,2,8,93.1
2026-08-20,HepatitisB,17.21,18:54:24,2,8,93.11
2026-08-20,HepatitisB,2.96,18:54:54,2,8,0.0
2026-08-20,HepatitisB,6.18,18:55:24,2,8,0.0
2026-08-20,HepatitisB,3.34,18:55:54,2,8,0.0
2026-08-20,HepatitisB,3.61,18:56:24,2,8,0.0
2026-08-20,HepatitisB,14.3,18:56:54,2,8,93.17
2026-08-20,HepatitisB,4.64,18:57:24,2,8,0.0
2026-08-20,HepatitisB,14.12,18:57:54,2,8,93.19
2026-08-20,HepatitisB,13.79,18:58:24,2,8,93.2
2026-08-20,HepatitisB,16.67,18:58:54,2,8,93.21
2026-08-20,HepatitisB,5.28,18:59:24,2,8,0.0
2026-08-20,HepatitisB,7.83,18:59:54,2,8,0.0
2026-08-20,HepatitisB,3.12,19:00:24,2,8,0.0
2026-08-20,HepatitisB,7.24,19:00:54,2,8,0.0
2026-08-20,HepatitisB,5.17,19:01:24,2,8,0.0
2026-08-20,HepatitisB,7.13,19:01:54,2,8,0.0
2026-08-20,HepatitisB,4.15,19:02:24,2,8,0.0
2026-08-20,HepatitisB,11.35,19:02:54,2,8,93.3
2026-08-20,HepatitisB,7.3,19:03:24,2,8,0.0
2026-08-20,HepatitisB,17.49,19:03:54,2,8,93.32
2026-08-20,HepatitisB,14.16,19:04:24,2,8,93.33
2026-08-20,HepatitisB,6.06,19:04:54,2,8,0.0
2026-08-20,HepatitisB,16.48,19:05:24,2,8,93.35
2026-08-20,HepatitisB,4.62,19:05:54,2,8,0.0
2026-08-20,HepatitisB,16.4,19:06:24,2,8,93.37
2026-08-20,HepatitisB,5.24,19:06:54,2,8,0.0
2026-08-20,HepatitisB,5.84,19:07:24,2,8,0.0
2026-08-20,HepatitisB,15.76,19:07:54,2,8,93.41
2026-08-20,HepatitisB,16.19,19:08:24,2,8,93.42
2026-08-20,HepatitisB,3.72,19:08:54,2,8,0.0
2026-08-20,HepatitisB,6.26,19:09:24,2,8,0.0
2026-08-20,HepatitisB,5.35,19:09:54,2,8,0.0
2026-08-20,HepatitisB,6.44,19:10:24,2,8,0.0
2026-08-20,HepatitisB,15.85,19:10:54,2,8,93.47
2026-08-20,HepatitisB,3.68,19:11:24,2,8,0.0
2026-08-20,HepatitisB,4.1,19:11:54,2,8,0.0
2026-08-20,HepatitisB,9.37,19:12:24,2,8,93.5
2026-08-20,HepatitisB,14.62,19:12:54,2,8,93.51
2026-08-20,HepatitisB,15.54,19:13:24,2,8,93.52
2026-08-20,HepatitisB,17.51,19:13:54,2,8,93.54
2026-08-20,HepatitisB,3.35,19:14:24,2,8,0.0
2026-08-20,HepatitisB,16.63,19:14:54,2,8,93.56
2026-08-20,HepatitisB,5.83,19:15:24,2,8,0.0
2026-08-20,HepatitisB,4.89,19:15:54,2,8,0.0
2026-08-20,HepatitisB,14.97,19:16:24,2,8,93.59
2026-08-20,HepatitisB,13.62,19:16:54,2,8,93.6
2026-08-20,HepatitisB,2.41,19:17:24,2,8,0.0
2026-08-20,HepatitisB,15.91,19:17:54,2,8,93.62
2026-08-20,HepatitisB,16.4,19:18:24,2,8,93.63
2026-08-20,HepatitisB,13.11,19:18:54,2,8,93.64
2026-08-20,HepatitisB,6.22,19:19:24,2,8,0.0
2026-08-20,HepatitisB,15.95,19:19:54,2,8,93.67
2026-08-20,HepatitisB,5.3,19:20:24,2,8,0.0
2026-08-20,HepatitisB,16.35,19:20:54,2,8,93.69
2026-08-20,HepatitisB,7.83,19:21:24,2,8,0.0
2026-08-20,HepatitisB,4.11,19:21:54,2,8,0.0
2026-08-20,HepatitisB,17.91,19:22:24,2,8,93.72
2026-08-20,HepatitisB,11.28,19:22:54,2,8,93.73
2026-08-20,HepatitisB,6.36,19:23:24,2,8,0.0
2026-08-20,HepatitisB,9.88,19:23:54,2,8,93.75
2026-08-20,HepatitisB,12.87,19:24:24,2,8,93.76
2026-08-20,HepatitisB,17.75,19:24:54,2,8,93.77
2026-08-20,HepatitisB,17.41,19:25:24,2,8,93.78
2026-08-20,HepatitisB,5.89,19:25:54,2,8,0.0
2026-08-20,HepatitisB,13.27,19:26:24,2,8,93.81
2026-08-20,HepatitisB,2.37,19:26:54,2,8,0.0
2026-08-20,HepatitisB,9.73,19:27:24,2,8,93.83
2026-08-20,HepatitisB,12.7,19:27:54,2,8,93.84
2026-08-20,HepatitisB,12.25,19:28:24,2,8,93.85
2026-08-20,HepatitisB,11.32,19:28:54,2,8,93.86
2026-08-20,HepatitisB,11.92,19:29:24,2,8,93.87
2026-08-20,HepatitisB,9.39,19:29:54,2,8,93.88
2026-08-20,HepatitisB,5.29,19:30:24,2,8,0.0
2026-08-20,HepatitisB,17.33,19:30:54,2,8,93.9
2026-08-20,HepatitisB,9.69,19:31:24,2,8,93.91
2026-08-20,HepatitisB,2.91,19:31:54,2,8,0.0
2026-08-20,HepatitisB,2.2,19:32:24,2,8,0.0
2026-08-20,HepatitisB,9.77,19:32:54,2,8,93.95
2026-08-20,HepatitisB,5.72,19:33:24,2,8,0.0
2026-08-20,HepatitisB,12.98,19:33:54,2,8,93.97
2026-08-20,HepatitisB,17.19,19:34:24,2,8,93.98
2026-08-20,HepatitisB,3.93,19:34:54,2,8,0.0
2026-08-20,HepatitisB,17.68,19:35:24,2,8,94.0
2026-08-20,HepatitisB,14.01,19:35:54,2,8,94.01
2026-08-20,HepatitisB,5.82,19:36:24,2,8,0.0
2026-08-20,HepatitisB,12.71,19:36:54,2,8,94.03
2026-08-20,HepatitisB,12.52,19:37:24,2,8,94.04
2026-08-20,HepatitisB,12.99,19:37:54,2,8,94.05
2026-08-20,HepatitisB,4.77,19:38:24,2,8,0.0
2026-08-20,HepatitisB,9.86,19:38:54,2,8,94.08
2026-08-20,HepatitisB,14.54,19:39:24,2,8,94.09
2026-08-20,HepatitisB,12.16,19:39:54,2,8,94.1
2026-08-20,HepatitisB,14.84,19:40:24,2,8,94.11
2026-08-20,HepatitisB,9.8,19:40:54,2,8,94.12
2026-08-20,HepatitisB,13.27,19:41:24,2,8,94.13
2026-08-20,HepatitisB,7.16,19:41:54,2,8,0.0
2026-08-20,HepatitisB,17.54,19:42:24,2,8,94.15
2026-08-20,HepatitisB,13.08,19:42:54,2,8,94.16
2026-08-20,HepatitisB,16.95,19:43:24,2,8,94.17
2026-08-20,HepatitisB,3.74,19:43:54,2,8,0.0
2026-08-20,HepatitisB,16.67,19:44:24,2,8,94.2
2026-08-20,HepatitisB,15.67,19:44:54,2,8,94.21
2026-08-20,HepatitisB,11.44,19:45:24,2,8,94.22
2026-08-20,HepatitisB,6.64,19:45:54,2,8,0.0
2026-08-20,HepatitisB,10.25,19:46:24,2,8,94.24
2026-08-20,HepatitisB,6.9,19:46:54,2,8,0.0
2026-08-20,HepatitisB,5.85,19:47:24,2,8,0.0
2026-08-20,HepatitisB,6.25,19:47:54,2,8,0.0
2026-08-20,HepatitisB,9.77,19:48:24,2,8,94.28
2026-08-20,HepatitisB,4.33,19:48:54,2,8,0.0
2026-08-20,HepatitisB,5.6,19:49:24,2,8,0.0
2026-08-20,HepatitisB,17.07,19:49:54,2,8,94.31
2026-08-20,HepatitisB,9.89,19:50:24,2,8,94.33
2026-08-20,HepatitisB,5.12,19:50:54,2,8,0.0
2026-08-20,HepatitisB,11.81,19:51:24,2,8,94.35
2026-08-20,HepatitisB,7.02,19:51:54,2,8,0.0
2026-08-20,HepatitisB,12.27,19:52:24,2,8,94.37
2026-08-20,HepatitisB,17.53,19:52:54,2,8,94.38
2026-08-20,HepatitisB,2.2,19:53:24,2,8,0.0
2026-08-20,HepatitisB,15.98,19:53:54,2,8,94.4
2026-08-20,HepatitisB,7.23,19:54:24,2,8,0.0
2026-08-20,HepatitisB,11.02,19:54:54,2,8,94.42
2026-08-20,HepatitisB,10.61,19:55:24,2,8,94.43
2026-08-20,HepatitisB,14.43,19:55:54,2,8,94.45
2026-08-20,HepatitisB,13.51,19:56:24,2,8,94.46
2026-08-20,HepatitisB,3.78,19:56:54,2,8,0.0
2026-08-20,HepatitisB,15.13,19:57:24,2,8,94.48
2026-08-20,HepatitisB,13.8,19:57:54,2,8,94.49
2026-08-20,HepatitisB,9.63,19:58:24,2,8,94.5
2026-08-20,HepatitisB,3.69,19:58:54,2,8,0.0
2026-08-20,HepatitisB,10.65,19:59:24,2,8,94.52
2026-08-20,HepatitisB,6.33,19:59:54,2,8,0.0
2026-08-20,HepatitisB,16.7,20:00:24,2,8,94.54
2026-08-20,HepatitisB,3.69,20:00:54,2,8,0.0
2026-08-20,HepatitisB,13.13,20:01:24,2,8,94.56
2026-08-20,HepatitisB,7.35,20:01:54,2,8,0.0
2026-08-20,HepatitisB,3.0,20:02:24,2,8,0.0
2026-08-20,HepatitisB,5.82,20:02:54,2,8,0.0
2026-08-20,HepatitisB,6.63,20:03:24,2,8,0.0
2026-08-20,HepatitisB,13.2,20:03:54,2,8,94.62
2026-08-20,HepatitisB,2.37,20:04:24,2,8,0.0
2026-08-20,HepatitisB,13.9,20:04:54,2,8,94.64
2026-08-20,HepatitisB,11.65,20:05:24,2,8,94.65
2026-08-20,HepatitisB,3.57,20:05:54,2,8,0.0
2026-08-20,HepatitisB,10.23,20:06:24,2,8,94.67
2026-08-20,HepatitisB,2.73,20:06:54,2,8,0.0
2026-08-20,HepatitisB,9.28,20:07:24,2,8,94.69
2026-08-20,HepatitisB,2.82,20:07:54,2,8,0.0
2026-08-20,HepatitisB,15.93,20:08:24,2,8,94.72
2026-08-20,HepatitisB,15.17,20:08:54,2,8,94.73
2026-08-20,HepatitisB,7.47,20:09:24,2,8,0.0
2026-08-20,HepatitisB,16.26,20:09:54,2,8,94.75
2026-08-20,HepatitisB,15.8,20:10:24,2,8,94.76
2026-08-20,HepatitisB,13.02,20:10:54,2,8,94.77
2026-08-20,HepatitisB,16.99,20:11:24,2,8,94.78
2026-08-20,HepatitisB,6.17,20:11:54,2,8,0.0
2026-08-20,HepatitisB,10.38,20:12:24,2,8,94.8
2026-08-20,HepatitisB,6.32,20:12:54,2,8,0.0
2026-08-20,HepatitisB,4.58,20:13:24,2,8,0.0
2026-08-20,HepatitisB,4.35,20:13:54,2,8,0.0
2026-08-20,HepatitisB,14.29,20:14:24,2,8,94.85
2026-08-20,HepatitisB,17.74,20:14:54,2,8,94.86
2026-08-20,HepatitisB,10.03,20:15:24,2,8,94.87
2026-08-20,HepatitisB,4.16,20:15:54,2,8,0.0
2026-08-20,HepatitisB,11.16,20:16:24,2,8,94.89
2026-08-20,HepatitisB,6.31,20:16:54,2,8,0.0
2026-08-20,HepatitisB,15.42,20:17:24,2,8,94.91
2026-08-20,HepatitisB,5.64,20:17:54,2,8,0.0
2026-08-20,HepatitisB,13.03,20:18:24,2,8,94.93
2026-08-20,HepatitisB,3.53,20:18:54,2,8,0.0
2026-08-20,HepatitisB,13.69,20:19:24,2,8,94.95
2026-08-20,HepatitisB,7.61,20:19:54,2,8,0.0
2026-08-20,HepatitisB,10.24,20:20:24,2,8,94.98
2026-08-20,HepatitisB,10.7,20:20:54,2,8,94.99
2026-08-20,HepatitisB,10.23,20:21:24,2,8,95.0
2026-08-20,HepatitisB,5.12,20:21:54,2,8,0.0
2026-08-20,HepatitisB,4.87,20:22:24,2,8,0.0
2026-08-20,HepatitisB,13.45,20:22:54,2,8,95.03
2026-08-20,HepatitisB,17.19,20:23:24,2,8,95.04
2026-08-20,HepatitisB,10.6,20:23:54,2,8,95.05
2026-08-20,HepatitisB,10.97,20:24:24,2,8,95.06
2026-08-20,HepatitisB,11.47,20:24:54,2,8,95.07
2026-08-20,HepatitisB,16.82,20:25:24,2,8,95.08
2026-08-20,HepatitisB,12.29,20:25:54,2,8,95.1
2026-08-20,HepatitisB,5.37,20:26:24,2,8,0.0
2026-08-20,HepatitisB,7.3,20:26:54,2,8,0.0
2026-08-20,HepatitisB,9.82,20:27:24,2,8,95.13
2026-08-20,HepatitisB,4.17,20:27:54,2,8,0.0
2026-08-20,HepatitisB,17.22,20:28:24,2,8,95.15
2026-08-20,HepatitisB,9.48,20:28:54,2,8,95.16
2026-08-20,HepatitisB,15.81,20:29:24,2,8,95.17
2026-08-20,HepatitisB,4.13,20:29:54,2,8,0.0
2026-08-20,HepatitisB,12.25,20:30:24,2,8,95.19
2026-08-20,HepatitisB,4.9,20:30:54,2,8,0.0
2026-08-20,HepatitisB,9.89,20:31:24,2,8,95.21
2026-08-20,HepatitisB,3.09,20:31:54,2,8,0.0
2026-08-20,HepatitisB,3.41,20:32:24,2,8,0.0
2026-08-20,HepatitisB,15.3,20:32:54,2,8,95.25
2026-08-20,HepatitisB,5.79,20:33:24,2,8,0.0
2026-08-20,HepatitisB,13.29,20:33:54,2,8,95.27
2026-08-20,HepatitisB,5.09,20:34:24,2,8,0.0
2026-08-20,HepatitisB,15.91,20:34:54,2,8,95.29
2026-08-20,HepatitisB,10.89,20:35:24,2,8,95.3
2026-08-20,HepatitisB,13.8,20:35:54,2,8,95.31
2026-08-20,HepatitisB,15.85,20:36:24,2,8,95.32
2026-08-20,HepatitisB,6.23,20:36:54,2,8,0.0
2026-08-20,HepatitisB,5.83,20:37:24,2,8,0.0
2026-08-20,HepatitisB,14.81,20:37:54,2,8,95.35
2026-08-20,HepatitisB,15.05,20:38:24,2,8,95.37
2026-08-20,HepatitisB,9.19,20:38:54,2,8,95.38
2026-08-20,HepatitisB,13.26,20:39:24,2,8,95.39
2026-08-20,HepatitisB,6.47,20:39:54,2,8,0.0
2026-08-20,HepatitisB,4.62,20:40:24,2,8,0.0
2026-08-20,HepatitisB,2.39,20:40:54,2,8,0.0
2026-08-20,HepatitisB,14.08,20:41:24,2,8,95.43
2026-08-20,HepatitisB,5.36,20:41:54,2,8,0.0
2026-08-20,HepatitisB,16.59,20:42:24,2,8,95.45
2026-08-20,HepatitisB,5.36,20:42:54,2,8,0.0
2026-08-20,HepatitisB,2.9,20:43:24,2,8,0.0
2026-08-20,HepatitisB,11.42,20:43:54,2,8,95.49
2026-08-20,HepatitisB,12.99,20:44:24,2,8,95.5
2026-08-20,HepatitisB,2.84,20:44:54,2,8,0.0
2026-08-20,HepatitisB,4.4,20:45:24,2,8,0.0
2026-08-20,HepatitisB,11.04,20:45:54,2,8,95.53
2026-08-20,HepatitisB,16.7,20:46:24,2,8,95.54
2026-08-20,HepatitisB,10.83,20:46:54,2,8,95.55
2026-08-20,HepatitisB,2.58,20:47:24,2,8,0.0
2026-08-20,HepatitisB,6.15,20:47:54,2,8,0.0
2026-08-20,HepatitisB,17.11,20:48:24,2,8,95.58
2026-08-20,HepatitisB,17.46,20:48:54,2,8,95.59
2026-08-20,HepatitisB,7.55,20:49:24,2,8,0.0
2026-08-20,HepatitisB,15.64,20:49:54,2,8,95.61
2026-08-20,HepatitisB,13.25,20:50:24,2,8,95.63
2026-08-20,HepatitisB,12.09,20:50:54,2,8,95.64
2026-08-20,HepatitisB,13.91,20:51:24,2,8,95.65
2026-08-20,HepatitisB,6.71,20:51:54,2,8,0.0
2026-08-20,HepatitisB,12.46,20:52:24,2,8,95.67
2026-08-20,HepatitisB,14.79,20:52:54,2,8,95.68
2026-08-20,HepatitisB,9.63,20:53:24,2,8,95.69
2026-08-20,HepatitisB,6.02,20:53:54,2,8,0.0
2026-08-20,HepatitisB,7.53,20:54:24,2,8,0.0
2026-08-20,HepatitisB,12.94,20:54:54,2,8,95.72
2026-08-20,HepatitisB,14.13,20:55:24,2,8,95.73
2026-08-20,HepatitisB,5.94,20:55:54,2,8,0.0
2026-08-20,HepatitisB,14.94,20:56:24,2,8,95.76
2026-08-20,HepatitisB,6.23,20:56:54,2,8,0.0
2026-08-20,HepatitisB,17.35,20:57:24,2,8,95.78
2026-08-20,HepatitisB,6.77,20:57:54,2,8,0.0
2026-08-20,HepatitisB,17.59,20:58:24,2,8,95.8
2026-08-20,HepatitisB,15.0,20:58:54,2,8,95.81
2026-08-20,HepatitisB,11.76,20:59:24,2,8,95.82
2026-08-20,HepatitisB,2.33,20:59:54,2,8,0.0
2026-08-20,HepatitisB,12.0,21:00:24,2,8,95.84
2026-08-20,HepatitisB,2.87,21:00:54,2,8,0.0
2026-08-20,HepatitisB,17.78,21:01:24,2,8,95.86
2026-08-20,HepatitisB,2.67,21:01:54,2,8,0.0
2026-08-20,HepatitisB,12.56,21:02:24,2,8,95.89
2026-08-20,HepatitisB,3.27,21:02:54,2,8,0.0
2026-08-20,HepatitisB,17.69,21:03:24,2,8,95.91
2026-08-20,HepatitisB,15.67,21:03:54,2,8,95.92
2026-08-20,HepatitisB,4.04,21:04:24,2,8,0.0
2026-08-20,HepatitisB,4.38,21:04:54,2,8,0.0
2026-08-20,HepatitisB,10.3,21:05:24,2,8,95.95
2026-08-20,HepatitisB,14.91,21:05:54,2,8,95.96
2026-08-20,HepatitisB,13.18,21:06:24,2,8,95.97
2026-08-20,HepatitisB,17.47,21:06:54,2,8,95.98
2026-08-20,HepatitisB,10.68,21:07:24,2,8,95.99
2026-08-20,HepatitisB,13.92,21:07:54,2,8,96.0
2026-08-20,HepatitisB,5.43,21:08:24,2,8,0.0
2026-08-20,HepatitisB,2.74,21:08:54,2,8,0.0
2026-08-20,HepatitisB,12.12,21:09:24,2,8,96.04
2026-08-20,HepatitisB,11.66,21:09:54,2,8,96.05
2026-08-20,HepatitisB,14.93,21:10:24,2,8,96.06
2026-08-20,HepatitisB,14.86,21:10:54,2,8,96.07
2026-08-20,HepatitisB,14.08,21:11:24,2,8,96.08
2026-08-20,HepatitisB,4.1,21:11:54,2,8,0.0
2026-08-20,HepatitisB,12.04,21:12:24,2,8,96.1
2026-08-20,HepatitisB,11.12,21:12:54,2,8,96.11
2026-08-20,HepatitisB,3.84,21:13:24,2,8,0.0
2026-08-20,HepatitisB,13.86,21:13:54,2,8,96.14
2026-08-20,HepatitisB,15.76,21:14:24,2,8,96.15
2026-08-20,HepatitisB,11.83,21:14:54,2,8,96.16
2026-08-20,HepatitisB,14.06,21:15:24,2,8,96.17
2026-08-20,HepatitisB,15.2,21:15:54,2,8,96.18
2026-08-20,HepatitisB,10.27,21:16:24,2,8,96.19
2026-08-20,HepatitisB,6.47,21:16:54,2,8,0.0
2026-08-20,HepatitisB,4.46,21:17:24,2,8,0.0
2026-08-20,HepatitisB,16.94,21:17:54,2,8,96.22
2026-08-20,HepatitisB,5.17,21:18:24,2,8,0.0
2026-08-20,HepatitisB,7.93,21:18:54,2,8,0.0
2026-08-20,HepatitisB,17.75,21:19:24,2,8,96.25
2026-08-20,HepatitisB,17.09,21:19:54,2,8,96.27
2026-08-20,HepatitisB,16.22,21:20:24,2,8,96.28
2026-08-20,HepatitisB,10.76,21:20:54,2,8,96.29
2026-08-20,HepatitisB,16.19,21:21:24,2,8,96.3
2026-08-20,HepatitisB,5.13,21:21:54,2,8,0.0
2026-08-20,HepatitisB,17.79,21:22:24,2,8,96.32
2026-08-20,HepatitisB,12.58,21:22:54,2,8,96.33
2026-08-20,HepatitisB,4.36,21:23:24,2,8,0.0
2026-08-20,HepatitisB,12.12,21:23:54,2,8,96.35
2026-08-20,HepatitisB,14.6,21:24:24,2,8,96.36
2026-08-20,HepatitisB,2.19,21:24:54,2,8,0.0
2026-08-20,HepatitisB,13.68,21:25:24,2,8,96.38
2026-08-20,HepatitisB,17.05,21:25:54,2,8,96.4
2026-08-20,HepatitisB,15.0,21:26:24,2,8,96.41
2026-08-20,HepatitisB,9.69,21:26:54,2,8,96.42
2026-08-20,HepatitisB,2.72,21:27:24,2,8,0.0
2026-08-20,HepatitisB,9.55,21:27:54,2,8,96.44
2026-08-20,HepatitisB,9.36,21:28:24,2,8,96.45
2026-08-20,HepatitisB,2.32,21:28:54,2,8,0.0
2026-08-20,HepatitisB,16.37,21:29:24,2,8,96.47
2026-08-20,HepatitisB,2.38,21:29:54,2,8,0.0
2026-08-20,HepatitisB,14.16,21:30:24,2,8,96.49
2026-08-20,HepatitisB,3.12,21:30:54,2,8,0.0
2026-08-20,HepatitisB,3.57,21:31:24,2,8,0.0
2026-08-20,HepatitisB,15.75,21:31:54,2,8,96.53
2026-08-20,HepatitisB,10.9,21:32:24,2,8,96.54
2026-08-20,HepatitisB,3.25,21:32:54,2,8,0.0
2026-08-20,HepatitisB,12.26,21:33:24,2,8,96.56
2026-08-20,HepatitisB,17.78,21:33:54,2,8,96.57
2026-08-20,HepatitisB,10.79,21:34:24,2,8,96.58
2026-08-20,HepatitisB,13.52,21:34:54,2,8,96.59
2026-08-20,HepatitisB,4.16,21:35:24,2,8,0.0
2026-08-20,HepatitisB,17.39,21:35:54,2,8,96.61
2026-08-20,HepatitisB,4.27,21:36:24,2,8,0.0
2026-08-20,HepatitisB,3.44,21:36:54,2,8,0.0
2026-08-20,HepatitisB,5.15,21:37:24,2,8,0.0
2026-08-20,HepatitisB,14.24,21:37:54,2,8,96.66
2026-08-20,HepatitisB,13.56,21:38:24,2,8,96.67
2026-08-20,HepatitisB,17.33,21:38:54,2,8,96.68
2026-08-20,HepatitisB,10.58,21:39:24,2,8,96.69
2026-08-20,HepatitisB,17.44,21:39:54,2,8,96.7
2026-08-20,HepatitisB,13.36,21:40:24,2,8,96.71
2026-08-20,HepatitisB,7.85,21:40:54,2,8,0.0
2026-08-20,HepatitisB,15.12,21:41:24,2,8,96.73
2026-08-20,HepatitisB,11.25,21:41:54,2,8,96.74
2026-08-20,HepatitisB,2.9,21:42:24,2,8,0.0
2026-08-20,HepatitisB,11.58,21:42:54,2,8,96.76
2026-08-20,HepatitisB,7.71,21:43:24,2,8,0.0
2026-08-20,HepatitisB,12.96,21:43:54,2,8,96.79
2026-08-20,HepatitisB,16.56,21:44:24,2,8,96.8
2026-08-20,HepatitisB,14.36,21:44:54,2,8,96.81
2026-08-20,HepatitisB,15.21,21:45:24,2,8,96.82
2026-08-20,HepatitisB,13.08,21:45:54,2,8,96.83
2026-08-20,HepatitisB,7.66,21:46:24,2,8,0.0
2026-08-20,HepatitisB,4.31,21:46:54,2,8,0.0
2026-08-20,HepatitisB,17.41,21:47:24,2,8,96.86
2026-08-20,HepatitisB,3.65,21:47:54,2,8,0.0
2026-08-20,HepatitisB,5.34,21:48:24,2,8,0.0
2026-08-20,HepatitisB,11.64,21:48:54,2,8,96.89
2026-08-20,HepatitisB,15.46,21:49:24,2,8,96.9
2026-08-20,HepatitisB,16.67,21:49:54,2,8,96.92
2026-08-20,HepatitisB,3.33,21:50:24,2,8,0.0
2026-08-20,HepatitisB,11.78,21:50:54,2,8,96.94
2026-08-20,HepatitisB,14.76,21:51:24,2,8,96.95
2026-08-20,HepatitisB,6.56,21:51:54,2,8,0.0
2026-08-20,HepatitisB,3.71,21:52:24,2,8,0.0
2026-08-20,HepatitisB,9.84,21:52:54,2,8,96.98
2026-08-20,HepatitisB,4.37,21:53:24,2,8,0.0
2026-08-20,HepatitisB,14.8,21:53:54,2,8,97.0
2026-08-20,HepatitisB,10.52,21:54:24,2,8,97.01
2026-08-20,HepatitisB,10.2,21:54:54,2,8,97.02
2026-08-20,HepatitisB,10.79,21:55:24,2,8,97.03
2026-08-20,HepatitisB,9.05,21:55:54,2,8,97.05
2026-08-20,HepatitisB,13.05,21:56:24,2,8,97.06
2026-08-20,HepatitisB,16.24,21:56:54,2,8,97.07
2026-08-20,HepatitisB,11.11,21:57:24,2,8,97.08
2026-08-20,HepatitisB,7.94,21:57:54,2,8,0.0
2026-08-20,HepatitisB,11.18,21:58:24,2,8,97.1
2026-08-20,HepatitisB,16.9,21:58:54,2,8,97.11
2026-08-20,HepatitisB,15.98,21:59:24,2,8,97.12
2026-08-20,HepatitisB,5.86,21:59:54,2,8,0.0
2026-08-20,HepatitisB,10.13,22:00:24,2,8,97.14
2026-08-20,HepatitisB,7.87,22:00:54,2,8,0.0
2026-08-20,HepatitisB,17.38,22:01:24,2,8,97.16
2026-08-20,HepatitisB,3.59,22:01:54,2,8,0.0
2026-08-20,HepatitisB,10.64,22:02:24,2,8,97.19
2026-08-20,HepatitisB,10.21,22:02:54,2,8,97.2
2026-08-20,HepatitisB,17.22,22:03:24,2,8,97.21
2026-08-20,HepatitisB,15.4,22:03:54,2,8,97.22
2026-08-20,HepatitisB,10.13,22:04:24,2,8,97.23
2026-08-20,HepatitisB,16.56,22:04:54,2,8,97.24
2026-08-20,HepatitisB,3.54,22:05:24,2,8,0.0
2026-08-20,HepatitisB,11.37,22:05:54,2,8,97.26
2026-08-20,HepatitisB,4.81,22:06:24,2,8,0.0
2026-08-20,HepatitisB,16.15,22:06:54,2,8,97.28
2026-08-20,HepatitisB,7.18,22:07:24,2,8,0.0
2026-08-20,HepatitisB,7.44,22:07:54,2,8,0.0
2026-08-20,HepatitisB,3.48,22:08:24,2,8,0.0
2026-08-20,HepatitisB,9.87,22:08:54,2,8,97.33
2026-08-20,HepatitisB,15.98,22:09:24,2,8,97.34
2026-08-20,HepatitisB,2.16,22:09:54,2,8,0.0
2026-08-20,HepatitisB,15.76,22:10:24,2,8,97.36
2026-08-20,HepatitisB,15.67,22:10:54,2,8,97.37
2026-08-20,HepatitisB,3.29,22:11:24,2,8,0.0
2026-08-20,HepatitisB,4.71,22:11:54,2,8,0.0
2026-08-20,HepatitisB,13.06,22:12:24,2,8,97.4
2026-08-20,HepatitisB,14.65,22:12:54,2,8,97.41
2026-08-20,HepatitisB,9.03,22:13:24,2,8,97.42
2026-08-20,HepatitisB,5.07,22:13:54,2,8,0.0
2026-08-20,HepatitisB,2.08,22:14:24,2,8,0.0
2026-08-20,HepatitisB,16.34,22:14:54,2,8,97.46
2026-08-20,HepatitisB,13.51,22:15:24,2,8,97.47
2026-08-20,HepatitisB,7.09,22:15:54,2,8,0.0
2026-08-20,HepatitisB,11.08,22:16:24,2,8,97.49
2026-08-20,HepatitisB,6.47,22:16:54,2,8,0.0
2026-08-20,HepatitisB,4.75,22:17:24,2,8,0.0
2026-08-20,HepatitisB,11.74,22:17:54,2,8,97.52
2026-08-20,HepatitisB,17.33,22:18:24,2,8,97.53
2026-08-20,HepatitisB,14.63,22:18:54,2,8,97.54
2026-08-20,HepatitisB,13.31,22:19:24,2,8,97.55
2026-08-20,HepatitisB,16.89,22:19:54,2,8,97.56
2026-08-20,HepatitisB,12.53,22:20:24,2,8,97.58
2026-08-20,HepatitisB,2.05,22:20:54,2,8,0.0
2026-08-20,HepatitisB,9.8,22:21:24,2,8,97.6
2026-08-20,HepatitisB,5.6,22:21:54,2,8,0.0
2026-08-20,HepatitisB,16.94,22:22:24,2,8,97.62
2026-08-20,HepatitisB,6.73,22:22:54,2,8,0.0
2026-08-20,HepatitisB,9.41,22:23:24,2,8,97.64
2026-08-20,HepatitisB,13.73,22:23:54,2,8,97.65
2026-08-20,HepatitisB,9.05,22:24:24,2,8,97.66
2026-08-20,HepatitisB,15.7,22:24:54,2,8,97.67
2026-08-20,HepatitisB,5.42,22:25:24,2,8,0.0
2026-08-20,HepatitisB,2.63,22:25:54,2,8,0.0
2026-08-20,HepatitisB,16.87,22:26:24,2,8,97.71
2026-08-20,HepatitisB,5.67,22:26:54,2,8,0.0
2026-08-20,HepatitisB,14.47,22:27:24,2,8,97.73
2026-08-20,HepatitisB,13.0,22:27:54,2,8,97.74
2026-08-20,HepatitisB,3.13,22:28:24,2,8,0.0
2026-08-20,HepatitisB,12.55,22:28:54,2,8,97.76
2026-08-20,HepatitisB,10.44,22:29:24,2,8,97.77
2026-08-20,HepatitisB,4.68,22:29:54,2,8,0.0
2026-08-20,HepatitisB,3.6,22:30:24,2,8,0.0
2026-08-20,HepatitisB,5.93,22:30:54,2,8,0.0
2026-08-20,HepatitisB,6.94,22:31:24,2,8,0.0
2026-08-20,HepatitisB,16.65,22:31:54,2,8,97.83
2026-08-20,HepatitisB,14.58,22:32:24,2,8,97.84
2026-08-20,HepatitisB,4.28,22:32:54,2,8,0.0
2026-08-20,HepatitisB,6.93,22:33:24,2,8,0.0
2026-08-20,HepatitisB,6.6,22:33:54,2,8,0.0
2026-08-20,HepatitisB,4.07,22:34:24,2,8,0.0
2026-08-20,HepatitisB,12.04,22:34:54,2,8,97.89
2026-08-20,HepatitisB,9.87,22:35:24,2,8,97.9
2026-08-20,HepatitisB,7.2,22:35:54,2,8,0.0
2026-08-20,HepatitisB,16.17,22:36:24,2,8,97.92
2026-08-20,HepatitisB,13.16,22:36:54,2,8,97.93
2026-08-20,HepatitisB,4.33,22:37:24,2,8,0.0
2026-08-20,HepatitisB,7.79,22:37:54,2,8,0.0
2026-08-20,HepatitisB,16.05,22:38:24,2,8,97.97
2026-08-20,HepatitisB,15.76,22:38:54,2,8,97.98
2026-08-20,HepatitisB,6.65,22:39:24,2,8,0.0
2026-08-20,HepatitisB,3.19,22:39:54,2,8,0.0
2026-08-20,HepatitisB,11.01,22:40:24,2,8,98.01
2026-08-20,HepatitisB,4.89,22:40:54,2,8,0.0
2026-08-20,HepatitisB,9.35,22:41:24,2,8,98.03
2026-08-20,HepatitisB,2.89,22:41:54,2,8,0.0
2026-08-20,HepatitisB,17.98,22:42:24,2,8,98.05
2026-08-20,HepatitisB,9.39,22:42:54,2,8,98.06
2026-08-20,HepatitisB,9.41,22:43:24,2,8,98.07
2026-08-20,HepatitisB,4.14,22:43:54,2,8,0.0
2026-08-20,HepatitisB,14.59,22:44:24,2,8,98.1
2026-08-20,HepatitisB,11.84,22:44:54,2,8,98.11
2026-08-20,HepatitisB,14.16,22:45:24,2,8,98.12
2026-08-20,HepatitisB,11.67,22:45:54,2,8,98.13
2026-08-20,HepatitisB,6.97,22:46:24,2,8,0.0
2026-08-20,HepatitisB,13.38,22:46:54,2,8,98.15
2026-08-20,HepatitisB,3.22,22:47:24,2,8,0.0
2026-08-20,HepatitisB,17.84,22:47:54,2,8,98.17
2026-08-20,HepatitisB,17.12,22:48:24,2,8,98.18
2026-08-20,HepatitisB,13.31,22:48:54,2,8,98.19
2026-08-20,HepatitisB,16.48,22:49:24,2,8,98.2
2026-08-20,HepatitisB,15.54,22:49:54,2,8,98.22
2026-08-20,HepatitisB,9.76,22:50:24,2,8,98.23
2026-08-20,HepatitisB,11.53,22:50:54,2,8,98.24
2026-08-20,HepatitisB,9.93,22:51:24,2,8,98.25
2026-08-20,HepatitisB,17.69,22:51:54,2,8,98.26
2026-08-20,HepatitisB,15.04,22:52:24,2,8,98.27
2026-08-20,HepatitisB,15.3,22:52:54,2,8,98.28
2026-08-20,HepatitisB,15.03,22:53:24,2,8,98.29
2026-08-20,HepatitisB,12.98,22:53:54,2,8,98.3
2026-08-20,HepatitisB,10.58,22:54:24,2,8,98.31
2026-08-20,HepatitisB,5.89,22:54:54,2,8,0.0
2026-08-20,HepatitisB,5.84,22:55:24,2,8,0.0
2026-08-20,HepatitisB,15.14,22:55:54,2,8,98.35
2026-08-20,HepatitisB,17.59,22:56:24,2,8,98.36
2026-08-20,HepatitisB,14.09,22:56:54,2,8,98.37
2026-08-20,HepatitisB,16.75,22:57:24,2,8,98.38
2026-08-20,HepatitisB,13.16,22:57:54,2,8,98.39
2026-08-20,HepatitisB,7.89,22:58:24,2,8,0.0
2026-08-20,HepatitisB,13.5,22:58:54,2,8,98.41
2026-08-20,HepatitisB,16.3,22:59:24,2,8,98.42
2026-08-20,HepatitisB,15.87,22:59:54,2,8,98.43
2026-08-20,HepatitisB,3.92,23:00:24,2,8,0.0
2026-08-20,HepatitisB,4.91,23:00:54,2,8,0.0
2026-08-20,HepatitisB,11.61,23:01:24,2,8,98.46
2026-08-20,HepatitisB,15.83,23:01:54,2,8,98.48
2026-08-20,HepatitisB,7.49,23:02:24,2,8,0.0
2026-08-20,HepatitisB,10.95,23:02:54,2,8,98.5
2026-08-20,HepatitisB,11.4,23:03:24,2,8,98.51
2026-08-20,HepatitisB,7.88,23:03:54,2,8,0.0
2026-08-20,HepatitisB,16.44,23:04:24,2,8,98.53
2026-08-20,HepatitisB,13.5,23:04:54,2,8,98.54
2026-08-20,HepatitisB,17.89,23:05:24,2,8,98.55
2026-08-20,HepatitisB,14.81,23:05:54,2,8,98.56
2026-08-20,HepatitisB,4.6,23:06:24,2,8,0.0
2026-08-20,HepatitisB,5.87,23:06:54,2,8,0.0
2026-08-20,HepatitisB,16.5,23:07:24,2,8,98.59
2026-08-20,HepatitisB,4.14,23:07:54,2,8,0.0
2026-08-20,HepatitisB,6.17,23:08:24,2,8,0.0
2026-08-20,HepatitisB,15.54,23:08:54,2,8,98.63
2026-08-20,HepatitisB,5.93,23:09:24,2,8,0.0
2026-08-20,HepatitisB,16.11,23:09:54,2,8,98.65
2026-08-20,HepatitisB,3.52,23:10:24,2,8,0.0
2026-08-20,HepatitisB,10.96,23:10:54,2,8,98.67
2026-08-20,HepatitisB,12.05,23:11:24,2,8,98.68
2026-08-20,HepatitisB,16.83,23:11:54,2,8,98.69
2026-08-20,HepatitisB,13.33,23:12:24,2,8,98.7
2026-08-20,HepatitisB,12.77,23:12:54,2,8,98.71
2026-08-20,HepatitisB,15.69,23:13:24,2,8,98.72
2026-08-20,HepatitisB,16.41,23:13:54,2,8,98.74
2026-08-20,HepatitisB,14.45,23:14:24,2,8,98.75
2026-08-20,HepatitisB,15.05,23:14:54,2,8,98.76
2026-08-20,HepatitisB,15.09,23:15:24,2,8,98.77
2026-08-20,HepatitisB,2.33,23:15:54,2,8,0.0
2026-08-20,HepatitisB,6.14,23:16:24,2,8,0.0
2026-08-20,HepatitisB,9.18,23:16:54,2,8,98.8
2026-08-20,HepatitisB,11.39,23:17:24,2,8,98.81
2026-08-20,HepatitisB,16.39,23:17:54,2,8,98.82
2026-08-20,HepatitisB,2.15,23:18:24,2,8,0.0
2026-08-20,HepatitisB,4.07,23:18:54,2,8,0.0
2026-08-20,HepatitisB,7.17,23:19:24,2,8,0.0
2026-08-20,HepatitisB,14.09,23:19:54,2,8,98.86
2026-08-20,HepatitisB,13.02,23:20:24,2,8,98.88
2026-08-20,HepatitisB,10.94,23:20:54,2,8,98.89
2026-08-20,HepatitisB,9.67,23:21:24,2,8,98.9
2026-08-20,HepatitisB,17.2,23:21:54,2,8,98.91
2026-08-20,HepatitisB,7.18,23:22:24,2,8,0.0
2026-08-20,HepatitisB,9.82,23:22:54,2,8,98.93
2026-08-20,HepatitisB,12.39,23:23:24,2,8,98.94
2026-08-20,HepatitisB,9.48,23:23:54,2,8,98.95
2026-08-20,HepatitisB,7.6,23:24:24,2,8,0.0
2026-08-20,HepatitisB,10.69,23:24:54,2,8,98.97
2026-08-20,HepatitisB,12.29,23:25:24,2,8,98.98
2026-08-20,HepatitisB,9.8,23:25:54,2,8,99.0
2026-08-20,HepatitisB,13.58,23:26:24,2,8,99.01
2026-08-20,HepatitisB,9.22,23:26:54,2,8,99.02
2026-08-20,HepatitisB,10.92,23:27:24,2,8,99.03
2026-08-20,HepatitisB,6.11,23:27:54,2,8,0.0
2026-08-20,HepatitisB,5.12,23:28:24,2,8,0.0
2026-08-20,HepatitisB,10.28,23:28:54,2,8,99.06
2026-08-20,HepatitisB,11.81,23:29:24,2,8,99.07
2026-08-20,HepatitisB,5.57,23:29:54,2,8,0.0
2026-08-20,HepatitisB,2.34,23:30:24,2,8,0.0
2026-08-20,HepatitisB,13.44,23:30:54,2,8,99.1
2026-08-20,HepatitisB,6.74,23:31:24,2,8,0.0
2026-08-20,HepatitisB,6.2,23:31:54,2,8,0.0
2026-08-20,HepatitisB,7.54,23:32:24,2,8,0.0
2026-08-20,HepatitisB,5.23,23:32:54,2,8,0.0
2026-08-20,HepatitisB,5.05,23:33:24,2,8,0.0
2026-08-20,HepatitisB,6.31,23:33:54,2,8,0.0
2026-08-20,HepatitisB,9.79,23:34:24,2,8,99.18
2026-08-20,HepatitisB,11.25,23:34:54,2,8,99.19
2026-08-20,HepatitisB,3.5,23:35:24,2,8,0.0
2026-08-20,HepatitisB,9.14,23:35:54,2,8,99.21
2026-08-20,HepatitisB,9.56,23:36:24,2,8,99.22
2026-08-20,HepatitisB,2.62,23:36:54,2,8,0.0
2026-08-20,HepatitisB,9.44,23:37:24,2,8,99.24
2026-08-20,HepatitisB,7.2,23:37:54,2,8,0.0
2026-08-20,HepatitisB,7.56,23:38:24,2,8,0.0
2026-08-20,HepatitisB,15.62,23:38:54,2,8,99.28
2026-08-20,HepatitisB,14.05,23:39:24,2,8,99.29
2026-08-20,HepatitisB,10.13,23:39:54,2,8,99.3
2026-08-20,HepatitisB,10.46,23:40:24,2,8,99.31
2026-08-20,HepatitisB,9.86,23:40:54,2,8,99.32
2026-08-20,HepatitisB,16.86,23:41:24,2,8,99.33
2026-08-20,HepatitisB,14.66,23:41:54,2,8,99.34
2026-08-20,HepatitisB,11.01,23:42:24,2,8,99.35
2026-08-20,HepatitisB,17.9,23:42:54,2,8,99.36
2026-08-20,HepatitisB,2.04,23:43:24,2,8,0.0
2026-08-20,HepatitisB,6.78,23:43:54,2,8,0.0
2026-08-20,HepatitisB,16.01,23:44:24,2,8,99.4
2026-08-20,HepatitisB,5.44,23:44:54,2,8,0.0
2026-08-20,HepatitisB,9.89,23:45:24,2,8,99.42
2026-08-20,HepatitisB,9.54,23:45:54,2,8,99.43
2026-08-20,HepatitisB,14.02,23:46:24,2,8,99.44
2026-08-20,HepatitisB,9.38,23:46:54,2,8,99.45
2026-08-20,HepatitisB,3.02,23:47:24,2,8,0.0
2026-08-20,HepatitisB,5.69,23:47:54,2,8,0.0
2026-08-20,HepatitisB,17.35,23:48:24,2,8,99.48
2026-08-20,HepatitisB,4.64,23:48:54,2,8,0.0
2026-08-20,HepatitisB,10.46,23:49:24,2,8,99.5
2026-08-20,HepatitisB,15.45,23:49:54,2,8,99.52
2026-08-20,HepatitisB,17.91,23:50:24,2,8,99.53
2026-08-20,HepatitisB,14.78,23:50:54,2,8,99.54
2026-08-20,HepatitisB,11.94,23:51:24,2,8,99.55
2026-08-20,HepatitisB,7.79,23:51:54,2,8,0.0
2026-08-20,HepatitisB,14.99,23:52:24,2,8,99.57
2026-08-20,HepatitisB,4.23,23:52:54,2,8,0.0
2026-08-20,HepatitisB,14.83,23:53:24,2,8,99.59
2026-08-20,HepatitisB,4.02,23:53:54,2,8,0.0
2026-08-20,HepatitisB,2.52,23:54:24,2,8,0.0
2026-08-20,HepatitisB,3.19,23:54:54,2,8,0.0
2026-08-20,HepatitisB,10.34,23:55:24,2,8,99.63
2026-08-20,HepatitisB,7.46,23:55:54,2,8,0.0
2026-08-20,HepatitisB,3.58,23:56:24,2,8,0.0
2026-08-20,HepatitisB,12.1,23:56:54,2,8,99.67
2026-08-20,HepatitisB,6.06,23:57:24,2,8,0.0
2026-08-20,HepatitisB,16.26,23:57:54,2,8,99.69
2026-08-20,HepatitisB,2.93,23:58:24,2,8,0.0
2026-08-20,HepatitisB,12.22,23:58:54,2,8,99.71
2026-08-20,HepatitisB,13.77,23:59:24,2,8,99.72
2026-08-20,HepatitisB,3.85,23:59:54,2,8,0.0
2026-08-20,HepatitisB,9.13,00:00:24,2,8,99.74
2026-08-20,HepatitisB,9.73,00:00:54,2,8,99.75
2026-08-20,HepatitisB,6.79,00:01:24,2,8,0.0
2026-08-20,HepatitisB,2.75,00:01:54,2,8,0.0
2026-08-20,HepatitisB,7.98,00:02:24,2,8,0.0
2026-08-20,HepatitisB,6.13,00:02:54,2,8,0.0
2026-08-20,HepatitisB,3.66,00:03:24,2,8,0.0
2026-08-20,HepatitisB,10.23,00:03:54,2,8,99.82
2026-08-20,HepatitisB,17.23,00:04:24,2,8,99.83
2026-08-20,HepatitisB,7.3,00:04:54,2,8,0.0
2026-08-20,HepatitisB,12.74,00:05:24,2,8,99.85
2026-08-20,HepatitisB,9.28,00:05:54,2,8,99.86
2026-08-20,HepatitisB,10.3,00:06:24,2,8,99.87
2026-08-20,HepatitisB,11.2,00:06:54,2,8,99.88
2026-08-20,HepatitisB,3.41,00:07:24,2,8,0.0
2026-08-20,HepatitisB,5.1,00:07:54,2,8,0.0
2026-08-20,HepatitisB,11.63,00:08:24,2,8,99.92
2026-08-20,HepatitisB,9.53,00:08:54,2,8,99.93
2026-08-20,HepatitisB,10.19,00:09:24,2,8,99.94
2026-08-20,HepatitisB,10.31,00:09:54,2,8,99.95
2026-08-20,HepatitisB,16.95,00:10:24,2,8,99.96
2026-08-20,HepatitisB,3.99,00:10:54,2,8,0.0
2026-08-20,HepatitisB,9.21,00:11:24,2,8,99.98
2026-08-20,HepatitisB,11.61,00:11:54,2,8,99.99
2026-08-20,HepatitisB,9.3,00:12:24,2,8,100.0
2026-08-20,HepatitisB,3.43,00:12:54,2,8,0.0
2026-08-20,HepatitisB,14.03,00:13:24,2,8,100.02
2026-08-20,HepatitisB,16.7,00:13:54,2,8,100.04
2026-08-20,HepatitisB,16.88,00:14:24,2,8,100.05
2026-08-20,HepatitisB,7.26,00:14:54,2,8,0.0
2026-08-20,HepatitisB,2.11,00:15:24,2,8,0.0
2026-08-20,HepatitisB,10.88,00:15:54,2,8,100.08
2026-08-20,HepatitisB,15.27,00:16:24,2,8,100.09
2026-08-20,HepatitisB,15.06,00:16:54,2,8,100.1
2026-08-20,HepatitisB,12.13,00:17:24,2,8,100.11
2026-08-20,HepatitisB,12.1,00:17:54,2,8,100.12
2026-08-20,HepatitisB,11.2,00:18:24,2,8,100.13
2026-08-20,HepatitisB,12.52,00:18:54,2,8,100.14
2026-08-20,HepatitisB,15.97,00:19:24,2,8,100.15
2026-08-20,HepatitisB,15.68,00:19:54,2,8,100.17
2026-08-20,HepatitisB,15.91,00:20:24,2,8,100.18
2026-08-20,HepatitisB,6.23,00:20:54,2,8,0.0
2026-08-20,HepatitisB,14.05,00:21:24,2,8,100.2
2026-08-20,HepatitisB,6.24,00:21:54,2,8,0.0
2026-08-20,HepatitisB,12.32,00:22:24,2,8,100.22
2026-08-20,HepatitisB,11.5,00:22:54,2,8,100.23
2026-08-20,HepatitisB,16.95,00:23:24,2,8,100.24
2026-08-20,HepatitisB,14.74,00:23:54,2,8,100.25
2026-08-20,HepatitisB,9.05,00:24:24,2,8,100.26
2026-08-20,HepatitisB,3.74,00:24:54,2,8,0.0
2026-08-20,HepatitisB,4.3,00:25:24,2,8,0.0
2026-08-20,HepatitisB,16.93,00:25:54,2,8,100.3
2026-08-20,HepatitisB,16.16,00:26:24,2,8,100.31
2026-08-20,HepatitisB,12.32,00:26:54,2,8,100.32
2026-08-20,HepatitisB,16.26,00:27:24,2,8,100.33
2026-08-20,HepatitisB,14.91,00:27:54,2,8,100.34
2026-08-20,HepatitisB,2.5,00:28:24,2,8,0.0
2026-08-20,HepatitisB,4.29,00:28:54,2,8,0.0
2026-08-20,HepatitisB,17.02,00:29:24,2,8,100.37
2026-08-20,HepatitisB,14.13,00:29:54,2,8,100.38
2026-08-20,HepatitisB,15.82,00:30:24,2,8,100.39
2026-08-20,HepatitisB,11.87,00:30:54,2,8,100.4
2026-08-20,HepatitisB,10.89,00:31:24,2,8,100.41
2026-08-20,HepatitisB,12.81,00:31:54,2,8,100.42
2026-08-20,HepatitisB,4.19,00:32:24,2,8,0.0
2026-08-20,HepatitisB,14.28,00:32:54,2,8,100.45
2026-08-20,HepatitisB,4.87,00:33:24,2,8,0.0
2026-08-20,HepatitisB,9.69,00:33:54,2,8,100.47
2026-08-20,HepatitisB,12.89,00:34:24,2,8,100.48
2026-08-20,HepatitisB,15.19,00:34:54,2,8,100.49
2026-08-20,HepatitisB,16.19,00:35:24,2,8,100.5
2026-08-20,HepatitisB,11.01,00:35:54,2,8,100.51
2026-08-20,HepatitisB,10.96,00:36:24,2,8,100.52
2026-08-20,HepatitisB,12.82,00:36:54,2,8,100.53
2026-08-20,HepatitisB,9.91,00:37:24,2,8,100.54
2026-08-20,HepatitisB,5.28,00:37:54,2,8,0.0
2026-08-20,HepatitisB,17.11,00:38:24,2,8,100.57
2026-08-20,HepatitisB,16.59,00:38:54,2,8,100.58
2026-08-20,HepatitisB,13.13,00:39:24,2,8,100.59
2026-08-20,HepatitisB,10.56,00:39:54,2,8,100.6
2026-08-20,HepatitisB,16.89,00:40:24,2,8,100.61
2026-08-20,HepatitisB,5.5,00:40:54,2,8,0.0
2026-08-20,HepatitisB,6.2,00:41:24,2,8,0.0
2026-08-20,HepatitisB,14.79,00:41:54,2,8,100.64
2026-08-20,HepatitisB,5.39,00:42:24,2,8,0.0
2026-08-20,HepatitisB,16.58,00:42:54,2,8,100.66
2026-08-20,HepatitisB,4.16,00:43:24,2,8,0.0
2026-08-20,HepatitisB,6.92,00:43:54,2,8,0.0
2026-08-20,HepatitisB,15.95,00:44:24,2,8,100.7
2026-08-20,HepatitisB,17.18,00:44:54,2,8,100.71
2026-08-20,HepatitisB,14.13,00:45:24,2,8,100.72
2026-08-20,HepatitisB,5.83,00:45:54,2,8,0.0
2026-08-20,HepatitisB,5.75,00:46:24,2,8,0.0
2026-08-20,HepatitisB,14.82,00:46:54,2,8,100.75
2026-08-20,HepatitisB,15.77,00:47:24,2,8,100.76
2026-08-20,HepatitisB,6.88,00:47:54,2,8,0.0
2026-08-20,HepatitisB,10.43,00:48:24,2,8,100.78
2026-08-20,HepatitisB,14.86,00:48:54,2,8,100.79
2026-08-20,HepatitisB,6.3,00:49:24,2,8,0.0
2026-08-20,HepatitisB,17.69,00:49:54,2,8,100.81
2026-08-20,HepatitisB,7.03,00:50:24,2,8,0.0
2026-08-20,HepatitisB,5.57,00:50:54,2,8,0.0
2026-08-20,HepatitisB,6.59,00:51:24,2,8,0.0
2026-08-20,HepatitisB,4.87,00:51:54,2,8,0.0
2026-08-20,HepatitisB,13.39,00:52:24,2,8,100.87
2026-08-20,HepatitisB,15.78,00:52:54,2,8,100.88
2026-08-20,HepatitisB,4.8,00:53:24,2,8,0.0
2026-08-20,HepatitisB,14.92,00:53:54,2,8,100.9
2026-08-20,HepatitisB,9.61,00:54:24,2,8,100.91
2026-08-20,HepatitisB,5.85,00:54:54,2,8,0.0
2026-08-20,HepatitisB,12.71,00:55:24,2,8,100.93
2026-08-20,HepatitisB,4.1,00:55:54,2,8,0.0
2026-08-20,HepatitisB,17.16,00:56:24,2,8,100.96
2026-08-20,HepatitisB,9.98,00:56:54,2,8,100.97
2026-08-20,HepatitisB,4.4,00:57:24,2,8,0.0
2026-08-20,HepatitisB,11.45,00:57:54,2,8,100.99
2026-08-20,HepatitisB,17.07,00:58:24,2,8,101.0
2026-08-20,HepatitisB,13.43,00:58:54,2,8,101.01
2026-08-20,HepatitisB,14.66,00:59:24,2,8,101.02
2026-08-20,HepatitisB,13.6,00:59:54,2,8,101.03
2026-08-20,HepatitisB,14.66,01:00:24,2,8,101.04
2026-08-20,HepatitisB,17.72,01:00:54,2,8,101.05
2026-08-20,HepatitisB,5.68,01:01:24,2,8,0.0
2026-08-20,HepatitisB,13.48,01:01:54,2,8,101.08
2026-08-20,HepatitisB,15.26,01:02:24,2,8,101.09
2026-08-20,HepatitisB,5.88,01:02:54,2,8,0.0
2026-08-20,HepatitisB,4.76,01:03:24,2,8,0.0
2026-08-20,HepatitisB,12.42,01:03:54,2,8,101.12
2026-08-20,HepatitisB,2.68,01:04:24,2,8,0.0
2026-08-20,HepatitisB,11.15,01:04:54,2,8,101.14
2026-08-20,HepatitisB,14.9,01:05:24,2,8,101.15
2026-08-20,HepatitisB,14.62,01:05:54,2,8,101.16
2026-08-20,HepatitisB,16.69,01:06:24,2,8,101.17
2026-08-20,HepatitisB,11.46,01:06:54,2,8,101.18
2026-08-20,HepatitisB,10.88,01:07:24,2,8,101.19
2026-08-20,HepatitisB,14.37,01:07:54,2,8,101.2
2026-08-20,HepatitisB,14.58,01:08:24,2,8,101.22
2026-08-20,HepatitisB,15.2,01:08:54,2,8,101.23
2026-08-20,HepatitisB,14.85,01:09:24,2,8,101.24
2026-08-20,HepatitisB,15.88,01:09:54,2,8,101.25
2026-08-20,HepatitisB,2.5,01:10:24,2,8,0.0
2026-08-20,HepatitisB,9.17,01:10:54,2,8,101.27
2026-08-20,HepatitisB,7.94,01:11:24,2,8,0.0
2026-08-20,HepatitisB,16.51,01:11:54,2,8,101.29
2026-08-20,HepatitisB,13.33,01:12:24,2,8,101.3
2026-08-20,HepatitisB,9.19,01:12:54,2,8,101.31
2026-08-20,HepatitisB,5.13,01:13:24,2,8,0.0
2026-08-20,HepatitisB,17.44,01:13:54,2,8,101.34
2026-08-20,HepatitisB,11.27,01:14:24,2,8,101.35
2026-08-20,HepatitisB,7.64,01:14:54,2,8,0.0
2026-08-20,HepatitisB,15.88,01:15:24,2,8,101.37
2026-08-20,HepatitisB,15.34,01:15:54,2,8,101.38
2026-08-20,HepatitisB,7.17,01:16:24,2,8,0.0
2026-08-20,HepatitisB,2.18,01:16:54,2,8,0.0
2026-08-20,HepatitisB,6.73,01:17:24,2,8,0.0
2026-08-20,HepatitisB,12.05,01:17:54,2,8,101.42
2026-08-20,HepatitisB,5.09,01:18:24,2,8,0.0
2026-08-20,HepatitisB,9.96,01:18:54,2,8,101.44
2026-08-20,HepatitisB,16.48,01:19:24,2,8,101.45
2026-08-20,HepatitisB,12.88,01:19:54,2,8,101.47
2026-08-20,HepatitisB,15.14,01:20:24,2,8,101.48
2026-08-20,HepatitisB,4.09,01:20:54,2,8,0.0
2026-08-20,HepatitisB,11.91,01:21:24,2,8,101.5
2026-08-20,HepatitisB,9.6,01:21:54,2,8,101.51
2026-08-20,HepatitisB,2.52,01:22:24,2,8,0.0
2026-08-20,HepatitisB,10.71,01:22:54,2,8,101.53
2026-08-20,HepatitisB,6.45,01:23:24,2,8,0.0
2026-08-20,HepatitisB,4.55,01:23:54,2,8,0.0
2026-08-20,HepatitisB,12.14,01:24:24,2,8,101.56
2026-08-20,HepatitisB,13.25,01:24:54,2,8,101.57
2026-08-20,HepatitisB,7.55,01:25:24,2,8,0.0
2026-08-20,HepatitisB,15.06,01:25:54,2,8,101.6
2026-08-20,HepatitisB,2.35,01:26:24,2,8,0.0
2026-08-20,HepatitisB,16.83,01:26:54,2,8,101.62
2026-08-20,HepatitisB,5.29,01:27:24,2,8,0.0
2026-08-20,HepatitisB,11.78,01:27:54,2,8,101.64
2026-08-20,HepatitisB,13.16,01:28:24,2,8,101.65
2026-08-20,HepatitisB,7.55,01:28:54,2,8,0.0
2026-08-20,HepatitisB,13.62,01:29:24,2,8,101.67
2026-08-20,HepatitisB,17.44,01:29:54,2,8,101.68
2026-08-20,HepatitisB,17.63,01:30:24,2,8,101.69
2026-08-20,HepatitisB,5.21,01:30:54,2,8,0.0
2026-08-20,HepatitisB,11.67,01:31:24,2,8,101.71
2026-08-20,HepatitisB,2.03,01:31:54,2,8,0.0
2026-08-20,HepatitisB,13.71,01:32:24,2,8,101.74
2026-08-20,HepatitisB,9.36,01:32:54,2,8,101.75
2026-08-20,HepatitisB,15.73,01:33:24,2,8,101.76
2026-08-20,HepatitisB,9.13,01:33:54,2,8,101.77
2026-08-20,HepatitisB,11.08,01:34:24,2,8,101.78
2026-08-20,HepatitisB,13.37,01:34:54,2,8,101.79
2026-08-20,HepatitisB,17.48,01:35:24,2,8,101.8
2026-08-20,HepatitisB,13.02,01:35:54,2,8,101.81
2026-08-20,HepatitisB,9.9,01:36:24,2,8,101.82
2026-08-20,HepatitisB,15.77,01:36:54,2,8,101.83
2026-08-20,HepatitisB,5.81,01:37:24,2,8,0.0
2026-08-20,HepatitisB,12.29,01:37:54,2,8,101.85
2026-08-20,HepatitisB,10.83,01:38:24,2,8,101.87
2026-08-20,HepatitisB,12.7,01:38:54,2,8,101.88
2026-08-20,HepatitisB,7.74,01:39:24,2,8,0.0
2026-08-20,HepatitisB,11.71,01:39:54,2,8,101.9
2026-08-20,HepatitisB,15.05,01:40:24,2,8,101.91
2026-08-20,HepatitisB,4.76,01:40:54,2,8,0.0
2026-08-20,HepatitisB,17.82,01:41:24,2,8,101.93
2026-08-20,HepatitisB,6.55,01:41:54,2,8,0.0
2026-08-20,HepatitisB,5.43,01:42:24,2,8,0.0
2026-08-20,HepatitisB,12.7,01:42:54,2,8,101.96
2026-08-20,HepatitisB,2.12,01:43:24,2,8,0.0
2026-08-20,HepatitisB,2.09,01:43:54,2,8,0.0
2026-08-20,HepatitisB,2.01,01:44:24,2,8,0.0
2026-08-20,HepatitisB,14.9,01:44:54,2,8,102.01
2026-08-20,HepatitisB,11.17,01:45:24,2,8,102.02
2026-08-20,HepatitisB,9.14,01:45:54,2,8,102.03
2026-08-20,HepatitisB,5.83,01:46:24,2,8,0.0
2026-08-20,HepatitisB,3.52,01:46:54,2,8,0.0
2026-08-20,HepatitisB,11.15,01:47:24,2,8,102.06
2026-08-20,HepatitisB,12.46,01:47:54,2,8,102.07
2026-08-20,HepatitisB,16.66,01:48:24,2,8,102.08
2026-08-20,HepatitisB,7.89,01:48:54,2,8,0.0
2026-08-20,HepatitisB,3.92,01:49:24,2,8,0.0
2026-08-20,HepatitisB,11.24,01:49:54,2,8,102.11
2026-08-20,HepatitisB,10.08,01:50:24,2,8,102.13
2026-08-20,HepatitisB,10.67,01:50:54,2,8,102.14
2026-08-20,HepatitisB,10.41,01:51:24,2,8,102.15
2026-08-20,HepatitisB,12.74,01:51:54,2,8,102.16
2026-08-20,HepatitisB,12.57,01:52:24,2,8,102.17
2026-08-20,HepatitisB,17.77,01:52:54,2,8,102.18
2026-08-20,HepatitisB,3.79,01:53:24,2,8,0.0
2026-08-20,HepatitisB,15.38,01:53:54,2,8,102.2
2026-08-20,HepatitisB,12.52,01:54:24,2,8,102.21
2026-08-20,HepatitisB,4.63,01:54:54,2,8,0.0
2026-08-20,HepatitisB,5.53,01:55:24,2,8,0.0
2026-08-20,HepatitisB,3.69,01:55:54,2,8,0.0
2026-08-20,HepatitisB,3.67,01:56:24,2,8,0.0
2026-08-20,HepatitisB,9.6,01:56:54,2,8,102.27
2026-08-20,HepatitisB,12.21,01:57:24,2,8,102.28
2026-08-20,HepatitisB,10.19,01:57:54,2,8,102.29
2026-08-20,HepatitisB,16.95,01:58:24,2,8,102.3
2026-08-20,HepatitisB,15.06,01:58:54,2,8,102.31
2026-08-20,HepatitisB,5.77,01:59:24,2,8,0.0
2026-08-20,HepatitisB,14.73,01:59:54,2,8,102.33
2026-08-20,HepatitisB,11.69,02:00:24,2,8,102.34
2026-08-20,HepatitisB,7.46,02:00:54,2,8,0.0
2026-08-20,HepatitisB,15.72,02:01:24,2,8,102.36
2026-08-20,HepatitisB,9.61,02:01:54,2,8,102.38
2026-08-20,HepatitisB,10.4,02:02:24,2,8,102.39
2026-08-20,HepatitisB,15.6,02:02:54,2,8,102.4
2026-08-20,HepatitisB,14.18,02:03:24,2,8,102.41
2026-08-20,HepatitisB,10.45,02:03:54,2,8,102.42
2026-08-20,HepatitisB,2.2,02:04:24,2,8,0.0
2026-08-20,HepatitisB,4.46,02:04:54,2,8,0.0
2026-08-20,HepatitisB,5.7,02:05:24,2,8,0.0
2026-08-20,HepatitisB,9.33,02:05:54,2,8,102.46
2026-08-20,HepatitisB,3.84,02:06:24,2,8,0.0
2026-08-20,HepatitisB,5.92,02:06:54,2,8,0.0
2026-08-20,HepatitisB,7.7,02:07:24,2,8,0.0
2026-08-20,HepatitisB,2.39,02:07:54,2,8,0.0
2026-08-20,HepatitisB,11.64,02:08:24,2,8,102.52
2026-08-20,HepatitisB,10.23,02:08:54,2,8,102.53
2026-08-20,HepatitisB,14.6,02:09:24,2,8,102.54
2026-08-20,HepatitisB,7.61,02:09:54,2,8,0.0
2026-08-20,HepatitisB,17.93,02:10:24,2,8,102.56
2026-08-20,HepatitisB,4.28,02:10:54,2,8,0.0
2026-08-20,HepatitisB,12.0,02:11:24,2,8,102.58
2026-08-20,HepatitisB,7.55,02:11:54,2,8,0.0
2026-08-20,HepatitisB,16.41,02:12:24,2,8,102.6
2026-08-20,HepatitisB,6.21,02:12:54,2,8,0.0
2026-08-20,HepatitisB,13.13,02:13:24,2,8,102.62
2026-08-20,HepatitisB,11.23,02:13:54,2,8,102.64
2026-08-20,HepatitisB,15.31,02:14:24,2,8,102.65
2026-08-20,HepatitisB,2.55,02:14:54,2,8,0.0
2026-08-20,HepatitisB,14.36,02:15:24,2,8,102.67
2026-08-20,HepatitisB,5.68,02:15:54,2,8,0.0
2026-08-20,HepatitisB,7.85,02:16:24,2,8,0.0
2026-08-20,HepatitisB,6.4,02:16:54,2,8,0.0
2026-08-20,HepatitisB,5.3,02:17:24,2,8,0.0
2026-08-20,HepatitisB,14.19,02:17:54,2,8,102.72
2026-08-20,HepatitisB,11.45,02:18:24,2,8,102.73
2026-08-20,HepatitisB,4.88,02:18:54,2,8,0.0
2026-08-20,HepatitisB,6.52,02:19:24,2,8,0.0
2026-08-20,HepatitisB,11.8,02:19:54,2,8,102.77
2026-08-20,HepatitisB,2.35,02:20:24,2,8,0.0
2026-08-20,HepatitisB,15.71,02:20:54,2,8,102.79
2026-08-20,HepatitisB,10.75,02:21:24,2,8,102.8
2026-08-20,HepatitisB,4.99,02:21:54,2,8,0.0
2026-08-20,HepatitisB,9.34,02:22:24,2,8,102.82
2026-08-20,HepatitisB,7.62,02:22:54,2,8,0.0
2026-08-20,HepatitisB,13.2,02:23:24,2,8,102.84
2026-08-20,HepatitisB,16.45,02:23:54,2,8,102.85
2026-08-20,HepatitisB,6.38,02:24:24,2,8,0.0
2026-08-20,HepatitisB,14.47,02:24:54,2,8,102.87
2026-08-20,HepatitisB,4.28,02:25:24,2,8,0.0
2026-08-20,HepatitisB,13.66,02:25:54,2,8,102.9
2026-08-20,HepatitisB,14.59,02:26:24,2,8,102.91
2026-08-20,HepatitisB,17.81,02:26:54,2,8,102.92
2026-08-20,HepatitisB,14.09,02:27:24,2,8,102.93
2026-08-20,HepatitisB,15.3,02:27:54,2,8,102.94
2026-08-20,HepatitisB,5.76,02:28:24,2,8,0.0
2026-08-20,HepatitisB,7.86,02:28:54,2,8,0.0
2026-08-20,HepatitisB,12.16,02:29:24,2,8,102.97
2026-08-20,HepatitisB,2.51,02:29:54,2,8,0.0
2026-08-20,HepatitisB,3.3,02:30:24,2,8,0.0
2026-08-20,HepatitisB,2.14,02:30:54,2,8,0.0
2026-08-20,HepatitisB,13.48,02:31:24,2,8,103.01
2026-08-20,HepatitisB,7.81,02:31:54,2,8,0.0
2026-08-20,HepatitisB,4.52,02:32:24,2,8,0.0
2026-08-20,HepatitisB,17.5,02:32:54,2,8,103.05
2026-08-20,HepatitisB,2.13,02:33:24,2,8,0.0
2026-08-20,HepatitisB,13.14,02:33:54,2,8,103.07
2026-08-20,HepatitisB,2.48,02:34:24,2,8,0.0
2026-08-20,HepatitisB,10.21,02:34:54,2,8,103.09
2026-08-20,HepatitisB,12.2,02:35:24,2,8,103.1
2026-08-20,HepatitisB,14.74,02:35:54,2,8,103.11
2026-08-20,HepatitisB,6.19,02:36:24,2,8,0.0
2026-08-20,HepatitisB,11.26,02:36:54,2,8,103.13
2026-08-20,HepatitisB,7.01,02:37:24,2,8,0.0
2026-08-20,HepatitisB,5.81,02:37:54,2,8,0.0
2026-08-20,HepatitisB,6.87,02:38:24,2,8,0.0
2026-08-20,HepatitisB,11.06,02:38:54,2,8,103.18
2026-08-20,HepatitisB,11.47,02:39:24,2,8,103.19
2026-08-20,HepatitisB,10.69,02:39:54,2,8,103.2
2026-08-20,HepatitisB,12.83,02:40:24,2,8,103.21
2026-08-20,HepatitisB,7.68,02:40:54,2,8,0.0
2026-08-20,HepatitisB,10.34,02:41:24,2,8,103.23
2026-08-20,HepatitisB,12.91,02:41:54,2,8,103.24
2026-08-20,HepatitisB,12.86,02:42:24,2,8,103.25
2026-08-20,HepatitisB,12.22,02:42:54,2,8,103.26
2026-08-20,HepatitisB,16.77,02:43:24,2,8,103.27
2026-08-20,HepatitisB,2.27,02:43:54,2,8,0.0
2026-08-20,HepatitisB,10.65,02:44:24,2,8,103.3
2026-08-20,HepatitisB,13.1,02:44:54,2,8,103.31
2026-08-20,HepatitisB,2.54,02:45:24,2,8,0.0
2026-08-20,HepatitisB,13.36,02:45:54,2,8,103.33
2026-08-20,HepatitisB,7.09,02:46:24,2,8,0.0
2026-08-20,HepatitisB,15.44,02:46:54,2,8,103.35
2026-08-20,HepatitisB,13.77,02:47:24,2,8,103.36
2026-08-20,HepatitisB,7.3,02:47:54,2,8,0.0
2026-08-20,HepatitisB,17.65,02:48:24,2,8,103.38
2026-08-20,HepatitisB,4.11,02:48:54,2,8,0.0
2026-08-20,HepatitisB,11.12,02:49:24,2,8,103.4
2026-08-20,HepatitisB,4.18,02:49:54,2,8,0.0
2026-08-20,HepatitisB,3.27,02:50:24,2,8,0.0
2026-08-20,HepatitisB,6.46,02:50:54,2,8,0.0
2026-08-20,HepatitisB,11.93,02:51:24,2,8,103.45
2026-08-20,HepatitisB,6.24,02:51:54,2,8,0.0
2026-08-20,HepatitisB,12.37,02:52:24,2,8,103.47
2026-08-20,HepatitisB,11.55,02:52:54,2,8,103.48
2026-08-20,HepatitisB,3.76,02:53:24,2,8,0.0
2026-08-20,HepatitisB,7.19,02:53:54,2,8,0.0
2026-08-20,HepatitisB,3.71,02:54:24,2,8,0.0
2026-08-20,HepatitisB,11.01,02:54:54,2,8,103.52
2026-08-20,HepatitisB,5.78,02:55:24,2,8,0.0
2026-08-20,HepatitisB,12.9,02:55:54,2,8,103.55
2026-08-20,HepatitisB,5.32,02:56:24,2,8,0.0
2026-08-20,HepatitisB,14.57,02:56:54,2,8,103.57
2026-08-20,HepatitisB,5.53,02:57:24,2,8,0.0
2026-08-20,HepatitisB,12.15,02:57:54,2,8,103.59
2026-08-20,HepatitisB,5.93,02:58:24,2,8,0.0
2026-08-20,HepatitisB,17.26,02:58:54,2,8,103.61
2026-08-20,HepatitisB,12.89,02:59:24,2,8,103.62
2026-08-20,HepatitisB,17.06,02:59:54,2,8,103.63
2026-08-20,HepatitisB,5.58,03:00:24,2,8,0.0
2026-08-20,HepatitisB,4.25,03:00:54,2,8,0.0
2026-08-20,HepatitisB,13.96,03:01:24,2,8,103.66
2026-08-20,HepatitisB,13.14,03:01:54,2,8,103.67
2026-08-20,HepatitisB,4.6,03:02:24,2,8,0.0
2026-08-20,HepatitisB,14.68,03:02:54,2,8,103.7
2026-08-20,HepatitisB,2.1,03:03:24,2,8,0.0
2026-08-20,HepatitisB,5.14,03:03:54,2,8,0.0
2026-08-20,HepatitisB,6.44,03:04:24,2,8,0.0
2026-08-20,HepatitisB,6.2,03:04:54,2,8,0.0
2026-08-20,HepatitisB,4.3,03:05:24,2,8,0.0
2026-08-20,HepatitisB,11.04,03:05:54,2,8,103.76
2026-08-20,HepatitisB,11.4,03:06:24,2,8,103.77
2026-08-20,HepatitisB,11.43,03:06:54,2,8,103.78
2026-08-20,HepatitisB,14.59,03:07:24,2,8,103.79
2026-08-20,HepatitisB,3.03,03:07:54,2,8,0.0
2026-08-20,HepatitisB,6.53,03:08:24,2,8,0.0
2026-08-20,HepatitisB,11.11,03:08:54,2,8,103.83
2026-08-20,HepatitisB,11.97,03:09:24,2,8,103.84
2026-08-20,HepatitisB,7.77,03:09:54,2,8,0.0
2026-08-20,HepatitisB,3.91,03:10:24,2,8,0.0
2026-08-20,HepatitisB,9.88,03:10:54,2,8,103.87
2026-08-20,HepatitisB,14.79,03:11:24,2,8,103.88
2026-08-20,HepatitisB,5.5,03:11:54,2,8,0.0
2026-08-20,HepatitisB,13.7,03:12:24,2,8,103.9
2026-08-20,HepatitisB,6.65,03:12:54,2,8,0.0
2026-08-20,HepatitisB,3.5,03:13:24,2,8,0.0
2026-08-20,HepatitisB,16.78,03:13:54,2,8,103.94
2026-08-20,HepatitisB,15.72,03:14:24,2,8,103.95
2026-08-20,HepatitisB,7.64,03:14:54,2,8,0.0
2026-08-20,HepatitisB,7.34,03:15:24,2,8,0.0
2026-08-20,HepatitisB,6.42,03:15:54,2,8,0.0
2026-08-20,HepatitisB,7.51,03:16:24,2,8,0.0
2026-08-20,HepatitisB,17.39,03:16:54,2,8,104.0
2026-08-20,HepatitisB,12.08,03:17:24,2,8,104.01
2026-08-20,HepatitisB,4.1,03:17:54,2,8,0.0
2026-08-20,HepatitisB,10.65,03:18:24,2,8,104.03
2026-08-20,HepatitisB,12.32,03:18:54,2,8,104.04
2026-08-20,HepatitisB,14.26,03:19:24,2,8,104.05
2026-08-20,HepatitisB,14.36,03:19:54,2,8,104.06
2026-08-20,HepatitisB,15.94,03:20:24,2,8,104.08
2026-08-20,HepatitisB,13.94,03:20:54,2,8,104.09
2026-08-20,HepatitisB,14.59,03:21:24,2,8,104.1
2026-08-20,HepatitisB,4.88,03:21:54,2,8,0.0
2026-08-20,HepatitisB,17.82,03:22:24,2,8,104.12
2026-08-20,HepatitisB,10.47,03:22:54,2,8,104.13
2026-08-20,HepatitisB,9.78,03:23:24,2,8,104.14
2026-08-20,HepatitisB,15.21,03:23:54,2,8,104.15
2026-08-20,HepatitisB,11.76,03:24:24,2,8,104.16
2026-08-20,HepatitisB,17.93,03:24:54,2,8,104.17
2026-08-20,HepatitisB,14.45,03:25:24,2,8,104.18
2026-08-20,HepatitisB,14.11,03:25:54,2,8,104.2
2026-08-20,HepatitisB,13.64,03:26:24,2,8,104.21
2026-08-20,HepatitisB,17.43,03:26:54,2,8,104.22
2026-08-20,HepatitisB,10.7,03:27:24,2,8,104.23
2026-08-20,HepatitisB,13.9,03:27:54,2,8,104.24
2026-08-20,HepatitisB,10.36,03:28:24,2,8,104.25
2026-08-20,HepatitisB,6.79,03:28:54,2,8,0.0
2026-08-20,HepatitisB,10.67,03:29:24,2,8,104.27
2026-08-20,HepatitisB,10.53,03:29:54,2,8,104.28
2026-08-20,HepatitisB,16.35,03:30:24,2,8,104.29
2026-08-20,HepatitisB,12.37,03:30:54,2,8,104.3
2026-08-20,HepatitisB,12.21,03:31:24,2,8,104.31
2026-08-20,HepatitisB,11.26,03:31:54,2,8,104.33
2026-08-20,HepatitisB,2.78,03:32:24,2,8,0.0
2026-08-20,HepatitisB,14.27,03:32:54,2,8,104.35
2026-08-20,HepatitisB,15.98,03:33:24,2,8,104.36
2026-08-20,HepatitisB,14.8,03:33:54,2,8,104.37
2026-08-20,HepatitisB,17.99,03:34:24,2,8,104.38
2026-08-20,HepatitisB,14.75,03:34:54,2,8,104.39
2026-08-20,HepatitisB,16.32,03:35:24,2,8,104.4
2026-08-20,HepatitisB,4.26,03:35:54,2,8,0.0
2026-08-20,HepatitisB,7.74,03:36:24,2,8,0.0
2026-08-20,HepatitisB,10.87,03:36:54,2,8,104.43
2026-08-20,HepatitisB,7.85,03:37:24,2,8,0.0
2026-08-20,HepatitisB,7.08,03:37:54,2,8,0.0
2026-08-20,HepatitisB,13.59,03:38:24,2,8,104.47
2026-08-20,HepatitisB,13.43,03:38:54,2,8,104.48
2026-08-20,HepatitisB,15.11,03:39:24,2,8,104.49
2026-08-20,HepatitisB,5.6,03:39:54,2,8,0.0
2026-08-20,HepatitisB,11.12,03:40:24,2,8,104.51
2026-08-20,HepatitisB,4.28,03:40:54,2,8,0.0
2026-08-20,HepatitisB,10.09,03:41:24,2,8,104.53
2026-08-20,HepatitisB,5.14,03:41:54,2,8,0.0
2026-08-20,HepatitisB,9.6,03:42:24,2,8,104.55
2026-08-20,HepatitisB,10.25,03:42:54,2,8,104.56
2026-08-20,HepatitisB,9.48,03:43:24,2,8,104.57
2026-08-20,HepatitisB,10.81,03:43:54,2,8,104.59
2026-08-20,HepatitisB,10.55,03:44:24,2,8,104.6
2026-08-20,HepatitisB,16.02,03:44:54,2,8,104.61
2026-08-20,HepatitisB,6.02,03:45:24,2,8,0.0
2026-08-20,HepatitisB,4.44,03:45:54,2,8,0.0
2026-08-20,HepatitisB,9.45,03:46:24,2,8,104.64
2026-08-20,HepatitisB,16.84,03:46:54,2,8,104.65
2026-08-20,HepatitisB,4.74,03:47:24,2,8,0.0
2026-08-20,HepatitisB,16.14,03:47:54,2,8,104.67
2026-08-20,HepatitisB,11.42,03:48:24,2,8,104.68
2026-08-20,HepatitisB,3.64,03:48:54,2,8,0.0
2026-08-20,HepatitisB,5.78,03:49:24,2,8,0.0
2026-08-20,HepatitisB,15.6,03:49:54,2,8,104.72
2026-08-20,HepatitisB,10.79,03:50:24,2,8,104.73
2026-08-20,HepatitisB,10.88,03:50:54,2,8,104.74
2026-08-20,HepatitisB,13.14,03:51:24,2,8,104.75
2026-08-20,HepatitisB,16.38,03:51:54,2,8,104.76
2026-08-20,HepatitisB,9.76,03:52:24,2,8,104.77
2026-08-20,HepatitisB,16.85,03:52:54,2,8,104.78
2026-08-20,HepatitisB,11.03,03:53:24,2,8,104.79
2026-08-20,HepatitisB,9.23,03:53:54,2,8,104.8
2026-08-20,HepatitisB,15.72,03:54:24,2,8,104.81
2026-08-20,HepatitisB,15.85,03:54:54,2,8,104.82
2026-08-20,HepatitisB,13.53,03:55:24,2,8,104.83
2026-08-20,HepatitisB,13.74,03:55:54,2,8,104.85
2026-08-20,HepatitisB,17.17,03:56:24,2,8,104.86
2026-08-20,HepatitisB,16.3,03:56:54,2,8,104.87
2026-08-20,HepatitisB,17.07,03:57:24,2,8,104.88
2026-08-20,HepatitisB,3.35,03:57:54,2,8,0.0
2026-08-20,HepatitisB,16.62,03:58:24,2,8,104.9
2026-08-20,HepatitisB,17.86,03:58:54,2,8,104.91
2026-08-20,HepatitisB,17.9,03:59:24,2,8,104.92
2026-08-20,HepatitisB,15.03,03:59:54,2,8,104.93
2026-08-20,HepatitisB,7.61,04:00:24,2,8,0.0
2026-08-20,HepatitisB,3.44,04:00:54,2,8,0.0
2026-08-20,HepatitisB,17.86,04:01:24,2,8,104.96
2026-08-20,HepatitisB,13.51,04:01:54,2,8,104.98
2026-08-20,HepatitisB,13.84,04:02:24,2,8,104.99
2026-08-20,HepatitisB,15.34,04:02:54,2,8,105.0
2026-08-20,HepatitisB,12.18,04:03:24,2,8,105.01
2026-08-20,HepatitisB,9.59,04:03:54,2,8,105.02
2026-08-20,HepatitisB,16.16,04:04:24,2,8,105.03
2026-08-20,HepatitisB,5.95,04:04:54,2,8,0.0
2026-08-20,HepatitisB,4.62,04:05:24,2,8,0.0
2026-08-20,HepatitisB,14.73,04:05:54,2,8,105.06
2026-08-20,HepatitisB,2.86,04:06:24,2,8,0.0
2026-08-20,HepatitisB,12.66,04:06:54,2,8,105.08
2026-08-20,HepatitisB,12.32,04:07:24,2,8,105.09
2026-08-20,HepatitisB,7.53,04:07:54,2,8,0.0
2026-08-20,HepatitisB,17.41,04:08:24,2,8,105.12
2026-08-20,HepatitisB,11.99,04:08:54,2,8,105.13
2026-08-20,HepatitisB,2.29,04:09:24,2,8,0.0
2026-08-20,HepatitisB,5.24,04:09:54,2,8,0.0
2026-08-20,HepatitisB,6.48,04:10:24,2,8,0.0
2026-08-20,HepatitisB,7.77,04:10:54,2,8,0.0
2026-08-20,HepatitisB,4.77,04:11:24,2,8,0.0
2026-08-20,HepatitisB,10.14,04:11:54,2,8,105.19
2026-08-20,HepatitisB,9.59,04:12:24,2,8,105.2
2026-08-20,HepatitisB,6.92,04:12:54,2,8,0.0
2026-08-20,HepatitisB,10.67,04:13:24,2,8,105.22
2026-08-20,HepatitisB,16.99,04:13:54,2,8,105.24
2026-08-20,HepatitisB,3.56,04:14:24,2,8,0.0
2026-08-20,HepatitisB,13.45,04:14:54,2,8,105.26
2026-08-20,HepatitisB,10.32,04:15:24,2,8,105.27
2026-08-20,HepatitisB,10.49,04:15:54,2,8,105.28
2026-08-20,HepatitisB,14.49,04:16:24,2,8,105.29
2026-08-20,HepatitisB,9.0,04:16:54,2,8,105.3
2026-08-20,HepatitisB,12.01,04:17:24,2,8,105.31
2026-08-20,HepatitisB,15.84,04:17:54,2,8,105.32
2026-08-20,HepatitisB,9.14,04:18:24,2,8,105.33
2026-08-20,HepatitisB,16.52,04:18:54,2,8,105.34
2026-08-20,HepatitisB,13.17,04:19:24,2,8,105.35
2026-08-20,HepatitisB,13.56,04:19:54,2,8,105.36
2026-08-20,HepatitisB,13.3,04:20:24,2,8,105.38
2026-08-20,HepatitisB,15.36,04:20:54,2,8,105.39
2026-08-20,HepatitisB,11.11,04:21:24,2,8,105.4
2026-08-20,HepatitisB,3.77,04:21:54,2,8,0.0
2026-08-20,HepatitisB,11.37,04:22:24,2,8,105.42
2026-08-20,HepatitisB,6.88,04:22:54,2,8,0.0
2026-08-20,HepatitisB,15.64,04:23:24,2,8,105.44
2026-08-20,HepatitisB,16.36,04:23:54,2,8,105.45
2026-08-20,HepatitisB,3.92,04:24:24,2,8,0.0
2026-08-20,HepatitisB,9.25,04:24:54,2,8,105.47
2026-08-20,HepatitisB,17.92,04:25:24,2,8,105.48
2026-08-20,HepatitisB,13.91,04:25:54,2,8,105.5
2026-08-20,HepatitisB,10.83,04:26:24,2,8,105.51
2026-08-20,HepatitisB,17.02,04:26:54,2,8,105.52
2026-08-20,HepatitisB,16.56,04:27:24,2,8,105.53
2026-08-20,HepatitisB,13.49,04:27:54,2,8,105.54
2026-08-20,HepatitisB,2.25,04:28:24,2,8,0.0
2026-08-20,HepatitisB,9.07,04:28:54,2,8,105.56
2026-08-20,HepatitisB,4.52,04:29:24,2,8,0.0
2026-08-20,HepatitisB,3.1,04:29:54,2,8,0.0
2026-08-20,HepatitisB,15.58,04:30:24,2,8,105.59
2026-08-20,HepatitisB,12.27,04:30:54,2,8,105.6
2026-08-20,HepatitisB,2.76,04:31:24,2,8,0.0
2026-08-20,HepatitisB,17.37,04:31:54,2,8,105.62
2026-08-20,HepatitisB,10.27,04:32:24,2,8,105.64
2026-08-20,HepatitisB,14.19,04:32:54,2,8,105.65
2026-08-20,HepatitisB,5.61,04:33:24,2,8,0.0
2026-08-20,HepatitisB,14.19,04:33:54,2,8,105.67
2026-08-20,HepatitisB,4.29,04:34:24,2,8,0.0
2026-08-20,HepatitisB,4.91,04:34:54,2,8,0.0
2026-08-20,HepatitisB,15.44,04:35:24,2,8,105.7
2026-08-20,HepatitisB,6.24,04:35:54,2,8,0.0
2026-08-20,HepatitisB,6.68,04:36:24,2,8,0.0
2026-08-20,HepatitisB,17.02,04:36:54,2,8,105.73
2026-08-20,HepatitisB,10.36,04:37:24,2,8,105.74
2026-08-20,HepatitisB,15.33,04:37:54,2,8,105.75
2026-08-20,HepatitisB,16.49,04:38:24,2,8,105.77
2026-08-20,HepatitisB,7.46,04:38:54,2,8,0.0
2026-08-20,HepatitisB,15.48,04:39:24,2,8,105.79
2026-08-20,HepatitisB,16.38,04:39:54,2,8,105.8
2026-08-20,HepatitisB,13.61,04:40:24,2,8,105.81
2026-08-20,HepatitisB,12.75,04:40:54,2,8,105.82
2026-08-20,HepatitisB,12.61,04:41:24,2,8,105.83
2026-08-20,HepatitisB,15.62,04:41:54,2,8,105.84
2026-08-20,HepatitisB,15.44,04:42:24,2,8,105.85
2026-08-20,HepatitisB,9.5,04:42:54,2,8,105.86
2026-08-20,HepatitisB,13.15,04:43:24,2,8,105.87
2026-08-20,HepatitisB,11.64,04:43:54,2,8,105.89
2026-08-20,HepatitisB,7.37,04:44:24,2,8,0.0
2026-08-20,HepatitisB,14.88,04:44:54,2,8,105.91
2026-08-20,HepatitisB,9.07,04:45:24,2,8,105.92
2026-08-20,HepatitisB,6.05,04:45:54,2,8,0.0
2026-08-20,HepatitisB,10.85,04:46:24,2,8,105.94
2026-08-20,HepatitisB,13.93,04:46:54,2,8,105.95
2026-08-20,HepatitisB,11.43,04:47:24,2,8,105.96
2026-08-20,HepatitisB,2.41,04:47:54,2,8,0.0
2026-08-20,HepatitisB,7.96,04:48:24,2,8,0.0
2026-08-20,HepatitisB,11.24,04:48:54,2,8,105.99
2026-08-20,HepatitisB,9.24,04:49:24,2,8,106.0
2026-08-20,HepatitisB,4.19,04:49:54,2,8,0.0
2026-08-20,HepatitisB,10.33,04:50:24,2,8,106.03
2026-08-20,HepatitisB,17.0,04:50:54,2,8,106.04
2026-08-20,HepatitisB,17.16,04:51:24,2,8,106.05
2026-08-20,HepatitisB,16.53,04:51:54,2,8,106.06
2026-08-20,HepatitisB,12.5,04:52:24,2,8,106.07
2026-08-20,HepatitisB,14.73,04:52:54,2,8,106.08
2026-08-20,HepatitisB,11.61,04:53:24,2,8,106.09
2026-08-20,HepatitisB,17.49,04:53:54,2,8,106.1
2026-08-20,HepatitisB,15.0,04:54:24,2,8,106.11
2026-08-20,HepatitisB,6.43,04:54:54,2,8,0.0
2026-08-20,HepatitisB,11.05,04:55:24,2,8,106.13
2026-08-20,HepatitisB,15.1,04:55:54,2,8,106.15
2026-08-20,HepatitisB,16.19,04:56:24,2,8,106.16
2026-08-20,HepatitisB,11.4,04:56:54,2,8,106.17
2026-08-20,HepatitisB,16.54,04:57:24,2,8,106.18
2026-08-20,HepatitisB,3.02,04:57:54,2,8,0.0
2026-08-20,HepatitisB,9.25,04:58:24,2,8,106.2
2026-08-20,HepatitisB,15.2,04:58:54,2,8,106.21
2026-08-20,HepatitisB,13.98,04:59:24,2,8,106.22
2026-08-20,HepatitisB,9.66,04:59:54,2,8,106.23
2026-08-20,HepatitisB,13.89,05:00:24,2,8,106.24
2026-08-20,HepatitisB,7.1,05:00:54,2,8,0.0
2026-08-20,HepatitisB,14.03,05:01:24,2,8,106.26
2026-08-20,HepatitisB,3.94,05:01:54,2,8,0.0
2026-08-20,HepatitisB,14.5,05:02:24,2,8,106.29
2026-08-20,HepatitisB,9.17,05:02:54,2,8,106.3
2026-08-20,HepatitisB,15.42,05:03:24,2,8,106.31
2026-08-20,HepatitisB,6.78,05:03:54,2,8,0.0
2026-08-20,HepatitisB,12.76,05:04:24,2,8,106.33
2026-08-20,HepatitisB,10.69,05:04:54,2,8,106.34
2026-08-20,HepatitisB,10.14,05:05:24,2,8,106.35
2026-08-20,HepatitisB,13.25,05:05:54,2,8,106.36
2026-08-20,HepatitisB,9.32,05:06:24,2,8,106.37
2026-08-20,HepatitisB,5.35,05:06:54,2,8,0.0
2026-08-20,HepatitisB,17.42,05:07:24,2,8,106.39
2026-08-20,HepatitisB,6.03,05:07:54,2,8,0.0
2026-08-20,HepatitisB,3.36,05:08:24,2,8,0.0
2026-08-20,HepatitisB,10.41,05:08:54,2,8,106.43
2026-08-20,HepatitisB,11.05,05:09:24,2,8,106.44
2026-08-20,HepatitisB,12.69,05:09:54,2,8,106.45
2026-08-20,HepatitisB,10.96,05:10:24,2,8,106.46
2026-08-20,HepatitisB,13.34,05:10:54,2,8,106.47
2026-08-20,HepatitisB,11.84,05:11:24,2,8,106.48
2026-08-20,HepatitisB,14.74,05:11:54,2,8,106.49
2026-08-20,HepatitisB,3.2,05:12:24,2,8,0.0
2026-08-20,HepatitisB,13.58,05:12:54,2,8,106.51
2026-08-20,HepatitisB,17.19,05:13:24,2,8,106.52
2026-08-20,HepatitisB,16.08,05:13:54,2,8,106.54
2026-08-20,HepatitisB,17.38,05:14:24,2,8,106.55
2026-08-20,HepatitisB,5.77,05:14:54,2,8,0.0
2026-08-20,HepatitisB,2.35,05:15:24,2,8,0.0
2026-08-20,HepatitisB,7.61,05:15:54,2,8,0.0
2026-08-20,HepatitisB,11.71,05:16:24,2,8,106.59
2026-08-20,HepatitisB,10.29,05:16:54,2,8,106.6
2026-08-20,HepatitisB,16.29,05:17:24,2,8,106.61
2026-08-20,HepatitisB,10.56,05:17:54,2,8,106.62
2026-08-20,HepatitisB,4.93,05:18:24,2,8,0.0
2026-08-20,HepatitisB,3.78,05:18:54,2,8,0.0
2026-08-20,HepatitisB,3.95,05:19:24,2,8,0.0
2026-08-20,HepatitisB,5.61,05:19:54,2,8,0.0
2026-08-20,HepatitisB,9.97,05:20:24,2,8,106.68
2026-08-20,HepatitisB,7.17,05:20:54,2,8,0.0
2026-08-20,HepatitisB,9.44,05:21:24,2,8,106.7
2026-08-20,HepatitisB,4.89,05:21:54,2,8,0.0
2026-08-20,HepatitisB,17.12,05:22:24,2,8,106.72
2026-08-20,HepatitisB,2.71,05:22:54,2,8,0.0
2026-08-20,HepatitisB,9.35,05:23:24,2,8,106.74
2026-08-20,HepatitisB,3.2,05:23:54,2,8,0.0
2026-08-20,HepatitisB,6.86,05:24:24,2,8,0.0
2026-08-20,HepatitisB,9.24,05:24:54,2,8,106.77
2026-08-20,HepatitisB,10.39,05:25:24,2,8,106.78
2026-08-20,HepatitisB,10.14,05:25:54,2,8,106.8
2026-08-20,HepatitisB,12.05,05:26:24,2,8,106.81
2026-08-20,HepatitisB,12.99,05:26:54,2,8,106.82
2026-08-20,HepatitisB,3.79,05:27:24,2,8,0.0
2026-08-20,HepatitisB,12.27,05:27:54,2,8,106.84
2026-08-20,HepatitisB,15.4,05:28:24,2,8,106.85
2026-08-20,HepatitisB,13.42,05:28:54,2,8,106.86
2026-08-20,HepatitisB,2.23,05:29:24,2,8,0.0
2026-08-20,HepatitisB,9.11,05:29:54,2,8,106.88
2026-08-20,HepatitisB,2.34,05:30:24,2,8,0.0
2026-08-20,HepatitisB,9.35,05:30:54,2,8,106.9
2026-08-20,HepatitisB,16.74,05:31:24,2,8,106.91
2026-08-20,HepatitisB,11.55,05:31:54,2,8,106.92
2026-08-20,HepatitisB,15.1,05:32:24,2,8,106.94
2026-08-20,HepatitisB,2.96,05:32:54,2,8,0.0
2026-08-20,HepatitisB,10.89,05:33:24,2,8,106.96
2026-08-20,HepatitisB,10.67,05:33:54,2,8,106.97
2026-08-20,HepatitisB,9.64,05:34:24,2,8,106.98
2026-08-20,HepatitisB,7.53,05:34:54,2,8,0.0
2026-08-20,HepatitisB,4.32,05:35:24,2,8,0.0
2026-08-20,HepatitisB,16.66,05:35:54,2,8,107.01
2026-08-20,HepatitisB,12.84,05:36:24,2,8,107.02
2026-08-20,HepatitisB,16.92,05:36:54,2,8,107.03
2026-08-20,HepatitisB,2.18,05:37:24,2,8,0.0
2026-08-20,HepatitisB,13.78,05:37:54,2,8,107.05
2026-08-20,HepatitisB,7.17,05:38:24,2,8,0.0
2026-08-20,HepatitisB,10.46,05:38:54,2,8,107.08
2026-08-20,HepatitisB,13.93,05:39:24,2,8,107.09
2026-08-20,HepatitisB,13.5,05:39:54,2,8,107.1
2026-08-20,HepatitisB,3.77,05:40:24,2,8,0.0
2026-08-20,HepatitisB,16.68,05:40:54,2,8,107.12
2026-08-20,HepatitisB,12.68,05:41:24,2,8,107.13
2026-08-20,HepatitisB,9.06,05:41:54,2,8,107.14
2026-08-20,HepatitisB,16.38,05:42:24,2,8,107.15
2026-08-20,HepatitisB,3.61,05:42:54,2,8,0.0
2026-08-20,HepatitisB,4.2,05:43:24,2,8,0.0
2026-08-20,HepatitisB,3.5,05:43:54,2,8,0.0
2026-08-20,HepatitisB,4.29,05:44:24,2,8,0.0
2026-08-20,HepatitisB,13.44,05:44:54,2,8,107.21
2026-08-20,HepatitisB,12.69,05:45:24,2,8,107.22
2026-08-20,HepatitisB,14.72,05:45:54,2,8,107.23
2026-08-20,HepatitisB,10.38,05:46:24,2,8,107.24
2026-08-20,HepatitisB,11.6,05:46:54,2,8,107.25
2026-08-20,HepatitisB,3.51,05:47:24,2,8,0.0
2026-08-20,HepatitisB,7.22,05:47:54,2,8,0.0
2026-08-20,HepatitisB,11.85,05:48:24,2,8,107.28
2026-08-20,HepatitisB,14.48,05:48:54,2,8,107.29
2026-08-20,HepatitisB,10.13,05:49:24,2,8,107.3
2026-08-20,HepatitisB,4.55,05:49:54,2,8,0.0
2026-08-20,HepatitisB,5.55,05:50:24,2,8,0.0
2026-08-20,HepatitisB,14.63,05:50:54,2,8,107.34
2026-08-20,HepatitisB,14.26,05:51:24,2,8,107.35
2026-08-20,HepatitisB,6.11,05:51:54,2,8,0.0
2026-08-20,HepatitisB,15.09,05:52:24,2,8,107.37
2026-08-20,HepatitisB,9.47,05:52:54,2,8,107.38
2026-08-20,HepatitisB,14.04,05:53:24,2,8,107.39
2026-08-20,HepatitisB,11.84,05:53:54,2,8,107.4
2026-08-20,HepatitisB,12.0,05:54:24,2,8,107.41
2026-08-20,HepatitisB,17.0,05:54:54,2,8,107.42
2026-08-20,HepatitisB,3.33,05:55:24,2,8,0.0
2026-08-20,HepatitisB,15.63,05:55:54,2,8,107.45
2026-08-20,HepatitisB,14.36,05:56:24,2,8,107.46
2026-08-20,HepatitisB,2.07,05:56:54,2,8,0.0
2026-08-20,HepatitisB,9.39,05:57:24,2,8,107.48
2026-08-20,HepatitisB,10.37,05:57:54,2,8,107.49
2026-08-20,HepatitisB,9.35,05:58:24,2,8,107.5
2026-08-20,HepatitisB,2.46,05:58:54,2,8,0.0
2026-08-20,HepatitisB,2.5,05:59:24,2,8,0.0
2026-08-20,HepatitisB,15.73,05:59:54,2,8,107.53
2026-08-20,HepatitisB,12.54,06:00:24,2,8,107.54
2026-08-20,HepatitisB,11.24,06:00:54,2,8,107.55
2026-08-20,HepatitisB,9.15,06:01:24,2,8,107.56
2026-08-20,HepatitisB,9.37,06:01:54,2,8,107.58
2026-08-20,HepatitisB,13.07,06:02:24,2,8,107.59
2026-08-20,HepatitisB,11.38,06:02:54,2,8,107.6
2026-08-20,HepatitisB,17.17,06:03:24,2,8,107.61
2026-08-20,HepatitisB,12.49,06:03:54,2,8,107.62
2026-08-20,HepatitisB,17.68,06:04:24,2,8,107.63
2026-08-20,HepatitisB,16.49,06:04:54,2,8,107.64
2026-08-20,HepatitisB,14.28,06:05:24,2,8,107.65
2026-08-20,HepatitisB,10.75,06:05:54,2,8,107.66
2026-08-20,HepatitisB,4.07,06:06:24,2,8,0.0
2026-08-20,HepatitisB,10.36,06:06:54,2,8,107.68
2026-08-20,HepatitisB,4.25,06:07:24,2,8,0.0
2026-08-20,HepatitisB,17.75,06:07:54,2,8,107.7
2026-08-20,HepatitisB,10.35,06:08:24,2,8,107.72
2026-08-20,HepatitisB,15.87,06:08:54,2,8,107.73
2026-08-20,HepatitisB,10.88,06:09:24,2,8,107.74
2026-08-20,HepatitisB,14.81,06:09:54,2,8,107.75
2026-08-20,HepatitisB,9.72,06:10:24,2,8,107.76
2026-08-20,HepatitisB,3.67,06:10:54,2,8,0.0
2026-08-20,HepatitisB,15.5,06:11:24,2,8,107.78
2026-08-20,HepatitisB,3.68,06:11:54,2,8,0.0
2026-08-20,HepatitisB,2.09,06:12:24,2,8,0.0
2026-08-20,HepatitisB,14.86,06:12:54,2,8,107.81
2026-08-20,HepatitisB,6.2,06:13:24,2,8,0.0
2026-08-20,HepatitisB,9.97,06:13:54,2,8,107.84
2026-08-20,HepatitisB,6.35,06:14:24,2,8,0.0
2026-08-20,HepatitisB,3.4,06:14:54,2,8,0.0
2026-08-20,HepatitisB,7.29,06:15:24,2,8,0.0
2026-08-20,HepatitisB,9.43,06:15:54,2,8,107.88
2026-08-20,HepatitisB,7.43,06:16:24,2,8,0.0
2026-08-20,HepatitisB,12.44,06:16:54,2,8,107.9
2026-08-20,HepatitisB,4.56,06:17:24,2,8,0.0
2026-08-20,HepatitisB,14.74,06:17:54,2,8,107.92
2026-08-20,HepatitisB,3.35,06:18:24,2,8,0.0
2026-08-20,HepatitisB,17.55,06:18:54,2,8,107.94
2026-08-20,HepatitisB,13.35,06:19:24,2,8,107.95
2026-08-20,HepatitisB,9.49,06:19:54,2,8,107.97
2026-08-20,HepatitisB,15.28,06:20:24,2,8,107.98
2026-08-20,HepatitisB,13.68,06:20:54,2,8,107.99
2026-08-20,HepatitisB,16.42,06:21:24,2,8,108.0
2026-08-20,HepatitisB,17.36,06:21:54,2,8,108.01
2026-08-20,HepatitisB,10.65,06:22:24,2,8,108.02
2026-08-20,HepatitisB,17.89,06:22:54,2,8,108.03
2026-08-20,HepatitisB,7.5,06:23:24,2,8,0.0
2026-08-20,HepatitisB,13.83,06:23:54,2,8,108.05
2026-08-20,HepatitisB,6.05,06:24:24,2,8,0.0
2026-08-20,HepatitisB,6.26,06:24:54,2,8,0.0
2026-08-20,HepatitisB,7.64,06:25:24,2,8,0.0
2026-08-20,HepatitisB,2.14,06:25:54,2,8,0.0
2026-08-20,HepatitisB,10.5,06:26:24,2,8,108.11
2026-08-20,HepatitisB,5.49,06:26:54,2,8,0.0
2026-08-20,HepatitisB,14.59,06:27:24,2,8,108.13
2026-08-20,HepatitisB,2.07,06:27:54,2,8,0.0
2026-08-20,HepatitisB,7.82,06:28:24,2,8,0.0
2026-08-20,HepatitisB,11.79,06:28:54,2,8,108.16
2026-08-20,HepatitisB,15.78,06:29:24,2,8,108.17
2026-08-20,HepatitisB,7.3,06:29:54,2,8,0.0
2026-08-20,HepatitisB,6.12,06:30:24,2,8,0.0
2026-08-20,HepatitisB,7.08,06:30:54,2,8,0.0
2026-08-20,HepatitisB,10.57,06:31:24,2,8,108.21
2026-08-20,HepatitisB,16.85,06:31:54,2,8,108.23
2026-08-20,HepatitisB,4.03,06:32:24,2,8,0.0
2026-08-20,HepatitisB,5.22,06:32:54,2,8,0.0
2026-08-20,HepatitisB,3.65,06:33:24,2,8,0.0
2026-08-20,HepatitisB,16.01,06:33:54,2,8,108.27
2026-08-20,HepatitisB,5.19,06:34:24,2,8,0.0
2026-08-20,HepatitisB,13.18,06:34:54,2,8,108.29
2026-08-20,HepatitisB,4.31,06:35:24,2,8,0.0
2026-08-20,HepatitisB,9.13,06:35:54,2,8,108.31
2026-08-20,HepatitisB,10.65,06:36:24,2,8,108.32
2026-08-20,HepatitisB,13.96,06:36:54,2,8,108.33
2026-08-20,HepatitisB,10.57,06:37:24,2,8,108.34
2026-08-20,HepatitisB,13.64,06:37:54,2,8,108.35
2026-08-20,HepatitisB,6.69,06:38:24,2,8,0.0
2026-08-20,HepatitisB,15.37,06:38:54,2,8,108.38
2026-08-20,HepatitisB,3.57,06:39:24,2,8,0.0
2026-08-20,HepatitisB,14.2,06:39:54,2,8,108.4
2026-08-20,HepatitisB,7.03,06:40:24,2,8,0.0
2026-08-20,HepatitisB,9.57,06:40:54,2,8,108.42
2026-08-20,HepatitisB,4.66,06:41:24,2,8,0.0
2026-08-20,HepatitisB,3.49,06:41:54,2,8,0.0
2026-08-20,HepatitisB,13.85,06:42:24,2,8,108.45
2026-08-20,HepatitisB,13.94,06:42:54,2,8,108.46
2026-08-20,HepatitisB,4.69,06:43:24,2,8,0.0
2026-08-20,HepatitisB,10.11,06:43:54,2,8,108.49
2026-08-20,HepatitisB,11.11,06:44:24,2,8,108.5
2026-08-20,HepatitisB,4.77,06:44:54,2,8,0.0
2026-08-20,HepatitisB,17.47,06:45:24,2,8,108.52
2026-08-20,HepatitisB,12.78,06:45:54,2,8,108.53
2026-08-20,HepatitisB,12.22,06:46:24,2,8,108.54
2026-08-20,HepatitisB,15.87,06:46:54,2,8,108.55
2026-08-20,HepatitisB,13.12,06:47:24,2,8,108.56
2026-08-20,HepatitisB,17.61,06:47:54,2,8,108.57
2026-08-20,HepatitisB,6.95,06:48:24,2,8,0.0
2026-08-20,HepatitisB,3.68,06:48:54,2,8,0.0
2026-08-20,HepatitisB,9.88,06:49:24,2,8,108.6
2026-08-20,HepatitisB,14.21,06:49:54,2,8,108.61
2026-08-20,HepatitisB,9.45,06:50:24,2,8,108.63
2026-08-20,HepatitisB,17.19,06:50:54,2,8,108.64
2026-08-20,HepatitisB,11.65,06:51:24,2,8,108.65
2026-08-20,HepatitisB,12.78,06:51:54,2,8,108.66
2026-08-20,HepatitisB,3.85,06:52:24,2,8,0.0
2026-08-20,HepatitisB,2.22,06:52:54,2,8,0.0
2026-08-20,HepatitisB,16.75,06:53:24,2,8,108.69
2026-08-20,HepatitisB,6.97,06:53:54,2,8,0.0
2026-08-20,HepatitisB,9.33,06:54:24,2,8,108.71
2026-08-20,HepatitisB,5.17,06:54:54,2,8,0.0
2026-08-20,HepatitisB,10.32,06:55:24,2,8,108.73
2026-08-20,HepatitisB,15.54,06:55:54,2,8,108.75
2026-08-20,HepatitisB,7.0,06:56:24,2,8,0.0
2026-08-20,HepatitisB,4.75,06:56:54,2,8,0.0
2026-08-20,HepatitisB,9.71,06:57:24,2,8,108.78
2026-08-20,HepatitisB,13.15,06:57:54,2,8,108.79
2026-08-20,HepatitisB,3.41,06:58:24,2,8,0.0
2026-08-20,HepatitisB,10.51,06:58:54,2,8,108.81
2026-08-20,HepatitisB,14.33,06:59:24,2,8,108.82
2026-08-20,HepatitisB,3.49,06:59:54,2,8,0.0
2026-08-20,HepatitisB,7.56,07:00:24,2,8,0.0
2026-08-20,HepatitisB,15.46,07:00:54,2,8,108.85
2026-08-20,HepatitisB,17.98,07:01:24,2,8,108.86
2026-08-20,HepatitisB,9.58,07:01:54,2,8,108.88
2026-08-20,HepatitisB,14.52,07:02:24,2,8,108.89
2026-08-20,HepatitisB,12.79,07:02:54,2,8,108.9
2026-08-20,HepatitisB,5.78,07:03:24,2,8,0.0
2026-08-20,HepatitisB,11.07,07:03:54,2,8,108.92
2026-08-20,HepatitisB,6.52,07:04:24,2,8,0.0
2026-08-20,HepatitisB,7.3,07:04:54,2,8,0.0
2026-08-20,HepatitisB,5.45,07:05:24,2,8,0.0
2026-08-20,HepatitisB,17.04,07:05:54,2,8,108.96
2026-08-20,HepatitisB,3.39,07:06:24,2,8,0.0
2026-08-20,HepatitisB,10.04,07:06:54,2,8,108.98
2026-08-20,HepatitisB,17.81,07:07:24,2,8,108.99
2026-08-20,HepatitisB,4.43,07:07:54,2,8,0.0
2026-08-20,HepatitisB,15.65,07:08:24,2,8,109.02
2026-08-20,HepatitisB,5.45,07:08:54,2,8,0.0
2026-08-20,HepatitisB,12.32,07:09:24,2,8,109.04
2026-08-20,HepatitisB,10.23,07:09:54,2,8,109.05
2026-08-20,HepatitisB,17.71,07:10:24,2,8,109.06
2026-08-20,HepatitisB,14.35,07:10:54,2,8,109.07
2026-08-20,HepatitisB,13.59,07:11:24,2,8,109.08
2026-08-20,HepatitisB,11.68,07:11:54,2,8,109.09
2026-08-20,HepatitisB,16.66,07:12:24,2,8,109.1
2026-08-20,HepatitisB,9.86,07:12:54,2,8,109.11
2026-08-20,HepatitisB,7.82,07:13:24,2,8,0.0
2026-08-20,HepatitisB,10.59,07:13:54,2,8,109.14
2026-08-20,HepatitisB,17.31,07:14:24,2,8,109.15
2026-08-20,HepatitisB,3.52,07:14:54,2,8,0.0
2026-08-20,HepatitisB,7.03,07:15:24,2,8,0.0
2026-08-20,HepatitisB,3.45,07:15:54,2,8,0.0
2026-08-20,HepatitisB,4.62,07:16:24,2,8,0.0
2026-08-20,HepatitisB,3.3,07:16:54,2,8,0.0
2026-08-20,HepatitisB,5.85,07:17:24,2,8,0.0
2026-08-20,HepatitisB,10.67,07:17:54,2,8,109.22
2026-08-20,HepatitisB,3.45,07:18:24,2,8,0.0
2026-08-20,HepatitisB,14.76,07:18:54,2,8,109.24
2026-08-20,HepatitisB,10.93,07:19:24,2,8,109.25
2026-08-20,HepatitisB,2.08,07:19:54,2,8,0.0
2026-08-20,HepatitisB,2.43,07:20:24,2,8,0.0
2026-08-20,HepatitisB,12.42,07:20:54,2,8,109.29
2026-08-20,HepatitisB,10.16,07:21:24,2,8,109.3
2026-08-20,HepatitisB,13.39,07:21:54,2,8,109.31
2026-08-20,HepatitisB,16.99,07:22:24,2,8,109.32
2026-08-20,HepatitisB,2.26,07:22:54,2,8,0.0
2026-08-20,HepatitisB,16.31,07:23:24,2,8,109.34
2026-08-20,HepatitisB,5.56,07:23:54,2,8,0.0
2026-08-20,HepatitisB,10.2,07:24:24,2,8,109.36
2026-08-20,HepatitisB,16.1,07:24:54,2,8,109.37
2026-08-20,HepatitisB,17.14,07:25:24,2,8,109.38
2026-08-20,HepatitisB,13.81,07:25:54,2,8,109.4
2026-08-20,HepatitisB,9.75,07:26:24,2,8,109.41
2026-08-20,HepatitisB,9.28,07:26:54,2,8,109.42
2026-08-20,HepatitisB,13.38,07:27:24,2,8,109.43
2026-08-20,HepatitisB,13.29,07:27:54,2,8,109.44
2026-08-20,HepatitisB,15.27,07:28:24,2,8,109.45
2026-08-20,HepatitisB,7.15,07:28:54,2,8,0.0
2026-08-20,HepatitisB,16.68,07:29:24,2,8,109.47
2026-08-20,HepatitisB,14.29,07:29:54,2,8,109.48
2026-08-20,HepatitisB,15.14,07:30:24,2,8,109.49
2026-08-20,HepatitisB,6.87,07:30:54,2,8,0.0
2026-08-20,HepatitisB,10.49,07:31:24,2,8,109.51
2026-08-20,HepatitisB,11.22,07:31:54,2,8,109.53
2026-08-20,HepatitisB,11.33,07:32:24,2,8,109.54
2026-08-20,HepatitisB,17.65,07:32:54,2,8,109.55
2026-08-20,HepatitisB,7.82,07:33:24,2,8,0.0
2026-08-20,HepatitisB,12.28,07:33:54,2,8,109.57
2026-08-20,HepatitisB,11.57,07:34:24,2,8,109.58
2026-08-20,HepatitisB,15.22,07:34:54,2,8,109.59
2026-08-20,HepatitisB,12.95,07:35:24,2,8,109.6
2026-08-20,HepatitisB,3.71,07:35:54,2,8,0.0
2026-08-20,HepatitisB,14.6,07:36:24,2,8,109.62
2026-08-20,HepatitisB,14.13,07:36:54,2,8,109.63
2026-08-20,HepatitisB,9.07,07:37:24,2,8,109.64
2026-08-20,HepatitisB,5.69,07:37:54,2,8,0.0
2026-08-20,HepatitisB,11.54,07:38:24,2,8,109.67
2026-08-20,HepatitisB,6.88,07:38:54,2,8,0.0
2026-08-20,HepatitisB,15.74,07:39:24,2,8,109.69
2026-08-20,HepatitisB,14.7,07:39:54,2,8,109.7
2026-08-20,HepatitisB,14.58,07:40:24,2,8,109.71
2026-08-20,HepatitisB,4.76,07:40:54,2,8,0.0
2026-08-20,HepatitisB,9.17,07:41:24,2,8,109.73
2026-08-20,HepatitisB,15.34,07:41:54,2,8,109.74
2026-08-20,HepatitisB,6.33,07:42:24,2,8,0.0
2026-08-20,HepatitisB,5.39,07:42:54,2,8,0.0
2026-08-20,HepatitisB,10.66,07:43:24,2,8,109.77
2026-08-20,HepatitisB,11.51,07:43:54,2,8,109.79
2026-08-20,HepatitisB,5.47,07:44:24,2,8,0.0
2026-08-20,HepatitisB,16.5,07:44:54,2,8,109.81
2026-08-20,HepatitisB,12.63,07:45:24,2,8,109.82
2026-08-20,HepatitisB,12.36,07:45:54,2,8,109.83
2026-08-20,HepatitisB,7.82,07:46:24,2,8,0.0
2026-08-20,HepatitisB,17.29,07:46:54,2,8,109.85
2026-08-20,HepatitisB,16.11,07:47:24,2,8,109.86
2026-08-20,HepatitisB,10.26,07:47:54,2,8,109.87
2026-08-20,HepatitisB,3.26,07:48:24,2,8,0.0
2026-08-20,HepatitisB,11.23,07:48:54,2,8,109.89
2026-08-20,HepatitisB,10.32,07:49:24,2,8,109.9
2026-08-20,HepatitisB,4.84,07:49:54,2,8,0.0
2026-08-20,HepatitisB,12.69,07:50:24,2,8,109.93
2026-08-20,HepatitisB,13.36,07:50:54,2,8,109.94
2026-08-20,HepatitisB,4.16,07:51:24,2,8,0.0
2026-08-20,HepatitisB,10.61,07:51:54,2,8,109.96
2026-08-20,HepatitisB,12.8,07:52:24,2,8,109.97
2026-08-20,HepatitisB,6.47,07:52:54,2,8,0.0
2026-08-20,HepatitisB,12.91,07:53:24,2,8,109.99
2026-08-20,HepatitisB,14.66,07:53:54,2,8,110.0
2026-08-20,HepatitisB,12.41,07:54:24,2,8,110.01
2026-08-20,HepatitisB,2.07,07:54:54,2,8,0.0
2026-08-20,HepatitisB,3.52,07:55:24,2,8,0.0
2026-08-20,HepatitisB,16.71,07:55:54,2,8,110.05
2026-08-20,HepatitisB,10.51,07:56:24,2,8,110.06
2026-08-20,HepatitisB,12.84,07:56:54,2,8,110.07
2026-08-20,HepatitisB,4.2,07:57:24,2,8,0.0
2026-08-20,HepatitisB,12.53,07:57:54,2,8,110.09
2026-08-20,HepatitisB,13.09,07:58:24,2,8,110.1
2026-08-20,HepatitisB,14.64,07:58:54,2,8,110.11
2026-08-20,HepatitisB,15.96,07:59:24,2,8,110.12
2026-08-20,HepatitisB,10.15,07:59:54,2,8,110.13
2026-08-20,HepatitisB,15.12,08:00:24,2,8,110.14
2026-08-20,HepatitisB,11.01,08:00:54,2,8,110.15
2026-08-20,HepatitisB,15.6,08:01:24,2,8,110.16
2026-08-20,HepatitisB,9.97,08:01:54,2,8,110.17
2026-08-20,HepatitisB,16.13,08:02:24,2,8,110.19
2026-08-20,HepatitisB,16.42,08:02:54,2,8,110.2
2026-08-20,HepatitisB,11.52,08:03:24,2,8,110.21
2026-08-20,HepatitisB,2.21,08:03:54,2,8,0.0
2026-08-20,HepatitisB,12.64,08:04:24,2,8,110.23
2026-08-20,HepatitisB,14.61,08:04:54,2,8,110.24
2026-08-20,HepatitisB,7.65,08:05:24,2,8,0.0
2026-08-20,HepatitisB,2.04,08:05:54,2,8,0.0
2026-08-20,HepatitisB,9.18,08:06:24,2,8,110.27
2026-08-20,HepatitisB,9.32,08:06:54,2,8,110.28
2026-08-20,HepatitisB,4.25,08:07:24,2,8,0.0
2026-08-20,HepatitisB,9.56,08:07:54,2,8,110.3
2026-08-20,HepatitisB,15.44,08:08:24,2,8,110.32
2026-08-20,HepatitisB,9.79,08:08:54,2,8,110.33
2026-08-20,HepatitisB,6.0,08:09:24,2,8,0.0
2026-08-20,HepatitisB,11.73,08:09:54,2,8,110.35
2026-08-20,HepatitisB,11.59,08:10:24,2,8,110.36
2026-08-20,HepatitisB,5.49,08:10:54,2,8,0.0
2026-08-20,HepatitisB,17.5,08:11:24,2,8,110.38
2026-08-20,HepatitisB,9.06,08:11:54,2,8,110.39
2026-08-20,HepatitisB,4.92,08:12:24,2,8,0.0
2026-08-20,HepatitisB,3.83,08:12:54,2,8,0.0
2026-08-20,HepatitisB,14.25,08:13:24,2,8,110.42
2026-08-20,HepatitisB,11.51,08:13:54,2,8,110.44
2026-08-20,HepatitisB,3.86,08:14:24,2,8,0.0
2026-08-20,HepatitisB,13.22,08:14:54,2,8,110.46
2026-08-20,HepatitisB,3.38,08:15:24,2,8,0.0
2026-08-20,HepatitisB,12.77,08:15:54,2,8,110.48
2026-08-20,HepatitisB,10.6,08:16:24,2,8,110.49
2026-08-20,HepatitisB,4.9,08:16:54,2,8,0.0
2026-08-20,HepatitisB,10.61,08:17:24,2,8,110.51
2026-08-20,HepatitisB,17.14,08:17:54,2,8,110.52
2026-08-20,HepatitisB,17.02,08:18:24,2,8,110.53
2026-08-20,HepatitisB,4.33,08:18:54,2,8,0.0
2026-08-20,HepatitisB,11.73,08:19:24,2,8,110.55
2026-08-20,HepatitisB,16.55,08:19:54,2,8,110.56
2026-08-20,HepatitisB,10.78,08:20:24,2,8,110.58
2026-08-20,HepatitisB,9.28,08:20:54,2,8,110.59
2026-08-20,HepatitisB,17.95,08:21:24,2,8,110.6
2026-08-20,HepatitisB,12.85,08:21:54,2,8,110.61
2026-08-20,HepatitisB,15.3,08:22:24,2,8,110.62
2026-08-20,HepatitisB,16.55,08:22:54,2,8,110.63
2026-08-20,HepatitisB,11.68,08:23:24,2,8,110.64
2026-08-20,HepatitisB,15.16,08:23:54,2,8,110.65
2026-08-20,HepatitisB,14.82,08:24:24,2,8,110.66
2026-08-20,HepatitisB,15.84,08:24:54,2,8,110.67
2026-08-20,HepatitisB,12.42,08:25:24,2,8,110.68
2026-08-20,HepatitisB,15.59,08:25:54,2,8,110.7
2026-08-20,HepatitisB,10.03,08:26:24,2,8,110.71
2026-08-20,HepatitisB,6.74,08:26:54,2,8,0.0
2026-08-20,HepatitisB,10.4,08:27:24,2,8,110.73
2026-08-20,HepatitisB,3.13,08:27:54,2,8,0.0
2026-08-20,HepatitisB,9.11,08:28:24,2,8,110.75
2026-08-20,HepatitisB,15.75,08:28:54,2,8,110.76
2026-08-20,HepatitisB,16.57,08:29:24,2,8,110.77
2026-08-20,HepatitisB,12.1,08:29:54,2,8,110.78
2026-08-20,HepatitisB,11.93,08:30:24,2,8,110.79
2026-08-20,HepatitisB,14.32,08:30:54,2,8,110.8
2026-08-20,HepatitisB,14.26,08:31:24,2,8,110.81
2026-08-20,HepatitisB,10.17,08:31:54,2,8,110.83
2026-08-20,HepatitisB,15.44,08:32:24,2,8,110.84
2026-08-20,HepatitisB,4.2,08:32:54,2,8,0.0
2026-08-20,HepatitisB,11.48,08:33:24,2,8,110.86
2026-08-20,HepatitisB,7.55,08:33:54,2,8,0.0
2026-08-20,HepatitisB,13.73,08:34:24,2,8,110.88
2026-08-20,HepatitisB,17.33,08:34:54,2,8,110.89
2026-08-20,HepatitisB,13.21,08:35:24,2,8,110.9
2026-08-20,HepatitisB,13.5,08:35:54,2,8,110.91
2026-08-20,HepatitisB,6.12,08:36:24,2,8,0.0
2026-08-20,HepatitisB,12.54,08:36:54,2,8,110.93
2026-08-20,HepatitisB,11.74,08:37:24,2,8,110.94
2026-08-20,HepatitisB,7.26,08:37:54,2,8,0.0
2026-08-20,HepatitisB,12.14,08:38:24,2,8,110.97
2026-08-20,HepatitisB,12.7,08:38:54,2,8,110.98
2026-08-20,HepatitisB,12.17,08:39:24,2,8,110.99
2026-08-20,HepatitisB,14.31,08:39:54,2,8,111.0
2026-08-20,HepatitisB,17.34,08:40:24,2,8,111.01
2026-08-20,HepatitisB,15.22,08:40:54,2,8,111.02
2026-08-20,HepatitisB,3.64,08:41:24,2,8,0.0
2026-08-20,HepatitisB,10.93,08:41:54,2,8,111.04
2026-08-20,HepatitisB,16.9,08:42:24,2,8,111.05
2026-08-20,HepatitisB,16.38,08:42:54,2,8,111.06
2026-08-20,HepatitisB,3.73,08:43:24,2,8,0.0
2026-08-20,HepatitisB,16.07,08:43:54,2,8,111.09
2026-08-20,HepatitisB,9.51,08:44:24,2,8,111.1
2026-08-20,HepatitisB,4.3,08:44:54,2,8,0.0
2026-08-20,HepatitisB,7.56,08:45:24,2,8,0.0
2026-08-20,HepatitisB,9.48,08:45:54,2,8,111.13
2026-08-20,HepatitisB,3.82,08:46:24,2,8,0.0
2026-08-20,HepatitisB,5.25,08:46:54,2,8,0.0
2026-08-20,HepatitisB,6.52,08:47:24,2,8,0.0
2026-08-20,HepatitisB,12.35,08:47:54,2,8,111.17
2026-08-20,HepatitisB,13.31,08:48:24,2,8,111.18
2026-08-20,HepatitisB,5.42,08:48:54,2,8,0.0
2026-08-20,HepatitisB,11.69,08:49:24,2,8,111.2
2026-08-20,HepatitisB,9.23,08:49:54,2,8,111.22
2026-08-20,HepatitisB,15.5,08:50:24,2,8,111.23
2026-08-20,HepatitisB,4.36,08:50:54,2,8,0.0
2026-08-20,HepatitisB,11.37,08:51:24,2,8,111.25
2026-08-20,HepatitisB,14.71,08:51:54,2,8,111.26
2026-08-20,HepatitisB,5.03,08:52:24,2,8,0.0
2026-08-20,HepatitisB,3.54,08:52:54,2,8,0.0
2026-08-20,HepatitisB,16.14,08:53:24,2,8,111.29
2026-08-20,HepatitisB,11.05,08:53:54,2,8,111.3
2026-08-20,HepatitisB,9.58,08:54:24,2,8,111.31
2026-08-20,HepatitisB,10.59,08:54:54,2,8,111.32
2026-08-20,HepatitisB,16.71,08:55:24,2,8,111.33
2026-08-20,HepatitisB,7.39,08:55:54,2,8,0.0
2026-08-20,HepatitisB,6.69,08:56:24,2,8,0.0
2026-08-20,HepatitisB,13.49,08:56:54,2,8,111.37
2026-08-20,HepatitisB,9.19,08:57:24,2,8,111.38
2026-08-20,HepatitisB,2.71,08:57:54,2,8,0.0
2026-08-20,HepatitisB,11.55,08:58:24,2,8,111.4
2026-08-20,HepatitisB,6.37,08:58:54,2,8,0.0
2026-08-20,HepatitisB,17.05,08:59:24,2,8,111.42
2026-08-20,HepatitisB,4.09,08:59:54,2,8,0.0
2026-08-20,HepatitisB,6.34,09:00:24,2,8,0.0
2026-08-20,HepatitisB,17.22,09:00:54,2,8,111.45
2026-08-20,HepatitisB,4.18,09:01:24,2,8,0.0
2026-08-20,HepatitisB,16.28,09:01:54,2,8,111.48
2026-08-20,HepatitisB,9.05,09:02:24,2,8,111.49
2026-08-20,HepatitisB,6.37,09:02:54,2,8,0.0
2026-08-20,HepatitisB,3.19,09:03:24,2,8,0.0
2026-08-20,HepatitisB,6.63,09:03:54,2,8,0.0
2026-08-20,HepatitisB,14.21,09:04:24,2,8,111.53
2026-08-20,HepatitisB,7.52,09:04:54,2,8,0.0
2026-08-20,HepatitisB,7.94,09:05:24,2,8,0.0
2026-08-20,HepatitisB,2.32,09:05:54,2,8,0.0
2026-08-20,HepatitisB,6.39,09:06:24,2,8,0.0
2026-08-20,HepatitisB,16.11,09:06:54,2,8,111.58
2026-08-20,HepatitisB,4.52,09:07:24,2,8,0.0
2026-08-20,HepatitisB,4.71,09:07:54,2,8,0.0
2026-08-20,HepatitisB,6.13,09:08:24,2,8,0.0
2026-08-20,HepatitisB,4.45,09:08:54,2,8,0.0
2026-08-20,HepatitisB,17.1,09:09:24,2,8,111.64
2026-08-20,HepatitisB,9.5,09:09:54,2,8,111.65
2026-08-20,HepatitisB,16.32,09:10:24,2,8,111.66
2026-08-20,HepatitisB,5.15,09:10:54,2,8,0.0
2026-08-20,HepatitisB,5.87,09:11:24,2,8,0.0
2026-08-20,HepatitisB,13.63,09:11:54,2,8,111.69
2026-08-20,HepatitisB,3.38,09:12:24,2,8,0.0
2026-08-20,HepatitisB,10.55,09:12:54,2,8,111.71
2026-08-20,HepatitisB,10.38,09:13:24,2,8,111.72
2026-08-20,HepatitisB,11.08,09:13:54,2,8,111.74
2026-08-20,HepatitisB,17.05,09:14:24,2,8,111.75
2026-08-20,HepatitisB,10.15,09:14:54,2,8,111.76
2026-08-20,HepatitisB,16.03,09:15:24,2,8,111.77
2026-08-20,HepatitisB,11.72,09:15:54,2,8,111.78
2026-08-20,HepatitisB,17.72,09:16:24,2,8,111.79
2026-08-20,HepatitisB,16.75,09:16:54,2,8,111.8
2026-08-20,HepatitisB,17.59,09:17:24,2,8,111.81
2026-08-20,HepatitisB,6.9,09:17:54,2,8,0.0
2026-08-20,HepatitisB,9.36,09:18:24,2,8,111.83
2026-08-20,HepatitisB,17.75,09:18:54,2,8,111.84
2026-08-20,HepatitisB,10.86,09:19:24,2,8,111.85
2026-08-20,HepatitisB,16.9,09:19:54,2,8,111.86
2026-08-20,HepatitisB,17.39,09:20:24,2,8,111.88
2026-08-20,HepatitisB,5.61,09:20:54,2,8,0.0
2026-08-20,HepatitisB,17.35,09:21:24,2,8,111.9
2026-08-20,HepatitisB,11.93,09:21:54,2,8,111.91
2026-08-20,HepatitisB,12.74,09:22:24,2,8,111.92
2026-08-20,HepatitisB,14.66,09:22:54,2,8,111.93
2026-08-20,HepatitisB,14.87,09:23:24,2,8,111.94
2026-08-20,HepatitisB,11.12,09:23:54,2,8,111.95
2026-08-20,HepatitisB,15.92,09:24:24,2,8,111.96
2026-08-20,HepatitisB,3.25,09:24:54,2,8,0.0
2026-08-20,HepatitisB,13.67,09:25:24,2,8,111.98
2026-08-20,HepatitisB,15.94,09:25:54,2,8,112.0
2026-08-20,HepatitisB,12.35,09:26:24,2,8,112.01
2026-08-20,HepatitisB,14.7,09:26:54,2,8,112.02
2026-08-20,HepatitisB,7.47,09:27:24,2,8,0.0
2026-08-20,HepatitisB,10.67,09:27:54,2,8,112.04
2026-08-20,HepatitisB,7.44,09:28:24,2,8,0.0
2026-08-20,HepatitisB,12.9,09:28:54,2,8,112.06
2026-08-20,HepatitisB,11.56,09:29:24,2,8,112.07
2026-08-20,HepatitisB,2.03,09:29:54,2,8,0.0
2026-08-20,HepatitisB,14.32,09:30:24,2,8,112.09
2026-08-20,HepatitisB,17.36,09:30:54,2,8,112.1
2026-08-20,HepatitisB,15.32,09:31:24,2,8,112.11
2026-08-20,HepatitisB,13.7,09:31:54,2,8,112.12
2026-08-20,HepatitisB,17.3,09:32:24,2,8,112.14
2026-08-20,HepatitisB,10.79,09:32:54,2,8,112.15
2026-08-20,HepatitisB,6.2,09:33:24,2,8,0.0
2026-08-20,HepatitisB,14.57,09:33:54,2,8,112.17
2026-08-20,HepatitisB,7.88,09:34:24,2,8,0.0
2026-08-20,HepatitisB,13.95,09:34:54,2,8,112.19
2026-08-20,HepatitisB,14.59,09:35:24,2,8,112.2
2026-08-20,HepatitisB,10.36,09:35:54,2,8,112.21
2026-08-20,HepatitisB,4.18,09:36:24,2,8,0.0
2026-08-20,HepatitisB,15.79,09:36:54,2,8,112.23
2026-08-20,HepatitisB,12.35,09:37:24,2,8,112.24
2026-08-20,HepatitisB,17.79,09:37:54,2,8,112.25
2026-08-20,HepatitisB,10.0,09:38:24,2,8,112.27
2026-08-20,HepatitisB,3.94,09:38:54,2,8,0.0
2026-08-20,HepatitisB,9.88,09:39:24,2,8,112.29
2026-08-20,HepatitisB,4.06,09:39:54,2,8,0.0
2026-08-20,HepatitisB,6.6,09:40:24,2,8,0.0
2026-08-20,HepatitisB,13.61,09:40:54,2,8,112.32
2026-08-20,HepatitisB,12.49,09:41:24,2,8,112.33
2026-08-20,HepatitisB,3.2,09:41:54,2,8,0.0
2026-08-20,HepatitisB,12.05,09:42:24,2,8,112.35
2026-08-20,HepatitisB,9.19,09:42:54,2,8,112.36
2026-08-20,HepatitisB,9.56,09:43:24,2,8,112.37
2026-08-20,HepatitisB,15.81,09:43:54,2,8,112.39
2026-08-20,HepatitisB,6.53,09:44:24,2,8,0.0
2026-08-20,HepatitisB,13.18,09:44:54,2,8,112.41
2026-08-20,HepatitisB,14.99,09:45:24,2,8,112.42
2026-08-20,HepatitisB,5.51,09:45:54,2,8,0.0
2026-08-20,HepatitisB,2.15,09:46:24,2,8,0.0
2026-08-20,HepatitisB,12.81,09:46:54,2,8,112.45
2026-08-20,HepatitisB,16.13,09:47:24,2,8,112.46
2026-08-20,HepatitisB,17.38,09:47:54,2,8,112.47
2026-08-20,HepatitisB,13.71,09:48:24,2,8,112.48
2026-08-20,HepatitisB,7.51,09:48:54,2,8,0.0
2026-08-20,HepatitisB,5.51,09:49:24,2,8,0.0
2026-08-20,HepatitisB,4.35,09:49:54,2,8,0.0
2026-08-20,HepatitisB,14.97,09:50:24,2,8,112.53
2026-08-20,HepatitisB,12.28,09:50:54,2,8,112.54
2026-08-20,HepatitisB,6.8,09:51:24,2,8,0.0
2026-08-20,HepatitisB,6.63,09:51:54,2,8,0.0
2026-08-20,HepatitisB,12.41,09:52:24,2,8,112.57
2026-08-20,HepatitisB,10.77,09:52:54,2,8,112.58
2026-08-20,HepatitisB,2.84,09:53:24,2,8,0.0
2026-08-20,HepatitisB,2.59,09:53:54,2,8,0.0
2026-08-20,HepatitisB,6.17,09:54:24,2,8,0.0
2026-08-20,HepatitisB,17.48,09:54:54,2,8,112.62
2026-08-20,HepatitisB,13.77,09:55:24,2,8,112.63
2026-08-20,HepatitisB,11.35,09:55:54,2,8,112.65
2026-08-20,HepatitisB,2.47,09:56:24,2,8,0.0
2026-08-20,HepatitisB,16.38,09:56:54,2,8,112.67
2026-08-20,HepatitisB,3.91,09:57:24,2,8,0.0
2026-08-20,HepatitisB,16.23,09:57:54,2,8,112.69
2026-08-20,HepatitisB,3.1,09:58:24,2,8,0.0
2026-08-20,HepatitisB,15.42,09:58:54,2,8,112.71
2026-08-20,HepatitisB,17.91,09:59:24,2,8,112.72
2026-08-20,HepatitisB,12.06,09:59:54,2,8,112.73
2026-08-20,HepatitisB,15.01,10:00:24,2,8,112.74
2026-08-20,HepatitisB,12.61,10:00:54,2,8,112.75
2026-08-20,HepatitisB,5.1,10:01:24,2,8,0.0
2026-08-20,HepatitisB,14.68,10:01:54,2,8,112.78
2026-08-20,HepatitisB,12.87,10:02:24,2,8,112.79
2026-08-20,HepatitisB,2.3,10:02:54,2,8,0.0
2026-08-20,HepatitisB,14.51,10:03:24,2,8,112.81
2026-08-20,HepatitisB,11.66,10:03:54,2,8,112.82
2026-08-20,HepatitisB,5.93,10:04:24,2,8,0.0
2026-08-20,HepatitisB,14.8,10:04:54,2,8,112.84
2026-08-20,HepatitisB,14.29,10:05:24,2,8,112.85
2026-08-20,HepatitisB,4.05,10:05:54,2,8,0.0
2026-08-20,HepatitisB,11.19,10:06:24,2,8,112.87
2026-08-20,HepatitisB,14.41,10:06:54,2,8,112.88
2026-08-20,HepatitisB,7.41,10:07:24,2,8,0.0
2026-08-20,HepatitisB,6.36,10:07:54,2,8,0.0
2026-08-20,HepatitisB,12.24,10:08:24,2,8,112.92
2026-08-20,HepatitisB,13.32,10:08:54,2,8,112.93
2026-08-20,HepatitisB,17.86,10:09:24,2,8,112.94
2026-08-20,HepatitisB,2.85,10:09:54,2,8,0.0
2026-08-20,HepatitisB,4.91,10:10:24,2,8,0.0
2026-08-20,HepatitisB,12.4,10:10:54,2,8,112.97
2026-08-20,HepatitisB,12.35,10:11:24,2,8,112.98
2026-08-20,HepatitisB,11.78,10:11:54,2,8,112.99
2026-08-20,HepatitisB,6.69,10:12:24,2,8,0.0
2026-08-20,HepatitisB,14.19,10:12:54,2,8,113.01
2026-08-20,HepatitisB,9.68,10:13:24,2,8,113.02
2026-08-20,HepatitisB,2.94,10:13:54,2,8,0.0
2026-08-20,HepatitisB,11.69,10:14:24,2,8,113.05
2026-08-20,HepatitisB,7.37,10:14:54,2,8,0.0
2026-08-20,HepatitisB,10.95,10:15:24,2,8,113.07
2026-08-20,HepatitisB,3.53,10:15:54,2,8,0.0
2026-08-20,HepatitisB,17.95,10:16:24,2,8,113.09
2026-08-20,HepatitisB,15.0,10:16:54,2,8,113.1
2026-08-20,HepatitisB,17.17,10:17:24,2,8,113.11
2026-08-20,HepatitisB,6.35,10:17:54,2,8,0.0
2026-08-20,HepatitisB,2.15,10:18:24,2,8,0.0
2026-08-20,HepatitisB,17.76,10:18:54,2,8,113.14
2026-08-20,HepatitisB,11.89,10:19:24,2,8,113.15
2026-08-20,HepatitisB,2.46,10:19:54,2,8,0.0
2026-08-20,HepatitisB,4.33,10:20:24,2,8,0.0
2026-08-20,HepatitisB,2.88,10:20:54,2,8,0.0
2026-08-20,HepatitisB,17.38,10:21:24,2,8,113.2
2026-08-20,HepatitisB,16.38,10:21:54,2,8,113.21
2026-08-20,HepatitisB,13.51,10:22:24,2,8,113.22
2026-08-20,HepatitisB,14.69,10:22:54,2,8,113.23
2026-08-20,HepatitisB,14.89,10:23:24,2,8,113.24
2026-08-20,HepatitisB,14.25,10:23:54,2,8,113.25
2026-08-20,HepatitisB,13.63,10:24:24,2,8,113.26
2026-08-20,HepatitisB,14.04,10:24:54,2,8,113.27
2026-08-20,HepatitisB,11.57,10:25:24,2,8,113.28
2026-08-20,HepatitisB,17.64,10:25:54,2,8,113.3
2026-08-20,HepatitisB,4.56,10:26:24,2,8,0.0
2026-08-20,HepatitisB,11.71,10:26:54,2,8,113.32
2026-08-20,HepatitisB,17.05,10:27:24,2,8,113.33
2026-08-20,HepatitisB,2.57,10:27:54,2,8,0.0
2026-08-20,HepatitisB,9.51,10:28:24,2,8,113.35
2026-08-20,HepatitisB,7.05,10:28:54,2,8,0.0
2026-08-20,HepatitisB,17.48,10:29:24,2,8,113.37
2026-08-20,HepatitisB,12.31,10:29:54,2,8,113.38
2026-08-20,HepatitisB,15.03,10:30:24,2,8,113.39
2026-08-20,HepatitisB,14.08,10:30:54,2,8,113.4
2026-08-20,HepatitisB,15.61,10:31:24,2,8,113.41
2026-08-20,HepatitisB,10.02,10:31:54,2,8,113.42
2026-08-20,HepatitisB,13.62,10:32:24,2,8,113.44
2026-08-20,HepatitisB,13.12,10:32:54,2,8,113.45
2026-08-20,HepatitisB,7.93,10:33:24,2,8,0.0
2026-08-20,HepatitisB,11.32,10:33:54,2,8,113.47
2026-08-20,HepatitisB,7.11,10:34:24,2,8,0.0
2026-08-20,HepatitisB,14.87,10:34:54,2,8,113.49
2026-08-20,HepatitisB,9.29,10:35:24,2,8,113.5
2026-08-20,HepatitisB,11.92,10:35:54,2,8,113.51
2026-08-20,HepatitisB,17.56,10:36:24,2,8,113.52
2026-08-20,HepatitisB,5.32,10:36:54,2,8,0.0
2026-08-20,HepatitisB,12.01,10:37:24,2,8,113.54
2026-08-20,HepatitisB,10.82,10:37:54,2,8,113.55
2026-08-20,HepatitisB,12.96,10:38:24,2,8,113.57
2026-08-20,HepatitisB,13.83,10:38:54,2,8,113.58
2026-08-20,HepatitisB,15.31,10:39:24,2,8,113.59
2026-08-20,HepatitisB,11.22,10:39:54,2,8,113.6
2026-08-20,HepatitisB,3.79,10:40:24,2,8,0.0
2026-08-20,HepatitisB,3.61,10:40:54,2,8,0.0
2026-08-20,HepatitisB,3.98,10:41:24,2,8,0.0
2026-08-20,HepatitisB,11.56,10:41:54,2,8,113.64
2026-08-20,HepatitisB,13.46,10:42:24,2,8,113.65
2026-08-20,HepatitisB,17.48,10:42:54,2,8,113.66
2026-08-20,HepatitisB,9.62,10:43:24,2,8,113.67
2026-08-20,HepatitisB,11.92,10:43:54,2,8,113.69
2026-08-20,HepatitisB,6.79,10:44:24,2,8,0.0
2026-08-20,HepatitisB,6.97,10:44:54,2,8,0.0
2026-08-20,HepatitisB,9.58,10:45:24,2,8,113.72
2026-08-20,HepatitisB,3.43,10:45:54,2,8,0.0
2026-08-20,HepatitisB,5.03,10:46:24,2,8,0.0
2026-08-20,HepatitisB,4.08,10:46:54,2,8,0.0
2026-08-20,HepatitisB,9.51,10:47:24,2,8,113.76
2026-08-20,HepatitisB,2.26,10:47:54,2,8,0.0
2026-08-20,HepatitisB,15.01,10:48:24,2,8,113.78
2026-08-20,HepatitisB,4.18,10:48:54,2,8,0.0
2026-08-20,HepatitisB,17.35,10:49:24,2,8,113.8
2026-08-20,HepatitisB,14.79,10:49:54,2,8,113.81
2026-08-20,HepatitisB,4.1,10:50:24,2,8,0.0
2026-08-20,HepatitisB,13.64,10:50:54,2,8,113.84
2026-08-20,HepatitisB,15.11,10:51:24,2,8,113.85
2026-08-20,HepatitisB,14.22,10:51:54,2,8,113.86
2026-08-20,HepatitisB,2.1,10:52:24,2,8,0.0
2026-08-20,HepatitisB,13.33,10:52:54,2,8,113.88
2026-08-20,HepatitisB,14.89,10:53:24,2,8,113.89
2026-08-20,HepatitisB,15.73,10:53:54,2,8,113.9
2026-08-20,HepatitisB,12.26,10:54:24,2,8,113.91
2026-08-20,HepatitisB,9.78,10:54:54,2,8,113.92
2026-08-20,HepatitisB,13.15,10:55:24,2,8,113.93
2026-08-20,HepatitisB,12.61,10:55:54,2,8,113.95
2026-08-20,HepatitisB,15.57,10:56:24,2,8,113.96
2026-08-20,HepatitisB,17.46,10:56:54,2,8,113.97
2026-08-20,HepatitisB,14.8,10:57:24,2,8,113.98
2026-08-20,HepatitisB,17.36,10:57:54,2,8,113.99
2026-08-20,HepatitisB,13.64,10:58:24,2,8,114.0
2026-08-20,HepatitisB,5.49,10:58:54,2,8,0.0
2026-08-20,HepatitisB,15.77,10:59:24,2,8,114.02
2026-08-20,HepatitisB,16.16,10:59:54,2,8,114.03
2026-08-20,HepatitisB,10.91,11:00:24,2,8,114.04
2026-08-20,HepatitisB,3.06,11:00:54,2,8,0.0
2026-08-20,HepatitisB,11.17,11:01:24,2,8,114.06
2026-08-20,HepatitisB,11.12,11:01:54,2,8,114.08
2026-08-20,HepatitisB,15.71,11:02:24,2,8,114.09
2026-08-20,HepatitisB,11.53,11:02:54,2,8,114.1
2026-08-20,HepatitisB,2.65,11:03:24,2,8,0.0
2026-08-20,HepatitisB,11.0,11:03:54,2,8,114.12
2026-08-20,HepatitisB,2.51,11:04:24,2,8,0.0
2026-08-20,HepatitisB,12.59,11:04:54,2,8,114.14
2026-08-20,HepatitisB,5.69,11:05:24,2,8,0.0
2026-08-20,HepatitisB,11.84,11:05:54,2,8,114.16
2026-08-20,HepatitisB,2.8,11:06:24,2,8,0.0
2026-08-20,HepatitisB,9.81,11:06:54,2,8,114.18
2026-08-20,HepatitisB,9.58,11:07:24,2,8,114.19
2026-08-20,HepatitisB,7.79,11:07:54,2,8,0.0
2026-08-20,HepatitisB,4.35,11:08:24,2,8,0.0
2026-08-20,HepatitisB,9.91,11:08:54,2,8,114.23
2026-08-20,HepatitisB,5.76,11:09:24,2,8,0.0
2026-08-20,HepatitisB,14.96,11:09:54,2,8,114.25
2026-08-20,HepatitisB,15.38,11:10:24,2,8,114.26
2026-08-20,HepatitisB,6.65,11:10:54,2,8,0.0
2026-08-20,HepatitisB,3.8,11:11:24,2,8,0.0
2026-08-20,HepatitisB,16.45,11:11:54,2,8,114.29
2026-08-20,HepatitisB,13.26,11:12:24,2,8,114.3
2026-08-20,HepatitisB,16.57,11:12:54,2,8,114.31
2026-08-20,HepatitisB,2.49,11:13:24,2,8,0.0
2026-08-20,HepatitisB,11.97,11:13:54,2,8,114.34
2026-08-20,HepatitisB,7.93,11:14:24,2,8,0.0
2026-08-20,HepatitisB,10.23,11:14:54,2,8,114.36
2026-08-20,HepatitisB,17.69,11:15:24,2,8,114.37
2026-08-20,HepatitisB,17.07,11:15:54,2,8,114.38
2026-08-20,HepatitisB,15.84,11:16:24,2,8,114.39
2026-08-20,HepatitisB,13.6,11:16:54,2,8,114.4
2026-08-20,HepatitisB,12.26,11:17:24,2,8,114.41
2026-08-20,HepatitisB,10.02,11:17:54,2,8,114.42
2026-08-20,HepatitisB,2.0,11:18:24,2,8,0.0
2026-08-20,HepatitisB,6.01,11:18:54,2,8,0.0
2026-08-20,HepatitisB,4.64,11:19:24,2,8,0.0
2026-08-20,HepatitisB,12.52,11:19:54,2,8,114.47
2026-08-20,HepatitisB,5.83,11:20:24,2,8,0.0
2026-08-20,HepatitisB,17.6,11:20:54,2,8,114.49
2026-08-20,HepatitisB,4.7,11:21:24,2,8,0.0
2026-08-20,HepatitisB,3.98,11:21:54,2,8,0.0
2026-08-20,HepatitisB,6.71,11:22:24,2,8,0.0
2026-08-20,HepatitisB,5.55,11:22:54,2,8,0.0
2026-08-20,HepatitisB,14.65,11:23:24,2,8,114.54
2026-08-20,HepatitisB,6.42,11:23:54,2,8,0.0
2026-08-20,HepatitisB,16.32,11:24:24,2,8,114.56
2026-08-20,HepatitisB,2.86,11:24:54,2,8,0.0
2026-08-20,HepatitisB,7.66,11:25:24,2,8,0.0
2026-08-20,HepatitisB,14.08,11:25:54,2,8,114.6
2026-08-20,HepatitisB,17.0,11:26:24,2,8,114.61
2026-08-20,HepatitisB,3.58,11:26:54,2,8,0.0
2026-08-20,HepatitisB,7.56,11:27:24,2,8,0.0
2026-08-20,HepatitisB,17.39,11:27:54,2,8,114.64
2026-08-20,HepatitisB,4.81,11:28:24,2,8,0.0
2026-08-20,HepatitisB,9.59,11:28:54,2,8,114.66
2026-08-20,HepatitisB,16.59,11:29:24,2,8,114.67
2026-08-20,HepatitisB,11.49,11:29:54,2,8,114.68
2026-08-20,HepatitisB,12.66,11:30:24,2,8,114.69
2026-08-20,HepatitisB,3.09,11:30:54,2,8,0.0
2026-08-20,HepatitisB,14.48,11:31:24,2,8,114.71
2026-08-20,HepatitisB,12.82,11:31:54,2,8,114.73
2026-08-20,HepatitisB,10.98,11:32:24,2,8,114.74
2026-08-20,HepatitisB,4.92,11:32:54,2,8,0.0
2026-08-20,HepatitisB,3.03,11:33:24,2,8,0.0
2026-08-20,HepatitisB,10.53,11:33:54,2,8,114.77
2026-08-20,HepatitisB,11.65,11:34:24,2,8,114.78
2026-08-20,HepatitisB,5.78,11:34:54,2,8,0.0
2026-08-20,HepatitisB,12.72,11:35:24,2,8,114.8
2026-08-20,HepatitisB,13.54,11:35:54,2,8,114.81
2026-08-20,HepatitisB,7.68,11:36:24,2,8,0.0
2026-08-20,HepatitisB,10.99,11:36:54,2,8,114.83
2026-08-20,HepatitisB,6.66,11:37:24,2,8,0.0
2026-08-20,HepatitisB,16.13,11:37:54,2,8,114.85
2026-08-20,HepatitisB,16.25,11:38:24,2,8,114.87
2026-08-20,HepatitisB,7.42,11:38:54,2,8,0.0
2026-08-20,HepatitisB,4.97,11:39:24,2,8,0.0
2026-08-20,HepatitisB,7.72,11:39:54,2,8,0.0
2026-08-20,HepatitisB,13.45,11:40:24,2,8,114.91
2026-08-20,HepatitisB,17.05,11:40:54,2,8,114.92
2026-08-20,HepatitisB,3.83,11:41:24,2,8,0.0
2026-08-20,HepatitisB,7.82,11:41:54,2,8,0.0
2026-08-20,HepatitisB,14.55,11:42:24,2,8,114.95
2026-08-20,HepatitisB,9.62,11:42:54,2,8,114.96
2026-08-20,HepatitisB,3.27,11:43:24,2,8,0.0
2026-08-20,HepatitisB,5.29,11:43:54,2,8,0.0
2026-08-20,HepatitisB,12.62,11:44:24,2,8,115.0
2026-08-20,HepatitisB,6.03,11:44:54,2,8,0.0
2026-08-20,HepatitisB,2.01,11:45:24,2,8,0.0
2026-08-20,HepatitisB,16.71,11:45:54,2,8,115.03
2026-08-20,HepatitisB,6.94,11:46:24,2,8,0.0
2026-08-20,HepatitisB,15.21,11:46:54,2,8,115.05
2026-08-20,HepatitisB,9.7,11:47:24,2,8,115.06
2026-08-20,HepatitisB,12.38,11:47:54,2,8,115.07
2026-08-20,HepatitisB,6.79,11:48:24,2,8,0.0
2026-08-20,HepatitisB,7.61,11:48:54,2,8,0.0
2026-08-20,HepatitisB,10.39,11:49:24,2,8,115.1
2026-08-20,HepatitisB,9.95,11:49:54,2,8,115.11
2026-08-20,HepatitisB,14.21,11:50:24,2,8,115.13
2026-08-20,HepatitisB,4.0,11:50:54,2,8,0.0
2026-08-20,HepatitisB,16.16,11:51:24,2,8,115.15
2026-08-20,HepatitisB,10.02,11:51:54,2,8,115.16
2026-08-20,HepatitisB,15.32,11:52:24,2,8,115.17
2026-08-20,HepatitisB,11.06,11:52:54,2,8,115.18
2026-08-20,HepatitisB,12.15,11:53:24,2,8,115.19
2026-08-20,HepatitisB,10.63,11:53:54,2,8,115.2
2026-08-20,HepatitisB,16.27,11:54:24,2,8,115.21
2026-08-20,HepatitisB,13.33,11:54:54,2,8,115.22
2026-08-20,HepatitisB,16.12,11:55:24,2,8,115.23
2026-08-20,HepatitisB,10.77,11:55:54,2,8,115.25
2026-08-20,HepatitisB,5.08,11:56:24,2,8,0.0
2026-08-20,HepatitisB,12.19,11:56:54,2,8,115.27
2026-08-20,HepatitisB,13.23,11:57:24,2,8,115.28
2026-08-20,HepatitisB,15.65,11:57:54,2,8,115.29
2026-08-20,HepatitisB,14.49,11:58:24,2,8,115.3
2026-08-20,HepatitisB,12.25,11:58:54,2,8,115.31
2026-08-20,HepatitisB,5.23,11:59:24,2,8,0.0
2026-08-20,HepatitisB,16.79,11:59:54,2,8,115.33
2026-08-20,HepatitisB,13.39,12:00:24,2,8,115.34
2026-08-20,HepatitisB,16.95,12:00:54,2,8,115.35
2026-08-20,HepatitisB,5.46,12:01:24,2,8,0.0
2026-08-20,HepatitisB,17.53,12:01:54,2,8,115.38
2026-08-20,HepatitisB,4.21,12:02:24,2,8,0.0
2026-08-20,HepatitisB,10.19,12:02:54,2,8,115.4
2026-08-20,HepatitisB,13.0,12:03:24,2,8,115.41
2026-08-20,HepatitisB,15.51,12:03:54,2,8,115.42
2026-08-20,HepatitisB,4.91,12:04:24,2,8,0.0
2026-08-20,HepatitisB,16.12,12:04:54,2,8,115.44
2026-08-20,HepatitisB,6.05,12:05:24,2,8,0.0
2026-08-20,HepatitisB,10.5,12:05:54,2,8,115.46
2026-08-20,HepatitisB,15.32,12:06:24,2,8,115.47
2026-08-20,HepatitisB,9.64,12:06:54,2,8,115.48
2026-08-20,HepatitisB,10.93,12:07:24,2,8,115.49
2026-08-20,HepatitisB,2.55,12:07:54,2,8,0.0
2026-08-20,HepatitisB,14.1,12:08:24,2,8,115.52
2026-08-20,HepatitisB,14.36,12:08:54,2,8,115.53
2026-08-20,HepatitisB,5.4,12:09:24,2,8,0.0
2026-08-20,HepatitisB,4.25,12:09:54,2,8,0.0
2026-08-20,HepatitisB,17.45,12:10:24,2,8,115.56
2026-08-20,HepatitisB,15.15,12:10:54,2,8,115.57
2026-08-20,HepatitisB,15.51,12:11:24,2,8,115.58
2026-08-20,HepatitisB,13.32,12:11:54,2,8,115.59
2026-08-20,HepatitisB,14.97,12:12:24,2,8,115.6
2026-08-20,HepatitisB,16.77,12:12:54,2,8,115.61
2026-08-20,HepatitisB,3.76,12:13:24,2,8,0.0
2026-08-20,HepatitisB,10.92,12:13:54,2,8,115.64
2026-08-20,HepatitisB,13.59,12:14:24,2,8,115.65
2026-08-20,HepatitisB,15.84,12:14:54,2,8,115.66
2026-08-20,HepatitisB,15.79,12:15:24,2,8,115.67
2026-08-20,HepatitisB,9.43,12:15:54,2,8,115.68
2026-08-20,HepatitisB,4.7,12:16:24,2,8,0.0
2026-08-20,HepatitisB,17.83,12:16:54,2,8,115.7
2026-08-20,HepatitisB,16.02,12:17:24,2,8,115.71
2026-08-20,HepatitisB,16.45,12:17:54,2,8,115.72
2026-08-20,HepatitisB,15.79,12:18:24,2,8,115.73
2026-08-20,HepatitisB,10.68,12:18:54,2,8,115.74
2026-08-20,HepatitisB,13.39,12:19:24,2,8,115.75
2026-08-20,HepatitisB,15.36,12:19:54,2,8,115.77
2026-08-20,HepatitisB,16.67,12:20:24,2,8,115.78
2026-08-20,HepatitisB,11.41,12:20:54,2,8,115.79
2026-08-20,HepatitisB,4.57,12:21:24,2,8,0.0
2026-08-20,HepatitisB,7.34,12:21:54,2,8,0.0
2026-08-20,HepatitisB,2.22,12:22:24,2,8,0.0
2026-08-20,HepatitisB,6.28,12:22:54,2,8,0.0
2026-08-20,HepatitisB,2.61,12:23:24,2,8,0.0
2026-08-20,HepatitisB,13.03,12:23:54,2,8,115.85
2026-08-20,HepatitisB,10.51,12:24:24,2,8,115.86
2026-08-20,HepatitisB,14.19,12:24:54,2,8,115.87
2026-08-20,HepatitisB,14.84,12:25:24,2,8,115.88
2026-08-20,HepatitisB,12.7,12:25:54,2,8,115.9
2026-08-20,HepatitisB,17.12,12:26:24,2,8,115.91
2026-08-20,HepatitisB,10.08,12:26:54,2,8,115.92
2026-08-20,HepatitisB,7.85,12:27:24,2,8,0.0
2026-08-20,HepatitisB,5.49,12:27:54,2,8,0.0
2026-08-20,HepatitisB,10.42,12:28:24,2,8,115.95
2026-08-20,HepatitisB,14.8,12:28:54,2,8,115.96
2026-08-20,HepatitisB,10.7,12:29:24,2,8,115.97
2026-08-20,HepatitisB,6.89,12:29:54,2,8,0.0
2026-08-20,HepatitisB,10.08,12:30:24,2,8,115.99
2026-08-20,HepatitisB,14.09,12:30:54,2,8,116.0
2026-08-20,HepatitisB,6.1,12:31:24,2,8,0.0
2026-08-20,HepatitisB,14.99,12:31:54,2,8,116.03
2026-08-20,HepatitisB,13.59,12:32:24,2,8,116.04
2026-08-20,HepatitisB,10.11,12:32:54,2,8,116.05
2026-08-20,HepatitisB,14.81,12:33:24,2,8,116.06
2026-08-20,HepatitisB,3.53,12:33:54,2,8,0.0
2026-08-20,HepatitisB,9.31,12:34:24,2,8,116.08
2026-08-20,HepatitisB,12.63,12:34:54,2,8,116.09
2026-08-20,HepatitisB,13.74,12:35:24,2,8,116.1
2026-08-20,HepatitisB,13.79,12:35:54,2,8,116.11
2026-08-20,HepatitisB,4.71,12:36:24,2,8,0.0
2026-08-20,HepatitisB,11.83,12:36:54,2,8,116.13
2026-08-20,HepatitisB,9.03,12:37:24,2,8,116.14
2026-08-20,HepatitisB,14.37,12:37:54,2,8,116.16
2026-08-20,HepatitisB,5.95,12:38:24,2,8,0.0
2026-08-20,HepatitisB,9.54,12:38:54,2,8,116.18
2026-08-20,HepatitisB,13.03,12:39:24,2,8,116.19
2026-08-20,HepatitisB,11.03,12:39:54,2,8,116.2
2026-08-20,HepatitisB,13.54,12:40:24,2,8,116.21
2026-08-20,HepatitisB,13.41,12:40:54,2,8,116.22
2026-08-20,HepatitisB,11.77,12:41:24,2,8,116.23
2026-08-20,HepatitisB,5.82,12:41:54,2,8,0.0
2026-08-20,HepatitisB,14.73,12:42:24,2,8,116.25
2026-08-20,HepatitisB,15.76,12:42:54,2,8,116.26
2026-08-20,HepatitisB,15.48,12:43:24,2,8,116.27
2026-08-20,HepatitisB,16.74,12:43:54,2,8,116.29
2026-08-20,HepatitisB,17.86,12:44:24,2,8,116.3
2026-08-20,HepatitisB,12.11,12:44:54,2,8,116.31
2026-08-20,HepatitisB,9.87,12:45:24,2,8,116.32
2026-08-20,HepatitisB,13.31,12:45:54,2,8,116.33
2026-08-20,HepatitisB,13.67,12:46:24,2,8,116.34
2026-08-20,HepatitisB,16.18,12:46:54,2,8,116.35
2026-08-20,HepatitisB,13.26,12:47:24,2,8,116.36
2026-08-20,HepatitisB,6.81,12:47:54,2,8,0.0
2026-08-20,HepatitisB,15.87,12:48:24,2,8,116.38
2026-08-20,HepatitisB,15.86,12:48:54,2,8,116.39
2026-08-20,HepatitisB,14.72,12:49:24,2,8,116.4
2026-08-20,HepatitisB,17.41,12:49:54,2,8,116.42
2026-08-20,HepatitisB,11.33,12:50:24,2,8,116.43
2026-08-20,HepatitisB,12.73,12:50:54,2,8,116.44
2026-08-20,HepatitisB,16.06,12:51:24,2,8,116.45
2026-08-20,HepatitisB,7.26,12:51:54,2,8,0.0
2026-08-20,HepatitisB,5.89,12:52:24,2,8,0.0
2026-08-20,HepatitisB,10.55,12:52:54,2,8,116.48
2026-08-20,HepatitisB,15.93,12:53:24,2,8,116.49
2026-08-20,HepatitisB,7.93,12:53:54,2,8,0.0
2026-08-20,HepatitisB,15.38,12:54:24,2,8,116.51
2026-08-20,HepatitisB,13.57,12:54:54,2,8,116.52
2026-08-20,HepatitisB,4.47,12:55:24,2,8,0.0
2026-08-20,HepatitisB,4.92,12:55:54,2,8,0.0
2026-08-20,HepatitisB,16.58,12:56:24,2,8,116.56
2026-08-20,HepatitisB,15.35,12:56:54,2,8,116.57
2026-08-20,HepatitisB,12.71,12:57:24,2,8,116.58
2026-08-20,HepatitisB,2.94,12:57:54,2,8,0.0
2026-08-20,HepatitisB,12.74,12:58:24,2,8,116.6
2026-08-20,HepatitisB,4.83,12:58:54,2,8,0.0
2026-08-20,HepatitisB,17.56,12:59:24,2,8,116.62
2026-08-20,HepatitisB,4.62,12:59:54,2,8,0.0
2026-08-20,HepatitisB,13.48,13:00:24,2,8,116.64
2026-08-20,HepatitisB,9.28,13:00:54,2,8,116.65
2026-08-20,HepatitisB,11.29,13:01:24,2,8,116.66
2026-08-20,HepatitisB,5.23,13:01:54,2,8,0.0
2026-08-20,HepatitisB,6.93,13:02:24,2,8,0.0
2026-08-20,HepatitisB,6.8,13:02:54,2,8,0.0
2026-08-20,HepatitisB,5.26,13:03:24,2,8,0.0
2026-08-20,HepatitisB,6.39,13:03:54,2,8,0.0
2026-08-20,HepatitisB,10.36,13:04:24,2,8,116.73
2026-08-20,HepatitisB,14.23,13:04:54,2,8,116.74
2026-08-20,HepatitisB,15.59,13:05:24,2,8,116.75
2026-08-20,HepatitisB,10.3,13:05:54,2,8,116.76
2026-08-20,HepatitisB,6.69,13:06:24,2,8,0.0
2026-08-20,HepatitisB,14.51,13:06:54,2,8,116.78
2026-08-20,HepatitisB,15.48,13:07:24,2,8,116.79
2026-08-20,HepatitisB,6.05,13:07:54,2,8,0.0
2026-08-20,HepatitisB,5.5,13:08:24,2,8,0.0
2026-08-20,HepatitisB,7.85,13:08:54,2,8,0.0
2026-08-20,HepatitisB,16.3,13:09:24,2,8,116.84
2026-08-20,HepatitisB,10.33,13:09:54,2,8,116.85
2026-08-20,HepatitisB,11.78,13:10:24,2,8,116.86
2026-08-20,HepatitisB,15.88,13:10:54,2,8,116.87
2026-08-20,HepatitisB,7.73,13:11:24,2,8,0.0
2026-08-20,HepatitisB,7.15,13:11:54,2,8,0.0
2026-08-20,HepatitisB,10.38,13:12:24,2,8,116.9
2026-08-20,HepatitisB,7.1,13:12:54,2,8,0.0
2026-08-20,HepatitisB,11.37,13:13:24,2,8,116.92
2026-08-20,HepatitisB,16.98,13:13:54,2,8,116.94
2026-08-20,HepatitisB,9.73,13:14:24,2,8,116.95
2026-08-20,HepatitisB,15.93,13:14:54,2,8,116.96
2026-08-20,HepatitisB,12.61,13:15:24,2,8,116.97
2026-08-20,HepatitisB,16.95,13:15:54,2,8,116.98
2026-08-20,HepatitisB,13.89,13:16:24,2,8,116.99
2026-08-20,HepatitisB,2.72,13:16:54,2,8,0.0
2026-08-20,HepatitisB,12.65,13:17:24,2,8,117.01
2026-08-20,HepatitisB,15.75,13:17:54,2,8,117.02
2026-08-20,HepatitisB,9.77,13:18:24,2,8,117.03
2026-08-20,HepatitisB,5.82,13:18:54,2,8,0.0
2026-08-20,HepatitisB,9.08,13:19:24,2,8,117.05
2026-08-20,HepatitisB,10.5,13:19:54,2,8,117.06
2026-08-20,HepatitisB,7.05,13:20:24,2,8,0.0
2026-08-20,HepatitisB,3.55,13:20:54,2,8,0.0
2026-08-20,HepatitisB,13.51,13:21:24,2,8,117.1
2026-08-20,HepatitisB,12.11,13:21:54,2,8,117.11
2026-08-20,HepatitisB,16.73,13:22:24,2,8,117.12
2026-08-20,HepatitisB,13.84,13:22:54,2,8,117.13
2026-08-20,HepatitisB,10.01,13:23:24,2,8,117.14
2026-08-20,HepatitisB,10.51,13:23:54,2,8,117.15
2026-08-20,HepatitisB,5.03,13:24:24,2,8,0.0
2026-08-20,HepatitisB,9.25,13:24:54,2,8,117.17
2026-08-20,HepatitisB,14.46,13:25:24,2,8,117.18
2026-08-20,HepatitisB,11.26,13:25:54,2,8,117.2
2026-08-20,HepatitisB,7.28,13:26:24,2,8,0.0
2026-08-20,HepatitisB,12.11,13:26:54,2,8,117.22
2026-08-20,HepatitisB,17.06,13:27:24,2,8,117.23
2026-08-20,HepatitisB,5.68,13:27:54,2,8,0.0
2026-08-20,HepatitisB,4.52,13:28:24,2,8,0.0
2026-08-20,HepatitisB,5.58,13:28:54,2,8,0.0
2026-08-20,HepatitisB,6.37,13:29:24,2,8,0.0
2026-08-20,HepatitisB,14.6,13:29:54,2,8,117.28
2026-08-20,HepatitisB,5.19,13:30:24,2,8,0.0
2026-08-20,HepatitisB,6.47,13:30:54,2,8,0.0
2026-08-20,HepatitisB,5.67,13:31:24,2,8,0.0
2026-08-20,HepatitisB,10.77,13:31:54,2,8,117.33
2026-08-20,HepatitisB,15.08,13:32:24,2,8,117.34
2026-08-20,HepatitisB,16.73,13:32:54,2,8,117.35
2026-08-20,HepatitisB,10.64,13:33:24,2,8,117.36
2026-08-20,HepatitisB,12.35,13:33:54,2,8,117.37
2026-08-20,HepatitisB,11.58,13:34:24,2,8,117.38
2026-08-20,HepatitisB,14.48,13:34:54,2,8,117.39
2026-08-20,HepatitisB,3.55,13:35:24,2,8,0.0
2026-08-20,HepatitisB,7.58,13:35:54,2,8,0.0
2026-08-20,HepatitisB,12.29,13:36:24,2,8,117.42
2026-08-20,HepatitisB,13.04,13:36:54,2,8,117.43
2026-08-20,HepatitisB,3.84,13:37:24,2,8,0.0
2026-08-20,HepatitisB,14.27,13:37:54,2,8,117.45
2026-08-20,HepatitisB,17.36,13:38:24,2,8,117.47
2026-08-20,HepatitisB,13.98,13:38:54,2,8,117.48
2026-08-20,HepatitisB,4.36,13:39:24,2,8,0.0
2026-08-20,HepatitisB,2.46,13:39:54,2,8,0.0
2026-08-20,HepatitisB,2.56,13:40:24,2,8,0.0
2026-08-20,HepatitisB,2.14,13:40:54,2,8,0.0
2026-08-20,HepatitisB,2.98,13:41:24,2,8,0.0
2026-08-20,HepatitisB,2.2,13:41:54,2,8,0.0
2026-08-20,HepatitisB,4.78,13:42:24,2,8,0.0
2026-08-20,HepatitisB,15.25,13:42:54,2,8,117.56
2026-08-20,HepatitisB,15.42,13:43:24,2,8,117.57
2026-08-20,HepatitisB,12.02,13:43:54,2,8,117.59
2026-08-20,HepatitisB,9.95,13:44:24,2,8,117.6
2026-08-20,HepatitisB,15.76,13:44:54,2,8,117.61
2026-08-20,HepatitisB,14.59,13:45:24,2,8,117.62
2026-08-20,HepatitisB,14.99,13:45:54,2,8,117.63
2026-08-20,HepatitisB,12.21,13:46:24,2,8,117.64
2026-08-20,HepatitisB,9.64,13:46:54,2,8,117.65
2026-08-20,HepatitisB,14.37,13:47:24,2,8,117.66
2026-08-20,HepatitisB,12.7,13:47:54,2,8,117.67
2026-08-20,HepatitisB,10.19,13:48:24,2,8,117.68
2026-08-20,HepatitisB,11.99,13:48:54,2,8,117.69
2026-08-20,HepatitisB,15.36,13:49:24,2,8,117.7
2026-08-20,HepatitisB,13.22,13:49:54,2,8,117.72
2026-08-20,HepatitisB,4.68,13:50:24,2,8,0.0
2026-08-20,HepatitisB,12.13,13:50:54,2,8,117.74
2026-08-20,HepatitisB,15.64,13:51:24,2,8,117.75
2026-08-20,HepatitisB,10.47,13:51:54,2,8,117.76
2026-08-20,HepatitisB,17.21,13:52:24,2,8,117.77
2026-08-20,HepatitisB,16.88,13:52:54,2,8,117.78
2026-08-20,HepatitisB,13.99,13:53:24,2,8,117.79
2026-08-20,HepatitisB,14.98,13:53:54,2,8,117.8
2026-08-20,HepatitisB,13.13,13:54:24,2,8,117.81
2026-08-20,HepatitisB,5.29,13:54:54,2,8,0.0
2026-08-20,HepatitisB,12.56,13:55:24,2,8,117.83
2026-08-20,HepatitisB,4.89,13:55:54,2,8,0.0
2026-08-20,HepatitisB,13.78,13:56:24,2,8,117.86
2026-08-20,HepatitisB,14.94,13:56:54,2,8,117.87
2026-08-20,HepatitisB,12.41,13:57:24,2,8,117.88
2026-08-20,HepatitisB,5.62,13:57:54,2,8,0.0
2026-08-20,HepatitisB,14.05,13:58:24,2,8,117.9
2026-08-20,HepatitisB,9.22,13:58:54,2,8,117.91
2026-08-20,HepatitisB,10.4,13:59:24,2,8,117.92
2026-08-20,HepatitisB,4.35,13:59:54,2,8,0.0
2026-08-20,HepatitisB,6.88,14:00:24,2,8,0.0
2026-08-20,HepatitisB,5.92,14:00:54,2,8,0.0
2026-08-20,HepatitisB,12.63,14:01:24,2,8,117.96
2026-08-20,HepatitisB,15.91,14:01:54,2,8,117.98
2026-08-20,HepatitisB,16.2,14:02:24,2,8,117.99
2026-08-20,HepatitisB,5.21,14:02:54,2,8,0.0
2026-08-20,HepatitisB,12.57,14:03:24,2,8,118.01
2026-08-20,HepatitisB,4.63,14:03:54,2,8,0.0
2026-08-20,HepatitisB,7.27,14:04:24,2,8,0.0
2026-08-20,HepatitisB,11.36,14:04:54,2,8,118.04
2026-08-20,HepatitisB,17.4,14:05:24,2,8,118.05
2026-08-20,HepatitisB,15.01,14:05:54,2,8,118.06
2026-08-20,HepatitisB,12.72,14:06:24,2,8,118.07
2026-08-20,HepatitisB,12.28,14:06:54,2,8,118.08
2026-08-20,HepatitisB,17.86,14:07:24,2,8,118.09
2026-08-20,HepatitisB,11.06,14:07:54,2,8,118.1
2026-08-20,HepatitisB,13.92,14:08:24,2,8,118.12
2026-08-20,HepatitisB,12.49,14:08:54,2,8,118.13
2026-08-20,HepatitisB,13.75,14:09:24,2,8,118.14
2026-08-20,HepatitisB,12.22,14:09:54,2,8,118.15
2026-08-20,HepatitisB,10.48,14:10:24,2,8,118.16
2026-08-20,HepatitisB,2.97,14:10:54,2,8,0.0
2026-08-20,HepatitisB,10.24,14:11:24,2,8,118.18
2026-08-20,HepatitisB,6.45,14:11:54,2,8,0.0
2026-08-20,HepatitisB,15.73,14:12:24,2,8,118.2
2026-08-20,HepatitisB,17.94,14:12:54,2,8,118.21
2026-08-20,HepatitisB,6.95,14:13:24,2,8,0.0
2026-08-20,HepatitisB,10.0,14:13:54,2,8,118.24
2026-08-20,HepatitisB,13.75,14:14:24,2,8,118.25
2026-08-20,HepatitisB,15.36,14:14:54,2,8,118.26
2026-08-20,HepatitisB,16.26,14:15:24,2,8,118.27
2026-08-20,HepatitisB,15.55,14:15:54,2,8,118.28
2026-08-20,HepatitisB,7.46,14:16:24,2,8,0.0
2026-08-20,HepatitisB,12.39,14:16:54,2,8,118.3
2026-08-20,HepatitisB,10.5,14:17:24,2,8,118.31
2026-08-20,HepatitisB,11.03,14:17:54,2,8,118.32
2026-08-20,HepatitisB,14.02,14:18:24,2,8,118.33
2026-08-20,HepatitisB,15.74,14:18:54,2,8,118.34
2026-08-20,HepatitisB,16.12,14:19:24,2,8,118.35
2026-08-20,HepatitisB,11.59,14:19:54,2,8,118.36
2026-08-20,HepatitisB,5.7,14:20:24,2,8,0.0
2026-08-20,HepatitisB,10.03,14:20:54,2,8,118.39
2026-08-20,HepatitisB,12.79,14:21:24,2,8,118.4
2026-08-20,HepatitisB,17.47,14:21:54,2,8,118.41
2026-08-20,HepatitisB,6.64,14:22:24,2,8,0.0
2026-08-20,HepatitisB,5.06,14:22:54,2,8,0.0
2026-08-20,HepatitisB,9.88,14:23:24,2,8,118.44
2026-08-20,HepatitisB,6.0,14:23:54,2,8,0.0
2026-08-20,HepatitisB,12.97,14:24:24,2,8,118.46
2026-08-20,HepatitisB,9.53,14:24:54,2,8,118.47
2026-08-20,HepatitisB,13.47,14:25:24,2,8,118.48
2026-08-20,HepatitisB,5.98,14:25:54,2,8,0.0
2026-08-20,HepatitisB,17.14,14:26:24,2,8,118.51
2026-08-20,HepatitisB,14.89,14:26:54,2,8,118.52
2026-08-20,HepatitisB,3.93,14:27:24,2,8,0.0
2026-08-20,HepatitisB,3.46,14:27:54,2,8,0.0
2026-08-20,HepatitisB,5.53,14:28:24,2,8,0.0
2026-08-20,HepatitisB,9.67,14:28:54,2,8,118.56
2026-08-20,HepatitisB,7.63,14:29:24,2,8,0.0
2026-08-20,HepatitisB,4.26,14:29:54,2,8,0.0
2026-08-20,HepatitisB,11.5,14:30:24,2,8,118.59
2026-08-20,HepatitisB,7.37,14:30:54,2,8,0.0
2026-08-20,HepatitisB,17.25,14:31:24,2,8,118.61
2026-08-20,HepatitisB,12.63,14:31:54,2,8,118.62
2026-08-20,HepatitisB,11.86,14:32:24,2,8,118.64
2026-08-20,HepatitisB,5.62,14:32:54,2,8,0.0
2026-08-20,HepatitisB,13.05,14:33:24,2,8,118.66
2026-08-20,HepatitisB,12.57,14:33:54,2,8,118.67
2026-08-20,HepatitisB,2.93,14:34:24,2,8,0.0
2026-08-20,HepatitisB,13.15,14:34:54,2,8,118.69
2026-08-20,HepatitisB,10.05,14:35:24,2,8,118.7
2026-08-20,HepatitisB,4.56,14:35:54,2,8,0.0
2026-08-20,HepatitisB,4.49,14:36:24,2,8,0.0
2026-08-20,HepatitisB,15.58,14:36:54,2,8,118.73
2026-08-20,HepatitisB,14.8,14:37:24,2,8,118.74
2026-08-20,HepatitisB,4.46,14:37:54,2,8,0.0
2026-08-20,HepatitisB,16.48,14:38:24,2,8,118.77
2026-08-20,HepatitisB,10.45,14:38:54,2,8,118.78
2026-08-20,HepatitisB,11.45,14:39:24,2,8,118.79
2026-08-20,HepatitisB,2.51,14:39:54,2,8,0.0
2026-08-20,HepatitisB,16.81,14:40:24,2,8,118.81
2026-08-20,HepatitisB,11.25,14:40:54,2,8,118.82
2026-08-20,HepatitisB,10.79,14:41:24,2,8,118.83
2026-08-20,HepatitisB,6.06,14:41:54,2,8,0.0
2026-08-20,HepatitisB,10.82,14:42:24,2,8,118.85
2026-08-20,HepatitisB,17.12,14:42:54,2,8,118.86
2026-08-20,HepatitisB,13.82,14:43:24,2,8,118.87
2026-08-20,HepatitisB,17.45,14:43:54,2,8,118.89
2026-08-20,HepatitisB,11.95,14:44:24,2,8,118.9
2026-08-20,HepatitisB,13.92,14:44:54,2,8,118.91
2026-08-20,HepatitisB,16.62,14:45:24,2,8,118.92
2026-08-20,HepatitisB,10.11,14:45:54,2,8,118.93
2026-08-20,HepatitisB,2.6,14:46:24,2,8,0.0
2026-08-20,HepatitisB,2.18,14:46:54,2,8,0.0
2026-08-20,HepatitisB,17.31,14:47:24,2,8,118.96
2026-08-20,HepatitisB,6.26,14:47:54,2,8,0.0
2026-08-20,HepatitisB,5.12,14:48:24,2,8,0.0
2026-08-20,HepatitisB,5.26,14:48:54,2,8,0.0
2026-08-20,HepatitisB,12.95,14:49:24,2,8,119.0
2026-08-20,HepatitisB,2.86,14:49:54,2,8,0.0
2026-08-20,HepatitisB,13.93,14:50:24,2,8,119.03
2026-08-20,HepatitisB,5.18,14:50:54,2,8,0.0
2026-08-20,HepatitisB,10.26,14:51:24,2,8,119.05
2026-08-20,HepatitisB,11.22,14:51:54,2,8,119.06
2026-08-20,HepatitisB,17.26,14:52:24,2,8,119.07
2026-08-20,HepatitisB,17.89,14:52:54,2,8,119.08
2026-08-20,HepatitisB,6.54,14:53:24,2,8,0.0
2026-08-20,HepatitisB,9.33,14:53:54,2,8,119.1
2026-08-20,HepatitisB,15.43,14:54:24,2,8,119.11
2026-08-20,HepatitisB,16.83,14:54:54,2,8,119.12
2026-08-20,HepatitisB,5.52,14:55:24,2,8,0.0
2026-08-20,HepatitisB,11.97,14:55:54,2,8,119.15
2026-08-20,HepatitisB,16.75,14:56:24,2,8,119.16
2026-08-20,HepatitisB,11.71,14:56:54,2,8,119.17
2026-08-20,HepatitisB,4.15,14:57:24,2,8,0.0
2026-08-20,HepatitisB,6.57,14:57:54,2,8,0.0
2026-08-20,HepatitisB,15.99,14:58:24,2,8,119.2
2026-08-20,HepatitisB,17.64,14:58:54,2,8,119.21
2026-08-20,HepatitisB,4.07,14:59:24,2,8,0.0
2026-08-20,HepatitisB,12.41,14:59:54,2,8,119.23
2026-08-20,HepatitisB,16.59,15:00:24,2,8,119.24
2026-08-20,HepatitisB,16.88,15:00:54,2,8,119.25
2026-08-20,HepatitisB,17.18,15:01:24,2,8,119.26
2026-08-20,HepatitisB,14.93,15:01:54,2,8,119.28
2026-08-20,HepatitisB,2.83,15:02:24,2,8,0.0
2026-08-20,HepatitisB,17.5,15:02:54,2,8,119.3
2026-08-20,HepatitisB,12.76,15:03:24,2,8,119.31
2026-08-20,HepatitisB,6.11,15:03:54,2,8,0.0
2026-08-20,HepatitisB,11.08,15:04:24,2,8,119.33
2026-08-20,HepatitisB,2.74,15:04:54,2,8,0.0
2026-08-20,HepatitisB,13.51,15:05:24,2,8,119.35
2026-08-20,HepatitisB,7.59,15:05:54,2,8,0.0
2026-08-20,HepatitisB,13.61,15:06:24,2,8,119.37
2026-08-20,HepatitisB,15.1,15:06:54,2,8,119.38
2026-08-20,HepatitisB,11.54,15:07:24,2,8,119.39
2026-08-20,HepatitisB,2.44,15:07:54,2,8,0.0
2026-08-20,HepatitisB,4.18,15:08:24,2,8,0.0
2026-08-20,HepatitisB,9.01,15:08:54,2,8,119.43
2026-08-20,HepatitisB,9.19,15:09:24,2,8,119.44
2026-08-20,HepatitisB,7.37,15:09:54,2,8,0.0
2026-08-20,HepatitisB,2.25,15:10:24,2,8,0.0
2026-08-20,HepatitisB,12.55,15:10:54,2,8,119.47
2026-08-20,HepatitisB,2.56,15:11:24,2,8,0.0
2026-08-20,HepatitisB,10.58,15:11:54,2,8,119.49
2026-08-20,HepatitisB,2.62,15:12:24,2,8,0.0
2026-08-20,HepatitisB,16.41,15:12:54,2,8,119.51
2026-08-20,HepatitisB,15.13,15:13:24,2,8,119.52
2026-08-20,HepatitisB,13.07,15:13:54,2,8,119.54
2026-08-20,HepatitisB,2.82,15:14:24,2,8,0.0
2026-08-20,HepatitisB,15.24,15:14:54,2,8,119.56
2026-08-20,HepatitisB,7.46,15:15:24,2,8,0.0
2026-08-20,HepatitisB,13.52,15:15:54,2,8,119.58
2026-08-20,HepatitisB,11.38,15:16:24,2,8,119.59
2026-08-20,HepatitisB,15.7,15:16:54,2,8,119.6
2026-08-20,HepatitisB,10.34,15:17:24,2,8,119.61
2026-08-20,HepatitisB,3.48,15:17:54,2,8,0.0
2026-08-20,HepatitisB,15.22,15:18:24,2,8,119.63
2026-08-20,HepatitisB,7.95,15:18:54,2,8,0.0
2026-08-20,HepatitisB,16.68,15:19:24,2,8,119.65
2026-08-20,HepatitisB,15.87,15:19:54,2,8,119.67
2026-08-20,HepatitisB,3.31,15:20:24,2,8,0.0
2026-08-20,HepatitisB,7.96,15:20:54,2,8,0.0
2026-08-20,HepatitisB,11.09,15:21:24,2,8,119.7
2026-08-20,HepatitisB,15.72,15:21:54,2,8,119.71
2026-08-20,HepatitisB,4.09,15:22:24,2,8,0.0
2026-08-20,HepatitisB,14.48,15:22:54,2,8,119.73
2026-08-20,HepatitisB,14.54,15:23:24,2,8,119.74
2026-08-20,HepatitisB,10.52,15:23:54,2,8,119.75
2026-08-20,HepatitisB,4.5,15:24:24,2,8,0.0
2026-08-20,HepatitisB,17.72,15:24:54,2,8,119.77
2026-08-20,HepatitisB,10.83,15:25:24,2,8,119.78
2026-08-20,HepatitisB,17.63,15:25:54,2,8,119.8
2026-08-20,HepatitisB,5.41,15:26:24,2,8,0.0
2026-08-20,HepatitisB,12.58,15:26:54,2,8,119.82
2026-08-20,HepatitisB,2.93,15:27:24,2,8,0.0
2026-08-20,HepatitisB,2.21,15:27:54,2,8,0.0
2026-08-20,HepatitisB,13.75,15:28:24,2,8,119.85
2026-08-20,HepatitisB,4.06,15:28:54,2,8,0.0
2026-08-20,HepatitisB,15.79,15:29:24,2,8,119.87
2026-08-20,HepatitisB,4.66,15:29:54,2,8,0.0
2026-08-20,HepatitisB,2.19,15:30:24,2,8,0.0
2026-08-20,HepatitisB,4.33,15:30:54,2,8,0.0
2026-08-20,HepatitisB,4.01,15:31:24,2,8,0.0
2026-08-20,HepatitisB,9.13,15:31:54,2,8,119.92
2026-08-20,HepatitisB,7.66,15:32:24,2,8,0.0
2026-08-20,HepatitisB,7.04,15:32:54,2,8,0.0
2026-08-20,HepatitisB,14.21,15:33:24,2,8,119.96
2026-08-20,HepatitisB,3.87,15:33:54,2,8,0.0
2026-08-20,HepatitisB,17.06,15:34:24,2,8,119.98
2026-08-20,HepatitisB,7.68,15:34:54,2,8,0.0
2026-08-20,HepatitisB,4.0,15:35:24,2,8,0.0
2026-08-20,HepatitisB,12.21,15:35:54,2,8,120.01
2026-08-20,HepatitisB,14.87,15:36:24,2,8,120.02
2026-08-20,HepatitisB,5.29,15:36:54,2,8,0.0
2026-08-20,HepatitisB,7.67,15:37:24,2,8,0.0
2026-08-20,HepatitisB,4.49,15:37:54,2,8,0.0
2026-08-20,HepatitisB,4.9,15:38:24,2,8,0.0
2026-08-20,HepatitisB,15.04,15:38:54,2,8,120.08
2026-08-20,HepatitisB,6.96,15:39:24,2,8,0.0
2026-08-20,HepatitisB,11.91,15:39:54,2,8,120.1
2026-08-20,HepatitisB,3.1,15:40:24,2,8,0.0
2026-08-20,HepatitisB,9.0,15:40:54,2,8,120.12
2026-08-20,HepatitisB,14.49,15:41:24,2,8,120.13
2026-08-20,HepatitisB,7.87,15:41:54,2,8,0.0
2026-08-20,HepatitisB,6.4,15:42:24,2,8,0.0
2026-08-20,HepatitisB,2.03,15:42:54,2,8,0.0
2026-08-20,HepatitisB,13.16,15:43:24,2,8,120.17
2026-08-20,HepatitisB,14.79,15:43:54,2,8,120.19
2026-08-20,HepatitisB,16.95,15:44:24,2,8,120.2
2026-08-20,HepatitisB,2.24,15:44:54,2,8,0.0
2026-08-20,HepatitisB,3.81,15:45:24,2,8,0.0
2026-08-20,HepatitisB,10.36,15:45:54,2,8,120.23
2026-08-20,HepatitisB,12.13,15:46:24,2,8,120.24
2026-08-20,HepatitisB,12.64,15:46:54,2,8,120.25
2026-08-20,HepatitisB,6.48,15:47:24,2,8,0.0
2026-08-20,HepatitisB,13.09,15:47:54,2,8,120.27
2026-08-20,HepatitisB,5.63,15:48:24,2,8,0.0
2026-08-20,HepatitisB,7.28,15:48:54,2,8,0.0
2026-08-20,HepatitisB,15.97,15:49:24,2,8,120.3
2026-08-20,HepatitisB,11.3,15:49:54,2,8,120.31
2026-08-20,HepatitisB,17.03,15:50:24,2,8,120.33
2026-08-20,HepatitisB,3.98,15:50:54,2,8,0.0
2026-08-20,HepatitisB,13.84,15:51:24,2,8,120.35
2026-08-20,HepatitisB,7.48,15:51:54,2,8,0.0
2026-08-20,HepatitisB,12.0,15:52:24,2,8,120.37
2026-08-20,HepatitisB,15.19,15:52:54,2,8,120.38
2026-08-20,HepatitisB,14.92,15:53:24,2,8,120.39
2026-08-20,HepatitisB,3.28,15:53:54,2,8,0.0
2026-08-20,HepatitisB,13.99,15:54:24,2,8,120.41
2026-08-20,HepatitisB,4.68,15:54:54,2,8,0.0
2026-08-20,HepatitisB,2.21,15:55:24,2,8,0.0
2026-08-20,HepatitisB,9.79,15:55:54,2,8,120.45
2026-08-20,HepatitisB,7.92,15:56:24,2,8,0.0
2026-08-20,HepatitisB,6.15,15:56:54,2,8,0.0
2026-08-20,HepatitisB,13.22,15:57:24,2,8,120.48
2026-08-20,HepatitisB,4.69,15:57:54,2,8,0.0
2026-08-20,HepatitisB,4.79,15:58:24,2,8,0.0
2026-08-20,HepatitisB,7.08,15:58:54,2,8,0.0
2026-08-20,HepatitisB,4.3,15:59:24,2,8,0.0
2026-08-20,HepatitisB,15.64,15:59:54,2,8,120.53
2026-08-20,HepatitisB,3.87,16:00:24,2,8,0.0
2026-08-20,HepatitisB,12.31,16:00:54,2,8,120.55
2026-08-20,HepatitisB,16.76,16:01:24,2,8,120.56
2026-08-20,HepatitisB,16.17,16:01:54,2,8,120.58
2026-08-20,HepatitisB,3.12,16:02:24,2,8,0.0
2026-08-20,HepatitisB,4.81,16:02:54,2,8,0.0
2026-08-20,HepatitisB,14.37,16:03:24,2,8,120.61
2026-08-20,HepatitisB,15.88,16:03:54,2,8,120.62
2026-08-20,HepatitisB,14.51,16:04:24,2,8,120.63
2026-08-20,HepatitisB,16.52,16:04:54,2,8,120.64
2026-08-20,HepatitisB,16.08,16:05:24,2,8,120.65
2026-08-20,HepatitisB,10.99,16:05:54,2,8,120.66
2026-08-20,HepatitisB,15.22,16:06:24,2,8,120.67
2026-08-20,HepatitisB,11.85,16:06:54,2,8,120.68
2026-08-20,HepatitisB,6.93,16:07:24,2,8,0.0
2026-08-20,HepatitisB,10.94,16:07:54,2,8,120.7
2026-08-20,HepatitisB,12.58,16:08:24,2,8,120.72
2026-08-20,HepatitisB,11.22,16:08:54,2,8,120.73
2026-08-20,HepatitisB,13.65,16:09:24,2,8,120.74
2026-08-20,HepatitisB,13.55,16:09:54,2,8,120.75
2026-08-20,HepatitisB,9.65,16:10:24,2,8,120.76
2026-08-20,HepatitisB,10.53,16:10:54,2,8,120.77
2026-08-20,HepatitisB,4.21,16:11:24,2,8,0.0
2026-08-20,HepatitisB,4.69,16:11:54,2,8,0.0
2026-08-20,HepatitisB,4.8,16:12:24,2,8,0.0
2026-08-20,HepatitisB,17.3,16:12:54,2,8,120.81
2026-08-20,HepatitisB,7.39,16:13:24,2,8,0.0
2026-08-20,HepatitisB,10.59,16:13:54,2,8,120.84
2026-08-20,HepatitisB,6.42,16:14:24,2,8,0.0
2026-08-20,HepatitisB,7.85,16:14:54,2,8,0.0
2026-08-20,HepatitisB,5.39,16:15:24,2,8,0.0
2026-08-20,HepatitisB,11.07,16:15:54,2,8,120.88
2026-08-20,HepatitisB,17.57,16:16:24,2,8,120.89
2026-08-20,HepatitisB,14.29,16:16:54,2,8,120.9
2026-08-20,HepatitisB,9.8,16:17:24,2,8,120.91
2026-08-20,HepatitisB,14.6,16:17:54,2,8,120.92
2026-08-20,HepatitisB,15.85,16:18:24,2,8,120.93
2026-08-20,HepatitisB,3.61,16:18:54,2,8,0.0
2026-08-20,HepatitisB,17.09,16:19:24,2,8,120.95
2026-08-20,HepatitisB,12.22,16:19:54,2,8,120.97
2026-08-20,HepatitisB,16.66,16:20:24,2,8,120.98
2026-08-20,HepatitisB,12.19,16:20:54,2,8,120.99
2026-08-20,HepatitisB,17.33,16:21:24,2,8,121.0
2026-08-20,HepatitisB,16.5,16:21:54,2,8,121.01
2026-08-20,HepatitisB,16.75,16:22:24,2,8,121.02
2026-08-20,HepatitisB,4.77,16:22:54,2,8,0.0
2026-08-20,HepatitisB,7.56,16:23:24,2,8,0.0
2026-08-20,HepatitisB,9.48,16:23:54,2,8,121.05
2026-08-20,HepatitisB,12.55,16:24:24,2,8,121.06
2026-08-20,HepatitisB,10.35,16:24:54,2,8,121.07
2026-08-20,HepatitisB,10.07,16:25:24,2,8,121.08
2026-08-20,HepatitisB,6.94,16:25:54,2,8,0.0
2026-08-20,HepatitisB,12.95,16:26:24,2,8,121.11
2026-08-20,HepatitisB,17.59,16:26:54,2,8,121.12
2026-08-20,HepatitisB,7.54,16:27:24,2,8,0.0
2026-08-20,HepatitisB,13.75,16:27:54,2,8,121.14
2026-08-20,HepatitisB,9.7,16:28:24,2,8,121.15
2026-08-20,HepatitisB,16.92,16:28:54,2,8,121.16
2026-08-20,HepatitisB,9.48,16:29:24,2,8,121.17
2026-08-20,HepatitisB,4.33,16:29:54,2,8,0.0
2026-08-20,HepatitisB,4.26,16:30:24,2,8,0.0
2026-08-20,HepatitisB,10.52,16:30:54,2,8,121.2
2026-08-20,HepatitisB,14.7,16:31:24,2,8,121.21
2026-08-20,HepatitisB,4.2,16:31:54,2,8,0.0
2026-08-20,HepatitisB,16.87,16:32:24,2,8,121.24
2026-08-20,HepatitisB,16.13,16:32:54,2,8,121.25
2026-08-20,HepatitisB,12.14,16:33:24,2,8,121.26
2026-08-20,HepatitisB,17.26,16:33:54,2,8,121.27
2026-08-20,HepatitisB,14.61,16:34:24,2,8,121.28
2026-08-20,HepatitisB,11.22,16:34:54,2,8,121.29
2026-08-20,HepatitisB,14.8,16:35:24,2,8,121.3
2026-08-20,HepatitisB,5.18,16:35:54,2,8,0.0
2026-08-20,HepatitisB,3.88,16:36:24,2,8,0.0
2026-08-20,HepatitisB,11.33,16:36:54,2,8,121.33
2026-08-20,HepatitisB,11.37,16:37:24,2,8,121.34
2026-08-20,HepatitisB,13.3,16:37:54,2,8,121.35
2026-08-20,HepatitisB,2.33,16:38:24,2,8,0.0
2026-08-20,HepatitisB,15.91,16:38:54,2,8,121.38
2026-08-20,HepatitisB,6.29,16:39:24,2,8,0.0
2026-08-20,HepatitisB,15.06,16:39:54,2,8,121.4
2026-08-20,HepatitisB,15.13,16:40:24,2,8,121.41
2026-08-20,HepatitisB,6.56,16:40:54,2,8,0.0
2026-08-20,HepatitisB,2.06,16:41:24,2,8,0.0
2026-08-20,HepatitisB,10.52,16:41:54,2,8,121.44
2026-08-20,HepatitisB,11.53,16:42:24,2,8,121.45
2026-08-20,HepatitisB,6.07,16:42:54,2,8,0.0
2026-08-20,HepatitisB,11.86,16:43:24,2,8,121.47
2026-08-20,HepatitisB,15.51,16:43:54,2,8,121.49
2026-08-20,HepatitisB,15.49,16:44:24,2,8,121.5
2026-08-20,HepatitisB,15.75,16:44:54,2,8,121.51
2026-08-20,HepatitisB,12.88,16:45:24,2,8,121.52
2026-08-20,HepatitisB,14.98,16:45:54,2,8,121.53
2026-08-20,HepatitisB,11.64,16:46:24,2,8,121.54
2026-08-20,HepatitisB,13.61,16:46:54,2,8,121.55
2026-08-20,HepatitisB,17.12,16:47:24,2,8,121.56
2026-08-20,HepatitisB,17.66,16:47:54,2,8,121.57
2026-08-20,HepatitisB,15.92,16:48:24,2,8,121.58
2026-08-20,HepatitisB,16.82,16:48:54,2,8,121.59
2026-08-20,HepatitisB,15.36,16:49:24,2,8,121.6
2026-08-20,HepatitisB,12.69,16:49:54,2,8,121.61
2026-08-20,HepatitisB,3.84,16:50:24,2,8,0.0
2026-08-20,HepatitisB,13.45,16:50:54,2,8,121.64
2026-08-20,HepatitisB,7.55,16:51:24,2,8,0.0
2026-08-20,HepatitisB,15.77,16:51:54,2,8,121.66
2026-08-20,HepatitisB,12.54,16:52:24,2,8,121.67
2026-08-20,HepatitisB,3.81,16:52:54,2,8,0.0
2026-08-20,HepatitisB,13.43,16:53:24,2,8,121.69
2026-08-20,HepatitisB,7.67,16:53:54,2,8,0.0
2026-08-20,HepatitisB,10.45,16:54:24,2,8,121.71
2026-08-20,HepatitisB,4.99,16:54:54,2,8,0.0
2026-08-20,HepatitisB,14.92,16:55:24,2,8,121.73
2026-08-20,HepatitisB,14.91,16:55:54,2,8,121.75
2026-08-20,HepatitisB,17.45,16:56:24,2,8,121.76
2026-08-20,HepatitisB,14.7,16:56:54,2,8,121.77
2026-08-20,HepatitisB,15.91,16:57:24,2,8,121.78
2026-08-20,HepatitisB,14.32,16:57:54,2,8,121.79
2026-08-20,HepatitisB,17.78,16:58:24,2,8,121.8
2026-08-20,HepatitisB,13.38,16:58:54,2,8,121.81
2026-08-20,HepatitisB,15.33,16:59:24,2,8,121.82
2026-08-20,HepatitisB,13.79,16:59:54,2,8,121.83
2026-08-20,HepatitisB,6.95,17:00:24,2,8,0.0
2026-08-20,HepatitisB,4.8,17:00:54,2,8,0.0
2026-08-20,HepatitisB,10.67,17:01:24,2,8,121.86
2026-08-20,HepatitisB,17.84,17:01:54,2,8,121.88
2026-08-20,HepatitisB,16.91,17:02:24,2,8,121.89
2026-08-20,HepatitisB,2.36,17:02:54,2,8,0.0
2026-08-20,HepatitisB,5.02,17:03:24,2,8,0.0
2026-08-20,HepatitisB,16.74,17:03:54,2,8,121.92
2026-08-20,HepatitisB,5.27,17:04:24,2,8,0.0
2026-08-20,HepatitisB,14.4,17:04:54,2,8,121.94
2026-08-20,HepatitisB,16.14,17:05:24,2,8,121.95
2026-08-20,HepatitisB,14.2,17:05:54,2,8,121.96
2026-08-20,HepatitisB,6.21,17:06:24,2,8,0.0
2026-08-20,HepatitisB,11.08,17:06:54,2,8,121.98
2026-08-20,HepatitisB,17.44,17:07:24,2,8,121.99
2026-08-20,HepatitisB,9.97,17:07:54,2,8,122.0
2026-08-20,HepatitisB,16.72,17:08:24,2,8,122.02
2026-08-20,HepatitisB,7.64,17:08:54,2,8,0.0
2026-08-20,HepatitisB,15.54,17:09:24,2,8,122.04
2026-08-20,HepatitisB,10.38,17:09:54,2,8,122.05
2026-08-20,HepatitisB,7.8,17:10:24,2,8,0.0
2026-08-20,HepatitisB,12.61,17:10:54,2,8,122.07
2026-08-20,HepatitisB,9.42,17:11:24,2,8,122.08
2026-08-20,HepatitisB,16.53,17:11:54,2,8,122.09
2026-08-20,HepatitisB,9.32,17:12:24,2,8,122.1
2026-08-20,HepatitisB,7.33,17:12:54,2,8,0.0
2026-08-20,HepatitisB,11.34,17:13:24,2,8,122.12
2026-08-20,HepatitisB,12.22,17:13:54,2,8,122.14
2026-08-20,HepatitisB,5.22,17:14:24,2,8,0.0
2026-08-20,HepatitisB,6.41,17:14:54,2,8,0.0
2026-08-20,HepatitisB,6.82,17:15:24,2,8,0.0
2026-08-20,HepatitisB,16.16,17:15:54,2,8,122.18
2026-08-20,HepatitisB,9.07,17:16:24,2,8,122.19
2026-08-20,HepatitisB,10.07,17:16:54,2,8,122.2
2026-08-20,HepatitisB,16.86,17:17:24,2,8,122.21
2026-08-20,HepatitisB,16.85,17:17:54,2,8,122.22
2026-08-20,HepatitisB,16.9,17:18:24,2,8,122.23
2026-08-20,HepatitisB,2.02,17:18:54,2,8,0.0
2026-08-20,HepatitisB,17.57,17:19:24,2,8,122.25
2026-08-20,HepatitisB,11.72,17:19:54,2,8,122.27
2026-08-20,HepatitisB,4.67,17:20:24,2,8,0.0
2026-08-20,HepatitisB,14.78,17:20:54,2,8,122.29
2026-08-20,HepatitisB,10.01,17:21:24,2,8,122.3
2026-08-20,HepatitisB,5.93,17:21:54,2,8,0.0
2026-08-20,HepatitisB,17.99,17:22:24,2,8,122.32
2026-08-20,HepatitisB,4.54,17:22:54,2,8,0.0
2026-08-20,HepatitisB,16.48,17:23:24,2,8,122.34
2026-08-20,HepatitisB,6.96,17:23:54,2,8,0.0
2026-08-20,HepatitisB,17.32,17:24:24,2,8,122.36
2026-08-20,HepatitisB,6.03,17:24:54,2,8,0.0
2026-08-20,HepatitisB,17.82,17:25:24,2,8,122.38
2026-08-20,HepatitisB,5.7,17:25:54,2,8,0.0
2026-08-20,HepatitisB,2.89,17:26:24,2,8,0.0
2026-08-20,HepatitisB,12.77,17:26:54,2,8,122.42
2026-08-20,HepatitisB,15.66,17:27:24,2,8,122.43
2026-08-20,HepatitisB,12.52,17:27:54,2,8,122.44
2026-08-20,HepatitisB,10.49,17:28:24,2,8,122.45
2026-08-20,HepatitisB,12.89,17:28:54,2,8,122.46
2026-08-20,HepatitisB,15.35,17:29:24,2,8,122.47
2026-08-20,HepatitisB,11.97,17:29:54,2,8,122.48
2026-08-20,HepatitisB,11.81,17:30:24,2,8,122.49
2026-08-20,HepatitisB,17.81,17:30:54,2,8,122.5
2026-08-20,HepatitisB,14.24,17:31:24,2,8,122.51
2026-08-20,HepatitisB,2.29,17:31:54,2,8,0.0
2026-08-20,HepatitisB,11.47,17:32:24,2,8,122.54
2026-08-20,HepatitisB,7.21,17:32:54,2,8,0.0
2026-08-20,HepatitisB,16.55,17:33:24,2,8,122.56
2026-08-20,HepatitisB,17.86,17:33:54,2,8,122.57
2026-08-20,HepatitisB,4.48,17:34:24,2,8,0.0
2026-08-20,HepatitisB,16.83,17:34:54,2,8,122.59
2026-08-20,HepatitisB,14.59,17:35:24,2,8,122.6
2026-08-20,HepatitisB,16.16,17:35:54,2,8,122.61
2026-08-20,HepatitisB,2.86,17:36:24,2,8,0.0
2026-08-20,HepatitisB,5.66,17:36:54,2,8,0.0
2026-08-20,HepatitisB,9.64,17:37:24,2,8,122.64
2026-08-20,HepatitisB,16.55,17:37:54,2,8,122.66
2026-08-20,HepatitisB,6.54,17:38:24,2,8,0.0
2026-08-20,HepatitisB,10.74,17:38:54,2,8,122.68
2026-08-20,HepatitisB,11.31,17:39:24,2,8,122.69
2026-08-20,HepatitisB,4.63,17:39:54,2,8,0.0
2026-08-20,HepatitisB,12.96,17:40:24,2,8,122.71
2026-08-20,HepatitisB,17.01,17:40:54,2,8,122.72
2026-08-20,HepatitisB,11.74,17:41:24,2,8,122.73
2026-08-20,HepatitisB,17.68,17:41:54,2,8,122.74
2026-08-20,HepatitisB,15.67,17:42:24,2,8,122.75
2026-08-20,HepatitisB,4.6,17:42:54,2,8,0.0
2026-08-20,HepatitisB,16.84,17:43:24,2,8,122.77
2026-08-20,HepatitisB,11.87,17:43:54,2,8,122.79
2026-08-20,HepatitisB,4.59,17:44:24,2,8,0.0
2026-08-20,HepatitisB,17.06,17:44:54,2,8,122.81
2026-08-20,HepatitisB,14.98,17:45:24,2,8,122.82
2026-08-20,HepatitisB,7.76,17:45:54,2,8,0.0
2026-08-20,HepatitisB,15.13,17:46:24,2,8,122.84
2026-08-20,HepatitisB,15.65,17:46:54,2,8,122.85
2026-08-20,HepatitisB,2.98,17:47:24,2,8,0.0
2026-08-20,HepatitisB,12.32,17:47:54,2,8,122.87
2026-08-20,HepatitisB,11.35,17:48:24,2,8,122.88
2026-08-20,HepatitisB,2.25,17:48:54,2,8,0.0
2026-08-20,HepatitisB,3.21,17:49:24,2,8,0.0
2026-08-20,HepatitisB,2.38,17:49:54,2,8,0.0
2026-08-20,HepatitisB,10.39,17:50:24,2,8,122.93
2026-08-20,HepatitisB,17.41,17:50:54,2,8,122.94
2026-08-20,HepatitisB,12.42,17:51:24,2,8,122.95
2026-08-20,HepatitisB,13.58,17:51:54,2,8,122.96
2026-08-20,HepatitisB,2.67,17:52:24,2,8,0.0
2026-08-20,HepatitisB,11.06,17:52:54,2,8,122.98
2026-08-20,HepatitisB,12.83,17:53:24,2,8,122.99
2026-08-20,HepatitisB,10.34,17:53:54,2,8,123.0
2026-08-20,HepatitisB,5.61,17:54:24,2,8,0.0
2026-08-20,HepatitisB,17.38,17:54:54,2,8,123.02
2026-08-20,HepatitisB,14.21,17:55:24,2,8,123.03
2026-08-20,HepatitisB,10.6,17:55:54,2,8,123.05
2026-08-20,HepatitisB,12.34,17:56:24,2,8,123.06
2026-08-20,HepatitisB,3.83,17:56:54,2,8,0.0
2026-08-20,HepatitisB,15.22,17:57:24,2,8,123.08
2026-08-20,HepatitisB,14.4,17:57:54,2,8,123.09
2026-08-20,HepatitisB,10.33,17:58:24,2,8,123.1
2026-08-20,HepatitisB,14.69,17:58:54,2,8,123.11
2026-08-20,HepatitisB,5.24,17:59:24,2,8,0.0
2026-08-20,HepatitisB,6.74,17:59:54,2,8,0.0
2026-08-20,HepatitisB,11.36,18:00:24,2,8,123.14
2026-08-20,HepatitisB,11.01,18:00:54,2,8,123.15
2026-08-20,HepatitisB,13.48,18:01:24,2,8,123.16
2026-08-20,HepatitisB,2.87,18:01:54,2,8,0.0
2026-08-20,HepatitisB,4.68,18:02:24,2,8,0.0
2026-08-20,HepatitisB,16.65,18:02:54,2,8,123.2
2026-08-20,HepatitisB,6.11,18:03:24,2,8,0.0
2026-08-20,HepatitisB,15.33,18:03:54,2,8,123.22
2026-08-20,HepatitisB,11.08,18:04:24,2,8,123.23
2026-08-20,HepatitisB,4.11,18:04:54,2,8,0.0
2026-08-20,HepatitisB,14.86,18:05:24,2,8,123.25
2026-08-20,HepatitisB,16.61,18:05:54,2,8,123.26
2026-08-20,HepatitisB,16.76,18:06:24,2,8,123.27
2026-08-20,HepatitisB,4.48,18:06:54,2,8,0.0
2026-08-20,HepatitisB,12.41,18:07:24,2,8,123.29
2026-08-20,HepatitisB,7.91,18:07:54,2,8,0.0
2026-08-20,HepatitisB,6.43,18:08:24,2,8,0.0
2026-08-20,HepatitisB,11.41,18:08:54,2,8,123.33
2026-08-20,HepatitisB,14.63,18:09:24,2,8,123.34
2026-08-20,HepatitisB,11.52,18:09:54,2,8,123.35
2026-08-20,HepatitisB,12.89,18:10:24,2,8,123.36
2026-08-20,HepatitisB,16.34,18:10:54,2,8,123.37
2026-08-20,HepatitisB,5.97,18:11:24,2,8,0.0
2026-08-20,HepatitisB,17.98,18:11:54,2,8,123.39
2026-08-20,HepatitisB,13.78,18:12:24,2,8,123.4
2026-08-20,HepatitisB,12.75,18:12:54,2,8,123.41
2026-08-20,HepatitisB,14.12,18:13:24,2,8,123.42
2026-08-20,HepatitisB,6.62,18:13:54,2,8,0.0
2026-08-20,HepatitisB,9.42,18:14:24,2,8,123.45
2026-08-20,HepatitisB,12.47,18:14:54,2,8,123.46
2026-08-20,HepatitisB,16.57,18:15:24,2,8,123.47
2026-08-20,HepatitisB,15.84,18:15:54,2,8,123.48
2026-08-20,HepatitisB,15.99,18:16:24,2,8,123.49
2026-08-20,HepatitisB,5.22,18:16:54,2,8,0.0
2026-08-20,HepatitisB,15.21,18:17:24,2,8,123.51
2026-08-20,HepatitisB,11.85,18:17:54,2,8,123.52
2026-08-20,HepatitisB,16.39,18:18:24,2,8,123.53
2026-08-20,HepatitisB,13.33,18:18:54,2,8,123.54
2026-08-20,HepatitisB,14.46,18:19:24,2,8,123.55
2026-08-20,HepatitisB,5.91,18:19:54,2,8,0.0
2026-08-20,HepatitisB,16.23,18:20:24,2,8,123.58
2026-08-20,HepatitisB,7.84,18:20:54,2,8,0.0
2026-08-20,HepatitisB,9.25,18:21:24,2,8,123.6
2026-08-20,HepatitisB,10.77,18:21:54,2,8,123.61
2026-08-20,HepatitisB,6.35,18:22:24,2,8,0.0
2026-08-20,HepatitisB,7.55,18:22:54,2,8,0.0
2026-08-20,HepatitisB,3.18,18:23:24,2,8,0.0
2026-08-20,HepatitisB,17.28,18:23:54,2,8,123.65
2026-08-20,HepatitisB,16.16,18:24:24,2,8,123.66
2026-08-20,HepatitisB,2.42,18:24:54,2,8,0.0
2026-08-20,HepatitisB,10.23,18:25:24,2,8,123.68
2026-08-20,HepatitisB,9.52,18:25:54,2,8,123.7
2026-08-20,HepatitisB,15.57,18:26:24,2,8,123.71
2026-08-20,HepatitisB,11.66,18:26:54,2,8,123.72
2026-08-20,HepatitisB,14.76,18:27:24,2,8,123.73
2026-08-20,HepatitisB,14.12,18:27:54,2,8,123.74
2026-08-20,HepatitisB,14.51,18:28:24,2,8,123.75
2026-08-20,HepatitisB,17.07,18:28:54,2,8,123.76
2026-08-20,HepatitisB,2.14,18:29:24,2,8,0.0
2026-08-20,HepatitisB,9.18,18:29:54,2,8,123.78
2026-08-20,HepatitisB,2.27,18:30:24,2,8,0.0
2026-08-20,HepatitisB,10.21,18:30:54,2,8,123.8
2026-08-20,HepatitisB,10.55,18:31:24,2,8,123.81
2026-08-20,HepatitisB,15.11,18:31:54,2,8,123.83
2026-08-20,HepatitisB,9.77,18:32:24,2,8,123.84
2026-08-20,HepatitisB,5.3,18:32:54,2,8,0.0
2026-08-20,HepatitisB,5.43,18:33:24,2,8,0.0
2026-08-20,HepatitisB,16.44,18:33:54,2,8,123.87
2026-08-20,HepatitisB,6.93,18:34:24,2,8,0.0
2026-08-20,HepatitisB,14.08,18:34:54,2,8,123.89
2026-08-20,HepatitisB,12.56,18:35:24,2,8,123.9
2026-08-20,HepatitisB,10.59,18:35:54,2,8,123.91
2026-08-20,HepatitisB,13.58,18:36:24,2,8,123.92
2026-08-20,HepatitisB,4.37,18:36:54,2,8,0.0
2026-08-20,HepatitisB,17.09,18:37:24,2,8,123.94
2026-08-20,HepatitisB,12.2,18:37:54,2,8,123.95
2026-08-20,HepatitisB,6.19,18:38:24,2,8,0.0
2026-08-20,HepatitisB,15.73,18:38:54,2,8,123.98
2026-08-20,HepatitisB,11.22,18:39:24,2,8,123.99
2026-08-20,HepatitisB,7.13,18:39:54,2,8,0.0
2026-08-20,HepatitisB,16.76,18:40:24,2,8,124.01
2026-08-20,HepatitisB,13.59,18:40:54,2,8,124.02
2026-08-20,HepatitisB,6.06,18:41:24,2,8,0.0
2026-08-20,HepatitisB,2.51,18:41:54,2,8,0.0
2026-08-20,HepatitisB,11.27,18:42:24,2,8,124.05
2026-08-20,HepatitisB,6.72,18:42:54,2,8,0.0
2026-08-20,HepatitisB,17.32,18:43:24,2,8,124.07
2026-08-20,HepatitisB,16.72,18:43:54,2,8,124.09
2026-08-20,HepatitisB,17.54,18:44:24,2,8,124.1
2026-08-20,HepatitisB,9.78,18:44:54,2,8,124.11
2026-08-20,HepatitisB,11.14,18:45:24,2,8,124.12
2026-08-20,HepatitisB,15.36,18:45:54,2,8,124.13
2026-08-20,HepatitisB,12.16,18:46:24,2,8,124.14
2026-08-20,HepatitisB,17.92,18:46:54,2,8,124.15
2026-08-20,HepatitisB,11.09,18:47:24,2,8,124.16
2026-08-20,HepatitisB,7.61,18:47:54,2,8,0.0
2026-08-20,HepatitisB,11.67,18:48:24,2,8,124.18
2026-08-20,HepatitisB,17.49,18:48:54,2,8,124.19
2026-08-20,HepatitisB,12.36,18:49:24,2,8,124.2
2026-08-20,HepatitisB,15.57,18:49:54,2,8,124.22
2026-08-20,HepatitisB,15.66,18:50:24,2,8,124.23
2026-08-20,HepatitisB,16.85,18:50:54,2,8,124.24
2026-08-20,HepatitisB,2.54,18:51:24,2,8,0.0
2026-08-20,HepatitisB,12.61,18:51:54,2,8,124.26
2026-08-20,HepatitisB,15.05,18:52:24,2,8,124.27
2026-08-20,HepatitisB,15.77,18:52:54,2,8,124.28
2026-08-20,HepatitisB,14.89,18:53:24,2,8,124.29
2026-08-20,HepatitisB,10.11,18:53:54,2,8,124.3
2026-08-20,HepatitisB,2.79,18:54:24,2,8,0.0
2026-08-20,HepatitisB,4.32,18:54:54,2,8,0.0
2026-08-20,HepatitisB,10.2,18:55:24,2,8,124.33
2026-08-20,HepatitisB,15.45,18:55:54,2,8,124.35
2026-08-20,HepatitisB,9.51,18:56:24,2,8,124.36
2026-08-20,HepatitisB,5.9,18:56:54,2,8,0.0
2026-08-20,HepatitisB,11.11,18:57:24,2,8,124.38
2026-08-20,HepatitisB,17.72,18:57:54,2,8,124.39
2026-08-20,HepatitisB,5.48,18:58:24,2,8,0.0
2026-08-20,HepatitisB,16.36,18:58:54,2,8,124.41
2026-08-20,HepatitisB,15.24,18:59:24,2,8,124.42
2026-08-20,HepatitisB,14.23,18:59:54,2,8,124.43
2026-08-20,HepatitisB,6.26,19:00:24,2,8,0.0
2026-08-20,HepatitisB,17.92,19:00:54,2,8,124.45
2026-08-20,HepatitisB,17.06,19:01:24,2,8,124.46
2026-08-20,HepatitisB,13.66,19:01:54,2,8,124.48
2026-08-20,HepatitisB,15.23,19:02:24,2,8,124.49
2026-08-20,HepatitisB,2.29,19:02:54,2,8,0.0
2026-08-20,HepatitisB,9.99,19:03:24,2,8,124.51
2026-08-20,HepatitisB,16.06,19:03:54,2,8,124.52
2026-08-20,HepatitisB,14.93,19:04:24,2,8,124.53
2026-08-20,HepatitisB,16.3,19:04:54,2,8,124.54
2026-08-20,HepatitisB,16.65,19:05:24,2,8,124.55
2026-08-20,HepatitisB,10.11,19:05:54,2,8,124.56
2026-08-20,HepatitisB,5.36,19:06:24,2,8,0.0
2026-08-20,HepatitisB,2.01,19:06:54,2,8,0.0
2026-08-20,HepatitisB,13.6,19:07:24,2,8,124.59
2026-08-20,HepatitisB,7.26,19:07:54,2,8,0.0
2026-08-20,HepatitisB,17.4,19:08:24,2,8,124.62
2026-08-20,HepatitisB,10.52,19:08:54,2,8,124.63
2026-08-20,HepatitisB,4.65,19:09:24,2,8,0.0
2026-08-20,HepatitisB,5.54,19:09:54,2,8,0.0
2026-08-20,HepatitisB,17.53,19:10:24,2,8,124.66
2026-08-20,HepatitisB,16.65,19:10:54,2,8,124.67
2026-08-20,HepatitisB,6.17,19:11:24,2,8,0.0
2026-08-20,HepatitisB,4.39,19:11:54,2,8,0.0
2026-08-20,HepatitisB,14.34,19:12:24,2,8,124.7
2026-08-20,HepatitisB,6.53,19:12:54,2,8,0.0
2026-08-20,HepatitisB,15.49,19:13:24,2,8,124.72
2026-08-20,HepatitisB,6.37,19:13:54,2,8,0.0
2026-08-20,HepatitisB,2.13,19:14:24,2,8,0.0
2026-08-20,HepatitisB,16.96,19:14:54,2,8,124.76
2026-08-20,HepatitisB,4.65,19:15:24,2,8,0.0
2026-08-20,HepatitisB,16.65,19:15:54,2,8,124.78
2026-08-20,HepatitisB,7.3,19:16:24,2,8,0.0
2026-08-20,HepatitisB,15.2,19:16:54,2,8,124.8
2026-08-20,HepatitisB,5.17,19:17:24,2,8,0.0
2026-08-20,HepatitisB,11.5,19:17:54,2,8,124.82
2026-08-20,HepatitisB,13.21,19:18:24,2,8,124.83
2026-08-20,HepatitisB,11.59,19:18:54,2,8,124.84
2026-08-20,HepatitisB,12.73,19:19:24,2,8,124.85
2026-08-20,HepatitisB,12.48,19:19:54,2,8,124.86
2026-08-20,HepatitisB,15.92,19:20:24,2,8,124.88
2026-08-20,HepatitisB,5.87,19:20:54,2,8,0.0
2026-08-20,HepatitisB,9.43,19:21:24,2,8,124.9
2026-08-20,HepatitisB,4.13,19:21:54,2,8,0.0
2026-08-20,HepatitisB,7.1,19:22:24,2,8,0.0
2026-08-20,HepatitisB,4.5,19:22:54,2,8,0.0
2026-08-20,HepatitisB,12.36,19:23:24,2,8,124.94
2026-08-20,HepatitisB,6.33,19:23:54,2,8,0.0
2026-08-20,HepatitisB,10.95,19:24:24,2,8,124.96
2026-08-20,HepatitisB,17.99,19:24:54,2,8,124.97
2026-08-20,HepatitisB,9.15,19:25:24,2,8,124.98
2026-08-20,HepatitisB,11.77,19:25:54,2,8,125.0
2026-08-20,HepatitisB,3.15,19:26:24,2,8,0.0
2026-08-20,HepatitisB,9.56,19:26:54,2,8,125.02
2026-08-20,HepatitisB,14.12,19:27:24,2,8,125.03
2026-08-20,HepatitisB,7.48,19:27:54,2,8,0.0
2026-08-20,HepatitisB,5.78,19:28:24,2,8,0.0
2026-08-20,HepatitisB,10.47,19:28:54,2,8,125.06
2026-08-20,HepatitisB,6.27,19:29:24,2,8,0.0
2026-08-20,HepatitisB,5.68,19:29:54,2,8,0.0
2026-08-20,HepatitisB,16.36,19:30:24,2,8,125.09
2026-08-20,HepatitisB,4.91,19:30:54,2,8,0.0
2026-08-20,HepatitisB,17.83,19:31:24,2,8,125.11
2026-08-20,HepatitisB,17.51,19:31:54,2,8,125.12
2026-08-20,HepatitisB,10.33,19:32:24,2,8,125.14
2026-08-20,HepatitisB,5.48,19:32:54,2,8,0.0
2026-08-20,HepatitisB,16.56,19:33:24,2,8,125.16
2026-08-20,HepatitisB,13.15,19:33:54,2,8,125.17
2026-08-20,HepatitisB,11.02,19:34:24,2,8,125.18
2026-08-20,HepatitisB,10.55,19:34:54,2,8,125.19
2026-08-20,HepatitisB,16.81,19:35:24,2,8,125.2
2026-08-20,HepatitisB,16.93,19:35:54,2,8,125.21
2026-08-20,HepatitisB,2.08,19:36:24,2,8,0.0
2026-08-20,HepatitisB,10.41,19:36:54,2,8,125.23
2026-08-20,HepatitisB,13.97,19:37:24,2,8,125.24
2026-08-20,HepatitisB,13.49,19:37:54,2,8,125.25
2026-08-20,HepatitisB,2.52,19:38:24,2,8,0.0
2026-08-20,HepatitisB,10.85,19:38:54,2,8,125.28
2026-08-20,HepatitisB,13.18,19:39:24,2,8,125.29
2026-08-20,HepatitisB,12.8,19:39:54,2,8,125.3
2026-08-20,HepatitisB,10.03,19:40:24,2,8,125.31
2026-08-20,HepatitisB,7.43,19:40:54,2,8,0.0
2026-08-20,HepatitisB,12.25,19:41:24,2,8,125.33
2026-08-20,HepatitisB,16.56,19:41:54,2,8,125.34
2026-08-20,HepatitisB,2.37,19:42:24,2,8,0.0
2026-08-20,HepatitisB,17.32,19:42:54,2,8,125.36
2026-08-20,HepatitisB,13.04,19:43:24,2,8,125.37
2026-08-20,HepatitisB,3.4,19:43:54,2,8,0.0
2026-08-20,HepatitisB,10.95,19:44:24,2,8,125.4
2026-08-20,HepatitisB,12.86,19:44:54,2,8,125.41
2026-08-20,HepatitisB,13.09,19:45:24,2,8,125.42
2026-08-20,HepatitisB,11.67,19:45:54,2,8,125.43
2026-08-20,HepatitisB,11.84,19:46:24,2,8,125.44
2026-08-20,HepatitisB,13.12,19:46:54,2,8,125.45
2026-08-20,HepatitisB,9.69,19:47:24,2,8,125.46
2026-08-20,HepatitisB,4.86,19:47:54,2,8,0.0
2026-08-20,HepatitisB,10.74,19:48:24,2,8,125.48
2026-08-20,HepatitisB,5.82,19:48:54,2,8,0.0
2026-08-20,HepatitisB,5.13,19:49:24,2,8,0.0
2026-08-20,HepatitisB,13.57,19:49:54,2,8,125.52
2026-08-20,HepatitisB,7.62,19:50:24,2,8,0.0
2026-08-20,HepatitisB,9.46,19:50:54,2,8,125.54
2026-08-20,HepatitisB,3.19,19:51:24,2,8,0.0
2026-08-20,HepatitisB,16.05,19:51:54,2,8,125.56
2026-08-20,HepatitisB,5.97,19:52:24,2,8,0.0
2026-08-20,HepatitisB,2.68,19:52:54,2,8,0.0
2026-08-20,HepatitisB,5.54,19:53:24,2,8,0.0
2026-08-20,HepatitisB,12.81,19:53:54,2,8,125.6
2026-08-20,HepatitisB,11.75,19:54:24,2,8,125.61
2026-08-20,HepatitisB,11.87,19:54:54,2,8,125.62
2026-08-20,HepatitisB,9.12,19:55:24,2,8,125.63
2026-08-20,HepatitisB,7.61,19:55:54,2,8,0.0
2026-08-20,HepatitisB,17.17,19:56:24,2,8,125.66
2026-08-20,HepatitisB,11.38,19:56:54,2,8,125.67
2026-08-20,HepatitisB,3.08,19:57:24,2,8,0.0
2026-08-20,HepatitisB,4.64,19:57:54,2,8,0.0
2026-08-20,HepatitisB,6.64,19:58:24,2,8,0.0
2026-08-20,HepatitisB,16.83,19:58:54,2,8,125.71
2026-08-20,HepatitisB,4.1,19:59:24,2,8,0.0
2026-08-20,HepatitisB,9.5,19:59:54,2,8,125.73
2026-08-20,HepatitisB,9.25,20:00:24,2,8,125.74
2026-08-20,HepatitisB,10.76,20:00:54,2,8,125.75
2026-08-20,HepatitisB,15.16,20:01:24,2,8,125.76
2026-08-20,HepatitisB,11.25,20:01:54,2,8,125.78
2026-08-20,HepatitisB,9.11,20:02:24,2,8,125.79
2026-08-20,HepatitisB,17.19,20:02:54,2,8,125.8
2026-08-20,HepatitisB,12.47,20:03:24,2,8,125.81
2026-08-20,HepatitisB,11.76,20:03:54,2,8,125.82
2026-08-20,HepatitisB,14.52,20:04:24,2,8,125.83
2026-08-20,HepatitisB,10.43,20:04:54,2,8,125.84
2026-08-20,HepatitisB,5.12,20:05:24,2,8,0.0
2026-08-20,HepatitisB,14.64,20:05:54,2,8,125.86
2026-08-20,HepatitisB,13.19,20:06:24,2,8,125.87
2026-08-20,HepatitisB,2.9,20:06:54,2,8,0.0
2026-08-20,HepatitisB,14.28,20:07:24,2,8,125.89
2026-08-20,HepatitisB,13.18,20:07:54,2,8,125.91
2026-08-20,HepatitisB,14.87,20:08:24,2,8,125.92
2026-08-20,HepatitisB,14.71,20:08:54,2,8,125.93
2026-08-20,HepatitisB,14.7,20:09:24,2,8,125.94
2026-08-20,HepatitisB,17.29,20:09:54,2,8,125.95
2026-08-20,HepatitisB,14.54,20:10:24,2,8,125.96
2026-08-20,HepatitisB,17.5,20:10:54,2,8,125.97
2026-08-20,HepatitisB,9.79,20:11:24,2,8,125.98
2026-08-20,HepatitisB,16.79,20:11:54,2,8,125.99
2026-08-20,HepatitisB,11.43,20:12:24,2,8,126.0
2026-08-20,HepatitisB,17.05,20:12:54,2,8,126.01
2026-08-20,HepatitisB,10.45,20:13:24,2,8,126.02
2026-08-20,HepatitisB,15.66,20:13:54,2,8,126.04
2026-08-20,HepatitisB,16.84,20:14:24,2,8,126.05
2026-08-20,HepatitisB,14.52,20:14:54,2,8,126.06
2026-08-20,HepatitisB,11.14,20:15:24,2,8,126.07
2026-08-20,HepatitisB,13.28,20:15:54,2,8,126.08
2026-08-20,HepatitisB,15.62,20:16:24,2,8,126.09
2026-08-20,HepatitisB,17.2,20:16:54,2,8,126.1
2026-08-20,HepatitisB,12.55,20:17:24,2,8,126.11
2026-08-20,HepatitisB,14.71,20:17:54,2,8,126.12
2026-08-20,HepatitisB,13.92,20:18:24,2,8,126.13
2026-08-20,HepatitisB,4.71,20:18:54,2,8,0.0
2026-08-20,HepatitisB,11.68,20:19:24,2,8,126.15
2026-08-20,HepatitisB,13.19,20:19:54,2,8,126.17
2026-08-20,HepatitisB,3.97,20:20:24,2,8,0.0
2026-08-20,HepatitisB,11.37,20:20:54,2,8,126.19
2026-08-20,HepatitisB,10.12,20:21:24,2,8,126.2
2026-08-20,HepatitisB,9.74,20:21:54,2,8,126.21
2026-08-20,HepatitisB,16.64,20:22:24,2,8,126.22
2026-08-20,HepatitisB,12.68,20:22:54,2,8,126.23
2026-08-20,HepatitisB,5.46,20:23:24,2,8,0.0
2026-08-20,HepatitisB,6.0,20:23:54,2,8,0.0
2026-08-20,HepatitisB,12.67,20:24:24,2,8,126.26
2026-08-20,HepatitisB,7.29,20:24:54,2,8,0.0
2026-08-20,HepatitisB,16.84,20:25:24,2,8,126.28
2026-08-20,HepatitisB,3.38,20:25:54,2,8,0.0
2026-08-20,HepatitisB,15.98,20:26:24,2,8,126.31
2026-08-20,HepatitisB,12.81,20:26:54,2,8,126.32
2026-08-20,HepatitisB,2.89,20:27:24,2,8,0.0
2026-08-20,HepatitisB,6.84,20:27:54,2,8,0.0
2026-08-20,HepatitisB,14.82,20:28:24,2,8,126.35
2026-08-20,HepatitisB,15.48,20:28:54,2,8,126.36
2026-08-20,HepatitisB,14.7,20:29:24,2,8,126.37
2026-08-20,HepatitisB,4.04,20:29:54,2,8,0.0
2026-08-20,HepatitisB,10.81,20:30:24,2,8,126.39
2026-08-20,HepatitisB,16.71,20:30:54,2,8,126.4
2026-08-20,HepatitisB,15.06,20:31:24,2,8,126.41
2026-08-20,HepatitisB,3.65,20:31:54,2,8,0.0
2026-08-20,HepatitisB,3.12,20:32:24,2,8,0.0
2026-08-20,HepatitisB,7.97,20:32:54,2,8,0.0
2026-08-20,HepatitisB,16.0,20:33:24,2,8,126.46
2026-08-20,HepatitisB,2.78,20:33:54,2,8,0.0
2026-08-20,HepatitisB,5.1,20:34:24,2,8,0.0
2026-08-20,HepatitisB,3.53,20:34:54,2,8,0.0
2026-08-20,HepatitisB,2.22,20:35:24,2,8,0.0
2026-08-20,HepatitisB,16.97,20:35:54,2,8,126.51
2026-08-20,HepatitisB,10.82,20:36:24,2,8,126.52
2026-08-20,HepatitisB,14.48,20:36:54,2,8,126.53
2026-08-20,HepatitisB,11.51,20:37:24,2,8,126.54
2026-08-20,HepatitisB,2.97,20:37:54,2,8,0.0
2026-08-20,HepatitisB,17.77,20:38:24,2,8,126.57
2026-08-20,HepatitisB,4.54,20:38:54,2,8,0.0
2026-08-20,HepatitisB,6.33,20:39:24,2,8,0.0
2026-08-20,HepatitisB,11.89,20:39:54,2,8,126.6
2026-08-20,HepatitisB,7.74,20:40:24,2,8,0.0
2026-08-20,HepatitisB,16.3,20:40:54,2,8,126.62
2026-08-20,HepatitisB,2.81,20:41:24,2,8,0.0
2026-08-20,HepatitisB,17.18,20:41:54,2,8,126.64
2026-08-20,HepatitisB,3.45,20:42:24,2,8,0.0
2026-08-20,HepatitisB,17.05,20:42:54,2,8,126.66
2026-08-20,HepatitisB,17.81,20:43:24,2,8,126.67
2026-08-20,HepatitisB,16.34,20:43:54,2,8,126.69
2026-08-20,HepatitisB,2.56,20:44:24,2,8,0.0
2026-08-20,HepatitisB,13.62,20:44:54,2,8,126.71
2026-08-20,HepatitisB,17.02,20:45:24,2,8,126.72
2026-08-20,HepatitisB,6.29,20:45:54,2,8,0.0
2026-08-20,HepatitisB,17.23,20:46:24,2,8,126.74
2026-08-20,HepatitisB,4.07,20:46:54,2,8,0.0
2026-08-20,HepatitisB,4.51,20:47:24,2,8,0.0
2026-08-20,HepatitisB,17.24,20:47:54,2,8,126.77
2026-08-20,HepatitisB,9.0,20:48:24,2,8,126.78
2026-08-20,HepatitisB,9.34,20:48:54,2,8,126.79
2026-08-20,HepatitisB,6.38,20:49:24,2,8,0.0
2026-08-20,HepatitisB,13.82,20:49:54,2,8,126.81
2026-08-20,HepatitisB,11.52,20:50:24,2,8,126.83
2026-08-20,HepatitisB,5.11,20:50:54,2,8,0.0
2026-08-20,HepatitisB,10.19,20:51:24,2,8,126.85
2026-08-20,HepatitisB,15.26,20:51:54,2,8,126.86
2026-08-20,HepatitisB,9.25,20:52:24,2,8,126.87
2026-08-20,HepatitisB,16.56,20:52:54,2,8,126.88
2026-08-20,HepatitisB,17.02,20:53:24,2,8,126.89
2026-08-20,HepatitisB,12.44,20:53:54,2,8,126.9
2026-08-20,HepatitisB,10.6,20:54:24,2,8,126.91
2026-08-20,HepatitisB,13.19,20:54:54,2,8,126.92
2026-08-20,HepatitisB,10.37,20:55:24,2,8,126.93
2026-08-20,HepatitisB,14.81,20:55:54,2,8,126.95
2026-08-20,HepatitisB,17.48,20:56:24,2,8,126.96
2026-08-20,HepatitisB,15.7,20:56:54,2,8,126.97
2026-08-20,HepatitisB,12.33,20:57:24,2,8,126.98
2026-08-20,HepatitisB,17.02,20:57:54,2,8,126.99
2026-08-20,HepatitisB,14.21,20:58:24,2,8,127.0
2026-08-20,HepatitisB,11.78,20:58:54,2,8,127.01
2026-08-20,HepatitisB,2.8,20:59:24,2,8,0.0
2026-08-20,HepatitisB,5.67,20:59:54,2,8,0.0
2026-08-20,HepatitisB,11.14,21:00:24,2,8,127.04
2026-08-20,HepatitisB,5.94,21:00:54,2,8,0.0
2026-08-20,HepatitisB,11.35,21:01:24,2,8,127.06
2026-08-20,HepatitisB,15.33,21:01:54,2,8,127.08
2026-08-20,HepatitisB,14.83,21:02:24,2,8,127.09
2026-08-20,HepatitisB,11.73,21:02:54,2,8,127.1
2026-08-20,HepatitisB,16.53,21:03:24,2,8,127.11
2026-08-20,HepatitisB,6.97,21:03:54,2,8,0.0
2026-08-20,HepatitisB,7.78,21:04:24,2,8,0.0
2026-08-20,HepatitisB,2.26,21:04:54,2,8,0.0
2026-08-20,HepatitisB,4.62,21:05:24,2,8,0.0
2026-08-20,HepatitisB,11.38,21:05:54,2,8,127.16
2026-08-20,HepatitisB,15.75,21:06:24,2,8,127.17
2026-08-20,HepatitisB,15.32,21:06:54,2,8,127.18
2026-08-20,HepatitisB,2.62,21:07:24,2,8,0.0
2026-08-20,HepatitisB,4.34,21:07:54,2,8,0.0
2026-08-20,HepatitisB,5.37,21:08:24,2,8,0.0
2026-08-20,HepatitisB,14.53,21:08:54,2,8,127.23
2026-08-20,HepatitisB,7.59,21:09:24,2,8,0.0
2026-08-20,HepatitisB,5.06,21:09:54,2,8,0.0
2026-08-20,HepatitisB,10.54,21:10:24,2,8,127.26
2026-08-20,HepatitisB,11.36,21:10:54,2,8,127.27
2026-08-20,HepatitisB,9.77,21:11:24,2,8,127.28
2026-08-20,HepatitisB,2.08,21:11:54,2,8,0.0
2026-08-20,HepatitisB,10.47,21:12:24,2,8,127.3
2026-08-20,HepatitisB,3.31,21:12:54,2,8,0.0
2026-08-20,HepatitisB,15.15,21:13:24,2,8,127.32
2026-08-20,HepatitisB,13.71,21:13:54,2,8,127.34
2026-08-20,HepatitisB,12.41,21:14:24,2,8,127.35
2026-08-20,HepatitisB,11.12,21:14:54,2,8,127.36
2026-08-20,HepatitisB,5.34,21:15:24,2,8,0.0
2026-08-20,HepatitisB,11.99,21:15:54,2,8,127.38
2026-08-20,HepatitisB,7.92,21:16:24,2,8,0.0
2026-08-20,HepatitisB,17.38,21:16:54,2,8,127.4
2026-08-20,HepatitisB,17.73,21:17:24,2,8,127.41
2026-08-20,HepatitisB,4.09,21:17:54,2,8,0.0
2026-08-20,HepatitisB,14.09,21:18:24,2,8,127.43
2026-08-20,HepatitisB,6.03,21:18:54,2,8,0.0
2026-08-20,HepatitisB,6.63,21:19:24,2,8,0.0
2026-08-20,HepatitisB,5.04,21:19:54,2,8,0.0
2026-08-20,HepatitisB,17.09,21:20:24,2,8,127.48
2026-08-20,HepatitisB,16.53,21:20:54,2,8,127.49
2026-08-20,HepatitisB,17.27,21:21:24,2,8,127.5
2026-08-20,HepatitisB,15.52,21:21:54,2,8,127.51
2026-08-20,HepatitisB,6.16,21:22:24,2,8,0.0
2026-08-20,HepatitisB,4.62,21:22:54,2,8,0.0
2026-08-20,HepatitisB,12.49,21:23:24,2,8,127.54
2026-08-20,HepatitisB,16.21,21:23:54,2,8,127.55
2026-08-20,HepatitisB,10.87,21:24:24,2,8,127.56
2026-08-20,HepatitisB,16.49,21:24:54,2,8,127.57
2026-08-20,HepatitisB,2.98,21:25:24,2,8,0.0
2026-08-20,HepatitisB,15.28,21:25:54,2,8,127.6
2026-08-20,HepatitisB,3.02,21:26:24,2,8,0.0
2026-08-20,HepatitisB,11.13,21:26:54,2,8,127.62
2026-08-20,HepatitisB,9.91,21:27:24,2,8,127.63
2026-08-20,HepatitisB,15.81,21:27:54,2,8,127.64
2026-08-20,HepatitisB,3.88,21:28:24,2,8,0.0
2026-08-20,HepatitisB,13.31,21:28:54,2,8,127.66
2026-08-20,HepatitisB,14.26,21:29:24,2,8,127.67
2026-08-20,HepatitisB,10.11,21:29:54,2,8,127.68
2026-08-20,HepatitisB,7.46,21:30:24,2,8,0.0
2026-08-20,HepatitisB,3.62,21:30:54,2,8,0.0
2026-08-20,HepatitisB,10.04,21:31:24,2,8,127.71
2026-08-20,HepatitisB,6.11,21:31:54,2,8,0.0
2026-08-20,HepatitisB,12.83,21:32:24,2,8,127.74
2026-08-20,HepatitisB,10.09,21:32:54,2,8,127.75
2026-08-20,HepatitisB,13.55,21:33:24,2,8,127.76
2026-08-20,HepatitisB,2.72,21:33:54,2,8,0.0
2026-08-20,HepatitisB,7.27,21:34:24,2,8,0.0
2026-08-20,HepatitisB,12.43,21:34:54,2,8,127.79
2026-08-20,HepatitisB,10.58,21:35:24,2,8,127.8
2026-08-20,HepatitisB,13.35,21:35:54,2,8,127.81
2026-08-20,HepatitisB,9.27,21:36:24,2,8,127.82
2026-08-20,HepatitisB,14.21,21:36:54,2,8,127.83
2026-08-20,HepatitisB,12.44,21:37:24,2,8,127.84
2026-08-20,HepatitisB,2.96,21:37:54,2,8,0.0
2026-08-20,HepatitisB,9.09,21:38:24,2,8,127.87
2026-08-20,HepatitisB,15.77,21:38:54,2,8,127.88
2026-08-20,HepatitisB,2.3,21:39:24,2,8,0.0
2026-08-20,HepatitisB,17.01,21:39:54,2,8,127.9
2026-08-20,HepatitisB,6.18,21:40:24,2,8,0.0
2026-08-20,HepatitisB,3.92,21:40:54,2,8,0.0
2026-08-20,HepatitisB,2.68,21:41:24,2,8,0.0
2026-08-20,HepatitisB,7.56,21:41:54,2,8,0.0
2026-08-20,HepatitisB,2.22,21:42:24,2,8,0.0
2026-08-20,HepatitisB,3.28,21:42:54,2,8,0.0
2026-08-20,HepatitisB,17.77,21:43:24,2,8,127.97
2026-08-20,HepatitisB,17.04,21:43:54,2,8,127.99
2026-08-20,HepatitisB,6.15,21:44:24,2,8,0.0
2026-08-20,HepatitisB,16.61,21:44:54,2,8,128.01
2026-08-20,HepatitisB,6.3,21:45:24,2,8,0.0
2026-08-20,HepatitisB,3.09,21:45:54,2,8,0.0
2026-08-20,HepatitisB,7.02,21:46:24,2,8,0.0
2026-08-20,HepatitisB,4.74,21:46:54,2,8,0.0
2026-08-20,HepatitisB,4.56,21:47:24,2,8,0.0
2026-08-20,HepatitisB,9.99,21:47:54,2,8,128.07
2026-08-20,HepatitisB,3.73,21:48:24,2,8,0.0
2026-08-20,HepatitisB,6.66,21:48:54,2,8,0.0
2026-08-20,HepatitisB,3.45,21:49:24,2,8,0.0
2026-08-20,HepatitisB,12.89,21:49:54,2,8,128.12
2026-08-20,HepatitisB,11.79,21:50:24,2,8,128.13
2026-08-20,HepatitisB,17.62,21:50:54,2,8,128.14
2026-08-20,HepatitisB,3.62,21:51:24,2,8,0.0
2026-08-20,HepatitisB,14.78,21:51:54,2,8,128.16
2026-08-20,HepatitisB,16.52,21:52:24,2,8,128.17
2026-08-20,HepatitisB,4.86,21:52:54,2,8,0.0
2026-08-20,HepatitisB,5.32,21:53:24,2,8,0.0
2026-08-20,HepatitisB,13.92,21:53:54,2,8,128.2
2026-08-20,HepatitisB,2.35,21:54:24,2,8,0.0
2026-08-20,HepatitisB,12.24,21:54:54,2,8,128.22
2026-08-20,HepatitisB,3.93,21:55:24,2,8,0.0
2026-08-20,HepatitisB,7.25,21:55:54,2,8,0.0
2026-08-20,HepatitisB,3.19,21:56:24,2,8,0.0
2026-08-20,HepatitisB,11.62,21:56:54,2,8,128.27
2026-08-20,HepatitisB,16.76,21:57:24,2,8,128.28
2026-08-20,HepatitisB,14.14,21:57:54,2,8,128.29
2026-08-20,HepatitisB,12.26,21:58:24,2,8,128.3
2026-08-20,HepatitisB,6.09,21:58:54,2,8,0.0
2026-08-20,HepatitisB,16.1,21:59:24,2,8,128.32
2026-08-20,HepatitisB,5.22,21:59:54,2,8,0.0
2026-08-20,HepatitisB,4.81,22:00:24,2,8,0.0
2026-08-20,HepatitisB,6.62,22:00:54,2,8,0.0
2026-08-20,HepatitisB,11.77,22:01:24,2,8,128.36
2026-08-20,HepatitisB,2.68,22:01:54,2,8,0.0
2026-08-20,HepatitisB,12.79,22:02:24,2,8,128.39
2026-08-20,HepatitisB,10.25,22:02:54,2,8,128.4
2026-08-20,HepatitisB,13.86,22:03:24,2,8,128.41
2026-08-20,HepatitisB,10.62,22:03:54,2,8,128.42
2026-08-20,HepatitisB,15.82,22:04:24,2,8,128.43
2026-08-20,HepatitisB,13.71,22:04:54,2,8,128.44
2026-08-20,HepatitisB,14.88,22:05:24,2,8,128.45
2026-08-20,HepatitisB,14.75,22:05:54,2,8,128.46
2026-08-20,HepatitisB,4.63,22:06:24,2,8,0.0
2026-08-20,HepatitisB,11.49,22:06:54,2,8,128.48
2026-08-20,HepatitisB,17.48,22:07:24,2,8,128.49
2026-08-20,HepatitisB,16.52,22:07:54,2,8,128.5
2026-08-20,HepatitisB,16.75,22:08:24,2,8,128.52
2026-08-20,HepatitisB,2.65,22:08:54,2,8,0.0
2026-08-20,HepatitisB,6.19,22:09:24,2,8,0.0
2026-08-20,HepatitisB,15.3,22:09:54,2,8,128.55
2026-08-20,HepatitisB,10.35,22:10:24,2,8,128.56
2026-08-20,HepatitisB,10.32,22:10:54,2,8,128.57
2026-08-20,HepatitisB,14.2,22:11:24,2,8,128.58
2026-08-20,HepatitisB,4.35,22:11:54,2,8,0.0
2026-08-20,HepatitisB,11.62,22:12:24,2,8,128.6
2026-08-20,HepatitisB,5.75,22:12:54,2,8,0.0
2026-08-20,HepatitisB,10.94,22:13:24,2,8,128.62
2026-08-20,HepatitisB,13.71,22:13:54,2,8,128.64
2026-08-20,HepatitisB,13.44,22:14:24,2,8,128.65
2026-08-20,HepatitisB,5.66,22:14:54,2,8,0.0
2026-08-20,HepatitisB,11.24,22:15:24,2,8,128.67
2026-08-20,HepatitisB,5.28,22:15:54,2,8,0.0
2026-08-20,HepatitisB,12.3,22:16:24,2,8,128.69
2026-08-20,HepatitisB,13.49,22:16:54,2,8,128.7
2026-08-20,HepatitisB,13.8,22:17:24,2,8,128.71
2026-08-20,HepatitisB,12.52,22:17:54,2,8,128.72
2026-08-20,HepatitisB,15.49,22:18:24,2,8,128.73
2026-08-20,HepatitisB,7.49,22:18:54,2,8,0.0
2026-08-20,HepatitisB,10.76,22:19:24,2,8,128.75
2026-08-20,HepatitisB,13.47,22:19:54,2,8,128.77
2026-08-20,HepatitisB,14.44,22:20:24,2,8,128.78
2026-08-20,HepatitisB,17.67,22:20:54,2,8,128.79
2026-08-20,HepatitisB,12.35,22:21:24,2,8,128.8
2026-08-20,HepatitisB,4.02,22:21:54,2,8,0.0
2026-08-20,HepatitisB,9.22,22:22:24,2,8,128.82
2026-08-20,HepatitisB,6.94,22:22:54,2,8,0.0
2026-08-20,HepatitisB,2.41,22:23:24,2,8,0.0
2026-08-20,HepatitisB,9.72,22:23:54,2,8,128.85
2026-08-20,HepatitisB,10.69,22:24:24,2,8,128.86
2026-08-20,HepatitisB,13.19,22:24:54,2,8,128.87
2026-08-20,HepatitisB,10.52,22:25:24,2,8,128.88
2026-08-20,HepatitisB,7.94,22:25:54,2,8,0.0
2026-08-20,HepatitisB,16.55,22:26:24,2,8,128.91
2026-08-20,HepatitisB,5.69,22:26:54,2,8,0.0
2026-08-20,HepatitisB,12.58,22:27:24,2,8,128.93
2026-08-20,HepatitisB,16.3,22:27:54,2,8,128.94
2026-08-20,HepatitisB,5.0,22:28:24,2,8,0.0
2026-08-20,HepatitisB,7.05,22:28:54,2,8,0.0
2026-08-20,HepatitisB,4.62,22:29:24,2,8,0.0
2026-08-20,HepatitisB,11.66,22:29:54,2,8,128.98
2026-08-20,HepatitisB,15.77,22:30:24,2,8,128.99
2026-08-20,HepatitisB,11.68,22:30:54,2,8,129.0
2026-08-20,HepatitisB,5.83,22:31:24,2,8,0.0
2026-08-20,HepatitisB,7.12,22:31:54,2,8,0.0
2026-08-20,HepatitisB,4.48,22:32:24,2,8,0.0
2026-08-20,HepatitisB,17.42,22:32:54,2,8,129.05
2026-08-20,HepatitisB,9.3,22:33:24,2,8,129.06
2026-08-20,HepatitisB,10.94,22:33:54,2,8,129.07
2026-08-20,HepatitisB,16.01,22:34:24,2,8,129.08
2026-08-20,HepatitisB,12.59,22:34:54,2,8,129.09
2026-08-20,HepatitisB,12.05,22:35:24,2,8,129.1
2026-08-20,HepatitisB,11.81,22:35:54,2,8,129.11
2026-08-20,HepatitisB,4.35,22:36:24,2,8,0.0
2026-08-20,HepatitisB,7.49,22:36:54,2,8,0.0
2026-08-20,HepatitisB,9.96,22:37:24,2,8,129.14
2026-08-20,HepatitisB,2.96,22:37:54,2,8,0.0
2026-08-20,HepatitisB,12.1,22:38:24,2,8,129.17
2026-08-20,HepatitisB,16.47,22:38:54,2,8,129.18
2026-08-20,HepatitisB,13.85,22:39:24,2,8,129.19
2026-08-20,HepatitisB,14.37,22:39:54,2,8,129.2
2026-08-20,HepatitisB,10.05,22:40:24,2,8,129.21
2026-08-20,HepatitisB,13.62,22:40:54,2,8,129.22
2026-08-20,HepatitisB,9.21,22:41:24,2,8,129.23
2026-08-20,HepatitisB,12.66,22:41:54,2,8,129.24
2026-08-20,HepatitisB,6.63,22:42:24,2,8,0.0
2026-08-20,HepatitisB,16.67,22:42:54,2,8,129.26
2026-08-20,HepatitisB,17.66,22:43:24,2,8,129.27
2026-08-20,HepatitisB,2.36,22:43:54,2,8,0.0
2026-08-20,HepatitisB,5.99,22:44:24,2,8,0.0
2026-08-20,HepatitisB,3.07,22:44:54,2,8,0.0
2026-08-20,HepatitisB,17.4,22:45:24,2,8,129.32
2026-08-20,HepatitisB,16.64,22:45:54,2,8,129.33
2026-08-20,HepatitisB,16.16,22:46:24,2,8,129.34
2026-08-20,HepatitisB,17.25,22:46:54,2,8,129.35
2026-08-20,HepatitisB,14.38,22:47:24,2,8,129.36
2026-08-20,HepatitisB,4.39,22:47:54,2,8,0.0
2026-08-20,HepatitisB,3.82,22:48:24,2,8,0.0
2026-08-20,HepatitisB,3.96,22:48:54,2,8,0.0
2026-08-20,HepatitisB,10.71,22:49:24,2,8,129.4
2026-08-20,HepatitisB,6.29,22:49:54,2,8,0.0
2026-08-20,HepatitisB,15.89,22:50:24,2,8,129.43
2026-08-20,HepatitisB,3.63,22:50:54,2,8,0.0
2026-08-20,HepatitisB,12.31,22:51:24,2,8,129.45
2026-08-20,HepatitisB,16.97,22:51:54,2,8,129.46
2026-08-20,HepatitisB,16.95,22:52:24,2,8,129.47
2026-08-20,HepatitisB,17.39,22:52:54,2,8,129.48
2026-08-20,HepatitisB,6.5,22:53:24,2,8,0.0
2026-08-20,HepatitisB,10.38,22:53:54,2,8,129.5
2026-08-20,HepatitisB,7.67,22:54:24,2,8,0.0
2026-08-20,HepatitisB,6.26,22:54:54,2,8,0.0
2026-08-20,HepatitisB,7.95,22:55:24,2,8,0.0
2026-08-20,HepatitisB,17.08,22:55:54,2,8,129.55
2026-08-20,HepatitisB,13.98,22:56:24,2,8,129.56
2026-08-20,HepatitisB,11.68,22:56:54,2,8,129.57
2026-08-20,HepatitisB,3.2,22:57:24,2,8,0.0
2026-08-20,HepatitisB,12.41,22:57:54,2,8,129.59
2026-08-20,HepatitisB,11.95,22:58:24,2,8,129.6
2026-08-20,HepatitisB,17.61,22:58:54,2,8,129.61
2026-08-20,HepatitisB,15.05,22:59:24,2,8,129.62
2026-08-20,HepatitisB,15.59,22:59:54,2,8,129.63
2026-08-20,HepatitisB,11.46,23:00:24,2,8,129.64
2026-08-20,HepatitisB,13.25,23:00:54,2,8,129.65
2026-08-20,HepatitisB,10.79,23:01:24,2,8,129.66
2026-08-20,HepatitisB,14.67,23:01:54,2,8,129.68
2026-08-20,HepatitisB,5.6,23:02:24,2,8,0.0
2026-08-20,HepatitisB,4.31,23:02:54,2,8,0.0
2026-08-20,HepatitisB,9.81,23:03:24,2,8,129.71
2026-08-20,HepatitisB,10.69,23:03:54,2,8,129.72
2026-08-20,HepatitisB,17.29,23:04:24,2,8,129.73
2026-08-20,HepatitisB,2.02,23:04:54,2,8,0.0
2026-08-20,HepatitisB,9.44,23:05:24,2,8,129.75
2026-08-20,HepatitisB,3.62,23:05:54,2,8,0.0
2026-08-20,HepatitisB,17.43,23:06:24,2,8,129.77
2026-08-20,HepatitisB,16.33,23:06:54,2,8,129.78
2026-08-20,HepatitisB,7.53,23:07:24,2,8,0.0
2026-08-20,HepatitisB,17.42,23:07:54,2,8,129.81
2026-08-20,HepatitisB,12.19,23:08:24,2,8,129.82
2026-08-20,HepatitisB,3.96,23:08:54,2,8,0.0
2026-08-20,HepatitisB,5.58,23:09:24,2,8,0.0
2026-08-20,HepatitisB,11.15,23:09:54,2,8,129.85
2026-08-20,HepatitisB,4.3,23:10:24,2,8,0.0
2026-08-20,HepatitisB,3.67,23:10:54,2,8,0.0
2026-08-20,HepatitisB,9.58,23:11:24,2,8,129.88
2026-08-20,HepatitisB,6.44,23:11:54,2,8,0.0
2026-08-20,HepatitisB,14.24,23:12:24,2,8,129.9
2026-08-20,HepatitisB,17.73,23:12:54,2,8,129.91
2026-08-20,HepatitisB,15.12,23:13:24,2,8,129.92
2026-08-20,HepatitisB,9.44,23:13:54,2,8,129.94
2026-08-20,HepatitisB,12.06,23:14:24,2,8,129.95
2026-08-20,HepatitisB,12.61,23:14:54,2,8,129.96
2026-08-20,HepatitisB,7.63,23:15:24,2,8,0.0
2026-08-20,HepatitisB,3.89,23:15:54,2,8,0.0
2026-08-20,HepatitisB,10.84,23:16:24,2,8,129.99
2026-08-20,HepatitisB,3.91,23:16:54,2,8,0.0
2026-08-20,HepatitisB,6.83,23:17:24,2,8,0.0
2026-08-20,HepatitisB,17.67,23:17:54,2,8,130.02
2026-08-20,HepatitisB,14.45,23:18:24,2,8,130.03
2026-08-20,HepatitisB,7.52,23:18:54,2,8,0.0
2026-08-20,HepatitisB,12.17,23:19:24,2,8,130.05
2026-08-20,HepatitisB,5.27,23:19:54,2,8,0.0
2026-08-20,HepatitisB,14.47,23:20:24,2,8,130.08
2026-08-20,HepatitisB,7.68,23:20:54,2,8,0.0
2026-08-20,HepatitisB,11.88,23:21:24,2,8,130.1
2026-08-20,HepatitisB,16.72,23:21:54,2,8,130.11
2026-08-20,HepatitisB,10.74,23:22:24,2,8,130.12
2026-08-20,HepatitisB,6.45,23:22:54,2,8,0.0
2026-08-20,HepatitisB,14.16,23:23:24,2,8,130.14
2026-08-20,HepatitisB,6.89,23:23:54,2,8,0.0
2026-08-20,HepatitisB,11.69,23:24:24,2,8,130.16
2026-08-20,HepatitisB,2.99,23:24:54,2,8,0.0
2026-08-20,HepatitisB,17.31,23:25:24,2,8,130.18
2026-08-20,HepatitisB,14.81,23:25:54,2,8,130.2
2026-08-20,HepatitisB,13.29,23:26:24,2,8,130.21
2026-08-20,HepatitisB,5.94,23:26:54,2,8,0.0
2026-08-20,HepatitisB,11.82,23:27:24,2,8,130.23
2026-08-20,HepatitisB,2.58,23:27:54,2,8,0.0
2026-08-20,HepatitisB,3.03,23:28:24,2,8,0.0
2026-08-20,HepatitisB,10.43,23:28:54,2,8,130.26
2026-08-20,HepatitisB,17.21,23:29:24,2,8,130.27
2026-08-20,HepatitisB,16.59,23:29:54,2,8,130.28
2026-08-20,HepatitisB,11.16,23:30:24,2,8,130.29
2026-08-20,HepatitisB,7.21,23:30:54,2,8,0.0
2026-08-20,HepatitisB,7.7,23:31:24,2,8,0.0
2026-08-20,HepatitisB,5.92,23:31:54,2,8,0.0
2026-08-20,HepatitisB,12.68,23:32:24,2,8,130.34
2026-08-20,HepatitisB,14.68,23:32:54,2,8,130.35
2026-08-20,HepatitisB,15.94,23:33:24,2,8,130.36
2026-08-20,HepatitisB,11.84,23:33:54,2,8,130.37
2026-08-20,HepatitisB,6.4,23:34:24,2,8,0.0
2026-08-20,HepatitisB,13.05,23:34:54,2,8,130.39
2026-08-20,HepatitisB,13.04,23:35:24,2,8,130.4
2026-08-20,HepatitisB,9.1,23:35:54,2,8,130.41
2026-08-20,HepatitisB,14.39,23:36:24,2,8,130.42
2026-08-20,HepatitisB,16.39,23:36:54,2,8,130.43
2026-08-20,HepatitisB,5.12,23:37:24,2,8,0.0
2026-08-20,HepatitisB,17.35,23:37:54,2,8,130.45
2026-08-20,HepatitisB,15.16,23:38:24,2,8,130.47
2026-08-20,HepatitisB,9.79,23:38:54,2,8,130.48
2026-08-20,HepatitisB,4.33,23:39:24,2,8,0.0
2026-08-20,HepatitisB,11.79,23:39:54,2,8,130.5
2026-08-20,HepatitisB,17.08,23:40:24,2,8,130.51
2026-08-20,HepatitisB,12.25,23:40:54,2,8,130.52
2026-08-20,HepatitisB,9.83,23:41:24,2,8,130.53
2026-08-20,HepatitisB,3.77,23:41:54,2,8,0.0
2026-08-20,HepatitisB,12.02,23:42:24,2,8,130.55
2026-08-20,HepatitisB,12.11,23:42:54,2,8,130.56
2026-08-20,HepatitisB,14.89,23:43:24,2,8,130.57
2026-08-20,HepatitisB,14.73,23:43:54,2,8,130.59
2026-08-20,HepatitisB,17.43,23:44:24,2,8,130.6
2026-08-20,HepatitisB,14.65,23:44:54,2,8,130.61
2026-08-20,HepatitisB,13.83,23:45:24,2,8,130.62
2026-08-20,HepatitisB,11.04,23:45:54,2,8,130.63
2026-08-20,HepatitisB,3.85,23:46:24,2,8,0.0
2026-08-20,HepatitisB,13.93,23:46:54,2,8,130.65
2026-08-20,HepatitisB,6.02,23:47:24,2,8,0.0
2026-08-20,HepatitisB,5.75,23:47:54,2,8,0.0
2026-08-20,HepatitisB,13.0,23:48:24,2,8,130.68
2026-08-20,HepatitisB,5.81,23:48:54,2,8,0.0
2026-08-20,HepatitisB,15.83,23:49:24,2,8,130.7
2026-08-20,HepatitisB,14.5,23:49:54,2,8,130.72
2026-08-20,HepatitisB,14.6,23:50:24,2,8,130.73
2026-08-20,HepatitisB,14.56,23:50:54,2,8,130.74
2026-08-20,HepatitisB,16.4,23:51:24,2,8,130.75
2026-08-20,HepatitisB,14.4,23:51:54,2,8,130.76
2026-08-20,HepatitisB,15.63,23:52:24,2,8,130.77
2026-08-20,HepatitisB,17.81,23:52:54,2,8,130.78
2026-08-20,HepatitisB,12.1,23:53:24,2,8,130.79
2026-08-20,HepatitisB,9.49,23:53:54,2,8,130.8
2026-08-20,HepatitisB,14.23,23:54:24,2,8,130.81
2026-08-20,HepatitisB,12.75,23:54:54,2,8,130.82
2026-08-20,HepatitisB,2.44,23:55:24,2,8,0.0
2026-08-20,HepatitisB,10.81,23:55:54,2,8,130.84
2026-08-20,HepatitisB,11.93,23:56:24,2,8,130.86
2026-08-20,HepatitisB,2.12,23:56:54,2,8,0.0
2026-08-20,HepatitisB,7.41,23:57:24,2,8,0.0
2026-08-20,HepatitisB,7.27,23:57:54,2,8,0.0
2026-08-20,HepatitisB,5.84,23:58:24,2,8,0.0
2026-08-20,HepatitisB,4.3,23:58:54,2,8,0.0
2026-08-20,HepatitisB,11.71,23:59:24,2,8,130.92
2026-08-20,HepatitisB,10.1,23:59:54,2,8,130.93
2026-08-20,HepatitisB,10.87,00:00:24,2,8,130.94
2026-08-20,HepatitisB,11.54,00:00:54,2,8,130.95
2026-08-20,HepatitisB,16.98,00:01:24,2,8,130.96
2026-08-20,HepatitisB,13.71,00:01:54,2,8,130.97
2026-08-20,HepatitisB,9.14,00:02:24,2,8,130.99
2026-08-20,HepatitisB,16.26,00:02:54,2,8,131.0
2026-08-20,HepatitisB,5.64,00:03:24,2,8,0.0
2026-08-20,HepatitisB,12.43,00:03:54,2,8,131.02
2026-08-20,HepatitisB,15.91,00:04:24,2,8,131.03
2026-08-20,HepatitisB,7.83,00:04:54,2,8,0.0
2026-08-20,HepatitisB,17.72,00:05:24,2,8,131.05
2026-08-20,HepatitisB,12.39,00:05:54,2,8,131.06
2026-08-20,HepatitisB,14.59,00:06:24,2,8,131.07
2026-08-20,HepatitisB,10.45,00:06:54,2,8,131.08
2026-08-20,HepatitisB,9.81,00:07:24,2,8,131.09
2026-08-20,HepatitisB,3.19,00:07:54,2,8,0.0
2026-08-20,HepatitisB,4.21,00:08:24,2,8,0.0
2026-08-20,HepatitisB,17.18,00:08:54,2,8,131.13
2026-08-20,HepatitisB,14.92,00:09:24,2,8,131.14
2026-08-20,HepatitisB,7.05,00:09:54,2,8,0.0
2026-08-20,HepatitisB,12.93,00:10:24,2,8,131.16
2026-08-20,HepatitisB,16.08,00:10:54,2,8,131.17
2026-08-20,HepatitisB,10.41,00:11:24,2,8,131.18
2026-08-20,HepatitisB,12.36,00:11:54,2,8,131.19
2026-08-20,HepatitisB,5.54,00:12:24,2,8,0.0
2026-08-20,HepatitisB,17.46,00:12:54,2,8,131.21
2026-08-20,HepatitisB,6.6,00:13:24,2,8,0.0
2026-08-20,HepatitisB,5.76,00:13:54,2,8,0.0
2026-08-20,HepatitisB,12.17,00:14:24,2,8,131.25
2026-08-20,HepatitisB,6.26,00:14:54,2,8,0.0
2026-08-20,HepatitisB,15.64,00:15:24,2,8,131.27
2026-08-20,HepatitisB,14.25,00:15:54,2,8,131.28
2026-08-20,HepatitisB,11.0,00:16:24,2,8,131.29
2026-08-20,HepatitisB,12.09,00:16:54,2,8,131.3
2026-08-20,HepatitisB,12.12,00:17:24,2,8,131.31
2026-08-20,HepatitisB,16.7,00:17:54,2,8,131.32
2026-08-20,HepatitisB,3.99,00:18:24,2,8,0.0
2026-08-20,HepatitisB,13.37,00:18:54,2,8,131.34
2026-08-20,HepatitisB,2.76,00:19:24,2,8,0.0
2026-08-20,HepatitisB,17.4,00:19:54,2,8,131.37
2026-08-20,HepatitisB,2.28,00:20:24,2,8,0.0
2026-08-20,HepatitisB,16.45,00:20:54,2,8,131.39
2026-08-20,HepatitisB,16.16,00:21:24,2,8,131.4
2026-08-20,HepatitisB,17.78,00:21:54,2,8,131.41
2026-08-20,HepatitisB,3.51,00:22:24,2,8,0.0
2026-08-20,HepatitisB,10.53,00:22:54,2,8,131.43
2026-08-20,HepatitisB,11.01,00:23:24,2,8,131.44
2026-08-20,HepatitisB,15.74,00:23:54,2,8,131.45
2026-08-20,HepatitisB,6.05,00:24:24,2,8,0.0
2026-08-20,HepatitisB,6.9,00:24:54,2,8,0.0
2026-08-20,HepatitisB,14.1,00:25:24,2,8,131.48
2026-08-20,HepatitisB,17.88,00:25:54,2,8,131.5
2026-08-20,HepatitisB,3.33,00:26:24,2,8,0.0
2026-08-20,HepatitisB,7.88,00:26:54,2,8,0.0
2026-08-20,HepatitisB,16.15,00:27:24,2,8,131.53
2026-08-20,HepatitisB,11.51,00:27:54,2,8,131.54
2026-08-20,HepatitisB,15.51,00:28:24,2,8,131.55
2026-08-20,HepatitisB,3.66,00:28:54,2,8,0.0
2026-08-20,HepatitisB,14.17,00:29:24,2,8,131.57
2026-08-20,HepatitisB,13.74,00:29:54,2,8,131.58
2026-08-20,HepatitisB,16.97,00:30:24,2,8,131.59
2026-08-20,HepatitisB,4.63,00:30:54,2,8,0.0
2026-08-20,HepatitisB,2.34,00:31:24,2,8,0.0
2026-08-20,HepatitisB,14.17,00:31:54,2,8,131.62
2026-08-20,HepatitisB,11.36,00:32:24,2,8,131.64
2026-08-20,HepatitisB,2.96,00:32:54,2,8,0.0
2026-08-20,HepatitisB,15.78,00:33:24,2,8,131.66
2026-08-20,HepatitisB,9.94,00:33:54,2,8,131.67
2026-08-20,HepatitisB,13.38,00:34:24,2,8,131.68
2026-08-20,HepatitisB,10.76,00:34:54,2,8,131.69
2026-08-20,HepatitisB,13.65,00:35:24,2,8,131.7
2026-08-20,HepatitisB,10.39,00:35:54,2,8,131.71
2026-08-20,HepatitisB,4.08,00:36:24,2,8,0.0
2026-08-20,HepatitisB,10.83,00:36:54,2,8,131.73
2026-08-20,HepatitisB,11.73,00:37:24,2,8,131.74
2026-08-20,HepatitisB,17.41,00:37:54,2,8,131.75
2026-08-20,HepatitisB,9.49,00:38:24,2,8,131.77
2026-08-20,HepatitisB,7.34,00:38:54,2,8,0.0
2026-08-20,HepatitisB,11.68,00:39:24,2,8,131.79
2026-08-20,HepatitisB,17.01,00:39:54,2,8,131.8
2026-08-20,HepatitisB,4.4,00:40:24,2,8,0.0
2026-08-20,HepatitisB,6.34,00:40:54,2,8,0.0
2026-08-20,HepatitisB,4.4,00:41:24,2,8,0.0
2026-08-20,HepatitisB,11.31,00:41:54,2,8,131.84
2026-08-20,HepatitisB,2.99,00:42:24,2,8,0.0
2026-08-20,HepatitisB,14.08,00:42:54,2,8,131.86
2026-08-20,HepatitisB,9.39,00:43:24,2,8,131.87
2026-08-20,HepatitisB,13.38,00:43:54,2,8,131.89
2026-08-20,HepatitisB,13.63,00:44:24,2,8,131.9
2026-08-20,HepatitisB,2.37,00:44:54,2,8,0.0
2026-08-20,HepatitisB,16.91,00:45:24,2,8,131.92
2026-08-20,HepatitisB,5.18,00:45:54,2,8,0.0
2026-08-20,HepatitisB,11.6,00:46:24,2,8,131.94
2026-08-20,HepatitisB,12.56,00:46:54,2,8,131.95
2026-08-20,HepatitisB,17.64,00:47:24,2,8,131.96
2026-08-20,HepatitisB,12.88,00:47:54,2,8,131.97
2026-08-20,HepatitisB,12.62,00:48:24,2,8,131.98
2026-08-20,HepatitisB,15.02,00:48:54,2,8,131.99
2026-08-20,HepatitisB,16.49,00:49:24,2,8,132.0
2026-08-20,HepatitisB,10.94,00:49:54,2,8,132.02
2026-08-20,HepatitisB,12.05,00:50:24,2,8,132.03
2026-08-20,HepatitisB,11.12,00:50:54,2,8,132.04
2026-08-20,HepatitisB,10.75,00:51:24,2,8,132.05
2026-08-20,HepatitisB,12.85,00:51:54,2,8,132.06
2026-08-20,HepatitisB,7.15,00:52:24,2,8,0.0
2026-08-20,HepatitisB,10.35,00:52:54,2,8,132.08
2026-08-20,HepatitisB,2.8,00:53:24,2,8,0.0
2026-08-20,HepatitisB,3.88,00:53:54,2,8,0.0
2026-08-20,HepatitisB,4.38,00:54:24,2,8,0.0
2026-08-20,HepatitisB,2.14,00:54:54,2,8,0.0
2026-08-20,HepatitisB,5.99,00:55:24,2,8,0.0
2026-08-20,HepatitisB,3.5,00:55:54,2,8,0.0
2026-08-20,HepatitisB,3.73,00:56:24,2,8,0.0
2026-08-20,HepatitisB,14.33,00:56:54,2,8,132.17
2026-08-20,HepatitisB,4.95,00:57:24,2,8,0.0
2026-08-20,HepatitisB,14.08,00:57:54,2,8,132.19
2026-08-20,HepatitisB,10.24,00:58:24,2,8,132.2
2026-08-20,HepatitisB,13.65,00:58:54,2,8,132.21
2026-08-20,HepatitisB,11.13,00:59:24,2,8,132.22
2026-08-20,HepatitisB,12.76,00:59:54,2,8,132.23
2026-08-20,HepatitisB,6.88,01:00:24,2,8,0.0
2026-08-20,HepatitisB,11.35,01:00:54,2,8,132.25
2026-08-20,HepatitisB,16.4,01:01:24,2,8,132.26
2026-08-20,HepatitisB,5.45,01:01:54,2,8,0.0
2026-08-20,HepatitisB,7.51,01:02:24,2,8,0.0
2026-08-20,HepatitisB,13.98,01:02:54,2,8,132.3
2026-08-20,HepatitisB,2.3,01:03:24,2,8,0.0
2026-08-20,HepatitisB,5.58,01:03:54,2,8,0.0
2026-08-20,HepatitisB,6.98,01:04:24,2,8,0.0
2026-08-20,HepatitisB,2.06,01:04:54,2,8,0.0
2026-08-20,HepatitisB,9.37,01:05:24,2,8,132.35
2026-08-20,HepatitisB,7.01,01:05:54,2,8,0.0
2026-08-20,HepatitisB,12.93,01:06:24,2,8,132.37
2026-08-20,HepatitisB,3.38,01:06:54,2,8,0.0
2026-08-20,HepatitisB,7.86,01:07:24,2,8,0.0
2026-08-20,HepatitisB,7.27,01:07:54,2,8,0.0
2026-08-20,HepatitisB,15.26,01:08:24,2,8,132.42
2026-08-20,HepatitisB,7.48,01:08:54,2,8,0.0
2026-08-20,HepatitisB,11.92,01:09:24,2,8,132.44
2026-08-20,HepatitisB,11.52,01:09:54,2,8,132.45
2026-08-20,HepatitisB,15.47,01:10:24,2,8,132.46
2026-08-20,HepatitisB,4.82,01:10:54,2,8,0.0
2026-08-20,HepatitisB,6.19,01:11:24,2,8,0.0
2026-08-20,HepatitisB,7.78,01:11:54,2,8,0.0
2026-08-20,HepatitisB,11.68,01:12:24,2,8,132.5
2026-08-20,HepatitisB,11.33,01:12:54,2,8,132.51
2026-08-20,HepatitisB,5.85,01:13:24,2,8,0.0
2026-08-20,HepatitisB,11.7,01:13:54,2,8,132.53
2026-08-20,HepatitisB,14.07,01:14:24,2,8,132.55
2026-08-20,HepatitisB,16.5,01:14:54,2,8,132.56
2026-08-20,HepatitisB,12.44,01:15:24,2,8,132.57
2026-08-20,HepatitisB,10.34,01:15:54,2,8,132.58
2026-08-20,HepatitisB,13.81,01:16:24,2,8,132.59
2026-08-20,HepatitisB,12.66,01:16:54,2,8,132.6
2026-08-20,HepatitisB,7.63,01:17:24,2,8,0.0
2026-08-20,HepatitisB,7.45,01:17:54,2,8,0.0
2026-08-20,HepatitisB,13.38,01:18:24,2,8,132.63
2026-08-20,HepatitisB,13.06,01:18:54,2,8,132.64
2026-08-20,HepatitisB,4.16,01:19:24,2,8,0.0
2026-08-20,HepatitisB,4.86,01:19:54,2,8,0.0
2026-08-20,HepatitisB,6.42,01:20:24,2,8,0.0
2026-08-20,HepatitisB,6.49,01:20:54,2,8,0.0
2026-08-20,HepatitisB,12.43,01:21:24,2,8,132.7
2026-08-20,HepatitisB,12.59,01:21:54,2,8,132.71
2026-08-20,HepatitisB,10.2,01:22:24,2,8,132.72
2026-08-20,HepatitisB,16.62,01:22:54,2,8,132.73
2026-08-20,HepatitisB,15.58,01:23:24,2,8,132.74
2026-08-20,HepatitisB,16.6,01:23:54,2,8,132.75
2026-08-20,HepatitisB,15.29,01:24:24,2,8,132.76
2026-08-20,HepatitisB,2.95,01:24:54,2,8,0.0
2026-08-20,HepatitisB,14.95,01:25:24,2,8,132.78
2026-08-20,HepatitisB,5.59,01:25:54,2,8,0.0
2026-08-20,HepatitisB,14.67,01:26:24,2,8,132.81
2026-08-20,HepatitisB,12.36,01:26:54,2,8,132.82
2026-08-20,HepatitisB,2.84,01:27:24,2,8,0.0
2026-08-20,HepatitisB,10.84,01:27:54,2,8,132.84
2026-08-20,HepatitisB,15.79,01:28:24,2,8,132.85
2026-08-20,HepatitisB,3.89,01:28:54,2,8,0.0
2026-08-20,HepatitisB,10.63,01:29:24,2,8,132.87
2026-08-20,HepatitisB,14.08,01:29:54,2,8,132.88
2026-08-20,HepatitisB,15.48,01:30:24,2,8,132.89
2026-08-20,HepatitisB,5.9,01:30:54,2,8,0.0
2026-08-20,HepatitisB,15.87,01:31:24,2,8,132.91
2026-08-20,HepatitisB,5.05,01:31:54,2,8,0.0
2026-08-20,HepatitisB,11.53,01:32:24,2,8,132.94
2026-08-20,HepatitisB,14.77,01:32:54,2,8,132.95
2026-08-20,HepatitisB,17.89,01:33:24,2,8,132.96
2026-08-20,HepatitisB,6.11,01:33:54,2,8,0.0
2026-08-20,HepatitisB,4.52,01:34:24,2,8,0.0
2026-08-20,HepatitisB,7.93,01:34:54,2,8,0.0
2026-08-20,HepatitisB,12.43,01:35:24,2,8,133.0
2026-08-20,HepatitisB,14.54,01:35:54,2,8,133.01
2026-08-20,HepatitisB,9.89,01:36:24,2,8,133.02
2026-08-20,HepatitisB,9.74,01:36:54,2,8,133.03
2026-08-20,HepatitisB,5.61,01:37:24,2,8,0.0
2026-08-20,HepatitisB,13.44,01:37:54,2,8,133.06
2026-08-20,HepatitisB,11.21,01:38:24,2,8,133.07
2026-08-20,HepatitisB,9.22,01:38:54,2,8,133.08
2026-08-20,HepatitisB,12.35,01:39:24,2,8,133.09
2026-08-20,HepatitisB,11.63,01:39:54,2,8,133.1
2026-08-20,HepatitisB,12.58,01:40:24,2,8,133.11
2026-08-20,HepatitisB,10.64,01:40:54,2,8,133.12
2026-08-20,HepatitisB,6.11,01:41:24,2,8,0.0
2026-08-20,HepatitisB,12.01,01:41:54,2,8,133.14
2026-08-20,HepatitisB,11.03,01:42:24,2,8,133.15
2026-08-20,HepatitisB,14.34,01:42:54,2,8,133.16
2026-08-20,HepatitisB,6.7,01:43:24,2,8,0.0
2026-08-20,HepatitisB,7.06,01:43:54,2,8,0.0
2026-08-20,HepatitisB,2.5,01:44:24,2,8,0.0
2026-08-20,HepatitisB,12.53,01:44:54,2,8,133.21
2026-08-20,HepatitisB,4.95,01:45:24,2,8,0.0
2026-08-20,HepatitisB,12.85,01:45:54,2,8,133.23
2026-08-20,HepatitisB,14.06,01:46:24,2,8,133.24
2026-08-20,HepatitisB,13.36,01:46:54,2,8,133.25
2026-08-20,HepatitisB,12.18,01:47:24,2,8,133.26
2026-08-20,HepatitisB,9.43,01:47:54,2,8,133.27
2026-08-20,HepatitisB,6.52,01:48:24,2,8,0.0
2026-08-20,HepatitisB,7.79,01:48:54,2,8,0.0
2026-08-20,HepatitisB,17.03,01:49:24,2,8,133.3
2026-08-20,HepatitisB,5.33,01:49:54,2,8,0.0
2026-08-20,HepatitisB,9.88,01:50:24,2,8,133.33
2026-08-20,HepatitisB,3.9,01:50:54,2,8,0.0
2026-08-20,HepatitisB,11.26,01:51:24,2,8,133.35
2026-08-20,HepatitisB,10.44,01:51:54,2,8,133.36
2026-08-20,HepatitisB,9.45,01:52:24,2,8,133.37
2026-08-20,HepatitisB,15.99,01:52:54,2,8,133.38
2026-08-20,HepatitisB,16.45,01:53:24,2,8,133.39
2026-08-20,HepatitisB,4.38,01:53:54,2,8,0.0
2026-08-20,HepatitisB,16.05,01:54:24,2,8,133.41
2026-08-20,HepatitisB,5.1,01:54:54,2,8,0.0
2026-08-20,HepatitisB,3.23,01:55:24,2,8,0.0
2026-08-20,HepatitisB,12.14,01:55:54,2,8,133.45
2026-08-20,HepatitisB,14.35,01:56:24,2,8,133.46
2026-08-20,HepatitisB,3.94,01:56:54,2,8,0.0
2026-08-20,HepatitisB,7.04,01:57:24,2,8,0.0
2026-08-20,HepatitisB,6.59,01:57:54,2,8,0.0
2026-08-20,HepatitisB,2.53,01:58:24,2,8,0.0
2026-08-20,HepatitisB,4.08,01:58:54,2,8,0.0
2026-08-20,HepatitisB,3.51,01:59:24,2,8,0.0
2026-08-20,HepatitisB,5.12,01:59:54,2,8,0.0
2026-08-20,HepatitisB,10.21,02:00:24,2,8,133.54
2026-08-20,HepatitisB,11.97,02:00:54,2,8,133.55
2026-08-20,HepatitisB,5.83,02:01:24,2,8,0.0
2026-08-20,HepatitisB,12.11,02:01:54,2,8,133.58
2026-08-20,HepatitisB,14.63,02:02:24,2,8,133.59
2026-08-20,HepatitisB,10.54,02:02:54,2,8,133.6
2026-08-20,HepatitisB,12.47,02:03:24,2,8,133.61
2026-08-20,HepatitisB,11.03,02:03:54,2,8,133.62
2026-08-20,HepatitisB,5.15,02:04:24,2,8,0.0
2026-08-20,HepatitisB,12.78,02:04:54,2,8,133.64
2026-08-20,HepatitisB,15.44,02:05:24,2,8,133.65
2026-08-20,HepatitisB,16.22,02:05:54,2,8,133.66
2026-08-20,HepatitisB,13.29,02:06:24,2,8,133.67
2026-08-20,HepatitisB,9.52,02:06:54,2,8,133.68
2026-08-20,HepatitisB,16.65,02:07:24,2,8,133.69
2026-08-20,HepatitisB,16.81,02:07:54,2,8,133.7
2026-08-20,HepatitisB,6.19,02:08:24,2,8,0.0
2026-08-20,HepatitisB,17.64,02:08:54,2,8,133.73
2026-08-20,HepatitisB,14.51,02:09:24,2,8,133.74
2026-08-20,HepatitisB,6.0,02:09:54,2,8,0.0
2026-08-20,HepatitisB,16.21,02:10:24,2,8,133.76
2026-08-20,HepatitisB,4.64,02:10:54,2,8,0.0
2026-08-20,HepatitisB,17.0,02:11:24,2,8,133.78
2026-08-20,HepatitisB,16.77,02:11:54,2,8,133.79
2026-08-20,HepatitisB,17.8,02:12:24,2,8,133.8
2026-08-20,HepatitisB,11.28,02:12:54,2,8,133.81
2026-08-20,HepatitisB,13.12,02:13:24,2,8,133.82
2026-08-20,HepatitisB,12.41,02:13:54,2,8,133.84
2026-08-20,HepatitisB,11.29,02:14:24,2,8,133.85
2026-08-20,HepatitisB,4.77,02:14:54,2,8,0.0
2026-08-20,HepatitisB,4.61,02:15:24,2,8,0.0
2026-08-20,HepatitisB,9.99,02:15:54,2,8,133.88
2026-08-20,HepatitisB,4.83,02:16:24,2,8,0.0
2026-08-20,HepatitisB,10.03,02:16:54,2,8,133.9
2026-08-20,HepatitisB,13.12,02:17:24,2,8,133.91
2026-08-20,HepatitisB,6.82,02:17:54,2,8,0.0
2026-08-20,HepatitisB,16.99,02:18:24,2,8,133.93
2026-08-20,HepatitisB,9.8,02:18:54,2,8,133.94
2026-08-20,HepatitisB,11.29,02:19:24,2,8,133.95
2026-08-20,HepatitisB,14.62,02:19:54,2,8,133.97
2026-08-20,HepatitisB,17.21,02:20:24,2,8,133.98
2026-08-20,HepatitisB,4.18,02:20:54,2,8,0.0
2026-08-20,HepatitisB,9.71,02:21:24,2,8,134.0
2026-08-20,HepatitisB,3.6,02:21:54,2,8,0.0
2026-08-20,HepatitisB,3.16,02:22:24,2,8,0.0
2026-08-20,HepatitisB,10.41,02:22:54,2,8,134.03
2026-08-20,HepatitisB,10.32,02:23:24,2,8,134.04
2026-08-20,HepatitisB,3.31,02:23:54,2,8,0.0
2026-08-20,HepatitisB,7.16,02:24:24,2,8,0.0
2026-08-20,HepatitisB,15.08,02:24:54,2,8,134.07
2026-08-20,HepatitisB,7.57,02:25:24,2,8,0.0
2026-08-20,HepatitisB,3.73,02:25:54,2,8,0.0
2026-08-20,HepatitisB,11.95,02:26:24,2,8,134.11
2026-08-20,HepatitisB,10.27,02:26:54,2,8,134.12
2026-08-20,HepatitisB,9.48,02:27:24,2,8,134.13
2026-08-20,HepatitisB,12.62,02:27:54,2,8,134.14
2026-08-20,HepatitisB,4.33,02:28:24,2,8,0.0
2026-08-20,HepatitisB,7.84,02:28:54,2,8,0.0
2026-08-20,HepatitisB,17.11,02:29:24,2,8,134.17
2026-08-20,HepatitisB,2.64,02:29:54,2,8,0.0
2026-08-20,HepatitisB,5.25,02:30:24,2,8,0.0
2026-08-20,HepatitisB,12.08,02:30:54,2,8,134.2
2026-08-20,HepatitisB,16.23,02:31:24,2,8,134.21
2026-08-20,HepatitisB,2.89,02:31:54,2,8,0.0
2026-08-20,HepatitisB,11.46,02:32:24,2,8,134.24
2026-08-20,HepatitisB,4.53,02:32:54,2,8,0.0
2026-08-20,HepatitisB,10.42,02:33:24,2,8,134.26
2026-08-20,HepatitisB,6.47,02:33:54,2,8,0.0
2026-08-20,HepatitisB,13.82,02:34:24,2,8,134.28
2026-08-20,HepatitisB,15.56,02:34:54,2,8,134.29
2026-08-20,HepatitisB,11.98,02:35:24,2,8,134.3
2026-08-20,HepatitisB,3.23,02:35:54,2,8,0.0
2026-08-20,HepatitisB,9.44,02:36:24,2,8,134.32
2026-08-20,HepatitisB,17.93,02:36:54,2,8,134.33
2026-08-20,HepatitisB,9.84,02:37:24,2,8,134.34
2026-08-20,HepatitisB,11.29,02:37:54,2,8,134.35
2026-08-20,HepatitisB,4.99,02:38:24,2,8,0.0
2026-08-20,HepatitisB,9.94,02:38:54,2,8,134.38
2026-08-20,HepatitisB,5.49,02:39:24,2,8,0.0
2026-08-20,HepatitisB,12.87,02:39:54,2,8,134.4
2026-08-20,HepatitisB,13.86,02:40:24,2,8,134.41
2026-08-20,HepatitisB,3.91,02:40:54,2,8,0.0
2026-08-20,HepatitisB,11.32,02:41:24,2,8,134.43
2026-08-20,HepatitisB,9.59,02:41:54,2,8,134.44
2026-08-20,HepatitisB,6.65,02:42:24,2,8,0.0
2026-08-20,HepatitisB,7.54,02:42:54,2,8,0.0
2026-08-20,HepatitisB,9.4,02:43:24,2,8,134.47
2026-08-20,HepatitisB,14.33,02:43:54,2,8,134.49
2026-08-20,HepatitisB,7.65,02:44:24,2,8,0.0
2026-08-20,HepatitisB,7.2,02:44:54,2,8,0.0
2026-08-20,HepatitisB,17.67,02:45:24,2,8,134.52
2026-08-20,HepatitisB,15.33,02:45:54,2,8,134.53
2026-08-20,HepatitisB,11.81,02:46:24,2,8,134.54
2026-08-20,HepatitisB,6.48,02:46:54,2,8,0.0
2026-08-20,HepatitisB,6.24,02:47:24,2,8,0.0
2026-08-20,HepatitisB,4.13,02:47:54,2,8,0.0
2026-08-20,HepatitisB,11.89,02:48:24,2,8,134.58
2026-08-20,HepatitisB,2.62,02:48:54,2,8,0.0
2026-08-20,HepatitisB,3.37,02:49:24,2,8,0.0
2026-08-20,HepatitisB,3.61,02:49:54,2,8,0.0
2026-08-20,HepatitisB,12.59,02:50:24,2,8,134.63
2026-08-20,HepatitisB,11.49,02:50:54,2,8,134.64
2026-08-20,HepatitisB,3.87,02:51:24,2,8,0.0
2026-08-20,HepatitisB,7.24,02:51:54,2,8,0.0
2026-08-20,HepatitisB,11.14,02:52:24,2,8,134.67
2026-08-20,HepatitisB,12.14,02:52:54,2,8,134.68
2026-08-20,HepatitisB,14.17,02:53:24,2,8,134.69
2026-08-20,HepatitisB,6.87,02:53:54,2,8,0.0
2026-08-20,HepatitisB,11.72,02:54:24,2,8,134.71
2026-08-20,HepatitisB,10.31,02:54:54,2,8,134.72
2026-08-20,HepatitisB,10.05,02:55:24,2,8,134.73
2026-08-20,HepatitisB,7.33,02:55:54,2,8,0.0
2026-08-20,HepatitisB,13.83,02:56:24,2,8,134.76
2026-08-20,HepatitisB,5.61,02:56:54,2,8,0.0
2026-08-20,HepatitisB,4.33,02:57:24,2,8,0.0
2026-08-20,HepatitisB,11.64,02:57:54,2,8,134.79
2026-08-20,HepatitisB,13.5,02:58:24,2,8,134.8
2026-08-20,HepatitisB,2.13,02:58:54,2,8,0.0
2026-08-20,HepatitisB,5.86,02:59:24,2,8,0.0
2026-08-20,HepatitisB,14.11,02:59:54,2,8,134.83
2026-08-20,HepatitisB,4.54,03:00:24,2,8,0.0
2026-08-20,HepatitisB,15.79,03:00:54,2,8,134.85
2026-08-20,HepatitisB,11.4,03:01:24,2,8,134.86
2026-08-20,HepatitisB,4.31,03:01:54,2,8,0.0
2026-08-20,HepatitisB,10.43,03:02:24,2,8,134.89
2026-08-20,HepatitisB,11.92,03:02:54,2,8,134.9
2026-08-20,HepatitisB,13.55,03:03:24,2,8,134.91
2026-08-20,HepatitisB,6.42,03:03:54,2,8,0.0
2026-08-20,HepatitisB,14.5,03:04:24,2,8,134.93
2026-08-20,HepatitisB,17.46,03:04:54,2,8,134.94
2026-08-20,HepatitisB,4.79,03:05:24,2,8,0.0
2026-08-20,HepatitisB,4.91,03:05:54,2,8,0.0
2026-08-20,HepatitisB,9.07,03:06:24,2,8,134.97
2026-08-20,HepatitisB,7.32,03:06:54,2,8,0.0
2026-08-20,HepatitisB,17.35,03:07:24,2,8,134.99
2026-08-20,HepatitisB,5.03,03:07:54,2,8,0.0
2026-08-20,HepatitisB,17.58,03:08:24,2,8,135.02
2026-08-20,HepatitisB,13.97,03:08:54,2,8,135.03
2026-08-20,HepatitisB,11.63,03:09:24,2,8,135.04
2026-08-20,HepatitisB,14.78,03:09:54,2,8,135.05
2026-08-20,HepatitisB,15.79,03:10:24,2,8,135.06
2026-08-20,HepatitisB,5.61,03:10:54,2,8,0.0
2026-08-20,HepatitisB,17.12,03:11:24,2,8,135.08
2026-08-20,HepatitisB,17.11,03:11:54,2,8,135.09
2026-08-20,HepatitisB,4.95,03:12:24,2,8,0.0
2026-08-20,HepatitisB,14.57,03:12:54,2,8,135.11
2026-08-20,HepatitisB,10.66,03:13:24,2,8,135.12
2026-08-20,HepatitisB,14.16,03:13:54,2,8,135.14
2026-08-20,HepatitisB,5.95,03:14:24,2,8,0.0
2026-08-20,HepatitisB,12.9,03:14:54,2,8,135.16
2026-08-20,HepatitisB,14.77,03:15:24,2,8,135.17
2026-08-20,HepatitisB,6.46,03:15:54,2,8,0.0
2026-08-20,HepatitisB,9.84,03:16:24,2,8,135.19
2026-08-20,HepatitisB,2.38,03:16:54,2,8,0.0
2026-08-20,HepatitisB,4.15,03:17:24,2,8,0.0
2026-08-20,HepatitisB,6.53,03:17:54,2,8,0.0
2026-08-20,HepatitisB,15.76,03:18:24,2,8,135.23
2026-08-20,HepatitisB,11.47,03:18:54,2,8,135.24
2026-08-20,HepatitisB,14.77,03:19:24,2,8,135.25
2026-08-20,HepatitisB,13.11,03:19:54,2,8,135.27
2026-08-20,HepatitisB,5.96,03:20:24,2,8,0.0
2026-08-20,HepatitisB,17.43,03:20:54,2,8,135.29
2026-08-20,HepatitisB,7.25,03:21:24,2,8,0.0
2026-08-20,HepatitisB,14.41,03:21:54,2,8,135.31
2026-08-20,HepatitisB,11.05,03:22:24,2,8,135.32
2026-08-20,HepatitisB,12.51,03:22:54,2,8,135.33
2026-08-20,HepatitisB,9.9,03:23:24,2,8,135.34
2026-08-20,HepatitisB,16.04,03:23:54,2,8,135.35
2026-08-20,HepatitisB,9.6,03:24:24,2,8,135.36
2026-08-20,HepatitisB,2.51,03:24:54,2,8,0.0
2026-08-20,HepatitisB,13.78,03:25:24,2,8,135.38
2026-08-20,HepatitisB,13.27,03:25:54,2,8,135.4
2026-08-20,HepatitisB,11.94,03:26:24,2,8,135.41
2026-08-20,HepatitisB,10.64,03:26:54,2,8,135.42
2026-08-20,HepatitisB,17.38,03:27:24,2,8,135.43
2026-08-20,HepatitisB,6.46,03:27:54,2,8,0.0
2026-08-20,HepatitisB,2.14,03:28:24,2,8,0.0
2026-08-20,HepatitisB,16.19,03:28:54,2,8,135.46
2026-08-20,HepatitisB,13.14,03:29:24,2,8,135.47
2026-08-20,HepatitisB,9.8,03:29:54,2,8,135.48
2026-08-20,HepatitisB,5.92,03:30:24,2,8,0.0
2026-08-20,HepatitisB,11.59,03:30:54,2,8,135.5
2026-08-20,HepatitisB,10.07,03:31:24,2,8,135.51
2026-08-20,HepatitisB,7.73,03:31:54,2,8,0.0
2026-08-20,HepatitisB,4.55,03:32:24,2,8,0.0
2026-08-20,HepatitisB,14.98,03:32:54,2,8,135.55
2026-08-20,HepatitisB,14.72,03:33:24,2,8,135.56
2026-08-20,HepatitisB,7.26,03:33:54,2,8,0.0
2026-08-20,HepatitisB,2.35,03:34:24,2,8,0.0
2026-08-20,HepatitisB,3.14,03:34:54,2,8,0.0
2026-08-20,HepatitisB,3.22,03:35:24,2,8,0.0
2026-08-20,HepatitisB,17.14,03:35:54,2,8,135.61
2026-08-20,HepatitisB,2.11,03:36:24,2,8,0.0
2026-08-20,HepatitisB,4.37,03:36:54,2,8,0.0
2026-08-20,HepatitisB,12.27,03:37:24,2,8,135.64
2026-08-20,HepatitisB,6.5,03:37:54,2,8,0.0
2026-08-20,HepatitisB,14.29,03:38:24,2,8,135.67
2026-08-20,HepatitisB,16.67,03:38:54,2,8,135.68
2026-08-20,HepatitisB,3.51,03:39:24,2,8,0.0
2026-08-20,HepatitisB,17.4,03:39:54,2,8,135.7
2026-08-20,HepatitisB,2.41,03:40:24,2,8,0.0
2026-08-20,HepatitisB,2.88,03:40:54,2,8,0.0
2026-08-20,HepatitisB,16.66,03:41:24,2,8,135.73
2026-08-20,HepatitisB,2.66,03:41:54,2,8,0.0
2026-08-20,HepatitisB,9.88,03:42:24,2,8,135.75
2026-08-20,HepatitisB,11.83,03:42:54,2,8,135.76
2026-08-20,HepatitisB,11.05,03:43:24,2,8,135.77
2026-08-20,HepatitisB,17.25,03:43:54,2,8,135.78
2026-08-20,HepatitisB,15.38,03:44:24,2,8,135.8
2026-08-20,HepatitisB,7.96,03:44:54,2,8,0.0
2026-08-20,HepatitisB,7.16,03:45:24,2,8,0.0
2026-08-20,HepatitisB,9.7,03:45:54,2,8,135.83
2026-08-20,HepatitisB,9.83,03:46:24,2,8,135.84
2026-08-20,HepatitisB,7.51,03:46:54,2,8,0.0
2026-08-20,HepatitisB,11.87,03:47:24,2,8,135.86
2026-08-20,HepatitisB,13.36,03:47:54,2,8,135.87
2026-08-20,HepatitisB,10.75,03:48:24,2,8,135.88
2026-08-20,HepatitisB,4.72,03:48:54,2,8,0.0
2026-08-20,HepatitisB,14.81,03:49:24,2,8,135.9
2026-08-20,HepatitisB,13.86,03:49:54,2,8,135.91
2026-08-20,HepatitisB,11.87,03:50:24,2,8,135.93
2026-08-20,HepatitisB,14.71,03:50:54,2,8,135.94
2026-08-20,HepatitisB,17.9,03:51:24,2,8,135.95
2026-08-20,HepatitisB,5.68,03:51:54,2,8,0.0
2026-08-20,HepatitisB,14.78,03:52:24,2,8,135.97
2026-08-20,HepatitisB,13.43,03:52:54,2,8,135.98
2026-08-20,HepatitisB,10.34,03:53:24,2,8,135.99
2026-08-20,HepatitisB,12.89,03:53:54,2,8,136.0
2026-08-20,HepatitisB,16.3,03:54:24,2,8,136.01
2026-08-20,HepatitisB,4.39,03:54:54,2,8,0.0
2026-08-20,HepatitisB,16.82,03:55:24,2,8,136.03
2026-08-20,HepatitisB,12.55,03:55:54,2,8,136.05
2026-08-20,HepatitisB,10.99,03:56:24,2,8,136.06
2026-08-20,HepatitisB,4.85,03:56:54,2,8,0.0
2026-08-20,HepatitisB,6.99,03:57:24,2,8,0.0
2026-08-20,HepatitisB,13.42,03:57:54,2,8,136.09
2026-08-20,HepatitisB,10.65,03:58:24,2,8,136.1
2026-08-20,HepatitisB,16.81,03:58:54,2,8,136.11
2026-08-20,HepatitisB,9.35,03:59:24,2,8,136.12
2026-08-20,HepatitisB,9.67,03:59:54,2,8,136.13
2026-08-20,HepatitisB,11.71,04:00:24,2,8,136.14
2026-08-20,HepatitisB,16.62,04:00:54,2,8,136.15
2026-08-20,HepatitisB,7.08,04:01:24,2,8,0.0
2026-08-20,HepatitisB,15.59,04:01:54,2,8,136.18
2026-08-20,HepatitisB,5.43,04:02:24,2,8,0.0
2026-08-20,HepatitisB,11.16,04:02:54,2,8,136.2
2026-08-20,HepatitisB,15.11,04:03:24,2,8,136.21
2026-08-20,HepatitisB,2.61,04:03:54,2,8,0.0
2026-08-20,HepatitisB,13.04,04:04:24,2,8,136.23
2026-08-20,HepatitisB,4.6,04:04:54,2,8,0.0
2026-08-20,HepatitisB,4.68,04:05:24,2,8,0.0
2026-08-20,HepatitisB,17.05,04:05:54,2,8,136.26
2026-08-20,HepatitisB,9.41,04:06:24,2,8,136.27
2026-08-20,HepatitisB,3.48,04:06:54,2,8,0.0
2026-08-20,HepatitisB,15.64,04:07:24,2,8,136.29
2026-08-20,HepatitisB,12.62,04:07:54,2,8,136.31
2026-08-20,HepatitisB,10.15,04:08:24,2,8,136.32
2026-08-20,HepatitisB,3.13,04:08:54,2,8,0.0
2026-08-20,HepatitisB,7.43,04:09:24,2,8,0.0
2026-08-20,HepatitisB,17.66,04:09:54,2,8,136.35
2026-08-20,HepatitisB,17.95,04:10:24,2,8,136.36
2026-08-20,HepatitisB,4.08,04:10:54,2,8,0.0
2026-08-20,HepatitisB,3.43,04:11:24,2,8,0.0
2026-08-20,HepatitisB,9.21,04:11:54,2,8,136.39
2026-08-20,HepatitisB,9.55,04:12:24,2,8,136.4
2026-08-20,HepatitisB,17.3,04:12:54,2,8,136.41
2026-08-20,HepatitisB,11.47,04:13:24,2,8,136.42
2026-08-20,HepatitisB,15.51,04:13:54,2,8,136.44
2026-08-20,HepatitisB,6.26,04:14:24,2,8,0.0
2026-08-20,HepatitisB,3.06,04:14:54,2,8,0.0
2026-08-20,HepatitisB,11.85,04:15:24,2,8,136.47
2026-08-20,HepatitisB,12.36,04:15:54,2,8,136.48
2026-08-20,HepatitisB,16.32,04:16:24,2,8,136.49
2026-08-20,HepatitisB,9.32,04:16:54,2,8,136.5
2026-08-20,HepatitisB,11.93,04:17:24,2,8,136.51
2026-08-20,HepatitisB,12.67,04:17:54,2,8,136.52
2026-08-20,HepatitisB,12.22,04:18:24,2,8,136.53
2026-08-20,HepatitisB,9.13,04:18:54,2,8,136.54
2026-08-20,HepatitisB,17.58,04:19:24,2,8,136.55
2026-08-20,HepatitisB,3.47,04:19:54,2,8,0.0
2026-08-20,HepatitisB,2.13,04:20:24,2,8,0.0
2026-08-20,HepatitisB,4.1,04:20:54,2,8,0.0
2026-08-20,HepatitisB,10.53,04:21:24,2,8,136.6
2026-08-20,HepatitisB,10.54,04:21:54,2,8,136.61
2026-08-20,HepatitisB,15.28,04:22:24,2,8,136.62
2026-08-20,HepatitisB,6.07,04:22:54,2,8,0.0
2026-08-20,HepatitisB,12.82,04:23:24,2,8,136.64
2026-08-20,HepatitisB,5.41,04:23:54,2,8,0.0
2026-08-20,HepatitisB,14.51,04:24:24,2,8,136.66
2026-08-20,HepatitisB,2.15,04:24:54,2,8,0.0
2026-08-20,HepatitisB,3.26,04:25:24,2,8,0.0
2026-08-20,HepatitisB,4.21,04:25:54,2,8,0.0
2026-08-20,HepatitisB,6.9,04:26:24,2,8,0.0
2026-08-20,HepatitisB,17.41,04:26:54,2,8,136.72
2026-08-20,HepatitisB,2.22,04:27:24,2,8,0.0
2026-08-20,HepatitisB,13.55,04:27:54,2,8,136.74
2026-08-20,HepatitisB,13.34,04:28:24,2,8,136.75
2026-08-20,HepatitisB,15.56,04:28:54,2,8,136.76
2026-08-20,HepatitisB,2.41,04:29:24,2,8,0.0
2026-08-20,HepatitisB,12.47,04:29:54,2,8,136.78
2026-08-20,HepatitisB,4.47,04:30:24,2,8,0.0
2026-08-20,HepatitisB,16.85,04:30:54,2,8,136.8
2026-08-20,HepatitisB,5.18,04:31:24,2,8,0.0
2026-08-20,HepatitisB,16.79,04:31:54,2,8,136.83
2026-08-20,HepatitisB,12.48,04:32:24,2,8,136.84
2026-08-20,HepatitisB,6.11,04:32:54,2,8,0.0
2026-08-20,HepatitisB,13.95,04:33:24,2,8,136.86
2026-08-20,HepatitisB,3.46,04:33:54,2,8,0.0
2026-08-20,HepatitisB,9.34,04:34:24,2,8,136.88
2026-08-20,HepatitisB,5.28,04:34:54,2,8,0.0
2026-08-20,HepatitisB,17.98,04:35:24,2,8,136.9
2026-08-20,HepatitisB,9.59,04:35:54,2,8,136.91
2026-08-20,HepatitisB,12.84,04:36:24,2,8,136.92
2026-08-20,HepatitisB,10.42,04:36:54,2,8,136.93
2026-08-20,HepatitisB,17.85,04:37:24,2,8,136.94
2026-08-20,HepatitisB,16.41,04:37:54,2,8,136.95
2026-08-20,HepatitisB,7.38,04:38:24,2,8,0.0
2026-08-20,HepatitisB,17.49,04:38:54,2,8,136.98
2026-08-20,HepatitisB,15.86,04:39:24,2,8,136.99
2026-08-20,HepatitisB,11.4,04:39:54,2,8,137.0
2026-08-20,HepatitisB,13.75,04:40:24,2,8,137.01
2026-08-20,HepatitisB,5.49,04:40:54,2,8,0.0
2026-08-20,HepatitisB,11.4,04:41:24,2,8,137.03
2026-08-20,HepatitisB,11.58,04:41:54,2,8,137.04
2026-08-20,HepatitisB,10.96,04:42:24,2,8,137.05
2026-08-20,HepatitisB,12.44,04:42:54,2,8,137.06
2026-08-20,HepatitisB,6.54,04:43:24,2,8,0.0
2026-08-20,HepatitisB,5.4,04:43:54,2,8,0.0
2026-08-20,HepatitisB,14.9,04:44:24,2,8,137.1
2026-08-20,HepatitisB,12.74,04:44:54,2,8,137.11
2026-08-20,HepatitisB,15.97,04:45:24,2,8,137.12
2026-08-20,HepatitisB,7.33,04:45:54,2,8,0.0
2026-08-20,HepatitisB,9.33,04:46:24,2,8,137.14
2026-08-20,HepatitisB,11.3,04:46:54,2,8,137.15
2026-08-20,HepatitisB,11.96,04:47:24,2,8,137.16
2026-08-20,HepatitisB,14.9,04:47:54,2,8,137.17
2026-08-20,HepatitisB,15.52,04:48:24,2,8,137.18
2026-08-20,HepatitisB,15.79,04:48:54,2,8,137.19
2026-08-20,HepatitisB,12.97,04:49:24,2,8,137.2
2026-08-20,HepatitisB,3.34,04:49:54,2,8,0.0
2026-08-20,HepatitisB,12.19,04:50:24,2,8,137.23
2026-08-20,HepatitisB,13.74,04:50:54,2,8,137.24
2026-08-20,HepatitisB,16.19,04:51:24,2,8,137.25
2026-08-20,HepatitisB,7.61,04:51:54,2,8,0.0
2026-08-20,HepatitisB,16.67,04:52:24,2,8,137.27
2026-08-20,HepatitisB,16.32,04:52:54,2,8,137.28
2026-08-20,HepatitisB,14.41,04:53:24,2,8,137.29
2026-08-20,HepatitisB,7.24,04:53:54,2,8,0.0
2026-08-20,HepatitisB,9.26,04:54:24,2,8,137.31
2026-08-20,HepatitisB,5.2,04:54:54,2,8,0.0
2026-08-20,HepatitisB,14.58,04:55:24,2,8,137.33
2026-08-20,HepatitisB,11.18,04:55:54,2,8,137.34
2026-08-20,HepatitisB,15.53,04:56:24,2,8,137.36
2026-08-20,HepatitisB,3.53,04:56:54,2,8,0.0
2026-08-20,HepatitisB,11.84,04:57:24,2,8,137.38
2026-08-20,HepatitisB,13.08,04:57:54,2,8,137.39
2026-08-20,HepatitisB,12.66,04:58:24,2,8,137.4
2026-08-20,HepatitisB,13.77,04:58:54,2,8,137.41
2026-08-20,HepatitisB,15.56,04:59:24,2,8,137.42
2026-08-20,HepatitisB,4.88,04:59:54,2,8,0.0
2026-08-20,HepatitisB,5.84,05:00:24,2,8,0.0
2026-08-20,HepatitisB,11.8,05:00:54,2,8,137.45
2026-08-20,HepatitisB,16.85,05:01:24,2,8,137.46
2026-08-20,HepatitisB,11.55,05:01:54,2,8,137.47
2026-08-20,HepatitisB,11.91,05:02:24,2,8,137.49
2026-08-20,HepatitisB,14.54,05:02:54,2,8,137.5
2026-08-20,HepatitisB,14.52,05:03:24,2,8,137.51
2026-08-20,HepatitisB,6.19,05:03:54,2,8,0.0
2026-08-20,HepatitisB,3.25,05:04:24,2,8,0.0
2026-08-20,HepatitisB,14.26,05:04:54,2,8,137.54
2026-08-20,HepatitisB,4.26,05:05:24,2,8,0.0
2026-08-20,HepatitisB,17.84,05:05:54,2,8,137.56
2026-08-20,HepatitisB,10.74,05:06:24,2,8,137.57
2026-08-20,HepatitisB,10.67,05:06:54,2,8,137.58
2026-08-20,HepatitisB,10.88,05:07:24,2,8,137.59
2026-08-20,HepatitisB,16.98,05:07:54,2,8,137.6
2026-08-20,HepatitisB,5.75,05:08:24,2,8,0.0
2026-08-20,HepatitisB,16.99,05:08:54,2,8,137.63
2026-08-20,HepatitisB,12.07,05:09:24,2,8,137.64
2026-08-20,HepatitisB,5.3,05:09:54,2,8,0.0
2026-08-20,HepatitisB,15.24,05:10:24,2,8,137.66
2026-08-20,HepatitisB,16.61,05:10:54,2,8,137.67
2026-08-20,HepatitisB,11.93,05:11:24,2,8,137.68
2026-08-20,HepatitisB,14.83,05:11:54,2,8,137.69
2026-08-20,HepatitisB,15.4,05:12:24,2,8,137.7
2026-08-20,HepatitisB,16.68,05:12:54,2,8,137.71
2026-08-20,HepatitisB,3.81,05:13:24,2,8,0.0
2026-08-20,HepatitisB,6.67,05:13:54,2,8,0.0
2026-08-20,HepatitisB,9.78,05:14:24,2,8,137.75
2026-08-20,HepatitisB,5.58,05:14:54,2,8,0.0
2026-08-20,HepatitisB,16.43,05:15:24,2,8,137.77
2026-08-20,HepatitisB,10.79,05:15:54,2,8,137.78
2026-08-20,HepatitisB,11.41,05:16:24,2,8,137.79
2026-08-20,HepatitisB,15.23,05:16:54,2,8,137.8
2026-08-20,HepatitisB,4.7,05:17:24,2,8,0.0
2026-08-20,HepatitisB,3.2,05:17:54,2,8,0.0
2026-08-20,HepatitisB,10.94,05:18:24,2,8,137.83
2026-08-20,HepatitisB,2.55,05:18:54,2,8,0.0
2026-08-20,HepatitisB,12.04,05:19:24,2,8,137.85
2026-08-20,HepatitisB,2.74,05:19:54,2,8,0.0
2026-08-20,HepatitisB,15.91,05:20:24,2,8,137.88
2026-08-20,HepatitisB,7.59,05:20:54,2,8,0.0
2026-08-20,HepatitisB,11.99,05:21:24,2,8,137.9
2026-08-20,HepatitisB,13.77,05:21:54,2,8,137.91
2026-08-20,HepatitisB,11.81,05:22:24,2,8,137.92
2026-08-20,HepatitisB,6.24,05:22:54,2,8,0.0
2026-08-20,HepatitisB,13.91,05:23:24,2,8,137.94
2026-08-20,HepatitisB,9.71,05:23:54,2,8,137.95
2026-08-20,HepatitisB,5.32,05:24:24,2,8,0.0
2026-08-20,HepatitisB,11.72,05:24:54,2,8,137.97
2026-08-20,HepatitisB,17.07,05:25:24,2,8,137.98
2026-08-20,HepatitisB,16.73,05:25:54,2,8,138.0
2026-08-20,HepatitisB,10.26,05:26:24,2,8,138.01
2026-08-20,HepatitisB,17.49,05:26:54,2,8,138.02
2026-08-20,HepatitisB,12.35,05:27:24,2,8,138.03
2026-08-20,HepatitisB,11.25,05:27:54,2,8,138.04
2026-08-20,HepatitisB,2.45,05:28:24,2,8,0.0
2026-08-20,HepatitisB,7.6,05:28:54,2,8,0.0
2026-08-20,HepatitisB,15.8,05:29:24,2,8,138.07
2026-08-20,HepatitisB,15.22,05:29:54,2,8,138.08
2026-08-20,HepatitisB,13.67,05:30:24,2,8,138.09
2026-08-20,HepatitisB,7.0,05:30:54,2,8,0.0
2026-08-20,HepatitisB,3.49,05:31:24,2,8,0.0
2026-08-20,HepatitisB,12.71,05:31:54,2,8,138.12
2026-08-20,HepatitisB,5.72,05:32:24,2,8,0.0
2026-08-20,HepatitisB,5.14,05:32:54,2,8,0.0
2026-08-20,HepatitisB,3.04,05:33:24,2,8,0.0
2026-08-20,HepatitisB,15.39,05:33:54,2,8,138.17
2026-08-20,HepatitisB,5.25,05:34:24,2,8,0.0
2026-08-20,HepatitisB,7.43,05:34:54,2,8,0.0
2026-08-20,HepatitisB,10.92,05:35:24,2,8,138.2
2026-08-20,HepatitisB,7.73,05:35:54,2,8,0.0
2026-08-20,HepatitisB,2.85,05:36:24,2,8,0.0
2026-08-20,HepatitisB,15.64,05:36:54,2,8,138.23
2026-08-20,HepatitisB,14.81,05:37:24,2,8,138.24
2026-08-20,HepatitisB,4.59,05:37:54,2,8,0.0
2026-08-20,HepatitisB,17.43,05:38:24,2,8,138.27
2026-08-20,HepatitisB,11.71,05:38:54,2,8,138.28
2026-08-20,HepatitisB,14.7,05:39:24,2,8,138.29
2026-08-20,HepatitisB,15.4,05:39:54,2,8,138.3
2026-08-20,HepatitisB,7.26,05:40:24,2,8,0.0
2026-08-20,HepatitisB,17.78,05:40:54,2,8,138.32
2026-08-20,HepatitisB,6.3,05:41:24,2,8,0.0
2026-08-20,HepatitisB,13.42,05:41:54,2,8,138.34
2026-08-20,HepatitisB,16.38,05:42:24,2,8,138.35
2026-08-20,HepatitisB,13.98,05:42:54,2,8,138.36
2026-08-20,HepatitisB,10.88,05:43:24,2,8,138.37
2026-08-20,HepatitisB,10.26,05:43:54,2,8,138.39
2026-08-20,HepatitisB,5.48,05:44:24,2,8,0.0
2026-08-20,HepatitisB,16.56,05:44:54,2,8,138.41
2026-08-20,HepatitisB,9.23,05:45:24,2,8,138.42
2026-08-20,HepatitisB,14.78,05:45:54,2,8,138.43
2026-08-20,HepatitisB,17.85,05:46:24,2,8,138.44
2026-08-20,HepatitisB,9.53,05:46:54,2,8,138.45
2026-08-20,HepatitisB,17.05,05:47:24,2,8,138.46
2026-08-20,HepatitisB,14.9,05:47:54,2,8,138.47
2026-08-20,HepatitisB,15.58,05:48:24,2,8,138.48
2026-08-20,HepatitisB,14.1,05:48:54,2,8,138.49
2026-08-20,HepatitisB,3.43,05:49:24,2,8,0.0
2026-08-20,HepatitisB,9.7,05:49:54,2,8,138.52
2026-08-20,HepatitisB,3.52,05:50:24,2,8,0.0
2026-08-20,HepatitisB,17.13,05:50:54,2,8,138.54
2026-08-20,HepatitisB,4.47,05:51:24,2,8,0.0
2026-08-20,HepatitisB,10.89,05:51:54,2,8,138.56
2026-08-20,HepatitisB,2.19,05:52:24,2,8,0.0
2026-08-20,HepatitisB,7.57,05:52:54,2,8,0.0
2026-08-20,HepatitisB,7.3,05:53:24,2,8,0.0
2026-08-20,HepatitisB,5.84,05:53:54,2,8,0.0
2026-08-20,HepatitisB,6.45,05:54:24,2,8,0.0
2026-08-20,HepatitisB,16.88,05:54:54,2,8,138.62
2026-08-20,HepatitisB,13.39,05:55:24,2,8,138.63
2026-08-20,HepatitisB,13.84,05:55:54,2,8,138.65
2026-08-20,HepatitisB,15.68,05:56:24,2,8,138.66
2026-08-20,HepatitisB,17.97,05:56:54,2,8,138.67
2026-08-20,HepatitisB,13.01,05:57:24,2,8,138.68
2026-08-20,HepatitisB,9.65,05:57:54,2,8,138.69
2026-08-20,HepatitisB,4.17,05:58:24,2,8,0.0
2026-08-20,HepatitisB,11.72,05:58:54,2,8,138.71
2026-08-20,HepatitisB,13.12,05:59:24,2,8,138.72
2026-08-20,HepatitisB,5.78,05:59:54,2,8,0.0
2026-08-20,HepatitisB,4.59,06:00:24,2,8,0.0
2026-08-20,HepatitisB,14.13,06:00:54,2,8,138.75
2026-08-20,HepatitisB,14.05,06:01:24,2,8,138.76
2026-08-20,HepatitisB,11.69,06:01:54,2,8,138.78
2026-08-20,HepatitisB,13.65,06:02:24,2,8,138.79
2026-08-20,HepatitisB,5.97,06:02:54,2,8,0.0
2026-08-20,HepatitisB,16.14,06:03:24,2,8,138.81
2026-08-20,HepatitisB,14.36,06:03:54,2,8,138.82
2026-08-20,HepatitisB,15.17,06:04:24,2,8,138.83
2026-08-20,HepatitisB,17.86,06:04:54,2,8,138.84
2026-08-20,HepatitisB,11.5,06:05:24,2,8,138.85
2026-08-20,HepatitisB,2.11,06:05:54,2,8,0.0
2026-08-20,HepatitisB,15.02,06:06:24,2,8,138.87
2026-08-20,HepatitisB,9.8,06:06:54,2,8,138.88
2026-08-20,HepatitisB,5.32,06:07:24,2,8,0.0
2026-08-20,HepatitisB,11.35,06:07:54,2,8,138.91
2026-08-20,HepatitisB,14.1,06:08:24,2,8,138.92
2026-08-20,HepatitisB,15.35,06:08:54,2,8,138.93
2026-08-20,HepatitisB,3.54,06:09:24,2,8,0.0
2026-08-20,HepatitisB,15.21,06:09:54,2,8,138.95
2026-08-20,HepatitisB,16.08,06:10:24,2,8,138.96
2026-08-20,HepatitisB,12.96,06:10:54,2,8,138.97
2026-08-20,HepatitisB,2.6,06:11:24,2,8,0.0
2026-08-20,HepatitisB,14.22,06:11:54,2,8,138.99
2026-08-20,HepatitisB,10.51,06:12:24,2,8,139.0
2026-08-20,HepatitisB,17.28,06:12:54,2,8,139.01
2026-08-20,HepatitisB,2.75,06:13:24,2,8,0.0
2026-08-20,HepatitisB,14.43,06:13:54,2,8,139.03
2026-08-20,HepatitisB,10.92,06:14:24,2,8,139.05
2026-08-20,HepatitisB,17.37,06:14:54,2,8,139.06
2026-08-20,HepatitisB,9.92,06:15:24,2,8,139.07
2026-08-20,HepatitisB,11.94,06:15:54,2,8,139.08
2026-08-20,HepatitisB,15.03,06:16:24,2,8,139.09
2026-08-20,HepatitisB,10.07,06:16:54,2,8,139.1
2026-08-20,HepatitisB,10.15,06:17:24,2,8,139.11
2026-08-20,HepatitisB,9.5,06:17:54,2,8,139.12
2026-08-20,HepatitisB,7.43,06:18:24,2,8,0.0
2026-08-20,HepatitisB,17.84,06:18:54,2,8,139.14
2026-08-20,HepatitisB,6.71,06:19:24,2,8,0.0
2026-08-20,HepatitisB,16.78,06:19:54,2,8,139.16
2026-08-20,HepatitisB,10.12,06:20:24,2,8,139.18
2026-08-20,HepatitisB,13.48,06:20:54,2,8,139.19
2026-08-20,HepatitisB,15.89,06:21:24,2,8,139.2
2026-08-20,HepatitisB,17.99,06:21:54,2,8,139.21
2026-08-20,HepatitisB,7.04,06:22:24,2,8,0.0
2026-08-20,HepatitisB,6.73,06:22:54,2,8,0.0
2026-08-20,HepatitisB,17.36,06:23:24,2,8,139.24
2026-08-20,HepatitisB,14.91,06:23:54,2,8,139.25
2026-08-20,HepatitisB,4.65,06:24:24,2,8,0.0
2026-08-20,HepatitisB,2.12,06:24:54,2,8,0.0
2026-08-20,HepatitisB,16.56,06:25:24,2,8,139.28
2026-08-20,HepatitisB,12.99,06:25:54,2,8,139.3
2026-08-20,HepatitisB,14.58,06:26:24,2,8,139.31
2026-08-20,HepatitisB,10.14,06:26:54,2,8,139.32
2026-08-20,HepatitisB,9.65,06:27:24,2,8,139.33
2026-08-20,HepatitisB,16.93,06:27:54,2,8,139.34
2026-08-20,HepatitisB,17.43,06:28:24,2,8,139.35
2026-08-20,HepatitisB,4.77,06:28:54,2,8,0.0
2026-08-20,HepatitisB,15.03,06:29:24,2,8,139.37
2026-08-20,HepatitisB,3.93,06:29:54,2,8,0.0
2026-08-20,HepatitisB,17.84,06:30:24,2,8,139.39
2026-08-20,HepatitisB,2.4,06:30:54,2,8,0.0
2026-08-20,HepatitisB,12.18,06:31:24,2,8,139.41
2026-08-20,HepatitisB,9.92,06:31:54,2,8,139.43
2026-08-20,HepatitisB,4.94,06:32:24,2,8,0.0
2026-08-20,HepatitisB,12.83,06:32:54,2,8,139.45
2026-08-20,HepatitisB,9.37,06:33:24,2,8,139.46
2026-08-20,HepatitisB,15.09,06:33:54,2,8,139.47
2026-08-20,HepatitisB,11.76,06:34:24,2,8,139.48
2026-08-20,HepatitisB,11.8,06:34:54,2,8,139.49
2026-08-20,HepatitisB,5.81,06:35:24,2,8,0.0
2026-08-20,HepatitisB,10.51,06:35:54,2,8,139.51
2026-08-20,HepatitisB,10.06,06:36:24,2,8,139.52
2026-08-20,HepatitisB,2.83,06:36:54,2,8,0.0
2026-08-20,HepatitisB,5.72,06:37:24,2,8,0.0
2026-08-20,HepatitisB,7.89,06:37:54,2,8,0.0
2026-08-20,HepatitisB,9.17,06:38:24,2,8,139.57
2026-08-20,HepatitisB,3.02,06:38:54,2,8,0.0
2026-08-20,HepatitisB,14.64,06:39:24,2,8,139.59
2026-08-20,HepatitisB,14.04,06:39:54,2,8,139.6
2026-08-20,HepatitisB,16.2,06:40:24,2,8,139.61
2026-08-20,HepatitisB,15.23,06:40:54,2,8,139.62
2026-08-20,HepatitisB,4.67,06:41:24,2,8,0.0
2026-08-20,HepatitisB,3.59,06:41:54,2,8,0.0
2026-08-20,HepatitisB,5.88,06:42:24,2,8,0.0
2026-08-20,HepatitisB,6.5,06:42:54,2,8,0.0
2026-08-20,HepatitisB,17.03,06:43:24,2,8,139.67
2026-08-20,HepatitisB,12.89,06:43:54,2,8,139.69
2026-08-20,HepatitisB,12.72,06:44:24,2,8,139.7
2026-08-20,HepatitisB,9.42,06:44:54,2,8,139.71
2026-08-20,HepatitisB,13.2,06:45:24,2,8,139.72
2026-08-20,HepatitisB,4.32,06:45:54,2,8,0.0
2026-08-20,HepatitisB,3.36,06:46:24,2,8,0.0
2026-08-20,HepatitisB,4.24,06:46:54,2,8,0.0
2026-08-20,HepatitisB,17.65,06:47:24,2,8,139.76
2026-08-20,HepatitisB,12.3,06:47:54,2,8,139.77
2026-08-20,HepatitisB,2.92,06:48:24,2,8,0.0
2026-08-20,HepatitisB,2.21,06:48:54,2,8,0.0
2026-08-20,HepatitisB,10.25,06:49:24,2,8,139.8
2026-08-20,HepatitisB,4.13,06:49:54,2,8,0.0
2026-08-20,HepatitisB,12.42,06:50:24,2,8,139.83
2026-08-20,HepatitisB,14.76,06:50:54,2,8,139.84
2026-08-20,HepatitisB,7.32,06:51:24,2,8,0.0
2026-08-20,HepatitisB,11.92,06:51:54,2,8,139.86
2026-08-20,HepatitisB,15.93,06:52:24,2,8,139.87
2026-08-20,HepatitisB,15.17,06:52:54,2,8,139.88
2026-08-20,HepatitisB,9.11,06:53:24,2,8,139.89
2026-08-20,HepatitisB,13.64,06:53:54,2,8,139.9
2026-08-20,HepatitisB,10.27,06:54:24,2,8,139.91
2026-08-20,HepatitisB,2.88,06:54:54,2,8,0.0
2026-08-20,HepatitisB,13.03,06:55:24,2,8,139.93
2026-08-20,HepatitisB,2.9,06:55:54,2,8,0.0
2026-08-20,HepatitisB,4.89,06:56:24,2,8,0.0
2026-08-20,HepatitisB,14.45,06:56:54,2,8,139.97
2026-08-20,HepatitisB,16.76,06:57:24,2,8,139.98
2026-08-20,HepatitisB,3.45,06:57:54,2,8,0.0
2026-08-20,HepatitisB,13.3,06:58:24,2,8,140.0
2026-08-20,HepatitisB,16.3,06:58:54,2,8,140.01
2026-08-20,HepatitisB,7.48,06:59:24,2,8,0.0
2026-08-20,HepatitisB,13.35,06:59:54,2,8,140.03
2026-08-20,HepatitisB,6.98,07:00:24,2,8,0.0
2026-08-20,HepatitisB,7.17,07:00:54,2,8,0.0
2026-08-20,HepatitisB,5.74,07:01:24,2,8,0.0
2026-08-20,HepatitisB,4.73,07:01:54,2,8,0.0
2026-08-20,HepatitisB,10.7,07:02:24,2,8,140.09
2026-08-20,HepatitisB,9.85,07:02:54,2,8,140.1
2026-08-20,HepatitisB,10.2,07:03:24,2,8,140.11
2026-08-20,HepatitisB,12.32,07:03:54,2,8,140.12
2026-08-20,HepatitisB,2.91,07:04:24,2,8,0.0
2026-08-20,HepatitisB,15.53,07:04:54,2,8,140.14
2026-08-20,HepatitisB,9.19,07:05:24,2,8,140.15
2026-08-20,HepatitisB,10.57,07:05:54,2,8,140.16
2026-08-20,HepatitisB,17.81,07:06:24,2,8,140.17
2026-08-20,HepatitisB,6.76,07:06:54,2,8,0.0
2026-08-20,HepatitisB,6.04,07:07:24,2,8,0.0
2026-08-20,HepatitisB,14.36,07:07:54,2,8,140.2
2026-08-20,HepatitisB,17.6,07:08:24,2,8,140.22
2026-08-20,HepatitisB,6.68,07:08:54,2,8,0.0
2026-08-20,HepatitisB,3.66,07:09:24,2,8,0.0
2026-08-20,HepatitisB,10.22,07:09:54,2,8,140.25
2026-08-20,HepatitisB,5.5,07:10:24,2,8,0.0
2026-08-20,HepatitisB,9.25,07:10:54,2,8,140.27
2026-08-20,HepatitisB,15.61,07:11:24,2,8,140.28
2026-08-20,HepatitisB,17.67,07:11:54,2,8,140.29
2026-08-20,HepatitisB,13.6,07:12:24,2,8,140.3
2026-08-20,HepatitisB,2.42,07:12:54,2,8,0.0
2026-08-20,HepatitisB,7.24,07:13:24,2,8,0.0
2026-08-20,HepatitisB,7.7,07:13:54,2,8,0.0
2026-08-20,HepatitisB,17.02,07:14:24,2,8,140.35
2026-08-20,HepatitisB,15.68,07:14:54,2,8,140.36
2026-08-20,HepatitisB,2.79,07:15:24,2,8,0.0
2026-08-20,HepatitisB,2.9,07:15:54,2,8,0.0
2026-08-20,HepatitisB,14.48,07:16:24,2,8,140.39
2026-08-20,HepatitisB,9.49,07:16:54,2,8,140.4
2026-08-20,HepatitisB,16.51,07:17:24,2,8,140.41
2026-08-20,HepatitisB,12.74,07:17:54,2,8,140.42
2026-08-20,HepatitisB,14.83,07:18:24,2,8,140.43
2026-08-20,HepatitisB,14.02,07:18:54,2,8,140.44
2026-08-20,HepatitisB,10.03,07:19:24,2,8,140.45
2026-08-20,HepatitisB,14.93,07:19:54,2,8,140.47
2026-08-20,HepatitisB,12.86,07:20:24,2,8,140.48
2026-08-20,HepatitisB,5.74,07:20:54,2,8,0.0
2026-08-20,HepatitisB,6.52,07:21:24,2,8,0.0
2026-08-20,HepatitisB,17.98,07:21:54,2,8,140.51
2026-08-20,HepatitisB,13.48,07:22:24,2,8,140.52
2026-08-20,HepatitisB,3.44,07:22:54,2,8,0.0
2026-08-20,HepatitisB,2.44,07:23:24,2,8,0.0
2026-08-20,HepatitisB,6.9,07:23:54,2,8,0.0
2026-08-20,HepatitisB,2.33,07:24:24,2,8,0.0
2026-08-20,HepatitisB,11.48,07:24:54,2,8,140.57
2026-08-20,HepatitisB,16.55,07:25:24,2,8,140.58
2026-08-20,HepatitisB,4.34,07:25:54,2,8,0.0
2026-08-20,HepatitisB,10.48,07:26:24,2,8,140.61
2026-08-20,HepatitisB,14.31,07:26:54,2,8,140.62
2026-08-20,HepatitisB,3.62,07:27:24,2,8,0.0
2026-08-20,HepatitisB,12.84,07:27:54,2,8,140.64
2026-08-20,HepatitisB,17.04,07:28:24,2,8,140.65
2026-08-20,HepatitisB,3.23,07:28:54,2,8,0.0
2026-08-20,HepatitisB,13.99,07:29:24,2,8,140.67
2026-08-20,HepatitisB,14.12,07:29:54,2,8,140.68
2026-08-20,HepatitisB,7.5,07:30:24,2,8,0.0
2026-08-20,HepatitisB,12.82,07:30:54,2,8,140.7
2026-08-20,HepatitisB,9.43,07:31:24,2,8,140.71
2026-08-20,HepatitisB,9.38,07:31:54,2,8,140.72
2026-08-20,HepatitisB,12.69,07:32:24,2,8,140.74
2026-08-20,HepatitisB,17.08,07:32:54,2,8,140.75
2026-08-20,HepatitisB,16.65,07:33:24,2,8,140.76
2026-08-20,HepatitisB,11.51,07:33:54,2,8,140.77
2026-08-20,HepatitisB,3.78,07:34:24,2,8,0.0
2026-08-20,HepatitisB,4.21,07:34:54,2,8,0.0
2026-08-20,HepatitisB,12.99,07:35:24,2,8,140.8
2026-08-20,HepatitisB,17.89,07:35:54,2,8,140.81
2026-08-20,HepatitisB,11.4,07:36:24,2,8,140.82
2026-08-20,HepatitisB,12.58,07:36:54,2,8,140.83
2026-08-20,HepatitisB,14.45,07:37:24,2,8,140.84
2026-08-20,HepatitisB,13.63,07:37:54,2,8,140.85
2026-08-20,HepatitisB,16.21,07:38:24,2,8,140.87
2026-08-20,HepatitisB,17.14,07:38:54,2,8,140.88
2026-08-20,HepatitisB,6.26,07:39:24,2,8,0.0
2026-08-20,HepatitisB,2.15,07:39:54,2,8,0.0
2026-08-20,HepatitisB,2.49,07:40:24,2,8,0.0
2026-08-20,HepatitisB,11.62,07:40:54,2,8,140.92
2026-08-20,HepatitisB,9.5,07:41:24,2,8,140.93
2026-08-20,HepatitisB,16.49,07:41:54,2,8,140.94
2026-08-20,HepatitisB,11.2,07:42:24,2,8,140.95
2026-08-20,HepatitisB,10.23,07:42:54,2,8,140.96
2026-08-20,HepatitisB,17.53,07:43:24,2,8,140.97
2026-08-20,HepatitisB,7.04,07:43:54,2,8,0.0
2026-08-20,HepatitisB,3.81,07:44:24,2,8,0.0
2026-08-20,HepatitisB,4.54,07:44:54,2,8,0.0
2026-08-20,HepatitisB,9.71,07:45:24,2,8,141.02
2026-08-20,HepatitisB,5.79,07:45:54,2,8,0.0
2026-08-20,HepatitisB,4.93,07:46:24,2,8,0.0
2026-08-20,HepatitisB,9.36,07:46:54,2,8,141.05
2026-08-20,HepatitisB,12.92,07:47:24,2,8,141.06
2026-08-20,HepatitisB,16.53,07:47:54,2,8,141.07
2026-08-20,HepatitisB,3.16,07:48:24,2,8,0.0
2026-08-20,HepatitisB,7.63,07:48:54,2,8,0.0
2026-08-20,HepatitisB,10.32,07:49:24,2,8,141.1
2026-08-20,HepatitisB,10.22,07:49:54,2,8,141.12
2026-08-20,HepatitisB,16.09,07:50:24,2,8,141.13
2026-08-20,HepatitisB,13.86,07:50:54,2,8,141.14
2026-08-20,HepatitisB,12.76,07:51:24,2,8,141.15
2026-08-20,HepatitisB,11.78,07:51:54,2,8,141.16
2026-08-20,HepatitisB,11.11,07:52:24,2,8,141.17
2026-08-20,HepatitisB,2.03,07:52:54,2,8,0.0
2026-08-20,HepatitisB,16.94,07:53:24,2,8,141.19
2026-08-20,HepatitisB,11.52,07:53:54,2,8,141.2
2026-08-20,HepatitisB,13.86,07:54:24,2,8,141.21
2026-08-20,HepatitisB,11.38,07:54:54,2,8,141.22
2026-08-20,HepatitisB,17.86,07:55:24,2,8,141.23
2026-08-20,HepatitisB,5.81,07:55:54,2,8,0.0
2026-08-20,HepatitisB,16.27,07:56:24,2,8,141.26
2026-08-20,HepatitisB,4.7,07:56:54,2,8,0.0
2026-08-20,HepatitisB,12.55,07:57:24,2,8,141.28
2026-08-20,HepatitisB,17.13,07:57:54,2,8,141.29
2026-08-20,HepatitisB,14.26,07:58:24,2,8,141.3
2026-08-20,HepatitisB,3.12,07:58:54,2,8,0.0
2026-08-20,HepatitisB,10.71,07:59:24,2,8,141.32
2026-08-20,HepatitisB,12.67,07:59:54,2,8,141.33
2026-08-20,HepatitisB,16.66,08:00:24,2,8,141.34
2026-08-20,HepatitisB,10.61,08:00:54,2,8,141.35
2026-08-20,HepatitisB,16.61,08:01:24,2,8,141.36
2026-08-20,HepatitisB,16.93,08:01:54,2,8,141.38
2026-08-20,HepatitisB,7.19,08:02:24,2,8,0.0
2026-08-20,HepatitisB,6.82,08:02:54,2,8,0.0
2026-08-20,HepatitisB,6.43,08:03:24,2,8,0.0
2026-08-20,HepatitisB,13.87,08:03:54,2,8,141.42
2026-08-20,HepatitisB,4.61,08:04:24,2,8,0.0
2026-08-20,HepatitisB,7.31,08:04:54,2,8,0.0
2026-08-20,HepatitisB,10.75,08:05:24,2,8,141.45
2026-08-20,HepatitisB,10.18,08:05:54,2,8,141.46
2026-08-20,HepatitisB,13.58,08:06:24,2,8,141.47
2026-08-20,HepatitisB,14.06,08:06:54,2,8,141.48
2026-08-20,HepatitisB,14.47,08:07:24,2,8,141.49
2026-08-20,HepatitisB,17.15,08:07:54,2,8,141.5
2026-08-20,HepatitisB,9.88,08:08:24,2,8,141.52
2026-08-20,HepatitisB,13.2,08:08:54,2,8,141.53
2026-08-20,HepatitisB,11.72,08:09:24,2,8,141.54
2026-08-20,HepatitisB,2.98,08:09:54,2,8,0.0
2026-08-20,HepatitisB,2.96,08:10:24,2,8,0.0
2026-08-20,HepatitisB,12.69,08:10:54,2,8,141.57
2026-08-20,HepatitisB,17.85,08:11:24,2,8,141.58
2026-08-20,HepatitisB,14.74,08:11:54,2,8,141.59
2026-08-20,HepatitisB,11.87,08:12:24,2,8,141.6
2026-08-20,HepatitisB,17.77,08:12:54,2,8,141.61
2026-08-20,HepatitisB,11.22,08:13:24,2,8,141.62
2026-08-20,HepatitisB,3.76,08:13:54,2,8,0.0
2026-08-20,HepatitisB,7.02,08:14:24,2,8,0.0
2026-08-20,HepatitisB,16.5,08:14:54,2,8,141.66
2026-08-20,HepatitisB,6.58,08:15:24,2,8,0.0
2026-08-20,HepatitisB,16.65,08:15:54,2,8,141.68
2026-08-20,HepatitisB,9.21,08:16:24,2,8,141.69
2026-08-20,HepatitisB,5.56,08:16:54,2,8,0.0
2026-08-20,HepatitisB,2.79,08:17:24,2,8,0.0
2026-08-20,HepatitisB,14.86,08:17:54,2,8,141.72
2026-08-20,HepatitisB,17.46,08:18:24,2,8,141.73
2026-08-20,HepatitisB,14.78,08:18:54,2,8,141.74
2026-08-20,HepatitisB,13.25,08:19:24,2,8,141.75
2026-08-20,HepatitisB,13.82,08:19:54,2,8,141.77
2026-08-20,HepatitisB,10.79,08:20:24,2,8,141.78
2026-08-20,HepatitisB,16.17,08:20:54,2,8,141.79
2026-08-20,HepatitisB,3.85,08:21:24,2,8,0.0
2026-08-20,HepatitisB,12.34,08:21:54,2,8,141.81
2026-08-20,HepatitisB,5.81,08:22:24,2,8,0.0
2026-08-20,HepatitisB,16.71,08:22:54,2,8,141.83
2026-08-20,HepatitisB,12.31,08:23:24,2,8,141.84
2026-08-20,HepatitisB,10.1,08:23:54,2,8,141.85
2026-08-20,HepatitisB,4.0,08:24:24,2,8,0.0
2026-08-20,HepatitisB,17.41,08:24:54,2,8,141.87
2026-08-20,HepatitisB,12.77,08:25:24,2,8,141.88
2026-08-20,HepatitisB,5.54,08:25:54,2,8,0.0
2026-08-20,HepatitisB,6.01,08:26:24,2,8,0.0
2026-08-20,HepatitisB,17.18,08:26:54,2,8,141.92
2026-08-20,HepatitisB,15.29,08:27:24,2,8,141.93
2026-08-20,HepatitisB,13.72,08:27:54,2,8,141.94
2026-08-20,HepatitisB,3.12,08:28:24,2,8,0.0
2026-08-20,HepatitisB,4.53,08:28:54,2,8,0.0
2026-08-20,HepatitisB,4.93,08:29:24,2,8,0.0
2026-08-20,HepatitisB,2.21,08:29:54,2,8,0.0
2026-08-20,HepatitisB,5.01,08:30:24,2,8,0.0
2026-08-20,HepatitisB,12.86,08:30:54,2,8,142.0
2026-08-20,HepatitisB,17.69,08:31:24,2,8,142.01
2026-08-20,HepatitisB,11.29,08:31:54,2,8,142.03
2026-08-20,HepatitisB,9.42,08:32:24,2,8,142.04
2026-08-20,HepatitisB,6.1,08:32:54,2,8,0.0
2026-08-20,HepatitisB,15.19,08:33:24,2,8,142.06
2026-08-20,HepatitisB,16.89,08:33:54,2,8,142.07
2026-08-20,HepatitisB,15.0,08:34:24,2,8,142.08
2026-08-20,HepatitisB,14.19,08:34:54,2,8,142.09
2026-08-20,HepatitisB,6.49,08:35:24,2,8,0.0
2026-08-20,HepatitisB,3.51,08:35:54,2,8,0.0
2026-08-20,HepatitisB,17.14,08:36:24,2,8,142.12
2026-08-20,HepatitisB,3.0,08:36:54,2,8,0.0
2026-08-20,HepatitisB,13.79,08:37:24,2,8,142.14
2026-08-20,HepatitisB,3.32,08:37:54,2,8,0.0
2026-08-20,HepatitisB,9.76,08:38:24,2,8,142.17
2026-08-20,HepatitisB,14.29,08:38:54,2,8,142.18
2026-08-20,HepatitisB,14.51,08:39:24,2,8,142.19
2026-08-20,HepatitisB,11.09,08:39:54,2,8,142.2
2026-08-20,HepatitisB,2.13,08:40:24,2,8,0.0
2026-08-20,HepatitisB,4.11,08:40:54,2,8,0.0
2026-08-20,HepatitisB,17.12,08:41:24,2,8,142.23
2026-08-20,HepatitisB,10.86,08:41:54,2,8,142.24
2026-08-20,HepatitisB,5.25,08:42:24,2,8,0.0
2026-08-20,HepatitisB,15.12,08:42:54,2,8,142.26
2026-08-20,HepatitisB,9.87,08:43:24,2,8,142.27
2026-08-20,HepatitisB,13.32,08:43:54,2,8,142.28
2026-08-20,HepatitisB,17.14,08:44:24,2,8,142.3
2026-08-20,HepatitisB,13.28,08:44:54,2,8,142.31
2026-08-20,HepatitisB,17.29,08:45:24,2,8,142.32
2026-08-20,HepatitisB,10.24,08:45:54,2,8,142.33
2026-08-20,HepatitisB,2.3,08:46:24,2,8,0.0
2026-08-20,HepatitisB,9.1,08:46:54,2,8,142.35
2026-08-20,HepatitisB,6.53,08:47:24,2,8,0.0
2026-08-20,HepatitisB,4.69,08:47:54,2,8,0.0
2026-08-20,HepatitisB,17.24,08:48:24,2,8,142.38
2026-08-20,HepatitisB,13.25,08:48:54,2,8,142.39
2026-08-20,HepatitisB,13.25,08:49:24,2,8,142.4
2026-08-20,HepatitisB,17.4,08:49:54,2,8,142.41
2026-08-20,HepatitisB,3.9,08:50:24,2,8,0.0
2026-08-20,HepatitisB,4.33,08:50:54,2,8,0.0
2026-08-20,HepatitisB,14.86,08:51:24,2,8,142.45
2026-08-20,HepatitisB,5.84,08:51:54,2,8,0.0
2026-08-20,HepatitisB,15.43,08:52:24,2,8,142.47
2026-08-20,HepatitisB,11.87,08:52:54,2,8,142.48
2026-08-20,HepatitisB,14.53,08:53:24,2,8,142.49
2026-08-20,HepatitisB,15.21,08:53:54,2,8,142.5
2026-08-20,HepatitisB,6.26,08:54:24,2,8,0.0
2026-08-20,HepatitisB,14.11,08:54:54,2,8,142.52
2026-08-20,HepatitisB,9.44,08:55:24,2,8,142.53
2026-08-20,HepatitisB,7.91,08:55:54,2,8,0.0
2026-08-20,HepatitisB,15.59,08:56:24,2,8,142.56
2026-08-20,HepatitisB,11.03,08:56:54,2,8,142.57
2026-08-20,HepatitisB,11.72,08:57:24,2,8,142.58
2026-08-20,HepatitisB,16.57,08:57:54,2,8,142.59
2026-08-20,HepatitisB,15.27,08:58:24,2,8,142.6
2026-08-20,HepatitisB,12.22,08:58:54,2,8,142.61
2026-08-20,HepatitisB,5.74,08:59:24,2,8,0.0
2026-08-20,HepatitisB,15.57,08:59:54,2,8,142.63
2026-08-20,HepatitisB,7.05,09:00:24,2,8,0.0
2026-08-20,HepatitisB,6.18,09:00:54,2,8,0.0
2026-08-20,HepatitisB,15.7,09:01:24,2,8,142.66
2026-08-20,HepatitisB,8.0,09:01:54,2,8,0.0
2026-08-20,HepatitisB,11.04,09:02:24,2,8,142.69
2026-08-20,HepatitisB,12.07,09:02:54,2,8,142.7
2026-08-20,HepatitisB,14.51,09:03:24,2,8,142.71
2026-08-20,HepatitisB,17.02,09:03:54,2,8,142.72
2026-08-20,HepatitisB,9.05,09:04:24,2,8,142.73
2026-08-20,HepatitisB,6.31,09:04:54,2,8,0.0
2026-08-20,HepatitisB,4.45,09:05:24,2,8,0.0
2026-08-20,HepatitisB,12.39,09:05:54,2,8,142.76
2026-08-20,HepatitisB,13.29,09:06:24,2,8,142.77
2026-08-20,HepatitisB,13.82,09:06:54,2,8,142.78
2026-08-20,HepatitisB,16.62,09:07:24,2,8,142.79
2026-08-20,HepatitisB,16.6,09:07:54,2,8,142.81
2026-08-20,HepatitisB,4.89,09:08:24,2,8,0.0
2026-08-20,HepatitisB,2.31,09:08:54,2,8,0.0
2026-08-20,HepatitisB,3.04,09:09:24,2,8,0.0
2026-08-20,HepatitisB,11.11,09:09:54,2,8,142.85
2026-08-20,HepatitisB,10.28,09:10:24,2,8,142.86
2026-08-20,HepatitisB,9.55,09:10:54,2,8,142.87
2026-08-20,HepatitisB,10.1,09:11:24,2,8,142.88
2026-08-20,HepatitisB,14.2,09:11:54,2,8,142.89
2026-08-20,HepatitisB,6.26,09:12:24,2,8,0.0
2026-08-20,HepatitisB,13.85,09:12:54,2,8,142.91
2026-08-20,HepatitisB,15.23,09:13:24,2,8,142.92
2026-08-20,HepatitisB,14.08,09:13:54,2,8,142.94
2026-08-20,HepatitisB,2.05,09:14:24,2,8,0.0
2026-08-20,HepatitisB,17.48,09:14:54,2,8,142.96
2026-08-20,HepatitisB,12.63,09:15:24,2,8,142.97
2026-08-20,HepatitisB,10.94,09:15:54,2,8,142.98
2026-08-20,HepatitisB,3.67,09:16:24,2,8,0.0
2026-08-20,HepatitisB,2.43,09:16:54,2,8,0.0
2026-08-20,HepatitisB,3.1,09:17:24,2,8,0.0
2026-08-20,HepatitisB,13.08,09:17:54,2,8,143.02
2026-08-20,HepatitisB,5.53,09:18:24,2,8,0.0
2026-08-20,HepatitisB,12.09,09:18:54,2,8,143.04
2026-08-20,HepatitisB,3.85,09:19:24,2,8,0.0
2026-08-20,HepatitisB,9.11,09:19:54,2,8,143.06
2026-08-20,HepatitisB,9.48,09:20:24,2,8,143.08
2026-08-20,HepatitisB,11.88,09:20:54,2,8,143.09
2026-08-20,HepatitisB,6.11,09:21:24,2,8,0.0
2026-08-20,HepatitisB,3.92,09:21:54,2,8,0.0
2026-08-20,HepatitisB,14.23,09:22:24,2,8,143.12
2026-08-20,HepatitisB,3.48,09:22:54,2,8,0.0
2026-08-20,HepatitisB,9.0,09:23:24,2,8,143.14
2026-08-20,HepatitisB,16.4,09:23:54,2,8,143.15
2026-08-20,HepatitisB,10.27,09:24:24,2,8,143.16
2026-08-20,HepatitisB,15.55,09:24:54,2,8,143.17
2026-08-20,HepatitisB,10.14,09:25:24,2,8,143.18
2026-08-20,HepatitisB,16.35,09:25:54,2,8,143.2
2026-08-20,HepatitisB,15.22,09:26:24,2,8,143.21
2026-08-20,HepatitisB,2.45,09:26:54,2,8,0.0
2026-08-20,HepatitisB,15.57,09:27:24,2,8,143.23
2026-08-20,HepatitisB,12.67,09:27:54,2,8,143.24
2026-08-20,HepatitisB,16.57,09:28:24,2,8,143.25
2026-08-20,HepatitisB,2.84,09:28:54,2,8,0.0
2026-08-20,HepatitisB,14.31,09:29:24,2,8,143.27
2026-08-20,HepatitisB,2.09,09:29:54,2,8,0.0
2026-08-20,HepatitisB,2.72,09:30:24,2,8,0.0
2026-08-20,HepatitisB,4.27,09:30:54,2,8,0.0
2026-08-20,HepatitisB,2.4,09:31:24,2,8,0.0
2026-08-20,HepatitisB,9.69,09:31:54,2,8,143.33
2026-08-20,HepatitisB,10.76,09:32:24,2,8,143.34
2026-08-20,HepatitisB,10.25,09:32:54,2,8,143.35
2026-08-20,HepatitisB,6.65,09:33:24,2,8,0.0
2026-08-20,HepatitisB,11.42,09:33:54,2,8,143.37
2026-08-20,HepatitisB,10.26,09:34:24,2,8,143.38
2026-08-20,HepatitisB,4.01,09:34:54,2,8,0.0
2026-08-20,HepatitisB,11.05,09:35:24,2,8,143.4
2026-08-20,HepatitisB,5.81,09:35:54,2,8,0.0
2026-08-20,HepatitisB,17.03,09:36:24,2,8,143.42
2026-08-20,HepatitisB,6.21,09:36:54,2,8,0.0
2026-08-20,HepatitisB,10.34,09:37:24,2,8,143.44
2026-08-20,HepatitisB,5.93,09:37:54,2,8,0.0
2026-08-20,HepatitisB,9.07,09:38:24,2,8,143.47
2026-08-20,HepatitisB,12.74,09:38:54,2,8,143.48
2026-08-20,HepatitisB,16.16,09:39:24,2,8,143.49
2026-08-20,HepatitisB,10.11,09:39:54,2,8,143.5
2026-08-20,HepatitisB,16.61,09:40:24,2,8,143.51
2026-08-20,HepatitisB,5.91,09:40:54,2,8,0.0
2026-08-20,HepatitisB,10.84,09:41:24,2,8,143.53
2026-08-20,HepatitisB,15.58,09:41:54,2,8,143.54
2026-08-20,HepatitisB,5.51,09:42:24,2,8,0.0
2026-08-20,HepatitisB,16.42,09:42:54,2,8,143.56
2026-08-20,HepatitisB,17.24,09:43:24,2,8,143.57
2026-08-20,HepatitisB,15.04,09:43:54,2,8,143.59
2026-08-20,HepatitisB,3.65,09:44:24,2,8,0.0
2026-08-20,HepatitisB,12.93,09:44:54,2,8,143.61
2026-08-20,HepatitisB,12.33,09:45:24,2,8,143.62
2026-08-20,HepatitisB,10.88,09:45:54,2,8,143.63
2026-08-20,HepatitisB,12.84,09:46:24,2,8,143.64
2026-08-20,HepatitisB,16.99,09:46:54,2,8,143.65
2026-08-20,HepatitisB,7.52,09:47:24,2,8,0.0
2026-08-20,HepatitisB,16.72,09:47:54,2,8,143.67
2026-08-20,HepatitisB,2.71,09:48:24,2,8,0.0
2026-08-20,HepatitisB,16.41,09:48:54,2,8,143.69
2026-08-20,HepatitisB,12.04,09:49:24,2,8,143.7
2026-08-20,HepatitisB,11.67,09:49:54,2,8,143.72
2026-08-20,HepatitisB,3.78,09:50:24,2,8,0.0
2026-08-20,HepatitisB,13.74,09:50:54,2,8,143.74
2026-08-20,HepatitisB,15.37,09:51:24,2,8,143.75
2026-08-20,HepatitisB,6.5,09:51:54,2,8,0.0
2026-08-20,HepatitisB,11.52,09:52:24,2,8,143.77
2026-08-20,HepatitisB,5.91,09:52:54,2,8,0.0
2026-08-20,HepatitisB,16.7,09:53:24,2,8,143.79
2026-08-20,HepatitisB,10.98,09:53:54,2,8,143.8
2026-08-20,HepatitisB,2.66,09:54:24,2,8,0.0
2026-08-20,HepatitisB,12.93,09:54:54,2,8,143.82
2026-08-20,HepatitisB,7.72,09:55:24,2,8,0.0
2026-08-20,HepatitisB,17.69,09:55:54,2,8,143.84
2026-08-20,HepatitisB,12.68,09:56:24,2,8,143.86
2026-08-20,HepatitisB,14.13,09:56:54,2,8,143.87
2026-08-20,HepatitisB,15.38,09:57:24,2,8,143.88
2026-08-20,HepatitisB,13.15,09:57:54,2,8,143.89
2026-08-20,HepatitisB,3.87,09:58:24,2,8,0.0
2026-08-20,HepatitisB,11.34,09:58:54,2,8,143.91
2026-08-20,HepatitisB,5.63,09:59:24,2,8,0.0
2026-08-20,HepatitisB,6.39,09:59:54,2,8,0.0
2026-08-20,HepatitisB,2.03,10:00:24,2,8,0.0
2026-08-20,HepatitisB,5.32,10:00:54,2,8,0.0
2026-08-20,HepatitisB,11.37,10:01:24,2,8,143.96
2026-08-20,HepatitisB,17.65,10:01:54,2,8,143.97
2026-08-20,HepatitisB,10.73,10:02:24,2,8,143.99
2026-08-20,HepatitisB,7.79,10:02:54,2,8,0.0
2026-08-20,HepatitisB,4.14,10:03:24,2,8,0.0
2026-08-20,HepatitisB,12.17,10:03:54,2,8,144.02
2026-08-20,HepatitisB,10.12,10:04:24,2,8,144.03
2026-08-20,HepatitisB,13.87,10:04:54,2,8,144.04
2026-08-20,HepatitisB,16.69,10:05:24,2,8,144.05
2026-08-20,HepatitisB,16.02,10:05:54,2,8,144.06
2026-08-20,HepatitisB,10.62,10:06:24,2,8,144.07
2026-08-20,HepatitisB,17.65,10:06:54,2,8,144.08
2026-08-20,HepatitisB,6.04,10:07:24,2,8,0.0
2026-08-20,HepatitisB,16.29,10:07:54,2,8,144.1
2026-08-20,HepatitisB,16.1,10:08:24,2,8,144.12
2026-08-20,HepatitisB,7.98,10:08:54,2,8,0.0
2026-08-20,HepatitisB,17.9,10:09:24,2,8,144.14
2026-08-20,HepatitisB,6.23,10:09:54,2,8,0.0
2026-08-20,HepatitisB,6.44,10:10:24,2,8,0.0
2026-08-20,HepatitisB,14.69,10:10:54,2,8,144.17
2026-08-20,HepatitisB,12.0,10:11:24,2,8,144.18
2026-08-20,HepatitisB,14.09,10:11:54,2,8,144.19
2026-08-20,HepatitisB,6.59,10:12:24,2,8,0.0
2026-08-20,HepatitisB,4.88,10:12:54,2,8,0.0
2026-08-20,HepatitisB,10.7,10:13:24,2,8,144.22
2026-08-20,HepatitisB,12.58,10:13:54,2,8,144.24
2026-08-20,HepatitisB,7.45,10:14:24,2,8,0.0
2026-08-20,HepatitisB,14.84,10:14:54,2,8,144.26
2026-08-20,HepatitisB,13.17,10:15:24,2,8,144.27
2026-08-20,HepatitisB,11.67,10:15:54,2,8,144.28
2026-08-20,HepatitisB,9.8,10:16:24,2,8,144.29
2026-08-20,HepatitisB,13.68,10:16:54,2,8,144.3
2026-08-20,HepatitisB,6.8,10:17:24,2,8,0.0
2026-08-20,HepatitisB,10.64,10:17:54,2,8,144.32
2026-08-20,HepatitisB,15.94,10:18:24,2,8,144.33
2026-08-20,HepatitisB,15.66,10:18:54,2,8,144.34
2026-08-20,HepatitisB,12.76,10:19:24,2,8,144.35
2026-08-20,HepatitisB,11.32,10:19:54,2,8,144.37
2026-08-20,HepatitisB,7.27,10:20:24,2,8,0.0
2026-08-20,HepatitisB,3.6,10:20:54,2,8,0.0
2026-08-20,HepatitisB,15.42,10:21:24,2,8,144.4
2026-08-20,HepatitisB,13.17,10:21:54,2,8,144.41
2026-08-20,HepatitisB,11.35,10:22:24,2,8,144.42
2026-08-20,HepatitisB,15.29,10:22:54,2,8,144.43
2026-08-20,HepatitisB,9.06,10:23:24,2,8,144.44
2026-08-20,HepatitisB,12.76,10:23:54,2,8,144.45
2026-08-20,HepatitisB,10.29,10:24:24,2,8,144.46
2026-08-20,HepatitisB,13.64,10:24:54,2,8,144.47
2026-08-20,HepatitisB,7.66,10:25:24,2,8,0.0
2026-08-20,HepatitisB,17.71,10:25:54,2,8,144.5
2026-08-20,HepatitisB,10.18,10:26:24,2,8,144.51
2026-08-20,HepatitisB,11.76,10:26:54,2,8,144.52
2026-08-20,HepatitisB,14.17,10:27:24,2,8,144.53
2026-08-20,HepatitisB,2.87,10:27:54,2,8,0.0
2026-08-20,HepatitisB,5.29,10:28:24,2,8,0.0
2026-08-20,HepatitisB,4.54,10:28:54,2,8,0.0
2026-08-20,HepatitisB,6.5,10:29:24,2,8,0.0
2026-08-20,HepatitisB,17.2,10:29:54,2,8,144.58
2026-08-20,HepatitisB,15.05,10:30:24,2,8,144.59
2026-08-20,HepatitisB,2.26,10:30:54,2,8,0.0
2026-08-20,HepatitisB,10.9,10:31:24,2,8,144.61
2026-08-20,HepatitisB,10.84,10:31:54,2,8,144.62
2026-08-20,HepatitisB,5.57,10:32:24,2,8,0.0
2026-08-20,HepatitisB,14.35,10:32:54,2,8,144.65
2026-08-20,HepatitisB,17.17,10:33:24,2,8,144.66
2026-08-20,HepatitisB,13.24,10:33:54,2,8,144.67
2026-08-20,HepatitisB,13.75,10:34:24,2,8,144.68
2026-08-20,HepatitisB,5.47,10:34:54,2,8,0.0
2026-08-20,HepatitisB,10.54,10:35:24,2,8,144.7
2026-08-20,HepatitisB,13.52,10:35:54,2,8,144.71
2026-08-20,HepatitisB,16.24,10:36:24,2,8,144.72
2026-08-20,HepatitisB,7.34,10:36:54,2,8,0.0
2026-08-20,HepatitisB,3.31,10:37:24,2,8,0.0
2026-08-20,HepatitisB,11.72,10:37:54,2,8,144.75
2026-08-20,HepatitisB,6.06,10:38:24,2,8,0.0
2026-08-20,HepatitisB,15.24,10:38:54,2,8,144.78
2026-08-20,HepatitisB,6.07,10:39:24,2,8,0.0
2026-08-20,HepatitisB,16.78,10:39:54,2,8,144.8
2026-08-20,HepatitisB,5.91,10:40:24,2,8,0.0
2026-08-20,HepatitisB,6.73,10:40:54,2,8,0.0
2026-08-20,HepatitisB,17.57,10:41:24,2,8,144.83
2026-08-20,HepatitisB,4.52,10:41:54,2,8,0.0
2026-08-20,HepatitisB,2.72,10:42:24,2,8,0.0
2026-08-20,HepatitisB,9.8,10:42:54,2,8,144.86
2026-08-20,HepatitisB,10.42,10:43:24,2,8,144.87
2026-08-20,HepatitisB,14.79,10:43:54,2,8,144.89
2026-08-20,HepatitisB,2.1,10:44:24,2,8,0.0
2026-08-20,HepatitisB,17.13,10:44:54,2,8,144.91
2026-08-20,HepatitisB,6.04,10:45:24,2,8,0.0
2026-08-20,HepatitisB,17.99,10:45:54,2,8,144.93
2026-08-20,HepatitisB,2.42,10:46:24,2,8,0.0
2026-08-20,HepatitisB,6.15,10:46:54,2,8,0.0
2026-08-20,HepatitisB,5.71,10:47:24,2,8,0.0
2026-08-20,HepatitisB,15.65,10:47:54,2,8,144.97
2026-08-20,HepatitisB,17.58,10:48:24,2,8,144.98
2026-08-20,HepatitisB,11.67,10:48:54,2,8,144.99
2026-08-20,HepatitisB,7.01,10:49:24,2,8,0.0
2026-08-20,HepatitisB,11.49,10:49:54,2,8,145.02
2026-08-20,HepatitisB,15.65,10:50:24,2,8,145.03
2026-08-20,HepatitisB,12.46,10:50:54,2,8,145.04
2026-08-20,HepatitisB,14.48,10:51:24,2,8,145.05
2026-08-20,HepatitisB,5.05,10:51:54,2,8,0.0
2026-08-20,HepatitisB,11.39,10:52:24,2,8,145.07
2026-08-20,HepatitisB,6.16,10:52:54,2,8,0.0
2026-08-20,HepatitisB,13.44,10:53:24,2,8,145.09
2026-08-20,HepatitisB,6.11,10:53:54,2,8,0.0
2026-08-20,HepatitisB,13.78,10:54:24,2,8,145.11
2026-08-20,HepatitisB,17.95,10:54:54,2,8,145.12
2026-08-20,HepatitisB,3.62,10:55:24,2,8,0.0
2026-08-20,HepatitisB,11.89,10:55:54,2,8,145.15
2026-08-20,HepatitisB,15.7,10:56:24,2,8,145.16
2026-08-20,HepatitisB,13.15,10:56:54,2,8,145.17
2026-08-20,HepatitisB,15.77,10:57:24,2,8,145.18
2026-08-20,HepatitisB,10.72,10:57:54,2,8,145.19
2026-08-20,HepatitisB,2.25,10:58:24,2,8,0.0
2026-08-20,HepatitisB,17.49,10:58:54,2,8,145.21
2026-08-20,HepatitisB,11.08,10:59:24,2,8,145.22
2026-08-20,HepatitisB,14.87,10:59:54,2,8,145.23
2026-08-20,HepatitisB,5.64,11:00:24,2,8,0.0
2026-08-20,HepatitisB,7.49,11:00:54,2,8,0.0
2026-08-20,HepatitisB,13.7,11:01:24,2,8,145.26
2026-08-20,HepatitisB,15.73,11:01:54,2,8,145.28
2026-08-20,HepatitisB,17.58,11:02:24,2,8,145.29
2026-08-20,HepatitisB,12.63,11:02:54,2,8,145.3
2026-08-20,HepatitisB,11.61,11:03:24,2,8,145.31
2026-08-20,HepatitisB,6.38,11:03:54,2,8,0.0
2026-08-20,HepatitisB,2.63,11:04:24,2,8,0.0
2026-08-20,HepatitisB,13.58,11:04:54,2,8,145.34
2026-08-20,HepatitisB,13.0,11:05:24,2,8,145.35
2026-08-20,HepatitisB,12.02,11:05:54,2,8,145.36
2026-08-20,HepatitisB,10.45,11:06:24,2,8,145.37
2026-08-20,HepatitisB,9.55,11:06:54,2,8,145.38
2026-08-20,HepatitisB,15.28,11:07:24,2,8,145.39
2026-08-20,HepatitisB,2.05,11:07:54,2,8,0.0
2026-08-20,HepatitisB,3.13,11:08:24,2,8,0.0
2026-08-20,HepatitisB,12.76,11:08:54,2,8,145.43
2026-08-20,HepatitisB,10.45,11:09:24,2,8,145.44
2026-08-20,HepatitisB,10.46,11:09:54,2,8,145.45
2026-08-20,HepatitisB,7.79,11:10:24,2,8,0.0
2026-08-20,HepatitisB,2.69,11:10:54,2,8,0.0
2026-08-20,HepatitisB,5.31,11:11:24,2,8,0.0
2026-08-20,HepatitisB,13.64,11:11:54,2,8,145.49
2026-08-20,HepatitisB,12.91,11:12:24,2,8,145.5
2026-08-20,HepatitisB,3.23,11:12:54,2,8,0.0
2026-08-20,HepatitisB,9.41,11:13:24,2,8,145.52
2026-08-20,HepatitisB,15.65,11:13:54,2,8,145.53
2026-08-20,HepatitisB,7.31,11:14:24,2,8,0.0
2026-08-20,HepatitisB,16.28,11:14:54,2,8,145.56
2026-08-20,HepatitisB,12.23,11:15:24,2,8,145.57
2026-08-20,HepatitisB,14.39,11:15:54,2,8,145.58
2026-08-20,HepatitisB,11.4,11:16:24,2,8,145.59
2026-08-20,HepatitisB,15.08,11:16:54,2,8,145.6
2026-08-20,HepatitisB,2.86,11:17:24,2,8,0.0
2026-08-20,HepatitisB,2.93,11:17:54,2,8,0.0
2026-08-20,HepatitisB,9.74,11:18:24,2,8,145.63
2026-08-20,HepatitisB,12.9,11:18:54,2,8,145.64
2026-08-20,HepatitisB,9.33,11:19:24,2,8,145.65
2026-08-20,HepatitisB,16.28,11:19:54,2,8,145.66
2026-08-20,HepatitisB,10.21,11:20:24,2,8,145.68
2026-08-20,HepatitisB,10.53,11:20:54,2,8,145.69
2026-08-20,HepatitisB,10.73,11:21:24,2,8,145.7
2026-08-20,HepatitisB,13.15,11:21:54,2,8,145.71
2026-08-20,HepatitisB,9.89,11:22:24,2,8,145.72
2026-08-20,HepatitisB,12.32,11:22:54,2,8,145.73
2026-08-20,HepatitisB,14.68,11:23:24,2,8,145.74
2026-08-20,HepatitisB,3.88,11:23:54,2,8,0.0
2026-08-20,HepatitisB,11.77,11:24:24,2,8,145.76
2026-08-20,HepatitisB,10.17,11:24:54,2,8,145.77
2026-08-20,HepatitisB,14.56,11:25:24,2,8,145.78
2026-08-20,HepatitisB,12.93,11:25:54,2,8,145.8
2026-08-20,HepatitisB,16.98,11:26:24,2,8,145.81
2026-08-20,HepatitisB,10.39,11:26:54,2,8,145.82
2026-08-20,HepatitisB,17.6,11:27:24,2,8,145.83
2026-08-20,HepatitisB,7.82,11:27:54,2,8,0.0
2026-08-20,HepatitisB,5.12,11:28:24,2,8,0.0
2026-08-20,HepatitisB,10.96,11:28:54,2,8,145.86
2026-08-20,HepatitisB,11.26,11:29:24,2,8,145.87
2026-08-20,HepatitisB,15.94,11:29:54,2,8,145.88
2026-08-20,HepatitisB,2.18,11:30:24,2,8,0.0
2026-08-20,HepatitisB,14.17,11:30:54,2,8,145.9
2026-08-20,HepatitisB,17.23,11:31:24,2,8,145.91
2026-08-20,HepatitisB,14.08,11:31:54,2,8,145.93
2026-08-20,HepatitisB,7.41,11:32:24,2,8,0.0
2026-08-20,HepatitisB,7.89,11:32:54,2,8,0.0
2026-08-20,HepatitisB,12.82,11:33:24,2,8,145.96
2026-08-20,HepatitisB,10.78,11:33:54,2,8,145.97
2026-08-20,HepatitisB,7.07,11:34:24,2,8,0.0
2026-08-20,HepatitisB,16.52,11:34:54,2,8,145.99
2026-08-20,HepatitisB,17.32,11:35:24,2,8,146.0
2026-08-20,HepatitisB,10.86,11:35:54,2,8,146.01
2026-08-20,HepatitisB,3.95,11:36:24,2,8,0.0
2026-08-20,HepatitisB,12.6,11:36:54,2,8,146.03
2026-08-20,HepatitisB,3.0,11:37:24,2,8,0.0
2026-08-20,HepatitisB,12.82,11:37:54,2,8,146.06
2026-08-20,HepatitisB,10.81,11:38:24,2,8,146.07
2026-08-20,HepatitisB,13.6,11:38:54,2,8,146.08
2026-08-20,HepatitisB,13.25,11:39:24,2,8,146.09
2026-08-20,HepatitisB,2.35,11:39:54,2,8,0.0
2026-08-20,HepatitisB,7.27,11:40:24,2,8,0.0
2026-08-20,HepatitisB,10.06,11:40:54,2,8,146.12
2026-08-20,HepatitisB,9.78,11:41:24,2,8,146.13
2026-08-20,HepatitisB,6.91,11:41:54,2,8,0.0
2026-08-20,HepatitisB,12.29,11:42:24,2,8,146.15
2026-08-20,HepatitisB,17.5,11:42:54,2,8,146.16
2026-08-20,HepatitisB,14.34,11:43:24,2,8,146.17
2026-08-20,HepatitisB,16.56,11:43:54,2,8,146.19
2026-08-20,HepatitisB,3.74,11:44:24,2,8,0.0
2026-08-20,HepatitisB,5.44,11:44:54,2,8,0.0
2026-08-20,HepatitisB,12.83,11:45:24,2,8,146.22
2026-08-20,HepatitisB,3.91,11:45:54,2,8,0.0
2026-08-20,HepatitisB,10.36,11:46:24,2,8,146.24
2026-08-20,HepatitisB,15.33,11:46:54,2,8,146.25
2026-08-20,HepatitisB,14.36,11:47:24,2,8,146.26
2026-08-20,HepatitisB,15.16,11:47:54,2,8,146.27
2026-08-20,HepatitisB,6.85,11:48:24,2,8,0.0
2026-08-20,HepatitisB,16.39,11:48:54,2,8,146.29
2026-08-20,HepatitisB,9.58,11:49:24,2,8,146.3
2026-08-20,HepatitisB,17.99,11:49:54,2,8,146.31
2026-08-20,HepatitisB,17.18,11:50:24,2,8,146.33
2026-08-20,HepatitisB,11.87,11:50:54,2,8,146.34
2026-08-20,HepatitisB,12.03,11:51:24,2,8,146.35
2026-08-20,HepatitisB,2.49,11:51:54,2,8,0.0
2026-08-20,HepatitisB,11.32,11:52:24,2,8,146.37
2026-08-20,HepatitisB,2.52,11:52:54,2,8,0.0
2026-08-20,HepatitisB,2.31,11:53:24,2,8,0.0
2026-08-20,HepatitisB,14.73,11:53:54,2,8,146.4
2026-08-20,HepatitisB,10.21,11:54:24,2,8,146.41
2026-08-20,HepatitisB,9.42,11:54:54,2,8,146.42
2026-08-20,HepatitisB,9.44,11:55:24,2,8,146.43
2026-08-20,HepatitisB,3.32,11:55:54,2,8,0.0
2026-08-20,HepatitisB,7.53,11:56:24,2,8,0.0
2026-08-20,HepatitisB,10.97,11:56:54,2,8,146.47
2026-08-20,HepatitisB,12.22,11:57:24,2,8,146.48
2026-08-20,HepatitisB,5.65,11:57:54,2,8,0.0
2026-08-20,HepatitisB,9.88,11:58:24,2,8,146.5
2026-08-20,HepatitisB,16.17,11:58:54,2,8,146.51
2026-08-20,HepatitisB,12.56,11:59:24,2,8,146.52
2026-08-20,HepatitisB,6.19,11:59:54,2,8,0.0
2026-08-20,HepatitisB,5.48,12:00:24,2,8,0.0
2026-08-20,HepatitisB,13.89,12:00:54,2,8,146.55
2026-08-20,HepatitisB,12.21,12:01:24,2,8,146.56
2026-08-20,HepatitisB,2.31,12:01:54,2,8,0.0
2026-08-20,HepatitisB,11.33,12:02:24,2,8,146.59
2026-08-20,HepatitisB,13.64,12:02:54,2,8,146.6
2026-08-20,HepatitisB,9.94,12:03:24,2,8,146.61
2026-08-20,HepatitisB,3.88,12:03:54,2,8,0.0
2026-08-20,HepatitisB,4.32,12:04:24,2,8,0.0
2026-08-20,HepatitisB,14.68,12:04:54,2,8,146.64
2026-08-20,HepatitisB,10.61,12:05:24,2,8,146.65
2026-08-20,HepatitisB,2.3,12:05:54,2,8,0.0
2026-08-20,HepatitisB,7.35,12:06:24,2,8,0.0
2026-08-20,HepatitisB,3.64,12:06:54,2,8,0.0
2026-08-20,HepatitisB,13.47,12:07:24,2,8,146.69
2026-08-20,HepatitisB,3.75,12:07:54,2,8,0.0
2026-08-20,HepatitisB,15.72,12:08:24,2,8,146.72
2026-08-20,HepatitisB,11.83,12:08:54,2,8,146.73
2026-08-20,HepatitisB,10.74,12:09:24,2,8,146.74
2026-08-20,HepatitisB,2.56,12:09:54,2,8,0.0
2026-08-20,HepatitisB,9.24,12:10:24,2,8,146.76
2026-08-20,HepatitisB,3.4,12:10:54,2,8,0.0
2026-08-20,HepatitisB,9.65,12:11:24,2,8,146.78
2026-08-20,HepatitisB,16.87,12:11:54,2,8,146.79
2026-08-20,HepatitisB,14.09,12:12:24,2,8,146.8
2026-08-20,HepatitisB,13.53,12:12:54,2,8,146.81
2026-08-20,HepatitisB,9.35,12:13:24,2,8,146.82
2026-08-20,HepatitisB,15.28,12:13:54,2,8,146.84
2026-08-20,HepatitisB,5.37,12:14:24,2,8,0.0
2026-08-20,HepatitisB,4.39,12:14:54,2,8,0.0
2026-08-20,HepatitisB,3.97,12:15:24,2,8,0.0
2026-08-20,HepatitisB,11.49,12:15:54,2,8,146.88
2026-08-20,HepatitisB,2.38,12:16:24,2,8,0.0
2026-08-20,HepatitisB,9.77,12:16:54,2,8,146.9
2026-08-20,HepatitisB,11.03,12:17:24,2,8,146.91
2026-08-20,HepatitisB,10.51,12:17:54,2,8,146.92
2026-08-20,HepatitisB,10.55,12:18:24,2,8,146.93
2026-08-20,HepatitisB,6.52,12:18:54,2,8,0.0
2026-08-20,HepatitisB,3.48,12:19:24,2,8,0.0
2026-08-20,HepatitisB,11.46,12:19:54,2,8,146.97
2026-08-20,HepatitisB,12.69,12:20:24,2,8,146.98
2026-08-20,HepatitisB,14.92,12:20:54,2,8,146.99
2026-08-20,HepatitisB,2.54,12:21:24,2,8,0.0
2026-08-20,HepatitisB,9.44,12:21:54,2,8,147.01
2026-08-20,HepatitisB,17.99,12:22:24,2,8,147.02
2026-08-20,HepatitisB,9.75,12:22:54,2,8,147.03
2026-08-20,HepatitisB,3.87,12:23:24,2,8,0.0
2026-08-20,HepatitisB,12.8,12:23:54,2,8,147.05
2026-08-20,HepatitisB,16.91,12:24:24,2,8,147.06
2026-08-20,HepatitisB,9.21,12:24:54,2,8,147.07
2026-08-20,HepatitisB,6.17,12:25:24,2,8,0.0
2026-08-20,HepatitisB,4.13,12:25:54,2,8,0.0
2026-08-20,HepatitisB,9.65,12:26:24,2,8,147.11
2026-08-20,HepatitisB,15.7,12:26:54,2,8,147.12
2026-08-20,HepatitisB,10.9,12:27:24,2,8,147.13
2026-08-20,HepatitisB,16.56,12:27:54,2,8,147.14
2026-08-20,HepatitisB,7.76,12:28:24,2,8,0.0
2026-08-20,HepatitisB,11.84,12:28:54,2,8,147.16
2026-08-20,HepatitisB,2.15,12:29:24,2,8,0.0
2026-08-20,HepatitisB,2.83,12:29:54,2,8,0.0
2026-08-20,HepatitisB,2.13,12:30:24,2,8,0.0
2026-08-20,HepatitisB,10.6,12:30:54,2,8,147.2
2026-08-20,HepatitisB,4.7,12:31:24,2,8,0.0
2026-08-20,HepatitisB,6.56,12:31:54,2,8,0.0
2026-08-20,HepatitisB,9.86,12:32:24,2,8,147.24
2026-08-20,HepatitisB,14.51,12:32:54,2,8,147.25
2026-08-20,HepatitisB,7.04,12:33:24,2,8,0.0
2026-08-20,HepatitisB,17.14,12:33:54,2,8,147.27
2026-08-20,HepatitisB,4.51,12:34:24,2,8,0.0
2026-08-20,HepatitisB,6.59,12:34:54,2,8,0.0
2026-08-20,HepatitisB,6.99,12:35:24,2,8,0.0
2026-08-20,HepatitisB,17.91,12:35:54,2,8,147.31
2026-08-20,HepatitisB,15.73,12:36:24,2,8,147.32
2026-08-20,HepatitisB,4.34,12:36:54,2,8,0.0
2026-08-20,HepatitisB,17.72,12:37:24,2,8,147.34
2026-08-20,HepatitisB,12.59,12:37:54,2,8,147.35
2026-08-20,HepatitisB,16.48,12:38:24,2,8,147.37
2026-08-20,HepatitisB,14.46,12:38:54,2,8,147.38
2026-08-20,HepatitisB,17.93,12:39:24,2,8,147.39
2026-08-20,HepatitisB,11.03,12:39:54,2,8,147.4
2026-08-20,HepatitisB,17.5,12:40:24,2,8,147.41
2026-08-20,HepatitisB,5.7,12:40:54,2,8,0.0
2026-08-20,HepatitisB,9.81,12:41:24,2,8,147.43
2026-08-20,HepatitisB,11.42,12:41:54,2,8,147.44
2026-08-20,HepatitisB,17.07,12:42:24,2,8,147.45
2026-08-20,HepatitisB,9.27,12:42:54,2,8,147.46
2026-08-20,HepatitisB,11.17,12:43:24,2,8,147.47
2026-08-20,HepatitisB,14.39,12:43:54,2,8,147.49
2026-08-20,HepatitisB,9.13,12:44:24,2,8,147.5
2026-08-20,HepatitisB,11.78,12:44:54,2,8,147.51
2026-08-20,HepatitisB,3.14,12:45:24,2,8,0.0
2026-08-20,HepatitisB,15.86,12:45:54,2,8,147.53
2026-08-20,HepatitisB,9.25,12:46:24,2,8,147.54
2026-08-20,HepatitisB,5.3,12:46:54,2,8,0.0
2026-08-20,HepatitisB,6.6,12:47:24,2,8,0.0
2026-08-20,HepatitisB,9.66,12:47:54,2,8,147.57
2026-08-20,HepatitisB,2.74,12:48:24,2,8,0.0
2026-08-20,HepatitisB,10.82,12:48:54,2,8,147.59
2026-08-20,HepatitisB,3.08,12:49:24,2,8,0.0
2026-08-20,HepatitisB,17.06,12:49:54,2,8,147.62
2026-08-20,HepatitisB,6.15,12:50:24,2,8,0.0
2026-08-20,HepatitisB,4.54,12:50:54,2,8,0.0
2026-08-20,HepatitisB,15.14,12:51:24,2,8,147.65
2026-08-20,HepatitisB,12.91,12:51:54,2,8,147.66
2026-08-20,HepatitisB,17.17,12:52:24,2,8,147.67
2026-08-20,HepatitisB,11.11,12:52:54,2,8,147.68
2026-08-20,HepatitisB,16.73,12:53:24,2,8,147.69
2026-08-20,HepatitisB,3.83,12:53:54,2,8,0.0
2026-08-20,HepatitisB,2.88,12:54:24,2,8,0.0
2026-08-20,HepatitisB,11.37,12:54:54,2,8,147.72
2026-08-20,HepatitisB,16.15,12:55:24,2,8,147.73
2026-08-20,HepatitisB,6.4,12:55:54,2,8,0.0
2026-08-20,HepatitisB,12.08,12:56:24,2,8,147.76
2026-08-20,HepatitisB,4.58,12:56:54,2,8,0.0
2026-08-20,HepatitisB,15.72,12:57:24,2,8,147.78
2026-08-20,HepatitisB,7.55,12:57:54,2,8,0.0
2026-08-20,HepatitisB,14.06,12:58:24,2,8,147.8
2026-08-20,HepatitisB,4.98,12:58:54,2,8,0.0
2026-08-20,HepatitisB,4.3,12:59:24,2,8,0.0
2026-08-20,HepatitisB,7.82,12:59:54,2,8,0.0
2026-08-20,HepatitisB,6.11,13:00:24,2,8,0.0
2026-08-20,HepatitisB,6.86,13:00:54,2,8,0.0
2026-08-20,HepatitisB,14.57,13:01:24,2,8,147.86
2026-08-20,HepatitisB,16.87,13:01:54,2,8,147.88
2026-08-20,HepatitisB,15.54,13:02:24,2,8,147.89
2026-08-20,HepatitisB,5.07,13:02:54,2,8,0.0
2026-08-20,HepatitisB,9.83,13:03:24,2,8,147.91
2026-08-20,HepatitisB,13.77,13:03:54,2,8,147.92
2026-08-20,HepatitisB,7.33,13:04:24,2,8,0.0
2026-08-20,HepatitisB,5.01,13:04:54,2,8,0.0
2026-08-20,HepatitisB,11.11,13:05:24,2,8,147.95
2026-08-20,HepatitisB,15.11,13:05:54,2,8,147.96
2026-08-20,HepatitisB,9.07,13:06:24,2,8,147.97
2026-08-20,HepatitisB,13.8,13:06:54,2,8,147.98
2026-08-20,HepatitisB,3.46,13:07:24,2,8,0.0
2026-08-20,HepatitisB,13.87,13:07:54,2,8,148.0
2026-08-20,HepatitisB,12.77,13:08:24,2,8,148.02
2026-08-20,HepatitisB,5.74,13:08:54,2,8,0.0
2026-08-20,HepatitisB,3.25,13:09:24,2,8,0.0
2026-08-20,HepatitisB,14.64,13:09:54,2,8,148.05
2026-08-20,HepatitisB,16.04,13:10:24,2,8,148.06
2026-08-20,HepatitisB,2.53,13:10:54,2,8,0.0
2026-08-20,HepatitisB,11.49,13:11:24,2,8,148.08
2026-08-20,HepatitisB,10.6,13:11:54,2,8,148.09
2026-08-20,HepatitisB,11.79,13:12:24,2,8,148.1
2026-08-20,HepatitisB,12.96,13:12:54,2,8,148.11
2026-08-20,HepatitisB,9.22,13:13:24,2,8,148.12
2026-08-20,HepatitisB,11.02,13:13:54,2,8,148.14
2026-08-20,HepatitisB,7.19,13:14:24,2,8,0.0
2026-08-20,HepatitisB,3.66,13:14:54,2,8,0.0
2026-08-20,HepatitisB,6.37,13:15:24,2,8,0.0
2026-08-20,HepatitisB,17.55,13:15:54,2,8,148.18
2026-08-20,HepatitisB,10.74,13:16:24,2,8,148.19
2026-08-20,HepatitisB,5.59,13:16:54,2,8,0.0
2026-08-20,HepatitisB,17.78,13:17:24,2,8,148.21
2026-08-20,HepatitisB,17.83,13:17:54,2,8,148.22
2026-08-20,HepatitisB,5.66,13:18:24,2,8,0.0
2026-08-20,HepatitisB,13.44,13:18:54,2,8,148.24
2026-08-20,HepatitisB,14.82,13:19:24,2,8,148.25
2026-08-20,HepatitisB,17.9,13:19:54,2,8,148.27
2026-08-20,HepatitisB,6.42,13:20:24,2,8,0.0
2026-08-20,HepatitisB,9.72,13:20:54,2,8,148.29
2026-08-20,HepatitisB,9.43,13:21:24,2,8,148.3
2026-08-20,HepatitisB,5.59,13:21:54,2,8,0.0
2026-08-20,HepatitisB,12.56,13:22:24,2,8,148.32
2026-08-20,HepatitisB,9.35,13:22:54,2,8,148.33
2026-08-20,HepatitisB,10.76,13:23:24,2,8,148.34
2026-08-20,HepatitisB,4.7,13:23:54,2,8,0.0
2026-08-20,HepatitisB,9.49,13:24:24,2,8,148.36
2026-08-20,HepatitisB,14.62,13:24:54,2,8,148.37
2026-08-20,HepatitisB,2.83,13:25:24,2,8,0.0
2026-08-20,HepatitisB,14.14,13:25:54,2,8,148.4
2026-08-20,HepatitisB,14.11,13:26:24,2,8,148.41
2026-08-20,HepatitisB,6.01,13:26:54,2,8,0.0
2026-08-20,HepatitisB,2.5,13:27:24,2,8,0.0
2026-08-20,HepatitisB,14.2,13:27:54,2,8,148.44
2026-08-20,HepatitisB,3.81,13:28:24,2,8,0.0
2026-08-20,HepatitisB,7.28,13:28:54,2,8,0.0
2026-08-20,HepatitisB,16.86,13:29:24,2,8,148.47
2026-08-20,HepatitisB,16.87,13:29:54,2,8,148.48
2026-08-20,HepatitisB,4.3,13:30:24,2,8,0.0
2026-08-20,HepatitisB,4.99,13:30:54,2,8,0.0
2026-08-20,HepatitisB,3.44,13:31:24,2,8,0.0
2026-08-20,HepatitisB,14.65,13:31:54,2,8,148.53
2026-08-20,HepatitisB,2.73,13:32:24,2,8,0.0
2026-08-20,HepatitisB,16.84,13:32:54,2,8,148.55
2026-08-20,HepatitisB,6.09,13:33:24,2,8,0.0
2026-08-20,HepatitisB,11.05,13:33:54,2,8,148.57
2026-08-20,HepatitisB,11.59,13:34:24,2,8,148.58
2026-08-20,HepatitisB,17.45,13:34:54,2,8,148.59
2026-08-20,HepatitisB,13.51,13:35:24,2,8,148.6
2026-08-20,HepatitisB,2.78,13:35:54,2,8,0.0
2026-08-20,HepatitisB,12.71,13:36:24,2,8,148.62
2026-08-20,HepatitisB,3.69,13:36:54,2,8,0.0
2026-08-20,HepatitisB,5.55,13:37:24,2,8,0.0
2026-08-20,HepatitisB,13.72,13:37:54,2,8,148.66
2026-08-20,HepatitisB,3.07,13:38:24,2,8,0.0
2026-08-20,HepatitisB,11.72,13:38:54,2,8,148.68
2026-08-20,HepatitisB,13.16,13:39:24,2,8,148.69
2026-08-20,HepatitisB,3.59,13:39:54,2,8,0.0
2026-08-20,HepatitisB,16.43,13:40:24,2,8,148.71
2026-08-20,HepatitisB,4.92,13:40:54,2,8,0.0
2026-08-20,HepatitisB,13.42,13:41:24,2,8,148.73
2026-08-20,HepatitisB,3.5,13:41:54,2,8,0.0
2026-08-20,HepatitisB,17.99,13:42:24,2,8,148.75
2026-08-20,HepatitisB,12.17,13:42:54,2,8,148.76
2026-08-20,HepatitisB,9.24,13:43:24,2,8,148.77
2026-08-20,HepatitisB,5.44,13:43:54,2,8,0.0
2026-08-20,HepatitisB,10.94,13:44:24,2,8,148.8
2026-08-20,HepatitisB,17.94,13:44:54,2,8,148.81
2026-08-20,HepatitisB,14.56,13:45:24,2,8,148.82
2026-08-20,HepatitisB,15.72,13:45:54,2,8,148.83
2026-08-20,HepatitisB,10.73,13:46:24,2,8,148.84
2026-08-20,HepatitisB,15.63,13:46:54,2,8,148.85
2026-08-20,HepatitisB,4.35,13:47:24,2,8,0.0
2026-08-20,HepatitisB,3.5,13:47:54,2,8,0.0
2026-08-20,HepatitisB,16.88,13:48:24,2,8,148.88
2026-08-20,HepatitisB,4.36,13:48:54,2,8,0.0
2026-08-20,HepatitisB,10.24,13:49:24,2,8,148.9
2026-08-20,HepatitisB,12.02,13:49:54,2,8,148.91
2026-08-20,HepatitisB,15.26,13:50:24,2,8,148.93
2026-08-20,HepatitisB,2.69,13:50:54,2,8,0.0
2026-08-20,HepatitisB,7.04,13:51:24,2,8,0.0
2026-08-20,HepatitisB,11.96,13:51:54,2,8,148.96
2026-08-20,HepatitisB,6.78,13:52:24,2,8,0.0
2026-08-20,HepatitisB,4.16,13:52:54,2,8,0.0
2026-08-20,HepatitisB,5.04,13:53:24,2,8,0.0
2026-08-20,HepatitisB,17.09,13:53:54,2,8,149.0
2026-08-20,HepatitisB,5.71,13:54:24,2,8,0.0
2026-08-20,HepatitisB,3.44,13:54:54,2,8,0.0
2026-08-20,HepatitisB,2.08,13:55:24,2,8,0.0
2026-08-20,HepatitisB,4.73,13:55:54,2,8,0.0
2026-08-20,HepatitisB,14.7,13:56:24,2,8,149.06
2026-08-20,HepatitisB,13.17,13:56:54,2,8,149.07
2026-08-20,HepatitisB,16.88,13:57:24,2,8,149.08
2026-08-20,HepatitisB,14.59,13:57:54,2,8,149.09
2026-08-20,HepatitisB,13.29,13:58:24,2,8,149.1
2026-08-20,HepatitisB,7.44,13:58:54,2,8,0.0
2026-08-20,HepatitisB,6.71,13:59:24,2,8,0.0
2026-08-20,HepatitisB,16.98,13:59:54,2,8,149.13
2026-08-20,HepatitisB,3.21,14:00:24,2,8,0.0
2026-08-20,HepatitisB,7.02,14:00:54,2,8,0.0
2026-08-20,HepatitisB,12.09,14:01:24,2,8,149.16
2026-08-20,HepatitisB,12.22,14:01:54,2,8,149.18
2026-08-20,HepatitisB,14.98,14:02:24,2,8,149.19
2026-08-20,HepatitisB,6.77,14:02:54,2,8,0.0
2026-08-20,HepatitisB,4.98,14:03:24,2,8,0.0
2026-08-20,HepatitisB,10.92,14:03:54,2,8,149.22
2026-08-20,HepatitisB,6.53,14:04:24,2,8,0.0
2026-08-20,HepatitisB,11.86,14:04:54,2,8,149.24
2026-08-20,HepatitisB,14.8,14:05:24,2,8,149.25
2026-08-20,HepatitisB,9.82,14:05:54,2,8,149.26
2026-08-20,HepatitisB,15.27,14:06:24,2,8,149.27
2026-08-20,HepatitisB,16.48,14:06:54,2,8,149.28
2026-08-20,HepatitisB,17.3,14:07:24,2,8,149.29
2026-08-20,HepatitisB,15.61,14:07:54,2,8,149.31
2026-08-20,HepatitisB,5.97,14:08:24,2,8,0.0
2026-08-20,HepatitisB,4.58,14:08:54,2,8,0.0
2026-08-20,HepatitisB,3.78,14:09:24,2,8,0.0
2026-08-20,HepatitisB,12.88,14:09:54,2,8,149.35
2026-08-20,HepatitisB,14.81,14:10:24,2,8,149.36
2026-08-20,HepatitisB,9.41,14:10:54,2,8,149.37
2026-08-20,HepatitisB,15.57,14:11:24,2,8,149.38
2026-08-20,HepatitisB,3.17,14:11:54,2,8,0.0
2026-08-20,HepatitisB,2.33,14:12:24,2,8,0.0
2026-08-20,HepatitisB,12.99,14:12:54,2,8,149.41
2026-08-20,HepatitisB,2.05,14:13:24,2,8,0.0
2026-08-20,HepatitisB,10.78,14:13:54,2,8,149.44
2026-08-20,HepatitisB,6.75,14:14:24,2,8,0.0
2026-08-20,HepatitisB,6.61,14:14:54,2,8,0.0
2026-08-20,HepatitisB,7.85,14:15:24,2,8,0.0
2026-08-20,HepatitisB,3.52,14:15:54,2,8,0.0
2026-08-20,HepatitisB,10.64,14:16:24,2,8,149.49
2026-08-20,HepatitisB,6.64,14:16:54,2,8,0.0
2026-08-20,HepatitisB,5.52,14:17:24,2,8,0.0
2026-08-20,HepatitisB,5.69,14:17:54,2,8,0.0
2026-08-20,HepatitisB,6.59,14:18:24,2,8,0.0
2026-08-20,HepatitisB,15.83,14:18:54,2,8,149.54
2026-08-20,HepatitisB,6.51,14:19:24,2,8,0.0
2026-08-20,HepatitisB,2.22,14:19:54,2,8,0.0
2026-08-20,HepatitisB,4.72,14:20:24,2,8,0.0
2026-08-20,HepatitisB,12.04,14:20:54,2,8,149.59
2026-08-20,HepatitisB,10.01,14:21:24,2,8,149.6
2026-08-20,HepatitisB,12.78,14:21:54,2,8,149.61
2026-08-20,HepatitisB,15.82,14:22:24,2,8,149.62
2026-08-20,HepatitisB,5.39,14:22:54,2,8,0.0
2026-08-20,HepatitisB,11.92,14:23:24,2,8,149.64
2026-08-20,HepatitisB,14.16,14:23:54,2,8,149.65
2026-08-20,HepatitisB,12.59,14:24:24,2,8,149.66
2026-08-20,HepatitisB,6.58,14:24:54,2,8,0.0
2026-08-20,HepatitisB,2.14,14:25:24,2,8,0.0
2026-08-20,HepatitisB,17.56,14:25:54,2,8,149.7
2026-08-20,HepatitisB,3.01,14:26:24,2,8,0.0
2026-08-20,HepatitisB,11.23,14:26:54,2,8,149.72
2026-08-20,HepatitisB,15.79,14:27:24,2,8,149.73
2026-08-20,HepatitisB,16.1,14:27:54,2,8,149.74
2026-08-20,HepatitisB,2.4,14:28:24,2,8,0.0
2026-08-20,HepatitisB,12.3,14:28:54,2,8,149.76
2026-08-20,HepatitisB,17.62,14:29:24,2,8,149.77
2026-08-20,HepatitisB,4.23,14:29:54,2,8,0.0
2026-08-20,HepatitisB,2.39,14:30:24,2,8,0.0
2026-08-20,HepatitisB,4.69,14:30:54,2,8,0.0
2026-08-20,HepatitisB,13.71,14:31:24,2,8,149.81
2026-08-20,HepatitisB,13.27,14:31:54,2,8,149.83
2026-08-20,HepatitisB,13.08,14:32:24,2,8,149.84
2026-08-20,HepatitisB,6.54,14:32:54,2,8,0.0
2026-08-20,HepatitisB,9.33,14:33:24,2,8,149.86
2026-08-20,HepatitisB,10.9,14:33:54,2,8,149.87
2026-08-20,HepatitisB,13.78,14:34:24,2,8,149.88
2026-08-20,HepatitisB,3.42,14:34:54,2,8,0.0
2026-08-20,HepatitisB,10.09,14:35:24,2,8,149.9
2026-08-20,HepatitisB,11.7,14:35:54,2,8,149.91
2026-08-20,HepatitisB,12.69,14:36:24,2,8,149.92
2026-08-20,HepatitisB,17.81,14:36:54,2,8,149.93
2026-08-20,HepatitisB,10.2,14:37:24,2,8,149.94
2026-08-20,HepatitisB,17.25,14:37:54,2,8,149.95
2026-08-20,HepatitisB,10.3,14:38:24,2,8,149.97
2026-08-20,HepatitisB,14.34,14:38:54,2,8,149.98
2026-08-20,HepatitisB,10.2,14:39:24,2,8,149.99
2026-08-20,HepatitisB,15.33,14:39:54,2,8,150.0
2026-08-20,HepatitisB,9.07,14:40:24,2,8,150.01
2026-08-20,HepatitisB,4.2,14:40:54,2,8,0.0
2026-08-20,HepatitisB,10.65,14:41:24,2,8,150.03
2026-08-20,HepatitisB,3.48,14:41:54,2,8,0.0
2026-08-20,HepatitisB,14.87,14:42:24,2,8,150.05
2026-08-20,HepatitisB,15.91,14:42:54,2,8,150.06
2026-08-20,HepatitisB,15.99,14:43:24,2,8,150.07
2026-08-20,HepatitisB,11.52,14:43:54,2,8,150.09
2026-08-20,HepatitisB,16.43,14:44:24,2,8,150.1
2026-08-20,HepatitisB,12.59,14:44:54,2,8,150.11
2026-08-20,HepatitisB,16.81,14:45:24,2,8,150.12
2026-08-20,HepatitisB,16.34,14:45:54,2,8,150.13
2026-08-20,HepatitisB,11.5,14:46:24,2,8,150.14
2026-08-20,HepatitisB,3.65,14:46:54,2,8,0.0
2026-08-20,HepatitisB,13.81,14:47:24,2,8,150.16
2026-08-20,HepatitisB,9.8,14:47:54,2,8,150.17
2026-08-20,HepatitisB,12.4,14:48:24,2,8,150.18
2026-08-20,HepatitisB,16.46,14:48:54,2,8,150.19
2026-08-20,HepatitisB,14.22,14:49:24,2,8,150.2
2026-08-20,HepatitisB,6.43,14:49:54,2,8,0.0
2026-08-20,HepatitisB,13.07,14:50:24,2,8,150.23
2026-08-20,HepatitisB,3.0,14:50:54,2,8,0.0
2026-08-20,HepatitisB,11.97,14:51:24,2,8,150.25
2026-08-20,HepatitisB,14.95,14:51:54,2,8,150.26
2026-08-20,HepatitisB,4.79,14:52:24,2,8,0.0
2026-08-20,HepatitisB,12.16,14:52:54,2,8,150.28
2026-08-20,HepatitisB,15.23,14:53:24,2,8,150.29
2026-08-20,HepatitisB,6.26,14:53:54,2,8,0.0
2026-08-20,HepatitisB,13.7,14:54:24,2,8,150.31
2026-08-20,HepatitisB,3.96,14:54:54,2,8,0.0
2026-08-20,HepatitisB,11.56,14:55:24,2,8,150.33
2026-08-20,HepatitisB,10.98,14:55:54,2,8,150.34
2026-08-20,HepatitisB,5.29,14:56:24,2,8,0.0
2026-08-20,HepatitisB,16.91,14:56:54,2,8,150.37
2026-08-20,HepatitisB,12.86,14:57:24,2,8,150.38
2026-08-20,HepatitisB,17.56,14:57:54,2,8,150.39
2026-08-20,HepatitisB,5.27,14:58:24,2,8,0.0
2026-08-20,HepatitisB,6.14,14:58:54,2,8,0.0
2026-08-20,HepatitisB,15.41,14:59:24,2,8,150.42
2026-08-20,HepatitisB,4.12,14:59:54,2,8,0.0
2026-08-20,HepatitisB,3.75,15:00:24,2,8,0.0
2026-08-20,HepatitisB,16.28,15:00:54,2,8,150.45
2026-08-20,HepatitisB,14.93,15:01:24,2,8,150.46
2026-08-20,HepatitisB,13.82,15:01:54,2,8,150.47
2026-08-20,HepatitisB,10.93,15:02:24,2,8,150.49
2026-08-20,HepatitisB,12.67,15:02:54,2,8,150.5
2026-08-20,HepatitisB,4.11,15:03:24,2,8,0.0
2026-08-20,HepatitisB,9.57,15:03:54,2,8,150.52
2026-08-20,HepatitisB,15.44,15:04:24,2,8,150.53
2026-08-20,HepatitisB,15.15,15:04:54,2,8,150.54
2026-08-20,HepatitisB,15.01,15:05:24,2,8,150.55
2026-08-20,HepatitisB,16.6,15:05:54,2,8,150.56
2026-08-20,HepatitisB,2.58,15:06:24,2,8,0.0
2026-08-20,HepatitisB,12.59,15:06:54,2,8,150.58
2026-08-20,HepatitisB,11.53,15:07:24,2,8,150.59
2026-08-20,HepatitisB,11.08,15:07:54,2,8,150.6
2026-08-20,HepatitisB,17.33,15:08:24,2,8,150.62
2026-08-20,HepatitisB,10.99,15:08:54,2,8,150.63
2026-08-20,HepatitisB,5.34,15:09:24,2,8,0.0
2026-08-20,HepatitisB,12.63,15:09:54,2,8,150.65
2026-08-20,HepatitisB,10.11,15:10:24,2,8,150.66
2026-08-20,HepatitisB,14.77,15:10:54,2,8,150.67
2026-08-20,HepatitisB,15.68,15:11:24,2,8,150.68
2026-08-20,HepatitisB,6.01,15:11:54,2,8,0.0
2026-08-20,HepatitisB,15.34,15:12:24,2,8,150.7
2026-08-20,HepatitisB,16.83,15:12:54,2,8,150.71
2026-08-20,HepatitisB,6.75,15:13:24,2,8,0.0
2026-08-20,HepatitisB,14.16,15:13:54,2,8,150.74
2026-08-20,HepatitisB,6.2,15:14:24,2,8,0.0
2026-08-20,HepatitisB,2.37,15:14:54,2,8,0.0
2026-08-20,HepatitisB,13.68,15:15:24,2,8,150.77
2026-08-20,HepatitisB,11.05,15:15:54,2,8,150.78
2026-08-20,HepatitisB,4.46,15:16:24,2,8,0.0
2026-08-20,HepatitisB,3.36,15:16:54,2,8,0.0
2026-08-20,HepatitisB,9.28,15:17:24,2,8,150.81
2026-08-20,HepatitisB,11.63,15:17:54,2,8,150.82
2026-08-20,HepatitisB,11.86,15:18:24,2,8,150.83
2026-08-20,HepatitisB,16.36,15:18:54,2,8,150.84
2026-08-20,HepatitisB,10.23,15:19:24,2,8,150.85
2026-08-20,HepatitisB,7.56,15:19:54,2,8,0.0
2026-08-20,HepatitisB,17.46,15:20:24,2,8,150.88
2026-08-20,HepatitisB,4.07,15:20:54,2,8,0.0
2026-08-20,HepatitisB,15.79,15:21:24,2,8,150.9
2026-08-20,HepatitisB,11.21,15:21:54,2,8,150.91
2026-08-20,HepatitisB,12.91,15:22:24,2,8,150.92
2026-08-20,HepatitisB,3.07,15:22:54,2,8,0.0
2026-08-20,HepatitisB,15.68,15:23:24,2,8,150.94
2026-08-20,HepatitisB,11.76,15:23:54,2,8,150.95
2026-08-20,HepatitisB,9.91,15:24:24,2,8,150.96
2026-08-20,HepatitisB,7.47,15:24:54,2,8,0.0
2026-08-20,HepatitisB,14.39,15:25:24,2,8,150.98
2026-08-20,HepatitisB,17.82,15:25:54,2,8,151.0
2026-08-20,HepatitisB,16.25,15:26:24,2,8,151.01
2026-08-20,HepatitisB,4.83,15:26:54,2,8,0.0
2026-08-20,HepatitisB,9.18,15:27:24,2,8,151.03
2026-08-20,HepatitisB,11.64,15:27:54,2,8,151.04
2026-08-20,HepatitisB,10.39,15:28:24,2,8,151.05
2026-08-20,HepatitisB,2.59,15:28:54,2,8,0.0
2026-08-20,HepatitisB,17.9,15:29:24,2,8,151.07
2026-08-20,HepatitisB,15.58,15:29:54,2,8,151.08
2026-08-20,HepatitisB,7.81,15:30:24,2,8,0.0
2026-08-20,HepatitisB,16.1,15:30:54,2,8,151.1
2026-08-20,HepatitisB,12.97,15:31:24,2,8,151.11
2026-08-20,HepatitisB,13.48,15:31:54,2,8,151.12
2026-08-20,HepatitisB,6.0,15:32:24,2,8,0.0
2026-08-20,HepatitisB,16.32,15:32:54,2,8,151.15
2026-08-20,HepatitisB,5.7,15:33:24,2,8,0.0
2026-08-20,HepatitisB,11.46,15:33:54,2,8,151.17
2026-08-20,HepatitisB,5.16,15:34:24,2,8,0.0
2026-08-20,HepatitisB,9.27,15:34:54,2,8,151.19
2026-08-20,HepatitisB,13.23,15:35:24,2,8,151.2
2026-08-20,HepatitisB,15.6,15:35:54,2,8,151.21
2026-08-20,HepatitisB,16.89,15:36:24,2,8,151.22
2026-08-20,HepatitisB,11.94,15:36:54,2,8,151.23
2026-08-20,HepatitisB,6.3,15:37:24,2,8,0.0
2026-08-20,HepatitisB,9.71,15:37:54,2,8,151.25
2026-08-20,HepatitisB,9.05,15:38:24,2,8,151.27
2026-08-20,HepatitisB,9.25,15:38:54,2,8,151.28
2026-08-20,HepatitisB,7.83,15:39:24,2,8,0.0
2026-08-20,HepatitisB,10.09,15:39:54,2,8,151.3
2026-08-20,HepatitisB,6.82,15:40:24,2,8,0.0
2026-08-20,HepatitisB,14.23,15:40:54,2,8,151.32
2026-08-20,HepatitisB,7.52,15:41:24,2,8,0.0
2026-08-20,HepatitisB,5.55,15:41:54,2,8,0.0
2026-08-20,HepatitisB,17.32,15:42:24,2,8,151.35
2026-08-20,HepatitisB,6.01,15:42:54,2,8,0.0
2026-08-20,HepatitisB,13.78,15:43:24,2,8,151.37
2026-08-20,HepatitisB,4.45,15:43:54,2,8,0.0
2026-08-20,HepatitisB,12.33,15:44:24,2,8,151.4
2026-08-20,HepatitisB,9.29,15:44:54,2,8,151.41
2026-08-20,HepatitisB,13.67,15:45:24,2,8,151.42
2026-08-20,HepatitisB,14.06,15:45:54,2,8,151.43
2026-08-20,HepatitisB,3.27,15:46:24,2,8,0.0
2026-08-20,HepatitisB,9.87,15:46:54,2,8,151.45
2026-08-20,HepatitisB,4.42,15:47:24,2,8,0.0
2026-08-20,HepatitisB,11.49,15:47:54,2,8,151.47
2026-08-20,HepatitisB,15.48,15:48:24,2,8,151.48
2026-08-20,HepatitisB,11.97,15:48:54,2,8,151.49
2026-08-20,HepatitisB,7.22,15:49:24,2,8,0.0
2026-08-20,HepatitisB,5.53,15:49:54,2,8,0.0
2026-08-20,HepatitisB,9.5,15:50:24,2,8,151.53
2026-08-20,HepatitisB,17.43,15:50:54,2,8,151.54
2026-08-20,HepatitisB,10.75,15:51:24,2,8,151.55
2026-08-20,HepatitisB,5.41,15:51:54,2,8,0.0
2026-08-20,HepatitisB,4.57,15:52:24,2,8,0.0
2026-08-20,HepatitisB,17.76,15:52:54,2,8,151.58
2026-08-20,HepatitisB,6.61,15:53:24,2,8,0.0
2026-08-20,HepatitisB,14.26,15:53:54,2,8,151.6
2026-08-20,HepatitisB,5.54,15:54:24,2,8,0.0
2026-08-20,HepatitisB,11.43,15:54:54,2,8,151.62
2026-08-20,HepatitisB,6.94,15:55:24,2,8,0.0
2026-08-20,HepatitisB,17.09,15:55:54,2,8,151.65
2026-08-20,HepatitisB,6.32,15:56:24,2,8,0.0
2026-08-20,HepatitisB,3.6,15:56:54,2,8,0.0
2026-08-20,HepatitisB,12.53,15:57:24,2,8,151.68
2026-08-20,HepatitisB,16.16,15:57:54,2,8,151.69
2026-08-20,HepatitisB,17.83,15:58:24,2,8,151.7
2026-08-20,HepatitisB,14.13,15:58:54,2,8,151.71
2026-08-20,HepatitisB,11.7,15:59:24,2,8,151.72
2026-08-20,HepatitisB,2.47,15:59:54,2,8,0.0
2026-08-20,HepatitisB,4.18,16:00:24,2,8,0.0
2026-08-20,HepatitisB,10.95,16:00:54,2,8,151.75
2026-08-20,HepatitisB,7.45,16:01:24,2,8,0.0
2026-08-20,HepatitisB,10.99,16:01:54,2,8,151.78
2026-08-20,HepatitisB,12.35,16:02:24,2,8,151.79
2026-08-20,HepatitisB,13.59,16:02:54,2,8,151.8
2026-08-20,HepatitisB,4.38,16:03:24,2,8,0.0
2026-08-20,HepatitisB,5.36,16:03:54,2,8,0.0
2026-08-20,HepatitisB,17.82,16:04:24,2,8,151.83
2026-08-20,HepatitisB,17.52,16:04:54,2,8,151.84
2026-08-20,HepatitisB,10.93,16:05:24,2,8,151.85
2026-08-20,HepatitisB,13.8,16:05:54,2,8,151.86
2026-08-20,HepatitisB,10.16,16:06:24,2,8,151.87
2026-08-20,HepatitisB,13.15,16:06:54,2,8,151.88
2026-08-20,HepatitisB,9.61,16:07:24,2,8,151.89
2026-08-20,HepatitisB,14.28,16:07:54,2,8,151.91
2026-08-20,HepatitisB,6.3,16:08:24,2,8,0.0
2026-08-20,HepatitisB,14.3,16:08:54,2,8,151.93
2026-08-20,HepatitisB,9.83,16:09:24,2,8,151.94
2026-08-20,HepatitisB,10.47,16:09:54,2,8,151.95
2026-08-20,HepatitisB,7.46,16:10:24,2,8,0.0
2026-08-20,HepatitisB,6.05,16:10:54,2,8,0.0
2026-08-20,HepatitisB,3.1,16:11:24,2,8,0.0
2026-08-20,HepatitisB,2.37,16:11:54,2,8,0.0
2026-08-20,HepatitisB,11.78,16:12:24,2,8,152.0
2026-08-20,HepatitisB,17.65,16:12:54,2,8,152.01
2026-08-20,HepatitisB,16.05,16:13:24,2,8,152.02
2026-08-20,HepatitisB,11.12,16:13:54,2,8,152.03
2026-08-20,HepatitisB,12.36,16:14:24,2,8,152.05
2026-08-20,HepatitisB,5.6,16:14:54,2,8,0.0
2026-08-20,HepatitisB,12.15,16:15:24,2,8,152.07
2026-08-20,HepatitisB,9.14,16:15:54,2,8,152.08
2026-08-20,HepatitisB,12.3,16:16:24,2,8,152.09
2026-08-20,HepatitisB,6.31,16:16:54,2,8,0.0
2026-08-20,HepatitisB,5.38,16:17:24,2,8,0.0
2026-08-20,HepatitisB,9.43,16:17:54,2,8,152.12
2026-08-20,HepatitisB,7.64,16:18:24,2,8,0.0
2026-08-20,HepatitisB,14.12,16:18:54,2,8,152.14
2026-08-20,HepatitisB,9.36,16:19:24,2,8,152.15
2026-08-20,HepatitisB,3.46,16:19:54,2,8,0.0
2026-08-20,HepatitisB,5.93,16:20:24,2,8,0.0
2026-08-20,HepatitisB,17.31,16:20:54,2,8,152.19
2026-08-20,HepatitisB,2.29,16:21:24,2,8,0.0
2026-08-20,HepatitisB,14.7,16:21:54,2,8,152.21
2026-08-20,HepatitisB,17.4,16:22:24,2,8,152.22
2026-08-20,HepatitisB,17.65,16:22:54,2,8,152.23
2026-08-20,HepatitisB,12.99,16:23:24,2,8,152.24
2026-08-20,HepatitisB,16.36,16:23:54,2,8,152.25
2026-08-20,HepatitisB,12.62,16:24:24,2,8,152.26
2026-08-20,HepatitisB,10.55,16:24:54,2,8,152.27
2026-08-20,HepatitisB,17.46,16:25:24,2,8,152.28
2026-08-20,HepatitisB,14.61,16:25:54,2,8,152.3
2026-08-20,HepatitisB,14.8,16:26:24,2,8,152.31
2026-08-20,HepatitisB,13.91,16:26:54,2,8,152.32
2026-08-20,HepatitisB,14.04,16:27:24,2,8,152.33
2026-08-20,HepatitisB,14.77,16:27:54,2,8,152.34
2026-08-20,HepatitisB,14.13,16:28:24,2,8,152.35
2026-08-20,HepatitisB,10.07,16:28:54,2,8,152.36
2026-08-20,HepatitisB,17.86,16:29:24,2,8,152.37
2026-08-20,HepatitisB,16.58,16:29:54,2,8,152.38
2026-08-20,HepatitisB,5.75,16:30:24,2,8,0.0
2026-08-20,HepatitisB,13.89,16:30:54,2,8,152.4
2026-08-20,HepatitisB,3.74,16:31:24,2,8,0.0
2026-08-20,HepatitisB,10.37,16:31:54,2,8,152.43
2026-08-20,HepatitisB,11.21,16:32:24,2,8,152.44
2026-08-20,HepatitisB,9.57,16:32:54,2,8,152.45
2026-08-20,HepatitisB,9.48,16:33:24,2,8,152.46
2026-08-20,HepatitisB,17.85,16:33:54,2,8,152.47
2026-08-20,HepatitisB,17.1,16:34:24,2,8,152.48
2026-08-20,HepatitisB,5.28,16:34:54,2,8,0.0
2026-08-20,HepatitisB,13.64,16:35:24,2,8,152.5
2026-08-20,HepatitisB,17.02,16:35:54,2,8,152.51
2026-08-20,HepatitisB,10.23,16:36:24,2,8,152.52
2026-08-20,HepatitisB,9.24,16:36:54,2,8,152.53
2026-08-20,HepatitisB,13.44,16:37:24,2,8,152.54
2026-08-20,HepatitisB,11.11,16:37:54,2,8,152.56
2026-08-20,HepatitisB,3.3,16:38:24,2,8,0.0
2026-08-20,HepatitisB,4.64,16:38:54,2,8,0.0
2026-08-20,HepatitisB,6.03,16:39:24,2,8,0.0
2026-08-20,HepatitisB,11.62,16:39:54,2,8,152.6
2026-08-20,HepatitisB,17.65,16:40:24,2,8,152.61
2026-08-20,HepatitisB,11.39,16:40:54,2,8,152.62
2026-08-20,HepatitisB,12.06,16:41:24,2,8,152.63
2026-08-20,HepatitisB,17.21,16:41:54,2,8,152.64
2026-08-20,HepatitisB,7.36,16:42:24,2,8,0.0
2026-08-20,HepatitisB,16.59,16:42:54,2,8,152.66
2026-08-20,HepatitisB,5.43,16:43:24,2,8,0.0
2026-08-20,HepatitisB,15.31,16:43:54,2,8,152.69
2026-08-20,HepatitisB,16.25,16:44:24,2,8,152.7
2026-08-20,HepatitisB,9.15,16:44:54,2,8,152.71
2026-08-20,HepatitisB,17.59,16:45:24,2,8,152.72
2026-08-20,HepatitisB,14.87,16:45:54,2,8,152.73
2026-08-20,HepatitisB,2.73,16:46:24,2,8,0.0
2026-08-20,HepatitisB,10.47,16:46:54,2,8,152.75
2026-08-20,HepatitisB,12.33,16:47:24,2,8,152.76
2026-08-20,HepatitisB,15.81,16:47:54,2,8,152.77
2026-08-20,HepatitisB,14.86,16:48:24,2,8,152.78
2026-08-20,HepatitisB,16.7,16:48:54,2,8,152.79
2026-08-20,HepatitisB,15.76,16:49:24,2,8,152.8
2026-08-20,HepatitisB,15.94,16:49:54,2,8,152.81
2026-08-20,HepatitisB,14.69,16:50:24,2,8,152.83
2026-08-20,HepatitisB,5.65,16:50:54,2,8,0.0
2026-08-20,HepatitisB,9.33,16:51:24,2,8,152.85
2026-08-20,HepatitisB,4.29,16:51:54,2,8,0.0
2026-08-20,HepatitisB,15.87,16:52:24,2,8,152.87
2026-08-20,HepatitisB,2.97,16:52:54,2,8,0.0
2026-08-20,HepatitisB,3.89,16:53:24,2,8,0.0
2026-08-20,HepatitisB,17.6,16:53:54,2,8,152.9
2026-08-20,HepatitisB,16.2,16:54:24,2,8,152.91
2026-08-20,HepatitisB,7.71,16:54:54,2,8,0.0
2026-08-20,HepatitisB,5.18,16:55:24,2,8,0.0
2026-08-20,HepatitisB,14.09,16:55:54,2,8,152.95
2026-08-20,HepatitisB,6.58,16:56:24,2,8,0.0
2026-08-20,HepatitisB,13.05,16:56:54,2,8,152.97
2026-08-20,HepatitisB,17.32,16:57:24,2,8,152.98
2026-08-20,HepatitisB,7.37,16:57:54,2,8,0.0
2026-08-20,HepatitisB,15.65,16:58:24,2,8,153.0
2026-08-20,HepatitisB,17.37,16:58:54,2,8,153.01
2026-08-20,HepatitisB,7.68,16:59:24,2,8,0.0
2026-08-20,HepatitisB,3.96,16:59:54,2,8,0.0
2026-08-20,HepatitisB,2.58,17:00:24,2,8,0.0
2026-08-20,HepatitisB,16.3,17:00:54,2,8,153.05
2026-08-20,HepatitisB,15.04,17:01:24,2,8,153.06
2026-08-20,HepatitisB,10.35,17:01:54,2,8,153.08
2026-08-20,HepatitisB,17.98,17:02:24,2,8,153.09
2026-08-20,HepatitisB,14.71,17:02:54,2,8,153.1
2026-08-20,HepatitisB,6.01,17:03:24,2,8,0.0
2026-08-20,HepatitisB,16.23,17:03:54,2,8,153.12
2026-08-20,HepatitisB,10.08,17:04:24,2,8,153.13
2026-08-20,HepatitisB,9.39,17:04:54,2,8,153.14
2026-08-20,HepatitisB,15.5,17:05:24,2,8,153.15
2026-08-20,HepatitisB,15.61,17:05:54,2,8,153.16
2026-08-20,HepatitisB,10.32,17:06:24,2,8,153.17
2026-08-20,HepatitisB,16.57,17:06:54,2,8,153.18
2026-08-20,HepatitisB,15.64,17:07:24,2,8,153.19
2026-08-20,HepatitisB,17.35,17:07:54,2,8,153.2
2026-08-20,HepatitisB,10.09,17:08:24,2,8,153.22
2026-08-20,HepatitisB,15.58,17:08:54,2,8,153.23
2026-08-20,HepatitisB,15.78,17:09:24,2,8,153.24
2026-08-20,HepatitisB,9.79,17:09:54,2,8,153.25
2026-08-20,HepatitisB,9.93,17:10:24,2,8,153.26
2026-08-20,HepatitisB,17.75,17:10:54,2,8,153.27
2026-08-20,HepatitisB,15.38,17:11:24,2,8,153.28
2026-08-20,HepatitisB,6.94,17:11:54,2,8,0.0
2026-08-20,HepatitisB,11.36,17:12:24,2,8,153.3
2026-08-20,HepatitisB,17.27,17:12:54,2,8,153.31
2026-08-20,HepatitisB,3.11,17:13:24,2,8,0.0
2026-08-20,HepatitisB,15.86,17:13:54,2,8,153.34
2026-08-20,HepatitisB,14.03,17:14:24,2,8,153.35
2026-08-20,HepatitisB,15.58,17:14:54,2,8,153.36
2026-08-20,HepatitisB,15.36,17:15:24,2,8,153.37
2026-08-20,HepatitisB,7.03,17:15:54,2,8,0.0
2026-08-20,HepatitisB,4.95,17:16:24,2,8,0.0
2026-08-20,HepatitisB,14.18,17:16:54,2,8,153.4
2026-08-20,HepatitisB,7.52,17:17:24,2,8,0.0
2026-08-20,HepatitisB,5.12,17:17:54,2,8,0.0
2026-08-20,HepatitisB,17.07,17:18:24,2,8,153.43
2026-08-20,HepatitisB,4.11,17:18:54,2,8,0.0
2026-08-20,HepatitisB,2.51,17:19:24,2,8,0.0
2026-08-20,HepatitisB,16.2,17:19:54,2,8,153.47
2026-08-20,HepatitisB,10.73,17:20:24,2,8,153.48
2026-08-20,HepatitisB,5.41,17:20:54,2,8,0.0
2026-08-20,HepatitisB,7.24,17:21:24,2,8,0.0
2026-08-20,HepatitisB,13.52,17:21:54,2,8,153.51
2026-08-20,HepatitisB,11.8,17:22:24,2,8,153.52
2026-08-20,HepatitisB,15.27,17:22:54,2,8,153.53
2026-08-20,HepatitisB,2.66,17:23:24,2,8,0.0
2026-08-20,HepatitisB,12.87,17:23:54,2,8,153.55
2026-08-20,HepatitisB,14.67,17:24:24,2,8,153.56
2026-08-20,HepatitisB,7.33,17:24:54,2,8,0.0
2026-08-20,HepatitisB,11.72,17:25:24,2,8,153.58
2026-08-20,HepatitisB,3.17,17:25:54,2,8,0.0
2026-08-20,HepatitisB,7.67,17:26:24,2,8,0.0
2026-08-20,HepatitisB,12.38,17:26:54,2,8,153.62
2026-08-20,HepatitisB,11.22,17:27:24,2,8,153.63
2026-08-20,HepatitisB,10.24,17:27:54,2,8,153.64
2026-08-20,HepatitisB,17.48,17:28:24,2,8,153.65
2026-08-20,HepatitisB,12.66,17:28:54,2,8,153.66
2026-08-20,HepatitisB,11.47,17:29:24,2,8,153.67
2026-08-20,HepatitisB,11.61,17:29:54,2,8,153.68
2026-08-20,HepatitisB,14.75,17:30:24,2,8,153.69
2026-08-20,HepatitisB,6.44,17:30:54,2,8,0.0
2026-08-20,HepatitisB,11.69,17:31:24,2,8,153.71
2026-08-20,HepatitisB,12.81,17:31:54,2,8,153.72
2026-08-20,HepatitisB,14.89,17:32:24,2,8,153.74
2026-08-20,HepatitisB,12.08,17:32:54,2,8,153.75
2026-08-20,HepatitisB,14.09,17:33:24,2,8,153.76
2026-08-20,HepatitisB,14.19,17:33:54,2,8,153.77
2026-08-20,HepatitisB,15.61,17:34:24,2,8,153.78
2026-08-20,HepatitisB,6.71,17:34:54,2,8,0.0
2026-08-20,HepatitisB,2.01,17:35:24,2,8,0.0
2026-08-20,HepatitisB,16.05,17:35:54,2,8,153.81
2026-08-20,HepatitisB,15.89,17:36:24,2,8,153.82
2026-08-20,HepatitisB,4.43,17:36:54,2,8,0.0
2026-08-20,HepatitisB,13.5,17:37:24,2,8,153.84
2026-08-20,HepatitisB,14.95,17:37:54,2,8,153.85
2026-08-20,HepatitisB,13.78,17:38:24,2,8,153.87
2026-08-20,HepatitisB,14.86,17:38:54,2,8,153.88
2026-08-20,HepatitisB,7.32,17:39:24,2,8,0.0
2026-08-20,HepatitisB,14.36,17:39:54,2,8,153.9
2026-08-20,HepatitisB,4.26,17:40:24,2,8,0.0
2026-08-20,HepatitisB,2.39,17:40:54,2,8,0.0
2026-08-20,HepatitisB,2.06,17:41:24,2,8,0.0
2026-08-20,HepatitisB,2.18,17:41:54,2,8,0.0
2026-08-20,HepatitisB,17.42,17:42:24,2,8,153.95
2026-08-20,HepatitisB,6.69,17:42:54,2,8,0.0
2026-08-20,HepatitisB,7.68,17:43:24,2,8,0.0
2026-08-20,HepatitisB,9.09,17:43:54,2,8,153.99
2026-08-20,HepatitisB,17.03,17:44:24,2,8,154.0
2026-08-20,HepatitisB,14.41,17:44:54,2,8,154.01
2026-08-20,HepatitisB,9.25,17:45:24,2,8,154.02
2026-08-20,HepatitisB,12.38,17:45:54,2,8,154.03
2026-08-20,HepatitisB,3.92,17:46:24,2,8,0.0
2026-08-20,HepatitisB,17.83,17:46:54,2,8,154.05
2026-08-20,HepatitisB,7.75,17:47:24,2,8,0.0
2026-08-20,HepatitisB,5.48,17:47:54,2,8,0.0
2026-08-20,HepatitisB,16.94,17:48:24,2,8,154.08
2026-08-20,HepatitisB,12.21,17:48:54,2,8,154.09
2026-08-20,HepatitisB,10.14,17:49:24,2,8,154.1
2026-08-20,HepatitisB,15.54,17:49:54,2,8,154.12
2026-08-20,HepatitisB,10.31,17:50:24,2,8,154.13
2026-08-20,HepatitisB,13.72,17:50:54,2,8,154.14
2026-08-20,HepatitisB,16.99,17:51:24,2,8,154.15
2026-08-20,HepatitisB,12.0,17:51:54,2,8,154.16
2026-08-20,HepatitisB,9.44,17:52:24,2,8,154.17
2026-08-20,HepatitisB,7.4,17:52:54,2,8,0.0
2026-08-20,HepatitisB,17.81,17:53:24,2,8,154.19
2026-08-20,HepatitisB,13.27,17:53:54,2,8,154.2
2026-08-20,HepatitisB,3.35,17:54:24,2,8,0.0
2026-08-20,HepatitisB,10.29,17:54:54,2,8,154.22
2026-08-20,HepatitisB,11.31,17:55:24,2,8,154.23
2026-08-20,HepatitisB,15.53,17:55:54,2,8,154.25
2026-08-20,HepatitisB,16.44,17:56:24,2,8,154.26
2026-08-20,HepatitisB,14.54,17:56:54,2,8,154.27
2026-08-20,HepatitisB,16.53,17:57:24,2,8,154.28
2026-08-20,HepatitisB,5.16,17:57:54,2,8,0.0
2026-08-20,HepatitisB,5.4,17:58:24,2,8,0.0
2026-08-20,HepatitisB,4.5,17:58:54,2,8,0.0
2026-08-20,HepatitisB,12.69,17:59:24,2,8,154.32
2026-08-20,HepatitisB,2.7,17:59:54,2,8,0.0
2026-08-20,HepatitisB,3.25,18:00:24,2,8,0.0
2026-08-20,HepatitisB,16.98,18:00:54,2,8,154.35
2026-08-20,HepatitisB,2.38,18:01:24,2,8,0.0
2026-08-20,HepatitisB,7.65,18:01:54,2,8,0.0
2026-08-20,HepatitisB,10.69,18:02:24,2,8,154.39
2026-08-20,HepatitisB,9.44,18:02:54,2,8,154.4
2026-08-20,HepatitisB,15.15,18:03:24,2,8,154.41
2026-08-20,HepatitisB,12.73,18:03:54,2,8,154.42
2026-08-20,HepatitisB,2.98,18:04:24,2,8,0.0
2026-08-20,HepatitisB,15.14,18:04:54,2,8,154.44
2026-08-20,HepatitisB,13.34,18:05:24,2,8,154.45
2026-08-20,HepatitisB,16.92,18:05:54,2,8,154.46
2026-08-20,HepatitisB,5.35,18:06:24,2,8,0.0
2026-08-20,HepatitisB,13.07,18:06:54,2,8,154.48
2026-08-20,HepatitisB,11.24,18:07:24,2,8,154.49
2026-08-20,HepatitisB,3.28,18:07:54,2,8,0.0
2026-08-20,HepatitisB,10.22,18:08:24,2,8,154.52
2026-08-20,HepatitisB,13.57,18:08:54,2,8,154.53
2026-08-20,HepatitisB,12.98,18:09:24,2,8,154.54
2026-08-20,HepatitisB,14.7,18:09:54,2,8,154.55
2026-08-20,HepatitisB,11.85,18:10:24,2,8,154.56
2026-08-20,HepatitisB,2.9,18:10:54,2,8,0.0
2026-08-20,HepatitisB,4.25,18:11:24,2,8,0.0
2026-08-20,HepatitisB,14.31,18:11:54,2,8,154.59
2026-08-20,HepatitisB,4.11,18:12:24,2,8,0.0
2026-08-20,HepatitisB,10.98,18:12:54,2,8,154.61
2026-08-20,HepatitisB,13.55,18:13:24,2,8,154.62
2026-08-20,HepatitisB,13.04,18:13:54,2,8,154.64
2026-08-20,HepatitisB,2.15,18:14:24,2,8,0.0
2026-08-20,HepatitisB,11.85,18:14:54,2,8,154.66
2026-08-20,HepatitisB,14.03,18:15:24,2,8,154.67
2026-08-20,HepatitisB,15.0,18:15:54,2,8,154.68
2026-08-20,HepatitisB,10.97,18:16:24,2,8,154.69
2026-08-20,HepatitisB,2.67,18:16:54,2,8,0.0
2026-08-20,HepatitisB,13.86,18:17:24,2,8,154.71
2026-08-20,HepatitisB,3.98,18:17:54,2,8,0.0
2026-08-20,HepatitisB,14.84,18:18:24,2,8,154.73
2026-08-20,HepatitisB,5.33,18:18:54,2,8,0.0
2026-08-20,HepatitisB,10.42,18:19:24,2,8,154.75
2026-08-20,HepatitisB,15.63,18:19:54,2,8,154.77
2026-08-20,HepatitisB,9.0,18:20:24,2,8,154.78
2026-08-20,HepatitisB,16.4,18:20:54,2,8,154.79
2026-08-20,HepatitisB,10.29,18:21:24,2,8,154.8
2026-08-20,HepatitisB,10.17,18:21:54,2,8,154.81
2026-08-20,HepatitisB,11.54,18:22:24,2,8,154.82
2026-08-20,HepatitisB,14.73,18:22:54,2,8,154.83
2026-08-20,HepatitisB,16.87,18:23:24,2,8,154.84
2026-08-20,HepatitisB,6.05,18:23:54,2,8,0.0
2026-08-20,HepatitisB,4.13,18:24:24,2,8,0.0
2026-08-20,HepatitisB,15.45,18:24:54,2,8,154.87
2026-08-20,HepatitisB,10.49,18:25:24,2,8,154.88
2026-08-20,HepatitisB,5.98,18:25:54,2,8,0.0
2026-08-20,HepatitisB,10.69,18:26:24,2,8,154.91
2026-08-20,HepatitisB,17.78,18:26:54,2,8,154.92
2026-08-20,HepatitisB,15.88,18:27:24,2,8,154.93
2026-08-20,HepatitisB,16.54,18:27:54,2,8,154.94
2026-08-20,HepatitisB,4.14,18:28:24,2,8,0.0
2026-08-20,HepatitisB,13.6,18:28:54,2,8,154.96
2026-08-20,HepatitisB,3.58,18:29:24,2,8,0.0
2026-08-20,HepatitisB,13.5,18:29:54,2,8,154.98
2026-08-20,HepatitisB,15.53,18:30:24,2,8,154.99
2026-08-20,HepatitisB,10.0,18:30:54,2,8,155.0
2026-08-20,HepatitisB,12.58,18:31:24,2,8,155.01
2026-08-20,HepatitisB,5.57,18:31:54,2,8,0.0
2026-08-20,HepatitisB,4.52,18:32:24,2,8,0.0
2026-08-20,HepatitisB,10.39,18:32:54,2,8,155.05
2026-08-20,HepatitisB,6.84,18:33:24,2,8,0.0
2026-08-20,HepatitisB,12.75,18:33:54,2,8,155.07
2026-08-20,HepatitisB,3.23,18:34:24,2,8,0.0
2026-08-20,HepatitisB,3.83,18:34:54,2,8,0.0
2026-08-20,HepatitisB,3.73,18:35:24,2,8,0.0
2026-08-20,HepatitisB,6.48,18:35:54,2,8,0.0
2026-08-20,HepatitisB,14.76,18:36:24,2,8,155.12
2026-08-20,HepatitisB,7.85,18:36:54,2,8,0.0
2026-08-20,HepatitisB,10.05,18:37:24,2,8,155.14
2026-08-20,HepatitisB,5.06,18:37:54,2,8,0.0
2026-08-20,HepatitisB,2.75,18:38:24,2,8,0.0
2026-08-20,HepatitisB,3.58,18:38:54,2,8,0.0
2026-08-20,HepatitisB,15.3,18:39:24,2,8,155.19
2026-08-20,HepatitisB,6.66,18:39:54,2,8,0.0
2026-08-20,HepatitisB,10.27,18:40:24,2,8,155.21
2026-08-20,HepatitisB,9.53,18:40:54,2,8,155.22
2026-08-20,HepatitisB,11.92,18:41:24,2,8,155.23
2026-08-20,HepatitisB,16.83,18:41:54,2,8,155.24
2026-08-20,HepatitisB,16.04,18:42:24,2,8,155.25
2026-08-20,HepatitisB,4.4,18:42:54,2,8,0.0
2026-08-20,HepatitisB,9.69,18:43:24,2,8,155.27
2026-08-20,HepatitisB,2.55,18:43:54,2,8,0.0
2026-08-20,HepatitisB,5.23,18:44:24,2,8,0.0
2026-08-20,HepatitisB,6.82,18:44:54,2,8,0.0
2026-08-20,HepatitisB,13.66,18:45:24,2,8,155.32
2026-08-20,HepatitisB,7.45,18:45:54,2,8,0.0
2026-08-20,HepatitisB,15.1,18:46:24,2,8,155.34
2026-08-20,HepatitisB,7.76,18:46:54,2,8,0.0
2026-08-20,HepatitisB,13.25,18:47:24,2,8,155.36
2026-08-20,HepatitisB,11.41,18:47:54,2,8,155.37
2026-08-20,HepatitisB,2.37,18:48:24,2,8,0.0
2026-08-20,HepatitisB,11.61,18:48:54,2,8,155.39
2026-08-20,HepatitisB,14.07,18:49:24,2,8,155.4
2026-08-20,HepatitisB,6.41,18:49:54,2,8,0.0
2026-08-20,HepatitisB,10.87,18:50:24,2,8,155.43
2026-08-20,HepatitisB,12.15,18:50:54,2,8,155.44
2026-08-20,HepatitisB,15.57,18:51:24,2,8,155.45
2026-08-20,HepatitisB,17.0,18:51:54,2,8,155.46
2026-08-20,HepatitisB,15.09,18:52:24,2,8,155.47
2026-08-20,HepatitisB,11.17,18:52:54,2,8,155.48
2026-08-20,HepatitisB,14.7,18:53:24,2,8,155.49
2026-08-20,HepatitisB,3.6,18:53:54,2,8,0.0
2026-08-20,HepatitisB,4.75,18:54:24,2,8,0.0
2026-08-20,HepatitisB,13.13,18:54:54,2,8,155.52
2026-08-20,HepatitisB,16.0,18:55:24,2,8,155.53
2026-08-20,HepatitisB,2.16,18:55:54,2,8,0.0
2026-08-20,HepatitisB,10.69,18:56:24,2,8,155.56
2026-08-20,HepatitisB,9.97,18:56:54,2,8,155.57
2026-08-20,HepatitisB,13.43,18:57:24,2,8,155.58
2026-08-20,HepatitisB,9.13,18:57:54,2,8,155.59
2026-08-20,HepatitisB,11.26,18:58:24,2,8,155.6
2026-08-20,HepatitisB,14.96,18:58:54,2,8,155.61
2026-08-20,HepatitisB,7.06,18:59:24,2,8,0.0
2026-08-20,HepatitisB,12.65,18:59:54,2,8,155.63
2026-08-20,HepatitisB,7.81,19:00:24,2,8,0.0
2026-08-20,HepatitisB,17.27,19:00:54,2,8,155.65
2026-08-20,HepatitisB,10.51,19:01:24,2,8,155.66
2026-08-20,HepatitisB,12.18,19:01:54,2,8,155.68
2026-08-20,HepatitisB,12.59,19:02:24,2,8,155.69
2026-08-20,HepatitisB,9.76,19:02:54,2,8,155.7
2026-08-20,HepatitisB,11.45,19:03:24,2,8,155.71
2026-08-20,HepatitisB,9.7,19:03:54,2,8,155.72
2026-08-20,HepatitisB,10.93,19:04:24,2,8,155.73
2026-08-20,HepatitisB,17.26,19:04:54,2,8,155.74
2026-08-20,HepatitisB,5.12,19:05:24,2,8,0.0
2026-08-20,HepatitisB,2.26,19:05:54,2,8,0.0
2026-08-20,HepatitisB,6.78,19:06:24,2,8,0.0
2026-08-20,HepatitisB,3.65,19:06:54,2,8,0.0
2026-08-20,HepatitisB,12.13,19:07:24,2,8,155.79
2026-08-20,HepatitisB,13.7,19:07:54,2,8,155.81
2026-08-20,HepatitisB,11.46,19:08:24,2,8,155.82
2026-08-20,HepatitisB,13.66,19:08:54,2,8,155.83
2026-08-20,HepatitisB,12.49,19:09:24,2,8,155.84
2026-08-20,HepatitisB,13.55,19:09:54,2,8,155.85
2026-08-20,HepatitisB,5.64,19:10:24,2,8,0.0
2026-08-20,HepatitisB,13.69,19:10:54,2,8,155.87
2026-08-20,HepatitisB,10.05,19:11:24,2,8,155.88
2026-08-20,HepatitisB,17.26,19:11:54,2,8,155.89
2026-08-20,HepatitisB,15.86,19:12:24,2,8,155.9
2026-08-20,HepatitisB,13.79,19:12:54,2,8,155.91
2026-08-20,HepatitisB,11.18,19:13:24,2,8,155.92
2026-08-20,HepatitisB,3.42,19:13:54,2,8,0.0
2026-08-20,HepatitisB,14.97,19:14:24,2,8,155.95
2026-08-20,HepatitisB,14.17,19:14:54,2,8,155.96
2026-08-20,HepatitisB,11.32,19:15:24,2,8,155.97
2026-08-20,HepatitisB,6.03,19:15:54,2,8,0.0
2026-08-20,HepatitisB,11.78,19:16:24,2,8,155.99
2026-08-20,HepatitisB,12.65,19:16:54,2,8,156.0
2026-08-20,HepatitisB,9.29,19:17:24,2,8,156.01
2026-08-20,HepatitisB,14.34,19:17:54,2,8,156.02
2026-08-20,HepatitisB,13.9,19:18:24,2,8,156.03
2026-08-20,HepatitisB,15.27,19:18:54,2,8,156.04
2026-08-20,HepatitisB,5.84,19:19:24,2,8,0.0
2026-08-20,HepatitisB,14.87,19:19:54,2,8,156.06
2026-08-20,HepatitisB,2.06,19:20:24,2,8,0.0
2026-08-20,HepatitisB,5.41,19:20:54,2,8,0.0
2026-08-20,HepatitisB,9.87,19:21:24,2,8,156.1
2026-08-20,HepatitisB,18.0,19:21:54,2,8,156.11
2026-08-20,HepatitisB,3.33,19:22:24,2,8,0.0
2026-08-20,HepatitisB,4.7,19:22:54,2,8,0.0
2026-08-20,HepatitisB,4.38,19:23:24,2,8,0.0
2026-08-20,HepatitisB,9.51,19:23:54,2,8,156.15
2026-08-20,HepatitisB,13.22,19:24:24,2,8,156.16
2026-08-20,HepatitisB,9.62,19:24:54,2,8,156.17
2026-08-20,HepatitisB,10.57,19:25:24,2,8,156.18
2026-08-20,HepatitisB,6.27,19:25:54,2,8,0.0
2026-08-20,HepatitisB,5.15,19:26:24,2,8,0.0
2026-08-20,HepatitisB,14.02,19:26:54,2,8,156.22
2026-08-20,HepatitisB,15.76,19:27:24,2,8,156.23
2026-08-20,HepatitisB,11.58,19:27:54,2,8,156.24
2026-08-20,HepatitisB,14.16,19:28:24,2,8,156.25
2026-08-20,HepatitisB,12.48,19:28:54,2,8,156.26
2026-08-20,HepatitisB,17.82,19:29:24,2,8,156.27
2026-08-20,HepatitisB,9.41,19:29:54,2,8,156.28
2026-08-20,HepatitisB,2.82,19:30:24,2,8,0.0
2026-08-20,HepatitisB,7.13,19:30:54,2,8,0.0
2026-08-20,HepatitisB,10.42,19:31:24,2,8,156.31
2026-08-20,HepatitisB,12.79,19:31:54,2,8,156.33
2026-08-20,HepatitisB,2.59,19:32:24,2,8,0.0
2026-08-20,HepatitisB,6.12,19:32:54,2,8,0.0
2026-08-20,HepatitisB,4.47,19:33:24,2,8,0.0
2026-08-20,HepatitisB,7.62,19:33:54,2,8,0.0
2026-08-20,HepatitisB,16.43,19:34:24,2,8,156.38
2026-08-20,HepatitisB,16.15,19:34:54,2,8,156.39
2026-08-20,HepatitisB,10.27,19:35:24,2,8,156.4
2026-08-20,HepatitisB,4.64,19:35:54,2,8,0.0
2026-08-20,HepatitisB,12.79,19:36:24,2,8,156.42
2026-08-20,HepatitisB,11.73,19:36:54,2,8,156.43
2026-08-20,HepatitisB,15.85,19:37:24,2,8,156.44
2026-08-20,HepatitisB,9.47,19:37:54,2,8,156.45
2026-08-20,HepatitisB,11.58,19:38:24,2,8,156.47
2026-08-20,HepatitisB,14.49,19:38:54,2,8,156.48
2026-08-20,HepatitisB,6.0,19:39:24,2,8,0.0
2026-08-20,HepatitisB,13.21,19:39:54,2,8,156.5
2026-08-20,HepatitisB,6.85,19:40:24,2,8,0.0
2026-08-20,HepatitisB,13.27,19:40:54,2,8,156.52
2026-08-20,HepatitisB,16.75,19:41:24,2,8,156.53
2026-08-20,HepatitisB,13.9,19:41:54,2,8,156.54
2026-08-20,HepatitisB,4.41,19:42:24,2,8,0.0
2026-08-20,HepatitisB,6.08,19:42:54,2,8,0.0
2026-08-20,HepatitisB,9.35,19:43:24,2,8,156.57
2026-08-20,HepatitisB,9.36,19:43:54,2,8,156.59
2026-08-20,HepatitisB,14.26,19:44:24,2,8,156.6
2026-08-20,HepatitisB,17.38,19:44:54,2,8,156.61
2026-08-20,HepatitisB,3.22,19:45:24,2,8,0.0
2026-08-20,HepatitisB,12.39,19:45:54,2,8,156.63
2026-08-20,HepatitisB,7.56,19:46:24,2,8,0.0
2026-08-20,HepatitisB,9.89,19:46:54,2,8,156.65
2026-08-20,HepatitisB,16.47,19:47:24,2,8,156.66
2026-08-20,HepatitisB,17.1,19:47:54,2,8,156.67
2026-08-20,HepatitisB,12.64,19:48:24,2,8,156.68
2026-08-20,HepatitisB,4.07,19:48:54,2,8,0.0
2026-08-20,HepatitisB,11.41,19:49:24,2,8,156.7
2026-08-20,HepatitisB,6.2,19:49:54,2,8,0.0
2026-08-20,HepatitisB,2.27,19:50:24,2,8,0.0
2026-08-20,HepatitisB,3.94,19:50:54,2,8,0.0
2026-08-20,HepatitisB,11.74,19:51:24,2,8,156.75
2026-08-20,HepatitisB,17.3,19:51:54,2,8,156.76
2026-08-20,HepatitisB,11.02,19:52:24,2,8,156.77
2026-08-20,HepatitisB,14.69,19:52:54,2,8,156.78
2026-08-20,HepatitisB,17.0,19:53:24,2,8,156.79
2026-08-20,HepatitisB,14.99,19:53:54,2,8,156.8
2026-08-20,HepatitisB,17.54,19:54:24,2,8,156.81
2026-08-20,HepatitisB,10.73,19:54:54,2,8,156.82
2026-08-20,HepatitisB,13.33,19:55:24,2,8,156.83
2026-08-20,HepatitisB,6.91,19:55:54,2,8,0.0
2026-08-20,HepatitisB,14.65,19:56:24,2,8,156.86
2026-08-20,HepatitisB,16.62,19:56:54,2,8,156.87
2026-08-20,HepatitisB,5.2,19:57:24,2,8,0.0
2026-08-20,HepatitisB,3.52,19:57:54,2,8,0.0
2026-08-20,HepatitisB,14.36,19:58:24,2,8,156.9
2026-08-20,HepatitisB,5.9,19:58:54,2,8,0.0
2026-08-20,HepatitisB,17.94,19:59:24,2,8,156.92
2026-08-20,HepatitisB,7.88,19:59:54,2,8,0.0
2026-08-20,HepatitisB,10.98,20:00:24,2,8,156.94
2026-08-20,HepatitisB,5.05,20:00:54,2,8,0.0
2026-08-20,HepatitisB,14.37,20:01:24,2,8,156.96
2026-08-20,HepatitisB,7.84,20:01:54,2,8,0.0
2026-08-20,HepatitisB,15.29,20:02:24,2,8,156.99
2026-08-20,HepatitisB,5.05,20:02:54,2,8,0.0
2026-08-20,HepatitisB,14.53,20:03:24,2,8,157.01
2026-08-20,HepatitisB,10.4,20:03:54,2,8,157.02
2026-08-20,HepatitisB,3.14,20:04:24,2,8,0.0
2026-08-20,HepatitisB,17.22,20:04:54,2,8,157.04
2026-08-20,HepatitisB,9.55,20:05:24,2,8,157.05
2026-08-20,HepatitisB,4.08,20:05:54,2,8,0.0
2026-08-20,HepatitisB,12.95,20:06:24,2,8,157.07
2026-08-20,HepatitisB,10.67,20:06:54,2,8,157.08
2026-08-20,HepatitisB,2.54,20:07:24,2,8,0.0
2026-08-20,HepatitisB,14.54,20:07:54,2,8,157.1
2026-08-20,HepatitisB,4.35,20:08:24,2,8,0.0
2026-08-20,HepatitisB,15.64,20:08:54,2,8,157.13
2026-08-20,HepatitisB,10.97,20:09:24,2,8,157.14
2026-08-20,HepatitisB,4.85,20:09:54,2,8,0.0
2026-08-20,HepatitisB,15.85,20:10:24,2,8,157.16
2026-08-20,HepatitisB,7.46,20:10:54,2,8,0.0
2026-08-20,HepatitisB,14.54,20:11:24,2,8,157.18
2026-08-20,HepatitisB,7.77,20:11:54,2,8,0.0
2026-08-20,HepatitisB,5.52,20:12:24,2,8,0.0
2026-08-20,HepatitisB,14.59,20:12:54,2,8,157.21
2026-08-20,HepatitisB,13.76,20:13:24,2,8,157.22
2026-08-20,HepatitisB,9.36,20:13:54,2,8,157.24
2026-08-20,HepatitisB,17.62,20:14:24,2,8,157.25
2026-08-20,HepatitisB,7.94,20:14:54,2,8,0.0
2026-08-20,HepatitisB,7.63,20:15:24,2,8,0.0
2026-08-20,HepatitisB,5.18,20:15:54,2,8,0.0
2026-08-20,HepatitisB,5.89,20:16:24,2,8,0.0
2026-08-20,HepatitisB,13.0,20:16:54,2,8,157.3
2026-08-20,HepatitisB,3.27,20:17:24,2,8,0.0
2026-08-20,HepatitisB,2.56,20:17:54,2,8,0.0
2026-08-20,HepatitisB,10.37,20:18:24,2,8,157.33
2026-08-20,HepatitisB,6.49,20:18:54,2,8,0.0
2026-08-20,HepatitisB,11.13,20:19:24,2,8,157.35
2026-08-20,HepatitisB,14.79,20:19:54,2,8,157.37
2026-08-20,HepatitisB,7.2,20:20:24,2,8,0.0
2026-08-20,HepatitisB,10.87,20:20:54,2,8,157.39
2026-08-20,HepatitisB,17.64,20:21:24,2,8,157.4
2026-08-20,HepatitisB,14.0,20:21:54,2,8,157.41
2026-08-20,HepatitisB,6.53,20:22:24,2,8,0.0
2026-08-20,HepatitisB,9.95,20:22:54,2,8,157.43
2026-08-20,HepatitisB,3.54,20:23:24,2,8,0.0
2026-08-20,HepatitisB,16.67,20:23:54,2,8,157.45
2026-08-20,HepatitisB,4.85,20:24:24,2,8,0.0
2026-08-20,HepatitisB,5.36,20:24:54,2,8,0.0
2026-08-20,HepatitisB,7.29,20:25:24,2,8,0.0
2026-08-20,HepatitisB,15.85,20:25:54,2,8,157.5
2026-08-20,HepatitisB,15.68,20:26:24,2,8,157.51
2026-08-20,HepatitisB,14.86,20:26:54,2,8,157.52
2026-08-20,HepatitisB,17.26,20:27:24,2,8,157.53
2026-08-20,HepatitisB,10.73,20:27:54,2,8,157.54
2026-08-20,HepatitisB,12.43,20:28:24,2,8,157.55
2026-08-20,HepatitisB,12.73,20:28:54,2,8,157.56
2026-08-20,HepatitisB,16.38,20:29:24,2,8,157.57
2026-08-20,HepatitisB,10.96,20:29:54,2,8,157.58
2026-08-20,HepatitisB,16.2,20:30:24,2,8,157.59
2026-08-20,HepatitisB,10.82,20:30:54,2,8,157.6
2026-08-20,HepatitisB,17.06,20:31:24,2,8,157.61
2026-08-20,HepatitisB,3.15,20:31:54,2,8,0.0
2026-08-20,HepatitisB,2.6,20:32:24,2,8,0.0
2026-08-20,HepatitisB,6.43,20:32:54,2,8,0.0
2026-08-20,HepatitisB,5.76,20:33:24,2,8,0.0
2026-08-20,HepatitisB,16.2,20:33:54,2,8,157.67
2026-08-20,HepatitisB,3.67,20:34:24,2,8,0.0
2026-08-20,HepatitisB,9.62,20:34:54,2,8,157.69
2026-08-20,HepatitisB,5.66,20:35:24,2,8,0.0
2026-08-20,HepatitisB,10.18,20:35:54,2,8,157.71
2026-08-20,HepatitisB,3.35,20:36:24,2,8,0.0
2026-08-20,HepatitisB,17.14,20:36:54,2,8,157.73
2026-08-20,HepatitisB,17.62,20:37:24,2,8,157.74
2026-08-20,HepatitisB,5.2,20:37:54,2,8,0.0
2026-08-20,HepatitisB,12.96,20:38:24,2,8,157.77
2026-08-20,HepatitisB,14.46,20:38:54,2,8,157.78
2026-08-20,HepatitisB,7.68,20:39:24,2,8,0.0
2026-08-20,HepatitisB,4.59,20:39:54,2,8,0.0
2026-08-20,HepatitisB,13.75,20:40:24,2,8,157.81
2026-08-20,HepatitisB,16.68,20:40:54,2,8,157.82
2026-08-20,HepatitisB,7.64,20:41:24,2,8,0.0
2026-08-20,HepatitisB,2.09,20:41:54,2,8,0.0
2026-08-20,HepatitisB,2.97,20:42:24,2,8,0.0
2026-08-20,HepatitisB,15.9,20:42:54,2,8,157.86
2026-08-20,HepatitisB,15.28,20:43:24,2,8,157.87
2026-08-20,HepatitisB,17.1,20:43:54,2,8,157.89
2026-08-20,HepatitisB,4.0,20:44:24,2,8,0.0
2026-08-20,HepatitisB,9.47,20:44:54,2,8,157.91
2026-08-20,HepatitisB,9.98,20:45:24,2,8,157.92
2026-08-20,HepatitisB,12.63,20:45:54,2,8,157.93
2026-08-20,HepatitisB,5.91,20:46:24,2,8,0.0
2026-08-20,HepatitisB,6.24,20:46:54,2,8,0.0
2026-08-20,HepatitisB,2.0,20:47:24,2,8,0.0
2026-08-20,HepatitisB,15.51,20:47:54,2,8,157.97
2026-08-20,HepatitisB,16.0,20:48:24,2,8,157.98
2026-08-20,HepatitisB,9.72,20:48:54,2,8,157.99
2026-08-20,HepatitisB,15.25,20:49:24,2,8,158.0
2026-08-20,HepatitisB,11.99,20:49:54,2,8,158.02
2026-08-20,HepatitisB,6.41,20:50:24,2,8,0.0
2026-08-20,HepatitisB,4.51,20:50:54,2,8,0.0
2026-08-20,HepatitisB,17.36,20:51:24,2,8,158.05
2026-08-20,HepatitisB,12.06,20:51:54,2,8,158.06
2026-08-20,HepatitisB,16.68,20:52:24,2,8,158.07
2026-08-20,HepatitisB,15.36,20:52:54,2,8,158.08
2026-08-20,HepatitisB,17.68,20:53:24,2,8,158.09
2026-08-20,HepatitisB,12.51,20:53:54,2,8,158.1
2026-08-20,HepatitisB,17.84,20:54:24,2,8,158.11
2026-08-20,HepatitisB,10.11,20:54:54,2,8,158.12
2026-08-20,HepatitisB,15.58,20:55:24,2,8,158.13
2026-08-20,HepatitisB,5.18,20:55:54,2,8,0.0
2026-08-20,HepatitisB,4.79,20:56:24,2,8,0.0
2026-08-20,HepatitisB,3.17,20:56:54,2,8,0.0
2026-08-20,HepatitisB,17.27,20:57:24,2,8,158.18
2026-08-20,HepatitisB,16.12,20:57:54,2,8,158.19
2026-08-20,HepatitisB,4.96,20:58:24,2,8,0.0
2026-08-20,HepatitisB,13.04,20:58:54,2,8,158.21
2026-08-20,HepatitisB,15.48,20:59:24,2,8,158.22
2026-08-20,HepatitisB,9.1,20:59:54,2,8,158.23
2026-08-20,HepatitisB,13.29,21:00:24,2,8,158.24
2026-08-20,HepatitisB,15.77,21:00:54,2,8,158.25
2026-08-20,HepatitisB,14.15,21:01:24,2,8,158.26
2026-08-20,HepatitisB,9.43,21:01:54,2,8,158.28
2026-08-20,HepatitisB,4.93,21:02:24,2,8,0.0
2026-08-20,HepatitisB,3.73,21:02:54,2,8,0.0
2026-08-20,HepatitisB,14.38,21:03:24,2,8,158.31
2026-08-20,HepatitisB,16.38,21:03:54,2,8,158.32
2026-08-20,HepatitisB,14.47,21:04:24,2,8,158.33
2026-08-20,HepatitisB,5.54,21:04:54,2,8,0.0
2026-08-20,HepatitisB,10.46,21:05:24,2,8,158.35
2026-08-20,HepatitisB,17.33,21:05:54,2,8,158.36
2026-08-20,HepatitisB,10.45,21:06:24,2,8,158.37
2026-08-20,HepatitisB,6.1,21:06:54,2,8,0.0
2026-08-20,HepatitisB,15.44,21:07:24,2,8,158.39
2026-08-20,HepatitisB,9.61,21:07:54,2,8,158.41
2026-08-20,HepatitisB,2.78,21:08:24,2,8,0.0
2026-08-20,HepatitisB,12.93,21:08:54,2,8,158.43
2026-08-20,HepatitisB,5.45,21:09:24,2,8,0.0
2026-08-20,HepatitisB,10.19,21:09:54,2,8,158.45
2026-08-20,HepatitisB,5.01,21:10:24,2,8,0.0
2026-08-20,HepatitisB,16.2,21:10:54,2,8,158.47
2026-08-20,HepatitisB,4.91,21:11:24,2,8,0.0
2026-08-20,HepatitisB,11.78,21:11:54,2,8,158.49
2026-08-20,HepatitisB,16.08,21:12:24,2,8,158.5
2026-08-20,HepatitisB,4.13,21:12:54,2,8,0.0
2026-08-20,HepatitisB,3.59,21:13:24,2,8,0.0
2026-08-20,HepatitisB,6.34,21:13:54,2,8,0.0
2026-08-20,HepatitisB,4.12,21:14:24,2,8,0.0
2026-08-20,HepatitisB,9.24,21:14:54,2,8,158.56
2026-08-20,HepatitisB,11.88,21:15:24,2,8,158.57
2026-08-20,HepatitisB,4.06,21:15:54,2,8,0.0
2026-08-20,HepatitisB,9.26,21:16:24,2,8,158.59
2026-08-20,HepatitisB,5.13,21:16:54,2,8,0.0
2026-08-20,HepatitisB,14.62,21:17:24,2,8,158.61
2026-08-20,HepatitisB,4.04,21:17:54,2,8,0.0
2026-08-20,HepatitisB,15.68,21:18:24,2,8,158.63
2026-08-20,HepatitisB,4.32,21:18:54,2,8,0.0
2026-08-20,HepatitisB,2.01,21:19:24,2,8,0.0
2026-08-20,HepatitisB,2.95,21:19:54,2,8,0.0
2026-08-20,HepatitisB,16.06,21:20:24,2,8,158.68
2026-08-20,HepatitisB,2.25,21:20:54,2,8,0.0
2026-08-20,HepatitisB,15.16,21:21:24,2,8,158.7
2026-08-20,HepatitisB,17.44,21:21:54,2,8,158.71
2026-08-20,HepatitisB,10.27,21:22:24,2,8,158.72
2026-08-20,HepatitisB,15.25,21:22:54,2,8,158.73
2026-08-20,HepatitisB,16.7,21:23:24,2,8,158.74
2026-08-20,HepatitisB,10.05,21:23:54,2,8,158.75
2026-08-20,HepatitisB,11.15,21:24:24,2,8,158.76
2026-08-20,HepatitisB,16.5,21:24:54,2,8,158.77
2026-08-20,HepatitisB,9.84,21:25:24,2,8,158.78
2026-08-20,HepatitisB,7.42,21:25:54,2,8,0.0
2026-08-20,HepatitisB,9.94,21:26:24,2,8,158.81
2026-08-20,HepatitisB,15.47,21:26:54,2,8,158.82
2026-08-20,HepatitisB,7.41,21:27:24,2,8,0.0
2026-08-20,HepatitisB,7.25,21:27:54,2,8,0.0
2026-08-20,HepatitisB,17.75,21:28:24,2,8,158.85
2026-08-20,HepatitisB,5.53,21:28:54,2,8,0.0
2026-08-20,HepatitisB,16.59,21:29:24,2,8,158.87
2026-08-20,HepatitisB,17.29,21:29:54,2,8,158.88
2026-08-20,HepatitisB,12.31,21:30:24,2,8,158.89
2026-08-20,HepatitisB,12.62,21:30:54,2,8,158.9
2026-08-20,HepatitisB,16.56,21:31:24,2,8,158.91
2026-08-20,HepatitisB,10.7,21:31:54,2,8,158.93
2026-08-20,HepatitisB,2.67,21:32:24,2,8,0.0
2026-08-20,HepatitisB,16.9,21:32:54,2,8,158.95
2026-08-20,HepatitisB,5.12,21:33:24,2,8,0.0
2026-08-20,HepatitisB,13.9,21:33:54,2,8,158.97
2026-08-20,HepatitisB,11.74,21:34:24,2,8,158.98
2026-08-20,HepatitisB,7.7,21:34:54,2,8,0.0
2026-08-20,HepatitisB,13.65,21:35:24,2,8,159.0
2026-08-20,HepatitisB,16.9,21:35:54,2,8,159.01
2026-08-20,HepatitisB,16.99,21:36:24,2,8,159.02
2026-08-20,HepatitisB,9.86,21:36:54,2,8,159.03
2026-08-20,HepatitisB,4.89,21:37:24,2,8,0.0
2026-08-20,HepatitisB,7.77,21:37:54,2,8,0.0
2026-08-20,HepatitisB,15.96,21:38:24,2,8,159.07
2026-08-20,HepatitisB,7.81,21:38:54,2,8,0.0
2026-08-20,HepatitisB,11.13,21:39:24,2,8,159.09
2026-08-20,HepatitisB,7.06,21:39:54,2,8,0.0
2026-08-20,HepatitisB,6.68,21:40:24,2,8,0.0
2026-08-20,HepatitisB,6.64,21:40:54,2,8,0.0
2026-08-20,HepatitisB,16.23,21:41:24,2,8,159.13
2026-08-20,HepatitisB,10.19,21:41:54,2,8,159.14
2026-08-20,HepatitisB,13.47,21:42:24,2,8,159.15
2026-08-20,HepatitisB,3.31,21:42:54,2,8,0.0
2026-08-20,HepatitisB,13.04,21:43:24,2,8,159.17
2026-08-20,HepatitisB,15.03,21:43:54,2,8,159.19
2026-08-20,HepatitisB,4.87,21:44:24,2,8,0.0
2026-08-20,HepatitisB,7.25,21:44:54,2,8,0.0
2026-08-20,HepatitisB,2.11,21:45:24,2,8,0.0
2026-08-20,HepatitisB,3.22,21:45:54,2,8,0.0
2026-08-20,HepatitisB,9.82,21:46:24,2,8,159.24
2026-08-20,HepatitisB,15.64,21:46:54,2,8,159.25
2026-08-20,HepatitisB,11.49,21:47:24,2,8,159.26
2026-08-20,HepatitisB,17.22,21:47:54,2,8,159.27
2026-08-20,HepatitisB,13.33,21:48:24,2,8,159.28
2026-08-20,HepatitisB,12.26,21:48:54,2,8,159.29
2026-08-20,HepatitisB,12.27,21:49:24,2,8,159.3
2026-08-20,HepatitisB,16.01,21:49:54,2,8,159.31
2026-08-20,HepatitisB,14.39,21:50:24,2,8,159.33
2026-08-20,HepatitisB,17.22,21:50:54,2,8,159.34
2026-08-20,HepatitisB,12.42,21:51:24,2,8,159.35
2026-08-20,HepatitisB,9.54,21:51:54,2,8,159.36
2026-08-20,HepatitisB,4.05,21:52:24,2,8,0.0
2026-08-20,HepatitisB,4.01,21:52:54,2,8,0.0
2026-08-20,HepatitisB,7.16,21:53:24,2,8,0.0
2026-08-20,HepatitisB,5.48,21:53:54,2,8,0.0
2026-08-20,HepatitisB,2.48,21:54:24,2,8,0.0
2026-08-20,HepatitisB,15.21,21:54:54,2,8,159.42
2026-08-20,HepatitisB,16.92,21:55:24,2,8,159.43
2026-08-20,HepatitisB,9.46,21:55:54,2,8,159.45
2026-08-20,HepatitisB,10.68,21:56:24,2,8,159.46
2026-08-20,HepatitisB,5.17,21:56:54,2,8,0.0
2026-08-20,HepatitisB,16.55,21:57:24,2,8,159.48
2026-08-20,HepatitisB,4.56,21:57:54,2,8,0.0
2026-08-20,HepatitisB,3.6,21:58:24,2,8,0.0
2026-08-20,HepatitisB,6.37,21:58:54,2,8,0.0
2026-08-20,HepatitisB,15.22,21:59:24,2,8,159.52
2026-08-20,HepatitisB,16.43,21:59:54,2,8,159.53
2026-08-20,HepatitisB,4.11,22:00:24,2,8,0.0
2026-08-20,HepatitisB,16.37,22:00:54,2,8,159.55
2026-08-20,HepatitisB,2.52,22:01:24,2,8,0.0
2026-08-20,HepatitisB,7.58,22:01:54,2,8,0.0
2026-08-20,HepatitisB,10.65,22:02:24,2,8,159.59
2026-08-20,HepatitisB,15.51,22:02:54,2,8,159.6
2026-08-20,HepatitisB,3.32,22:03:24,2,8,0.0
2026-08-20,HepatitisB,14.4,22:03:54,2,8,159.62
2026-08-20,HepatitisB,12.98,22:04:24,2,8,159.63
2026-08-20,HepatitisB,10.82,22:04:54,2,8,159.64
2026-08-20,HepatitisB,12.28,22:05:24,2,8,159.65
2026-08-20,HepatitisB,15.17,22:05:54,2,8,159.66
2026-08-20,HepatitisB,2.13,22:06:24,2,8,0.0
2026-08-20,HepatitisB,7.51,22:06:54,2,8,0.0
2026-08-20,HepatitisB,2.27,22:07:24,2,8,0.0
2026-08-20,HepatitisB,3.93,22:07:54,2,8,0.0
2026-08-20,HepatitisB,2.97,22:08:24,2,8,0.0
2026-08-20,HepatitisB,14.34,22:08:54,2,8,159.73
2026-08-20,HepatitisB,12.73,22:09:24,2,8,159.74
2026-08-20,HepatitisB,5.24,22:09:54,2,8,0.0
2026-08-20,HepatitisB,4.24,22:10:24,2,8,0.0
2026-08-20,HepatitisB,16.12,22:10:54,2,8,159.77
2026-08-20,HepatitisB,12.65,22:11:24,2,8,159.78
2026-08-20,HepatitisB,11.91,22:11:54,2,8,159.79
2026-08-20,HepatitisB,16.67,22:12:24,2,8,159.8
2026-08-20,HepatitisB,15.78,22:12:54,2,8,159.81
2026-08-20,HepatitisB,10.22,22:13:24,2,8,159.82
2026-08-20,HepatitisB,6.58,22:13:54,2,8,0.0
2026-08-20,HepatitisB,11.11,22:14:24,2,8,159.85
2026-08-20,HepatitisB,10.86,22:14:54,2,8,159.86
2026-08-20,HepatitisB,7.93,22:15:24,2,8,0.0
2026-08-20,HepatitisB,13.48,22:15:54,2,8,159.88
2026-08-20,HepatitisB,5.98,22:16:24,2,8,0.0
2026-08-20,HepatitisB,17.14,22:16:54,2,8,159.9
2026-08-20,HepatitisB,10.99,22:17:24,2,8,159.91
2026-08-20,HepatitisB,11.04,22:17:54,2,8,159.92
2026-08-20,HepatitisB,10.58,22:18:24,2,8,159.93
2026-08-20,HepatitisB,13.15,22:18:54,2,8,159.94
2026-08-20,HepatitisB,9.53,22:19:24,2,8,159.95
2026-08-20,HepatitisB,12.11,22:19:54,2,8,159.97
2026-08-20,HepatitisB,10.96,22:20:24,2,8,159.98
2026-08-20,HepatitisB,7.43,22:20:54,2,8,0.0
2026-08-20,HepatitisB,10.28,22:21:24,2,8,160.0
2026-08-20,HepatitisB,14.02,22:21:54,2,8,160.01
2026-08-20,HepatitisB,17.85,22:22:24,2,8,160.02
2026-08-20,HepatitisB,12.52,22:22:54,2,8,160.03
2026-08-20,HepatitisB,17.5,22:23:24,2,8,160.04
2026-08-20,HepatitisB,13.19,22:23:54,2,8,160.05
2026-08-20,HepatitisB,10.39,22:24:24,2,8,160.06
2026-08-20,HepatitisB,15.02,22:24:54,2,8,160.07
2026-08-20,HepatitisB,4.66,22:25:24,2,8,0.0
2026-08-20,HepatitisB,7.9,22:25:54,2,8,0.0
2026-08-20,HepatitisB,6.14,22:26:24,2,8,0.0
2026-08-20,HepatitisB,5.1,22:26:54,2,8,0.0
2026-08-20,HepatitisB,13.1,22:27:24,2,8,160.13
2026-08-20,HepatitisB,17.06,22:27:54,2,8,160.14
2026-08-20,HepatitisB,15.38,22:28:24,2,8,160.15
2026-08-20,HepatitisB,16.55,22:28:54,2,8,160.16
2026-08-20,HepatitisB,3.75,22:29:24,2,8,0.0
2026-08-20,HepatitisB,7.96,22:29:54,2,8,0.0
2026-08-20,HepatitisB,12.4,22:30:24,2,8,160.19
2026-08-20,HepatitisB,2.58,22:30:54,2,8,0.0
2026-08-20,HepatitisB,15.49,22:31:24,2,8,160.21
2026-08-20,HepatitisB,17.68,22:31:54,2,8,160.22
2026-08-20,HepatitisB,7.51,22:32:24,2,8,0.0
2026-08-20,HepatitisB,11.46,22:32:54,2,8,160.25
2026-08-20,HepatitisB,10.64,22:33:24,2,8,160.26
2026-08-20,HepatitisB,15.49,22:33:54,2,8,160.27
2026-08-20,HepatitisB,13.73,22:34:24,2,8,160.28
2026-08-20,HepatitisB,16.54,22:34:54,2,8,160.29
2026-08-20,HepatitisB,6.88,22:35:24,2,8,0.0
2026-08-20,HepatitisB,17.77,22:35:54,2,8,160.31
2026-08-20,HepatitisB,4.71,22:36:24,2,8,0.0
2026-08-20,HepatitisB,7.47,22:36:54,2,8,0.0
2026-08-20,HepatitisB,6.17,22:37:24,2,8,0.0
2026-08-20,HepatitisB,13.17,22:37:54,2,8,160.35
2026-08-20,HepatitisB,16.48,22:38:24,2,8,160.37
2026-08-20,HepatitisB,12.17,22:38:54,2,8,160.38
2026-08-20,HepatitisB,11.71,22:39:24,2,8,160.39
2026-08-20,HepatitisB,9.92,22:39:54,2,8,160.4
2026-08-20,HepatitisB,7.09,22:40:24,2,8,0.0
2026-08-20,HepatitisB,2.65,22:40:54,2,8,0.0
2026-08-20,HepatitisB,2.56,22:41:24,2,8,0.0
2026-08-20,HepatitisB,11.77,22:41:54,2,8,160.44
2026-08-20,HepatitisB,12.03,22:42:24,2,8,160.45
2026-08-20,HepatitisB,17.44,22:42:54,2,8,160.46
2026-08-20,HepatitisB,3.34,22:43:24,2,8,0.0
2026-08-20,HepatitisB,9.54,22:43:54,2,8,160.49
2026-08-20,HepatitisB,9.48,22:44:24,2,8,160.5
2026-08-20,HepatitisB,15.54,22:44:54,2,8,160.51
2026-08-20,HepatitisB,15.53,22:45:24,2,8,160.52
2026-08-20,HepatitisB,10.31,22:45:54,2,8,160.53
2026-08-20,HepatitisB,17.07,22:46:24,2,8,160.54
2026-08-20,HepatitisB,11.37,22:46:54,2,8,160.55
2026-08-20,HepatitisB,12.23,22:47:24,2,8,160.56
2026-08-20,HepatitisB,4.6,22:47:54,2,8,0.0
2026-08-20,HepatitisB,16.56,22:48:24,2,8,160.58
2026-08-20,HepatitisB,16.76,22:48:54,2,8,160.59
2026-08-20,HepatitisB,5.41,22:49:24,2,8,0.0
2026-08-20,HepatitisB,2.29,22:49:54,2,8,0.0
2026-08-20,HepatitisB,11.25,22:50:24,2,8,160.63
2026-08-20,HepatitisB,9.41,22:50:54,2,8,160.64
2026-08-20,HepatitisB,2.56,22:51:24,2,8,0.0
2026-08-20,HepatitisB,5.2,22:51:54,2,8,0.0
2026-08-20,HepatitisB,5.46,22:52:24,2,8,0.0
2026-08-20,HepatitisB,7.1,22:52:54,2,8,0.0
2026-08-20,HepatitisB,14.5,22:53:24,2,8,160.69
2026-08-20,HepatitisB,2.65,22:53:54,2,8,0.0
2026-08-20,HepatitisB,11.31,22:54:24,2,8,160.71
2026-08-20,HepatitisB,13.09,22:54:54,2,8,160.72
2026-08-20,HepatitisB,6.32,22:55:24,2,8,0.0
2026-08-20,HepatitisB,6.26,22:55:54,2,8,0.0
2026-08-20,HepatitisB,6.58,22:56:24,2,8,0.0
2026-08-20,HepatitisB,11.7,22:56:54,2,8,160.77
2026-08-20,HepatitisB,4.29,22:57:24,2,8,0.0
2026-08-20,HepatitisB,3.66,22:57:54,2,8,0.0
2026-08-20,HepatitisB,2.89,22:58:24,2,8,0.0
2026-08-20,HepatitisB,16.46,22:58:54,2,8,160.81
2026-08-20,HepatitisB,13.71,22:59:24,2,8,160.82
2026-08-20,HepatitisB,16.57,22:59:54,2,8,160.83
2026-08-20,HepatitisB,2.79,23:00:24,2,8,0.0
2026-08-20,HepatitisB,14.07,23:00:54,2,8,160.85
2026-08-20,HepatitisB,13.76,23:01:24,2,8,160.86
2026-08-20,HepatitisB,11.85,23:01:54,2,8,160.88
2026-08-20,HepatitisB,9.82,23:02:24,2,8,160.89
2026-08-20,HepatitisB,4.05,23:02:54,2,8,0.0
2026-08-20,HepatitisB,11.33,23:03:24,2,8,160.91
2026-08-20,HepatitisB,15.52,23:03:54,2,8,160.92
2026-08-20,HepatitisB,13.22,23:04:24,2,8,160.93
2026-08-20,HepatitisB,6.25,23:04:54,2,8,0.0
2026-08-20,HepatitisB,11.0,23:05:24,2,8,160.95
2026-08-20,HepatitisB,2.2,23:05:54,2,8,0.0
2026-08-20,HepatitisB,3.61,23:06:24,2,8,0.0
2026-08-20,HepatitisB,5.16,23:06:54,2,8,0.0
2026-08-20,HepatitisB,16.36,23:07:24,2,8,160.99
2026-08-20,HepatitisB,9.76,23:07:54,2,8,161.0
2026-08-20,HepatitisB,12.78,23:08:24,2,8,161.02
2026-08-20,HepatitisB,13.56,23:08:54,2,8,161.03
2026-08-20,HepatitisB,16.57,23:09:24,2,8,161.04
2026-08-20,HepatitisB,13.74,23:09:54,2,8,161.05
2026-08-20,HepatitisB,9.59,23:10:24,2,8,161.06
2026-08-20,HepatitisB,11.71,23:10:54,2,8,161.07
2026-08-20,HepatitisB,4.14,23:11:24,2,8,0.0
2026-08-20,HepatitisB,7.19,23:11:54,2,8,0.0
2026-08-20,HepatitisB,10.29,23:12:24,2,8,161.1
2026-08-20,HepatitisB,7.45,23:12:54,2,8,0.0
2026-08-20,HepatitisB,9.83,23:13:24,2,8,161.12
2026-08-20,HepatitisB,17.48,23:13:54,2,8,161.14
2026-08-20,HepatitisB,11.61,23:14:24,2,8,161.15
2026-08-20,HepatitisB,13.07,23:14:54,2,8,161.16
2026-08-20,HepatitisB,12.54,23:15:24,2,8,161.17
2026-08-20,HepatitisB,4.67,23:15:54,2,8,0.0
2026-08-20,HepatitisB,7.62,23:16:24,2,8,0.0
2026-08-20,HepatitisB,16.27,23:16:54,2,8,161.2
2026-08-20,HepatitisB,3.26,23:17:24,2,8,0.0
2026-08-20,HepatitisB,14.29,23:17:54,2,8,161.22
2026-08-20,HepatitisB,16.06,23:18:24,2,8,161.23
2026-08-20,HepatitisB,10.75,23:18:54,2,8,161.24
2026-08-20,HepatitisB,16.75,23:19:24,2,8,161.25
2026-08-20,HepatitisB,6.07,23:19:54,2,8,0.0
2026-08-20,HepatitisB,4.53,23:20:24,2,8,0.0
2026-08-20,HepatitisB,12.34,23:20:54,2,8,161.29
2026-08-20,HepatitisB,4.46,23:21:24,2,8,0.0
2026-08-20,HepatitisB,7.52,23:21:54,2,8,0.0
2026-08-20,HepatitisB,4.67,23:22:24,2,8,0.0
2026-08-20,HepatitisB,4.02,23:22:54,2,8,0.0
2026-08-20,HepatitisB,7.82,23:23:24,2,8,0.0
2026-08-20,HepatitisB,17.88,23:23:54,2,8,161.35
2026-08-20,HepatitisB,2.85,23:24:24,2,8,0.0
2026-08-20,HepatitisB,4.79,23:24:54,2,8,0.0
2026-08-20,HepatitisB,4.08,23:25:24,2,8,0.0
2026-08-20,HepatitisB,17.48,23:25:54,2,8,161.4
2026-08-20,HepatitisB,9.83,23:26:24,2,8,161.41
2026-08-20,HepatitisB,3.45,23:26:54,2,8,0.0
2026-08-20,HepatitisB,15.36,23:27:24,2,8,161.43
2026-08-20,HepatitisB,4.97,23:27:54,2,8,0.0
2026-08-20,HepatitisB,11.97,23:28:24,2,8,161.45
2026-08-20,HepatitisB,6.48,23:28:54,2,8,0.0
2026-08-20,HepatitisB,15.89,23:29:24,2,8,161.47
2026-08-20,HepatitisB,11.17,23:29:54,2,8,161.48
2026-08-20,HepatitisB,6.3,23:30:24,2,8,0.0
2026-08-20,HepatitisB,9.01,23:30:54,2,8,161.5
2026-08-20,HepatitisB,15.79,23:31:24,2,8,161.51
2026-08-20,HepatitisB,11.75,23:31:54,2,8,161.53
2026-08-20,HepatitisB,3.39,23:32:24,2,8,0.0
2026-08-20,HepatitisB,11.73,23:32:54,2,8,161.55
2026-08-20,HepatitisB,6.19,23:33:24,2,8,0.0
2026-08-20,HepatitisB,11.03,23:33:54,2,8,161.57
2026-08-20,HepatitisB,10.49,23:34:24,2,8,161.58
2026-08-20,HepatitisB,2.61,23:34:54,2,8,0.0
2026-08-20,HepatitisB,2.21,23:35:24,2,8,0.0
2026-08-20,HepatitisB,16.22,23:35:54,2,8,161.61
2026-08-20,HepatitisB,13.46,23:36:24,2,8,161.62
2026-08-20,HepatitisB,11.85,23:36:54,2,8,161.63
2026-08-20,HepatitisB,13.55,23:37:24,2,8,161.64
2026-08-20,HepatitisB,4.01,23:37:54,2,8,0.0
2026-08-20,HepatitisB,3.61,23:38:24,2,8,0.0
2026-08-20,HepatitisB,6.87,23:38:54,2,8,0.0
2026-08-20,HepatitisB,17.32,23:39:24,2,8,161.69
2026-08-20,HepatitisB,5.75,23:39:54,2,8,0.0
2026-08-20,HepatitisB,3.56,23:40:24,2,8,0.0
2026-08-20,HepatitisB,5.45,23:40:54,2,8,0.0
2026-08-20,HepatitisB,5.44,23:41:24,2,8,0.0
2026-08-20,HepatitisB,9.43,23:41:54,2,8,161.74
2026-08-20,HepatitisB,4.94,23:42:24,2,8,0.0
2026-08-20,HepatitisB,13.18,23:42:54,2,8,161.76
2026-08-20,HepatitisB,9.24,23:43:24,2,8,161.77
2026-08-20,HepatitisB,17.01,23:43:54,2,8,161.78
2026-08-20,HepatitisB,12.81,23:44:24,2,8,161.8
2026-08-20,HepatitisB,2.41,23:44:54,2,8,0.0
2026-08-20,HepatitisB,10.15,23:45:24,2,8,161.82
2026-08-20,HepatitisB,15.72,23:45:54,2,8,161.83
2026-08-20,HepatitisB,17.88,23:46:24,2,8,161.84
2026-08-20,HepatitisB,17.0,23:46:54,2,8,161.85
2026-08-20,HepatitisB,9.97,23:47:24,2,8,161.86
2026-08-20,HepatitisB,10.57,23:47:54,2,8,161.87
2026-08-20,HepatitisB,15.23,23:48:24,2,8,161.88
2026-08-20,HepatitisB,16.62,23:48:54,2,8,161.89
2026-08-20,HepatitisB,17.43,23:49:24,2,8,161.9
2026-08-20,HepatitisB,11.97,23:49:54,2,8,161.91
2026-08-20,HepatitisB,10.39,23:50:24,2,8,161.93
2026-08-20,HepatitisB,2.34,23:50:54,2,8,0.0
2026-08-20,HepatitisB,16.66,23:51:24,2,8,161.95
2026-08-20,HepatitisB,2.78,23:51:54,2,8,0.0
2026-08-20,HepatitisB,10.22,23:52:24,2,8,161.97
2026-08-20,HepatitisB,4.62,23:52:54,2,8,0.0
2026-08-20,HepatitisB,10.79,23:53:24,2,8,161.99
2026-08-20,HepatitisB,2.2,23:53:54,2,8,0.0
2026-08-20,HepatitisB,17.79,23:54:24,2,8,162.01
2026-08-20,HepatitisB,15.91,23:54:54,2,8,162.02
2026-08-20,HepatitisB,3.3,23:55:24,2,8,0.0
2026-08-20,HepatitisB,9.79,23:55:54,2,8,162.05
2026-08-20,HepatitisB,2.2,23:56:24,2,8,0.0
2026-08-20,HepatitisB,9.2,23:56:54,2,8,162.07
2026-08-20,HepatitisB,17.37,23:57:24,2,8,162.08
2026-08-20,HepatitisB,3.36,23:57:54,2,8,0.0
2026-08-20,HepatitisB,9.2,23:58:24,2,8,162.1
2026-08-20,HepatitisB,5.8,23:58:54,2,8,0.0
2026-08-20,HepatitisB,12.89,23:59:24,2,8,162.12
2026-08-20,HepatitisB,16.89,23:59:54,2,8,162.13
2026-08-20,HepatitisB,16.97,00:00:24,2,8,162.14
2026-08-20,HepatitisB,2.36,00:00:54,2,8,0.0
2026-08-20,HepatitisB,15.25,00:01:24,2,8,162.16
2026-08-20,HepatitisB,11.56,00:01:54,2,8,162.18
2026-08-20,HepatitisB,11.94,00:02:24,2,8,162.19
2026-08-20,HepatitisB,17.99,00:02:54,2,8,162.2
2026-08-20,HepatitisB,6.37,00:03:24,2,8,0.0
2026-08-20,HepatitisB,6.45,00:03:54,2,8,0.0
2026-08-20,HepatitisB,3.65,00:04:24,2,8,0.0
2026-08-20,HepatitisB,17.46,00:04:54,2,8,162.24
2026-08-20,HepatitisB,5.55,00:05:24,2,8,0.0
2026-08-20,HepatitisB,2.41,00:05:54,2,8,0.0
2026-08-20,HepatitisB,16.28,00:06:24,2,8,162.27
2026-08-20,HepatitisB,13.45,00:06:54,2,8,162.28
2026-08-20,HepatitisB,4.1,00:07:24,2,8,0.0
2026-08-20,HepatitisB,17.11,00:07:54,2,8,162.31
2026-08-20,HepatitisB,4.51,00:08:24,2,8,0.0
2026-08-20,HepatitisB,15.98,00:08:54,2,8,162.33
2026-08-20,HepatitisB,13.19,00:09:24,2,8,162.34
2026-08-20,HepatitisB,11.36,00:09:54,2,8,162.35
2026-08-20,HepatitisB,7.37,00:10:24,2,8,0.0
2026-08-20,HepatitisB,14.29,00:10:54,2,8,162.37
2026-08-20,HepatitisB,12.43,00:11:24,2,8,162.38
2026-08-20,HepatitisB,17.72,00:11:54,2,8,162.39
2026-08-20,HepatitisB,9.68,00:12:24,2,8,162.4
2026-08-20,HepatitisB,10.63,00:12:54,2,8,162.41
2026-08-20,HepatitisB,13.57,00:13:24,2,8,162.42
2026-08-20,HepatitisB,12.83,00:13:54,2,8,162.44
2026-08-20,HepatitisB,6.64,00:14:24,2,8,0.0
2026-08-20,HepatitisB,17.87,00:14:54,2,8,162.46
2026-08-20,HepatitisB,17.1,00:15:24,2,8,162.47
2026-08-20,HepatitisB,16.43,00:15:54,2,8,162.48
2026-08-20,HepatitisB,13.03,00:16:24,2,8,162.49
2026-08-20,HepatitisB,4.84,00:16:54,2,8,0.0
2026-08-20,HepatitisB,6.87,00:17:24,2,8,0.0
2026-08-20,HepatitisB,12.14,00:17:54,2,8,162.52
2026-08-20,HepatitisB,13.33,00:18:24,2,8,162.53
2026-08-20,HepatitisB,9.78,00:18:54,2,8,162.54
2026-08-20,HepatitisB,11.14,00:19:24,2,8,162.55
2026-08-20,HepatitisB,9.32,00:19:54,2,8,162.56
2026-08-20,HepatitisB,13.22,00:20:24,2,8,162.58
2026-08-20,HepatitisB,14.23,00:20:54,2,8,162.59
2026-08-20,HepatitisB,12.98,00:21:24,2,8,162.6
2026-08-20,HepatitisB,11.96,00:21:54,2,8,162.61
2026-08-20,HepatitisB,9.76,00:22:24,2,8,162.62
2026-08-20,HepatitisB,9.18,00:22:54,2,8,162.63
2026-08-20,HepatitisB,14.47,00:23:24,2,8,162.64
2026-08-20,HepatitisB,3.2,00:23:54,2,8,0.0
2026-08-20,HepatitisB,12.37,00:24:24,2,8,162.66
2026-08-20,HepatitisB,2.63,00:24:54,2,8,0.0
2026-08-20,HepatitisB,9.85,00:25:24,2,8,162.68
2026-08-20,HepatitisB,10.25,00:25:54,2,8,162.7
2026-08-20,HepatitisB,5.25,00:26:24,2,8,0.0
2026-08-20,HepatitisB,14.85,00:26:54,2,8,162.72
2026-08-20,HepatitisB,16.5,00:27:24,2,8,162.73
2026-08-20,HepatitisB,3.79,00:27:54,2,8,0.0
2026-08-20,HepatitisB,12.57,00:28:24,2,8,162.75
2026-08-20,HepatitisB,9.92,00:28:54,2,8,162.76
2026-08-20,HepatitisB,2.29,00:29:24,2,8,0.0
2026-08-20,HepatitisB,12.84,00:29:54,2,8,162.78
2026-08-20,HepatitisB,14.81,00:30:24,2,8,162.79
2026-08-20,HepatitisB,17.15,00:30:54,2,8,162.8
2026-08-20,HepatitisB,4.46,00:31:24,2,8,0.0
2026-08-20,HepatitisB,10.43,00:31:54,2,8,162.83
2026-08-20,HepatitisB,17.12,00:32:24,2,8,162.84
2026-08-20,HepatitisB,6.37,00:32:54,2,8,0.0
2026-08-20,HepatitisB,3.29,00:33:24,2,8,0.0
2026-08-20,HepatitisB,5.44,00:33:54,2,8,0.0
2026-08-20,HepatitisB,5.59,00:34:24,2,8,0.0
2026-08-20,HepatitisB,9.25,00:34:54,2,8,162.89
2026-08-20,HepatitisB,6.82,00:35:24,2,8,0.0
2026-08-20,HepatitisB,14.49,00:35:54,2,8,162.91
2026-08-20,HepatitisB,9.01,00:36:24,2,8,162.92
2026-08-20,HepatitisB,17.95,00:36:54,2,8,162.93
2026-08-20,HepatitisB,17.96,00:37:24,2,8,162.94
2026-08-20,HepatitisB,15.32,00:37:54,2,8,162.95
2026-08-20,HepatitisB,15.58,00:38:24,2,8,162.97
2026-08-20,HepatitisB,14.75,00:38:54,2,8,162.98
2026-08-20,HepatitisB,14.55,00:39:24,2,8,162.99
2026-08-20,HepatitisB,13.28,00:39:54,2,8,163.0
2026-08-20,HepatitisB,9.01,00:40:24,2,8,163.01
2026-08-20,HepatitisB,12.49,00:40:54,2,8,163.02
2026-08-20,HepatitisB,11.25,00:41:24,2,8,163.03
2026-08-20,HepatitisB,11.18,00:41:54,2,8,163.04
2026-08-20,HepatitisB,3.29,00:42:24,2,8,0.0
2026-08-20,HepatitisB,13.34,00:42:54,2,8,163.06
2026-08-20,HepatitisB,3.24,00:43:24,2,8,0.0
2026-08-20,HepatitisB,7.87,00:43:54,2,8,0.0
2026-08-20,HepatitisB,7.3,00:44:24,2,8,0.0
2026-08-20,HepatitisB,5.81,00:44:54,2,8,0.0
2026-08-20,HepatitisB,4.18,00:45:24,2,8,0.0
2026-08-20,HepatitisB,4.17,00:45:54,2,8,0.0
2026-08-20,HepatitisB,4.82,00:46:24,2,8,0.0
2026-08-20,HepatitisB,13.97,00:46:54,2,8,163.15
2026-08-20,HepatitisB,13.76,00:47:24,2,8,163.16
2026-08-20,HepatitisB,14.16,00:47:54,2,8,163.17
2026-08-20,HepatitisB,16.43,00:48:24,2,8,163.18
2026-08-20,HepatitisB,14.0,00:48:54,2,8,163.19
2026-08-20,HepatitisB,13.21,00:49:24,2,8,163.2
2026-08-20,HepatitisB,13.6,00:49:54,2,8,163.22
2026-08-20,HepatitisB,14.75,00:50:24,2,8,163.23
2026-08-20,HepatitisB,2.6,00:50:54,2,8,0.0
2026-08-20,HepatitisB,17.82,00:51:24,2,8,163.25
2026-08-20,HepatitisB,14.83,00:51:54,2,8,163.26
2026-08-20,HepatitisB,5.16,00:52:24,2,8,0.0
2026-08-20,HepatitisB,10.04,00:52:54,2,8,163.28
2026-08-20,HepatitisB,10.39,00:53:24,2,8,163.29
2026-08-20,HepatitisB,2.09,00:53:54,2,8,0.0
2026-08-20,HepatitisB,16.4,00:54:24,2,8,163.31
2026-08-20,HepatitisB,17.06,00:54:54,2,8,163.32
2026-08-20,HepatitisB,14.81,00:55:24,2,8,163.33
2026-08-20,HepatitisB,12.76,00:55:54,2,8,163.34
2026-08-20,HepatitisB,4.68,00:56:24,2,8,0.0
2026-08-20,HepatitisB,12.26,00:56:54,2,8,163.37
2026-08-20,HepatitisB,11.85,00:57:24,2,8,163.38
2026-08-20,HepatitisB,17.1,00:57:54,2,8,163.39
2026-08-20,HepatitisB,4.76,00:58:24,2,8,0.0
2026-08-20,HepatitisB,12.87,00:58:54,2,8,163.41
2026-08-20,HepatitisB,14.92,00:59:24,2,8,163.42
2026-08-20,HepatitisB,15.06,00:59:54,2,8,163.43
2026-08-20,HepatitisB,11.42,01:00:24,2,8,163.44
2026-08-20,HepatitisB,17.53,01:00:54,2,8,163.45
2026-08-20,HepatitisB,3.61,01:01:24,2,8,0.0
2026-08-20,HepatitisB,17.12,01:01:54,2,8,163.47
2026-08-20,HepatitisB,13.8,01:02:24,2,8,163.49
2026-08-20,HepatitisB,17.89,01:02:54,2,8,163.5
2026-08-20,HepatitisB,10.83,01:03:24,2,8,163.51
2026-08-20,HepatitisB,9.03,01:03:54,2,8,163.52
2026-08-20,HepatitisB,9.08,01:04:24,2,8,163.53
2026-08-20,HepatitisB,12.61,01:04:54,2,8,163.54
2026-08-20,HepatitisB,14.14,01:05:24,2,8,163.55
2026-08-20,HepatitisB,10.79,01:05:54,2,8,163.56
2026-08-20,HepatitisB,13.49,01:06:24,2,8,163.57
2026-08-20,HepatitisB,17.11,01:06:54,2,8,163.58
2026-08-20,HepatitisB,14.45,01:07:24,2,8,163.59
2026-08-20,HepatitisB,9.39,01:07:54,2,8,163.6
2026-08-20,HepatitisB,16.02,01:08:24,2,8,163.62
2026-08-20,HepatitisB,6.26,01:08:54,2,8,0.0
2026-08-20,HepatitisB,17.8,01:09:24,2,8,163.64
2026-08-20,HepatitisB,3.12,01:09:54,2,8,0.0
2026-08-20,HepatitisB,17.03,01:10:24,2,8,163.66
2026-08-20,HepatitisB,3.05,01:10:54,2,8,0.0
2026-08-20,HepatitisB,14.91,01:11:24,2,8,163.68
2026-08-20,HepatitisB,2.76,01:11:54,2,8,0.0
2026-08-20,HepatitisB,13.02,01:12:24,2,8,163.7
2026-08-20,HepatitisB,7.31,01:12:54,2,8,0.0
2026-08-20,HepatitisB,17.96,01:13:24,2,8,163.72
2026-08-20,HepatitisB,5.29,01:13:54,2,8,0.0
2026-08-20,HepatitisB,2.37,01:14:24,2,8,0.0
2026-08-20,HepatitisB,11.97,01:14:54,2,8,163.76
2026-08-20,HepatitisB,17.95,01:15:24,2,8,163.77
2026-08-20,HepatitisB,9.88,01:15:54,2,8,163.78
2026-08-20,HepatitisB,12.57,01:16:24,2,8,163.79
2026-08-20,HepatitisB,13.63,01:16:54,2,8,163.8
2026-08-20,HepatitisB,17.58,01:17:24,2,8,163.81
2026-08-20,HepatitisB,17.92,01:17:54,2,8,163.82
2026-08-20,HepatitisB,4.0,01:18:24,2,8,0.0
2026-08-20,HepatitisB,4.03,01:18:54,2,8,0.0
2026-08-20,HepatitisB,11.91,01:19:24,2,8,163.85
2026-08-20,HepatitisB,15.96,01:19:54,2,8,163.87
2026-08-20,HepatitisB,5.89,01:20:24,2,8,0.0
2026-08-20,HepatitisB,13.53,01:20:54,2,8,163.89
2026-08-20,HepatitisB,5.28,01:21:24,2,8,0.0
2026-08-20,HepatitisB,13.32,01:21:54,2,8,163.91
2026-08-20,HepatitisB,16.73,01:22:24,2,8,163.92
2026-08-20,HepatitisB,15.51,01:22:54,2,8,163.93
2026-08-20,HepatitisB,12.38,01:23:24,2,8,163.94
2026-08-20,HepatitisB,13.72,01:23:54,2,8,163.95
2026-08-20,HepatitisB,13.16,01:24:24,2,8,163.96
2026-08-20,HepatitisB,3.18,01:24:54,2,8,0.0
2026-08-20,HepatitisB,9.19,01:25:24,2,8,163.98
2026-08-20,HepatitisB,15.97,01:25:54,2,8,164.0
2026-08-20,HepatitisB,4.64,01:26:24,2,8,0.0
2026-08-20,HepatitisB,9.65,01:26:54,2,8,164.02
2026-08-20,HepatitisB,5.82,01:27:24,2,8,0.0
2026-08-20,HepatitisB,5.96,01:27:54,2,8,0.0
2026-08-20,HepatitisB,14.08,01:28:24,2,8,164.05
2026-08-20,HepatitisB,10.13,01:28:54,2,8,164.06
2026-08-20,HepatitisB,7.05,01:29:24,2,8,0.0
2026-08-20,HepatitisB,5.08,01:29:54,2,8,0.0
2026-08-20,HepatitisB,6.88,01:30:24,2,8,0.0
2026-08-20,HepatitisB,14.3,01:30:54,2,8,164.1
2026-08-20,HepatitisB,10.81,01:31:24,2,8,164.11
2026-08-20,HepatitisB,12.11,01:31:54,2,8,164.12
2026-08-20,HepatitisB,10.52,01:32:24,2,8,164.14
2026-08-20,HepatitisB,14.16,01:32:54,2,8,164.15
2026-08-20,HepatitisB,2.95,01:33:24,2,8,0.0
2026-08-20,HepatitisB,4.39,01:33:54,2,8,0.0
2026-08-20,HepatitisB,6.86,01:34:24,2,8,0.0
2026-08-20,HepatitisB,15.47,01:34:54,2,8,164.19
2026-08-20,HepatitisB,3.96,01:35:24,2,8,0.0
2026-08-20,HepatitisB,9.48,01:35:54,2,8,164.21
2026-08-20,HepatitisB,16.61,01:36:24,2,8,164.22
2026-08-20,HepatitisB,9.95,01:36:54,2,8,164.23
2026-08-20,HepatitisB,7.77,01:37:24,2,8,0.0
2026-08-20,HepatitisB,7.61,01:37:54,2,8,0.0
2026-08-20,HepatitisB,5.98,01:38:24,2,8,0.0
2026-08-20,HepatitisB,3.97,01:38:54,2,8,0.0
2026-08-20,HepatitisB,10.7,01:39:24,2,8,164.29
2026-08-20,HepatitisB,10.92,01:39:54,2,8,164.3
2026-08-20,HepatitisB,6.35,01:40:24,2,8,0.0
2026-08-20,HepatitisB,12.3,01:40:54,2,8,164.32
2026-08-20,HepatitisB,16.26,01:41:24,2,8,164.33
2026-08-20,HepatitisB,9.21,01:41:54,2,8,164.34
2026-08-20,HepatitisB,7.7,01:42:24,2,8,0.0
2026-08-20,HepatitisB,6.21,01:42:54,2,8,0.0
2026-08-20,HepatitisB,4.39,01:43:24,2,8,0.0
2026-08-20,HepatitisB,14.66,01:43:54,2,8,164.39
2026-08-20,HepatitisB,10.58,01:44:24,2,8,164.4
2026-08-20,HepatitisB,2.11,01:44:54,2,8,0.0
2026-08-20,HepatitisB,4.87,01:45:24,2,8,0.0
2026-08-20,HepatitisB,7.16,01:45:54,2,8,0.0
2026-08-20,HepatitisB,2.55,01:46:24,2,8,0.0
2026-08-20,HepatitisB,4.02,01:46:54,2,8,0.0
2026-08-20,HepatitisB,9.19,01:47:24,2,8,164.46
2026-08-20,HepatitisB,14.37,01:47:54,2,8,164.47
2026-08-20,HepatitisB,10.14,01:48:24,2,8,164.48
2026-08-20,HepatitisB,17.98,01:48:54,2,8,164.49
2026-08-20,HepatitisB,10.19,01:49:24,2,8,164.5
2026-08-20,HepatitisB,16.64,01:49:54,2,8,164.52
2026-08-20,HepatitisB,2.02,01:50:24,2,8,0.0
2026-08-20,HepatitisB,16.06,01:50:54,2,8,164.54
2026-08-20,HepatitisB,10.36,01:51:24,2,8,164.55
2026-08-20,HepatitisB,3.38,01:51:54,2,8,0.0
2026-08-20,HepatitisB,7.55,01:52:24,2,8,0.0
2026-08-20,HepatitisB,3.39,01:52:54,2,8,0.0
2026-08-20,HepatitisB,2.72,01:53:24,2,8,0.0
2026-08-20,HepatitisB,10.66,01:53:54,2,8,164.6
2026-08-20,HepatitisB,13.12,01:54:24,2,8,164.61
2026-08-20,HepatitisB,13.29,01:54:54,2,8,164.62
2026-08-20,HepatitisB,2.67,01:55:24,2,8,0.0
2026-08-20,HepatitisB,3.76,01:55:54,2,8,0.0
2026-08-20,HepatitisB,6.77,01:56:24,2,8,0.0
2026-08-20,HepatitisB,3.48,01:56:54,2,8,0.0
2026-08-20,HepatitisB,12.72,01:57:24,2,8,164.68
2026-08-20,HepatitisB,2.86,01:57:54,2,8,0.0
2026-08-20,HepatitisB,6.17,01:58:24,2,8,0.0
2026-08-20,HepatitisB,5.42,01:58:54,2,8,0.0
2026-08-20,HepatitisB,10.95,01:59:24,2,8,164.72
2026-08-20,HepatitisB,11.2,01:59:54,2,8,164.73
2026-08-20,HepatitisB,12.03,02:00:24,2,8,164.74
2026-08-20,HepatitisB,4.05,02:00:54,2,8,0.0
2026-08-20,HepatitisB,2.13,02:01:24,2,8,0.0
2026-08-20,HepatitisB,6.72,02:01:54,2,8,0.0
2026-08-20,HepatitisB,13.62,02:02:24,2,8,164.79
2026-08-20,HepatitisB,4.38,02:02:54,2,8,0.0
2026-08-20,HepatitisB,11.62,02:03:24,2,8,164.81
2026-08-20,HepatitisB,15.82,02:03:54,2,8,164.82
2026-08-20,HepatitisB,2.0,02:04:24,2,8,0.0
2026-08-20,HepatitisB,12.59,02:04:54,2,8,164.84
2026-08-20,HepatitisB,5.79,02:05:24,2,8,0.0
2026-08-20,HepatitisB,11.71,02:05:54,2,8,164.86
2026-08-20,HepatitisB,9.44,02:06:24,2,8,164.87
2026-08-20,HepatitisB,12.33,02:06:54,2,8,164.88
2026-08-20,HepatitisB,15.31,02:07:24,2,8,164.89
2026-08-20,HepatitisB,9.81,02:07:54,2,8,164.91
2026-08-20,HepatitisB,17.27,02:08:24,2,8,164.92
2026-08-20,HepatitisB,2.14,02:08:54,2,8,0.0
2026-08-20,HepatitisB,7.13,02:09:24,2,8,0.0
2026-08-20,HepatitisB,2.68,02:09:54,2,8,0.0
2026-08-20,HepatitisB,2.97,02:10:24,2,8,0.0
2026-08-20,HepatitisB,6.34,02:10:54,2,8,0.0
2026-08-20,HepatitisB,3.34,02:11:24,2,8,0.0
2026-08-20,HepatitisB,4.35,02:11:54,2,8,0.0
2026-08-20,HepatitisB,14.53,02:12:24,2,8,165.0
2026-08-20,HepatitisB,10.39,02:12:54,2,8,165.01
2026-08-20,HepatitisB,7.4,02:13:24,2,8,0.0
2026-08-20,HepatitisB,16.78,02:13:54,2,8,165.03
2026-08-20,HepatitisB,15.31,02:14:24,2,8,165.05
2026-08-20,HepatitisB,12.89,02:14:54,2,8,165.06
2026-08-20,HepatitisB,14.63,02:15:24,2,8,165.07
2026-08-20,HepatitisB,9.71,02:15:54,2,8,165.08
2026-08-20,HepatitisB,4.71,02:16:24,2,8,0.0
2026-08-20,HepatitisB,11.34,02:16:54,2,8,165.1
2026-08-20,HepatitisB,16.17,02:17:24,2,8,165.11
2026-08-20,HepatitisB,7.57,02:17:54,2,8,0.0
2026-08-20,HepatitisB,12.94,02:18:24,2,8,165.13
2026-08-20,HepatitisB,11.52,02:18:54,2,8,165.14
2026-08-20,HepatitisB,11.12,02:19:24,2,8,165.15
2026-08-20,HepatitisB,6.37,02:19:54,2,8,0.0
2026-08-20,HepatitisB,12.6,02:20:24,2,8,165.18
2026-08-20,HepatitisB,4.1,02:20:54,2,8,0.0
2026-08-20,HepatitisB,13.62,02:21:24,2,8,165.2
2026-08-20,HepatitisB,5.51,02:21:54,2,8,0.0
2026-08-20,HepatitisB,12.56,02:22:24,2,8,165.22
2026-08-20,HepatitisB,17.21,02:22:54,2,8,165.23
2026-08-20,HepatitisB,5.13,02:23:24,2,8,0.0
2026-08-20,HepatitisB,5.14,02:23:54,2,8,0.0
2026-08-20,HepatitisB,6.61,02:24:24,2,8,0.0
2026-08-20,HepatitisB,15.2,02:24:54,2,8,165.27
2026-08-20,HepatitisB,17.06,02:25:24,2,8,165.28
2026-08-20,HepatitisB,11.15,02:25:54,2,8,165.3
2026-08-20,HepatitisB,6.29,02:26:24,2,8,0.0
2026-08-20,HepatitisB,10.71,02:26:54,2,8,165.32
2026-08-20,HepatitisB,16.46,02:27:24,2,8,165.33
2026-08-20,HepatitisB,5.11,02:27:54,2,8,0.0
2026-08-20,HepatitisB,9.72,02:28:24,2,8,165.35
2026-08-20,HepatitisB,6.53,02:28:54,2,8,0.0
2026-08-20,HepatitisB,15.11,02:29:24,2,8,165.37
2026-08-20,HepatitisB,7.7,02:29:54,2,8,0.0
2026-08-20,HepatitisB,15.63,02:30:24,2,8,165.39
2026-08-20,HepatitisB,16.92,02:30:54,2,8,165.4
2026-08-20,HepatitisB,10.01,02:31:24,2,8,165.41
2026-08-20,HepatitisB,10.51,02:31:54,2,8,165.43
2026-08-20,HepatitisB,13.02,02:32:24,2,8,165.44
2026-08-20,HepatitisB,13.04,02:32:54,2,8,165.45
2026-08-20,HepatitisB,15.96,02:33:24,2,8,165.46
2026-08-20,HepatitisB,5.25,02:33:54,2,8,0.0
2026-08-20,HepatitisB,3.96,02:34:24,2,8,0.0
2026-08-20,HepatitisB,16.48,02:34:54,2,8,165.49
2026-08-20,HepatitisB,14.25,02:35:24,2,8,165.5
2026-08-20,HepatitisB,11.69,02:35:54,2,8,165.51
2026-08-20,HepatitisB,9.48,02:36:24,2,8,165.52
2026-08-20,HepatitisB,3.99,02:36:54,2,8,0.0
2026-08-20,HepatitisB,13.26,02:37:24,2,8,165.54
2026-08-20,HepatitisB,2.99,02:37:54,2,8,0.0
2026-08-20,HepatitisB,12.26,02:38:24,2,8,165.57
2026-08-20,HepatitisB,12.92,02:38:54,2,8,165.58
2026-08-20,HepatitisB,17.75,02:39:24,2,8,165.59
2026-08-20,HepatitisB,7.1,02:39:54,2,8,0.0
2026-08-20,HepatitisB,3.42,02:40:24,2,8,0.0
2026-08-20,HepatitisB,15.69,02:40:54,2,8,165.62
2026-08-20,HepatitisB,11.67,02:41:24,2,8,165.63
2026-08-20,HepatitisB,16.0,02:41:54,2,8,165.64
2026-08-20,HepatitisB,3.84,02:42:24,2,8,0.0
2026-08-20,HepatitisB,7.48,02:42:54,2,8,0.0
2026-08-20,HepatitisB,3.49,02:43:24,2,8,0.0
2026-08-20,HepatitisB,10.13,02:43:54,2,8,165.69
2026-08-20,HepatitisB,6.26,02:44:24,2,8,0.0
2026-08-20,HepatitisB,14.56,02:44:54,2,8,165.71
2026-08-20,HepatitisB,14.48,02:45:24,2,8,165.72
2026-08-20,HepatitisB,6.95,02:45:54,2,8,0.0
2026-08-20,HepatitisB,2.56,02:46:24,2,8,0.0
2026-08-20,HepatitisB,3.89,02:46:54,2,8,0.0
2026-08-20,HepatitisB,5.98,02:47:24,2,8,0.0
2026-08-20,HepatitisB,16.53,02:47:54,2,8,165.77
2026-08-20,HepatitisB,15.15,02:48:24,2,8,165.78
2026-08-20,HepatitisB,13.24,02:48:54,2,8,165.79
2026-08-20,HepatitisB,3.05,02:49:24,2,8,0.0
2026-08-20,HepatitisB,12.82,02:49:54,2,8,165.81
2026-08-20,HepatitisB,10.24,02:50:24,2,8,165.83
2026-08-20,HepatitisB,14.3,02:50:54,2,8,165.84
2026-08-20,HepatitisB,4.07,02:51:24,2,8,0.0
2026-08-20,HepatitisB,3.46,02:51:54,2,8,0.0
2026-08-20,HepatitisB,12.9,02:52:24,2,8,165.87
2026-08-20,HepatitisB,10.87,02:52:54,2,8,165.88
2026-08-20,HepatitisB,10.39,02:53:24,2,8,165.89
2026-08-20,HepatitisB,10.76,02:53:54,2,8,165.9
2026-08-20,HepatitisB,13.34,02:54:24,2,8,165.91
2026-08-20,HepatitisB,13.47,02:54:54,2,8,165.92
2026-08-20,HepatitisB,7.59,02:55:24,2,8,0.0
2026-08-20,HepatitisB,9.42,02:55:54,2,8,165.95
2026-08-20,HepatitisB,14.05,02:56:24,2,8,165.96
2026-08-20,HepatitisB,6.39,02:56:54,2,8,0.0
2026-08-20,HepatitisB,15.26,02:57:24,2,8,165.98
2026-08-20,HepatitisB,9.5,02:57:54,2,8,165.99
2026-08-20,HepatitisB,7.52,02:58:24,2,8,0.0
2026-08-20,HepatitisB,16.2,02:58:54,2,8,166.01
2026-08-20,HepatitisB,16.89,02:59:24,2,8,166.02
2026-08-20,HepatitisB,12.73,02:59:54,2,8,166.03
2026-08-20,HepatitisB,9.18,03:00:24,2,8,166.04
2026-08-20,HepatitisB,5.77,03:00:54,2,8,0.0
2026-08-20,HepatitisB,11.94,03:01:24,2,8,166.06
2026-08-20,HepatitisB,16.44,03:01:54,2,8,166.08
2026-08-20,HepatitisB,16.7,03:02:24,2,8,166.09
2026-08-20,HepatitisB,14.73,03:02:54,2,8,166.1
2026-08-20,HepatitisB,7.53,03:03:24,2,8,0.0
2026-08-20,HepatitisB,9.6,03:03:54,2,8,166.12
2026-08-20,HepatitisB,12.86,03:04:24,2,8,166.13
2026-08-20,HepatitisB,4.84,03:04:54,2,8,0.0
2026-08-20,HepatitisB,16.36,03:05:24,2,8,166.15
2026-08-20,HepatitisB,9.07,03:05:54,2,8,166.16
2026-08-20,HepatitisB,10.49,03:06:24,2,8,166.17
2026-08-20,HepatitisB,15.67,03:06:54,2,8,166.18
2026-08-20,HepatitisB,12.24,03:07:24,2,8,166.19
2026-08-20,HepatitisB,17.57,03:07:54,2,8,166.2
2026-08-20,HepatitisB,5.45,03:08:24,2,8,0.0
2026-08-20,HepatitisB,13.34,03:08:54,2,8,166.23
2026-08-20,HepatitisB,11.32,03:09:24,2,8,166.24
2026-08-20,HepatitisB,3.42,03:09:54,2,8,0.0
2026-08-20,HepatitisB,14.69,03:10:24,2,8,166.26
2026-08-20,HepatitisB,12.79,03:10:54,2,8,166.27
2026-08-20,HepatitisB,15.44,03:11:24,2,8,166.28
2026-08-20,HepatitisB,14.68,03:11:54,2,8,166.29
2026-08-20,HepatitisB,15.07,03:12:24,2,8,166.3
2026-08-20,HepatitisB,9.69,03:12:54,2,8,166.31
2026-08-20,HepatitisB,17.61,03:13:24,2,8,166.32
2026-08-20,HepatitisB,2.9,03:13:54,2,8,0.0
2026-08-20,HepatitisB,6.57,03:14:24,2,8,0.0
2026-08-20,HepatitisB,9.55,03:14:54,2,8,166.36
2026-08-20,HepatitisB,4.39,03:15:24,2,8,0.0
2026-08-20,HepatitisB,12.81,03:15:54,2,8,166.38
2026-08-20,HepatitisB,2.22,03:16:24,2,8,0.0
2026-08-20,HepatitisB,13.61,03:16:54,2,8,166.4
2026-08-20,HepatitisB,10.99,03:17:24,2,8,166.41
2026-08-20,HepatitisB,5.83,03:17:54,2,8,0.0
2026-08-20,HepatitisB,3.73,03:18:24,2,8,0.0
2026-08-20,HepatitisB,17.21,03:18:54,2,8,166.44
2026-08-20,HepatitisB,12.05,03:19:24,2,8,166.45
2026-08-20,HepatitisB,7.0,03:19:54,2,8,0.0
2026-08-20,HepatitisB,12.0,03:20:24,2,8,166.48
2026-08-20,HepatitisB,10.76,03:20:54,2,8,166.49
2026-08-20,HepatitisB,16.37,03:21:24,2,8,166.5
2026-08-20,HepatitisB,14.02,03:21:54,2,8,166.51
2026-08-20,HepatitisB,12.84,03:22:24,2,8,166.52
2026-08-20,HepatitisB,4.78,03:22:54,2,8,0.0
2026-08-20,HepatitisB,2.47,03:23:24,2,8,0.0
2026-08-20,HepatitisB,3.08,03:23:54,2,8,0.0
2026-08-20,HepatitisB,4.45,03:24:24,2,8,0.0
2026-08-20,HepatitisB,13.87,03:24:54,2,8,166.57
2026-08-20,HepatitisB,3.41,03:25:24,2,8,0.0
2026-08-20,HepatitisB,5.71,03:25:54,2,8,0.0
2026-08-20,HepatitisB,6.21,03:26:24,2,8,0.0
2026-08-20,HepatitisB,10.11,03:26:54,2,8,166.62
2026-08-20,HepatitisB,14.87,03:27:24,2,8,166.63
2026-08-20,HepatitisB,2.13,03:27:54,2,8,0.0
2026-08-20,HepatitisB,9.91,03:28:24,2,8,166.65
2026-08-20,HepatitisB,16.86,03:28:54,2,8,166.66
2026-08-20,HepatitisB,17.98,03:29:24,2,8,166.67
2026-08-20,HepatitisB,14.11,03:29:54,2,8,166.68
2026-08-20,HepatitisB,17.92,03:30:24,2,8,166.69
2026-08-20,HepatitisB,14.22,03:30:54,2,8,166.7
2026-08-20,HepatitisB,17.11,03:31:24,2,8,166.71
2026-08-20,HepatitisB,4.51,03:31:54,2,8,0.0
2026-08-20,HepatitisB,9.55,03:32:24,2,8,166.74
2026-08-20,HepatitisB,13.04,03:32:54,2,8,166.75
2026-08-20,HepatitisB,2.79,03:33:24,2,8,0.0
2026-08-20,HepatitisB,13.0,03:33:54,2,8,166.77
2026-08-20,HepatitisB,17.15,03:34:24,2,8,166.78
2026-08-20,HepatitisB,6.98,03:34:54,2,8,0.0
2026-08-20,HepatitisB,15.22,03:35:24,2,8,166.8
2026-08-20,HepatitisB,15.44,03:35:54,2,8,166.81
2026-08-20,HepatitisB,16.3,03:36:24,2,8,166.82
2026-08-20,HepatitisB,16.5,03:36:54,2,8,166.83
2026-08-20,HepatitisB,17.05,03:37:24,2,8,166.84
2026-08-20,HepatitisB,17.36,03:37:54,2,8,166.85
2026-08-20,HepatitisB,17.6,03:38:24,2,8,166.87
2026-08-20,HepatitisB,2.4,03:38:54,2,8,0.0
2026-08-20,HepatitisB,10.86,03:39:24,2,8,166.89
2026-08-20,HepatitisB,5.15,03:39:54,2,8,0.0
2026-08-20,HepatitisB,16.27,03:40:24,2,8,166.91
2026-08-20,HepatitisB,15.5,03:40:54,2,8,166.92
2026-08-20,HepatitisB,14.29,03:41:24,2,8,166.93
2026-08-20,HepatitisB,16.47,03:41:54,2,8,166.94
2026-08-20,HepatitisB,13.14,03:42:24,2,8,166.95
2026-08-20,HepatitisB,13.38,03:42:54,2,8,166.96
2026-08-20,HepatitisB,4.2,03:43:24,2,8,0.0
2026-08-20,HepatitisB,2.16,03:43:54,2,8,0.0
2026-08-20,HepatitisB,15.84,03:44:24,2,8,167.0
2026-08-20,HepatitisB,6.41,03:44:54,2,8,0.0
2026-08-20,HepatitisB,7.6,03:45:24,2,8,0.0
2026-08-20,HepatitisB,14.34,03:45:54,2,8,167.03
2026-08-20,HepatitisB,4.54,03:46:24,2,8,0.0
2026-08-20,HepatitisB,13.17,03:46:54,2,8,167.05
2026-08-20,HepatitisB,12.52,03:47:24,2,8,167.06
2026-08-20,HepatitisB,5.65,03:47:54,2,8,0.0
2026-08-20,HepatitisB,2.68,03:48:24,2,8,0.0
2026-08-20,HepatitisB,17.45,03:48:54,2,8,167.09
2026-08-20,HepatitisB,15.86,03:49:24,2,8,167.1
2026-08-20,HepatitisB,16.11,03:49:54,2,8,167.12
2026-08-20,HepatitisB,15.31,03:50:24,2,8,167.13
2026-08-20,HepatitisB,16.43,03:50:54,2,8,167.14
2026-08-20,HepatitisB,16.83,03:51:24,2,8,167.15
2026-08-20,HepatitisB,11.43,03:51:54,2,8,167.16
2026-08-20,HepatitisB,16.73,03:52:24,2,8,167.17
2026-08-20,HepatitisB,10.8,03:52:54,2,8,167.18
2026-08-20,HepatitisB,14.6,03:53:24,2,8,167.19
2026-08-20,HepatitisB,10.97,03:53:54,2,8,167.2
2026-08-20,HepatitisB,16.37,03:54:24,2,8,167.21
2026-08-20,HepatitisB,3.49,03:54:54,2,8,0.0
2026-08-20,HepatitisB,13.27,03:55:24,2,8,167.23
2026-08-20,HepatitisB,17.44,03:55:54,2,8,167.25
2026-08-20,HepatitisB,7.94,03:56:24,2,8,0.0
2026-08-20,HepatitisB,3.12,03:56:54,2,8,0.0
2026-08-20,HepatitisB,13.18,03:57:24,2,8,167.28
2026-08-20,HepatitisB,17.57,03:57:54,2,8,167.29
2026-08-20,HepatitisB,14.4,03:58:24,2,8,167.3
2026-08-20,HepatitisB,16.58,03:58:54,2,8,167.31
2026-08-20,HepatitisB,13.83,03:59:24,2,8,167.32
2026-08-20,HepatitisB,5.37,03:59:54,2,8,0.0
2026-08-20,HepatitisB,13.04,04:00:24,2,8,167.34
2026-08-20,HepatitisB,7.05,04:00:54,2,8,0.0
2026-08-20,HepatitisB,2.68,04:01:24,2,8,0.0
2026-08-20,HepatitisB,17.09,04:01:54,2,8,167.38
2026-08-20,HepatitisB,7.4,04:02:24,2,8,0.0
2026-08-20,HepatitisB,4.36,04:02:54,2,8,0.0
2026-08-20,HepatitisB,15.38,04:03:24,2,8,167.41
2026-08-20,HepatitisB,11.98,04:03:54,2,8,167.42
2026-08-20,HepatitisB,5.82,04:04:24,2,8,0.0
2026-08-20,HepatitisB,17.45,04:04:54,2,8,167.44
2026-08-20,HepatitisB,2.85,04:05:24,2,8,0.0
2026-08-20,HepatitisB,3.97,04:05:54,2,8,0.0
2026-08-20,HepatitisB,9.3,04:06:24,2,8,167.47
2026-08-20,HepatitisB,5.01,04:06:54,2,8,0.0
2026-08-20,HepatitisB,11.23,04:07:24,2,8,167.49
2026-08-20,HepatitisB,14.25,04:07:54,2,8,167.5
2026-08-20,HepatitisB,6.0,04:08:24,2,8,0.0
2026-08-20,HepatitisB,6.85,04:08:54,2,8,0.0
2026-08-20,HepatitisB,9.78,04:09:24,2,8,167.54
2026-08-20,HepatitisB,13.02,04:09:54,2,8,167.55
2026-08-20,HepatitisB,13.06,04:10:24,2,8,167.56
2026-08-20,HepatitisB,14.51,04:10:54,2,8,167.57
2026-08-20,HepatitisB,16.93,04:11:24,2,8,167.58
2026-08-20,HepatitisB,6.72,04:11:54,2,8,0.0
2026-08-20,HepatitisB,13.61,04:12:24,2,8,167.6
2026-08-20,HepatitisB,9.64,04:12:54,2,8,167.61
2026-08-20,HepatitisB,17.86,04:13:24,2,8,167.62
2026-08-20,HepatitisB,7.56,04:13:54,2,8,0.0
2026-08-20,HepatitisB,11.27,04:14:24,2,8,167.65
2026-08-20,HepatitisB,11.09,04:14:54,2,8,167.66
2026-08-20,HepatitisB,15.74,04:15:24,2,8,167.67
2026-08-20,HepatitisB,2.45,04:15:54,2,8,0.0
2026-08-20,HepatitisB,6.28,04:16:24,2,8,0.0
2026-08-20,HepatitisB,12.31,04:16:54,2,8,167.7
2026-08-20,HepatitisB,7.92,04:17:24,2,8,0.0
2026-08-20,HepatitisB,10.18,04:17:54,2,8,167.72
2026-08-20,HepatitisB,4.59,04:18:24,2,8,0.0
2026-08-20,HepatitisB,9.36,04:18:54,2,8,167.74
2026-08-20,HepatitisB,14.24,04:19:24,2,8,167.75
2026-08-20,HepatitisB,13.16,04:19:54,2,8,167.77
2026-08-20,HepatitisB,14.98,04:20:24,2,8,167.78
2026-08-20,HepatitisB,5.08,04:20:54,2,8,0.0
2026-08-20,HepatitisB,9.14,04:21:24,2,8,167.8
2026-08-20,HepatitisB,4.35,04:21:54,2,8,0.0
2026-08-20,HepatitisB,5.43,04:22:24,2,8,0.0
2026-08-20,HepatitisB,4.9,04:22:54,2,8,0.0
2026-08-20,HepatitisB,11.29,04:23:24,2,8,167.84
2026-08-20,HepatitisB,3.97,04:23:54,2,8,0.0
2026-08-20,HepatitisB,16.57,04:24:24,2,8,167.86
2026-08-20,HepatitisB,11.25,04:24:54,2,8,167.87
2026-08-20,HepatitisB,3.71,04:25:24,2,8,0.0
2026-08-20,HepatitisB,3.51,04:25:54,2,8,0.0
2026-08-20,HepatitisB,15.75,04:26:24,2,8,167.91
2026-08-20,HepatitisB,7.01,04:26:54,2,8,0.0
2026-08-20,HepatitisB,14.88,04:27:24,2,8,167.93
2026-08-20,HepatitisB,17.52,04:27:54,2,8,167.94
2026-08-20,HepatitisB,17.41,04:28:24,2,8,167.95
2026-08-20,HepatitisB,6.77,04:28:54,2,8,0.0
2026-08-20,HepatitisB,11.64,04:29:24,2,8,167.97
2026-08-20,HepatitisB,6.6,04:29:54,2,8,0.0
2026-08-20,HepatitisB,6.24,04:30:24,2,8,0.0
2026-08-20,HepatitisB,17.84,04:30:54,2,8,168.0
2026-08-20,HepatitisB,15.15,04:31:24,2,8,168.01
2026-08-20,HepatitisB,13.01,04:31:54,2,8,168.03
2026-08-20,HepatitisB,10.25,04:32:24,2,8,168.04
2026-08-20,HepatitisB,15.38,04:32:54,2,8,168.05
2026-08-20,HepatitisB,4.05,04:33:24,2,8,0.0
2026-08-20,HepatitisB,7.31,04:33:54,2,8,0.0
2026-08-20,HepatitisB,3.45,04:34:24,2,8,0.0
2026-08-20,HepatitisB,5.62,04:34:54,2,8,0.0
2026-08-20,HepatitisB,9.07,04:35:24,2,8,168.1
2026-08-20,HepatitisB,11.33,04:35:54,2,8,168.11
2026-08-20,HepatitisB,14.48,04:36:24,2,8,168.12
2026-08-20,HepatitisB,16.1,04:36:54,2,8,168.13
2026-08-20,HepatitisB,14.93,04:37:24,2,8,168.14
2026-08-20,HepatitisB,2.63,04:37:54,2,8,0.0
2026-08-20,HepatitisB,15.21,04:38:24,2,8,168.17
2026-08-20,HepatitisB,6.03,04:38:54,2,8,0.0
2026-08-20,HepatitisB,16.02,04:39:24,2,8,168.19
2026-08-20,HepatitisB,4.74,04:39:54,2,8,0.0
2026-08-20,HepatitisB,5.56,04:40:24,2,8,0.0
2026-08-20,HepatitisB,13.2,04:40:54,2,8,168.22
2026-08-20,HepatitisB,11.18,04:41:24,2,8,168.23
2026-08-20,HepatitisB,13.33,04:41:54,2,8,168.24
2026-08-20,HepatitisB,11.55,04:42:24,2,8,168.25
2026-08-20,HepatitisB,15.3,04:42:54,2,8,168.26
2026-08-20,HepatitisB,17.0,04:43:24,2,8,168.27
2026-08-20,HepatitisB,7.32,04:43:54,2,8,0.0
2026-08-20,HepatitisB,10.94,04:44:24,2,8,168.3
2026-08-20,HepatitisB,7.48,04:44:54,2,8,0.0
2026-08-20,HepatitisB,2.07,04:45:24,2,8,0.0
2026-08-20,HepatitisB,15.4,04:45:54,2,8,168.33
2026-08-20,HepatitisB,4.65,04:46:24,2,8,0.0
2026-08-20,HepatitisB,7.05,04:46:54,2,8,0.0
2026-08-20,HepatitisB,11.27,04:47:24,2,8,168.36
2026-08-20,HepatitisB,5.11,04:47:54,2,8,0.0
2026-08-20,HepatitisB,13.83,04:48:24,2,8,168.38
2026-08-20,HepatitisB,11.37,04:48:54,2,8,168.39
2026-08-20,HepatitisB,11.67,04:49:24,2,8,168.4
2026-08-20,HepatitisB,15.47,04:49:54,2,8,168.42
2026-08-20,HepatitisB,15.09,04:50:24,2,8,168.43
2026-08-20,HepatitisB,9.07,04:50:54,2,8,168.44
2026-08-20,HepatitisB,14.44,04:51:24,2,8,168.45
2026-08-20,HepatitisB,2.77,04:51:54,2,8,0.0
2026-08-20,HepatitisB,7.95,04:52:24,2,8,0.0
2026-08-20,HepatitisB,7.53,04:52:54,2,8,0.0
2026-08-20,HepatitisB,12.1,04:53:24,2,8,168.49
2026-08-20,HepatitisB,17.59,04:53:54,2,8,168.5
2026-08-20,HepatitisB,12.49,04:54:24,2,8,168.51
2026-08-20,HepatitisB,15.69,04:54:54,2,8,168.52
2026-08-20,HepatitisB,2.42,04:55:24,2,8,0.0
2026-08-20,HepatitisB,4.2,04:55:54,2,8,0.0
2026-08-20,HepatitisB,5.33,04:56:24,2,8,0.0
2026-08-20,HepatitisB,9.58,04:56:54,2,8,168.57
2026-08-20,HepatitisB,14.21,04:57:24,2,8,168.58
2026-08-20,HepatitisB,13.96,04:57:54,2,8,168.59
2026-08-20,HepatitisB,13.19,04:58:24,2,8,168.6
2026-08-20,HepatitisB,12.99,04:58:54,2,8,168.61
2026-08-20,HepatitisB,4.87,04:59:24,2,8,0.0
2026-08-20,HepatitisB,4.11,04:59:54,2,8,0.0
2026-08-20,HepatitisB,15.91,05:00:24,2,8,168.64
2026-08-20,HepatitisB,5.38,05:00:54,2,8,0.0
2026-08-20,HepatitisB,7.54,05:01:24,2,8,0.0
2026-08-20,HepatitisB,3.25,05:01:54,2,8,0.0
2026-08-20,HepatitisB,4.45,05:02:24,2,8,0.0
2026-08-20,HepatitisB,5.68,05:02:54,2,8,0.0
2026-08-20,HepatitisB,3.24,05:03:24,2,8,0.0
2026-08-20,HepatitisB,17.44,05:03:54,2,8,168.72
2026-08-20,HepatitisB,9.7,05:04:24,2,8,168.73
2026-08-20,HepatitisB,7.63,05:04:54,2,8,0.0
2026-08-20,HepatitisB,14.63,05:05:24,2,8,168.75
2026-08-20,HepatitisB,4.95,05:05:54,2,8,0.0
2026-08-20,HepatitisB,13.54,05:06:24,2,8,168.77
2026-08-20,HepatitisB,6.85,05:06:54,2,8,0.0
2026-08-20,HepatitisB,10.95,05:07:24,2,8,168.79
2026-08-20,HepatitisB,5.38,05:07:54,2,8,0.0
2026-08-20,HepatitisB,4.98,05:08:24,2,8,0.0
2026-08-20,HepatitisB,13.25,05:08:54,2,8,168.83
2026-08-20,HepatitisB,16.64,05:09:24,2,8,168.84
2026-08-20,HepatitisB,5.84,05:09:54,2,8,0.0
2026-08-20,HepatitisB,9.69,05:10:24,2,8,168.86
2026-08-20,HepatitisB,17.0,05:10:54,2,8,168.87
2026-08-20,HepatitisB,17.73,05:11:24,2,8,168.88
2026-08-20,HepatitisB,11.24,05:11:54,2,8,168.89
2026-08-20,HepatitisB,6.7,05:12:24,2,8,0.0
2026-08-20,HepatitisB,5.3,05:12:54,2,8,0.0
2026-08-20,HepatitisB,4.54,05:13:24,2,8,0.0
2026-08-20,HepatitisB,2.15,05:13:54,2,8,0.0
2026-08-20,HepatitisB,16.35,05:14:24,2,8,168.95
2026-08-20,HepatitisB,6.37,05:14:54,2,8,0.0
2026-08-20,HepatitisB,9.58,05:15:24,2,8,168.97
2026-08-20,HepatitisB,2.28,05:15:54,2,8,0.0
2026-08-20,HepatitisB,7.28,05:16:24,2,8,0.0
2026-08-20,HepatitisB,2.57,05:16:54,2,8,0.0
2026-08-20,HepatitisB,11.9,05:17:24,2,8,169.01
2026-08-20,HepatitisB,5.62,05:17:54,2,8,0.0
2026-08-20,HepatitisB,15.57,05:18:24,2,8,169.03
2026-08-20,HepatitisB,9.34,05:18:54,2,8,169.04
2026-08-20,HepatitisB,10.96,05:19:24,2,8,169.05
2026-08-20,HepatitisB,14.51,05:19:54,2,8,169.07
2026-08-20,HepatitisB,17.47,05:20:24,2,8,169.08
2026-08-20,HepatitisB,5.28,05:20:54,2,8,0.0
2026-08-20,HepatitisB,2.11,05:21:24,2,8,0.0
2026-08-20,HepatitisB,5.04,05:21:54,2,8,0.0
2026-08-20,HepatitisB,16.48,05:22:24,2,8,169.12
2026-08-20,HepatitisB,13.93,05:22:54,2,8,169.13
2026-08-20,HepatitisB,15.46,05:23:24,2,8,169.14
2026-08-20,HepatitisB,17.42,05:23:54,2,8,169.15
2026-08-20,HepatitisB,6.95,05:24:24,2,8,0.0
2026-08-20,HepatitisB,17.77,05:24:54,2,8,169.17
2026-08-20,HepatitisB,2.45,05:25:24,2,8,0.0
2026-08-20,HepatitisB,10.1,05:25:54,2,8,169.2
2026-08-20,HepatitisB,11.05,05:26:24,2,8,169.21
2026-08-20,HepatitisB,14.41,05:26:54,2,8,169.22
2026-08-20,HepatitisB,7.24,05:27:24,2,8,0.0
2026-08-20,HepatitisB,16.14,05:27:54,2,8,169.24
2026-08-20,HepatitisB,13.3,05:28:24,2,8,169.25
2026-08-20,HepatitisB,2.37,05:28:54,2,8,0.0
2026-08-20,HepatitisB,16.29,05:29:24,2,8,169.27
2026-08-20,HepatitisB,4.98,05:29:54,2,8,0.0
2026-08-20,HepatitisB,15.83,05:30:24,2,8,169.29
2026-08-20,HepatitisB,4.85,05:30:54,2,8,0.0
2026-08-20,HepatitisB,15.02,05:31:24,2,8,169.31
2026-08-20,HepatitisB,10.13,05:31:54,2,8,169.33
2026-08-20,HepatitisB,11.22,05:32:24,2,8,169.34
2026-08-20,HepatitisB,6.69,05:32:54,2,8,0.0
2026-08-20,HepatitisB,6.05,05:33:24,2,8,0.0
2026-08-20,HepatitisB,2.74,05:33:54,2,8,0.0
2026-08-20,HepatitisB,6.24,05:34:24,2,8,0.0
2026-08-20,HepatitisB,2.75,05:34:54,2,8,0.0
2026-08-20,HepatitisB,5.2,05:35:24,2,8,0.0
2026-08-20,HepatitisB,12.76,05:35:54,2,8,169.41
2026-08-20,HepatitisB,2.63,05:36:24,2,8,0.0
2026-08-20,HepatitisB,11.65,05:36:54,2,8,169.43
2026-08-20,HepatitisB,10.7,05:37:24,2,8,169.44
2026-08-20,HepatitisB,11.92,05:37:54,2,8,169.46
2026-08-20,HepatitisB,10.21,05:38:24,2,8,169.47
2026-08-20,HepatitisB,11.31,05:38:54,2,8,169.48
2026-08-20,HepatitisB,7.83,05:39:24,2,8,0.0
2026-08-20,HepatitisB,11.21,05:39:54,2,8,169.5
2026-08-20,HepatitisB,16.61,05:40:24,2,8,169.51
2026-08-20,HepatitisB,11.75,05:40:54,2,8,169.52
2026-08-20,HepatitisB,7.65,05:41:24,2,8,0.0
2026-08-20,HepatitisB,16.33,05:41:54,2,8,169.54
2026-08-20,HepatitisB,2.49,05:42:24,2,8,0.0
2026-08-20,HepatitisB,10.87,05:42:54,2,8,169.56
2026-08-20,HepatitisB,5.63,05:43:24,2,8,0.0
2026-08-20,HepatitisB,3.42,05:43:54,2,8,0.0
2026-08-20,HepatitisB,11.05,05:44:24,2,8,169.6
2026-08-20,HepatitisB,5.46,05:44:54,2,8,0.0
2026-08-20,HepatitisB,15.69,05:45:24,2,8,169.62
2026-08-20,HepatitisB,13.69,05:45:54,2,8,169.63
2026-08-20,HepatitisB,17.59,05:46:24,2,8,169.64
2026-08-20,HepatitisB,14.8,05:46:54,2,8,169.65
2026-08-20,HepatitisB,13.5,05:47:24,2,8,169.66
2026-08-20,HepatitisB,16.39,05:47:54,2,8,169.67
2026-08-20,HepatitisB,17.41,05:48:24,2,8,169.68
2026-08-20,HepatitisB,14.5,05:48:54,2,8,169.69
2026-08-20,HepatitisB,5.55,05:49:24,2,8,0.0
2026-08-20,HepatitisB,9.32,05:49:54,2,8,169.72
2026-08-20,HepatitisB,6.9,05:50:24,2,8,0.0
2026-08-20,HepatitisB,13.57,05:50:54,2,8,169.74
2026-08-20,HepatitisB,13.39,05:51:24,2,8,169.75
2026-08-20,HepatitisB,11.96,05:51:54,2,8,169.76
2026-08-20,HepatitisB,4.46,05:52:24,2,8,0.0
2026-08-20,HepatitisB,3.6,05:52:54,2,8,0.0
2026-08-20,HepatitisB,9.53,05:53:24,2,8,169.79
2026-08-20,HepatitisB,11.37,05:53:54,2,8,169.8
2026-08-20,HepatitisB,16.2,05:54:24,2,8,169.81
2026-08-20,HepatitisB,6.43,05:54:54,2,8,0.0
2026-08-20,HepatitisB,10.72,05:55:24,2,8,169.83
2026-08-20,HepatitisB,14.28,05:55:54,2,8,169.85
2026-08-20,HepatitisB,16.66,05:56:24,2,8,169.86
2026-08-20,HepatitisB,16.91,05:56:54,2,8,169.87
2026-08-20,HepatitisB,11.89,05:57:24,2,8,169.88
2026-08-20,HepatitisB,14.28,05:57:54,2,8,169.89
2026-08-20,HepatitisB,5.57,05:58:24,2,8,0.0
2026-08-20,HepatitisB,16.93,05:58:54,2,8,169.91
2026-08-20,HepatitisB,3.31,05:59:24,2,8,0.0
2026-08-20,HepatitisB,13.21,05:59:54,2,8,169.93
2026-08-20,HepatitisB,15.85,06:00:24,2,8,169.94
2026-08-20,HepatitisB,17.98,06:00:54,2,8,169.95
2026-08-20,HepatitisB,15.68,06:01:24,2,8,169.96
2026-08-20,HepatitisB,3.6,06:01:54,2,8,0.0
2026-08-20,HepatitisB,16.66,06:02:24,2,8,169.99
2026-08-20,HepatitisB,16.24,06:02:54,2,8,170.0
2026-08-20,HepatitisB,6.56,06:03:24,2,8,0.0
2026-08-20,HepatitisB,9.12,06:03:54,2,8,170.02
2026-08-20,HepatitisB,9.08,06:04:24,2,8,170.03
2026-08-20,HepatitisB,5.66,06:04:54,2,8,0.0
2026-08-20,HepatitisB,12.5,06:05:24,2,8,170.05
2026-08-20,HepatitisB,13.3,06:05:54,2,8,170.06
2026-08-20,HepatitisB,16.86,06:06:24,2,8,170.07
2026-08-20,HepatitisB,6.73,06:06:54,2,8,0.0
2026-08-20,HepatitisB,17.79,06:07:24,2,8,170.09
2026-08-20,HepatitisB,9.81,06:07:54,2,8,170.1
2026-08-20,HepatitisB,15.92,06:08:24,2,8,170.12
2026-08-20,HepatitisB,7.73,06:08:54,2,8,0.0
2026-08-20,HepatitisB,3.79,06:09:24,2,8,0.0
2026-08-20,HepatitisB,3.11,06:09:54,2,8,0.0
2026-08-20,HepatitisB,14.37,06:10:24,2,8,170.16
2026-08-20,HepatitisB,14.28,06:10:54,2,8,170.17
2026-08-20,HepatitisB,6.78,06:11:24,2,8,0.0
2026-08-20,HepatitisB,5.44,06:11:54,2,8,0.0
2026-08-20,HepatitisB,16.05,06:12:24,2,8,170.2
2026-08-20,HepatitisB,12.55,06:12:54,2,8,170.21
2026-08-20,HepatitisB,17.94,06:13:24,2,8,170.22
2026-08-20,HepatitisB,15.29,06:13:54,2,8,170.23
2026-08-20,HepatitisB,6.0,06:14:24,2,8,0.0
2026-08-20,HepatitisB,10.37,06:14:54,2,8,170.26
2026-08-20,HepatitisB,15.05,06:15:24,2,8,170.27
2026-08-20,HepatitisB,2.92,06:15:54,2,8,0.0
2026-08-20,HepatitisB,15.5,06:16:24,2,8,170.29
2026-08-20,HepatitisB,7.09,06:16:54,2,8,0.0
2026-08-20,HepatitisB,14.65,06:17:24,2,8,170.31
2026-08-20,HepatitisB,14.14,06:17:54,2,8,170.32
2026-08-20,HepatitisB,5.08,06:18:24,2,8,0.0
2026-08-20,HepatitisB,14.56,06:18:54,2,8,170.34
2026-08-20,HepatitisB,3.54,06:19:24,2,8,0.0
2026-08-20,HepatitisB,17.25,06:19:54,2,8,170.37
2026-08-20,HepatitisB,9.35,06:20:24,2,8,170.38
2026-08-20,HepatitisB,3.67,06:20:54,2,8,0.0
2026-08-20,HepatitisB,14.28,06:21:24,2,8,170.4
2026-08-20,HepatitisB,9.36,06:21:54,2,8,170.41
2026-08-20,HepatitisB,10.32,06:22:24,2,8,170.42
2026-08-20,HepatitisB,13.4,06:22:54,2,8,170.43
2026-08-20,HepatitisB,3.49,06:23:24,2,8,0.0
2026-08-20,HepatitisB,6.37,06:23:54,2,8,0.0
2026-08-20,HepatitisB,13.56,06:24:24,2,8,170.46
2026-08-20,HepatitisB,10.19,06:24:54,2,8,170.47
2026-08-20,HepatitisB,7.42,06:25:24,2,8,0.0
2026-08-20,HepatitisB,16.14,06:25:54,2,8,170.5
2026-08-20,HepatitisB,5.84,06:26:24,2,8,0.0
2026-08-20,HepatitisB,12.45,06:26:54,2,8,170.52
2026-08-20,HepatitisB,12.24,06:27:24,2,8,170.53
2026-08-20,HepatitisB,9.7,06:27:54,2,8,170.54
2026-08-20,HepatitisB,17.9,06:28:24,2,8,170.55
2026-08-20,HepatitisB,7.54,06:28:54,2,8,0.0
2026-08-20,HepatitisB,16.22,06:29:24,2,8,170.57
2026-08-20,HepatitisB,10.97,06:29:54,2,8,170.58
2026-08-20,HepatitisB,15.83,06:30:24,2,8,170.59
2026-08-20,HepatitisB,11.97,06:30:54,2,8,170.6
2026-08-20,HepatitisB,15.67,06:31:24,2,8,170.61
2026-08-20,HepatitisB,17.35,06:31:54,2,8,170.62
2026-08-20,HepatitisB,16.83,06:32:24,2,8,170.64
2026-08-20,HepatitisB,9.33,06:32:54,2,8,170.65
2026-08-20,HepatitisB,17.25,06:33:24,2,8,170.66
2026-08-20,HepatitisB,9.92,06:33:54,2,8,170.67
2026-08-20,HepatitisB,17.13,06:34:24,2,8,170.68
2026-08-20,HepatitisB,13.7,06:34:54,2,8,170.69
2026-08-20,HepatitisB,3.82,06:35:24,2,8,0.0
2026-08-20,HepatitisB,16.34,06:35:54,2,8,170.71
2026-08-20,HepatitisB,6.05,06:36:24,2,8,0.0
2026-08-20,HepatitisB,11.61,06:36:54,2,8,170.73
2026-08-20,HepatitisB,9.85,06:37:24,2,8,170.74
2026-08-20,HepatitisB,4.87,06:37:54,2,8,0.0
2026-08-20,HepatitisB,4.2,06:38:24,2,8,0.0
2026-08-20,HepatitisB,15.22,06:38:54,2,8,170.78
2026-08-20,HepatitisB,9.79,06:39:24,2,8,170.79
2026-08-20,HepatitisB,2.29,06:39:54,2,8,0.0
2026-08-20,HepatitisB,12.72,06:40:24,2,8,170.81
2026-08-20,HepatitisB,11.55,06:40:54,2,8,170.82
2026-08-20,HepatitisB,13.61,06:41:24,2,8,170.83
2026-08-20,HepatitisB,9.29,06:41:54,2,8,170.84
2026-08-20,HepatitisB,12.69,06:42:24,2,8,170.85
2026-08-20,HepatitisB,4.7,06:42:54,2,8,0.0
2026-08-20,HepatitisB,10.29,06:43:24,2,8,170.87
2026-08-20,HepatitisB,13.38,06:43:54,2,8,170.88
2026-08-20,HepatitisB,3.87,06:44:24,2,8,0.0
2026-08-20,HepatitisB,4.61,06:44:54,2,8,0.0
2026-08-20,HepatitisB,11.38,06:45:24,2,8,170.92
2026-08-20,HepatitisB,14.17,06:45:54,2,8,170.93
2026-08-20,HepatitisB,10.59,06:46:24,2,8,170.94
2026-08-20,HepatitisB,11.99,06:46:54,2,8,170.95
2026-08-20,HepatitisB,5.52,06:47:24,2,8,0.0
2026-08-20,HepatitisB,12.74,06:47:54,2,8,170.97
2026-08-20,HepatitisB,5.4,06:48:24,2,8,0.0
2026-08-20,HepatitisB,16.24,06:48:54,2,8,170.99
2026-08-20,HepatitisB,17.55,06:49:24,2,8,171.0
2026-08-20,HepatitisB,17.19,06:49:54,2,8,171.02
2026-08-20,HepatitisB,15.02,06:50:24,2,8,171.03
2026-08-20,HepatitisB,2.24,06:50:54,2,8,0.0
2026-08-20,HepatitisB,13.16,06:51:24,2,8,171.05
2026-08-20,HepatitisB,3.06,06:51:54,2,8,0.0
2026-08-20,HepatitisB,6.27,06:52:24,2,8,0.0
2026-08-20,HepatitisB,12.75,06:52:54,2,8,171.08
2026-08-20,HepatitisB,13.67,06:53:24,2,8,171.09
2026-08-20,HepatitisB,4.3,06:53:54,2,8,0.0
2026-08-20,HepatitisB,11.69,06:54:24,2,8,171.11
2026-08-20,HepatitisB,14.08,06:54:54,2,8,171.12
2026-08-20,HepatitisB,10.45,06:55:24,2,8,171.13
2026-08-20,HepatitisB,7.15,06:55:54,2,8,0.0
2026-08-20,HepatitisB,3.72,06:56:24,2,8,0.0
2026-08-20,HepatitisB,6.88,06:56:54,2,8,0.0
2026-08-20,HepatitisB,4.74,06:57:24,2,8,0.0
2026-08-20,HepatitisB,6.56,06:57:54,2,8,0.0
2026-08-20,HepatitisB,13.73,06:58:24,2,8,171.2
2026-08-20,HepatitisB,6.78,06:58:54,2,8,0.0
2026-08-20,HepatitisB,6.69,06:59:24,2,8,0.0
2026-08-20,HepatitisB,6.51,06:59:54,2,8,0.0
2026-08-20,HepatitisB,15.45,07:00:24,2,8,171.24
2026-08-20,HepatitisB,11.08,07:00:54,2,8,171.25
2026-08-20,HepatitisB,13.18,07:01:24,2,8,171.26
2026-08-20,HepatitisB,11.04,07:01:54,2,8,171.28
2026-08-20,HepatitisB,11.88,07:02:24,2,8,171.29
2026-08-20,HepatitisB,17.07,07:02:54,2,8,171.3
2026-08-20,HepatitisB,12.84,07:03:24,2,8,171.31
2026-08-20,HepatitisB,13.55,07:03:54,2,8,171.32
2026-08-20,HepatitisB,12.58,07:04:24,2,8,171.33
2026-08-20,HepatitisB,16.09,07:04:54,2,8,171.34
2026-08-20,HepatitisB,13.91,07:05:24,2,8,171.35
2026-08-20,HepatitisB,10.87,07:05:54,2,8,171.36
2026-08-20,HepatitisB,11.72,07:06:24,2,8,171.37
2026-08-20,HepatitisB,7.49,07:06:54,2,8,0.0
2026-08-20,HepatitisB,10.21,07:07:24,2,8,171.39
2026-08-20,HepatitisB,7.59,07:07:54,2,8,0.0
2026-08-20,HepatitisB,12.33,07:08:24,2,8,171.42
2026-08-20,HepatitisB,17.61,07:08:54,2,8,171.43
2026-08-20,HepatitisB,17.17,07:09:24,2,8,171.44
2026-08-20,HepatitisB,14.96,07:09:54,2,8,171.45
2026-08-20,HepatitisB,16.13,07:10:24,2,8,171.46
2026-08-20,HepatitisB,3.17,07:10:54,2,8,0.0
2026-08-20,HepatitisB,10.08,07:11:24,2,8,171.48
2026-08-20,HepatitisB,12.27,07:11:54,2,8,171.49
2026-08-20,HepatitisB,10.91,07:12:24,2,8,171.5
2026-08-20,HepatitisB,7.41,07:12:54,2,8,0.0
2026-08-20,HepatitisB,10.15,07:13:24,2,8,171.52
2026-08-20,HepatitisB,6.9,07:13:54,2,8,0.0
2026-08-20,HepatitisB,17.98,07:14:24,2,8,171.55
2026-08-20,HepatitisB,15.94,07:14:54,2,8,171.56
2026-08-20,HepatitisB,9.05,07:15:24,2,8,171.57
2026-08-20,HepatitisB,9.34,07:15:54,2,8,171.58
2026-08-20,HepatitisB,4.44,07:16:24,2,8,0.0
2026-08-20,HepatitisB,11.58,07:16:54,2,8,171.6
2026-08-20,HepatitisB,12.37,07:17:24,2,8,171.61
2026-08-20,HepatitisB,11.06,07:17:54,2,8,171.62
2026-08-20,HepatitisB,7.66,07:18:24,2,8,0.0
2026-08-20,HepatitisB,17.92,07:18:54,2,8,171.64
2026-08-20,HepatitisB,3.8,07:19:24,2,8,0.0
2026-08-20,HepatitisB,7.66,07:19:54,2,8,0.0
2026-08-20,HepatitisB,17.67,07:20:24,2,8,171.68
2026-08-20,HepatitisB,15.34,07:20:54,2,8,171.69
2026-08-20,HepatitisB,10.45,07:21:24,2,8,171.7
2026-08-20,HepatitisB,3.97,07:21:54,2,8,0.0
2026-08-20,HepatitisB,17.09,07:22:24,2,8,171.72
2026-08-20,HepatitisB,6.31,07:22:54,2,8,0.0
2026-08-20,HepatitisB,16.76,07:23:24,2,8,171.74
2026-08-20,HepatitisB,14.75,07:23:54,2,8,171.75
2026-08-20,HepatitisB,9.76,07:24:24,2,8,171.76
2026-08-20,HepatitisB,5.34,07:24:54,2,8,0.0
2026-08-20,HepatitisB,16.2,07:25:24,2,8,171.78
2026-08-20,HepatitisB,3.18,07:25:54,2,8,0.0
2026-08-20,HepatitisB,14.6,07:26:24,2,8,171.81
2026-08-20,HepatitisB,12.34,07:26:54,2,8,171.82
2026-08-20,HepatitisB,10.37,07:27:24,2,8,171.83
2026-08-20,HepatitisB,4.55,07:27:54,2,8,0.0
2026-08-20,HepatitisB,5.24,07:28:24,2,8,0.0
2026-08-20,HepatitisB,6.68,07:28:54,2,8,0.0
2026-08-20,HepatitisB,9.49,07:29:24,2,8,171.87
2026-08-20,HepatitisB,16.91,07:29:54,2,8,171.88
2026-08-20,HepatitisB,16.4,07:30:24,2,8,171.89
2026-08-20,HepatitisB,13.45,07:30:54,2,8,171.9
2026-08-20,HepatitisB,12.41,07:31:24,2,8,171.91
2026-08-20,HepatitisB,16.72,07:31:54,2,8,171.93
2026-08-20,HepatitisB,11.83,07:32:24,2,8,171.94
2026-08-20,HepatitisB,15.32,07:32:54,2,8,171.95
2026-08-20,HepatitisB,14.45,07:33:24,2,8,171.96
2026-08-20,HepatitisB,14.51,07:33:54,2,8,171.97
2026-08-20,HepatitisB,6.32,07:34:24,2,8,0.0
2026-08-20,HepatitisB,10.22,07:34:54,2,8,171.99
2026-08-20,HepatitisB,16.26,07:35:24,2,8,172.0
2026-08-20,HepatitisB,12.45,07:35:54,2,8,172.01
2026-08-20,HepatitisB,13.63,07:36:24,2,8,172.02
2026-08-20,HepatitisB,6.93,07:36:54,2,8,0.0
2026-08-20,HepatitisB,17.69,07:37:24,2,8,172.04
2026-08-20,HepatitisB,12.14,07:37:54,2,8,172.06
2026-08-20,HepatitisB,17.16,07:38:24,2,8,172.07
2026-08-20,HepatitisB,10.77,07:38:54,2,8,172.08
2026-08-20,HepatitisB,5.89,07:39:24,2,8,0.0
2026-08-20,HepatitisB,10.46,07:39:54,2,8,172.1
2026-08-20,HepatitisB,14.42,07:40:24,2,8,172.11
2026-08-20,HepatitisB,6.79,07:40:54,2,8,0.0
2026-08-20,HepatitisB,15.6,07:41:24,2,8,172.13
2026-08-20,HepatitisB,5.9,07:41:54,2,8,0.0
2026-08-20,HepatitisB,17.91,07:42:24,2,8,172.15
2026-08-20,HepatitisB,17.34,07:42:54,2,8,172.16
2026-08-20,HepatitisB,15.17,07:43:24,2,8,172.17
2026-08-20,HepatitisB,17.77,07:43:54,2,8,172.19
2026-08-20,HepatitisB,17.82,07:44:24,2,8,172.2
2026-08-20,HepatitisB,10.79,07:44:54,2,8,172.21
2026-08-20,HepatitisB,12.27,07:45:24,2,8,172.22
2026-08-20,HepatitisB,14.49,07:45:54,2,8,172.23
2026-08-20,HepatitisB,11.15,07:46:24,2,8,172.24
2026-08-20,HepatitisB,9.23,07:46:54,2,8,172.25
2026-08-20,HepatitisB,2.47,07:47:24,2,8,0.0
2026-08-20,HepatitisB,16.8,07:47:54,2,8,172.27
2026-08-20,HepatitisB,11.27,07:48:24,2,8,172.28
2026-08-20,HepatitisB,16.1,07:48:54,2,8,172.29
2026-08-20,HepatitisB,12.4,07:49:24,2,8,172.3
2026-08-20,HepatitisB,6.73,07:49:54,2,8,0.0
2026-08-20,HepatitisB,13.15,07:50:24,2,8,172.33
2026-08-20,HepatitisB,7.08,07:50:54,2,8,0.0
2026-08-20,HepatitisB,15.78,07:51:24,2,8,172.35
2026-08-20,HepatitisB,13.09,07:51:54,2,8,172.36
2026-08-20,HepatitisB,7.76,07:52:24,2,8,0.0
2026-08-20,HepatitisB,14.81,07:52:54,2,8,172.38
2026-08-20,HepatitisB,16.04,07:53:24,2,8,172.39
2026-08-20,HepatitisB,15.39,07:53:54,2,8,172.4
2026-08-20,HepatitisB,2.11,07:54:24,2,8,0.0
2026-08-20,HepatitisB,7.31,07:54:54,2,8,0.0
2026-08-20,HepatitisB,17.58,07:55:24,2,8,172.43
2026-08-20,HepatitisB,13.2,07:55:54,2,8,172.45
2026-08-20,HepatitisB,3.58,07:56:24,2,8,0.0
2026-08-20,HepatitisB,14.92,07:56:54,2,8,172.47
2026-08-20,HepatitisB,17.55,07:57:24,2,8,172.48
2026-08-20,HepatitisB,9.92,07:57:54,2,8,172.49
2026-08-20,HepatitisB,6.66,07:58:24,2,8,0.0
2026-08-20,HepatitisB,12.03,07:58:54,2,8,172.51
2026-08-20,HepatitisB,11.17,07:59:24,2,8,172.52
2026-08-20,HepatitisB,11.02,07:59:54,2,8,172.53
2026-08-20,HepatitisB,16.2,08:00:24,2,8,172.54
2026-08-20,HepatitisB,7.21,08:00:54,2,8,0.0
2026-08-20,HepatitisB,3.43,08:01:24,2,8,0.0
2026-08-20,HepatitisB,11.28,08:01:54,2,8,172.58
2026-08-20,HepatitisB,11.49,08:02:24,2,8,172.59
2026-08-20,HepatitisB,10.92,08:02:54,2,8,172.6
2026-08-20,HepatitisB,5.21,08:03:24,2,8,0.0
2026-08-20,HepatitisB,17.59,08:03:54,2,8,172.62
2026-08-20,HepatitisB,11.06,08:04:24,2,8,172.63
2026-08-20,HepatitisB,3.95,08:04:54,2,8,0.0
2026-08-20,HepatitisB,10.37,08:05:24,2,8,172.65
2026-08-20,HepatitisB,5.56,08:05:54,2,8,0.0
2026-08-20,HepatitisB,2.79,08:06:24,2,8,0.0
2026-08-20,HepatitisB,9.86,08:06:54,2,8,172.68
2026-08-20,HepatitisB,16.87,08:07:24,2,8,172.69
2026-08-20,HepatitisB,3.05,08:07:54,2,8,0.0
2026-08-20,HepatitisB,11.08,08:08:24,2,8,172.72
2026-08-20,HepatitisB,13.97,08:08:54,2,8,172.73
2026-08-20,HepatitisB,3.15,08:09:24,2,8,0.0
2026-08-20,HepatitisB,6.54,08:09:54,2,8,0.0
2026-08-20,HepatitisB,15.43,08:10:24,2,8,172.76
2026-08-20,HepatitisB,3.73,08:10:54,2,8,0.0
2026-08-20,HepatitisB,12.0,08:11:24,2,8,172.78
2026-08-20,HepatitisB,15.75,08:11:54,2,8,172.79
2026-08-20,HepatitisB,13.72,08:12:24,2,8,172.8
2026-08-20,HepatitisB,12.86,08:12:54,2,8,172.81
2026-08-20,HepatitisB,10.56,08:13:24,2,8,172.82
2026-08-20,HepatitisB,15.8,08:13:54,2,8,172.83
2026-08-20,HepatitisB,12.33,08:14:24,2,8,172.85
2026-08-20,HepatitisB,13.43,08:14:54,2,8,172.86
2026-08-20,HepatitisB,3.98,08:15:24,2,8,0.0
2026-08-20,HepatitisB,17.93,08:15:54,2,8,172.88
2026-08-20,HepatitisB,15.2,08:16:24,2,8,172.89
2026-08-20,HepatitisB,5.33,08:16:54,2,8,0.0
2026-08-20,HepatitisB,16.51,08:17:24,2,8,172.91
2026-08-20,HepatitisB,5.77,08:17:54,2,8,0.0
2026-08-20,HepatitisB,6.56,08:18:24,2,8,0.0
2026-08-20,HepatitisB,7.63,08:18:54,2,8,0.0
2026-08-20,HepatitisB,2.91,08:19:24,2,8,0.0
2026-08-20,HepatitisB,3.51,08:19:54,2,8,0.0
2026-08-20,HepatitisB,14.06,08:20:24,2,8,172.98
2026-08-20,HepatitisB,11.09,08:20:54,2,8,172.99
2026-08-20,HepatitisB,4.88,08:21:24,2,8,0.0
2026-08-20,HepatitisB,17.52,08:21:54,2,8,173.01
2026-08-20,HepatitisB,17.26,08:22:24,2,8,173.02
2026-08-20,HepatitisB,6.32,08:22:54,2,8,0.0
2026-08-20,HepatitisB,9.27,08:23:24,2,8,173.04
2026-08-20,HepatitisB,3.06,08:23:54,2,8,0.0
2026-08-20,HepatitisB,3.03,08:24:24,2,8,0.0
2026-08-20,HepatitisB,9.32,08:24:54,2,8,173.07
2026-08-20,HepatitisB,10.66,08:25:24,2,8,173.08
2026-08-20,HepatitisB,9.25,08:25:54,2,8,173.1
2026-08-20,HepatitisB,15.94,08:26:24,2,8,173.11
2026-08-20,HepatitisB,15.43,08:26:54,2,8,173.12
2026-08-20,HepatitisB,5.05,08:27:24,2,8,0.0
2026-08-20,HepatitisB,13.39,08:27:54,2,8,173.14
2026-08-20,HepatitisB,7.05,08:28:24,2,8,0.0
2026-08-20,HepatitisB,14.27,08:28:54,2,8,173.16
2026-08-20,HepatitisB,16.05,08:29:24,2,8,173.17
2026-08-20,HepatitisB,6.1,08:29:54,2,8,0.0
2026-08-20,HepatitisB,13.33,08:30:24,2,8,173.19
2026-08-20,HepatitisB,11.8,08:30:54,2,8,173.2
2026-08-20,HepatitisB,15.46,08:31:24,2,8,173.21
2026-08-20,HepatitisB,12.47,08:31:54,2,8,173.22
2026-08-20,HepatitisB,9.63,08:32:24,2,8,173.24
2026-08-20,HepatitisB,11.14,08:32:54,2,8,173.25
2026-08-20,HepatitisB,6.64,08:33:24,2,8,0.0
2026-08-20,HepatitisB,14.93,08:33:54,2,8,173.27
2026-08-20,HepatitisB,15.16,08:34:24,2,8,173.28
2026-08-20,HepatitisB,17.48,08:34:54,2,8,173.29
2026-08-20,HepatitisB,15.33,08:35:24,2,8,173.3
2026-08-20,HepatitisB,16.12,08:35:54,2,8,173.31
2026-08-20,HepatitisB,5.77,08:36:24,2,8,0.0
2026-08-20,HepatitisB,15.93,08:36:54,2,8,173.33
2026-08-20,HepatitisB,10.18,08:37:24,2,8,173.34
2026-08-20,HepatitisB,12.53,08:37:54,2,8,173.35
2026-08-20,HepatitisB,13.55,08:38:24,2,8,173.37
2026-08-20,HepatitisB,2.25,08:38:54,2,8,0.0
2026-08-20,HepatitisB,13.0,08:39:24,2,8,173.39
2026-08-20,HepatitisB,2.12,08:39:54,2,8,0.0
2026-08-20,HepatitisB,13.7,08:40:24,2,8,173.41
2026-08-20,HepatitisB,14.4,08:40:54,2,8,173.42
2026-08-20,HepatitisB,13.19,08:41:24,2,8,173.43
2026-08-20,HepatitisB,11.87,08:41:54,2,8,173.44
2026-08-20,HepatitisB,2.88,08:42:24,2,8,0.0
2026-08-20,HepatitisB,4.12,08:42:54,2,8,0.0
2026-08-20,HepatitisB,17.97,08:43:24,2,8,173.47
2026-08-20,HepatitisB,17.63,08:43:54,2,8,173.48
2026-08-20,HepatitisB,16.37,08:44:24,2,8,173.5
2026-08-20,HepatitisB,5.47,08:44:54,2,8,0.0
2026-08-20,HepatitisB,9.65,08:45:24,2,8,173.52
2026-08-20,HepatitisB,14.85,08:45:54,2,8,173.53
2026-08-20,HepatitisB,15.15,08:46:24,2,8,173.54
2026-08-20,HepatitisB,12.61,08:46:54,2,8,173.55
2026-08-20,HepatitisB,11.46,08:47:24,2,8,173.56
2026-08-20,HepatitisB,14.6,08:47:54,2,8,173.57
2026-08-20,HepatitisB,2.71,08:48:24,2,8,0.0
2026-08-20,HepatitisB,9.24,08:48:54,2,8,173.59
2026-08-20,HepatitisB,13.8,08:49:24,2,8,173.6
2026-08-20,HepatitisB,11.58,08:49:54,2,8,173.62
2026-08-20,HepatitisB,2.81,08:50:24,2,8,0.0
2026-08-20,HepatitisB,3.23,08:50:54,2,8,0.0
2026-08-20,HepatitisB,4.95,08:51:24,2,8,0.0
2026-08-20,HepatitisB,16.4,08:51:54,2,8,173.66
2026-08-20,HepatitisB,10.83,08:52:24,2,8,173.67
2026-08-20,HepatitisB,17.81,08:52:54,2,8,173.68
2026-08-20,HepatitisB,16.89,08:53:24,2,8,173.69
2026-08-20,HepatitisB,10.77,08:53:54,2,8,173.7
2026-08-20,HepatitisB,14.65,08:54:24,2,8,173.71
2026-08-20,HepatitisB,4.96,08:54:54,2,8,0.0
2026-08-20,HepatitisB,11.15,08:55:24,2,8,173.73
2026-08-20,HepatitisB,2.38,08:55:54,2,8,0.0
2026-08-20,HepatitisB,12.31,08:56:24,2,8,173.76
2026-08-20,HepatitisB,10.58,08:56:54,2,8,173.77
2026-08-20,HepatitisB,6.51,08:57:24,2,8,0.0
2026-08-20,HepatitisB,14.24,08:57:54,2,8,173.79
2026-08-20,HepatitisB,11.0,08:58:24,2,8,173.8
2026-08-20,HepatitisB,3.7,08:58:54,2,8,0.0
2026-08-20,HepatitisB,10.54,08:59:24,2,8,173.82
2026-08-20,HepatitisB,14.27,08:59:54,2,8,173.83
2026-08-20,HepatitisB,5.12,09:00:24,2,8,0.0
2026-08-20,HepatitisB,11.02,09:00:54,2,8,173.85
2026-08-20,HepatitisB,6.56,09:01:24,2,8,0.0
2026-08-20,HepatitisB,10.04,09:01:54,2,8,173.88
2026-08-20,HepatitisB,10.51,09:02:24,2,8,173.89
2026-08-20,HepatitisB,4.44,09:02:54,2,8,0.0
2026-08-20,HepatitisB,9.93,09:03:24,2,8,173.91
2026-08-20,HepatitisB,7.85,09:03:54,2,8,0.0
2026-08-20,HepatitisB,13.83,09:04:24,2,8,173.93
2026-08-20,HepatitisB,7.5,09:04:54,2,8,0.0
2026-08-20,HepatitisB,9.79,09:05:24,2,8,173.95
2026-08-20,HepatitisB,13.84,09:05:54,2,8,173.96
2026-08-20,HepatitisB,5.19,09:06:24,2,8,0.0
2026-08-20,HepatitisB,10.4,09:06:54,2,8,173.98
2026-08-20,HepatitisB,9.7,09:07:24,2,8,173.99
2026-08-20,HepatitisB,10.03,09:07:54,2,8,174.0
2026-08-20,HepatitisB,5.73,09:08:24,2,8,0.0
2026-08-20,HepatitisB,15.88,09:08:54,2,8,174.03
2026-08-20,HepatitisB,3.06,09:09:24,2,8,0.0
2026-08-20,HepatitisB,16.93,09:09:54,2,8,174.05
2026-08-20,HepatitisB,9.61,09:10:24,2,8,174.06
2026-08-20,HepatitisB,10.21,09:10:54,2,8,174.07
2026-08-20,HepatitisB,6.16,09:11:24,2,8,0.0
2026-08-20,HepatitisB,16.29,09:11:54,2,8,174.09
2026-08-20,HepatitisB,5.49,09:12:24,2,8,0.0
2026-08-20,HepatitisB,6.81,09:12:54,2,8,0.0
2026-08-20,HepatitisB,4.4,09:13:24,2,8,0.0
2026-08-20,HepatitisB,5.37,09:13:54,2,8,0.0
2026-08-20,HepatitisB,17.64,09:14:24,2,8,174.15
2026-08-20,HepatitisB,14.46,09:14:54,2,8,174.16
2026-08-20,HepatitisB,5.6,09:15:24,2,8,0.0
2026-08-20,HepatitisB,6.97,09:15:54,2,8,0.0
2026-08-20,HepatitisB,17.98,09:16:24,2,8,174.19
2026-08-20,HepatitisB,12.28,09:16:54,2,8,174.2
2026-08-20,HepatitisB,11.38,09:17:24,2,8,174.21
2026-08-20,HepatitisB,7.01,09:17:54,2,8,0.0
2026-08-20,HepatitisB,14.51,09:18:24,2,8,174.23
2026-08-20,HepatitisB,15.56,09:18:54,2,8,174.24
2026-08-20,HepatitisB,16.79,09:19:24,2,8,174.25
2026-08-20,HepatitisB,3.82,09:19:54,2,8,0.0
2026-08-20,HepatitisB,16.47,09:20:24,2,8,174.28
2026-08-20,HepatitisB,9.31,09:20:54,2,8,174.29
2026-08-20,HepatitisB,6.68,09:21:24,2,8,0.0
2026-08-20,HepatitisB,14.19,09:21:54,2,8,174.31
2026-08-20,HepatitisB,4.68,09:22:24,2,8,0.0
2026-08-20,HepatitisB,11.9,09:22:54,2,8,174.33
2026-08-20,HepatitisB,12.64,09:23:24,2,8,174.34
2026-08-20,HepatitisB,17.35,09:23:54,2,8,174.35
2026-08-20,HepatitisB,16.18,09:24:24,2,8,174.36
2026-08-20,HepatitisB,12.92,09:24:54,2,8,174.37
2026-08-20,HepatitisB,14.25,09:25:24,2,8,174.38
2026-08-20,HepatitisB,17.67,09:25:54,2,8,174.4
2026-08-20,HepatitisB,15.23,09:26:24,2,8,174.41
2026-08-20,HepatitisB,14.27,09:26:54,2,8,174.42
2026-08-20,HepatitisB,14.89,09:27:24,2,8,174.43
2026-08-20,HepatitisB,3.04,09:27:54,2,8,0.0
2026-08-20,HepatitisB,10.84,09:28:24,2,8,174.45
2026-08-20,HepatitisB,17.27,09:28:54,2,8,174.46
2026-08-20,HepatitisB,2.25,09:29:24,2,8,0.0
2026-08-20,HepatitisB,5.75,09:29:54,2,8,0.0
2026-08-20,HepatitisB,9.25,09:30:24,2,8,174.49
2026-08-20,HepatitisB,12.24,09:30:54,2,8,174.5
2026-08-20,HepatitisB,16.43,09:31:24,2,8,174.51
2026-08-20,HepatitisB,12.54,09:31:54,2,8,174.53
2026-08-20,HepatitisB,11.48,09:32:24,2,8,174.54
2026-08-20,HepatitisB,15.58,09:32:54,2,8,174.55
2026-08-20,HepatitisB,6.58,09:33:24,2,8,0.0
2026-08-20,HepatitisB,13.21,09:33:54,2,8,174.57
2026-08-20,HepatitisB,2.41,09:34:24,2,8,0.0
2026-08-20,HepatitisB,17.39,09:34:54,2,8,174.59
2026-08-20,HepatitisB,17.67,09:35:24,2,8,174.6
2026-08-20,HepatitisB,17.69,09:35:54,2,8,174.61
2026-08-20,HepatitisB,9.08,09:36:24,2,8,174.62
2026-08-20,HepatitisB,7.23,09:36:54,2,8,0.0
2026-08-20,HepatitisB,11.81,09:37:24,2,8,174.64
2026-08-20,HepatitisB,7.4,09:37:54,2,8,0.0
2026-08-20,HepatitisB,13.67,09:38:24,2,8,174.67
2026-08-20,HepatitisB,3.1,09:38:54,2,8,0.0
2026-08-20,HepatitisB,10.7,09:39:24,2,8,174.69
2026-08-20,HepatitisB,10.93,09:39:54,2,8,174.7
2026-08-20,HepatitisB,4.76,09:40:24,2,8,0.0
2026-08-20,HepatitisB,3.17,09:40:54,2,8,0.0
2026-08-20,HepatitisB,5.31,09:41:24,2,8,0.0
2026-08-20,HepatitisB,9.07,09:41:54,2,8,174.74
2026-08-20,HepatitisB,15.01,09:42:24,2,8,174.75
2026-08-20,HepatitisB,15.61,09:42:54,2,8,174.76
2026-08-20,HepatitisB,7.76,09:43:24,2,8,0.0
2026-08-20,HepatitisB,2.95,09:43:54,2,8,0.0
2026-08-20,HepatitisB,12.48,09:44:24,2,8,174.8
2026-08-20,HepatitisB,17.97,09:44:54,2,8,174.81
2026-08-20,HepatitisB,9.2,09:45:24,2,8,174.82
2026-08-20,HepatitisB,11.62,09:45:54,2,8,174.83
2026-08-20,HepatitisB,9.02,09:46:24,2,8,174.84
2026-08-20,HepatitisB,5.34,09:46:54,2,8,0.0
2026-08-20,HepatitisB,6.39,09:47:24,2,8,0.0
2026-08-20,HepatitisB,13.67,09:47:54,2,8,174.87
2026-08-20,HepatitisB,2.5,09:48:24,2,8,0.0
2026-08-20,HepatitisB,2.72,09:48:54,2,8,0.0
2026-08-20,HepatitisB,4.71,09:49:24,2,8,0.0
2026-08-20,HepatitisB,6.8,09:49:54,2,8,0.0
2026-08-20,HepatitisB,11.98,09:50:24,2,8,174.93
2026-08-20,HepatitisB,15.08,09:50:54,2,8,174.94
2026-08-20,HepatitisB,3.43,09:51:24,2,8,0.0
2026-08-20,HepatitisB,17.6,09:51:54,2,8,174.96
2026-08-20,HepatitisB,17.13,09:52:24,2,8,174.97
2026-08-20,HepatitisB,16.05,09:52:54,2,8,174.98
2026-08-20,HepatitisB,9.87,09:53:24,2,8,174.99
2026-08-20,HepatitisB,2.41,09:53:54,2,8,0.0
2026-08-20,HepatitisB,12.59,09:54:24,2,8,175.01
2026-08-20,HepatitisB,2.07,09:54:54,2,8,0.0
2026-08-20,HepatitisB,17.04,09:55:24,2,8,175.03
2026-08-20,HepatitisB,17.35,09:55:54,2,8,175.05
2026-08-20,HepatitisB,13.72,09:56:24,2,8,175.06
2026-08-20,HepatitisB,7.59,09:56:54,2,8,0.0
2026-08-20,HepatitisB,16.69,09:57:24,2,8,175.08
2026-08-20,HepatitisB,17.51,09:57:54,2,8,175.09
2026-08-20,HepatitisB,16.42,09:58:24,2,8,175.1
2026-08-20,HepatitisB,7.28,09:58:54,2,8,0.0
2026-08-20,HepatitisB,17.73,09:59:24,2,8,175.12
2026-08-20,HepatitisB,10.57,09:59:54,2,8,175.13
2026-08-20,HepatitisB,16.45,10:00:24,2,8,175.14
2026-08-20,HepatitisB,5.53,10:00:54,2,8,0.0
2026-08-20,HepatitisB,11.99,10:01:24,2,8,175.16
2026-08-20,HepatitisB,12.58,10:01:54,2,8,175.18
2026-08-20,HepatitisB,3.39,10:02:24,2,8,0.0
2026-08-20,HepatitisB,15.89,10:02:54,2,8,175.2
2026-08-20,HepatitisB,17.98,10:03:24,2,8,175.21
2026-08-20,HepatitisB,12.89,10:03:54,2,8,175.22
2026-08-20,HepatitisB,9.13,10:04:24,2,8,175.23
2026-08-20,HepatitisB,9.36,10:04:54,2,8,175.24
2026-08-20,HepatitisB,5.67,10:05:24,2,8,0.0
2026-08-20,HepatitisB,14.85,10:05:54,2,8,175.26
2026-08-20,HepatitisB,15.65,10:06:24,2,8,175.27
2026-08-20,HepatitisB,2.07,10:06:54,2,8,0.0
2026-08-20,HepatitisB,12.36,10:07:24,2,8,175.29
2026-08-20,HepatitisB,14.2,10:07:54,2,8,175.31
2026-08-20,HepatitisB,14.86,10:08:24,2,8,175.32
2026-08-20,HepatitisB,2.04,10:08:54,2,8,0.0
2026-08-20,HepatitisB,3.0,10:09:24,2,8,0.0
2026-08-20,HepatitisB,12.62,10:09:54,2,8,175.35
2026-08-20,HepatitisB,11.3,10:10:24,2,8,175.36
2026-08-20,HepatitisB,2.01,10:10:54,2,8,0.0
2026-08-20,HepatitisB,6.35,10:11:24,2,8,0.0
2026-08-20,HepatitisB,14.08,10:11:54,2,8,175.39
2026-08-20,HepatitisB,15.57,10:12:24,2,8,175.4
2026-08-20,HepatitisB,4.38,10:12:54,2,8,0.0
2026-08-20,HepatitisB,4.65,10:13:24,2,8,0.0
2026-08-20,HepatitisB,4.56,10:13:54,2,8,0.0
2026-08-20,HepatitisB,7.23,10:14:24,2,8,0.0
2026-08-20,HepatitisB,10.6,10:14:54,2,8,175.46
2026-08-20,HepatitisB,9.01,10:15:24,2,8,175.47
2026-08-20,HepatitisB,5.49,10:15:54,2,8,0.0
2026-08-20,HepatitisB,17.3,10:16:24,2,8,175.49
2026-08-20,HepatitisB,9.8,10:16:54,2,8,175.5
2026-08-20,HepatitisB,6.11,10:17:24,2,8,0.0
2026-08-20,HepatitisB,15.11,10:17:54,2,8,175.52
2026-08-20,HepatitisB,9.48,10:18:24,2,8,175.53
2026-08-20,HepatitisB,9.23,10:18:54,2,8,175.54
2026-08-20,HepatitisB,14.31,10:19:24,2,8,175.55
2026-08-20,HepatitisB,7.2,10:19:54,2,8,0.0
2026-08-20,HepatitisB,7.84,10:20:24,2,8,0.0
2026-08-20,HepatitisB,12.26,10:20:54,2,8,175.59
2026-08-20,HepatitisB,9.93,10:21:24,2,8,175.6
2026-08-20,HepatitisB,2.98,10:21:54,2,8,0.0
2026-08-20,HepatitisB,11.02,10:22:24,2,8,175.62
2026-08-20,HepatitisB,7.54,10:22:54,2,8,0.0
2026-08-20,HepatitisB,6.31,10:23:24,2,8,0.0
2026-08-20,HepatitisB,3.94,10:23:54,2,8,0.0
2026-08-20,HepatitisB,10.6,10:24:24,2,8,175.66
2026-08-20,HepatitisB,3.96,10:24:54,2,8,0.0
2026-08-20,HepatitisB,14.29,10:25:24,2,8,175.68
2026-08-20,HepatitisB,13.21,10:25:54,2,8,175.7
2026-08-20,HepatitisB,11.96,10:26:24,2,8,175.71
2026-08-20,HepatitisB,17.31,10:26:54,2,8,175.72
2026-08-20,HepatitisB,5.71,10:27:24,2,8,0.0
2026-08-20,HepatitisB,10.18,10:27:54,2,8,175.74
2026-08-20,HepatitisB,6.41,10:28:24,2,8,0.0
2026-08-20,HepatitisB,11.7,10:28:54,2,8,175.76
2026-08-20,HepatitisB,9.06,10:29:24,2,8,175.77
2026-08-20,HepatitisB,6.48,10:29:54,2,8,0.0
2026-08-20,HepatitisB,9.59,10:30:24,2,8,175.79
2026-08-20,HepatitisB,13.87,10:30:54,2,8,175.8
2026-08-20,HepatitisB,3.53,10:31:24,2,8,0.0
2026-08-20,HepatitisB,11.11,10:31:54,2,8,175.83
2026-08-20,HepatitisB,5.58,10:32:24,2,8,0.0
2026-08-20,HepatitisB,9.46,10:32:54,2,8,175.85
2026-08-20,HepatitisB,2.88,10:33:24,2,8,0.0
2026-08-20,HepatitisB,15.87,10:33:54,2,8,175.87
2026-08-20,HepatitisB,14.78,10:34:24,2,8,175.88
2026-08-20,HepatitisB,12.07,10:34:54,2,8,175.89
2026-08-20,HepatitisB,5.75,10:35:24,2,8,0.0
2026-08-20,HepatitisB,16.38,10:35:54,2,8,175.91
2026-08-20,HepatitisB,14.49,10:36:24,2,8,175.92
2026-08-20,HepatitisB,17.86,10:36:54,2,8,175.93
2026-08-20,HepatitisB,14.28,10:37:24,2,8,175.94
2026-08-20,HepatitisB,9.96,10:37:54,2,8,175.96
2026-08-20,HepatitisB,11.61,10:38:24,2,8,175.97
2026-08-20,HepatitisB,6.64,10:38:54,2,8,0.0
2026-08-20,HepatitisB,16.2,10:39:24,2,8,175.99
2026-08-20,HepatitisB,15.88,10:39:54,2,8,176.0
2026-08-20,HepatitisB,5.95,10:40:24,2,8,0.0
2026-08-20,HepatitisB,17.09,10:40:54,2,8,176.02
2026-08-20,HepatitisB,6.19,10:41:24,2,8,0.0
2026-08-20,HepatitisB,9.36,10:41:54,2,8,176.04
2026-08-20,HepatitisB,9.72,10:42:24,2,8,176.05
2026-08-20,HepatitisB,5.71,10:42:54,2,8,0.0
2026-08-20,HepatitisB,12.88,10:43:24,2,8,176.07
2026-08-20,HepatitisB,5.19,10:43:54,2,8,0.0
2026-08-20,HepatitisB,11.86,10:44:24,2,8,176.1
2026-08-20,HepatitisB,16.7,10:44:54,2,8,176.11
2026-08-20,HepatitisB,3.61,10:45:24,2,8,0.0
2026-08-20,HepatitisB,10.53,10:45:54,2,8,176.13
2026-08-20,HepatitisB,12.92,10:46:24,2,8,176.14
2026-08-20,HepatitisB,10.6,10:46:54,2,8,176.15
2026-08-20,HepatitisB,5.64,10:47:24,2,8,0.0
2026-08-20,HepatitisB,5.98,10:47:54,2,8,0.0
2026-08-20,HepatitisB,5.62,10:48:24,2,8,0.0
2026-08-20,HepatitisB,15.53,10:48:54,2,8,176.19
2026-08-20,HepatitisB,15.22,10:49:24,2,8,176.2
2026-08-20,HepatitisB,5.11,10:49:54,2,8,0.0
2026-08-20,HepatitisB,17.1,10:50:24,2,8,176.23
2026-08-20,HepatitisB,15.28,10:50:54,2,8,176.24
2026-08-20,HepatitisB,16.11,10:51:24,2,8,176.25
2026-08-20,HepatitisB,17.69,10:51:54,2,8,176.26
2026-08-20,HepatitisB,17.97,10:52:24,2,8,176.27
2026-08-20,HepatitisB,10.58,10:52:54,2,8,176.28
2026-08-20,HepatitisB,2.72,10:53:24,2,8,0.0
2026-08-20,HepatitisB,16.65,10:53:54,2,8,176.3
2026-08-20,HepatitisB,3.21,10:54:24,2,8,0.0
2026-08-20,HepatitisB,3.85,10:54:54,2,8,0.0
2026-08-20,HepatitisB,14.48,10:55:24,2,8,176.33
2026-08-20,HepatitisB,4.98,10:55:54,2,8,0.0
2026-08-20,HepatitisB,12.93,10:56:24,2,8,176.36
2026-08-20,HepatitisB,14.79,10:56:54,2,8,176.37
2026-08-20,HepatitisB,11.68,10:57:24,2,8,176.38
2026-08-20,HepatitisB,11.64,10:57:54,2,8,176.39
2026-08-20,HepatitisB,2.24,10:58:24,2,8,0.0
2026-08-20,HepatitisB,13.58,10:58:54,2,8,176.41
2026-08-20,HepatitisB,17.93,10:59:24,2,8,176.42
2026-08-20,HepatitisB,10.49,10:59:54,2,8,176.43
2026-08-20,HepatitisB,15.6,11:00:24,2,8,176.44
2026-08-20,HepatitisB,6.84,11:00:54,2,8,0.0
2026-08-20,HepatitisB,10.05,11:01:24,2,8,176.46
2026-08-20,HepatitisB,17.06,11:01:54,2,8,176.47
2026-08-20,HepatitisB,9.38,11:02:24,2,8,176.49
2026-08-20,HepatitisB,17.74,11:02:54,2,8,176.5
2026-08-20,HepatitisB,6.23,11:03:24,2,8,0.0
2026-08-20,HepatitisB,11.65,11:03:54,2,8,176.52
2026-08-20,HepatitisB,16.01,11:04:24,2,8,176.53
2026-08-20,HepatitisB,12.81,11:04:54,2,8,176.54
2026-08-20,HepatitisB,12.02,11:05:24,2,8,176.55
2026-08-20,HepatitisB,3.87,11:05:54,2,8,0.0
2026-08-20,HepatitisB,16.0,11:06:24,2,8,176.57
2026-08-20,HepatitisB,3.4,11:06:54,2,8,0.0
2026-08-20,HepatitisB,2.86,11:07:24,2,8,0.0
2026-08-20,HepatitisB,3.61,11:07:54,2,8,0.0
2026-08-20,HepatitisB,9.69,11:08:24,2,8,176.62
2026-08-20,HepatitisB,13.34,11:08:54,2,8,176.63
2026-08-20,HepatitisB,15.76,11:09:24,2,8,176.64
2026-08-20,HepatitisB,5.66,11:09:54,2,8,0.0
2026-08-20,HepatitisB,2.32,11:10:24,2,8,0.0
2026-08-20,HepatitisB,13.08,11:10:54,2,8,176.67
2026-08-20,HepatitisB,15.41,11:11:24,2,8,176.68
2026-08-20,HepatitisB,6.06,11:11:54,2,8,0.0
2026-08-20,HepatitisB,17.13,11:12:24,2,8,176.7
2026-08-20,HepatitisB,17.23,11:12:54,2,8,176.71
2026-08-20,HepatitisB,10.16,11:13:24,2,8,176.72
2026-08-20,HepatitisB,16.8,11:13:54,2,8,176.73
2026-08-20,HepatitisB,10.39,11:14:24,2,8,176.75
2026-08-20,HepatitisB,15.21,11:14:54,2,8,176.76
2026-08-20,HepatitisB,6.76,11:15:24,2,8,0.0
2026-08-20,HepatitisB,15.9,11:15:54,2,8,176.78
2026-08-20,HepatitisB,14.02,11:16:24,2,8,176.79
2026-08-20,HepatitisB,9.75,11:16:54,2,8,176.8
2026-08-20,HepatitisB,9.16,11:17:24,2,8,176.81
2026-08-20,HepatitisB,6.69,11:17:54,2,8,0.0
2026-08-20,HepatitisB,11.11,11:18:24,2,8,176.83
2026-08-20,HepatitisB,14.3,11:18:54,2,8,176.84
2026-08-20,HepatitisB,3.95,11:19:24,2,8,0.0
2026-08-20,HepatitisB,12.87,11:19:54,2,8,176.87
2026-08-20,HepatitisB,13.79,11:20:24,2,8,176.88
2026-08-20,HepatitisB,16.55,11:20:54,2,8,176.89
2026-08-20,HepatitisB,15.91,11:21:24,2,8,176.9
2026-08-20,HepatitisB,14.8,11:21:54,2,8,176.91
2026-08-20,HepatitisB,16.39,11:22:24,2,8,176.92
2026-08-20,HepatitisB,16.68,11:22:54,2,8,176.93
2026-08-20,HepatitisB,14.39,11:23:24,2,8,176.94
2026-08-20,HepatitisB,11.69,11:23:54,2,8,176.95
2026-08-20,HepatitisB,13.95,11:24:24,2,8,176.96
2026-08-20,HepatitisB,6.66,11:24:54,2,8,0.0
2026-08-20,HepatitisB,13.99,11:25:24,2,8,176.98
2026-08-20,HepatitisB,10.96,11:25:54,2,8,177.0
2026-08-20,HepatitisB,17.11,11:26:24,2,8,177.01
2026-08-20,HepatitisB,10.56,11:26:54,2,8,177.02
2026-08-20,HepatitisB,10.42,11:27:24,2,8,177.03
2026-08-20,HepatitisB,9.36,11:27:54,2,8,177.04
2026-08-20,HepatitisB,5.74,11:28:24,2,8,0.0
2026-08-20,HepatitisB,17.35,11:28:54,2,8,177.06
2026-08-20,HepatitisB,9.87,11:29:24,2,8,177.07
2026-08-20,HepatitisB,9.69,11:29:54,2,8,177.08
2026-08-20,HepatitisB,7.59,11:30:24,2,8,0.0
2026-08-20,HepatitisB,14.22,11:30:54,2,8,177.1
2026-08-20,HepatitisB,2.45,11:31:24,2,8,0.0
2026-08-20,HepatitisB,12.19,11:31:54,2,8,177.12
2026-08-20,HepatitisB,4.21,11:32:24,2,8,0.0
2026-08-20,HepatitisB,15.68,11:32:54,2,8,177.15
2026-08-20,HepatitisB,16.06,11:33:24,2,8,177.16
2026-08-20,HepatitisB,4.04,11:33:54,2,8,0.0
2026-08-20,HepatitisB,2.81,11:34:24,2,8,0.0
2026-08-20,HepatitisB,4.42,11:34:54,2,8,0.0
2026-08-20,HepatitisB,9.47,11:35:24,2,8,177.2
2026-08-20,HepatitisB,7.87,11:35:54,2,8,0.0
2026-08-20,HepatitisB,4.52,11:36:24,2,8,0.0
2026-08-20,HepatitisB,16.52,11:36:54,2,8,177.23
2026-08-20,HepatitisB,9.64,11:37:24,2,8,177.24
2026-08-20,HepatitisB,13.86,11:37:54,2,8,177.25
2026-08-20,HepatitisB,5.41,11:38:24,2,8,0.0
2026-08-20,HepatitisB,9.79,11:38:54,2,8,177.28
2026-08-20,HepatitisB,13.44,11:39:24,2,8,177.29
2026-08-20,HepatitisB,7.81,11:39:54,2,8,0.0
2026-08-20,HepatitisB,3.12,11:40:24,2,8,0.0
2026-08-20,HepatitisB,2.86,11:40:54,2,8,0.0
2026-08-20,HepatitisB,9.97,11:41:24,2,8,177.33
2026-08-20,HepatitisB,9.36,11:41:54,2,8,177.34
2026-08-20,HepatitisB,4.51,11:42:24,2,8,0.0
2026-08-20,HepatitisB,15.66,11:42:54,2,8,177.36
2026-08-20,HepatitisB,16.23,11:43:24,2,8,177.37
2026-08-20,HepatitisB,9.46,11:43:54,2,8,177.38
2026-08-20,HepatitisB,11.45,11:44:24,2,8,177.4
2026-08-20,HepatitisB,11.81,11:44:54,2,8,177.41
2026-08-20,HepatitisB,3.75,11:45:24,2,8,0.0
2026-08-20,HepatitisB,6.91,11:45:54,2,8,0.0
2026-08-20,HepatitisB,10.1,11:46:24,2,8,177.44
2026-08-20,HepatitisB,12.65,11:46:54,2,8,177.45
2026-08-20,HepatitisB,13.77,11:47:24,2,8,177.46
2026-08-20,HepatitisB,14.27,11:47:54,2,8,177.47
2026-08-20,HepatitisB,15.2,11:48:24,2,8,177.48
2026-08-20,HepatitisB,3.14,11:48:54,2,8,0.0
2026-08-20,HepatitisB,14.84,11:49:24,2,8,177.5
2026-08-20,HepatitisB,15.01,11:49:54,2,8,177.52
2026-08-20,HepatitisB,12.3,11:50:24,2,8,177.53
2026-08-20,HepatitisB,15.93,11:50:54,2,8,177.54
2026-08-20,HepatitisB,5.09,11:51:24,2,8,0.0
2026-08-20,HepatitisB,11.52,11:51:54,2,8,177.56
2026-08-20,HepatitisB,7.95,11:52:24,2,8,0.0
2026-08-20,HepatitisB,17.48,11:52:54,2,8,177.58
2026-08-20,HepatitisB,9.76,11:53:24,2,8,177.59
2026-08-20,HepatitisB,3.2,11:53:54,2,8,0.0
2026-08-20,HepatitisB,14.74,11:54:24,2,8,177.61
2026-08-20,HepatitisB,7.93,11:54:54,2,8,0.0
2026-08-20,HepatitisB,11.43,11:55:24,2,8,177.63
2026-08-20,HepatitisB,6.92,11:55:54,2,8,0.0
2026-08-20,HepatitisB,11.63,11:56:24,2,8,177.66
2026-08-20,HepatitisB,17.66,11:56:54,2,8,177.67
2026-08-20,HepatitisB,2.41,11:57:24,2,8,0.0
2026-08-20,HepatitisB,9.15,11:57:54,2,8,177.69
2026-08-20,HepatitisB,3.47,11:58:24,2,8,0.0
2026-08-20,HepatitisB,4.31,11:58:54,2,8,0.0
2026-08-20,HepatitisB,5.39,11:59:24,2,8,0.0
2026-08-20,HepatitisB,7.27,11:59:54,2,8,0.0
2026-08-20,HepatitisB,17.03,12:00:24,2,8,177.74
2026-08-20,HepatitisB,15.51,12:00:54,2,8,177.75
2026-08-20,HepatitisB,6.8,12:01:24,2,8,0.0
2026-08-20,HepatitisB,5.38,12:01:54,2,8,0.0
2026-08-20,HepatitisB,10.73,12:02:24,2,8,177.79
2026-08-20,HepatitisB,3.73,12:02:54,2,8,0.0
2026-08-20,HepatitisB,4.09,12:03:24,2,8,0.0
2026-08-20,HepatitisB,15.74,12:03:54,2,8,177.82
2026-08-20,HepatitisB,3.0,12:04:24,2,8,0.0
2026-08-20,HepatitisB,10.33,12:04:54,2,8,177.84
2026-08-20,HepatitisB,13.92,12:05:24,2,8,177.85
2026-08-20,HepatitisB,17.53,12:05:54,2,8,177.86
2026-08-20,HepatitisB,3.68,12:06:24,2,8,0.0
2026-08-20,HepatitisB,3.69,12:06:54,2,8,0.0
2026-08-20,HepatitisB,15.61,12:07:24,2,8,177.89
2026-08-20,HepatitisB,15.24,12:07:54,2,8,177.91
2026-08-20,HepatitisB,17.14,12:08:24,2,8,177.92
2026-08-20,HepatitisB,2.31,12:08:54,2,8,0.0
2026-08-20,HepatitisB,10.09,12:09:24,2,8,177.94
2026-08-20,HepatitisB,15.22,12:09:54,2,8,177.95
2026-08-20,HepatitisB,9.81,12:10:24,2,8,177.96
2026-08-20,HepatitisB,4.02,12:10:54,2,8,0.0
2026-08-20,HepatitisB,6.87,12:11:24,2,8,0.0
2026-08-20,HepatitisB,15.94,12:11:54,2,8,177.99
2026-08-20,HepatitisB,2.78,12:12:24,2,8,0.0
2026-08-20,HepatitisB,11.92,12:12:54,2,8,178.01
2026-08-20,HepatitisB,11.9,12:13:24,2,8,178.02
2026-08-20,HepatitisB,14.79,12:13:54,2,8,178.03
2026-08-20,HepatitisB,10.62,12:14:24,2,8,178.05
2026-08-20,HepatitisB,16.68,12:14:54,2,8,178.06
2026-08-20,HepatitisB,9.68,12:15:24,2,8,178.07
2026-08-20,HepatitisB,7.54,12:15:54,2,8,0.0
2026-08-20,HepatitisB,2.35,12:16:24,2,8,0.0
2026-08-20,HepatitisB,10.07,12:16:54,2,8,178.1
2026-08-20,HepatitisB,9.46,12:17:24,2,8,178.11
2026-08-20,HepatitisB,11.51,12:17:54,2,8,178.12
2026-08-20,HepatitisB,17.35,12:18:24,2,8,178.13
2026-08-20,HepatitisB,17.43,12:18:54,2,8,178.14
2026-08-20,HepatitisB,7.67,12:19:24,2,8,0.0
2026-08-20,HepatitisB,15.9,12:19:54,2,8,178.17
2026-08-20,HepatitisB,13.47,12:20:24,2,8,178.18
2026-08-20,HepatitisB,17.9,12:20:54,2,8,178.19
2026-08-20,HepatitisB,5.84,12:21:24,2,8,0.0
2026-08-20,HepatitisB,5.94,12:21:54,2,8,0.0
2026-08-20,HepatitisB,2.07,12:22:24,2,8,0.0
2026-08-20,HepatitisB,5.77,12:22:54,2,8,0.0
2026-08-20,HepatitisB,11.49,12:23:24,2,8,178.24
2026-08-20,HepatitisB,14.17,12:23:54,2,8,178.25
2026-08-20,HepatitisB,7.56,12:24:24,2,8,0.0
2026-08-20,HepatitisB,14.71,12:24:54,2,8,178.27
2026-08-20,HepatitisB,16.97,12:25:24,2,8,178.28
2026-08-20,HepatitisB,14.86,12:25:54,2,8,178.3
2026-08-20,HepatitisB,12.7,12:26:24,2,8,178.31
2026-08-20,HepatitisB,2.2,12:26:54,2,8,0.0
2026-08-20,HepatitisB,14.1,12:27:24,2,8,178.33
2026-08-20,HepatitisB,4.39,12:27:54,2,8,0.0
2026-08-20,HepatitisB,3.43,12:28:24,2,8,0.0
2026-08-20,HepatitisB,2.34,12:28:54,2,8,0.0
2026-08-20,HepatitisB,5.46,12:29:24,2,8,0.0
2026-08-20,HepatitisB,9.26,12:29:54,2,8,178.38
2026-08-20,HepatitisB,4.4,12:30:24,2,8,0.0
2026-08-20,HepatitisB,6.38,12:30:54,2,8,0.0
2026-08-20,HepatitisB,12.95,12:31:24,2,8,178.41
2026-08-20,HepatitisB,14.61,12:31:54,2,8,178.43
2026-08-20,HepatitisB,5.11,12:32:24,2,8,0.0
2026-08-20,HepatitisB,17.03,12:32:54,2,8,178.45
2026-08-20,HepatitisB,9.92,12:33:24,2,8,178.46
2026-08-20,HepatitisB,10.88,12:33:54,2,8,178.47
2026-08-20,HepatitisB,15.11,12:34:24,2,8,178.48
2026-08-20,HepatitisB,5.63,12:34:54,2,8,0.0
2026-08-20,HepatitisB,11.37,12:35:24,2,8,178.5
2026-08-20,HepatitisB,16.68,12:35:54,2,8,178.51
2026-08-20,HepatitisB,13.85,12:36:24,2,8,178.52
2026-08-20,HepatitisB,7.01,12:36:54,2,8,0.0
2026-08-20,HepatitisB,11.91,12:37:24,2,8,178.54
2026-08-20,HepatitisB,16.57,12:37:54,2,8,178.56
2026-08-20,HepatitisB,3.74,12:38:24,2,8,0.0
2026-08-20,HepatitisB,6.5,12:38:54,2,8,0.0
2026-08-20,HepatitisB,11.17,12:39:24,2,8,178.59
2026-08-20,HepatitisB,3.86,12:39:54,2,8,0.0
2026-08-20,HepatitisB,13.63,12:40:24,2,8,178.61
2026-08-20,HepatitisB,4.87,12:40:54,2,8,0.0
2026-08-20,HepatitisB,11.09,12:41:24,2,8,178.63
2026-08-20,HepatitisB,11.11,12:41:54,2,8,178.64
2026-08-20,HepatitisB,9.51,12:42:24,2,8,178.65
2026-08-20,HepatitisB,9.1,12:42:54,2,8,178.66
2026-08-20,HepatitisB,12.37,12:43:24,2,8,178.67
2026-08-20,HepatitisB,15.09,12:43:54,2,8,178.69
2026-08-20,HepatitisB,14.75,12:44:24,2,8,178.7
2026-08-20,HepatitisB,17.38,12:44:54,2,8,178.71
2026-08-20,HepatitisB,5.58,12:45:24,2,8,0.0
2026-08-20,HepatitisB,10.1,12:45:54,2,8,178.73
2026-08-20,HepatitisB,11.4,12:46:24,2,8,178.74
2026-08-20,HepatitisB,13.21,12:46:54,2,8,178.75
2026-08-20,HepatitisB,6.42,12:47:24,2,8,0.0
2026-08-20,HepatitisB,14.14,12:47:54,2,8,178.77
2026-08-20,HepatitisB,3.69,12:48:24,2,8,0.0
2026-08-20,HepatitisB,17.6,12:48:54,2,8,178.79
2026-08-20,HepatitisB,2.4,12:49:24,2,8,0.0
2026-08-20,HepatitisB,2.07,12:49:54,2,8,0.0
2026-08-20,HepatitisB,15.25,12:50:24,2,8,178.83
2026-08-20,HepatitisB,17.95,12:50:54,2,8,178.84
2026-08-20,HepatitisB,10.47,12:51:24,2,8,178.85
2026-08-20,HepatitisB,2.91,12:51:54,2,8,0.0
2026-08-20,HepatitisB,9.29,12:52:24,2,8,178.87
2026-08-20,HepatitisB,9.44,12:52:54,2,8,178.88
2026-08-20,HepatitisB,16.26,12:53:24,2,8,178.89
2026-08-20,HepatitisB,14.28,12:53:54,2,8,178.9
2026-08-20,HepatitisB,17.53,12:54:24,2,8,178.91
2026-08-20,HepatitisB,12.83,12:54:54,2,8,178.92
2026-08-20,HepatitisB,9.98,12:55:24,2,8,178.93
2026-08-20,HepatitisB,11.72,12:55:54,2,8,178.95
2026-08-20,HepatitisB,7.33,12:56:24,2,8,0.0
2026-08-20,HepatitisB,15.38,12:56:54,2,8,178.97
2026-08-20,HepatitisB,12.39,12:57:24,2,8,178.98
2026-08-20,HepatitisB,12.06,12:57:54,2,8,178.99
2026-08-20,HepatitisB,3.18,12:58:24,2,8,0.0
2026-08-20,HepatitisB,4.88,12:58:54,2,8,0.0
2026-08-20,HepatitisB,15.17,12:59:24,2,8,179.02
2026-08-20,HepatitisB,9.82,12:59:54,2,8,179.03
2026-08-20,HepatitisB,13.05,13:00:24,2,8,179.04
2026-08-20,HepatitisB,11.01,13:00:54,2,8,179.05
2026-08-20,HepatitisB,14.94,13:01:24,2,8,179.06
2026-08-20,HepatitisB,15.85,13:01:54,2,8,179.08
2026-08-20,HepatitisB,12.29,13:02:24,2,8,179.09
2026-08-20,HepatitisB,15.29,13:02:54,2,8,179.1
2026-08-20,HepatitisB,12.63,13:03:24,2,8,179.11
2026-08-20,HepatitisB,17.29,13:03:54,2,8,179.12
2026-08-20,HepatitisB,3.76,13:04:24,2,8,0.0
2026-08-20,HepatitisB,4.61,13:04:54,2,8,0.0
2026-08-20,HepatitisB,9.72,13:05:24,2,8,179.15
2026-08-20,HepatitisB,6.6,13:05:54,2,8,0.0
2026-08-20,HepatitisB,7.35,13:06:24,2,8,0.0
2026-08-20,HepatitisB,13.22,13:06:54,2,8,179.18
2026-08-20,HepatitisB,11.78,13:07:24,2,8,179.19
2026-08-20,HepatitisB,17.29,13:07:54,2,8,179.21
2026-08-20,HepatitisB,12.79,13:08:24,2,8,179.22
2026-08-20,HepatitisB,12.41,13:08:54,2,8,179.23
2026-08-20,HepatitisB,5.82,13:09:24,2,8,0.0
2026-08-20,HepatitisB,12.54,13:09:54,2,8,179.25
2026-08-20,HepatitisB,2.81,13:10:24,2,8,0.0
2026-08-20,HepatitisB,14.38,13:10:54,2,8,179.27
2026-08-20,HepatitisB,12.01,13:11:24,2,8,179.28
2026-08-20,HepatitisB,15.61,13:11:54,2,8,179.29
2026-08-20,HepatitisB,7.02,13:12:24,2,8,0.0
2026-08-20,HepatitisB,9.22,13:12:54,2,8,179.31
2026-08-20,HepatitisB,13.27,13:13:24,2,8,179.32
2026-08-20,HepatitisB,17.2,13:13:54,2,8,179.33
2026-08-20,HepatitisB,11.95,13:14:24,2,8,179.35
2026-08-20,HepatitisB,7.52,13:14:54,2,8,0.0
2026-08-20,HepatitisB,12.77,13:15:24,2,8,179.37
2026-08-20,HepatitisB,7.2,13:15:54,2,8,0.0
2026-08-20,HepatitisB,5.72,13:16:24,2,8,0.0
2026-08-20,HepatitisB,16.34,13:16:54,2,8,179.4
2026-08-20,HepatitisB,4.24,13:17:24,2,8,0.0
2026-08-20,HepatitisB,15.84,13:17:54,2,8,179.42
2026-08-20,HepatitisB,11.41,13:18:24,2,8,179.43
2026-08-20,HepatitisB,11.57,13:18:54,2,8,179.44
2026-08-20,HepatitisB,15.36,13:19:24,2,8,179.45
2026-08-20,HepatitisB,7.22,13:19:54,2,8,0.0
2026-08-20,HepatitisB,11.38,13:20:24,2,8,179.48
2026-08-20,HepatitisB,9.32,13:20:54,2,8,179.49
2026-08-20,HepatitisB,13.48,13:21:24,2,8,179.5
2026-08-20,HepatitisB,16.82,13:21:54,2,8,179.51
2026-08-20,HepatitisB,15.66,13:22:24,2,8,179.52
2026-08-20,HepatitisB,7.87,13:22:54,2,8,0.0
2026-08-20,HepatitisB,15.1,13:23:24,2,8,179.54
2026-08-20,HepatitisB,2.76,13:23:54,2,8,0.0
2026-08-20,HepatitisB,9.68,13:24:24,2,8,179.56
2026-08-20,HepatitisB,4.0,13:24:54,2,8,0.0
2026-08-20,HepatitisB,5.39,13:25:24,2,8,0.0
2026-08-20,HepatitisB,14.11,13:25:54,2,8,179.6
2026-08-20,HepatitisB,6.38,13:26:24,2,8,0.0
2026-08-20,HepatitisB,3.98,13:26:54,2,8,0.0
2026-08-20,HepatitisB,15.68,13:27:24,2,8,179.63
2026-08-20,HepatitisB,15.48,13:27:54,2,8,179.64
2026-08-20,HepatitisB,12.34,13:28:24,2,8,179.65
2026-08-20,HepatitisB,9.89,13:28:54,2,8,179.66
2026-08-20,HepatitisB,2.16,13:29:24,2,8,0.0
2026-08-20,HepatitisB,15.0,13:29:54,2,8,179.68
2026-08-20,HepatitisB,6.44,13:30:24,2,8,0.0
2026-08-20,HepatitisB,9.89,13:30:54,2,8,179.7
2026-08-20,HepatitisB,3.39,13:31:24,2,8,0.0
2026-08-20,HepatitisB,13.26,13:31:54,2,8,179.72
2026-08-20,HepatitisB,4.99,13:32:24,2,8,0.0
2026-08-20,HepatitisB,13.65,13:32:54,2,8,179.75
2026-08-20,HepatitisB,16.6,13:33:24,2,8,179.76
2026-08-20,HepatitisB,16.98,13:33:54,2,8,179.77
2026-08-20,HepatitisB,10.97,13:34:24,2,8,179.78
2026-08-20,HepatitisB,13.73,13:34:54,2,8,179.79
2026-08-20,HepatitisB,17.0,13:35:24,2,8,179.8
2026-08-20,HepatitisB,5.18,13:35:54,2,8,0.0
2026-08-20,HepatitisB,3.2,13:36:24,2,8,0.0
2026-08-20,HepatitisB,4.02,13:36:54,2,8,0.0
2026-08-20,HepatitisB,10.25,13:37:24,2,8,179.84
2026-08-20,HepatitisB,11.75,13:37:54,2,8,179.85
2026-08-20,HepatitisB,16.06,13:38:24,2,8,179.87
2026-08-20,HepatitisB,12.68,13:38:54,2,8,179.88
2026-08-20,HepatitisB,15.73,13:39:24,2,8,179.89
2026-08-20,HepatitisB,7.5,13:39:54,2,8,0.0
2026-08-20,HepatitisB,2.76,13:40:24,2,8,0.0
2026-08-20,HepatitisB,6.15,13:40:54,2,8,0.0
2026-08-20,HepatitisB,17.98,13:41:24,2,8,179.93
2026-08-20,HepatitisB,3.57,13:41:54,2,8,0.0
2026-08-20,HepatitisB,14.09,13:42:24,2,8,179.95
2026-08-20,HepatitisB,11.09,13:42:54,2,8,179.96
2026-08-20,HepatitisB,16.35,13:43:24,2,8,179.97
2026-08-20,HepatitisB,15.03,13:43:54,2,8,179.98
2026-08-20,HepatitisB,12.24,13:44:24,2,8,180.0
2026-08-20,HepatitisB,7.97,13:44:54,2,8,0.0
2026-08-20,HepatitisB,12.69,13:45:24,2,8,180.02
2026-08-20,HepatitisB,9.41,13:45:54,2,8,180.03
2026-08-20,HepatitisB,4.45,13:46:24,2,8,0.0
2026-08-20,HepatitisB,15.81,13:46:54,2,8,180.05
2026-08-20,HepatitisB,12.5,13:47:24,2,8,180.06
2026-08-20,HepatitisB,13.92,13:47:54,2,8,180.07
2026-08-20,HepatitisB,17.0,13:48:24,2,8,180.08
2026-08-20,HepatitisB,9.23,13:48:54,2,8,180.09
2026-08-20,HepatitisB,15.36,13:49:24,2,8,180.1
2026-08-20,HepatitisB,4.88,13:49:54,2,8,0.0
2026-08-20,HepatitisB,17.38,13:50:24,2,8,180.13
2026-08-20,HepatitisB,5.07,13:50:54,2,8,0.0
2026-08-20,HepatitisB,6.45,13:51:24,2,8,0.0
2026-08-20,HepatitisB,9.18,13:51:54,2,8,180.16
2026-08-20,HepatitisB,11.34,13:52:24,2,8,180.17
2026-08-20,HepatitisB,6.0,13:52:54,2,8,0.0
2026-08-20,HepatitisB,10.62,13:53:24,2,8,180.19
2026-08-20,HepatitisB,3.74,13:53:54,2,8,0.0
2026-08-20,HepatitisB,7.0,13:54:24,2,8,0.0
2026-08-20,HepatitisB,3.61,13:54:54,2,8,0.0
2026-08-20,HepatitisB,2.42,13:55:24,2,8,0.0
2026-08-20,HepatitisB,3.39,13:55:54,2,8,0.0
2026-08-20,HepatitisB,16.53,13:56:24,2,8,180.26
2026-08-20,HepatitisB,2.65,13:56:54,2,8,0.0
2026-08-20,HepatitisB,16.33,13:57:24,2,8,180.28
2026-08-20,HepatitisB,15.0,13:57:54,2,8,180.29
2026-08-20,HepatitisB,10.3,13:58:24,2,8,180.3
2026-08-20,HepatitisB,2.3,13:58:54,2,8,0.0
2026-08-20,HepatitisB,11.19,13:59:24,2,8,180.32
2026-08-20,HepatitisB,4.3,13:59:54,2,8,0.0
2026-08-20,HepatitisB,5.11,14:00:24,2,8,0.0
2026-08-20,HepatitisB,5.6,14:00:54,2,8,0.0
2026-08-20,HepatitisB,17.71,14:01:24,2,8,180.36
2026-08-20,HepatitisB,11.91,14:01:54,2,8,180.38
2026-08-20,HepatitisB,3.1,14:02:24,2,8,0.0
2026-08-20,HepatitisB,15.15,14:02:54,2,8,180.4
2026-08-20,HepatitisB,5.5,14:03:24,2,8,0.0
2026-08-20,HepatitisB,6.87,14:03:54,2,8,0.0
2026-08-20,HepatitisB,6.7,14:04:24,2,8,0.0
2026-08-20,HepatitisB,15.14,14:04:54,2,8,180.44
2026-08-20,HepatitisB,14.44,14:05:24,2,8,180.45
2026-08-20,HepatitisB,4.11,14:05:54,2,8,0.0
2026-08-20,HepatitisB,3.58,14:06:24,2,8,0.0
2026-08-20,HepatitisB,11.71,14:06:54,2,8,180.48
2026-08-20,HepatitisB,3.87,14:07:24,2,8,0.0
2026-08-20,HepatitisB,3.13,14:07:54,2,8,0.0
2026-08-20,HepatitisB,9.21,14:08:24,2,8,180.52
2026-08-20,HepatitisB,2.77,14:08:54,2,8,0.0
2026-08-20,HepatitisB,15.18,14:09:24,2,8,180.54
2026-08-20,HepatitisB,9.44,14:09:54,2,8,180.55
2026-08-20,HepatitisB,10.24,14:10:24,2,8,180.56
2026-08-20,HepatitisB,13.06,14:10:54,2,8,180.57
2026-08-20,HepatitisB,6.59,14:11:24,2,8,0.0
2026-08-20,HepatitisB,10.22,14:11:54,2,8,180.59
2026-08-20,HepatitisB,5.34,14:12:24,2,8,0.0
2026-08-20,HepatitisB,12.24,14:12:54,2,8,180.61
2026-08-20,HepatitisB,6.91,14:13:24,2,8,0.0
2026-08-20,HepatitisB,10.29,14:13:54,2,8,180.63
2026-08-20,HepatitisB,13.22,14:14:24,2,8,180.65
2026-08-20,HepatitisB,12.94,14:14:54,2,8,180.66
2026-08-20,HepatitisB,2.38,14:15:24,2,8,0.0
2026-08-20,HepatitisB,12.8,14:15:54,2,8,180.68
2026-08-20,HepatitisB,12.51,14:16:24,2,8,180.69
2026-08-20,HepatitisB,14.99,14:16:54,2,8,180.7
2026-08-20,HepatitisB,15.18,14:17:24,2,8,180.71
2026-08-20,HepatitisB,14.01,14:17:54,2,8,180.72
2026-08-20,HepatitisB,4.89,14:18:24,2,8,0.0
2026-08-20,HepatitisB,11.63,14:18:54,2,8,180.74
2026-08-20,HepatitisB,15.89,14:19:24,2,8,180.75
2026-08-20,HepatitisB,7.41,14:19:54,2,8,0.0
2026-08-20,HepatitisB,7.94,14:20:24,2,8,0.0
2026-08-20,HepatitisB,17.63,14:20:54,2,8,180.79
2026-08-20,HepatitisB,11.21,14:21:24,2,8,180.8
2026-08-20,HepatitisB,7.8,14:21:54,2,8,0.0
2026-08-20,HepatitisB,6.08,14:22:24,2,8,0.0
2026-08-20,HepatitisB,11.07,14:22:54,2,8,180.83
2026-08-20,HepatitisB,17.69,14:23:24,2,8,180.84
2026-08-20,HepatitisB,15.44,14:23:54,2,8,180.85
2026-08-20,HepatitisB,4.76,14:24:24,2,8,0.0
2026-08-20,HepatitisB,5.91,14:24:54,2,8,0.0
2026-08-20,HepatitisB,16.45,14:25:24,2,8,180.88
2026-08-20,HepatitisB,12.31,14:25:54,2,8,180.9
2026-08-20,HepatitisB,10.26,14:26:24,2,8,180.91
2026-08-20,HepatitisB,2.75,14:26:54,2,8,0.0
2026-08-20,HepatitisB,14.75,14:27:24,2,8,180.93
2026-08-20,HepatitisB,14.85,14:27:54,2,8,180.94
2026-08-20,HepatitisB,12.51,14:28:24,2,8,180.95
2026-08-20,HepatitisB,2.02,14:28:54,2,8,0.0
2026-08-20,HepatitisB,17.25,14:29:24,2,8,180.97
2026-08-20,HepatitisB,13.11,14:29:54,2,8,180.98
2026-08-20,HepatitisB,11.37,14:30:24,2,8,180.99
2026-08-20,HepatitisB,14.69,14:30:54,2,8,181.0
2026-08-20,HepatitisB,2.19,14:31:24,2,8,0.0
2026-08-20,HepatitisB,3.79,14:31:54,2,8,0.0
2026-08-20,HepatitisB,16.25,14:32:24,2,8,181.04
2026-08-20,HepatitisB,7.98,14:32:54,2,8,0.0
2026-08-20,HepatitisB,2.02,14:33:24,2,8,0.0
2026-08-20,HepatitisB,4.17,14:33:54,2,8,0.0
2026-08-20,HepatitisB,2.08,14:34:24,2,8,0.0
2026-08-20,HepatitisB,4.86,14:34:54,2,8,0.0
2026-08-20,HepatitisB,17.58,14:35:24,2,8,181.1
2026-08-20,HepatitisB,15.58,14:35:54,2,8,181.11
2026-08-20,HepatitisB,15.04,14:36:24,2,8,181.12
2026-08-20,HepatitisB,11.22,14:36:54,2,8,181.13
2026-08-20,HepatitisB,15.51,14:37:24,2,8,181.14
2026-08-20,HepatitisB,16.79,14:37:54,2,8,181.16
2026-08-20,HepatitisB,11.45,14:38:24,2,8,181.17
2026-08-20,HepatitisB,3.3,14:38:54,2,8,0.0
2026-08-20,HepatitisB,6.09,14:39:24,2,8,0.0
2026-08-20,HepatitisB,16.17,14:39:54,2,8,181.2
2026-08-20,HepatitisB,9.16,14:40:24,2,8,181.21
2026-08-20,HepatitisB,11.02,14:40:54,2,8,181.22
2026-08-20,HepatitisB,2.82,14:41:24,2,8,0.0
2026-08-20,HepatitisB,5.28,14:41:54,2,8,0.0
2026-08-20,HepatitisB,15.93,14:42:24,2,8,181.25
2026-08-20,HepatitisB,5.3,14:42:54,2,8,0.0
2026-08-20,HepatitisB,5.1,14:43:24,2,8,0.0
2026-08-20,HepatitisB,5.61,14:43:54,2,8,0.0
2026-08-20,HepatitisB,5.83,14:44:24,2,8,0.0
2026-08-20,HepatitisB,13.77,14:44:54,2,8,181.31
2026-08-20,HepatitisB,7.95,14:45:24,2,8,0.0
2026-08-20,HepatitisB,2.9,14:45:54,2,8,0.0
2026-08-20,HepatitisB,6.29,14:46:24,2,8,0.0
2026-08-20,HepatitisB,3.89,14:46:54,2,8,0.0
2026-08-20,HepatitisB,14.42,14:47:24,2,8,181.36
2026-08-20,HepatitisB,12.31,14:47:54,2,8,181.37
2026-08-20,HepatitisB,12.65,14:48:24,2,8,181.38
2026-08-20,HepatitisB,2.13,14:48:54,2,8,0.0
2026-08-20,HepatitisB,3.91,14:49:24,2,8,0.0
2026-08-20,HepatitisB,6.42,14:49:54,2,8,0.0
2026-08-20,HepatitisB,17.24,14:50:24,2,8,181.43
2026-08-20,HepatitisB,11.19,14:50:54,2,8,181.44
2026-08-20,HepatitisB,6.76,14:51:24,2,8,0.0
2026-08-20,HepatitisB,16.18,14:51:54,2,8,181.46
2026-08-20,HepatitisB,9.97,14:52:24,2,8,181.47
2026-08-20,HepatitisB,13.27,14:52:54,2,8,181.48
2026-08-20,HepatitisB,15.43,14:53:24,2,8,181.49
2026-08-20,HepatitisB,2.44,14:53:54,2,8,0.0
2026-08-20,HepatitisB,15.18,14:54:24,2,8,181.51
2026-08-20,HepatitisB,16.65,14:54:54,2,8,181.52
2026-08-20,HepatitisB,16.79,14:55:24,2,8,181.53
2026-08-20,HepatitisB,12.84,14:55:54,2,8,181.55
2026-08-20,HepatitisB,17.48,14:56:24,2,8,181.56
2026-08-20,HepatitisB,15.25,14:56:54,2,8,181.57
2026-08-20,HepatitisB,12.67,14:57:24,2,8,181.58
2026-08-20,HepatitisB,5.22,14:57:54,2,8,0.0
2026-08-20,HepatitisB,9.6,14:58:24,2,8,181.6
2026-08-20,HepatitisB,13.71,14:58:54,2,8,181.61
2026-08-20,HepatitisB,11.34,14:59:24,2,8,181.62
2026-08-20,HepatitisB,9.83,14:59:54,2,8,181.63
2026-08-20,HepatitisB,3.61,15:00:24,2,8,0.0
2026-08-20,HepatitisB,17.85,15:00:54,2,8,181.65
2026-08-20,HepatitisB,11.99,15:01:24,2,8,181.66
2026-08-20,HepatitisB,16.3,15:01:54,2,8,181.68
2026-08-20,HepatitisB,12.37,15:02:24,2,8,181.69
2026-08-20,HepatitisB,17.5,15:02:54,2,8,181.7
2026-08-20,HepatitisB,2.06,15:03:24,2,8,0.0
2026-08-20,HepatitisB,10.47,15:03:54,2,8,181.72
2026-08-20,HepatitisB,9.38,15:04:24,2,8,181.73
2026-08-20,HepatitisB,10.54,15:04:54,2,8,181.74
2026-08-20,HepatitisB,6.03,15:05:24,2,8,0.0
2026-08-20,HepatitisB,11.63,15:05:54,2,8,181.76
2026-08-20,HepatitisB,4.87,15:06:24,2,8,0.0
2026-08-20,HepatitisB,9.63,15:06:54,2,8,181.78
2026-08-20,HepatitisB,4.13,15:07:24,2,8,0.0
2026-08-20,HepatitisB,4.34,15:07:54,2,8,0.0
2026-08-20,HepatitisB,17.81,15:08:24,2,8,181.82
2026-08-20,HepatitisB,2.87,15:08:54,2,8,0.0
2026-08-20,HepatitisB,14.36,15:09:24,2,8,181.84
2026-08-20,HepatitisB,13.48,15:09:54,2,8,181.85
2026-08-20,HepatitisB,12.26,15:10:24,2,8,181.86
2026-08-20,HepatitisB,2.93,15:10:54,2,8,0.0
2026-08-20,HepatitisB,12.33,15:11:24,2,8,181.88
2026-08-20,HepatitisB,2.23,15:11:54,2,8,0.0
2026-08-20,HepatitisB,10.73,15:12:24,2,8,181.9
2026-08-20,HepatitisB,5.06,15:12:54,2,8,0.0
2026-08-20,HepatitisB,4.61,15:13:24,2,8,0.0
2026-08-20,HepatitisB,5.64,15:13:54,2,8,0.0
2026-08-20,HepatitisB,17.5,15:14:24,2,8,181.95
2026-08-20,HepatitisB,7.32,15:14:54,2,8,0.0
2026-08-20,HepatitisB,14.17,15:15:24,2,8,181.97
2026-08-20,HepatitisB,9.93,15:15:54,2,8,181.98
2026-08-20,HepatitisB,11.72,15:16:24,2,8,181.99
2026-08-20,HepatitisB,4.99,15:16:54,2,8,0.0
2026-08-20,HepatitisB,4.16,15:17:24,2,8,0.0
2026-08-20,HepatitisB,6.05,15:17:54,2,8,0.0
2026-08-20,HepatitisB,7.74,15:18:24,2,8,0.0
2026-08-20,HepatitisB,14.62,15:18:54,2,8,182.04
2026-08-20,HepatitisB,3.66,15:19:24,2,8,0.0
2026-08-20,HepatitisB,5.27,15:19:54,2,8,0.0
2026-08-20,HepatitisB,5.91,15:20:24,2,8,0.0
2026-08-20,HepatitisB,5.26,15:20:54,2,8,0.0
2026-08-20,HepatitisB,17.08,15:21:24,2,8,182.1
2026-08-20,HepatitisB,17.73,15:21:54,2,8,182.11
2026-08-20,HepatitisB,4.41,15:22:24,2,8,0.0
2026-08-20,HepatitisB,17.58,15:22:54,2,8,182.13
2026-08-20,HepatitisB,12.19,15:23:24,2,8,182.14
2026-08-20,HepatitisB,13.9,15:23:54,2,8,182.15
2026-08-20,HepatitisB,15.0,15:24:24,2,8,182.16
2026-08-20,HepatitisB,10.3,15:24:54,2,8,182.17
2026-08-20,HepatitisB,2.23,15:25:24,2,8,0.0
2026-08-20,HepatitisB,10.13,15:25:54,2,8,182.2
2026-08-20,HepatitisB,11.35,15:26:24,2,8,182.21
2026-08-20,HepatitisB,9.82,15:26:54,2,8,182.22
2026-08-20,HepatitisB,14.64,15:27:24,2,8,182.23
2026-08-20,HepatitisB,3.86,15:27:54,2,8,0.0
2026-08-20,HepatitisB,7.57,15:28:24,2,8,0.0
2026-08-20,HepatitisB,13.74,15:28:54,2,8,182.26
2026-08-20,HepatitisB,14.4,15:29:24,2,8,182.27
2026-08-20,HepatitisB,9.12,15:29:54,2,8,182.28
2026-08-20,HepatitisB,14.06,15:30:24,2,8,182.29
2026-08-20,HepatitisB,14.63,15:30:54,2,8,182.3
2026-08-20,HepatitisB,14.12,15:31:24,2,8,182.31
2026-08-20,HepatitisB,12.57,15:31:54,2,8,182.33
2026-08-20,HepatitisB,13.63,15:32:24,2,8,182.34
2026-08-20,HepatitisB,15.96,15:32:54,2,8,182.35
2026-08-20,HepatitisB,11.82,15:33:24,2,8,182.36
2026-08-20,HepatitisB,9.51,15:33:54,2,8,182.37
2026-08-20,HepatitisB,5.73,15:34:24,2,8,0.0
2026-08-20,HepatitisB,9.16,15:34:54,2,8,182.39
2026-08-20,HepatitisB,9.77,15:35:24,2,8,182.4
2026-08-20,HepatitisB,11.25,15:35:54,2,8,182.41
2026-08-20,HepatitisB,11.87,15:36:24,2,8,182.42
2026-08-20,HepatitisB,3.9,15:36:54,2,8,0.0
2026-08-20,HepatitisB,9.37,15:37:24,2,8,182.44
2026-08-20,HepatitisB,17.95,15:37:54,2,8,182.46
2026-08-20,HepatitisB,13.28,15:38:24,2,8,182.47
2026-08-20,HepatitisB,14.25,15:38:54,2,8,182.48
2026-08-20,HepatitisB,7.44,15:39:24,2,8,0.0
2026-08-20,HepatitisB,13.19,15:39:54,2,8,182.5
2026-08-20,HepatitisB,4.36,15:40:24,2,8,0.0
2026-08-20,HepatitisB,16.15,15:40:54,2,8,182.52
2026-08-20,HepatitisB,16.46,15:41:24,2,8,182.53
2026-08-20,HepatitisB,15.61,15:41:54,2,8,182.54
2026-08-20,HepatitisB,10.89,15:42:24,2,8,182.55
2026-08-20,HepatitisB,5.86,15:42:54,2,8,0.0
2026-08-20,HepatitisB,9.79,15:43:24,2,8,182.57
2026-08-20,HepatitisB,2.08,15:43:54,2,8,0.0
2026-08-20,HepatitisB,7.44,15:44:24,2,8,0.0
2026-08-20,HepatitisB,12.3,15:44:54,2,8,182.61
2026-08-20,HepatitisB,15.86,15:45:24,2,8,182.62
2026-08-20,HepatitisB,9.29,15:45:54,2,8,182.63
2026-08-20,HepatitisB,17.94,15:46:24,2,8,182.64
2026-08-20,HepatitisB,15.56,15:46:54,2,8,182.65
2026-08-20,HepatitisB,12.18,15:47:24,2,8,182.66
2026-08-20,HepatitisB,13.09,15:47:54,2,8,182.67
2026-08-20,HepatitisB,13.45,15:48:24,2,8,182.68
2026-08-20,HepatitisB,10.76,15:48:54,2,8,182.69
2026-08-20,HepatitisB,15.88,15:49:24,2,8,182.7
2026-08-20,HepatitisB,17.39,15:49:54,2,8,182.72
2026-08-20,HepatitisB,12.61,15:50:24,2,8,182.73
2026-08-20,HepatitisB,5.03,15:50:54,2,8,0.0
2026-08-20,HepatitisB,12.37,15:51:24,2,8,182.75
2026-08-20,HepatitisB,3.32,15:51:54,2,8,0.0
2026-08-20,HepatitisB,16.43,15:52:24,2,8,182.77
2026-08-20,HepatitisB,17.42,15:52:54,2,8,182.78
2026-08-20,HepatitisB,12.87,15:53:24,2,8,182.79
2026-08-20,HepatitisB,9.26,15:53:54,2,8,182.8
2026-08-20,HepatitisB,15.54,15:54:24,2,8,182.81
2026-08-20,HepatitisB,10.6,15:54:54,2,8,182.82
2026-08-20,HepatitisB,15.45,15:55:24,2,8,182.83
2026-08-20,HepatitisB,9.41,15:55:54,2,8,182.85
2026-08-20,HepatitisB,10.68,15:56:24,2,8,182.86
2026-08-20,HepatitisB,17.87,15:56:54,2,8,182.87
2026-08-20,HepatitisB,10.17,15:57:24,2,8,182.88
2026-08-20,HepatitisB,14.34,15:57:54,2,8,182.89
2026-08-20,HepatitisB,7.61,15:58:24,2,8,0.0
2026-08-20,HepatitisB,15.68,15:58:54,2,8,182.91
2026-08-20,HepatitisB,4.86,15:59:24,2,8,0.0
2026-08-20,HepatitisB,14.4,15:59:54,2,8,182.93
2026-08-20,HepatitisB,14.05,16:00:24,2,8,182.94
2026-08-20,HepatitisB,4.95,16:00:54,2,8,0.0
2026-08-20,HepatitisB,14.88,16:01:24,2,8,182.96
2026-08-20,HepatitisB,4.03,16:01:54,2,8,0.0
2026-08-20,HepatitisB,14.38,16:02:24,2,8,182.99
2026-08-20,HepatitisB,5.53,16:02:54,2,8,0.0
2026-08-20,HepatitisB,4.34,16:03:24,2,8,0.0
2026-08-20,HepatitisB,10.89,16:03:54,2,8,183.02
2026-08-20,HepatitisB,9.99,16:04:24,2,8,183.03
2026-08-20,HepatitisB,10.98,16:04:54,2,8,183.04
2026-08-20,HepatitisB,6.12,16:05:24,2,8,0.0
2026-08-20,HepatitisB,14.04,16:05:54,2,8,183.06
2026-08-20,HepatitisB,3.91,16:06:24,2,8,0.0
2026-08-20,HepatitisB,2.18,16:06:54,2,8,0.0
2026-08-20,HepatitisB,3.02,16:07:24,2,8,0.0
2026-08-20,HepatitisB,10.31,16:07:54,2,8,183.1
2026-08-20,HepatitisB,15.62,16:08:24,2,8,183.12
2026-08-20,HepatitisB,11.81,16:08:54,2,8,183.13
2026-08-20,HepatitisB,13.34,16:09:24,2,8,183.14
2026-08-20,HepatitisB,3.61,16:09:54,2,8,0.0
2026-08-20,HepatitisB,4.2,16:10:24,2,8,0.0
2026-08-20,HepatitisB,9.25,16:10:54,2,8,183.17
2026-08-20,HepatitisB,17.9,16:11:24,2,8,183.18
2026-08-20,HepatitisB,9.34,16:11:54,2,8,183.19
2026-08-20,HepatitisB,6.85,16:12:24,2,8,0.0
2026-08-20,HepatitisB,13.13,16:12:54,2,8,183.21
2026-08-20,HepatitisB,11.61,16:13:24,2,8,183.22
2026-08-20,HepatitisB,17.68,16:13:54,2,8,183.23
2026-08-20,HepatitisB,6.31,16:14:24,2,8,0.0
2026-08-20,HepatitisB,5.99,16:14:54,2,8,0.0
2026-08-20,HepatitisB,9.77,16:15:24,2,8,183.27
2026-08-20,HepatitisB,2.91,16:15:54,2,8,0.0
2026-08-20,HepatitisB,5.8,16:16:24,2,8,0.0
2026-08-20,HepatitisB,4.35,16:16:54,2,8,0.0
2026-08-20,HepatitisB,14.49,16:17:24,2,8,183.31
2026-08-20,HepatitisB,7.2,16:17:54,2,8,0.0
2026-08-20,HepatitisB,17.55,16:18:24,2,8,183.33
2026-08-20,HepatitisB,14.65,16:18:54,2,8,183.34
2026-08-20,HepatitisB,17.53,16:19:24,2,8,183.35
2026-08-20,HepatitisB,17.47,16:19:54,2,8,183.37
2026-08-20,HepatitisB,9.28,16:20:24,2,8,183.38
2026-08-20,HepatitisB,2.52,16:20:54,2,8,0.0
2026-08-20,HepatitisB,5.14,16:21:24,2,8,0.0
2026-08-20,HepatitisB,11.24,16:21:54,2,8,183.41
2026-08-20,HepatitisB,13.07,16:22:24,2,8,183.42
2026-08-20,HepatitisB,5.47,16:22:54,2,8,0.0
2026-08-20,HepatitisB,4.89,16:23:24,2,8,0.0
2026-08-20,HepatitisB,12.88,16:23:54,2,8,183.45
2026-08-20,HepatitisB,7.43,16:24:24,2,8,0.0
2026-08-20,HepatitisB,9.71,16:24:54,2,8,183.47
2026-08-20,HepatitisB,2.08,16:25:24,2,8,0.0
2026-08-20,HepatitisB,9.32,16:25:54,2,8,183.5
2026-08-20,HepatitisB,2.61,16:26:24,2,8,0.0
2026-08-20,HepatitisB,5.2,16:26:54,2,8,0.0
2026-08-20,HepatitisB,10.98,16:27:24,2,8,183.53
2026-08-20,HepatitisB,15.65,16:27:54,2,8,183.54
2026-08-20,HepatitisB,13.32,16:28:24,2,8,183.55
2026-08-20,HepatitisB,12.13,16:28:54,2,8,183.56
2026-08-20,HepatitisB,7.52,16:29:24,2,8,0.0
2026-08-20,HepatitisB,5.82,16:29:54,2,8,0.0
2026-08-20,HepatitisB,7.76,16:30:24,2,8,0.0
2026-08-20,HepatitisB,9.66,16:30:54,2,8,183.6
2026-08-20,HepatitisB,6.71,16:31:24,2,8,0.0
2026-08-20,HepatitisB,10.18,16:31:54,2,8,183.62
2026-08-20,HepatitisB,3.16,16:32:24,2,8,0.0
2026-08-20,HepatitisB,11.1,16:32:54,2,8,183.65
2026-08-20,HepatitisB,17.46,16:33:24,2,8,183.66
2026-08-20,HepatitisB,4.05,16:33:54,2,8,0.0
2026-08-20,HepatitisB,10.62,16:34:24,2,8,183.68
2026-08-20,HepatitisB,2.79,16:34:54,2,8,0.0
2026-08-20,HepatitisB,10.62,16:35:24,2,8,183.7
2026-08-20,HepatitisB,11.41,16:35:54,2,8,183.71
2026-08-20,HepatitisB,3.75,16:36:24,2,8,0.0
2026-08-20,HepatitisB,4.63,16:36:54,2,8,0.0
2026-08-20,HepatitisB,13.04,16:37:24,2,8,183.74
2026-08-20,HepatitisB,6.63,16:37:54,2,8,0.0
2026-08-20,HepatitisB,17.8,16:38:24,2,8,183.77
2026-08-20,HepatitisB,13.1,16:38:54,2,8,183.78
2026-08-20,HepatitisB,3.41,16:39:24,2,8,0.0
2026-08-20,HepatitisB,10.28,16:39:54,2,8,183.8
2026-08-20,HepatitisB,12.77,16:40:24,2,8,183.81
2026-08-20,HepatitisB,6.82,16:40:54,2,8,0.0
2026-08-20,HepatitisB,13.63,16:41:24,2,8,183.83
2026-08-20,HepatitisB,10.31,16:41:54,2,8,183.84
2026-08-20,HepatitisB,10.93,16:42:24,2,8,183.85
2026-08-20,HepatitisB,13.58,16:42:54,2,8,183.86
2026-08-20,HepatitisB,15.18,16:43:24,2,8,183.87
2026-08-20,HepatitisB,12.12,16:43:54,2,8,183.88
2026-08-20,HepatitisB,6.99,16:44:24,2,8,0.0
2026-08-20,HepatitisB,13.67,16:44:54,2,8,183.91
2026-08-20,HepatitisB,4.21,16:45:24,2,8,0.0
2026-08-20,HepatitisB,9.98,16:45:54,2,8,183.93
2026-08-20,HepatitisB,10.47,16:46:24,2,8,183.94
2026-08-20,HepatitisB,16.97,16:46:54,2,8,183.95
2026-08-20,HepatitisB,6.2,16:47:24,2,8,0.0
2026-08-20,HepatitisB,7.92,16:47:54,2,8,0.0
2026-08-20,HepatitisB,10.78,16:48:24,2,8,183.98
2026-08-20,HepatitisB,12.67,16:48:54,2,8,183.99
2026-08-20,HepatitisB,14.05,16:49:24,2,8,184.0
2026-08-20,HepatitisB,16.13,16:49:54,2,8,184.02
2026-08-20,HepatitisB,2.26,16:50:24,2,8,0.0
2026-08-20,HepatitisB,12.38,16:50:54,2,8,184.04
2026-08-20,HepatitisB,17.79,16:51:24,2,8,184.05
2026-08-20,HepatitisB,7.32,16:51:54,2,8,0.0
2026-08-20,HepatitisB,9.93,16:52:24,2,8,184.07
2026-08-20,HepatitisB,2.3,16:52:54,2,8,0.0
2026-08-20,HepatitisB,15.65,16:53:24,2,8,184.09
2026-08-20,HepatitisB,15.49,16:53:54,2,8,184.1
2026-08-20,HepatitisB,12.58,16:54:24,2,8,184.11
2026-08-20,HepatitisB,10.6,16:54:54,2,8,184.12
2026-08-20,HepatitisB,17.39,16:55:24,2,8,184.13
2026-08-20,HepatitisB,10.58,16:55:54,2,8,184.15
2026-08-20,HepatitisB,15.39,16:56:24,2,8,184.16
2026-08-20,HepatitisB,12.52,16:56:54,2,8,184.17
2026-08-20,HepatitisB,11.61,16:57:24,2,8,184.18
2026-08-20,HepatitisB,10.4,16:57:54,2,8,184.19
2026-08-20,HepatitisB,6.07,16:58:24,2,8,0.0
2026-08-20,HepatitisB,11.14,16:58:54,2,8,184.21
2026-08-20,HepatitisB,13.02,16:59:24,2,8,184.22
2026-08-20,HepatitisB,13.12,16:59:54,2,8,184.23
2026-08-20,HepatitisB,9.25,17:00:24,2,8,184.24
2026-08-20,HepatitisB,10.99,17:00:54,2,8,184.25
2026-08-20,HepatitisB,17.41,17:01:24,2,8,184.26
2026-08-20,HepatitisB,10.48,17:01:54,2,8,184.28
2026-08-20,HepatitisB,9.21,17:02:24,2,8,184.29
2026-08-20,HepatitisB,11.11,17:02:54,2,8,184.3
2026-08-20,HepatitisB,3.76,17:03:24,2,8,0.0
2026-08-20,HepatitisB,14.69,17:03:54,2,8,184.32
2026-08-20,HepatitisB,9.94,17:04:24,2,8,184.33
2026-08-20,HepatitisB,11.52,17:04:54,2,8,184.34
2026-08-20,HepatitisB,7.62,17:05:24,2,8,0.0
2026-08-20,HepatitisB,14.47,17:05:54,2,8,184.36
2026-08-20,HepatitisB,15.03,17:06:24,2,8,184.37
2026-08-20,HepatitisB,6.47,17:06:54,2,8,0.0
2026-08-20,HepatitisB,5.3,17:07:24,2,8,0.0
2026-08-20,HepatitisB,15.66,17:07:54,2,8,184.41
2026-08-20,HepatitisB,17.87,17:08:24,2,8,184.42
2026-08-20,HepatitisB,4.21,17:08:54,2,8,0.0
2026-08-20,HepatitisB,4.44,17:09:24,2,8,0.0
2026-08-20,HepatitisB,9.53,17:09:54,2,8,184.45
2026-08-20,HepatitisB,16.34,17:10:24,2,8,184.46
2026-08-20,HepatitisB,6.46,17:10:54,2,8,0.0
2026-08-20,HepatitisB,3.92,17:11:24,2,8,0.0
2026-08-20,HepatitisB,17.18,17:11:54,2,8,184.49
2026-08-20,HepatitisB,16.64,17:12:24,2,8,184.5
2026-08-20,HepatitisB,9.02,17:12:54,2,8,184.51
2026-08-20,HepatitisB,14.6,17:13:24,2,8,184.52
2026-08-20,HepatitisB,9.77,17:13:54,2,8,184.53
2026-08-20,HepatitisB,11.84,17:14:24,2,8,184.55
2026-08-20,HepatitisB,4.0,17:14:54,2,8,0.0
2026-08-20,HepatitisB,11.27,17:15:24,2,8,184.57
2026-08-20,HepatitisB,5.93,17:15:54,2,8,0.0
2026-08-20,HepatitisB,16.33,17:16:24,2,8,184.59
2026-08-20,HepatitisB,6.93,17:16:54,2,8,0.0
2026-08-20,HepatitisB,5.46,17:17:24,2,8,0.0
2026-08-20,HepatitisB,17.51,17:17:54,2,8,184.62
2026-08-20,HepatitisB,14.33,17:18:24,2,8,184.63
2026-08-20,HepatitisB,16.19,17:18:54,2,8,184.64
2026-08-20,HepatitisB,14.62,17:19:24,2,8,184.65
2026-08-20,HepatitisB,10.06,17:19:54,2,8,184.67
2026-08-20,HepatitisB,4.07,17:20:24,2,8,0.0
2026-08-20,HepatitisB,7.12,17:20:54,2,8,0.0
2026-08-20,HepatitisB,2.55,17:21:24,2,8,0.0
2026-08-20,HepatitisB,17.64,17:21:54,2,8,184.71
2026-08-20,HepatitisB,4.78,17:22:24,2,8,0.0
2026-08-20,HepatitisB,16.19,17:22:54,2,8,184.73
2026-08-20,HepatitisB,4.98,17:23:24,2,8,0.0
2026-08-20,HepatitisB,16.96,17:23:54,2,8,184.75
2026-08-20,HepatitisB,4.17,17:24:24,2,8,0.0
2026-08-20,HepatitisB,17.83,17:24:54,2,8,184.77
2026-08-20,HepatitisB,4.81,17:25:24,2,8,0.0
2026-08-20,HepatitisB,3.64,17:25:54,2,8,0.0
2026-08-20,HepatitisB,7.23,17:26:24,2,8,0.0
2026-08-20,HepatitisB,10.93,17:26:54,2,8,184.82
2026-08-20,HepatitisB,6.13,17:27:24,2,8,0.0
2026-08-20,HepatitisB,11.86,17:27:54,2,8,184.84
2026-08-20,HepatitisB,11.87,17:28:24,2,8,184.85
2026-08-20,HepatitisB,10.63,17:28:54,2,8,184.86
2026-08-20,HepatitisB,9.12,17:29:24,2,8,184.87
2026-08-20,HepatitisB,7.25,17:29:54,2,8,0.0
2026-08-20,HepatitisB,4.09,17:30:24,2,8,0.0
2026-08-20,HepatitisB,11.12,17:30:54,2,8,184.9
2026-08-20,HepatitisB,17.73,17:31:24,2,8,184.91
2026-08-20,HepatitisB,12.37,17:31:54,2,8,184.93
2026-08-20,HepatitisB,10.51,17:32:24,2,8,184.94
2026-08-20,HepatitisB,3.23,17:32:54,2,8,0.0
2026-08-20,HepatitisB,3.6,17:33:24,2,8,0.0
2026-08-20,HepatitisB,13.87,17:33:54,2,8,184.97
2026-08-20,HepatitisB,9.6,17:34:24,2,8,184.98
2026-08-20,HepatitisB,2.07,17:34:54,2,8,0.0
2026-08-20,HepatitisB,3.67,17:35:24,2,8,0.0
2026-08-20,HepatitisB,9.47,17:35:54,2,8,185.01
2026-08-20,HepatitisB,2.5,17:36:24,2,8,0.0
2026-08-20,HepatitisB,12.19,17:36:54,2,8,185.03
2026-08-20,HepatitisB,17.06,17:37:24,2,8,185.04
2026-08-20,HepatitisB,6.71,17:37:54,2,8,0.0
2026-08-20,HepatitisB,5.77,17:38:24,2,8,0.0
2026-08-20,HepatitisB,7.11,17:38:54,2,8,0.0
2026-08-20,HepatitisB,2.18,17:39:24,2,8,0.0
2026-08-20,HepatitisB,10.73,17:39:54,2,8,185.1
2026-08-20,HepatitisB,7.38,17:40:24,2,8,0.0
2026-08-20,HepatitisB,10.26,17:40:54,2,8,185.12
2026-08-20,HepatitisB,16.75,17:41:24,2,8,185.13
2026-08-20,HepatitisB,3.96,17:41:54,2,8,0.0
2026-08-20,HepatitisB,6.99,17:42:24,2,8,0.0
2026-08-20,HepatitisB,13.61,17:42:54,2,8,185.16
2026-08-20,HepatitisB,10.44,17:43:24,2,8,185.17
2026-08-20,HepatitisB,11.78,17:43:54,2,8,185.19
2026-08-20,HepatitisB,9.24,17:44:24,2,8,185.2
2026-08-20,HepatitisB,15.29,17:44:54,2,8,185.21
2026-08-20,HepatitisB,15.49,17:45:24,2,8,185.22
2026-08-20,HepatitisB,5.61,17:45:54,2,8,0.0
2026-08-20,HepatitisB,10.87,17:46:24,2,8,185.24
2026-08-20,HepatitisB,13.03,17:46:54,2,8,185.25
2026-08-20,HepatitisB,4.34,17:47:24,2,8,0.0
2026-08-20,HepatitisB,14.86,17:47:54,2,8,185.27
2026-08-20,HepatitisB,7.06,17:48:24,2,8,0.0
2026-08-20,HepatitisB,9.49,17:48:54,2,8,185.29
2026-08-20,HepatitisB,16.54,17:49:24,2,8,185.3
2026-08-20,HepatitisB,4.29,17:49:54,2,8,0.0
2026-08-20,HepatitisB,16.76,17:50:24,2,8,185.33
2026-08-20,HepatitisB,10.67,17:50:54,2,8,185.34
2026-08-20,HepatitisB,7.24,17:51:24,2,8,0.0
2026-08-20,HepatitisB,7.83,17:51:54,2,8,0.0
2026-08-20,HepatitisB,11.31,17:52:24,2,8,185.37
2026-08-20,HepatitisB,15.67,17:52:54,2,8,185.38
2026-08-20,HepatitisB,12.73,17:53:24,2,8,185.39
2026-08-20,HepatitisB,17.52,17:53:54,2,8,185.4
2026-08-20,HepatitisB,15.56,17:54:24,2,8,185.41
2026-08-20,HepatitisB,5.56,17:54:54,2,8,0.0
2026-08-20,HepatitisB,12.47,17:55:24,2,8,185.43
2026-08-20,HepatitisB,14.24,17:55:54,2,8,185.45
2026-08-20,HepatitisB,13.02,17:56:24,2,8,185.46
2026-08-20,HepatitisB,11.05,17:56:54,2,8,185.47
2026-08-20,HepatitisB,10.51,17:57:24,2,8,185.48
2026-08-20,HepatitisB,12.1,17:57:54,2,8,185.49
2026-08-20,HepatitisB,14.07,17:58:24,2,8,185.5
2026-08-20,HepatitisB,2.81,17:58:54,2,8,0.0
2026-08-20,HepatitisB,11.7,17:59:24,2,8,185.52
2026-08-20,HepatitisB,5.92,17:59:54,2,8,0.0
2026-08-20,HepatitisB,4.1,18:00:24,2,8,0.0
2026-08-20,HepatitisB,6.12,18:00:54,2,8,0.0
2026-08-20,HepatitisB,13.08,18:01:24,2,8,185.56
2026-08-20,HepatitisB,16.01,18:01:54,2,8,185.58
2026-08-20,HepatitisB,7.59,18:02:24,2,8,0.0
2026-08-20,HepatitisB,9.06,18:02:54,2,8,185.6
2026-08-20,HepatitisB,3.28,18:03:24,2,8,0.0
2026-08-20,HepatitisB,3.69,18:03:54,2,8,0.0
2026-08-20,HepatitisB,10.86,18:04:24,2,8,185.63
2026-08-20,HepatitisB,14.34,18:04:54,2,8,185.64
2026-08-20,HepatitisB,11.96,18:05:24,2,8,185.65
2026-08-20,HepatitisB,10.72,18:05:54,2,8,185.66
2026-08-20,HepatitisB,17.0,18:06:24,2,8,185.67
2026-08-20,HepatitisB,6.7,18:06:54,2,8,0.0
2026-08-20,HepatitisB,3.47,18:07:24,2,8,0.0
2026-08-20,HepatitisB,11.13,18:07:54,2,8,185.71
2026-08-20,HepatitisB,6.66,18:08:24,2,8,0.0
2026-08-20,HepatitisB,6.79,18:08:54,2,8,0.0
2026-08-20,HepatitisB,9.33,18:09:24,2,8,185.74
2026-08-20,HepatitisB,14.28,18:09:54,2,8,185.75
2026-08-20,HepatitisB,9.55,18:10:24,2,8,185.76
2026-08-20,HepatitisB,4.39,18:10:54,2,8,0.0
2026-08-20,HepatitisB,11.64,18:11:24,2,8,185.78
2026-08-20,HepatitisB,12.53,18:11:54,2,8,185.79
2026-08-20,HepatitisB,11.22,18:12:24,2,8,185.8
2026-08-20,HepatitisB,6.47,18:12:54,2,8,0.0
2026-08-20,HepatitisB,6.9,18:13:24,2,8,0.0
2026-08-20,HepatitisB,11.15,18:13:54,2,8,185.83
2026-08-20,HepatitisB,13.62,18:14:24,2,8,185.85
2026-08-20,HepatitisB,9.13,18:14:54,2,8,185.86
2026-08-20,HepatitisB,16.94,18:15:24,2,8,185.87
2026-08-20,HepatitisB,14.27,18:15:54,2,8,185.88
2026-08-20,HepatitisB,16.1,18:16:24,2,8,185.89
2026-08-20,HepatitisB,12.08,18:16:54,2,8,185.9
2026-08-20,HepatitisB,10.68,18:17:24,2,8,185.91
2026-08-20,HepatitisB,4.81,18:17:54,2,8,0.0
2026-08-20,HepatitisB,11.77,18:18:24,2,8,185.93
2026-08-20,HepatitisB,4.06,18:18:54,2,8,0.0
2026-08-20,HepatitisB,2.64,18:19:24,2,8,0.0
2026-08-20,HepatitisB,9.3,18:19:54,2,8,185.97
2026-08-20,HepatitisB,3.37,18:20:24,2,8,0.0
2026-08-20,HepatitisB,2.34,18:20:54,2,8,0.0
2026-08-20,HepatitisB,3.84,18:21:24,2,8,0.0
2026-08-20,HepatitisB,9.99,18:21:54,2,8,186.01
2026-08-20,HepatitisB,17.62,18:22:24,2,8,186.02
2026-08-20,HepatitisB,16.35,18:22:54,2,8,186.03
2026-08-20,HepatitisB,7.67,18:23:24,2,8,0.0
2026-08-20,HepatitisB,3.74,18:23:54,2,8,0.0
2026-08-20,HepatitisB,11.57,18:24:24,2,8,186.06
2026-08-20,HepatitisB,13.75,18:24:54,2,8,186.07
2026-08-20,HepatitisB,13.11,18:25:24,2,8,186.08
2026-08-20,HepatitisB,15.05,18:25:54,2,8,186.1
2026-08-20,HepatitisB,14.07,18:26:24,2,8,186.11
2026-08-20,HepatitisB,13.15,18:26:54,2,8,186.12
2026-08-20,HepatitisB,5.74,18:27:24,2,8,0.0
2026-08-20,HepatitisB,6.13,18:27:54,2,8,0.0
2026-08-20,HepatitisB,16.15,18:28:24,2,8,186.15
2026-08-20,HepatitisB,15.75,18:28:54,2,8,186.16
2026-08-20,HepatitisB,10.8,18:29:24,2,8,186.17
2026-08-20,HepatitisB,5.67,18:29:54,2,8,0.0
2026-08-20,HepatitisB,12.73,18:30:24,2,8,186.19
2026-08-20,HepatitisB,5.09,18:30:54,2,8,0.0
2026-08-20,HepatitisB,11.58,18:31:24,2,8,186.21
2026-08-20,HepatitisB,17.68,18:31:54,2,8,186.22
2026-08-20,HepatitisB,2.85,18:32:24,2,8,0.0
2026-08-20,HepatitisB,16.78,18:32:54,2,8,186.25
2026-08-20,HepatitisB,14.61,18:33:24,2,8,186.26
2026-08-20,HepatitisB,14.79,18:33:54,2,8,186.27
2026-08-20,HepatitisB,7.27,18:34:24,2,8,0.0
2026-08-20,HepatitisB,16.87,18:34:54,2,8,186.29
2026-08-20,HepatitisB,6.32,18:35:24,2,8,0.0
2026-08-20,HepatitisB,11.97,18:35:54,2,8,186.31
2026-08-20,HepatitisB,16.66,18:36:24,2,8,186.32
2026-08-20,HepatitisB,2.59,18:36:54,2,8,0.0
2026-08-20,HepatitisB,17.11,18:37:24,2,8,186.34
2026-08-20,HepatitisB,16.5,18:37:54,2,8,186.35
2026-08-20,HepatitisB,17.88,18:38:24,2,8,186.37
2026-08-20,HepatitisB,15.15,18:38:54,2,8,186.38
2026-08-20,HepatitisB,12.43,18:39:24,2,8,186.39
2026-08-20,HepatitisB,7.16,18:39:54,2,8,0.0
2026-08-20,HepatitisB,16.56,18:40:24,2,8,186.41
2026-08-20,HepatitisB,17.86,18:40:54,2,8,186.42
2026-08-20,HepatitisB,10.86,18:41:24,2,8,186.43
2026-08-20,HepatitisB,9.93,18:41:54,2,8,186.44
2026-08-20,HepatitisB,14.6,18:42:24,2,8,186.45
2026-08-20,HepatitisB,14.8,18:42:54,2,8,186.46
2026-08-20,HepatitisB,5.18,18:43:24,2,8,0.0
2026-08-20,HepatitisB,4.0,18:43:54,2,8,0.0
2026-08-20,HepatitisB,4.93,18:44:24,2,8,0.0
2026-08-20,HepatitisB,14.99,18:44:54,2,8,186.51
2026-08-20,HepatitisB,7.54,18:45:24,2,8,0.0
2026-08-20,HepatitisB,5.38,18:45:54,2,8,0.0
2026-08-20,HepatitisB,5.27,18:46:24,2,8,0.0
2026-08-20,HepatitisB,12.42,18:46:54,2,8,186.55
2026-08-20,HepatitisB,17.68,18:47:24,2,8,186.56
2026-08-20,HepatitisB,12.36,18:47:54,2,8,186.57
2026-08-20,HepatitisB,4.76,18:48:24,2,8,0.0
2026-08-20,HepatitisB,4.4,18:48:54,2,8,0.0
2026-08-20,HepatitisB,16.91,18:49:24,2,8,186.6
2026-08-20,HepatitisB,15.11,18:49:54,2,8,186.62
2026-08-20,HepatitisB,3.21,18:50:24,2,8,0.0
2026-08-20,HepatitisB,14.1,18:50:54,2,8,186.64
2026-08-20,HepatitisB,9.86,18:51:24,2,8,186.65
2026-08-20,HepatitisB,15.66,18:51:54,2,8,186.66
2026-08-20,HepatitisB,5.32,18:52:24,2,8,0.0
2026-08-20,HepatitisB,2.4,18:52:54,2,8,0.0
2026-08-20,HepatitisB,12.08,18:53:24,2,8,186.69
2026-08-20,HepatitisB,10.77,18:53:54,2,8,186.7
2026-08-20,HepatitisB,17.0,18:54:24,2,8,186.71
2026-08-20,HepatitisB,15.29,18:54:54,2,8,186.72
2026-08-20,HepatitisB,17.02,18:55:24,2,8,186.73
2026-08-20,HepatitisB,13.18,18:55:54,2,8,186.75
2026-08-20,HepatitisB,9.18,18:56:24,2,8,186.76
2026-08-20,HepatitisB,17.06,18:56:54,2,8,186.77
2026-08-20,HepatitisB,11.02,18:57:24,2,8,186.78
2026-08-20,HepatitisB,16.16,18:57:54,2,8,186.79
2026-08-20,HepatitisB,7.0,18:58:24,2,8,0.0
2026-08-20,HepatitisB,10.91,18:58:54,2,8,186.81
2026-08-20,HepatitisB,13.05,18:59:24,2,8,186.82
2026-08-20,HepatitisB,15.79,18:59:54,2,8,186.83
2026-08-20,HepatitisB,3.41,19:00:24,2,8,0.0
2026-08-20,HepatitisB,16.67,19:00:54,2,8,186.85
2026-08-20,HepatitisB,17.76,19:01:24,2,8,186.86
2026-08-20,HepatitisB,9.44,19:01:54,2,8,186.88
2026-08-20,HepatitisB,6.62,19:02:24,2,8,0.0
2026-08-20,HepatitisB,4.54,19:02:54,2,8,0.0
2026-08-20,HepatitisB,15.68,19:03:24,2,8,186.91
2026-08-20,HepatitisB,10.76,19:03:54,2,8,186.92
2026-08-20,HepatitisB,13.99,19:04:24,2,8,186.93
2026-08-20,HepatitisB,6.15,19:04:54,2,8,0.0
2026-08-20,HepatitisB,15.27,19:05:24,2,8,186.95
2026-08-20,HepatitisB,4.98,19:05:54,2,8,0.0
2026-08-20,HepatitisB,10.53,19:06:24,2,8,186.97
2026-08-20,HepatitisB,3.02,19:06:54,2,8,0.0
2026-08-20,HepatitisB,4.47,19:07:24,2,8,0.0
2026-08-20,HepatitisB,14.82,19:07:54,2,8,187.0
2026-08-20,HepatitisB,2.51,19:08:24,2,8,0.0
2026-08-20,HepatitisB,14.85,19:08:54,2,8,187.03
2026-08-20,HepatitisB,12.91,19:09:24,2,8,187.04
2026-08-20,HepatitisB,6.9,19:09:54,2,8,0.0
2026-08-20,HepatitisB,2.86,19:10:24,2,8,0.0
2026-08-20,HepatitisB,9.44,19:10:54,2,8,187.07
2026-08-20,HepatitisB,12.64,19:11:24,2,8,187.08
2026-08-20,HepatitisB,17.02,19:11:54,2,8,187.09
2026-08-20,HepatitisB,6.53,19:12:24,2,8,0.0
2026-08-20,HepatitisB,17.95,19:12:54,2,8,187.11
2026-08-20,HepatitisB,12.56,19:13:24,2,8,187.12
2026-08-20,HepatitisB,17.22,19:13:54,2,8,187.13
2026-08-20,HepatitisB,11.38,19:14:24,2,8,187.15
2026-08-20,HepatitisB,7.12,19:14:54,2,8,0.0
2026-08-20,HepatitisB,13.72,19:15:24,2,8,187.17
2026-08-20,HepatitisB,7.24,19:15:54,2,8,0.0
2026-08-20,HepatitisB,6.81,19:16:24,2,8,0.0
2026-08-20,HepatitisB,13.38,19:16:54,2,8,187.2
2026-08-20,HepatitisB,14.87,19:17:24,2,8,187.21
2026-08-20,HepatitisB,17.81,19:17:54,2,8,187.22
2026-08-20,HepatitisB,13.59,19:18:24,2,8,187.23
2026-08-20,HepatitisB,17.69,19:18:54,2,8,187.24
2026-08-20,HepatitisB,10.78,19:19:24,2,8,187.25
2026-08-20,HepatitisB,7.76,19:19:54,2,8,0.0
2026-08-20,HepatitisB,13.84,19:20:24,2,8,187.28
2026-08-20,HepatitisB,7.78,19:20:54,2,8,0.0
2026-08-20,HepatitisB,9.8,19:21:24,2,8,187.3
2026-08-20,HepatitisB,12.85,19:21:54,2,8,187.31
2026-08-20,HepatitisB,9.32,19:22:24,2,8,187.32
2026-08-20,HepatitisB,16.31,19:22:54,2,8,187.33
2026-08-20,HepatitisB,9.66,19:23:24,2,8,187.34
2026-08-20,HepatitisB,12.82,19:23:54,2,8,187.35
2026-08-20,HepatitisB,14.01,19:24:24,2,8,187.36
2026-08-20,HepatitisB,11.22,19:24:54,2,8,187.37
2026-08-20,HepatitisB,10.78,19:25:24,2,8,187.38
2026-08-20,HepatitisB,17.09,19:25:54,2,8,187.4
2026-08-20,HepatitisB,3.43,19:26:24,2,8,0.0
2026-08-20,HepatitisB,10.3,19:26:54,2,8,187.42
2026-08-20,HepatitisB,13.44,19:27:24,2,8,187.43
2026-08-20,HepatitisB,5.98,19:27:54,2,8,0.0
2026-08-20,HepatitisB,3.62,19:28:24,2,8,0.0
2026-08-20,HepatitisB,3.49,19:28:54,2,8,0.0
2026-08-20,HepatitisB,9.33,19:29:24,2,8,187.47
2026-08-20,HepatitisB,14.53,19:29:54,2,8,187.48
2026-08-20,HepatitisB,9.5,19:30:24,2,8,187.49
2026-08-20,HepatitisB,12.56,19:30:54,2,8,187.5
2026-08-20,HepatitisB,2.17,19:31:24,2,8,0.0
2026-08-20,HepatitisB,9.56,19:31:54,2,8,187.53
2026-08-20,HepatitisB,6.69,19:32:24,2,8,0.0
2026-08-20,HepatitisB,11.33,19:32:54,2,8,187.55
2026-08-20,HepatitisB,16.61,19:33:24,2,8,187.56
2026-08-20,HepatitisB,9.54,19:33:54,2,8,187.57
2026-08-20,HepatitisB,7.16,19:34:24,2,8,0.0
2026-08-20,HepatitisB,14.96,19:34:54,2,8,187.59
2026-08-20,HepatitisB,6.95,19:35:24,2,8,0.0
2026-08-20,HepatitisB,10.17,19:35:54,2,8,187.61
2026-08-20,HepatitisB,10.75,19:36:24,2,8,187.62
2026-08-20,HepatitisB,11.88,19:36:54,2,8,187.63
2026-08-20,HepatitisB,7.19,19:37:24,2,8,0.0
2026-08-20,HepatitisB,2.77,19:37:54,2,8,0.0
2026-08-20,HepatitisB,3.45,19:38:24,2,8,0.0
2026-08-20,HepatitisB,15.47,19:38:54,2,8,187.68
2026-08-20,HepatitisB,11.5,19:39:24,2,8,187.69
2026-08-20,HepatitisB,11.08,19:39:54,2,8,187.7
2026-08-20,HepatitisB,2.77,19:40:24,2,8,0.0
2026-08-20,HepatitisB,11.71,19:40:54,2,8,187.72
2026-08-20,HepatitisB,9.7,19:41:24,2,8,187.73
2026-08-20,HepatitisB,7.9,19:41:54,2,8,0.0
2026-08-20,HepatitisB,9.26,19:42:24,2,8,187.75
2026-08-20,HepatitisB,14.21,19:42:54,2,8,187.76
2026-08-20,HepatitisB,7.19,19:43:24,2,8,0.0
2026-08-20,HepatitisB,16.28,19:43:54,2,8,187.78
2026-08-20,HepatitisB,16.3,19:44:24,2,8,187.8
2026-08-20,HepatitisB,14.71,19:44:54,2,8,187.81
2026-08-20,HepatitisB,9.49,19:45:24,2,8,187.82
2026-08-20,HepatitisB,4.6,19:45:54,2,8,0.0
2026-08-20,HepatitisB,4.9,19:46:24,2,8,0.0
2026-08-20,HepatitisB,10.62,19:46:54,2,8,187.85
2026-08-20,HepatitisB,11.28,19:47:24,2,8,187.86
2026-08-20,HepatitisB,14.12,19:47:54,2,8,187.87
2026-08-20,HepatitisB,6.83,19:48:24,2,8,0.0
2026-08-20,HepatitisB,13.82,19:48:54,2,8,187.89
2026-08-20,HepatitisB,7.16,19:49:24,2,8,0.0
2026-08-20,HepatitisB,17.23,19:49:54,2,8,187.92
2026-08-20,HepatitisB,14.05,19:50:24,2,8,187.93
2026-08-20,HepatitisB,10.94,19:50:54,2,8,187.94
2026-08-20,HepatitisB,14.7,19:51:24,2,8,187.95
2026-08-20,HepatitisB,2.51,19:51:54,2,8,0.0
2026-08-20,HepatitisB,16.21,19:52:24,2,8,187.97
2026-08-20,HepatitisB,13.08,19:52:54,2,8,187.98
2026-08-20,HepatitisB,2.9,19:53:24,2,8,0.0
2026-08-20,HepatitisB,12.68,19:53:54,2,8,188.0
2026-08-20,HepatitisB,4.24,19:54:24,2,8,0.0
2026-08-20,HepatitisB,13.8,19:54:54,2,8,188.02
2026-08-20,HepatitisB,16.71,19:55:24,2,8,188.03
2026-08-20,HepatitisB,11.93,19:55:54,2,8,188.05
2026-08-20,HepatitisB,13.4,19:56:24,2,8,188.06
2026-08-20,HepatitisB,5.17,19:56:54,2,8,0.0
2026-08-20,HepatitisB,2.08,19:57:24,2,8,0.0
2026-08-20,HepatitisB,13.07,19:57:54,2,8,188.09
2026-08-20,HepatitisB,15.77,19:58:24,2,8,188.1
2026-08-20,HepatitisB,16.32,19:58:54,2,8,188.11
2026-08-20,HepatitisB,9.91,19:59:24,2,8,188.12
2026-08-20,HepatitisB,6.29,19:59:54,2,8,0.0
2026-08-20,HepatitisB,10.03,20:00:24,2,8,188.14
2026-08-20,HepatitisB,15.16,20:00:54,2,8,188.15
2026-08-20,HepatitisB,14.27,20:01:24,2,8,188.16
2026-08-20,HepatitisB,5.06,20:01:54,2,8,0.0
2026-08-20,HepatitisB,13.99,20:02:24,2,8,188.19
2026-08-20,HepatitisB,3.72,20:02:54,2,8,0.0
2026-08-20,HepatitisB,7.61,20:03:24,2,8,0.0
2026-08-20,HepatitisB,7.66,20:03:54,2,8,0.0
2026-08-20,HepatitisB,9.15,20:04:24,2,8,188.23
2026-08-20,HepatitisB,12.2,20:04:54,2,8,188.24
2026-08-20,HepatitisB,6.01,20:05:24,2,8,0.0
2026-08-20,HepatitisB,2.53,20:05:54,2,8,0.0
2026-08-20,HepatitisB,3.71,20:06:24,2,8,0.0
2026-08-20,HepatitisB,12.94,20:06:54,2,8,188.28
2026-08-20,HepatitisB,17.52,20:07:24,2,8,188.29
2026-08-20,HepatitisB,16.56,20:07:54,2,8,188.31
2026-08-20,HepatitisB,10.96,20:08:24,2,8,188.32
2026-08-20,HepatitisB,2.03,20:08:54,2,8,0.0
2026-08-20,HepatitisB,12.73,20:09:24,2,8,188.34
2026-08-20,HepatitisB,9.32,20:09:54,2,8,188.35
2026-08-20,HepatitisB,12.03,20:10:24,2,8,188.36
2026-08-20,HepatitisB,3.45,20:10:54,2,8,0.0
2026-08-20,HepatitisB,10.65,20:11:24,2,8,188.38
2026-08-20,HepatitisB,11.74,20:11:54,2,8,188.39
2026-08-20,HepatitisB,16.52,20:12:24,2,8,188.4
2026-08-20,HepatitisB,17.45,20:12:54,2,8,188.41
2026-08-20,HepatitisB,14.64,20:13:24,2,8,188.42
2026-08-20,HepatitisB,5.71,20:13:54,2,8,0.0
2026-08-20,HepatitisB,11.48,20:14:24,2,8,188.45
2026-08-20,HepatitisB,17.88,20:14:54,2,8,188.46
2026-08-20,HepatitisB,6.37,20:15:24,2,8,0.0
2026-08-20,HepatitisB,11.28,20:15:54,2,8,188.48
2026-08-20,HepatitisB,2.1,20:16:24,2,8,0.0
2026-08-20,HepatitisB,14.08,20:16:54,2,8,188.5
2026-08-20,HepatitisB,3.88,20:17:24,2,8,0.0
2026-08-20,HepatitisB,7.82,20:17:54,2,8,0.0
2026-08-20,HepatitisB,14.27,20:18:24,2,8,188.53
2026-08-20,HepatitisB,3.8,20:18:54,2,8,0.0
2026-08-20,HepatitisB,5.32,20:19:24,2,8,0.0
2026-08-20,HepatitisB,13.32,20:19:54,2,8,188.57
2026-08-20,HepatitisB,15.84,20:20:24,2,8,188.58
2026-08-20,HepatitisB,5.56,20:20:54,2,8,0.0
2026-08-20,HepatitisB,9.61,20:21:24,2,8,188.6
2026-08-20,HepatitisB,15.08,20:21:54,2,8,188.61
2026-08-20,HepatitisB,13.06,20:22:24,2,8,188.62
2026-08-20,HepatitisB,17.06,20:22:54,2,8,188.63
2026-08-20,HepatitisB,14.17,20:23:24,2,8,188.64
2026-08-20,HepatitisB,3.05,20:23:54,2,8,0.0
2026-08-20,HepatitisB,15.14,20:24:24,2,8,188.66
2026-08-20,HepatitisB,14.47,20:24:54,2,8,188.67
2026-08-20,HepatitisB,14.32,20:25:24,2,8,188.68
2026-08-20,HepatitisB,17.55,20:25:54,2,8,188.7
2026-08-20,HepatitisB,9.09,20:26:24,2,8,188.71
2026-08-20,HepatitisB,15.74,20:26:54,2,8,188.72
2026-08-20,HepatitisB,9.41,20:27:24,2,8,188.73
2026-08-20,HepatitisB,14.11,20:27:54,2,8,188.74
2026-08-20,HepatitisB,17.83,20:28:24,2,8,188.75
2026-08-20,HepatitisB,15.42,20:28:54,2,8,188.76
2026-08-20,HepatitisB,9.3,20:29:24,2,8,188.77
2026-08-20,HepatitisB,10.69,20:29:54,2,8,188.78
2026-08-20,HepatitisB,5.18,20:30:24,2,8,0.0
2026-08-20,HepatitisB,12.78,20:30:54,2,8,188.8
2026-08-20,HepatitisB,13.66,20:31:24,2,8,188.81
2026-08-20,HepatitisB,5.9,20:31:54,2,8,0.0
2026-08-20,HepatitisB,6.14,20:32:24,2,8,0.0
2026-08-20,HepatitisB,11.75,20:32:54,2,8,188.85
2026-08-20,HepatitisB,10.86,20:33:24,2,8,188.86
2026-08-20,HepatitisB,13.8,20:33:54,2,8,188.87
2026-08-20,HepatitisB,15.61,20:34:24,2,8,188.88
2026-08-20,HepatitisB,7.13,20:34:54,2,8,0.0
2026-08-20,HepatitisB,17.4,20:35:24,2,8,188.9
2026-08-20,HepatitisB,3.93,20:35:54,2,8,0.0
2026-08-20,HepatitisB,11.45,20:36:24,2,8,188.92
2026-08-20,HepatitisB,11.55,20:36:54,2,8,188.93
2026-08-20,HepatitisB,4.47,20:37:24,2,8,0.0
2026-08-20,HepatitisB,5.08,20:37:54,2,8,0.0
2026-08-20,HepatitisB,5.14,20:38:24,2,8,0.0
2026-08-20,HepatitisB,3.27,20:38:54,2,8,0.0
2026-08-20,HepatitisB,6.71,20:39:24,2,8,0.0
2026-08-20,HepatitisB,4.53,20:39:54,2,8,0.0
2026-08-20,HepatitisB,4.05,20:40:24,2,8,0.0
2026-08-20,HepatitisB,4.02,20:40:54,2,8,0.0
2026-08-20,HepatitisB,3.82,20:41:24,2,8,0.0
2026-08-20,HepatitisB,16.53,20:41:54,2,8,189.04
2026-08-20,HepatitisB,15.55,20:42:24,2,8,189.05
2026-08-20,HepatitisB,14.66,20:42:54,2,8,189.06
2026-08-20,HepatitisB,3.8,20:43:24,2,8,0.0
2026-08-20,HepatitisB,15.8,20:43:54,2,8,189.08
2026-08-20,HepatitisB,16.66,20:44:24,2,8,189.1
2026-08-20,HepatitisB,10.68,20:44:54,2,8,189.11
2026-08-20,HepatitisB,14.0,20:45:24,2,8,189.12
2026-08-20,HepatitisB,15.27,20:45:54,2,8,189.13
2026-08-20,HepatitisB,6.46,20:46:24,2,8,0.0
2026-08-20,HepatitisB,10.83,20:46:54,2,8,189.15
2026-08-20,HepatitisB,12.24,20:47:24,2,8,189.16
2026-08-20,HepatitisB,16.67,20:47:54,2,8,189.17
2026-08-20,HepatitisB,9.2,20:48:24,2,8,189.18
2026-08-20,HepatitisB,14.67,20:48:54,2,8,189.19
2026-08-20,HepatitisB,2.14,20:49:24,2,8,0.0
2026-08-20,HepatitisB,2.13,20:49:54,2,8,0.0
2026-08-20,HepatitisB,2.65,20:50:24,2,8,0.0
2026-08-20,HepatitisB,17.28,20:50:54,2,8,189.24
2026-08-20,HepatitisB,5.59,20:51:24,2,8,0.0
2026-08-20,HepatitisB,10.47,20:51:54,2,8,189.26
2026-08-20,HepatitisB,5.67,20:52:24,2,8,0.0
2026-08-20,HepatitisB,15.79,20:52:54,2,8,189.28
2026-08-20,HepatitisB,5.84,20:53:24,2,8,0.0
2026-08-20,HepatitisB,15.06,20:53:54,2,8,189.3
2026-08-20,HepatitisB,4.28,20:54:24,2,8,0.0
2026-08-20,HepatitisB,15.17,20:54:54,2,8,189.32
2026-08-20,HepatitisB,4.0,20:55:24,2,8,0.0
2026-08-20,HepatitisB,9.13,20:55:54,2,8,189.35
2026-08-20,HepatitisB,3.67,20:56:24,2,8,0.0
2026-08-20,HepatitisB,17.52,20:56:54,2,8,189.37
2026-08-20,HepatitisB,2.28,20:57:24,2,8,0.0
2026-08-20,HepatitisB,17.28,20:57:54,2,8,189.39
2026-08-20,HepatitisB,10.6,20:58:24,2,8,189.4
2026-08-20,HepatitisB,14.17,20:58:54,2,8,189.41
2026-08-20,HepatitisB,11.83,20:59:24,2,8,189.42
2026-08-20,HepatitisB,16.45,20:59:54,2,8,189.43
2026-08-20,HepatitisB,5.54,21:00:24,2,8,0.0
2026-08-20,HepatitisB,5.11,21:00:54,2,8,0.0
2026-08-20,HepatitisB,11.18,21:01:24,2,8,189.46
2026-08-20,HepatitisB,17.55,21:01:54,2,8,189.47
2026-08-20,HepatitisB,13.44,21:02:24,2,8,189.49
2026-08-20,HepatitisB,4.62,21:02:54,2,8,0.0
2026-08-20,HepatitisB,16.37,21:03:24,2,8,189.51
2026-08-20,HepatitisB,4.56,21:03:54,2,8,0.0
2026-08-20,HepatitisB,6.78,21:04:24,2,8,0.0
2026-08-20,HepatitisB,7.66,21:04:54,2,8,0.0
2026-08-20,HepatitisB,13.49,21:05:24,2,8,189.55
2026-08-20,HepatitisB,11.96,21:05:54,2,8,189.56
2026-08-20,HepatitisB,2.92,21:06:24,2,8,0.0
2026-08-20,HepatitisB,17.36,21:06:54,2,8,189.58
2026-08-20,HepatitisB,17.22,21:07:24,2,8,189.59
2026-08-20,HepatitisB,6.1,21:07:54,2,8,0.0
2026-08-20,HepatitisB,3.3,21:08:24,2,8,0.0
2026-08-20,HepatitisB,12.66,21:08:54,2,8,189.63
2026-08-20,HepatitisB,6.32,21:09:24,2,8,0.0
2026-08-20,HepatitisB,11.32,21:09:54,2,8,189.65
2026-08-20,HepatitisB,7.81,21:10:24,2,8,0.0
2026-08-20,HepatitisB,7.3,21:10:54,2,8,0.0
2026-08-20,HepatitisB,7.45,21:11:24,2,8,0.0
2026-08-20,HepatitisB,6.66,21:11:54,2,8,0.0
2026-08-20,HepatitisB,12.9,21:12:24,2,8,189.7
2026-08-20,HepatitisB,6.26,21:12:54,2,8,0.0
2026-08-20,HepatitisB,2.88,21:13:24,2,8,0.0
2026-08-20,HepatitisB,14.71,21:13:54,2,8,189.73
2026-08-20,HepatitisB,9.27,21:14:24,2,8,189.75
2026-08-20,HepatitisB,6.98,21:14:54,2,8,0.0
2026-08-20,HepatitisB,10.12,21:15:24,2,8,189.77
2026-08-20,HepatitisB,10.76,21:15:54,2,8,189.78
2026-08-20,HepatitisB,4.73,21:16:24,2,8,0.0
2026-08-20,HepatitisB,17.84,21:16:54,2,8,189.8
2026-08-20,HepatitisB,15.98,21:17:24,2,8,189.81
2026-08-20,HepatitisB,9.14,21:17:54,2,8,189.82
2026-08-20,HepatitisB,5.91,21:18:24,2,8,0.0
2026-08-20,HepatitisB,16.35,21:18:54,2,8,189.84
2026-08-20,HepatitisB,12.35,21:19:24,2,8,189.85
2026-08-20,HepatitisB,12.92,21:19:54,2,8,189.87
2026-08-20,HepatitisB,16.38,21:20:24,2,8,189.88
2026-08-20,HepatitisB,15.4,21:20:54,2,8,189.89
2026-08-20,HepatitisB,3.49,21:21:24,2,8,0.0
2026-08-20,HepatitisB,3.65,21:21:54,2,8,0.0
2026-08-20,HepatitisB,16.5,21:22:24,2,8,189.92
2026-08-20,HepatitisB,7.96,21:22:54,2,8,0.0
2026-08-20,HepatitisB,11.51,21:23:24,2,8,189.94
2026-08-20,HepatitisB,15.64,21:23:54,2,8,189.95
2026-08-20,HepatitisB,14.08,21:24:24,2,8,189.96
2026-08-20,HepatitisB,2.9,21:24:54,2,8,0.0
2026-08-20,HepatitisB,7.38,21:25:24,2,8,0.0
2026-08-20,HepatitisB,4.63,21:25:54,2,8,0.0
2026-08-20,HepatitisB,7.29,21:26:24,2,8,0.0
2026-08-20,HepatitisB,12.73,21:26:54,2,8,190.02
2026-08-20,HepatitisB,9.92,21:27:24,2,8,190.03
2026-08-20,HepatitisB,16.27,21:27:54,2,8,190.04
2026-08-20,HepatitisB,9.76,21:28:24,2,8,190.05
2026-08-20,HepatitisB,10.27,21:28:54,2,8,190.06
2026-08-20,HepatitisB,16.83,21:29:24,2,8,190.07
2026-08-20,HepatitisB,6.26,21:29:54,2,8,0.0
2026-08-20,HepatitisB,9.27,21:30:24,2,8,190.09
2026-08-20,HepatitisB,11.92,21:30:54,2,8,190.1
2026-08-20,HepatitisB,12.37,21:31:24,2,8,190.11
2026-08-20,HepatitisB,10.32,21:31:54,2,8,190.12
2026-08-20,HepatitisB,5.51,21:32:24,2,8,0.0
2026-08-20,HepatitisB,4.05,21:32:54,2,8,0.0
2026-08-20,HepatitisB,3.02,21:33:24,2,8,0.0
2026-08-20,HepatitisB,17.84,21:33:54,2,8,190.17
2026-08-20,HepatitisB,10.32,21:34:24,2,8,190.18
2026-08-20,HepatitisB,12.82,21:34:54,2,8,190.19
2026-08-20,HepatitisB,4.56,21:35:24,2,8,0.0
2026-08-20,HepatitisB,7.51,21:35:54,2,8,0.0
2026-08-20,HepatitisB,5.49,21:36:24,2,8,0.0
2026-08-20,HepatitisB,3.11,21:36:54,2,8,0.0
2026-08-20,HepatitisB,9.63,21:37:24,2,8,190.24
2026-08-20,HepatitisB,5.74,21:37:54,2,8,0.0
2026-08-20,HepatitisB,5.79,21:38:24,2,8,0.0
2026-08-20,HepatitisB,14.92,21:38:54,2,8,190.28
2026-08-20,HepatitisB,3.27,21:39:24,2,8,0.0
2026-08-20,HepatitisB,16.34,21:39:54,2,8,190.3
2026-08-20,HepatitisB,15.6,21:40:24,2,8,190.31
2026-08-20,HepatitisB,9.41,21:40:54,2,8,190.32
2026-08-20,HepatitisB,17.99,21:41:24,2,8,190.33
2026-08-20,HepatitisB,7.02,21:41:54,2,8,0.0
2026-08-20,HepatitisB,13.07,21:42:24,2,8,190.35
2026-08-20,HepatitisB,2.73,21:42:54,2,8,0.0
2026-08-20,HepatitisB,17.22,21:43:24,2,8,190.37
2026-08-20,HepatitisB,4.33,21:43:54,2,8,0.0
2026-08-20,HepatitisB,17.61,21:44:24,2,8,190.4
2026-08-20,HepatitisB,16.73,21:44:54,2,8,190.41
2026-08-20,HepatitisB,3.12,21:45:24,2,8,0.0
2026-08-20,HepatitisB,6.16,21:45:54,2,8,0.0
2026-08-20,HepatitisB,6.28,21:46:24,2,8,0.0
2026-08-20,HepatitisB,15.0,21:46:54,2,8,190.45
2026-08-20,HepatitisB,6.02,21:47:24,2,8,0.0
2026-08-20,HepatitisB,17.98,21:47:54,2,8,190.47
2026-08-20,HepatitisB,7.08,21:48:24,2,8,0.0
2026-08-20,HepatitisB,6.93,21:48:54,2,8,0.0
2026-08-20,HepatitisB,4.19,21:49:24,2,8,0.0
2026-08-20,HepatitisB,13.5,21:49:54,2,8,190.52
2026-08-20,HepatitisB,9.71,21:50:24,2,8,190.53
2026-08-20,HepatitisB,9.9,21:50:54,2,8,190.54
2026-08-20,HepatitisB,2.1,21:51:24,2,8,0.0
2026-08-20,HepatitisB,9.44,21:51:54,2,8,190.56
2026-08-20,HepatitisB,10.0,21:52:24,2,8,190.57
2026-08-20,HepatitisB,13.29,21:52:54,2,8,190.58
2026-08-20,HepatitisB,16.82,21:53:24,2,8,190.59
2026-08-20,HepatitisB,12.58,21:53:54,2,8,190.6
2026-08-20,HepatitisB,5.4,21:54:24,2,8,0.0
2026-08-20,HepatitisB,12.94,21:54:54,2,8,190.62
2026-08-20,HepatitisB,7.41,21:55:24,2,8,0.0
2026-08-20,HepatitisB,13.91,21:55:54,2,8,190.65
2026-08-20,HepatitisB,15.07,21:56:24,2,8,190.66
2026-08-20,HepatitisB,7.66,21:56:54,2,8,0.0
2026-08-20,HepatitisB,15.06,21:57:24,2,8,190.68
2026-08-20,HepatitisB,17.86,21:57:54,2,8,190.69
2026-08-20,HepatitisB,5.55,21:58:24,2,8,0.0
2026-08-20,HepatitisB,4.14,21:58:54,2,8,0.0
2026-08-20,HepatitisB,11.09,21:59:24,2,8,190.72
2026-08-20,HepatitisB,5.52,21:59:54,2,8,0.0
2026-08-20,HepatitisB,6.64,22:00:24,2,8,0.0
2026-08-20,HepatitisB,4.63,22:00:54,2,8,0.0
2026-08-20,HepatitisB,5.9,22:01:24,2,8,0.0
2026-08-20,HepatitisB,13.48,22:01:54,2,8,190.78
2026-08-20,HepatitisB,7.89,22:02:24,2,8,0.0
2026-08-20,HepatitisB,12.63,22:02:54,2,8,190.8
2026-08-20,HepatitisB,12.27,22:03:24,2,8,190.81
2026-08-20,HepatitisB,4.86,22:03:54,2,8,0.0
2026-08-20,HepatitisB,14.36,22:04:24,2,8,190.83
2026-08-20,HepatitisB,14.69,22:04:54,2,8,190.84
2026-08-20,HepatitisB,17.71,22:05:24,2,8,190.85
2026-08-20,HepatitisB,17.33,22:05:54,2,8,190.86
2026-08-20,HepatitisB,11.58,22:06:24,2,8,190.87
2026-08-20,HepatitisB,17.62,22:06:54,2,8,190.88
2026-08-20,HepatitisB,15.03,22:07:24,2,8,190.89
2026-08-20,HepatitisB,6.63,22:07:54,2,8,0.0
2026-08-20,HepatitisB,13.58,22:08:24,2,8,190.92
2026-08-20,HepatitisB,16.93,22:08:54,2,8,190.93
2026-08-20,HepatitisB,7.02,22:09:24,2,8,0.0
2026-08-20,HepatitisB,13.63,22:09:54,2,8,190.95
2026-08-20,HepatitisB,11.74,22:10:24,2,8,190.96
2026-08-20,HepatitisB,9.19,22:10:54,2,8,190.97
2026-08-20,HepatitisB,14.42,22:11:24,2,8,190.98
2026-08-20,HepatitisB,2.58,22:11:54,2,8,0.0
2026-08-20,HepatitisB,15.04,22:12:24,2,8,191.0
2026-08-20,HepatitisB,16.54,22:12:54,2,8,191.01
2026-08-20,HepatitisB,14.6,22:13:24,2,8,191.02
2026-08-20,HepatitisB,15.99,22:13:54,2,8,191.03
2026-08-20,HepatitisB,11.2,22:14:24,2,8,191.05
2026-08-20,HepatitisB,5.92,22:14:54,2,8,0.0
2026-08-20,HepatitisB,7.53,22:15:24,2,8,0.0
2026-08-20,HepatitisB,3.69,22:15:54,2,8,0.0
2026-08-20,HepatitisB,2.67,22:16:24,2,8,0.0
2026-08-20,HepatitisB,16.15,22:16:54,2,8,191.1
2026-08-20,HepatitisB,11.59,22:17:24,2,8,191.11
2026-08-20,HepatitisB,16.45,22:17:54,2,8,191.12
2026-08-20,HepatitisB,14.65,22:18:24,2,8,191.13
2026-08-20,HepatitisB,2.05,22:18:54,2,8,0.0
2026-08-20,HepatitisB,12.02,22:19:24,2,8,191.15
2026-08-20,HepatitisB,15.47,22:19:54,2,8,191.17
2026-08-20,HepatitisB,11.43,22:20:24,2,8,191.18
2026-08-20,HepatitisB,4.55,22:20:54,2,8,0.0
2026-08-20,HepatitisB,2.24,22:21:24,2,8,0.0
2026-08-20,HepatitisB,6.2,22:21:54,2,8,0.0
2026-08-20,HepatitisB,15.45,22:22:24,2,8,191.22
2026-08-20,HepatitisB,10.78,22:22:54,2,8,191.23
2026-08-20,HepatitisB,4.11,22:23:24,2,8,0.0
2026-08-20,HepatitisB,10.51,22:23:54,2,8,191.25
2026-08-20,HepatitisB,7.37,22:24:24,2,8,0.0
2026-08-20,HepatitisB,4.67,22:24:54,2,8,0.0
2026-08-20,HepatitisB,13.73,22:25:24,2,8,191.28
2026-08-20,HepatitisB,14.68,22:25:54,2,8,191.3
2026-08-20,HepatitisB,9.67,22:26:24,2,8,191.31
2026-08-20,HepatitisB,16.2,22:26:54,2,8,191.32
2026-08-20,HepatitisB,2.57,22:27:24,2,8,0.0
2026-08-20,HepatitisB,13.5,22:27:54,2,8,191.34
2026-08-20,HepatitisB,6.91,22:28:24,2,8,0.0
2026-08-20,HepatitisB,15.35,22:28:54,2,8,191.36
2026-08-20,HepatitisB,7.61,22:29:24,2,8,0.0
2026-08-20,HepatitisB,3.56,22:29:54,2,8,0.0
2026-08-20,HepatitisB,14.76,22:30:24,2,8,191.39
2026-08-20,HepatitisB,9.79,22:30:54,2,8,191.4
2026-08-20,HepatitisB,10.65,22:31:24,2,8,191.41
2026-08-20,HepatitisB,9.24,22:31:54,2,8,191.43
2026-08-20,HepatitisB,11.38,22:32:24,2,8,191.44
2026-08-20,HepatitisB,6.37,22:32:54,2,8,0.0
2026-08-20,HepatitisB,11.21,22:33:24,2,8,191.46
2026-08-20,HepatitisB,7.27,22:33:54,2,8,0.0
2026-08-20,HepatitisB,9.73,22:34:24,2,8,191.48
2026-08-20,HepatitisB,12.04,22:34:54,2,8,191.49
2026-08-20,HepatitisB,12.3,22:35:24,2,8,191.5
2026-08-20,HepatitisB,14.71,22:35:54,2,8,191.51
2026-08-20,HepatitisB,16.24,22:36:24,2,8,191.52
2026-08-20,HepatitisB,9.0,22:36:54,2,8,191.53
2026-08-20,HepatitisB,13.07,22:37:24,2,8,191.54
2026-08-20,HepatitisB,14.8,22:37:54,2,8,191.56
2026-08-20,HepatitisB,9.48,22:38:24,2,8,191.57
2026-08-20,HepatitisB,13.73,22:38:54,2,8,191.58
2026-08-20,HepatitisB,5.36,22:39:24,2,8,0.0
2026-08-20,HepatitisB,2.53,22:39:54,2,8,0.0
2026-08-20,HepatitisB,5.17,22:40:24,2,8,0.0
2026-08-20,HepatitisB,15.53,22:40:54,2,8,191.62
2026-08-20,HepatitisB,10.62,22:41:24,2,8,191.63
2026-08-20,HepatitisB,6.02,22:41:54,2,8,0.0
2026-08-20,HepatitisB,13.06,22:42:24,2,8,191.65
2026-08-20,HepatitisB,5.22,22:42:54,2,8,0.0
2026-08-20,HepatitisB,5.07,22:43:24,2,8,0.0
2026-08-20,HepatitisB,10.72,22:43:54,2,8,191.69
2026-08-20,HepatitisB,12.41,22:44:24,2,8,191.7
2026-08-20,HepatitisB,14.86,22:44:54,2,8,191.71
2026-08-20,HepatitisB,12.28,22:45:24,2,8,191.72
2026-08-20,HepatitisB,9.24,22:45:54,2,8,191.73
2026-08-20,HepatitisB,10.37,22:46:24,2,8,191.74
2026-08-20,HepatitisB,14.55,22:46:54,2,8,191.75
2026-08-20,HepatitisB,17.6,22:47:24,2,8,191.76
2026-08-20,HepatitisB,10.06,22:47:54,2,8,191.77
2026-08-20,HepatitisB,12.41,22:48:24,2,8,191.78
2026-08-20,HepatitisB,2.45,22:48:54,2,8,0.0
2026-08-20,HepatitisB,13.43,22:49:24,2,8,191.8
2026-08-20,HepatitisB,6.85,22:49:54,2,8,0.0
2026-08-20,HepatitisB,5.21,22:50:24,2,8,0.0
2026-08-20,HepatitisB,11.5,22:50:54,2,8,191.84
2026-08-20,HepatitisB,2.68,22:51:24,2,8,0.0
2026-08-20,HepatitisB,15.12,22:51:54,2,8,191.86
2026-08-20,HepatitisB,17.58,22:52:24,2,8,191.87
2026-08-20,HepatitisB,2.89,22:52:54,2,8,0.0
2026-08-20,HepatitisB,10.24,22:53:24,2,8,191.89
2026-08-20,HepatitisB,5.57,22:53:54,2,8,0.0
2026-08-20,HepatitisB,12.74,22:54:24,2,8,191.91
2026-08-20,HepatitisB,12.74,22:54:54,2,8,191.92
2026-08-20,HepatitisB,6.33,22:55:24,2,8,0.0
2026-08-20,HepatitisB,16.35,22:55:54,2,8,191.95
2026-08-20,HepatitisB,11.8,22:56:24,2,8,191.96
2026-08-20,HepatitisB,2.4,22:56:54,2,8,0.0
2026-08-20,HepatitisB,5.88,22:57:24,2,8,0.0
2026-08-20,HepatitisB,10.78,22:57:54,2,8,191.99
2026-08-20,HepatitisB,4.91,22:58:24,2,8,0.0
2026-08-20,HepatitisB,15.51,22:58:54,2,8,192.01
2026-08-20,HepatitisB,7.84,22:59:24,2,8,0.0
2026-08-20,HepatitisB,12.43,22:59:54,2,8,192.03
2026-08-20,HepatitisB,11.68,23:00:24,2,8,192.04
2026-08-20,HepatitisB,11.62,23:00:54,2,8,192.05
2026-08-20,HepatitisB,6.01,23:01:24,2,8,0.0
2026-08-20,HepatitisB,14.72,23:01:54,2,8,192.08
2026-08-20,HepatitisB,17.49,23:02:24,2,8,192.09
2026-08-20,HepatitisB,6.41,23:02:54,2,8,0.0
2026-08-20,HepatitisB,10.86,23:03:24,2,8,192.11
2026-08-20,HepatitisB,2.04,23:03:54,2,8,0.0
2026-08-20,HepatitisB,10.83,23:04:24,2,8,192.13
2026-08-20,HepatitisB,15.22,23:04:54,2,8,192.14
2026-08-20,HepatitisB,7.63,23:05:24,2,8,0.0
2026-08-20,HepatitisB,17.26,23:05:54,2,8,192.16
2026-08-20,HepatitisB,4.11,23:06:24,2,8,0.0
2026-08-20,HepatitisB,11.44,23:06:54,2,8,192.18
2026-08-20,HepatitisB,10.6,23:07:24,2,8,192.19
2026-08-20,HepatitisB,11.27,23:07:54,2,8,192.21
2026-08-20,HepatitisB,14.85,23:08:24,2,8,192.22
2026-08-20,HepatitisB,17.12,23:08:54,2,8,192.23
2026-08-20,HepatitisB,9.49,23:09:24,2,8,192.24
2026-08-20,HepatitisB,15.8,23:09:54,2,8,192.25
2026-08-20,HepatitisB,14.64,23:10:24,2,8,192.26
2026-08-20,HepatitisB,15.61,23:10:54,2,8,192.27
2026-08-20,HepatitisB,14.16,23:11:24,2,8,192.28
2026-08-20,HepatitisB,10.55,23:11:54,2,8,192.29
2026-08-20,HepatitisB,17.31,23:12:24,2,8,192.3
2026-08-20,HepatitisB,16.5,23:12:54,2,8,192.31
2026-08-20,HepatitisB,7.75,23:13:24,2,8,0.0
2026-08-20,HepatitisB,15.08,23:13:54,2,8,192.33
2026-08-20,HepatitisB,13.94,23:14:24,2,8,192.35
2026-08-20,HepatitisB,15.43,23:14:54,2,8,192.36
2026-08-20,HepatitisB,9.96,23:15:24,2,8,192.37
2026-08-20,HepatitisB,10.33,23:15:54,2,8,192.38
2026-08-20,HepatitisB,7.62,23:16:24,2,8,0.0
2026-08-20,HepatitisB,16.79,23:16:54,2,8,192.4
2026-08-20,HepatitisB,7.95,23:17:24,2,8,0.0
2026-08-20,HepatitisB,13.1,23:17:54,2,8,192.42
2026-08-20,HepatitisB,17.89,23:18:24,2,8,192.43
2026-08-20,HepatitisB,10.92,23:18:54,2,8,192.44
2026-08-20,HepatitisB,13.94,23:19:24,2,8,192.45
2026-08-20,HepatitisB,9.23,23:19:54,2,8,192.47
2026-08-20,HepatitisB,14.94,23:20:24,2,8,192.48
2026-08-20,HepatitisB,3.02,23:20:54,2,8,0.0
2026-08-20,HepatitisB,11.64,23:21:24,2,8,192.5
2026-08-20,HepatitisB,2.11,23:21:54,2,8,0.0
2026-08-20,HepatitisB,14.9,23:22:24,2,8,192.52
2026-08-20,HepatitisB,4.59,23:22:54,2,8,0.0
2026-08-20,HepatitisB,7.75,23:23:24,2,8,0.0
2026-08-20,HepatitisB,10.24,23:23:54,2,8,192.55
2026-08-20,HepatitisB,14.78,23:24:24,2,8,192.56
2026-08-20,HepatitisB,10.36,23:24:54,2,8,192.57
2026-08-20,HepatitisB,5.35,23:25:24,2,8,0.0
2026-08-20,HepatitisB,3.29,23:25:54,2,8,0.0
2026-08-20,HepatitisB,16.86,23:26:24,2,8,192.61
2026-08-20,HepatitisB,15.31,23:26:54,2,8,192.62
2026-08-20,HepatitisB,16.63,23:27:24,2,8,192.63
2026-08-20,HepatitisB,4.69,23:27:54,2,8,0.0
2026-08-20,HepatitisB,2.12,23:28:24,2,8,0.0
2026-08-20,HepatitisB,3.82,23:28:54,2,8,0.0
2026-08-20,HepatitisB,12.33,23:29:24,2,8,192.67
2026-08-20,HepatitisB,9.78,23:29:54,2,8,192.68
2026-08-20,HepatitisB,14.21,23:30:24,2,8,192.69
2026-08-20,HepatitisB,16.99,23:30:54,2,8,192.7
2026-08-20,HepatitisB,16.84,23:31:24,2,8,192.71
2026-08-20,HepatitisB,4.32,23:31:54,2,8,0.0
2026-08-20,HepatitisB,9.36,23:32:24,2,8,192.74
2026-08-20,HepatitisB,7.3,23:32:54,2,8,0.0
2026-08-20,HepatitisB,13.75,23:33:24,2,8,192.76
2026-08-20,HepatitisB,10.94,23:33:54,2,8,192.77
2026-08-20,HepatitisB,10.39,23:34:24,2,8,192.78
2026-08-20,HepatitisB,5.04,23:34:54,2,8,0.0
2026-08-20,HepatitisB,14.46,23:35:24,2,8,192.8
2026-08-20,HepatitisB,14.21,23:35:54,2,8,192.81
2026-08-20,HepatitisB,11.63,23:36:24,2,8,192.82
2026-08-20,HepatitisB,6.51,23:36:54,2,8,0.0
2026-08-20,HepatitisB,5.25,23:37:24,2,8,0.0
2026-08-20,HepatitisB,12.19,23:37:54,2,8,192.85
2026-08-20,HepatitisB,9.59,23:38:24,2,8,192.87
2026-08-20,HepatitisB,10.83,23:38:54,2,8,192.88
2026-08-20,HepatitisB,6.79,23:39:24,2,8,0.0
2026-08-20,HepatitisB,17.66,23:39:54,2,8,192.9
2026-08-20,HepatitisB,10.8,23:40:24,2,8,192.91
2026-08-20,HepatitisB,17.33,23:40:54,2,8,192.92
2026-08-20,HepatitisB,14.85,23:41:24,2,8,192.93
2026-08-20,HepatitisB,5.67,23:41:54,2,8,0.0
2026-08-20,HepatitisB,11.3,23:42:24,2,8,192.95
2026-08-20,HepatitisB,10.56,23:42:54,2,8,192.96
2026-08-20,HepatitisB,16.7,23:43:24,2,8,192.97
2026-08-20,HepatitisB,12.53,23:43:54,2,8,192.98
2026-08-20,HepatitisB,2.57,23:44:24,2,8,0.0
2026-08-20,HepatitisB,3.8,23:44:54,2,8,0.0
2026-08-20,HepatitisB,2.41,23:45:24,2,8,0.0
2026-08-20,HepatitisB,16.23,23:45:54,2,8,193.03
2026-08-20,HepatitisB,6.64,23:46:24,2,8,0.0
2026-08-20,HepatitisB,16.67,23:46:54,2,8,193.05
2026-08-20,HepatitisB,17.17,23:47:24,2,8,193.06
2026-08-20,HepatitisB,16.48,23:47:54,2,8,193.07
2026-08-20,HepatitisB,16.25,23:48:24,2,8,193.08
2026-08-20,HepatitisB,14.62,23:48:54,2,8,193.09
2026-08-20,HepatitisB,14.38,23:49:24,2,8,193.1
2026-08-20,HepatitisB,17.87,23:49:54,2,8,193.12
2026-08-20,HepatitisB,9.19,23:50:24,2,8,193.13
2026-08-20,HepatitisB,16.46,23:50:54,2,8,193.14
2026-08-20,HepatitisB,5.78,23:51:24,2,8,0.0
2026-08-20,HepatitisB,6.03,23:51:54,2,8,0.0
2026-08-20,HepatitisB,14.88,23:52:24,2,8,193.17
2026-08-20,HepatitisB,2.68,23:52:54,2,8,0.0
2026-08-20,HepatitisB,3.33,23:53:24,2,8,0.0
2026-08-20,HepatitisB,12.33,23:53:54,2,8,193.2
2026-08-20,HepatitisB,17.51,23:54:24,2,8,193.21
2026-08-20,HepatitisB,14.19,23:54:54,2,8,193.22
2026-08-20,HepatitisB,10.59,23:55:24,2,8,193.23
2026-08-20,HepatitisB,15.61,23:55:54,2,8,193.25
2026-08-20,HepatitisB,7.74,23:56:24,2,8,0.0
2026-08-20,HepatitisB,11.35,23:56:54,2,8,193.27
2026-08-20,HepatitisB,9.1,23:57:24,2,8,193.28
2026-08-20,HepatitisB,3.19,23:57:54,2,8,0.0
2026-08-20,HepatitisB,15.86,23:58:24,2,8,193.3
2026-08-20,HepatitisB,15.58,23:58:54,2,8,193.31
2026-08-20,HepatitisB,6.8,23:59:24,2,8,0.0
2026-08-20,HepatitisB,12.46,23:59:54,2,8,193.33
2026-08-20,HepatitisB,6.05,00:00:24,2,8,0.0
2026-08-20,HepatitisB,4.25,00:00:54,2,8,0.0
2026-08-20,HepatitisB,10.99,00:01:24,2,8,193.36
2026-08-20,HepatitisB,7.57,00:01:54,2,8,0.0
2026-08-20,HepatitisB,9.3,00:02:24,2,8,193.39
2026-08-20,HepatitisB,11.79,00:02:54,2,8,193.4
2026-08-20,HepatitisB,10.88,00:03:24,2,8,193.41
2026-08-20,HepatitisB,18.0,00:03:54,2,8,193.42
2026-08-20,HepatitisB,3.2,00:04:24,2,8,0.0
2026-08-20,HepatitisB,4.17,00:04:54,2,8,0.0
2026-08-20,HepatitisB,5.96,00:05:24,2,8,0.0
2026-08-20,HepatitisB,16.41,00:05:54,2,8,193.46
2026-08-20,HepatitisB,2.12,00:06:24,2,8,0.0
2026-08-20,HepatitisB,12.96,00:06:54,2,8,193.48
2026-08-20,HepatitisB,13.81,00:07:24,2,8,193.49
2026-08-20,HepatitisB,10.7,00:07:54,2,8,193.5
2026-08-20,HepatitisB,17.18,00:08:24,2,8,193.52
2026-08-20,HepatitisB,9.11,00:08:54,2,8,193.53
2026-08-20,HepatitisB,3.47,00:09:24,2,8,0.0
2026-08-20,HepatitisB,16.35,00:09:54,2,8,193.55
2026-08-20,HepatitisB,6.5,00:10:24,2,8,0.0
2026-08-20,HepatitisB,14.89,00:10:54,2,8,193.57
2026-08-20,HepatitisB,7.97,00:11:24,2,8,0.0
2026-08-20,HepatitisB,15.18,00:11:54,2,8,193.59
2026-08-20,HepatitisB,16.08,00:12:24,2,8,193.6
2026-08-20,HepatitisB,7.04,00:12:54,2,8,0.0
2026-08-20,HepatitisB,9.28,00:13:24,2,8,193.62
2026-08-20,HepatitisB,11.39,00:13:54,2,8,193.63
2026-08-20,HepatitisB,17.78,00:14:24,2,8,193.65
2026-08-20,HepatitisB,5.02,00:14:54,2,8,0.0
2026-08-20,HepatitisB,16.21,00:15:24,2,8,193.67
2026-08-20,HepatitisB,14.57,00:15:54,2,8,193.68
2026-08-20,HepatitisB,6.34,00:16:24,2,8,0.0
2026-08-20,HepatitisB,14.56,00:16:54,2,8,193.7
2026-08-20,HepatitisB,15.85,00:17:24,2,8,193.71
2026-08-20,HepatitisB,11.27,00:17:54,2,8,193.72
2026-08-20,HepatitisB,13.52,00:18:24,2,8,193.73
2026-08-20,HepatitisB,11.76,00:18:54,2,8,193.74
2026-08-20,HepatitisB,15.14,00:19:24,2,8,193.75
2026-08-20,HepatitisB,9.87,00:19:54,2,8,193.77
2026-08-20,HepatitisB,4.76,00:20:24,2,8,0.0
2026-08-20,HepatitisB,3.5,00:20:54,2,8,0.0
2026-08-20,HepatitisB,4.44,00:21:24,2,8,0.0
2026-08-20,HepatitisB,10.5,00:21:54,2,8,193.81
2026-08-20,HepatitisB,15.49,00:22:24,2,8,193.82
2026-08-20,HepatitisB,17.55,00:22:54,2,8,193.83
2026-08-20,HepatitisB,10.34,00:23:24,2,8,193.84
2026-08-20,HepatitisB,5.76,00:23:54,2,8,0.0
2026-08-20,HepatitisB,9.06,00:24:24,2,8,193.86
2026-08-20,HepatitisB,2.46,00:24:54,2,8,0.0
2026-08-20,HepatitisB,13.2,00:25:24,2,8,193.88
2026-08-20,HepatitisB,14.86,00:25:54,2,8,193.9
2026-08-20,HepatitisB,7.88,00:26:24,2,8,0.0
2026-08-20,HepatitisB,16.31,00:26:54,2,8,193.92
2026-08-20,HepatitisB,4.78,00:27:24,2,8,0.0
2026-08-20,HepatitisB,15.47,00:27:54,2,8,193.94
2026-08-20,HepatitisB,5.95,00:28:24,2,8,0.0
2026-08-20,HepatitisB,6.16,00:28:54,2,8,0.0
2026-08-20,HepatitisB,11.54,00:29:24,2,8,193.97
2026-08-20,HepatitisB,10.72,00:29:54,2,8,193.98
2026-08-20,HepatitisB,5.15,00:30:24,2,8,0.0
2026-08-20,HepatitisB,14.31,00:30:54,2,8,194.0
2026-08-20,HepatitisB,7.58,00:31:24,2,8,0.0
2026-08-20,HepatitisB,10.0,00:31:54,2,8,194.03
2026-08-20,HepatitisB,2.01,00:32:24,2,8,0.0
2026-08-20,HepatitisB,6.45,00:32:54,2,8,0.0
2026-08-20,HepatitisB,7.73,00:33:24,2,8,0.0
2026-08-20,HepatitisB,11.72,00:33:54,2,8,194.07
2026-08-20,HepatitisB,9.44,00:34:24,2,8,194.08
2026-08-20,HepatitisB,12.02,00:34:54,2,8,194.09
2026-08-20,HepatitisB,12.25,00:35:24,2,8,194.1
2026-08-20,HepatitisB,3.45,00:35:54,2,8,0.0
2026-08-20,HepatitisB,12.29,00:36:24,2,8,194.12
2026-08-20,HepatitisB,5.52,00:36:54,2,8,0.0
2026-08-20,HepatitisB,3.33,00:37:24,2,8,0.0
2026-08-20,HepatitisB,10.86,00:37:54,2,8,194.16
2026-08-20,HepatitisB,10.8,00:38:24,2,8,194.17
2026-08-20,HepatitisB,17.77,00:38:54,2,8,194.18
2026-08-20,HepatitisB,14.2,00:39:24,2,8,194.19
2026-08-20,HepatitisB,10.88,00:39:54,2,8,194.2
2026-08-20,HepatitisB,3.24,00:40:24,2,8,0.0
2026-08-20,HepatitisB,17.63,00:40:54,2,8,194.22
2026-08-20,HepatitisB,13.98,00:41:24,2,8,194.23
2026-08-20,HepatitisB,15.27,00:41:54,2,8,194.24
2026-08-20,HepatitisB,13.36,00:42:24,2,8,194.25
2026-08-20,HepatitisB,13.76,00:42:54,2,8,194.26
2026-08-20,HepatitisB,5.04,00:43:24,2,8,0.0
2026-08-20,HepatitisB,12.19,00:43:54,2,8,194.28
2026-08-20,HepatitisB,15.78,00:44:24,2,8,194.3
2026-08-20,HepatitisB,6.03,00:44:54,2,8,0.0
2026-08-20,HepatitisB,13.07,00:45:24,2,8,194.32
2026-08-20,HepatitisB,16.19,00:45:54,2,8,194.33
2026-08-20,HepatitisB,4.02,00:46:24,2,8,0.0
2026-08-20,HepatitisB,5.35,00:46:54,2,8,0.0
2026-08-20,HepatitisB,14.74,00:47:24,2,8,194.36
2026-08-20,HepatitisB,15.54,00:47:54,2,8,194.37
2026-08-20,HepatitisB,13.28,00:48:24,2,8,194.38
2026-08-20,HepatitisB,6.7,00:48:54,2,8,0.0
2026-08-20,HepatitisB,13.84,00:49:24,2,8,194.4
2026-08-20,HepatitisB,7.88,00:49:54,2,8,0.0
2026-08-20,HepatitisB,15.16,00:50:24,2,8,194.43
2026-08-20,HepatitisB,17.8,00:50:54,2,8,194.44
2026-08-20,HepatitisB,2.85,00:51:24,2,8,0.0
2026-08-20,HepatitisB,13.94,00:51:54,2,8,194.46
2026-08-20,HepatitisB,12.85,00:52:24,2,8,194.47
2026-08-20,HepatitisB,6.7,00:52:54,2,8,0.0
2026-08-20,HepatitisB,13.95,00:53:24,2,8,194.49
2026-08-20,HepatitisB,13.85,00:53:54,2,8,194.5
2026-08-20,HepatitisB,17.63,00:54:24,2,8,194.51
2026-08-20,HepatitisB,10.26,00:54:54,2,8,194.52
2026-08-20,HepatitisB,3.26,00:55:24,2,8,0.0
2026-08-20,HepatitisB,7.38,00:55:54,2,8,0.0
2026-08-20,HepatitisB,12.45,00:56:24,2,8,194.56
2026-08-20,HepatitisB,10.49,00:56:54,2,8,194.57
2026-08-20,HepatitisB,9.08,00:57:24,2,8,194.58
2026-08-20,HepatitisB,13.82,00:57:54,2,8,194.59
2026-08-20,HepatitisB,10.2,00:58:24,2,8,194.6
2026-08-20,HepatitisB,11.32,00:58:54,2,8,194.61
2026-08-20,HepatitisB,17.43,00:59:24,2,8,194.62
2026-08-20,HepatitisB,14.94,00:59:54,2,8,194.63
2026-08-20,HepatitisB,6.62,01:00:24,2,8,0.0
2026-08-20,HepatitisB,14.22,01:00:54,2,8,194.65
2026-08-20,HepatitisB,4.81,01:01:24,2,8,0.0
2026-08-20,HepatitisB,5.94,01:01:54,2,8,0.0
2026-08-20,HepatitisB,13.24,01:02:24,2,8,194.69
2026-08-20,HepatitisB,3.61,01:02:54,2,8,0.0
2026-08-20,HepatitisB,7.22,01:03:24,2,8,0.0
2026-08-20,HepatitisB,17.67,01:03:54,2,8,194.72
2026-08-20,HepatitisB,14.21,01:04:24,2,8,194.73
2026-08-20,HepatitisB,10.33,01:04:54,2,8,194.74
2026-08-20,HepatitisB,4.39,01:05:24,2,8,0.0
2026-08-20,HepatitisB,2.19,01:05:54,2,8,0.0
2026-08-20,HepatitisB,17.44,01:06:24,2,8,194.77
2026-08-20,HepatitisB,2.68,01:06:54,2,8,0.0
2026-08-20,HepatitisB,12.58,01:07:24,2,8,194.79
2026-08-20,HepatitisB,12.5,01:07:54,2,8,194.81
2026-08-20,HepatitisB,2.7,01:08:24,2,8,0.0
2026-08-20,HepatitisB,14.08,01:08:54,2,8,194.83
2026-08-20,HepatitisB,13.75,01:09:24,2,8,194.84
2026-08-20,HepatitisB,11.19,01:09:54,2,8,194.85
2026-08-20,HepatitisB,12.0,01:10:24,2,8,194.86
2026-08-20,HepatitisB,7.29,01:10:54,2,8,0.0
2026-08-20,HepatitisB,9.99,01:11:24,2,8,194.88
2026-08-20,HepatitisB,14.62,01:11:54,2,8,194.89
2026-08-20,HepatitisB,13.09,01:12:24,2,8,194.9
2026-08-20,HepatitisB,7.12,01:12:54,2,8,0.0
2026-08-20,HepatitisB,2.09,01:13:24,2,8,0.0
2026-08-20,HepatitisB,9.79,01:13:54,2,8,194.94
2026-08-20,HepatitisB,12.97,01:14:24,2,8,194.95
2026-08-20,HepatitisB,7.31,01:14:54,2,8,0.0
2026-08-20,HepatitisB,7.36,01:15:24,2,8,0.0
2026-08-20,HepatitisB,7.85,01:15:54,2,8,0.0
2026-08-20,HepatitisB,5.63,01:16:24,2,8,0.0
2026-08-20,HepatitisB,3.95,01:16:54,2,8,0.0
2026-08-20,HepatitisB,14.12,01:17:24,2,8,195.01
2026-08-20,HepatitisB,9.3,01:17:54,2,8,195.02
2026-08-20,HepatitisB,17.5,01:18:24,2,8,195.03
2026-08-20,HepatitisB,3.42,01:18:54,2,8,0.0
2026-08-20,HepatitisB,2.17,01:19:24,2,8,0.0
2026-08-20,HepatitisB,9.21,01:19:54,2,8,195.07
2026-08-20,HepatitisB,10.46,01:20:24,2,8,195.08
2026-08-20,HepatitisB,17.22,01:20:54,2,8,195.09
2026-08-20,HepatitisB,14.6,01:21:24,2,8,195.1
2026-08-20,HepatitisB,14.81,01:21:54,2,8,195.11
2026-08-20,HepatitisB,9.38,01:22:24,2,8,195.12
2026-08-20,HepatitisB,13.68,01:22:54,2,8,195.13
2026-08-20,HepatitisB,10.14,01:23:24,2,8,195.14
2026-08-20,HepatitisB,14.43,01:23:54,2,8,195.15
2026-08-20,HepatitisB,9.68,01:24:24,2,8,195.16
2026-08-20,HepatitisB,16.19,01:24:54,2,8,195.17
2026-08-20,HepatitisB,4.7,01:25:24,2,8,0.0
2026-08-20,HepatitisB,7.85,01:25:54,2,8,0.0
2026-08-20,HepatitisB,2.08,01:26:24,2,8,0.0
2026-08-20,HepatitisB,16.77,01:26:54,2,8,195.22
2026-08-20,HepatitisB,5.7,01:27:24,2,8,0.0
2026-08-20,HepatitisB,3.58,01:27:54,2,8,0.0
2026-08-20,HepatitisB,4.86,01:28:24,2,8,0.0
2026-08-20,HepatitisB,3.76,01:28:54,2,8,0.0
2026-08-20,HepatitisB,16.47,01:29:24,2,8,195.27
2026-08-20,HepatitisB,11.15,01:29:54,2,8,195.28
2026-08-20,HepatitisB,2.06,01:30:24,2,8,0.0
2026-08-20,HepatitisB,14.86,01:30:54,2,8,195.3
2026-08-20,HepatitisB,4.99,01:31:24,2,8,0.0
2026-08-20,HepatitisB,4.81,01:31:54,2,8,0.0
2026-08-20,HepatitisB,16.99,01:32:24,2,8,195.34
2026-08-20,HepatitisB,16.56,01:32:54,2,8,195.35
2026-08-20,HepatitisB,5.14,01:33:24,2,8,0.0
2026-08-20,HepatitisB,13.7,01:33:54,2,8,195.37
2026-08-20,HepatitisB,9.45,01:34:24,2,8,195.38
2026-08-20,HepatitisB,3.75,01:34:54,2,8,0.0
2026-08-20,HepatitisB,6.78,01:35:24,2,8,0.0
2026-08-20,HepatitisB,12.01,01:35:54,2,8,195.41
2026-08-20,HepatitisB,5.66,01:36:24,2,8,0.0
2026-08-20,HepatitisB,9.72,01:36:54,2,8,195.43
2026-08-20,HepatitisB,10.0,01:37:24,2,8,195.44
2026-08-20,HepatitisB,11.81,01:37:54,2,8,195.46
2026-08-20,HepatitisB,4.24,01:38:24,2,8,0.0
2026-08-20,HepatitisB,14.74,01:38:54,2,8,195.48
2026-08-20,HepatitisB,4.59,01:39:24,2,8,0.0
2026-08-20,HepatitisB,6.21,01:39:54,2,8,0.0
2026-08-20,HepatitisB,15.18,01:40:24,2,8,195.51
2026-08-20,HepatitisB,14.34,01:40:54,2,8,195.52
2026-08-20,HepatitisB,13.82,01:41:24,2,8,195.53
2026-08-20,HepatitisB,10.2,01:41:54,2,8,195.54
2026-08-20,HepatitisB,6.45,01:42:24,2,8,0.0
2026-08-20,HepatitisB,7.78,01:42:54,2,8,0.0
2026-08-20,HepatitisB,9.41,01:43:24,2,8,195.57
2026-08-20,HepatitisB,14.88,01:43:54,2,8,195.58
2026-08-20,HepatitisB,11.15,01:44:24,2,8,195.6
2026-08-20,HepatitisB,16.59,01:44:54,2,8,195.61
2026-08-20,HepatitisB,11.67,01:45:24,2,8,195.62
2026-08-20,HepatitisB,2.21,01:45:54,2,8,0.0
2026-08-20,HepatitisB,3.43,01:46:24,2,8,0.0
2026-08-20,HepatitisB,12.38,01:46:54,2,8,195.65
2026-08-20,HepatitisB,4.2,01:47:24,2,8,0.0
2026-08-20,HepatitisB,14.71,01:47:54,2,8,195.67
2026-08-20,HepatitisB,14.43,01:48:24,2,8,195.68
2026-08-20,HepatitisB,14.98,01:48:54,2,8,195.69
2026-08-20,HepatitisB,5.66,01:49:24,2,8,0.0
2026-08-20,HepatitisB,11.7,01:49:54,2,8,195.72
2026-08-20,HepatitisB,10.97,01:50:24,2,8,195.73
2026-08-20,HepatitisB,13.33,01:50:54,2,8,195.74
2026-08-20,HepatitisB,5.89,01:51:24,2,8,0.0
2026-08-20,HepatitisB,10.88,01:51:54,2,8,195.76
2026-08-20,HepatitisB,17.74,01:52:24,2,8,195.77
2026-08-20,HepatitisB,2.12,01:52:54,2,8,0.0
2026-08-20,HepatitisB,14.01,01:53:24,2,8,195.79
2026-08-20,HepatitisB,11.93,01:53:54,2,8,195.8
2026-08-20,HepatitisB,11.3,01:54:24,2,8,195.81
2026-08-20,HepatitisB,13.51,01:54:54,2,8,195.82
2026-08-20,HepatitisB,12.24,01:55:24,2,8,195.83
2026-08-20,HepatitisB,11.67,01:55:54,2,8,195.85
2026-08-20,HepatitisB,4.56,01:56:24,2,8,0.0
2026-08-20,HepatitisB,12.01,01:56:54,2,8,195.87
2026-08-20,HepatitisB,5.89,01:57:24,2,8,0.0
2026-08-20,HepatitisB,11.62,01:57:54,2,8,195.89
2026-08-20,HepatitisB,6.63,01:58:24,2,8,0.0
2026-08-20,HepatitisB,3.61,01:58:54,2,8,0.0
2026-08-20,HepatitisB,9.39,01:59:24,2,8,195.92
2026-08-20,HepatitisB,6.13,01:59:54,2,8,0.0
2026-08-20,HepatitisB,15.59,02:00:24,2,8,195.94
2026-08-20,HepatitisB,9.16,02:00:54,2,8,195.95
2026-08-20,HepatitisB,9.65,02:01:24,2,8,195.96
2026-08-20,HepatitisB,14.59,02:01:54,2,8,195.97
2026-08-20,HepatitisB,13.5,02:02:24,2,8,195.99
2026-08-20,HepatitisB,15.54,02:02:54,2,8,196.0
2026-08-20,HepatitisB,2.24,02:03:24,2,8,0.0
2026-08-20,HepatitisB,16.79,02:03:54,2,8,196.02
2026-08-20,HepatitisB,5.9,02:04:24,2,8,0.0
2026-08-20,HepatitisB,11.28,02:04:54,2,8,196.04
2026-08-20,HepatitisB,5.36,02:05:24,2,8,0.0
2026-08-20,HepatitisB,16.74,02:05:54,2,8,196.06
2026-08-20,HepatitisB,17.12,02:06:24,2,8,196.07
2026-08-20,HepatitisB,12.07,02:06:54,2,8,196.08
2026-08-20,HepatitisB,14.8,02:07:24,2,8,196.09
2026-08-20,HepatitisB,7.74,02:07:54,2,8,0.0
2026-08-20,HepatitisB,4.69,02:08:24,2,8,0.0
2026-08-20,HepatitisB,2.78,02:08:54,2,8,0.0
2026-08-20,HepatitisB,11.81,02:09:24,2,8,196.14
2026-08-20,HepatitisB,6.34,02:09:54,2,8,0.0
2026-08-20,HepatitisB,16.68,02:10:24,2,8,196.16
2026-08-20,HepatitisB,10.7,02:10:54,2,8,196.17
2026-08-20,HepatitisB,7.76,02:11:24,2,8,0.0
2026-08-20,HepatitisB,15.85,02:11:54,2,8,196.19
2026-08-20,HepatitisB,5.57,02:12:24,2,8,0.0
2026-08-20,HepatitisB,3.31,02:12:54,2,8,0.0
2026-08-20,HepatitisB,15.05,02:13:24,2,8,196.22
2026-08-20,HepatitisB,11.01,02:13:54,2,8,196.23
2026-08-20,HepatitisB,5.53,02:14:24,2,8,0.0
2026-08-20,HepatitisB,11.11,02:14:54,2,8,196.26
2026-08-20,HepatitisB,14.98,02:15:24,2,8,196.27
2026-08-20,HepatitisB,12.13,02:15:54,2,8,196.28
2026-08-20,HepatitisB,2.07,02:16:24,2,8,0.0
2026-08-20,HepatitisB,10.02,02:16:54,2,8,196.3
2026-08-20,HepatitisB,4.68,02:17:24,2,8,0.0
2026-08-20,HepatitisB,16.8,02:17:54,2,8,196.32
2026-08-20,HepatitisB,9.53,02:18:24,2,8,196.33
2026-08-20,HepatitisB,6.8,02:18:54,2,8,0.0
2026-08-20,HepatitisB,4.39,02:19:24,2,8,0.0
2026-08-20,HepatitisB,3.82,02:19:54,2,8,0.0
2026-08-20,HepatitisB,11.26,02:20:24,2,8,196.38
2026-08-20,HepatitisB,11.48,02:20:54,2,8,196.39
2026-08-20,HepatitisB,15.26,02:21:24,2,8,196.4
2026-08-20,HepatitisB,2.4,02:21:54,2,8,0.0
2026-08-20,HepatitisB,6.18,02:22:24,2,8,0.0
2026-08-20,HepatitisB,2.89,02:22:54,2,8,0.0
2026-08-20,HepatitisB,10.56,02:23:24,2,8,196.44
2026-08-20,HepatitisB,16.56,02:23:54,2,8,196.45
2026-08-20,HepatitisB,13.76,02:24:24,2,8,196.46
2026-08-20,HepatitisB,10.89,02:24:54,2,8,196.47
2026-08-20,HepatitisB,9.36,02:25:24,2,8,196.48
2026-08-20,HepatitisB,14.51,02:25:54,2,8,196.5
2026-08-20,HepatitisB,16.83,02:26:24,2,8,196.51
2026-08-20,HepatitisB,13.81,02:26:54,2,8,196.52
2026-08-20,HepatitisB,4.51,02:27:24,2,8,0.0
2026-08-20,HepatitisB,9.41,02:27:54,2,8,196.54
2026-08-20,HepatitisB,6.03,02:28:24,2,8,0.0
2026-08-20,HepatitisB,15.21,02:28:54,2,8,196.56
2026-08-20,HepatitisB,6.66,02:29:24,2,8,0.0
2026-08-20,HepatitisB,5.83,02:29:54,2,8,0.0
2026-08-20,HepatitisB,2.15,02:30:24,2,8,0.0
2026-08-20,HepatitisB,11.95,02:30:54,2,8,196.6
2026-08-20,HepatitisB,16.53,02:31:24,2,8,196.61
2026-08-20,HepatitisB,11.46,02:31:54,2,8,196.62
2026-08-20,HepatitisB,10.08,02:32:24,2,8,196.64
2026-08-20,HepatitisB,13.75,02:32:54,2,8,196.65
2026-08-20,HepatitisB,17.19,02:33:24,2,8,196.66
2026-08-20,HepatitisB,15.15,02:33:54,2,8,196.67
2026-08-20,HepatitisB,4.34,02:34:24,2,8,0.0
2026-08-20,HepatitisB,12.84,02:34:54,2,8,196.69
2026-08-20,HepatitisB,15.72,02:35:24,2,8,196.7
2026-08-20,HepatitisB,14.82,02:35:54,2,8,196.71
2026-08-20,HepatitisB,6.44,02:36:24,2,8,0.0
2026-08-20,HepatitisB,15.9,02:36:54,2,8,196.73
2026-08-20,HepatitisB,16.65,02:37:24,2,8,196.74
2026-08-20,HepatitisB,11.88,02:37:54,2,8,196.75
2026-08-20,HepatitisB,10.64,02:38:24,2,8,196.77
2026-08-20,HepatitisB,6.17,02:38:54,2,8,0.0
2026-08-20,HepatitisB,12.21,02:39:24,2,8,196.79
2026-08-20,HepatitisB,13.81,02:39:54,2,8,196.8
2026-08-20,HepatitisB,2.7,02:40:24,2,8,0.0
2026-08-20,HepatitisB,3.96,02:40:54,2,8,0.0
2026-08-20,HepatitisB,12.38,02:41:24,2,8,196.83
2026-08-20,HepatitisB,2.72,02:41:54,2,8,0.0
2026-08-20,HepatitisB,16.41,02:42:24,2,8,196.85
2026-08-20,HepatitisB,15.35,02:42:54,2,8,196.86
2026-08-20,HepatitisB,3.88,02:43:24,2,8,0.0
2026-08-20,HepatitisB,15.29,02:43:54,2,8,196.88
2026-08-20,HepatitisB,2.53,02:44:24,2,8,0.0
2026-08-20,HepatitisB,15.58,02:44:54,2,8,196.91
2026-08-20,HepatitisB,2.72,02:45:24,2,8,0.0
2026-08-20,HepatitisB,17.82,02:45:54,2,8,196.93
2026-08-20,HepatitisB,10.82,02:46:24,2,8,196.94
2026-08-20,HepatitisB,15.51,02:46:54,2,8,196.95
2026-08-20,HepatitisB,10.27,02:47:24,2,8,196.96
2026-08-20,HepatitisB,15.13,02:47:54,2,8,196.97
2026-08-20,HepatitisB,2.1,02:48:24,2,8,0.0
2026-08-20,HepatitisB,10.76,02:48:54,2,8,196.99
2026-08-20,HepatitisB,10.69,02:49:24,2,8,197.0
2026-08-20,HepatitisB,5.68,02:49:54,2,8,0.0
2026-08-20,HepatitisB,9.89,02:50:24,2,8,197.03
2026-08-20,HepatitisB,5.54,02:50:54,2,8,0.0
2026-08-20,HepatitisB,14.58,02:51:24,2,8,197.05
2026-08-20,HepatitisB,3.85,02:51:54,2,8,0.0
2026-08-20,HepatitisB,10.2,02:52:24,2,8,197.07
2026-08-20,HepatitisB,9.95,02:52:54,2,8,197.08
2026-08-20,HepatitisB,7.46,02:53:24,2,8,0.0
2026-08-20,HepatitisB,12.27,02:53:54,2,8,197.1
2026-08-20,HepatitisB,7.44,02:54:24,2,8,0.0
2026-08-20,HepatitisB,13.5,02:54:54,2,8,197.12
2026-08-20,HepatitisB,14.8,02:55:24,2,8,197.13
2026-08-20,HepatitisB,13.17,02:55:54,2,8,197.15
2026-08-20,HepatitisB,14.65,02:56:24,2,8,197.16
2026-08-20,HepatitisB,17.09,02:56:54,2,8,197.17
2026-08-20,HepatitisB,4.48,02:57:24,2,8,0.0
2026-08-20,HepatitisB,2.75,02:57:54,2,8,0.0
2026-08-20,HepatitisB,10.53,02:58:24,2,8,197.2
2026-08-20,HepatitisB,3.81,02:58:54,2,8,0.0
2026-08-20,HepatitisB,4.34,02:59:24,2,8,0.0
2026-08-20,HepatitisB,13.32,02:59:54,2,8,197.23
2026-08-20,HepatitisB,14.75,03:00:24,2,8,197.24
2026-08-20,HepatitisB,10.95,03:00:54,2,8,197.25
2026-08-20,HepatitisB,3.57,03:01:24,2,8,0.0
2026-08-20,HepatitisB,13.7,03:01:54,2,8,197.28
2026-08-20,HepatitisB,17.05,03:02:24,2,8,197.29
2026-08-20,HepatitisB,9.49,03:02:54,2,8,197.3
2026-08-20,HepatitisB,13.95,03:03:24,2,8,197.31
2026-08-20,HepatitisB,13.19,03:03:54,2,8,197.32
2026-08-20,HepatitisB,2.42,03:04:24,2,8,0.0
2026-08-20,HepatitisB,9.49,03:04:54,2,8,197.34
2026-08-20,HepatitisB,3.66,03:05:24,2,8,0.0
2026-08-20,HepatitisB,15.54,03:05:54,2,8,197.36
2026-08-20,HepatitisB,17.59,03:06:24,2,8,197.37
2026-08-20,HepatitisB,10.5,03:06:54,2,8,197.38
2026-08-20,HepatitisB,6.48,03:07:24,2,8,0.0
2026-08-20,HepatitisB,12.73,03:07:54,2,8,197.41
2026-08-20,HepatitisB,16.6,03:08:24,2,8,197.42
2026-08-20,HepatitisB,16.18,03:08:54,2,8,197.43
2026-08-20,HepatitisB,2.96,03:09:24,2,8,0.0
2026-08-20,HepatitisB,14.91,03:09:54,2,8,197.45
2026-08-20,HepatitisB,6.47,03:10:24,2,8,0.0
2026-08-20,HepatitisB,6.9,03:10:54,2,8,0.0
2026-08-20,HepatitisB,14.86,03:11:24,2,8,197.48
2026-08-20,HepatitisB,5.31,03:11:54,2,8,0.0
2026-08-20,HepatitisB,3.09,03:12:24,2,8,0.0
2026-08-20,HepatitisB,17.55,03:12:54,2,8,197.51
2026-08-20,HepatitisB,4.79,03:13:24,2,8,0.0
2026-08-20,HepatitisB,15.84,03:13:54,2,8,197.53
2026-08-20,HepatitisB,7.47,03:14:24,2,8,0.0
2026-08-20,HepatitisB,6.63,03:14:54,2,8,0.0
2026-08-20,HepatitisB,3.56,03:15:24,2,8,0.0
2026-08-20,HepatitisB,17.12,03:15:54,2,8,197.58
2026-08-20,HepatitisB,9.27,03:16:24,2,8,197.59
2026-08-20,HepatitisB,15.8,03:16:54,2,8,197.6
2026-08-20,HepatitisB,4.67,03:17:24,2,8,0.0
2026-08-20,HepatitisB,7.43,03:17:54,2,8,0.0
2026-08-20,HepatitisB,12.11,03:18:24,2,8,197.63
2026-08-20,HepatitisB,4.27,03:18:54,2,8,0.0
2026-08-20,HepatitisB,3.59,03:19:24,2,8,0.0
2026-08-20,HepatitisB,2.39,03:19:54,2,8,0.0
2026-08-20,HepatitisB,11.99,03:20:24,2,8,197.68
2026-08-20,HepatitisB,9.19,03:20:54,2,8,197.69
2026-08-20,HepatitisB,12.43,03:21:24,2,8,197.7
2026-08-20,HepatitisB,15.83,03:21:54,2,8,197.71
2026-08-20,HepatitisB,11.67,03:22:24,2,8,197.72
2026-08-20,HepatitisB,13.44,03:22:54,2,8,197.73
2026-08-20,HepatitisB,4.24,03:23:24,2,8,0.0
2026-08-20,HepatitisB,13.17,03:23:54,2,8,197.75
2026-08-20,HepatitisB,4.56,03:24:24,2,8,0.0
2026-08-20,HepatitisB,5.08,03:24:54,2,8,0.0
2026-08-20,HepatitisB,11.43,03:25:24,2,8,197.78
2026-08-20,HepatitisB,10.83,03:25:54,2,8,197.8
2026-08-20,HepatitisB,5.26,03:26:24,2,8,0.0
2026-08-20,HepatitisB,10.04,03:26:54,2,8,197.82
2026-08-20,HepatitisB,16.18,03:27:24,2,8,197.83
2026-08-20,HepatitisB,11.06,03:27:54,2,8,197.84
2026-08-20,HepatitisB,15.3,03:28:24,2,8,197.85
2026-08-20,HepatitisB,3.7,03:28:54,2,8,0.0
2026-08-20,HepatitisB,16.66,03:29:24,2,8,197.87
2026-08-20,HepatitisB,15.69,03:29:54,2,8,197.88
2026-08-20,HepatitisB,9.09,03:30:24,2,8,197.89
2026-08-20,HepatitisB,15.28,03:30:54,2,8,197.9
2026-08-20,HepatitisB,14.24,03:31:24,2,8,197.91
2026-08-20,HepatitisB,16.68,03:31:54,2,8,197.93
2026-08-20,HepatitisB,12.31,03:32:24,2,8,197.94
2026-08-20,HepatitisB,12.44,03:32:54,2,8,197.95
2026-08-20,HepatitisB,4.92,03:33:24,2,8,0.0
2026-08-20,HepatitisB,4.25,03:33:54,2,8,0.0
2026-08-20,HepatitisB,7.31,03:34:24,2,8,0.0
2026-08-20,HepatitisB,10.81,03:34:54,2,8,197.99
2026-08-20,HepatitisB,16.94,03:35:24,2,8,198.0
2026-08-20,HepatitisB,7.4,03:35:54,2,8,0.0
2026-08-20,HepatitisB,3.6,03:36:24,2,8,0.0
2026-08-20,HepatitisB,11.88,03:36:54,2,8,198.03
2026-08-20,HepatitisB,7.77,03:37:24,2,8,0.0
2026-08-20,HepatitisB,2.62,03:37:54,2,8,0.0
2026-08-20,HepatitisB,10.2,03:38:24,2,8,198.07
2026-08-20,HepatitisB,15.08,03:38:54,2,8,198.08
2026-08-20,HepatitisB,3.87,03:39:24,2,8,0.0
2026-08-20,HepatitisB,10.35,03:39:54,2,8,198.1
2026-08-20,HepatitisB,6.73,03:40:24,2,8,0.0
2026-08-20,HepatitisB,14.14,03:40:54,2,8,198.12
2026-08-20,HepatitisB,5.01,03:41:24,2,8,0.0
2026-08-20,HepatitisB,5.62,03:41:54,2,8,0.0
2026-08-20,HepatitisB,13.97,03:42:24,2,8,198.15
2026-08-20,HepatitisB,10.45,03:42:54,2,8,198.16
2026-08-20,HepatitisB,11.15,03:43:24,2,8,198.17
2026-08-20,HepatitisB,12.49,03:43:54,2,8,198.19
2026-08-20,HepatitisB,5.26,03:44:24,2,8,0.0
2026-08-20,HepatitisB,4.08,03:44:54,2,8,0.0
2026-08-20,HepatitisB,14.53,03:45:24,2,8,198.22
2026-08-20,HepatitisB,17.78,03:45:54,2,8,198.23
2026-08-20,HepatitisB,5.14,03:46:24,2,8,0.0
2026-08-20,HepatitisB,15.01,03:46:54,2,8,198.25
2026-08-20,HepatitisB,10.86,03:47:24,2,8,198.26
2026-08-20,HepatitisB,3.15,03:47:54,2,8,0.0
2026-08-20,HepatitisB,12.51,03:48:24,2,8,198.28
2026-08-20,HepatitisB,7.63,03:48:54,2,8,0.0
2026-08-20,HepatitisB,17.26,03:49:24,2,8,198.3
2026-08-20,HepatitisB,10.95,03:49:54,2,8,198.32
2026-08-20,HepatitisB,11.66,03:50:24,2,8,198.33
2026-08-20,HepatitisB,3.68,03:50:54,2,8,0.0
2026-08-20,HepatitisB,2.67,03:51:24,2,8,0.0
2026-08-20,HepatitisB,15.12,03:51:54,2,8,198.36
2026-08-20,HepatitisB,7.19,03:52:24,2,8,0.0
2026-08-20,HepatitisB,9.58,03:52:54,2,8,198.38
2026-08-20,HepatitisB,12.25,03:53:24,2,8,198.39
2026-08-20,HepatitisB,12.72,03:53:54,2,8,198.4
2026-08-20,HepatitisB,17.4,03:54:24,2,8,198.41
2026-08-20,HepatitisB,7.24,03:54:54,2,8,0.0
2026-08-20,HepatitisB,16.67,03:55:24,2,8,198.43
2026-08-20,HepatitisB,14.74,03:55:54,2,8,198.45
2026-08-20,HepatitisB,14.22,03:56:24,2,8,198.46
2026-08-20,HepatitisB,15.41,03:56:54,2,8,198.47
2026-08-20,HepatitisB,3.26,03:57:24,2,8,0.0
2026-08-20,HepatitisB,7.86,03:57:54,2,8,0.0
2026-08-20,HepatitisB,9.29,03:58:24,2,8,198.5
2026-08-20,HepatitisB,10.47,03:58:54,2,8,198.51
2026-08-20,HepatitisB,4.3,03:59:24,2,8,0.0
2026-08-20,HepatitisB,17.53,03:59:54,2,8,198.53
2026-08-20,HepatitisB,10.4,04:00:24,2,8,198.54
2026-08-20,HepatitisB,11.95,04:00:54,2,8,198.55
2026-08-20,HepatitisB,15.02,04:01:24,2,8,198.56
2026-08-20,HepatitisB,9.45,04:01:54,2,8,198.58
2026-08-20,HepatitisB,17.37,04:02:24,2,8,198.59
2026-08-20,HepatitisB,17.05,04:02:54,2,8,198.6
2026-08-20,HepatitisB,10.3,04:03:24,2,8,198.61
2026-08-20,HepatitisB,5.03,04:03:54,2,8,0.0
2026-08-20,HepatitisB,17.1,04:04:24,2,8,198.63
2026-08-20,HepatitisB,6.14,04:04:54,2,8,0.0
2026-08-20,HepatitisB,7.3,04:05:24,2,8,0.0
2026-08-20,HepatitisB,2.16,04:05:54,2,8,0.0
2026-08-20,HepatitisB,2.61,04:06:24,2,8,0.0
2026-08-20,HepatitisB,12.47,04:06:54,2,8,198.68
2026-08-20,HepatitisB,9.85,04:07:24,2,8,198.69
2026-08-20,HepatitisB,9.3,04:07:54,2,8,198.71
2026-08-20,HepatitisB,11.56,04:08:24,2,8,198.72
2026-08-20,HepatitisB,13.02,04:08:54,2,8,198.73
2026-08-20,HepatitisB,12.6,04:09:24,2,8,198.74
2026-08-20,HepatitisB,9.37,04:09:54,2,8,198.75
2026-08-20,HepatitisB,14.11,04:10:24,2,8,198.76
2026-08-20,HepatitisB,6.54,04:10:54,2,8,0.0
2026-08-20,HepatitisB,15.21,04:11:24,2,8,198.78
2026-08-20,HepatitisB,12.09,04:11:54,2,8,198.79
2026-08-20,HepatitisB,14.85,04:12:24,2,8,198.8
2026-08-20,HepatitisB,4.4,04:12:54,2,8,0.0
2026-08-20,HepatitisB,11.42,04:13:24,2,8,198.82
2026-08-20,HepatitisB,12.44,04:13:54,2,8,198.83
2026-08-20,HepatitisB,7.18,04:14:24,2,8,0.0
2026-08-20,HepatitisB,16.62,04:14:54,2,8,198.86
2026-08-20,HepatitisB,12.63,04:15:24,2,8,198.87
2026-08-20,HepatitisB,2.54,04:15:54,2,8,0.0
2026-08-20,HepatitisB,17.11,04:16:24,2,8,198.89
2026-08-20,HepatitisB,3.46,04:16:54,2,8,0.0
2026-08-20,HepatitisB,2.52,04:17:24,2,8,0.0
2026-08-20,HepatitisB,13.24,04:17:54,2,8,198.92
2026-08-20,HepatitisB,16.26,04:18:24,2,8,198.93
2026-08-20,HepatitisB,15.71,04:18:54,2,8,198.94
2026-08-20,HepatitisB,4.07,04:19:24,2,8,0.0
2026-08-20,HepatitisB,2.85,04:19:54,2,8,0.0
2026-08-20,HepatitisB,13.09,04:20:24,2,8,198.98
2026-08-20,HepatitisB,15.52,04:20:54,2,8,198.99
2026-08-20,HepatitisB,10.08,04:21:24,2,8,199.0
2026-08-20,HepatitisB,16.76,04:21:54,2,8,199.01
2026-08-20,HepatitisB,9.06,04:22:24,2,8,199.02
2026-08-20,HepatitisB,14.33,04:22:54,2,8,199.03
2026-08-20,HepatitisB,10.48,04:23:24,2,8,199.04
2026-08-20,HepatitisB,2.68,04:23:54,2,8,0.0
2026-08-20,HepatitisB,9.89,04:24:24,2,8,199.06
2026-08-20,HepatitisB,7.76,04:24:54,2,8,0.0
2026-08-20,HepatitisB,12.68,04:25:24,2,8,199.08
2026-08-20,HepatitisB,4.55,04:25:54,2,8,0.0
2026-08-20,HepatitisB,16.75,04:26:24,2,8,199.11
2026-08-20,HepatitisB,10.31,04:26:54,2,8,199.12
2026-08-20,HepatitisB,16.7,04:27:24,2,8,199.13
2026-08-20,HepatitisB,14.78,04:27:54,2,8,199.14
2026-08-20,HepatitisB,14.73,04:28:24,2,8,199.15
2026-08-20,HepatitisB,12.38,04:28:54,2,8,199.16
2026-08-20,HepatitisB,12.67,04:29:24,2,8,199.17
2026-08-20,HepatitisB,3.98,04:29:54,2,8,0.0
2026-08-20,HepatitisB,5.68,04:30:24,2,8,0.0
2026-08-20,HepatitisB,6.52,04:30:54,2,8,0.0
2026-08-20,HepatitisB,9.36,04:31:24,2,8,199.21
2026-08-20,HepatitisB,16.65,04:31:54,2,8,199.22
2026-08-20,HepatitisB,3.28,04:32:24,2,8,0.0
2026-08-20,HepatitisB,3.66,04:32:54,2,8,0.0
2026-08-20,HepatitisB,17.03,04:33:24,2,8,199.26
2026-08-20,HepatitisB,14.23,04:33:54,2,8,199.27
2026-08-20,HepatitisB,2.18,04:34:24,2,8,0.0
2026-08-20,HepatitisB,15.42,04:34:54,2,8,199.29
2026-08-20,HepatitisB,13.83,04:35:24,2,8,199.3
2026-08-20,HepatitisB,11.01,04:35:54,2,8,199.31
2026-08-20,HepatitisB,7.84,04:36:24,2,8,0.0
2026-08-20,HepatitisB,14.9,04:36:54,2,8,199.33
2026-08-20,HepatitisB,13.98,04:37:24,2,8,199.34
2026-08-20,HepatitisB,16.41,04:37:54,2,8,199.35
2026-08-20,HepatitisB,4.88,04:38:24,2,8,0.0
2026-08-20,HepatitisB,13.7,04:38:54,2,8,199.38
2026-08-20,HepatitisB,13.34,04:39:24,2,8,199.39
2026-08-20,HepatitisB,17.85,04:39:54,2,8,199.4
2026-08-20,HepatitisB,14.75,04:40:24,2,8,199.41
2026-08-20,HepatitisB,17.23,04:40:54,2,8,199.42
2026-08-20,HepatitisB,7.64,04:41:24,2,8,0.0
2026-08-20,HepatitisB,17.77,04:41:54,2,8,199.44
2026-08-20,HepatitisB,4.36,04:42:24,2,8,0.0
2026-08-20,HepatitisB,2.93,04:42:54,2,8,0.0
2026-08-20,HepatitisB,12.59,04:43:24,2,8,199.47
2026-08-20,HepatitisB,17.83,04:43:54,2,8,199.48
2026-08-20,HepatitisB,17.3,04:44:24,2,8,199.5
2026-08-20,HepatitisB,9.97,04:44:54,2,8,199.51
2026-08-20,HepatitisB,10.69,04:45:24,2,8,199.52
2026-08-20,HepatitisB,7.41,04:45:54,2,8,0.0
2026-08-20,HepatitisB,15.89,04:46:24,2,8,199.54
2026-08-20,HepatitisB,15.69,04:46:54,2,8,199.55
2026-08-20,HepatitisB,2.4,04:47:24,2,8,0.0
2026-08-20,HepatitisB,15.74,04:47:54,2,8,199.57
2026-08-20,HepatitisB,6.26,04:48:24,2,8,0.0
2026-08-20,HepatitisB,13.15,04:48:54,2,8,199.59
2026-08-20,HepatitisB,2.66,04:49:24,2,8,0.0
2026-08-20,HepatitisB,2.76,04:49:54,2,8,0.0
2026-08-20,HepatitisB,3.97,04:50:24,2,8,0.0
2026-08-20,HepatitisB,13.74,04:50:54,2,8,199.64
2026-08-20,HepatitisB,11.7,04:51:24,2,8,199.65
2026-08-20,HepatitisB,3.73,04:51:54,2,8,0.0
2026-08-20,HepatitisB,6.51,04:52:24,2,8,0.0
2026-08-20,HepatitisB,16.55,04:52:54,2,8,199.68
2026-08-20,HepatitisB,13.56,04:53:24,2,8,199.69
2026-08-20,HepatitisB,10.61,04:53:54,2,8,199.7
2026-08-20,HepatitisB,3.36,04:54:24,2,8,0.0
2026-08-20,HepatitisB,11.49,04:54:54,2,8,199.72
2026-08-20,HepatitisB,17.7,04:55:24,2,8,199.73
2026-08-20,HepatitisB,12.6,04:55:54,2,8,199.75
2026-08-20,HepatitisB,13.56,04:56:24,2,8,199.76
2026-08-20,HepatitisB,7.05,04:56:54,2,8,0.0
2026-08-20,HepatitisB,16.47,04:57:24,2,8,199.78
2026-08-20,HepatitisB,3.87,04:57:54,2,8,0.0
2026-08-20,HepatitisB,7.63,04:58:24,2,8,0.0
2026-08-20,HepatitisB,2.0,04:58:54,2,8,0.0
2026-08-20,HepatitisB,11.16,04:59:24,2,8,199.82
2026-08-20,HepatitisB,7.81,04:59:54,2,8,0.0
2026-08-20,HepatitisB,12.67,05:00:24,2,8,199.84
2026-08-20,HepatitisB,3.38,05:00:54,2,8,0.0
2026-08-20,HepatitisB,13.15,05:01:24,2,8,199.86
2026-08-20,HepatitisB,15.51,05:01:54,2,8,199.88
2026-08-20,HepatitisB,15.23,05:02:24,2,8,199.89
2026-08-20,HepatitisB,4.4,05:02:54,2,8,0.0
2026-08-20,HepatitisB,5.53,05:03:24,2,8,0.0
2026-08-20,HepatitisB,17.3,05:03:54,2,8,199.92
2026-08-20,HepatitisB,16.36,05:04:24,2,8,199.93
2026-08-20,HepatitisB,15.38,05:04:54,2,8,199.94
2026-08-20,HepatitisB,5.92,05:05:24,2,8,0.0
2026-08-20,HepatitisB,15.02,05:05:54,2,8,199.96
2026-08-20,HepatitisB,9.91,05:06:24,2,8,199.97
2026-08-20,HepatitisB,16.54,05:06:54,2,8,199.98
2026-08-20,HepatitisB,14.91,05:07:24,2,8,199.99
2026-08-20,HepatitisB,4.68,05:07:54,2,8,0.0
2026-08-20,HepatitisB,9.75,05:08:24,2,8,200.02
2026-08-20,HepatitisB,11.04,05:08:54,2,8,200.03
2026-08-20,HepatitisB,4.1,05:09:24,2,8,0.0
2026-08-20,HepatitisB,17.03,05:09:54,2,8,200.05
2026-08-20,HepatitisB,10.26,05:10:24,2,8,200.06
2026-08-20,HepatitisB,9.3,05:10:54,2,8,200.07
2026-08-20,HepatitisB,7.39,05:11:24,2,8,0.0
2026-08-20,HepatitisB,9.93,05:11:54,2,8,200.09
2026-08-20,HepatitisB,9.45,05:12:24,2,8,200.1
2026-08-20,HepatitisB,7.87,05:12:54,2,8,0.0
2026-08-20,HepatitisB,10.57,05:13:24,2,8,200.12
2026-08-20,HepatitisB,6.37,05:13:54,2,8,0.0
2026-08-20,HepatitisB,4.28,05:14:24,2,8,0.0
2026-08-20,HepatitisB,2.18,05:14:54,2,8,0.0
2026-08-20,HepatitisB,9.39,05:15:24,2,8,200.17
2026-08-20,HepatitisB,2.24,05:15:54,2,8,0.0
2026-08-20,HepatitisB,5.09,05:16:24,2,8,0.0
2026-08-20,HepatitisB,11.45,05:16:54,2,8,200.2
2026-08-20,HepatitisB,4.93,05:17:24,2,8,0.0
2026-08-20,HepatitisB,12.21,05:17:54,2,8,200.22
2026-08-20,HepatitisB,14.54,05:18:24,2,8,200.23
2026-08-20,HepatitisB,11.31,05:18:54,2,8,200.24
2026-08-20,HepatitisB,15.66,05:19:24,2,8,200.25
2026-08-20,HepatitisB,11.31,05:19:54,2,8,200.27
2026-08-20,HepatitisB,4.76,05:20:24,2,8,0.0
2026-08-20,HepatitisB,16.62,05:20:54,2,8,200.29
2026-08-20,HepatitisB,14.94,05:21:24,2,8,200.3
2026-08-20,HepatitisB,2.01,05:21:54,2,8,0.0
2026-08-20,HepatitisB,12.79,05:22:24,2,8,200.32
2026-08-20,HepatitisB,12.85,05:22:54,2,8,200.33
2026-08-20,HepatitisB,6.9,05:23:24,2,8,0.0
2026-08-20,HepatitisB,3.9,05:23:54,2,8,0.0
2026-08-20,HepatitisB,17.34,05:24:24,2,8,200.36
2026-08-20,HepatitisB,9.73,05:24:54,2,8,200.37
2026-08-20,HepatitisB,10.6,05:25:24,2,8,200.38
2026-08-20,HepatitisB,12.64,05:25:54,2,8,200.4
2026-08-20,HepatitisB,17.48,05:26:24,2,8,200.41
2026-08-20,HepatitisB,16.99,05:26:54,2,8,200.42
2026-08-20,HepatitisB,15.89,05:27:24,2,8,200.43
2026-08-20,HepatitisB,15.39,05:27:54,2,8,200.44
2026-08-20,HepatitisB,16.62,05:28:24,2,8,200.45
2026-08-20,HepatitisB,11.36,05:28:54,2,8,200.46
2026-08-20,HepatitisB,12.57,05:29:24,2,8,200.47
2026-08-20,HepatitisB,15.59,05:29:54,2,8,200.48
2026-08-20,HepatitisB,10.47,05:30:24,2,8,200.49
2026-08-20,HepatitisB,9.98,05:30:54,2,8,200.5
2026-08-20,HepatitisB,2.43,05:31:24,2,8,0.0
2026-08-20,HepatitisB,15.83,05:31:54,2,8,200.53
2026-08-20,HepatitisB,9.97,05:32:24,2,8,200.54
2026-08-20,HepatitisB,3.45,05:32:54,2,8,0.0
2026-08-20,HepatitisB,13.8,05:33:24,2,8,200.56
2026-08-20,HepatitisB,13.91,05:33:54,2,8,200.57
2026-08-20,HepatitisB,17.65,05:34:24,2,8,200.58
2026-08-20,HepatitisB,15.81,05:34:54,2,8,200.59
2026-08-20,HepatitisB,16.28,05:35:24,2,8,200.6
2026-08-20,HepatitisB,10.14,05:35:54,2,8,200.61
2026-08-20,HepatitisB,2.57,05:36:24,2,8,0.0
2026-08-20,HepatitisB,12.78,05:36:54,2,8,200.63
2026-08-20,HepatitisB,11.24,05:37:24,2,8,200.64
2026-08-20,HepatitisB,5.59,05:37:54,2,8,0.0
2026-08-20,HepatitisB,7.63,05:38:24,2,8,0.0
2026-08-20,HepatitisB,10.12,05:38:54,2,8,200.68
2026-08-20,HepatitisB,16.98,05:39:24,2,8,200.69
2026-08-20,HepatitisB,15.86,05:39:54,2,8,200.7
2026-08-20,HepatitisB,17.66,05:40:24,2,8,200.71
2026-08-20,HepatitisB,17.82,05:40:54,2,8,200.72
2026-08-20,HepatitisB,2.47,05:41:24,2,8,0.0
2026-08-20,HepatitisB,15.15,05:41:54,2,8,200.74
2026-08-20,HepatitisB,5.8,05:42:24,2,8,0.0
2026-08-20,HepatitisB,5.43,05:42:54,2,8,0.0
2026-08-20,HepatitisB,2.28,05:43:24,2,8,0.0
2026-08-20,HepatitisB,10.03,05:43:54,2,8,200.78
2026-08-20,HepatitisB,3.42,05:44:24,2,8,0.0
2026-08-20,HepatitisB,13.55,05:44:54,2,8,200.81
2026-08-20,HepatitisB,7.6,05:45:24,2,8,0.0
2026-08-20,HepatitisB,15.2,05:45:54,2,8,200.83
2026-08-20,HepatitisB,6.25,05:46:24,2,8,0.0
2026-08-20,HepatitisB,14.43,05:46:54,2,8,200.85
2026-08-20,HepatitisB,11.8,05:47:24,2,8,200.86
2026-08-20,HepatitisB,13.99,05:47:54,2,8,200.87
2026-08-20,HepatitisB,14.08,05:48:24,2,8,200.88
2026-08-20,HepatitisB,14.24,05:48:54,2,8,200.89
2026-08-20,HepatitisB,7.61,05:49:24,2,8,0.0
2026-08-20,HepatitisB,10.91,05:49:54,2,8,200.92
2026-08-20,HepatitisB,9.89,05:50:24,2,8,200.93
2026-08-20,HepatitisB,7.27,05:50:54,2,8,0.0
2026-08-20,HepatitisB,4.59,05:51:24,2,8,0.0
2026-08-20,HepatitisB,10.3,05:51:54,2,8,200.96
2026-08-20,HepatitisB,3.01,05:52:24,2,8,0.0
2026-08-20,HepatitisB,15.88,05:52:54,2,8,200.98
2026-08-20,HepatitisB,14.22,05:53:24,2,8,200.99
2026-08-20,HepatitisB,15.44,05:53:54,2,8,201.0
2026-08-20,HepatitisB,16.43,05:54:24,2,8,201.01
2026-08-20,HepatitisB,9.08,05:54:54,2,8,201.02
2026-08-20,HepatitisB,17.17,05:55:24,2,8,201.03
2026-08-20,HepatitisB,15.57,05:55:54,2,8,201.05
2026-08-20,HepatitisB,11.02,05:56:24,2,8,201.06
2026-08-20,HepatitisB,12.5,05:56:54,2,8,201.07
2026-08-20,HepatitisB,5.16,05:57:24,2,8,0.0
2026-08-20,HepatitisB,7.59,05:57:54,2,8,0.0
2026-08-20,HepatitisB,11.3,05:58:24,2,8,201.1
2026-08-20,HepatitisB,12.18,05:58:54,2,8,201.11
2026-08-20,HepatitisB,5.63,05:59:24,2,8,0.0
2026-08-20,HepatitisB,12.16,05:59:54,2,8,201.13
2026-08-20,HepatitisB,2.79,06:00:24,2,8,0.0
2026-08-20,HepatitisB,6.59,06:00:54,2,8,0.0
2026-08-20,HepatitisB,16.96,06:01:24,2,8,201.16
2026-08-20,HepatitisB,10.49,06:01:54,2,8,201.18
2026-08-20,HepatitisB,2.06,06:02:24,2,8,0.0
2026-08-20,HepatitisB,17.39,06:02:54,2,8,201.2
2026-08-20,HepatitisB,16.17,06:03:24,2,8,201.21
2026-08-20,HepatitisB,17.96,06:03:54,2,8,201.22
2026-08-20,HepatitisB,11.06,06:04:24,2,8,201.23
2026-08-20,HepatitisB,17.82,06:04:54,2,8,201.24
2026-08-20,HepatitisB,5.35,06:05:24,2,8,0.0
2026-08-20,HepatitisB,10.03,06:05:54,2,8,201.26
2026-08-20,HepatitisB,6.62,06:06:24,2,8,0.0
2026-08-20,HepatitisB,9.54,06:06:54,2,8,201.28
2026-08-20,HepatitisB,5.55,06:07:24,2,8,0.0
2026-08-20,HepatitisB,2.78,06:07:54,2,8,0.0
2026-08-20,HepatitisB,14.33,06:08:24,2,8,201.32
2026-08-20,HepatitisB,13.82,06:08:54,2,8,201.33
2026-08-20,HepatitisB,9.21,06:09:24,2,8,201.34
2026-08-20,HepatitisB,12.77,06:09:54,2,8,201.35
2026-08-20,HepatitisB,10.71,06:10:24,2,8,201.36
2026-08-20,HepatitisB,3.53,06:10:54,2,8,0.0
2026-08-20,HepatitisB,5.33,06:11:24,2,8,0.0
2026-08-20,HepatitisB,2.35,06:11:54,2,8,0.0
2026-08-20,HepatitisB,12.15,06:12:24,2,8,201.4
2026-08-20,HepatitisB,12.24,06:12:54,2,8,201.41
2026-08-20,HepatitisB,3.69,06:13:24,2,8,0.0
2026-08-20,HepatitisB,3.51,06:13:54,2,8,0.0
2026-08-20,HepatitisB,13.28,06:14:24,2,8,201.45
2026-08-20,HepatitisB,16.05,06:14:54,2,8,201.46
2026-08-20,HepatitisB,11.27,06:15:24,2,8,201.47
2026-08-20,HepatitisB,17.19,06:15:54,2,8,201.48
2026-08-20,HepatitisB,13.08,06:16:24,2,8,201.49
2026-08-20,HepatitisB,12.25,06:16:54,2,8,201.5
2026-08-20,HepatitisB,2.56,06:17:24,2,8,0.0
2026-08-20,HepatitisB,17.7,06:17:54,2,8,201.52
2026-08-20,HepatitisB,13.5,06:18:24,2,8,201.53
2026-08-20,HepatitisB,4.54,06:18:54,2,8,0.0
2026-08-20,HepatitisB,12.53,06:19:24,2,8,201.55
2026-08-20,HepatitisB,4.07,06:19:54,2,8,0.0
2026-08-20,HepatitisB,11.74,06:20:24,2,8,201.58
2026-08-20,HepatitisB,16.04,06:20:54,2,8,201.59
2026-08-20,HepatitisB,14.29,06:21:24,2,8,201.6
2026-08-20,HepatitisB,2.23,06:21:54,2,8,0.0
2026-08-20,HepatitisB,10.81,06:22:24,2,8,201.62
2026-08-20,HepatitisB,14.73,06:22:54,2,8,201.63
2026-08-20,HepatitisB,15.29,06:23:24,2,8,201.64
2026-08-20,HepatitisB,13.42,06:23:54,2,8,201.65
2026-08-20,HepatitisB,9.28,06:24:24,2,8,201.66
2026-08-20,HepatitisB,13.38,06:24:54,2,8,201.67
2026-08-20,HepatitisB,10.5,06:25:24,2,8,201.68
2026-08-20,HepatitisB,15.76,06:25:54,2,8,201.7
2026-08-20,HepatitisB,10.4,06:26:24,2,8,201.71
2026-08-20,HepatitisB,13.57,06:26:54,2,8,201.72
2026-08-20,HepatitisB,9.52,06:27:24,2,8,201.73
2026-08-20,HepatitisB,14.37,06:27:54,2,8,201.74
2026-08-20,HepatitisB,15.74,06:28:24,2,8,201.75
2026-08-20,HepatitisB,7.13,06:28:54,2,8,0.0
2026-08-20,HepatitisB,14.32,06:29:24,2,8,201.77
2026-08-20,HepatitisB,9.02,06:29:54,2,8,201.78
2026-08-20,HepatitisB,17.99,06:30:24,2,8,201.79
2026-08-20,HepatitisB,4.74,06:30:54,2,8,0.0
2026-08-20,HepatitisB,7.63,06:31:24,2,8,0.0
2026-08-20,HepatitisB,11.76,06:31:54,2,8,201.83
2026-08-20,HepatitisB,11.35,06:32:24,2,8,201.84
2026-08-20,HepatitisB,13.69,06:32:54,2,8,201.85
2026-08-20,HepatitisB,13.5,06:33:24,2,8,201.86
2026-08-20,HepatitisB,7.49,06:33:54,2,8,0.0
2026-08-20,HepatitisB,3.32,06:34:24,2,8,0.0
2026-08-20,HepatitisB,12.44,06:34:54,2,8,201.89
2026-08-20,HepatitisB,12.18,06:35:24,2,8,201.9
2026-08-20,HepatitisB,3.4,06:35:54,2,8,0.0
2026-08-20,HepatitisB,2.37,06:36:24,2,8,0.0
2026-08-20,HepatitisB,7.22,06:36:54,2,8,0.0
2026-08-20,HepatitisB,10.37,06:37:24,2,8,201.94
2026-08-20,HepatitisB,10.95,06:37:54,2,8,201.96
2026-08-20,HepatitisB,10.18,06:38:24,2,8,201.97
2026-08-20,HepatitisB,9.5,06:38:54,2,8,201.98
2026-08-20,HepatitisB,13.54,06:39:24,2,8,201.99
2026-08-20,HepatitisB,10.09,06:39:54,2,8,202.0
2026-08-20,HepatitisB,17.64,06:40:24,2,8,202.01
2026-08-20,HepatitisB,3.58,06:40:54,2,8,0.0
2026-08-20,HepatitisB,7.58,06:41:24,2,8,0.0
2026-08-20,HepatitisB,10.73,06:41:54,2,8,202.04
2026-08-20,HepatitisB,3.22,06:42:24,2,8,0.0
2026-08-20,HepatitisB,6.34,06:42:54,2,8,0.0
2026-08-20,HepatitisB,5.07,06:43:24,2,8,0.0
2026-08-20,HepatitisB,13.48,06:43:54,2,8,202.08
2026-08-20,HepatitisB,11.89,06:44:24,2,8,202.1
2026-08-20,HepatitisB,6.19,06:44:54,2,8,0.0
2026-08-20,HepatitisB,7.26,06:45:24,2,8,0.0
2026-08-20,HepatitisB,16.68,06:45:54,2,8,202.13
2026-08-20,HepatitisB,15.0,06:46:24,2,8,202.14
2026-08-20,HepatitisB,15.36,06:46:54,2,8,202.15
2026-08-20,HepatitisB,10.03,06:47:24,2,8,202.16
2026-08-20,HepatitisB,11.62,06:47:54,2,8,202.17
2026-08-20,HepatitisB,10.0,06:48:24,2,8,202.18
2026-08-20,HepatitisB,10.64,06:48:54,2,8,202.19
2026-08-20,HepatitisB,3.62,06:49:24,2,8,0.0
2026-08-20,HepatitisB,16.74,06:49:54,2,8,202.22
2026-08-20,HepatitisB,7.47,06:50:24,2,8,0.0
2026-08-20,HepatitisB,10.99,06:50:54,2,8,202.24
2026-08-20,HepatitisB,10.8,06:51:24,2,8,202.25
2026-08-20,HepatitisB,10.38,06:51:54,2,8,202.26
2026-08-20,HepatitisB,4.05,06:52:24,2,8,0.0
2026-08-20,HepatitisB,11.47,06:52:54,2,8,202.28
2026-08-20,HepatitisB,10.66,06:53:24,2,8,202.29
2026-08-20,HepatitisB,11.34,06:53:54,2,8,202.3
2026-08-20,HepatitisB,7.73,06:54:24,2,8,0.0
2026-08-20,HepatitisB,10.09,06:54:54,2,8,202.32
2026-08-20,HepatitisB,5.66,06:55:24,2,8,0.0
2026-08-20,HepatitisB,12.78,06:55:54,2,8,202.35
2026-08-20,HepatitisB,2.59,06:56:24,2,8,0.0
2026-08-20,HepatitisB,16.91,06:56:54,2,8,202.37
2026-08-20,HepatitisB,7.01,06:57:24,2,8,0.0
2026-08-20,HepatitisB,17.89,06:57:54,2,8,202.39
2026-08-20,HepatitisB,12.7,06:58:24,2,8,202.4
2026-08-20,HepatitisB,4.85,06:58:54,2,8,0.0
2026-08-20,HepatitisB,6.81,06:59:24,2,8,0.0
2026-08-20,HepatitisB,10.25,06:59:54,2,8,202.43
2026-08-20,HepatitisB,12.1,07:00:24,2,8,202.44
2026-08-20,HepatitisB,16.91,07:00:54,2,8,202.45
2026-08-20,HepatitisB,13.41,07:01:24,2,8,202.46
2026-08-20,HepatitisB,10.41,07:01:54,2,8,202.47
2026-08-20,HepatitisB,13.73,07:02:24,2,8,202.49
2026-08-20,HepatitisB,13.59,07:02:54,2,8,202.5
2026-08-20,HepatitisB,7.17,07:03:24,2,8,0.0
2026-08-20,HepatitisB,5.89,07:03:54,2,8,0.0
2026-08-20,HepatitisB,3.65,07:04:24,2,8,0.0
2026-08-20,HepatitisB,4.96,07:04:54,2,8,0.0
2026-08-20,HepatitisB,16.22,07:05:24,2,8,202.55
2026-08-20,HepatitisB,12.41,07:05:54,2,8,202.56
2026-08-20,HepatitisB,9.79,07:06:24,2,8,202.57
2026-08-20,HepatitisB,3.24,07:06:54,2,8,0.0
2026-08-20,HepatitisB,11.16,07:07:24,2,8,202.59
2026-08-20,HepatitisB,5.74,07:07:54,2,8,0.0
2026-08-20,HepatitisB,2.34,07:08:24,2,8,0.0
2026-08-20,HepatitisB,5.32,07:08:54,2,8,0.0
2026-08-20,HepatitisB,9.64,07:09:24,2,8,202.64
2026-08-20,HepatitisB,12.76,07:09:54,2,8,202.65
2026-08-20,HepatitisB,9.29,07:10:24,2,8,202.66
2026-08-20,HepatitisB,14.69,07:10:54,2,8,202.67
2026-08-20,HepatitisB,14.71,07:11:24,2,8,202.68
2026-08-20,HepatitisB,4.19,07:11:54,2,8,0.0
2026-08-20,HepatitisB,7.33,07:12:24,2,8,0.0
2026-08-20,HepatitisB,11.67,07:12:54,2,8,202.71
2026-08-20,HepatitisB,7.58,07:13:24,2,8,0.0
2026-08-20,HepatitisB,10.6,07:13:54,2,8,202.73
2026-08-20,HepatitisB,4.96,07:14:24,2,8,0.0
2026-08-20,HepatitisB,15.39,07:14:54,2,8,202.76
2026-08-20,HepatitisB,3.98,07:15:24,2,8,0.0
2026-08-20,HepatitisB,3.96,07:15:54,2,8,0.0
2026-08-20,HepatitisB,15.76,07:16:24,2,8,202.79
2026-08-20,HepatitisB,9.95,07:16:54,2,8,202.8
2026-08-20,HepatitisB,11.58,07:17:24,2,8,202.81
2026-08-20,HepatitisB,13.2,07:17:54,2,8,202.82
2026-08-20,HepatitisB,6.69,07:18:24,2,8,0.0
2026-08-20,HepatitisB,13.47,07:18:54,2,8,202.84
2026-08-20,HepatitisB,13.16,07:19:24,2,8,202.85
2026-08-20,HepatitisB,15.27,07:19:54,2,8,202.87
2026-08-20,HepatitisB,11.68,07:20:24,2,8,202.88
2026-08-20,HepatitisB,4.51,07:20:54,2,8,0.0
2026-08-20,HepatitisB,6.98,07:21:24,2,8,0.0
2026-08-20,HepatitisB,5.18,07:21:54,2,8,0.0
2026-08-20,HepatitisB,2.22,07:22:24,2,8,0.0
2026-08-20,HepatitisB,3.52,07:22:54,2,8,0.0
2026-08-20,HepatitisB,4.13,07:23:24,2,8,0.0
2026-08-20,HepatitisB,4.18,07:23:54,2,8,0.0
2026-08-20,HepatitisB,11.54,07:24:24,2,8,202.96
2026-08-20,HepatitisB,5.74,07:24:54,2,8,0.0
2026-08-20,HepatitisB,6.06,07:25:24,2,8,0.0
2026-08-20,HepatitisB,9.13,07:25:54,2,8,203.0
2026-08-20,HepatitisB,3.78,07:26:24,2,8,0.0
2026-08-20,HepatitisB,11.06,07:26:54,2,8,203.02
2026-08-20,HepatitisB,16.92,07:27:24,2,8,203.03
2026-08-20,HepatitisB,6.35,07:27:54,2,8,0.0
2026-08-20,HepatitisB,16.07,07:28:24,2,8,203.05
2026-08-20,HepatitisB,10.6,07:28:54,2,8,203.06
2026-08-20,HepatitisB,15.27,07:29:24,2,8,203.07
2026-08-20,HepatitisB,6.34,07:29:54,2,8,0.0
2026-08-20,HepatitisB,10.02,07:30:24,2,8,203.09
2026-08-20,HepatitisB,12.67,07:30:54,2,8,203.1
2026-08-20,HepatitisB,13.82,07:31:24,2,8,203.11
2026-08-20,HepatitisB,12.08,07:31:54,2,8,203.12
2026-08-20,HepatitisB,14.27,07:32:24,2,8,203.14
2026-08-20,HepatitisB,11.45,07:32:54,2,8,203.15
2026-08-20,HepatitisB,12.45,07:33:24,2,8,203.16
2026-08-20,HepatitisB,4.38,07:33:54,2,8,0.0
2026-08-20,HepatitisB,16.66,07:34:24,2,8,203.18
2026-08-20,HepatitisB,15.92,07:34:54,2,8,203.19
2026-08-20,HepatitisB,16.79,07:35:24,2,8,203.2
2026-08-20,HepatitisB,4.98,07:35:54,2,8,0.0
2026-08-20,HepatitisB,5.99,07:36:24,2,8,0.0
2026-08-20,HepatitisB,16.62,07:36:54,2,8,203.23
2026-08-20,HepatitisB,15.82,07:37:24,2,8,203.24
2026-08-20,HepatitisB,16.32,07:37:54,2,8,203.25
2026-08-20,HepatitisB,9.43,07:38:24,2,8,203.27
2026-08-20,HepatitisB,11.25,07:38:54,2,8,203.28
2026-08-20,HepatitisB,14.37,07:39:24,2,8,203.29
2026-08-20,HepatitisB,3.29,07:39:54,2,8,0.0
2026-08-20,HepatitisB,10.86,07:40:24,2,8,203.31
2026-08-20,HepatitisB,15.82,07:40:54,2,8,203.32
2026-08-20,HepatitisB,17.35,07:41:24,2,8,203.33
2026-08-20,HepatitisB,11.38,07:41:54,2,8,203.34
2026-08-20,HepatitisB,6.15,07:42:24,2,8,0.0
2026-08-20,HepatitisB,6.81,07:42:54,2,8,0.0
2026-08-20,HepatitisB,9.28,07:43:24,2,8,203.37
2026-08-20,HepatitisB,3.55,07:43:54,2,8,0.0
2026-08-20,HepatitisB,12.71,07:44:24,2,8,203.4
2026-08-20,HepatitisB,5.56,07:44:54,2,8,0.0
2026-08-20,HepatitisB,10.42,07:45:24,2,8,203.42
2026-08-20,HepatitisB,10.64,07:45:54,2,8,203.43
2026-08-20,HepatitisB,16.52,07:46:24,2,8,203.44
2026-08-20,HepatitisB,7.54,07:46:54,2,8,0.0
2026-08-20,HepatitisB,2.36,07:47:24,2,8,0.0
2026-08-20,HepatitisB,3.08,07:47:54,2,8,0.0
2026-08-20,HepatitisB,14.87,07:48:24,2,8,203.48
2026-08-20,HepatitisB,17.83,07:48:54,2,8,203.49
2026-08-20,HepatitisB,9.5,07:49:24,2,8,203.5
2026-08-20,HepatitisB,17.14,07:49:54,2,8,203.52
2026-08-20,HepatitisB,3.31,07:50:24,2,8,0.0
2026-08-20,HepatitisB,6.46,07:50:54,2,8,0.0
2026-08-20,HepatitisB,13.34,07:51:24,2,8,203.55
2026-08-20,HepatitisB,12.82,07:51:54,2,8,203.56
2026-08-20,HepatitisB,6.52,07:52:24,2,8,0.0
2026-08-20,HepatitisB,12.64,07:52:54,2,8,203.58
2026-08-20,HepatitisB,16.41,07:53:24,2,8,203.59
2026-08-20,HepatitisB,13.94,07:53:54,2,8,203.6
2026-08-20,HepatitisB,10.55,07:54:24,2,8,203.61
2026-08-20,HepatitisB,16.67,07:54:54,2,8,203.62
2026-08-20,HepatitisB,13.35,07:55:24,2,8,203.63
2026-08-20,HepatitisB,17.19,07:55:54,2,8,203.65
2026-08-20,HepatitisB,5.61,07:56:24,2,8,0.0
2026-08-20,HepatitisB,5.17,07:56:54,2,8,0.0
2026-08-20,HepatitisB,14.78,07:57:24,2,8,203.68
2026-08-20,HepatitisB,14.89,07:57:54,2,8,203.69
2026-08-20,HepatitisB,6.53,07:58:24,2,8,0.0
2026-08-20,HepatitisB,16.87,07:58:54,2,8,203.71
2026-08-20,HepatitisB,14.79,07:59:24,2,8,203.72
2026-08-20,HepatitisB,17.65,07:59:54,2,8,203.73
2026-08-20,HepatitisB,11.01,08:00:24,2,8,203.74
2026-08-20,HepatitisB,17.15,08:00:54,2,8,203.75
2026-08-20,HepatitisB,14.67,08:01:24,2,8,203.76
2026-08-20,HepatitisB,13.26,08:01:54,2,8,203.78
2026-08-20,HepatitisB,9.85,08:02:24,2,8,203.79
2026-08-20,HepatitisB,2.22,08:02:54,2,8,0.0
2026-08-20,HepatitisB,14.86,08:03:24,2,8,203.81
2026-08-20,HepatitisB,12.89,08:03:54,2,8,203.82
2026-08-20,HepatitisB,13.37,08:04:24,2,8,203.83
2026-08-20,HepatitisB,4.38,08:04:54,2,8,0.0
2026-08-20,HepatitisB,2.53,08:05:24,2,8,0.0
2026-08-20,HepatitisB,11.21,08:05:54,2,8,203.86
2026-08-20,HepatitisB,16.86,08:06:24,2,8,203.87
2026-08-20,HepatitisB,7.85,08:06:54,2,8,0.0
2026-08-20,HepatitisB,11.82,08:07:24,2,8,203.89
2026-08-20,HepatitisB,12.94,08:07:54,2,8,203.91
2026-08-20,HepatitisB,7.46,08:08:24,2,8,0.0
2026-08-20,HepatitisB,5.0,08:08:54,2,8,0.0
2026-08-20,HepatitisB,16.28,08:09:24,2,8,203.94
2026-08-20,HepatitisB,16.14,08:09:54,2,8,203.95
2026-08-20,HepatitisB,12.97,08:10:24,2,8,203.96
2026-08-20,HepatitisB,5.76,08:10:54,2,8,0.0
2026-08-20,HepatitisB,10.27,08:11:24,2,8,203.98
2026-08-20,HepatitisB,3.56,08:11:54,2,8,0.0
2026-08-20,HepatitisB,9.24,08:12:24,2,8,204.0
2026-08-20,HepatitisB,2.38,08:12:54,2,8,0.0
2026-08-20,HepatitisB,11.92,08:13:24,2,8,204.02
2026-08-20,HepatitisB,4.06,08:13:54,2,8,0.0
2026-08-20,HepatitisB,16.17,08:14:24,2,8,204.05
2026-08-20,HepatitisB,16.39,08:14:54,2,8,204.06
2026-08-20,HepatitisB,5.88,08:15:24,2,8,0.0
2026-08-20,HepatitisB,5.93,08:15:54,2,8,0.0
2026-08-20,HepatitisB,14.79,08:16:24,2,8,204.09
2026-08-20,HepatitisB,2.81,08:16:54,2,8,0.0
2026-08-20,HepatitisB,13.43,08:17:24,2,8,204.11
2026-08-20,HepatitisB,3.99,08:17:54,2,8,0.0
2026-08-20,HepatitisB,11.15,08:18:24,2,8,204.13
2026-08-20,HepatitisB,17.55,08:18:54,2,8,204.14
2026-08-20,HepatitisB,14.97,08:19:24,2,8,204.15
2026-08-20,HepatitisB,12.47,08:19:54,2,8,204.17
2026-08-20,HepatitisB,15.79,08:20:24,2,8,204.18
2026-08-20,HepatitisB,16.79,08:20:54,2,8,204.19
2026-08-20,HepatitisB,2.14,08:21:24,2,8,0.0
2026-08-20,HepatitisB,7.64,08:21:54,2,8,0.0
2026-08-20,HepatitisB,3.8,08:22:24,2,8,0.0
2026-08-20,HepatitisB,16.03,08:22:54,2,8,204.23
2026-08-20,HepatitisB,5.67,08:23:24,2,8,0.0
2026-08-20,HepatitisB,12.5,08:23:54,2,8,204.25
2026-08-20,HepatitisB,14.28,08:24:24,2,8,204.26
2026-08-20,HepatitisB,5.15,08:24:54,2,8,0.0
2026-08-20,HepatitisB,6.18,08:25:24,2,8,0.0
2026-08-20,HepatitisB,16.57,08:25:54,2,8,204.3
2026-08-20,HepatitisB,9.38,08:26:24,2,8,204.31
2026-08-20,HepatitisB,17.62,08:26:54,2,8,204.32
2026-08-20,HepatitisB,17.53,08:27:24,2,8,204.33
2026-08-20,HepatitisB,2.79,08:27:54,2,8,0.0
2026-08-20,HepatitisB,17.27,08:28:24,2,8,204.35
2026-08-20,HepatitisB,14.02,08:28:54,2,8,204.36
2026-08-20,HepatitisB,5.23,08:29:24,2,8,0.0
2026-08-20,HepatitisB,9.09,08:29:54,2,8,204.38
2026-08-20,HepatitisB,17.75,08:30:24,2,8,204.39
2026-08-20,HepatitisB,4.08,08:30:54,2,8,0.0
2026-08-20,HepatitisB,6.45,08:31:24,2,8,0.0
2026-08-20,HepatitisB,11.14,08:31:54,2,8,204.43
2026-08-20,HepatitisB,15.89,08:32:24,2,8,204.44
2026-08-20,HepatitisB,11.79,08:32:54,2,8,204.45
2026-08-20,HepatitisB,2.24,08:33:24,2,8,0.0
2026-08-20,HepatitisB,11.11,08:33:54,2,8,204.47
2026-08-20,HepatitisB,4.42,08:34:24,2,8,0.0
2026-08-20,HepatitisB,15.38,08:34:54,2,8,204.49
2026-08-20,HepatitisB,10.6,08:35:24,2,8,204.5
2026-08-20,HepatitisB,9.82,08:35:54,2,8,204.51
2026-08-20,HepatitisB,4.7,08:36:24,2,8,0.0
2026-08-20,HepatitisB,9.83,08:36:54,2,8,204.53
2026-08-20,HepatitisB,3.53,08:37:24,2,8,0.0
2026-08-20,HepatitisB,16.78,08:37:54,2,8,204.56
2026-08-20,HepatitisB,6.21,08:38:24,2,8,0.0
2026-08-20,HepatitisB,12.75,08:38:54,2,8,204.58
2026-08-20,HepatitisB,14.18,08:39:24,2,8,204.59
2026-08-20,HepatitisB,5.23,08:39:54,2,8,0.0
2026-08-20,HepatitisB,15.18,08:40:24,2,8,204.61
2026-08-20,HepatitisB,10.1,08:40:54,2,8,204.62
2026-08-20,HepatitisB,12.65,08:41:24,2,8,204.63
2026-08-20,HepatitisB,10.52,08:41:54,2,8,204.64
2026-08-20,HepatitisB,10.43,08:42:24,2,8,204.65
2026-08-20,HepatitisB,15.48,08:42:54,2,8,204.66
2026-08-20,HepatitisB,3.38,08:43:24,2,8,0.0
2026-08-20,HepatitisB,9.89,08:43:54,2,8,204.69
2026-08-20,HepatitisB,13.73,08:44:24,2,8,204.7
2026-08-20,HepatitisB,10.07,08:44:54,2,8,204.71
2026-08-20,HepatitisB,10.94,08:45:24,2,8,204.72
2026-08-20,HepatitisB,4.95,08:45:54,2,8,0.0
2026-08-20,HepatitisB,12.27,08:46:24,2,8,204.74
2026-08-20,HepatitisB,12.96,08:46:54,2,8,204.75
2026-08-20,HepatitisB,12.18,08:47:24,2,8,204.76
2026-08-20,HepatitisB,13.29,08:47:54,2,8,204.77
2026-08-20,HepatitisB,11.32,08:48:24,2,8,204.78
2026-08-20,HepatitisB,12.42,08:48:54,2,8,204.79
2026-08-20,HepatitisB,13.79,08:49:24,2,8,204.8
2026-08-20,HepatitisB,15.87,08:49:54,2,8,204.82
2026-08-20,HepatitisB,16.53,08:50:24,2,8,204.83
2026-08-20,HepatitisB,17.83,08:50:54,2,8,204.84
2026-08-20,HepatitisB,9.17,08:51:24,2,8,204.85
2026-08-20,HepatitisB,17.8,08:51:54,2,8,204.86
2026-08-20,HepatitisB,13.69,08:52:24,2,8,204.87
2026-08-20,HepatitisB,4.81,08:52:54,2,8,0.0
2026-08-20,HepatitisB,11.76,08:53:24,2,8,204.89
2026-08-20,HepatitisB,12.89,08:53:54,2,8,204.9
2026-08-20,HepatitisB,14.54,08:54:24,2,8,204.91
2026-08-20,HepatitisB,4.76,08:54:54,2,8,0.0
2026-08-20,HepatitisB,15.36,08:55:24,2,8,204.93
2026-08-20,HepatitisB,14.23,08:55:54,2,8,204.95
2026-08-20,HepatitisB,17.49,08:56:24,2,8,204.96
2026-08-20,HepatitisB,2.1,08:56:54,2,8,0.0
2026-08-20,HepatitisB,6.72,08:57:24,2,8,0.0
2026-08-20,HepatitisB,13.73,08:57:54,2,8,204.99
2026-08-20,HepatitisB,6.1,08:58:24,2,8,0.0
2026-08-20,HepatitisB,17.53,08:58:54,2,8,205.01
2026-08-20,HepatitisB,17.2,08:59:24,2,8,205.02
2026-08-20,HepatitisB,2.93,08:59:54,2,8,0.0
2026-08-20,HepatitisB,5.85,09:00:24,2,8,0.0
2026-08-20,HepatitisB,7.64,09:00:54,2,8,0.0
2026-08-20,HepatitisB,13.08,09:01:24,2,8,205.06
2026-08-20,HepatitisB,15.69,09:01:54,2,8,205.08
2026-08-20,HepatitisB,15.84,09:02:24,2,8,205.09
2026-08-20,HepatitisB,2.36,09:02:54,2,8,0.0
2026-08-20,HepatitisB,3.65,09:03:24,2,8,0.0
2026-08-20,HepatitisB,16.74,09:03:54,2,8,205.12
2026-08-20,HepatitisB,9.45,09:04:24,2,8,205.13
2026-08-20,HepatitisB,16.51,09:04:54,2,8,205.14
2026-08-20,HepatitisB,12.58,09:05:24,2,8,205.15
2026-08-20,HepatitisB,4.84,09:05:54,2,8,0.0
2026-08-20,HepatitisB,12.09,09:06:24,2,8,205.17
2026-08-20,HepatitisB,16.04,09:06:54,2,8,205.18
2026-08-20,HepatitisB,2.46,09:07:24,2,8,0.0
2026-08-20,HepatitisB,12.13,09:07:54,2,8,205.21
2026-08-20,HepatitisB,14.01,09:08:24,2,8,205.22
2026-08-20,HepatitisB,13.4,09:08:54,2,8,205.23
2026-08-20,HepatitisB,12.27,09:09:24,2,8,205.24
2026-08-20,HepatitisB,16.46,09:09:54,2,8,205.25
2026-08-20,HepatitisB,11.8,09:10:24,2,8,205.26
2026-08-20,HepatitisB,3.9,09:10:54,2,8,0.0
2026-08-20,HepatitisB,12.57,09:11:24,2,8,205.28
2026-08-20,HepatitisB,7.07,09:11:54,2,8,0.0
2026-08-20,HepatitisB,7.77,09:12:24,2,8,0.0
2026-08-20,HepatitisB,13.87,09:12:54,2,8,205.31
2026-08-20,HepatitisB,3.46,09:13:24,2,8,0.0
2026-08-20,HepatitisB,13.87,09:13:54,2,8,205.33
2026-08-20,HepatitisB,9.58,09:14:24,2,8,205.35
2026-08-20,HepatitisB,5.96,09:14:54,2,8,0.0
2026-08-20,HepatitisB,10.41,09:15:24,2,8,205.37
2026-08-20,HepatitisB,4.86,09:15:54,2,8,0.0
2026-08-20,HepatitisB,2.58,09:16:24,2,8,0.0
2026-08-20,HepatitisB,16.42,09:16:54,2,8,205.4
2026-08-20,HepatitisB,7.8,09:17:24,2,8,0.0
2026-08-20,HepatitisB,10.8,09:17:54,2,8,205.42
2026-08-20,HepatitisB,4.38,09:18:24,2,8,0.0
2026-08-20,HepatitisB,2.17,09:18:54,2,8,0.0
2026-08-20,HepatitisB,4.19,09:19:24,2,8,0.0
2026-08-20,HepatitisB,15.43,09:19:54,2,8,205.47
2026-08-20,HepatitisB,7.41,09:20:24,2,8,0.0
2026-08-20,HepatitisB,12.48,09:20:54,2,8,205.49
2026-08-20,HepatitisB,12.84,09:21:24,2,8,205.5
2026-08-20,HepatitisB,12.63,09:21:54,2,8,205.51
2026-08-20,HepatitisB,17.91,09:22:24,2,8,205.52
2026-08-20,HepatitisB,10.39,09:22:54,2,8,205.53
2026-08-20,HepatitisB,7.46,09:23:24,2,8,0.0
2026-08-20,HepatitisB,2.46,09:23:54,2,8,0.0
2026-08-20,HepatitisB,17.28,09:24:24,2,8,205.56
2026-08-20,HepatitisB,9.3,09:24:54,2,8,205.57
2026-08-20,HepatitisB,6.39,09:25:24,2,8,0.0
2026-08-20,HepatitisB,14.83,09:25:54,2,8,205.6
2026-08-20,HepatitisB,13.15,09:26:24,2,8,205.61
2026-08-20,HepatitisB,4.31,09:26:54,2,8,0.0
2026-08-20,HepatitisB,15.99,09:27:24,2,8,205.63
2026-08-20,HepatitisB,13.46,09:27:54,2,8,205.64
2026-08-20,HepatitisB,15.74,09:28:24,2,8,205.65
2026-08-20,HepatitisB,12.15,09:28:54,2,8,205.66
2026-08-20,HepatitisB,12.35,09:29:24,2,8,205.67
2026-08-20,HepatitisB,7.59,09:29:54,2,8,0.0
2026-08-20,HepatitisB,11.14,09:30:24,2,8,205.69
2026-08-20,HepatitisB,9.06,09:30:54,2,8,205.7
2026-08-20,HepatitisB,14.46,09:31:24,2,8,205.71
2026-08-20,HepatitisB,12.89,09:31:54,2,8,205.72
2026-08-20,HepatitisB,17.65,09:32:24,2,8,205.74
2026-08-20,HepatitisB,15.84,09:32:54,2,8,205.75
2026-08-20,HepatitisB,16.09,09:33:24,2,8,205.76
2026-08-20,HepatitisB,11.77,09:33:54,2,8,205.77
2026-08-20,HepatitisB,3.11,09:34:24,2,8,0.0
2026-08-20,HepatitisB,11.79,09:34:54,2,8,205.79
2026-08-20,HepatitisB,14.15,09:35:24,2,8,205.8
2026-08-20,HepatitisB,13.97,09:35:54,2,8,205.81
2026-08-20,HepatitisB,13.71,09:36:24,2,8,205.82
2026-08-20,HepatitisB,4.17,09:36:54,2,8,0.0
2026-08-20,HepatitisB,7.56,09:37:24,2,8,0.0
2026-08-20,HepatitisB,10.69,09:37:54,2,8,205.85
2026-08-20,HepatitisB,15.24,09:38:24,2,8,205.87
2026-08-20,HepatitisB,4.9,09:38:54,2,8,0.0
2026-08-20,HepatitisB,2.73,09:39:24,2,8,0.0
2026-08-20,HepatitisB,14.65,09:39:54,2,8,205.9
2026-08-20,HepatitisB,2.57,09:40:24,2,8,0.0
2026-08-20,HepatitisB,16.75,09:40:54,2,8,205.92
2026-08-20,HepatitisB,15.65,09:41:24,2,8,205.93
2026-08-20,HepatitisB,2.04,09:41:54,2,8,0.0
2026-08-20,HepatitisB,6.68,09:42:24,2,8,0.0
2026-08-20,HepatitisB,13.04,09:42:54,2,8,205.96
2026-08-20,HepatitisB,10.61,09:43:24,2,8,205.97
2026-08-20,HepatitisB,10.05,09:43:54,2,8,205.98
2026-08-20,HepatitisB,10.91,09:44:24,2,8,206.0
2026-08-20,HepatitisB,11.19,09:44:54,2,8,206.01
2026-08-20,HepatitisB,10.69,09:45:24,2,8,206.02
2026-08-20,HepatitisB,13.68,09:45:54,2,8,206.03
2026-08-20,HepatitisB,13.51,09:46:24,2,8,206.04
2026-08-20,HepatitisB,16.69,09:46:54,2,8,206.05
2026-08-20,HepatitisB,6.8,09:47:24,2,8,0.0
2026-08-20,HepatitisB,15.88,09:47:54,2,8,206.07
2026-08-20,HepatitisB,16.45,09:48:24,2,8,206.08
2026-08-20,HepatitisB,12.0,09:48:54,2,8,206.09
2026-08-20,HepatitisB,7.25,09:49:24,2,8,0.0
2026-08-20,HepatitisB,6.48,09:49:54,2,8,0.0
2026-08-20,HepatitisB,7.28,09:50:24,2,8,0.0
2026-08-20,HepatitisB,3.91,09:50:54,2,8,0.0
2026-08-20,HepatitisB,13.61,09:51:24,2,8,206.15
2026-08-20,HepatitisB,10.98,09:51:54,2,8,206.16
2026-08-20,HepatitisB,15.96,09:52:24,2,8,206.17
2026-08-20,HepatitisB,9.78,09:52:54,2,8,206.18
2026-08-20,HepatitisB,7.28,09:53:24,2,8,0.0
2026-08-20,HepatitisB,16.34,09:53:54,2,8,206.2
2026-08-20,HepatitisB,16.18,09:54:24,2,8,206.21
2026-08-20,HepatitisB,7.38,09:54:54,2,8,0.0
2026-08-20,HepatitisB,13.95,09:55:24,2,8,206.23
2026-08-20,HepatitisB,2.29,09:55:54,2,8,0.0
2026-08-20,HepatitisB,2.98,09:56:24,2,8,0.0
2026-08-20,HepatitisB,4.13,09:56:54,2,8,0.0
2026-08-20,HepatitisB,13.22,09:57:24,2,8,206.28
2026-08-20,HepatitisB,16.86,09:57:54,2,8,206.29
2026-08-20,HepatitisB,10.12,09:58:24,2,8,206.3
2026-08-20,HepatitisB,12.39,09:58:54,2,8,206.31
2026-08-20,HepatitisB,4.05,09:59:24,2,8,0.0
2026-08-20,HepatitisB,7.73,09:59:54,2,8,0.0
2026-08-20,HepatitisB,2.7,10:00:24,2,8,0.0
2026-08-20,HepatitisB,14.79,10:00:54,2,8,206.35
2026-08-20,HepatitisB,6.66,10:01:24,2,8,0.0
2026-08-20,HepatitisB,10.79,10:01:54,2,8,206.38
2026-08-20,HepatitisB,14.94,10:02:24,2,8,206.39
2026-08-20,HepatitisB,4.71,10:02:54,2,8,0.0
2026-08-20,HepatitisB,15.92,10:03:24,2,8,206.41
2026-08-20,HepatitisB,11.27,10:03:54,2,8,206.42
2026-08-20,HepatitisB,15.31,10:04:24,2,8,206.43
2026-08-20,HepatitisB,4.32,10:04:54,2,8,0.0
2026-08-20,HepatitisB,17.41,10:05:24,2,8,206.45
2026-08-20,HepatitisB,7.17,10:05:54,2,8,0.0
2026-08-20,HepatitisB,17.88,10:06:24,2,8,206.47
2026-08-20,HepatitisB,2.19,10:06:54,2,8,0.0
2026-08-20,HepatitisB,10.26,10:07:24,2,8,206.49
2026-08-20,HepatitisB,16.06,10:07:54,2,8,206.5
2026-08-20,HepatitisB,14.26,10:08:24,2,8,206.52
2026-08-20,HepatitisB,6.05,10:08:54,2,8,0.0
2026-08-20,HepatitisB,12.45,10:09:24,2,8,206.54
2026-08-20,HepatitisB,15.35,10:09:54,2,8,206.55
2026-08-20,HepatitisB,3.22,10:10:24,2,8,0.0
2026-08-20,HepatitisB,12.77,10:10:54,2,8,206.57
2026-08-20,HepatitisB,6.57,10:11:24,2,8,0.0
2026-08-20,HepatitisB,9.4,10:11:54,2,8,206.59
2026-08-20,HepatitisB,6.3,10:12:24,2,8,0.0
2026-08-20,HepatitisB,6.85,10:12:54,2,8,0.0
2026-08-20,HepatitisB,10.61,10:13:24,2,8,206.62
2026-08-20,HepatitisB,4.24,10:13:54,2,8,0.0
2026-08-20,HepatitisB,3.63,10:14:24,2,8,0.0
2026-08-20,HepatitisB,13.92,10:14:54,2,8,206.66
2026-08-20,HepatitisB,10.04,10:15:24,2,8,206.67
2026-08-20,HepatitisB,11.81,10:15:54,2,8,206.68
2026-08-20,HepatitisB,16.47,10:16:24,2,8,206.69
2026-08-20,HepatitisB,16.95,10:16:54,2,8,206.7
2026-08-20,HepatitisB,14.55,10:17:24,2,8,206.71
2026-08-20,HepatitisB,14.83,10:17:54,2,8,206.72
2026-08-20,HepatitisB,6.04,10:18:24,2,8,0.0
2026-08-20,HepatitisB,12.04,10:18:54,2,8,206.74
2026-08-20,HepatitisB,17.02,10:19:24,2,8,206.75
2026-08-20,HepatitisB,4.57,10:19:54,2,8,0.0
2026-08-20,HepatitisB,12.58,10:20:24,2,8,206.78
2026-08-20,HepatitisB,11.38,10:20:54,2,8,206.79
2026-08-20,HepatitisB,9.84,10:21:24,2,8,206.8
2026-08-20,HepatitisB,17.13,10:21:54,2,8,206.81
2026-08-20,HepatitisB,16.49,10:22:24,2,8,206.82
2026-08-20,HepatitisB,13.01,10:22:54,2,8,206.83
2026-08-20,HepatitisB,11.82,10:23:24,2,8,206.84
2026-08-20,HepatitisB,15.34,10:23:54,2,8,206.85
2026-08-20,HepatitisB,11.98,10:24:24,2,8,206.86
2026-08-20,HepatitisB,5.09,10:24:54,2,8,0.0
2026-08-20,HepatitisB,16.77,10:25:24,2,8,206.88
2026-08-20,HepatitisB,15.59,10:25:54,2,8,206.9
2026-08-20,HepatitisB,4.86,10:26:24,2,8,0.0
2026-08-20,HepatitisB,14.78,10:26:54,2,8,206.92
2026-08-20,HepatitisB,11.22,10:27:24,2,8,206.93
2026-08-20,HepatitisB,7.16,10:27:54,2,8,0.0
2026-08-20,HepatitisB,12.04,10:28:24,2,8,206.95
2026-08-20,HepatitisB,3.68,10:28:54,2,8,0.0
2026-08-20,HepatitisB,11.03,10:29:24,2,8,206.97
2026-08-20,HepatitisB,14.1,10:29:54,2,8,206.98
2026-08-20,HepatitisB,11.38,10:30:24,2,8,206.99
2026-08-20,HepatitisB,7.69,10:30:54,2,8,0.0
2026-08-20,HepatitisB,16.85,10:31:24,2,8,207.01
2026-08-20,HepatitisB,3.1,10:31:54,2,8,0.0
2026-08-20,HepatitisB,17.31,10:32:24,2,8,207.04
2026-08-20,HepatitisB,12.11,10:32:54,2,8,207.05
2026-08-20,HepatitisB,17.94,10:33:24,2,8,207.06
2026-08-20,HepatitisB,14.45,10:33:54,2,8,207.07
2026-08-20,HepatitisB,4.14,10:34:24,2,8,0.0
2026-08-20,HepatitisB,5.01,10:34:54,2,8,0.0
2026-08-20,HepatitisB,15.16,10:35:24,2,8,207.1
2026-08-20,HepatitisB,4.53,10:35:54,2,8,0.0
2026-08-20,HepatitisB,12.67,10:36:24,2,8,207.12
2026-08-20,HepatitisB,3.86,10:36:54,2,8,0.0
2026-08-20,HepatitisB,13.45,10:37:24,2,8,207.14
2026-08-20,HepatitisB,10.47,10:37:54,2,8,207.16
2026-08-20,HepatitisB,12.41,10:38:24,2,8,207.17
2026-08-20,HepatitisB,10.47,10:38:54,2,8,207.18
2026-08-20,HepatitisB,6.42,10:39:24,2,8,0.0
2026-08-20,HepatitisB,17.0,10:39:54,2,8,207.2
2026-08-20,HepatitisB,16.0,10:40:24,2,8,207.21
2026-08-20,HepatitisB,6.5,10:40:54,2,8,0.0
2026-08-20,HepatitisB,12.6,10:41:24,2,8,207.23
2026-08-20,HepatitisB,9.22,10:41:54,2,8,207.24
2026-08-20,HepatitisB,16.95,10:42:24,2,8,207.25
2026-08-20,HepatitisB,4.31,10:42:54,2,8,0.0
2026-08-20,HepatitisB,12.67,10:43:24,2,8,207.27
2026-08-20,HepatitisB,13.77,10:43:54,2,8,207.28
2026-08-20,HepatitisB,6.14,10:44:24,2,8,0.0
2026-08-20,HepatitisB,3.01,10:44:54,2,8,0.0
2026-08-20,HepatitisB,3.04,10:45:24,2,8,0.0
2026-08-20,HepatitisB,2.5,10:45:54,2,8,0.0
2026-08-20,HepatitisB,4.24,10:46:24,2,8,0.0
2026-08-20,HepatitisB,10.32,10:46:54,2,8,207.35
2026-08-20,HepatitisB,15.48,10:47:24,2,8,207.36
2026-08-20,HepatitisB,17.85,10:47:54,2,8,207.37
2026-08-20,HepatitisB,7.5,10:48:24,2,8,0.0
2026-08-20,HepatitisB,10.61,10:48:54,2,8,207.39
2026-08-20,HepatitisB,7.1,10:49:24,2,8,0.0
2026-08-20,HepatitisB,5.88,10:49:54,2,8,0.0
2026-08-20,HepatitisB,2.86,10:50:24,2,8,0.0
2026-08-20,HepatitisB,3.0,10:50:54,2,8,0.0
2026-08-20,HepatitisB,10.59,10:51:24,2,8,207.45
2026-08-20,HepatitisB,9.51,10:51:54,2,8,207.46
2026-08-20,HepatitisB,6.9,10:52:24,2,8,0.0
2026-08-20,HepatitisB,5.26,10:52:54,2,8,0.0
2026-08-20,HepatitisB,7.04,10:53:24,2,8,0.0
2026-08-20,HepatitisB,14.03,10:53:54,2,8,207.5
2026-08-20,HepatitisB,12.65,10:54:24,2,8,207.51
2026-08-20,HepatitisB,4.1,10:54:54,2,8,0.0
2026-08-20,HepatitisB,13.72,10:55:24,2,8,207.53
2026-08-20,HepatitisB,5.49,10:55:54,2,8,0.0
2026-08-20,HepatitisB,14.52,10:56:24,2,8,207.56
2026-08-20,HepatitisB,10.13,10:56:54,2,8,207.57
2026-08-20,HepatitisB,5.82,10:57:24,2,8,0.0
2026-08-20,HepatitisB,13.5,10:57:54,2,8,207.59
2026-08-20,HepatitisB,16.67,10:58:24,2,8,207.6
2026-08-20,HepatitisB,2.09,10:58:54,2,8,0.0
2026-08-20,HepatitisB,9.73,10:59:24,2,8,207.62
2026-08-20,HepatitisB,2.74,10:59:54,2,8,0.0
2026-08-20,HepatitisB,3.66,11:00:24,2,8,0.0
2026-08-20,HepatitisB,9.98,11:00:54,2,8,207.65
2026-08-20,HepatitisB,7.39,11:01:24,2,8,0.0
2026-08-20,HepatitisB,9.69,11:01:54,2,8,207.68
2026-08-20,HepatitisB,15.91,11:02:24,2,8,207.69
2026-08-20,HepatitisB,14.25,11:02:54,2,8,207.7
2026-08-20,HepatitisB,12.94,11:03:24,2,8,207.71
2026-08-20,HepatitisB,9.36,11:03:54,2,8,207.72
2026-08-20,HepatitisB,11.15,11:04:24,2,8,207.73
2026-08-20,HepatitisB,15.62,11:04:54,2,8,207.74
2026-08-20,HepatitisB,17.67,11:05:24,2,8,207.75
2026-08-20,HepatitisB,12.71,11:05:54,2,8,207.76
2026-08-20,HepatitisB,11.09,11:06:24,2,8,207.77
2026-08-20,HepatitisB,17.54,11:06:54,2,8,207.78
2026-08-20,HepatitisB,13.94,11:07:24,2,8,207.79
2026-08-20,HepatitisB,16.3,11:07:54,2,8,207.81
2026-08-20,HepatitisB,16.1,11:08:24,2,8,207.82
2026-08-20,HepatitisB,10.22,11:08:54,2,8,207.83
2026-08-20,HepatitisB,15.69,11:09:24,2,8,207.84
2026-08-20,HepatitisB,10.35,11:09:54,2,8,207.85
2026-08-20,HepatitisB,13.34,11:10:24,2,8,207.86
2026-08-20,HepatitisB,9.43,11:10:54,2,8,207.87
2026-08-20,HepatitisB,15.71,11:11:24,2,8,207.88
2026-08-20,HepatitisB,15.94,11:11:54,2,8,207.89
2026-08-20,HepatitisB,16.81,11:12:24,2,8,207.9
2026-08-20,HepatitisB,16.26,11:12:54,2,8,207.91
2026-08-20,HepatitisB,9.43,11:13:24,2,8,207.92
2026-08-20,HepatitisB,13.45,11:13:54,2,8,207.94
2026-08-20,HepatitisB,11.02,11:14:24,2,8,207.95
2026-08-20,HepatitisB,5.4,11:14:54,2,8,0.0
2026-08-20,HepatitisB,14.84,11:15:24,2,8,207.97
2026-08-20,HepatitisB,12.48,11:15:54,2,8,207.98
2026-08-20,HepatitisB,5.29,11:16:24,2,8,0.0
2026-08-20,HepatitisB,2.37,11:16:54,2,8,0.0
2026-08-20,HepatitisB,9.85,11:17:24,2,8,208.01
2026-08-20,HepatitisB,7.36,11:17:54,2,8,0.0
2026-08-20,HepatitisB,13.44,11:18:24,2,8,208.03
2026-08-20,HepatitisB,13.95,11:18:54,2,8,208.04
2026-08-20,HepatitisB,13.82,11:19:24,2,8,208.05
2026-08-20,HepatitisB,6.2,11:19:54,2,8,0.0
2026-08-20,HepatitisB,3.14,11:20:24,2,8,0.0
2026-08-20,HepatitisB,13.47,11:20:54,2,8,208.09
2026-08-20,HepatitisB,14.38,11:21:24,2,8,208.1
2026-08-20,HepatitisB,13.12,11:21:54,2,8,208.11
2026-08-20,HepatitisB,13.76,11:22:24,2,8,208.12
2026-08-20,HepatitisB,13.56,11:22:54,2,8,208.13
2026-08-20,HepatitisB,4.68,11:23:24,2,8,0.0
2026-08-20,HepatitisB,9.85,11:23:54,2,8,208.15
2026-08-20,HepatitisB,15.32,11:24:24,2,8,208.16
2026-08-20,HepatitisB,5.53,11:24:54,2,8,0.0
2026-08-20,HepatitisB,9.81,11:25:24,2,8,208.18
2026-08-20,HepatitisB,5.76,11:25:54,2,8,0.0
2026-08-20,HepatitisB,14.37,11:26:24,2,8,208.21
2026-08-20,HepatitisB,6.23,11:26:54,2,8,0.0
2026-08-20,HepatitisB,4.85,11:27:24,2,8,0.0
2026-08-20,HepatitisB,10.97,11:27:54,2,8,208.24
2026-08-20,HepatitisB,7.13,11:28:24,2,8,0.0
2026-08-20,HepatitisB,5.57,11:28:54,2,8,0.0
2026-08-20,HepatitisB,9.56,11:29:24,2,8,208.27
2026-08-20,HepatitisB,6.81,11:29:54,2,8,0.0
2026-08-20,HepatitisB,9.13,11:30:24,2,8,208.29
2026-08-20,HepatitisB,12.51,11:30:54,2,8,208.3
2026-08-20,HepatitisB,14.67,11:31:24,2,8,208.31
2026-08-20,HepatitisB,14.33,11:31:54,2,8,208.33
2026-08-20,HepatitisB,13.94,11:32:24,2,8,208.34
2026-08-20,HepatitisB,14.63,11:32:54,2,8,208.35
2026-08-20,HepatitisB,6.16,11:33:24,2,8,0.0
2026-08-20,HepatitisB,12.67,11:33:54,2,8,208.37
2026-08-20,HepatitisB,10.81,11:34:24,2,8,208.38
2026-08-20,HepatitisB,17.38,11:34:54,2,8,208.39
2026-08-20,HepatitisB,9.5,11:35:24,2,8,208.4
2026-08-20,HepatitisB,17.92,11:35:54,2,8,208.41
2026-08-20,HepatitisB,12.85,11:36:24,2,8,208.42
2026-08-20,HepatitisB,14.5,11:36:54,2,8,208.43
2026-08-20,HepatitisB,17.06,11:37:24,2,8,208.44
2026-08-20,HepatitisB,6.14,11:37:54,2,8,0.0
2026-08-20,HepatitisB,2.53,11:38:24,2,8,0.0
2026-08-20,HepatitisB,11.81,11:38:54,2,8,208.48
2026-08-20,HepatitisB,10.69,11:39:24,2,8,208.49
2026-08-20,HepatitisB,13.46,11:39:54,2,8,208.5
2026-08-20,HepatitisB,5.52,11:40:24,2,8,0.0
2026-08-20,HepatitisB,10.37,11:40:54,2,8,208.52
2026-08-20,HepatitisB,11.2,11:41:24,2,8,208.53
2026-08-20,HepatitisB,11.6,11:41:54,2,8,208.54
2026-08-20,HepatitisB,4.9,11:42:24,2,8,0.0
2026-08-20,HepatitisB,15.89,11:42:54,2,8,208.56
2026-08-20,HepatitisB,11.43,11:43:24,2,8,208.57
2026-08-20,HepatitisB,14.16,11:43:54,2,8,208.58
2026-08-20,HepatitisB,17.36,11:44:24,2,8,208.6
2026-08-20,HepatitisB,3.43,11:44:54,2,8,0.0
2026-08-20,HepatitisB,6.91,11:45:24,2,8,0.0
2026-08-20,HepatitisB,17.81,11:45:54,2,8,208.63
2026-08-20,HepatitisB,2.11,11:46:24,2,8,0.0
2026-08-20,HepatitisB,5.31,11:46:54,2,8,0.0
2026-08-20,HepatitisB,13.62,11:47:24,2,8,208.66
2026-08-20,HepatitisB,16.25,11:47:54,2,8,208.67
2026-08-20,HepatitisB,12.56,11:48:24,2,8,208.68
2026-08-20,HepatitisB,15.9,11:48:54,2,8,208.69
2026-08-20,HepatitisB,4.88,11:49:24,2,8,0.0
2026-08-20,HepatitisB,4.62,11:49:54,2,8,0.0
2026-08-20,HepatitisB,10.04,11:50:24,2,8,208.73
2026-08-20,HepatitisB,13.72,11:50:54,2,8,208.74
2026-08-20,HepatitisB,16.17,11:51:24,2,8,208.75
2026-08-20,HepatitisB,9.61,11:51:54,2,8,208.76
2026-08-20,HepatitisB,16.06,11:52:24,2,8,208.77
2026-08-20,HepatitisB,15.86,11:52:54,2,8,208.78
2026-08-20,HepatitisB,3.74,11:53:24,2,8,0.0
2026-08-20,HepatitisB,13.57,11:53:54,2,8,208.8
2026-08-20,HepatitisB,14.85,11:54:24,2,8,208.81
2026-08-20,HepatitisB,17.69,11:54:54,2,8,208.82
2026-08-20,HepatitisB,5.65,11:55:24,2,8,0.0
2026-08-20,HepatitisB,7.34,11:55:54,2,8,0.0
2026-08-20,HepatitisB,14.2,11:56:24,2,8,208.86
2026-08-20,HepatitisB,9.61,11:56:54,2,8,208.87
2026-08-20,HepatitisB,10.07,11:57:24,2,8,208.88
2026-08-20,HepatitisB,13.66,11:57:54,2,8,208.89
2026-08-20,HepatitisB,16.13,11:58:24,2,8,208.9
2026-08-20,HepatitisB,17.52,11:58:54,2,8,208.91
2026-08-20,HepatitisB,10.92,11:59:24,2,8,208.92
2026-08-20,HepatitisB,15.68,11:59:54,2,8,208.93
2026-08-20,HepatitisB,13.9,12:00:24,2,8,208.94
2026-08-20,HepatitisB,4.74,12:00:54,2,8,0.0
2026-08-20,HepatitisB,4.97,12:01:24,2,8,0.0
2026-08-20,HepatitisB,13.09,12:01:54,2,8,208.97
2026-08-20,HepatitisB,10.46,12:02:24,2,8,208.99
2026-08-20,HepatitisB,5.83,12:02:54,2,8,0.0
2026-08-20,HepatitisB,14.31,12:03:24,2,8,209.01
2026-08-20,HepatitisB,9.62,12:03:54,2,8,209.02
2026-08-20,HepatitisB,17.44,12:04:24,2,8,209.03
2026-08-20,HepatitisB,7.8,12:04:54,2,8,0.0
2026-08-20,HepatitisB,7.7,12:05:24,2,8,0.0
2026-08-20,HepatitisB,10.35,12:05:54,2,8,209.06
2026-08-20,HepatitisB,9.62,12:06:24,2,8,209.07
2026-08-20,HepatitisB,11.06,12:06:54,2,8,209.08
2026-08-20,HepatitisB,11.71,12:07:24,2,8,209.09
2026-08-20,HepatitisB,16.08,12:07:54,2,8,209.1
2026-08-20,HepatitisB,11.05,12:08:24,2,8,209.12
2026-08-20,HepatitisB,10.87,12:08:54,2,8,209.13
2026-08-20,HepatitisB,5.66,12:09:24,2,8,0.0
2026-08-20,HepatitisB,16.55,12:09:54,2,8,209.15
2026-08-20,HepatitisB,10.0,12:10:24,2,8,209.16
2026-08-20,HepatitisB,15.89,12:10:54,2,8,209.17
2026-08-20,HepatitisB,9.13,12:11:24,2,8,209.18
2026-08-20,HepatitisB,16.7,12:11:54,2,8,209.19
2026-08-20,HepatitisB,12.33,12:12:24,2,8,209.2
2026-08-20,HepatitisB,3.42,12:12:54,2,8,0.0
2026-08-20,HepatitisB,10.03,12:13:24,2,8,209.22
2026-08-20,HepatitisB,12.93,12:13:54,2,8,209.23
2026-08-20,HepatitisB,4.18,12:14:24,2,8,0.0
2026-08-20,HepatitisB,12.35,12:14:54,2,8,209.26
2026-08-20,HepatitisB,13.62,12:15:24,2,8,209.27
2026-08-20,HepatitisB,4.78,12:15:54,2,8,0.0
2026-08-20,HepatitisB,3.4,12:16:24,2,8,0.0
2026-08-20,HepatitisB,4.61,12:16:54,2,8,0.0
2026-08-20,HepatitisB,16.67,12:17:24,2,8,209.31
2026-08-20,HepatitisB,2.83,12:17:54,2,8,0.0
2026-08-20,HepatitisB,5.07,12:18:24,2,8,0.0
2026-08-20,HepatitisB,7.24,12:18:54,2,8,0.0
2026-08-20,HepatitisB,10.06,12:19:24,2,8,209.35
2026-08-20,HepatitisB,12.64,12:19:54,2,8,209.37
2026-08-20,HepatitisB,16.07,12:20:24,2,8,209.38
2026-08-20,HepatitisB,7.67,12:20:54,2,8,0.0
2026-08-20,HepatitisB,7.75,12:21:24,2,8,0.0
2026-08-20,HepatitisB,6.17,12:21:54,2,8,0.0
2026-08-20,HepatitisB,16.89,12:22:24,2,8,209.42
2026-08-20,HepatitisB,16.3,12:22:54,2,8,209.43
2026-08-20,HepatitisB,4.73,12:23:24,2,8,0.0
2026-08-20,HepatitisB,17.88,12:23:54,2,8,209.45
2026-08-20,HepatitisB,15.81,12:24:24,2,8,209.46
2026-08-20,HepatitisB,12.68,12:24:54,2,8,209.47
2026-08-20,HepatitisB,17.47,12:25:24,2,8,209.48
2026-08-20,HepatitisB,15.49,12:25:54,2,8,209.5
2026-08-20,HepatitisB,15.35,12:26:24,2,8,209.51
2026-08-20,HepatitisB,6.57,12:26:54,2,8,0.0
2026-08-20,HepatitisB,15.94,12:27:24,2,8,209.53
2026-08-20,HepatitisB,15.61,12:27:54,2,8,209.54
2026-08-20,HepatitisB,11.47,12:28:24,2,8,209.55
2026-08-20,HepatitisB,15.19,12:28:54,2,8,209.56
2026-08-20,HepatitisB,12.87,12:29:24,2,8,209.57
2026-08-20,HepatitisB,2.97,12:29:54,2,8,0.0
2026-08-20,HepatitisB,11.16,12:30:24,2,8,209.59
2026-08-20,HepatitisB,13.44,12:30:54,2,8,209.6
2026-08-20,HepatitisB,3.07,12:31:24,2,8,0.0
2026-08-20,HepatitisB,14.58,12:31:54,2,8,209.62
2026-08-20,HepatitisB,15.74,12:32:24,2,8,209.64
2026-08-20,HepatitisB,17.88,12:32:54,2,8,209.65
2026-08-20,HepatitisB,14.79,12:33:24,2,8,209.66
2026-08-20,HepatitisB,11.6,12:33:54,2,8,209.67
2026-08-20,HepatitisB,16.7,12:34:24,2,8,209.68
2026-08-20,HepatitisB,14.43,12:34:54,2,8,209.69
2026-08-20,HepatitisB,3.46,12:35:24,2,8,0.0
2026-08-20,HepatitisB,12.93,12:35:54,2,8,209.71
2026-08-20,HepatitisB,3.8,12:36:24,2,8,0.0
2026-08-20,HepatitisB,2.36,12:36:54,2,8,0.0
2026-08-20,HepatitisB,16.46,12:37:24,2,8,209.74
2026-08-20,HepatitisB,2.43,12:37:54,2,8,0.0
2026-08-20,HepatitisB,16.28,12:38:24,2,8,209.77
2026-08-20,HepatitisB,6.6,12:38:54,2,8,0.0
2026-08-20,HepatitisB,15.24,12:39:24,2,8,209.79
2026-08-20,HepatitisB,13.05,12:39:54,2,8,209.8
2026-08-20,HepatitisB,12.66,12:40:24,2,8,209.81
2026-08-20,HepatitisB,12.4,12:40:54,2,8,209.82
2026-08-20,HepatitisB,9.25,12:41:24,2,8,209.83
2026-08-20,HepatitisB,5.1,12:41:54,2,8,0.0
2026-08-20,HepatitisB,17.34,12:42:24,2,8,209.85
2026-08-20,HepatitisB,3.56,12:42:54,2,8,0.0
2026-08-20,HepatitisB,16.13,12:43:24,2,8,209.87
2026-08-20,HepatitisB,10.8,12:43:54,2,8,209.88
2026-08-20,HepatitisB,11.35,12:44:24,2,8,209.9
2026-08-20,HepatitisB,15.64,12:44:54,2,8,209.91
2026-08-20,HepatitisB,17.78,12:45:24,2,8,209.92
2026-08-20,HepatitisB,9.55,12:45:54,2,8,209.93
2026-08-20,HepatitisB,2.03,12:46:24,2,8,0.0
2026-08-20,HepatitisB,17.6,12:46:54,2,8,209.95
2026-08-20,HepatitisB,15.45,12:47:24,2,8,209.96
2026-08-20,HepatitisB,15.75,12:47:54,2,8,209.97
2026-08-20,HepatitisB,2.06,12:48:24,2,8,0.0
2026-08-20,HepatitisB,11.85,12:48:54,2,8,209.99
2026-08-20,HepatitisB,9.33,12:49:24,2,8,210.0
2026-08-20,HepatitisB,12.12,12:49:54,2,8,210.02
2026-08-20,HepatitisB,2.15,12:50:24,2,8,0.0
2026-08-20,HepatitisB,12.49,12:50:54,2,8,210.04
2026-08-20,HepatitisB,13.95,12:51:24,2,8,210.05
2026-08-20,HepatitisB,9.93,12:51:54,2,8,210.06
2026-08-20,HepatitisB,14.37,12:52:24,2,8,210.07
2026-08-20,HepatitisB,15.05,12:52:54,2,8,210.08
2026-08-20,HepatitisB,4.14,12:53:24,2,8,0.0
2026-08-20,HepatitisB,14.59,12:53:54,2,8,210.1
2026-08-20,HepatitisB,7.16,12:54:24,2,8,0.0
2026-08-20,HepatitisB,16.55,12:54:54,2,8,210.12
2026-08-20,HepatitisB,4.87,12:55:24,2,8,0.0
2026-08-20,HepatitisB,5.86,12:55:54,2,8,0.0
2026-08-20,HepatitisB,4.66,12:56:24,2,8,0.0
2026-08-20,HepatitisB,3.74,12:56:54,2,8,0.0
2026-08-20,HepatitisB,11.88,12:57:24,2,8,210.18
2026-08-20,HepatitisB,5.56,12:57:54,2,8,0.0
2026-08-20,HepatitisB,2.84,12:58:24,2,8,0.0
2026-08-20,HepatitisB,14.76,12:58:54,2,8,210.21
2026-08-20,HepatitisB,14.75,12:59:24,2,8,210.22
2026-08-20,HepatitisB,10.57,12:59:54,2,8,210.23
2026-08-20,HepatitisB,3.53,13:00:24,2,8,0.0
2026-08-20,HepatitisB,17.85,13:00:54,2,8,210.25
2026-08-20,HepatitisB,17.19,13:01:24,2,8,210.26
2026-08-20,HepatitisB,14.07,13:01:54,2,8,210.28
2026-08-20,HepatitisB,14.58,13:02:24,2,8,210.29
2026-08-20,HepatitisB,7.09,13:02:54,2,8,0.0
2026-08-20,HepatitisB,16.65,13:03:24,2,8,210.31
2026-08-20,HepatitisB,3.94,13:03:54,2,8,0.0
2026-08-20,HepatitisB,12.85,13:04:24,2,8,210.33
2026-08-20,HepatitisB,9.94,13:04:54,2,8,210.34
2026-08-20,HepatitisB,12.67,13:05:24,2,8,210.35
2026-08-20,HepatitisB,11.31,13:05:54,2,8,210.36
2026-08-20,HepatitisB,9.24,13:06:24,2,8,210.37
2026-08-20,HepatitisB,17.04,13:06:54,2,8,210.38
2026-08-20,HepatitisB,14.54,13:07:24,2,8,210.39
2026-08-20,HepatitisB,12.47,13:07:54,2,8,210.41
2026-08-20,HepatitisB,10.29,13:08:24,2,8,210.42
2026-08-20,HepatitisB,15.84,13:08:54,2,8,210.43
2026-08-20,HepatitisB,14.01,13:09:24,2,8,210.44
2026-08-20,HepatitisB,7.84,13:09:54,2,8,0.0
2026-08-20,HepatitisB,13.82,13:10:24,2,8,210.46
2026-08-20,HepatitisB,2.51,13:10:54,2,8,0.0
2026-08-20,HepatitisB,12.67,13:11:24,2,8,210.48
2026-08-20,HepatitisB,4.49,13:11:54,2,8,0.0
2026-08-20,HepatitisB,5.63,13:12:24,2,8,0.0
2026-08-20,HepatitisB,2.46,13:12:54,2,8,0.0
2026-08-20,HepatitisB,2.17,13:13:24,2,8,0.0
2026-08-20,HepatitisB,2.3,13:13:54,2,8,0.0
2026-08-20,HepatitisB,12.03,13:14:24,2,8,210.55
2026-08-20,HepatitisB,5.05,13:14:54,2,8,0.0
2026-08-20,HepatitisB,15.82,13:15:24,2,8,210.57
2026-08-20,HepatitisB,6.19,13:15:54,2,8,0.0
2026-08-20,HepatitisB,14.64,13:16:24,2,8,210.59
2026-08-20,HepatitisB,11.07,13:16:54,2,8,210.6
2026-08-20,HepatitisB,4.94,13:17:24,2,8,0.0
2026-08-20,HepatitisB,17.98,13:17:54,2,8,210.62
2026-08-20,HepatitisB,3.95,13:18:24,2,8,0.0
2026-08-20,HepatitisB,9.86,13:18:54,2,8,210.64
2026-08-20,HepatitisB,12.21,13:19:24,2,8,210.65
2026-08-20,HepatitisB,10.61,13:19:54,2,8,210.67
2026-08-20,HepatitisB,9.82,13:20:24,2,8,210.68
2026-08-20,HepatitisB,4.57,13:20:54,2,8,0.0
2026-08-20,HepatitisB,4.77,13:21:24,2,8,0.0
2026-08-20,HepatitisB,17.17,13:21:54,2,8,210.71
2026-08-20,HepatitisB,2.52,13:22:24,2,8,0.0
2026-08-20,HepatitisB,5.14,13:22:54,2,8,0.0
2026-08-20,HepatitisB,7.34,13:23:24,2,8,0.0
2026-08-20,HepatitisB,13.51,13:23:54,2,8,210.75
2026-08-20,HepatitisB,9.59,13:24:24,2,8,210.76
2026-08-20,HepatitisB,14.35,13:24:54,2,8,210.77
2026-08-20,HepatitisB,16.74,13:25:24,2,8,210.78
2026-08-20,HepatitisB,14.54,13:25:54,2,8,210.8
2026-08-20,HepatitisB,9.65,13:26:24,2,8,210.81
2026-08-20,HepatitisB,14.03,13:26:54,2,8,210.82
2026-08-20,HepatitisB,17.05,13:27:24,2,8,210.83
2026-08-20,HepatitisB,13.03,13:27:54,2,8,210.84
2026-08-20,HepatitisB,13.45,13:28:24,2,8,210.85
2026-08-20,HepatitisB,13.24,13:28:54,2,8,210.86
2026-08-20,HepatitisB,10.79,13:29:24,2,8,210.87
2026-08-20,HepatitisB,4.31,13:29:54,2,8,0.0
2026-08-20,HepatitisB,17.56,13:30:24,2,8,210.89
2026-08-20,HepatitisB,9.51,13:30:54,2,8,210.9
2026-08-20,HepatitisB,10.66,13:31:24,2,8,210.91
2026-08-20,HepatitisB,9.6,13:31:54,2,8,210.93
2026-08-20,HepatitisB,15.52,13:32:24,2,8,210.94
2026-08-20,HepatitisB,3.42,13:32:54,2,8,0.0
2026-08-20,HepatitisB,16.81,13:33:24,2,8,210.96
2026-08-20,HepatitisB,15.31,13:33:54,2,8,210.97
2026-08-20,HepatitisB,16.04,13:34:24,2,8,210.98
2026-08-20,HepatitisB,8.0,13:34:54,2,8,0.0
2026-08-20,HepatitisB,16.73,13:35:24,2,8,211.0
2026-08-20,HepatitisB,5.66,13:35:54,2,8,0.0
2026-08-20,HepatitisB,2.56,13:36:24,2,8,0.0
2026-08-20,HepatitisB,4.75,13:36:54,2,8,0.0
2026-08-20,HepatitisB,2.85,13:37:24,2,8,0.0
2026-08-20,HepatitisB,3.2,13:37:54,2,8,0.0
2026-08-20,HepatitisB,14.96,13:38:24,2,8,211.07
2026-08-20,HepatitisB,17.75,13:38:54,2,8,211.08
2026-08-20,HepatitisB,14.24,13:39:24,2,8,211.09
2026-08-20,HepatitisB,12.23,13:39:54,2,8,211.1
2026-08-20,HepatitisB,9.35,13:40:24,2,8,211.11
2026-08-20,HepatitisB,16.55,13:40:54,2,8,211.12
2026-08-20,HepatitisB,7.49,13:41:24,2,8,0.0
2026-08-20,HepatitisB,9.79,13:41:54,2,8,211.14
2026-08-20,HepatitisB,13.78,13:42:24,2,8,211.15
2026-08-20,HepatitisB,6.26,13:42:54,2,8,0.0
2026-08-20,HepatitisB,2.92,13:43:24,2,8,0.0
2026-08-20,HepatitisB,15.76,13:43:54,2,8,211.19
2026-08-20,HepatitisB,14.2,13:44:24,2,8,211.2
2026-08-20,HepatitisB,11.34,13:44:54,2,8,211.21
2026-08-20,HepatitisB,2.59,13:45:24,2,8,0.0
2026-08-20,HepatitisB,7.7,13:45:54,2,8,0.0
2026-08-20,HepatitisB,7.47,13:46:24,2,8,0.0
2026-08-20,HepatitisB,15.51,13:46:54,2,8,211.25
2026-08-20,HepatitisB,12.88,13:47:24,2,8,211.26
2026-08-20,HepatitisB,3.26,13:47:54,2,8,0.0
2026-08-20,HepatitisB,13.19,13:48:24,2,8,211.28
2026-08-20,HepatitisB,3.51,13:48:54,2,8,0.0
2026-08-20,HepatitisB,13.07,13:49:24,2,8,211.3
2026-08-20,HepatitisB,2.36,13:49:54,2,8,0.0
2026-08-20,HepatitisB,5.07,13:50:24,2,8,0.0
2026-08-20,HepatitisB,7.13,13:50:54,2,8,0.0
2026-08-20,HepatitisB,4.93,13:51:24,2,8,0.0
2026-08-20,HepatitisB,17.11,13:51:54,2,8,211.36
2026-08-20,HepatitisB,9.98,13:52:24,2,8,211.37
2026-08-20,HepatitisB,5.06,13:52:54,2,8,0.0
2026-08-20,HepatitisB,3.82,13:53:24,2,8,0.0
2026-08-20,HepatitisB,5.76,13:53:54,2,8,0.0
2026-08-20,HepatitisB,4.4,13:54:24,2,8,0.0
2026-08-20,HepatitisB,13.82,13:54:54,2,8,211.42
2026-08-20,HepatitisB,4.31,13:55:24,2,8,0.0
2026-08-20,HepatitisB,17.59,13:55:54,2,8,211.45
2026-08-20,HepatitisB,5.92,13:56:24,2,8,0.0
2026-08-20,HepatitisB,12.21,13:56:54,2,8,211.47
2026-08-20,HepatitisB,13.08,13:57:24,2,8,211.48
2026-08-20,HepatitisB,2.06,13:57:54,2,8,0.0
2026-08-20,HepatitisB,9.21,13:58:24,2,8,211.5
2026-08-20,HepatitisB,2.98,13:58:54,2,8,0.0
2026-08-20,HepatitisB,7.46,13:59:24,2,8,0.0
2026-08-20,HepatitisB,5.23,13:59:54,2,8,0.0
2026-08-20,HepatitisB,14.1,14:00:24,2,8,211.54
2026-08-20,HepatitisB,3.87,14:00:54,2,8,0.0
2026-08-20,HepatitisB,3.99,14:01:24,2,8,0.0
2026-08-20,HepatitisB,13.69,14:01:54,2,8,211.58
2026-08-20,HepatitisB,5.71,14:02:24,2,8,0.0
2026-08-20,HepatitisB,5.03,14:02:54,2,8,0.0
2026-08-20,HepatitisB,9.09,14:03:24,2,8,211.61
2026-08-20,HepatitisB,10.75,14:03:54,2,8,211.62
2026-08-20,HepatitisB,6.05,14:04:24,2,8,0.0
2026-08-20,HepatitisB,5.85,14:04:54,2,8,0.0
2026-08-20,HepatitisB,12.99,14:05:24,2,8,211.65
2026-08-20,HepatitisB,16.78,14:05:54,2,8,211.66
2026-08-20,HepatitisB,14.52,14:06:24,2,8,211.67
2026-08-20,HepatitisB,9.12,14:06:54,2,8,211.68
2026-08-20,HepatitisB,9.64,14:07:24,2,8,211.69
2026-08-20,HepatitisB,16.14,14:07:54,2,8,211.71
2026-08-20,HepatitisB,10.13,14:08:24,2,8,211.72
2026-08-20,HepatitisB,13.97,14:08:54,2,8,211.73
2026-08-20,HepatitisB,4.44,14:09:24,2,8,0.0
2026-08-20,HepatitisB,11.8,14:09:54,2,8,211.75
2026-08-20,HepatitisB,11.06,14:10:24,2,8,211.76
2026-08-20,HepatitisB,11.44,14:10:54,2,8,211.77
2026-08-20,HepatitisB,14.91,14:11:24,2,8,211.78
2026-08-20,HepatitisB,16.3,14:11:54,2,8,211.79
2026-08-20,HepatitisB,3.13,14:12:24,2,8,0.0
2026-08-20,HepatitisB,14.03,14:12:54,2,8,211.81
2026-08-20,HepatitisB,3.58,14:13:24,2,8,0.0
2026-08-20,HepatitisB,12.73,14:13:54,2,8,211.83
2026-08-20,HepatitisB,4.43,14:14:24,2,8,0.0
2026-08-20,HepatitisB,17.06,14:14:54,2,8,211.86
2026-08-20,HepatitisB,9.79,14:15:24,2,8,211.87
2026-08-20,HepatitisB,5.16,14:15:54,2,8,0.0
2026-08-20,HepatitisB,12.9,14:16:24,2,8,211.89
2026-08-20,HepatitisB,10.31,14:16:54,2,8,211.9
2026-08-20,HepatitisB,3.56,14:17:24,2,8,0.0
2026-08-20,HepatitisB,7.09,14:17:54,2,8,0.0
2026-08-20,HepatitisB,5.01,14:18:24,2,8,0.0
2026-08-20,HepatitisB,15.46,14:18:54,2,8,211.94
2026-08-20,HepatitisB,10.67,14:19:24,2,8,211.95
2026-08-20,HepatitisB,10.32,14:19:54,2,8,211.97
2026-08-20,HepatitisB,7.42,14:20:24,2,8,0.0
2026-08-20,HepatitisB,15.98,14:20:54,2,8,211.99
2026-08-20,HepatitisB,6.49,14:21:24,2,8,0.0
2026-08-20,HepatitisB,6.33,14:21:54,2,8,0.0
2026-08-20,HepatitisB,11.52,14:22:24,2,8,212.02
2026-08-20,HepatitisB,7.16,14:22:54,2,8,0.0
2026-08-20,HepatitisB,9.16,14:23:24,2,8,212.04
2026-08-20,HepatitisB,13.0,14:23:54,2,8,212.05
2026-08-20,HepatitisB,5.99,14:24:24,2,8,0.0
2026-08-20,HepatitisB,7.57,14:24:54,2,8,0.0
2026-08-20,HepatitisB,13.22,14:25:24,2,8,212.08
2026-08-20,HepatitisB,11.62,14:25:54,2,8,212.1
2026-08-20,HepatitisB,9.15,14:26:24,2,8,212.11
2026-08-20,HepatitisB,10.29,14:26:54,2,8,212.12
2026-08-20,HepatitisB,4.32,14:27:24,2,8,0.0
2026-08-20,HepatitisB,9.72,14:27:54,2,8,212.14
2026-08-20,HepatitisB,6.76,14:28:24,2,8,0.0
2026-08-20,HepatitisB,16.06,14:28:54,2,8,212.16
2026-08-20,HepatitisB,17.54,14:29:24,2,8,212.17
2026-08-20,HepatitisB,14.4,14:29:54,2,8,212.18
2026-08-20,HepatitisB,10.39,14:30:24,2,8,212.19
2026-08-20,HepatitisB,3.96,14:30:54,2,8,0.0
2026-08-20,HepatitisB,13.4,14:31:24,2,8,212.21
2026-08-20,HepatitisB,7.9,14:31:54,2,8,0.0
2026-08-20,HepatitisB,12.25,14:32:24,2,8,212.24
2026-08-20,HepatitisB,16.32,14:32:54,2,8,212.25
2026-08-20,HepatitisB,4.09,14:33:24,2,8,0.0
2026-08-20,HepatitisB,10.84,14:33:54,2,8,212.27
2026-08-20,HepatitisB,5.34,14:34:24,2,8,0.0
2026-08-20,HepatitisB,5.77,14:34:54,2,8,0.0
2026-08-20,HepatitisB,6.21,14:35:24,2,8,0.0
2026-08-20,HepatitisB,6.08,14:35:54,2,8,0.0
2026-08-20,HepatitisB,10.2,14:36:24,2,8,212.32
2026-08-20,HepatitisB,11.86,14:36:54,2,8,212.33
2026-08-20,HepatitisB,7.14,14:37:24,2,8,0.0
2026-08-20,HepatitisB,11.66,14:37:54,2,8,212.35
2026-08-20,HepatitisB,9.88,14:38:24,2,8,212.37
2026-08-20,HepatitisB,17.41,14:38:54,2,8,212.38
2026-08-20,HepatitisB,15.32,14:39:24,2,8,212.39
2026-08-20,HepatitisB,5.06,14:39:54,2,8,0.0
2026-08-20,HepatitisB,13.88,14:40:24,2,8,212.41
2026-08-20,HepatitisB,11.5,14:40:54,2,8,212.42
2026-08-20,HepatitisB,2.65,14:41:24,2,8,0.0
2026-08-20,HepatitisB,9.97,14:41:54,2,8,212.44
2026-08-20,HepatitisB,14.85,14:42:24,2,8,212.45
2026-08-20,HepatitisB,6.28,14:42:54,2,8,0.0
2026-08-20,HepatitisB,9.7,14:43:24,2,8,212.47
2026-08-20,HepatitisB,16.63,14:43:54,2,8,212.48
2026-08-20,HepatitisB,6.54,14:44:24,2,8,0.0
2026-08-20,HepatitisB,9.35,14:44:54,2,8,212.51
2026-08-20,HepatitisB,14.33,14:45:24,2,8,212.52
2026-08-20,HepatitisB,17.73,14:45:54,2,8,212.53
2026-08-20,HepatitisB,17.88,14:46:24,2,8,212.54
2026-08-20,HepatitisB,3.45,14:46:54,2,8,0.0
2026-08-20,HepatitisB,14.05,14:47:24,2,8,212.56
2026-08-20,HepatitisB,4.56,14:47:54,2,8,0.0
2026-08-20,HepatitisB,13.06,14:48:24,2,8,212.58
2026-08-20,HepatitisB,13.4,14:48:54,2,8,212.59
2026-08-20,HepatitisB,12.65,14:49:24,2,8,212.6
2026-08-20,HepatitisB,6.08,14:49:54,2,8,0.0
2026-08-20,HepatitisB,10.53,14:50:24,2,8,212.63
2026-08-20,HepatitisB,13.85,14:50:54,2,8,212.64
2026-08-20,HepatitisB,15.56,14:51:24,2,8,212.65
2026-08-20,HepatitisB,6.73,14:51:54,2,8,0.0
2026-08-20,HepatitisB,2.34,14:52:24,2,8,0.0
2026-08-20,HepatitisB,16.76,14:52:54,2,8,212.68
2026-08-20,HepatitisB,9.18,14:53:24,2,8,212.69
2026-08-20,HepatitisB,11.81,14:53:54,2,8,212.7
2026-08-20,HepatitisB,15.22,14:54:24,2,8,212.71
2026-08-20,HepatitisB,14.92,14:54:54,2,8,212.72
2026-08-20,HepatitisB,9.25,14:55:24,2,8,212.73
2026-08-20,HepatitisB,12.88,14:55:54,2,8,212.75
2026-08-20,HepatitisB,9.43,14:56:24,2,8,212.76
2026-08-20,HepatitisB,5.07,14:56:54,2,8,0.0
2026-08-20,HepatitisB,15.7,14:57:24,2,8,212.78
2026-08-20,HepatitisB,17.22,14:57:54,2,8,212.79
2026-08-20,HepatitisB,7.28,14:58:24,2,8,0.0
2026-08-20,HepatitisB,13.25,14:58:54,2,8,212.81
2026-08-20,HepatitisB,16.43,14:59:24,2,8,212.82
2026-08-20,HepatitisB,17.12,14:59:54,2,8,212.83
2026-08-20,HepatitisB,13.03,15:00:24,2,8,212.84
2026-08-20,HepatitisB,5.52,15:00:54,2,8,0.0
2026-08-20,HepatitisB,4.96,15:01:24,2,8,0.0
2026-08-20,HepatitisB,15.09,15:01:54,2,8,212.88
2026-08-20,HepatitisB,10.27,15:02:24,2,8,212.89
2026-08-20,HepatitisB,9.74,15:02:54,2,8,212.9
2026-08-20,HepatitisB,14.02,15:03:24,2,8,212.91
2026-08-20,HepatitisB,15.13,15:03:54,2,8,212.92
2026-08-20,HepatitisB,11.11,15:04:24,2,8,212.93
2026-08-20,HepatitisB,4.03,15:04:54,2,8,0.0
2026-08-20,HepatitisB,2.95,15:05:24,2,8,0.0
2026-08-20,HepatitisB,16.89,15:05:54,2,8,212.96
2026-08-20,HepatitisB,14.93,15:06:24,2,8,212.97
2026-08-20,HepatitisB,16.96,15:06:54,2,8,212.98
2026-08-20,HepatitisB,12.95,15:07:24,2,8,212.99
2026-08-20,HepatitisB,16.69,15:07:54,2,8,213.0
2026-08-20,HepatitisB,9.25,15:08:24,2,8,213.02
2026-08-20,HepatitisB,15.35,15:08:54,2,8,213.03
2026-08-20,HepatitisB,10.75,15:09:24,2,8,213.04
2026-08-20,HepatitisB,14.94,15:09:54,2,8,213.05
2026-08-20,HepatitisB,4.45,15:10:24,2,8,0.0
2026-08-20,HepatitisB,11.5,15:10:54,2,8,213.07
2026-08-20,HepatitisB,16.92,15:11:24,2,8,213.08
2026-08-20,HepatitisB,12.52,15:11:54,2,8,213.09
2026-08-20,HepatitisB,16.91,15:12:24,2,8,213.1
2026-08-20,HepatitisB,3.68,15:12:54,2,8,0.0
2026-08-20,HepatitisB,14.72,15:13:24,2,8,213.12
2026-08-20,HepatitisB,11.9,15:13:54,2,8,213.13
2026-08-20,HepatitisB,15.05,15:14:24,2,8,213.15
2026-08-20,HepatitisB,10.49,15:14:54,2,8,213.16
2026-08-20,HepatitisB,3.41,15:15:24,2,8,0.0
2026-08-20,HepatitisB,11.4,15:15:54,2,8,213.18
2026-08-20,HepatitisB,2.3,15:16:24,2,8,0.0
2026-08-20,HepatitisB,16.67,15:16:54,2,8,213.2
2026-08-20,HepatitisB,11.59,15:17:24,2,8,213.21
2026-08-20,HepatitisB,14.39,15:17:54,2,8,213.22
2026-08-20,HepatitisB,6.28,15:18:24,2,8,0.0
2026-08-20,HepatitisB,14.69,15:18:54,2,8,213.24
2026-08-20,HepatitisB,2.63,15:19:24,2,8,0.0
2026-08-20,HepatitisB,9.66,15:19:54,2,8,213.27
2026-08-20,HepatitisB,6.18,15:20:24,2,8,0.0
2026-08-20,HepatitisB,16.46,15:20:54,2,8,213.29
2026-08-20,HepatitisB,9.67,15:21:24,2,8,213.3
2026-08-20,HepatitisB,10.88,15:21:54,2,8,213.31
2026-08-20,HepatitisB,5.41,15:22:24,2,8,0.0
2026-08-20,HepatitisB,16.98,15:22:54,2,8,213.33
2026-08-20,HepatitisB,6.74,15:23:24,2,8,0.0
2026-08-20,HepatitisB,13.25,15:23:54,2,8,213.35
2026-08-20,HepatitisB,14.08,15:24:24,2,8,213.36
2026-08-20,HepatitisB,11.21,15:24:54,2,8,213.37
2026-08-20,HepatitisB,2.36,15:25:24,2,8,0.0
2026-08-20,HepatitisB,15.78,15:25:54,2,8,213.4
2026-08-20,HepatitisB,14.16,15:26:24,2,8,213.41
2026-08-20,HepatitisB,14.8,15:26:54,2,8,213.42
2026-08-20,HepatitisB,11.67,15:27:24,2,8,213.43
2026-08-20,HepatitisB,12.59,15:27:54,2,8,213.44
2026-08-20,HepatitisB,3.13,15:28:24,2,8,0.0
2026-08-20,HepatitisB,3.28,15:28:54,2,8,0.0
2026-08-20,HepatitisB,13.58,15:29:24,2,8,213.47
2026-08-20,HepatitisB,7.23,15:29:54,2,8,0.0
2026-08-20,HepatitisB,12.84,15:30:24,2,8,213.49
2026-08-20,HepatitisB,15.9,15:30:54,2,8,213.5
2026-08-20,HepatitisB,9.2,15:31:24,2,8,213.51
2026-08-20,HepatitisB,17.51,15:31:54,2,8,213.53
2026-08-20,HepatitisB,17.85,15:32:24,2,8,213.54
2026-08-20,HepatitisB,12.15,15:32:54,2,8,213.55
2026-08-20,HepatitisB,15.56,15:33:24,2,8,213.56
2026-08-20,HepatitisB,11.29,15:33:54,2,8,213.57
2026-08-20,HepatitisB,15.54,15:34:24,2,8,213.58
2026-08-20,HepatitisB,14.07,15:34:54,2,8,213.59
2026-08-20,HepatitisB,17.38,15:35:24,2,8,213.6
2026-08-20,HepatitisB,12.68,15:35:54,2,8,213.61
2026-08-20,HepatitisB,13.58,15:36:24,2,8,213.62
2026-08-20,HepatitisB,17.82,15:36:54,2,8,213.63
2026-08-20,HepatitisB,11.8,15:37:24,2,8,213.64
2026-08-20,HepatitisB,10.92,15:37:54,2,8,213.66
2026-08-20,HepatitisB,6.15,15:38:24,2,8,0.0
2026-08-20,HepatitisB,17.99,15:38:54,2,8,213.68
2026-08-20,HepatitisB,16.2,15:39:24,2,8,213.69
2026-08-20,HepatitisB,6.68,15:39:54,2,8,0.0
2026-08-20,HepatitisB,13.78,15:40:24,2,8,213.71
2026-08-20,HepatitisB,17.93,15:40:54,2,8,213.72
2026-08-20,HepatitisB,17.23,15:41:24,2,8,213.73
2026-08-20,HepatitisB,5.31,15:41:54,2,8,0.0
2026-08-20,HepatitisB,17.25,15:42:24,2,8,213.75
2026-08-20,HepatitisB,6.85,15:42:54,2,8,0.0
2026-08-20,HepatitisB,6.55,15:43:24,2,8,0.0
2026-08-20,HepatitisB,14.28,15:43:54,2,8,213.78
2026-08-20,HepatitisB,14.76,15:44:24,2,8,213.8
2026-08-20,HepatitisB,13.95,15:44:54,2,8,213.81
2026-08-20,HepatitisB,12.46,15:45:24,2,8,213.82
2026-08-20,HepatitisB,14.02,15:45:54,2,8,213.83
2026-08-20,HepatitisB,9.95,15:46:24,2,8,213.84
2026-08-20,HepatitisB,12.88,15:46:54,2,8,213.85
2026-08-20,HepatitisB,14.27,15:47:24,2,8,213.86
2026-08-20,HepatitisB,14.19,15:47:54,2,8,213.87
2026-08-20,HepatitisB,10.62,15:48:24,2,8,213.88
2026-08-20,HepatitisB,6.93,15:48:54,2,8,0.0
2026-08-20,HepatitisB,15.21,15:49:24,2,8,213.9
2026-08-20,HepatitisB,5.17,15:49:54,2,8,0.0
2026-08-20,HepatitisB,5.76,15:50:24,2,8,0.0
2026-08-20,HepatitisB,17.44,15:50:54,2,8,213.94
2026-08-20,HepatitisB,3.31,15:51:24,2,8,0.0
2026-08-20,HepatitisB,10.11,15:51:54,2,8,213.96
2026-08-20,HepatitisB,5.32,15:52:24,2,8,0.0
2026-08-20,HepatitisB,4.01,15:52:54,2,8,0.0
2026-08-20,HepatitisB,5.23,15:53:24,2,8,0.0
2026-08-20,HepatitisB,16.74,15:53:54,2,8,214.0
2026-08-20,HepatitisB,13.06,15:54:24,2,8,214.01
2026-08-20,HepatitisB,11.26,15:54:54,2,8,214.02
2026-08-20,HepatitisB,16.02,15:55:24,2,8,214.03
2026-08-20,HepatitisB,5.49,15:55:54,2,8,0.0
2026-08-20,HepatitisB,15.22,15:56:24,2,8,214.06
2026-08-20,HepatitisB,6.65,15:56:54,2,8,0.0
2026-08-20,HepatitisB,10.49,15:57:24,2,8,214.08
2026-08-20,HepatitisB,14.13,15:57:54,2,8,214.09
2026-08-20,HepatitisB,12.57,15:58:24,2,8,214.1
2026-08-20,HepatitisB,12.12,15:58:54,2,8,214.11
2026-08-20,HepatitisB,7.22,15:59:24,2,8,0.0
2026-08-20,HepatitisB,17.49,15:59:54,2,8,214.13
2026-08-20,HepatitisB,9.41,16:00:24,2,8,214.14
2026-08-20,HepatitisB,5.48,16:00:54,2,8,0.0
2026-08-20,HepatitisB,17.64,16:01:24,2,8,214.16
2026-08-20,HepatitisB,9.05,16:01:54,2,8,214.18
2026-08-20,HepatitisB,5.33,16:02:24,2,8,0.0
2026-08-20,HepatitisB,7.2,16:02:54,2,8,0.0
2026-08-20,HepatitisB,9.01,16:03:24,2,8,214.21
2026-08-20,HepatitisB,16.35,16:03:54,2,8,214.22
2026-08-20,HepatitisB,12.06,16:04:24,2,8,214.23
2026-08-20,HepatitisB,6.54,16:04:54,2,8,0.0
2026-08-20,HepatitisB,10.11,16:05:24,2,8,214.25
2026-08-20,HepatitisB,17.36,16:05:54,2,8,214.26
2026-08-20,HepatitisB,17.63,16:06:24,2,8,214.27
2026-08-20,HepatitisB,10.51,16:06:54,2,8,214.28
2026-08-20,HepatitisB,13.29,16:07:24,2,8,214.29
2026-08-20,HepatitisB,14.65,16:07:54,2,8,214.31
2026-08-20,HepatitisB,2.9,16:08:24,2,8,0.0
2026-08-20,HepatitisB,12.14,16:08:54,2,8,214.33
2026-08-20,HepatitisB,2.63,16:09:24,2,8,0.0
2026-08-20,HepatitisB,6.73,16:09:54,2,8,0.0
2026-08-20,HepatitisB,7.9,16:10:24,2,8,0.0
2026-08-20,HepatitisB,9.6,16:10:54,2,8,214.37
2026-08-20,HepatitisB,6.43,16:11:24,2,8,0.0
2026-08-20,HepatitisB,16.32,16:11:54,2,8,214.39
2026-08-20,HepatitisB,17.29,16:12:24,2,8,214.4
2026-08-20,HepatitisB,10.7,16:12:54,2,8,214.41
2026-08-20,HepatitisB,10.34,16:13:24,2,8,214.42
2026-08-20,HepatitisB,17.23,16:13:54,2,8,214.44
2026-08-20,HepatitisB,12.62,16:14:24,2,8,214.45
2026-08-20,HepatitisB,15.99,16:14:54,2,8,214.46
2026-08-20,HepatitisB,10.08,16:15:24,2,8,214.47
2026-08-20,HepatitisB,16.65,16:15:54,2,8,214.48
2026-08-20,HepatitisB,10.04,16:16:24,2,8,214.49
2026-08-20,HepatitisB,7.38,16:16:54,2,8,0.0
2026-08-20,HepatitisB,4.44,16:17:24,2,8,0.0
2026-08-20,HepatitisB,7.67,16:17:54,2,8,0.0
2026-08-20,HepatitisB,17.35,16:18:24,2,8,214.53
2026-08-20,HepatitisB,9.49,16:18:54,2,8,214.54
2026-08-20,HepatitisB,15.14,16:19:24,2,8,214.55
2026-08-20,HepatitisB,11.07,16:19:54,2,8,214.57
2026-08-20,HepatitisB,2.95,16:20:24,2,8,0.0
2026-08-20,HepatitisB,11.11,16:20:54,2,8,214.59
2026-08-20,HepatitisB,16.05,16:21:24,2,8,214.6
2026-08-20,HepatitisB,16.88,16:21:54,2,8,214.61
2026-08-20,HepatitisB,2.66,16:22:24,2,8,0.0
2026-08-20,HepatitisB,14.81,16:22:54,2,8,214.63
2026-08-20,HepatitisB,11.01,16:23:24,2,8,214.64
2026-08-20,HepatitisB,15.37,16:23:54,2,8,214.65
2026-08-20,HepatitisB,11.76,16:24:24,2,8,214.66
2026-08-20,HepatitisB,7.48,16:24:54,2,8,0.0
2026-08-20,HepatitisB,7.15,16:25:24,2,8,0.0
2026-08-20,HepatitisB,5.0,16:25:54,2,8,0.0
2026-08-20,HepatitisB,3.01,16:26:24,2,8,0.0
2026-08-20,HepatitisB,13.23,16:26:54,2,8,214.72
2026-08-20,HepatitisB,7.96,16:27:24,2,8,0.0
2026-08-20,HepatitisB,4.19,16:27:54,2,8,0.0
2026-08-20,HepatitisB,9.41,16:28:24,2,8,214.75
2026-08-20,HepatitisB,3.89,16:28:54,2,8,0.0
2026-08-20,HepatitisB,12.03,16:29:24,2,8,214.77
2026-08-20,HepatitisB,11.47,16:29:54,2,8,214.78
2026-08-20,HepatitisB,10.33,16:30:24,2,8,214.79
2026-08-20,HepatitisB,16.69,16:30:54,2,8,214.8
2026-08-20,HepatitisB,12.53,16:31:24,2,8,214.81
2026-08-20,HepatitisB,15.81,16:31:54,2,8,214.83
2026-08-20,HepatitisB,7.95,16:32:24,2,8,0.0
2026-08-20,HepatitisB,6.41,16:32:54,2,8,0.0
2026-08-20,HepatitisB,17.91,16:33:24,2,8,214.86
2026-08-20,HepatitisB,4.88,16:33:54,2,8,0.0
2026-08-20,HepatitisB,7.95,16:34:24,2,8,0.0
2026-08-20,HepatitisB,15.74,16:34:54,2,8,214.89
2026-08-20,HepatitisB,9.55,16:35:24,2,8,214.9
2026-08-20,HepatitisB,10.37,16:35:54,2,8,214.91
2026-08-20,HepatitisB,3.82,16:36:24,2,8,0.0
2026-08-20,HepatitisB,14.06,16:36:54,2,8,214.93
2026-08-20,HepatitisB,4.38,16:37:24,2,8,0.0
2026-08-20,HepatitisB,7.04,16:37:54,2,8,0.0
2026-08-20,HepatitisB,4.81,16:38:24,2,8,0.0
2026-08-20,HepatitisB,12.01,16:38:54,2,8,214.98
2026-08-20,HepatitisB,16.78,16:39:24,2,8,214.99
2026-08-20,HepatitisB,12.07,16:39:54,2,8,215.0
2026-08-20,HepatitisB,3.4,16:40:24,2,8,0.0
2026-08-20,HepatitisB,16.81,16:40:54,2,8,215.02
2026-08-20,HepatitisB,2.27,16:41:24,2,8,0.0
2026-08-20,HepatitisB,15.01,16:41:54,2,8,215.04
2026-08-20,HepatitisB,9.0,16:42:24,2,8,215.05
2026-08-20,HepatitisB,12.21,16:42:54,2,8,215.06
2026-08-20,HepatitisB,17.84,16:43:24,2,8,215.07
2026-08-20,HepatitisB,9.2,16:43:54,2,8,215.08
2026-08-20,HepatitisB,17.38,16:44:24,2,8,215.1
2026-08-20,HepatitisB,3.62,16:44:54,2,8,0.0
2026-08-20,HepatitisB,16.73,16:45:24,2,8,215.12
2026-08-20,HepatitisB,6.57,16:45:54,2,8,0.0
2026-08-20,HepatitisB,6.27,16:46:24,2,8,0.0
2026-08-20,HepatitisB,16.36,16:46:54,2,8,215.15
2026-08-20,HepatitisB,16.62,16:47:24,2,8,215.16
2026-08-20,HepatitisB,7.51,16:47:54,2,8,0.0
2026-08-20,HepatitisB,10.38,16:48:24,2,8,215.18
2026-08-20,HepatitisB,6.29,16:48:54,2,8,0.0
2026-08-20,HepatitisB,4.93,16:49:24,2,8,0.0
2026-08-20,HepatitisB,13.88,16:49:54,2,8,215.22
2026-08-20,HepatitisB,6.86,16:50:24,2,8,0.0
2026-08-20,HepatitisB,11.65,16:50:54,2,8,215.24
2026-08-20,HepatitisB,7.92,16:51:24,2,8,0.0
2026-08-20,HepatitisB,17.71,16:51:54,2,8,215.26
2026-08-20,HepatitisB,7.65,16:52:24,2,8,0.0
2026-08-20,HepatitisB,13.59,16:52:54,2,8,215.28
2026-08-20,HepatitisB,5.47,16:53:24,2,8,0.0
2026-08-20,HepatitisB,11.33,16:53:54,2,8,215.3
2026-08-20,HepatitisB,15.76,16:54:24,2,8,215.31
2026-08-20,HepatitisB,4.08,16:54:54,2,8,0.0
2026-08-20,HepatitisB,10.74,16:55:24,2,8,215.33
2026-08-20,HepatitisB,14.36,16:55:54,2,8,215.35
2026-08-20,HepatitisB,10.34,16:56:24,2,8,215.36
2026-08-20,HepatitisB,5.44,16:56:54,2,8,0.0
2026-08-20,HepatitisB,14.95,16:57:24,2,8,215.38
2026-08-20,HepatitisB,10.98,16:57:54,2,8,215.39
2026-08-20,HepatitisB,6.83,16:58:24,2,8,0.0
2026-08-20,HepatitisB,10.89,16:58:54,2,8,215.41
2026-08-20,HepatitisB,13.39,16:59:24,2,8,215.42
2026-08-20,HepatitisB,2.64,16:59:54,2,8,0.0
2026-08-20,HepatitisB,9.75,17:00:24,2,8,215.44
2026-08-20,HepatitisB,4.32,17:00:54,2,8,0.0
2026-08-20,HepatitisB,3.42,17:01:24,2,8,0.0
2026-08-20,HepatitisB,13.31,17:01:54,2,8,215.47
2026-08-20,HepatitisB,17.93,17:02:24,2,8,215.49
2026-08-20,HepatitisB,16.77,17:02:54,2,8,215.5
2026-08-20,HepatitisB,13.09,17:03:24,2,8,215.51
2026-08-20,HepatitisB,17.9,17:03:54,2,8,215.52
2026-08-20,HepatitisB,17.46,17:04:24,2,8,215.53
2026-08-20,HepatitisB,9.71,17:04:54,2,8,215.54
2026-08-20,HepatitisB,12.0,17:05:24,2,8,215.55
2026-08-20,HepatitisB,4.87,17:05:54,2,8,0.0
2026-08-20,HepatitisB,6.69,17:06:24,2,8,0.0
2026-08-20,HepatitisB,17.9,17:06:54,2,8,215.58
2026-08-20,HepatitisB,2.53,17:07:24,2,8,0.0
2026-08-20,HepatitisB,16.58,17:07:54,2,8,215.6
2026-08-20,HepatitisB,13.02,17:08:24,2,8,215.62
2026-08-20,HepatitisB,3.81,17:08:54,2,8,0.0
2026-08-20,HepatitisB,10.12,17:09:24,2,8,215.64
2026-08-20,HepatitisB,11.69,17:09:54,2,8,215.65
2026-08-20,HepatitisB,4.49,17:10:24,2,8,0.0
2026-08-20,HepatitisB,17.27,17:10:54,2,8,215.67
2026-08-20,HepatitisB,13.01,17:11:24,2,8,215.68
2026-08-20,HepatitisB,9.11,17:11:54,2,8,215.69
2026-08-20,HepatitisB,2.47,17:12:24,2,8,0.0
2026-08-20,HepatitisB,5.73,17:12:54,2,8,0.0
2026-08-20,HepatitisB,14.62,17:13:24,2,8,215.72
2026-08-20,HepatitisB,4.17,17:13:54,2,8,0.0
2026-08-20,HepatitisB,13.42,17:14:24,2,8,215.75
2026-08-20,HepatitisB,17.7,17:14:54,2,8,215.76
2026-08-20,HepatitisB,5.64,17:15:24,2,8,0.0
2026-08-20,HepatitisB,3.23,17:15:54,2,8,0.0
2026-08-20,HepatitisB,10.76,17:16:24,2,8,215.79
2026-08-20,HepatitisB,15.18,17:16:54,2,8,215.8
2026-08-20,HepatitisB,9.42,17:17:24,2,8,215.81
2026-08-20,HepatitisB,3.58,17:17:54,2,8,0.0
2026-08-20,HepatitisB,4.12,17:18:24,2,8,0.0
2026-08-20,HepatitisB,16.82,17:18:54,2,8,215.84
2026-08-20,HepatitisB,11.15,17:19:24,2,8,215.85
2026-08-20,HepatitisB,9.68,17:19:54,2,8,215.87
2026-08-20,HepatitisB,4.09,17:20:24,2,8,0.0
2026-08-20,HepatitisB,12.83,17:20:54,2,8,215.89
2026-08-20,HepatitisB,10.61,17:21:24,2,8,215.9
2026-08-20,HepatitisB,2.83,17:21:54,2,8,0.0
2026-08-20,HepatitisB,3.52,17:22:24,2,8,0.0
2026-08-20,HepatitisB,5.14,17:22:54,2,8,0.0
2026-08-20,HepatitisB,16.76,17:23:24,2,8,215.94
2026-08-20,HepatitisB,3.42,17:23:54,2,8,0.0
2026-08-20,HepatitisB,14.25,17:24:24,2,8,215.96
2026-08-20,HepatitisB,13.97,17:24:54,2,8,215.97
2026-08-20,HepatitisB,10.76,17:25:24,2,8,215.98
2026-08-20,HepatitisB,3.16,17:25:54,2,8,0.0
2026-08-20,HepatitisB,9.65,17:26:24,2,8,216.01
2026-08-20,HepatitisB,6.16,17:26:54,2,8,0.0
2026-08-20,HepatitisB,9.67,17:27:24,2,8,216.03
2026-08-20,HepatitisB,13.79,17:27:54,2,8,216.04
2026-08-20,HepatitisB,3.24,17:28:24,2,8,0.0
2026-08-20,HepatitisB,12.33,17:28:54,2,8,216.06
2026-08-20,HepatitisB,3.09,17:29:24,2,8,0.0
2026-08-20,HepatitisB,16.46,17:29:54,2,8,216.08
2026-08-20,HepatitisB,10.43,17:30:24,2,8,216.09
2026-08-20,HepatitisB,12.85,17:30:54,2,8,216.1
2026-08-20,HepatitisB,15.63,17:31:24,2,8,216.11
2026-08-20,HepatitisB,17.04,17:31:54,2,8,216.12
2026-08-20,HepatitisB,5.55,17:32:24,2,8,0.0
2026-08-20,HepatitisB,5.17,17:32:54,2,8,0.0
2026-08-20,HepatitisB,14.81,17:33:24,2,8,216.16
2026-08-20,HepatitisB,14.97,17:33:54,2,8,216.17
2026-08-20,HepatitisB,5.29,17:34:24,2,8,0.0
2026-08-20,HepatitisB,10.28,17:34:54,2,8,216.19
2026-08-20,HepatitisB,9.7,17:35:24,2,8,216.2
2026-08-20,HepatitisB,14.0,17:35:54,2,8,216.21
2026-08-20,HepatitisB,11.95,17:36:24,2,8,216.22
2026-08-20,HepatitisB,10.49,17:36:54,2,8,216.23
2026-08-20,HepatitisB,15.94,17:37:24,2,8,216.24
2026-08-20,HepatitisB,12.32,17:37:54,2,8,216.25
2026-08-20,HepatitisB,2.57,17:38:24,2,8,0.0
2026-08-20,HepatitisB,3.07,17:38:54,2,8,0.0
2026-08-20,HepatitisB,12.24,17:39:24,2,8,216.29
2026-08-20,HepatitisB,14.2,17:39:54,2,8,216.3
2026-08-20,HepatitisB,3.7,17:40:24,2,8,0.0
2026-08-20,HepatitisB,11.84,17:40:54,2,8,216.32
2026-08-20,HepatitisB,16.61,17:41:24,2,8,216.33
2026-08-20,HepatitisB,13.94,17:41:54,2,8,216.34
2026-08-20,HepatitisB,5.07,17:42:24,2,8,0.0
2026-08-20,HepatitisB,14.74,17:42:54,2,8,216.36
2026-08-20,HepatitisB,2.2,17:43:24,2,8,0.0
2026-08-20,HepatitisB,14.02,17:43:54,2,8,216.38
2026-08-20,HepatitisB,10.27,17:44:24,2,8,216.4
2026-08-20,HepatitisB,17.23,17:44:54,2,8,216.41
2026-08-20,HepatitisB,16.14,17:45:24,2,8,216.42
2026-08-20,HepatitisB,15.33,17:45:54,2,8,216.43
2026-08-20,HepatitisB,10.79,17:46:24,2,8,216.44
2026-08-20,HepatitisB,11.7,17:46:54,2,8,216.45
2026-08-20,HepatitisB,17.87,17:47:24,2,8,216.46
2026-08-20,HepatitisB,9.99,17:47:54,2,8,216.47
2026-08-20,HepatitisB,17.22,17:48:24,2,8,216.48
2026-08-20,HepatitisB,13.78,17:48:54,2,8,216.49
2026-08-20,HepatitisB,7.08,17:49:24,2,8,0.0
2026-08-20,HepatitisB,6.93,17:49:54,2,8,0.0
2026-08-20,HepatitisB,5.12,17:50:24,2,8,0.0
2026-08-20,HepatitisB,3.15,17:50:54,2,8,0.0
2026-08-20,HepatitisB,2.62,17:51:24,2,8,0.0
2026-08-20,HepatitisB,17.3,17:51:54,2,8,216.56
2026-08-20,HepatitisB,5.83,17:52:24,2,8,0.0
2026-08-20,HepatitisB,7.2,17:52:54,2,8,0.0
2026-08-20,HepatitisB,10.51,17:53:24,2,8,216.59
2026-08-20,HepatitisB,17.83,17:53:54,2,8,216.6
2026-08-20,HepatitisB,2.47,17:54:24,2,8,0.0
2026-08-20,HepatitisB,13.56,17:54:54,2,8,216.62
2026-08-20,HepatitisB,16.5,17:55:24,2,8,216.63
2026-08-20,HepatitisB,5.79,17:55:54,2,8,0.0
2026-08-20,HepatitisB,5.86,17:56:24,2,8,0.0
