Date,MedicineName,Temperature,Timestamp,OptimalMin,OptimalMax,PotencyLoss
2026-08-20,Humira,12.78,19:16:55,2,8,0.0
2026-08-20,Humira,3.15,19:17:25,2,8,0.0
2026-08-20,Humira,11.6,19:17:55,2,8,0.02
2026-08-20,Humira,15.12,19:18:25,2,8,0.03
2026-08-20,Humira,11.01,19:18:55,2,8,0.04
2026-08-20,Humira,14.62,19:19:25,2,8,0.05
2026-08-20,Humira,11.1,19:19:55,2,8,0.07
2026-08-20,Humira,10.49,19:20:25,2,8,0.08
2026-08-20,Humira,12.06,19:20:55,2,8,0.09
2026-08-20,Humira,16.2,19:21:25,2,8,0.1
2026-08-20,Humira,11.39,19:21:55,2,8,0.11
2026-08-20,Humira,15.55,19:22:25,2,8,0.12
2026-08-20,Humira,4.04,19:22:55,2,8,0.0
2026-08-20,Humira,12.39,19:23:25,2,8,0.14
2026-08-20,Humira,10.43,19:23:55,2,8,0.15
2026-08-20,Humira,15.11,19:24:25,2,8,0.16
2026-08-20,Humira,11.38,19:24:55,2,8,0.17
2026-08-20,Humira,7.68,19:25:25,2,8,0.0
2026-08-20,Humira,12.05,19:25:55,2,8,0.2
2026-08-20,Humira,13.03,19:26:25,2,8,0.21
2026-08-20,Humira,17.48,19:26:55,2,8,0.22
2026-08-20,Humira,17.71,19:27:25,2,8,0.23
2026-08-20,Humira,11.57,19:27:55,2,8,0.24
2026-08-20,Humira,11.86,19:28:25,2,8,0.25
2026-08-20,Humira,5.56,19:28:55,2,8,0.0
2026-08-20,Humira,6.85,19:29:25,2,8,0.0
2026-08-20,Humira,16.43,19:29:55,2,8,0.28
2026-08-20,Humira,16.97,19:30:25,2,8,0.29
2026-08-20,Humira,11.46,19:30:55,2,8,0.3
2026-08-20,Humira,9.52,19:31:25,2,8,0.31
2026-08-20,Humira,9.82,19:31:55,2,8,0.33
2026-08-20,Humira,13.87,19:32:25,2,8,0.34
2026-08-20,Humira,16.64,19:32:55,2,8,0.35
2026-08-20,Humira,13.6,19:33:25,2,8,0.36
2026-08-20,Humira,3.2,19:33:55,2,8,0.0
2026-08-20,Humira,15.31,19:34:25,2,8,0.38
2026-08-20,Humira,14.81,19:34:55,2,8,0.39
2026-08-20,Humira,10.51,19:35:25,2,8,0.4
2026-08-20,Humira,5.93,19:35:55,2,8,0.0
2026-08-20,Humira,17.63,19:36:25,2,8,0.42
2026-08-20,Humira,3.45,19:36:55,2,8,0.0
2026-08-20,Humira,15.51,19:37:25,2,8,0.44
2026-08-20,Humira,7.93,19:37:55,2,8,0.0
2026-08-20,Humira,17.54,19:38:25,2,8,0.47
2026-08-20,Humira,12.16,19:38:55,2,8,0.48
2026-08-20,Humira,17.47,19:39:25,2,8,0.49
2026-08-20,Humira,12.9,19:39:55,2,8,0.5
2026-08-20,Humira,11.01,19:40:25,2,8,0.51
2026-08-20,Humira,16.37,19:40:55,2,8,0.52
2026-08-20,Humira,3.47,19:41:25,2,8,0.0
2026-08-20,Humira,4.23,19:41:55,2,8,0.0
2026-08-20,Humira,9.58,19:42:25,2,8,0.55
2026-08-20,Humira,3.04,19:42:55,2,8,0.0
2026-08-20,Humira,11.77,19:43:25,2,8,0.57
2026-08-20,Humira,9.04,19:43:55,2,8,0.59
2026-08-20,Humira,10.53,19:44:25,2,8,0.6
2026-08-20,Humira,17.14,19:44:55,2,8,0.61
2026-08-20,Humira,10.51,19:45:25,2,8,0.62
2026-08-20,Humira,13.06,19:45:55,2,8,0.63
2026-08-20,Humira,4.48,19:46:25,2,8,0.0
2026-08-20,Humira,2.52,19:46:55,2,8,0.0
2026-08-20,Humira,16.52,19:47:25,2,8,0.66
2026-08-20,Humira,6.25,19:47:55,2,8,0.0
2026-08-20,Humira,13.13,19:48:25,2,8,0.68
2026-08-20,Humira,12.59,19:48:55,2,8,0.69
2026-08-20,Humira,5.12,19:49:25,2,8,0.0
2026-08-20,Humira,6.46,19:49:55,2,8,0.0
2026-08-20,Humira,17.27,19:50:25,2,8,0.73
2026-08-20,Humira,12.39,19:50:55,2,8,0.74
2026-08-20,Humira,2.38,19:51:25,2,8,0.0
2026-08-20,Humira,14.8,19:51:55,2,8,0.76
2026-08-20,Humira,4.02,19:52:25,2,8,0.0
2026-08-20,Humira,16.87,19:52:55,2,8,0.78
2026-08-20,Humira,17.73,19:53:25,2,8,0.79
2026-08-20,Humira,10.05,19:53:55,2,8,0.8
2026-08-20,Humira,2.88,19:54:25,2,8,0.0
2026-08-20,Humira,17.2,19:54:55,2,8,0.82
2026-08-20,Humira,17.19,19:55:25,2,8,0.83
2026-08-20,Humira,15.41,19:55:55,2,8,0.85
2026-08-20,Humira,15.9,19:56:25,2,8,0.86
2026-08-20,Humira,5.08,19:56:55,2,8,0.0
2026-08-20,Humira,17.34,19:57:25,2,8,0.88
2026-08-20,Humira,11.8,19:57:55,2,8,0.89
2026-08-20,Humira,15.34,19:58:25,2,8,0.9
2026-08-20,Humira,11.97,19:58:55,2,8,0.91
2026-08-20,Humira,13.5,19:59:25,2,8,0.92
2026-08-20,Humira,16.89,19:59:55,2,8,0.93
2026-08-20,Humira,12.87,20:00:25,2,8,0.94
2026-08-20,Humira,16.09,20:00:55,2,8,0.95
2026-08-20,Humira,15.35,20:01:25,2,8,0.96
2026-08-20,Humira,6.82,20:01:55,2,8,0.0
2026-08-20,Humira,17.0,20:02:25,2,8,0.99
2026-08-20,Humira,3.82,20:02:55,2,8,0.0
2026-08-20,Humira,15.79,20:03:25,2,8,1.01
2026-08-20,Humira,3.89,20:03:55,2,8,0.0
2026-08-20,Humira,16.64,20:04:25,2,8,1.03
2026-08-20,Humira,13.18,20:04:55,2,8,1.04
2026-08-20,Humira,9.44,20:05:25,2,8,1.05
2026-08-20,Humira,3.86,20:05:55,2,8,0.0
2026-08-20,Humira,9.66,20:06:25,2,8,1.07
2026-08-20,Humira,5.21,20:06:55,2,8,0.0
2026-08-20,Humira,10.14,20:07:25,2,8,1.09
2026-08-20,Humira,3.29,20:07:55,2,8,0.0
2026-08-20,Humira,2.41,20:08:25,2,8,0.0
2026-08-20,Humira,2.01,20:08:55,2,8,0.0
2026-08-20,Humira,11.2,20:09:25,2,8,1.14
2026-08-20,Humira,9.93,20:09:55,2,8,1.15
2026-08-20,Humira,17.17,20:10:25,2,8,1.16
2026-08-20,Humira,17.29,20:10:55,2,8,1.17
2026-08-20,Humira,16.66,20:11:25,2,8,1.18
2026-08-20,Humira,11.91,20:11:55,2,8,1.19
2026-08-20,Humira,14.7,20:12:25,2,8,1.2
2026-08-20,Humira,12.27,20:12:55,2,8,1.21
2026-08-20,Humira,13.22,20:13:25,2,8,1.22
2026-08-20,Humira,13.3,20:13:55,2,8,1.23
2026-08-20,Humira,13.55,20:14:25,2,8,1.25
2026-08-20,Humira,10.0,20:14:55,2,8,1.26
2026-08-20,Humira,14.67,20:15:25,2,8,1.27
2026-08-20,Humira,11.23,20:15:55,2,8,1.28
2026-08-20,Humira,11.97,20:16:25,2,8,1.29
2026-08-20,Humira,13.29,20:16:55,2,8,1.3
2026-08-20,Humira,17.71,20:17:25,2,8,1.31
2026-08-20,Humira,13.87,20:17:55,2,8,1.32
2026-08-20,Humira,9.64,20:18:25,2,8,1.33
2026-08-20,Humira,9.2,20:18:55,2,8,1.34
2026-08-20,Humira,17.65,20:19:25,2,8,1.35
2026-08-20,Humira,17.18,20:19:55,2,8,1.37
2026-08-20,Humira,16.18,20:20:25,2,8,1.38
2026-08-20,Humira,4.81,20:20:55,2,8,0.0
2026-08-20,Humira,9.15,20:21:25,2,8,1.4
2026-08-20,Humira,6.44,20:21:55,2,8,0.0
2026-08-20,Humira,9.15,20:22:25,2,8,1.42
2026-08-20,Humira,12.38,20:22:55,2,8,1.43
2026-08-20,Humira,12.04,20:23:25,2,8,1.44
2026-08-20,Humira,12.23,20:23:55,2,8,1.45
2026-08-20,Humira,15.85,20:24:25,2,8,1.46
2026-08-20,Humira,9.95,20:24:55,2,8,1.47
2026-08-20,Humira,16.84,20:25:25,2,8,1.48
2026-08-20,Humira,13.68,20:25:55,2,8,1.49
2026-08-20,Humira,15.2,20:26:25,2,8,1.51
2026-08-20,Humira,2.49,20:26:55,2,8,0.0
2026-08-20,Humira,5.29,20:27:25,2,8,0.0
2026-08-20,Humira,9.28,20:27:55,2,8,1.54
2026-08-20,Humira,2.81,20:28:25,2,8,0.0
2026-08-20,Humira,14.2,20:28:55,2,8,1.56
2026-08-20,Humira,11.79,20:29:25,2,8,1.57
2026-08-20,Humira,15.57,20:29:55,2,8,1.58
2026-08-20,Humira,12.34,20:30:25,2,8,1.59
2026-08-20,Humira,4.56,20:30:55,2,8,0.0
2026-08-20,Humira,10.65,20:31:25,2,8,1.61
2026-08-20,Humira,16.11,20:31:55,2,8,1.62
2026-08-20,Humira,15.95,20:32:25,2,8,1.64
2026-08-20,Humira,9.06,20:32:55,2,8,1.65
2026-08-20,Humira,13.4,20:33:25,2,8,1.66
2026-08-20,Humira,12.12,20:33:55,2,8,1.67
2026-08-20,Humira,7.43,20:34:25,2,8,0.0
2026-08-20,Humira,14.07,20:34:55,2,8,1.69
2026-08-20,Humira,17.09,20:35:25,2,8,1.7
2026-08-20,Humira,11.09,20:35:55,2,8,1.71
2026-08-20,Humira,14.22,20:36:25,2,8,1.72
2026-08-20,Humira,11.43,20:36:55,2,8,1.73
2026-08-20,Humira,14.58,20:37:25,2,8,1.74
2026-08-20,Humira,13.54,20:37:55,2,8,1.76
2026-08-20,Humira,15.75,20:38:25,2,8,1.77
2026-08-20,Humira,12.84,20:38:55,2,8,1.78
2026-08-20,Humira,15.63,20:39:25,2,8,1.79
2026-08-20,Humira,16.71,20:39:55,2,8,1.8
2026-08-20,Humira,6.89,20:40:25,2,8,0.0
2026-08-20,Humira,9.72,20:40:55,2,8,1.82
2026-08-20,Humira,13.22,20:41:25,2,8,1.83
2026-08-20,Humira,14.21,20:41:55,2,8,1.84
2026-08-20,Humira,2.22,20:42:25,2,8,0.0
2026-08-20,Humira,9.4,20:42:55,2,8,1.86
2026-08-20,Humira,14.08,20:43:25,2,8,1.87
2026-08-20,Humira,10.84,20:43:55,2,8,1.89
2026-08-20,Humira,2.97,20:44:25,2,8,0.0
2026-08-20,Humira,10.38,20:44:55,2,8,1.91
2026-08-20,Humira,12.88,20:45:25,2,8,1.92
2026-08-20,Humira,11.56,20:45:55,2,8,1.93
2026-08-20,Humira,11.15,20:46:25,2,8,1.94
2026-08-20,Humira,17.53,20:46:55,2,8,1.95
2026-08-20,Humira,15.49,20:47:25,2,8,1.96
2026-08-20,Humira,3.81,20:47:55,2,8,0.0
2026-08-20,Humira,14.18,20:48:25,2,8,1.98
2026-08-20,Humira,15.72,20:48:55,2,8,1.99
2026-08-20,Humira,9.61,20:49:25,2,8,2.0
2026-08-20,Humira,16.51,20:49:55,2,8,2.02
2026-08-20,Humira,17.76,20:50:25,2,8,2.03
2026-08-20,Humira,11.93,20:50:55,2,8,2.04
2026-08-20,Humira,11.15,20:51:25,2,8,2.05
2026-08-20,Humira,4.11,20:51:55,2,8,0.0
2026-08-20,Humira,10.13,20:52:25,2,8,2.07
2026-08-20,Humira,10.81,20:52:55,2,8,2.08
2026-08-20,Humira,11.44,20:53:25,2,8,2.09
2026-08-20,Humira,17.09,20:53:55,2,8,2.1
2026-08-20,Humira,16.19,20:54:25,2,8,2.11
2026-08-20,Humira,10.23,20:54:55,2,8,2.12
2026-08-20,Humira,16.19,20:55:25,2,8,2.13
2026-08-20,Humira,10.44,20:55:55,2,8,2.15
2026-08-20,Humira,3.03,20:56:25,2,8,0.0
2026-08-20,Humira,9.85,20:56:55,2,8,2.17
2026-08-20,Humira,2.73,20:57:25,2,8,0.0
2026-08-20,Humira,17.65,20:57:55,2,8,2.19
2026-08-20,Humira,7.69,20:58:25,2,8,0.0
2026-08-20,Humira,16.37,20:58:55,2,8,2.21
2026-08-20,Humira,7.12,20:59:25,2,8,0.0
2026-08-20,Humira,15.59,20:59:55,2,8,2.23
2026-08-20,Humira,4.1,21:00:25,2,8,0.0
2026-08-20,Humira,15.47,21:00:55,2,8,2.25
2026-08-20,Humira,3.56,21:01:25,2,8,0.0
2026-08-20,Humira,17.47,21:01:55,2,8,2.27
2026-08-20,Humira,4.09,21:02:25,2,8,0.0
2026-08-20,Humira,11.18,21:02:55,2,8,2.3
2026-08-20,Humira,9.25,21:03:25,2,8,2.31
2026-08-20,Humira,17.57,21:03:55,2,8,2.32
2026-08-20,Humira,15.42,21:04:25,2,8,2.33
2026-08-20,Humira,15.36,21:04:55,2,8,2.34
2026-08-20,Humira,13.95,21:05:25,2,8,2.35
2026-08-20,Humira,5.69,21:05:55,2,8,0.0
2026-08-20,Humira,9.01,21:06:25,2,8,2.37
2026-08-20,Humira,13.15,21:06:55,2,8,2.38
2026-08-20,Humira,13.46,21:07:25,2,8,2.39
2026-08-20,Humira,12.5,21:07:55,2,8,2.41
2026-08-20,Humira,14.33,21:08:25,2,8,2.42
2026-08-20,Humira,16.4,21:08:55,2,8,2.43
2026-08-20,Humira,4.89,21:09:25,2,8,0.0
2026-08-20,Humira,10.91,21:09:55,2,8,2.45
2026-08-20,Humira,7.7,21:10:25,2,8,0.0
2026-08-20,Humira,10.18,21:10:55,2,8,2.47
2026-08-20,Humira,14.96,21:11:25,2,8,2.48
2026-08-20,Humira,15.4,21:11:55,2,8,2.49
2026-08-20,Humira,11.99,21:12:25,2,8,2.5
2026-08-20,Humira,11.46,21:12:55,2,8,2.51
2026-08-20,Humira,16.54,21:13:25,2,8,2.52
2026-08-20,Humira,9.3,21:13:55,2,8,2.54
2026-08-20,Humira,9.06,21:14:25,2,8,2.55
2026-08-20,Humira,4.81,21:14:55,2,8,0.0
2026-08-20,Humira,13.9,21:15:25,2,8,2.57
2026-08-20,Humira,9.09,21:15:55,2,8,2.58
2026-08-20,Humira,12.42,21:16:25,2,8,2.59
2026-08-20,Humira,12.79,21:16:55,2,8,2.6
2026-08-20,Humira,15.55,21:17:25,2,8,2.61
2026-08-20,Humira,13.46,21:17:55,2,8,2.62
2026-08-20,Humira,15.79,21:18:25,2,8,2.63
2026-08-20,Humira,10.09,21:18:55,2,8,2.64
2026-08-20,Humira,2.78,21:19:25,2,8,0.0
2026-08-20,Humira,11.14,21:19:55,2,8,2.67
2026-08-20,Humira,10.14,21:20:25,2,8,2.68
2026-08-20,Humira,13.29,21:20:55,2,8,2.69
2026-08-20,Humira,17.67,21:21:25,2,8,2.7
2026-08-20,Humira,2.78,21:21:55,2,8,0.0
2026-08-20,Humira,14.16,21:22:25,2,8,2.72
2026-08-20,Humira,9.26,21:22:55,2,8,2.73
2026-08-20,Humira,9.36,21:23:25,2,8,2.74
2026-08-20,Humira,10.87,21:23:55,2,8,2.75
2026-08-20,Humira,10.7,21:24:25,2,8,2.76
2026-08-20,Humira,16.86,21:24:55,2,8,2.77
2026-08-20,Humira,17.18,21:25:25,2,8,2.78
2026-08-20,Humira,3.36,21:25:55,2,8,0.0
2026-08-20,Humira,9.7,21:26:25,2,8,2.81
2026-08-20,Humira,4.3,21:26:55,2,8,0.0
2026-08-20,Humira,12.01,21:27:25,2,8,2.83
2026-08-20,Humira,11.55,21:27:55,2,8,2.84
2026-08-20,Humira,14.66,21:28:25,2,8,2.85
2026-08-20,Humira,5.35,21:28:55,2,8,0.0
2026-08-20,Humira,13.36,21:29:25,2,8,2.87
2026-08-20,Humira,14.9,21:29:55,2,8,2.88
2026-08-20,Humira,7.25,21:30:25,2,8,0.0
2026-08-20,Humira,14.69,21:30:55,2,8,2.9
2026-08-20,Humira,13.66,21:31:25,2,8,2.91
2026-08-20,Humira,14.4,21:31:55,2,8,2.93
2026-08-20,Humira,4.22,21:32:25,2,8,0.0
2026-08-20,Humira,17.46,21:32:55,2,8,2.95
2026-08-20,Humira,16.98,21:33:25,2,8,2.96
2026-08-20,Humira,14.06,21:33:55,2,8,2.97
2026-08-20,Humira,12.33,21:34:25,2,8,2.98
2026-08-20,Humira,14.67,21:34:55,2,8,2.99
2026-08-20,Humira,9.37,21:35:25,2,8,3.0
2026-08-20,Humira,16.52,21:35:55,2,8,3.01
2026-08-20,Humira,6.8,21:36:25,2,8,0.0
2026-08-20,Humira,7.57,21:36:55,2,8,0.0
2026-08-20,Humira,14.86,21:37:25,2,8,3.04
2026-08-20,Humira,13.99,21:37:55,2,8,3.06
2026-08-20,Humira,10.27,21:38:25,2,8,3.07
2026-08-20,Humira,14.81,21:38:55,2,8,3.08
2026-08-20,Humira,13.68,21:39:25,2,8,3.09
2026-08-20,Humira,13.03,21:39:55,2,8,3.1
2026-08-20,Humira,14.27,21:40:25,2,8,3.11
2026-08-20,Humira,9.02,21:40:55,2,8,3.12
2026-08-20,Humira,10.8,21:41:25,2,8,3.13
2026-08-20,Humira,7.8,21:41:55,2,8,0.0
2026-08-20,Humira,14.68,21:42:25,2,8,3.15
2026-08-20,Humira,13.64,21:42:55,2,8,3.16
2026-08-20,Humira,11.5,21:43:25,2,8,3.17
2026-08-20,Humira,10.57,21:43:55,2,8,3.19
2026-08-20,Humira,17.87,21:44:25,2,8,3.2
2026-08-20,Humira,13.55,21:44:55,2,8,3.21
2026-08-20,Humira,17.47,21:45:25,2,8,3.22
2026-08-20,Humira,17.58,21:45:55,2,8,3.23
2026-08-20,Humira,15.25,21:46:25,2,8,3.24
2026-08-20,Humira,11.41,21:46:55,2,8,3.25
2026-08-20,Humira,12.18,21:47:25,2,8,3.26
2026-08-20,Humira,16.25,21:47:55,2,8,3.27
2026-08-20,Humira,11.61,21:48:25,2,8,3.28
2026-08-20,Humira,3.23,21:48:55,2,8,0.0
2026-08-20,Humira,15.77,21:49:25,2,8,3.3
2026-08-20,Humira,16.92,21:49:55,2,8,3.31
2026-08-20,Humira,16.05,21:50:25,2,8,3.33
2026-08-20,Humira,5.1,21:50:55,2,8,0.0
2026-08-20,Humira,7.33,21:51:25,2,8,0.0
2026-08-20,Humira,9.61,21:51:55,2,8,3.36
2026-08-20,Humira,11.04,21:52:25,2,8,3.37
2026-08-20,Humira,2.24,21:52:55,2,8,0.0
2026-08-20,Humira,2.94,21:53:25,2,8,0.0
2026-08-20,Humira,13.37,21:53:55,2,8,3.4
2026-08-20,Humira,12.62,21:54:25,2,8,3.41
2026-08-20,Humira,11.8,21:54:55,2,8,3.42
2026-08-20,Humira,9.2,21:55:25,2,8,3.43
2026-08-20,Humira,16.86,21:55:55,2,8,3.44
2026-08-20,Humira,17.39,21:56:25,2,8,3.46
2026-08-20,Humira,12.05,21:56:55,2,8,3.47
2026-08-20,Humira,15.11,21:57:25,2,8,3.48
2026-08-20,Humira,13.09,21:57:55,2,8,3.49
2026-08-20,Humira,4.62,21:58:25,2,8,0.0
2026-08-20,Humira,4.91,21:58:55,2,8,0.0
2026-08-20,Humira,17.01,21:59:25,2,8,3.52
2026-08-20,Humira,15.62,21:59:55,2,8,3.53
2026-08-20,Humira,9.69,22:00:25,2,8,3.54
2026-08-20,Humira,13.59,22:00:55,2,8,3.55
2026-08-20,Humira,9.61,22:01:25,2,8,3.56
2026-08-20,Humira,15.48,22:01:55,2,8,3.58
2026-08-20,Humira,14.97,22:02:25,2,8,3.59
2026-08-20,Humira,17.39,22:02:55,2,8,3.6
2026-08-20,Humira,12.05,22:03:25,2,8,3.61
2026-08-20,Humira,11.97,22:03:55,2,8,3.62
2026-08-20,Humira,13.3,22:04:25,2,8,3.63
2026-08-20,Humira,12.82,22:04:55,2,8,3.64
2026-08-20,Humira,14.01,22:05:25,2,8,3.65
2026-08-20,Humira,13.4,22:05:55,2,8,3.66
2026-08-20,Humira,11.88,22:06:25,2,8,3.67
2026-08-20,Humira,16.75,22:06:55,2,8,3.68
2026-08-20,Humira,10.32,22:07:25,2,8,3.69
2026-08-20,Humira,12.29,22:07:55,2,8,3.71
2026-08-20,Humira,13.11,22:08:25,2,8,3.72
2026-08-20,Humira,9.42,22:08:55,2,8,3.73
2026-08-20,Humira,3.88,22:09:25,2,8,0.0
2026-08-20,Humira,10.48,22:09:55,2,8,3.75
2026-08-20,Humira,3.32,22:10:25,2,8,0.0
2026-08-20,Humira,9.03,22:10:55,2,8,3.77
2026-08-20,Humira,2.91,22:11:25,2,8,0.0
2026-08-20,Humira,13.67,22:11:55,2,8,3.79
2026-08-20,Humira,12.44,22:12:25,2,8,3.8
2026-08-20,Humira,9.17,22:12:55,2,8,3.81
2026-08-20,Humira,15.38,22:13:25,2,8,3.82
2026-08-20,Humira,9.34,22:13:55,2,8,3.84
2026-08-20,Humira,14.12,22:14:25,2,8,3.85
2026-08-20,Humira,12.05,22:14:55,2,8,3.86
2026-08-20,Humira,4.77,22:15:25,2,8,0.0
2026-08-20,Humira,6.63,22:15:55,2,8,0.0
2026-08-20,Humira,10.27,22:16:25,2,8,3.89
2026-08-20,Humira,9.01,22:16:55,2,8,3.9
2026-08-20,Humira,2.36,22:17:25,2,8,0.0
2026-08-20,Humira,10.63,22:17:55,2,8,3.92
2026-08-20,Humira,9.28,22:18:25,2,8,3.93
2026-08-20,Humira,10.13,22:18:55,2,8,3.94
2026-08-20,Humira,10.19,22:19:25,2,8,3.95
2026-08-20,Humira,9.65,22:19:55,2,8,3.96
2026-08-20,Humira,3.79,22:20:25,2,8,0.0
2026-08-20,Humira,4.82,22:20:55,2,8,0.0
2026-08-20,Humira,13.46,22:21:25,2,8,4.0
2026-08-20,Humira,10.53,22:21:55,2,8,4.01
2026-08-20,Humira,13.11,22:22:25,2,8,4.02
2026-08-20,Humira,12.18,22:22:55,2,8,4.03
2026-08-20,Humira,11.2,22:23:25,2,8,4.04
2026-08-20,Humira,13.76,22:23:55,2,8,4.05
2026-08-20,Humira,15.17,22:24:25,2,8,4.06
2026-08-20,Humira,15.9,22:24:55,2,8,4.07
2026-08-20,Humira,10.1,22:25:25,2,8,4.08
2026-08-20,Humira,11.38,22:25:55,2,8,4.09
2026-08-20,Humira,14.18,22:26:25,2,8,4.11
2026-08-20,Humira,15.38,22:26:55,2,8,4.12
2026-08-20,Humira,2.98,22:27:25,2,8,0.0
2026-08-20,Humira,5.92,22:27:55,2,8,0.0
2026-08-20,Humira,13.41,22:28:25,2,8,4.15
2026-08-20,Humira,17.65,22:28:55,2,8,4.16
2026-08-20,Humira,17.66,22:29:25,2,8,4.17
2026-08-20,Humira,7.6,22:29:55,2,8,0.0
2026-08-20,Humira,9.1,22:30:25,2,8,4.19
2026-08-20,Humira,10.22,22:30:55,2,8,4.2
2026-08-20,Humira,14.85,22:31:25,2,8,4.21
2026-08-20,Humira,13.18,22:31:55,2,8,4.23
2026-08-20,Humira,17.6,22:32:25,2,8,4.24
2026-08-20,Humira,11.25,22:32:55,2,8,4.25
2026-08-20,Humira,3.98,22:33:25,2,8,0.0
2026-08-20,Humira,12.57,22:33:55,2,8,4.27
2026-08-20,Humira,12.44,22:34:25,2,8,4.28
2026-08-20,Humira,14.61,22:34:55,2,8,4.29
2026-08-20,Humira,14.79,22:35:25,2,8,4.3
2026-08-20,Humira,15.09,22:35:55,2,8,4.31
2026-08-20,Humira,6.81,22:36:25,2,8,0.0
2026-08-20,Humira,5.12,22:36:55,2,8,0.0
2026-08-20,Humira,13.69,22:37:25,2,8,4.34
2026-08-20,Humira,16.57,22:37:55,2,8,4.36
2026-08-20,Humira,12.87,22:38:25,2,8,4.37
2026-08-20,Humira,17.53,22:38:55,2,8,4.38
2026-08-20,Humira,14.31,22:39:25,2,8,4.39
2026-08-20,Humira,12.37,22:39:55,2,8,4.4
2026-08-20,Humira,12.67,22:40:25,2,8,4.41
2026-08-20,Humira,9.31,22:40:55,2,8,4.42
2026-08-20,Humira,15.38,22:41:25,2,8,4.43
2026-08-20,Humira,16.55,22:41:55,2,8,4.44
2026-08-20,Humira,5.59,22:42:25,2,8,0.0
2026-08-20,Humira,5.22,22:42:55,2,8,0.0
2026-08-20,Humira,6.82,22:43:25,2,8,0.0
2026-08-20,Humira,16.79,22:43:55,2,8,4.49
2026-08-20,Humira,15.24,22:44:25,2,8,4.5
2026-08-20,Humira,9.93,22:44:55,2,8,4.51
2026-08-20,Humira,15.43,22:45:25,2,8,4.52
2026-08-20,Humira,3.89,22:45:55,2,8,0.0
2026-08-20,Humira,16.12,22:46:25,2,8,4.54
2026-08-20,Humira,11.51,22:46:55,2,8,4.55
2026-08-20,Humira,6.52,22:47:25,2,8,0.0
2026-08-20,Humira,14.49,22:47:55,2,8,4.57
2026-08-20,Humira,10.89,22:48:25,2,8,4.58
2026-08-20,Humira,9.83,22:48:55,2,8,4.59
2026-08-20,Humira,17.55,22:49:25,2,8,4.6
2026-08-20,Humira,16.53,22:49:55,2,8,4.62
2026-08-20,Humira,5.26,22:50:25,2,8,0.0
2026-08-20,Humira,5.1,22:50:55,2,8,0.0
2026-08-20,Humira,4.99,22:51:25,2,8,0.0
2026-08-20,Humira,17.88,22:51:55,2,8,4.66
2026-08-20,Humira,6.72,22:52:25,2,8,0.0
2026-08-20,Humira,13.04,22:52:55,2,8,4.68
2026-08-20,Humira,9.19,22:53:25,2,8,4.69
2026-08-20,Humira,17.93,22:53:55,2,8,4.7
2026-08-20,Humira,16.23,22:54:25,2,8,4.71
2026-08-20,Humira,16.15,22:54:55,2,8,4.72
2026-08-20,Humira,15.18,22:55:25,2,8,4.73
2026-08-20,Humira,10.85,22:55:55,2,8,4.75
2026-08-20,Humira,2.88,22:56:25,2,8,0.0
2026-08-20,Humira,12.09,22:56:55,2,8,4.77
2026-08-20,Humira,9.42,22:57:25,2,8,4.78
2026-08-20,Humira,15.76,22:57:55,2,8,4.79
2026-08-20,Humira,16.14,22:58:25,2,8,4.8
2026-08-20,Humira,11.25,22:58:55,2,8,4.81
2026-08-20,Humira,12.67,22:59:25,2,8,4.82
2026-08-20,Humira,16.86,22:59:55,2,8,4.83
2026-08-20,Humira,14.95,23:00:25,2,8,4.84
2026-08-20,Humira,13.01,23:00:55,2,8,4.85
2026-08-20,Humira,9.65,23:01:25,2,8,4.86
2026-08-20,Humira,11.44,23:01:55,2,8,4.88
2026-08-20,Humira,13.97,23:02:25,2,8,4.89
2026-08-20,Humira,12.05,23:02:55,2,8,4.9
2026-08-20,Humira,7.77,23:03:25,2,8,0.0
2026-08-20,Humira,5.48,23:03:55,2,8,0.0
2026-08-20,Humira,16.04,23:04:25,2,8,4.93
2026-08-20,Humira,14.56,23:04:55,2,8,4.94
2026-08-20,Humira,11.46,23:05:25,2,8,4.95
2026-08-20,Humira,15.48,23:05:55,2,8,4.96
2026-08-20,Humira,16.84,23:06:25,2,8,4.97
2026-08-20,Humira,2.2,23:06:55,2,8,0.0
2026-08-20,Humira,13.7,23:07:25,2,8,4.99
2026-08-20,Humira,17.23,23:07:55,2,8,5.0
2026-08-20,Humira,17.44,23:08:25,2,8,5.02
2026-08-20,Humira,9.2,23:08:55,2,8,5.03
2026-08-20,Humira,2.77,23:09:25,2,8,0.0
2026-08-20,Humira,5.2,23:09:55,2,8,0.0
2026-08-20,Humira,4.11,23:10:25,2,8,0.0
2026-08-20,Humira,10.95,23:10:55,2,8,5.07
2026-08-20,Humira,14.51,23:11:25,2,8,5.08
2026-08-20,Humira,10.81,23:11:55,2,8,5.09
2026-08-20,Humira,2.95,23:12:25,2,8,0.0
2026-08-20,Humira,13.04,23:12:55,2,8,5.11
2026-08-20,Humira,2.09,23:13:25,2,8,0.0
2026-08-20,Humira,3.01,23:13:55,2,8,0.0
2026-08-20,Humira,17.34,23:14:25,2,8,5.15
2026-08-20,Humira,10.2,23:14:55,2,8,5.16
2026-08-20,Humira,14.03,23:15:25,2,8,5.17
2026-08-20,Humira,11.72,23:15:55,2,8,5.18
2026-08-20,Humira,16.4,23:16:25,2,8,5.19
2026-08-20,Humira,9.26,23:16:55,2,8,5.2
2026-08-20,Humira,5.26,23:17:25,2,8,0.0
2026-08-20,Humira,10.37,23:17:55,2,8,5.22
2026-08-20,Humira,13.29,23:18:25,2,8,5.23
2026-08-20,Humira,15.3,23:18:55,2,8,5.24
2026-08-20,Humira,16.05,23:19:25,2,8,5.25
2026-08-20,Humira,17.4,23:19:55,2,8,5.26
2026-08-20,Humira,12.26,23:20:25,2,8,5.28
2026-08-20,Humira,11.77,23:20:55,2,8,5.29
2026-08-20,Humira,17.66,23:21:25,2,8,5.3
2026-08-20,Humira,7.51,23:21:55,2,8,0.0
2026-08-20,Humira,7.14,23:22:25,2,8,0.0
2026-08-20,Humira,17.2,23:22:55,2,8,5.33
2026-08-20,Humira,5.64,23:23:25,2,8,0.0
2026-08-20,Humira,10.61,23:23:55,2,8,5.35
2026-08-20,Humira,14.98,23:24:25,2,8,5.36
2026-08-20,Humira,17.67,23:24:55,2,8,5.37
2026-08-20,Humira,7.16,23:25:25,2,8,0.0
2026-08-20,Humira,14.38,23:25:55,2,8,5.4
2026-08-20,Humira,12.54,23:26:25,2,8,5.41
2026-08-20,Humira,5.59,23:26:55,2,8,0.0
2026-08-20,Humira,15.72,23:27:25,2,8,5.43
2026-08-20,Humira,13.86,23:27:55,2,8,5.44
2026-08-20,Humira,12.23,23:28:25,2,8,5.45
2026-08-20,Humira,14.52,23:28:55,2,8,5.46
2026-08-20,Humira,17.98,23:29:25,2,8,5.47
2026-08-20,Humira,5.54,23:29:55,2,8,0.0
2026-08-20,Humira,10.82,23:30:25,2,8,5.49
2026-08-20,Humira,4.12,23:30:55,2,8,0.0
2026-08-20,Humira,7.83,23:31:25,2,8,0.0
2026-08-20,Humira,11.78,23:31:55,2,8,5.53
2026-08-20,Humira,13.67,23:32:25,2,8,5.54
2026-08-20,Humira,12.71,23:32:55,2,8,5.55
2026-08-20,Humira,10.72,23:33:25,2,8,5.56
2026-08-20,Humira,11.51,23:33:55,2,8,5.57
2026-08-20,Humira,12.27,23:34:25,2,8,5.58
2026-08-20,Humira,6.49,23:34:55,2,8,0.0
2026-08-20,Humira,9.73,23:35:25,2,8,5.6
2026-08-20,Humira,5.79,23:35:55,2,8,0.0
2026-08-20,Humira,17.6,23:36:25,2,8,5.62
2026-08-20,Humira,17.19,23:36:55,2,8,5.63
2026-08-20,Humira,7.93,23:37:25,2,8,0.0
2026-08-20,Humira,13.42,23:37:55,2,8,5.65
2026-08-20,Humira,16.39,23:38:25,2,8,5.67
2026-08-20,Humira,2.61,23:38:55,2,8,0.0
2026-08-20,Humira,4.99,23:39:25,2,8,0.0
2026-08-20,Humira,15.28,23:39:55,2,8,5.7
2026-08-20,Humira,7.05,23:40:25,2,8,0.0
2026-08-20,Humira,9.01,23:40:55,2,8,5.72
2026-08-20,Humira,11.11,23:41:25,2,8,5.73
2026-08-20,Humira,11.1,23:41:55,2,8,5.74
2026-08-20,Humira,10.76,23:42:25,2,8,5.75
2026-08-20,Humira,2.65,23:42:55,2,8,0.0
2026-08-20,Humira,11.72,23:43:25,2,8,5.77
2026-08-20,Humira,13.01,23:43:55,2,8,5.79
2026-08-20,Humira,14.88,23:44:25,2,8,5.8
2026-08-20,Humira,11.4,23:44:55,2,8,5.81
2026-08-20,Humira,5.03,23:45:25,2,8,0.0
2026-08-20,Humira,15.58,23:45:55,2,8,5.83
2026-08-20,Humira,7.3,23:46:25,2,8,0.0
2026-08-20,Humira,2.56,23:46:55,2,8,0.0
2026-08-20,Humira,2.75,23:47:25,2,8,0.0
2026-08-20,Humira,15.39,23:47:55,2,8,5.87
2026-08-20,Humira,10.37,23:48:25,2,8,5.88
2026-08-20,Humira,3.13,23:48:55,2,8,0.0
2026-08-20,Humira,13.84,23:49:25,2,8,5.9
2026-08-20,Humira,7.23,23:49:55,2,8,0.0
2026-08-20,Humira,16.1,23:50:25,2,8,5.93
2026-08-20,Humira,16.96,23:50:55,2,8,5.94
2026-08-20,Humira,15.62,23:51:25,2,8,5.95
2026-08-20,Humira,14.05,23:51:55,2,8,5.96
2026-08-20,Humira,9.61,23:52:25,2,8,5.97
2026-08-20,Humira,11.22,23:52:55,2,8,5.98
2026-08-20,Humira,3.78,23:53:25,2,8,0.0
2026-08-20,Humira,14.49,23:53:55,2,8,6.0
2026-08-20,Humira,16.05,23:54:25,2,8,6.01
2026-08-20,Humira,16.67,23:54:55,2,8,6.02
2026-08-20,Humira,12.2,23:55:25,2,8,6.03
2026-08-20,Humira,13.71,23:55:55,2,8,6.05
2026-08-20,Humira,15.09,23:56:25,2,8,6.06
2026-08-20,Humira,11.37,23:56:55,2,8,6.07
2026-08-20,Humira,9.13,23:57:25,2,8,6.08
2026-08-20,Humira,15.01,23:57:55,2,8,6.09
2026-08-20,Humira,15.95,23:58:25,2,8,6.1
2026-08-20,Humira,4.42,23:58:55,2,8,0.0
2026-08-20,Humira,5.31,23:59:25,2,8,0.0
2026-08-20,Humira,15.8,23:59:55,2,8,6.13
2026-08-20,Humira,12.51,00:00:25,2,8,6.14
2026-08-20,Humira,12.05,00:00:55,2,8,6.15
2026-08-20,Humira,13.96,00:01:25,2,8,6.16
2026-08-20,Humira,15.22,00:01:55,2,8,6.17
2026-08-20,Humira,7.84,00:02:25,2,8,0.0
2026-08-20,Humira,17.07,00:02:55,2,8,6.2
2026-08-20,Humira,13.73,00:03:25,2,8,6.21
2026-08-20,Humira,14.36,00:03:55,2,8,6.22
2026-08-20,Humira,15.06,00:04:25,2,8,6.23
2026-08-20,Humira,14.53,00:04:55,2,8,6.24
2026-08-20,Humira,9.27,00:05:25,2,8,6.25
2026-08-20,Humira,16.28,00:05:55,2,8,6.26
2026-08-20,Humira,16.07,00:06:25,2,8,6.27
2026-08-20,Humira,5.6,00:06:55,2,8,0.0
2026-08-20,Humira,17.48,00:07:25,2,8,6.29
2026-08-20,Humira,9.58,00:07:55,2,8,6.3
2026-08-20,Humira,15.78,00:08:25,2,8,6.32
2026-08-20,Humira,13.32,00:08:55,2,8,6.33
2026-08-20,Humira,12.22,00:09:25,2,8,6.34
2026-08-20,Humira,10.79,00:09:55,2,8,6.35
2026-08-20,Humira,15.63,00:10:25,2,8,6.36
2026-08-20,Humira,16.09,00:10:55,2,8,6.37
2026-08-20,Humira,9.95,00:11:25,2,8,6.38
2026-08-20,Humira,13.01,00:11:55,2,8,6.39
2026-08-20,Humira,12.35,00:12:25,2,8,6.4
2026-08-20,Humira,2.26,00:12:55,2,8,0.0
2026-08-20,Humira,14.2,00:13:25,2,8,6.42
2026-08-20,Humira,4.77,00:13:55,2,8,0.0
2026-08-20,Humira,12.1,00:14:25,2,8,6.45
2026-08-20,Humira,15.62,00:14:55,2,8,6.46
2026-08-20,Humira,17.82,00:15:25,2,8,6.47
2026-08-20,Humira,17.57,00:15:55,2,8,6.48
2026-08-20,Humira,11.31,00:16:25,2,8,6.49
2026-08-20,Humira,11.67,00:16:55,2,8,6.5
2026-08-20,Humira,16.07,00:17:25,2,8,6.51
2026-08-20,Humira,7.62,00:17:55,2,8,0.0
2026-08-20,Humira,7.99,00:18:25,2,8,0.0
2026-08-20,Humira,13.76,00:18:55,2,8,6.54
2026-08-20,Humira,13.88,00:19:25,2,8,6.55
2026-08-20,Humira,10.48,00:19:55,2,8,6.57
2026-08-20,Humira,6.6,00:20:25,2,8,0.0
2026-08-20,Humira,16.51,00:20:55,2,8,6.59
2026-08-20,Humira,13.19,00:21:25,2,8,6.6
2026-08-20,Humira,17.65,00:21:55,2,8,6.61
2026-08-20,Humira,9.93,00:22:25,2,8,6.62
2026-08-20,Humira,10.86,00:22:55,2,8,6.63
2026-08-20,Humira,15.28,00:23:25,2,8,6.64
2026-08-20,Humira,17.88,00:23:55,2,8,6.65
2026-08-20,Humira,10.46,00:24:25,2,8,6.66
2026-08-20,Humira,17.72,00:24:55,2,8,6.67
2026-08-20,Humira,16.77,00:25:25,2,8,6.68
2026-08-20,Humira,15.17,00:25:55,2,8,6.7
2026-08-20,Humira,15.32,00:26:25,2,8,6.71
2026-08-20,Humira,12.42,00:26:55,2,8,6.72
2026-08-20,Humira,13.27,00:27:25,2,8,6.73
2026-08-20,Humira,12.8,00:27:55,2,8,6.74
2026-08-20,Humira,9.79,00:28:25,2,8,6.75
2026-08-20,Humira,7.94,00:28:55,2,8,0.0
2026-08-20,Humira,11.62,00:29:25,2,8,6.77
2026-08-20,Humira,7.41,00:29:55,2,8,0.0
2026-08-20,Humira,10.02,00:30:25,2,8,6.79
2026-08-20,Humira,17.91,00:30:55,2,8,6.8
2026-08-20,Humira,9.67,00:31:25,2,8,6.81
2026-08-20,Humira,14.88,00:31:55,2,8,6.83
2026-08-20,Humira,12.21,00:32:25,2,8,6.84
2026-08-20,Humira,6.8,00:32:55,2,8,0.0
2026-08-20,Humira,5.76,00:33:25,2,8,0.0
2026-08-20,Humira,10.83,00:33:55,2,8,6.87
2026-08-20,Humira,4.36,00:34:25,2,8,0.0
2026-08-20,Humira,12.77,00:34:55,2,8,6.89
2026-08-20,Humira,11.17,00:35:25,2,8,6.9
2026-08-20,Humira,16.98,00:35:55,2,8,6.91
2026-08-20,Humira,3.35,00:36:25,2,8,0.0
2026-08-20,Humira,2.92,00:36:55,2,8,0.0
2026-08-20,Humira,15.46,00:37:25,2,8,6.94
2026-08-20,Humira,10.9,00:37:55,2,8,6.96
2026-08-20,Humira,10.52,00:38:25,2,8,6.97
2026-08-20,Humira,15.07,00:38:55,2,8,6.98
2026-08-20,Humira,10.88,00:39:25,2,8,6.99
2026-08-20,Humira,4.26,00:39:55,2,8,0.0
2026-08-20,Humira,10.44,00:40:25,2,8,7.01
2026-08-20,Humira,11.11,00:40:55,2,8,7.02
2026-08-20,Humira,17.96,00:41:25,2,8,7.03
2026-08-20,Humira,14.4,00:41:55,2,8,7.04
2026-08-20,Humira,14.37,00:42:25,2,8,7.05
2026-08-20,Humira,14.86,00:42:55,2,8,7.06
2026-08-20,Humira,14.58,00:43:25,2,8,7.07
2026-08-20,Humira,10.47,00:43:55,2,8,7.09
2026-08-20,Humira,10.86,00:44:25,2,8,7.1
2026-08-20,Humira,2.33,00:44:55,2,8,0.0
2026-08-20,Humira,13.12,00:45:25,2,8,7.12
2026-08-20,Humira,5.86,00:45:55,2,8,0.0
2026-08-20,Humira,9.92,00:46:25,2,8,7.14
2026-08-20,Humira,9.41,00:46:55,2,8,7.15
2026-08-20,Humira,12.09,00:47:25,2,8,7.16
2026-08-20,Humira,3.19,00:47:55,2,8,0.0
2026-08-20,Humira,12.37,00:48:25,2,8,7.18
2026-08-20,Humira,13.59,00:48:55,2,8,7.19
2026-08-20,Humira,2.45,00:49:25,2,8,0.0
2026-08-20,Humira,12.49,00:49:55,2,8,7.21
2026-08-20,Humira,15.15,00:50:25,2,8,7.23
2026-08-20,Humira,10.53,00:50:55,2,8,7.24
2026-08-20,Humira,14.53,00:51:25,2,8,7.25
2026-08-20,Humira,17.79,00:51:55,2,8,7.26
2026-08-20,Humira,13.83,00:52:25,2,8,7.27
2026-08-20,Humira,9.87,00:52:55,2,8,7.28
2026-08-20,Humira,13.77,00:53:25,2,8,7.29
2026-08-20,Humira,16.34,00:53:55,2,8,7.3
2026-08-20,Humira,10.48,00:54:25,2,8,7.31
2026-08-20,Humira,4.59,00:54:55,2,8,0.0
2026-08-20,Humira,17.86,00:55:25,2,8,7.33
2026-08-20,Humira,15.22,00:55:55,2,8,7.35
2026-08-20,Humira,9.51,00:56:25,2,8,7.36
2026-08-20,Humira,11.82,00:56:55,2,8,7.37
2026-08-20,Humira,10.95,00:57:25,2,8,7.38
2026-08-20,Humira,13.83,00:57:55,2,8,7.39
2026-08-20,Humira,16.08,00:58:25,2,8,7.4
2026-08-20,Humira,15.67,00:58:55,2,8,7.41
2026-08-20,Humira,10.87,00:59:25,2,8,7.42
2026-08-20,Humira,6.63,00:59:55,2,8,0.0
2026-08-20,Humira,10.28,01:00:25,2,8,7.44
2026-08-20,Humira,10.05,01:00:55,2,8,7.45
2026-08-20,Humira,4.4,01:01:25,2,8,0.0
2026-08-20,Humira,13.74,01:01:55,2,8,7.48
2026-08-20,Humira,12.63,01:02:25,2,8,7.49
2026-08-20,Humira,11.17,01:02:55,2,8,7.5
2026-08-20,Humira,9.88,01:03:25,2,8,7.51
2026-08-20,Humira,16.73,01:03:55,2,8,7.52
2026-08-20,Humira,9.56,01:04:25,2,8,7.53
2026-08-20,Humira,11.4,01:04:55,2,8,7.54
2026-08-20,Humira,14.49,01:05:25,2,8,7.55
2026-08-20,Humira,13.24,01:05:55,2,8,7.56
2026-08-20,Humira,9.3,01:06:25,2,8,7.57
2026-08-20,Humira,12.36,01:06:55,2,8,7.58
2026-08-20,Humira,2.26,01:07:25,2,8,0.0
2026-08-20,Humira,13.63,01:07:55,2,8,7.6
2026-08-20,Humira,10.13,01:08:25,2,8,7.62
2026-08-20,Humira,15.7,01:08:55,2,8,7.63
2026-08-20,Humira,10.92,01:09:25,2,8,7.64
2026-08-20,Humira,9.85,01:09:55,2,8,7.65
2026-08-20,Humira,12.12,01:10:25,2,8,7.66
2026-08-20,Humira,10.81,01:10:55,2,8,7.67
2026-08-20,Humira,11.01,01:11:25,2,8,7.68
2026-08-20,Humira,17.52,01:11:55,2,8,7.69
2026-08-20,Humira,3.6,01:12:25,2,8,0.0
2026-08-20,Humira,4.83,01:12:55,2,8,0.0
2026-08-20,Humira,17.54,01:13:25,2,8,7.72
2026-08-20,Humira,10.68,01:13:55,2,8,7.74
2026-08-20,Humira,17.7,01:14:25,2,8,7.75
2026-08-20,Humira,13.94,01:14:55,2,8,7.76
2026-08-20,Humira,15.35,01:15:25,2,8,7.77
2026-08-20,Humira,9.74,01:15:55,2,8,7.78
2026-08-20,Humira,17.75,01:16:25,2,8,7.79
2026-08-20,Humira,14.98,01:16:55,2,8,7.8
2026-08-20,Humira,6.22,01:17:25,2,8,0.0
2026-08-20,Humira,6.12,01:17:55,2,8,0.0
2026-08-20,Humira,15.0,01:18:25,2,8,7.83
2026-08-20,Humira,9.41,01:18:55,2,8,7.84
2026-08-20,Humira,10.37,01:19:25,2,8,7.85
2026-08-20,Humira,14.85,01:19:55,2,8,7.87
2026-08-20,Humira,3.03,01:20:25,2,8,0.0
2026-08-20,Humira,11.31,01:20:55,2,8,7.89
2026-08-20,Humira,12.2,01:21:25,2,8,7.9
2026-08-20,Humira,14.36,01:21:55,2,8,7.91
2026-08-20,Humira,15.38,01:22:25,2,8,7.92
2026-08-20,Humira,4.64,01:22:55,2,8,0.0
2026-08-20,Humira,16.15,01:23:25,2,8,7.94
2026-08-20,Humira,14.24,01:23:55,2,8,7.95
2026-08-20,Humira,11.6,01:24:25,2,8,7.96
2026-08-20,Humira,3.34,01:24:55,2,8,0.0
2026-08-20,Humira,14.5,01:25:25,2,8,7.98
2026-08-20,Humira,14.98,01:25:55,2,8,8.0
2026-08-20,Humira,3.73,01:26:25,2,8,0.0
2026-08-20,Humira,7.85,01:26:55,2,8,0.0
2026-08-20,Humira,3.15,01:27:25,2,8,0.0
2026-08-20,Humira,15.39,01:27:55,2,8,8.04
2026-08-20,Humira,11.91,01:28:25,2,8,8.05
2026-08-20,Humira,7.74,01:28:55,2,8,0.0
2026-08-20,Humira,16.39,01:29:25,2,8,8.07
2026-08-20,Humira,5.59,01:29:55,2,8,0.0
2026-08-20,Humira,16.81,01:30:25,2,8,8.09
2026-08-20,Humira,3.21,01:30:55,2,8,0.0
2026-08-20,Humira,5.25,01:31:25,2,8,0.0
2026-08-20,Humira,10.79,01:31:55,2,8,8.12
2026-08-20,Humira,11.2,01:32:25,2,8,8.14
2026-08-20,Humira,16.95,01:32:55,2,8,8.15
2026-08-20,Humira,13.16,01:33:25,2,8,8.16
2026-08-20,Humira,12.06,01:33:55,2,8,8.17
2026-08-20,Humira,16.8,01:34:25,2,8,8.18
2026-08-20,Humira,12.32,01:34:55,2,8,8.19
2026-08-20,Humira,9.08,01:35:25,2,8,8.2
2026-08-20,Humira,12.94,01:35:55,2,8,8.21
2026-08-20,Humira,10.3,01:36:25,2,8,8.22
2026-08-20,Humira,11.89,01:36:55,2,8,8.23
2026-08-20,Humira,17.2,01:37:25,2,8,8.24
2026-08-20,Humira,14.6,01:37:55,2,8,8.25
2026-08-20,Humira,12.83,01:38:25,2,8,8.27
2026-08-20,Humira,13.38,01:38:55,2,8,8.28
2026-08-20,Humira,4.3,01:39:25,2,8,0.0
2026-08-20,Humira,10.19,01:39:55,2,8,8.3
2026-08-20,Humira,15.63,01:40:25,2,8,8.31
2026-08-20,Humira,14.08,01:40:55,2,8,8.32
2026-08-20,Humira,11.0,01:41:25,2,8,8.33
2026-08-20,Humira,10.61,01:41:55,2,8,8.34
2026-08-20,Humira,12.22,01:42:25,2,8,8.35
2026-08-20,Humira,15.78,01:42:55,2,8,8.36
2026-08-20,Humira,9.93,01:43:25,2,8,8.37
2026-08-20,Humira,13.93,01:43:55,2,8,8.38
2026-08-20,Humira,14.16,01:44:25,2,8,8.4
2026-08-20,Humira,17.92,01:44:55,2,8,8.41
2026-08-20,Humira,4.58,01:45:25,2,8,0.0
2026-08-20,Humira,2.65,01:45:55,2,8,0.0
2026-08-20,Humira,9.74,01:46:25,2,8,8.44
2026-08-20,Humira,11.09,01:46:55,2,8,8.45
2026-08-20,Humira,10.62,01:47:25,2,8,8.46
2026-08-20,Humira,4.41,01:47:55,2,8,0.0
2026-08-20,Humira,10.21,01:48:25,2,8,8.48
2026-08-20,Humira,13.24,01:48:55,2,8,8.49
2026-08-20,Humira,17.7,01:49:25,2,8,8.5
2026-08-20,Humira,15.05,01:49:55,2,8,8.52
2026-08-20,Humira,12.53,01:50:25,2,8,8.53
2026-08-20,Humira,17.0,01:50:55,2,8,8.54
2026-08-20,Humira,2.87,01:51:25,2,8,0.0
2026-08-20,Humira,17.07,01:51:55,2,8,8.56
2026-08-20,Humira,3.21,01:52:25,2,8,0.0
2026-08-20,Humira,17.29,01:52:55,2,8,8.58
2026-08-20,Humira,4.67,01:53:25,2,8,0.0
2026-08-20,Humira,15.06,01:53:55,2,8,8.6
2026-08-20,Humira,10.71,01:54:25,2,8,8.61
2026-08-20,Humira,11.84,01:54:55,2,8,8.62
2026-08-20,Humira,14.07,01:55:25,2,8,8.63
2026-08-20,Humira,13.69,01:55:55,2,8,8.65
2026-08-20,Humira,17.65,01:56:25,2,8,8.66
2026-08-20,Humira,15.11,01:56:55,2,8,8.67
2026-08-20,Humira,16.17,01:57:25,2,8,8.68
2026-08-20,Humira,12.71,01:57:55,2,8,8.69
2026-08-20,Humira,9.78,01:58:25,2,8,8.7
2026-08-20,Humira,11.07,01:58:55,2,8,8.71
2026-08-20,Humira,17.13,01:59:25,2,8,8.72
2026-08-20,Humira,13.13,01:59:55,2,8,8.73
2026-08-20,Humira,13.28,02:00:25,2,8,8.74
2026-08-20,Humira,3.84,02:00:55,2,8,0.0
2026-08-20,Humira,9.08,02:01:25,2,8,8.76
2026-08-20,Humira,16.79,02:01:55,2,8,8.78
2026-08-20,Humira,13.37,02:02:25,2,8,8.79
2026-08-20,Humira,10.05,02:02:55,2,8,8.8
2026-08-20,Humira,15.15,02:03:25,2,8,8.81
2026-08-20,Humira,16.32,02:03:55,2,8,8.82
2026-08-20,Humira,10.92,02:04:25,2,8,8.83
2026-08-20,Humira,17.75,02:04:55,2,8,8.84
2026-08-20,Humira,13.44,02:05:25,2,8,8.85
2026-08-20,Humira,11.92,02:05:55,2,8,8.86
2026-08-20,Humira,15.63,02:06:25,2,8,8.87
2026-08-20,Humira,9.53,02:06:55,2,8,8.88
2026-08-20,Humira,7.12,02:07:25,2,8,0.0
2026-08-20,Humira,14.52,02:07:55,2,8,8.9
2026-08-20,Humira,6.11,02:08:25,2,8,0.0
2026-08-20,Humira,10.03,02:08:55,2,8,8.93
2026-08-20,Humira,14.67,02:09:25,2,8,8.94
2026-08-20,Humira,9.7,02:09:55,2,8,8.95
2026-08-20,Humira,13.33,02:10:25,2,8,8.96
2026-08-20,Humira,16.23,02:10:55,2,8,8.97
2026-08-20,Humira,5.39,02:11:25,2,8,0.0
2026-08-20,Humira,17.07,02:11:55,2,8,8.99
2026-08-20,Humira,11.76,02:12:25,2,8,9.0
2026-08-20,Humira,10.16,02:12:55,2,8,9.01
2026-08-20,Humira,12.45,02:13:25,2,8,9.02
2026-08-20,Humira,12.73,02:13:55,2,8,9.04
2026-08-20,Humira,11.61,02:14:25,2,8,9.05
2026-08-20,Humira,9.17,02:14:55,2,8,9.06
2026-08-20,Humira,16.3,02:15:25,2,8,9.07
2026-08-20,Humira,16.31,02:15:55,2,8,9.08
2026-08-20,Humira,15.24,02:16:25,2,8,9.09
2026-08-20,Humira,10.72,02:16:55,2,8,9.1
2026-08-20,Humira,17.99,02:17:25,2,8,9.11
2026-08-20,Humira,9.46,02:17:55,2,8,9.12
2026-08-20,Humira,9.32,02:18:25,2,8,9.13
2026-08-20,Humira,16.26,02:18:55,2,8,9.14
2026-08-20,Humira,16.27,02:19:25,2,8,9.15
2026-08-20,Humira,17.09,02:19:55,2,8,9.17
2026-08-20,Humira,2.3,02:20:25,2,8,0.0
2026-08-20,Humira,12.49,02:20:55,2,8,9.19
2026-08-20,Humira,9.9,02:21:25,2,8,9.2
2026-08-20,Humira,3.6,02:21:55,2,8,0.0
2026-08-20,Humira,3.8,02:22:25,2,8,0.0
2026-08-20,Humira,16.94,02:22:55,2,8,9.23
2026-08-20,Humira,14.3,02:23:25,2,8,9.24
2026-08-20,Humira,16.53,02:23:55,2,8,9.25
2026-08-20,Humira,15.83,02:24:25,2,8,9.26
2026-08-20,Humira,16.11,02:24:55,2,8,9.27
2026-08-20,Humira,10.03,02:25:25,2,8,9.28
2026-08-20,Humira,10.33,02:25:55,2,8,9.29
2026-08-20,Humira,11.99,02:26:25,2,8,9.31
2026-08-20,Humira,9.66,02:26:55,2,8,9.32
2026-08-20,Humira,14.63,02:27:25,2,8,9.33
2026-08-20,Humira,10.11,02:27:55,2,8,9.34
2026-08-20,Humira,12.58,02:28:25,2,8,9.35
2026-08-20,Humira,12.05,02:28:55,2,8,9.36
2026-08-20,Humira,14.99,02:29:25,2,8,9.37
2026-08-20,Humira,11.57,02:29:55,2,8,9.38
2026-08-20,Humira,11.24,02:30:25,2,8,9.39
2026-08-20,Humira,10.12,02:30:55,2,8,9.4
2026-08-20,Humira,2.9,02:31:25,2,8,0.0
2026-08-20,Humira,10.78,02:31:55,2,8,9.43
2026-08-20,Humira,9.65,02:32:25,2,8,9.44
2026-08-20,Humira,17.52,02:32:55,2,8,9.45
2026-08-20,Humira,16.23,02:33:25,2,8,9.46
2026-08-20,Humira,13.27,02:33:55,2,8,9.47
2026-08-20,Humira,12.88,02:34:25,2,8,9.48
2026-08-20,Humira,7.87,02:34:55,2,8,0.0
2026-08-20,Humira,10.87,02:35:25,2,8,9.5
2026-08-20,Humira,3.53,02:35:55,2,8,0.0
2026-08-20,Humira,2.02,02:36:25,2,8,0.0
2026-08-20,Humira,16.49,02:36:55,2,8,9.53
2026-08-20,Humira,15.95,02:37:25,2,8,9.54
2026-08-20,Humira,12.73,02:37:55,2,8,9.55
2026-08-20,Humira,12.56,02:38:25,2,8,9.57
2026-08-20,Humira,10.75,02:38:55,2,8,9.58
2026-08-20,Humira,13.12,02:39:25,2,8,9.59
2026-08-20,Humira,9.14,02:39:55,2,8,9.6
2026-08-20,Humira,7.04,02:40:25,2,8,0.0
2026-08-20,Humira,13.13,02:40:55,2,8,9.62
2026-08-20,Humira,9.95,02:41:25,2,8,9.63
2026-08-20,Humira,16.19,02:41:55,2,8,9.64
2026-08-20,Humira,11.78,02:42:25,2,8,9.65
2026-08-20,Humira,15.52,02:42:55,2,8,9.66
2026-08-20,Humira,15.8,02:43:25,2,8,9.67
2026-08-20,Humira,3.29,02:43:55,2,8,0.0
2026-08-20,Humira,16.4,02:44:25,2,8,9.7
2026-08-20,Humira,13.85,02:44:55,2,8,9.71
2026-08-20,Humira,16.16,02:45:25,2,8,9.72
2026-08-20,Humira,6.21,02:45:55,2,8,0.0
2026-08-20,Humira,14.59,02:46:25,2,8,9.74
2026-08-20,Humira,10.91,02:46:55,2,8,9.75
2026-08-20,Humira,10.26,02:47:25,2,8,9.76
2026-08-20,Humira,5.63,02:47:55,2,8,0.0
2026-08-20,Humira,4.49,02:48:25,2,8,0.0
2026-08-20,Humira,5.31,02:48:55,2,8,0.0
2026-08-20,Humira,2.74,02:49:25,2,8,0.0
2026-08-20,Humira,6.32,02:49:55,2,8,0.0
2026-08-20,Humira,16.16,02:50:25,2,8,9.83
2026-08-20,Humira,15.69,02:50:55,2,8,9.84
2026-08-20,Humira,11.78,02:51:25,2,8,9.85
2026-08-20,Humira,16.31,02:51:55,2,8,9.86
2026-08-20,Humira,17.53,02:52:25,2,8,9.87
2026-08-20,Humira,17.11,02:52:55,2,8,9.88
2026-08-20,Humira,14.89,02:53:25,2,8,9.89
2026-08-20,Humira,11.6,02:53:55,2,8,9.9
2026-08-20,Humira,12.59,02:54:25,2,8,9.91
2026-08-20,Humira,15.85,02:54:55,2,8,9.92
2026-08-20,Humira,14.82,02:55:25,2,8,9.93
2026-08-20,Humira,9.13,02:55:55,2,8,9.95
2026-08-20,Humira,12.09,02:56:25,2,8,9.96
2026-08-20,Humira,3.14,02:56:55,2,8,0.0
2026-08-20,Humira,15.13,02:57:25,2,8,9.98
2026-08-20,Humira,10.2,02:57:55,2,8,9.99
2026-08-20,Humira,4.53,02:58:25,2,8,0.0
2026-08-20,Humira,10.58,02:58:55,2,8,10.01
2026-08-20,Humira,17.04,02:59:25,2,8,10.02
2026-08-20,Humira,12.63,02:59:55,2,8,10.03
2026-08-20,Humira,15.55,03:00:25,2,8,10.04
2026-08-20,Humira,12.49,03:00:55,2,8,10.05
2026-08-20,Humira,12.58,03:01:25,2,8,10.06
2026-08-20,Humira,17.69,03:01:55,2,8,10.08
2026-08-20,Humira,9.62,03:02:25,2,8,10.09
2026-08-20,Humira,17.38,03:02:55,2,8,10.1
2026-08-20,Humira,14.51,03:03:25,2,8,10.11
2026-08-20,Humira,17.14,03:03:55,2,8,10.12
2026-08-20,Humira,17.04,03:04:25,2,8,10.13
2026-08-20,Humira,12.12,03:04:55,2,8,10.14
2026-08-20,Humira,12.55,03:05:25,2,8,10.15
2026-08-20,Humira,15.2,03:05:55,2,8,10.16
2026-08-20,Humira,11.37,03:06:25,2,8,10.17
2026-08-20,Humira,4.79,03:06:55,2,8,0.0
2026-08-20,Humira,10.88,03:07:25,2,8,10.19
2026-08-20,Humira,2.59,03:07:55,2,8,0.0
2026-08-20,Humira,7.19,03:08:25,2,8,0.0
2026-08-20,Humira,11.91,03:08:55,2,8,10.23
2026-08-20,Humira,9.47,03:09:25,2,8,10.24
2026-08-20,Humira,11.35,03:09:55,2,8,10.25
2026-08-20,Humira,12.84,03:10:25,2,8,10.26
2026-08-20,Humira,10.92,03:10:55,2,8,10.27
2026-08-20,Humira,14.49,03:11:25,2,8,10.28
2026-08-20,Humira,16.11,03:11:55,2,8,10.29
2026-08-20,Humira,13.55,03:12:25,2,8,10.3
2026-08-20,Humira,15.76,03:12:55,2,8,10.31
2026-08-20,Humira,15.71,03:13:25,2,8,10.32
2026-08-20,Humira,14.18,03:13:55,2,8,10.34
2026-08-20,Humira,11.6,03:14:25,2,8,10.35
2026-08-20,Humira,5.6,03:14:55,2,8,0.0
2026-08-20,Humira,3.26,03:15:25,2,8,0.0
2026-08-20,Humira,14.96,03:15:55,2,8,10.38
2026-08-20,Humira,5.06,03:16:25,2,8,0.0
2026-08-20,Humira,16.35,03:16:55,2,8,10.4
2026-08-20,Humira,10.59,03:17:25,2,8,10.41
2026-08-20,Humira,13.88,03:17:55,2,8,10.42
2026-08-20,Humira,9.4,03:18:25,2,8,10.43
2026-08-20,Humira,16.77,03:18:55,2,8,10.44
2026-08-20,Humira,11.54,03:19:25,2,8,10.45
2026-08-20,Humira,10.91,03:19:55,2,8,10.47
2026-08-20,Humira,16.01,03:20:25,2,8,10.48
2026-08-20,Humira,7.99,03:20:55,2,8,0.0
2026-08-20,Humira,4.97,03:21:25,2,8,0.0
2026-08-20,Humira,15.99,03:21:55,2,8,10.51
2026-08-20,Humira,16.44,03:22:25,2,8,10.52
2026-08-20,Humira,16.24,03:22:55,2,8,10.53
2026-08-20,Humira,16.64,03:23:25,2,8,10.54
2026-08-20,Humira,13.71,03:23:55,2,8,10.55
2026-08-20,Humira,16.0,03:24:25,2,8,10.56
2026-08-20,Humira,17.61,03:24:55,2,8,10.57
2026-08-20,Humira,15.87,03:25:25,2,8,10.58
2026-08-20,Humira,3.69,03:25:55,2,8,0.0
2026-08-20,Humira,9.83,03:26:25,2,8,10.61
2026-08-20,Humira,16.42,03:26:55,2,8,10.62
2026-08-20,Humira,6.11,03:27:25,2,8,0.0
2026-08-20,Humira,15.54,03:27:55,2,8,10.64
2026-08-20,Humira,14.57,03:28:25,2,8,10.65
2026-08-20,Humira,16.55,03:28:55,2,8,10.66
2026-08-20,Humira,9.32,03:29:25,2,8,10.67
2026-08-20,Humira,11.71,03:29:55,2,8,10.68
2026-08-20,Humira,13.05,03:30:25,2,8,10.69
2026-08-20,Humira,17.4,03:30:55,2,8,10.7
2026-08-20,Humira,16.23,03:31:25,2,8,10.71
2026-08-20,Humira,12.45,03:31:55,2,8,10.72
2026-08-20,Humira,5.99,03:32:25,2,8,0.0
2026-08-20,Humira,16.72,03:32:55,2,8,10.75
2026-08-20,Humira,14.77,03:33:25,2,8,10.76
2026-08-20,Humira,16.27,03:33:55,2,8,10.77
2026-08-20,Humira,12.81,03:34:25,2,8,10.78
2026-08-20,Humira,12.2,03:34:55,2,8,10.79
2026-08-20,Humira,11.8,03:35:25,2,8,10.8
2026-08-20,Humira,11.69,03:35:55,2,8,10.81
2026-08-20,Humira,5.03,03:36:25,2,8,0.0
2026-08-20,Humira,14.22,03:36:55,2,8,10.83
2026-08-20,Humira,11.08,03:37:25,2,8,10.84
2026-08-20,Humira,9.92,03:37:55,2,8,10.86
2026-08-20,Humira,4.47,03:38:25,2,8,0.0
2026-08-20,Humira,11.05,03:38:55,2,8,10.88
2026-08-20,Humira,16.51,03:39:25,2,8,10.89
2026-08-20,Humira,10.64,03:39:55,2,8,10.9
2026-08-20,Humira,11.56,03:40:25,2,8,10.91
2026-08-20,Humira,10.84,03:40:55,2,8,10.92
2026-08-20,Humira,12.2,03:41:25,2,8,10.93
2026-08-20,Humira,3.87,03:41:55,2,8,0.0
2026-08-20,Humira,9.73,03:42:25,2,8,10.95
2026-08-20,Humira,15.45,03:42:55,2,8,10.96
2026-08-20,Humira,3.75,03:43:25,2,8,0.0
2026-08-20,Humira,9.92,03:43:55,2,8,10.98
2026-08-20,Humira,17.72,03:44:25,2,8,11.0
2026-08-20,Humira,13.34,03:44:55,2,8,11.01
2026-08-20,Humira,5.76,03:45:25,2,8,0.0
2026-08-20,Humira,16.0,03:45:55,2,8,11.03
2026-08-20,Humira,10.75,03:46:25,2,8,11.04
2026-08-20,Humira,6.94,03:46:55,2,8,0.0
2026-08-20,Humira,16.89,03:47:25,2,8,11.06
2026-08-20,Humira,15.72,03:47:55,2,8,11.07
2026-08-20,Humira,12.31,03:48:25,2,8,11.08
2026-08-20,Humira,15.42,03:48:55,2,8,11.09
2026-08-20,Humira,10.15,03:49:25,2,8,11.1
2026-08-20,Humira,13.27,03:49:55,2,8,11.12
2026-08-20,Humira,9.16,03:50:25,2,8,11.13
2026-08-20,Humira,11.44,03:50:55,2,8,11.14
2026-08-20,Humira,13.62,03:51:25,2,8,11.15
2026-08-20,Humira,9.29,03:51:55,2,8,11.16
2026-08-20,Humira,16.56,03:52:25,2,8,11.17
2026-08-20,Humira,10.43,03:52:55,2,8,11.18
2026-08-20,Humira,13.85,03:53:25,2,8,11.19
2026-08-20,Humira,3.75,03:53:55,2,8,0.0
2026-08-20,Humira,14.64,03:54:25,2,8,11.21
2026-08-20,Humira,16.44,03:54:55,2,8,11.22
2026-08-20,Humira,12.12,03:55:25,2,8,11.23
2026-08-20,Humira,16.06,03:55:55,2,8,11.25
2026-08-20,Humira,6.23,03:56:25,2,8,0.0
2026-08-20,Humira,17.64,03:56:55,2,8,11.27
2026-08-20,Humira,2.12,03:57:25,2,8,0.0
2026-08-20,Humira,16.73,03:57:55,2,8,11.29
2026-08-20,Humira,14.65,03:58:25,2,8,11.3
2026-08-20,Humira,11.37,03:58:55,2,8,11.31
2026-08-20,Humira,16.59,03:59:25,2,8,11.32
2026-08-20,Humira,2.96,03:59:55,2,8,0.0
2026-08-20,Humira,9.24,04:00:25,2,8,11.34
2026-08-20,Humira,15.58,04:00:55,2,8,11.35
2026-08-20,Humira,12.37,04:01:25,2,8,11.36
2026-08-20,Humira,16.16,04:01:55,2,8,11.38
2026-08-20,Humira,5.17,04:02:25,2,8,0.0
2026-08-20,Humira,12.42,04:02:55,2,8,11.4
2026-08-20,Humira,17.26,04:03:25,2,8,11.41
2026-08-20,Humira,11.64,04:03:55,2,8,11.42
2026-08-20,Humira,11.95,04:04:25,2,8,11.43
2026-08-20,Humira,2.41,04:04:55,2,8,0.0
2026-08-20,Humira,11.33,04:05:25,2,8,11.45
2026-08-20,Humira,9.69,04:05:55,2,8,11.46
2026-08-20,Humira,6.11,04:06:25,2,8,0.0
2026-08-20,Humira,9.15,04:06:55,2,8,11.48
2026-08-20,Humira,11.3,04:07:25,2,8,11.49
2026-08-20,Humira,15.74,04:07:55,2,8,11.51
2026-08-20,Humira,17.33,04:08:25,2,8,11.52
2026-08-20,Humira,10.38,04:08:55,2,8,11.53
2026-08-20,Humira,10.7,04:09:25,2,8,11.54
2026-08-20,Humira,6.07,04:09:55,2,8,0.0
2026-08-20,Humira,15.58,04:10:25,2,8,11.56
2026-08-20,Humira,17.75,04:10:55,2,8,11.57
2026-08-20,Humira,16.58,04:11:25,2,8,11.58
2026-08-20,Humira,16.54,04:11:55,2,8,11.59
2026-08-20,Humira,16.6,04:12:25,2,8,11.6
2026-08-20,Humira,16.53,04:12:55,2,8,11.61
2026-08-20,Humira,15.44,04:13:25,2,8,11.62
2026-08-20,Humira,15.98,04:13:55,2,8,11.63
2026-08-20,Humira,16.67,04:14:25,2,8,11.65
2026-08-20,Humira,2.39,04:14:55,2,8,0.0
2026-08-20,Humira,17.39,04:15:25,2,8,11.67
2026-08-20,Humira,9.8,04:15:55,2,8,11.68
2026-08-20,Humira,16.54,04:16:25,2,8,11.69
2026-08-20,Humira,14.43,04:16:55,2,8,11.7
2026-08-20,Humira,13.89,04:17:25,2,8,11.71
2026-08-20,Humira,11.98,04:17:55,2,8,11.72
2026-08-20,Humira,15.3,04:18:25,2,8,11.73
2026-08-20,Humira,13.49,04:18:55,2,8,11.74
2026-08-20,Humira,12.81,04:19:25,2,8,11.75
2026-08-20,Humira,9.75,04:19:55,2,8,11.77
2026-08-20,Humira,17.55,04:20:25,2,8,11.78
2026-08-20,Humira,12.77,04:20:55,2,8,11.79
2026-08-20,Humira,17.18,04:21:25,2,8,11.8
2026-08-20,Humira,17.96,04:21:55,2,8,11.81
2026-08-20,Humira,12.13,04:22:25,2,8,11.82
2026-08-20,Humira,10.29,04:22:55,2,8,11.83
2026-08-20,Humira,13.93,04:23:25,2,8,11.84
2026-08-20,Humira,15.73,04:23:55,2,8,11.85
2026-08-20,Humira,12.58,04:24:25,2,8,11.86
2026-08-20,Humira,13.72,04:24:55,2,8,11.87
2026-08-20,Humira,13.52,04:25:25,2,8,11.88
2026-08-20,Humira,15.89,04:25:55,2,8,11.9
2026-08-20,Humira,7.33,04:26:25,2,8,0.0
2026-08-20,Humira,10.67,04:26:55,2,8,11.92
2026-08-20,Humira,10.25,04:27:25,2,8,11.93
2026-08-20,Humira,7.57,04:27:55,2,8,0.0
2026-08-20,Humira,16.44,04:28:25,2,8,11.95
2026-08-20,Humira,14.5,04:28:55,2,8,11.96
2026-08-20,Humira,13.69,04:29:25,2,8,11.97
2026-08-20,Humira,10.96,04:29:55,2,8,11.98
2026-08-20,Humira,17.65,04:30:25,2,8,11.99
2026-08-20,Humira,7.84,04:30:55,2,8,0.0
2026-08-20,Humira,9.95,04:31:25,2,8,12.01
2026-08-20,Humira,15.68,04:31:55,2,8,12.03
2026-08-20,Humira,13.7,04:32:25,2,8,12.04
2026-08-20,Humira,12.82,04:32:55,2,8,12.05
2026-08-20,Humira,7.4,04:33:25,2,8,0.0
2026-08-20,Humira,2.03,04:33:55,2,8,0.0
2026-08-20,Humira,9.6,04:34:25,2,8,12.08
2026-08-20,Humira,15.71,04:34:55,2,8,12.09
2026-08-20,Humira,9.7,04:35:25,2,8,12.1
2026-08-20,Humira,6.24,04:35:55,2,8,0.0
2026-08-20,Humira,14.31,04:36:25,2,8,12.12
2026-08-20,Humira,7.07,04:36:55,2,8,0.0
2026-08-20,Humira,15.45,04:37:25,2,8,12.14
2026-08-20,Humira,17.34,04:37:55,2,8,12.15
2026-08-20,Humira,5.84,04:38:25,2,8,0.0
2026-08-20,Humira,15.49,04:38:55,2,8,12.18
2026-08-20,Humira,15.36,04:39:25,2,8,12.19
2026-08-20,Humira,13.34,04:39:55,2,8,12.2
2026-08-20,Humira,17.68,04:40:25,2,8,12.21
2026-08-20,Humira,12.52,04:40:55,2,8,12.22
2026-08-20,Humira,12.36,04:41:25,2,8,12.23
2026-08-20,Humira,3.52,04:41:55,2,8,0.0
2026-08-20,Humira,14.62,04:42:25,2,8,12.25
2026-08-20,Humira,10.61,04:42:55,2,8,12.26
2026-08-20,Humira,15.81,04:43:25,2,8,12.27
2026-08-20,Humira,6.31,04:43:55,2,8,0.0
2026-08-20,Humira,15.41,04:44:25,2,8,12.3
2026-08-20,Humira,15.79,04:44:55,2,8,12.31
2026-08-20,Humira,13.22,04:45:25,2,8,12.32
2026-08-20,Humira,5.32,04:45:55,2,8,0.0
2026-08-20,Humira,14.4,04:46:25,2,8,12.34
2026-08-20,Humira,16.34,04:46:55,2,8,12.35
2026-08-20,Humira,16.69,04:47:25,2,8,12.36
2026-08-20,Humira,11.51,04:47:55,2,8,12.37
2026-08-20,Humira,11.2,04:48:25,2,8,12.38
2026-08-20,Humira,13.14,04:48:55,2,8,12.39
2026-08-20,Humira,14.24,04:49:25,2,8,12.4
2026-08-20,Humira,11.7,04:49:55,2,8,12.42
2026-08-20,Humira,9.18,04:50:25,2,8,12.43
2026-08-20,Humira,17.88,04:50:55,2,8,12.44
2026-08-20,Humira,15.42,04:51:25,2,8,12.45
2026-08-20,Humira,9.45,04:51:55,2,8,12.46
2026-08-20,Humira,2.79,04:52:25,2,8,0.0
2026-08-20,Humira,15.57,04:52:55,2,8,12.48
2026-08-20,Humira,12.47,04:53:25,2,8,12.49
2026-08-20,Humira,9.99,04:53:55,2,8,12.5
2026-08-20,Humira,11.73,04:54:25,2,8,12.51
2026-08-20,Humira,15.78,04:54:55,2,8,12.52
2026-08-20,Humira,5.07,04:55:25,2,8,0.0
2026-08-20,Humira,14.51,04:55:55,2,8,12.55
2026-08-20,Humira,11.51,04:56:25,2,8,12.56
2026-08-20,Humira,2.43,04:56:55,2,8,0.0
2026-08-20,Humira,10.92,04:57:25,2,8,12.58
2026-08-20,Humira,13.23,04:57:55,2,8,12.59
2026-08-20,Humira,3.77,04:58:25,2,8,0.0
2026-08-20,Humira,13.19,04:58:55,2,8,12.61
2026-08-20,Humira,14.32,04:59:25,2,8,12.62
2026-08-20,Humira,11.15,04:59:55,2,8,12.63
2026-08-20,Humira,16.55,05:00:25,2,8,12.64
2026-08-20,Humira,2.58,05:00:55,2,8,0.0
2026-08-20,Humira,5.14,05:01:25,2,8,0.0
2026-08-20,Humira,11.89,05:01:55,2,8,12.68
2026-08-20,Humira,12.86,05:02:25,2,8,12.69
2026-08-20,Humira,17.46,05:02:55,2,8,12.7
2026-08-20,Humira,17.1,05:03:25,2,8,12.71
2026-08-20,Humira,10.72,05:03:55,2,8,12.72
2026-08-20,Humira,16.02,05:04:25,2,8,12.73
2026-08-20,Humira,14.92,05:04:55,2,8,12.74
2026-08-20,Humira,14.01,05:05:25,2,8,12.75
2026-08-20,Humira,17.38,05:05:55,2,8,12.76
2026-08-20,Humira,17.16,05:06:25,2,8,12.77
2026-08-20,Humira,10.6,05:06:55,2,8,12.78
2026-08-20,Humira,13.99,05:07:25,2,8,12.79
2026-08-20,Humira,6.26,05:07:55,2,8,0.0
2026-08-20,Humira,16.83,05:08:25,2,8,12.82
2026-08-20,Humira,10.9,05:08:55,2,8,12.83
2026-08-20,Humira,10.2,05:09:25,2,8,12.84
2026-08-20,Humira,14.84,05:09:55,2,8,12.85
2026-08-20,Humira,3.1,05:10:25,2,8,0.0
2026-08-20,Humira,11.63,05:10:55,2,8,12.87
2026-08-20,Humira,14.66,05:11:25,2,8,12.88
2026-08-20,Humira,12.03,05:11:55,2,8,12.89
2026-08-20,Humira,9.6,05:12:25,2,8,12.9
2026-08-20,Humira,9.61,05:12:55,2,8,12.91
2026-08-20,Humira,4.39,05:13:25,2,8,0.0
2026-08-20,Humira,15.05,05:13:55,2,8,12.93
2026-08-20,Humira,14.12,05:14:25,2,8,12.95
2026-08-20,Humira,12.77,05:14:55,2,8,12.96
2026-08-20,Humira,14.79,05:15:25,2,8,12.97
2026-08-20,Humira,9.83,05:15:55,2,8,12.98
2026-08-20,Humira,12.06,05:16:25,2,8,12.99
2026-08-20,Humira,14.49,05:16:55,2,8,13.0
2026-08-20,Humira,17.68,05:17:25,2,8,13.01
2026-08-20,Humira,17.81,05:17:55,2,8,13.02
2026-08-20,Humira,5.42,05:18:25,2,8,0.0
2026-08-20,Humira,17.24,05:18:55,2,8,13.04
2026-08-20,Humira,4.39,05:19:25,2,8,0.0
2026-08-20,Humira,13.76,05:19:55,2,8,13.07
2026-08-20,Humira,9.53,05:20:25,2,8,13.08
2026-08-20,Humira,16.89,05:20:55,2,8,13.09
2026-08-20,Humira,13.73,05:21:25,2,8,13.1
2026-08-20,Humira,6.86,05:21:55,2,8,0.0
2026-08-20,Humira,15.59,05:22:25,2,8,13.12
2026-08-20,Humira,12.31,05:22:55,2,8,13.13
2026-08-20,Humira,14.12,05:23:25,2,8,13.14
2026-08-20,Humira,12.8,05:23:55,2,8,13.15
2026-08-20,Humira,13.69,05:24:25,2,8,13.16
2026-08-20,Humira,15.02,05:24:55,2,8,13.17
2026-08-20,Humira,13.55,05:25:25,2,8,13.18
2026-08-20,Humira,10.96,05:25:55,2,8,13.2
2026-08-20,Humira,15.61,05:26:25,2,8,13.21
2026-08-20,Humira,11.94,05:26:55,2,8,13.22
2026-08-20,Humira,16.05,05:27:25,2,8,13.23
2026-08-20,Humira,14.48,05:27:55,2,8,13.24
2026-08-20,Humira,11.56,05:28:25,2,8,13.25
2026-08-20,Humira,14.83,05:28:55,2,8,13.26
2026-08-20,Humira,17.06,05:29:25,2,8,13.27
2026-08-20,Humira,3.91,05:29:55,2,8,0.0
2026-08-20,Humira,10.82,05:30:25,2,8,13.29
2026-08-20,Humira,17.15,05:30:55,2,8,13.3
2026-08-20,Humira,4.64,05:31:25,2,8,0.0
2026-08-20,Humira,7.62,05:31:55,2,8,0.0
2026-08-20,Humira,6.03,05:32:25,2,8,0.0
2026-08-20,Humira,11.91,05:32:55,2,8,13.35
2026-08-20,Humira,10.6,05:33:25,2,8,13.36
2026-08-20,Humira,12.08,05:33:55,2,8,13.37
2026-08-20,Humira,4.72,05:34:25,2,8,0.0
2026-08-20,Humira,11.02,05:34:55,2,8,13.39
2026-08-20,Humira,14.06,05:35:25,2,8,13.4
2026-08-20,Humira,11.25,05:35:55,2,8,13.41
2026-08-20,Humira,5.48,05:36:25,2,8,0.0
2026-08-20,Humira,13.36,05:36:55,2,8,13.43
2026-08-20,Humira,10.51,05:37:25,2,8,13.44
2026-08-20,Humira,17.1,05:37:55,2,8,13.46
2026-08-20,Humira,11.89,05:38:25,2,8,13.47
2026-08-20,Humira,3.33,05:38:55,2,8,0.0
2026-08-20,Humira,11.46,05:39:25,2,8,13.49
2026-08-20,Humira,15.13,05:39:55,2,8,13.5
2026-08-20,Humira,2.94,05:40:25,2,8,0.0
2026-08-20,Humira,13.08,05:40:55,2,8,13.52
2026-08-20,Humira,12.78,05:41:25,2,8,13.53
2026-08-20,Humira,16.84,05:41:55,2,8,13.54
2026-08-20,Humira,10.61,05:42:25,2,8,13.55
2026-08-20,Humira,4.38,05:42:55,2,8,0.0
2026-08-20,Humira,6.16,05:43:25,2,8,0.0
2026-08-20,Humira,14.42,05:43:55,2,8,13.58
2026-08-20,Humira,12.1,05:44:25,2,8,13.6
2026-08-20,Humira,2.03,05:44:55,2,8,0.0
2026-08-20,Humira,12.49,05:45:25,2,8,13.62
2026-08-20,Humira,10.46,05:45:55,2,8,13.63
2026-08-20,Humira,15.9,05:46:25,2,8,13.64
2026-08-20,Humira,11.42,05:46:55,2,8,13.65
2026-08-20,Humira,10.32,05:47:25,2,8,13.66
2026-08-20,Humira,11.14,05:47:55,2,8,13.67
2026-08-20,Humira,5.72,05:48:25,2,8,0.0
2026-08-20,Humira,13.11,05:48:55,2,8,13.69
2026-08-20,Humira,12.86,05:49:25,2,8,13.7
2026-08-20,Humira,9.02,05:49:55,2,8,13.72
2026-08-20,Humira,16.08,05:50:25,2,8,13.73
2026-08-20,Humira,13.17,05:50:55,2,8,13.74
2026-08-20,Humira,16.08,05:51:25,2,8,13.75
2026-08-20,Humira,16.08,05:51:55,2,8,13.76
2026-08-20,Humira,13.82,05:52:25,2,8,13.77
2026-08-20,Humira,9.85,05:52:55,2,8,13.78
2026-08-20,Humira,16.59,05:53:25,2,8,13.79
2026-08-20,Humira,16.58,05:53:55,2,8,13.8
2026-08-20,Humira,16.43,05:54:25,2,8,13.81
2026-08-20,Humira,17.57,05:54:55,2,8,13.82
2026-08-20,Humira,17.92,05:55:25,2,8,13.83
2026-08-20,Humira,17.13,05:55:55,2,8,13.85
2026-08-20,Humira,9.54,05:56:25,2,8,13.86
2026-08-20,Humira,17.52,05:56:55,2,8,13.87
2026-08-20,Humira,12.66,05:57:25,2,8,13.88
2026-08-20,Humira,12.89,05:57:55,2,8,13.89
2026-08-20,Humira,9.43,05:58:25,2,8,13.9
2026-08-20,Humira,15.22,05:58:55,2,8,13.91
2026-08-20,Humira,5.5,05:59:25,2,8,0.0
2026-08-20,Humira,12.39,05:59:55,2,8,13.93
2026-08-20,Humira,10.38,06:00:25,2,8,13.94
2026-08-20,Humira,17.06,06:00:55,2,8,13.95
2026-08-20,Humira,17.68,06:01:25,2,8,13.96
2026-08-20,Humira,12.99,06:01:55,2,8,13.97
2026-08-20,Humira,9.65,06:02:25,2,8,13.99
2026-08-20,Humira,12.4,06:02:55,2,8,14.0
2026-08-20,Humira,13.01,06:03:25,2,8,14.01
2026-08-20,Humira,16.47,06:03:55,2,8,14.02
2026-08-20,Humira,7.97,06:04:25,2,8,0.0
2026-08-20,Humira,16.05,06:04:55,2,8,14.04
2026-08-20,Humira,17.97,06:05:25,2,8,14.05
2026-08-20,Humira,15.35,06:05:55,2,8,14.06
2026-08-20,Humira,10.4,06:06:25,2,8,14.07
2026-08-20,Humira,12.44,06:06:55,2,8,14.08
2026-08-20,Humira,15.92,06:07:25,2,8,14.09
2026-08-20,Humira,5.09,06:07:55,2,8,0.0
2026-08-20,Humira,4.86,06:08:25,2,8,0.0
2026-08-20,Humira,15.04,06:08:55,2,8,14.13
2026-08-20,Humira,2.51,06:09:25,2,8,0.0
2026-08-20,Humira,2.14,06:09:55,2,8,0.0
2026-08-20,Humira,7.39,06:10:25,2,8,0.0
2026-08-20,Humira,17.15,06:10:55,2,8,14.17
2026-08-20,Humira,17.95,06:11:25,2,8,14.18
2026-08-20,Humira,4.23,06:11:55,2,8,0.0
2026-08-20,Humira,13.54,06:12:25,2,8,14.2
2026-08-20,Humira,16.47,06:12:55,2,8,14.21
2026-08-20,Humira,11.67,06:13:25,2,8,14.22
2026-08-20,Humira,2.35,06:13:55,2,8,0.0
2026-08-20,Humira,2.31,06:14:25,2,8,0.0
2026-08-20,Humira,15.78,06:14:55,2,8,14.26
2026-08-20,Humira,15.9,06:15:25,2,8,14.27
2026-08-20,Humira,14.47,06:15:55,2,8,14.28
2026-08-20,Humira,15.15,06:16:25,2,8,14.29
2026-08-20,Humira,12.72,06:16:55,2,8,14.3
2026-08-20,Humira,7.25,06:17:25,2,8,0.0
2026-08-20,Humira,4.97,06:17:55,2,8,0.0
2026-08-20,Humira,10.18,06:18:25,2,8,14.33
2026-08-20,Humira,11.59,06:18:55,2,8,14.34
2026-08-20,Humira,13.19,06:19:25,2,8,14.35
2026-08-20,Humira,10.02,06:19:55,2,8,14.37
2026-08-20,Humira,14.29,06:20:25,2,8,14.38
2026-08-20,Humira,12.92,06:20:55,2,8,14.39
2026-08-20,Humira,11.73,06:21:25,2,8,14.4
2026-08-20,Humira,9.51,06:21:55,2,8,14.41
2026-08-20,Humira,10.76,06:22:25,2,8,14.42
2026-08-20,Humira,13.52,06:22:55,2,8,14.43
2026-08-20,Humira,6.73,06:23:25,2,8,0.0
2026-08-20,Humira,16.31,06:23:55,2,8,14.45
2026-08-20,Humira,11.68,06:24:25,2,8,14.46
2026-08-20,Humira,11.65,06:24:55,2,8,14.47
2026-08-20,Humira,2.58,06:25:25,2,8,0.0
2026-08-20,Humira,14.76,06:25:55,2,8,14.5
2026-08-20,Humira,2.45,06:26:25,2,8,0.0
2026-08-20,Humira,15.71,06:26:55,2,8,14.52
2026-08-20,Humira,12.88,06:27:25,2,8,14.53
2026-08-20,Humira,13.44,06:27:55,2,8,14.54
2026-08-20,Humira,16.05,06:28:25,2,8,14.55
2026-08-20,Humira,12.92,06:28:55,2,8,14.56
2026-08-20,Humira,9.4,06:29:25,2,8,14.57
2026-08-20,Humira,16.01,06:29:55,2,8,14.58
2026-08-20,Humira,12.79,06:30:25,2,8,14.59
2026-08-20,Humira,9.76,06:30:55,2,8,14.6
2026-08-20,Humira,9.49,06:31:25,2,8,14.61
2026-08-20,Humira,11.45,06:31:55,2,8,14.62
2026-08-20,Humira,12.14,06:32:25,2,8,14.64
2026-08-20,Humira,10.09,06:32:55,2,8,14.65
2026-08-20,Humira,2.14,06:33:25,2,8,0.0
2026-08-20,Humira,9.14,06:33:55,2,8,14.67
2026-08-20,Humira,15.93,06:34:25,2,8,14.68
2026-08-20,Humira,15.01,06:34:55,2,8,14.69
2026-08-20,Humira,12.24,06:35:25,2,8,14.7
2026-08-20,Humira,15.64,06:35:55,2,8,14.71
2026-08-20,Humira,16.62,06:36:25,2,8,14.72
2026-08-20,Humira,9.31,06:36:55,2,8,14.73
2026-08-20,Humira,12.51,06:37:25,2,8,14.74
2026-08-20,Humira,7.58,06:37:55,2,8,0.0
2026-08-20,Humira,9.73,06:38:25,2,8,14.77
2026-08-20,Humira,15.27,06:38:55,2,8,14.78
2026-08-20,Humira,15.28,06:39:25,2,8,14.79
2026-08-20,Humira,16.79,06:39:55,2,8,14.8
2026-08-20,Humira,17.16,06:40:25,2,8,14.81
2026-08-20,Humira,12.84,06:40:55,2,8,14.82
2026-08-20,Humira,10.93,06:41:25,2,8,14.83
2026-08-20,Humira,15.4,06:41:55,2,8,14.84
2026-08-20,Humira,17.0,06:42:25,2,8,14.85
2026-08-20,Humira,15.4,06:42:55,2,8,14.86
2026-08-20,Humira,15.07,06:43:25,2,8,14.87
2026-08-20,Humira,13.05,06:43:55,2,8,14.88
2026-08-20,Humira,15.65,06:44:25,2,8,14.9
2026-08-20,Humira,9.09,06:44:55,2,8,14.91
2026-08-20,Humira,12.95,06:45:25,2,8,14.92
2026-08-20,Humira,2.28,06:45:55,2,8,0.0
2026-08-20,Humira,11.17,06:46:25,2,8,14.94
2026-08-20,Humira,10.92,06:46:55,2,8,14.95
2026-08-20,Humira,17.93,06:47:25,2,8,14.96
2026-08-20,Humira,11.77,06:47:55,2,8,14.97
2026-08-20,Humira,17.67,06:48:25,2,8,14.98
2026-08-20,Humira,6.8,06:48:55,2,8,0.0
2026-08-20,Humira,11.36,06:49:25,2,8,15.0
2026-08-20,Humira,4.09,06:49:55,2,8,0.0
2026-08-20,Humira,16.4,06:50:25,2,8,15.03
2026-08-20,Humira,13.63,06:50:55,2,8,15.04
2026-08-20,Humira,10.14,06:51:25,2,8,15.05
2026-08-20,Humira,10.01,06:51:55,2,8,15.06
2026-08-20,Humira,10.48,06:52:25,2,8,15.07
2026-08-20,Humira,16.95,06:52:55,2,8,15.08
2026-08-20,Humira,5.2,06:53:25,2,8,0.0
2026-08-20,Humira,9.22,06:53:55,2,8,15.1
2026-08-20,Humira,9.78,06:54:25,2,8,15.11
2026-08-20,Humira,14.69,06:54:55,2,8,15.12
2026-08-20,Humira,9.26,06:55:25,2,8,15.13
2026-08-20,Humira,17.65,06:55:55,2,8,15.15
2026-08-20,Humira,11.84,06:56:25,2,8,15.16
2026-08-20,Humira,2.51,06:56:55,2,8,0.0
2026-08-20,Humira,14.08,06:57:25,2,8,15.18
2026-08-20,Humira,15.64,06:57:55,2,8,15.19
2026-08-20,Humira,17.61,06:58:25,2,8,15.2
2026-08-20,Humira,17.49,06:58:55,2,8,15.21
2026-08-20,Humira,17.97,06:59:25,2,8,15.22
2026-08-20,Humira,13.83,06:59:55,2,8,15.23
2026-08-20,Humira,5.39,07:00:25,2,8,0.0
2026-08-20,Humira,17.01,07:00:55,2,8,15.25
2026-08-20,Humira,3.37,07:01:25,2,8,0.0
2026-08-20,Humira,10.3,07:01:55,2,8,15.28
2026-08-20,Humira,17.71,07:02:25,2,8,15.29
2026-08-20,Humira,15.34,07:02:55,2,8,15.3
2026-08-20,Humira,10.17,07:03:25,2,8,15.31
2026-08-20,Humira,3.68,07:03:55,2,8,0.0
2026-08-20,Humira,11.98,07:04:25,2,8,15.33
2026-08-20,Humira,3.62,07:04:55,2,8,0.0
2026-08-20,Humira,16.61,07:05:25,2,8,15.35
2026-08-20,Humira,13.25,07:05:55,2,8,15.36
2026-08-20,Humira,7.73,07:06:25,2,8,0.0
2026-08-20,Humira,9.05,07:06:55,2,8,15.38
2026-08-20,Humira,10.69,07:07:25,2,8,15.39
2026-08-20,Humira,12.5,07:07:55,2,8,15.4
2026-08-20,Humira,6.94,07:08:25,2,8,0.0
2026-08-20,Humira,9.06,07:08:55,2,8,15.43
2026-08-20,Humira,13.37,07:09:25,2,8,15.44
2026-08-20,Humira,13.65,07:09:55,2,8,15.45
2026-08-20,Humira,9.76,07:10:25,2,8,15.46
2026-08-20,Humira,16.14,07:10:55,2,8,15.47
2026-08-20,Humira,9.21,07:11:25,2,8,15.48
2026-08-20,Humira,10.95,07:11:55,2,8,15.49
2026-08-20,Humira,17.48,07:12:25,2,8,15.5
2026-08-20,Humira,13.06,07:12:55,2,8,15.51
2026-08-20,Humira,4.97,07:13:25,2,8,0.0
2026-08-20,Humira,3.2,07:13:55,2,8,0.0
2026-08-20,Humira,3.83,07:14:25,2,8,0.0
2026-08-20,Humira,12.16,07:14:55,2,8,15.56
2026-08-20,Humira,11.35,07:15:25,2,8,15.57
2026-08-20,Humira,17.48,07:15:55,2,8,15.58
2026-08-20,Humira,9.77,07:16:25,2,8,15.59
2026-08-20,Humira,10.66,07:16:55,2,8,15.6
2026-08-20,Humira,2.44,07:17:25,2,8,0.0
2026-08-20,Humira,14.15,07:17:55,2,8,15.62
2026-08-20,Humira,13.06,07:18:25,2,8,15.63
2026-08-20,Humira,14.27,07:18:55,2,8,15.64
2026-08-20,Humira,10.0,07:19:25,2,8,15.65
2026-08-20,Humira,15.99,07:19:55,2,8,15.67
2026-08-20,Humira,15.63,07:20:25,2,8,15.68
2026-08-20,Humira,6.96,07:20:55,2,8,0.0
2026-08-20,Humira,11.54,07:21:25,2,8,15.7
2026-08-20,Humira,17.03,07:21:55,2,8,15.71
2026-08-20,Humira,6.29,07:22:25,2,8,0.0
2026-08-20,Humira,14.9,07:22:55,2,8,15.73
2026-08-20,Humira,3.07,07:23:25,2,8,0.0
2026-08-20,Humira,16.76,07:23:55,2,8,15.75
2026-08-20,Humira,15.21,07:24:25,2,8,15.76
2026-08-20,Humira,14.85,07:24:55,2,8,15.77
2026-08-20,Humira,10.96,07:25:25,2,8,15.78
2026-08-20,Humira,15.98,07:25:55,2,8,15.8
2026-08-20,Humira,17.58,07:26:25,2,8,15.81
2026-08-20,Humira,13.27,07:26:55,2,8,15.82
2026-08-20,Humira,14.48,07:27:25,2,8,15.83
2026-08-20,Humira,16.11,07:27:55,2,8,15.84
2026-08-20,Humira,5.28,07:28:25,2,8,0.0
2026-08-20,Humira,16.25,07:28:55,2,8,15.86
2026-08-20,Humira,16.26,07:29:25,2,8,15.87
2026-08-20,Humira,2.46,07:29:55,2,8,0.0
2026-08-20,Humira,14.42,07:30:25,2,8,15.89
2026-08-20,Humira,10.75,07:30:55,2,8,15.9
2026-08-20,Humira,14.6,07:31:25,2,8,15.91
2026-08-20,Humira,13.43,07:31:55,2,8,15.93
2026-08-20,Humira,2.4,07:32:25,2,8,0.0
2026-08-20,Humira,12.29,07:32:55,2,8,15.95
2026-08-20,Humira,13.47,07:33:25,2,8,15.96
2026-08-20,Humira,15.88,07:33:55,2,8,15.97
2026-08-20,Humira,15.07,07:34:25,2,8,15.98
2026-08-20,Humira,15.3,07:34:55,2,8,15.99
2026-08-20,Humira,17.57,07:35:25,2,8,16.0
2026-08-20,Humira,7.23,07:35:55,2,8,0.0
2026-08-20,Humira,16.18,07:36:25,2,8,16.02
2026-08-20,Humira,10.63,07:36:55,2,8,16.03
2026-08-20,Humira,17.61,07:37:25,2,8,16.04
2026-08-20,Humira,10.48,07:37:55,2,8,16.05
2026-08-20,Humira,11.36,07:38:25,2,8,16.07
2026-08-20,Humira,14.44,07:38:55,2,8,16.08
2026-08-20,Humira,17.06,07:39:25,2,8,16.09
2026-08-20,Humira,7.48,07:39:55,2,8,0.0
2026-08-20,Humira,10.18,07:40:25,2,8,16.11
2026-08-20,Humira,17.63,07:40:55,2,8,16.12
2026-08-20,Humira,12.06,07:41:25,2,8,16.13
2026-08-20,Humira,4.25,07:41:55,2,8,0.0
2026-08-20,Humira,3.02,07:42:25,2,8,0.0
2026-08-20,Humira,7.87,07:42:55,2,8,0.0
2026-08-20,Humira,9.03,07:43:25,2,8,16.17
2026-08-20,Humira,13.3,07:43:55,2,8,16.18
2026-08-20,Humira,3.03,07:44:25,2,8,0.0
2026-08-20,Humira,13.2,07:44:55,2,8,16.21
2026-08-20,Humira,12.19,07:45:25,2,8,16.22
2026-08-20,Humira,15.75,07:45:55,2,8,16.23
2026-08-20,Humira,17.04,07:46:25,2,8,16.24
2026-08-20,Humira,11.07,07:46:55,2,8,16.25
2026-08-20,Humira,10.39,07:47:25,2,8,16.26
2026-08-20,Humira,5.74,07:47:55,2,8,0.0
2026-08-20,Humira,9.54,07:48:25,2,8,16.28
2026-08-20,Humira,15.61,07:48:55,2,8,16.29
2026-08-20,Humira,10.13,07:49:25,2,8,16.3
2026-08-20,Humira,3.59,07:49:55,2,8,0.0
2026-08-20,Humira,12.42,07:50:25,2,8,16.33
2026-08-20,Humira,3.57,07:50:55,2,8,0.0
2026-08-20,Humira,11.81,07:51:25,2,8,16.35
2026-08-20,Humira,14.83,07:51:55,2,8,16.36
2026-08-20,Humira,17.0,07:52:25,2,8,16.37
2026-08-20,Humira,14.0,07:52:55,2,8,16.38
2026-08-20,Humira,17.44,07:53:25,2,8,16.39
2026-08-20,Humira,10.94,07:53:55,2,8,16.4
2026-08-20,Humira,14.18,07:54:25,2,8,16.41
2026-08-20,Humira,10.31,07:54:55,2,8,16.42
2026-08-20,Humira,16.09,07:55:25,2,8,16.43
2026-08-20,Humira,10.21,07:55:55,2,8,16.45
2026-08-20,Humira,10.26,07:56:25,2,8,16.46
2026-08-20,Humira,5.81,07:56:55,2,8,0.0
2026-08-20,Humira,17.35,07:57:25,2,8,16.48
2026-08-20,Humira,9.14,07:57:55,2,8,16.49
2026-08-20,Humira,15.53,07:58:25,2,8,16.5
2026-08-20,Humira,9.21,07:58:55,2,8,16.51
2026-08-20,Humira,11.55,07:59:25,2,8,16.52
2026-08-20,Humira,12.97,07:59:55,2,8,16.53
2026-08-20,Humira,16.34,08:00:25,2,8,16.54
2026-08-20,Humira,5.99,08:00:55,2,8,0.0
2026-08-20,Humira,4.01,08:01:25,2,8,0.0
2026-08-20,Humira,6.51,08:01:55,2,8,0.0
2026-08-20,Humira,17.13,08:02:25,2,8,16.59
2026-08-20,Humira,17.0,08:02:55,2,8,16.6
2026-08-20,Humira,13.21,08:03:25,2,8,16.61
2026-08-20,Humira,12.33,08:03:55,2,8,16.62
2026-08-20,Humira,6.7,08:04:25,2,8,0.0
2026-08-20,Humira,14.65,08:04:55,2,8,16.64
2026-08-20,Humira,11.92,08:05:25,2,8,16.65
2026-08-20,Humira,16.76,08:05:55,2,8,16.66
2026-08-20,Humira,15.98,08:06:25,2,8,16.67
2026-08-20,Humira,17.37,08:06:55,2,8,16.68
2026-08-20,Humira,17.07,08:07:25,2,8,16.69
2026-08-20,Humira,12.47,08:07:55,2,8,16.71
2026-08-20,Humira,2.33,08:08:25,2,8,0.0
2026-08-20,Humira,9.46,08:08:55,2,8,16.73
2026-08-20,Humira,5.26,08:09:25,2,8,0.0
2026-08-20,Humira,11.73,08:09:55,2,8,16.75
2026-08-20,Humira,7.38,08:10:25,2,8,0.0
2026-08-20,Humira,16.06,08:10:55,2,8,16.77
2026-08-20,Humira,3.03,08:11:25,2,8,0.0
2026-08-20,Humira,10.66,08:11:55,2,8,16.79
2026-08-20,Humira,16.91,08:12:25,2,8,16.8
2026-08-20,Humira,3.69,08:12:55,2,8,0.0
2026-08-20,Humira,13.85,08:13:25,2,8,16.82
2026-08-20,Humira,15.06,08:13:55,2,8,16.84
2026-08-20,Humira,17.67,08:14:25,2,8,16.85
2026-08-20,Humira,3.87,08:14:55,2,8,0.0
2026-08-20,Humira,17.87,08:15:25,2,8,16.87
2026-08-20,Humira,9.57,08:15:55,2,8,16.88
2026-08-20,Humira,5.72,08:16:25,2,8,0.0
2026-08-20,Humira,15.63,08:16:55,2,8,16.9
2026-08-20,Humira,9.37,08:17:25,2,8,16.91
2026-08-20,Humira,9.68,08:17:55,2,8,16.92
2026-08-20,Humira,11.73,08:18:25,2,8,16.93
2026-08-20,Humira,4.32,08:18:55,2,8,0.0
2026-08-20,Humira,10.82,08:19:25,2,8,16.95
2026-08-20,Humira,9.89,08:19:55,2,8,16.96
2026-08-20,Humira,4.12,08:20:25,2,8,0.0
2026-08-20,Humira,11.66,08:20:55,2,8,16.99
2026-08-20,Humira,14.96,08:21:25,2,8,17.0
2026-08-20,Humira,15.04,08:21:55,2,8,17.01
2026-08-20,Humira,13.94,08:22:25,2,8,17.02
2026-08-20,Humira,14.1,08:22:55,2,8,17.03
2026-08-20,Humira,17.17,08:23:25,2,8,17.04
2026-08-20,Humira,9.55,08:23:55,2,8,17.05
2026-08-20,Humira,17.78,08:24:25,2,8,17.06
2026-08-20,Humira,17.92,08:24:55,2,8,17.07
2026-08-20,Humira,12.52,08:25:25,2,8,17.08
2026-08-20,Humira,16.88,08:25:55,2,8,17.1
2026-08-20,Humira,17.79,08:26:25,2,8,17.11
2026-08-20,Humira,12.46,08:26:55,2,8,17.12
2026-08-20,Humira,14.19,08:27:25,2,8,17.13
2026-08-20,Humira,11.42,08:27:55,2,8,17.14
2026-08-20,Humira,3.28,08:28:25,2,8,0.0
2026-08-20,Humira,3.24,08:28:55,2,8,0.0
2026-08-20,Humira,7.13,08:29:25,2,8,0.0
2026-08-20,Humira,15.81,08:29:55,2,8,17.18
2026-08-20,Humira,9.33,08:30:25,2,8,17.19
2026-08-20,Humira,12.68,08:30:55,2,8,17.2
2026-08-20,Humira,9.07,08:31:25,2,8,17.21
2026-08-20,Humira,15.06,08:31:55,2,8,17.23
2026-08-20,Humira,7.48,08:32:25,2,8,0.0
2026-08-20,Humira,3.08,08:32:55,2,8,0.0
2026-08-20,Humira,11.43,08:33:25,2,8,17.26
2026-08-20,Humira,9.32,08:33:55,2,8,17.27
2026-08-20,Humira,17.01,08:34:25,2,8,17.28
2026-08-20,Humira,16.88,08:34:55,2,8,17.29
2026-08-20,Humira,10.64,08:35:25,2,8,17.3
2026-08-20,Humira,15.28,08:35:55,2,8,17.31
2026-08-20,Humira,16.3,08:36:25,2,8,17.32
2026-08-20,Humira,4.39,08:36:55,2,8,0.0
2026-08-20,Humira,11.24,08:37:25,2,8,17.34
2026-08-20,Humira,15.88,08:37:55,2,8,17.36
2026-08-20,Humira,13.05,08:38:25,2,8,17.37
2026-08-20,Humira,14.77,08:38:55,2,8,17.38
2026-08-20,Humira,11.82,08:39:25,2,8,17.39
2026-08-20,Humira,9.7,08:39:55,2,8,17.4
2026-08-20,Humira,15.51,08:40:25,2,8,17.41
2026-08-20,Humira,13.69,08:40:55,2,8,17.42
2026-08-20,Humira,2.95,08:41:25,2,8,0.0
2026-08-20,Humira,3.17,08:41:55,2,8,0.0
2026-08-20,Humira,13.46,08:42:25,2,8,17.45
2026-08-20,Humira,10.69,08:42:55,2,8,17.46
2026-08-20,Humira,16.77,08:43:25,2,8,17.47
2026-08-20,Humira,4.2,08:43:55,2,8,0.0
2026-08-20,Humira,2.18,08:44:25,2,8,0.0
2026-08-20,Humira,17.77,08:44:55,2,8,17.51
2026-08-20,Humira,15.03,08:45:25,2,8,17.52
2026-08-20,Humira,13.28,08:45:55,2,8,17.53
2026-08-20,Humira,14.56,08:46:25,2,8,17.54
2026-08-20,Humira,12.18,08:46:55,2,8,17.55
2026-08-20,Humira,6.04,08:47:25,2,8,0.0
2026-08-20,Humira,17.25,08:47:55,2,8,17.57
2026-08-20,Humira,11.85,08:48:25,2,8,17.58
2026-08-20,Humira,10.86,08:48:55,2,8,17.59
2026-08-20,Humira,16.49,08:49:25,2,8,17.6
2026-08-20,Humira,12.89,08:49:55,2,8,17.62
2026-08-20,Humira,3.46,08:50:25,2,8,0.0
2026-08-20,Humira,10.93,08:50:55,2,8,17.64
2026-08-20,Humira,9.98,08:51:25,2,8,17.65
2026-08-20,Humira,9.5,08:51:55,2,8,17.66
2026-08-20,Humira,13.26,08:52:25,2,8,17.67
2026-08-20,Humira,13.87,08:52:55,2,8,17.68
2026-08-20,Humira,13.58,08:53:25,2,8,17.69
2026-08-20,Humira,16.99,08:53:55,2,8,17.7
2026-08-20,Humira,14.45,08:54:25,2,8,17.71
2026-08-20,Humira,14.24,08:54:55,2,8,17.72
2026-08-20,Humira,15.53,08:55:25,2,8,17.73
2026-08-20,Humira,10.62,08:55:55,2,8,17.75
2026-08-20,Humira,17.28,08:56:25,2,8,17.76
2026-08-20,Humira,3.68,08:56:55,2,8,0.0
2026-08-20,Humira,14.57,08:57:25,2,8,17.78
2026-08-20,Humira,12.35,08:57:55,2,8,17.79
2026-08-20,Humira,12.84,08:58:25,2,8,17.8
2026-08-20,Humira,10.23,08:58:55,2,8,17.81
2026-08-20,Humira,3.89,08:59:25,2,8,0.0
2026-08-20,Humira,17.27,08:59:55,2,8,17.83
2026-08-20,Humira,4.43,09:00:25,2,8,0.0
2026-08-20,Humira,17.78,09:00:55,2,8,17.85
2026-08-20,Humira,15.56,09:01:25,2,8,17.86
2026-08-20,Humira,17.38,09:01:55,2,8,17.88
2026-08-20,Humira,5.27,09:02:25,2,8,0.0
2026-08-20,Humira,10.16,09:02:55,2,8,17.9
2026-08-20,Humira,15.28,09:03:25,2,8,17.91
2026-08-20,Humira,13.64,09:03:55,2,8,17.92
2026-08-20,Humira,5.29,09:04:25,2,8,0.0
2026-08-20,Humira,13.88,09:04:55,2,8,17.94
2026-08-20,Humira,15.11,09:05:25,2,8,17.95
2026-08-20,Humira,14.44,09:05:55,2,8,17.96
2026-08-20,Humira,4.84,09:06:25,2,8,0.0
2026-08-20,Humira,5.4,09:06:55,2,8,0.0
2026-08-20,Humira,13.91,09:07:25,2,8,17.99
2026-08-20,Humira,16.63,09:07:55,2,8,18.0
2026-08-20,Humira,3.6,09:08:25,2,8,0.0
2026-08-20,Humira,5.23,09:08:55,2,8,0.0
2026-08-20,Humira,6.56,09:09:25,2,8,0.0
2026-08-20,Humira,15.74,09:09:55,2,8,18.05
2026-08-20,Humira,7.94,09:10:25,2,8,0.0
2026-08-20,Humira,13.22,09:10:55,2,8,18.07
2026-08-20,Humira,5.65,09:11:25,2,8,0.0
2026-08-20,Humira,9.62,09:11:55,2,8,18.09
2026-08-20,Humira,10.22,09:12:25,2,8,18.1
2026-08-20,Humira,10.09,09:12:55,2,8,18.11
2026-08-20,Humira,15.1,09:13:25,2,8,18.12
2026-08-20,Humira,12.74,09:13:55,2,8,18.13
2026-08-20,Humira,6.53,09:14:25,2,8,0.0
2026-08-20,Humira,10.31,09:14:55,2,8,18.16
2026-08-20,Humira,13.7,09:15:25,2,8,18.17
2026-08-20,Humira,17.0,09:15:55,2,8,18.18
2026-08-20,Humira,17.67,09:16:25,2,8,18.19
2026-08-20,Humira,4.96,09:16:55,2,8,0.0
2026-08-20,Humira,2.33,09:17:25,2,8,0.0
2026-08-20,Humira,17.51,09:17:55,2,8,18.22
2026-08-20,Humira,14.7,09:18:25,2,8,18.23
2026-08-20,Humira,13.3,09:18:55,2,8,18.24
2026-08-20,Humira,6.13,09:19:25,2,8,0.0
2026-08-20,Humira,9.72,09:19:55,2,8,18.27
2026-08-20,Humira,17.93,09:20:25,2,8,18.28
2026-08-20,Humira,12.44,09:20:55,2,8,18.29
2026-08-20,Humira,14.62,09:21:25,2,8,18.3
2026-08-20,Humira,10.18,09:21:55,2,8,18.31
2026-08-20,Humira,13.51,09:22:25,2,8,18.32
2026-08-20,Humira,13.41,09:22:55,2,8,18.33
2026-08-20,Humira,15.51,09:23:25,2,8,18.34
2026-08-20,Humira,15.67,09:23:55,2,8,18.35
2026-08-20,Humira,14.07,09:24:25,2,8,18.36
2026-08-20,Humira,15.77,09:24:55,2,8,18.37
2026-08-20,Humira,9.72,09:25:25,2,8,18.38
2026-08-20,Humira,11.7,09:25:55,2,8,18.39
2026-08-20,Humira,17.08,09:26:25,2,8,18.41
2026-08-20,Humira,10.89,09:26:55,2,8,18.42
2026-08-20,Humira,7.38,09:27:25,2,8,0.0
2026-08-20,Humira,13.04,09:27:55,2,8,18.44
2026-08-20,Humira,13.32,09:28:25,2,8,18.45
2026-08-20,Humira,12.93,09:28:55,2,8,18.46
2026-08-20,Humira,15.15,09:29:25,2,8,18.47
2026-08-20,Humira,17.28,09:29:55,2,8,18.48
2026-08-20,Humira,9.8,09:30:25,2,8,18.49
2026-08-20,Humira,7.91,09:30:55,2,8,0.0
2026-08-20,Humira,12.89,09:31:25,2,8,18.51
2026-08-20,Humira,17.32,09:31:55,2,8,18.53
2026-08-20,Humira,9.45,09:32:25,2,8,18.54
2026-08-20,Humira,9.94,09:32:55,2,8,18.55
2026-08-20,Humira,10.33,09:33:25,2,8,18.56
2026-08-20,Humira,11.11,09:33:55,2,8,18.57
2026-08-20,Humira,10.79,09:34:25,2,8,18.58
2026-08-20,Humira,9.48,09:34:55,2,8,18.59
2026-08-20,Humira,6.17,09:35:25,2,8,0.0
2026-08-20,Humira,12.65,09:35:55,2,8,18.61
2026-08-20,Humira,10.55,09:36:25,2,8,18.62
2026-08-20,Humira,11.42,09:36:55,2,8,18.63
2026-08-20,Humira,14.2,09:37:25,2,8,18.64
2026-08-20,Humira,9.81,09:37:55,2,8,18.66
2026-08-20,Humira,10.84,09:38:25,2,8,18.67
2026-08-20,Humira,12.78,09:38:55,2,8,18.68
2026-08-20,Humira,5.04,09:39:25,2,8,0.0
2026-08-20,Humira,13.65,09:39:55,2,8,18.7
2026-08-20,Humira,11.31,09:40:25,2,8,18.71
2026-08-20,Humira,14.42,09:40:55,2,8,18.72
2026-08-20,Humira,4.05,09:41:25,2,8,0.0
2026-08-20,Humira,9.12,09:41:55,2,8,18.74
2026-08-20,Humira,15.36,09:42:25,2,8,18.75
2026-08-20,Humira,14.9,09:42:55,2,8,18.76
2026-08-20,Humira,2.53,09:43:25,2,8,0.0
2026-08-20,Humira,14.49,09:43:55,2,8,18.79
2026-08-20,Humira,9.28,09:44:25,2,8,18.8
2026-08-20,Humira,11.4,09:44:55,2,8,18.81
2026-08-20,Humira,6.08,09:45:25,2,8,0.0
2026-08-20,Humira,17.36,09:45:55,2,8,18.83
2026-08-20,Humira,11.16,09:46:25,2,8,18.84
2026-08-20,Humira,11.18,09:46:55,2,8,18.85
2026-08-20,Humira,15.05,09:47:25,2,8,18.86
2026-08-20,Humira,15.23,09:47:55,2,8,18.87
2026-08-20,Humira,3.37,09:48:25,2,8,0.0
2026-08-20,Humira,12.35,09:48:55,2,8,18.89
2026-08-20,Humira,4.44,09:49:25,2,8,0.0
2026-08-20,Humira,13.62,09:49:55,2,8,18.92
2026-08-20,Humira,13.85,09:50:25,2,8,18.93
2026-08-20,Humira,3.73,09:50:55,2,8,0.0
2026-08-20,Humira,13.11,09:51:25,2,8,18.95
2026-08-20,Humira,11.3,09:51:55,2,8,18.96
2026-08-20,Humira,14.26,09:52:25,2,8,18.97
2026-08-20,Humira,13.57,09:52:55,2,8,18.98
2026-08-20,Humira,17.82,09:53:25,2,8,18.99
2026-08-20,Humira,17.67,09:53:55,2,8,19.0
2026-08-20,Humira,17.84,09:54:25,2,8,19.01
2026-08-20,Humira,13.08,09:54:55,2,8,19.02
2026-08-20,Humira,11.98,09:55:25,2,8,19.03
2026-08-20,Humira,11.1,09:55:55,2,8,19.05
2026-08-20,Humira,14.43,09:56:25,2,8,19.06
2026-08-20,Humira,14.54,09:56:55,2,8,19.07
2026-08-20,Humira,10.93,09:57:25,2,8,19.08
2026-08-20,Humira,12.5,09:57:55,2,8,19.09
2026-08-20,Humira,9.89,09:58:25,2,8,19.1
2026-08-20,Humira,9.55,09:58:55,2,8,19.11
2026-08-20,Humira,17.81,09:59:25,2,8,19.12
2026-08-20,Humira,16.6,09:59:55,2,8,19.13
2026-08-20,Humira,9.65,10:00:25,2,8,19.14
2026-08-20,Humira,16.74,10:00:55,2,8,19.15
2026-08-20,Humira,12.17,10:01:25,2,8,19.16
2026-08-20,Humira,10.16,10:01:55,2,8,19.18
2026-08-20,Humira,11.58,10:02:25,2,8,19.19
2026-08-20,Humira,10.35,10:02:55,2,8,19.2
2026-08-20,Humira,15.22,10:03:25,2,8,19.21
2026-08-20,Humira,14.31,10:03:55,2,8,19.22
2026-08-20,Humira,15.84,10:04:25,2,8,19.23
2026-08-20,Humira,15.12,10:04:55,2,8,19.24
2026-08-20,Humira,11.0,10:05:25,2,8,19.25
2026-08-20,Humira,12.64,10:05:55,2,8,19.26
2026-08-20,Humira,14.36,10:06:25,2,8,19.27
2026-08-20,Humira,13.43,10:06:55,2,8,19.28
2026-08-20,Humira,11.8,10:07:25,2,8,19.29
2026-08-20,Humira,10.9,10:07:55,2,8,19.3
2026-08-20,Humira,9.16,10:08:25,2,8,19.32
2026-08-20,Humira,10.69,10:08:55,2,8,19.33
2026-08-20,Humira,10.48,10:09:25,2,8,19.34
2026-08-20,Humira,17.9,10:09:55,2,8,19.35
2026-08-20,Humira,11.3,10:10:25,2,8,19.36
2026-08-20,Humira,10.97,10:10:55,2,8,19.37
2026-08-20,Humira,10.66,10:11:25,2,8,19.38
2026-08-20,Humira,2.59,10:11:55,2,8,0.0
2026-08-20,Humira,14.31,10:12:25,2,8,19.4
2026-08-20,Humira,11.87,10:12:55,2,8,19.41
2026-08-20,Humira,9.71,10:13:25,2,8,19.42
2026-08-20,Humira,16.41,10:13:55,2,8,19.43
2026-08-20,Humira,14.69,10:14:25,2,8,19.45
2026-08-20,Humira,11.95,10:14:55,2,8,19.46
2026-08-20,Humira,15.02,10:15:25,2,8,19.47
2026-08-20,Humira,16.7,10:15:55,2,8,19.48
2026-08-20,Humira,16.19,10:16:25,2,8,19.49
2026-08-20,Humira,2.39,10:16:55,2,8,0.0
2026-08-20,Humira,15.63,10:17:25,2,8,19.51
2026-08-20,Humira,7.4,10:17:55,2,8,0.0
2026-08-20,Humira,14.92,10:18:25,2,8,19.53
2026-08-20,Humira,17.25,10:18:55,2,8,19.54
2026-08-20,Humira,17.32,10:19:25,2,8,19.55
2026-08-20,Humira,6.02,10:19:55,2,8,0.0
2026-08-20,Humira,15.59,10:20:25,2,8,19.58
2026-08-20,Humira,15.93,10:20:55,2,8,19.59
2026-08-20,Humira,17.0,10:21:25,2,8,19.6
2026-08-20,Humira,7.82,10:21:55,2,8,0.0
2026-08-20,Humira,12.02,10:22:25,2,8,19.62
2026-08-20,Humira,13.33,10:22:55,2,8,19.63
2026-08-20,Humira,15.89,10:23:25,2,8,19.64
2026-08-20,Humira,12.77,10:23:55,2,8,19.65
2026-08-20,Humira,13.97,10:24:25,2,8,19.66
2026-08-20,Humira,14.97,10:24:55,2,8,19.67
2026-08-20,Humira,9.45,10:25:25,2,8,19.68
2026-08-20,Humira,17.5,10:25:55,2,8,19.7
2026-08-20,Humira,6.09,10:26:25,2,8,0.0
2026-08-20,Humira,16.46,10:26:55,2,8,19.72
2026-08-20,Humira,3.19,10:27:25,2,8,0.0
2026-08-20,Humira,10.94,10:27:55,2,8,19.74
2026-08-20,Humira,2.71,10:28:25,2,8,0.0
2026-08-20,Humira,11.54,10:28:55,2,8,19.76
2026-08-20,Humira,16.8,10:29:25,2,8,19.77
2026-08-20,Humira,6.25,10:29:55,2,8,0.0
2026-08-20,Humira,5.93,10:30:25,2,8,0.0
2026-08-20,Humira,16.77,10:30:55,2,8,19.8
2026-08-20,Humira,16.39,10:31:25,2,8,19.81
2026-08-20,Humira,14.68,10:31:55,2,8,19.82
2026-08-20,Humira,11.48,10:32:25,2,8,19.84
2026-08-20,Humira,7.6,10:32:55,2,8,0.0
2026-08-20,Humira,9.03,10:33:25,2,8,19.86
2026-08-20,Humira,15.94,10:33:55,2,8,19.87
2026-08-20,Humira,10.56,10:34:25,2,8,19.88
2026-08-20,Humira,4.67,10:34:55,2,8,0.0
2026-08-20,Humira,9.46,10:35:25,2,8,19.9
2026-08-20,Humira,11.92,10:35:55,2,8,19.91
2026-08-20,Humira,16.28,10:36:25,2,8,19.92
2026-08-20,Humira,14.71,10:36:55,2,8,19.93
2026-08-20,Humira,6.3,10:37:25,2,8,0.0
2026-08-20,Humira,17.84,10:37:55,2,8,19.96
2026-08-20,Humira,7.83,10:38:25,2,8,0.0
2026-08-20,Humira,13.28,10:38:55,2,8,19.98
2026-08-20,Humira,16.81,10:39:25,2,8,19.99
2026-08-20,Humira,9.56,10:39:55,2,8,20.0
2026-08-20,Humira,14.45,10:40:25,2,8,20.01
2026-08-20,Humira,9.55,10:40:55,2,8,20.02
2026-08-20,Humira,10.81,10:41:25,2,8,20.03
2026-08-20,Humira,17.92,10:41:55,2,8,20.04
2026-08-20,Humira,17.75,10:42:25,2,8,20.05
2026-08-20,Humira,15.09,10:42:55,2,8,20.06
2026-08-20,Humira,10.33,10:43:25,2,8,20.07
2026-08-20,Humira,15.02,10:43:55,2,8,20.09
2026-08-20,Humira,9.95,10:44:25,2,8,20.1
2026-08-20,Humira,12.13,10:44:55,2,8,20.11
2026-08-20,Humira,10.23,10:45:25,2,8,20.12
2026-08-20,Humira,12.8,10:45:55,2,8,20.13
2026-08-20,Humira,15.56,10:46:25,2,8,20.14
2026-08-20,Humira,4.61,10:46:55,2,8,0.0
2026-08-20,Humira,13.11,10:47:25,2,8,20.16
2026-08-20,Humira,2.94,10:47:55,2,8,0.0
2026-08-20,Humira,16.83,10:48:25,2,8,20.18
2026-08-20,Humira,14.88,10:48:55,2,8,20.19
2026-08-20,Humira,12.1,10:49:25,2,8,20.2
2026-08-20,Humira,17.3,10:49:55,2,8,20.21
2026-08-20,Humira,17.39,10:50:25,2,8,20.23
2026-08-20,Humira,17.14,10:50:55,2,8,20.24
2026-08-20,Humira,13.04,10:51:25,2,8,20.25
2026-08-20,Humira,9.6,10:51:55,2,8,20.26
2026-08-20,Humira,5.84,10:52:25,2,8,0.0
2026-08-20,Humira,16.09,10:52:55,2,8,20.28
2026-08-20,Humira,10.94,10:53:25,2,8,20.29
2026-08-20,Humira,12.57,10:53:55,2,8,20.3
2026-08-20,Humira,17.38,10:54:25,2,8,20.31
2026-08-20,Humira,2.62,10:54:55,2,8,0.0
2026-08-20,Humira,5.39,10:55:25,2,8,0.0
2026-08-20,Humira,9.58,10:55:55,2,8,20.35
2026-08-20,Humira,17.83,10:56:25,2,8,20.36
2026-08-20,Humira,10.63,10:56:55,2,8,20.37
2026-08-20,Humira,5.81,10:57:25,2,8,0.0
2026-08-20,Humira,16.89,10:57:55,2,8,20.39
2026-08-20,Humira,9.64,10:58:25,2,8,20.4
2026-08-20,Humira,10.9,10:58:55,2,8,20.41
2026-08-20,Humira,7.43,10:59:25,2,8,0.0
2026-08-20,Humira,11.65,10:59:55,2,8,20.43
2026-08-20,Humira,11.05,11:00:25,2,8,20.44
2026-08-20,Humira,16.53,11:00:55,2,8,20.45
2026-08-20,Humira,2.52,11:01:25,2,8,0.0
2026-08-20,Humira,9.39,11:01:55,2,8,20.48
2026-08-20,Humira,13.22,11:02:25,2,8,20.49
2026-08-20,Humira,9.16,11:02:55,2,8,20.5
2026-08-20,Humira,13.41,11:03:25,2,8,20.51
2026-08-20,Humira,12.47,11:03:55,2,8,20.52
2026-08-20,Humira,15.13,11:04:25,2,8,20.53
2026-08-20,Humira,17.51,11:04:55,2,8,20.54
2026-08-20,Humira,17.91,11:05:25,2,8,20.55
2026-08-20,Humira,9.63,11:05:55,2,8,20.56
2026-08-20,Humira,10.76,11:06:25,2,8,20.57
2026-08-20,Humira,16.42,11:06:55,2,8,20.58
2026-08-20,Humira,14.55,11:07:25,2,8,20.59
2026-08-20,Humira,15.95,11:07:55,2,8,20.61
2026-08-20,Humira,2.08,11:08:25,2,8,0.0
2026-08-20,Humira,16.15,11:08:55,2,8,20.63
2026-08-20,Humira,12.49,11:09:25,2,8,20.64
2026-08-20,Humira,12.01,11:09:55,2,8,20.65
2026-08-20,Humira,15.64,11:10:25,2,8,20.66
2026-08-20,Humira,4.82,11:10:55,2,8,0.0
2026-08-20,Humira,17.15,11:11:25,2,8,20.68
2026-08-20,Humira,17.15,11:11:55,2,8,20.69
2026-08-20,Humira,13.52,11:12:25,2,8,20.7
2026-08-20,Humira,11.42,11:12:55,2,8,20.71
2026-08-20,Humira,12.83,11:13:25,2,8,20.72
2026-08-20,Humira,4.95,11:13:55,2,8,0.0
2026-08-20,Humira,17.77,11:14:25,2,8,20.75
2026-08-20,Humira,5.31,11:14:55,2,8,0.0
2026-08-20,Humira,5.25,11:15:25,2,8,0.0
2026-08-20,Humira,16.85,11:15:55,2,8,20.78
2026-08-20,Humira,9.83,11:16:25,2,8,20.79
2026-08-20,Humira,14.67,11:16:55,2,8,20.8
2026-08-20,Humira,7.83,11:17:25,2,8,0.0
2026-08-20,Humira,3.16,11:17:55,2,8,0.0
2026-08-20,Humira,16.42,11:18:25,2,8,20.83
2026-08-20,Humira,10.6,11:18:55,2,8,20.84
2026-08-20,Humira,16.43,11:19:25,2,8,20.85
2026-08-20,Humira,16.4,11:19:55,2,8,20.87
2026-08-20,Humira,7.43,11:20:25,2,8,0.0
2026-08-20,Humira,6.83,11:20:55,2,8,0.0
2026-08-20,Humira,10.75,11:21:25,2,8,20.9
2026-08-20,Humira,10.77,11:21:55,2,8,20.91
2026-08-20,Humira,2.55,11:22:25,2,8,0.0
2026-08-20,Humira,5.61,11:22:55,2,8,0.0
2026-08-20,Humira,15.18,11:23:25,2,8,20.94
2026-08-20,Humira,3.02,11:23:55,2,8,0.0
2026-08-20,Humira,16.82,11:24:25,2,8,20.96
2026-08-20,Humira,16.9,11:24:55,2,8,20.97
2026-08-20,Humira,15.45,11:25:25,2,8,20.98
2026-08-20,Humira,16.46,11:25:55,2,8,20.99
2026-08-20,Humira,10.41,11:26:25,2,8,21.01
2026-08-20,Humira,3.69,11:26:55,2,8,0.0
2026-08-20,Humira,2.36,11:27:25,2,8,0.0
2026-08-20,Humira,17.21,11:27:55,2,8,21.04
2026-08-20,Humira,17.92,11:28:25,2,8,21.05
2026-08-20,Humira,5.22,11:28:55,2,8,0.0
2026-08-20,Humira,13.3,11:29:25,2,8,21.07
2026-08-20,Humira,7.84,11:29:55,2,8,0.0
2026-08-20,Humira,2.93,11:30:25,2,8,0.0
2026-08-20,Humira,9.94,11:30:55,2,8,21.1
2026-08-20,Humira,17.5,11:31:25,2,8,21.11
2026-08-20,Humira,9.6,11:31:55,2,8,21.12
2026-08-20,Humira,14.88,11:32:25,2,8,21.14
2026-08-20,Humira,14.98,11:32:55,2,8,21.15
2026-08-20,Humira,16.74,11:33:25,2,8,21.16
2026-08-20,Humira,9.01,11:33:55,2,8,21.17
2026-08-20,Humira,12.37,11:34:25,2,8,21.18
2026-08-20,Humira,4.17,11:34:55,2,8,0.0
2026-08-20,Humira,15.71,11:35:25,2,8,21.2
2026-08-20,Humira,11.28,11:35:55,2,8,21.21
2026-08-20,Humira,11.48,11:36:25,2,8,21.22
2026-08-20,Humira,14.43,11:36:55,2,8,21.23
2026-08-20,Humira,16.56,11:37:25,2,8,21.24
2026-08-20,Humira,16.13,11:37:55,2,8,21.26
2026-08-20,Humira,6.15,11:38:25,2,8,0.0
2026-08-20,Humira,9.73,11:38:55,2,8,21.28
2026-08-20,Humira,15.78,11:39:25,2,8,21.29
2026-08-20,Humira,11.46,11:39:55,2,8,21.3
2026-08-20,Humira,10.75,11:40:25,2,8,21.31
2026-08-20,Humira,2.28,11:40:55,2,8,0.0
2026-08-20,Humira,13.32,11:41:25,2,8,21.33
2026-08-20,Humira,11.26,11:41:55,2,8,21.34
2026-08-20,Humira,6.96,11:42:25,2,8,0.0
2026-08-20,Humira,11.56,11:42:55,2,8,21.36
2026-08-20,Humira,16.97,11:43:25,2,8,21.37
2026-08-20,Humira,5.12,11:43:55,2,8,0.0
2026-08-20,Humira,16.76,11:44:25,2,8,21.4
2026-08-20,Humira,12.57,11:44:55,2,8,21.41
2026-08-20,Humira,16.12,11:45:25,2,8,21.42
2026-08-20,Humira,10.95,11:45:55,2,8,21.43
2026-08-20,Humira,10.47,11:46:25,2,8,21.44
2026-08-20,Humira,3.41,11:46:55,2,8,0.0
2026-08-20,Humira,14.95,11:47:25,2,8,21.46
2026-08-20,Humira,2.76,11:47:55,2,8,0.0
2026-08-20,Humira,15.93,11:48:25,2,8,21.48
2026-08-20,Humira,16.29,11:48:55,2,8,21.49
2026-08-20,Humira,17.49,11:49:25,2,8,21.5
2026-08-20,Humira,12.28,11:49:55,2,8,21.52
2026-08-20,Humira,15.8,11:50:25,2,8,21.53
2026-08-20,Humira,16.11,11:50:55,2,8,21.54
2026-08-20,Humira,9.27,11:51:25,2,8,21.55
2026-08-20,Humira,16.09,11:51:55,2,8,21.56
2026-08-20,Humira,12.89,11:52:25,2,8,21.57
2026-08-20,Humira,13.35,11:52:55,2,8,21.58
2026-08-20,Humira,7.07,11:53:25,2,8,0.0
2026-08-20,Humira,9.44,11:53:55,2,8,21.6
2026-08-20,Humira,9.47,11:54:25,2,8,21.61
2026-08-20,Humira,10.64,11:54:55,2,8,21.62
2026-08-20,Humira,9.08,11:55:25,2,8,21.63
2026-08-20,Humira,5.05,11:55:55,2,8,0.0
2026-08-20,Humira,9.35,11:56:25,2,8,21.66
2026-08-20,Humira,17.67,11:56:55,2,8,21.67
2026-08-20,Humira,11.58,11:57:25,2,8,21.68
2026-08-20,Humira,11.2,11:57:55,2,8,21.69
2026-08-20,Humira,14.08,11:58:25,2,8,21.7
2026-08-20,Humira,13.09,11:58:55,2,8,21.71
2026-08-20,Humira,17.76,11:59:25,2,8,21.72
2026-08-20,Humira,12.16,11:59:55,2,8,21.73
2026-08-20,Humira,9.39,12:00:25,2,8,21.74
2026-08-20,Humira,10.63,12:00:55,2,8,21.75
2026-08-20,Humira,13.71,12:01:25,2,8,21.76
2026-08-20,Humira,15.58,12:01:55,2,8,21.78
2026-08-20,Humira,12.87,12:02:25,2,8,21.79
2026-08-20,Humira,3.51,12:02:55,2,8,0.0
2026-08-20,Humira,9.89,12:03:25,2,8,21.81
2026-08-20,Humira,13.29,12:03:55,2,8,21.82
2026-08-20,Humira,16.01,12:04:25,2,8,21.83
2026-08-20,Humira,17.96,12:04:55,2,8,21.84
2026-08-20,Humira,15.31,12:05:25,2,8,21.85
2026-08-20,Humira,9.41,12:05:55,2,8,21.86
2026-08-20,Humira,12.2,12:06:25,2,8,21.87
2026-08-20,Humira,7.46,12:06:55,2,8,0.0
2026-08-20,Humira,9.27,12:07:25,2,8,21.89
2026-08-20,Humira,16.62,12:07:55,2,8,21.91
2026-08-20,Humira,16.31,12:08:25,2,8,21.92
2026-08-20,Humira,15.39,12:08:55,2,8,21.93
2026-08-20,Humira,9.77,12:09:25,2,8,21.94
2026-08-20,Humira,10.85,12:09:55,2,8,21.95
2026-08-20,Humira,3.62,12:10:25,2,8,0.0
2026-08-20,Humira,4.5,12:10:55,2,8,0.0
2026-08-20,Humira,9.49,12:11:25,2,8,21.98
2026-08-20,Humira,13.71,12:11:55,2,8,21.99
2026-08-20,Humira,4.07,12:12:25,2,8,0.0
2026-08-20,Humira,3.44,12:12:55,2,8,0.0
2026-08-20,Humira,11.83,12:13:25,2,8,22.02
2026-08-20,Humira,17.61,12:13:55,2,8,22.04
2026-08-20,Humira,16.43,12:14:25,2,8,22.05
2026-08-20,Humira,10.99,12:14:55,2,8,22.06
2026-08-20,Humira,9.2,12:15:25,2,8,22.07
2026-08-20,Humira,13.95,12:15:55,2,8,22.08
2026-08-20,Humira,17.23,12:16:25,2,8,22.09
2026-08-20,Humira,10.72,12:16:55,2,8,22.1
2026-08-20,Humira,2.94,12:17:25,2,8,0.0
2026-08-20,Humira,14.9,12:17:55,2,8,22.12
2026-08-20,Humira,12.0,12:18:25,2,8,22.13
2026-08-20,Humira,15.15,12:18:55,2,8,22.14
2026-08-20,Humira,9.6,12:19:25,2,8,22.15
2026-08-20,Humira,6.6,12:19:55,2,8,0.0
2026-08-20,Humira,14.83,12:20:25,2,8,22.18
2026-08-20,Humira,12.47,12:20:55,2,8,22.19
2026-08-20,Humira,9.7,12:21:25,2,8,22.2
2026-08-20,Humira,10.01,12:21:55,2,8,22.21
2026-08-20,Humira,4.62,12:22:25,2,8,0.0
2026-08-20,Humira,12.26,12:22:55,2,8,22.23
2026-08-20,Humira,2.79,12:23:25,2,8,0.0
2026-08-20,Humira,6.42,12:23:55,2,8,0.0
2026-08-20,Humira,3.34,12:24:25,2,8,0.0
2026-08-20,Humira,9.67,12:24:55,2,8,22.27
2026-08-20,Humira,2.48,12:25:25,2,8,0.0
2026-08-20,Humira,4.59,12:25:55,2,8,0.0
2026-08-20,Humira,14.4,12:26:25,2,8,22.31
2026-08-20,Humira,14.28,12:26:55,2,8,22.32
2026-08-20,Humira,9.52,12:27:25,2,8,22.33
2026-08-20,Humira,14.87,12:27:55,2,8,22.34
2026-08-20,Humira,2.86,12:28:25,2,8,0.0
2026-08-20,Humira,15.53,12:28:55,2,8,22.36
2026-08-20,Humira,17.39,12:29:25,2,8,22.37
2026-08-20,Humira,16.41,12:29:55,2,8,22.38
2026-08-20,Humira,17.59,12:30:25,2,8,22.39
2026-08-20,Humira,10.4,12:30:55,2,8,22.4
2026-08-20,Humira,13.02,12:31:25,2,8,22.41
2026-08-20,Humira,4.81,12:31:55,2,8,0.0
2026-08-20,Humira,12.19,12:32:25,2,8,22.44
2026-08-20,Humira,4.94,12:32:55,2,8,0.0
2026-08-20,Humira,11.08,12:33:25,2,8,22.46
2026-08-20,Humira,4.92,12:33:55,2,8,0.0
2026-08-20,Humira,9.33,12:34:25,2,8,22.48
2026-08-20,Humira,14.63,12:34:55,2,8,22.49
2026-08-20,Humira,12.02,12:35:25,2,8,22.5
2026-08-20,Humira,13.7,12:35:55,2,8,22.51
2026-08-20,Humira,13.14,12:36:25,2,8,22.52
2026-08-20,Humira,5.79,12:36:55,2,8,0.0
2026-08-20,Humira,16.52,12:37:25,2,8,22.54
2026-08-20,Humira,7.32,12:37:55,2,8,0.0
2026-08-20,Humira,13.29,12:38:25,2,8,22.57
2026-08-20,Humira,12.98,12:38:55,2,8,22.58
2026-08-20,Humira,9.28,12:39:25,2,8,22.59
2026-08-20,Humira,9.46,12:39:55,2,8,22.6
2026-08-20,Humira,16.77,12:40:25,2,8,22.61
2026-08-20,Humira,9.45,12:40:55,2,8,22.62
2026-08-20,Humira,16.22,12:41:25,2,8,22.63
2026-08-20,Humira,15.03,12:41:55,2,8,22.64
2026-08-20,Humira,6.01,12:42:25,2,8,0.0
2026-08-20,Humira,15.75,12:42:55,2,8,22.66
2026-08-20,Humira,6.66,12:43:25,2,8,0.0
2026-08-20,Humira,17.18,12:43:55,2,8,22.68
2026-08-20,Humira,12.23,12:44:25,2,8,22.7
2026-08-20,Humira,12.1,12:44:55,2,8,22.71
2026-08-20,Humira,13.71,12:45:25,2,8,22.72
2026-08-20,Humira,17.87,12:45:55,2,8,22.73
2026-08-20,Humira,17.47,12:46:25,2,8,22.74
2026-08-20,Humira,9.8,12:46:55,2,8,22.75
2026-08-20,Humira,9.38,12:47:25,2,8,22.76
2026-08-20,Humira,10.26,12:47:55,2,8,22.77
2026-08-20,Humira,16.01,12:48:25,2,8,22.78
2026-08-20,Humira,9.35,12:48:55,2,8,22.79
2026-08-20,Humira,17.19,12:49:25,2,8,22.8
2026-08-20,Humira,15.93,12:49:55,2,8,22.82
2026-08-20,Humira,17.8,12:50:25,2,8,22.83
2026-08-20,Humira,17.09,12:50:55,2,8,22.84
2026-08-20,Humira,12.0,12:51:25,2,8,22.85
2026-08-20,Humira,16.57,12:51:55,2,8,22.86
2026-08-20,Humira,7.28,12:52:25,2,8,0.0
2026-08-20,Humira,5.46,12:52:55,2,8,0.0
2026-08-20,Humira,2.32,12:53:25,2,8,0.0
2026-08-20,Humira,17.48,12:53:55,2,8,22.9
2026-08-20,Humira,12.81,12:54:25,2,8,22.91
2026-08-20,Humira,15.62,12:54:55,2,8,22.92
2026-08-20,Humira,3.19,12:55:25,2,8,0.0
2026-08-20,Humira,10.35,12:55:55,2,8,22.95
2026-08-20,Humira,14.94,12:56:25,2,8,22.96
2026-08-20,Humira,7.17,12:56:55,2,8,0.0
2026-08-20,Humira,13.49,12:57:25,2,8,22.98
2026-08-20,Humira,15.1,12:57:55,2,8,22.99
2026-08-20,Humira,13.91,12:58:25,2,8,23.0
2026-08-20,Humira,2.9,12:58:55,2,8,0.0
2026-08-20,Humira,14.79,12:59:25,2,8,23.02
2026-08-20,Humira,16.88,12:59:55,2,8,23.03
2026-08-20,Humira,2.91,13:00:25,2,8,0.0
2026-08-20,Humira,13.86,13:00:55,2,8,23.05
2026-08-20,Humira,4.43,13:01:25,2,8,0.0
2026-08-20,Humira,14.27,13:01:55,2,8,23.07
2026-08-20,Humira,10.63,13:02:25,2,8,23.09
2026-08-20,Humira,16.69,13:02:55,2,8,23.1
2026-08-20,Humira,13.8,13:03:25,2,8,23.11
2026-08-20,Humira,17.89,13:03:55,2,8,23.12
2026-08-20,Humira,17.55,13:04:25,2,8,23.13
2026-08-20,Humira,14.37,13:04:55,2,8,23.14
2026-08-20,Humira,2.11,13:05:25,2,8,0.0
2026-08-20,Humira,17.12,13:05:55,2,8,23.16
2026-08-20,Humira,4.32,13:06:25,2,8,0.0
2026-08-20,Humira,10.65,13:06:55,2,8,23.18
2026-08-20,Humira,14.15,13:07:25,2,8,23.19
2026-08-20,Humira,6.87,13:07:55,2,8,0.0
2026-08-20,Humira,11.47,13:08:25,2,8,23.22
2026-08-20,Humira,9.32,13:08:55,2,8,23.23
2026-08-20,Humira,7.58,13:09:25,2,8,0.0
2026-08-20,Humira,2.56,13:09:55,2,8,0.0
2026-08-20,Humira,15.48,13:10:25,2,8,23.26
2026-08-20,Humira,17.97,13:10:55,2,8,23.27
2026-08-20,Humira,9.29,13:11:25,2,8,23.28
2026-08-20,Humira,7.31,13:11:55,2,8,0.0
2026-08-20,Humira,12.93,13:12:25,2,8,23.3
2026-08-20,Humira,17.52,13:12:55,2,8,23.31
2026-08-20,Humira,10.99,13:13:25,2,8,23.32
2026-08-20,Humira,12.26,13:13:55,2,8,23.34
2026-08-20,Humira,13.83,13:14:25,2,8,23.35
2026-08-20,Humira,7.23,13:14:55,2,8,0.0
2026-08-20,Humira,12.95,13:15:25,2,8,23.37
2026-08-20,Humira,17.52,13:15:55,2,8,23.38
2026-08-20,Humira,16.52,13:16:25,2,8,23.39
2026-08-20,Humira,14.39,13:16:55,2,8,23.4
2026-08-20,Humira,13.31,13:17:25,2,8,23.41
2026-08-20,Humira,16.05,13:17:55,2,8,23.42
2026-08-20,Humira,10.9,13:18:25,2,8,23.43
2026-08-20,Humira,5.23,13:18:55,2,8,0.0
2026-08-20,Humira,11.89,13:19:25,2,8,23.45
2026-08-20,Humira,14.78,13:19:55,2,8,23.47
2026-08-20,Humira,7.47,13:20:25,2,8,0.0
2026-08-20,Humira,14.75,13:20:55,2,8,23.49
2026-08-20,Humira,12.52,13:21:25,2,8,23.5
2026-08-20,Humira,12.04,13:21:55,2,8,23.51
2026-08-20,Humira,3.57,13:22:25,2,8,0.0
2026-08-20,Humira,13.32,13:22:55,2,8,23.53
2026-08-20,Humira,10.05,13:23:25,2,8,23.54
2026-08-20,Humira,15.24,13:23:55,2,8,23.55
2026-08-20,Humira,13.83,13:24:25,2,8,23.56
2026-08-20,Humira,17.27,13:24:55,2,8,23.57
2026-08-20,Humira,13.15,13:25:25,2,8,23.58
2026-08-20,Humira,13.31,13:25:55,2,8,23.59
2026-08-20,Humira,17.99,13:26:25,2,8,23.61
2026-08-20,Humira,15.36,13:26:55,2,8,23.62
2026-08-20,Humira,7.48,13:27:25,2,8,0.0
2026-08-20,Humira,14.04,13:27:55,2,8,23.64
2026-08-20,Humira,13.89,13:28:25,2,8,23.65
2026-08-20,Humira,15.89,13:28:55,2,8,23.66
2026-08-20,Humira,14.75,13:29:25,2,8,23.67
2026-08-20,Humira,16.42,13:29:55,2,8,23.68
2026-08-20,Humira,15.37,13:30:25,2,8,23.69
2026-08-20,Humira,16.74,13:30:55,2,8,23.7
2026-08-20,Humira,3.41,13:31:25,2,8,0.0
2026-08-20,Humira,9.49,13:31:55,2,8,23.73
2026-08-20,Humira,2.43,13:32:25,2,8,0.0
2026-08-20,Humira,15.98,13:32:55,2,8,23.75
2026-08-20,Humira,15.17,13:33:25,2,8,23.76
2026-08-20,Humira,16.5,13:33:55,2,8,23.77
2026-08-20,Humira,15.26,13:34:25,2,8,23.78
2026-08-20,Humira,17.22,13:34:55,2,8,23.79
2026-08-20,Humira,4.25,13:35:25,2,8,0.0
2026-08-20,Humira,16.39,13:35:55,2,8,23.81
2026-08-20,Humira,10.69,13:36:25,2,8,23.82
2026-08-20,Humira,12.41,13:36:55,2,8,23.83
2026-08-20,Humira,11.01,13:37:25,2,8,23.84
2026-08-20,Humira,9.09,13:37:55,2,8,23.86
2026-08-20,Humira,14.33,13:38:25,2,8,23.87
2026-08-20,Humira,3.89,13:38:55,2,8,0.0
2026-08-20,Humira,12.36,13:39:25,2,8,23.89
2026-08-20,Humira,9.41,13:39:55,2,8,23.9
2026-08-20,Humira,15.77,13:40:25,2,8,23.91
2026-08-20,Humira,6.22,13:40:55,2,8,0.0
2026-08-20,Humira,5.22,13:41:25,2,8,0.0
2026-08-20,Humira,12.72,13:41:55,2,8,23.94
2026-08-20,Humira,16.54,13:42:25,2,8,23.95
2026-08-20,Humira,11.5,13:42:55,2,8,23.96
2026-08-20,Humira,14.21,13:43:25,2,8,23.97
2026-08-20,Humira,14.09,13:43:55,2,8,23.98
2026-08-20,Humira,15.77,13:44:25,2,8,24.0
2026-08-20,Humira,6.86,13:44:55,2,8,0.0
2026-08-20,Humira,14.17,13:45:25,2,8,24.02
2026-08-20,Humira,13.0,13:45:55,2,8,24.03
2026-08-20,Humira,16.84,13:46:25,2,8,24.04
2026-08-20,Humira,17.82,13:46:55,2,8,24.05
2026-08-20,Humira,15.45,13:47:25,2,8,24.06
2026-08-20,Humira,13.04,13:47:55,2,8,24.07
2026-08-20,Humira,10.42,13:48:25,2,8,24.08
2026-08-20,Humira,17.04,13:48:55,2,8,24.09
2026-08-20,Humira,15.88,13:49:25,2,8,24.1
2026-08-20,Humira,10.59,13:49:55,2,8,24.12
2026-08-20,Humira,16.16,13:50:25,2,8,24.13
2026-08-20,Humira,9.37,13:50:55,2,8,24.14
2026-08-20,Humira,10.84,13:51:25,2,8,24.15
2026-08-20,Humira,7.16,13:51:55,2,8,0.0
2026-08-20,Humira,5.4,13:52:25,2,8,0.0
2026-08-20,Humira,4.61,13:52:55,2,8,0.0
2026-08-20,Humira,12.01,13:53:25,2,8,24.19
2026-08-20,Humira,17.56,13:53:55,2,8,24.2
2026-08-20,Humira,12.76,13:54:25,2,8,24.21
2026-08-20,Humira,13.44,13:54:55,2,8,24.22
2026-08-20,Humira,4.59,13:55:25,2,8,0.0
2026-08-20,Humira,3.3,13:55:55,2,8,0.0
2026-08-20,Humira,9.35,13:56:25,2,8,24.26
2026-08-20,Humira,11.93,13:56:55,2,8,24.27
2026-08-20,Humira,12.95,13:57:25,2,8,24.28
2026-08-20,Humira,15.62,13:57:55,2,8,24.29
2026-08-20,Humira,12.9,13:58:25,2,8,24.3
2026-08-20,Humira,9.81,13:58:55,2,8,24.31
2026-08-20,Humira,17.38,13:59:25,2,8,24.32
2026-08-20,Humira,5.51,13:59:55,2,8,0.0
2026-08-20,Humira,6.94,14:00:25,2,8,0.0
2026-08-20,Humira,17.35,14:00:55,2,8,24.35
2026-08-20,Humira,6.96,14:01:25,2,8,0.0
2026-08-20,Humira,4.8,14:01:55,2,8,0.0
2026-08-20,Humira,17.44,14:02:25,2,8,24.39
2026-08-20,Humira,11.91,14:02:55,2,8,24.4
2026-08-20,Humira,10.88,14:03:25,2,8,24.41
2026-08-20,Humira,17.81,14:03:55,2,8,24.42
2026-08-20,Humira,9.96,14:04:25,2,8,24.43
2026-08-20,Humira,9.48,14:04:55,2,8,24.44
2026-08-20,Humira,13.06,14:05:25,2,8,24.45
2026-08-20,Humira,17.27,14:05:55,2,8,24.46
2026-08-20,Humira,7.21,14:06:25,2,8,0.0
2026-08-20,Humira,13.67,14:06:55,2,8,24.48
2026-08-20,Humira,17.85,14:07:25,2,8,24.49
2026-08-20,Humira,16.55,14:07:55,2,8,24.51
2026-08-20,Humira,9.85,14:08:25,2,8,24.52
2026-08-20,Humira,12.03,14:08:55,2,8,24.53
2026-08-20,Humira,13.19,14:09:25,2,8,24.54
2026-08-20,Humira,17.03,14:09:55,2,8,24.55
2026-08-20,Humira,15.91,14:10:25,2,8,24.56
2026-08-20,Humira,13.48,14:10:55,2,8,24.57
2026-08-20,Humira,11.06,14:11:25,2,8,24.58
2026-08-20,Humira,15.38,14:11:55,2,8,24.59
2026-08-20,Humira,16.98,14:12:25,2,8,24.6
2026-08-20,Humira,9.41,14:12:55,2,8,24.61
2026-08-20,Humira,12.99,14:13:25,2,8,24.62
2026-08-20,Humira,10.06,14:13:55,2,8,24.64
2026-08-20,Humira,11.35,14:14:25,2,8,24.65
2026-08-20,Humira,7.7,14:14:55,2,8,0.0
2026-08-20,Humira,10.53,14:15:25,2,8,24.67
2026-08-20,Humira,5.41,14:15:55,2,8,0.0
2026-08-20,Humira,7.31,14:16:25,2,8,0.0
2026-08-20,Humira,10.48,14:16:55,2,8,24.7
2026-08-20,Humira,2.81,14:17:25,2,8,0.0
2026-08-20,Humira,17.03,14:17:55,2,8,24.72
2026-08-20,Humira,16.21,14:18:25,2,8,24.73
2026-08-20,Humira,2.46,14:18:55,2,8,0.0
2026-08-20,Humira,12.81,14:19:25,2,8,24.75
2026-08-20,Humira,16.59,14:19:55,2,8,24.77
2026-08-20,Humira,16.0,14:20:25,2,8,24.78
2026-08-20,Humira,11.04,14:20:55,2,8,24.79
2026-08-20,Humira,10.22,14:21:25,2,8,24.8
2026-08-20,Humira,9.61,14:21:55,2,8,24.81
2026-08-20,Humira,12.45,14:22:25,2,8,24.82
2026-08-20,Humira,13.98,14:22:55,2,8,24.83
2026-08-20,Humira,13.51,14:23:25,2,8,24.84
2026-08-20,Humira,12.59,14:23:55,2,8,24.85
2026-08-20,Humira,17.65,14:24:25,2,8,24.86
2026-08-20,Humira,16.13,14:24:55,2,8,24.87
2026-08-20,Humira,5.14,14:25:25,2,8,0.0
2026-08-20,Humira,3.29,14:25:55,2,8,0.0
2026-08-20,Humira,12.7,14:26:25,2,8,24.91
2026-08-20,Humira,13.81,14:26:55,2,8,24.92
2026-08-20,Humira,13.2,14:27:25,2,8,24.93
2026-08-20,Humira,13.17,14:27:55,2,8,24.94
2026-08-20,Humira,6.15,14:28:25,2,8,0.0
2026-08-20,Humira,12.54,14:28:55,2,8,24.96
2026-08-20,Humira,15.0,14:29:25,2,8,24.97
2026-08-20,Humira,9.85,14:29:55,2,8,24.98
2026-08-20,Humira,14.43,14:30:25,2,8,24.99
2026-08-20,Humira,17.82,14:30:55,2,8,25.0
2026-08-20,Humira,11.24,14:31:25,2,8,25.01
2026-08-20,Humira,12.26,14:31:55,2,8,25.03
2026-08-20,Humira,12.64,14:32:25,2,8,25.04
2026-08-20,Humira,16.7,14:32:55,2,8,25.05
2026-08-20,Humira,9.15,14:33:25,2,8,25.06
2026-08-20,Humira,17.24,14:33:55,2,8,25.07
2026-08-20,Humira,10.0,14:34:25,2,8,25.08
2026-08-20,Humira,12.69,14:34:55,2,8,25.09
2026-08-20,Humira,16.04,14:35:25,2,8,25.1
2026-08-20,Humira,13.15,14:35:55,2,8,25.11
2026-08-20,Humira,2.87,14:36:25,2,8,0.0
2026-08-20,Humira,17.37,14:36:55,2,8,25.13
2026-08-20,Humira,17.56,14:37:25,2,8,25.14
2026-08-20,Humira,13.7,14:37:55,2,8,25.16
2026-08-20,Humira,12.4,14:38:25,2,8,25.17
2026-08-20,Humira,15.37,14:38:55,2,8,25.18
2026-08-20,Humira,12.27,14:39:25,2,8,25.19
2026-08-20,Humira,11.05,14:39:55,2,8,25.2
2026-08-20,Humira,15.23,14:40:25,2,8,25.21
2026-08-20,Humira,14.31,14:40:55,2,8,25.22
2026-08-20,Humira,9.04,14:41:25,2,8,25.23
2026-08-20,Humira,11.08,14:41:55,2,8,25.24
2026-08-20,Humira,10.35,14:42:25,2,8,25.25
2026-08-20,Humira,11.95,14:42:55,2,8,25.26
2026-08-20,Humira,16.18,14:43:25,2,8,25.27
2026-08-20,Humira,12.43,14:43:55,2,8,25.29
2026-08-20,Humira,10.74,14:44:25,2,8,25.3
2026-08-20,Humira,16.61,14:44:55,2,8,25.31
2026-08-20,Humira,13.53,14:45:25,2,8,25.32
2026-08-20,Humira,13.95,14:45:55,2,8,25.33
2026-08-20,Humira,9.49,14:46:25,2,8,25.34
2026-08-20,Humira,3.45,14:46:55,2,8,0.0
2026-08-20,Humira,10.65,14:47:25,2,8,25.36
2026-08-20,Humira,12.81,14:47:55,2,8,25.37
2026-08-20,Humira,13.95,14:48:25,2,8,25.38
2026-08-20,Humira,2.58,14:48:55,2,8,0.0
2026-08-20,Humira,13.92,14:49:25,2,8,25.4
2026-08-20,Humira,15.13,14:49:55,2,8,25.42
2026-08-20,Humira,14.96,14:50:25,2,8,25.43
2026-08-20,Humira,13.8,14:50:55,2,8,25.44
2026-08-20,Humira,12.16,14:51:25,2,8,25.45
2026-08-20,Humira,10.27,14:51:55,2,8,25.46
2026-08-20,Humira,7.72,14:52:25,2,8,0.0
2026-08-20,Humira,10.12,14:52:55,2,8,25.48
2026-08-20,Humira,17.34,14:53:25,2,8,25.49
2026-08-20,Humira,9.37,14:53:55,2,8,25.5
2026-08-20,Humira,11.74,14:54:25,2,8,25.51
2026-08-20,Humira,10.63,14:54:55,2,8,25.52
2026-08-20,Humira,2.47,14:55:25,2,8,0.0
2026-08-20,Humira,3.14,14:55:55,2,8,0.0
2026-08-20,Humira,3.18,14:56:25,2,8,0.0
2026-08-20,Humira,14.99,14:56:55,2,8,25.57
2026-08-20,Humira,17.32,14:57:25,2,8,25.58
2026-08-20,Humira,11.13,14:57:55,2,8,25.59
2026-08-20,Humira,14.77,14:58:25,2,8,25.6
2026-08-20,Humira,13.91,14:58:55,2,8,25.61
2026-08-20,Humira,16.44,14:59:25,2,8,25.62
2026-08-20,Humira,17.47,14:59:55,2,8,25.63
2026-08-20,Humira,4.12,15:00:25,2,8,0.0
2026-08-20,Humira,14.98,15:00:55,2,8,25.65
2026-08-20,Humira,16.73,15:01:25,2,8,25.66
2026-08-20,Humira,11.85,15:01:55,2,8,25.68
2026-08-20,Humira,17.11,15:02:25,2,8,25.69
2026-08-20,Humira,9.79,15:02:55,2,8,25.7
2026-08-20,Humira,16.17,15:03:25,2,8,25.71
2026-08-20,Humira,6.21,15:03:55,2,8,0.0
2026-08-20,Humira,15.76,15:04:25,2,8,25.73
2026-08-20,Humira,11.61,15:04:55,2,8,25.74
2026-08-20,Humira,10.51,15:05:25,2,8,25.75
2026-08-20,Humira,7.45,15:05:55,2,8,0.0
2026-08-20,Humira,5.3,15:06:25,2,8,0.0
2026-08-20,Humira,4.94,15:06:55,2,8,0.0
2026-08-20,Humira,11.95,15:07:25,2,8,25.79
2026-08-20,Humira,14.83,15:07:55,2,8,25.81
2026-08-20,Humira,9.06,15:08:25,2,8,25.82
2026-08-20,Humira,12.07,15:08:55,2,8,25.83
2026-08-20,Humira,9.42,15:09:25,2,8,25.84
2026-08-20,Humira,2.28,15:09:55,2,8,0.0
2026-08-20,Humira,7.94,15:10:25,2,8,0.0
2026-08-20,Humira,12.97,15:10:55,2,8,25.87
2026-08-20,Humira,16.72,15:11:25,2,8,25.88
2026-08-20,Humira,10.03,15:11:55,2,8,25.89
2026-08-20,Humira,13.75,15:12:25,2,8,25.9
2026-08-20,Humira,2.75,15:12:55,2,8,0.0
2026-08-20,Humira,17.77,15:13:25,2,8,25.92
2026-08-20,Humira,10.52,15:13:55,2,8,25.93
2026-08-20,Humira,4.09,15:14:25,2,8,0.0
2026-08-20,Humira,3.69,15:14:55,2,8,0.0
2026-08-20,Humira,13.09,15:15:25,2,8,25.97
2026-08-20,Humira,14.08,15:15:55,2,8,25.98
2026-08-20,Humira,3.69,15:16:25,2,8,0.0
2026-08-20,Humira,14.94,15:16:55,2,8,26.0
2026-08-20,Humira,16.79,15:17:25,2,8,26.01
2026-08-20,Humira,5.94,15:17:55,2,8,0.0
2026-08-20,Humira,17.25,15:18:25,2,8,26.03
2026-08-20,Humira,15.29,15:18:55,2,8,26.04
2026-08-20,Humira,7.82,15:19:25,2,8,0.0
2026-08-20,Humira,10.27,15:19:55,2,8,26.07
2026-08-20,Humira,7.71,15:20:25,2,8,0.0
2026-08-20,Humira,10.49,15:20:55,2,8,26.09
2026-08-20,Humira,15.12,15:21:25,2,8,26.1
2026-08-20,Humira,15.64,15:21:55,2,8,26.11
2026-08-20,Humira,5.15,15:22:25,2,8,0.0
2026-08-20,Humira,3.96,15:22:55,2,8,0.0
2026-08-20,Humira,13.49,15:23:25,2,8,26.14
2026-08-20,Humira,13.46,15:23:55,2,8,26.15
2026-08-20,Humira,13.27,15:24:25,2,8,26.16
2026-08-20,Humira,16.17,15:24:55,2,8,26.17
2026-08-20,Humira,2.9,15:25:25,2,8,0.0
2026-08-20,Humira,13.5,15:25:55,2,8,26.2
2026-08-20,Humira,5.08,15:26:25,2,8,0.0
2026-08-20,Humira,9.92,15:26:55,2,8,26.22
2026-08-20,Humira,16.67,15:27:25,2,8,26.23
2026-08-20,Humira,11.78,15:27:55,2,8,26.24
2026-08-20,Humira,7.03,15:28:25,2,8,0.0
2026-08-20,Humira,10.5,15:28:55,2,8,26.26
2026-08-20,Humira,14.94,15:29:25,2,8,26.27
2026-08-20,Humira,16.48,15:29:55,2,8,26.28
2026-08-20,Humira,15.23,15:30:25,2,8,26.29
2026-08-20,Humira,11.51,15:30:55,2,8,26.3
2026-08-20,Humira,9.56,15:31:25,2,8,26.31
2026-08-20,Humira,11.71,15:31:55,2,8,26.32
2026-08-20,Humira,10.5,15:32:25,2,8,26.34
2026-08-20,Humira,13.81,15:32:55,2,8,26.35
2026-08-20,Humira,15.92,15:33:25,2,8,26.36
2026-08-20,Humira,17.94,15:33:55,2,8,26.37
2026-08-20,Humira,11.11,15:34:25,2,8,26.38
2026-08-20,Humira,11.08,15:34:55,2,8,26.39
2026-08-20,Humira,7.42,15:35:25,2,8,0.0
2026-08-20,Humira,14.75,15:35:55,2,8,26.41
2026-08-20,Humira,12.84,15:36:25,2,8,26.42
2026-08-20,Humira,17.48,15:36:55,2,8,26.43
2026-08-20,Humira,16.89,15:37:25,2,8,26.44
2026-08-20,Humira,16.41,15:37:55,2,8,26.46
2026-08-20,Humira,15.81,15:38:25,2,8,26.47
2026-08-20,Humira,14.5,15:38:55,2,8,26.48
2026-08-20,Humira,16.83,15:39:25,2,8,26.49
2026-08-20,Humira,13.74,15:39:55,2,8,26.5
2026-08-20,Humira,6.21,15:40:25,2,8,0.0
2026-08-20,Humira,14.75,15:40:55,2,8,26.52
2026-08-20,Humira,2.04,15:41:25,2,8,0.0
2026-08-20,Humira,10.33,15:41:55,2,8,26.54
2026-08-20,Humira,13.64,15:42:25,2,8,26.55
2026-08-20,Humira,3.6,15:42:55,2,8,0.0
2026-08-20,Humira,6.96,15:43:25,2,8,0.0
2026-08-20,Humira,15.85,15:43:55,2,8,26.59
2026-08-20,Humira,14.37,15:44:25,2,8,26.6
2026-08-20,Humira,16.52,15:44:55,2,8,26.61
2026-08-20,Humira,16.86,15:45:25,2,8,26.62
2026-08-20,Humira,2.81,15:45:55,2,8,0.0
2026-08-20,Humira,11.94,15:46:25,2,8,26.64
2026-08-20,Humira,3.82,15:46:55,2,8,0.0
2026-08-20,Humira,13.48,15:47:25,2,8,26.66
2026-08-20,Humira,12.33,15:47:55,2,8,26.67
2026-08-20,Humira,13.85,15:48:25,2,8,26.68
2026-08-20,Humira,12.06,15:48:55,2,8,26.69
2026-08-20,Humira,6.79,15:49:25,2,8,0.0
2026-08-20,Humira,14.07,15:49:55,2,8,26.72
2026-08-20,Humira,11.3,15:50:25,2,8,26.73
2026-08-20,Humira,16.28,15:50:55,2,8,26.74
2026-08-20,Humira,10.98,15:51:25,2,8,26.75
2026-08-20,Humira,12.64,15:51:55,2,8,26.76
2026-08-20,Humira,16.68,15:52:25,2,8,26.77
2026-08-20,Humira,13.43,15:52:55,2,8,26.78
2026-08-20,Humira,4.38,15:53:25,2,8,0.0
2026-08-20,Humira,10.74,15:53:55,2,8,26.8
2026-08-20,Humira,3.19,15:54:25,2,8,0.0
2026-08-20,Humira,11.34,15:54:55,2,8,26.82
2026-08-20,Humira,12.69,15:55:25,2,8,26.83
2026-08-20,Humira,13.86,15:55:55,2,8,26.84
2026-08-20,Humira,17.23,15:56:25,2,8,26.86
2026-08-20,Humira,3.85,15:56:55,2,8,0.0
2026-08-20,Humira,13.7,15:57:25,2,8,26.88
2026-08-20,Humira,10.97,15:57:55,2,8,26.89
2026-08-20,Humira,11.13,15:58:25,2,8,26.9
2026-08-20,Humira,13.52,15:58:55,2,8,26.91
2026-08-20,Humira,10.29,15:59:25,2,8,26.92
2026-08-20,Humira,13.11,15:59:55,2,8,26.93
2026-08-20,Humira,10.78,16:00:25,2,8,26.94
2026-08-20,Humira,6.12,16:00:55,2,8,0.0
2026-08-20,Humira,2.96,16:01:25,2,8,0.0
2026-08-20,Humira,13.53,16:01:55,2,8,26.98
2026-08-20,Humira,17.76,16:02:25,2,8,26.99
2026-08-20,Humira,12.82,16:02:55,2,8,27.0
2026-08-20,Humira,14.08,16:03:25,2,8,27.01
2026-08-20,Humira,3.55,16:03:55,2,8,0.0
2026-08-20,Humira,10.97,16:04:25,2,8,27.03
2026-08-20,Humira,10.52,16:04:55,2,8,27.04
2026-08-20,Humira,15.34,16:05:25,2,8,27.05
2026-08-20,Humira,2.98,16:05:55,2,8,0.0
2026-08-20,Humira,13.09,16:06:25,2,8,27.07
2026-08-20,Humira,11.08,16:06:55,2,8,27.08
2026-08-20,Humira,13.75,16:07:25,2,8,27.09
2026-08-20,Humira,6.23,16:07:55,2,8,0.0
2026-08-20,Humira,10.44,16:08:25,2,8,27.12
2026-08-20,Humira,7.35,16:08:55,2,8,0.0
2026-08-20,Humira,17.23,16:09:25,2,8,27.14
2026-08-20,Humira,14.04,16:09:55,2,8,27.15
2026-08-20,Humira,10.29,16:10:25,2,8,27.16
2026-08-20,Humira,4.14,16:10:55,2,8,0.0
2026-08-20,Humira,14.35,16:11:25,2,8,27.18
2026-08-20,Humira,16.64,16:11:55,2,8,27.19
2026-08-20,Humira,15.43,16:12:25,2,8,27.2
2026-08-20,Humira,11.75,16:12:55,2,8,27.21
2026-08-20,Humira,15.11,16:13:25,2,8,27.22
2026-08-20,Humira,17.25,16:13:55,2,8,27.23
2026-08-20,Humira,15.45,16:14:25,2,8,27.25
2026-08-20,Humira,17.29,16:14:55,2,8,27.26
2026-08-20,Humira,13.24,16:15:25,2,8,27.27
2026-08-20,Humira,13.09,16:15:55,2,8,27.28
2026-08-20,Humira,17.62,16:16:25,2,8,27.29
2026-08-20,Humira,13.86,16:16:55,2,8,27.3
2026-08-20,Humira,3.74,16:17:25,2,8,0.0
2026-08-20,Humira,14.89,16:17:55,2,8,27.32
2026-08-20,Humira,12.67,16:18:25,2,8,27.33
2026-08-20,Humira,14.17,16:18:55,2,8,27.34
2026-08-20,Humira,17.91,16:19:25,2,8,27.35
2026-08-20,Humira,11.66,16:19:55,2,8,27.37
2026-08-20,Humira,9.71,16:20:25,2,8,27.38
2026-08-20,Humira,17.94,16:20:55,2,8,27.39
2026-08-20,Humira,17.24,16:21:25,2,8,27.4
2026-08-20,Humira,17.48,16:21:55,2,8,27.41
2026-08-20,Humira,4.23,16:22:25,2,8,0.0
2026-08-20,Humira,10.18,16:22:55,2,8,27.43
2026-08-20,Humira,10.5,16:23:25,2,8,27.44
2026-08-20,Humira,10.56,16:23:55,2,8,27.45
2026-08-20,Humira,14.19,16:24:25,2,8,27.46
2026-08-20,Humira,15.99,16:24:55,2,8,27.47
2026-08-20,Humira,10.85,16:25:25,2,8,27.48
2026-08-20,Humira,10.76,16:25:55,2,8,27.49
2026-08-20,Humira,16.78,16:26:25,2,8,27.51
2026-08-20,Humira,13.41,16:26:55,2,8,27.52
2026-08-20,Humira,7.91,16:27:25,2,8,0.0
2026-08-20,Humira,15.39,16:27:55,2,8,27.54
2026-08-20,Humira,7.37,16:28:25,2,8,0.0
2026-08-20,Humira,12.83,16:28:55,2,8,27.56
2026-08-20,Humira,17.42,16:29:25,2,8,27.57
2026-08-20,Humira,17.69,16:29:55,2,8,27.58
2026-08-20,Humira,9.27,16:30:25,2,8,27.59
2026-08-20,Humira,12.03,16:30:55,2,8,27.6
2026-08-20,Humira,10.86,16:31:25,2,8,27.61
2026-08-20,Humira,13.31,16:31:55,2,8,27.62
2026-08-20,Humira,2.9,16:32:25,2,8,0.0
2026-08-20,Humira,15.57,16:32:55,2,8,27.65
2026-08-20,Humira,3.02,16:33:25,2,8,0.0
2026-08-20,Humira,13.2,16:33:55,2,8,27.67
2026-08-20,Humira,12.48,16:34:25,2,8,27.68
2026-08-20,Humira,15.44,16:34:55,2,8,27.69
2026-08-20,Humira,13.36,16:35:25,2,8,27.7
2026-08-20,Humira,12.71,16:35:55,2,8,27.71
2026-08-20,Humira,15.47,16:36:25,2,8,27.72
2026-08-20,Humira,10.2,16:36:55,2,8,27.73
2026-08-20,Humira,6.78,16:37:25,2,8,0.0
2026-08-20,Humira,3.55,16:37:55,2,8,0.0
2026-08-20,Humira,13.89,16:38:25,2,8,27.77
2026-08-20,Humira,14.92,16:38:55,2,8,27.78
2026-08-20,Humira,10.22,16:39:25,2,8,27.79
2026-08-20,Humira,16.72,16:39:55,2,8,27.8
2026-08-20,Humira,17.25,16:40:25,2,8,27.81
2026-08-20,Humira,13.19,16:40:55,2,8,27.82
2026-08-20,Humira,14.83,16:41:25,2,8,27.83
2026-08-20,Humira,13.55,16:41:55,2,8,27.84
2026-08-20,Humira,9.08,16:42:25,2,8,27.85
2026-08-20,Humira,10.55,16:42:55,2,8,27.86
2026-08-20,Humira,14.03,16:43:25,2,8,27.87
2026-08-20,Humira,9.59,16:43:55,2,8,27.89
2026-08-20,Humira,7.64,16:44:25,2,8,0.0
2026-08-20,Humira,2.47,16:44:55,2,8,0.0
2026-08-20,Humira,16.51,16:45:25,2,8,27.92
2026-08-20,Humira,15.25,16:45:55,2,8,27.93
2026-08-20,Humira,11.39,16:46:25,2,8,27.94
2026-08-20,Humira,15.74,16:46:55,2,8,27.95
2026-08-20,Humira,14.09,16:47:25,2,8,27.96
2026-08-20,Humira,12.2,16:47:55,2,8,27.97
2026-08-20,Humira,2.47,16:48:25,2,8,0.0
2026-08-20,Humira,17.74,16:48:55,2,8,27.99
2026-08-20,Humira,12.19,16:49:25,2,8,28.0
2026-08-20,Humira,10.65,16:49:55,2,8,28.02
2026-08-20,Humira,16.01,16:50:25,2,8,28.03
2026-08-20,Humira,6.23,16:50:55,2,8,0.0
2026-08-20,Humira,6.79,16:51:25,2,8,0.0
2026-08-20,Humira,13.98,16:51:55,2,8,28.06
2026-08-20,Humira,15.56,16:52:25,2,8,28.07
2026-08-20,Humira,5.94,16:52:55,2,8,0.0
2026-08-20,Humira,3.84,16:53:25,2,8,0.0
2026-08-20,Humira,14.51,16:53:55,2,8,28.1
2026-08-20,Humira,9.69,16:54:25,2,8,28.11
2026-08-20,Humira,5.35,16:54:55,2,8,0.0
2026-08-20,Humira,11.71,16:55:25,2,8,28.13
2026-08-20,Humira,11.05,16:55:55,2,8,28.14
2026-08-20,Humira,10.41,16:56:25,2,8,28.16
2026-08-20,Humira,13.25,16:56:55,2,8,28.17
2026-08-20,Humira,3.85,16:57:25,2,8,0.0
2026-08-20,Humira,11.84,16:57:55,2,8,28.19
2026-08-20,Humira,9.47,16:58:25,2,8,28.2
2026-08-20,Humira,9.71,16:58:55,2,8,28.21
2026-08-20,Humira,12.65,16:59:25,2,8,28.22
2026-08-20,Humira,3.55,16:59:55,2,8,0.0
2026-08-20,Humira,13.83,17:00:25,2,8,28.24
2026-08-20,Humira,12.55,17:00:55,2,8,28.25
2026-08-20,Humira,16.35,17:01:25,2,8,28.26
2026-08-20,Humira,12.41,17:01:55,2,8,28.28
2026-08-20,Humira,14.11,17:02:25,2,8,28.29
2026-08-20,Humira,5.59,17:02:55,2,8,0.0
2026-08-20,Humira,10.06,17:03:25,2,8,28.31
2026-08-20,Humira,9.05,17:03:55,2,8,28.32
2026-08-20,Humira,11.07,17:04:25,2,8,28.33
2026-08-20,Humira,14.11,17:04:55,2,8,28.34
2026-08-20,Humira,16.35,17:05:25,2,8,28.35
2026-08-20,Humira,17.89,17:05:55,2,8,28.36
2026-08-20,Humira,16.68,17:06:25,2,8,28.37
2026-08-20,Humira,13.88,17:06:55,2,8,28.38
2026-08-20,Humira,13.01,17:07:25,2,8,28.39
2026-08-20,Humira,17.9,17:07:55,2,8,28.41
2026-08-20,Humira,17.02,17:08:25,2,8,28.42
2026-08-20,Humira,16.18,17:08:55,2,8,28.43
2026-08-20,Humira,12.73,17:09:25,2,8,28.44
2026-08-20,Humira,14.81,17:09:55,2,8,28.45
2026-08-20,Humira,13.92,17:10:25,2,8,28.46
2026-08-20,Humira,2.13,17:10:55,2,8,0.0
2026-08-20,Humira,14.99,17:11:25,2,8,28.48
2026-08-20,Humira,13.84,17:11:55,2,8,28.49
2026-08-20,Humira,12.17,17:12:25,2,8,28.5
2026-08-20,Humira,2.65,17:12:55,2,8,0.0
2026-08-20,Humira,14.49,17:13:25,2,8,28.52
2026-08-20,Humira,15.96,17:13:55,2,8,28.54
2026-08-20,Humira,3.88,17:14:25,2,8,0.0
2026-08-20,Humira,14.67,17:14:55,2,8,28.56
2026-08-20,Humira,11.37,17:15:25,2,8,28.57
2026-08-20,Humira,9.83,17:15:55,2,8,28.58
2026-08-20,Humira,14.83,17:16:25,2,8,28.59
2026-08-20,Humira,11.16,17:16:55,2,8,28.6
2026-08-20,Humira,10.9,17:17:25,2,8,28.61
2026-08-20,Humira,13.14,17:17:55,2,8,28.62
2026-08-20,Humira,16.6,17:18:25,2,8,28.63
2026-08-20,Humira,13.16,17:18:55,2,8,28.64
2026-08-20,Humira,4.3,17:19:25,2,8,0.0
2026-08-20,Humira,10.24,17:19:55,2,8,28.67
2026-08-20,Humira,9.16,17:20:25,2,8,28.68
2026-08-20,Humira,6.81,17:20:55,2,8,0.0
2026-08-20,Humira,9.55,17:21:25,2,8,28.7
2026-08-20,Humira,11.65,17:21:55,2,8,28.71
2026-08-20,Humira,13.62,17:22:25,2,8,28.72
2026-08-20,Humira,17.56,17:22:55,2,8,28.73
2026-08-20,Humira,15.86,17:23:25,2,8,28.74
2026-08-20,Humira,17.34,17:23:55,2,8,28.75
2026-08-20,Humira,5.21,17:24:25,2,8,0.0
2026-08-20,Humira,17.5,17:24:55,2,8,28.77
2026-08-20,Humira,13.56,17:25:25,2,8,28.78
2026-08-20,Humira,6.11,17:25:55,2,8,0.0
2026-08-20,Humira,6.43,17:26:25,2,8,0.0
2026-08-20,Humira,11.39,17:26:55,2,8,28.82
2026-08-20,Humira,17.82,17:27:25,2,8,28.83
2026-08-20,Humira,14.06,17:27:55,2,8,28.84
2026-08-20,Humira,17.75,17:28:25,2,8,28.85
2026-08-20,Humira,13.97,17:28:55,2,8,28.86
2026-08-20,Humira,5.94,17:29:25,2,8,0.0
2026-08-20,Humira,10.59,17:29:55,2,8,28.88
2026-08-20,Humira,16.53,17:30:25,2,8,28.89
2026-08-20,Humira,16.75,17:30:55,2,8,28.9
2026-08-20,Humira,9.08,17:31:25,2,8,28.91
2026-08-20,Humira,12.48,17:31:55,2,8,28.93
2026-08-20,Humira,11.91,17:32:25,2,8,28.94
2026-08-20,Humira,4.34,17:32:55,2,8,0.0
2026-08-20,Humira,7.83,17:33:25,2,8,0.0
2026-08-20,Humira,12.38,17:33:55,2,8,28.97
2026-08-20,Humira,5.43,17:34:25,2,8,0.0
2026-08-20,Humira,16.55,17:34:55,2,8,28.99
2026-08-20,Humira,4.86,17:35:25,2,8,0.0
2026-08-20,Humira,17.53,17:35:55,2,8,29.01
2026-08-20,Humira,14.0,17:36:25,2,8,29.02
2026-08-20,Humira,7.46,17:36:55,2,8,0.0
2026-08-20,Humira,11.61,17:37:25,2,8,29.04
2026-08-20,Humira,10.83,17:37:55,2,8,29.06
2026-08-20,Humira,9.12,17:38:25,2,8,29.07
2026-08-20,Humira,14.05,17:38:55,2,8,29.08
2026-08-20,Humira,15.99,17:39:25,2,8,29.09
2026-08-20,Humira,4.05,17:39:55,2,8,0.0
2026-08-20,Humira,3.94,17:40:25,2,8,0.0
2026-08-20,Humira,5.68,17:40:55,2,8,0.0
2026-08-20,Humira,4.79,17:41:25,2,8,0.0
2026-08-20,Humira,10.07,17:41:55,2,8,29.14
2026-08-20,Humira,11.97,17:42:25,2,8,29.15
2026-08-20,Humira,9.04,17:42:55,2,8,29.16
2026-08-20,Humira,10.74,17:43:25,2,8,29.17
2026-08-20,Humira,17.8,17:43:55,2,8,29.18
2026-08-20,Humira,11.37,17:44:25,2,8,29.2
2026-08-20,Humira,15.28,17:44:55,2,8,29.21
2026-08-20,Humira,9.88,17:45:25,2,8,29.22
2026-08-20,Humira,16.43,17:45:55,2,8,29.23
2026-08-20,Humira,7.2,17:46:25,2,8,0.0
2026-08-20,Humira,14.55,17:46:55,2,8,29.25
2026-08-20,Humira,17.61,17:47:25,2,8,29.26
2026-08-20,Humira,14.21,17:47:55,2,8,29.27
2026-08-20,Humira,9.19,17:48:25,2,8,29.28
2026-08-20,Humira,15.38,17:48:55,2,8,29.29
2026-08-20,Humira,13.78,17:49:25,2,8,29.3
2026-08-20,Humira,12.4,17:49:55,2,8,29.32
2026-08-20,Humira,16.68,17:50:25,2,8,29.33
2026-08-20,Humira,12.07,17:50:55,2,8,29.34
2026-08-20,Humira,15.39,17:51:25,2,8,29.35
2026-08-20,Humira,11.87,17:51:55,2,8,29.36
2026-08-20,Humira,11.48,17:52:25,2,8,29.37
2026-08-20,Humira,14.38,17:52:55,2,8,29.38
2026-08-20,Humira,11.48,17:53:25,2,8,29.39
2026-08-20,Humira,9.73,17:53:55,2,8,29.4
2026-08-20,Humira,9.89,17:54:25,2,8,29.41
2026-08-20,Humira,16.13,17:54:55,2,8,29.42
2026-08-20,Humira,11.72,17:55:25,2,8,29.43
2026-08-20,Humira,9.93,17:55:55,2,8,29.45
2026-08-20,Humira,12.84,17:56:25,2,8,29.46
2026-08-20,Humira,3.55,17:56:55,2,8,0.0
2026-08-20,Humira,9.02,17:57:25,2,8,29.48
2026-08-20,Humira,6.33,17:57:55,2,8,0.0
2026-08-20,Humira,7.28,17:58:25,2,8,0.0
2026-08-20,Humira,13.03,17:58:55,2,8,29.51
2026-08-20,Humira,14.11,17:59:25,2,8,29.52
2026-08-20,Humira,11.52,17:59:55,2,8,29.53
2026-08-20,Humira,3.35,18:00:25,2,8,0.0
2026-08-20,Humira,15.22,18:00:55,2,8,29.55
2026-08-20,Humira,7.19,18:01:25,2,8,0.0
2026-08-20,Humira,16.48,18:01:55,2,8,29.57
2026-08-20,Humira,13.22,18:02:25,2,8,29.59
2026-08-20,Humira,14.69,18:02:55,2,8,29.6
2026-08-20,Humira,9.11,18:03:25,2,8,29.61
2026-08-20,Humira,9.14,18:03:55,2,8,29.62
2026-08-20,Humira,10.84,18:04:25,2,8,29.63
2026-08-20,Humira,7.41,18:04:55,2,8,0.0
2026-08-20,Humira,11.28,18:05:25,2,8,29.65
2026-08-20,Humira,13.75,18:05:55,2,8,29.66
2026-08-20,Humira,13.54,18:06:25,2,8,29.67
2026-08-20,Humira,15.65,18:06:55,2,8,29.68
2026-08-20,Humira,9.6,18:07:25,2,8,29.69
2026-08-20,Humira,15.14,18:07:55,2,8,29.71
2026-08-20,Humira,16.39,18:08:25,2,8,29.72
2026-08-20,Humira,11.71,18:08:55,2,8,29.73
2026-08-20,Humira,10.37,18:09:25,2,8,29.74
2026-08-20,Humira,12.44,18:09:55,2,8,29.75
2026-08-20,Humira,10.74,18:10:25,2,8,29.76
2026-08-20,Humira,2.28,18:10:55,2,8,0.0
2026-08-20,Humira,15.9,18:11:25,2,8,29.78
2026-08-20,Humira,14.28,18:11:55,2,8,29.79
2026-08-20,Humira,14.66,18:12:25,2,8,29.8
2026-08-20,Humira,11.84,18:12:55,2,8,29.81
2026-08-20,Humira,15.47,18:13:25,2,8,29.82
2026-08-20,Humira,14.87,18:13:55,2,8,29.84
2026-08-20,Humira,12.67,18:14:25,2,8,29.85
2026-08-20,Humira,15.99,18:14:55,2,8,29.86
2026-08-20,Humira,15.85,18:15:25,2,8,29.87
2026-08-20,Humira,11.69,18:15:55,2,8,29.88
2026-08-20,Humira,17.0,18:16:25,2,8,29.89
2026-08-20,Humira,11.59,18:16:55,2,8,29.9
2026-08-20,Humira,17.74,18:17:25,2,8,29.91
2026-08-20,Humira,16.1,18:17:55,2,8,29.92
2026-08-20,Humira,13.41,18:18:25,2,8,29.93
2026-08-20,Humira,4.6,18:18:55,2,8,0.0
2026-08-20,Humira,10.44,18:19:25,2,8,29.95
2026-08-20,Humira,15.12,18:19:55,2,8,29.97
2026-08-20,Humira,15.46,18:20:25,2,8,29.98
2026-08-20,Humira,13.5,18:20:55,2,8,29.99
2026-08-20,Humira,14.43,18:21:25,2,8,30.0
2026-08-20,Humira,13.35,18:21:55,2,8,30.01
2026-08-20,Humira,7.63,18:22:25,2,8,0.0
2026-08-20,Humira,10.98,18:22:55,2,8,30.03
2026-08-20,Humira,9.74,18:23:25,2,8,30.04
2026-08-20,Humira,7.55,18:23:55,2,8,0.0
2026-08-20,Humira,12.11,18:24:25,2,8,30.06
2026-08-20,Humira,11.21,18:24:55,2,8,30.07
2026-08-20,Humira,9.79,18:25:25,2,8,30.08
2026-08-20,Humira,11.41,18:25:55,2,8,30.09
2026-08-20,Humira,15.66,18:26:25,2,8,30.11
2026-08-20,Humira,10.32,18:26:55,2,8,30.12
2026-08-20,Humira,7.2,18:27:25,2,8,0.0
2026-08-20,Humira,9.77,18:27:55,2,8,30.14
2026-08-20,Humira,16.11,18:28:25,2,8,30.15
2026-08-20,Humira,13.67,18:28:55,2,8,30.16
2026-08-20,Humira,13.8,18:29:25,2,8,30.17
2026-08-20,Humira,7.2,18:29:55,2,8,0.0
2026-08-20,Humira,4.94,18:30:25,2,8,0.0
2026-08-20,Humira,14.47,18:30:55,2,8,30.2
2026-08-20,Humira,11.73,18:31:25,2,8,30.21
2026-08-20,Humira,11.6,18:31:55,2,8,30.23
2026-08-20,Humira,5.81,18:32:25,2,8,0.0
2026-08-20,Humira,10.34,18:32:55,2,8,30.25
2026-08-20,Humira,11.35,18:33:25,2,8,30.26
2026-08-20,Humira,13.74,18:33:55,2,8,30.27
2026-08-20,Humira,9.34,18:34:25,2,8,30.28
2026-08-20,Humira,5.12,18:34:55,2,8,0.0
2026-08-20,Humira,10.32,18:35:25,2,8,30.3
2026-08-20,Humira,3.95,18:35:55,2,8,0.0
2026-08-20,Humira,17.83,18:36:25,2,8,30.32
2026-08-20,Humira,13.05,18:36:55,2,8,30.33
2026-08-20,Humira,6.93,18:37:25,2,8,0.0
2026-08-20,Humira,11.59,18:37:55,2,8,30.36
2026-08-20,Humira,11.84,18:38:25,2,8,30.37
2026-08-20,Humira,17.43,18:38:55,2,8,30.38
2026-08-20,Humira,11.81,18:39:25,2,8,30.39
2026-08-20,Humira,17.06,18:39:55,2,8,30.4
2026-08-20,Humira,10.8,18:40:25,2,8,30.41
2026-08-20,Humira,14.93,18:40:55,2,8,30.42
2026-08-20,Humira,17.71,18:41:25,2,8,30.43
2026-08-20,Humira,9.42,18:41:55,2,8,30.44
2026-08-20,Humira,12.99,18:42:25,2,8,30.45
2026-08-20,Humira,4.11,18:42:55,2,8,0.0
2026-08-20,Humira,14.88,18:43:25,2,8,30.47
2026-08-20,Humira,14.41,18:43:55,2,8,30.48
2026-08-20,Humira,5.27,18:44:25,2,8,0.0
2026-08-20,Humira,15.34,18:44:55,2,8,30.51
2026-08-20,Humira,17.76,18:45:25,2,8,30.52
2026-08-20,Humira,10.93,18:45:55,2,8,30.53
2026-08-20,Humira,11.22,18:46:25,2,8,30.54
2026-08-20,Humira,16.76,18:46:55,2,8,30.55
2026-08-20,Humira,5.96,18:47:25,2,8,0.0
2026-08-20,Humira,5.04,18:47:55,2,8,0.0
2026-08-20,Humira,12.99,18:48:25,2,8,30.58
2026-08-20,Humira,13.61,18:48:55,2,8,30.59
2026-08-20,Humira,9.69,18:49:25,2,8,30.6
2026-08-20,Humira,15.89,18:49:55,2,8,30.62
2026-08-20,Humira,4.08,18:50:25,2,8,0.0
2026-08-20,Humira,13.0,18:50:55,2,8,30.64
2026-08-20,Humira,10.36,18:51:25,2,8,30.65
2026-08-20,Humira,6.78,18:51:55,2,8,0.0
2026-08-20,Humira,9.8,18:52:25,2,8,30.67
2026-08-20,Humira,12.45,18:52:55,2,8,30.68
2026-08-20,Humira,17.54,18:53:25,2,8,30.69
2026-08-20,Humira,9.57,18:53:55,2,8,30.7
2026-08-20,Humira,11.25,18:54:25,2,8,30.71
2026-08-20,Humira,6.73,18:54:55,2,8,0.0
2026-08-20,Humira,15.53,18:55:25,2,8,30.73
2026-08-20,Humira,4.45,18:55:55,2,8,0.0
2026-08-20,Humira,7.14,18:56:25,2,8,0.0
2026-08-20,Humira,9.54,18:56:55,2,8,30.77
2026-08-20,Humira,5.56,18:57:25,2,8,0.0
2026-08-20,Humira,12.47,18:57:55,2,8,30.79
2026-08-20,Humira,10.64,18:58:25,2,8,30.8
2026-08-20,Humira,14.71,18:58:55,2,8,30.81
2026-08-20,Humira,10.29,18:59:25,2,8,30.82
2026-08-20,Humira,16.29,18:59:55,2,8,30.83
2026-08-20,Humira,5.41,19:00:25,2,8,0.0
2026-08-20,Humira,14.99,19:00:55,2,8,30.85
2026-08-20,Humira,14.74,19:01:25,2,8,30.86
2026-08-20,Humira,9.57,19:01:55,2,8,30.88
2026-08-20,Humira,15.01,19:02:25,2,8,30.89
2026-08-20,Humira,9.39,19:02:55,2,8,30.9
2026-08-20,Humira,12.25,19:03:25,2,8,30.91
2026-08-20,Humira,9.67,19:03:55,2,8,30.92
2026-08-20,Humira,17.63,19:04:25,2,8,30.93
2026-08-20,Humira,15.68,19:04:55,2,8,30.94
2026-08-20,Humira,13.7,19:05:25,2,8,30.95
2026-08-20,Humira,7.43,19:05:55,2,8,0.0
2026-08-20,Humira,10.91,19:06:25,2,8,30.97
2026-08-20,Humira,6.66,19:06:55,2,8,0.0
2026-08-20,Humira,10.78,19:07:25,2,8,30.99
2026-08-20,Humira,17.44,19:07:55,2,8,31.01
2026-08-20,Humira,16.09,19:08:25,2,8,31.02
2026-08-20,Humira,12.73,19:08:55,2,8,31.03
2026-08-20,Humira,10.16,19:09:25,2,8,31.04
2026-08-20,Humira,4.39,19:09:55,2,8,0.0
2026-08-20,Humira,10.23,19:10:25,2,8,31.06
2026-08-20,Humira,11.69,19:10:55,2,8,31.07
2026-08-20,Humira,13.6,19:11:25,2,8,31.08
2026-08-20,Humira,11.0,19:11:55,2,8,31.09
2026-08-20,Humira,16.85,19:12:25,2,8,31.1
2026-08-20,Humira,14.97,19:12:55,2,8,31.11
2026-08-20,Humira,16.69,19:13:25,2,8,31.12
2026-08-20,Humira,15.13,19:13:55,2,8,31.14
2026-08-20,Humira,2.35,19:14:25,2,8,0.0
2026-08-20,Humira,11.0,19:14:55,2,8,31.16
2026-08-20,Humira,12.84,19:15:25,2,8,31.17
2026-08-20,Humira,13.65,19:15:55,2,8,31.18
2026-08-20,Humira,9.32,19:16:25,2,8,31.19
2026-08-20,Humira,12.82,19:16:55,2,8,31.2
2026-08-20,Humira,15.93,19:17:25,2,8,31.21
2026-08-20,Humira,2.07,19:17:55,2,8,0.0
2026-08-20,Humira,15.6,19:18:25,2,8,31.23
2026-08-20,Humira,3.81,19:18:55,2,8,0.0
2026-08-20,Humira,17.9,19:19:25,2,8,31.25
2026-08-20,Humira,17.06,19:19:55,2,8,31.27
2026-08-20,Humira,7.98,19:20:25,2,8,0.0
2026-08-20,Humira,7.19,19:20:55,2,8,0.0
2026-08-20,Humira,10.93,19:21:25,2,8,31.3
2026-08-20,Humira,16.23,19:21:55,2,8,31.31
2026-08-20,Humira,12.24,19:22:25,2,8,31.32
2026-08-20,Humira,11.25,19:22:55,2,8,31.33
2026-08-20,Humira,12.91,19:23:25,2,8,31.34
2026-08-20,Humira,16.61,19:23:55,2,8,31.35
2026-08-20,Humira,9.14,19:24:25,2,8,31.36
2026-08-20,Humira,9.13,19:24:55,2,8,31.37
2026-08-20,Humira,4.44,19:25:25,2,8,0.0
2026-08-20,Humira,10.46,19:25:55,2,8,31.39
2026-08-20,Humira,14.89,19:26:25,2,8,31.41
2026-08-20,Humira,16.37,19:26:55,2,8,31.42
2026-08-20,Humira,7.53,19:27:25,2,8,0.0
2026-08-20,Humira,16.78,19:27:55,2,8,31.44
2026-08-20,Humira,10.16,19:28:25,2,8,31.45
2026-08-20,Humira,15.06,19:28:55,2,8,31.46
2026-08-20,Humira,16.95,19:29:25,2,8,31.47
2026-08-20,Humira,10.35,19:29:55,2,8,31.48
2026-08-20,Humira,11.99,19:30:25,2,8,31.49
2026-08-20,Humira,15.95,19:30:55,2,8,31.5
2026-08-20,Humira,14.16,19:31:25,2,8,31.51
2026-08-20,Humira,10.52,19:31:55,2,8,31.53
2026-08-20,Humira,13.39,19:32:25,2,8,31.54
2026-08-20,Humira,16.9,19:32:55,2,8,31.55
2026-08-20,Humira,12.97,19:33:25,2,8,31.56
2026-08-20,Humira,16.58,19:33:55,2,8,31.57
2026-08-20,Humira,3.24,19:34:25,2,8,0.0
2026-08-20,Humira,16.28,19:34:55,2,8,31.59
2026-08-20,Humira,7.79,19:35:25,2,8,0.0
2026-08-20,Humira,13.92,19:35:55,2,8,31.61
2026-08-20,Humira,16.18,19:36:25,2,8,31.62
2026-08-20,Humira,4.0,19:36:55,2,8,0.0
2026-08-20,Humira,12.62,19:37:25,2,8,31.64
2026-08-20,Humira,2.99,19:37:55,2,8,0.0
2026-08-20,Humira,9.14,19:38:25,2,8,31.67
2026-08-20,Humira,15.49,19:38:55,2,8,31.68
2026-08-20,Humira,11.85,19:39:25,2,8,31.69
2026-08-20,Humira,5.22,19:39:55,2,8,0.0
2026-08-20,Humira,9.58,19:40:25,2,8,31.71
2026-08-20,Humira,13.01,19:40:55,2,8,31.72
2026-08-20,Humira,14.19,19:41:25,2,8,31.73
2026-08-20,Humira,14.86,19:41:55,2,8,31.74
2026-08-20,Humira,6.03,19:42:25,2,8,0.0
2026-08-20,Humira,12.89,19:42:55,2,8,31.76
2026-08-20,Humira,16.4,19:43:25,2,8,31.77
2026-08-20,Humira,9.22,19:43:55,2,8,31.79
2026-08-20,Humira,13.2,19:44:25,2,8,31.8
2026-08-20,Humira,6.95,19:44:55,2,8,0.0
2026-08-20,Humira,9.37,19:45:25,2,8,31.82
2026-08-20,Humira,17.01,19:45:55,2,8,31.83
2026-08-20,Humira,17.19,19:46:25,2,8,31.84
2026-08-20,Humira,13.62,19:46:55,2,8,31.85
2026-08-20,Humira,9.66,19:47:25,2,8,31.86
2026-08-20,Humira,11.6,19:47:55,2,8,31.87
2026-08-20,Humira,14.32,19:48:25,2,8,31.88
2026-08-20,Humira,14.43,19:48:55,2,8,31.89
2026-08-20,Humira,5.0,19:49:25,2,8,0.0
2026-08-20,Humira,15.66,19:49:55,2,8,31.92
2026-08-20,Humira,2.42,19:50:25,2,8,0.0
2026-08-20,Humira,9.91,19:50:55,2,8,31.94
2026-08-20,Humira,13.24,19:51:25,2,8,31.95
2026-08-20,Humira,16.55,19:51:55,2,8,31.96
2026-08-20,Humira,17.84,19:52:25,2,8,31.97
2026-08-20,Humira,11.6,19:52:55,2,8,31.98
2026-08-20,Humira,16.61,19:53:25,2,8,31.99
2026-08-20,Humira,7.96,19:53:55,2,8,0.0
2026-08-20,Humira,7.4,19:54:25,2,8,0.0
2026-08-20,Humira,12.73,19:54:55,2,8,32.02
2026-08-20,Humira,15.52,19:55:25,2,8,32.03
2026-08-20,Humira,9.91,19:55:55,2,8,32.05
2026-08-20,Humira,14.48,19:56:25,2,8,32.06
2026-08-20,Humira,12.8,19:56:55,2,8,32.07
2026-08-20,Humira,15.35,19:57:25,2,8,32.08
2026-08-20,Humira,9.99,19:57:55,2,8,32.09
2026-08-20,Humira,11.92,19:58:25,2,8,32.1
2026-08-20,Humira,12.69,19:58:55,2,8,32.11
2026-08-20,Humira,16.2,19:59:25,2,8,32.12
2026-08-20,Humira,17.17,19:59:55,2,8,32.13
2026-08-20,Humira,10.44,20:00:25,2,8,32.14
2026-08-20,Humira,2.97,20:00:55,2,8,0.0
2026-08-20,Humira,14.33,20:01:25,2,8,32.16
2026-08-20,Humira,14.45,20:01:55,2,8,32.18
2026-08-20,Humira,15.79,20:02:25,2,8,32.19
2026-08-20,Humira,16.35,20:02:55,2,8,32.2
2026-08-20,Humira,13.27,20:03:25,2,8,32.21
2026-08-20,Humira,4.9,20:03:55,2,8,0.0
2026-08-20,Humira,11.81,20:04:25,2,8,32.23
2026-08-20,Humira,14.9,20:04:55,2,8,32.24
2026-08-20,Humira,10.48,20:05:25,2,8,32.25
2026-08-20,Humira,15.69,20:05:55,2,8,32.26
2026-08-20,Humira,17.44,20:06:25,2,8,32.27
2026-08-20,Humira,17.4,20:06:55,2,8,32.28
2026-08-20,Humira,13.6,20:07:25,2,8,32.29
2026-08-20,Humira,11.17,20:07:55,2,8,32.3
2026-08-20,Humira,16.8,20:08:25,2,8,32.32
2026-08-20,Humira,17.75,20:08:55,2,8,32.33
2026-08-20,Humira,12.2,20:09:25,2,8,32.34
2026-08-20,Humira,5.74,20:09:55,2,8,0.0
2026-08-20,Humira,13.56,20:10:25,2,8,32.36
2026-08-20,Humira,3.66,20:10:55,2,8,0.0
2026-08-20,Humira,17.02,20:11:25,2,8,32.38
2026-08-20,Humira,16.87,20:11:55,2,8,32.39
2026-08-20,Humira,17.59,20:12:25,2,8,32.4
2026-08-20,Humira,14.31,20:12:55,2,8,32.41
2026-08-20,Humira,11.24,20:13:25,2,8,32.42
2026-08-20,Humira,5.99,20:13:55,2,8,0.0
2026-08-20,Humira,9.02,20:14:25,2,8,32.45
2026-08-20,Humira,14.74,20:14:55,2,8,32.46
2026-08-20,Humira,7.78,20:15:25,2,8,0.0
2026-08-20,Humira,11.01,20:15:55,2,8,32.48
2026-08-20,Humira,15.32,20:16:25,2,8,32.49
2026-08-20,Humira,16.12,20:16:55,2,8,32.5
2026-08-20,Humira,10.7,20:17:25,2,8,32.51
2026-08-20,Humira,17.23,20:17:55,2,8,32.52
2026-08-20,Humira,9.22,20:18:25,2,8,32.53
2026-08-20,Humira,15.56,20:18:55,2,8,32.54
2026-08-20,Humira,15.45,20:19:25,2,8,32.55
2026-08-20,Humira,16.51,20:19:55,2,8,32.57
2026-08-20,Humira,12.14,20:20:25,2,8,32.58
2026-08-20,Humira,17.94,20:20:55,2,8,32.59
2026-08-20,Humira,10.65,20:21:25,2,8,32.6
2026-08-20,Humira,16.03,20:21:55,2,8,32.61
2026-08-20,Humira,17.31,20:22:25,2,8,32.62
2026-08-20,Humira,7.16,20:22:55,2,8,0.0
2026-08-20,Humira,12.67,20:23:25,2,8,32.64
2026-08-20,Humira,4.28,20:23:55,2,8,0.0
2026-08-20,Humira,2.49,20:24:25,2,8,0.0
2026-08-20,Humira,14.12,20:24:55,2,8,32.67
2026-08-20,Humira,17.14,20:25:25,2,8,32.68
2026-08-20,Humira,11.64,20:25:55,2,8,32.7
2026-08-20,Humira,17.22,20:26:25,2,8,32.71
2026-08-20,Humira,15.14,20:26:55,2,8,32.72
2026-08-20,Humira,17.25,20:27:25,2,8,32.73
2026-08-20,Humira,3.44,20:27:55,2,8,0.0
2026-08-20,Humira,12.58,20:28:25,2,8,32.75
2026-08-20,Humira,10.76,20:28:55,2,8,32.76
2026-08-20,Humira,16.08,20:29:25,2,8,32.77
2026-08-20,Humira,12.36,20:29:55,2,8,32.78
2026-08-20,Humira,15.28,20:30:25,2,8,32.79
2026-08-20,Humira,17.32,20:30:55,2,8,32.8
2026-08-20,Humira,16.01,20:31:25,2,8,32.81
2026-08-20,Humira,10.35,20:31:55,2,8,32.83
2026-08-20,Humira,15.56,20:32:25,2,8,32.84
2026-08-20,Humira,14.58,20:32:55,2,8,32.85
2026-08-20,Humira,13.95,20:33:25,2,8,32.86
2026-08-20,Humira,9.63,20:33:55,2,8,32.87
2026-08-20,Humira,16.59,20:34:25,2,8,32.88
2026-08-20,Humira,13.69,20:34:55,2,8,32.89
2026-08-20,Humira,10.8,20:35:25,2,8,32.9
2026-08-20,Humira,17.44,20:35:55,2,8,32.91
2026-08-20,Humira,12.65,20:36:25,2,8,32.92
2026-08-20,Humira,9.76,20:36:55,2,8,32.93
2026-08-20,Humira,11.17,20:37:25,2,8,32.94
2026-08-20,Humira,5.69,20:37:55,2,8,0.0
2026-08-20,Humira,14.34,20:38:25,2,8,32.97
2026-08-20,Humira,6.94,20:38:55,2,8,0.0
2026-08-20,Humira,10.73,20:39:25,2,8,32.99
2026-08-20,Humira,15.46,20:39:55,2,8,33.0
2026-08-20,Humira,16.4,20:40:25,2,8,33.01
2026-08-20,Humira,16.41,20:40:55,2,8,33.02
2026-08-20,Humira,3.3,20:41:25,2,8,0.0
2026-08-20,Humira,13.37,20:41:55,2,8,33.04
2026-08-20,Humira,9.19,20:42:25,2,8,33.05
2026-08-20,Humira,11.32,20:42:55,2,8,33.06
2026-08-20,Humira,4.25,20:43:25,2,8,0.0
2026-08-20,Humira,10.9,20:43:55,2,8,33.09
2026-08-20,Humira,2.52,20:44:25,2,8,0.0
2026-08-20,Humira,3.16,20:44:55,2,8,0.0
2026-08-20,Humira,13.9,20:45:25,2,8,33.12
2026-08-20,Humira,12.46,20:45:55,2,8,33.13
2026-08-20,Humira,4.41,20:46:25,2,8,0.0
2026-08-20,Humira,6.29,20:46:55,2,8,0.0
2026-08-20,Humira,11.16,20:47:25,2,8,33.16
2026-08-20,Humira,17.43,20:47:55,2,8,33.17
2026-08-20,Humira,11.48,20:48:25,2,8,33.18
2026-08-20,Humira,15.76,20:48:55,2,8,33.19
2026-08-20,Humira,16.57,20:49:25,2,8,33.2
2026-08-20,Humira,13.75,20:49:55,2,8,33.22
2026-08-20,Humira,17.6,20:50:25,2,8,33.23
2026-08-20,Humira,12.8,20:50:55,2,8,33.24
2026-08-20,Humira,9.33,20:51:25,2,8,33.25
2026-08-20,Humira,3.74,20:51:55,2,8,0.0
2026-08-20,Humira,10.37,20:52:25,2,8,33.27
2026-08-20,Humira,6.48,20:52:55,2,8,0.0
2026-08-20,Humira,15.64,20:53:25,2,8,33.29
2026-08-20,Humira,9.79,20:53:55,2,8,33.3
2026-08-20,Humira,11.93,20:54:25,2,8,33.31
2026-08-20,Humira,15.63,20:54:55,2,8,33.32
2026-08-20,Humira,11.06,20:55:25,2,8,33.33
2026-08-20,Humira,9.79,20:55:55,2,8,33.34
2026-08-20,Humira,12.61,20:56:25,2,8,33.36
2026-08-20,Humira,3.28,20:56:55,2,8,0.0
2026-08-20,Humira,10.8,20:57:25,2,8,33.38
2026-08-20,Humira,16.68,20:57:55,2,8,33.39
2026-08-20,Humira,15.06,20:58:25,2,8,33.4
2026-08-20,Humira,14.17,20:58:55,2,8,33.41
2026-08-20,Humira,14.77,20:59:25,2,8,33.42
2026-08-20,Humira,11.06,20:59:55,2,8,33.43
2026-08-20,Humira,4.39,21:00:25,2,8,0.0
2026-08-20,Humira,17.63,21:00:55,2,8,33.45
2026-08-20,Humira,5.2,21:01:25,2,8,0.0
2026-08-20,Humira,6.74,21:01:55,2,8,0.0
2026-08-20,Humira,9.08,21:02:25,2,8,33.49
2026-08-20,Humira,12.62,21:02:55,2,8,33.5
2026-08-20,Humira,15.59,21:03:25,2,8,33.51
2026-08-20,Humira,12.62,21:03:55,2,8,33.52
2026-08-20,Humira,14.57,21:04:25,2,8,33.53
2026-08-20,Humira,12.52,21:04:55,2,8,33.54
2026-08-20,Humira,10.82,21:05:25,2,8,33.55
2026-08-20,Humira,14.33,21:05:55,2,8,33.56
2026-08-20,Humira,9.4,21:06:25,2,8,33.57
2026-08-20,Humira,11.86,21:06:55,2,8,33.58
2026-08-20,Humira,10.91,21:07:25,2,8,33.59
2026-08-20,Humira,9.85,21:07:55,2,8,33.61
2026-08-20,Humira,6.51,21:08:25,2,8,0.0
2026-08-20,Humira,6.6,21:08:55,2,8,0.0
2026-08-20,Humira,2.12,21:09:25,2,8,0.0
2026-08-20,Humira,12.44,21:09:55,2,8,33.65
2026-08-20,Humira,15.45,21:10:25,2,8,33.66
2026-08-20,Humira,17.37,21:10:55,2,8,33.67
2026-08-20,Humira,9.03,21:11:25,2,8,33.68
2026-08-20,Humira,12.34,21:11:55,2,8,33.69
2026-08-20,Humira,14.63,21:12:25,2,8,33.7
2026-08-20,Humira,15.88,21:12:55,2,8,33.71
2026-08-20,Humira,4.76,21:13:25,2,8,0.0
2026-08-20,Humira,16.39,21:13:55,2,8,33.73
2026-08-20,Humira,12.03,21:14:25,2,8,33.75
2026-08-20,Humira,14.56,21:14:55,2,8,33.76
2026-08-20,Humira,9.98,21:15:25,2,8,33.77
2026-08-20,Humira,15.15,21:15:55,2,8,33.78
2026-08-20,Humira,13.64,21:16:25,2,8,33.79
2026-08-20,Humira,12.05,21:16:55,2,8,33.8
2026-08-20,Humira,5.48,21:17:25,2,8,0.0
2026-08-20,Humira,17.0,21:17:55,2,8,33.82
2026-08-20,Humira,15.33,21:18:25,2,8,33.83
2026-08-20,Humira,9.25,21:18:55,2,8,33.84
2026-08-20,Humira,13.34,21:19:25,2,8,33.85
2026-08-20,Humira,14.26,21:19:55,2,8,33.87
2026-08-20,Humira,12.98,21:20:25,2,8,33.88
2026-08-20,Humira,12.31,21:20:55,2,8,33.89
2026-08-20,Humira,9.6,21:21:25,2,8,33.9
2026-08-20,Humira,12.1,21:21:55,2,8,33.91
2026-08-20,Humira,10.09,21:22:25,2,8,33.92
2026-08-20,Humira,7.98,21:22:55,2,8,0.0
2026-08-20,Humira,16.71,21:23:25,2,8,33.94
2026-08-20,Humira,10.07,21:23:55,2,8,33.95
2026-08-20,Humira,15.36,21:24:25,2,8,33.96
2026-08-20,Humira,12.81,21:24:55,2,8,33.97
2026-08-20,Humira,10.49,21:25:25,2,8,33.98
2026-08-20,Humira,10.48,21:25:55,2,8,33.99
2026-08-20,Humira,13.6,21:26:25,2,8,34.01
2026-08-20,Humira,10.19,21:26:55,2,8,34.02
2026-08-20,Humira,10.36,21:27:25,2,8,34.03
2026-08-20,Humira,13.05,21:27:55,2,8,34.04
2026-08-20,Humira,5.91,21:28:25,2,8,0.0
2026-08-20,Humira,17.6,21:28:55,2,8,34.06
2026-08-20,Humira,13.79,21:29:25,2,8,34.07
2026-08-20,Humira,13.59,21:29:55,2,8,34.08
2026-08-20,Humira,11.38,21:30:25,2,8,34.09
2026-08-20,Humira,13.59,21:30:55,2,8,34.1
2026-08-20,Humira,17.96,21:31:25,2,8,34.11
2026-08-20,Humira,14.96,21:31:55,2,8,34.12
2026-08-20,Humira,14.75,21:32:25,2,8,34.14
2026-08-20,Humira,9.74,21:32:55,2,8,34.15
2026-08-20,Humira,10.52,21:33:25,2,8,34.16
2026-08-20,Humira,4.11,21:33:55,2,8,0.0
2026-08-20,Humira,5.37,21:34:25,2,8,0.0
2026-08-20,Humira,4.34,21:34:55,2,8,0.0
2026-08-20,Humira,15.01,21:35:25,2,8,34.2
2026-08-20,Humira,12.42,21:35:55,2,8,34.21
2026-08-20,Humira,4.18,21:36:25,2,8,0.0
2026-08-20,Humira,6.62,21:36:55,2,8,0.0
2026-08-20,Humira,12.31,21:37:25,2,8,34.24
2026-08-20,Humira,9.66,21:37:55,2,8,34.26
2026-08-20,Humira,17.37,21:38:25,2,8,34.27
2026-08-20,Humira,16.71,21:38:55,2,8,34.28
2026-08-20,Humira,14.15,21:39:25,2,8,34.29
2026-08-20,Humira,17.74,21:39:55,2,8,34.3
2026-08-20,Humira,13.87,21:40:25,2,8,34.31
2026-08-20,Humira,12.3,21:40:55,2,8,34.32
2026-08-20,Humira,11.5,21:41:25,2,8,34.33
2026-08-20,Humira,9.72,21:41:55,2,8,34.34
2026-08-20,Humira,14.76,21:42:25,2,8,34.35
2026-08-20,Humira,14.74,21:42:55,2,8,34.36
2026-08-20,Humira,14.79,21:43:25,2,8,34.37
2026-08-20,Humira,5.66,21:43:55,2,8,0.0
2026-08-20,Humira,12.86,21:44:25,2,8,34.4
2026-08-20,Humira,7.54,21:44:55,2,8,0.0
2026-08-20,Humira,17.99,21:45:25,2,8,34.42
2026-08-20,Humira,16.61,21:45:55,2,8,34.43
2026-08-20,Humira,15.28,21:46:25,2,8,34.44
2026-08-20,Humira,15.79,21:46:55,2,8,34.45
2026-08-20,Humira,4.61,21:47:25,2,8,0.0
2026-08-20,Humira,7.15,21:47:55,2,8,0.0
2026-08-20,Humira,9.49,21:48:25,2,8,34.48
2026-08-20,Humira,9.19,21:48:55,2,8,34.49
2026-08-20,Humira,11.49,21:49:25,2,8,34.5
2026-08-20,Humira,16.78,21:49:55,2,8,34.52
2026-08-20,Humira,9.63,21:50:25,2,8,34.53
2026-08-20,Humira,6.79,21:50:55,2,8,0.0
2026-08-20,Humira,9.27,21:51:25,2,8,34.55
2026-08-20,Humira,6.3,21:51:55,2,8,0.0
2026-08-20,Humira,16.89,21:52:25,2,8,34.57
2026-08-20,Humira,3.88,21:52:55,2,8,0.0
2026-08-20,Humira,4.37,21:53:25,2,8,0.0
2026-08-20,Humira,14.96,21:53:55,2,8,34.6
2026-08-20,Humira,13.97,21:54:25,2,8,34.61
2026-08-20,Humira,10.87,21:54:55,2,8,34.62
2026-08-20,Humira,3.31,21:55:25,2,8,0.0
2026-08-20,Humira,5.62,21:55:55,2,8,0.0
2026-08-20,Humira,10.54,21:56:25,2,8,34.66
2026-08-20,Humira,9.99,21:56:55,2,8,34.67
2026-08-20,Humira,13.68,21:57:25,2,8,34.68
2026-08-20,Humira,16.39,21:57:55,2,8,34.69
2026-08-20,Humira,3.06,21:58:25,2,8,0.0
2026-08-20,Humira,9.24,21:58:55,2,8,34.71
2026-08-20,Humira,9.84,21:59:25,2,8,34.72
2026-08-20,Humira,11.84,21:59:55,2,8,34.73
2026-08-20,Humira,10.5,22:00:25,2,8,34.74
2026-08-20,Humira,16.98,22:00:55,2,8,34.75
2026-08-20,Humira,16.02,22:01:25,2,8,34.76
2026-08-20,Humira,12.53,22:01:55,2,8,34.77
2026-08-20,Humira,17.38,22:02:25,2,8,34.79
2026-08-20,Humira,14.09,22:02:55,2,8,34.8
2026-08-20,Humira,6.2,22:03:25,2,8,0.0
2026-08-20,Humira,16.96,22:03:55,2,8,34.82
2026-08-20,Humira,17.43,22:04:25,2,8,34.83
2026-08-20,Humira,16.64,22:04:55,2,8,34.84
2026-08-20,Humira,17.87,22:05:25,2,8,34.85
2026-08-20,Humira,15.83,22:05:55,2,8,34.86
2026-08-20,Humira,10.95,22:06:25,2,8,34.87
2026-08-20,Humira,7.3,22:06:55,2,8,0.0
2026-08-20,Humira,15.03,22:07:25,2,8,34.89
2026-08-20,Humira,15.46,22:07:55,2,8,34.91
2026-08-20,Humira,15.91,22:08:25,2,8,34.92
2026-08-20,Humira,9.31,22:08:55,2,8,34.93
2026-08-20,Humira,9.55,22:09:25,2,8,34.94
2026-08-20,Humira,11.86,22:09:55,2,8,34.95
2026-08-20,Humira,3.23,22:10:25,2,8,0.0
2026-08-20,Humira,10.81,22:10:55,2,8,34.97
2026-08-20,Humira,11.69,22:11:25,2,8,34.98
2026-08-20,Humira,13.32,22:11:55,2,8,34.99
2026-08-20,Humira,3.59,22:12:25,2,8,0.0
2026-08-20,Humira,6.67,22:12:55,2,8,0.0
2026-08-20,Humira,16.25,22:13:25,2,8,35.02
2026-08-20,Humira,12.06,22:13:55,2,8,35.04
2026-08-20,Humira,12.09,22:14:25,2,8,35.05
2026-08-20,Humira,16.23,22:14:55,2,8,35.06
2026-08-20,Humira,17.49,22:15:25,2,8,35.07
2026-08-20,Humira,17.32,22:15:55,2,8,35.08
2026-08-20,Humira,9.56,22:16:25,2,8,35.09
2026-08-20,Humira,13.07,22:16:55,2,8,35.1
2026-08-20,Humira,6.82,22:17:25,2,8,0.0
2026-08-20,Humira,14.8,22:17:55,2,8,35.12
2026-08-20,Humira,9.11,22:18:25,2,8,35.13
2026-08-20,Humira,4.9,22:18:55,2,8,0.0
2026-08-20,Humira,11.29,22:19:25,2,8,35.15
2026-08-20,Humira,15.66,22:19:55,2,8,35.16
2026-08-20,Humira,17.57,22:20:25,2,8,35.18
2026-08-20,Humira,14.08,22:20:55,2,8,35.19
2026-08-20,Humira,13.44,22:21:25,2,8,35.2
2026-08-20,Humira,10.99,22:21:55,2,8,35.21
2026-08-20,Humira,17.33,22:22:25,2,8,35.22
2026-08-20,Humira,12.64,22:22:55,2,8,35.23
2026-08-20,Humira,16.58,22:23:25,2,8,35.24
2026-08-20,Humira,13.04,22:23:55,2,8,35.25
2026-08-20,Humira,10.54,22:24:25,2,8,35.26
2026-08-20,Humira,12.39,22:24:55,2,8,35.27
2026-08-20,Humira,17.79,22:25:25,2,8,35.28
2026-08-20,Humira,12.13,22:25:55,2,8,35.3
2026-08-20,Humira,3.01,22:26:25,2,8,0.0
2026-08-20,Humira,16.07,22:26:55,2,8,35.32
2026-08-20,Humira,5.6,22:27:25,2,8,0.0
2026-08-20,Humira,11.49,22:27:55,2,8,35.34
2026-08-20,Humira,13.15,22:28:25,2,8,35.35
2026-08-20,Humira,13.63,22:28:55,2,8,35.36
2026-08-20,Humira,4.36,22:29:25,2,8,0.0
2026-08-20,Humira,13.12,22:29:55,2,8,35.38
2026-08-20,Humira,9.89,22:30:25,2,8,35.39
2026-08-20,Humira,17.54,22:30:55,2,8,35.4
2026-08-20,Humira,5.33,22:31:25,2,8,0.0
2026-08-20,Humira,14.62,22:31:55,2,8,35.43
2026-08-20,Humira,9.38,22:32:25,2,8,35.44
2026-08-20,Humira,12.54,22:32:55,2,8,35.45
2026-08-20,Humira,2.89,22:33:25,2,8,0.0
2026-08-20,Humira,17.89,22:33:55,2,8,35.47
2026-08-20,Humira,12.1,22:34:25,2,8,35.48
2026-08-20,Humira,17.5,22:34:55,2,8,35.49
2026-08-20,Humira,11.51,22:35:25,2,8,35.5
2026-08-20,Humira,6.04,22:35:55,2,8,0.0
2026-08-20,Humira,17.02,22:36:25,2,8,35.52
2026-08-20,Humira,13.51,22:36:55,2,8,35.53
2026-08-20,Humira,10.61,22:37:25,2,8,35.54
2026-08-20,Humira,17.55,22:37:55,2,8,35.55
2026-08-20,Humira,10.54,22:38:25,2,8,35.57
2026-08-20,Humira,13.1,22:38:55,2,8,35.58
2026-08-20,Humira,12.99,22:39:25,2,8,35.59
2026-08-20,Humira,17.32,22:39:55,2,8,35.6
2026-08-20,Humira,10.72,22:40:25,2,8,35.61
2026-08-20,Humira,17.44,22:40:55,2,8,35.62
2026-08-20,Humira,14.45,22:41:25,2,8,35.63
2026-08-20,Humira,14.44,22:41:55,2,8,35.64
2026-08-20,Humira,7.77,22:42:25,2,8,0.0
2026-08-20,Humira,13.68,22:42:55,2,8,35.66
2026-08-20,Humira,16.93,22:43:25,2,8,35.67
2026-08-20,Humira,17.41,22:43:55,2,8,35.69
2026-08-20,Humira,9.09,22:44:25,2,8,35.7
2026-08-20,Humira,15.31,22:44:55,2,8,35.71
2026-08-20,Humira,5.48,22:45:25,2,8,0.0
2026-08-20,Humira,6.56,22:45:55,2,8,0.0
2026-08-20,Humira,15.2,22:46:25,2,8,35.74
2026-08-20,Humira,13.91,22:46:55,2,8,35.75
2026-08-20,Humira,9.41,22:47:25,2,8,35.76
2026-08-20,Humira,14.51,22:47:55,2,8,35.77
2026-08-20,Humira,10.14,22:48:25,2,8,35.78
2026-08-20,Humira,12.01,22:48:55,2,8,35.79
2026-08-20,Humira,14.82,22:49:25,2,8,35.8
2026-08-20,Humira,11.05,22:49:55,2,8,35.82
2026-08-20,Humira,10.23,22:50:25,2,8,35.83
2026-08-20,Humira,9.5,22:50:55,2,8,35.84
2026-08-20,Humira,10.46,22:51:25,2,8,35.85
2026-08-20,Humira,16.74,22:51:55,2,8,35.86
2026-08-20,Humira,11.86,22:52:25,2,8,35.87
2026-08-20,Humira,4.51,22:52:55,2,8,0.0
2026-08-20,Humira,13.09,22:53:25,2,8,35.89
2026-08-20,Humira,16.11,22:53:55,2,8,35.9
2026-08-20,Humira,12.13,22:54:25,2,8,35.91
2026-08-20,Humira,16.1,22:54:55,2,8,35.92
2026-08-20,Humira,13.4,22:55:25,2,8,35.93
2026-08-20,Humira,10.19,22:55:55,2,8,35.95
2026-08-20,Humira,15.18,22:56:25,2,8,35.96
2026-08-20,Humira,9.62,22:56:55,2,8,35.97
2026-08-20,Humira,3.22,22:57:25,2,8,0.0
2026-08-20,Humira,2.99,22:57:55,2,8,0.0
2026-08-20,Humira,9.72,22:58:25,2,8,36.0
2026-08-20,Humira,11.46,22:58:55,2,8,36.01
2026-08-20,Humira,12.21,22:59:25,2,8,36.02
2026-08-20,Humira,17.79,22:59:55,2,8,36.03
2026-08-20,Humira,5.92,23:00:25,2,8,0.0
2026-08-20,Humira,14.29,23:00:55,2,8,36.05
2026-08-20,Humira,16.68,23:01:25,2,8,36.06
2026-08-20,Humira,14.5,23:01:55,2,8,36.08
2026-08-20,Humira,12.64,23:02:25,2,8,36.09
2026-08-20,Humira,14.17,23:02:55,2,8,36.1
2026-08-20,Humira,5.4,23:03:25,2,8,0.0
2026-08-20,Humira,14.95,23:03:55,2,8,36.12
2026-08-20,Humira,14.14,23:04:25,2,8,36.13
2026-08-20,Humira,11.3,23:04:55,2,8,36.14
2026-08-20,Humira,14.75,23:05:25,2,8,36.15
2026-08-20,Humira,16.32,23:05:55,2,8,36.16
2026-08-20,Humira,12.84,23:06:25,2,8,36.17
2026-08-20,Humira,7.38,23:06:55,2,8,0.0
2026-08-20,Humira,10.33,23:07:25,2,8,36.19
2026-08-20,Humira,15.34,23:07:55,2,8,36.21
2026-08-20,Humira,17.9,23:08:25,2,8,36.22
2026-08-20,Humira,2.97,23:08:55,2,8,0.0
2026-08-20,Humira,9.25,23:09:25,2,8,36.24
2026-08-20,Humira,16.85,23:09:55,2,8,36.25
2026-08-20,Humira,12.17,23:10:25,2,8,36.26
2026-08-20,Humira,10.69,23:10:55,2,8,36.27
2026-08-20,Humira,15.88,23:11:25,2,8,36.28
2026-08-20,Humira,5.9,23:11:55,2,8,0.0
2026-08-20,Humira,15.88,23:12:25,2,8,36.3
2026-08-20,Humira,13.71,23:12:55,2,8,36.31
2026-08-20,Humira,13.36,23:13:25,2,8,36.32
2026-08-20,Humira,17.52,23:13:55,2,8,36.34
2026-08-20,Humira,5.93,23:14:25,2,8,0.0
2026-08-20,Humira,16.7,23:14:55,2,8,36.36
2026-08-20,Humira,15.98,23:15:25,2,8,36.37
2026-08-20,Humira,9.93,23:15:55,2,8,36.38
2026-08-20,Humira,15.55,23:16:25,2,8,36.39
2026-08-20,Humira,15.13,23:16:55,2,8,36.4
2026-08-20,Humira,16.03,23:17:25,2,8,36.41
2026-08-20,Humira,11.46,23:17:55,2,8,36.42
2026-08-20,Humira,13.81,23:18:25,2,8,36.43
2026-08-20,Humira,12.96,23:18:55,2,8,36.44
2026-08-20,Humira,6.47,23:19:25,2,8,0.0
2026-08-20,Humira,13.23,23:19:55,2,8,36.47
2026-08-20,Humira,14.72,23:20:25,2,8,36.48
2026-08-20,Humira,16.69,23:20:55,2,8,36.49
2026-08-20,Humira,13.46,23:21:25,2,8,36.5
2026-08-20,Humira,17.49,23:21:55,2,8,36.51
2026-08-20,Humira,3.0,23:22:25,2,8,0.0
2026-08-20,Humira,14.54,23:22:55,2,8,36.53
2026-08-20,Humira,13.7,23:23:25,2,8,36.54
2026-08-20,Humira,9.75,23:23:55,2,8,36.55
2026-08-20,Humira,12.03,23:24:25,2,8,36.56
2026-08-20,Humira,17.48,23:24:55,2,8,36.57
2026-08-20,Humira,17.25,23:25:25,2,8,36.58
2026-08-20,Humira,13.49,23:25:55,2,8,36.59
2026-08-20,Humira,11.78,23:26:25,2,8,36.61
2026-08-20,Humira,11.6,23:26:55,2,8,36.62
2026-08-20,Humira,14.83,23:27:25,2,8,36.63
2026-08-20,Humira,17.2,23:27:55,2,8,36.64
2026-08-20,Humira,14.56,23:28:25,2,8,36.65
2026-08-20,Humira,3.16,23:28:55,2,8,0.0
2026-08-20,Humira,12.7,23:29:25,2,8,36.67
2026-08-20,Humira,12.19,23:29:55,2,8,36.68
2026-08-20,Humira,2.96,23:30:25,2,8,0.0
2026-08-20,Humira,15.41,23:30:55,2,8,36.7
2026-08-20,Humira,16.34,23:31:25,2,8,36.71
2026-08-20,Humira,16.67,23:31:55,2,8,36.73
2026-08-20,Humira,17.12,23:32:25,2,8,36.74
2026-08-20,Humira,17.73,23:32:55,2,8,36.75
2026-08-20,Humira,9.49,23:33:25,2,8,36.76
2026-08-20,Humira,10.48,23:33:55,2,8,36.77
2026-08-20,Humira,14.65,23:34:25,2,8,36.78
2026-08-20,Humira,10.64,23:34:55,2,8,36.79
2026-08-20,Humira,13.56,23:35:25,2,8,36.8
2026-08-20,Humira,13.91,23:35:55,2,8,36.81
2026-08-20,Humira,11.36,23:36:25,2,8,36.82
2026-08-20,Humira,13.07,23:36:55,2,8,36.83
2026-08-20,Humira,9.24,23:37:25,2,8,36.84
2026-08-20,Humira,17.5,23:37:55,2,8,36.86
2026-08-20,Humira,2.97,23:38:25,2,8,0.0
2026-08-20,Humira,10.1,23:38:55,2,8,36.88
2026-08-20,Humira,15.62,23:39:25,2,8,36.89
2026-08-20,Humira,14.5,23:39:55,2,8,36.9
2026-08-20,Humira,12.38,23:40:25,2,8,36.91
2026-08-20,Humira,17.96,23:40:55,2,8,36.92
2026-08-20,Humira,15.25,23:41:25,2,8,36.93
2026-08-20,Humira,15.3,23:41:55,2,8,36.94
2026-08-20,Humira,17.35,23:42:25,2,8,36.95
2026-08-20,Humira,11.25,23:42:55,2,8,36.96
2026-08-20,Humira,12.89,23:43:25,2,8,36.97
2026-08-20,Humira,3.68,23:43:55,2,8,0.0
2026-08-20,Humira,16.37,23:44:25,2,8,37.0
2026-08-20,Humira,16.0,23:44:55,2,8,37.01
2026-08-20,Humira,13.21,23:45:25,2,8,37.02
2026-08-20,Humira,17.17,23:45:55,2,8,37.03
2026-08-20,Humira,9.67,23:46:25,2,8,37.04
2026-08-20,Humira,14.62,23:46:55,2,8,37.05
2026-08-20,Humira,17.51,23:47:25,2,8,37.06
2026-08-20,Humira,7.16,23:47:55,2,8,0.0
2026-08-20,Humira,4.66,23:48:25,2,8,0.0
2026-08-20,Humira,17.28,23:48:55,2,8,37.09
2026-08-20,Humira,12.43,23:49:25,2,8,37.1
2026-08-20,Humira,11.36,23:49:55,2,8,37.12
2026-08-20,Humira,10.72,23:50:25,2,8,37.13
2026-08-20,Humira,12.69,23:50:55,2,8,37.14
2026-08-20,Humira,14.69,23:51:25,2,8,37.15
2026-08-20,Humira,12.64,23:51:55,2,8,37.16
2026-08-20,Humira,9.56,23:52:25,2,8,37.17
2026-08-20,Humira,9.92,23:52:55,2,8,37.18
2026-08-20,Humira,16.92,23:53:25,2,8,37.19
2026-08-20,Humira,17.27,23:53:55,2,8,37.2
2026-08-20,Humira,13.99,23:54:25,2,8,37.21
2026-08-20,Humira,12.22,23:54:55,2,8,37.22
2026-08-20,Humira,14.21,23:55:25,2,8,37.23
2026-08-20,Humira,12.74,23:55:55,2,8,37.24
2026-08-20,Humira,16.26,23:56:25,2,8,37.26
2026-08-20,Humira,4.78,23:56:55,2,8,0.0
2026-08-20,Humira,17.17,23:57:25,2,8,37.28
2026-08-20,Humira,14.59,23:57:55,2,8,37.29
2026-08-20,Humira,14.82,23:58:25,2,8,37.3
2026-08-20,Humira,14.39,23:58:55,2,8,37.31
2026-08-20,Humira,5.59,23:59:25,2,8,0.0
2026-08-20,Humira,3.24,23:59:55,2,8,0.0
2026-08-20,Humira,2.58,00:00:25,2,8,0.0
2026-08-20,Humira,12.47,00:00:55,2,8,37.35
2026-08-20,Humira,6.36,00:01:25,2,8,0.0
2026-08-20,Humira,13.54,00:01:55,2,8,37.38
2026-08-20,Humira,17.45,00:02:25,2,8,37.39
2026-08-20,Humira,7.99,00:02:55,2,8,0.0
2026-08-20,Humira,16.8,00:03:25,2,8,37.41
2026-08-20,Humira,17.39,00:03:55,2,8,37.42
2026-08-20,Humira,16.67,00:04:25,2,8,37.43
2026-08-20,Humira,3.91,00:04:55,2,8,0.0
2026-08-20,Humira,12.2,00:05:25,2,8,37.45
2026-08-20,Humira,3.52,00:05:55,2,8,0.0
2026-08-20,Humira,9.62,00:06:25,2,8,37.47
2026-08-20,Humira,10.78,00:06:55,2,8,37.48
2026-08-20,Humira,9.8,00:07:25,2,8,37.49
2026-08-20,Humira,5.54,00:07:55,2,8,0.0
2026-08-20,Humira,10.13,00:08:25,2,8,37.52
2026-08-20,Humira,11.3,00:08:55,2,8,37.53
2026-08-20,Humira,14.5,00:09:25,2,8,37.54
2026-08-20,Humira,14.71,00:09:55,2,8,37.55
2026-08-20,Humira,11.42,00:10:25,2,8,37.56
2026-08-20,Humira,16.08,00:10:55,2,8,37.57
2026-08-20,Humira,16.11,00:11:25,2,8,37.58
2026-08-20,Humira,9.33,00:11:55,2,8,37.59
2026-08-20,Humira,11.33,00:12:25,2,8,37.6
2026-08-20,Humira,14.54,00:12:55,2,8,37.61
2026-08-20,Humira,17.34,00:13:25,2,8,37.62
2026-08-20,Humira,12.55,00:13:55,2,8,37.63
2026-08-20,Humira,6.0,00:14:25,2,8,0.0
2026-08-20,Humira,10.52,00:14:55,2,8,37.66
2026-08-20,Humira,14.44,00:15:25,2,8,37.67
2026-08-20,Humira,13.01,00:15:55,2,8,37.68
2026-08-20,Humira,7.95,00:16:25,2,8,0.0
2026-08-20,Humira,7.29,00:16:55,2,8,0.0
2026-08-20,Humira,9.68,00:17:25,2,8,37.71
2026-08-20,Humira,13.68,00:17:55,2,8,37.72
2026-08-20,Humira,9.43,00:18:25,2,8,37.73
2026-08-20,Humira,9.37,00:18:55,2,8,37.74
2026-08-20,Humira,13.33,00:19:25,2,8,37.75
2026-08-20,Humira,6.08,00:19:55,2,8,0.0
2026-08-20,Humira,15.07,00:20:25,2,8,37.78
2026-08-20,Humira,5.33,00:20:55,2,8,0.0
2026-08-20,Humira,15.45,00:21:25,2,8,37.8
2026-08-20,Humira,17.75,00:21:55,2,8,37.81
2026-08-20,Humira,13.41,00:22:25,2,8,37.82
2026-08-20,Humira,17.81,00:22:55,2,8,37.83
2026-08-20,Humira,2.52,00:23:25,2,8,0.0
2026-08-20,Humira,16.43,00:23:55,2,8,37.85
2026-08-20,Humira,9.3,00:24:25,2,8,37.86
2026-08-20,Humira,12.74,00:24:55,2,8,37.87
2026-08-20,Humira,2.93,00:25:25,2,8,0.0
2026-08-20,Humira,11.26,00:25:55,2,8,37.89
2026-08-20,Humira,14.37,00:26:25,2,8,37.91
2026-08-20,Humira,3.98,00:26:55,2,8,0.0
2026-08-20,Humira,14.68,00:27:25,2,8,37.93
2026-08-20,Humira,7.8,00:27:55,2,8,0.0
2026-08-20,Humira,4.39,00:28:25,2,8,0.0
2026-08-20,Humira,13.08,00:28:55,2,8,37.96
2026-08-20,Humira,17.18,00:29:25,2,8,37.97
2026-08-20,Humira,14.07,00:29:55,2,8,37.98
2026-08-20,Humira,16.47,00:30:25,2,8,37.99
2026-08-20,Humira,15.31,00:30:55,2,8,38.0
2026-08-20,Humira,16.75,00:31:25,2,8,38.01
2026-08-20,Humira,17.97,00:31:55,2,8,38.02
2026-08-20,Humira,14.91,00:32:25,2,8,38.04
2026-08-20,Humira,15.69,00:32:55,2,8,38.05
2026-08-20,Humira,9.79,00:33:25,2,8,38.06
2026-08-20,Humira,10.9,00:33:55,2,8,38.07
2026-08-20,Humira,5.13,00:34:25,2,8,0.0
2026-08-20,Humira,13.43,00:34:55,2,8,38.09
2026-08-20,Humira,14.66,00:35:25,2,8,38.1
2026-08-20,Humira,7.31,00:35:55,2,8,0.0
2026-08-20,Humira,14.71,00:36:25,2,8,38.12
2026-08-20,Humira,3.77,00:36:55,2,8,0.0
2026-08-20,Humira,16.58,00:37:25,2,8,38.14
2026-08-20,Humira,14.52,00:37:55,2,8,38.16
2026-08-20,Humira,9.63,00:38:25,2,8,38.17
2026-08-20,Humira,17.23,00:38:55,2,8,38.18
2026-08-20,Humira,9.44,00:39:25,2,8,38.19
2026-08-20,Humira,16.56,00:39:55,2,8,38.2
2026-08-20,Humira,16.82,00:40:25,2,8,38.21
2026-08-20,Humira,10.7,00:40:55,2,8,38.22
2026-08-20,Humira,14.17,00:41:25,2,8,38.23
2026-08-20,Humira,4.47,00:41:55,2,8,0.0
2026-08-20,Humira,15.96,00:42:25,2,8,38.25
2026-08-20,Humira,10.29,00:42:55,2,8,38.26
2026-08-20,Humira,12.7,00:43:25,2,8,38.27
2026-08-20,Humira,14.36,00:43:55,2,8,38.29
2026-08-20,Humira,15.34,00:44:25,2,8,38.3
2026-08-20,Humira,16.3,00:44:55,2,8,38.31
2026-08-20,Humira,15.32,00:45:25,2,8,38.32
2026-08-20,Humira,9.24,00:45:55,2,8,38.33
2026-08-20,Humira,2.76,00:46:25,2,8,0.0
2026-08-20,Humira,17.47,00:46:55,2,8,38.35
2026-08-20,Humira,16.08,00:47:25,2,8,38.36
2026-08-20,Humira,3.81,00:47:55,2,8,0.0
2026-08-20,Humira,11.41,00:48:25,2,8,38.38
2026-08-20,Humira,10.46,00:48:55,2,8,38.39
2026-08-20,Humira,17.28,00:49:25,2,8,38.4
2026-08-20,Humira,12.74,00:49:55,2,8,38.41
2026-08-20,Humira,11.12,00:50:25,2,8,38.43
2026-08-20,Humira,17.44,00:50:55,2,8,38.44
2026-08-20,Humira,14.98,00:51:25,2,8,38.45
2026-08-20,Humira,10.85,00:51:55,2,8,38.46
2026-08-20,Humira,3.06,00:52:25,2,8,0.0
2026-08-20,Humira,12.25,00:52:55,2,8,38.48
2026-08-20,Humira,10.34,00:53:25,2,8,38.49
2026-08-20,Humira,9.18,00:53:55,2,8,38.5
2026-08-20,Humira,13.37,00:54:25,2,8,38.51
2026-08-20,Humira,11.19,00:54:55,2,8,38.52
2026-08-20,Humira,13.06,00:55:25,2,8,38.53
2026-08-20,Humira,17.11,00:55:55,2,8,38.55
2026-08-20,Humira,17.9,00:56:25,2,8,38.56
2026-08-20,Humira,14.91,00:56:55,2,8,38.57
2026-08-20,Humira,3.23,00:57:25,2,8,0.0
2026-08-20,Humira,16.08,00:57:55,2,8,38.59
2026-08-20,Humira,16.4,00:58:25,2,8,38.6
2026-08-20,Humira,17.35,00:58:55,2,8,38.61
2026-08-20,Humira,15.75,00:59:25,2,8,38.62
2026-08-20,Humira,12.83,00:59:55,2,8,38.63
2026-08-20,Humira,15.53,01:00:25,2,8,38.64
2026-08-20,Humira,16.28,01:00:55,2,8,38.65
2026-08-20,Humira,3.15,01:01:25,2,8,0.0
2026-08-20,Humira,16.52,01:01:55,2,8,38.68
2026-08-20,Humira,11.65,01:02:25,2,8,38.69
2026-08-20,Humira,11.66,01:02:55,2,8,38.7
2026-08-20,Humira,13.87,01:03:25,2,8,38.71
2026-08-20,Humira,12.75,01:03:55,2,8,38.72
2026-08-20,Humira,9.2,01:04:25,2,8,38.73
2026-08-20,Humira,4.78,01:04:55,2,8,0.0
2026-08-20,Humira,10.57,01:05:25,2,8,38.75
2026-08-20,Humira,15.27,01:05:55,2,8,38.76
2026-08-20,Humira,15.59,01:06:25,2,8,38.77
2026-08-20,Humira,2.77,01:06:55,2,8,0.0
2026-08-20,Humira,5.02,01:07:25,2,8,0.0
2026-08-20,Humira,12.92,01:07:55,2,8,38.8
2026-08-20,Humira,16.65,01:08:25,2,8,38.82
2026-08-20,Humira,14.21,01:08:55,2,8,38.83
2026-08-20,Humira,11.66,01:09:25,2,8,38.84
2026-08-20,Humira,11.98,01:09:55,2,8,38.85
2026-08-20,Humira,4.75,01:10:25,2,8,0.0
2026-08-20,Humira,12.71,01:10:55,2,8,38.87
2026-08-20,Humira,10.64,01:11:25,2,8,38.88
2026-08-20,Humira,9.14,01:11:55,2,8,38.89
2026-08-20,Humira,11.43,01:12:25,2,8,38.9
2026-08-20,Humira,17.1,01:12:55,2,8,38.91
2026-08-20,Humira,12.95,01:13:25,2,8,38.92
2026-08-20,Humira,15.39,01:13:55,2,8,38.94
2026-08-20,Humira,11.15,01:14:25,2,8,38.95
2026-08-20,Humira,15.8,01:14:55,2,8,38.96
2026-08-20,Humira,14.34,01:15:25,2,8,38.97
2026-08-20,Humira,15.93,01:15:55,2,8,38.98
2026-08-20,Humira,14.58,01:16:25,2,8,38.99
2026-08-20,Humira,17.47,01:16:55,2,8,39.0
2026-08-20,Humira,9.06,01:17:25,2,8,39.01
2026-08-20,Humira,10.28,01:17:55,2,8,39.02
2026-08-20,Humira,12.15,01:18:25,2,8,39.03
2026-08-20,Humira,3.55,01:18:55,2,8,0.0
2026-08-20,Humira,11.75,01:19:25,2,8,39.05
2026-08-20,Humira,11.93,01:19:55,2,8,39.07
2026-08-20,Humira,9.31,01:20:25,2,8,39.08
2026-08-20,Humira,4.37,01:20:55,2,8,0.0
2026-08-20,Humira,9.38,01:21:25,2,8,39.1
2026-08-20,Humira,11.04,01:21:55,2,8,39.11
2026-08-20,Humira,17.29,01:22:25,2,8,39.12
2026-08-20,Humira,9.16,01:22:55,2,8,39.13
2026-08-20,Humira,11.41,01:23:25,2,8,39.14
2026-08-20,Humira,16.04,01:23:55,2,8,39.15
2026-08-20,Humira,7.65,01:24:25,2,8,0.0
2026-08-20,Humira,14.31,01:24:55,2,8,39.17
2026-08-20,Humira,11.95,01:25:25,2,8,39.18
2026-08-20,Humira,16.27,01:25:55,2,8,39.2
2026-08-20,Humira,9.9,01:26:25,2,8,39.21
2026-08-20,Humira,13.55,01:26:55,2,8,39.22
2026-08-20,Humira,14.19,01:27:25,2,8,39.23
2026-08-20,Humira,13.47,01:27:55,2,8,39.24
2026-08-20,Humira,17.12,01:28:25,2,8,39.25
2026-08-20,Humira,11.37,01:28:55,2,8,39.26
2026-08-20,Humira,3.57,01:29:25,2,8,0.0
2026-08-20,Humira,15.71,01:29:55,2,8,39.28
2026-08-20,Humira,3.73,01:30:25,2,8,0.0
2026-08-20,Humira,5.67,01:30:55,2,8,0.0
2026-08-20,Humira,17.97,01:31:25,2,8,39.31
2026-08-20,Humira,5.45,01:31:55,2,8,0.0
2026-08-20,Humira,13.65,01:32:25,2,8,39.34
2026-08-20,Humira,3.4,01:32:55,2,8,0.0
2026-08-20,Humira,6.67,01:33:25,2,8,0.0
2026-08-20,Humira,17.77,01:33:55,2,8,39.37
2026-08-20,Humira,15.11,01:34:25,2,8,39.38
2026-08-20,Humira,13.31,01:34:55,2,8,39.39
2026-08-20,Humira,7.79,01:35:25,2,8,0.0
2026-08-20,Humira,14.33,01:35:55,2,8,39.41
2026-08-20,Humira,9.24,01:36:25,2,8,39.42
2026-08-20,Humira,9.19,01:36:55,2,8,39.43
2026-08-20,Humira,15.93,01:37:25,2,8,39.44
2026-08-20,Humira,15.5,01:37:55,2,8,39.46
2026-08-20,Humira,17.87,01:38:25,2,8,39.47
2026-08-20,Humira,13.23,01:38:55,2,8,39.48
2026-08-20,Humira,16.75,01:39:25,2,8,39.49
2026-08-20,Humira,11.32,01:39:55,2,8,39.5
2026-08-20,Humira,16.16,01:40:25,2,8,39.51
2026-08-20,Humira,17.76,01:40:55,2,8,39.52
2026-08-20,Humira,6.61,01:41:25,2,8,0.0
2026-08-20,Humira,6.89,01:41:55,2,8,0.0
2026-08-20,Humira,17.16,01:42:25,2,8,39.55
2026-08-20,Humira,6.34,01:42:55,2,8,0.0
2026-08-20,Humira,13.59,01:43:25,2,8,39.57
2026-08-20,Humira,10.85,01:43:55,2,8,39.59
2026-08-20,Humira,14.1,01:44:25,2,8,39.6
2026-08-20,Humira,10.1,01:44:55,2,8,39.61
2026-08-20,Humira,17.68,01:45:25,2,8,39.62
2026-08-20,Humira,2.06,01:45:55,2,8,0.0
2026-08-20,Humira,9.66,01:46:25,2,8,39.64
2026-08-20,Humira,14.59,01:46:55,2,8,39.65
2026-08-20,Humira,5.31,01:47:25,2,8,0.0
2026-08-20,Humira,11.21,01:47:55,2,8,39.67
2026-08-20,Humira,12.02,01:48:25,2,8,39.68
2026-08-20,Humira,13.02,01:48:55,2,8,39.69
2026-08-20,Humira,9.11,01:49:25,2,8,39.7
2026-08-20,Humira,9.49,01:49:55,2,8,39.72
2026-08-20,Humira,7.28,01:50:25,2,8,0.0
2026-08-20,Humira,10.62,01:50:55,2,8,39.74
2026-08-20,Humira,14.94,01:51:25,2,8,39.75
2026-08-20,Humira,17.61,01:51:55,2,8,39.76
2026-08-20,Humira,4.75,01:52:25,2,8,0.0
2026-08-20,Humira,13.15,01:52:55,2,8,39.78
2026-08-20,Humira,6.67,01:53:25,2,8,0.0
2026-08-20,Humira,13.27,01:53:55,2,8,39.8
2026-08-20,Humira,5.8,01:54:25,2,8,0.0
2026-08-20,Humira,13.27,01:54:55,2,8,39.82
2026-08-20,Humira,9.62,01:55:25,2,8,39.83
2026-08-20,Humira,16.88,01:55:55,2,8,39.84
2026-08-20,Humira,12.02,01:56:25,2,8,39.86
2026-08-20,Humira,10.7,01:56:55,2,8,39.87
2026-08-20,Humira,16.07,01:57:25,2,8,39.88
2026-08-20,Humira,16.87,01:57:55,2,8,39.89
2026-08-20,Humira,12.81,01:58:25,2,8,39.9
2026-08-20,Humira,11.32,01:58:55,2,8,39.91
2026-08-20,Humira,11.79,01:59:25,2,8,39.92
2026-08-20,Humira,13.3,01:59:55,2,8,39.93
2026-08-20,Humira,10.21,02:00:25,2,8,39.94
2026-08-20,Humira,15.75,02:00:55,2,8,39.95
2026-08-20,Humira,12.93,02:01:25,2,8,39.96
2026-08-20,Humira,12.29,02:01:55,2,8,39.98
2026-08-20,Humira,15.43,02:02:25,2,8,39.99
2026-08-20,Humira,17.35,02:02:55,2,8,40.0
2026-08-20,Humira,14.56,02:03:25,2,8,40.01
2026-08-20,Humira,13.96,02:03:55,2,8,40.02
2026-08-20,Humira,4.26,02:04:25,2,8,0.0
2026-08-20,Humira,8.0,02:04:55,2,8,0.0
2026-08-20,Humira,15.0,02:05:25,2,8,40.05
2026-08-20,Humira,9.62,02:05:55,2,8,40.06
2026-08-20,Humira,6.47,02:06:25,2,8,0.0
2026-08-20,Humira,16.6,02:06:55,2,8,40.08
2026-08-20,Humira,3.41,02:07:25,2,8,0.0
2026-08-20,Humira,16.22,02:07:55,2,8,40.11
2026-08-20,Humira,17.38,02:08:25,2,8,40.12
2026-08-20,Humira,14.31,02:08:55,2,8,40.13
2026-08-20,Humira,5.83,02:09:25,2,8,0.0
2026-08-20,Humira,12.38,02:09:55,2,8,40.15
2026-08-20,Humira,9.08,02:10:25,2,8,40.16
2026-08-20,Humira,13.4,02:10:55,2,8,40.17
2026-08-20,Humira,17.38,02:11:25,2,8,40.18
2026-08-20,Humira,14.33,02:11:55,2,8,40.19
2026-08-20,Humira,14.07,02:12:25,2,8,40.2
2026-08-20,Humira,14.88,02:12:55,2,8,40.21
2026-08-20,Humira,14.33,02:13:25,2,8,40.22
2026-08-20,Humira,15.76,02:13:55,2,8,40.23
2026-08-20,Humira,16.2,02:14:25,2,8,40.25
2026-08-20,Humira,10.46,02:14:55,2,8,40.26
2026-08-20,Humira,6.58,02:15:25,2,8,0.0
2026-08-20,Humira,10.96,02:15:55,2,8,40.28
2026-08-20,Humira,14.68,02:16:25,2,8,40.29
2026-08-20,Humira,11.92,02:16:55,2,8,40.3
2026-08-20,Humira,16.05,02:17:25,2,8,40.31
2026-08-20,Humira,3.67,02:17:55,2,8,0.0
2026-08-20,Humira,7.1,02:18:25,2,8,0.0
2026-08-20,Humira,10.56,02:18:55,2,8,40.34
2026-08-20,Humira,16.76,02:19:25,2,8,40.35
2026-08-20,Humira,16.72,02:19:55,2,8,40.37
2026-08-20,Humira,16.24,02:20:25,2,8,40.38
2026-08-20,Humira,16.03,02:20:55,2,8,40.39
2026-08-20,Humira,14.93,02:21:25,2,8,40.4
2026-08-20,Humira,4.04,02:21:55,2,8,0.0
2026-08-20,Humira,7.85,02:22:25,2,8,0.0
2026-08-20,Humira,2.29,02:22:55,2,8,0.0
2026-08-20,Humira,17.72,02:23:25,2,8,40.44
2026-08-20,Humira,10.42,02:23:55,2,8,40.45
2026-08-20,Humira,16.82,02:24:25,2,8,40.46
2026-08-20,Humira,9.96,02:24:55,2,8,40.47
2026-08-20,Humira,13.52,02:25:25,2,8,40.48
2026-08-20,Humira,10.93,02:25:55,2,8,40.49
2026-08-20,Humira,10.56,02:26:25,2,8,40.51
2026-08-20,Humira,14.24,02:26:55,2,8,40.52
2026-08-20,Humira,16.82,02:27:25,2,8,40.53
2026-08-20,Humira,16.8,02:27:55,2,8,40.54
2026-08-20,Humira,6.55,02:28:25,2,8,0.0
2026-08-20,Humira,11.75,02:28:55,2,8,40.56
2026-08-20,Humira,16.49,02:29:25,2,8,40.57
2026-08-20,Humira,10.94,02:29:55,2,8,40.58
2026-08-20,Humira,7.05,02:30:25,2,8,0.0
2026-08-20,Humira,14.23,02:30:55,2,8,40.6
2026-08-20,Humira,12.05,02:31:25,2,8,40.61
2026-08-20,Humira,17.3,02:31:55,2,8,40.62
2026-08-20,Humira,3.17,02:32:25,2,8,0.0
2026-08-20,Humira,7.95,02:32:55,2,8,0.0
2026-08-20,Humira,11.7,02:33:25,2,8,40.66
2026-08-20,Humira,14.21,02:33:55,2,8,40.67
2026-08-20,Humira,9.94,02:34:25,2,8,40.68
2026-08-20,Humira,5.97,02:34:55,2,8,0.0
2026-08-20,Humira,16.69,02:35:25,2,8,40.7
2026-08-20,Humira,9.75,02:35:55,2,8,40.71
2026-08-20,Humira,15.77,02:36:25,2,8,40.72
2026-08-20,Humira,2.23,02:36:55,2,8,0.0
2026-08-20,Humira,10.9,02:37:25,2,8,40.74
2026-08-20,Humira,11.52,02:37:55,2,8,40.76
2026-08-20,Humira,12.43,02:38:25,2,8,40.77
2026-08-20,Humira,14.24,02:38:55,2,8,40.78
2026-08-20,Humira,7.57,02:39:25,2,8,0.0
2026-08-20,Humira,13.84,02:39:55,2,8,40.8
2026-08-20,Humira,12.48,02:40:25,2,8,40.81
2026-08-20,Humira,12.14,02:40:55,2,8,40.82
2026-08-20,Humira,9.16,02:41:25,2,8,40.83
2026-08-20,Humira,11.89,02:41:55,2,8,40.84
2026-08-20,Humira,9.5,02:42:25,2,8,40.85
2026-08-20,Humira,5.05,02:42:55,2,8,0.0
2026-08-20,Humira,4.94,02:43:25,2,8,0.0
2026-08-20,Humira,13.76,02:43:55,2,8,40.88
2026-08-20,Humira,15.94,02:44:25,2,8,40.9
2026-08-20,Humira,9.27,02:44:55,2,8,40.91
2026-08-20,Humira,10.02,02:45:25,2,8,40.92
2026-08-20,Humira,15.48,02:45:55,2,8,40.93
2026-08-20,Humira,11.71,02:46:25,2,8,40.94
2026-08-20,Humira,12.08,02:46:55,2,8,40.95
2026-08-20,Humira,5.53,02:47:25,2,8,0.0
2026-08-20,Humira,16.23,02:47:55,2,8,40.97
2026-08-20,Humira,14.19,02:48:25,2,8,40.98
2026-08-20,Humira,14.65,02:48:55,2,8,40.99
2026-08-20,Humira,13.79,02:49:25,2,8,41.0
2026-08-20,Humira,6.44,02:49:55,2,8,0.0
2026-08-20,Humira,12.53,02:50:25,2,8,41.03
2026-08-20,Humira,2.53,02:50:55,2,8,0.0
2026-08-20,Humira,4.64,02:51:25,2,8,0.0
2026-08-20,Humira,17.37,02:51:55,2,8,41.06
2026-08-20,Humira,9.27,02:52:25,2,8,41.07
2026-08-20,Humira,13.79,02:52:55,2,8,41.08
2026-08-20,Humira,4.87,02:53:25,2,8,0.0
2026-08-20,Humira,13.15,02:53:55,2,8,41.1
2026-08-20,Humira,5.2,02:54:25,2,8,0.0
2026-08-20,Humira,17.52,02:54:55,2,8,41.12
2026-08-20,Humira,16.11,02:55:25,2,8,41.13
2026-08-20,Humira,17.44,02:55:55,2,8,41.14
2026-08-20,Humira,15.0,02:56:25,2,8,41.16
2026-08-20,Humira,15.92,02:56:55,2,8,41.17
2026-08-20,Humira,3.48,02:57:25,2,8,0.0
2026-08-20,Humira,7.44,02:57:55,2,8,0.0
2026-08-20,Humira,17.94,02:58:25,2,8,41.2
2026-08-20,Humira,9.48,02:58:55,2,8,41.21
2026-08-20,Humira,14.67,02:59:25,2,8,41.22
2026-08-20,Humira,6.2,02:59:55,2,8,0.0
2026-08-20,Humira,14.12,03:00:25,2,8,41.24
2026-08-20,Humira,11.3,03:00:55,2,8,41.25
2026-08-20,Humira,15.68,03:01:25,2,8,41.26
2026-08-20,Humira,16.87,03:01:55,2,8,41.27
2026-08-20,Humira,15.54,03:02:25,2,8,41.29
2026-08-20,Humira,11.01,03:02:55,2,8,41.3
2026-08-20,Humira,9.4,03:03:25,2,8,41.31
2026-08-20,Humira,17.8,03:03:55,2,8,41.32
2026-08-20,Humira,3.2,03:04:25,2,8,0.0
2026-08-20,Humira,14.4,03:04:55,2,8,41.34
2026-08-20,Humira,6.09,03:05:25,2,8,0.0
2026-08-20,Humira,12.27,03:05:55,2,8,41.36
2026-08-20,Humira,14.28,03:06:25,2,8,41.37
2026-08-20,Humira,3.96,03:06:55,2,8,0.0
2026-08-20,Humira,13.38,03:07:25,2,8,41.39
2026-08-20,Humira,10.81,03:07:55,2,8,41.41
2026-08-20,Humira,11.37,03:08:25,2,8,41.42
2026-08-20,Humira,2.05,03:08:55,2,8,0.0
2026-08-20,Humira,14.17,03:09:25,2,8,41.44
2026-08-20,Humira,14.07,03:09:55,2,8,41.45
2026-08-20,Humira,9.41,03:10:25,2,8,41.46
2026-08-20,Humira,14.3,03:10:55,2,8,41.47
2026-08-20,Humira,9.58,03:11:25,2,8,41.48
2026-08-20,Humira,16.29,03:11:55,2,8,41.49
2026-08-20,Humira,13.88,03:12:25,2,8,41.5
2026-08-20,Humira,10.88,03:12:55,2,8,41.51
2026-08-20,Humira,13.42,03:13:25,2,8,41.52
2026-08-20,Humira,15.34,03:13:55,2,8,41.54
2026-08-20,Humira,16.61,03:14:25,2,8,41.55
2026-08-20,Humira,16.6,03:14:55,2,8,41.56
2026-08-20,Humira,15.36,03:15:25,2,8,41.57
2026-08-20,Humira,11.46,03:15:55,2,8,41.58
2026-08-20,Humira,9.0,03:16:25,2,8,41.59
2026-08-20,Humira,14.37,03:16:55,2,8,41.6
2026-08-20,Humira,9.61,03:17:25,2,8,41.61
2026-08-20,Humira,11.71,03:17:55,2,8,41.62
2026-08-20,Humira,16.01,03:18:25,2,8,41.63
2026-08-20,Humira,11.24,03:18:55,2,8,41.64
2026-08-20,Humira,10.5,03:19:25,2,8,41.65
2026-08-20,Humira,12.9,03:19:55,2,8,41.66
2026-08-20,Humira,4.77,03:20:25,2,8,0.0
2026-08-20,Humira,2.27,03:20:55,2,8,0.0
2026-08-20,Humira,12.83,03:21:25,2,8,41.7
2026-08-20,Humira,10.61,03:21:55,2,8,41.71
2026-08-20,Humira,10.95,03:22:25,2,8,41.72
2026-08-20,Humira,16.25,03:22:55,2,8,41.73
2026-08-20,Humira,13.77,03:23:25,2,8,41.74
2026-08-20,Humira,12.11,03:23:55,2,8,41.75
2026-08-20,Humira,6.56,03:24:25,2,8,0.0
2026-08-20,Humira,14.13,03:24:55,2,8,41.77
2026-08-20,Humira,14.63,03:25:25,2,8,41.78
2026-08-20,Humira,15.14,03:25:55,2,8,41.8
2026-08-20,Humira,2.16,03:26:25,2,8,0.0
2026-08-20,Humira,13.08,03:26:55,2,8,41.82
2026-08-20,Humira,11.15,03:27:25,2,8,41.83
2026-08-20,Humira,10.9,03:27:55,2,8,41.84
2026-08-20,Humira,17.83,03:28:25,2,8,41.85
2026-08-20,Humira,5.18,03:28:55,2,8,0.0
2026-08-20,Humira,16.15,03:29:25,2,8,41.87
2026-08-20,Humira,17.49,03:29:55,2,8,41.88
2026-08-20,Humira,12.61,03:30:25,2,8,41.89
2026-08-20,Humira,16.01,03:30:55,2,8,41.9
2026-08-20,Humira,11.7,03:31:25,2,8,41.91
2026-08-20,Humira,14.93,03:31:55,2,8,41.93
2026-08-20,Humira,16.34,03:32:25,2,8,41.94
2026-08-20,Humira,14.0,03:32:55,2,8,41.95
2026-08-20,Humira,6.23,03:33:25,2,8,0.0
2026-08-20,Humira,10.76,03:33:55,2,8,41.97
2026-08-20,Humira,13.51,03:34:25,2,8,41.98
2026-08-20,Humira,5.63,03:34:55,2,8,0.0
2026-08-20,Humira,5.01,03:35:25,2,8,0.0
2026-08-20,Humira,13.43,03:35:55,2,8,42.01
2026-08-20,Humira,12.51,03:36:25,2,8,42.02
2026-08-20,Humira,7.43,03:36:55,2,8,0.0
2026-08-20,Humira,11.96,03:37:25,2,8,42.04
2026-08-20,Humira,17.51,03:37:55,2,8,42.06
2026-08-20,Humira,9.03,03:38:25,2,8,42.07
2026-08-20,Humira,3.46,03:38:55,2,8,0.0
2026-08-20,Humira,10.7,03:39:25,2,8,42.09
2026-08-20,Humira,9.47,03:39:55,2,8,42.1
2026-08-20,Humira,2.11,03:40:25,2,8,0.0
2026-08-20,Humira,14.46,03:40:55,2,8,42.12
2026-08-20,Humira,15.24,03:41:25,2,8,42.13
2026-08-20,Humira,15.98,03:41:55,2,8,42.14
2026-08-20,Humira,6.75,03:42:25,2,8,0.0
2026-08-20,Humira,11.92,03:42:55,2,8,42.16
2026-08-20,Humira,11.77,03:43:25,2,8,42.17
2026-08-20,Humira,13.22,03:43:55,2,8,42.19
2026-08-20,Humira,17.86,03:44:25,2,8,42.2
2026-08-20,Humira,9.43,03:44:55,2,8,42.21
2026-08-20,Humira,6.2,03:45:25,2,8,0.0
2026-08-20,Humira,11.71,03:45:55,2,8,42.23
2026-08-20,Humira,17.61,03:46:25,2,8,42.24
2026-08-20,Humira,5.1,03:46:55,2,8,0.0
2026-08-20,Humira,10.5,03:47:25,2,8,42.26
2026-08-20,Humira,10.81,03:47:55,2,8,42.27
2026-08-20,Humira,3.47,03:48:25,2,8,0.0
2026-08-20,Humira,9.21,03:48:55,2,8,42.29
2026-08-20,Humira,13.37,03:49:25,2,8,42.3
2026-08-20,Humira,9.91,03:49:55,2,8,42.31
2026-08-20,Humira,10.91,03:50:25,2,8,42.33
2026-08-20,Humira,13.95,03:50:55,2,8,42.34
2026-08-20,Humira,14.31,03:51:25,2,8,42.35
2026-08-20,Humira,14.15,03:51:55,2,8,42.36
2026-08-20,Humira,11.16,03:52:25,2,8,42.37
2026-08-20,Humira,10.2,03:52:55,2,8,42.38
2026-08-20,Humira,10.55,03:53:25,2,8,42.39
2026-08-20,Humira,15.7,03:53:55,2,8,42.4
2026-08-20,Humira,13.53,03:54:25,2,8,42.41
2026-08-20,Humira,11.86,03:54:55,2,8,42.42
2026-08-20,Humira,13.34,03:55:25,2,8,42.43
2026-08-20,Humira,15.28,03:55:55,2,8,42.45
2026-08-20,Humira,17.04,03:56:25,2,8,42.46
2026-08-20,Humira,17.37,03:56:55,2,8,42.47
2026-08-20,Humira,15.85,03:57:25,2,8,42.48
2026-08-20,Humira,17.83,03:57:55,2,8,42.49
2026-08-20,Humira,14.1,03:58:25,2,8,42.5
2026-08-20,Humira,14.31,03:58:55,2,8,42.51
2026-08-20,Humira,11.12,03:59:25,2,8,42.52
2026-08-20,Humira,12.48,03:59:55,2,8,42.53
2026-08-20,Humira,16.08,04:00:25,2,8,42.54
2026-08-20,Humira,9.28,04:00:55,2,8,42.55
2026-08-20,Humira,10.44,04:01:25,2,8,42.56
2026-08-20,Humira,13.46,04:01:55,2,8,42.58
2026-08-20,Humira,16.24,04:02:25,2,8,42.59
2026-08-20,Humira,12.29,04:02:55,2,8,42.6
2026-08-20,Humira,10.51,04:03:25,2,8,42.61
2026-08-20,Humira,13.96,04:03:55,2,8,42.62
2026-08-20,Humira,12.82,04:04:25,2,8,42.63
2026-08-20,Humira,15.73,04:04:55,2,8,42.64
2026-08-20,Humira,9.9,04:05:25,2,8,42.65
2026-08-20,Humira,2.92,04:05:55,2,8,0.0
2026-08-20,Humira,10.28,04:06:25,2,8,42.67
2026-08-20,Humira,9.93,04:06:55,2,8,42.68
2026-08-20,Humira,11.83,04:07:25,2,8,42.69
2026-08-20,Humira,9.8,04:07:55,2,8,42.71
2026-08-20,Humira,16.82,04:08:25,2,8,42.72
2026-08-20,Humira,11.55,04:08:55,2,8,42.73
2026-08-20,Humira,17.47,04:09:25,2,8,42.74
2026-08-20,Humira,4.42,04:09:55,2,8,0.0
2026-08-20,Humira,17.31,04:10:25,2,8,42.76
2026-08-20,Humira,14.83,04:10:55,2,8,42.77
2026-08-20,Humira,9.83,04:11:25,2,8,42.78
2026-08-20,Humira,9.07,04:11:55,2,8,42.79
2026-08-20,Humira,7.2,04:12:25,2,8,0.0
2026-08-20,Humira,13.2,04:12:55,2,8,42.81
2026-08-20,Humira,7.5,04:13:25,2,8,0.0
2026-08-20,Humira,15.25,04:13:55,2,8,42.84
2026-08-20,Humira,16.2,04:14:25,2,8,42.85
2026-08-20,Humira,10.57,04:14:55,2,8,42.86
2026-08-20,Humira,17.08,04:15:25,2,8,42.87
2026-08-20,Humira,13.64,04:15:55,2,8,42.88
2026-08-20,Humira,15.24,04:16:25,2,8,42.89
2026-08-20,Humira,5.52,04:16:55,2,8,0.0
2026-08-20,Humira,14.56,04:17:25,2,8,42.91
2026-08-20,Humira,10.23,04:17:55,2,8,42.92
2026-08-20,Humira,14.33,04:18:25,2,8,42.93
2026-08-20,Humira,10.66,04:18:55,2,8,42.94
2026-08-20,Humira,14.07,04:19:25,2,8,42.95
2026-08-20,Humira,15.63,04:19:55,2,8,42.96
2026-08-20,Humira,6.35,04:20:25,2,8,0.0
2026-08-20,Humira,6.61,04:20:55,2,8,0.0
2026-08-20,Humira,12.24,04:21:25,2,8,43.0
2026-08-20,Humira,9.41,04:21:55,2,8,43.01
2026-08-20,Humira,17.88,04:22:25,2,8,43.02
2026-08-20,Humira,7.17,04:22:55,2,8,0.0
2026-08-20,Humira,12.07,04:23:25,2,8,43.04
2026-08-20,Humira,14.46,04:23:55,2,8,43.05
2026-08-20,Humira,7.6,04:24:25,2,8,0.0
2026-08-20,Humira,12.64,04:24:55,2,8,43.07
2026-08-20,Humira,16.18,04:25:25,2,8,43.08
2026-08-20,Humira,11.92,04:25:55,2,8,43.09
2026-08-20,Humira,9.3,04:26:25,2,8,43.11
2026-08-20,Humira,16.5,04:26:55,2,8,43.12
2026-08-20,Humira,13.64,04:27:25,2,8,43.13
2026-08-20,Humira,16.54,04:27:55,2,8,43.14
2026-08-20,Humira,7.61,04:28:25,2,8,0.0
2026-08-20,Humira,9.4,04:28:55,2,8,43.16
2026-08-20,Humira,14.7,04:29:25,2,8,43.17
2026-08-20,Humira,10.26,04:29:55,2,8,43.18
2026-08-20,Humira,17.03,04:30:25,2,8,43.19
2026-08-20,Humira,11.38,04:30:55,2,8,43.2
2026-08-20,Humira,12.69,04:31:25,2,8,43.21
2026-08-20,Humira,14.87,04:31:55,2,8,43.23
2026-08-20,Humira,10.64,04:32:25,2,8,43.24
2026-08-20,Humira,9.1,04:32:55,2,8,43.25
2026-08-20,Humira,16.62,04:33:25,2,8,43.26
2026-08-20,Humira,9.84,04:33:55,2,8,43.27
2026-08-20,Humira,13.03,04:34:25,2,8,43.28
2026-08-20,Humira,3.21,04:34:55,2,8,0.0
2026-08-20,Humira,14.86,04:35:25,2,8,43.3
2026-08-20,Humira,16.38,04:35:55,2,8,43.31
2026-08-20,Humira,10.0,04:36:25,2,8,43.32
2026-08-20,Humira,14.58,04:36:55,2,8,43.33
2026-08-20,Humira,14.08,04:37:25,2,8,43.34
2026-08-20,Humira,3.99,04:37:55,2,8,0.0
2026-08-20,Humira,5.82,04:38:25,2,8,0.0
2026-08-20,Humira,15.94,04:38:55,2,8,43.38
2026-08-20,Humira,12.26,04:39:25,2,8,43.39
2026-08-20,Humira,9.53,04:39:55,2,8,43.4
2026-08-20,Humira,11.29,04:40:25,2,8,43.41
2026-08-20,Humira,2.42,04:40:55,2,8,0.0
2026-08-20,Humira,14.12,04:41:25,2,8,43.43
2026-08-20,Humira,9.06,04:41:55,2,8,43.44
2026-08-20,Humira,9.96,04:42:25,2,8,43.45
2026-08-20,Humira,3.54,04:42:55,2,8,0.0
2026-08-20,Humira,9.52,04:43:25,2,8,43.47
2026-08-20,Humira,7.72,04:43:55,2,8,0.0
2026-08-20,Humira,13.96,04:44:25,2,8,43.5
2026-08-20,Humira,6.51,04:44:55,2,8,0.0
2026-08-20,Humira,14.06,04:45:25,2,8,43.52
2026-08-20,Humira,13.26,04:45:55,2,8,43.53
2026-08-20,Humira,2.45,04:46:25,2,8,0.0
2026-08-20,Humira,11.76,04:46:55,2,8,43.55
2026-08-20,Humira,12.21,04:47:25,2,8,43.56
2026-08-20,Humira,15.4,04:47:55,2,8,43.57
2026-08-20,Humira,16.96,04:48:25,2,8,43.58
2026-08-20,Humira,11.27,04:48:55,2,8,43.59
2026-08-20,Humira,14.12,04:49:25,2,8,43.6
2026-08-20,Humira,9.28,04:49:55,2,8,43.61
2026-08-20,Humira,2.23,04:50:25,2,8,0.0
2026-08-20,Humira,15.4,04:50:55,2,8,43.64
2026-08-20,Humira,11.36,04:51:25,2,8,43.65
2026-08-20,Humira,17.42,04:51:55,2,8,43.66
2026-08-20,Humira,2.83,04:52:25,2,8,0.0
2026-08-20,Humira,12.79,04:52:55,2,8,43.68
2026-08-20,Humira,7.1,04:53:25,2,8,0.0
2026-08-20,Humira,2.14,04:53:55,2,8,0.0
2026-08-20,Humira,14.46,04:54:25,2,8,43.71
2026-08-20,Humira,5.13,04:54:55,2,8,0.0
2026-08-20,Humira,17.7,04:55:25,2,8,43.73
2026-08-20,Humira,17.01,04:55:55,2,8,43.74
2026-08-20,Humira,15.73,04:56:25,2,8,43.76
2026-08-20,Humira,9.23,04:56:55,2,8,43.77
2026-08-20,Humira,11.02,04:57:25,2,8,43.78
2026-08-20,Humira,10.67,04:57:55,2,8,43.79
2026-08-20,Humira,15.02,04:58:25,2,8,43.8
2026-08-20,Humira,2.46,04:58:55,2,8,0.0
2026-08-20,Humira,9.55,04:59:25,2,8,43.82
2026-08-20,Humira,7.01,04:59:55,2,8,0.0
2026-08-20,Humira,15.41,05:00:25,2,8,43.84
2026-08-20,Humira,11.94,05:00:55,2,8,43.85
2026-08-20,Humira,13.99,05:01:25,2,8,43.86
2026-08-20,Humira,4.15,05:01:55,2,8,0.0
2026-08-20,Humira,10.03,05:02:25,2,8,43.89
2026-08-20,Humira,13.02,05:02:55,2,8,43.9
2026-08-20,Humira,17.9,05:03:25,2,8,43.91
2026-08-20,Humira,5.79,05:03:55,2,8,0.0
2026-08-20,Humira,15.07,05:04:25,2,8,43.93
2026-08-20,Humira,15.94,05:04:55,2,8,43.94
2026-08-20,Humira,14.71,05:05:25,2,8,43.95
2026-08-20,Humira,12.95,05:05:55,2,8,43.96
2026-08-20,Humira,11.35,05:06:25,2,8,43.97
2026-08-20,Humira,2.14,05:06:55,2,8,0.0
2026-08-20,Humira,16.96,05:07:25,2,8,43.99
2026-08-20,Humira,11.64,05:07:55,2,8,44.01
2026-08-20,Humira,13.44,05:08:25,2,8,44.02
2026-08-20,Humira,7.28,05:08:55,2,8,0.0
2026-08-20,Humira,6.54,05:09:25,2,8,0.0
2026-08-20,Humira,14.19,05:09:55,2,8,44.05
2026-08-20,Humira,5.52,05:10:25,2,8,0.0
2026-08-20,Humira,16.49,05:10:55,2,8,44.07
2026-08-20,Humira,2.99,05:11:25,2,8,0.0
2026-08-20,Humira,7.68,05:11:55,2,8,0.0
2026-08-20,Humira,17.07,05:12:25,2,8,44.1
2026-08-20,Humira,16.67,05:12:55,2,8,44.11
2026-08-20,Humira,16.56,05:13:25,2,8,44.12
2026-08-20,Humira,12.78,05:13:55,2,8,44.14
2026-08-20,Humira,13.36,05:14:25,2,8,44.15
2026-08-20,Humira,9.37,05:14:55,2,8,44.16
2026-08-20,Humira,16.15,05:15:25,2,8,44.17
2026-08-20,Humira,9.9,05:15:55,2,8,44.18
2026-08-20,Humira,12.52,05:16:25,2,8,44.19
2026-08-20,Humira,10.05,05:16:55,2,8,44.2
2026-08-20,Humira,17.11,05:17:25,2,8,44.21
2026-08-20,Humira,12.21,05:17:55,2,8,44.22
2026-08-20,Humira,16.51,05:18:25,2,8,44.23
2026-08-20,Humira,16.84,05:18:55,2,8,44.24
2026-08-20,Humira,12.55,05:19:25,2,8,44.25
2026-08-20,Humira,13.63,05:19:55,2,8,44.27
2026-08-20,Humira,13.02,05:20:25,2,8,44.28
2026-08-20,Humira,9.49,05:20:55,2,8,44.29
2026-08-20,Humira,11.19,05:21:25,2,8,44.3
2026-08-20,Humira,17.68,05:21:55,2,8,44.31
2026-08-20,Humira,16.68,05:22:25,2,8,44.32
2026-08-20,Humira,15.38,05:22:55,2,8,44.33
2026-08-20,Humira,15.62,05:23:25,2,8,44.34
2026-08-20,Humira,15.17,05:23:55,2,8,44.35
2026-08-20,Humira,9.89,05:24:25,2,8,44.36
2026-08-20,Humira,5.2,05:24:55,2,8,0.0
2026-08-20,Humira,9.22,05:25:25,2,8,44.38
2026-08-20,Humira,10.41,05:25:55,2,8,44.4
2026-08-20,Humira,14.84,05:26:25,2,8,44.41
2026-08-20,Humira,10.68,05:26:55,2,8,44.42
2026-08-20,Humira,11.52,05:27:25,2,8,44.43
2026-08-20,Humira,17.13,05:27:55,2,8,44.44
2026-08-20,Humira,17.14,05:28:25,2,8,44.45
2026-08-20,Humira,9.64,05:28:55,2,8,44.46
2026-08-20,Humira,10.2,05:29:25,2,8,44.47
2026-08-20,Humira,15.06,05:29:55,2,8,44.48
2026-08-20,Humira,15.87,05:30:25,2,8,44.49
2026-08-20,Humira,16.09,05:30:55,2,8,44.5
2026-08-20,Humira,15.35,05:31:25,2,8,44.51
2026-08-20,Humira,11.95,05:31:55,2,8,44.52
2026-08-20,Humira,7.85,05:32:25,2,8,0.0
2026-08-20,Humira,10.42,05:32:55,2,8,44.55
2026-08-20,Humira,12.22,05:33:25,2,8,44.56
2026-08-20,Humira,16.63,05:33:55,2,8,44.57
2026-08-20,Humira,2.33,05:34:25,2,8,0.0
2026-08-20,Humira,9.88,05:34:55,2,8,44.59
2026-08-20,Humira,14.8,05:35:25,2,8,44.6
2026-08-20,Humira,9.82,05:35:55,2,8,44.61
2026-08-20,Humira,7.72,05:36:25,2,8,0.0
2026-08-20,Humira,10.5,05:36:55,2,8,44.63
2026-08-20,Humira,16.6,05:37:25,2,8,44.64
2026-08-20,Humira,9.59,05:37:55,2,8,44.66
2026-08-20,Humira,14.56,05:38:25,2,8,44.67
2026-08-20,Humira,10.76,05:38:55,2,8,44.68
2026-08-20,Humira,9.72,05:39:25,2,8,44.69
2026-08-20,Humira,17.58,05:39:55,2,8,44.7
2026-08-20,Humira,10.92,05:40:25,2,8,44.71
2026-08-20,Humira,14.05,05:40:55,2,8,44.72
2026-08-20,Humira,13.61,05:41:25,2,8,44.73
2026-08-20,Humira,9.12,05:41:55,2,8,44.74
2026-08-20,Humira,7.51,05:42:25,2,8,0.0
2026-08-20,Humira,12.8,05:42:55,2,8,44.76
2026-08-20,Humira,13.29,05:43:25,2,8,44.77
2026-08-20,Humira,2.4,05:43:55,2,8,0.0
2026-08-20,Humira,9.88,05:44:25,2,8,44.8
2026-08-20,Humira,3.96,05:44:55,2,8,0.0
2026-08-20,Humira,6.16,05:45:25,2,8,0.0
2026-08-20,Humira,3.24,05:45:55,2,8,0.0
2026-08-20,Humira,3.12,05:46:25,2,8,0.0
2026-08-20,Humira,12.55,05:46:55,2,8,44.85
2026-08-20,Humira,14.72,05:47:25,2,8,44.86
2026-08-20,Humira,13.13,05:47:55,2,8,44.87
2026-08-20,Humira,14.23,05:48:25,2,8,44.88
2026-08-20,Humira,12.41,05:48:55,2,8,44.89
2026-08-20,Humira,2.69,05:49:25,2,8,0.0
2026-08-20,Humira,12.83,05:49:55,2,8,44.91
2026-08-20,Humira,11.36,05:50:25,2,8,44.93
2026-08-20,Humira,15.11,05:50:55,2,8,44.94
2026-08-20,Humira,17.85,05:51:25,2,8,44.95
2026-08-20,Humira,16.01,05:51:55,2,8,44.96
2026-08-20,Humira,5.81,05:52:25,2,8,0.0
2026-08-20,Humira,16.88,05:52:55,2,8,44.98
2026-08-20,Humira,14.02,05:53:25,2,8,44.99
2026-08-20,Humira,11.86,05:53:55,2,8,45.0
2026-08-20,Humira,16.15,05:54:25,2,8,45.01
2026-08-20,Humira,9.56,05:54:55,2,8,45.02
2026-08-20,Humira,13.64,05:55:25,2,8,45.03
2026-08-20,Humira,13.88,05:55:55,2,8,45.05
2026-08-20,Humira,16.04,05:56:25,2,8,45.06
2026-08-20,Humira,9.17,05:56:55,2,8,45.07
2026-08-20,Humira,16.81,05:57:25,2,8,45.08
2026-08-20,Humira,6.02,05:57:55,2,8,0.0
2026-08-20,Humira,9.15,05:58:25,2,8,45.1
2026-08-20,Humira,11.28,05:58:55,2,8,45.11
2026-08-20,Humira,3.55,05:59:25,2,8,0.0
2026-08-20,Humira,2.47,05:59:55,2,8,0.0
2026-08-20,Humira,16.92,06:00:25,2,8,45.14
2026-08-20,Humira,16.58,06:00:55,2,8,45.15
2026-08-20,Humira,6.48,06:01:25,2,8,0.0
2026-08-20,Humira,13.23,06:01:55,2,8,45.18
2026-08-20,Humira,10.46,06:02:25,2,8,45.19
2026-08-20,Humira,10.32,06:02:55,2,8,45.2
2026-08-20,Humira,17.53,06:03:25,2,8,45.21
2026-08-20,Humira,16.13,06:03:55,2,8,45.22
2026-08-20,Humira,12.9,06:04:25,2,8,45.23
2026-08-20,Humira,6.17,06:04:55,2,8,0.0
2026-08-20,Humira,9.57,06:05:25,2,8,45.25
2026-08-20,Humira,9.83,06:05:55,2,8,45.26
2026-08-20,Humira,15.66,06:06:25,2,8,45.27
2026-08-20,Humira,3.07,06:06:55,2,8,0.0
2026-08-20,Humira,11.78,06:07:25,2,8,45.29
2026-08-20,Humira,16.83,06:07:55,2,8,45.31
2026-08-20,Humira,12.29,06:08:25,2,8,45.32
2026-08-20,Humira,16.51,06:08:55,2,8,45.33
2026-08-20,Humira,3.32,06:09:25,2,8,0.0
2026-08-20,Humira,16.38,06:09:55,2,8,45.35
2026-08-20,Humira,3.56,06:10:25,2,8,0.0
2026-08-20,Humira,12.18,06:10:55,2,8,45.37
2026-08-20,Humira,11.01,06:11:25,2,8,45.38
2026-08-20,Humira,14.07,06:11:55,2,8,45.39
2026-08-20,Humira,11.74,06:12:25,2,8,45.4
2026-08-20,Humira,12.23,06:12:55,2,8,45.41
2026-08-20,Humira,11.08,06:13:25,2,8,45.42
2026-08-20,Humira,10.02,06:13:55,2,8,45.44
2026-08-20,Humira,5.34,06:14:25,2,8,0.0
2026-08-20,Humira,10.73,06:14:55,2,8,45.46
2026-08-20,Humira,12.45,06:15:25,2,8,45.47
2026-08-20,Humira,13.67,06:15:55,2,8,45.48
2026-08-20,Humira,14.34,06:16:25,2,8,45.49
2026-08-20,Humira,2.71,06:16:55,2,8,0.0
2026-08-20,Humira,17.25,06:17:25,2,8,45.51
2026-08-20,Humira,10.79,06:17:55,2,8,45.52
2026-08-20,Humira,5.31,06:18:25,2,8,0.0
2026-08-20,Humira,11.99,06:18:55,2,8,45.54
2026-08-20,Humira,15.37,06:19:25,2,8,45.55
2026-08-20,Humira,15.2,06:19:55,2,8,45.56
2026-08-20,Humira,6.55,06:20:25,2,8,0.0
2026-08-20,Humira,5.84,06:20:55,2,8,0.0
2026-08-20,Humira,11.1,06:21:25,2,8,45.6
2026-08-20,Humira,7.48,06:21:55,2,8,0.0
2026-08-20,Humira,13.39,06:22:25,2,8,45.62
2026-08-20,Humira,9.08,06:22:55,2,8,45.63
2026-08-20,Humira,2.54,06:23:25,2,8,0.0
2026-08-20,Humira,14.24,06:23:55,2,8,45.65
2026-08-20,Humira,5.85,06:24:25,2,8,0.0
2026-08-20,Humira,2.72,06:24:55,2,8,0.0
2026-08-20,Humira,11.01,06:25:25,2,8,45.68
2026-08-20,Humira,15.17,06:25:55,2,8,45.7
2026-08-20,Humira,13.04,06:26:25,2,8,45.71
2026-08-20,Humira,14.74,06:26:55,2,8,45.72
2026-08-20,Humira,16.16,06:27:25,2,8,45.73
2026-08-20,Humira,14.04,06:27:55,2,8,45.74
2026-08-20,Humira,17.76,06:28:25,2,8,45.75
2026-08-20,Humira,16.18,06:28:55,2,8,45.76
2026-08-20,Humira,11.43,06:29:25,2,8,45.77
2026-08-20,Humira,11.67,06:29:55,2,8,45.78
2026-08-20,Humira,10.72,06:30:25,2,8,45.79
2026-08-20,Humira,14.47,06:30:55,2,8,45.8
2026-08-20,Humira,9.85,06:31:25,2,8,45.81
2026-08-20,Humira,16.83,06:31:55,2,8,45.83
2026-08-20,Humira,12.77,06:32:25,2,8,45.84
2026-08-20,Humira,16.75,06:32:55,2,8,45.85
2026-08-20,Humira,10.36,06:33:25,2,8,45.86
2026-08-20,Humira,11.3,06:33:55,2,8,45.87
2026-08-20,Humira,14.85,06:34:25,2,8,45.88
2026-08-20,Humira,17.92,06:34:55,2,8,45.89
2026-08-20,Humira,4.27,06:35:25,2,8,0.0
2026-08-20,Humira,10.44,06:35:55,2,8,45.91
2026-08-20,Humira,3.1,06:36:25,2,8,0.0
2026-08-20,Humira,3.85,06:36:55,2,8,0.0
2026-08-20,Humira,3.21,06:37:25,2,8,0.0
2026-08-20,Humira,12.06,06:37:55,2,8,45.96
2026-08-20,Humira,17.63,06:38:25,2,8,45.97
2026-08-20,Humira,17.86,06:38:55,2,8,45.98
2026-08-20,Humira,13.84,06:39:25,2,8,45.99
2026-08-20,Humira,12.96,06:39:55,2,8,46.0
2026-08-20,Humira,9.88,06:40:25,2,8,46.01
2026-08-20,Humira,3.51,06:40:55,2,8,0.0
2026-08-20,Humira,2.92,06:41:25,2,8,0.0
2026-08-20,Humira,6.72,06:41:55,2,8,0.0
2026-08-20,Humira,13.44,06:42:25,2,8,46.05
2026-08-20,Humira,7.97,06:42:55,2,8,0.0
2026-08-20,Humira,9.2,06:43:25,2,8,46.07
2026-08-20,Humira,13.38,06:43:55,2,8,46.09
2026-08-20,Humira,17.24,06:44:25,2,8,46.1
2026-08-20,Humira,3.2,06:44:55,2,8,0.0
2026-08-20,Humira,14.0,06:45:25,2,8,46.12
2026-08-20,Humira,13.66,06:45:55,2,8,46.13
2026-08-20,Humira,12.39,06:46:25,2,8,46.14
2026-08-20,Humira,17.97,06:46:55,2,8,46.15
2026-08-20,Humira,12.03,06:47:25,2,8,46.16
2026-08-20,Humira,17.43,06:47:55,2,8,46.17
2026-08-20,Humira,12.91,06:48:25,2,8,46.18
2026-08-20,Humira,5.67,06:48:55,2,8,0.0
2026-08-20,Humira,14.75,06:49:25,2,8,46.2
2026-08-20,Humira,14.13,06:49:55,2,8,46.21
2026-08-20,Humira,17.89,06:50:25,2,8,46.23
2026-08-20,Humira,15.75,06:50:55,2,8,46.24
2026-08-20,Humira,12.45,06:51:25,2,8,46.25
2026-08-20,Humira,16.34,06:51:55,2,8,46.26
2026-08-20,Humira,9.94,06:52:25,2,8,46.27
2026-08-20,Humira,9.53,06:52:55,2,8,46.28
2026-08-20,Humira,15.01,06:53:25,2,8,46.29
2026-08-20,Humira,12.59,06:53:55,2,8,46.3
2026-08-20,Humira,10.99,06:54:25,2,8,46.31
2026-08-20,Humira,5.01,06:54:55,2,8,0.0
2026-08-20,Humira,4.74,06:55:25,2,8,0.0
2026-08-20,Humira,12.04,06:55:55,2,8,46.34
2026-08-20,Humira,9.49,06:56:25,2,8,46.36
2026-08-20,Humira,13.72,06:56:55,2,8,46.37
2026-08-20,Humira,5.82,06:57:25,2,8,0.0
2026-08-20,Humira,10.06,06:57:55,2,8,46.39
2026-08-20,Humira,5.12,06:58:25,2,8,0.0
2026-08-20,Humira,15.63,06:58:55,2,8,46.41
2026-08-20,Humira,5.62,06:59:25,2,8,0.0
2026-08-20,Humira,15.49,06:59:55,2,8,46.43
2026-08-20,Humira,11.0,07:00:25,2,8,46.44
2026-08-20,Humira,17.55,07:00:55,2,8,46.45
2026-08-20,Humira,15.55,07:01:25,2,8,46.46
2026-08-20,Humira,9.6,07:01:55,2,8,46.48
2026-08-20,Humira,10.43,07:02:25,2,8,46.49
2026-08-20,Humira,13.3,07:02:55,2,8,46.5
2026-08-20,Humira,10.64,07:03:25,2,8,46.51
2026-08-20,Humira,6.99,07:03:55,2,8,0.0
2026-08-20,Humira,9.79,07:04:25,2,8,46.53
2026-08-20,Humira,16.5,07:04:55,2,8,46.54
2026-08-20,Humira,12.71,07:05:25,2,8,46.55
2026-08-20,Humira,11.73,07:05:55,2,8,46.56
2026-08-20,Humira,12.07,07:06:25,2,8,46.57
2026-08-20,Humira,3.78,07:06:55,2,8,0.0
2026-08-20,Humira,16.96,07:07:25,2,8,46.59
2026-08-20,Humira,15.91,07:07:55,2,8,46.61
2026-08-20,Humira,2.89,07:08:25,2,8,0.0
2026-08-20,Humira,13.0,07:08:55,2,8,46.63
2026-08-20,Humira,17.35,07:09:25,2,8,46.64
2026-08-20,Humira,2.01,07:09:55,2,8,0.0
2026-08-20,Humira,17.8,07:10:25,2,8,46.66
2026-08-20,Humira,11.15,07:10:55,2,8,46.67
2026-08-20,Humira,17.83,07:11:25,2,8,46.68
2026-08-20,Humira,12.71,07:11:55,2,8,46.69
2026-08-20,Humira,14.33,07:12:25,2,8,46.7
2026-08-20,Humira,9.87,07:12:55,2,8,46.71
2026-08-20,Humira,12.23,07:13:25,2,8,46.72
2026-08-20,Humira,15.3,07:13:55,2,8,46.74
2026-08-20,Humira,11.85,07:14:25,2,8,46.75
2026-08-20,Humira,5.38,07:14:55,2,8,0.0
2026-08-20,Humira,10.88,07:15:25,2,8,46.77
2026-08-20,Humira,12.67,07:15:55,2,8,46.78
2026-08-20,Humira,3.55,07:16:25,2,8,0.0
2026-08-20,Humira,17.02,07:16:55,2,8,46.8
2026-08-20,Humira,11.91,07:17:25,2,8,46.81
2026-08-20,Humira,10.11,07:17:55,2,8,46.82
2026-08-20,Humira,11.76,07:18:25,2,8,46.83
2026-08-20,Humira,16.82,07:18:55,2,8,46.84
2026-08-20,Humira,12.77,07:19:25,2,8,46.85
2026-08-20,Humira,10.83,07:19:55,2,8,46.86
2026-08-20,Humira,15.67,07:20:25,2,8,46.88
2026-08-20,Humira,14.31,07:20:55,2,8,46.89
2026-08-20,Humira,15.61,07:21:25,2,8,46.9
2026-08-20,Humira,9.18,07:21:55,2,8,46.91
2026-08-20,Humira,15.04,07:22:25,2,8,46.92
2026-08-20,Humira,13.45,07:22:55,2,8,46.93
2026-08-20,Humira,13.82,07:23:25,2,8,46.94
2026-08-20,Humira,14.6,07:23:55,2,8,46.95
2026-08-20,Humira,15.71,07:24:25,2,8,46.96
2026-08-20,Humira,15.68,07:24:55,2,8,46.97
2026-08-20,Humira,14.65,07:25:25,2,8,46.98
2026-08-20,Humira,3.24,07:25:55,2,8,0.0
2026-08-20,Humira,12.13,07:26:25,2,8,47.01
2026-08-20,Humira,16.28,07:26:55,2,8,47.02
2026-08-20,Humira,12.46,07:27:25,2,8,47.03
2026-08-20,Humira,16.81,07:27:55,2,8,47.04
2026-08-20,Humira,17.43,07:28:25,2,8,47.05
2026-08-20,Humira,3.05,07:28:55,2,8,0.0
2026-08-20,Humira,2.97,07:29:25,2,8,0.0
2026-08-20,Humira,17.31,07:29:55,2,8,47.08
2026-08-20,Humira,12.76,07:30:25,2,8,47.09
2026-08-20,Humira,17.58,07:30:55,2,8,47.1
2026-08-20,Humira,16.67,07:31:25,2,8,47.11
2026-08-20,Humira,13.64,07:31:55,2,8,47.12
2026-08-20,Humira,10.76,07:32:25,2,8,47.14
2026-08-20,Humira,4.26,07:32:55,2,8,0.0
2026-08-20,Humira,14.59,07:33:25,2,8,47.16
2026-08-20,Humira,9.41,07:33:55,2,8,47.17
2026-08-20,Humira,12.62,07:34:25,2,8,47.18
2026-08-20,Humira,12.07,07:34:55,2,8,47.19
2026-08-20,Humira,11.91,07:35:25,2,8,47.2
2026-08-20,Humira,16.74,07:35:55,2,8,47.21
2026-08-20,Humira,16.35,07:36:25,2,8,47.22
2026-08-20,Humira,14.96,07:36:55,2,8,47.23
2026-08-20,Humira,11.79,07:37:25,2,8,47.24
2026-08-20,Humira,12.89,07:37:55,2,8,47.26
2026-08-20,Humira,12.13,07:38:25,2,8,47.27
2026-08-20,Humira,13.92,07:38:55,2,8,47.28
2026-08-20,Humira,14.13,07:39:25,2,8,47.29
2026-08-20,Humira,3.36,07:39:55,2,8,0.0
2026-08-20,Humira,16.9,07:40:25,2,8,47.31
2026-08-20,Humira,13.94,07:40:55,2,8,47.32
2026-08-20,Humira,9.82,07:41:25,2,8,47.33
2026-08-20,Humira,16.83,07:41:55,2,8,47.34
2026-08-20,Humira,14.98,07:42:25,2,8,47.35
2026-08-20,Humira,11.05,07:42:55,2,8,47.36
2026-08-20,Humira,17.12,07:43:25,2,8,47.37
2026-08-20,Humira,15.78,07:43:55,2,8,47.39
2026-08-20,Humira,7.12,07:44:25,2,8,0.0
2026-08-20,Humira,15.63,07:44:55,2,8,47.41
2026-08-20,Humira,17.93,07:45:25,2,8,47.42
2026-08-20,Humira,12.77,07:45:55,2,8,47.43
2026-08-20,Humira,3.12,07:46:25,2,8,0.0
2026-08-20,Humira,13.9,07:46:55,2,8,47.45
2026-08-20,Humira,17.55,07:47:25,2,8,47.46
2026-08-20,Humira,3.46,07:47:55,2,8,0.0
2026-08-20,Humira,10.81,07:48:25,2,8,47.48
2026-08-20,Humira,9.55,07:48:55,2,8,47.49
2026-08-20,Humira,9.35,07:49:25,2,8,47.5
2026-08-20,Humira,16.15,07:49:55,2,8,47.52
2026-08-20,Humira,10.29,07:50:25,2,8,47.53
2026-08-20,Humira,11.69,07:50:55,2,8,47.54
2026-08-20,Humira,17.35,07:51:25,2,8,47.55
2026-08-20,Humira,16.05,07:51:55,2,8,47.56
2026-08-20,Humira,10.08,07:52:25,2,8,47.57
2026-08-20,Humira,7.49,07:52:55,2,8,0.0
2026-08-20,Humira,12.98,07:53:25,2,8,47.59
2026-08-20,Humira,17.3,07:53:55,2,8,47.6
2026-08-20,Humira,13.65,07:54:25,2,8,47.61
2026-08-20,Humira,2.9,07:54:55,2,8,0.0
2026-08-20,Humira,3.19,07:55:25,2,8,0.0
2026-08-20,Humira,12.6,07:55:55,2,8,47.65
2026-08-20,Humira,4.84,07:56:25,2,8,0.0
2026-08-20,Humira,13.62,07:56:55,2,8,47.67
2026-08-20,Humira,17.51,07:57:25,2,8,47.68
2026-08-20,Humira,12.11,07:57:55,2,8,47.69
2026-08-20,Humira,14.34,07:58:25,2,8,47.7
2026-08-20,Humira,12.11,07:58:55,2,8,47.71
2026-08-20,Humira,17.7,07:59:25,2,8,47.72
2026-08-20,Humira,9.2,07:59:55,2,8,47.73
2026-08-20,Humira,15.07,08:00:25,2,8,47.74
2026-08-20,Humira,16.2,08:00:55,2,8,47.75
2026-08-20,Humira,2.53,08:01:25,2,8,0.0
2026-08-20,Humira,14.98,08:01:55,2,8,47.77
2026-08-20,Humira,13.36,08:02:25,2,8,47.79
2026-08-20,Humira,16.06,08:02:55,2,8,47.8
2026-08-20,Humira,14.36,08:03:25,2,8,47.81
2026-08-20,Humira,17.16,08:03:55,2,8,47.82
2026-08-20,Humira,16.98,08:04:25,2,8,47.83
2026-08-20,Humira,12.29,08:04:55,2,8,47.84
2026-08-20,Humira,7.73,08:05:25,2,8,0.0
2026-08-20,Humira,10.41,08:05:55,2,8,47.86
2026-08-20,Humira,2.56,08:06:25,2,8,0.0
2026-08-20,Humira,14.23,08:06:55,2,8,47.88
2026-08-20,Humira,11.18,08:07:25,2,8,47.89
2026-08-20,Humira,13.05,08:07:55,2,8,47.91
2026-08-20,Humira,13.05,08:08:25,2,8,47.92
2026-08-20,Humira,16.35,08:08:55,2,8,47.93
2026-08-20,Humira,11.6,08:09:25,2,8,47.94
2026-08-20,Humira,6.21,08:09:55,2,8,0.0
2026-08-20,Humira,10.43,08:10:25,2,8,47.96
2026-08-20,Humira,11.12,08:10:55,2,8,47.97
2026-08-20,Humira,10.98,08:11:25,2,8,47.98
2026-08-20,Humira,12.52,08:11:55,2,8,47.99
2026-08-20,Humira,16.67,08:12:25,2,8,48.0
2026-08-20,Humira,7.39,08:12:55,2,8,0.0
2026-08-20,Humira,12.74,08:13:25,2,8,48.02
2026-08-20,Humira,15.46,08:13:55,2,8,48.04
2026-08-20,Humira,10.44,08:14:25,2,8,48.05
2026-08-20,Humira,12.82,08:14:55,2,8,48.06
2026-08-20,Humira,10.09,08:15:25,2,8,48.07
2026-08-20,Humira,11.81,08:15:55,2,8,48.08
2026-08-20,Humira,15.08,08:16:25,2,8,48.09
2026-08-20,Humira,14.77,08:16:55,2,8,48.1
2026-08-20,Humira,13.15,08:17:25,2,8,48.11
2026-08-20,Humira,7.44,08:17:55,2,8,0.0
2026-08-20,Humira,7.23,08:18:25,2,8,0.0
2026-08-20,Humira,15.69,08:18:55,2,8,48.14
2026-08-20,Humira,10.74,08:19:25,2,8,48.15
2026-08-20,Humira,9.5,08:19:55,2,8,48.16
2026-08-20,Humira,14.38,08:20:25,2,8,48.18
2026-08-20,Humira,10.57,08:20:55,2,8,48.19
2026-08-20,Humira,14.71,08:21:25,2,8,48.2
2026-08-20,Humira,9.32,08:21:55,2,8,48.21
2026-08-20,Humira,15.71,08:22:25,2,8,48.22
2026-08-20,Humira,3.71,08:22:55,2,8,0.0
2026-08-20,Humira,14.7,08:23:25,2,8,48.24
2026-08-20,Humira,16.15,08:23:55,2,8,48.25
2026-08-20,Humira,17.95,08:24:25,2,8,48.26
2026-08-20,Humira,17.78,08:24:55,2,8,48.27
2026-08-20,Humira,16.91,08:25:25,2,8,48.28
2026-08-20,Humira,17.89,08:25:55,2,8,48.3
2026-08-20,Humira,12.01,08:26:25,2,8,48.31
2026-08-20,Humira,15.15,08:26:55,2,8,48.32
2026-08-20,Humira,7.19,08:27:25,2,8,0.0
2026-08-20,Humira,6.87,08:27:55,2,8,0.0
2026-08-20,Humira,16.2,08:28:25,2,8,48.35
2026-08-20,Humira,15.83,08:28:55,2,8,48.36
2026-08-20,Humira,10.14,08:29:25,2,8,48.37
2026-08-20,Humira,3.48,08:29:55,2,8,0.0
2026-08-20,Humira,10.97,08:30:25,2,8,48.39
2026-08-20,Humira,6.71,08:30:55,2,8,0.0
2026-08-20,Humira,15.09,08:31:25,2,8,48.41
2026-08-20,Humira,14.93,08:31:55,2,8,48.43
2026-08-20,Humira,15.48,08:32:25,2,8,48.44
2026-08-20,Humira,14.07,08:32:55,2,8,48.45
2026-08-20,Humira,9.83,08:33:25,2,8,48.46
2026-08-20,Humira,17.58,08:33:55,2,8,48.47
2026-08-20,Humira,4.01,08:34:25,2,8,0.0
2026-08-20,Humira,15.28,08:34:55,2,8,48.49
2026-08-20,Humira,9.92,08:35:25,2,8,48.5
2026-08-20,Humira,11.73,08:35:55,2,8,48.51
2026-08-20,Humira,16.62,08:36:25,2,8,48.52
2026-08-20,Humira,17.97,08:36:55,2,8,48.53
2026-08-20,Humira,14.88,08:37:25,2,8,48.54
2026-08-20,Humira,12.62,08:37:55,2,8,48.56
2026-08-20,Humira,11.83,08:38:25,2,8,48.57
2026-08-20,Humira,14.49,08:38:55,2,8,48.58
2026-08-20,Humira,15.61,08:39:25,2,8,48.59
2026-08-20,Humira,3.91,08:39:55,2,8,0.0
2026-08-20,Humira,12.21,08:40:25,2,8,48.61
2026-08-20,Humira,11.68,08:40:55,2,8,48.62
2026-08-20,Humira,16.18,08:41:25,2,8,48.63
2026-08-20,Humira,16.9,08:41:55,2,8,48.64
2026-08-20,Humira,14.2,08:42:25,2,8,48.65
2026-08-20,Humira,17.31,08:42:55,2,8,48.66
2026-08-20,Humira,10.14,08:43:25,2,8,48.67
2026-08-20,Humira,13.76,08:43:55,2,8,48.69
2026-08-20,Humira,11.61,08:44:25,2,8,48.7
2026-08-20,Humira,16.41,08:44:55,2,8,48.71
2026-08-20,Humira,11.77,08:45:25,2,8,48.72
2026-08-20,Humira,13.19,08:45:55,2,8,48.73
2026-08-20,Humira,3.25,08:46:25,2,8,0.0
2026-08-20,Humira,10.89,08:46:55,2,8,48.75
2026-08-20,Humira,15.92,08:47:25,2,8,48.76
2026-08-20,Humira,15.91,08:47:55,2,8,48.77
2026-08-20,Humira,10.26,08:48:25,2,8,48.78
2026-08-20,Humira,10.22,08:48:55,2,8,48.79
2026-08-20,Humira,16.17,08:49:25,2,8,48.8
2026-08-20,Humira,17.6,08:49:55,2,8,48.81
2026-08-20,Humira,6.86,08:50:25,2,8,0.0
2026-08-20,Humira,17.5,08:50:55,2,8,48.84
2026-08-20,Humira,9.76,08:51:25,2,8,48.85
2026-08-20,Humira,11.98,08:51:55,2,8,48.86
2026-08-20,Humira,10.5,08:52:25,2,8,48.87
2026-08-20,Humira,15.5,08:52:55,2,8,48.88
2026-08-20,Humira,2.37,08:53:25,2,8,0.0
2026-08-20,Humira,10.83,08:53:55,2,8,48.9
2026-08-20,Humira,11.95,08:54:25,2,8,48.91
2026-08-20,Humira,3.09,08:54:55,2,8,0.0
2026-08-20,Humira,17.63,08:55:25,2,8,48.93
2026-08-20,Humira,9.5,08:55:55,2,8,48.95
2026-08-20,Humira,14.31,08:56:25,2,8,48.96
2026-08-20,Humira,4.86,08:56:55,2,8,0.0
2026-08-20,Humira,14.19,08:57:25,2,8,48.98
2026-08-20,Humira,5.02,08:57:55,2,8,0.0
2026-08-20,Humira,7.66,08:58:25,2,8,0.0
2026-08-20,Humira,11.49,08:58:55,2,8,49.01
2026-08-20,Humira,17.67,08:59:25,2,8,49.02
2026-08-20,Humira,13.83,08:59:55,2,8,49.03
2026-08-20,Humira,16.81,09:00:25,2,8,49.04
2026-08-20,Humira,9.53,09:00:55,2,8,49.05
2026-08-20,Humira,3.12,09:01:25,2,8,0.0
2026-08-20,Humira,7.39,09:01:55,2,8,0.0
2026-08-20,Humira,15.95,09:02:25,2,8,49.09
2026-08-20,Humira,10.52,09:02:55,2,8,49.1
2026-08-20,Humira,15.59,09:03:25,2,8,49.11
2026-08-20,Humira,14.29,09:03:55,2,8,49.12
2026-08-20,Humira,12.66,09:04:25,2,8,49.13
2026-08-20,Humira,6.28,09:04:55,2,8,0.0
2026-08-20,Humira,7.58,09:05:25,2,8,0.0
2026-08-20,Humira,15.74,09:05:55,2,8,49.16
2026-08-20,Humira,16.66,09:06:25,2,8,49.17
2026-08-20,Humira,13.52,09:06:55,2,8,49.18
2026-08-20,Humira,13.69,09:07:25,2,8,49.19
2026-08-20,Humira,9.89,09:07:55,2,8,49.21
2026-08-20,Humira,15.38,09:08:25,2,8,49.22
2026-08-20,Humira,10.06,09:08:55,2,8,49.23
2026-08-20,Humira,6.87,09:09:25,2,8,0.0
2026-08-20,Humira,13.32,09:09:55,2,8,49.25
2026-08-20,Humira,16.31,09:10:25,2,8,49.26
2026-08-20,Humira,15.61,09:10:55,2,8,49.27
2026-08-20,Humira,16.18,09:11:25,2,8,49.28
2026-08-20,Humira,16.4,09:11:55,2,8,49.29
2026-08-20,Humira,15.45,09:12:25,2,8,49.3
2026-08-20,Humira,16.93,09:12:55,2,8,49.31
2026-08-20,Humira,6.31,09:13:25,2,8,0.0
2026-08-20,Humira,17.75,09:13:55,2,8,49.34
2026-08-20,Humira,12.01,09:14:25,2,8,49.35
2026-08-20,Humira,16.5,09:14:55,2,8,49.36
2026-08-20,Humira,10.79,09:15:25,2,8,49.37
2026-08-20,Humira,9.62,09:15:55,2,8,49.38
2026-08-20,Humira,13.58,09:16:25,2,8,49.39
2026-08-20,Humira,13.12,09:16:55,2,8,49.4
2026-08-20,Humira,15.92,09:17:25,2,8,49.41
2026-08-20,Humira,11.03,09:17:55,2,8,49.42
2026-08-20,Humira,13.78,09:18:25,2,8,49.43
2026-08-20,Humira,12.68,09:18:55,2,8,49.44
2026-08-20,Humira,10.29,09:19:25,2,8,49.45
2026-08-20,Humira,6.44,09:19:55,2,8,0.0
2026-08-20,Humira,10.66,09:20:25,2,8,49.48
2026-08-20,Humira,17.83,09:20:55,2,8,49.49
2026-08-20,Humira,12.38,09:21:25,2,8,49.5
2026-08-20,Humira,16.79,09:21:55,2,8,49.51
2026-08-20,Humira,4.2,09:22:25,2,8,0.0
2026-08-20,Humira,13.17,09:22:55,2,8,49.53
2026-08-20,Humira,16.07,09:23:25,2,8,49.54
2026-08-20,Humira,15.59,09:23:55,2,8,49.55
2026-08-20,Humira,10.0,09:24:25,2,8,49.56
2026-08-20,Humira,6.46,09:24:55,2,8,0.0
2026-08-20,Humira,4.68,09:25:25,2,8,0.0
2026-08-20,Humira,15.61,09:25:55,2,8,49.59
2026-08-20,Humira,16.49,09:26:25,2,8,49.61
2026-08-20,Humira,13.53,09:26:55,2,8,49.62
2026-08-20,Humira,11.83,09:27:25,2,8,49.63
2026-08-20,Humira,12.22,09:27:55,2,8,49.64
2026-08-20,Humira,10.11,09:28:25,2,8,49.65
2026-08-20,Humira,14.97,09:28:55,2,8,49.66
2026-08-20,Humira,16.84,09:29:25,2,8,49.67
2026-08-20,Humira,16.68,09:29:55,2,8,49.68
2026-08-20,Humira,11.84,09:30:25,2,8,49.69
2026-08-20,Humira,9.63,09:30:55,2,8,49.7
2026-08-20,Humira,13.22,09:31:25,2,8,49.71
2026-08-20,Humira,10.76,09:31:55,2,8,49.73
2026-08-20,Humira,2.81,09:32:25,2,8,0.0
2026-08-20,Humira,11.16,09:32:55,2,8,49.75
2026-08-20,Humira,14.97,09:33:25,2,8,49.76
2026-08-20,Humira,12.46,09:33:55,2,8,49.77
2026-08-20,Humira,16.98,09:34:25,2,8,49.78
2026-08-20,Humira,9.56,09:34:55,2,8,49.79
2026-08-20,Humira,6.4,09:35:25,2,8,0.0
2026-08-20,Humira,11.93,09:35:55,2,8,49.81
2026-08-20,Humira,15.01,09:36:25,2,8,49.82
2026-08-20,Humira,12.72,09:36:55,2,8,49.83
2026-08-20,Humira,9.01,09:37:25,2,8,49.84
2026-08-20,Humira,14.35,09:37:55,2,8,49.86
2026-08-20,Humira,17.22,09:38:25,2,8,49.87
2026-08-20,Humira,14.72,09:38:55,2,8,49.88
2026-08-20,Humira,12.14,09:39:25,2,8,49.89
2026-08-20,Humira,10.34,09:39:55,2,8,49.9
2026-08-20,Humira,15.51,09:40:25,2,8,49.91
2026-08-20,Humira,9.67,09:40:55,2,8,49.92
2026-08-20,Humira,17.77,09:41:25,2,8,49.93
2026-08-20,Humira,9.61,09:41:55,2,8,49.94
2026-08-20,Humira,10.86,09:42:25,2,8,49.95
2026-08-20,Humira,16.76,09:42:55,2,8,49.96
2026-08-20,Humira,13.41,09:43:25,2,8,49.97
2026-08-20,Humira,11.45,09:43:55,2,8,49.99
2026-08-20,Humira,10.03,09:44:25,2,8,50.0
2026-08-20,Humira,16.49,09:44:55,2,8,50.01
2026-08-20,Humira,15.23,09:45:25,2,8,50.02
2026-08-20,Humira,15.76,09:45:55,2,8,50.03
2026-08-20,Humira,3.78,09:46:25,2,8,0.0
2026-08-20,Humira,14.78,09:46:55,2,8,50.05
2026-08-20,Humira,17.59,09:47:25,2,8,50.06
2026-08-20,Humira,7.89,09:47:55,2,8,0.0
2026-08-20,Humira,10.09,09:48:25,2,8,50.08
2026-08-20,Humira,11.49,09:48:55,2,8,50.09
2026-08-20,Humira,13.47,09:49:25,2,8,50.1
2026-08-20,Humira,11.46,09:49:55,2,8,50.11
2026-08-20,Humira,11.15,09:50:25,2,8,50.13
2026-08-20,Humira,11.01,09:50:55,2,8,50.14
2026-08-20,Humira,11.62,09:51:25,2,8,50.15
2026-08-20,Humira,15.55,09:51:55,2,8,50.16
2026-08-20,Humira,12.39,09:52:25,2,8,50.17
2026-08-20,Humira,10.7,09:52:55,2,8,50.18
2026-08-20,Humira,16.92,09:53:25,2,8,50.19
2026-08-20,Humira,15.17,09:53:55,2,8,50.2
2026-08-20,Humira,9.86,09:54:25,2,8,50.21
2026-08-20,Humira,17.72,09:54:55,2,8,50.22
2026-08-20,Humira,10.51,09:55:25,2,8,50.23
2026-08-20,Humira,17.28,09:55:55,2,8,50.24
2026-08-20,Humira,2.63,09:56:25,2,8,0.0
2026-08-20,Humira,15.1,09:56:55,2,8,50.27
2026-08-20,Humira,17.69,09:57:25,2,8,50.28
2026-08-20,Humira,14.75,09:57:55,2,8,50.29
2026-08-20,Humira,17.27,09:58:25,2,8,50.3
2026-08-20,Humira,15.96,09:58:55,2,8,50.31
2026-08-20,Humira,10.5,09:59:25,2,8,50.32
2026-08-20,Humira,17.56,09:59:55,2,8,50.33
2026-08-20,Humira,13.62,10:00:25,2,8,50.34
2026-08-20,Humira,4.69,10:00:55,2,8,0.0
2026-08-20,Humira,7.43,10:01:25,2,8,0.0
2026-08-20,Humira,15.01,10:01:55,2,8,50.38
2026-08-20,Humira,9.21,10:02:25,2,8,50.39
2026-08-20,Humira,17.38,10:02:55,2,8,50.4
2026-08-20,Humira,10.21,10:03:25,2,8,50.41
2026-08-20,Humira,11.72,10:03:55,2,8,50.42
2026-08-20,Humira,5.81,10:04:25,2,8,0.0
2026-08-20,Humira,12.97,10:04:55,2,8,50.44
2026-08-20,Humira,14.46,10:05:25,2,8,50.45
2026-08-20,Humira,10.01,10:05:55,2,8,50.46
2026-08-20,Humira,15.64,10:06:25,2,8,50.47
2026-08-20,Humira,13.87,10:06:55,2,8,50.48
2026-08-20,Humira,16.33,10:07:25,2,8,50.49
2026-08-20,Humira,14.79,10:07:55,2,8,50.51
2026-08-20,Humira,14.18,10:08:25,2,8,50.52
2026-08-20,Humira,13.93,10:08:55,2,8,50.53
2026-08-20,Humira,11.24,10:09:25,2,8,50.54
2026-08-20,Humira,9.42,10:09:55,2,8,50.55
2026-08-20,Humira,9.76,10:10:25,2,8,50.56
2026-08-20,Humira,15.04,10:10:55,2,8,50.57
2026-08-20,Humira,10.4,10:11:25,2,8,50.58
2026-08-20,Humira,9.23,10:11:55,2,8,50.59
2026-08-20,Humira,17.26,10:12:25,2,8,50.6
2026-08-20,Humira,5.18,10:12:55,2,8,0.0
2026-08-20,Humira,12.23,10:13:25,2,8,50.62
2026-08-20,Humira,16.54,10:13:55,2,8,50.64
2026-08-20,Humira,2.52,10:14:25,2,8,0.0
2026-08-20,Humira,14.76,10:14:55,2,8,50.66
2026-08-20,Humira,9.17,10:15:25,2,8,50.67
2026-08-20,Humira,14.18,10:15:55,2,8,50.68
2026-08-20,Humira,10.27,10:16:25,2,8,50.69
2026-08-20,Humira,12.54,10:16:55,2,8,50.7
2026-08-20,Humira,17.26,10:17:25,2,8,50.71
2026-08-20,Humira,13.34,10:17:55,2,8,50.72
2026-08-20,Humira,16.3,10:18:25,2,8,50.73
2026-08-20,Humira,12.53,10:18:55,2,8,50.74
2026-08-20,Humira,9.22,10:19:25,2,8,50.75
2026-08-20,Humira,17.75,10:19:55,2,8,50.77
2026-08-20,Humira,13.81,10:20:25,2,8,50.78
2026-08-20,Humira,17.19,10:20:55,2,8,50.79
2026-08-20,Humira,15.01,10:21:25,2,8,50.8
2026-08-20,Humira,11.76,10:21:55,2,8,50.81
2026-08-20,Humira,9.57,10:22:25,2,8,50.82
2026-08-20,Humira,16.18,10:22:55,2,8,50.83
2026-08-20,Humira,9.17,10:23:25,2,8,50.84
2026-08-20,Humira,12.24,10:23:55,2,8,50.85
2026-08-20,Humira,16.35,10:24:25,2,8,50.86
2026-08-20,Humira,16.87,10:24:55,2,8,50.87
2026-08-20,Humira,11.69,10:25:25,2,8,50.88
2026-08-20,Humira,15.74,10:25:55,2,8,50.9
2026-08-20,Humira,12.24,10:26:25,2,8,50.91
2026-08-20,Humira,16.24,10:26:55,2,8,50.92
2026-08-20,Humira,15.2,10:27:25,2,8,50.93
2026-08-20,Humira,9.3,10:27:55,2,8,50.94
2026-08-20,Humira,16.19,10:28:25,2,8,50.95
2026-08-20,Humira,10.09,10:28:55,2,8,50.96
2026-08-20,Humira,12.72,10:29:25,2,8,50.97
2026-08-20,Humira,9.24,10:29:55,2,8,50.98
2026-08-20,Humira,12.47,10:30:25,2,8,50.99
2026-08-20,Humira,11.05,10:30:55,2,8,51.0
2026-08-20,Humira,11.28,10:31:25,2,8,51.01
2026-08-20,Humira,13.75,10:31:55,2,8,51.02
2026-08-20,Humira,12.58,10:32:25,2,8,51.04
2026-08-20,Humira,17.16,10:32:55,2,8,51.05
2026-08-20,Humira,12.63,10:33:25,2,8,51.06
2026-08-20,Humira,6.18,10:33:55,2,8,0.0
2026-08-20,Humira,10.68,10:34:25,2,8,51.08
2026-08-20,Humira,16.57,10:34:55,2,8,51.09
2026-08-20,Humira,17.75,10:35:25,2,8,51.1
2026-08-20,Humira,14.51,10:35:55,2,8,51.11
2026-08-20,Humira,14.5,10:36:25,2,8,51.12
2026-08-20,Humira,16.28,10:36:55,2,8,51.13
2026-08-20,Humira,7.11,10:37:25,2,8,0.0
2026-08-20,Humira,6.17,10:37:55,2,8,0.0
2026-08-20,Humira,14.28,10:38:25,2,8,51.17
2026-08-20,Humira,11.96,10:38:55,2,8,51.18
2026-08-20,Humira,12.38,10:39:25,2,8,51.19
2026-08-20,Humira,2.32,10:39:55,2,8,0.0
2026-08-20,Humira,15.95,10:40:25,2,8,51.21
2026-08-20,Humira,11.07,10:40:55,2,8,51.22
2026-08-20,Humira,4.65,10:41:25,2,8,0.0
2026-08-20,Humira,3.32,10:41:55,2,8,0.0
2026-08-20,Humira,12.28,10:42:25,2,8,51.25
2026-08-20,Humira,10.29,10:42:55,2,8,51.26
2026-08-20,Humira,10.81,10:43:25,2,8,51.27
2026-08-20,Humira,13.86,10:43:55,2,8,51.29
2026-08-20,Humira,14.51,10:44:25,2,8,51.3
2026-08-20,Humira,15.85,10:44:55,2,8,51.31
2026-08-20,Humira,11.65,10:45:25,2,8,51.32
2026-08-20,Humira,10.56,10:45:55,2,8,51.33
2026-08-20,Humira,15.93,10:46:25,2,8,51.34
2026-08-20,Humira,4.73,10:46:55,2,8,0.0
2026-08-20,Humira,10.14,10:47:25,2,8,51.36
2026-08-20,Humira,11.59,10:47:55,2,8,51.37
2026-08-20,Humira,5.22,10:48:25,2,8,0.0
2026-08-20,Humira,17.91,10:48:55,2,8,51.39
2026-08-20,Humira,10.16,10:49:25,2,8,51.4
2026-08-20,Humira,11.96,10:49:55,2,8,51.41
2026-08-20,Humira,4.97,10:50:25,2,8,0.0
2026-08-20,Humira,12.03,10:50:55,2,8,51.44
2026-08-20,Humira,12.46,10:51:25,2,8,51.45
2026-08-20,Humira,11.66,10:51:55,2,8,51.46
2026-08-20,Humira,2.15,10:52:25,2,8,0.0
2026-08-20,Humira,14.73,10:52:55,2,8,51.48
2026-08-20,Humira,17.48,10:53:25,2,8,51.49
2026-08-20,Humira,6.08,10:53:55,2,8,0.0
2026-08-20,Humira,11.24,10:54:25,2,8,51.51
2026-08-20,Humira,15.43,10:54:55,2,8,51.52
2026-08-20,Humira,17.92,10:55:25,2,8,51.53
2026-08-20,Humira,16.9,10:55:55,2,8,51.55
2026-08-20,Humira,13.11,10:56:25,2,8,51.56
2026-08-20,Humira,17.67,10:56:55,2,8,51.57
2026-08-20,Humira,14.46,10:57:25,2,8,51.58
2026-08-20,Humira,17.64,10:57:55,2,8,51.59
2026-08-20,Humira,5.0,10:58:25,2,8,0.0
2026-08-20,Humira,9.52,10:58:55,2,8,51.61
2026-08-20,Humira,12.44,10:59:25,2,8,51.62
2026-08-20,Humira,16.45,10:59:55,2,8,51.63
2026-08-20,Humira,4.39,11:00:25,2,8,0.0
2026-08-20,Humira,13.46,11:00:55,2,8,51.65
2026-08-20,Humira,4.52,11:01:25,2,8,0.0
2026-08-20,Humira,9.35,11:01:55,2,8,51.68
2026-08-20,Humira,5.61,11:02:25,2,8,0.0
2026-08-20,Humira,14.38,11:02:55,2,8,51.7
2026-08-20,Humira,12.92,11:03:25,2,8,51.71
2026-08-20,Humira,15.77,11:03:55,2,8,51.72
2026-08-20,Humira,13.65,11:04:25,2,8,51.73
2026-08-20,Humira,3.63,11:04:55,2,8,0.0
2026-08-20,Humira,11.91,11:05:25,2,8,51.75
2026-08-20,Humira,6.76,11:05:55,2,8,0.0
2026-08-20,Humira,15.2,11:06:25,2,8,51.77
2026-08-20,Humira,13.53,11:06:55,2,8,51.78
2026-08-20,Humira,9.02,11:07:25,2,8,51.79
2026-08-20,Humira,9.78,11:07:55,2,8,51.81
2026-08-20,Humira,16.82,11:08:25,2,8,51.82
2026-08-20,Humira,13.97,11:08:55,2,8,51.83
2026-08-20,Humira,5.25,11:09:25,2,8,0.0
2026-08-20,Humira,16.88,11:09:55,2,8,51.85
2026-08-20,Humira,14.03,11:10:25,2,8,51.86
2026-08-20,Humira,10.53,11:10:55,2,8,51.87
2026-08-20,Humira,14.58,11:11:25,2,8,51.88
2026-08-20,Humira,17.22,11:11:55,2,8,51.89
2026-08-20,Humira,11.19,11:12:25,2,8,51.9
2026-08-20,Humira,13.69,11:12:55,2,8,51.91
2026-08-20,Humira,15.04,11:13:25,2,8,51.92
2026-08-20,Humira,14.77,11:13:55,2,8,51.94
2026-08-20,Humira,12.73,11:14:25,2,8,51.95
2026-08-20,Humira,15.92,11:14:55,2,8,51.96
2026-08-20,Humira,4.28,11:15:25,2,8,0.0
2026-08-20,Humira,17.38,11:15:55,2,8,51.98
2026-08-20,Humira,3.16,11:16:25,2,8,0.0
2026-08-20,Humira,3.28,11:16:55,2,8,0.0
2026-08-20,Humira,12.18,11:17:25,2,8,52.01
2026-08-20,Humira,5.73,11:17:55,2,8,0.0
2026-08-20,Humira,13.04,11:18:25,2,8,52.03
2026-08-20,Humira,13.95,11:18:55,2,8,52.04
2026-08-20,Humira,10.7,11:19:25,2,8,52.05
2026-08-20,Humira,14.69,11:19:55,2,8,52.06
2026-08-20,Humira,17.34,11:20:25,2,8,52.08
2026-08-20,Humira,9.51,11:20:55,2,8,52.09
2026-08-20,Humira,15.34,11:21:25,2,8,52.1
2026-08-20,Humira,10.74,11:21:55,2,8,52.11
2026-08-20,Humira,12.66,11:22:25,2,8,52.12
2026-08-20,Humira,9.94,11:22:55,2,8,52.13
2026-08-20,Humira,17.09,11:23:25,2,8,52.14
2026-08-20,Humira,13.44,11:23:55,2,8,52.15
2026-08-20,Humira,17.36,11:24:25,2,8,52.16
2026-08-20,Humira,2.98,11:24:55,2,8,0.0
2026-08-20,Humira,9.31,11:25:25,2,8,52.18
2026-08-20,Humira,16.19,11:25:55,2,8,52.2
2026-08-20,Humira,16.2,11:26:25,2,8,52.21
2026-08-20,Humira,13.21,11:26:55,2,8,52.22
2026-08-20,Humira,13.12,11:27:25,2,8,52.23
2026-08-20,Humira,6.1,11:27:55,2,8,0.0
2026-08-20,Humira,13.64,11:28:25,2,8,52.25
2026-08-20,Humira,12.16,11:28:55,2,8,52.26
2026-08-20,Humira,9.59,11:29:25,2,8,52.27
2026-08-20,Humira,13.09,11:29:55,2,8,52.28
2026-08-20,Humira,10.98,11:30:25,2,8,52.29
2026-08-20,Humira,10.15,11:30:55,2,8,52.3
2026-08-20,Humira,9.77,11:31:25,2,8,52.31
2026-08-20,Humira,15.72,11:31:55,2,8,52.33
2026-08-20,Humira,5.67,11:32:25,2,8,0.0
2026-08-20,Humira,15.64,11:32:55,2,8,52.35
2026-08-20,Humira,10.18,11:33:25,2,8,52.36
2026-08-20,Humira,2.25,11:33:55,2,8,0.0
2026-08-20,Humira,9.15,11:34:25,2,8,52.38
2026-08-20,Humira,17.64,11:34:55,2,8,52.39
2026-08-20,Humira,16.5,11:35:25,2,8,52.4
2026-08-20,Humira,5.96,11:35:55,2,8,0.0
2026-08-20,Humira,11.92,11:36:25,2,8,52.42
2026-08-20,Humira,7.63,11:36:55,2,8,0.0
2026-08-20,Humira,9.76,11:37:25,2,8,52.44
2026-08-20,Humira,15.57,11:37:55,2,8,52.46
2026-08-20,Humira,9.45,11:38:25,2,8,52.47
2026-08-20,Humira,16.45,11:38:55,2,8,52.48
2026-08-20,Humira,16.21,11:39:25,2,8,52.49
2026-08-20,Humira,12.03,11:39:55,2,8,52.5
2026-08-20,Humira,15.61,11:40:25,2,8,52.51
2026-08-20,Humira,10.53,11:40:55,2,8,52.52
2026-08-20,Humira,15.73,11:41:25,2,8,52.53
2026-08-20,Humira,15.45,11:41:55,2,8,52.54
2026-08-20,Humira,12.58,11:42:25,2,8,52.55
2026-08-20,Humira,13.48,11:42:55,2,8,52.56
2026-08-20,Humira,9.1,11:43:25,2,8,52.57
2026-08-20,Humira,15.64,11:43:55,2,8,52.59
2026-08-20,Humira,13.06,11:44:25,2,8,52.6
2026-08-20,Humira,11.14,11:44:55,2,8,52.61
2026-08-20,Humira,14.79,11:45:25,2,8,52.62
2026-08-20,Humira,6.19,11:45:55,2,8,0.0
2026-08-20,Humira,16.41,11:46:25,2,8,52.64
2026-08-20,Humira,6.65,11:46:55,2,8,0.0
2026-08-20,Humira,17.12,11:47:25,2,8,52.66
2026-08-20,Humira,3.54,11:47:55,2,8,0.0
2026-08-20,Humira,12.84,11:48:25,2,8,52.68
2026-08-20,Humira,6.33,11:48:55,2,8,0.0
2026-08-20,Humira,10.1,11:49:25,2,8,52.7
2026-08-20,Humira,17.97,11:49:55,2,8,52.71
2026-08-20,Humira,14.15,11:50:25,2,8,52.73
2026-08-20,Humira,12.92,11:50:55,2,8,52.74
2026-08-20,Humira,12.85,11:51:25,2,8,52.75
2026-08-20,Humira,9.75,11:51:55,2,8,52.76
2026-08-20,Humira,14.97,11:52:25,2,8,52.77
2026-08-20,Humira,12.58,11:52:55,2,8,52.78
2026-08-20,Humira,15.97,11:53:25,2,8,52.79
2026-08-20,Humira,9.31,11:53:55,2,8,52.8
2026-08-20,Humira,12.77,11:54:25,2,8,52.81
2026-08-20,Humira,10.48,11:54:55,2,8,52.82
2026-08-20,Humira,9.15,11:55:25,2,8,52.83
2026-08-20,Humira,5.93,11:55:55,2,8,0.0
2026-08-20,Humira,11.3,11:56:25,2,8,52.86
2026-08-20,Humira,3.73,11:56:55,2,8,0.0
2026-08-20,Humira,10.7,11:57:25,2,8,52.88
2026-08-20,Humira,2.94,11:57:55,2,8,0.0
2026-08-20,Humira,9.93,11:58:25,2,8,52.9
2026-08-20,Humira,12.41,11:58:55,2,8,52.91
2026-08-20,Humira,13.54,11:59:25,2,8,52.92
2026-08-20,Humira,16.61,11:59:55,2,8,52.93
2026-08-20,Humira,3.72,12:00:25,2,8,0.0
2026-08-20,Humira,2.03,12:00:55,2,8,0.0
2026-08-20,Humira,4.1,12:01:25,2,8,0.0
2026-08-20,Humira,5.1,12:01:55,2,8,0.0
2026-08-20,Humira,14.19,12:02:25,2,8,52.99
2026-08-20,Humira,15.19,12:02:55,2,8,53.0
2026-08-20,Humira,3.03,12:03:25,2,8,0.0
2026-08-20,Humira,5.23,12:03:55,2,8,0.0
2026-08-20,Humira,6.78,12:04:25,2,8,0.0
2026-08-20,Humira,17.46,12:04:55,2,8,53.04
2026-08-20,Humira,13.22,12:05:25,2,8,53.05
2026-08-20,Humira,16.89,12:05:55,2,8,53.06
2026-08-20,Humira,17.12,12:06:25,2,8,53.07
2026-08-20,Humira,17.44,12:06:55,2,8,53.08
2026-08-20,Humira,9.86,12:07:25,2,8,53.09
2026-08-20,Humira,15.4,12:07:55,2,8,53.11
2026-08-20,Humira,10.93,12:08:25,2,8,53.12
2026-08-20,Humira,17.19,12:08:55,2,8,53.13
2026-08-20,Humira,16.89,12:09:25,2,8,53.14
2026-08-20,Humira,11.44,12:09:55,2,8,53.15
2026-08-20,Humira,14.12,12:10:25,2,8,53.16
2026-08-20,Humira,9.16,12:10:55,2,8,53.17
2026-08-20,Humira,12.65,12:11:25,2,8,53.18
2026-08-20,Humira,10.73,12:11:55,2,8,53.19
2026-08-20,Humira,4.08,12:12:25,2,8,0.0
2026-08-20,Humira,14.6,12:12:55,2,8,53.21
2026-08-20,Humira,9.99,12:13:25,2,8,53.22
2026-08-20,Humira,4.82,12:13:55,2,8,0.0
2026-08-20,Humira,9.8,12:14:25,2,8,53.25
2026-08-20,Humira,7.51,12:14:55,2,8,0.0
2026-08-20,Humira,12.29,12:15:25,2,8,53.27
2026-08-20,Humira,12.35,12:15:55,2,8,53.28
2026-08-20,Humira,6.84,12:16:25,2,8,0.0
2026-08-20,Humira,9.37,12:16:55,2,8,53.3
2026-08-20,Humira,12.88,12:17:25,2,8,53.31
2026-08-20,Humira,14.34,12:17:55,2,8,53.32
2026-08-20,Humira,9.89,12:18:25,2,8,53.33
2026-08-20,Humira,14.67,12:18:55,2,8,53.34
2026-08-20,Humira,4.28,12:19:25,2,8,0.0
2026-08-20,Humira,4.38,12:19:55,2,8,0.0
2026-08-20,Humira,3.57,12:20:25,2,8,0.0
2026-08-20,Humira,9.32,12:20:55,2,8,53.39
2026-08-20,Humira,3.92,12:21:25,2,8,0.0
2026-08-20,Humira,16.82,12:21:55,2,8,53.41
2026-08-20,Humira,12.09,12:22:25,2,8,53.42
2026-08-20,Humira,17.45,12:22:55,2,8,53.43
2026-08-20,Humira,13.53,12:23:25,2,8,53.44
2026-08-20,Humira,13.07,12:23:55,2,8,53.45
2026-08-20,Humira,11.74,12:24:25,2,8,53.46
2026-08-20,Humira,6.55,12:24:55,2,8,0.0
2026-08-20,Humira,9.62,12:25:25,2,8,53.48
2026-08-20,Humira,9.13,12:25:55,2,8,53.49
2026-08-20,Humira,16.26,12:26:25,2,8,53.51
2026-08-20,Humira,11.51,12:26:55,2,8,53.52
2026-08-20,Humira,12.64,12:27:25,2,8,53.53
2026-08-20,Humira,12.75,12:27:55,2,8,53.54
2026-08-20,Humira,10.07,12:28:25,2,8,53.55
2026-08-20,Humira,10.56,12:28:55,2,8,53.56
2026-08-20,Humira,9.62,12:29:25,2,8,53.57
2026-08-20,Humira,15.94,12:29:55,2,8,53.58
2026-08-20,Humira,14.38,12:30:25,2,8,53.59
2026-08-20,Humira,3.69,12:30:55,2,8,0.0
2026-08-20,Humira,11.21,12:31:25,2,8,53.61
2026-08-20,Humira,17.38,12:31:55,2,8,53.62
2026-08-20,Humira,15.04,12:32:25,2,8,53.64
2026-08-20,Humira,9.11,12:32:55,2,8,53.65
2026-08-20,Humira,5.83,12:33:25,2,8,0.0
2026-08-20,Humira,16.9,12:33:55,2,8,53.67
2026-08-20,Humira,14.68,12:34:25,2,8,53.68
2026-08-20,Humira,2.4,12:34:55,2,8,0.0
2026-08-20,Humira,11.67,12:35:25,2,8,53.7
2026-08-20,Humira,15.64,12:35:55,2,8,53.71
2026-08-20,Humira,16.78,12:36:25,2,8,53.72
2026-08-20,Humira,7.26,12:36:55,2,8,0.0
2026-08-20,Humira,5.73,12:37:25,2,8,0.0
2026-08-20,Humira,15.79,12:37:55,2,8,53.76
2026-08-20,Humira,6.18,12:38:25,2,8,0.0
2026-08-20,Humira,17.43,12:38:55,2,8,53.78
2026-08-20,Humira,11.77,12:39:25,2,8,53.79
2026-08-20,Humira,17.96,12:39:55,2,8,53.8
2026-08-20,Humira,13.34,12:40:25,2,8,53.81
2026-08-20,Humira,4.01,12:40:55,2,8,0.0
2026-08-20,Humira,2.23,12:41:25,2,8,0.0
2026-08-20,Humira,10.3,12:41:55,2,8,53.84
2026-08-20,Humira,16.3,12:42:25,2,8,53.85
2026-08-20,Humira,5.02,12:42:55,2,8,0.0
2026-08-20,Humira,14.49,12:43:25,2,8,53.87
2026-08-20,Humira,17.85,12:43:55,2,8,53.89
2026-08-20,Humira,10.35,12:44:25,2,8,53.9
2026-08-20,Humira,9.28,12:44:55,2,8,53.91
2026-08-20,Humira,11.27,12:45:25,2,8,53.92
2026-08-20,Humira,10.7,12:45:55,2,8,53.93
2026-08-20,Humira,12.25,12:46:25,2,8,53.94
2026-08-20,Humira,9.22,12:46:55,2,8,53.95
2026-08-20,Humira,14.98,12:47:25,2,8,53.96
2026-08-20,Humira,16.93,12:47:55,2,8,53.97
2026-08-20,Humira,16.68,12:48:25,2,8,53.98
2026-08-20,Humira,11.99,12:48:55,2,8,53.99
2026-08-20,Humira,16.07,12:49:25,2,8,54.0
2026-08-20,Humira,9.6,12:49:55,2,8,54.02
2026-08-20,Humira,14.78,12:50:25,2,8,54.03
2026-08-20,Humira,3.99,12:50:55,2,8,0.0
2026-08-20,Humira,6.81,12:51:25,2,8,0.0
2026-08-20,Humira,16.02,12:51:55,2,8,54.06
2026-08-20,Humira,14.76,12:52:25,2,8,54.07
2026-08-20,Humira,15.1,12:52:55,2,8,54.08
2026-08-20,Humira,14.68,12:53:25,2,8,54.09
2026-08-20,Humira,13.06,12:53:55,2,8,54.1
2026-08-20,Humira,13.97,12:54:25,2,8,54.11
2026-08-20,Humira,12.69,12:54:55,2,8,54.12
2026-08-20,Humira,9.43,12:55:25,2,8,54.13
2026-08-20,Humira,9.38,12:55:55,2,8,54.15
2026-08-20,Humira,4.27,12:56:25,2,8,0.0
2026-08-20,Humira,13.36,12:56:55,2,8,54.17
2026-08-20,Humira,9.02,12:57:25,2,8,54.18
2026-08-20,Humira,15.45,12:57:55,2,8,54.19
2026-08-20,Humira,11.79,12:58:25,2,8,54.2
2026-08-20,Humira,15.68,12:58:55,2,8,54.21
2026-08-20,Humira,6.7,12:59:25,2,8,0.0
2026-08-20,Humira,9.99,12:59:55,2,8,54.23
2026-08-20,Humira,10.56,13:00:25,2,8,54.24
2026-08-20,Humira,9.42,13:00:55,2,8,54.25
2026-08-20,Humira,17.33,13:01:25,2,8,54.26
2026-08-20,Humira,11.76,13:01:55,2,8,54.27
2026-08-20,Humira,4.95,13:02:25,2,8,0.0
2026-08-20,Humira,13.75,13:02:55,2,8,54.3
2026-08-20,Humira,11.78,13:03:25,2,8,54.31
2026-08-20,Humira,3.04,13:03:55,2,8,0.0
2026-08-20,Humira,5.52,13:04:25,2,8,0.0
2026-08-20,Humira,11.79,13:04:55,2,8,54.34
2026-08-20,Humira,2.14,13:05:25,2,8,0.0
2026-08-20,Humira,16.63,13:05:55,2,8,54.36
2026-08-20,Humira,16.6,13:06:25,2,8,54.37
2026-08-20,Humira,6.1,13:06:55,2,8,0.0
2026-08-20,Humira,11.23,13:07:25,2,8,54.39
2026-08-20,Humira,15.75,13:07:55,2,8,54.41
2026-08-20,Humira,16.96,13:08:25,2,8,54.42
2026-08-20,Humira,17.33,13:08:55,2,8,54.43
2026-08-20,Humira,14.37,13:09:25,2,8,54.44
2026-08-20,Humira,4.08,13:09:55,2,8,0.0
2026-08-20,Humira,11.88,13:10:25,2,8,54.46
2026-08-20,Humira,10.65,13:10:55,2,8,54.47
2026-08-20,Humira,6.99,13:11:25,2,8,0.0
2026-08-20,Humira,5.16,13:11:55,2,8,0.0
2026-08-20,Humira,12.42,13:12:25,2,8,54.5
2026-08-20,Humira,4.74,13:12:55,2,8,0.0
2026-08-20,Humira,13.16,13:13:25,2,8,54.52
2026-08-20,Humira,13.96,13:13:55,2,8,54.54
2026-08-20,Humira,10.51,13:14:25,2,8,54.55
2026-08-20,Humira,13.57,13:14:55,2,8,54.56
2026-08-20,Humira,9.85,13:15:25,2,8,54.57
2026-08-20,Humira,12.12,13:15:55,2,8,54.58
2026-08-20,Humira,7.99,13:16:25,2,8,0.0
2026-08-20,Humira,6.28,13:16:55,2,8,0.0
2026-08-20,Humira,17.71,13:17:25,2,8,54.61
2026-08-20,Humira,13.24,13:17:55,2,8,54.62
2026-08-20,Humira,13.67,13:18:25,2,8,54.63
2026-08-20,Humira,5.75,13:18:55,2,8,0.0
2026-08-20,Humira,5.61,13:19:25,2,8,0.0
2026-08-20,Humira,15.56,13:19:55,2,8,54.66
2026-08-20,Humira,16.63,13:20:25,2,8,54.68
2026-08-20,Humira,17.94,13:20:55,2,8,54.69
2026-08-20,Humira,2.56,13:21:25,2,8,0.0
2026-08-20,Humira,9.96,13:21:55,2,8,54.71
2026-08-20,Humira,9.02,13:22:25,2,8,54.72
2026-08-20,Humira,15.55,13:22:55,2,8,54.73
2026-08-20,Humira,4.4,13:23:25,2,8,0.0
2026-08-20,Humira,15.11,13:23:55,2,8,54.75
2026-08-20,Humira,9.57,13:24:25,2,8,54.76
2026-08-20,Humira,11.03,13:24:55,2,8,54.77
2026-08-20,Humira,13.62,13:25:25,2,8,54.78
2026-08-20,Humira,15.69,13:25:55,2,8,54.8
2026-08-20,Humira,15.14,13:26:25,2,8,54.81
2026-08-20,Humira,12.08,13:26:55,2,8,54.82
2026-08-20,Humira,7.5,13:27:25,2,8,0.0
2026-08-20,Humira,2.41,13:27:55,2,8,0.0
2026-08-20,Humira,10.02,13:28:25,2,8,54.85
2026-08-20,Humira,15.38,13:28:55,2,8,54.86
2026-08-20,Humira,7.8,13:29:25,2,8,0.0
2026-08-20,Humira,13.04,13:29:55,2,8,54.88
2026-08-20,Humira,3.17,13:30:25,2,8,0.0
2026-08-20,Humira,12.18,13:30:55,2,8,54.9
2026-08-20,Humira,16.54,13:31:25,2,8,54.91
2026-08-20,Humira,10.56,13:31:55,2,8,54.93
2026-08-20,Humira,16.05,13:32:25,2,8,54.94
2026-08-20,Humira,7.9,13:32:55,2,8,0.0
2026-08-20,Humira,16.97,13:33:25,2,8,54.96
2026-08-20,Humira,3.27,13:33:55,2,8,0.0
2026-08-20,Humira,15.8,13:34:25,2,8,54.98
2026-08-20,Humira,16.96,13:34:55,2,8,54.99
2026-08-20,Humira,14.99,13:35:25,2,8,55.0
2026-08-20,Humira,16.34,13:35:55,2,8,55.01
2026-08-20,Humira,13.01,13:36:25,2,8,55.02
2026-08-20,Humira,13.16,13:36:55,2,8,55.03
2026-08-20,Humira,17.67,13:37:25,2,8,55.04
2026-08-20,Humira,13.49,13:37:55,2,8,55.06
2026-08-20,Humira,4.76,13:38:25,2,8,0.0
2026-08-20,Humira,11.94,13:38:55,2,8,55.08
2026-08-20,Humira,9.99,13:39:25,2,8,55.09
2026-08-20,Humira,10.79,13:39:55,2,8,55.1
2026-08-20,Humira,13.11,13:40:25,2,8,55.11
2026-08-20,Humira,3.88,13:40:55,2,8,0.0
2026-08-20,Humira,16.02,13:41:25,2,8,55.13
2026-08-20,Humira,16.54,13:41:55,2,8,55.14
2026-08-20,Humira,7.32,13:42:25,2,8,0.0
2026-08-20,Humira,14.23,13:42:55,2,8,55.16
2026-08-20,Humira,9.52,13:43:25,2,8,55.17
2026-08-20,Humira,17.28,13:43:55,2,8,55.19
2026-08-20,Humira,6.95,13:44:25,2,8,0.0
2026-08-20,Humira,17.15,13:44:55,2,8,55.21
2026-08-20,Humira,10.25,13:45:25,2,8,55.22
2026-08-20,Humira,16.38,13:45:55,2,8,55.23
2026-08-20,Humira,11.87,13:46:25,2,8,55.24
2026-08-20,Humira,12.16,13:46:55,2,8,55.25
2026-08-20,Humira,9.77,13:47:25,2,8,55.26
2026-08-20,Humira,11.71,13:47:55,2,8,55.27
2026-08-20,Humira,13.57,13:48:25,2,8,55.28
2026-08-20,Humira,17.0,13:48:55,2,8,55.29
2026-08-20,Humira,5.51,13:49:25,2,8,0.0
2026-08-20,Humira,17.9,13:49:55,2,8,55.31
2026-08-20,Humira,15.47,13:50:25,2,8,55.33
2026-08-20,Humira,6.57,13:50:55,2,8,0.0
2026-08-20,Humira,14.74,13:51:25,2,8,55.35
2026-08-20,Humira,17.05,13:51:55,2,8,55.36
2026-08-20,Humira,14.64,13:52:25,2,8,55.37
2026-08-20,Humira,15.46,13:52:55,2,8,55.38
2026-08-20,Humira,5.67,13:53:25,2,8,0.0
2026-08-20,Humira,10.04,13:53:55,2,8,55.4
2026-08-20,Humira,13.21,13:54:25,2,8,55.41
2026-08-20,Humira,2.78,13:54:55,2,8,0.0
2026-08-20,Humira,17.37,13:55:25,2,8,55.43
2026-08-20,Humira,16.91,13:55:55,2,8,55.45
2026-08-20,Humira,4.85,13:56:25,2,8,0.0
2026-08-20,Humira,11.55,13:56:55,2,8,55.47
2026-08-20,Humira,15.69,13:57:25,2,8,55.48
2026-08-20,Humira,2.25,13:57:55,2,8,0.0
2026-08-20,Humira,6.87,13:58:25,2,8,0.0
2026-08-20,Humira,11.62,13:58:55,2,8,55.51
2026-08-20,Humira,9.81,13:59:25,2,8,55.52
2026-08-20,Humira,12.01,13:59:55,2,8,55.53
2026-08-20,Humira,15.1,14:00:25,2,8,55.54
2026-08-20,Humira,13.36,14:00:55,2,8,55.55
2026-08-20,Humira,9.31,14:01:25,2,8,55.56
2026-08-20,Humira,14.55,14:01:55,2,8,55.58
2026-08-20,Humira,2.44,14:02:25,2,8,0.0
2026-08-20,Humira,14.82,14:02:55,2,8,55.6
2026-08-20,Humira,10.19,14:03:25,2,8,55.61
2026-08-20,Humira,2.82,14:03:55,2,8,0.0
2026-08-20,Humira,16.21,14:04:25,2,8,55.63
2026-08-20,Humira,5.11,14:04:55,2,8,0.0
2026-08-20,Humira,15.78,14:05:25,2,8,55.65
2026-08-20,Humira,10.66,14:05:55,2,8,55.66
2026-08-20,Humira,13.13,14:06:25,2,8,55.67
2026-08-20,Humira,15.09,14:06:55,2,8,55.68
2026-08-20,Humira,10.93,14:07:25,2,8,55.69
2026-08-20,Humira,7.46,14:07:55,2,8,0.0
2026-08-20,Humira,16.05,14:08:25,2,8,55.72
2026-08-20,Humira,9.05,14:08:55,2,8,55.73
2026-08-20,Humira,17.16,14:09:25,2,8,55.74
2026-08-20,Humira,3.96,14:09:55,2,8,0.0
2026-08-20,Humira,10.27,14:10:25,2,8,55.76
2026-08-20,Humira,16.42,14:10:55,2,8,55.77
2026-08-20,Humira,5.26,14:11:25,2,8,0.0
2026-08-20,Humira,15.71,14:11:55,2,8,55.79
2026-08-20,Humira,13.08,14:12:25,2,8,55.8
2026-08-20,Humira,10.76,14:12:55,2,8,55.81
2026-08-20,Humira,11.04,14:13:25,2,8,55.82
2026-08-20,Humira,11.16,14:13:55,2,8,55.84
2026-08-20,Humira,6.95,14:14:25,2,8,0.0
2026-08-20,Humira,14.88,14:14:55,2,8,55.86
2026-08-20,Humira,14.51,14:15:25,2,8,55.87
2026-08-20,Humira,10.04,14:15:55,2,8,55.88
2026-08-20,Humira,16.31,14:16:25,2,8,55.89
2026-08-20,Humira,11.38,14:16:55,2,8,55.9
2026-08-20,Humira,12.96,14:17:25,2,8,55.91
2026-08-20,Humira,11.67,14:17:55,2,8,55.92
2026-08-20,Humira,14.79,14:18:25,2,8,55.93
2026-08-20,Humira,13.24,14:18:55,2,8,55.94
2026-08-20,Humira,3.34,14:19:25,2,8,0.0
2026-08-20,Humira,11.21,14:19:55,2,8,55.96
2026-08-20,Humira,12.58,14:20:25,2,8,55.98
2026-08-20,Humira,12.94,14:20:55,2,8,55.99
2026-08-20,Humira,16.14,14:21:25,2,8,56.0
2026-08-20,Humira,16.9,14:21:55,2,8,56.01
2026-08-20,Humira,4.54,14:22:25,2,8,0.0
2026-08-20,Humira,13.92,14:22:55,2,8,56.03
2026-08-20,Humira,17.06,14:23:25,2,8,56.04
2026-08-20,Humira,14.46,14:23:55,2,8,56.05
2026-08-20,Humira,14.52,14:24:25,2,8,56.06
2026-08-20,Humira,11.24,14:24:55,2,8,56.07
2026-08-20,Humira,16.08,14:25:25,2,8,56.08
2026-08-20,Humira,13.65,14:25:55,2,8,56.09
2026-08-20,Humira,16.27,14:26:25,2,8,56.11
2026-08-20,Humira,9.54,14:26:55,2,8,56.12
2026-08-20,Humira,11.25,14:27:25,2,8,56.13
2026-08-20,Humira,2.7,14:27:55,2,8,0.0
2026-08-20,Humira,12.04,14:28:25,2,8,56.15
2026-08-20,Humira,9.74,14:28:55,2,8,56.16
2026-08-20,Humira,4.17,14:29:25,2,8,0.0
2026-08-20,Humira,7.73,14:29:55,2,8,0.0
2026-08-20,Humira,5.75,14:30:25,2,8,0.0
2026-08-20,Humira,2.45,14:30:55,2,8,0.0
2026-08-20,Humira,11.25,14:31:25,2,8,56.21
2026-08-20,Humira,11.84,14:31:55,2,8,56.23
2026-08-20,Humira,11.13,14:32:25,2,8,56.24
2026-08-20,Humira,14.74,14:32:55,2,8,56.25
2026-08-20,Humira,7.83,14:33:25,2,8,0.0
2026-08-20,Humira,9.58,14:33:55,2,8,56.27
2026-08-20,Humira,15.49,14:34:25,2,8,56.28
2026-08-20,Humira,15.02,14:34:55,2,8,56.29
2026-08-20,Humira,3.28,14:35:25,2,8,0.0
2026-08-20,Humira,14.27,14:35:55,2,8,56.31
2026-08-20,Humira,7.07,14:36:25,2,8,0.0
2026-08-20,Humira,10.28,14:36:55,2,8,56.33
2026-08-20,Humira,16.75,14:37:25,2,8,56.34
2026-08-20,Humira,16.91,14:37:55,2,8,56.36
2026-08-20,Humira,15.82,14:38:25,2,8,56.37
2026-08-20,Humira,2.29,14:38:55,2,8,0.0
2026-08-20,Humira,10.65,14:39:25,2,8,56.39
2026-08-20,Humira,11.86,14:39:55,2,8,56.4
2026-08-20,Humira,9.53,14:40:25,2,8,56.41
2026-08-20,Humira,2.7,14:40:55,2,8,0.0
2026-08-20,Humira,16.75,14:41:25,2,8,56.43
2026-08-20,Humira,6.9,14:41:55,2,8,0.0
2026-08-20,Humira,14.94,14:42:25,2,8,56.45
2026-08-20,Humira,13.11,14:42:55,2,8,56.46
2026-08-20,Humira,11.54,14:43:25,2,8,56.47
2026-08-20,Humira,14.02,14:43:55,2,8,56.49
2026-08-20,Humira,11.46,14:44:25,2,8,56.5
2026-08-20,Humira,14.09,14:44:55,2,8,56.51
2026-08-20,Humira,17.41,14:45:25,2,8,56.52
2026-08-20,Humira,14.29,14:45:55,2,8,56.53
2026-08-20,Humira,11.88,14:46:25,2,8,56.54
2026-08-20,Humira,13.96,14:46:55,2,8,56.55
2026-08-20,Humira,9.27,14:47:25,2,8,56.56
2026-08-20,Humira,12.52,14:47:55,2,8,56.57
2026-08-20,Humira,13.47,14:48:25,2,8,56.58
2026-08-20,Humira,11.97,14:48:55,2,8,56.59
2026-08-20,Humira,12.87,14:49:25,2,8,56.6
2026-08-20,Humira,12.37,14:49:55,2,8,56.61
2026-08-20,Humira,10.94,14:50:25,2,8,56.63
2026-08-20,Humira,9.28,14:50:55,2,8,56.64
2026-08-20,Humira,14.39,14:51:25,2,8,56.65
2026-08-20,Humira,13.18,14:51:55,2,8,56.66
2026-08-20,Humira,3.12,14:52:25,2,8,0.0
2026-08-20,Humira,14.61,14:52:55,2,8,56.68
2026-08-20,Humira,7.31,14:53:25,2,8,0.0
2026-08-20,Humira,15.27,14:53:55,2,8,56.7
2026-08-20,Humira,12.61,14:54:25,2,8,56.71
2026-08-20,Humira,12.96,14:54:55,2,8,56.72
2026-08-20,Humira,12.87,14:55:25,2,8,56.73
2026-08-20,Humira,14.38,14:55:55,2,8,56.74
2026-08-20,Humira,15.97,14:56:25,2,8,56.76
2026-08-20,Humira,11.82,14:56:55,2,8,56.77
2026-08-20,Humira,12.42,14:57:25,2,8,56.78
2026-08-20,Humira,12.74,14:57:55,2,8,56.79
2026-08-20,Humira,7.79,14:58:25,2,8,0.0
2026-08-20,Humira,16.63,14:58:55,2,8,56.81
2026-08-20,Humira,5.49,14:59:25,2,8,0.0
2026-08-20,Humira,12.31,14:59:55,2,8,56.83
2026-08-20,Humira,12.13,15:00:25,2,8,56.84
2026-08-20,Humira,15.56,15:00:55,2,8,56.85
2026-08-20,Humira,3.42,15:01:25,2,8,0.0
2026-08-20,Humira,13.65,15:01:55,2,8,56.88
2026-08-20,Humira,9.43,15:02:25,2,8,56.89
2026-08-20,Humira,9.03,15:02:55,2,8,56.9
2026-08-20,Humira,10.01,15:03:25,2,8,56.91
2026-08-20,Humira,16.13,15:03:55,2,8,56.92
2026-08-20,Humira,2.41,15:04:25,2,8,0.0
2026-08-20,Humira,5.75,15:04:55,2,8,0.0
2026-08-20,Humira,9.24,15:05:25,2,8,56.95
2026-08-20,Humira,16.24,15:05:55,2,8,56.96
2026-08-20,Humira,17.95,15:06:25,2,8,56.97
2026-08-20,Humira,16.12,15:06:55,2,8,56.98
2026-08-20,Humira,9.57,15:07:25,2,8,56.99
2026-08-20,Humira,17.4,15:07:55,2,8,57.01
2026-08-20,Humira,9.71,15:08:25,2,8,57.02
2026-08-20,Humira,9.52,15:08:55,2,8,57.03
2026-08-20,Humira,13.58,15:09:25,2,8,57.04
2026-08-20,Humira,10.92,15:09:55,2,8,57.05
2026-08-20,Humira,10.06,15:10:25,2,8,57.06
2026-08-20,Humira,10.25,15:10:55,2,8,57.07
2026-08-20,Humira,7.62,15:11:25,2,8,0.0
2026-08-20,Humira,9.91,15:11:55,2,8,57.09
2026-08-20,Humira,9.98,15:12:25,2,8,57.1
2026-08-20,Humira,12.17,15:12:55,2,8,57.11
2026-08-20,Humira,17.85,15:13:25,2,8,57.12
2026-08-20,Humira,12.0,15:13:55,2,8,57.14
2026-08-20,Humira,10.15,15:14:25,2,8,57.15
2026-08-20,Humira,12.74,15:14:55,2,8,57.16
2026-08-20,Humira,12.17,15:15:25,2,8,57.17
2026-08-20,Humira,16.01,15:15:55,2,8,57.18
2026-08-20,Humira,12.33,15:16:25,2,8,57.19
2026-08-20,Humira,14.8,15:16:55,2,8,57.2
2026-08-20,Humira,5.76,15:17:25,2,8,0.0
2026-08-20,Humira,5.74,15:17:55,2,8,0.0
2026-08-20,Humira,17.26,15:18:25,2,8,57.23
2026-08-20,Humira,16.7,15:18:55,2,8,57.24
2026-08-20,Humira,9.87,15:19:25,2,8,57.25
2026-08-20,Humira,15.08,15:19:55,2,8,57.27
2026-08-20,Humira,9.99,15:20:25,2,8,57.28
2026-08-20,Humira,9.59,15:20:55,2,8,57.29
2026-08-20,Humira,6.7,15:21:25,2,8,0.0
2026-08-20,Humira,12.87,15:21:55,2,8,57.31
2026-08-20,Humira,14.86,15:22:25,2,8,57.32
2026-08-20,Humira,16.42,15:22:55,2,8,57.33
2026-08-20,Humira,10.8,15:23:25,2,8,57.34
2026-08-20,Humira,10.68,15:23:55,2,8,57.35
2026-08-20,Humira,10.71,15:24:25,2,8,57.36
2026-08-20,Humira,9.17,15:24:55,2,8,57.37
2026-08-20,Humira,17.84,15:25:25,2,8,57.38
2026-08-20,Humira,2.81,15:25:55,2,8,0.0
2026-08-20,Humira,6.79,15:26:25,2,8,0.0
2026-08-20,Humira,6.81,15:26:55,2,8,0.0
2026-08-20,Humira,14.35,15:27:25,2,8,57.43
2026-08-20,Humira,4.81,15:27:55,2,8,0.0
2026-08-20,Humira,9.66,15:28:25,2,8,57.45
2026-08-20,Humira,15.06,15:28:55,2,8,57.46
2026-08-20,Humira,3.18,15:29:25,2,8,0.0
2026-08-20,Humira,12.64,15:29:55,2,8,57.48
2026-08-20,Humira,13.47,15:30:25,2,8,57.49
2026-08-20,Humira,12.74,15:30:55,2,8,57.5
2026-08-20,Humira,5.57,15:31:25,2,8,0.0
2026-08-20,Humira,12.35,15:31:55,2,8,57.52
2026-08-20,Humira,13.38,15:32:25,2,8,57.54
2026-08-20,Humira,17.53,15:32:55,2,8,57.55
2026-08-20,Humira,10.69,15:33:25,2,8,57.56
2026-08-20,Humira,13.05,15:33:55,2,8,57.57
2026-08-20,Humira,10.63,15:34:25,2,8,57.58
2026-08-20,Humira,12.84,15:34:55,2,8,57.59
2026-08-20,Humira,15.57,15:35:25,2,8,57.6
2026-08-20,Humira,14.05,15:35:55,2,8,57.61
2026-08-20,Humira,10.07,15:36:25,2,8,57.62
2026-08-20,Humira,7.66,15:36:55,2,8,0.0
2026-08-20,Humira,9.61,15:37:25,2,8,57.64
2026-08-20,Humira,15.01,15:37:55,2,8,57.66
2026-08-20,Humira,14.54,15:38:25,2,8,57.67
2026-08-20,Humira,15.57,15:38:55,2,8,57.68
2026-08-20,Humira,9.51,15:39:25,2,8,57.69
2026-08-20,Humira,2.13,15:39:55,2,8,0.0
2026-08-20,Humira,17.42,15:40:25,2,8,57.71
2026-08-20,Humira,5.57,15:40:55,2,8,0.0
2026-08-20,Humira,3.23,15:41:25,2,8,0.0
2026-08-20,Humira,16.72,15:41:55,2,8,57.74
2026-08-20,Humira,3.4,15:42:25,2,8,0.0
2026-08-20,Humira,13.13,15:42:55,2,8,57.76
2026-08-20,Humira,12.22,15:43:25,2,8,57.77
2026-08-20,Humira,12.97,15:43:55,2,8,57.79
2026-08-20,Humira,10.91,15:44:25,2,8,57.8
2026-08-20,Humira,5.06,15:44:55,2,8,0.0
2026-08-20,Humira,10.34,15:45:25,2,8,57.82
2026-08-20,Humira,15.81,15:45:55,2,8,57.83
2026-08-20,Humira,9.4,15:46:25,2,8,57.84
2026-08-20,Humira,2.76,15:46:55,2,8,0.0
2026-08-20,Humira,10.79,15:47:25,2,8,57.86
2026-08-20,Humira,13.99,15:47:55,2,8,57.87
2026-08-20,Humira,7.04,15:48:25,2,8,0.0
2026-08-20,Humira,17.94,15:48:55,2,8,57.89
2026-08-20,Humira,12.01,15:49:25,2,8,57.9
2026-08-20,Humira,3.01,15:49:55,2,8,0.0
2026-08-20,Humira,11.37,15:50:25,2,8,57.93
2026-08-20,Humira,11.6,15:50:55,2,8,57.94
2026-08-20,Humira,11.9,15:51:25,2,8,57.95
2026-08-20,Humira,11.75,15:51:55,2,8,57.96
2026-08-20,Humira,7.78,15:52:25,2,8,0.0
2026-08-20,Humira,12.65,15:52:55,2,8,57.98
2026-08-20,Humira,4.26,15:53:25,2,8,0.0
2026-08-20,Humira,16.69,15:53:55,2,8,58.0
2026-08-20,Humira,12.58,15:54:25,2,8,58.01
2026-08-20,Humira,10.82,15:54:55,2,8,58.02
2026-08-20,Humira,14.19,15:55:25,2,8,58.03
2026-08-20,Humira,16.91,15:55:55,2,8,58.05
2026-08-20,Humira,12.94,15:56:25,2,8,58.06
2026-08-20,Humira,5.55,15:56:55,2,8,0.0
2026-08-20,Humira,13.55,15:57:25,2,8,58.08
2026-08-20,Humira,5.04,15:57:55,2,8,0.0
2026-08-20,Humira,9.81,15:58:25,2,8,58.1
2026-08-20,Humira,10.87,15:58:55,2,8,58.11
2026-08-20,Humira,15.32,15:59:25,2,8,58.12
2026-08-20,Humira,7.04,15:59:55,2,8,0.0
2026-08-20,Humira,14.73,16:00:25,2,8,58.14
2026-08-20,Humira,17.6,16:00:55,2,8,58.15
2026-08-20,Humira,10.9,16:01:25,2,8,58.16
2026-08-20,Humira,10.41,16:01:55,2,8,58.18
2026-08-20,Humira,3.82,16:02:25,2,8,0.0
2026-08-20,Humira,17.05,16:02:55,2,8,58.2
2026-08-20,Humira,13.79,16:03:25,2,8,58.21
2026-08-20,Humira,13.84,16:03:55,2,8,58.22
2026-08-20,Humira,11.74,16:04:25,2,8,58.23
2026-08-20,Humira,17.58,16:04:55,2,8,58.24
2026-08-20,Humira,14.16,16:05:25,2,8,58.25
2026-08-20,Humira,14.11,16:05:55,2,8,58.26
2026-08-20,Humira,5.21,16:06:25,2,8,0.0
2026-08-20,Humira,12.51,16:06:55,2,8,58.28
2026-08-20,Humira,15.85,16:07:25,2,8,58.29
2026-08-20,Humira,11.37,16:07:55,2,8,58.31
2026-08-20,Humira,10.02,16:08:25,2,8,58.32
2026-08-20,Humira,4.19,16:08:55,2,8,0.0
2026-08-20,Humira,2.7,16:09:25,2,8,0.0
2026-08-20,Humira,7.49,16:09:55,2,8,0.0
2026-08-20,Humira,4.09,16:10:25,2,8,0.0
2026-08-20,Humira,13.22,16:10:55,2,8,58.37
2026-08-20,Humira,17.91,16:11:25,2,8,58.38
2026-08-20,Humira,14.91,16:11:55,2,8,58.39
2026-08-20,Humira,11.85,16:12:25,2,8,58.4
2026-08-20,Humira,4.85,16:12:55,2,8,0.0
2026-08-20,Humira,15.92,16:13:25,2,8,58.42
2026-08-20,Humira,6.37,16:13:55,2,8,0.0
2026-08-20,Humira,6.41,16:14:25,2,8,0.0
2026-08-20,Humira,10.76,16:14:55,2,8,58.46
2026-08-20,Humira,17.33,16:15:25,2,8,58.47
2026-08-20,Humira,4.54,16:15:55,2,8,0.0
2026-08-20,Humira,11.38,16:16:25,2,8,58.49
2026-08-20,Humira,14.1,16:16:55,2,8,58.5
2026-08-20,Humira,17.7,16:17:25,2,8,58.51
2026-08-20,Humira,11.72,16:17:55,2,8,58.52
2026-08-20,Humira,2.62,16:18:25,2,8,0.0
2026-08-20,Humira,16.51,16:18:55,2,8,58.54
2026-08-20,Humira,16.39,16:19:25,2,8,58.55
2026-08-20,Humira,9.34,16:19:55,2,8,58.56
2026-08-20,Humira,13.51,16:20:25,2,8,58.58
2026-08-20,Humira,11.26,16:20:55,2,8,58.59
2026-08-20,Humira,17.42,16:21:25,2,8,58.6
2026-08-20,Humira,3.94,16:21:55,2,8,0.0
2026-08-20,Humira,4.86,16:22:25,2,8,0.0
2026-08-20,Humira,11.38,16:22:55,2,8,58.63
2026-08-20,Humira,11.19,16:23:25,2,8,58.64
2026-08-20,Humira,9.49,16:23:55,2,8,58.65
2026-08-20,Humira,15.15,16:24:25,2,8,58.66
2026-08-20,Humira,2.57,16:24:55,2,8,0.0
2026-08-20,Humira,9.62,16:25:25,2,8,58.68
2026-08-20,Humira,16.92,16:25:55,2,8,58.7
2026-08-20,Humira,9.41,16:26:25,2,8,58.71
2026-08-20,Humira,14.03,16:26:55,2,8,58.72
2026-08-20,Humira,17.87,16:27:25,2,8,58.73
2026-08-20,Humira,15.35,16:27:55,2,8,58.74
2026-08-20,Humira,9.24,16:28:25,2,8,58.75
2026-08-20,Humira,9.76,16:28:55,2,8,58.76
2026-08-20,Humira,3.08,16:29:25,2,8,0.0
2026-08-20,Humira,4.1,16:29:55,2,8,0.0
2026-08-20,Humira,7.07,16:30:25,2,8,0.0
2026-08-20,Humira,5.56,16:30:55,2,8,0.0
2026-08-20,Humira,9.45,16:31:25,2,8,58.81
2026-08-20,Humira,14.12,16:31:55,2,8,58.83
2026-08-20,Humira,15.36,16:32:25,2,8,58.84
2026-08-20,Humira,14.15,16:32:55,2,8,58.85
2026-08-20,Humira,13.24,16:33:25,2,8,58.86
2026-08-20,Humira,17.25,16:33:55,2,8,58.87
2026-08-20,Humira,10.17,16:34:25,2,8,58.88
2026-08-20,Humira,11.48,16:34:55,2,8,58.89
2026-08-20,Humira,12.99,16:35:25,2,8,58.9
2026-08-20,Humira,10.89,16:35:55,2,8,58.91
2026-08-20,Humira,3.01,16:36:25,2,8,0.0
2026-08-20,Humira,14.07,16:36:55,2,8,58.93
2026-08-20,Humira,12.14,16:37:25,2,8,58.94
2026-08-20,Humira,2.5,16:37:55,2,8,0.0
2026-08-20,Humira,15.99,16:38:25,2,8,58.97
2026-08-20,Humira,11.89,16:38:55,2,8,58.98
2026-08-20,Humira,16.05,16:39:25,2,8,58.99
2026-08-20,Humira,12.57,16:39:55,2,8,59.0
2026-08-20,Humira,13.49,16:40:25,2,8,59.01
2026-08-20,Humira,14.28,16:40:55,2,8,59.02
2026-08-20,Humira,12.61,16:41:25,2,8,59.03
2026-08-20,Humira,16.7,16:41:55,2,8,59.04
2026-08-20,Humira,13.91,16:42:25,2,8,59.05
2026-08-20,Humira,9.92,16:42:55,2,8,59.06
2026-08-20,Humira,10.35,16:43:25,2,8,59.07
2026-08-20,Humira,9.27,16:43:55,2,8,59.09
2026-08-20,Humira,11.11,16:44:25,2,8,59.1
2026-08-20,Humira,9.51,16:44:55,2,8,59.11
2026-08-20,Humira,11.1,16:45:25,2,8,59.12
2026-08-20,Humira,15.51,16:45:55,2,8,59.13
2026-08-20,Humira,10.52,16:46:25,2,8,59.14
2026-08-20,Humira,11.41,16:46:55,2,8,59.15
2026-08-20,Humira,13.36,16:47:25,2,8,59.16
2026-08-20,Humira,11.02,16:47:55,2,8,59.17
2026-08-20,Humira,12.61,16:48:25,2,8,59.18
2026-08-20,Humira,9.44,16:48:55,2,8,59.19
2026-08-20,Humira,10.16,16:49:25,2,8,59.2
2026-08-20,Humira,16.21,16:49:55,2,8,59.21
2026-08-20,Humira,5.31,16:50:25,2,8,0.0
2026-08-20,Humira,15.9,16:50:55,2,8,59.24
2026-08-20,Humira,15.1,16:51:25,2,8,59.25
2026-08-20,Humira,14.17,16:51:55,2,8,59.26
2026-08-20,Humira,14.85,16:52:25,2,8,59.27
2026-08-20,Humira,15.62,16:52:55,2,8,59.28
2026-08-20,Humira,9.9,16:53:25,2,8,59.29
2026-08-20,Humira,12.29,16:53:55,2,8,59.3
2026-08-20,Humira,11.36,16:54:25,2,8,59.31
2026-08-20,Humira,16.16,16:54:55,2,8,59.32
2026-08-20,Humira,13.91,16:55:25,2,8,59.33
2026-08-20,Humira,16.35,16:55:55,2,8,59.34
2026-08-20,Humira,16.85,16:56:25,2,8,59.36
2026-08-20,Humira,12.3,16:56:55,2,8,59.37
2026-08-20,Humira,3.32,16:57:25,2,8,0.0
2026-08-20,Humira,12.59,16:57:55,2,8,59.39
2026-08-20,Humira,11.31,16:58:25,2,8,59.4
2026-08-20,Humira,12.54,16:58:55,2,8,59.41
2026-08-20,Humira,6.8,16:59:25,2,8,0.0
2026-08-20,Humira,17.34,16:59:55,2,8,59.43
2026-08-20,Humira,16.09,17:00:25,2,8,59.44
2026-08-20,Humira,14.98,17:00:55,2,8,59.45
2026-08-20,Humira,9.9,17:01:25,2,8,59.46
2026-08-20,Humira,9.17,17:01:55,2,8,59.48
2026-08-20,Humira,11.73,17:02:25,2,8,59.49
2026-08-20,Humira,3.75,17:02:55,2,8,0.0
2026-08-20,Humira,5.06,17:03:25,2,8,0.0
2026-08-20,Humira,14.72,17:03:55,2,8,59.52
2026-08-20,Humira,14.66,17:04:25,2,8,59.53
2026-08-20,Humira,11.47,17:04:55,2,8,59.54
2026-08-20,Humira,6.44,17:05:25,2,8,0.0
2026-08-20,Humira,6.6,17:05:55,2,8,0.0
2026-08-20,Humira,5.21,17:06:25,2,8,0.0
2026-08-20,Humira,16.81,17:06:55,2,8,59.58
2026-08-20,Humira,5.44,17:07:25,2,8,0.0
2026-08-20,Humira,10.36,17:07:55,2,8,59.61
2026-08-20,Humira,9.84,17:08:25,2,8,59.62
2026-08-20,Humira,16.63,17:08:55,2,8,59.63
2026-08-20,Humira,9.09,17:09:25,2,8,59.64
2026-08-20,Humira,3.23,17:09:55,2,8,0.0
2026-08-20,Humira,9.79,17:10:25,2,8,59.66
2026-08-20,Humira,9.26,17:10:55,2,8,59.67
2026-08-20,Humira,11.23,17:11:25,2,8,59.68
2026-08-20,Humira,16.71,17:11:55,2,8,59.69
2026-08-20,Humira,5.4,17:12:25,2,8,0.0
2026-08-20,Humira,10.75,17:12:55,2,8,59.71
2026-08-20,Humira,10.58,17:13:25,2,8,59.72
2026-08-20,Humira,16.61,17:13:55,2,8,59.74
2026-08-20,Humira,9.92,17:14:25,2,8,59.75
2026-08-20,Humira,16.44,17:14:55,2,8,59.76
2026-08-20,Humira,15.23,17:15:25,2,8,59.77
2026-08-20,Humira,17.35,17:15:55,2,8,59.78
2026-08-20,Humira,13.17,17:16:25,2,8,59.79
2026-08-20,Humira,9.89,17:16:55,2,8,59.8
2026-08-20,Humira,14.66,17:17:25,2,8,59.81
2026-08-20,Humira,6.36,17:17:55,2,8,0.0
2026-08-20,Humira,6.84,17:18:25,2,8,0.0
2026-08-20,Humira,16.35,17:18:55,2,8,59.84
2026-08-20,Humira,7.64,17:19:25,2,8,0.0
2026-08-20,Humira,6.9,17:19:55,2,8,0.0
2026-08-20,Humira,6.29,17:20:25,2,8,0.0
2026-08-20,Humira,12.72,17:20:55,2,8,59.89
2026-08-20,Humira,12.48,17:21:25,2,8,59.9
2026-08-20,Humira,13.62,17:21:55,2,8,59.91
2026-08-20,Humira,10.02,17:22:25,2,8,59.92
2026-08-20,Humira,17.41,17:22:55,2,8,59.93
2026-08-20,Humira,9.76,17:23:25,2,8,59.94
2026-08-20,Humira,12.29,17:23:55,2,8,59.95
2026-08-20,Humira,6.07,17:24:25,2,8,0.0
2026-08-20,Humira,15.22,17:24:55,2,8,59.97
2026-08-20,Humira,11.48,17:25:25,2,8,59.98
2026-08-20,Humira,16.13,17:25:55,2,8,59.99
2026-08-20,Humira,14.88,17:26:25,2,8,60.01
2026-08-20,Humira,11.86,17:26:55,2,8,60.02
2026-08-20,Humira,13.86,17:27:25,2,8,60.03
2026-08-20,Humira,13.79,17:27:55,2,8,60.04
2026-08-20,Humira,7.61,17:28:25,2,8,0.0
2026-08-20,Humira,14.51,17:28:55,2,8,60.06
2026-08-20,Humira,15.6,17:29:25,2,8,60.07
2026-08-20,Humira,15.51,17:29:55,2,8,60.08
2026-08-20,Humira,15.78,17:30:25,2,8,60.09
2026-08-20,Humira,15.97,17:30:55,2,8,60.1
2026-08-20,Humira,10.37,17:31:25,2,8,60.11
2026-08-20,Humira,17.16,17:31:55,2,8,60.12
2026-08-20,Humira,11.28,17:32:25,2,8,60.14
2026-08-20,Humira,12.01,17:32:55,2,8,60.15
2026-08-20,Humira,12.64,17:33:25,2,8,60.16
2026-08-20,Humira,14.08,17:33:55,2,8,60.17
2026-08-20,Humira,10.67,17:34:25,2,8,60.18
2026-08-20,Humira,12.85,17:34:55,2,8,60.19
2026-08-20,Humira,17.18,17:35:25,2,8,60.2
2026-08-20,Humira,12.74,17:35:55,2,8,60.21
2026-08-20,Humira,2.61,17:36:25,2,8,0.0
2026-08-20,Humira,14.01,17:36:55,2,8,60.23
2026-08-20,Humira,17.83,17:37:25,2,8,60.24
2026-08-20,Humira,15.8,17:37:55,2,8,60.26
2026-08-20,Humira,9.51,17:38:25,2,8,60.27
2026-08-20,Humira,17.1,17:38:55,2,8,60.28
2026-08-20,Humira,5.88,17:39:25,2,8,0.0
2026-08-20,Humira,4.8,17:39:55,2,8,0.0
2026-08-20,Humira,13.41,17:40:25,2,8,60.31
2026-08-20,Humira,4.6,17:40:55,2,8,0.0
2026-08-20,Humira,11.93,17:41:25,2,8,60.33
2026-08-20,Humira,14.62,17:41:55,2,8,60.34
2026-08-20,Humira,14.27,17:42:25,2,8,60.35
2026-08-20,Humira,12.45,17:42:55,2,8,60.36
2026-08-20,Humira,4.28,17:43:25,2,8,0.0
2026-08-20,Humira,11.67,17:43:55,2,8,60.39
2026-08-20,Humira,15.29,17:44:25,2,8,60.4
2026-08-20,Humira,2.49,17:44:55,2,8,0.0
2026-08-20,Humira,7.87,17:45:25,2,8,0.0
2026-08-20,Humira,13.12,17:45:55,2,8,60.43
2026-08-20,Humira,17.86,17:46:25,2,8,60.44
2026-08-20,Humira,11.37,17:46:55,2,8,60.45
2026-08-20,Humira,9.39,17:47:25,2,8,60.46
2026-08-20,Humira,12.93,17:47:55,2,8,60.47
2026-08-20,Humira,5.62,17:48:25,2,8,0.0
2026-08-20,Humira,10.21,17:48:55,2,8,60.49
2026-08-20,Humira,7.91,17:49:25,2,8,0.0
2026-08-20,Humira,3.45,17:49:55,2,8,0.0
2026-08-20,Humira,2.93,17:50:25,2,8,0.0
2026-08-20,Humira,13.87,17:50:55,2,8,60.54
2026-08-20,Humira,16.64,17:51:25,2,8,60.55
2026-08-20,Humira,17.42,17:51:55,2,8,60.56
2026-08-20,Humira,4.65,17:52:25,2,8,0.0
2026-08-20,Humira,13.11,17:52:55,2,8,60.58
2026-08-20,Humira,11.37,17:53:25,2,8,60.59
2026-08-20,Humira,9.79,17:53:55,2,8,60.6
2026-08-20,Humira,11.69,17:54:25,2,8,60.61
2026-08-20,Humira,15.92,17:54:55,2,8,60.62
2026-08-20,Humira,11.52,17:55:25,2,8,60.63
2026-08-20,Humira,16.15,17:55:55,2,8,60.65
2026-08-20,Humira,5.32,17:56:25,2,8,0.0
2026-08-20,Humira,17.93,17:56:55,2,8,60.67
2026-08-20,Humira,14.74,17:57:25,2,8,60.68
2026-08-20,Humira,11.83,17:57:55,2,8,60.69
2026-08-20,Humira,15.65,17:58:25,2,8,60.7
2026-08-20,Humira,15.96,17:58:55,2,8,60.71
2026-08-20,Humira,11.3,17:59:25,2,8,60.72
2026-08-20,Humira,10.53,17:59:55,2,8,60.73
2026-08-20,Humira,11.94,18:00:25,2,8,60.74
2026-08-20,Humira,15.93,18:00:55,2,8,60.75
2026-08-20,Humira,2.67,18:01:25,2,8,0.0
2026-08-20,Humira,17.58,18:01:55,2,8,60.77
2026-08-20,Humira,15.26,18:02:25,2,8,60.79
2026-08-20,Humira,4.85,18:02:55,2,8,0.0
2026-08-20,Humira,5.0,18:03:25,2,8,0.0
2026-08-20,Humira,7.54,18:03:55,2,8,0.0
2026-08-20,Humira,13.62,18:04:25,2,8,60.83
2026-08-20,Humira,9.46,18:04:55,2,8,60.84
2026-08-20,Humira,3.14,18:05:25,2,8,0.0
2026-08-20,Humira,9.23,18:05:55,2,8,60.86
2026-08-20,Humira,14.8,18:06:25,2,8,60.87
2026-08-20,Humira,15.56,18:06:55,2,8,60.88
2026-08-20,Humira,10.54,18:07:25,2,8,60.89
2026-08-20,Humira,6.72,18:07:55,2,8,0.0
2026-08-20,Humira,6.81,18:08:25,2,8,0.0
2026-08-20,Humira,15.04,18:08:55,2,8,60.93
2026-08-20,Humira,14.15,18:09:25,2,8,60.94
2026-08-20,Humira,12.26,18:09:55,2,8,60.95
2026-08-20,Humira,11.36,18:10:25,2,8,60.96
2026-08-20,Humira,2.92,18:10:55,2,8,0.0
2026-08-20,Humira,16.57,18:11:25,2,8,60.98
2026-08-20,Humira,4.45,18:11:55,2,8,0.0
2026-08-20,Humira,9.73,18:12:25,2,8,61.0
2026-08-20,Humira,5.14,18:12:55,2,8,0.0
2026-08-20,Humira,7.35,18:13:25,2,8,0.0
2026-08-20,Humira,16.37,18:13:55,2,8,61.04
2026-08-20,Humira,13.12,18:14:25,2,8,61.05
2026-08-20,Humira,13.73,18:14:55,2,8,61.06
2026-08-20,Humira,11.72,18:15:25,2,8,61.07
2026-08-20,Humira,16.22,18:15:55,2,8,61.08
2026-08-20,Humira,9.04,18:16:25,2,8,61.09
2026-08-20,Humira,16.7,18:16:55,2,8,61.1
2026-08-20,Humira,11.76,18:17:25,2,8,61.11
2026-08-20,Humira,12.33,18:17:55,2,8,61.12
2026-08-20,Humira,16.06,18:18:25,2,8,61.13
2026-08-20,Humira,10.72,18:18:55,2,8,61.14
2026-08-20,Humira,11.48,18:19:25,2,8,61.15
2026-08-20,Humira,4.47,18:19:55,2,8,0.0
2026-08-20,Humira,17.95,18:20:25,2,8,61.18
2026-08-20,Humira,12.98,18:20:55,2,8,61.19
2026-08-20,Humira,16.98,18:21:25,2,8,61.2
2026-08-20,Humira,17.28,18:21:55,2,8,61.21
2026-08-20,Humira,5.27,18:22:25,2,8,0.0
2026-08-20,Humira,13.11,18:22:55,2,8,61.23
2026-08-20,Humira,15.07,18:23:25,2,8,61.24
2026-08-20,Humira,13.08,18:23:55,2,8,61.25
2026-08-20,Humira,13.26,18:24:25,2,8,61.26
2026-08-20,Humira,11.45,18:24:55,2,8,61.27
2026-08-20,Humira,14.78,18:25:25,2,8,61.28
2026-08-20,Humira,6.66,18:25:55,2,8,0.0
2026-08-20,Humira,14.68,18:26:25,2,8,61.31
2026-08-20,Humira,10.93,18:26:55,2,8,61.32
2026-08-20,Humira,12.4,18:27:25,2,8,61.33
2026-08-20,Humira,10.22,18:27:55,2,8,61.34
2026-08-20,Humira,2.09,18:28:25,2,8,0.0
2026-08-20,Humira,4.19,18:28:55,2,8,0.0
2026-08-20,Humira,13.01,18:29:25,2,8,61.37
2026-08-20,Humira,17.45,18:29:55,2,8,61.38
2026-08-20,Humira,9.13,18:30:25,2,8,61.39
2026-08-20,Humira,17.11,18:30:55,2,8,61.4
2026-08-20,Humira,11.82,18:31:25,2,8,61.41
2026-08-20,Humira,17.78,18:31:55,2,8,61.43
2026-08-20,Humira,10.2,18:32:25,2,8,61.44
2026-08-20,Humira,13.4,18:32:55,2,8,61.45
2026-08-20,Humira,15.39,18:33:25,2,8,61.46
2026-08-20,Humira,16.53,18:33:55,2,8,61.47
2026-08-20,Humira,15.19,18:34:25,2,8,61.48
2026-08-20,Humira,11.97,18:34:55,2,8,61.49
2026-08-20,Humira,6.35,18:35:25,2,8,0.0
2026-08-20,Humira,2.78,18:35:55,2,8,0.0
2026-08-20,Humira,12.31,18:36:25,2,8,61.52
2026-08-20,Humira,16.38,18:36:55,2,8,61.53
2026-08-20,Humira,10.94,18:37:25,2,8,61.54
2026-08-20,Humira,14.92,18:37:55,2,8,61.56
2026-08-20,Humira,2.17,18:38:25,2,8,0.0
2026-08-20,Humira,7.29,18:38:55,2,8,0.0
2026-08-20,Humira,16.81,18:39:25,2,8,61.59
2026-08-20,Humira,13.42,18:39:55,2,8,61.6
2026-08-20,Humira,11.36,18:40:25,2,8,61.61
2026-08-20,Humira,7.28,18:40:55,2,8,0.0
2026-08-20,Humira,9.49,18:41:25,2,8,61.63
2026-08-20,Humira,13.99,18:41:55,2,8,61.64
2026-08-20,Humira,13.28,18:42:25,2,8,61.65
2026-08-20,Humira,11.24,18:42:55,2,8,61.66
2026-08-20,Humira,13.15,18:43:25,2,8,61.67
2026-08-20,Humira,10.37,18:43:55,2,8,61.69
2026-08-20,Humira,3.93,18:44:25,2,8,0.0
2026-08-20,Humira,16.31,18:44:55,2,8,61.71
2026-08-20,Humira,12.0,18:45:25,2,8,61.72
2026-08-20,Humira,14.89,18:45:55,2,8,61.73
2026-08-20,Humira,15.37,18:46:25,2,8,61.74
2026-08-20,Humira,15.36,18:46:55,2,8,61.75
2026-08-20,Humira,14.27,18:47:25,2,8,61.76
2026-08-20,Humira,14.48,18:47:55,2,8,61.77
2026-08-20,Humira,3.83,18:48:25,2,8,0.0
2026-08-20,Humira,9.32,18:48:55,2,8,61.79
2026-08-20,Humira,12.41,18:49:25,2,8,61.8
2026-08-20,Humira,14.67,18:49:55,2,8,61.81
2026-08-20,Humira,12.64,18:50:25,2,8,61.83
2026-08-20,Humira,16.51,18:50:55,2,8,61.84
2026-08-20,Humira,16.25,18:51:25,2,8,61.85
2026-08-20,Humira,4.22,18:51:55,2,8,0.0
2026-08-20,Humira,13.18,18:52:25,2,8,61.87
2026-08-20,Humira,6.37,18:52:55,2,8,0.0
2026-08-20,Humira,16.66,18:53:25,2,8,61.89
2026-08-20,Humira,13.69,18:53:55,2,8,61.9
2026-08-20,Humira,5.78,18:54:25,2,8,0.0
2026-08-20,Humira,2.9,18:54:55,2,8,0.0
2026-08-20,Humira,17.3,18:55:25,2,8,61.93
2026-08-20,Humira,16.5,18:55:55,2,8,61.95
2026-08-20,Humira,5.08,18:56:25,2,8,0.0
2026-08-20,Humira,15.77,18:56:55,2,8,61.97
2026-08-20,Humira,6.28,18:57:25,2,8,0.0
2026-08-20,Humira,12.06,18:57:55,2,8,61.99
2026-08-20,Humira,17.91,18:58:25,2,8,62.0
2026-08-20,Humira,11.75,18:58:55,2,8,62.01
2026-08-20,Humira,7.04,18:59:25,2,8,0.0
2026-08-20,Humira,3.95,18:59:55,2,8,0.0
2026-08-20,Humira,14.21,19:00:25,2,8,62.04
2026-08-20,Humira,5.85,19:00:55,2,8,0.0
2026-08-20,Humira,15.34,19:01:25,2,8,62.06
2026-08-20,Humira,12.69,19:01:55,2,8,62.08
2026-08-20,Humira,16.45,19:02:25,2,8,62.09
2026-08-20,Humira,11.44,19:02:55,2,8,62.1
2026-08-20,Humira,6.96,19:03:25,2,8,0.0
2026-08-20,Humira,17.86,19:03:55,2,8,62.12
2026-08-20,Humira,17.52,19:04:25,2,8,62.13
2026-08-20,Humira,17.79,19:04:55,2,8,62.14
2026-08-20,Humira,10.42,19:05:25,2,8,62.15
2026-08-20,Humira,10.73,19:05:55,2,8,62.16
2026-08-20,Humira,11.19,19:06:25,2,8,62.17
2026-08-20,Humira,17.4,19:06:55,2,8,62.18
2026-08-20,Humira,10.72,19:07:25,2,8,62.19
2026-08-20,Humira,2.17,19:07:55,2,8,0.0
2026-08-20,Humira,16.37,19:08:25,2,8,62.22
2026-08-20,Humira,9.15,19:08:55,2,8,62.23
2026-08-20,Humira,5.8,19:09:25,2,8,0.0
2026-08-20,Humira,10.27,19:09:55,2,8,62.25
2026-08-20,Humira,12.43,19:10:25,2,8,62.26
2026-08-20,Humira,16.53,19:10:55,2,8,62.27
2026-08-20,Humira,12.84,19:11:25,2,8,62.28
2026-08-20,Humira,11.62,19:11:55,2,8,62.29
2026-08-20,Humira,15.53,19:12:25,2,8,62.3
2026-08-20,Humira,9.89,19:12:55,2,8,62.31
2026-08-20,Humira,16.75,19:13:25,2,8,62.32
2026-08-20,Humira,10.6,19:13:55,2,8,62.34
2026-08-20,Humira,3.18,19:14:25,2,8,0.0
2026-08-20,Humira,10.57,19:14:55,2,8,62.36
2026-08-20,Humira,17.3,19:15:25,2,8,62.37
2026-08-20,Humira,13.51,19:15:55,2,8,62.38
2026-08-20,Humira,14.06,19:16:25,2,8,62.39
2026-08-20,Humira,2.23,19:16:55,2,8,0.0
2026-08-20,Humira,3.58,19:17:25,2,8,0.0
2026-08-20,Humira,3.37,19:17:55,2,8,0.0
2026-08-20,Humira,17.4,19:18:25,2,8,62.43
2026-08-20,Humira,3.45,19:18:55,2,8,0.0
2026-08-20,Humira,10.92,19:19:25,2,8,62.45
2026-08-20,Humira,11.49,19:19:55,2,8,62.46
2026-08-20,Humira,14.42,19:20:25,2,8,62.48
2026-08-20,Humira,16.23,19:20:55,2,8,62.49
2026-08-20,Humira,12.55,19:21:25,2,8,62.5
2026-08-20,Humira,7.79,19:21:55,2,8,0.0
2026-08-20,Humira,9.89,19:22:25,2,8,62.52
2026-08-20,Humira,11.62,19:22:55,2,8,62.53
2026-08-20,Humira,11.32,19:23:25,2,8,62.54
2026-08-20,Humira,12.72,19:23:55,2,8,62.55
2026-08-20,Humira,15.48,19:24:25,2,8,62.56
2026-08-20,Humira,11.33,19:24:55,2,8,62.57
2026-08-20,Humira,16.82,19:25:25,2,8,62.58
2026-08-20,Humira,14.75,19:25:55,2,8,62.59
2026-08-20,Humira,5.64,19:26:25,2,8,0.0
2026-08-20,Humira,13.01,19:26:55,2,8,62.62
2026-08-20,Humira,5.42,19:27:25,2,8,0.0
2026-08-20,Humira,3.15,19:27:55,2,8,0.0
2026-08-20,Humira,12.9,19:28:25,2,8,62.65
2026-08-20,Humira,11.08,19:28:55,2,8,62.66
2026-08-20,Humira,9.82,19:29:25,2,8,62.67
2026-08-20,Humira,17.55,19:29:55,2,8,62.68
2026-08-20,Humira,10.96,19:30:25,2,8,62.69
2026-08-20,Humira,9.26,19:30:55,2,8,62.7
2026-08-20,Humira,17.78,19:31:25,2,8,62.71
2026-08-20,Humira,11.02,19:31:55,2,8,62.73
2026-08-20,Humira,9.55,19:32:25,2,8,62.74
2026-08-20,Humira,16.55,19:32:55,2,8,62.75
2026-08-20,Humira,4.89,19:33:25,2,8,0.0
2026-08-20,Humira,6.64,19:33:55,2,8,0.0
2026-08-20,Humira,14.29,19:34:25,2,8,62.78
2026-08-20,Humira,2.8,19:34:55,2,8,0.0
2026-08-20,Humira,14.2,19:35:25,2,8,62.8
2026-08-20,Humira,17.68,19:35:55,2,8,62.81
2026-08-20,Humira,9.12,19:36:25,2,8,62.82
2026-08-20,Humira,12.02,19:36:55,2,8,62.83
2026-08-20,Humira,16.44,19:37:25,2,8,62.84
2026-08-20,Humira,10.86,19:37:55,2,8,62.86
2026-08-20,Humira,9.6,19:38:25,2,8,62.87
2026-08-20,Humira,12.17,19:38:55,2,8,62.88
2026-08-20,Humira,11.01,19:39:25,2,8,62.89
2026-08-20,Humira,7.73,19:39:55,2,8,0.0
2026-08-20,Humira,13.5,19:40:25,2,8,62.91
2026-08-20,Humira,14.07,19:40:55,2,8,62.92
2026-08-20,Humira,13.02,19:41:25,2,8,62.93
2026-08-20,Humira,11.83,19:41:55,2,8,62.94
2026-08-20,Humira,17.24,19:42:25,2,8,62.95
2026-08-20,Humira,9.34,19:42:55,2,8,62.96
2026-08-20,Humira,3.72,19:43:25,2,8,0.0
2026-08-20,Humira,9.63,19:43:55,2,8,62.99
2026-08-20,Humira,14.86,19:44:25,2,8,63.0
2026-08-20,Humira,9.16,19:44:55,2,8,63.01
2026-08-20,Humira,12.05,19:45:25,2,8,63.02
2026-08-20,Humira,10.14,19:45:55,2,8,63.03
2026-08-20,Humira,14.22,19:46:25,2,8,63.04
2026-08-20,Humira,10.48,19:46:55,2,8,63.05
2026-08-20,Humira,10.34,19:47:25,2,8,63.06
2026-08-20,Humira,6.17,19:47:55,2,8,0.0
2026-08-20,Humira,11.41,19:48:25,2,8,63.08
2026-08-20,Humira,4.34,19:48:55,2,8,0.0
2026-08-20,Humira,16.84,19:49:25,2,8,63.1
2026-08-20,Humira,11.27,19:49:55,2,8,63.12
2026-08-20,Humira,15.01,19:50:25,2,8,63.13
2026-08-20,Humira,16.9,19:50:55,2,8,63.14
2026-08-20,Humira,16.19,19:51:25,2,8,63.15
2026-08-20,Humira,11.18,19:51:55,2,8,63.16
2026-08-20,Humira,5.61,19:52:25,2,8,0.0
2026-08-20,Humira,16.53,19:52:55,2,8,63.18
2026-08-20,Humira,9.58,19:53:25,2,8,63.19
2026-08-20,Humira,12.53,19:53:55,2,8,63.2
2026-08-20,Humira,4.04,19:54:25,2,8,0.0
2026-08-20,Humira,13.12,19:54:55,2,8,63.22
2026-08-20,Humira,3.44,19:55:25,2,8,0.0
2026-08-20,Humira,2.93,19:55:55,2,8,0.0
2026-08-20,Humira,15.32,19:56:25,2,8,63.26
2026-08-20,Humira,14.15,19:56:55,2,8,63.27
2026-08-20,Humira,3.68,19:57:25,2,8,0.0
2026-08-20,Humira,4.9,19:57:55,2,8,0.0
2026-08-20,Humira,5.57,19:58:25,2,8,0.0
2026-08-20,Humira,14.53,19:58:55,2,8,63.31
2026-08-20,Humira,17.41,19:59:25,2,8,63.32
2026-08-20,Humira,13.02,19:59:55,2,8,63.33
2026-08-20,Humira,14.77,20:00:25,2,8,63.34
2026-08-20,Humira,6.3,20:00:55,2,8,0.0
2026-08-20,Humira,11.89,20:01:25,2,8,63.36
2026-08-20,Humira,14.49,20:01:55,2,8,63.38
2026-08-20,Humira,10.73,20:02:25,2,8,63.39
2026-08-20,Humira,14.47,20:02:55,2,8,63.4
2026-08-20,Humira,9.92,20:03:25,2,8,63.41
2026-08-20,Humira,6.15,20:03:55,2,8,0.0
2026-08-20,Humira,17.27,20:04:25,2,8,63.43
2026-08-20,Humira,12.1,20:04:55,2,8,63.44
2026-08-20,Humira,17.87,20:05:25,2,8,63.45
2026-08-20,Humira,14.48,20:05:55,2,8,63.46
2026-08-20,Humira,11.5,20:06:25,2,8,63.47
2026-08-20,Humira,11.63,20:06:55,2,8,63.48
2026-08-20,Humira,13.02,20:07:25,2,8,63.49
2026-08-20,Humira,17.15,20:07:55,2,8,63.51
2026-08-20,Humira,12.91,20:08:25,2,8,63.52
2026-08-20,Humira,13.8,20:08:55,2,8,63.53
2026-08-20,Humira,2.58,20:09:25,2,8,0.0
2026-08-20,Humira,7.58,20:09:55,2,8,0.0
2026-08-20,Humira,15.95,20:10:25,2,8,63.56
2026-08-20,Humira,11.85,20:10:55,2,8,63.57
2026-08-20,Humira,12.28,20:11:25,2,8,63.58
2026-08-20,Humira,17.6,20:11:55,2,8,63.59
2026-08-20,Humira,2.08,20:12:25,2,8,0.0
2026-08-20,Humira,11.75,20:12:55,2,8,63.61
2026-08-20,Humira,2.4,20:13:25,2,8,0.0
2026-08-20,Humira,12.23,20:13:55,2,8,63.64
2026-08-20,Humira,9.34,20:14:25,2,8,63.65
2026-08-20,Humira,15.04,20:14:55,2,8,63.66
2026-08-20,Humira,6.51,20:15:25,2,8,0.0
2026-08-20,Humira,12.48,20:15:55,2,8,63.68
2026-08-20,Humira,6.77,20:16:25,2,8,0.0
2026-08-20,Humira,15.64,20:16:55,2,8,63.7
2026-08-20,Humira,18.0,20:17:25,2,8,63.71
2026-08-20,Humira,10.87,20:17:55,2,8,63.72
2026-08-20,Humira,9.86,20:18:25,2,8,63.73
2026-08-20,Humira,4.06,20:18:55,2,8,0.0
2026-08-20,Humira,15.84,20:19:25,2,8,63.75
2026-08-20,Humira,12.01,20:19:55,2,8,63.77
2026-08-20,Humira,14.05,20:20:25,2,8,63.78
2026-08-20,Humira,9.73,20:20:55,2,8,63.79
2026-08-20,Humira,4.17,20:21:25,2,8,0.0
2026-08-20,Humira,12.05,20:21:55,2,8,63.81
2026-08-20,Humira,10.29,20:22:25,2,8,63.82
2026-08-20,Humira,2.21,20:22:55,2,8,0.0
2026-08-20,Humira,15.78,20:23:25,2,8,63.84
2026-08-20,Humira,9.56,20:23:55,2,8,63.85
2026-08-20,Humira,10.66,20:24:25,2,8,63.86
2026-08-20,Humira,11.76,20:24:55,2,8,63.87
2026-08-20,Humira,4.34,20:25:25,2,8,0.0
2026-08-20,Humira,10.37,20:25:55,2,8,63.9
2026-08-20,Humira,9.63,20:26:25,2,8,63.91
2026-08-20,Humira,17.94,20:26:55,2,8,63.92
2026-08-20,Humira,3.56,20:27:25,2,8,0.0
2026-08-20,Humira,2.25,20:27:55,2,8,0.0
2026-08-20,Humira,5.8,20:28:25,2,8,0.0
2026-08-20,Humira,17.11,20:28:55,2,8,63.96
2026-08-20,Humira,17.3,20:29:25,2,8,63.97
2026-08-20,Humira,13.56,20:29:55,2,8,63.98
2026-08-20,Humira,13.22,20:30:25,2,8,63.99
2026-08-20,Humira,12.8,20:30:55,2,8,64.0
2026-08-20,Humira,16.31,20:31:25,2,8,64.01
2026-08-20,Humira,4.68,20:31:55,2,8,0.0
2026-08-20,Humira,17.78,20:32:25,2,8,64.04
2026-08-20,Humira,14.85,20:32:55,2,8,64.05
2026-08-20,Humira,17.15,20:33:25,2,8,64.06
2026-08-20,Humira,7.88,20:33:55,2,8,0.0
2026-08-20,Humira,17.67,20:34:25,2,8,64.08
2026-08-20,Humira,12.97,20:34:55,2,8,64.09
2026-08-20,Humira,12.23,20:35:25,2,8,64.1
2026-08-20,Humira,11.02,20:35:55,2,8,64.11
2026-08-20,Humira,15.51,20:36:25,2,8,64.12
2026-08-20,Humira,16.4,20:36:55,2,8,64.13
2026-08-20,Humira,17.13,20:37:25,2,8,64.14
2026-08-20,Humira,12.35,20:37:55,2,8,64.16
2026-08-20,Humira,3.65,20:38:25,2,8,0.0
2026-08-20,Humira,15.23,20:38:55,2,8,64.18
2026-08-20,Humira,16.5,20:39:25,2,8,64.19
2026-08-20,Humira,15.58,20:39:55,2,8,64.2
2026-08-20,Humira,6.47,20:40:25,2,8,0.0
2026-08-20,Humira,13.71,20:40:55,2,8,64.22
2026-08-20,Humira,12.47,20:41:25,2,8,64.23
2026-08-20,Humira,6.69,20:41:55,2,8,0.0
2026-08-20,Humira,9.32,20:42:25,2,8,64.25
2026-08-20,Humira,9.22,20:42:55,2,8,64.26
2026-08-20,Humira,17.17,20:43:25,2,8,64.27
2026-08-20,Humira,17.97,20:43:55,2,8,64.29
2026-08-20,Humira,9.93,20:44:25,2,8,64.3
2026-08-20,Humira,10.25,20:44:55,2,8,64.31
2026-08-20,Humira,15.16,20:45:25,2,8,64.32
2026-08-20,Humira,15.62,20:45:55,2,8,64.33
2026-08-20,Humira,14.89,20:46:25,2,8,64.34
2026-08-20,Humira,14.34,20:46:55,2,8,64.35
2026-08-20,Humira,5.26,20:47:25,2,8,0.0
2026-08-20,Humira,10.18,20:47:55,2,8,64.37
2026-08-20,Humira,2.49,20:48:25,2,8,0.0
2026-08-20,Humira,11.04,20:48:55,2,8,64.39
2026-08-20,Humira,2.46,20:49:25,2,8,0.0
2026-08-20,Humira,17.82,20:49:55,2,8,64.41
2026-08-20,Humira,14.11,20:50:25,2,8,64.43
2026-08-20,Humira,9.73,20:50:55,2,8,64.44
2026-08-20,Humira,16.02,20:51:25,2,8,64.45
2026-08-20,Humira,15.47,20:51:55,2,8,64.46
2026-08-20,Humira,11.97,20:52:25,2,8,64.47
2026-08-20,Humira,15.18,20:52:55,2,8,64.48
2026-08-20,Humira,15.64,20:53:25,2,8,64.49
2026-08-20,Humira,6.41,20:53:55,2,8,0.0
2026-08-20,Humira,15.64,20:54:25,2,8,64.51
2026-08-20,Humira,7.92,20:54:55,2,8,0.0
2026-08-20,Humira,15.77,20:55:25,2,8,64.53
2026-08-20,Humira,12.4,20:55:55,2,8,64.55
2026-08-20,Humira,11.18,20:56:25,2,8,64.56
2026-08-20,Humira,17.7,20:56:55,2,8,64.57
2026-08-20,Humira,10.16,20:57:25,2,8,64.58
2026-08-20,Humira,9.4,20:57:55,2,8,64.59
2026-08-20,Humira,17.46,20:58:25,2,8,64.6
2026-08-20,Humira,9.07,20:58:55,2,8,64.61
2026-08-20,Humira,9.3,20:59:25,2,8,64.62
2026-08-20,Humira,17.19,20:59:55,2,8,64.63
2026-08-20,Humira,13.28,21:00:25,2,8,64.64
2026-08-20,Humira,17.7,21:00:55,2,8,64.65
2026-08-20,Humira,13.31,21:01:25,2,8,64.66
2026-08-20,Humira,15.26,21:01:55,2,8,64.67
2026-08-20,Humira,10.35,21:02:25,2,8,64.69
2026-08-20,Humira,15.64,21:02:55,2,8,64.7
2026-08-20,Humira,10.92,21:03:25,2,8,64.71
2026-08-20,Humira,10.01,21:03:55,2,8,64.72
2026-08-20,Humira,15.06,21:04:25,2,8,64.73
2026-08-20,Humira,11.37,21:04:55,2,8,64.74
2026-08-20,Humira,16.6,21:05:25,2,8,64.75
2026-08-20,Humira,12.58,21:05:55,2,8,64.76
2026-08-20,Humira,2.42,21:06:25,2,8,0.0
2026-08-20,Humira,3.32,21:06:55,2,8,0.0
2026-08-20,Humira,16.67,21:07:25,2,8,64.79
2026-08-20,Humira,9.86,21:07:55,2,8,64.81
2026-08-20,Humira,15.5,21:08:25,2,8,64.82
2026-08-20,Humira,11.37,21:08:55,2,8,64.83
2026-08-20,Humira,10.63,21:09:25,2,8,64.84
2026-08-20,Humira,10.22,21:09:55,2,8,64.85
2026-08-20,Humira,9.26,21:10:25,2,8,64.86
2026-08-20,Humira,2.67,21:10:55,2,8,0.0
2026-08-20,Humira,11.12,21:11:25,2,8,64.88
2026-08-20,Humira,6.84,21:11:55,2,8,0.0
2026-08-20,Humira,11.01,21:12:25,2,8,64.9
2026-08-20,Humira,3.42,21:12:55,2,8,0.0
2026-08-20,Humira,5.35,21:13:25,2,8,0.0
2026-08-20,Humira,14.15,21:13:55,2,8,64.94
2026-08-20,Humira,5.26,21:14:25,2,8,0.0
2026-08-20,Humira,2.16,21:14:55,2,8,0.0
2026-08-20,Humira,3.24,21:15:25,2,8,0.0
2026-08-20,Humira,13.06,21:15:55,2,8,64.98
2026-08-20,Humira,10.7,21:16:25,2,8,64.99
2026-08-20,Humira,9.07,21:16:55,2,8,65.0
2026-08-20,Humira,12.14,21:17:25,2,8,65.01
2026-08-20,Humira,10.1,21:17:55,2,8,65.02
2026-08-20,Humira,11.47,21:18:25,2,8,65.03
2026-08-20,Humira,2.27,21:18:55,2,8,0.0
2026-08-20,Humira,13.67,21:19:25,2,8,65.05
2026-08-20,Humira,6.92,21:19:55,2,8,0.0
2026-08-20,Humira,14.15,21:20:25,2,8,65.08
2026-08-20,Humira,12.48,21:20:55,2,8,65.09
2026-08-20,Humira,14.4,21:21:25,2,8,65.1
2026-08-20,Humira,15.58,21:21:55,2,8,65.11
2026-08-20,Humira,10.49,21:22:25,2,8,65.12
2026-08-20,Humira,17.41,21:22:55,2,8,65.13
2026-08-20,Humira,14.21,21:23:25,2,8,65.14
2026-08-20,Humira,12.01,21:23:55,2,8,65.15
2026-08-20,Humira,12.11,21:24:25,2,8,65.16
2026-08-20,Humira,10.43,21:24:55,2,8,65.17
2026-08-20,Humira,17.06,21:25:25,2,8,65.18
2026-08-20,Humira,9.27,21:25:55,2,8,65.2
2026-08-20,Humira,9.45,21:26:25,2,8,65.21
2026-08-20,Humira,10.94,21:26:55,2,8,65.22
2026-08-20,Humira,4.0,21:27:25,2,8,0.0
2026-08-20,Humira,11.13,21:27:55,2,8,65.24
2026-08-20,Humira,6.97,21:28:25,2,8,0.0
2026-08-20,Humira,14.89,21:28:55,2,8,65.26
2026-08-20,Humira,14.27,21:29:25,2,8,65.27
2026-08-20,Humira,2.71,21:29:55,2,8,0.0
2026-08-20,Humira,9.04,21:30:25,2,8,65.29
2026-08-20,Humira,10.26,21:30:55,2,8,65.3
2026-08-20,Humira,10.82,21:31:25,2,8,65.31
2026-08-20,Humira,16.36,21:31:55,2,8,65.33
2026-08-20,Humira,11.41,21:32:25,2,8,65.34
2026-08-20,Humira,13.63,21:32:55,2,8,65.35
2026-08-20,Humira,13.68,21:33:25,2,8,65.36
2026-08-20,Humira,10.9,21:33:55,2,8,65.37
2026-08-20,Humira,14.45,21:34:25,2,8,65.38
2026-08-20,Humira,15.34,21:34:55,2,8,65.39
2026-08-20,Humira,3.51,21:35:25,2,8,0.0
2026-08-20,Humira,10.35,21:35:55,2,8,65.41
2026-08-20,Humira,15.52,21:36:25,2,8,65.42
2026-08-20,Humira,12.73,21:36:55,2,8,65.43
2026-08-20,Humira,16.94,21:37:25,2,8,65.44
2026-08-20,Humira,6.58,21:37:55,2,8,0.0
2026-08-20,Humira,3.8,21:38:25,2,8,0.0
2026-08-20,Humira,5.75,21:38:55,2,8,0.0
2026-08-20,Humira,14.5,21:39:25,2,8,65.49
2026-08-20,Humira,17.75,21:39:55,2,8,65.5
2026-08-20,Humira,13.25,21:40:25,2,8,65.51
2026-08-20,Humira,4.46,21:40:55,2,8,0.0
2026-08-20,Humira,12.02,21:41:25,2,8,65.53
2026-08-20,Humira,9.05,21:41:55,2,8,65.54
2026-08-20,Humira,2.78,21:42:25,2,8,0.0
2026-08-20,Humira,11.71,21:42:55,2,8,65.56
2026-08-20,Humira,14.88,21:43:25,2,8,65.57
2026-08-20,Humira,16.99,21:43:55,2,8,65.59
2026-08-20,Humira,16.67,21:44:25,2,8,65.6
2026-08-20,Humira,13.45,21:44:55,2,8,65.61
2026-08-20,Humira,15.18,21:45:25,2,8,65.62
2026-08-20,Humira,9.76,21:45:55,2,8,65.63
2026-08-20,Humira,12.17,21:46:25,2,8,65.64
2026-08-20,Humira,17.91,21:46:55,2,8,65.65
2026-08-20,Humira,16.57,21:47:25,2,8,65.66
2026-08-20,Humira,6.8,21:47:55,2,8,0.0
2026-08-20,Humira,7.17,21:48:25,2,8,0.0
2026-08-20,Humira,16.49,21:48:55,2,8,65.69
2026-08-20,Humira,17.34,21:49:25,2,8,65.7
2026-08-20,Humira,14.01,21:49:55,2,8,65.72
2026-08-20,Humira,11.23,21:50:25,2,8,65.73
2026-08-20,Humira,4.34,21:50:55,2,8,0.0
2026-08-20,Humira,17.19,21:51:25,2,8,65.75
2026-08-20,Humira,17.92,21:51:55,2,8,65.76
2026-08-20,Humira,13.85,21:52:25,2,8,65.77
2026-08-20,Humira,2.71,21:52:55,2,8,0.0
2026-08-20,Humira,9.8,21:53:25,2,8,65.79
2026-08-20,Humira,11.04,21:53:55,2,8,65.8
2026-08-20,Humira,10.48,21:54:25,2,8,65.81
2026-08-20,Humira,4.16,21:54:55,2,8,0.0
2026-08-20,Humira,13.49,21:55:25,2,8,65.83
2026-08-20,Humira,5.42,21:55:55,2,8,0.0
2026-08-20,Humira,12.93,21:56:25,2,8,65.86
2026-08-20,Humira,7.07,21:56:55,2,8,0.0
2026-08-20,Humira,14.93,21:57:25,2,8,65.88
2026-08-20,Humira,14.05,21:57:55,2,8,65.89
2026-08-20,Humira,7.03,21:58:25,2,8,0.0
2026-08-20,Humira,4.34,21:58:55,2,8,0.0
2026-08-20,Humira,9.33,21:59:25,2,8,65.92
2026-08-20,Humira,6.77,21:59:55,2,8,0.0
2026-08-20,Humira,16.34,22:00:25,2,8,65.94
2026-08-20,Humira,9.41,22:00:55,2,8,65.95
2026-08-20,Humira,3.41,22:01:25,2,8,0.0
2026-08-20,Humira,17.82,22:01:55,2,8,65.98
2026-08-20,Humira,7.25,22:02:25,2,8,0.0
2026-08-20,Humira,10.96,22:02:55,2,8,66.0
2026-08-20,Humira,13.22,22:03:25,2,8,66.01
2026-08-20,Humira,13.61,22:03:55,2,8,66.02
2026-08-20,Humira,11.05,22:04:25,2,8,66.03
2026-08-20,Humira,17.1,22:04:55,2,8,66.04
2026-08-20,Humira,15.08,22:05:25,2,8,66.05
2026-08-20,Humira,17.83,22:05:55,2,8,66.06
2026-08-20,Humira,13.25,22:06:25,2,8,66.07
2026-08-20,Humira,12.03,22:06:55,2,8,66.08
2026-08-20,Humira,17.0,22:07:25,2,8,66.09
2026-08-20,Humira,9.65,22:07:55,2,8,66.11
2026-08-20,Humira,9.56,22:08:25,2,8,66.12
2026-08-20,Humira,12.05,22:08:55,2,8,66.13
2026-08-20,Humira,2.16,22:09:25,2,8,0.0
2026-08-20,Humira,7.99,22:09:55,2,8,0.0
2026-08-20,Humira,14.85,22:10:25,2,8,66.16
2026-08-20,Humira,11.86,22:10:55,2,8,66.17
2026-08-20,Humira,3.64,22:11:25,2,8,0.0
2026-08-20,Humira,6.66,22:11:55,2,8,0.0
2026-08-20,Humira,6.82,22:12:25,2,8,0.0
2026-08-20,Humira,14.48,22:12:55,2,8,66.21
2026-08-20,Humira,11.32,22:13:25,2,8,66.22
2026-08-20,Humira,7.7,22:13:55,2,8,0.0
2026-08-20,Humira,10.2,22:14:25,2,8,66.25
2026-08-20,Humira,6.99,22:14:55,2,8,0.0
2026-08-20,Humira,7.1,22:15:25,2,8,0.0
2026-08-20,Humira,3.89,22:15:55,2,8,0.0
2026-08-20,Humira,17.32,22:16:25,2,8,66.29
2026-08-20,Humira,14.15,22:16:55,2,8,66.3
2026-08-20,Humira,15.66,22:17:25,2,8,66.31
2026-08-20,Humira,2.7,22:17:55,2,8,0.0
2026-08-20,Humira,13.09,22:18:25,2,8,66.33
2026-08-20,Humira,17.59,22:18:55,2,8,66.34
2026-08-20,Humira,10.29,22:19:25,2,8,66.35
2026-08-20,Humira,13.49,22:19:55,2,8,66.36
2026-08-20,Humira,13.0,22:20:25,2,8,66.38
2026-08-20,Humira,9.68,22:20:55,2,8,66.39
2026-08-20,Humira,6.67,22:21:25,2,8,0.0
2026-08-20,Humira,9.25,22:21:55,2,8,66.41
2026-08-20,Humira,14.33,22:22:25,2,8,66.42
2026-08-20,Humira,14.02,22:22:55,2,8,66.43
2026-08-20,Humira,9.72,22:23:25,2,8,66.44
2026-08-20,Humira,11.25,22:23:55,2,8,66.45
2026-08-20,Humira,13.95,22:24:25,2,8,66.46
2026-08-20,Humira,11.97,22:24:55,2,8,66.47
2026-08-20,Humira,13.75,22:25:25,2,8,66.48
2026-08-20,Humira,16.25,22:25:55,2,8,66.5
2026-08-20,Humira,15.3,22:26:25,2,8,66.51
2026-08-20,Humira,3.44,22:26:55,2,8,0.0
2026-08-20,Humira,15.33,22:27:25,2,8,66.53
2026-08-20,Humira,10.2,22:27:55,2,8,66.54
2026-08-20,Humira,10.79,22:28:25,2,8,66.55
2026-08-20,Humira,16.18,22:28:55,2,8,66.56
2026-08-20,Humira,10.02,22:29:25,2,8,66.57
2026-08-20,Humira,10.62,22:29:55,2,8,66.58
2026-08-20,Humira,13.11,22:30:25,2,8,66.59
2026-08-20,Humira,14.45,22:30:55,2,8,66.6
2026-08-20,Humira,10.1,22:31:25,2,8,66.61
2026-08-20,Humira,15.81,22:31:55,2,8,66.62
2026-08-20,Humira,17.01,22:32:25,2,8,66.64
2026-08-20,Humira,3.2,22:32:55,2,8,0.0
2026-08-20,Humira,5.96,22:33:25,2,8,0.0
2026-08-20,Humira,4.59,22:33:55,2,8,0.0
2026-08-20,Humira,4.93,22:34:25,2,8,0.0
2026-08-20,Humira,14.09,22:34:55,2,8,66.69
2026-08-20,Humira,10.16,22:35:25,2,8,66.7
2026-08-20,Humira,14.57,22:35:55,2,8,66.71
2026-08-20,Humira,16.1,22:36:25,2,8,66.72
2026-08-20,Humira,11.7,22:36:55,2,8,66.73
2026-08-20,Humira,11.75,22:37:25,2,8,66.74
2026-08-20,Humira,11.17,22:37:55,2,8,66.76
2026-08-20,Humira,13.27,22:38:25,2,8,66.77
2026-08-20,Humira,12.9,22:38:55,2,8,66.78
2026-08-20,Humira,7.1,22:39:25,2,8,0.0
2026-08-20,Humira,12.35,22:39:55,2,8,66.8
2026-08-20,Humira,15.84,22:40:25,2,8,66.81
2026-08-20,Humira,2.78,22:40:55,2,8,0.0
2026-08-20,Humira,14.0,22:41:25,2,8,66.83
2026-08-20,Humira,14.19,22:41:55,2,8,66.84
2026-08-20,Humira,13.88,22:42:25,2,8,66.85
2026-08-20,Humira,4.13,22:42:55,2,8,0.0
2026-08-20,Humira,7.8,22:43:25,2,8,0.0
2026-08-20,Humira,13.93,22:43:55,2,8,66.89
2026-08-20,Humira,12.62,22:44:25,2,8,66.9
2026-08-20,Humira,6.99,22:44:55,2,8,0.0
2026-08-20,Humira,11.46,22:45:25,2,8,66.92
2026-08-20,Humira,9.77,22:45:55,2,8,66.93
2026-08-20,Humira,12.62,22:46:25,2,8,66.94
2026-08-20,Humira,16.97,22:46:55,2,8,66.95
2026-08-20,Humira,4.29,22:47:25,2,8,0.0
2026-08-20,Humira,11.35,22:47:55,2,8,66.97
2026-08-20,Humira,4.51,22:48:25,2,8,0.0
2026-08-20,Humira,14.0,22:48:55,2,8,66.99
2026-08-20,Humira,9.72,22:49:25,2,8,67.0
2026-08-20,Humira,4.49,22:49:55,2,8,0.0
2026-08-20,Humira,7.54,22:50:25,2,8,0.0
2026-08-20,Humira,14.97,22:50:55,2,8,67.04
2026-08-20,Humira,13.6,22:51:25,2,8,67.05
2026-08-20,Humira,5.27,22:51:55,2,8,0.0
2026-08-20,Humira,12.03,22:52:25,2,8,67.07
2026-08-20,Humira,14.99,22:52:55,2,8,67.08
2026-08-20,Humira,5.3,22:53:25,2,8,0.0
2026-08-20,Humira,14.75,22:53:55,2,8,67.1
2026-08-20,Humira,10.33,22:54:25,2,8,67.11
2026-08-20,Humira,16.66,22:54:55,2,8,67.12
2026-08-20,Humira,6.69,22:55:25,2,8,0.0
2026-08-20,Humira,4.57,22:55:55,2,8,0.0
2026-08-20,Humira,13.11,22:56:25,2,8,67.16
2026-08-20,Humira,6.91,22:56:55,2,8,0.0
2026-08-20,Humira,11.67,22:57:25,2,8,67.18
2026-08-20,Humira,12.58,22:57:55,2,8,67.19
2026-08-20,Humira,15.62,22:58:25,2,8,67.2
2026-08-20,Humira,3.8,22:58:55,2,8,0.0
2026-08-20,Humira,13.21,22:59:25,2,8,67.22
2026-08-20,Humira,10.76,22:59:55,2,8,67.23
2026-08-20,Humira,12.59,23:00:25,2,8,67.24
2026-08-20,Humira,10.96,23:00:55,2,8,67.25
2026-08-20,Humira,9.95,23:01:25,2,8,67.26
2026-08-20,Humira,14.06,23:01:55,2,8,67.28
2026-08-20,Humira,7.92,23:02:25,2,8,0.0
2026-08-20,Humira,16.28,23:02:55,2,8,67.3
2026-08-20,Humira,14.01,23:03:25,2,8,67.31
2026-08-20,Humira,14.27,23:03:55,2,8,67.32
2026-08-20,Humira,17.42,23:04:25,2,8,67.33
2026-08-20,Humira,3.85,23:04:55,2,8,0.0
2026-08-20,Humira,4.71,23:05:25,2,8,0.0
2026-08-20,Humira,13.36,23:05:55,2,8,67.36
2026-08-20,Humira,13.54,23:06:25,2,8,67.37
2026-08-20,Humira,13.64,23:06:55,2,8,67.38
2026-08-20,Humira,13.18,23:07:25,2,8,67.39
2026-08-20,Humira,12.13,23:07:55,2,8,67.41
2026-08-20,Humira,7.26,23:08:25,2,8,0.0
2026-08-20,Humira,14.88,23:08:55,2,8,67.43
2026-08-20,Humira,10.47,23:09:25,2,8,67.44
2026-08-20,Humira,17.04,23:09:55,2,8,67.45
2026-08-20,Humira,10.1,23:10:25,2,8,67.46
2026-08-20,Humira,9.39,23:10:55,2,8,67.47
2026-08-20,Humira,12.19,23:11:25,2,8,67.48
2026-08-20,Humira,11.71,23:11:55,2,8,67.49
2026-08-20,Humira,17.24,23:12:25,2,8,67.5
2026-08-20,Humira,13.31,23:12:55,2,8,67.51
2026-08-20,Humira,15.98,23:13:25,2,8,67.52
2026-08-20,Humira,10.68,23:13:55,2,8,67.54
2026-08-20,Humira,9.17,23:14:25,2,8,67.55
2026-08-20,Humira,12.84,23:14:55,2,8,67.56
2026-08-20,Humira,14.87,23:15:25,2,8,67.57
2026-08-20,Humira,9.19,23:15:55,2,8,67.58
2026-08-20,Humira,14.85,23:16:25,2,8,67.59
2026-08-20,Humira,16.1,23:16:55,2,8,67.6
2026-08-20,Humira,11.33,23:17:25,2,8,67.61
2026-08-20,Humira,13.69,23:17:55,2,8,67.62
2026-08-20,Humira,15.89,23:18:25,2,8,67.63
2026-08-20,Humira,10.66,23:18:55,2,8,67.64
2026-08-20,Humira,14.74,23:19:25,2,8,67.65
2026-08-20,Humira,12.75,23:19:55,2,8,67.66
2026-08-20,Humira,11.14,23:20:25,2,8,67.68
2026-08-20,Humira,16.64,23:20:55,2,8,67.69
2026-08-20,Humira,13.02,23:21:25,2,8,67.7
2026-08-20,Humira,15.42,23:21:55,2,8,67.71
2026-08-20,Humira,14.07,23:22:25,2,8,67.72
2026-08-20,Humira,5.76,23:22:55,2,8,0.0
2026-08-20,Humira,10.11,23:23:25,2,8,67.74
2026-08-20,Humira,10.86,23:23:55,2,8,67.75
2026-08-20,Humira,13.19,23:24:25,2,8,67.76
2026-08-20,Humira,15.34,23:24:55,2,8,67.77
2026-08-20,Humira,11.61,23:25:25,2,8,67.78
2026-08-20,Humira,9.04,23:25:55,2,8,67.8
2026-08-20,Humira,11.09,23:26:25,2,8,67.81
2026-08-20,Humira,10.02,23:26:55,2,8,67.82
2026-08-20,Humira,12.81,23:27:25,2,8,67.83
2026-08-20,Humira,16.91,23:27:55,2,8,67.84
2026-08-20,Humira,13.68,23:28:25,2,8,67.85
2026-08-20,Humira,15.85,23:28:55,2,8,67.86
2026-08-20,Humira,9.26,23:29:25,2,8,67.87
2026-08-20,Humira,13.12,23:29:55,2,8,67.88
2026-08-20,Humira,6.46,23:30:25,2,8,0.0
2026-08-20,Humira,3.97,23:30:55,2,8,0.0
2026-08-20,Humira,11.43,23:31:25,2,8,67.91
2026-08-20,Humira,4.75,23:31:55,2,8,0.0
2026-08-20,Humira,16.56,23:32:25,2,8,67.94
2026-08-20,Humira,9.9,23:32:55,2,8,67.95
2026-08-20,Humira,14.21,23:33:25,2,8,67.96
2026-08-20,Humira,6.25,23:33:55,2,8,0.0
2026-08-20,Humira,15.97,23:34:25,2,8,67.98
2026-08-20,Humira,11.23,23:34:55,2,8,67.99
2026-08-20,Humira,4.49,23:35:25,2,8,0.0
2026-08-20,Humira,4.6,23:35:55,2,8,0.0
2026-08-20,Humira,11.74,23:36:25,2,8,68.02
2026-08-20,Humira,16.17,23:36:55,2,8,68.03
2026-08-20,Humira,3.76,23:37:25,2,8,0.0
2026-08-20,Humira,17.01,23:37:55,2,8,68.06
2026-08-20,Humira,9.66,23:38:25,2,8,68.07
2026-08-20,Humira,14.7,23:38:55,2,8,68.08
2026-08-20,Humira,10.78,23:39:25,2,8,68.09
2026-08-20,Humira,17.88,23:39:55,2,8,68.1
2026-08-20,Humira,6.39,23:40:25,2,8,0.0
2026-08-20,Humira,9.17,23:40:55,2,8,68.12
2026-08-20,Humira,4.16,23:41:25,2,8,0.0
2026-08-20,Humira,12.56,23:41:55,2,8,68.14
2026-08-20,Humira,3.83,23:42:25,2,8,0.0
2026-08-20,Humira,10.67,23:42:55,2,8,68.16
2026-08-20,Humira,16.27,23:43:25,2,8,68.17
2026-08-20,Humira,16.52,23:43:55,2,8,68.19
2026-08-20,Humira,13.4,23:44:25,2,8,68.2
2026-08-20,Humira,11.73,23:44:55,2,8,68.21
2026-08-20,Humira,3.33,23:45:25,2,8,0.0
2026-08-20,Humira,9.38,23:45:55,2,8,68.23
2026-08-20,Humira,14.84,23:46:25,2,8,68.24
2026-08-20,Humira,15.71,23:46:55,2,8,68.25
2026-08-20,Humira,10.84,23:47:25,2,8,68.26
2026-08-20,Humira,14.75,23:47:55,2,8,68.27
2026-08-20,Humira,10.88,23:48:25,2,8,68.28
2026-08-20,Humira,10.64,23:48:55,2,8,68.29
2026-08-20,Humira,17.54,23:49:25,2,8,68.3
2026-08-20,Humira,3.77,23:49:55,2,8,0.0
2026-08-20,Humira,6.54,23:50:25,2,8,0.0
2026-08-20,Humira,13.94,23:50:55,2,8,68.34
2026-08-20,Humira,12.62,23:51:25,2,8,68.35
2026-08-20,Humira,11.83,23:51:55,2,8,68.36
2026-08-20,Humira,7.41,23:52:25,2,8,0.0
2026-08-20,Humira,16.94,23:52:55,2,8,68.38
2026-08-20,Humira,11.73,23:53:25,2,8,68.39
2026-08-20,Humira,11.49,23:53:55,2,8,68.4
2026-08-20,Humira,12.82,23:54:25,2,8,68.41
2026-08-20,Humira,17.51,23:54:55,2,8,68.42
2026-08-20,Humira,15.36,23:55:25,2,8,68.43
2026-08-20,Humira,15.82,23:55:55,2,8,68.45
2026-08-20,Humira,3.37,23:56:25,2,8,0.0
2026-08-20,Humira,14.89,23:56:55,2,8,68.47
2026-08-20,Humira,17.51,23:57:25,2,8,68.48
2026-08-20,Humira,14.14,23:57:55,2,8,68.49
2026-08-20,Humira,13.33,23:58:25,2,8,68.5
2026-08-20,Humira,9.23,23:58:55,2,8,68.51
2026-08-20,Humira,10.89,23:59:25,2,8,68.52
2026-08-20,Humira,5.47,23:59:55,2,8,0.0
2026-08-20,Humira,11.5,00:00:25,2,8,68.54
2026-08-20,Humira,10.82,00:00:55,2,8,68.55
2026-08-20,Humira,11.9,00:01:25,2,8,68.56
2026-08-20,Humira,4.41,00:01:55,2,8,0.0
2026-08-20,Humira,16.01,00:02:25,2,8,68.59
2026-08-20,Humira,15.11,00:02:55,2,8,68.6
2026-08-20,Humira,15.51,00:03:25,2,8,68.61
2026-08-20,Humira,16.17,00:03:55,2,8,68.62
2026-08-20,Humira,3.76,00:04:25,2,8,0.0
2026-08-20,Humira,12.07,00:04:55,2,8,68.64
2026-08-20,Humira,7.89,00:05:25,2,8,0.0
2026-08-20,Humira,4.52,00:05:55,2,8,0.0
2026-08-20,Humira,13.88,00:06:25,2,8,68.67
2026-08-20,Humira,5.06,00:06:55,2,8,0.0
2026-08-20,Humira,17.36,00:07:25,2,8,68.69
2026-08-20,Humira,17.37,00:07:55,2,8,68.7
2026-08-20,Humira,12.05,00:08:25,2,8,68.72
2026-08-20,Humira,7.03,00:08:55,2,8,0.0
2026-08-20,Humira,13.31,00:09:25,2,8,68.74
2026-08-20,Humira,11.37,00:09:55,2,8,68.75
2026-08-20,Humira,9.71,00:10:25,2,8,68.76
2026-08-20,Humira,16.2,00:10:55,2,8,68.77
2026-08-20,Humira,9.55,00:11:25,2,8,68.78
2026-08-20,Humira,10.61,00:11:55,2,8,68.79
2026-08-20,Humira,13.13,00:12:25,2,8,68.8
2026-08-20,Humira,14.16,00:12:55,2,8,68.81
2026-08-20,Humira,5.01,00:13:25,2,8,0.0
2026-08-20,Humira,14.08,00:13:55,2,8,68.84
2026-08-20,Humira,14.58,00:14:25,2,8,68.85
2026-08-20,Humira,16.15,00:14:55,2,8,68.86
2026-08-20,Humira,6.61,00:15:25,2,8,0.0
2026-08-20,Humira,12.1,00:15:55,2,8,68.88
2026-08-20,Humira,12.47,00:16:25,2,8,68.89
2026-08-20,Humira,9.14,00:16:55,2,8,68.9
2026-08-20,Humira,14.72,00:17:25,2,8,68.91
2026-08-20,Humira,16.48,00:17:55,2,8,68.92
2026-08-20,Humira,10.7,00:18:25,2,8,68.93
2026-08-20,Humira,11.24,00:18:55,2,8,68.94
2026-08-20,Humira,16.32,00:19:25,2,8,68.95
2026-08-20,Humira,11.55,00:19:55,2,8,68.97
2026-08-20,Humira,6.92,00:20:25,2,8,0.0
2026-08-20,Humira,17.48,00:20:55,2,8,68.99
2026-08-20,Humira,3.09,00:21:25,2,8,0.0
2026-08-20,Humira,11.96,00:21:55,2,8,69.01
2026-08-20,Humira,15.37,00:22:25,2,8,69.02
2026-08-20,Humira,16.67,00:22:55,2,8,69.03
2026-08-20,Humira,4.68,00:23:25,2,8,0.0
2026-08-20,Humira,16.05,00:23:55,2,8,69.05
2026-08-20,Humira,10.27,00:24:25,2,8,69.06
2026-08-20,Humira,11.95,00:24:55,2,8,69.07
2026-08-20,Humira,12.12,00:25:25,2,8,69.08
2026-08-20,Humira,16.94,00:25:55,2,8,69.09
2026-08-20,Humira,14.4,00:26:25,2,8,69.11
2026-08-20,Humira,12.24,00:26:55,2,8,69.12
2026-08-20,Humira,4.66,00:27:25,2,8,0.0
2026-08-20,Humira,15.29,00:27:55,2,8,69.14
2026-08-20,Humira,17.23,00:28:25,2,8,69.15
2026-08-20,Humira,4.22,00:28:55,2,8,0.0
2026-08-20,Humira,16.15,00:29:25,2,8,69.17
2026-08-20,Humira,13.85,00:29:55,2,8,69.18
2026-08-20,Humira,12.11,00:30:25,2,8,69.19
2026-08-20,Humira,12.35,00:30:55,2,8,69.2
2026-08-20,Humira,2.98,00:31:25,2,8,0.0
2026-08-20,Humira,11.86,00:31:55,2,8,69.23
2026-08-20,Humira,6.44,00:32:25,2,8,0.0
2026-08-20,Humira,11.59,00:32:55,2,8,69.25
2026-08-20,Humira,13.03,00:33:25,2,8,69.26
2026-08-20,Humira,17.05,00:33:55,2,8,69.27
2026-08-20,Humira,15.08,00:34:25,2,8,69.28
2026-08-20,Humira,4.63,00:34:55,2,8,0.0
2026-08-20,Humira,14.44,00:35:25,2,8,69.3
2026-08-20,Humira,11.15,00:35:55,2,8,69.31
2026-08-20,Humira,7.11,00:36:25,2,8,0.0
2026-08-20,Humira,6.45,00:36:55,2,8,0.0
2026-08-20,Humira,15.72,00:37:25,2,8,69.34
2026-08-20,Humira,5.9,00:37:55,2,8,0.0
2026-08-20,Humira,13.66,00:38:25,2,8,69.37
2026-08-20,Humira,6.39,00:38:55,2,8,0.0
2026-08-20,Humira,11.83,00:39:25,2,8,69.39
2026-08-20,Humira,9.7,00:39:55,2,8,69.4
2026-08-20,Humira,14.84,00:40:25,2,8,69.41
2026-08-20,Humira,17.43,00:40:55,2,8,69.42
2026-08-20,Humira,14.04,00:41:25,2,8,69.43
2026-08-20,Humira,16.31,00:41:55,2,8,69.44
2026-08-20,Humira,17.86,00:42:25,2,8,69.45
2026-08-20,Humira,17.02,00:42:55,2,8,69.46
2026-08-20,Humira,15.79,00:43:25,2,8,69.47
2026-08-20,Humira,14.7,00:43:55,2,8,69.48
2026-08-20,Humira,3.47,00:44:25,2,8,0.0
2026-08-20,Humira,12.35,00:44:55,2,8,69.51
2026-08-20,Humira,15.23,00:45:25,2,8,69.52
2026-08-20,Humira,13.31,00:45:55,2,8,69.53
2026-08-20,Humira,5.96,00:46:25,2,8,0.0
2026-08-20,Humira,12.77,00:46:55,2,8,69.55
2026-08-20,Humira,17.28,00:47:25,2,8,69.56
2026-08-20,Humira,4.74,00:47:55,2,8,0.0
2026-08-20,Humira,16.38,00:48:25,2,8,69.58
2026-08-20,Humira,11.88,00:48:55,2,8,69.59
2026-08-20,Humira,2.73,00:49:25,2,8,0.0
2026-08-20,Humira,12.28,00:49:55,2,8,69.61
2026-08-20,Humira,11.6,00:50:25,2,8,69.63
2026-08-20,Humira,14.08,00:50:55,2,8,69.64
2026-08-20,Humira,14.65,00:51:25,2,8,69.65
2026-08-20,Humira,17.16,00:51:55,2,8,69.66
2026-08-20,Humira,5.56,00:52:25,2,8,0.0
2026-08-20,Humira,16.03,00:52:55,2,8,69.68
2026-08-20,Humira,4.05,00:53:25,2,8,0.0
2026-08-20,Humira,9.02,00:53:55,2,8,69.7
2026-08-20,Humira,12.71,00:54:25,2,8,69.71
2026-08-20,Humira,5.51,00:54:55,2,8,0.0
2026-08-20,Humira,12.83,00:55:25,2,8,69.73
2026-08-20,Humira,12.88,00:55:55,2,8,69.75
2026-08-20,Humira,9.06,00:56:25,2,8,69.76
2026-08-20,Humira,15.62,00:56:55,2,8,69.77
2026-08-20,Humira,17.94,00:57:25,2,8,69.78
2026-08-20,Humira,9.33,00:57:55,2,8,69.79
2026-08-20,Humira,13.14,00:58:25,2,8,69.8
2026-08-20,Humira,12.29,00:58:55,2,8,69.81
2026-08-20,Humira,16.7,00:59:25,2,8,69.82
2026-08-20,Humira,17.63,00:59:55,2,8,69.83
2026-08-20,Humira,6.48,01:00:25,2,8,0.0
2026-08-20,Humira,15.22,01:00:55,2,8,69.85
2026-08-20,Humira,15.27,01:01:25,2,8,69.86
2026-08-20,Humira,6.52,01:01:55,2,8,0.0
2026-08-20,Humira,6.45,01:02:25,2,8,0.0
2026-08-20,Humira,7.82,01:02:55,2,8,0.0
2026-08-20,Humira,15.27,01:03:25,2,8,69.91
2026-08-20,Humira,10.3,01:03:55,2,8,69.92
2026-08-20,Humira,12.15,01:04:25,2,8,69.93
2026-08-20,Humira,15.49,01:04:55,2,8,69.94
2026-08-20,Humira,15.21,01:05:25,2,8,69.95
2026-08-20,Humira,13.65,01:05:55,2,8,69.96
2026-08-20,Humira,9.21,01:06:25,2,8,69.97
2026-08-20,Humira,9.39,01:06:55,2,8,69.98
2026-08-20,Humira,17.88,01:07:25,2,8,69.99
2026-08-20,Humira,17.28,01:07:55,2,8,70.01
2026-08-20,Humira,12.49,01:08:25,2,8,70.02
2026-08-20,Humira,11.36,01:08:55,2,8,70.03
2026-08-20,Humira,11.24,01:09:25,2,8,70.04
2026-08-20,Humira,9.13,01:09:55,2,8,70.05
2026-08-20,Humira,12.03,01:10:25,2,8,70.06
2026-08-20,Humira,10.55,01:10:55,2,8,70.07
2026-08-20,Humira,11.12,01:11:25,2,8,70.08
2026-08-20,Humira,16.55,01:11:55,2,8,70.09
2026-08-20,Humira,11.63,01:12:25,2,8,70.1
2026-08-20,Humira,16.8,01:12:55,2,8,70.11
2026-08-20,Humira,14.28,01:13:25,2,8,70.12
2026-08-20,Humira,10.66,01:13:55,2,8,70.14
2026-08-20,Humira,13.32,01:14:25,2,8,70.15
2026-08-20,Humira,13.68,01:14:55,2,8,70.16
2026-08-20,Humira,14.88,01:15:25,2,8,70.17
2026-08-20,Humira,4.01,01:15:55,2,8,0.0
2026-08-20,Humira,15.51,01:16:25,2,8,70.19
2026-08-20,Humira,17.84,01:16:55,2,8,70.2
2026-08-20,Humira,15.72,01:17:25,2,8,70.21
2026-08-20,Humira,14.61,01:17:55,2,8,70.22
2026-08-20,Humira,11.72,01:18:25,2,8,70.23
2026-08-20,Humira,13.39,01:18:55,2,8,70.24
2026-08-20,Humira,6.49,01:19:25,2,8,0.0
2026-08-20,Humira,13.35,01:19:55,2,8,70.27
2026-08-20,Humira,14.44,01:20:25,2,8,70.28
2026-08-20,Humira,14.67,01:20:55,2,8,70.29
2026-08-20,Humira,3.81,01:21:25,2,8,0.0
2026-08-20,Humira,16.54,01:21:55,2,8,70.31
2026-08-20,Humira,14.79,01:22:25,2,8,70.32
2026-08-20,Humira,15.83,01:22:55,2,8,70.33
2026-08-20,Humira,17.88,01:23:25,2,8,70.34
2026-08-20,Humira,10.8,01:23:55,2,8,70.35
2026-08-20,Humira,16.96,01:24:25,2,8,70.36
2026-08-20,Humira,9.21,01:24:55,2,8,70.37
2026-08-20,Humira,9.74,01:25:25,2,8,70.38
2026-08-20,Humira,14.96,01:25:55,2,8,70.39
2026-08-20,Humira,10.49,01:26:25,2,8,70.41
2026-08-20,Humira,11.88,01:26:55,2,8,70.42
2026-08-20,Humira,2.85,01:27:25,2,8,0.0
2026-08-20,Humira,13.71,01:27:55,2,8,70.44
2026-08-20,Humira,14.03,01:28:25,2,8,70.45
2026-08-20,Humira,14.29,01:28:55,2,8,70.46
2026-08-20,Humira,9.51,01:29:25,2,8,70.47
2026-08-20,Humira,14.25,01:29:55,2,8,70.48
2026-08-20,Humira,16.48,01:30:25,2,8,70.49
2026-08-20,Humira,7.79,01:30:55,2,8,0.0
2026-08-20,Humira,12.82,01:31:25,2,8,70.51
2026-08-20,Humira,9.41,01:31:55,2,8,70.53
2026-08-20,Humira,16.56,01:32:25,2,8,70.54
2026-08-20,Humira,9.04,01:32:55,2,8,70.55
2026-08-20,Humira,9.59,01:33:25,2,8,70.56
2026-08-20,Humira,7.82,01:33:55,2,8,0.0
2026-08-20,Humira,14.99,01:34:25,2,8,70.58
2026-08-20,Humira,14.53,01:34:55,2,8,70.59
2026-08-20,Humira,17.28,01:35:25,2,8,70.6
2026-08-20,Humira,12.12,01:35:55,2,8,70.61
2026-08-20,Humira,10.0,01:36:25,2,8,70.62
2026-08-20,Humira,10.93,01:36:55,2,8,70.63
2026-08-20,Humira,17.93,01:37:25,2,8,70.64
2026-08-20,Humira,13.41,01:37:55,2,8,70.66
2026-08-20,Humira,9.31,01:38:25,2,8,70.67
2026-08-20,Humira,12.39,01:38:55,2,8,70.68
2026-08-20,Humira,13.61,01:39:25,2,8,70.69
2026-08-20,Humira,2.21,01:39:55,2,8,0.0
2026-08-20,Humira,10.92,01:40:25,2,8,70.71
2026-08-20,Humira,16.48,01:40:55,2,8,70.72
2026-08-20,Humira,10.15,01:41:25,2,8,70.73
2026-08-20,Humira,10.86,01:41:55,2,8,70.74
2026-08-20,Humira,14.28,01:42:25,2,8,70.75
2026-08-20,Humira,13.27,01:42:55,2,8,70.76
2026-08-20,Humira,17.81,01:43:25,2,8,70.77
2026-08-20,Humira,4.61,01:43:55,2,8,0.0
2026-08-20,Humira,6.6,01:44:25,2,8,0.0
2026-08-20,Humira,11.68,01:44:55,2,8,70.81
2026-08-20,Humira,12.86,01:45:25,2,8,70.82
2026-08-20,Humira,10.16,01:45:55,2,8,70.83
2026-08-20,Humira,9.15,01:46:25,2,8,70.84
2026-08-20,Humira,13.32,01:46:55,2,8,70.85
2026-08-20,Humira,11.57,01:47:25,2,8,70.86
2026-08-20,Humira,15.75,01:47:55,2,8,70.87
2026-08-20,Humira,15.49,01:48:25,2,8,70.88
2026-08-20,Humira,5.94,01:48:55,2,8,0.0
2026-08-20,Humira,6.61,01:49:25,2,8,0.0
2026-08-20,Humira,11.7,01:49:55,2,8,70.91
2026-08-20,Humira,2.47,01:50:25,2,8,0.0
2026-08-20,Humira,7.36,01:50:55,2,8,0.0
2026-08-20,Humira,9.34,01:51:25,2,8,70.95
2026-08-20,Humira,16.52,01:51:55,2,8,70.96
2026-08-20,Humira,6.13,01:52:25,2,8,0.0
2026-08-20,Humira,12.17,01:52:55,2,8,70.98
2026-08-20,Humira,11.16,01:53:25,2,8,70.99
2026-08-20,Humira,9.08,01:53:55,2,8,71.0
2026-08-20,Humira,4.48,01:54:25,2,8,0.0
2026-08-20,Humira,4.23,01:54:55,2,8,0.0
2026-08-20,Humira,10.41,01:55:25,2,8,71.03
2026-08-20,Humira,14.23,01:55:55,2,8,71.05
2026-08-20,Humira,16.3,01:56:25,2,8,71.06
2026-08-20,Humira,15.88,01:56:55,2,8,71.07
2026-08-20,Humira,11.83,01:57:25,2,8,71.08
2026-08-20,Humira,17.09,01:57:55,2,8,71.09
2026-08-20,Humira,13.39,01:58:25,2,8,71.1
2026-08-20,Humira,14.13,01:58:55,2,8,71.11
2026-08-20,Humira,15.3,01:59:25,2,8,71.12
2026-08-20,Humira,17.29,01:59:55,2,8,71.13
2026-08-20,Humira,17.05,02:00:25,2,8,71.14
2026-08-20,Humira,11.71,02:00:55,2,8,71.15
2026-08-20,Humira,16.63,02:01:25,2,8,71.16
2026-08-20,Humira,11.67,02:01:55,2,8,71.17
2026-08-20,Humira,9.97,02:02:25,2,8,71.19
2026-08-20,Humira,10.29,02:02:55,2,8,71.2
2026-08-20,Humira,6.31,02:03:25,2,8,0.0
2026-08-20,Humira,13.32,02:03:55,2,8,71.22
2026-08-20,Humira,12.69,02:04:25,2,8,71.23
2026-08-20,Humira,2.7,02:04:55,2,8,0.0
2026-08-20,Humira,17.65,02:05:25,2,8,71.25
2026-08-20,Humira,14.76,02:05:55,2,8,71.26
2026-08-20,Humira,6.24,02:06:25,2,8,0.0
2026-08-20,Humira,16.76,02:06:55,2,8,71.28
2026-08-20,Humira,14.81,02:07:25,2,8,71.29
2026-08-20,Humira,11.49,02:07:55,2,8,71.31
2026-08-20,Humira,16.2,02:08:25,2,8,71.32
2026-08-20,Humira,7.07,02:08:55,2,8,0.0
2026-08-20,Humira,11.09,02:09:25,2,8,71.34
2026-08-20,Humira,12.29,02:09:55,2,8,71.35
2026-08-20,Humira,16.09,02:10:25,2,8,71.36
2026-08-20,Humira,13.04,02:10:55,2,8,71.37
2026-08-20,Humira,9.13,02:11:25,2,8,71.38
2026-08-20,Humira,13.96,02:11:55,2,8,71.39
2026-08-20,Humira,17.9,02:12:25,2,8,71.4
2026-08-20,Humira,17.18,02:12:55,2,8,71.41
2026-08-20,Humira,2.59,02:13:25,2,8,0.0
2026-08-20,Humira,12.7,02:13:55,2,8,71.44
2026-08-20,Humira,16.84,02:14:25,2,8,71.45
2026-08-20,Humira,17.8,02:14:55,2,8,71.46
2026-08-20,Humira,9.74,02:15:25,2,8,71.47
2026-08-20,Humira,2.16,02:15:55,2,8,0.0
2026-08-20,Humira,12.16,02:16:25,2,8,71.49
2026-08-20,Humira,10.71,02:16:55,2,8,71.5
2026-08-20,Humira,16.51,02:17:25,2,8,71.51
2026-08-20,Humira,17.81,02:17:55,2,8,71.52
2026-08-20,Humira,3.75,02:18:25,2,8,0.0
2026-08-20,Humira,11.44,02:18:55,2,8,71.54
2026-08-20,Humira,15.16,02:19:25,2,8,71.55
2026-08-20,Humira,9.46,02:19:55,2,8,71.56
2026-08-20,Humira,13.1,02:20:25,2,8,71.58
2026-08-20,Humira,12.47,02:20:55,2,8,71.59
2026-08-20,Humira,4.78,02:21:25,2,8,0.0
2026-08-20,Humira,17.05,02:21:55,2,8,71.61
2026-08-20,Humira,9.69,02:22:25,2,8,71.62
2026-08-20,Humira,6.42,02:22:55,2,8,0.0
2026-08-20,Humira,14.98,02:23:25,2,8,71.64
2026-08-20,Humira,10.6,02:23:55,2,8,71.65
2026-08-20,Humira,3.96,02:24:25,2,8,0.0
2026-08-20,Humira,17.76,02:24:55,2,8,71.67
2026-08-20,Humira,11.83,02:25:25,2,8,71.68
2026-08-20,Humira,2.78,02:25:55,2,8,0.0
2026-08-20,Humira,10.87,02:26:25,2,8,71.71
2026-08-20,Humira,13.08,02:26:55,2,8,71.72
2026-08-20,Humira,9.36,02:27:25,2,8,71.73
2026-08-20,Humira,5.75,02:27:55,2,8,0.0
2026-08-20,Humira,7.09,02:28:25,2,8,0.0
2026-08-20,Humira,14.71,02:28:55,2,8,71.76
2026-08-20,Humira,17.88,02:29:25,2,8,71.77
2026-08-20,Humira,6.01,02:29:55,2,8,0.0
2026-08-20,Humira,13.25,02:30:25,2,8,71.79
2026-08-20,Humira,15.29,02:30:55,2,8,71.8
2026-08-20,Humira,12.94,02:31:25,2,8,71.81
2026-08-20,Humira,6.82,02:31:55,2,8,0.0
2026-08-20,Humira,14.6,02:32:25,2,8,71.84
2026-08-20,Humira,12.65,02:32:55,2,8,71.85
2026-08-20,Humira,11.45,02:33:25,2,8,71.86
2026-08-20,Humira,5.04,02:33:55,2,8,0.0
2026-08-20,Humira,13.85,02:34:25,2,8,71.88
2026-08-20,Humira,16.27,02:34:55,2,8,71.89
2026-08-20,Humira,13.83,02:35:25,2,8,71.9
2026-08-20,Humira,6.45,02:35:55,2,8,0.0
2026-08-20,Humira,17.19,02:36:25,2,8,71.92
2026-08-20,Humira,11.82,02:36:55,2,8,71.93
2026-08-20,Humira,10.36,02:37:25,2,8,71.94
2026-08-20,Humira,14.88,02:37:55,2,8,71.95
2026-08-20,Humira,10.49,02:38:25,2,8,71.97
2026-08-20,Humira,2.22,02:38:55,2,8,0.0
2026-08-20,Humira,16.84,02:39:25,2,8,71.99
2026-08-20,Humira,4.98,02:39:55,2,8,0.0
2026-08-20,Humira,4.77,02:40:25,2,8,0.0
2026-08-20,Humira,9.89,02:40:55,2,8,72.02
2026-08-20,Humira,17.83,02:41:25,2,8,72.03
2026-08-20,Humira,10.88,02:41:55,2,8,72.04
2026-08-20,Humira,10.72,02:42:25,2,8,72.05
2026-08-20,Humira,2.46,02:42:55,2,8,0.0
2026-08-20,Humira,9.77,02:43:25,2,8,72.07
2026-08-20,Humira,9.31,02:43:55,2,8,72.09
2026-08-20,Humira,12.1,02:44:25,2,8,72.1
2026-08-20,Humira,3.09,02:44:55,2,8,0.0
2026-08-20,Humira,12.71,02:45:25,2,8,72.12
2026-08-20,Humira,10.84,02:45:55,2,8,72.13
2026-08-20,Humira,12.39,02:46:25,2,8,72.14
2026-08-20,Humira,9.49,02:46:55,2,8,72.15
2026-08-20,Humira,17.08,02:47:25,2,8,72.16
2026-08-20,Humira,15.78,02:47:55,2,8,72.17
2026-08-20,Humira,11.4,02:48:25,2,8,72.18
2026-08-20,Humira,13.29,02:48:55,2,8,72.19
2026-08-20,Humira,15.83,02:49:25,2,8,72.2
2026-08-20,Humira,17.96,02:49:55,2,8,72.22
2026-08-20,Humira,10.74,02:50:25,2,8,72.23
2026-08-20,Humira,9.47,02:50:55,2,8,72.24
2026-08-20,Humira,14.79,02:51:25,2,8,72.25
2026-08-20,Humira,9.11,02:51:55,2,8,72.26
2026-08-20,Humira,14.25,02:52:25,2,8,72.27
2026-08-20,Humira,14.63,02:52:55,2,8,72.28
2026-08-20,Humira,11.83,02:53:25,2,8,72.29
2026-08-20,Humira,5.38,02:53:55,2,8,0.0
2026-08-20,Humira,14.69,02:54:25,2,8,72.31
2026-08-20,Humira,14.11,02:54:55,2,8,72.32
2026-08-20,Humira,9.02,02:55:25,2,8,72.33
2026-08-20,Humira,14.57,02:55:55,2,8,72.34
2026-08-20,Humira,9.08,02:56:25,2,8,72.36
2026-08-20,Humira,10.91,02:56:55,2,8,72.37
2026-08-20,Humira,12.95,02:57:25,2,8,72.38
2026-08-20,Humira,14.74,02:57:55,2,8,72.39
2026-08-20,Humira,6.03,02:58:25,2,8,0.0
2026-08-20,Humira,15.13,02:58:55,2,8,72.41
2026-08-20,Humira,11.92,02:59:25,2,8,72.42
2026-08-20,Humira,9.54,02:59:55,2,8,72.43
2026-08-20,Humira,9.9,03:00:25,2,8,72.44
2026-08-20,Humira,15.88,03:00:55,2,8,72.45
2026-08-20,Humira,11.1,03:01:25,2,8,72.46
2026-08-20,Humira,6.41,03:01:55,2,8,0.0
2026-08-20,Humira,9.85,03:02:25,2,8,72.49
2026-08-20,Humira,16.76,03:02:55,2,8,72.5
2026-08-20,Humira,10.47,03:03:25,2,8,72.51
2026-08-20,Humira,16.79,03:03:55,2,8,72.52
2026-08-20,Humira,12.59,03:04:25,2,8,72.53
2026-08-20,Humira,12.3,03:04:55,2,8,72.54
2026-08-20,Humira,13.96,03:05:25,2,8,72.55
2026-08-20,Humira,14.79,03:05:55,2,8,72.56
2026-08-20,Humira,7.56,03:06:25,2,8,0.0
2026-08-20,Humira,15.0,03:06:55,2,8,72.58
2026-08-20,Humira,4.6,03:07:25,2,8,0.0
2026-08-20,Humira,10.82,03:07:55,2,8,72.61
2026-08-20,Humira,17.11,03:08:25,2,8,72.62
2026-08-20,Humira,17.01,03:08:55,2,8,72.63
2026-08-20,Humira,4.73,03:09:25,2,8,0.0
2026-08-20,Humira,12.81,03:09:55,2,8,72.65
2026-08-20,Humira,16.86,03:10:25,2,8,72.66
2026-08-20,Humira,12.58,03:10:55,2,8,72.67
2026-08-20,Humira,16.76,03:11:25,2,8,72.68
2026-08-20,Humira,4.25,03:11:55,2,8,0.0
2026-08-20,Humira,9.2,03:12:25,2,8,72.7
2026-08-20,Humira,16.68,03:12:55,2,8,72.71
2026-08-20,Humira,7.8,03:13:25,2,8,0.0
2026-08-20,Humira,9.19,03:13:55,2,8,72.73
2026-08-20,Humira,10.89,03:14:25,2,8,72.75
2026-08-20,Humira,10.24,03:14:55,2,8,72.76
2026-08-20,Humira,14.72,03:15:25,2,8,72.77
2026-08-20,Humira,16.21,03:15:55,2,8,72.78
2026-08-20,Humira,16.06,03:16:25,2,8,72.79
2026-08-20,Humira,12.26,03:16:55,2,8,72.8
2026-08-20,Humira,9.99,03:17:25,2,8,72.81
2026-08-20,Humira,12.92,03:17:55,2,8,72.82
2026-08-20,Humira,9.21,03:18:25,2,8,72.83
2026-08-20,Humira,10.25,03:18:55,2,8,72.84
2026-08-20,Humira,13.83,03:19:25,2,8,72.85
2026-08-20,Humira,14.41,03:19:55,2,8,72.86
2026-08-20,Humira,14.56,03:20:25,2,8,72.88
2026-08-20,Humira,9.36,03:20:55,2,8,72.89
2026-08-20,Humira,13.86,03:21:25,2,8,72.9
2026-08-20,Humira,6.11,03:21:55,2,8,0.0
2026-08-20,Humira,17.06,03:22:25,2,8,72.92
2026-08-20,Humira,9.93,03:22:55,2,8,72.93
2026-08-20,Humira,15.11,03:23:25,2,8,72.94
2026-08-20,Humira,12.65,03:23:55,2,8,72.95
2026-08-20,Humira,9.25,03:24:25,2,8,72.96
2026-08-20,Humira,6.31,03:24:55,2,8,0.0
2026-08-20,Humira,9.32,03:25:25,2,8,72.98
2026-08-20,Humira,11.0,03:25:55,2,8,73.0
2026-08-20,Humira,7.51,03:26:25,2,8,0.0
2026-08-20,Humira,17.42,03:26:55,2,8,73.02
2026-08-20,Humira,11.0,03:27:25,2,8,73.03
2026-08-20,Humira,10.84,03:27:55,2,8,73.04
2026-08-20,Humira,2.94,03:28:25,2,8,0.0
2026-08-20,Humira,9.8,03:28:55,2,8,73.06
2026-08-20,Humira,11.45,03:29:25,2,8,73.07
2026-08-20,Humira,4.49,03:29:55,2,8,0.0
2026-08-20,Humira,5.83,03:30:25,2,8,0.0
2026-08-20,Humira,4.9,03:30:55,2,8,0.0
2026-08-20,Humira,9.06,03:31:25,2,8,73.11
2026-08-20,Humira,6.45,03:31:55,2,8,0.0
2026-08-20,Humira,12.86,03:32:25,2,8,73.14
2026-08-20,Humira,14.18,03:32:55,2,8,73.15
2026-08-20,Humira,17.57,03:33:25,2,8,73.16
2026-08-20,Humira,17.84,03:33:55,2,8,73.17
2026-08-20,Humira,11.56,03:34:25,2,8,73.18
2026-08-20,Humira,11.74,03:34:55,2,8,73.19
2026-08-20,Humira,2.34,03:35:25,2,8,0.0
2026-08-20,Humira,17.68,03:35:55,2,8,73.21
2026-08-20,Humira,13.5,03:36:25,2,8,73.22
2026-08-20,Humira,9.4,03:36:55,2,8,73.23
2026-08-20,Humira,11.16,03:37:25,2,8,73.24
2026-08-20,Humira,12.0,03:37:55,2,8,73.26
2026-08-20,Humira,9.18,03:38:25,2,8,73.27
2026-08-20,Humira,14.6,03:38:55,2,8,73.28
2026-08-20,Humira,17.32,03:39:25,2,8,73.29
2026-08-20,Humira,14.0,03:39:55,2,8,73.3
2026-08-20,Humira,14.64,03:40:25,2,8,73.31
2026-08-20,Humira,16.02,03:40:55,2,8,73.32
2026-08-20,Humira,15.52,03:41:25,2,8,73.33
2026-08-20,Humira,12.04,03:41:55,2,8,73.34
2026-08-20,Humira,2.93,03:42:25,2,8,0.0
2026-08-20,Humira,14.34,03:42:55,2,8,73.36
2026-08-20,Humira,14.38,03:43:25,2,8,73.37
2026-08-20,Humira,15.73,03:43:55,2,8,73.39
2026-08-20,Humira,9.67,03:44:25,2,8,73.4
2026-08-20,Humira,12.16,03:44:55,2,8,73.41
2026-08-20,Humira,9.21,03:45:25,2,8,73.42
2026-08-20,Humira,17.92,03:45:55,2,8,73.43
2026-08-20,Humira,9.99,03:46:25,2,8,73.44
2026-08-20,Humira,16.44,03:46:55,2,8,73.45
2026-08-20,Humira,10.36,03:47:25,2,8,73.46
2026-08-20,Humira,15.71,03:47:55,2,8,73.47
2026-08-20,Humira,2.88,03:48:25,2,8,0.0
2026-08-20,Humira,16.39,03:48:55,2,8,73.49
2026-08-20,Humira,10.74,03:49:25,2,8,73.5
2026-08-20,Humira,11.97,03:49:55,2,8,73.52
2026-08-20,Humira,17.28,03:50:25,2,8,73.53
2026-08-20,Humira,13.4,03:50:55,2,8,73.54
2026-08-20,Humira,6.21,03:51:25,2,8,0.0
2026-08-20,Humira,14.27,03:51:55,2,8,73.56
2026-08-20,Humira,16.46,03:52:25,2,8,73.57
2026-08-20,Humira,10.72,03:52:55,2,8,73.58
2026-08-20,Humira,10.87,03:53:25,2,8,73.59
2026-08-20,Humira,15.94,03:53:55,2,8,73.6
2026-08-20,Humira,4.95,03:54:25,2,8,0.0
2026-08-20,Humira,12.15,03:54:55,2,8,73.62
2026-08-20,Humira,15.13,03:55:25,2,8,73.63
2026-08-20,Humira,4.62,03:55:55,2,8,0.0
2026-08-20,Humira,15.97,03:56:25,2,8,73.66
2026-08-20,Humira,15.65,03:56:55,2,8,73.67
2026-08-20,Humira,12.73,03:57:25,2,8,73.68
2026-08-20,Humira,10.69,03:57:55,2,8,73.69
2026-08-20,Humira,12.95,03:58:25,2,8,73.7
2026-08-20,Humira,7.41,03:58:55,2,8,0.0
2026-08-20,Humira,13.26,03:59:25,2,8,73.72
2026-08-20,Humira,17.02,03:59:55,2,8,73.73
2026-08-20,Humira,13.73,04:00:25,2,8,73.74
2026-08-20,Humira,14.25,04:00:55,2,8,73.75
2026-08-20,Humira,10.12,04:01:25,2,8,73.76
2026-08-20,Humira,12.25,04:01:55,2,8,73.78
2026-08-20,Humira,17.57,04:02:25,2,8,73.79
2026-08-20,Humira,10.94,04:02:55,2,8,73.8
2026-08-20,Humira,12.53,04:03:25,2,8,73.81
2026-08-20,Humira,10.42,04:03:55,2,8,73.82
2026-08-20,Humira,9.93,04:04:25,2,8,73.83
2026-08-20,Humira,9.58,04:04:55,2,8,73.84
2026-08-20,Humira,17.09,04:05:25,2,8,73.85
2026-08-20,Humira,13.16,04:05:55,2,8,73.86
2026-08-20,Humira,11.67,04:06:25,2,8,73.87
2026-08-20,Humira,10.4,04:06:55,2,8,73.88
2026-08-20,Humira,16.18,04:07:25,2,8,73.89
2026-08-20,Humira,14.88,04:07:55,2,8,73.91
2026-08-20,Humira,9.5,04:08:25,2,8,73.92
2026-08-20,Humira,10.1,04:08:55,2,8,73.93
2026-08-20,Humira,14.56,04:09:25,2,8,73.94
2026-08-20,Humira,15.62,04:09:55,2,8,73.95
2026-08-20,Humira,15.54,04:10:25,2,8,73.96
2026-08-20,Humira,9.27,04:10:55,2,8,73.97
2026-08-20,Humira,17.2,04:11:25,2,8,73.98
2026-08-20,Humira,13.32,04:11:55,2,8,73.99
2026-08-20,Humira,12.13,04:12:25,2,8,74.0
2026-08-20,Humira,4.89,04:12:55,2,8,0.0
2026-08-20,Humira,10.35,04:13:25,2,8,74.02
2026-08-20,Humira,10.26,04:13:55,2,8,74.04
2026-08-20,Humira,9.26,04:14:25,2,8,74.05
2026-08-20,Humira,13.83,04:14:55,2,8,74.06
2026-08-20,Humira,15.02,04:15:25,2,8,74.07
2026-08-20,Humira,14.7,04:15:55,2,8,74.08
2026-08-20,Humira,12.71,04:16:25,2,8,74.09
2026-08-20,Humira,9.39,04:16:55,2,8,74.1
2026-08-20,Humira,15.12,04:17:25,2,8,74.11
2026-08-20,Humira,16.15,04:17:55,2,8,74.12
2026-08-20,Humira,15.55,04:18:25,2,8,74.13
2026-08-20,Humira,10.41,04:18:55,2,8,74.14
2026-08-20,Humira,15.03,04:19:25,2,8,74.15
2026-08-20,Humira,12.67,04:19:55,2,8,74.16
2026-08-20,Humira,3.23,04:20:25,2,8,0.0
2026-08-20,Humira,15.87,04:20:55,2,8,74.19
2026-08-20,Humira,16.03,04:21:25,2,8,74.2
2026-08-20,Humira,6.37,04:21:55,2,8,0.0
2026-08-20,Humira,9.31,04:22:25,2,8,74.22
2026-08-20,Humira,10.37,04:22:55,2,8,74.23
2026-08-20,Humira,10.52,04:23:25,2,8,74.24
2026-08-20,Humira,10.39,04:23:55,2,8,74.25
2026-08-20,Humira,14.51,04:24:25,2,8,74.26
2026-08-20,Humira,15.84,04:24:55,2,8,74.27
2026-08-20,Humira,14.19,04:25:25,2,8,74.28
2026-08-20,Humira,9.27,04:25:55,2,8,74.3
2026-08-20,Humira,15.91,04:26:25,2,8,74.31
2026-08-20,Humira,2.47,04:26:55,2,8,0.0
2026-08-20,Humira,13.55,04:27:25,2,8,74.33
2026-08-20,Humira,3.52,04:27:55,2,8,0.0
2026-08-20,Humira,11.76,04:28:25,2,8,74.35
2026-08-20,Humira,12.12,04:28:55,2,8,74.36
2026-08-20,Humira,11.5,04:29:25,2,8,74.37
2026-08-20,Humira,15.44,04:29:55,2,8,74.38
2026-08-20,Humira,17.22,04:30:25,2,8,74.39
2026-08-20,Humira,3.13,04:30:55,2,8,0.0
2026-08-20,Humira,9.44,04:31:25,2,8,74.41
2026-08-20,Humira,4.56,04:31:55,2,8,0.0
2026-08-20,Humira,12.81,04:32:25,2,8,74.44
2026-08-20,Humira,7.75,04:32:55,2,8,0.0
2026-08-20,Humira,12.18,04:33:25,2,8,74.46
2026-08-20,Humira,14.66,04:33:55,2,8,74.47
2026-08-20,Humira,16.16,04:34:25,2,8,74.48
2026-08-20,Humira,11.58,04:34:55,2,8,74.49
2026-08-20,Humira,17.69,04:35:25,2,8,74.5
2026-08-20,Humira,2.99,04:35:55,2,8,0.0
2026-08-20,Humira,2.44,04:36:25,2,8,0.0
2026-08-20,Humira,2.29,04:36:55,2,8,0.0
2026-08-20,Humira,13.54,04:37:25,2,8,74.54
2026-08-20,Humira,16.69,04:37:55,2,8,74.56
2026-08-20,Humira,16.43,04:38:25,2,8,74.57
2026-08-20,Humira,11.07,04:38:55,2,8,74.58
2026-08-20,Humira,12.83,04:39:25,2,8,74.59
2026-08-20,Humira,9.98,04:39:55,2,8,74.6
2026-08-20,Humira,15.41,04:40:25,2,8,74.61
2026-08-20,Humira,2.1,04:40:55,2,8,0.0
2026-08-20,Humira,10.51,04:41:25,2,8,74.63
2026-08-20,Humira,9.48,04:41:55,2,8,74.64
2026-08-20,Humira,17.73,04:42:25,2,8,74.65
2026-08-20,Humira,2.05,04:42:55,2,8,0.0
2026-08-20,Humira,3.07,04:43:25,2,8,0.0
2026-08-20,Humira,9.03,04:43:55,2,8,74.69
2026-08-20,Humira,14.32,04:44:25,2,8,74.7
2026-08-20,Humira,9.02,04:44:55,2,8,74.71
2026-08-20,Humira,10.54,04:45:25,2,8,74.72
2026-08-20,Humira,15.03,04:45:55,2,8,74.73
2026-08-20,Humira,4.43,04:46:25,2,8,0.0
2026-08-20,Humira,11.44,04:46:55,2,8,74.75
2026-08-20,Humira,11.11,04:47:25,2,8,74.76
2026-08-20,Humira,12.06,04:47:55,2,8,74.77
2026-08-20,Humira,13.69,04:48:25,2,8,74.78
2026-08-20,Humira,15.54,04:48:55,2,8,74.79
2026-08-20,Humira,14.68,04:49:25,2,8,74.8
2026-08-20,Humira,16.86,04:49:55,2,8,74.81
2026-08-20,Humira,2.67,04:50:25,2,8,0.0
2026-08-20,Humira,3.98,04:50:55,2,8,0.0
2026-08-20,Humira,15.03,04:51:25,2,8,74.85
2026-08-20,Humira,11.25,04:51:55,2,8,74.86
2026-08-20,Humira,4.22,04:52:25,2,8,0.0
2026-08-20,Humira,10.98,04:52:55,2,8,74.88
2026-08-20,Humira,9.2,04:53:25,2,8,74.89
2026-08-20,Humira,17.52,04:53:55,2,8,74.9
2026-08-20,Humira,13.98,04:54:25,2,8,74.91
2026-08-20,Humira,9.97,04:54:55,2,8,74.92
2026-08-20,Humira,5.58,04:55:25,2,8,0.0
2026-08-20,Humira,12.74,04:55:55,2,8,74.95
2026-08-20,Humira,6.88,04:56:25,2,8,0.0
2026-08-20,Humira,11.04,04:56:55,2,8,74.97
2026-08-20,Humira,11.13,04:57:25,2,8,74.98
2026-08-20,Humira,9.02,04:57:55,2,8,74.99
2026-08-20,Humira,13.19,04:58:25,2,8,75.0
2026-08-20,Humira,13.88,04:58:55,2,8,75.01
2026-08-20,Humira,16.76,04:59:25,2,8,75.02
2026-08-20,Humira,4.63,04:59:55,2,8,0.0
2026-08-20,Humira,17.46,05:00:25,2,8,75.04
2026-08-20,Humira,4.37,05:00:55,2,8,0.0
2026-08-20,Humira,7.64,05:01:25,2,8,0.0
2026-08-20,Humira,11.88,05:01:55,2,8,75.08
2026-08-20,Humira,17.09,05:02:25,2,8,75.09
2026-08-20,Humira,10.79,05:02:55,2,8,75.1
2026-08-20,Humira,9.96,05:03:25,2,8,75.11
2026-08-20,Humira,5.48,05:03:55,2,8,0.0
2026-08-20,Humira,12.7,05:04:25,2,8,75.13
2026-08-20,Humira,17.51,05:04:55,2,8,75.14
2026-08-20,Humira,12.24,05:05:25,2,8,75.15
2026-08-20,Humira,12.83,05:05:55,2,8,75.16
2026-08-20,Humira,9.34,05:06:25,2,8,75.17
2026-08-20,Humira,14.5,05:06:55,2,8,75.18
2026-08-20,Humira,12.2,05:07:25,2,8,75.19
2026-08-20,Humira,12.56,05:07:55,2,8,75.2
2026-08-20,Humira,13.87,05:08:25,2,8,75.22
2026-08-20,Humira,15.02,05:08:55,2,8,75.23
2026-08-20,Humira,12.58,05:09:25,2,8,75.24
2026-08-20,Humira,7.1,05:09:55,2,8,0.0
2026-08-20,Humira,10.47,05:10:25,2,8,75.26
2026-08-20,Humira,17.11,05:10:55,2,8,75.27
2026-08-20,Humira,10.39,05:11:25,2,8,75.28
2026-08-20,Humira,4.48,05:11:55,2,8,0.0
2026-08-20,Humira,12.76,05:12:25,2,8,75.3
2026-08-20,Humira,17.36,05:12:55,2,8,75.31
2026-08-20,Humira,17.56,05:13:25,2,8,75.32
2026-08-20,Humira,12.52,05:13:55,2,8,75.34
2026-08-20,Humira,15.95,05:14:25,2,8,75.35
2026-08-20,Humira,15.32,05:14:55,2,8,75.36
2026-08-20,Humira,16.56,05:15:25,2,8,75.37
2026-08-20,Humira,14.02,05:15:55,2,8,75.38
2026-08-20,Humira,14.56,05:16:25,2,8,75.39
2026-08-20,Humira,16.92,05:16:55,2,8,75.4
2026-08-20,Humira,11.4,05:17:25,2,8,75.41
2026-08-20,Humira,16.65,05:17:55,2,8,75.42
2026-08-20,Humira,16.44,05:18:25,2,8,75.43
2026-08-20,Humira,17.12,05:18:55,2,8,75.44
2026-08-20,Humira,12.41,05:19:25,2,8,75.45
2026-08-20,Humira,4.55,05:19:55,2,8,0.0
2026-08-20,Humira,11.15,05:20:25,2,8,75.48
2026-08-20,Humira,7.5,05:20:55,2,8,0.0
2026-08-20,Humira,14.66,05:21:25,2,8,75.5
2026-08-20,Humira,15.88,05:21:55,2,8,75.51
2026-08-20,Humira,13.64,05:22:25,2,8,75.52
2026-08-20,Humira,15.82,05:22:55,2,8,75.53
2026-08-20,Humira,12.02,05:23:25,2,8,75.54
2026-08-20,Humira,15.76,05:23:55,2,8,75.55
2026-08-20,Humira,13.82,05:24:25,2,8,75.56
2026-08-20,Humira,12.59,05:24:55,2,8,75.57
2026-08-20,Humira,4.84,05:25:25,2,8,0.0
2026-08-20,Humira,4.26,05:25:55,2,8,0.0
2026-08-20,Humira,14.01,05:26:25,2,8,75.61
2026-08-20,Humira,15.31,05:26:55,2,8,75.62
2026-08-20,Humira,15.15,05:27:25,2,8,75.63
2026-08-20,Humira,9.57,05:27:55,2,8,75.64
2026-08-20,Humira,3.36,05:28:25,2,8,0.0
2026-08-20,Humira,6.14,05:28:55,2,8,0.0
2026-08-20,Humira,13.32,05:29:25,2,8,75.67
2026-08-20,Humira,12.26,05:29:55,2,8,75.68
2026-08-20,Humira,13.37,05:30:25,2,8,75.69
2026-08-20,Humira,16.53,05:30:55,2,8,75.7
2026-08-20,Humira,14.39,05:31:25,2,8,75.71
2026-08-20,Humira,4.12,05:31:55,2,8,0.0
2026-08-20,Humira,13.91,05:32:25,2,8,75.74
2026-08-20,Humira,15.02,05:32:55,2,8,75.75
2026-08-20,Humira,6.15,05:33:25,2,8,0.0
2026-08-20,Humira,5.66,05:33:55,2,8,0.0
2026-08-20,Humira,9.17,05:34:25,2,8,75.78
2026-08-20,Humira,14.18,05:34:55,2,8,75.79
2026-08-20,Humira,6.67,05:35:25,2,8,0.0
2026-08-20,Humira,14.18,05:35:55,2,8,75.81
2026-08-20,Humira,10.62,05:36:25,2,8,75.82
2026-08-20,Humira,6.46,05:36:55,2,8,0.0
2026-08-20,Humira,7.38,05:37:25,2,8,0.0
2026-08-20,Humira,17.44,05:37:55,2,8,75.86
2026-08-20,Humira,9.83,05:38:25,2,8,75.87
2026-08-20,Humira,4.57,05:38:55,2,8,0.0
2026-08-20,Humira,15.27,05:39:25,2,8,75.89
2026-08-20,Humira,15.58,05:39:55,2,8,75.9
2026-08-20,Humira,15.3,05:40:25,2,8,75.91
2026-08-20,Humira,11.68,05:40:55,2,8,75.92
2026-08-20,Humira,13.46,05:41:25,2,8,75.93
2026-08-20,Humira,11.32,05:41:55,2,8,75.94
2026-08-20,Humira,7.83,05:42:25,2,8,0.0
2026-08-20,Humira,11.04,05:42:55,2,8,75.96
2026-08-20,Humira,2.15,05:43:25,2,8,0.0
2026-08-20,Humira,17.91,05:43:55,2,8,75.98
2026-08-20,Humira,14.49,05:44:25,2,8,76.0
2026-08-20,Humira,16.34,05:44:55,2,8,76.01
2026-08-20,Humira,3.03,05:45:25,2,8,0.0
2026-08-20,Humira,9.57,05:45:55,2,8,76.03
2026-08-20,Humira,15.45,05:46:25,2,8,76.04
2026-08-20,Humira,10.96,05:46:55,2,8,76.05
2026-08-20,Humira,14.36,05:47:25,2,8,76.06
2026-08-20,Humira,12.55,05:47:55,2,8,76.07
2026-08-20,Humira,6.17,05:48:25,2,8,0.0
2026-08-20,Humira,14.03,05:48:55,2,8,76.09
2026-08-20,Humira,16.23,05:49:25,2,8,76.1
2026-08-20,Humira,11.37,05:49:55,2,8,76.11
2026-08-20,Humira,5.11,05:50:25,2,8,0.0
2026-08-20,Humira,3.29,05:50:55,2,8,0.0
2026-08-20,Humira,3.06,05:51:25,2,8,0.0
2026-08-20,Humira,10.54,05:51:55,2,8,76.16
2026-08-20,Humira,11.03,05:52:25,2,8,76.17
2026-08-20,Humira,2.3,05:52:55,2,8,0.0
2026-08-20,Humira,16.57,05:53:25,2,8,76.19
2026-08-20,Humira,10.61,05:53:55,2,8,76.2
2026-08-20,Humira,12.56,05:54:25,2,8,76.21
2026-08-20,Humira,12.42,05:54:55,2,8,76.22
2026-08-20,Humira,12.69,05:55:25,2,8,76.23
2026-08-20,Humira,16.71,05:55:55,2,8,76.25
2026-08-20,Humira,5.18,05:56:25,2,8,0.0
2026-08-20,Humira,15.81,05:56:55,2,8,76.27
2026-08-20,Humira,16.34,05:57:25,2,8,76.28
2026-08-20,Humira,15.26,05:57:55,2,8,76.29
2026-08-20,Humira,17.94,05:58:25,2,8,76.3
2026-08-20,Humira,15.67,05:58:55,2,8,76.31
2026-08-20,Humira,17.68,05:59:25,2,8,76.32
2026-08-20,Humira,14.95,05:59:55,2,8,76.33
2026-08-20,Humira,14.03,06:00:25,2,8,76.34
2026-08-20,Humira,14.04,06:00:55,2,8,76.35
2026-08-20,Humira,4.21,06:01:25,2,8,0.0
2026-08-20,Humira,15.86,06:01:55,2,8,76.38
2026-08-20,Humira,12.93,06:02:25,2,8,76.39
2026-08-20,Humira,15.88,06:02:55,2,8,76.4
2026-08-20,Humira,5.16,06:03:25,2,8,0.0
2026-08-20,Humira,11.84,06:03:55,2,8,76.42
2026-08-20,Humira,11.04,06:04:25,2,8,76.43
2026-08-20,Humira,4.2,06:04:55,2,8,0.0
2026-08-20,Humira,10.89,06:05:25,2,8,76.45
2026-08-20,Humira,14.66,06:05:55,2,8,76.46
2026-08-20,Humira,2.57,06:06:25,2,8,0.0
2026-08-20,Humira,11.26,06:06:55,2,8,76.48
2026-08-20,Humira,9.31,06:07:25,2,8,76.49
2026-08-20,Humira,13.55,06:07:55,2,8,76.51
2026-08-20,Humira,10.09,06:08:25,2,8,76.52
2026-08-20,Humira,7.97,06:08:55,2,8,0.0
2026-08-20,Humira,14.99,06:09:25,2,8,76.54
2026-08-20,Humira,13.8,06:09:55,2,8,76.55
2026-08-20,Humira,14.43,06:10:25,2,8,76.56
2026-08-20,Humira,4.92,06:10:55,2,8,0.0
2026-08-20,Humira,14.88,06:11:25,2,8,76.58
2026-08-20,Humira,11.51,06:11:55,2,8,76.59
2026-08-20,Humira,15.91,06:12:25,2,8,76.6
2026-08-20,Humira,4.86,06:12:55,2,8,0.0
2026-08-20,Humira,9.65,06:13:25,2,8,76.62
2026-08-20,Humira,11.21,06:13:55,2,8,76.64
2026-08-20,Humira,7.44,06:14:25,2,8,0.0
2026-08-20,Humira,16.63,06:14:55,2,8,76.66
2026-08-20,Humira,14.93,06:15:25,2,8,76.67
2026-08-20,Humira,5.2,06:15:55,2,8,0.0
2026-08-20,Humira,14.28,06:16:25,2,8,76.69
2026-08-20,Humira,9.81,06:16:55,2,8,76.7
2026-08-20,Humira,9.03,06:17:25,2,8,76.71
2026-08-20,Humira,14.4,06:17:55,2,8,76.72
2026-08-20,Humira,14.16,06:18:25,2,8,76.73
2026-08-20,Humira,16.11,06:18:55,2,8,76.74
2026-08-20,Humira,15.59,06:19:25,2,8,76.75
2026-08-20,Humira,10.68,06:19:55,2,8,76.77
2026-08-20,Humira,10.59,06:20:25,2,8,76.78
2026-08-20,Humira,17.83,06:20:55,2,8,76.79
2026-08-20,Humira,6.55,06:21:25,2,8,0.0
2026-08-20,Humira,17.52,06:21:55,2,8,76.81
2026-08-20,Humira,17.1,06:22:25,2,8,76.82
2026-08-20,Humira,10.49,06:22:55,2,8,76.83
2026-08-20,Humira,3.33,06:23:25,2,8,0.0
2026-08-20,Humira,10.38,06:23:55,2,8,76.85
2026-08-20,Humira,14.45,06:24:25,2,8,76.86
2026-08-20,Humira,10.05,06:24:55,2,8,76.87
2026-08-20,Humira,9.21,06:25:25,2,8,76.88
2026-08-20,Humira,17.05,06:25:55,2,8,76.89
2026-08-20,Humira,13.18,06:26:25,2,8,76.91
2026-08-20,Humira,5.91,06:26:55,2,8,0.0
2026-08-20,Humira,9.93,06:27:25,2,8,76.93
2026-08-20,Humira,7.47,06:27:55,2,8,0.0
2026-08-20,Humira,2.9,06:28:25,2,8,0.0
2026-08-20,Humira,17.33,06:28:55,2,8,76.96
2026-08-20,Humira,14.91,06:29:25,2,8,76.97
2026-08-20,Humira,4.44,06:29:55,2,8,0.0
2026-08-20,Humira,7.58,06:30:25,2,8,0.0
2026-08-20,Humira,17.01,06:30:55,2,8,77.0
2026-08-20,Humira,13.49,06:31:25,2,8,77.01
2026-08-20,Humira,9.27,06:31:55,2,8,77.03
2026-08-20,Humira,10.3,06:32:25,2,8,77.04
2026-08-20,Humira,6.39,06:32:55,2,8,0.0
2026-08-20,Humira,15.87,06:33:25,2,8,77.06
2026-08-20,Humira,12.66,06:33:55,2,8,77.07
2026-08-20,Humira,12.63,06:34:25,2,8,77.08
2026-08-20,Humira,14.19,06:34:55,2,8,77.09
2026-08-20,Humira,16.22,06:35:25,2,8,77.1
2026-08-20,Humira,12.74,06:35:55,2,8,77.11
2026-08-20,Humira,15.48,06:36:25,2,8,77.12
2026-08-20,Humira,11.09,06:36:55,2,8,77.13
2026-08-20,Humira,10.48,06:37:25,2,8,77.14
2026-08-20,Humira,16.83,06:37:55,2,8,77.16
2026-08-20,Humira,10.81,06:38:25,2,8,77.17
2026-08-20,Humira,12.8,06:38:55,2,8,77.18
2026-08-20,Humira,9.19,06:39:25,2,8,77.19
2026-08-20,Humira,15.47,06:39:55,2,8,77.2
2026-08-20,Humira,11.76,06:40:25,2,8,77.21
2026-08-20,Humira,7.01,06:40:55,2,8,0.0
2026-08-20,Humira,12.81,06:41:25,2,8,77.23
2026-08-20,Humira,14.22,06:41:55,2,8,77.24
2026-08-20,Humira,16.81,06:42:25,2,8,77.25
2026-08-20,Humira,15.42,06:42:55,2,8,77.26
2026-08-20,Humira,13.83,06:43:25,2,8,77.27
2026-08-20,Humira,15.14,06:43:55,2,8,77.29
2026-08-20,Humira,13.8,06:44:25,2,8,77.3
2026-08-20,Humira,7.56,06:44:55,2,8,0.0
2026-08-20,Humira,4.79,06:45:25,2,8,0.0
2026-08-20,Humira,14.26,06:45:55,2,8,77.33
2026-08-20,Humira,14.58,06:46:25,2,8,77.34
2026-08-20,Humira,17.14,06:46:55,2,8,77.35
2026-08-20,Humira,17.26,06:47:25,2,8,77.36
2026-08-20,Humira,12.93,06:47:55,2,8,77.37
2026-08-20,Humira,13.16,06:48:25,2,8,77.38
2026-08-20,Humira,5.89,06:48:55,2,8,0.0
2026-08-20,Humira,13.42,06:49:25,2,8,77.4
2026-08-20,Humira,9.53,06:49:55,2,8,77.41
2026-08-20,Humira,10.68,06:50:25,2,8,77.43
2026-08-20,Humira,13.23,06:50:55,2,8,77.44
2026-08-20,Humira,17.84,06:51:25,2,8,77.45
2026-08-20,Humira,13.77,06:51:55,2,8,77.46
2026-08-20,Humira,16.67,06:52:25,2,8,77.47
2026-08-20,Humira,13.94,06:52:55,2,8,77.48
2026-08-20,Humira,13.03,06:53:25,2,8,77.49
2026-08-20,Humira,9.13,06:53:55,2,8,77.5
2026-08-20,Humira,14.69,06:54:25,2,8,77.51
2026-08-20,Humira,16.21,06:54:55,2,8,77.52
2026-08-20,Humira,6.76,06:55:25,2,8,0.0
2026-08-20,Humira,11.32,06:55:55,2,8,77.55
2026-08-20,Humira,16.83,06:56:25,2,8,77.56
2026-08-20,Humira,17.87,06:56:55,2,8,77.57
2026-08-20,Humira,17.31,06:57:25,2,8,77.58
2026-08-20,Humira,9.44,06:57:55,2,8,77.59
2026-08-20,Humira,13.69,06:58:25,2,8,77.6
2026-08-20,Humira,11.48,06:58:55,2,8,77.61
2026-08-20,Humira,14.67,06:59:25,2,8,77.62
2026-08-20,Humira,15.64,06:59:55,2,8,77.63
2026-08-20,Humira,6.14,07:00:25,2,8,0.0
2026-08-20,Humira,16.16,07:00:55,2,8,77.65
2026-08-20,Humira,14.7,07:01:25,2,8,77.66
2026-08-20,Humira,6.99,07:01:55,2,8,0.0
2026-08-20,Humira,9.46,07:02:25,2,8,77.69
2026-08-20,Humira,6.39,07:02:55,2,8,0.0
2026-08-20,Humira,16.69,07:03:25,2,8,77.71
2026-08-20,Humira,10.57,07:03:55,2,8,77.72
2026-08-20,Humira,15.48,07:04:25,2,8,77.73
2026-08-20,Humira,11.34,07:04:55,2,8,77.74
2026-08-20,Humira,16.33,07:05:25,2,8,77.75
2026-08-20,Humira,12.35,07:05:55,2,8,77.76
2026-08-20,Humira,15.11,07:06:25,2,8,77.77
2026-08-20,Humira,13.9,07:06:55,2,8,77.78
2026-08-20,Humira,13.92,07:07:25,2,8,77.79
2026-08-20,Humira,10.11,07:07:55,2,8,77.81
2026-08-20,Humira,12.85,07:08:25,2,8,77.82
2026-08-20,Humira,13.56,07:08:55,2,8,77.83
2026-08-20,Humira,16.69,07:09:25,2,8,77.84
2026-08-20,Humira,13.43,07:09:55,2,8,77.85
2026-08-20,Humira,3.71,07:10:25,2,8,0.0
2026-08-20,Humira,10.93,07:10:55,2,8,77.87
2026-08-20,Humira,11.92,07:11:25,2,8,77.88
2026-08-20,Humira,15.75,07:11:55,2,8,77.89
2026-08-20,Humira,15.54,07:12:25,2,8,77.9
2026-08-20,Humira,11.15,07:12:55,2,8,77.91
2026-08-20,Humira,9.07,07:13:25,2,8,77.92
2026-08-20,Humira,4.53,07:13:55,2,8,0.0
2026-08-20,Humira,9.83,07:14:25,2,8,77.95
2026-08-20,Humira,5.92,07:14:55,2,8,0.0
2026-08-20,Humira,15.95,07:15:25,2,8,77.97
2026-08-20,Humira,7.68,07:15:55,2,8,0.0
2026-08-20,Humira,14.34,07:16:25,2,8,77.99
2026-08-20,Humira,16.61,07:16:55,2,8,78.0
2026-08-20,Humira,10.04,07:17:25,2,8,78.01
2026-08-20,Humira,5.13,07:17:55,2,8,0.0
2026-08-20,Humira,16.04,07:18:25,2,8,78.03
2026-08-20,Humira,10.56,07:18:55,2,8,78.04
2026-08-20,Humira,13.15,07:19:25,2,8,78.05
2026-08-20,Humira,14.12,07:19:55,2,8,78.06
2026-08-20,Humira,11.91,07:20:25,2,8,78.08
2026-08-20,Humira,11.23,07:20:55,2,8,78.09
2026-08-20,Humira,14.61,07:21:25,2,8,78.1
2026-08-20,Humira,9.87,07:21:55,2,8,78.11
2026-08-20,Humira,14.71,07:22:25,2,8,78.12
2026-08-20,Humira,13.7,07:22:55,2,8,78.13
2026-08-20,Humira,12.53,07:23:25,2,8,78.14
2026-08-20,Humira,14.03,07:23:55,2,8,78.15
2026-08-20,Humira,17.71,07:24:25,2,8,78.16
2026-08-20,Humira,2.97,07:24:55,2,8,0.0
2026-08-20,Humira,16.51,07:25:25,2,8,78.18
2026-08-20,Humira,11.27,07:25:55,2,8,78.2
2026-08-20,Humira,9.35,07:26:25,2,8,78.21
2026-08-20,Humira,15.35,07:26:55,2,8,78.22
2026-08-20,Humira,17.49,07:27:25,2,8,78.23
2026-08-20,Humira,14.11,07:27:55,2,8,78.24
2026-08-20,Humira,14.28,07:28:25,2,8,78.25
2026-08-20,Humira,9.72,07:28:55,2,8,78.26
2026-08-20,Humira,12.7,07:29:25,2,8,78.27
2026-08-20,Humira,6.34,07:29:55,2,8,0.0
2026-08-20,Humira,9.13,07:30:25,2,8,78.29
2026-08-20,Humira,17.11,07:30:55,2,8,78.3
2026-08-20,Humira,11.5,07:31:25,2,8,78.31
2026-08-20,Humira,5.87,07:31:55,2,8,0.0
2026-08-20,Humira,12.83,07:32:25,2,8,78.34
2026-08-20,Humira,15.16,07:32:55,2,8,78.35
2026-08-20,Humira,13.29,07:33:25,2,8,78.36
2026-08-20,Humira,2.91,07:33:55,2,8,0.0
2026-08-20,Humira,2.96,07:34:25,2,8,0.0
2026-08-20,Humira,17.46,07:34:55,2,8,78.39
2026-08-20,Humira,15.31,07:35:25,2,8,78.4
2026-08-20,Humira,9.62,07:35:55,2,8,78.41
2026-08-20,Humira,5.64,07:36:25,2,8,0.0
2026-08-20,Humira,12.96,07:36:55,2,8,78.43
2026-08-20,Humira,13.0,07:37:25,2,8,78.44
2026-08-20,Humira,14.14,07:37:55,2,8,78.45
2026-08-20,Humira,14.89,07:38:25,2,8,78.47
2026-08-20,Humira,14.96,07:38:55,2,8,78.48
2026-08-20,Humira,11.23,07:39:25,2,8,78.49
2026-08-20,Humira,9.06,07:39:55,2,8,78.5
2026-08-20,Humira,9.69,07:40:25,2,8,78.51
2026-08-20,Humira,11.14,07:40:55,2,8,78.52
2026-08-20,Humira,3.72,07:41:25,2,8,0.0
2026-08-20,Humira,15.14,07:41:55,2,8,78.54
2026-08-20,Humira,9.82,07:42:25,2,8,78.55
2026-08-20,Humira,7.02,07:42:55,2,8,0.0
2026-08-20,Humira,14.98,07:43:25,2,8,78.57
2026-08-20,Humira,10.73,07:43:55,2,8,78.59
2026-08-20,Humira,15.08,07:44:25,2,8,78.6
2026-08-20,Humira,10.99,07:44:55,2,8,78.61
2026-08-20,Humira,9.05,07:45:25,2,8,78.62
2026-08-20,Humira,10.44,07:45:55,2,8,78.63
2026-08-20,Humira,13.67,07:46:25,2,8,78.64
2026-08-20,Humira,17.43,07:46:55,2,8,78.65
2026-08-20,Humira,5.37,07:47:25,2,8,0.0
2026-08-20,Humira,16.81,07:47:55,2,8,78.67
2026-08-20,Humira,11.44,07:48:25,2,8,78.68
2026-08-20,Humira,2.91,07:48:55,2,8,0.0
2026-08-20,Humira,4.06,07:49:25,2,8,0.0
2026-08-20,Humira,15.56,07:49:55,2,8,78.72
2026-08-20,Humira,11.81,07:50:25,2,8,78.73
2026-08-20,Humira,10.93,07:50:55,2,8,78.74
2026-08-20,Humira,13.61,07:51:25,2,8,78.75
2026-08-20,Humira,5.13,07:51:55,2,8,0.0
2026-08-20,Humira,14.5,07:52:25,2,8,78.77
2026-08-20,Humira,16.9,07:52:55,2,8,78.78
2026-08-20,Humira,12.61,07:53:25,2,8,78.79
2026-08-20,Humira,14.97,07:53:55,2,8,78.8
2026-08-20,Humira,7.47,07:54:25,2,8,0.0
2026-08-20,Humira,16.86,07:54:55,2,8,78.82
2026-08-20,Humira,7.1,07:55:25,2,8,0.0
2026-08-20,Humira,5.85,07:55:55,2,8,0.0
2026-08-20,Humira,13.58,07:56:25,2,8,78.86
2026-08-20,Humira,16.23,07:56:55,2,8,78.87
2026-08-20,Humira,16.77,07:57:25,2,8,78.88
2026-08-20,Humira,14.31,07:57:55,2,8,78.89
2026-08-20,Humira,15.99,07:58:25,2,8,78.9
2026-08-20,Humira,3.31,07:58:55,2,8,0.0
2026-08-20,Humira,11.13,07:59:25,2,8,78.92
2026-08-20,Humira,6.67,07:59:55,2,8,0.0
2026-08-20,Humira,10.35,08:00:25,2,8,78.94
2026-08-20,Humira,15.97,08:00:55,2,8,78.95
2026-08-20,Humira,17.77,08:01:25,2,8,78.96
2026-08-20,Humira,10.1,08:01:55,2,8,78.98
2026-08-20,Humira,9.67,08:02:25,2,8,78.99
2026-08-20,Humira,15.68,08:02:55,2,8,79.0
2026-08-20,Humira,16.41,08:03:25,2,8,79.01
2026-08-20,Humira,6.91,08:03:55,2,8,0.0
2026-08-20,Humira,11.04,08:04:25,2,8,79.03
2026-08-20,Humira,10.11,08:04:55,2,8,79.04
2026-08-20,Humira,16.84,08:05:25,2,8,79.05
2026-08-20,Humira,9.23,08:05:55,2,8,79.06
2026-08-20,Humira,17.38,08:06:25,2,8,79.07
2026-08-20,Humira,10.3,08:06:55,2,8,79.08
2026-08-20,Humira,9.71,08:07:25,2,8,79.09
2026-08-20,Humira,5.27,08:07:55,2,8,0.0
2026-08-20,Humira,17.81,08:08:25,2,8,79.12
2026-08-20,Humira,15.23,08:08:55,2,8,79.13
2026-08-20,Humira,5.86,08:09:25,2,8,0.0
2026-08-20,Humira,17.43,08:09:55,2,8,79.15
2026-08-20,Humira,16.65,08:10:25,2,8,79.16
2026-08-20,Humira,11.41,08:10:55,2,8,79.17
2026-08-20,Humira,4.17,08:11:25,2,8,0.0
2026-08-20,Humira,7.28,08:11:55,2,8,0.0
2026-08-20,Humira,13.39,08:12:25,2,8,79.2
2026-08-20,Humira,17.2,08:12:55,2,8,79.21
2026-08-20,Humira,17.37,08:13:25,2,8,79.22
2026-08-20,Humira,14.08,08:13:55,2,8,79.23
2026-08-20,Humira,10.52,08:14:25,2,8,79.25
2026-08-20,Humira,12.64,08:14:55,2,8,79.26
2026-08-20,Humira,13.46,08:15:25,2,8,79.27
2026-08-20,Humira,14.29,08:15:55,2,8,79.28
2026-08-20,Humira,14.49,08:16:25,2,8,79.29
2026-08-20,Humira,12.34,08:16:55,2,8,79.3
2026-08-20,Humira,11.6,08:17:25,2,8,79.31
2026-08-20,Humira,4.01,08:17:55,2,8,0.0
2026-08-20,Humira,9.49,08:18:25,2,8,79.33
2026-08-20,Humira,17.01,08:18:55,2,8,79.34
2026-08-20,Humira,10.96,08:19:25,2,8,79.35
2026-08-20,Humira,3.66,08:19:55,2,8,0.0
2026-08-20,Humira,3.27,08:20:25,2,8,0.0
2026-08-20,Humira,7.34,08:20:55,2,8,0.0
2026-08-20,Humira,11.06,08:21:25,2,8,79.4
2026-08-20,Humira,17.8,08:21:55,2,8,79.41
2026-08-20,Humira,15.15,08:22:25,2,8,79.42
2026-08-20,Humira,11.02,08:22:55,2,8,79.43
2026-08-20,Humira,9.54,08:23:25,2,8,79.44
2026-08-20,Humira,9.64,08:23:55,2,8,79.45
2026-08-20,Humira,12.31,08:24:25,2,8,79.46
2026-08-20,Humira,14.86,08:24:55,2,8,79.47
2026-08-20,Humira,16.1,08:25:25,2,8,79.48
2026-08-20,Humira,6.53,08:25:55,2,8,0.0
2026-08-20,Humira,10.67,08:26:25,2,8,79.51
2026-08-20,Humira,15.81,08:26:55,2,8,79.52
2026-08-20,Humira,9.1,08:27:25,2,8,79.53
2026-08-20,Humira,2.11,08:27:55,2,8,0.0
2026-08-20,Humira,11.04,08:28:25,2,8,79.55
2026-08-20,Humira,14.38,08:28:55,2,8,79.56
2026-08-20,Humira,4.89,08:29:25,2,8,0.0
2026-08-20,Humira,14.71,08:29:55,2,8,79.58
2026-08-20,Humira,17.01,08:30:25,2,8,79.59
2026-08-20,Humira,14.86,08:30:55,2,8,79.6
2026-08-20,Humira,10.4,08:31:25,2,8,79.61
2026-08-20,Humira,17.99,08:31:55,2,8,79.62
2026-08-20,Humira,3.5,08:32:25,2,8,0.0
2026-08-20,Humira,5.13,08:32:55,2,8,0.0
2026-08-20,Humira,9.3,08:33:25,2,8,79.66
2026-08-20,Humira,12.99,08:33:55,2,8,79.67
2026-08-20,Humira,10.12,08:34:25,2,8,79.68
2026-08-20,Humira,17.43,08:34:55,2,8,79.69
2026-08-20,Humira,4.03,08:35:25,2,8,0.0
2026-08-20,Humira,9.27,08:35:55,2,8,79.71
2026-08-20,Humira,10.36,08:36:25,2,8,79.72
2026-08-20,Humira,15.65,08:36:55,2,8,79.73
2026-08-20,Humira,14.33,08:37:25,2,8,79.74
2026-08-20,Humira,12.57,08:37:55,2,8,79.76
2026-08-20,Humira,11.11,08:38:25,2,8,79.77
2026-08-20,Humira,10.66,08:38:55,2,8,79.78
2026-08-20,Humira,14.94,08:39:25,2,8,79.79
2026-08-20,Humira,13.24,08:39:55,2,8,79.8
2026-08-20,Humira,12.19,08:40:25,2,8,79.81
2026-08-20,Humira,16.15,08:40:55,2,8,79.82
2026-08-20,Humira,2.68,08:41:25,2,8,0.0
2026-08-20,Humira,9.78,08:41:55,2,8,79.84
2026-08-20,Humira,10.33,08:42:25,2,8,79.85
2026-08-20,Humira,15.53,08:42:55,2,8,79.86
2026-08-20,Humira,16.76,08:43:25,2,8,79.87
2026-08-20,Humira,15.75,08:43:55,2,8,79.89
2026-08-20,Humira,9.13,08:44:25,2,8,79.9
2026-08-20,Humira,3.89,08:44:55,2,8,0.0
2026-08-20,Humira,4.86,08:45:25,2,8,0.0
2026-08-20,Humira,2.09,08:45:55,2,8,0.0
2026-08-20,Humira,17.0,08:46:25,2,8,79.94
2026-08-20,Humira,11.16,08:46:55,2,8,79.95
2026-08-20,Humira,7.37,08:47:25,2,8,0.0
2026-08-20,Humira,6.21,08:47:55,2,8,0.0
2026-08-20,Humira,11.51,08:48:25,2,8,79.98
2026-08-20,Humira,14.51,08:48:55,2,8,79.99
2026-08-20,Humira,10.88,08:49:25,2,8,80.0
2026-08-20,Humira,9.52,08:49:55,2,8,80.02
2026-08-20,Humira,9.54,08:50:25,2,8,80.03
2026-08-20,Humira,15.14,08:50:55,2,8,80.04
2026-08-20,Humira,7.11,08:51:25,2,8,0.0
2026-08-20,Humira,12.6,08:51:55,2,8,80.06
2026-08-20,Humira,12.84,08:52:25,2,8,80.07
2026-08-20,Humira,13.11,08:52:55,2,8,80.08
2026-08-20,Humira,2.98,08:53:25,2,8,0.0
2026-08-20,Humira,12.69,08:53:55,2,8,80.1
2026-08-20,Humira,9.82,08:54:25,2,8,80.11
2026-08-20,Humira,17.78,08:54:55,2,8,80.12
2026-08-20,Humira,7.46,08:55:25,2,8,0.0
2026-08-20,Humira,13.02,08:55:55,2,8,80.14
2026-08-20,Humira,13.04,08:56:25,2,8,80.16
2026-08-20,Humira,4.1,08:56:55,2,8,0.0
2026-08-20,Humira,9.04,08:57:25,2,8,80.18
2026-08-20,Humira,10.17,08:57:55,2,8,80.19
2026-08-20,Humira,14.05,08:58:25,2,8,80.2
2026-08-20,Humira,10.1,08:58:55,2,8,80.21
2026-08-20,Humira,6.32,08:59:25,2,8,0.0
2026-08-20,Humira,12.03,08:59:55,2,8,80.23
2026-08-20,Humira,13.74,09:00:25,2,8,80.24
2026-08-20,Humira,16.58,09:00:55,2,8,80.25
2026-08-20,Humira,5.65,09:01:25,2,8,0.0
2026-08-20,Humira,2.33,09:01:55,2,8,0.0
2026-08-20,Humira,16.71,09:02:25,2,8,80.29
2026-08-20,Humira,2.56,09:02:55,2,8,0.0
2026-08-20,Humira,16.54,09:03:25,2,8,80.31
2026-08-20,Humira,7.37,09:03:55,2,8,0.0
2026-08-20,Humira,11.06,09:04:25,2,8,80.33
2026-08-20,Humira,10.19,09:04:55,2,8,80.34
2026-08-20,Humira,11.99,09:05:25,2,8,80.35
2026-08-20,Humira,16.23,09:05:55,2,8,80.36
2026-08-20,Humira,15.33,09:06:25,2,8,80.37
2026-08-20,Humira,12.44,09:06:55,2,8,80.38
2026-08-20,Humira,6.62,09:07:25,2,8,0.0
2026-08-20,Humira,14.06,09:07:55,2,8,80.41
2026-08-20,Humira,11.24,09:08:25,2,8,80.42
2026-08-20,Humira,12.99,09:08:55,2,8,80.43
2026-08-20,Humira,4.77,09:09:25,2,8,0.0
2026-08-20,Humira,6.96,09:09:55,2,8,0.0
2026-08-20,Humira,3.81,09:10:25,2,8,0.0
2026-08-20,Humira,15.34,09:10:55,2,8,80.47
2026-08-20,Humira,13.61,09:11:25,2,8,80.48
2026-08-20,Humira,11.87,09:11:55,2,8,80.49
2026-08-20,Humira,17.74,09:12:25,2,8,80.5
2026-08-20,Humira,9.39,09:12:55,2,8,80.51
2026-08-20,Humira,15.63,09:13:25,2,8,80.52
2026-08-20,Humira,10.33,09:13:55,2,8,80.54
2026-08-20,Humira,12.16,09:14:25,2,8,80.55
2026-08-20,Humira,11.17,09:14:55,2,8,80.56
2026-08-20,Humira,13.1,09:15:25,2,8,80.57
2026-08-20,Humira,4.96,09:15:55,2,8,0.0
2026-08-20,Humira,16.18,09:16:25,2,8,80.59
2026-08-20,Humira,14.84,09:16:55,2,8,80.6
2026-08-20,Humira,17.07,09:17:25,2,8,80.61
2026-08-20,Humira,9.43,09:17:55,2,8,80.62
2026-08-20,Humira,3.81,09:18:25,2,8,0.0
2026-08-20,Humira,17.65,09:18:55,2,8,80.64
2026-08-20,Humira,4.86,09:19:25,2,8,0.0
2026-08-20,Humira,13.5,09:19:55,2,8,80.66
2026-08-20,Humira,11.19,09:20:25,2,8,80.68
2026-08-20,Humira,3.82,09:20:55,2,8,0.0
2026-08-20,Humira,12.33,09:21:25,2,8,80.7
2026-08-20,Humira,15.79,09:21:55,2,8,80.71
2026-08-20,Humira,14.25,09:22:25,2,8,80.72
2026-08-20,Humira,14.31,09:22:55,2,8,80.73
2026-08-20,Humira,9.6,09:23:25,2,8,80.74
2026-08-20,Humira,3.81,09:23:55,2,8,0.0
2026-08-20,Humira,2.19,09:24:25,2,8,0.0
2026-08-20,Humira,11.0,09:24:55,2,8,80.77
2026-08-20,Humira,14.52,09:25:25,2,8,80.78
2026-08-20,Humira,9.69,09:25:55,2,8,80.8
2026-08-20,Humira,14.97,09:26:25,2,8,80.81
2026-08-20,Humira,13.77,09:26:55,2,8,80.82
2026-08-20,Humira,16.06,09:27:25,2,8,80.83
2026-08-20,Humira,13.43,09:27:55,2,8,80.84
2026-08-20,Humira,11.65,09:28:25,2,8,80.85
2026-08-20,Humira,15.59,09:28:55,2,8,80.86
2026-08-20,Humira,4.78,09:29:25,2,8,0.0
2026-08-20,Humira,12.21,09:29:55,2,8,80.88
2026-08-20,Humira,11.74,09:30:25,2,8,80.89
2026-08-20,Humira,16.12,09:30:55,2,8,80.9
2026-08-20,Humira,12.97,09:31:25,2,8,80.91
2026-08-20,Humira,3.68,09:31:55,2,8,0.0
2026-08-20,Humira,11.95,09:32:25,2,8,80.94
2026-08-20,Humira,14.62,09:32:55,2,8,80.95
2026-08-20,Humira,12.98,09:33:25,2,8,80.96
2026-08-20,Humira,13.39,09:33:55,2,8,80.97
2026-08-20,Humira,12.74,09:34:25,2,8,80.98
2026-08-20,Humira,6.24,09:34:55,2,8,0.0
2026-08-20,Humira,13.77,09:35:25,2,8,81.0
2026-08-20,Humira,16.86,09:35:55,2,8,81.01
2026-08-20,Humira,16.2,09:36:25,2,8,81.02
2026-08-20,Humira,12.56,09:36:55,2,8,81.03
2026-08-20,Humira,3.42,09:37:25,2,8,0.0
2026-08-20,Humira,5.38,09:37:55,2,8,0.0
2026-08-20,Humira,17.48,09:38:25,2,8,81.07
2026-08-20,Humira,16.33,09:38:55,2,8,81.08
2026-08-20,Humira,4.39,09:39:25,2,8,0.0
2026-08-20,Humira,17.32,09:39:55,2,8,81.1
2026-08-20,Humira,13.05,09:40:25,2,8,81.11
2026-08-20,Humira,4.38,09:40:55,2,8,0.0
2026-08-20,Humira,3.38,09:41:25,2,8,0.0
2026-08-20,Humira,12.92,09:41:55,2,8,81.14
2026-08-20,Humira,5.39,09:42:25,2,8,0.0
2026-08-20,Humira,11.85,09:42:55,2,8,81.16
2026-08-20,Humira,3.54,09:43:25,2,8,0.0
2026-08-20,Humira,10.75,09:43:55,2,8,81.19
2026-08-20,Humira,15.84,09:44:25,2,8,81.2
2026-08-20,Humira,13.3,09:44:55,2,8,81.21
2026-08-20,Humira,15.02,09:45:25,2,8,81.22
2026-08-20,Humira,10.67,09:45:55,2,8,81.23
2026-08-20,Humira,12.78,09:46:25,2,8,81.24
2026-08-20,Humira,9.66,09:46:55,2,8,81.25
2026-08-20,Humira,15.29,09:47:25,2,8,81.26
2026-08-20,Humira,12.58,09:47:55,2,8,81.27
2026-08-20,Humira,11.1,09:48:25,2,8,81.28
2026-08-20,Humira,16.54,09:48:55,2,8,81.29
2026-08-20,Humira,13.82,09:49:25,2,8,81.3
2026-08-20,Humira,16.14,09:49:55,2,8,81.31
2026-08-20,Humira,5.1,09:50:25,2,8,0.0
2026-08-20,Humira,12.78,09:50:55,2,8,81.34
2026-08-20,Humira,6.13,09:51:25,2,8,0.0
2026-08-20,Humira,10.24,09:51:55,2,8,81.36
2026-08-20,Humira,15.2,09:52:25,2,8,81.37
2026-08-20,Humira,12.94,09:52:55,2,8,81.38
2026-08-20,Humira,14.88,09:53:25,2,8,81.39
2026-08-20,Humira,7.96,09:53:55,2,8,0.0
2026-08-20,Humira,15.83,09:54:25,2,8,81.41
2026-08-20,Humira,9.96,09:54:55,2,8,81.42
2026-08-20,Humira,17.42,09:55:25,2,8,81.43
2026-08-20,Humira,13.1,09:55:55,2,8,81.45
2026-08-20,Humira,13.06,09:56:25,2,8,81.46
2026-08-20,Humira,7.71,09:56:55,2,8,0.0
2026-08-20,Humira,11.57,09:57:25,2,8,81.48
2026-08-20,Humira,13.43,09:57:55,2,8,81.49
2026-08-20,Humira,15.7,09:58:25,2,8,81.5
2026-08-20,Humira,3.96,09:58:55,2,8,0.0
2026-08-20,Humira,16.54,09:59:25,2,8,81.52
2026-08-20,Humira,3.97,09:59:55,2,8,0.0
2026-08-20,Humira,16.62,10:00:25,2,8,81.54
2026-08-20,Humira,15.3,10:00:55,2,8,81.55
2026-08-20,Humira,17.26,10:01:25,2,8,81.56
2026-08-20,Humira,10.71,10:01:55,2,8,81.58
2026-08-20,Humira,4.37,10:02:25,2,8,0.0
2026-08-20,Humira,3.91,10:02:55,2,8,0.0
2026-08-20,Humira,3.72,10:03:25,2,8,0.0
2026-08-20,Humira,10.91,10:03:55,2,8,81.62
2026-08-20,Humira,9.55,10:04:25,2,8,81.63
2026-08-20,Humira,10.39,10:04:55,2,8,81.64
2026-08-20,Humira,10.51,10:05:25,2,8,81.65
2026-08-20,Humira,13.57,10:05:55,2,8,81.66
2026-08-20,Humira,9.45,10:06:25,2,8,81.67
2026-08-20,Humira,9.82,10:06:55,2,8,81.68
2026-08-20,Humira,9.85,10:07:25,2,8,81.69
2026-08-20,Humira,2.28,10:07:55,2,8,0.0
2026-08-20,Humira,2.32,10:08:25,2,8,0.0
2026-08-20,Humira,14.53,10:08:55,2,8,81.73
2026-08-20,Humira,3.17,10:09:25,2,8,0.0
2026-08-20,Humira,13.44,10:09:55,2,8,81.75
2026-08-20,Humira,14.96,10:10:25,2,8,81.76
2026-08-20,Humira,9.21,10:10:55,2,8,81.77
2026-08-20,Humira,9.86,10:11:25,2,8,81.78
2026-08-20,Humira,14.76,10:11:55,2,8,81.79
2026-08-20,Humira,16.07,10:12:25,2,8,81.8
2026-08-20,Humira,13.0,10:12:55,2,8,81.81
2026-08-20,Humira,9.27,10:13:25,2,8,81.82
2026-08-20,Humira,10.53,10:13:55,2,8,81.84
2026-08-20,Humira,10.19,10:14:25,2,8,81.85
2026-08-20,Humira,14.23,10:14:55,2,8,81.86
2026-08-20,Humira,17.99,10:15:25,2,8,81.87
2026-08-20,Humira,11.98,10:15:55,2,8,81.88
2026-08-20,Humira,7.48,10:16:25,2,8,0.0
2026-08-20,Humira,2.3,10:16:55,2,8,0.0
2026-08-20,Humira,15.68,10:17:25,2,8,81.91
2026-08-20,Humira,7.26,10:17:55,2,8,0.0
2026-08-20,Humira,17.09,10:18:25,2,8,81.93
2026-08-20,Humira,9.95,10:18:55,2,8,81.94
2026-08-20,Humira,16.0,10:19:25,2,8,81.95
2026-08-20,Humira,16.32,10:19:55,2,8,81.97
2026-08-20,Humira,15.83,10:20:25,2,8,81.98
2026-08-20,Humira,10.7,10:20:55,2,8,81.99
2026-08-20,Humira,11.75,10:21:25,2,8,82.0
2026-08-20,Humira,9.82,10:21:55,2,8,82.01
2026-08-20,Humira,17.31,10:22:25,2,8,82.02
2026-08-20,Humira,12.74,10:22:55,2,8,82.03
2026-08-20,Humira,10.22,10:23:25,2,8,82.04
2026-08-20,Humira,14.85,10:23:55,2,8,82.05
2026-08-20,Humira,5.0,10:24:25,2,8,0.0
2026-08-20,Humira,10.04,10:24:55,2,8,82.07
2026-08-20,Humira,5.81,10:25:25,2,8,0.0
2026-08-20,Humira,10.26,10:25:55,2,8,82.09
2026-08-20,Humira,10.18,10:26:25,2,8,82.11
2026-08-20,Humira,6.16,10:26:55,2,8,0.0
2026-08-20,Humira,16.42,10:27:25,2,8,82.13
2026-08-20,Humira,17.6,10:27:55,2,8,82.14
2026-08-20,Humira,11.0,10:28:25,2,8,82.15
2026-08-20,Humira,9.56,10:28:55,2,8,82.16
2026-08-20,Humira,15.18,10:29:25,2,8,82.17
2026-08-20,Humira,16.04,10:29:55,2,8,82.18
2026-08-20,Humira,9.66,10:30:25,2,8,82.19
2026-08-20,Humira,7.65,10:30:55,2,8,0.0
2026-08-20,Humira,7.61,10:31:25,2,8,0.0
2026-08-20,Humira,4.86,10:31:55,2,8,0.0
2026-08-20,Humira,16.55,10:32:25,2,8,82.24
2026-08-20,Humira,10.09,10:32:55,2,8,82.25
2026-08-20,Humira,12.72,10:33:25,2,8,82.26
2026-08-20,Humira,14.78,10:33:55,2,8,82.27
2026-08-20,Humira,12.41,10:34:25,2,8,82.28
2026-08-20,Humira,2.13,10:34:55,2,8,0.0
2026-08-20,Humira,12.04,10:35:25,2,8,82.3
2026-08-20,Humira,5.39,10:35:55,2,8,0.0
2026-08-20,Humira,13.6,10:36:25,2,8,82.32
2026-08-20,Humira,10.95,10:36:55,2,8,82.33
2026-08-20,Humira,13.87,10:37:25,2,8,82.34
2026-08-20,Humira,5.14,10:37:55,2,8,0.0
2026-08-20,Humira,9.07,10:38:25,2,8,82.37
2026-08-20,Humira,16.83,10:38:55,2,8,82.38
2026-08-20,Humira,17.66,10:39:25,2,8,82.39
2026-08-20,Humira,15.94,10:39:55,2,8,82.4
2026-08-20,Humira,16.4,10:40:25,2,8,82.41
2026-08-20,Humira,17.28,10:40:55,2,8,82.42
2026-08-20,Humira,16.6,10:41:25,2,8,82.43
2026-08-20,Humira,2.36,10:41:55,2,8,0.0
2026-08-20,Humira,9.07,10:42:25,2,8,82.45
2026-08-20,Humira,11.2,10:42:55,2,8,82.46
2026-08-20,Humira,12.53,10:43:25,2,8,82.47
2026-08-20,Humira,13.82,10:43:55,2,8,82.48
2026-08-20,Humira,10.02,10:44:25,2,8,82.5
2026-08-20,Humira,17.48,10:44:55,2,8,82.51
2026-08-20,Humira,14.81,10:45:25,2,8,82.52
2026-08-20,Humira,6.53,10:45:55,2,8,0.0
2026-08-20,Humira,14.37,10:46:25,2,8,82.54
2026-08-20,Humira,14.28,10:46:55,2,8,82.55
2026-08-20,Humira,10.5,10:47:25,2,8,82.56
2026-08-20,Humira,9.83,10:47:55,2,8,82.57
2026-08-20,Humira,14.33,10:48:25,2,8,82.58
2026-08-20,Humira,15.44,10:48:55,2,8,82.59
2026-08-20,Humira,11.55,10:49:25,2,8,82.6
2026-08-20,Humira,3.34,10:49:55,2,8,0.0
2026-08-20,Humira,13.26,10:50:25,2,8,82.63
2026-08-20,Humira,16.48,10:50:55,2,8,82.64
2026-08-20,Humira,2.7,10:51:25,2,8,0.0
2026-08-20,Humira,17.28,10:51:55,2,8,82.66
2026-08-20,Humira,6.79,10:52:25,2,8,0.0
2026-08-20,Humira,11.41,10:52:55,2,8,82.68
2026-08-20,Humira,16.86,10:53:25,2,8,82.69
2026-08-20,Humira,9.9,10:53:55,2,8,82.7
2026-08-20,Humira,16.13,10:54:25,2,8,82.71
2026-08-20,Humira,13.42,10:54:55,2,8,82.72
2026-08-20,Humira,5.1,10:55:25,2,8,0.0
2026-08-20,Humira,12.23,10:55:55,2,8,82.75
2026-08-20,Humira,11.87,10:56:25,2,8,82.76
2026-08-20,Humira,2.74,10:56:55,2,8,0.0
2026-08-20,Humira,11.38,10:57:25,2,8,82.78
2026-08-20,Humira,10.08,10:57:55,2,8,82.79
2026-08-20,Humira,10.91,10:58:25,2,8,82.8
2026-08-20,Humira,4.53,10:58:55,2,8,0.0
2026-08-20,Humira,5.53,10:59:25,2,8,0.0
2026-08-20,Humira,13.63,10:59:55,2,8,82.83
2026-08-20,Humira,10.01,11:00:25,2,8,82.84
2026-08-20,Humira,13.26,11:00:55,2,8,82.85
2026-08-20,Humira,9.62,11:01:25,2,8,82.86
2026-08-20,Humira,15.6,11:01:55,2,8,82.88
2026-08-20,Humira,13.19,11:02:25,2,8,82.89
2026-08-20,Humira,12.7,11:02:55,2,8,82.9
2026-08-20,Humira,12.98,11:03:25,2,8,82.91
2026-08-20,Humira,9.81,11:03:55,2,8,82.92
2026-08-20,Humira,17.28,11:04:25,2,8,82.93
2026-08-20,Humira,14.48,11:04:55,2,8,82.94
2026-08-20,Humira,11.15,11:05:25,2,8,82.95
2026-08-20,Humira,9.4,11:05:55,2,8,82.96
2026-08-20,Humira,9.63,11:06:25,2,8,82.97
2026-08-20,Humira,14.98,11:06:55,2,8,82.98
2026-08-20,Humira,12.76,11:07:25,2,8,82.99
2026-08-20,Humira,5.6,11:07:55,2,8,0.0
2026-08-20,Humira,6.3,11:08:25,2,8,0.0
2026-08-20,Humira,2.25,11:08:55,2,8,0.0
2026-08-20,Humira,10.26,11:09:25,2,8,83.04
2026-08-20,Humira,13.74,11:09:55,2,8,83.05
2026-08-20,Humira,10.2,11:10:25,2,8,83.06
2026-08-20,Humira,16.54,11:10:55,2,8,83.07
2026-08-20,Humira,9.51,11:11:25,2,8,83.08
2026-08-20,Humira,17.83,11:11:55,2,8,83.09
2026-08-20,Humira,12.88,11:12:25,2,8,83.1
2026-08-20,Humira,11.6,11:12:55,2,8,83.11
2026-08-20,Humira,16.47,11:13:25,2,8,83.12
2026-08-20,Humira,16.14,11:13:55,2,8,83.14
2026-08-20,Humira,14.87,11:14:25,2,8,83.15
2026-08-20,Humira,9.29,11:14:55,2,8,83.16
2026-08-20,Humira,13.22,11:15:25,2,8,83.17
2026-08-20,Humira,13.5,11:15:55,2,8,83.18
2026-08-20,Humira,2.45,11:16:25,2,8,0.0
2026-08-20,Humira,9.33,11:16:55,2,8,83.2
2026-08-20,Humira,12.69,11:17:25,2,8,83.21
2026-08-20,Humira,13.09,11:17:55,2,8,83.22
2026-08-20,Humira,6.89,11:18:25,2,8,0.0
2026-08-20,Humira,15.2,11:18:55,2,8,83.24
2026-08-20,Humira,17.78,11:19:25,2,8,83.25
2026-08-20,Humira,5.14,11:19:55,2,8,0.0
2026-08-20,Humira,15.37,11:20:25,2,8,83.28
2026-08-20,Humira,10.68,11:20:55,2,8,83.29
2026-08-20,Humira,13.75,11:21:25,2,8,83.3
2026-08-20,Humira,17.17,11:21:55,2,8,83.31
2026-08-20,Humira,10.17,11:22:25,2,8,83.32
2026-08-20,Humira,4.8,11:22:55,2,8,0.0
2026-08-20,Humira,15.87,11:23:25,2,8,83.34
2026-08-20,Humira,15.73,11:23:55,2,8,83.35
2026-08-20,Humira,16.43,11:24:25,2,8,83.36
2026-08-20,Humira,11.34,11:24:55,2,8,83.37
2026-08-20,Humira,11.04,11:25:25,2,8,83.38
2026-08-20,Humira,15.76,11:25:55,2,8,83.4
2026-08-20,Humira,17.36,11:26:25,2,8,83.41
2026-08-20,Humira,12.52,11:26:55,2,8,83.42
2026-08-20,Humira,15.91,11:27:25,2,8,83.43
2026-08-20,Humira,15.34,11:27:55,2,8,83.44
2026-08-20,Humira,14.37,11:28:25,2,8,83.45
2026-08-20,Humira,15.19,11:28:55,2,8,83.46
2026-08-20,Humira,13.31,11:29:25,2,8,83.47
2026-08-20,Humira,15.41,11:29:55,2,8,83.48
2026-08-20,Humira,6.71,11:30:25,2,8,0.0
2026-08-20,Humira,10.41,11:30:55,2,8,83.5
2026-08-20,Humira,12.65,11:31:25,2,8,83.51
2026-08-20,Humira,5.33,11:31:55,2,8,0.0
2026-08-20,Humira,5.47,11:32:25,2,8,0.0
2026-08-20,Humira,7.67,11:32:55,2,8,0.0
2026-08-20,Humira,17.89,11:33:25,2,8,83.56
2026-08-20,Humira,13.92,11:33:55,2,8,83.57
2026-08-20,Humira,3.5,11:34:25,2,8,0.0
2026-08-20,Humira,17.13,11:34:55,2,8,83.59
2026-08-20,Humira,2.14,11:35:25,2,8,0.0
2026-08-20,Humira,11.12,11:35:55,2,8,83.61
2026-08-20,Humira,14.35,11:36:25,2,8,83.62
2026-08-20,Humira,9.94,11:36:55,2,8,83.63
2026-08-20,Humira,15.97,11:37:25,2,8,83.64
2026-08-20,Humira,16.63,11:37:55,2,8,83.66
2026-08-20,Humira,10.89,11:38:25,2,8,83.67
2026-08-20,Humira,2.65,11:38:55,2,8,0.0
2026-08-20,Humira,5.04,11:39:25,2,8,0.0
2026-08-20,Humira,14.29,11:39:55,2,8,83.7
2026-08-20,Humira,4.82,11:40:25,2,8,0.0
2026-08-20,Humira,14.49,11:40:55,2,8,83.72
2026-08-20,Humira,3.15,11:41:25,2,8,0.0
2026-08-20,Humira,3.67,11:41:55,2,8,0.0
2026-08-20,Humira,9.98,11:42:25,2,8,83.75
2026-08-20,Humira,11.04,11:42:55,2,8,83.76
2026-08-20,Humira,14.62,11:43:25,2,8,83.77
2026-08-20,Humira,3.97,11:43:55,2,8,0.0
2026-08-20,Humira,10.49,11:44:25,2,8,83.8
2026-08-20,Humira,3.04,11:44:55,2,8,0.0
2026-08-20,Humira,3.35,11:45:25,2,8,0.0
2026-08-20,Humira,9.84,11:45:55,2,8,83.83
2026-08-20,Humira,16.39,11:46:25,2,8,83.84
2026-08-20,Humira,12.7,11:46:55,2,8,83.85
2026-08-20,Humira,10.31,11:47:25,2,8,83.86
2026-08-20,Humira,11.59,11:47:55,2,8,83.87
2026-08-20,Humira,10.32,11:48:25,2,8,83.88
2026-08-20,Humira,16.96,11:48:55,2,8,83.89
2026-08-20,Humira,16.14,11:49:25,2,8,83.9
2026-08-20,Humira,10.08,11:49:55,2,8,83.92
2026-08-20,Humira,11.53,11:50:25,2,8,83.93
2026-08-20,Humira,5.44,11:50:55,2,8,0.0
2026-08-20,Humira,10.01,11:51:25,2,8,83.95
2026-08-20,Humira,7.9,11:51:55,2,8,0.0
2026-08-20,Humira,9.37,11:52:25,2,8,83.97
2026-08-20,Humira,2.69,11:52:55,2,8,0.0
2026-08-20,Humira,17.06,11:53:25,2,8,83.99
2026-08-20,Humira,6.18,11:53:55,2,8,0.0
2026-08-20,Humira,16.42,11:54:25,2,8,84.01
2026-08-20,Humira,15.43,11:54:55,2,8,84.02
2026-08-20,Humira,14.75,11:55:25,2,8,84.03
2026-08-20,Humira,16.59,11:55:55,2,8,84.05
2026-08-20,Humira,4.77,11:56:25,2,8,0.0
2026-08-20,Humira,12.0,11:56:55,2,8,84.07
2026-08-20,Humira,15.0,11:57:25,2,8,84.08
2026-08-20,Humira,11.27,11:57:55,2,8,84.09
2026-08-20,Humira,13.31,11:58:25,2,8,84.1
2026-08-20,Humira,17.4,11:58:55,2,8,84.11
2026-08-20,Humira,15.54,11:59:25,2,8,84.12
2026-08-20,Humira,11.98,11:59:55,2,8,84.13
2026-08-20,Humira,14.87,12:00:25,2,8,84.14
2026-08-20,Humira,16.96,12:00:55,2,8,84.15
2026-08-20,Humira,16.54,12:01:25,2,8,84.16
2026-08-20,Humira,12.7,12:01:55,2,8,84.17
2026-08-20,Humira,12.81,12:02:25,2,8,84.19
2026-08-20,Humira,11.05,12:02:55,2,8,84.2
2026-08-20,Humira,17.22,12:03:25,2,8,84.21
2026-08-20,Humira,15.6,12:03:55,2,8,84.22
2026-08-20,Humira,13.61,12:04:25,2,8,84.23
2026-08-20,Humira,9.58,12:04:55,2,8,84.24
2026-08-20,Humira,11.08,12:05:25,2,8,84.25
2026-08-20,Humira,15.42,12:05:55,2,8,84.26
2026-08-20,Humira,17.99,12:06:25,2,8,84.27
2026-08-20,Humira,16.02,12:06:55,2,8,84.28
2026-08-20,Humira,2.25,12:07:25,2,8,0.0
2026-08-20,Humira,2.64,12:07:55,2,8,0.0
2026-08-20,Humira,5.67,12:08:25,2,8,0.0
2026-08-20,Humira,12.25,12:08:55,2,8,84.33
2026-08-20,Humira,10.8,12:09:25,2,8,84.34
2026-08-20,Humira,16.07,12:09:55,2,8,84.35
2026-08-20,Humira,7.12,12:10:25,2,8,0.0
2026-08-20,Humira,2.86,12:10:55,2,8,0.0
2026-08-20,Humira,14.85,12:11:25,2,8,84.38
2026-08-20,Humira,6.94,12:11:55,2,8,0.0
2026-08-20,Humira,15.5,12:12:25,2,8,84.4
2026-08-20,Humira,9.13,12:12:55,2,8,84.41
2026-08-20,Humira,11.54,12:13:25,2,8,84.42
2026-08-20,Humira,13.49,12:13:55,2,8,84.44
2026-08-20,Humira,14.42,12:14:25,2,8,84.45
2026-08-20,Humira,15.36,12:14:55,2,8,84.46
2026-08-20,Humira,4.58,12:15:25,2,8,0.0
2026-08-20,Humira,15.65,12:15:55,2,8,84.48
2026-08-20,Humira,14.88,12:16:25,2,8,84.49
2026-08-20,Humira,13.59,12:16:55,2,8,84.5
2026-08-20,Humira,2.42,12:17:25,2,8,0.0
2026-08-20,Humira,10.36,12:17:55,2,8,84.52
2026-08-20,Humira,15.55,12:18:25,2,8,84.53
2026-08-20,Humira,17.74,12:18:55,2,8,84.54
2026-08-20,Humira,15.34,12:19:25,2,8,84.55
2026-08-20,Humira,7.64,12:19:55,2,8,0.0
2026-08-20,Humira,10.61,12:20:25,2,8,84.58
2026-08-20,Humira,5.98,12:20:55,2,8,0.0
2026-08-20,Humira,11.24,12:21:25,2,8,84.6
2026-08-20,Humira,9.84,12:21:55,2,8,84.61
2026-08-20,Humira,16.44,12:22:25,2,8,84.62
2026-08-20,Humira,15.1,12:22:55,2,8,84.63
2026-08-20,Humira,11.68,12:23:25,2,8,84.64
2026-08-20,Humira,17.47,12:23:55,2,8,84.65
2026-08-20,Humira,7.76,12:24:25,2,8,0.0
2026-08-20,Humira,10.87,12:24:55,2,8,84.67
2026-08-20,Humira,4.35,12:25:25,2,8,0.0
2026-08-20,Humira,16.06,12:25:55,2,8,84.7
2026-08-20,Humira,13.15,12:26:25,2,8,84.71
2026-08-20,Humira,13.66,12:26:55,2,8,84.72
2026-08-20,Humira,9.28,12:27:25,2,8,84.73
2026-08-20,Humira,10.69,12:27:55,2,8,84.74
2026-08-20,Humira,9.49,12:28:25,2,8,84.75
2026-08-20,Humira,16.79,12:28:55,2,8,84.76
2026-08-20,Humira,10.83,12:29:25,2,8,84.77
2026-08-20,Humira,17.5,12:29:55,2,8,84.78
2026-08-20,Humira,12.96,12:30:25,2,8,84.79
2026-08-20,Humira,17.31,12:30:55,2,8,84.8
2026-08-20,Humira,2.16,12:31:25,2,8,0.0
2026-08-20,Humira,10.5,12:31:55,2,8,84.83
2026-08-20,Humira,10.82,12:32:25,2,8,84.84
2026-08-20,Humira,17.69,12:32:55,2,8,84.85
2026-08-20,Humira,12.96,12:33:25,2,8,84.86
2026-08-20,Humira,14.85,12:33:55,2,8,84.87
2026-08-20,Humira,12.06,12:34:25,2,8,84.88
2026-08-20,Humira,15.4,12:34:55,2,8,84.89
2026-08-20,Humira,3.75,12:35:25,2,8,0.0
2026-08-20,Humira,3.18,12:35:55,2,8,0.0
2026-08-20,Humira,11.12,12:36:25,2,8,84.92
2026-08-20,Humira,10.28,12:36:55,2,8,84.93
2026-08-20,Humira,17.82,12:37:25,2,8,84.94
2026-08-20,Humira,9.76,12:37:55,2,8,84.95
2026-08-20,Humira,17.34,12:38:25,2,8,84.97
2026-08-20,Humira,5.36,12:38:55,2,8,0.0
2026-08-20,Humira,7.93,12:39:25,2,8,0.0
2026-08-20,Humira,15.58,12:39:55,2,8,85.0
2026-08-20,Humira,2.55,12:40:25,2,8,0.0
2026-08-20,Humira,14.56,12:40:55,2,8,85.02
2026-08-20,Humira,16.57,12:41:25,2,8,85.03
2026-08-20,Humira,16.46,12:41:55,2,8,85.04
2026-08-20,Humira,15.84,12:42:25,2,8,85.05
2026-08-20,Humira,15.62,12:42:55,2,8,85.06
2026-08-20,Humira,16.4,12:43:25,2,8,85.07
2026-08-20,Humira,9.11,12:43:55,2,8,85.09
2026-08-20,Humira,6.98,12:44:25,2,8,0.0
2026-08-20,Humira,15.12,12:44:55,2,8,85.11
2026-08-20,Humira,11.54,12:45:25,2,8,85.12
2026-08-20,Humira,15.87,12:45:55,2,8,85.13
2026-08-20,Humira,14.13,12:46:25,2,8,85.14
2026-08-20,Humira,17.51,12:46:55,2,8,85.15
2026-08-20,Humira,7.69,12:47:25,2,8,0.0
2026-08-20,Humira,13.42,12:47:55,2,8,85.17
2026-08-20,Humira,13.01,12:48:25,2,8,85.18
2026-08-20,Humira,6.92,12:48:55,2,8,0.0
2026-08-20,Humira,17.98,12:49:25,2,8,85.2
2026-08-20,Humira,9.71,12:49:55,2,8,85.22
2026-08-20,Humira,15.02,12:50:25,2,8,85.23
2026-08-20,Humira,16.34,12:50:55,2,8,85.24
2026-08-20,Humira,17.51,12:51:25,2,8,85.25
2026-08-20,Humira,16.64,12:51:55,2,8,85.26
2026-08-20,Humira,15.77,12:52:25,2,8,85.27
2026-08-20,Humira,15.68,12:52:55,2,8,85.28
2026-08-20,Humira,16.47,12:53:25,2,8,85.29
2026-08-20,Humira,15.16,12:53:55,2,8,85.3
2026-08-20,Humira,5.67,12:54:25,2,8,0.0
2026-08-20,Humira,9.93,12:54:55,2,8,85.32
2026-08-20,Humira,12.11,12:55:25,2,8,85.33
2026-08-20,Humira,9.23,12:55:55,2,8,85.35
2026-08-20,Humira,6.87,12:56:25,2,8,0.0
2026-08-20,Humira,11.09,12:56:55,2,8,85.37
2026-08-20,Humira,12.21,12:57:25,2,8,85.38
2026-08-20,Humira,11.36,12:57:55,2,8,85.39
2026-08-20,Humira,16.74,12:58:25,2,8,85.4
2026-08-20,Humira,9.07,12:58:55,2,8,85.41
2026-08-20,Humira,16.35,12:59:25,2,8,85.42
2026-08-20,Humira,9.32,12:59:55,2,8,85.43
2026-08-20,Humira,5.39,13:00:25,2,8,0.0
2026-08-20,Humira,10.04,13:00:55,2,8,85.45
2026-08-20,Humira,13.24,13:01:25,2,8,85.46
2026-08-20,Humira,10.77,13:01:55,2,8,85.48
2026-08-20,Humira,14.2,13:02:25,2,8,85.49
2026-08-20,Humira,14.26,13:02:55,2,8,85.5
2026-08-20,Humira,15.98,13:03:25,2,8,85.51
2026-08-20,Humira,11.74,13:03:55,2,8,85.52
2026-08-20,Humira,13.46,13:04:25,2,8,85.53
2026-08-20,Humira,17.05,13:04:55,2,8,85.54
2026-08-20,Humira,15.95,13:05:25,2,8,85.55
2026-08-20,Humira,9.79,13:05:55,2,8,85.56
2026-08-20,Humira,14.58,13:06:25,2,8,85.57
2026-08-20,Humira,17.05,13:06:55,2,8,85.58
2026-08-20,Humira,15.06,13:07:25,2,8,85.59
2026-08-20,Humira,10.51,13:07:55,2,8,85.6
2026-08-20,Humira,14.11,13:08:25,2,8,85.62
2026-08-20,Humira,14.37,13:08:55,2,8,85.63
2026-08-20,Humira,11.19,13:09:25,2,8,85.64
2026-08-20,Humira,4.25,13:09:55,2,8,0.0
2026-08-20,Humira,17.6,13:10:25,2,8,85.66
2026-08-20,Humira,16.73,13:10:55,2,8,85.67
2026-08-20,Humira,11.06,13:11:25,2,8,85.68
2026-08-20,Humira,12.11,13:11:55,2,8,85.69
2026-08-20,Humira,14.21,13:12:25,2,8,85.7
2026-08-20,Humira,14.1,13:12:55,2,8,85.71
2026-08-20,Humira,15.66,13:13:25,2,8,85.72
2026-08-20,Humira,13.89,13:13:55,2,8,85.74
2026-08-20,Humira,11.16,13:14:25,2,8,85.75
2026-08-20,Humira,14.1,13:14:55,2,8,85.76
2026-08-20,Humira,14.71,13:15:25,2,8,85.77
2026-08-20,Humira,14.42,13:15:55,2,8,85.78
2026-08-20,Humira,14.94,13:16:25,2,8,85.79
2026-08-20,Humira,17.88,13:16:55,2,8,85.8
2026-08-20,Humira,11.01,13:17:25,2,8,85.81
2026-08-20,Humira,16.69,13:17:55,2,8,85.82
2026-08-20,Humira,12.74,13:18:25,2,8,85.83
2026-08-20,Humira,2.76,13:18:55,2,8,0.0
2026-08-20,Humira,17.83,13:19:25,2,8,85.85
2026-08-20,Humira,16.64,13:19:55,2,8,85.86
2026-08-20,Humira,9.27,13:20:25,2,8,85.88
2026-08-20,Humira,16.65,13:20:55,2,8,85.89
2026-08-20,Humira,11.27,13:21:25,2,8,85.9
2026-08-20,Humira,16.28,13:21:55,2,8,85.91
2026-08-20,Humira,13.21,13:22:25,2,8,85.92
2026-08-20,Humira,7.48,13:22:55,2,8,0.0
2026-08-20,Humira,3.87,13:23:25,2,8,0.0
2026-08-20,Humira,2.91,13:23:55,2,8,0.0
2026-08-20,Humira,11.52,13:24:25,2,8,85.96
2026-08-20,Humira,9.73,13:24:55,2,8,85.97
2026-08-20,Humira,12.75,13:25:25,2,8,85.98
2026-08-20,Humira,9.74,13:25:55,2,8,86.0
2026-08-20,Humira,4.49,13:26:25,2,8,0.0
2026-08-20,Humira,5.31,13:26:55,2,8,0.0
2026-08-20,Humira,12.29,13:27:25,2,8,86.03
2026-08-20,Humira,7.07,13:27:55,2,8,0.0
2026-08-20,Humira,4.98,13:28:25,2,8,0.0
2026-08-20,Humira,11.81,13:28:55,2,8,86.06
2026-08-20,Humira,15.38,13:29:25,2,8,86.07
2026-08-20,Humira,11.1,13:29:55,2,8,86.08
2026-08-20,Humira,10.13,13:30:25,2,8,86.09
2026-08-20,Humira,3.93,13:30:55,2,8,0.0
2026-08-20,Humira,14.91,13:31:25,2,8,86.11
2026-08-20,Humira,10.79,13:31:55,2,8,86.12
2026-08-20,Humira,15.75,13:32:25,2,8,86.14
2026-08-20,Humira,2.19,13:32:55,2,8,0.0
2026-08-20,Humira,15.72,13:33:25,2,8,86.16
2026-08-20,Humira,13.12,13:33:55,2,8,86.17
2026-08-20,Humira,15.56,13:34:25,2,8,86.18
2026-08-20,Humira,16.43,13:34:55,2,8,86.19
2026-08-20,Humira,17.38,13:35:25,2,8,86.2
2026-08-20,Humira,15.63,13:35:55,2,8,86.21
2026-08-20,Humira,9.03,13:36:25,2,8,86.22
2026-08-20,Humira,12.53,13:36:55,2,8,86.23
2026-08-20,Humira,9.02,13:37:25,2,8,86.24
2026-08-20,Humira,6.54,13:37:55,2,8,0.0
2026-08-20,Humira,16.57,13:38:25,2,8,86.27
2026-08-20,Humira,11.4,13:38:55,2,8,86.28
2026-08-20,Humira,16.48,13:39:25,2,8,86.29
2026-08-20,Humira,3.31,13:39:55,2,8,0.0
2026-08-20,Humira,14.75,13:40:25,2,8,86.31
2026-08-20,Humira,10.49,13:40:55,2,8,86.32
2026-08-20,Humira,10.86,13:41:25,2,8,86.33
2026-08-20,Humira,14.45,13:41:55,2,8,86.34
2026-08-20,Humira,13.0,13:42:25,2,8,86.35
2026-08-20,Humira,3.74,13:42:55,2,8,0.0
2026-08-20,Humira,14.14,13:43:25,2,8,86.37
2026-08-20,Humira,3.74,13:43:55,2,8,0.0
2026-08-20,Humira,16.87,13:44:25,2,8,86.4
2026-08-20,Humira,13.69,13:44:55,2,8,86.41
2026-08-20,Humira,10.66,13:45:25,2,8,86.42
2026-08-20,Humira,14.93,13:45:55,2,8,86.43
2026-08-20,Humira,12.92,13:46:25,2,8,86.44
2026-08-20,Humira,14.17,13:46:55,2,8,86.45
2026-08-20,Humira,4.75,13:47:25,2,8,0.0
2026-08-20,Humira,4.54,13:47:55,2,8,0.0
2026-08-20,Humira,3.14,13:48:25,2,8,0.0
2026-08-20,Humira,12.88,13:48:55,2,8,86.49
2026-08-20,Humira,14.76,13:49:25,2,8,86.5
2026-08-20,Humira,11.92,13:49:55,2,8,86.52
2026-08-20,Humira,13.58,13:50:25,2,8,86.53
2026-08-20,Humira,16.77,13:50:55,2,8,86.54
2026-08-20,Humira,17.79,13:51:25,2,8,86.55
2026-08-20,Humira,13.28,13:51:55,2,8,86.56
2026-08-20,Humira,15.69,13:52:25,2,8,86.57
2026-08-20,Humira,17.89,13:52:55,2,8,86.58
2026-08-20,Humira,3.5,13:53:25,2,8,0.0
2026-08-20,Humira,4.66,13:53:55,2,8,0.0
2026-08-20,Humira,3.23,13:54:25,2,8,0.0
2026-08-20,Humira,16.31,13:54:55,2,8,86.62
2026-08-20,Humira,12.65,13:55:25,2,8,86.63
2026-08-20,Humira,14.88,13:55:55,2,8,86.65
2026-08-20,Humira,9.38,13:56:25,2,8,86.66
2026-08-20,Humira,17.03,13:56:55,2,8,86.67
2026-08-20,Humira,9.8,13:57:25,2,8,86.68
2026-08-20,Humira,12.16,13:57:55,2,8,86.69
2026-08-20,Humira,9.85,13:58:25,2,8,86.7
2026-08-20,Humira,15.56,13:58:55,2,8,86.71
2026-08-20,Humira,13.75,13:59:25,2,8,86.72
2026-08-20,Humira,11.61,13:59:55,2,8,86.73
2026-08-20,Humira,16.75,14:00:25,2,8,86.74
2026-08-20,Humira,12.2,14:00:55,2,8,86.75
2026-08-20,Humira,13.63,14:01:25,2,8,86.76
2026-08-20,Humira,14.25,14:01:55,2,8,86.78
2026-08-20,Humira,16.37,14:02:25,2,8,86.79
2026-08-20,Humira,9.93,14:02:55,2,8,86.8
2026-08-20,Humira,13.11,14:03:25,2,8,86.81
2026-08-20,Humira,3.5,14:03:55,2,8,0.0
2026-08-20,Humira,9.63,14:04:25,2,8,86.83
2026-08-20,Humira,4.42,14:04:55,2,8,0.0
2026-08-20,Humira,3.72,14:05:25,2,8,0.0
2026-08-20,Humira,10.31,14:05:55,2,8,86.86
2026-08-20,Humira,17.46,14:06:25,2,8,86.87
2026-08-20,Humira,14.77,14:06:55,2,8,86.88
2026-08-20,Humira,10.24,14:07:25,2,8,86.89
2026-08-20,Humira,16.96,14:07:55,2,8,86.91
2026-08-20,Humira,14.49,14:08:25,2,8,86.92
2026-08-20,Humira,9.38,14:08:55,2,8,86.93
2026-08-20,Humira,3.07,14:09:25,2,8,0.0
2026-08-20,Humira,12.09,14:09:55,2,8,86.95
2026-08-20,Humira,11.71,14:10:25,2,8,86.96
2026-08-20,Humira,9.08,14:10:55,2,8,86.97
2026-08-20,Humira,9.63,14:11:25,2,8,86.98
2026-08-20,Humira,14.08,14:11:55,2,8,86.99
2026-08-20,Humira,10.53,14:12:25,2,8,87.0
2026-08-20,Humira,7.33,14:12:55,2,8,0.0
2026-08-20,Humira,4.56,14:13:25,2,8,0.0
2026-08-20,Humira,14.92,14:13:55,2,8,87.04
2026-08-20,Humira,14.36,14:14:25,2,8,87.05
2026-08-20,Humira,14.26,14:14:55,2,8,87.06
2026-08-20,Humira,10.58,14:15:25,2,8,87.07
2026-08-20,Humira,12.03,14:15:55,2,8,87.08
2026-08-20,Humira,9.85,14:16:25,2,8,87.09
2026-08-20,Humira,12.77,14:16:55,2,8,87.1
2026-08-20,Humira,7.23,14:17:25,2,8,0.0
2026-08-20,Humira,15.26,14:17:55,2,8,87.12
2026-08-20,Humira,3.7,14:18:25,2,8,0.0
2026-08-20,Humira,13.94,14:18:55,2,8,87.14
2026-08-20,Humira,7.24,14:19:25,2,8,0.0
2026-08-20,Humira,15.33,14:19:55,2,8,87.17
2026-08-20,Humira,16.45,14:20:25,2,8,87.18
2026-08-20,Humira,10.79,14:20:55,2,8,87.19
2026-08-20,Humira,17.22,14:21:25,2,8,87.2
2026-08-20,Humira,15.42,14:21:55,2,8,87.21
2026-08-20,Humira,17.13,14:22:25,2,8,87.22
2026-08-20,Humira,16.86,14:22:55,2,8,87.23
2026-08-20,Humira,11.41,14:23:25,2,8,87.24
2026-08-20,Humira,14.99,14:23:55,2,8,87.25
2026-08-20,Humira,13.98,14:24:25,2,8,87.26
2026-08-20,Humira,13.9,14:24:55,2,8,87.27
2026-08-20,Humira,10.19,14:25:25,2,8,87.28
2026-08-20,Humira,13.68,14:25:55,2,8,87.3
2026-08-20,Humira,13.92,14:26:25,2,8,87.31
2026-08-20,Humira,10.83,14:26:55,2,8,87.32
2026-08-20,Humira,9.69,14:27:25,2,8,87.33
2026-08-20,Humira,7.86,14:27:55,2,8,0.0
2026-08-20,Humira,5.95,14:28:25,2,8,0.0
2026-08-20,Humira,11.74,14:28:55,2,8,87.36
2026-08-20,Humira,14.99,14:29:25,2,8,87.37
2026-08-20,Humira,15.38,14:29:55,2,8,87.38
2026-08-20,Humira,7.22,14:30:25,2,8,0.0
2026-08-20,Humira,3.8,14:30:55,2,8,0.0
2026-08-20,Humira,13.75,14:31:25,2,8,87.41
2026-08-20,Humira,13.23,14:31:55,2,8,87.42
2026-08-20,Humira,10.91,14:32:25,2,8,87.44
2026-08-20,Humira,16.88,14:32:55,2,8,87.45
2026-08-20,Humira,13.32,14:33:25,2,8,87.46
2026-08-20,Humira,12.16,14:33:55,2,8,87.47
2026-08-20,Humira,12.48,14:34:25,2,8,87.48
2026-08-20,Humira,10.75,14:34:55,2,8,87.49
2026-08-20,Humira,13.91,14:35:25,2,8,87.5
2026-08-20,Humira,10.08,14:35:55,2,8,87.51
2026-08-20,Humira,10.62,14:36:25,2,8,87.52
2026-08-20,Humira,16.87,14:36:55,2,8,87.53
2026-08-20,Humira,13.49,14:37:25,2,8,87.54
2026-08-20,Humira,14.94,14:37:55,2,8,87.55
2026-08-20,Humira,16.14,14:38:25,2,8,87.57
2026-08-20,Humira,10.04,14:38:55,2,8,87.58
2026-08-20,Humira,16.09,14:39:25,2,8,87.59
2026-08-20,Humira,11.82,14:39:55,2,8,87.6
2026-08-20,Humira,10.16,14:40:25,2,8,87.61
2026-08-20,Humira,16.61,14:40:55,2,8,87.62
2026-08-20,Humira,14.03,14:41:25,2,8,87.63
2026-08-20,Humira,14.63,14:41:55,2,8,87.64
2026-08-20,Humira,17.68,14:42:25,2,8,87.65
2026-08-20,Humira,14.33,14:42:55,2,8,87.66
2026-08-20,Humira,10.98,14:43:25,2,8,87.67
2026-08-20,Humira,11.89,14:43:55,2,8,87.69
2026-08-20,Humira,4.95,14:44:25,2,8,0.0
2026-08-20,Humira,16.96,14:44:55,2,8,87.71
2026-08-20,Humira,11.33,14:45:25,2,8,87.72
2026-08-20,Humira,4.17,14:45:55,2,8,0.0
2026-08-20,Humira,14.1,14:46:25,2,8,87.74
2026-08-20,Humira,15.65,14:46:55,2,8,87.75
2026-08-20,Humira,11.29,14:47:25,2,8,87.76
2026-08-20,Humira,4.78,14:47:55,2,8,0.0
2026-08-20,Humira,14.69,14:48:25,2,8,87.78
2026-08-20,Humira,17.69,14:48:55,2,8,87.79
2026-08-20,Humira,11.67,14:49:25,2,8,87.8
2026-08-20,Humira,10.22,14:49:55,2,8,87.81
2026-08-20,Humira,11.9,14:50:25,2,8,87.83
2026-08-20,Humira,12.51,14:50:55,2,8,87.84
2026-08-20,Humira,17.08,14:51:25,2,8,87.85
2026-08-20,Humira,12.67,14:51:55,2,8,87.86
2026-08-20,Humira,14.94,14:52:25,2,8,87.87
2026-08-20,Humira,17.43,14:52:55,2,8,87.88
2026-08-20,Humira,14.07,14:53:25,2,8,87.89
2026-08-20,Humira,13.36,14:53:55,2,8,87.9
2026-08-20,Humira,16.75,14:54:25,2,8,87.91
2026-08-20,Humira,16.67,14:54:55,2,8,87.92
2026-08-20,Humira,7.09,14:55:25,2,8,0.0
2026-08-20,Humira,13.58,14:55:55,2,8,87.95
2026-08-20,Humira,16.74,14:56:25,2,8,87.96
2026-08-20,Humira,14.04,14:56:55,2,8,87.97
2026-08-20,Humira,3.51,14:57:25,2,8,0.0
2026-08-20,Humira,10.43,14:57:55,2,8,87.99
2026-08-20,Humira,16.25,14:58:25,2,8,88.0
2026-08-20,Humira,2.41,14:58:55,2,8,0.0
2026-08-20,Humira,15.7,14:59:25,2,8,88.02
2026-08-20,Humira,6.91,14:59:55,2,8,0.0
2026-08-20,Humira,15.71,15:00:25,2,8,88.04
2026-08-20,Humira,12.46,15:00:55,2,8,88.05
2026-08-20,Humira,11.6,15:01:25,2,8,88.06
2026-08-20,Humira,10.65,15:01:55,2,8,88.08
2026-08-20,Humira,16.19,15:02:25,2,8,88.09
2026-08-20,Humira,12.48,15:02:55,2,8,88.1
2026-08-20,Humira,12.15,15:03:25,2,8,88.11
2026-08-20,Humira,13.09,15:03:55,2,8,88.12
2026-08-20,Humira,13.47,15:04:25,2,8,88.13
2026-08-20,Humira,16.08,15:04:55,2,8,88.14
2026-08-20,Humira,11.97,15:05:25,2,8,88.15
2026-08-20,Humira,16.59,15:05:55,2,8,88.16
2026-08-20,Humira,13.37,15:06:25,2,8,88.17
2026-08-20,Humira,13.67,15:06:55,2,8,88.18
2026-08-20,Humira,15.84,15:07:25,2,8,88.19
2026-08-20,Humira,14.09,15:07:55,2,8,88.2
2026-08-20,Humira,15.9,15:08:25,2,8,88.22
2026-08-20,Humira,14.54,15:08:55,2,8,88.23
2026-08-20,Humira,14.51,15:09:25,2,8,88.24
2026-08-20,Humira,11.38,15:09:55,2,8,88.25
2026-08-20,Humira,4.68,15:10:25,2,8,0.0
2026-08-20,Humira,15.99,15:10:55,2,8,88.27
2026-08-20,Humira,12.55,15:11:25,2,8,88.28
2026-08-20,Humira,17.85,15:11:55,2,8,88.29
2026-08-20,Humira,15.4,15:12:25,2,8,88.3
2026-08-20,Humira,13.72,15:12:55,2,8,88.31
2026-08-20,Humira,13.51,15:13:25,2,8,88.32
2026-08-20,Humira,14.42,15:13:55,2,8,88.34
2026-08-20,Humira,17.13,15:14:25,2,8,88.35
2026-08-20,Humira,17.52,15:14:55,2,8,88.36
2026-08-20,Humira,13.99,15:15:25,2,8,88.37
2026-08-20,Humira,11.44,15:15:55,2,8,88.38
2026-08-20,Humira,4.46,15:16:25,2,8,0.0
2026-08-20,Humira,10.01,15:16:55,2,8,88.4
2026-08-20,Humira,13.01,15:17:25,2,8,88.41
2026-08-20,Humira,10.51,15:17:55,2,8,88.42
2026-08-20,Humira,16.22,15:18:25,2,8,88.43
2026-08-20,Humira,2.9,15:18:55,2,8,0.0
2026-08-20,Humira,12.01,15:19:25,2,8,88.45
2026-08-20,Humira,10.25,15:19:55,2,8,88.47
2026-08-20,Humira,14.38,15:20:25,2,8,88.48
2026-08-20,Humira,7.35,15:20:55,2,8,0.0
2026-08-20,Humira,12.6,15:21:25,2,8,88.5
2026-08-20,Humira,15.88,15:21:55,2,8,88.51
2026-08-20,Humira,17.87,15:22:25,2,8,88.52
2026-08-20,Humira,14.44,15:22:55,2,8,88.53
2026-08-20,Humira,12.14,15:23:25,2,8,88.54
2026-08-20,Humira,13.52,15:23:55,2,8,88.55
2026-08-20,Humira,9.54,15:24:25,2,8,88.56
2026-08-20,Humira,17.91,15:24:55,2,8,88.57
2026-08-20,Humira,15.85,15:25:25,2,8,88.58
2026-08-20,Humira,13.08,15:25:55,2,8,88.6
2026-08-20,Humira,13.68,15:26:25,2,8,88.61
2026-08-20,Humira,9.81,15:26:55,2,8,88.62
2026-08-20,Humira,16.8,15:27:25,2,8,88.63
2026-08-20,Humira,11.71,15:27:55,2,8,88.64
2026-08-20,Humira,7.79,15:28:25,2,8,0.0
2026-08-20,Humira,13.99,15:28:55,2,8,88.66
2026-08-20,Humira,4.06,15:29:25,2,8,0.0
2026-08-20,Humira,15.98,15:29:55,2,8,88.68
2026-08-20,Humira,3.52,15:30:25,2,8,0.0
2026-08-20,Humira,12.57,15:30:55,2,8,88.7
2026-08-20,Humira,15.85,15:31:25,2,8,88.71
2026-08-20,Humira,11.46,15:31:55,2,8,88.73
2026-08-20,Humira,4.76,15:32:25,2,8,0.0
2026-08-20,Humira,12.92,15:32:55,2,8,88.75
2026-08-20,Humira,16.81,15:33:25,2,8,88.76
2026-08-20,Humira,11.3,15:33:55,2,8,88.77
2026-08-20,Humira,6.93,15:34:25,2,8,0.0
2026-08-20,Humira,10.41,15:34:55,2,8,88.79
2026-08-20,Humira,16.15,15:35:25,2,8,88.8
2026-08-20,Humira,9.08,15:35:55,2,8,88.81
2026-08-20,Humira,15.94,15:36:25,2,8,88.82
2026-08-20,Humira,16.46,15:36:55,2,8,88.83
2026-08-20,Humira,4.16,15:37:25,2,8,0.0
2026-08-20,Humira,15.6,15:37:55,2,8,88.85
2026-08-20,Humira,16.48,15:38:25,2,8,88.87
2026-08-20,Humira,14.53,15:38:55,2,8,88.88
2026-08-20,Humira,9.41,15:39:25,2,8,88.89
2026-08-20,Humira,9.56,15:39:55,2,8,88.9
2026-08-20,Humira,10.73,15:40:25,2,8,88.91
2026-08-20,Humira,9.49,15:40:55,2,8,88.92
2026-08-20,Humira,14.98,15:41:25,2,8,88.93
2026-08-20,Humira,7.17,15:41:55,2,8,0.0
2026-08-20,Humira,17.03,15:42:25,2,8,88.95
2026-08-20,Humira,10.62,15:42:55,2,8,88.96
2026-08-20,Humira,4.06,15:43:25,2,8,0.0
2026-08-20,Humira,17.24,15:43:55,2,8,88.99
2026-08-20,Humira,13.54,15:44:25,2,8,89.0
2026-08-20,Humira,16.32,15:44:55,2,8,89.01
2026-08-20,Humira,14.73,15:45:25,2,8,89.02
2026-08-20,Humira,12.03,15:45:55,2,8,89.03
2026-08-20,Humira,15.44,15:46:25,2,8,89.04
2026-08-20,Humira,4.57,15:46:55,2,8,0.0
2026-08-20,Humira,7.47,15:47:25,2,8,0.0
2026-08-20,Humira,4.75,15:47:55,2,8,0.0
2026-08-20,Humira,7.19,15:48:25,2,8,0.0
2026-08-20,Humira,14.16,15:48:55,2,8,89.09
2026-08-20,Humira,17.3,15:49:25,2,8,89.1
2026-08-20,Humira,13.6,15:49:55,2,8,89.11
2026-08-20,Humira,5.81,15:50:25,2,8,0.0
2026-08-20,Humira,12.06,15:50:55,2,8,89.14
2026-08-20,Humira,16.81,15:51:25,2,8,89.15
2026-08-20,Humira,10.27,15:51:55,2,8,89.16
2026-08-20,Humira,4.18,15:52:25,2,8,0.0
2026-08-20,Humira,10.05,15:52:55,2,8,89.18
2026-08-20,Humira,17.9,15:53:25,2,8,89.19
2026-08-20,Humira,17.43,15:53:55,2,8,89.2
2026-08-20,Humira,12.58,15:54:25,2,8,89.21
2026-08-20,Humira,2.18,15:54:55,2,8,0.0
2026-08-20,Humira,9.51,15:55:25,2,8,89.23
2026-08-20,Humira,10.84,15:55:55,2,8,89.25
2026-08-20,Humira,17.16,15:56:25,2,8,89.26
2026-08-20,Humira,11.31,15:56:55,2,8,89.27
2026-08-20,Humira,12.15,15:57:25,2,8,89.28
2026-08-20,Humira,13.08,15:57:55,2,8,89.29
2026-08-20,Humira,16.32,15:58:25,2,8,89.3
2026-08-20,Humira,5.73,15:58:55,2,8,0.0
2026-08-20,Humira,12.85,15:59:25,2,8,89.32
2026-08-20,Humira,11.28,15:59:55,2,8,89.33
2026-08-20,Humira,9.06,16:00:25,2,8,89.34
2026-08-20,Humira,17.05,16:00:55,2,8,89.35
2026-08-20,Humira,10.63,16:01:25,2,8,89.36
2026-08-20,Humira,14.43,16:01:55,2,8,89.38
2026-08-20,Humira,9.5,16:02:25,2,8,89.39
2026-08-20,Humira,16.56,16:02:55,2,8,89.4
2026-08-20,Humira,11.94,16:03:25,2,8,89.41
2026-08-20,Humira,11.19,16:03:55,2,8,89.42
2026-08-20,Humira,14.13,16:04:25,2,8,89.43
2026-08-20,Humira,12.37,16:04:55,2,8,89.44
2026-08-20,Humira,9.99,16:05:25,2,8,89.45
2026-08-20,Humira,2.05,16:05:55,2,8,0.0
2026-08-20,Humira,14.63,16:06:25,2,8,89.47
2026-08-20,Humira,11.24,16:06:55,2,8,89.48
2026-08-20,Humira,14.51,16:07:25,2,8,89.49
2026-08-20,Humira,16.66,16:07:55,2,8,89.5
2026-08-20,Humira,2.47,16:08:25,2,8,0.0
2026-08-20,Humira,12.53,16:08:55,2,8,89.53
2026-08-20,Humira,9.27,16:09:25,2,8,89.54
2026-08-20,Humira,12.63,16:09:55,2,8,89.55
2026-08-20,Humira,11.03,16:10:25,2,8,89.56
2026-08-20,Humira,10.27,16:10:55,2,8,89.57
2026-08-20,Humira,6.83,16:11:25,2,8,0.0
2026-08-20,Humira,9.45,16:11:55,2,8,89.59
2026-08-20,Humira,4.36,16:12:25,2,8,0.0
2026-08-20,Humira,14.98,16:12:55,2,8,89.61
2026-08-20,Humira,14.08,16:13:25,2,8,89.62
2026-08-20,Humira,17.75,16:13:55,2,8,89.64
2026-08-20,Humira,16.61,16:14:25,2,8,89.65
2026-08-20,Humira,14.08,16:14:55,2,8,89.66
2026-08-20,Humira,6.86,16:15:25,2,8,0.0
2026-08-20,Humira,14.92,16:15:55,2,8,89.68
2026-08-20,Humira,11.24,16:16:25,2,8,89.69
2026-08-20,Humira,10.8,16:16:55,2,8,89.7
2026-08-20,Humira,17.08,16:17:25,2,8,89.71
2026-08-20,Humira,15.05,16:17:55,2,8,89.72
2026-08-20,Humira,14.05,16:18:25,2,8,89.73
2026-08-20,Humira,10.24,16:18:55,2,8,89.74
2026-08-20,Humira,15.52,16:19:25,2,8,89.75
2026-08-20,Humira,13.51,16:19:55,2,8,89.77
2026-08-20,Humira,15.86,16:20:25,2,8,89.78
2026-08-20,Humira,12.96,16:20:55,2,8,89.79
2026-08-20,Humira,11.07,16:21:25,2,8,89.8
2026-08-20,Humira,13.64,16:21:55,2,8,89.81
2026-08-20,Humira,12.48,16:22:25,2,8,89.82
2026-08-20,Humira,6.34,16:22:55,2,8,0.0
2026-08-20,Humira,7.43,16:23:25,2,8,0.0
2026-08-20,Humira,17.38,16:23:55,2,8,89.85
2026-08-20,Humira,10.53,16:24:25,2,8,89.86
2026-08-20,Humira,13.83,16:24:55,2,8,89.87
2026-08-20,Humira,17.98,16:25:25,2,8,89.88
2026-08-20,Humira,16.47,16:25:55,2,8,89.9
2026-08-20,Humira,5.71,16:26:25,2,8,0.0
2026-08-20,Humira,16.6,16:26:55,2,8,89.92
2026-08-20,Humira,5.1,16:27:25,2,8,0.0
2026-08-20,Humira,16.46,16:27:55,2,8,89.94
2026-08-20,Humira,4.29,16:28:25,2,8,0.0
2026-08-20,Humira,12.66,16:28:55,2,8,89.96
2026-08-20,Humira,11.43,16:29:25,2,8,89.97
2026-08-20,Humira,16.22,16:29:55,2,8,89.98
2026-08-20,Humira,9.95,16:30:25,2,8,89.99
2026-08-20,Humira,2.64,16:30:55,2,8,0.0
2026-08-20,Humira,11.32,16:31:25,2,8,90.01
2026-08-20,Humira,17.33,16:31:55,2,8,90.03
2026-08-20,Humira,15.86,16:32:25,2,8,90.04
2026-08-20,Humira,12.62,16:32:55,2,8,90.05
2026-08-20,Humira,4.63,16:33:25,2,8,0.0
2026-08-20,Humira,17.42,16:33:55,2,8,90.07
2026-08-20,Humira,4.85,16:34:25,2,8,0.0
2026-08-20,Humira,7.76,16:34:55,2,8,0.0
2026-08-20,Humira,12.86,16:35:25,2,8,90.1
2026-08-20,Humira,13.24,16:35:55,2,8,90.11
2026-08-20,Humira,11.84,16:36:25,2,8,90.12
2026-08-20,Humira,15.2,16:36:55,2,8,90.13
2026-08-20,Humira,15.2,16:37:25,2,8,90.14
2026-08-20,Humira,14.95,16:37:55,2,8,90.16
2026-08-20,Humira,11.63,16:38:25,2,8,90.17
2026-08-20,Humira,16.8,16:38:55,2,8,90.18
2026-08-20,Humira,12.5,16:39:25,2,8,90.19
2026-08-20,Humira,17.57,16:39:55,2,8,90.2
2026-08-20,Humira,15.9,16:40:25,2,8,90.21
2026-08-20,Humira,14.46,16:40:55,2,8,90.22
2026-08-20,Humira,16.87,16:41:25,2,8,90.23
2026-08-20,Humira,15.07,16:41:55,2,8,90.24
2026-08-20,Humira,11.83,16:42:25,2,8,90.25
2026-08-20,Humira,15.31,16:42:55,2,8,90.26
2026-08-20,Humira,13.47,16:43:25,2,8,90.27
2026-08-20,Humira,13.85,16:43:55,2,8,90.29
2026-08-20,Humira,17.56,16:44:25,2,8,90.3
2026-08-20,Humira,17.29,16:44:55,2,8,90.31
2026-08-20,Humira,7.6,16:45:25,2,8,0.0
2026-08-20,Humira,10.33,16:45:55,2,8,90.33
2026-08-20,Humira,12.15,16:46:25,2,8,90.34
2026-08-20,Humira,16.21,16:46:55,2,8,90.35
2026-08-20,Humira,5.03,16:47:25,2,8,0.0
2026-08-20,Humira,4.75,16:47:55,2,8,0.0
2026-08-20,Humira,16.43,16:48:25,2,8,90.38
2026-08-20,Humira,17.54,16:48:55,2,8,90.39
2026-08-20,Humira,3.44,16:49:25,2,8,0.0
2026-08-20,Humira,12.17,16:49:55,2,8,90.42
2026-08-20,Humira,9.11,16:50:25,2,8,90.43
2026-08-20,Humira,17.47,16:50:55,2,8,90.44
2026-08-20,Humira,17.37,16:51:25,2,8,90.45
2026-08-20,Humira,3.3,16:51:55,2,8,0.0
2026-08-20,Humira,14.11,16:52:25,2,8,90.47
2026-08-20,Humira,15.39,16:52:55,2,8,90.48
2026-08-20,Humira,14.75,16:53:25,2,8,90.49
2026-08-20,Humira,11.32,16:53:55,2,8,90.5
2026-08-20,Humira,11.63,16:54:25,2,8,90.51
2026-08-20,Humira,12.25,16:54:55,2,8,90.52
2026-08-20,Humira,13.53,16:55:25,2,8,90.53
2026-08-20,Humira,15.74,16:55:55,2,8,90.55
2026-08-20,Humira,11.59,16:56:25,2,8,90.56
2026-08-20,Humira,6.11,16:56:55,2,8,0.0
2026-08-20,Humira,3.15,16:57:25,2,8,0.0
2026-08-20,Humira,12.57,16:57:55,2,8,90.59
2026-08-20,Humira,16.62,16:58:25,2,8,90.6
2026-08-20,Humira,14.87,16:58:55,2,8,90.61
2026-08-20,Humira,11.73,16:59:25,2,8,90.62
2026-08-20,Humira,10.21,16:59:55,2,8,90.63
2026-08-20,Humira,10.2,17:00:25,2,8,90.64
2026-08-20,Humira,4.54,17:00:55,2,8,0.0
2026-08-20,Humira,12.04,17:01:25,2,8,90.66
2026-08-20,Humira,6.42,17:01:55,2,8,0.0
2026-08-20,Humira,13.46,17:02:25,2,8,90.69
2026-08-20,Humira,14.65,17:02:55,2,8,90.7
2026-08-20,Humira,11.24,17:03:25,2,8,90.71
2026-08-20,Humira,11.91,17:03:55,2,8,90.72
2026-08-20,Humira,17.6,17:04:25,2,8,90.73
2026-08-20,Humira,11.8,17:04:55,2,8,90.74
2026-08-20,Humira,9.11,17:05:25,2,8,90.75
2026-08-20,Humira,11.6,17:05:55,2,8,90.76
2026-08-20,Humira,12.56,17:06:25,2,8,90.77
2026-08-20,Humira,16.21,17:06:55,2,8,90.78
2026-08-20,Humira,15.91,17:07:25,2,8,90.79
2026-08-20,Humira,17.33,17:07:55,2,8,90.8
2026-08-20,Humira,13.72,17:08:25,2,8,90.82
2026-08-20,Humira,5.19,17:08:55,2,8,0.0
2026-08-20,Humira,12.15,17:09:25,2,8,90.84
2026-08-20,Humira,14.9,17:09:55,2,8,90.85
2026-08-20,Humira,11.71,17:10:25,2,8,90.86
2026-08-20,Humira,11.09,17:10:55,2,8,90.87
2026-08-20,Humira,14.04,17:11:25,2,8,90.88
2026-08-20,Humira,13.03,17:11:55,2,8,90.89
2026-08-20,Humira,16.2,17:12:25,2,8,90.9
2026-08-20,Humira,10.58,17:12:55,2,8,90.91
2026-08-20,Humira,16.13,17:13:25,2,8,90.92
2026-08-20,Humira,15.75,17:13:55,2,8,90.94
2026-08-20,Humira,14.48,17:14:25,2,8,90.95
2026-08-20,Humira,16.82,17:14:55,2,8,90.96
2026-08-20,Humira,13.05,17:15:25,2,8,90.97
2026-08-20,Humira,17.62,17:15:55,2,8,90.98
2026-08-20,Humira,10.33,17:16:25,2,8,90.99
2026-08-20,Humira,15.29,17:16:55,2,8,91.0
2026-08-20,Humira,5.68,17:17:25,2,8,0.0
2026-08-20,Humira,12.93,17:17:55,2,8,91.02
2026-08-20,Humira,12.84,17:18:25,2,8,91.03
2026-08-20,Humira,17.84,17:18:55,2,8,91.04
2026-08-20,Humira,2.13,17:19:25,2,8,0.0
2026-08-20,Humira,10.72,17:19:55,2,8,91.06
2026-08-20,Humira,17.06,17:20:25,2,8,91.08
2026-08-20,Humira,16.25,17:20:55,2,8,91.09
2026-08-20,Humira,3.69,17:21:25,2,8,0.0
2026-08-20,Humira,15.2,17:21:55,2,8,91.11
2026-08-20,Humira,16.82,17:22:25,2,8,91.12
2026-08-20,Humira,15.65,17:22:55,2,8,91.13
2026-08-20,Humira,9.11,17:23:25,2,8,91.14
2026-08-20,Humira,12.69,17:23:55,2,8,91.15
2026-08-20,Humira,12.48,17:24:25,2,8,91.16
2026-08-20,Humira,14.18,17:24:55,2,8,91.17
2026-08-20,Humira,12.27,17:25:25,2,8,91.18
2026-08-20,Humira,17.55,17:25:55,2,8,91.2
2026-08-20,Humira,16.53,17:26:25,2,8,91.21
2026-08-20,Humira,15.09,17:26:55,2,8,91.22
2026-08-20,Humira,15.66,17:27:25,2,8,91.23
2026-08-20,Humira,14.59,17:27:55,2,8,91.24
2026-08-20,Humira,9.48,17:28:25,2,8,91.25
2026-08-20,Humira,2.11,17:28:55,2,8,0.0
2026-08-20,Humira,6.64,17:29:25,2,8,0.0
2026-08-20,Humira,2.47,17:29:55,2,8,0.0
2026-08-20,Humira,16.65,17:30:25,2,8,91.29
2026-08-20,Humira,11.68,17:30:55,2,8,91.3
2026-08-20,Humira,10.18,17:31:25,2,8,91.31
2026-08-20,Humira,16.46,17:31:55,2,8,91.33
2026-08-20,Humira,6.58,17:32:25,2,8,0.0
2026-08-20,Humira,14.18,17:32:55,2,8,91.35
2026-08-20,Humira,12.92,17:33:25,2,8,91.36
2026-08-20,Humira,17.81,17:33:55,2,8,91.37
2026-08-20,Humira,12.44,17:34:25,2,8,91.38
2026-08-20,Humira,14.86,17:34:55,2,8,91.39
2026-08-20,Humira,16.84,17:35:25,2,8,91.4
2026-08-20,Humira,10.04,17:35:55,2,8,91.41
2026-08-20,Humira,15.81,17:36:25,2,8,91.42
2026-08-20,Humira,2.48,17:36:55,2,8,0.0
2026-08-20,Humira,16.49,17:37:25,2,8,91.44
2026-08-20,Humira,17.18,17:37:55,2,8,91.45
2026-08-20,Humira,9.37,17:38:25,2,8,91.47
2026-08-20,Humira,13.16,17:38:55,2,8,91.48
2026-08-20,Humira,16.82,17:39:25,2,8,91.49
2026-08-20,Humira,9.82,17:39:55,2,8,91.5
2026-08-20,Humira,17.25,17:40:25,2,8,91.51
2026-08-20,Humira,2.56,17:40:55,2,8,0.0
2026-08-20,Humira,16.64,17:41:25,2,8,91.53
2026-08-20,Humira,11.81,17:41:55,2,8,91.54
2026-08-20,Humira,9.66,17:42:25,2,8,91.55
2026-08-20,Humira,11.19,17:42:55,2,8,91.56
2026-08-20,Humira,10.82,17:43:25,2,8,91.57
2026-08-20,Humira,12.32,17:43:55,2,8,91.59
2026-08-20,Humira,5.11,17:44:25,2,8,0.0
2026-08-20,Humira,12.33,17:44:55,2,8,91.61
2026-08-20,Humira,15.1,17:45:25,2,8,91.62
2026-08-20,Humira,9.04,17:45:55,2,8,91.63
2026-08-20,Humira,10.98,17:46:25,2,8,91.64
2026-08-20,Humira,16.22,17:46:55,2,8,91.65
2026-08-20,Humira,3.28,17:47:25,2,8,0.0
2026-08-20,Humira,12.7,17:47:55,2,8,91.67
2026-08-20,Humira,7.39,17:48:25,2,8,0.0
2026-08-20,Humira,15.8,17:48:55,2,8,91.69
2026-08-20,Humira,6.77,17:49:25,2,8,0.0
2026-08-20,Humira,10.5,17:49:55,2,8,91.72
2026-08-20,Humira,17.41,17:50:25,2,8,91.73
2026-08-20,Humira,13.34,17:50:55,2,8,91.74
2026-08-20,Humira,16.36,17:51:25,2,8,91.75
2026-08-20,Humira,3.96,17:51:55,2,8,0.0
2026-08-20,Humira,10.58,17:52:25,2,8,91.77
2026-08-20,Humira,15.6,17:52:55,2,8,91.78
2026-08-20,Humira,17.51,17:53:25,2,8,91.79
2026-08-20,Humira,6.09,17:53:55,2,8,0.0
2026-08-20,Humira,11.89,17:54:25,2,8,91.81
2026-08-20,Humira,4.23,17:54:55,2,8,0.0
2026-08-20,Humira,14.69,17:55:25,2,8,91.83
2026-08-20,Humira,16.58,17:55:55,2,8,91.85
2026-08-20,Humira,16.57,17:56:25,2,8,91.86
2026-08-20,Humira,16.59,17:56:55,2,8,91.87
2026-08-20,Humira,5.7,17:57:25,2,8,0.0
2026-08-20,Humira,9.4,17:57:55,2,8,91.89
2026-08-20,Humira,15.48,17:58:25,2,8,91.9
2026-08-20,Humira,9.79,17:58:55,2,8,91.91
2026-08-20,Humira,7.49,17:59:25,2,8,0.0
2026-08-20,Humira,2.56,17:59:55,2,8,0.0
2026-08-20,Humira,15.22,18:00:25,2,8,91.94
2026-08-20,Humira,3.87,18:00:55,2,8,0.0
2026-08-20,Humira,6.03,18:01:25,2,8,0.0
2026-08-20,Humira,7.02,18:01:55,2,8,0.0
2026-08-20,Humira,13.72,18:02:25,2,8,91.99
2026-08-20,Humira,11.42,18:02:55,2,8,92.0
2026-08-20,Humira,3.18,18:03:25,2,8,0.0
2026-08-20,Humira,14.48,18:03:55,2,8,92.02
2026-08-20,Humira,14.5,18:04:25,2,8,92.03
2026-08-20,Humira,9.11,18:04:55,2,8,92.04
2026-08-20,Humira,7.47,18:05:25,2,8,0.0
2026-08-20,Humira,10.37,18:05:55,2,8,92.06
2026-08-20,Humira,3.87,18:06:25,2,8,0.0
2026-08-20,Humira,15.89,18:06:55,2,8,92.08
2026-08-20,Humira,4.83,18:07:25,2,8,0.0
2026-08-20,Humira,7.88,18:07:55,2,8,0.0
2026-08-20,Humira,2.0,18:08:25,2,8,0.0
2026-08-20,Humira,11.03,18:08:55,2,8,92.13
2026-08-20,Humira,3.24,18:09:25,2,8,0.0
2026-08-20,Humira,5.32,18:09:55,2,8,0.0
2026-08-20,Humira,4.77,18:10:25,2,8,0.0
2026-08-20,Humira,7.59,18:10:55,2,8,0.0
2026-08-20,Humira,12.52,18:11:25,2,8,92.18
2026-08-20,Humira,9.92,18:11:55,2,8,92.19
2026-08-20,Humira,16.79,18:12:25,2,8,92.2
2026-08-20,Humira,12.13,18:12:55,2,8,92.21
2026-08-20,Humira,11.73,18:13:25,2,8,92.22
2026-08-20,Humira,12.16,18:13:55,2,8,92.24
2026-08-20,Humira,9.41,18:14:25,2,8,92.25
2026-08-20,Humira,10.71,18:14:55,2,8,92.26
2026-08-20,Humira,14.04,18:15:25,2,8,92.27
2026-08-20,Humira,17.7,18:15:55,2,8,92.28
2026-08-20,Humira,12.53,18:16:25,2,8,92.29
2026-08-20,Humira,9.02,18:16:55,2,8,92.3
2026-08-20,Humira,11.84,18:17:25,2,8,92.31
2026-08-20,Humira,10.42,18:17:55,2,8,92.32
2026-08-20,Humira,9.59,18:18:25,2,8,92.33
2026-08-20,Humira,10.52,18:18:55,2,8,92.34
2026-08-20,Humira,2.07,18:19:25,2,8,0.0
2026-08-20,Humira,12.24,18:19:55,2,8,92.36
2026-08-20,Humira,10.94,18:20:25,2,8,92.38
2026-08-20,Humira,14.81,18:20:55,2,8,92.39
2026-08-20,Humira,16.07,18:21:25,2,8,92.4
2026-08-20,Humira,16.33,18:21:55,2,8,92.41
2026-08-20,Humira,16.37,18:22:25,2,8,92.42
2026-08-20,Humira,9.57,18:22:55,2,8,92.43
2026-08-20,Humira,10.32,18:23:25,2,8,92.44
2026-08-20,Humira,12.06,18:23:55,2,8,92.45
2026-08-20,Humira,12.57,18:24:25,2,8,92.46
2026-08-20,Humira,17.57,18:24:55,2,8,92.47
2026-08-20,Humira,13.44,18:25:25,2,8,92.48
2026-08-20,Humira,13.47,18:25:55,2,8,92.5
2026-08-20,Humira,10.0,18:26:25,2,8,92.51
2026-08-20,Humira,16.51,18:26:55,2,8,92.52
2026-08-20,Humira,9.73,18:27:25,2,8,92.53
2026-08-20,Humira,4.32,18:27:55,2,8,0.0
2026-08-20,Humira,11.47,18:28:25,2,8,92.55
2026-08-20,Humira,16.42,18:28:55,2,8,92.56
2026-08-20,Humira,14.98,18:29:25,2,8,92.57
2026-08-20,Humira,13.12,18:29:55,2,8,92.58
2026-08-20,Humira,12.84,18:30:25,2,8,92.59
2026-08-20,Humira,3.12,18:30:55,2,8,0.0
2026-08-20,Humira,15.9,18:31:25,2,8,92.61
2026-08-20,Humira,10.82,18:31:55,2,8,92.62
2026-08-20,Humira,14.73,18:32:25,2,8,92.64
2026-08-20,Humira,13.4,18:32:55,2,8,92.65
2026-08-20,Humira,5.15,18:33:25,2,8,0.0
2026-08-20,Humira,16.64,18:33:55,2,8,92.67
2026-08-20,Humira,13.01,18:34:25,2,8,92.68
2026-08-20,Humira,15.75,18:34:55,2,8,92.69
2026-08-20,Humira,16.77,18:35:25,2,8,92.7
2026-08-20,Humira,15.39,18:35:55,2,8,92.71
2026-08-20,Humira,9.83,18:36:25,2,8,92.72
2026-08-20,Humira,17.71,18:36:55,2,8,92.73
2026-08-20,Humira,9.03,18:37:25,2,8,92.74
2026-08-20,Humira,10.67,18:37:55,2,8,92.75
2026-08-20,Humira,12.57,18:38:25,2,8,92.77
2026-08-20,Humira,13.05,18:38:55,2,8,92.78
2026-08-20,Humira,11.36,18:39:25,2,8,92.79
2026-08-20,Humira,15.26,18:39:55,2,8,92.8
2026-08-20,Humira,15.31,18:40:25,2,8,92.81
2026-08-20,Humira,15.42,18:40:55,2,8,92.82
2026-08-20,Humira,17.68,18:41:25,2,8,92.83
2026-08-20,Humira,6.44,18:41:55,2,8,0.0
2026-08-20,Humira,10.62,18:42:25,2,8,92.85
2026-08-20,Humira,13.51,18:42:55,2,8,92.86
2026-08-20,Humira,4.5,18:43:25,2,8,0.0
2026-08-20,Humira,2.06,18:43:55,2,8,0.0
2026-08-20,Humira,16.65,18:44:25,2,8,92.9
2026-08-20,Humira,13.08,18:44:55,2,8,92.91
2026-08-20,Humira,10.16,18:45:25,2,8,92.92
2026-08-20,Humira,13.99,18:45:55,2,8,92.93
2026-08-20,Humira,12.22,18:46:25,2,8,92.94
2026-08-20,Humira,10.09,18:46:55,2,8,92.95
2026-08-20,Humira,11.35,18:47:25,2,8,92.96
2026-08-20,Humira,15.08,18:47:55,2,8,92.97
2026-08-20,Humira,7.42,18:48:25,2,8,0.0
2026-08-20,Humira,16.33,18:48:55,2,8,92.99
2026-08-20,Humira,16.98,18:49:25,2,8,93.0
2026-08-20,Humira,16.2,18:49:55,2,8,93.02
2026-08-20,Humira,13.73,18:50:25,2,8,93.03
2026-08-20,Humira,15.77,18:50:55,2,8,93.04
2026-08-20,Humira,11.5,18:51:25,2,8,93.05
2026-08-20,Humira,11.12,18:51:55,2,8,93.06
2026-08-20,Humira,13.73,18:52:25,2,8,93.07
2026-08-20,Humira,12.98,18:52:55,2,8,93.08
2026-08-20,Humira,16.72,18:53:25,2,8,93.09
2026-08-20,Humira,2.76,18:53:55,2,8,0.0
2026-08-20,Humira,14.5,18:54:25,2,8,93.11
2026-08-20,Humira,11.87,18:54:55,2,8,93.12
2026-08-20,Humira,14.09,18:55:25,2,8,93.13
2026-08-20,Humira,17.2,18:55:55,2,8,93.15
2026-08-20,Humira,13.38,18:56:25,2,8,93.16
2026-08-20,Humira,13.86,18:56:55,2,8,93.17
2026-08-20,Humira,4.85,18:57:25,2,8,0.0
2026-08-20,Humira,15.78,18:57:55,2,8,93.19
2026-08-20,Humira,12.4,18:58:25,2,8,93.2
2026-08-20,Humira,14.58,18:58:55,2,8,93.21
2026-08-20,Humira,15.82,18:59:25,2,8,93.22
2026-08-20,Humira,10.31,18:59:55,2,8,93.23
2026-08-20,Humira,18.0,19:00:25,2,8,93.24
2026-08-20,Humira,10.45,19:00:55,2,8,93.25
2026-08-20,Humira,16.26,19:01:25,2,8,93.26
2026-08-20,Humira,11.01,19:01:55,2,8,93.28
2026-08-20,Humira,7.4,19:02:25,2,8,0.0
2026-08-20,Humira,13.44,19:02:55,2,8,93.3
2026-08-20,Humira,10.8,19:03:25,2,8,93.31
2026-08-20,Humira,10.35,19:03:55,2,8,93.32
2026-08-20,Humira,16.2,19:04:25,2,8,93.33
2026-08-20,Humira,14.62,19:04:55,2,8,93.34
2026-08-20,Humira,5.91,19:05:25,2,8,0.0
2026-08-20,Humira,14.98,19:05:55,2,8,93.36
2026-08-20,Humira,14.65,19:06:25,2,8,93.37
2026-08-20,Humira,14.36,19:06:55,2,8,93.38
2026-08-20,Humira,15.91,19:07:25,2,8,93.39
2026-08-20,Humira,16.32,19:07:55,2,8,93.41
2026-08-20,Humira,17.18,19:08:25,2,8,93.42
2026-08-20,Humira,16.16,19:08:55,2,8,93.43
2026-08-20,Humira,14.94,19:09:25,2,8,93.44
2026-08-20,Humira,10.45,19:09:55,2,8,93.45
2026-08-20,Humira,6.48,19:10:25,2,8,0.0
2026-08-20,Humira,13.12,19:10:55,2,8,93.47
2026-08-20,Humira,6.99,19:11:25,2,8,0.0
2026-08-20,Humira,10.95,19:11:55,2,8,93.49
2026-08-20,Humira,11.17,19:12:25,2,8,93.5
2026-08-20,Humira,11.31,19:12:55,2,8,93.51
2026-08-20,Humira,5.72,19:13:25,2,8,0.0
2026-08-20,Humira,11.8,19:13:55,2,8,93.54
2026-08-20,Humira,17.18,19:14:25,2,8,93.55
2026-08-20,Humira,2.91,19:14:55,2,8,0.0
2026-08-20,Humira,4.58,19:15:25,2,8,0.0
2026-08-20,Humira,12.42,19:15:55,2,8,93.58
2026-08-20,Humira,12.8,19:16:25,2,8,93.59
2026-08-20,Humira,10.41,19:16:55,2,8,93.6
2026-08-20,Humira,15.21,19:17:25,2,8,93.61
2026-08-20,Humira,2.96,19:17:55,2,8,0.0
2026-08-20,Humira,9.09,19:18:25,2,8,93.63
2026-08-20,Humira,10.88,19:18:55,2,8,93.64
2026-08-20,Humira,16.61,19:19:25,2,8,93.65
2026-08-20,Humira,3.45,19:19:55,2,8,0.0
2026-08-20,Humira,14.93,19:20:25,2,8,93.68
2026-08-20,Humira,16.55,19:20:55,2,8,93.69
2026-08-20,Humira,5.56,19:21:25,2,8,0.0
2026-08-20,Humira,13.32,19:21:55,2,8,93.71
2026-08-20,Humira,15.15,19:22:25,2,8,93.72
2026-08-20,Humira,13.67,19:22:55,2,8,93.73
2026-08-20,Humira,10.88,19:23:25,2,8,93.74
2026-08-20,Humira,10.1,19:23:55,2,8,93.75
2026-08-20,Humira,17.08,19:24:25,2,8,93.76
2026-08-20,Humira,13.73,19:24:55,2,8,93.77
2026-08-20,Humira,6.31,19:25:25,2,8,0.0
2026-08-20,Humira,15.65,19:25:55,2,8,93.8
2026-08-20,Humira,16.71,19:26:25,2,8,93.81
2026-08-20,Humira,9.75,19:26:55,2,8,93.82
2026-08-20,Humira,13.66,19:27:25,2,8,93.83
2026-08-20,Humira,12.54,19:27:55,2,8,93.84
2026-08-20,Humira,10.95,19:28:25,2,8,93.85
2026-08-20,Humira,14.0,19:28:55,2,8,93.86
2026-08-20,Humira,14.53,19:29:25,2,8,93.87
2026-08-20,Humira,4.82,19:29:55,2,8,0.0
2026-08-20,Humira,5.76,19:30:25,2,8,0.0
2026-08-20,Humira,9.93,19:30:55,2,8,93.9
2026-08-20,Humira,14.11,19:31:25,2,8,93.91
2026-08-20,Humira,4.58,19:31:55,2,8,0.0
2026-08-20,Humira,12.67,19:32:25,2,8,93.94
2026-08-20,Humira,15.35,19:32:55,2,8,93.95
2026-08-20,Humira,10.59,19:33:25,2,8,93.96
2026-08-20,Humira,3.17,19:33:55,2,8,0.0
2026-08-20,Humira,15.09,19:34:25,2,8,93.98
2026-08-20,Humira,10.37,19:34:55,2,8,93.99
2026-08-20,Humira,12.24,19:35:25,2,8,94.0
2026-08-20,Humira,10.73,19:35:55,2,8,94.01
2026-08-20,Humira,15.31,19:36:25,2,8,94.02
2026-08-20,Humira,17.54,19:36:55,2,8,94.03
2026-08-20,Humira,3.46,19:37:25,2,8,0.0
2026-08-20,Humira,5.98,19:37:55,2,8,0.0
2026-08-20,Humira,7.45,19:38:25,2,8,0.0
2026-08-20,Humira,2.25,19:38:55,2,8,0.0
2026-08-20,Humira,10.61,19:39:25,2,8,94.09
2026-08-20,Humira,11.12,19:39:55,2,8,94.1
2026-08-20,Humira,17.03,19:40:25,2,8,94.11
2026-08-20,Humira,16.61,19:40:55,2,8,94.12
2026-08-20,Humira,3.56,19:41:25,2,8,0.0
2026-08-20,Humira,17.08,19:41:55,2,8,94.14
2026-08-20,Humira,16.02,19:42:25,2,8,94.15
2026-08-20,Humira,5.46,19:42:55,2,8,0.0
2026-08-20,Humira,10.8,19:43:25,2,8,94.17
2026-08-20,Humira,13.54,19:43:55,2,8,94.19
2026-08-20,Humira,9.29,19:44:25,2,8,94.2
2026-08-20,Humira,9.51,19:44:55,2,8,94.21
2026-08-20,Humira,12.88,19:45:25,2,8,94.22
2026-08-20,Humira,14.47,19:45:55,2,8,94.23
2026-08-20,Humira,7.03,19:46:25,2,8,0.0
2026-08-20,Humira,17.1,19:46:55,2,8,94.25
2026-08-20,Humira,17.4,19:47:25,2,8,94.26
2026-08-20,Humira,14.56,19:47:55,2,8,94.27
2026-08-20,Humira,13.24,19:48:25,2,8,94.28
2026-08-20,Humira,12.8,19:48:55,2,8,94.29
2026-08-20,Humira,13.0,19:49:25,2,8,94.3
2026-08-20,Humira,3.24,19:49:55,2,8,0.0
2026-08-20,Humira,11.55,19:50:25,2,8,94.33
2026-08-20,Humira,10.71,19:50:55,2,8,94.34
2026-08-20,Humira,10.68,19:51:25,2,8,94.35
2026-08-20,Humira,15.83,19:51:55,2,8,94.36
2026-08-20,Humira,14.88,19:52:25,2,8,94.37
2026-08-20,Humira,14.23,19:52:55,2,8,94.38
2026-08-20,Humira,15.55,19:53:25,2,8,94.39
2026-08-20,Humira,12.26,19:53:55,2,8,94.4
2026-08-20,Humira,16.52,19:54:25,2,8,94.41
2026-08-20,Humira,12.47,19:54:55,2,8,94.42
2026-08-20,Humira,11.14,19:55:25,2,8,94.43
2026-08-20,Humira,10.55,19:55:55,2,8,94.45
2026-08-20,Humira,11.84,19:56:25,2,8,94.46
2026-08-20,Humira,9.76,19:56:55,2,8,94.47
2026-08-20,Humira,12.0,19:57:25,2,8,94.48
2026-08-20,Humira,16.08,19:57:55,2,8,94.49
2026-08-20,Humira,13.65,19:58:25,2,8,94.5
2026-08-20,Humira,6.09,19:58:55,2,8,0.0
2026-08-20,Humira,12.82,19:59:25,2,8,94.52
2026-08-20,Humira,16.88,19:59:55,2,8,94.53
2026-08-20,Humira,9.68,20:00:25,2,8,94.54
2026-08-20,Humira,15.76,20:00:55,2,8,94.55
2026-08-20,Humira,12.72,20:01:25,2,8,94.56
2026-08-20,Humira,9.19,20:01:55,2,8,94.58
2026-08-20,Humira,16.74,20:02:25,2,8,94.59
2026-08-20,Humira,5.81,20:02:55,2,8,0.0
2026-08-20,Humira,12.63,20:03:25,2,8,94.61
2026-08-20,Humira,14.85,20:03:55,2,8,94.62
2026-08-20,Humira,16.62,20:04:25,2,8,94.63
2026-08-20,Humira,14.44,20:04:55,2,8,94.64
2026-08-20,Humira,10.52,20:05:25,2,8,94.65
2026-08-20,Humira,12.33,20:05:55,2,8,94.66
2026-08-20,Humira,9.88,20:06:25,2,8,94.67
2026-08-20,Humira,15.27,20:06:55,2,8,94.68
2026-08-20,Humira,15.06,20:07:25,2,8,94.69
2026-08-20,Humira,14.77,20:07:55,2,8,94.7
2026-08-20,Humira,17.17,20:08:25,2,8,94.72
2026-08-20,Humira,14.01,20:08:55,2,8,94.73
2026-08-20,Humira,10.09,20:09:25,2,8,94.74
2026-08-20,Humira,13.48,20:09:55,2,8,94.75
2026-08-20,Humira,14.5,20:10:25,2,8,94.76
2026-08-20,Humira,3.69,20:10:55,2,8,0.0
2026-08-20,Humira,6.59,20:11:25,2,8,0.0
2026-08-20,Humira,14.81,20:11:55,2,8,94.79
2026-08-20,Humira,12.14,20:12:25,2,8,94.8
2026-08-20,Humira,12.8,20:12:55,2,8,94.81
2026-08-20,Humira,2.2,20:13:25,2,8,0.0
2026-08-20,Humira,10.38,20:13:55,2,8,94.84
2026-08-20,Humira,11.58,20:14:25,2,8,94.85
2026-08-20,Humira,15.21,20:14:55,2,8,94.86
2026-08-20,Humira,14.11,20:15:25,2,8,94.87
2026-08-20,Humira,4.45,20:15:55,2,8,0.0
2026-08-20,Humira,2.28,20:16:25,2,8,0.0
2026-08-20,Humira,11.94,20:16:55,2,8,94.9
2026-08-20,Humira,9.59,20:17:25,2,8,94.91
2026-08-20,Humira,16.4,20:17:55,2,8,94.92
2026-08-20,Humira,11.18,20:18:25,2,8,94.93
2026-08-20,Humira,15.37,20:18:55,2,8,94.94
2026-08-20,Humira,10.13,20:19:25,2,8,94.95
2026-08-20,Humira,13.53,20:19:55,2,8,94.97
2026-08-20,Humira,12.58,20:20:25,2,8,94.98
2026-08-20,Humira,17.68,20:20:55,2,8,94.99
2026-08-20,Humira,11.03,20:21:25,2,8,95.0
2026-08-20,Humira,7.44,20:21:55,2,8,0.0
2026-08-20,Humira,17.57,20:22:25,2,8,95.02
2026-08-20,Humira,17.43,20:22:55,2,8,95.03
2026-08-20,Humira,3.51,20:23:25,2,8,0.0
2026-08-20,Humira,6.05,20:23:55,2,8,0.0
2026-08-20,Humira,11.0,20:24:25,2,8,95.06
2026-08-20,Humira,17.29,20:24:55,2,8,95.07
2026-08-20,Humira,17.42,20:25:25,2,8,95.08
2026-08-20,Humira,15.48,20:25:55,2,8,95.1
2026-08-20,Humira,16.79,20:26:25,2,8,95.11
2026-08-20,Humira,9.69,20:26:55,2,8,95.12
2026-08-20,Humira,4.35,20:27:25,2,8,0.0
2026-08-20,Humira,15.77,20:27:55,2,8,95.14
2026-08-20,Humira,10.93,20:28:25,2,8,95.15
2026-08-20,Humira,15.93,20:28:55,2,8,95.16
2026-08-20,Humira,8.0,20:29:25,2,8,0.0
2026-08-20,Humira,11.45,20:29:55,2,8,95.18
2026-08-20,Humira,10.69,20:30:25,2,8,95.19
2026-08-20,Humira,16.62,20:30:55,2,8,95.2
2026-08-20,Humira,10.45,20:31:25,2,8,95.21
2026-08-20,Humira,14.89,20:31:55,2,8,95.23
2026-08-20,Humira,11.84,20:32:25,2,8,95.24
2026-08-20,Humira,10.59,20:32:55,2,8,95.25
2026-08-20,Humira,17.4,20:33:25,2,8,95.26
2026-08-20,Humira,14.5,20:33:55,2,8,95.27
2026-08-20,Humira,17.26,20:34:25,2,8,95.28
2026-08-20,Humira,2.43,20:34:55,2,8,0.0
2026-08-20,Humira,17.53,20:35:25,2,8,95.3
2026-08-20,Humira,7.59,20:35:55,2,8,0.0
2026-08-20,Humira,4.36,20:36:25,2,8,0.0
2026-08-20,Humira,4.82,20:36:55,2,8,0.0
2026-08-20,Humira,7.8,20:37:25,2,8,0.0
2026-08-20,Humira,9.34,20:37:55,2,8,95.35
2026-08-20,Humira,13.46,20:38:25,2,8,95.37
2026-08-20,Humira,17.81,20:38:55,2,8,95.38
2026-08-20,Humira,17.52,20:39:25,2,8,95.39
2026-08-20,Humira,4.25,20:39:55,2,8,0.0
2026-08-20,Humira,6.4,20:40:25,2,8,0.0
2026-08-20,Humira,10.93,20:40:55,2,8,95.42
2026-08-20,Humira,17.46,20:41:25,2,8,95.43
2026-08-20,Humira,12.97,20:41:55,2,8,95.44
2026-08-20,Humira,17.91,20:42:25,2,8,95.45
2026-08-20,Humira,15.84,20:42:55,2,8,95.46
2026-08-20,Humira,11.73,20:43:25,2,8,95.47
2026-08-20,Humira,16.05,20:43:55,2,8,95.49
2026-08-20,Humira,2.49,20:44:25,2,8,0.0
2026-08-20,Humira,14.41,20:44:55,2,8,95.51
2026-08-20,Humira,9.62,20:45:25,2,8,95.52
2026-08-20,Humira,7.83,20:45:55,2,8,0.0
2026-08-20,Humira,16.55,20:46:25,2,8,95.54
2026-08-20,Humira,6.84,20:46:55,2,8,0.0
2026-08-20,Humira,5.0,20:47:25,2,8,0.0
2026-08-20,Humira,13.23,20:47:55,2,8,95.57
2026-08-20,Humira,17.24,20:48:25,2,8,95.58
2026-08-20,Humira,3.63,20:48:55,2,8,0.0
2026-08-20,Humira,17.57,20:49:25,2,8,95.6
2026-08-20,Humira,10.54,20:49:55,2,8,95.61
2026-08-20,Humira,11.8,20:50:25,2,8,95.63
2026-08-20,Humira,10.66,20:50:55,2,8,95.64
2026-08-20,Humira,15.29,20:51:25,2,8,95.65
2026-08-20,Humira,17.52,20:51:55,2,8,95.66
2026-08-20,Humira,17.84,20:52:25,2,8,95.67
2026-08-20,Humira,11.45,20:52:55,2,8,95.68
2026-08-20,Humira,4.21,20:53:25,2,8,0.0
2026-08-20,Humira,4.47,20:53:55,2,8,0.0
2026-08-20,Humira,15.93,20:54:25,2,8,95.71
2026-08-20,Humira,16.29,20:54:55,2,8,95.72
2026-08-20,Humira,17.18,20:55:25,2,8,95.73
2026-08-20,Humira,17.26,20:55:55,2,8,95.75
2026-08-20,Humira,16.15,20:56:25,2,8,95.76
2026-08-20,Humira,13.89,20:56:55,2,8,95.77
2026-08-20,Humira,15.4,20:57:25,2,8,95.78
2026-08-20,Humira,15.07,20:57:55,2,8,95.79
2026-08-20,Humira,13.68,20:58:25,2,8,95.8
2026-08-20,Humira,14.12,20:58:55,2,8,95.81
2026-08-20,Humira,7.93,20:59:25,2,8,0.0
2026-08-20,Humira,10.47,20:59:55,2,8,95.83
2026-08-20,Humira,11.98,21:00:25,2,8,95.84
2026-08-20,Humira,9.83,21:00:55,2,8,95.85
2026-08-20,Humira,16.18,21:01:25,2,8,95.86
2026-08-20,Humira,10.38,21:01:55,2,8,95.88
2026-08-20,Humira,17.93,21:02:25,2,8,95.89
2026-08-20,Humira,6.63,21:02:55,2,8,0.0
2026-08-20,Humira,2.48,21:03:25,2,8,0.0
2026-08-20,Humira,6.8,21:03:55,2,8,0.0
2026-08-20,Humira,17.96,21:04:25,2,8,95.93
2026-08-20,Humira,17.67,21:04:55,2,8,95.94
2026-08-20,Humira,13.32,21:05:25,2,8,95.95
2026-08-20,Humira,17.71,21:05:55,2,8,95.96
2026-08-20,Humira,5.99,21:06:25,2,8,0.0
2026-08-20,Humira,13.37,21:06:55,2,8,95.98
2026-08-20,Humira,16.66,21:07:25,2,8,95.99
2026-08-20,Humira,10.09,21:07:55,2,8,96.0
2026-08-20,Humira,12.36,21:08:25,2,8,96.02
2026-08-20,Humira,13.66,21:08:55,2,8,96.03
2026-08-20,Humira,11.55,21:09:25,2,8,96.04
2026-08-20,Humira,16.63,21:09:55,2,8,96.05
2026-08-20,Humira,17.7,21:10:25,2,8,96.06
2026-08-20,Humira,9.42,21:10:55,2,8,96.07
2026-08-20,Humira,13.58,21:11:25,2,8,96.08
2026-08-20,Humira,12.02,21:11:55,2,8,96.09
2026-08-20,Humira,17.67,21:12:25,2,8,96.1
2026-08-20,Humira,15.36,21:12:55,2,8,96.11
2026-08-20,Humira,13.02,21:13:25,2,8,96.12
2026-08-20,Humira,12.39,21:13:55,2,8,96.14
2026-08-20,Humira,9.96,21:14:25,2,8,96.15
2026-08-20,Humira,16.33,21:14:55,2,8,96.16
2026-08-20,Humira,3.54,21:15:25,2,8,0.0
2026-08-20,Humira,17.62,21:15:55,2,8,96.18
2026-08-20,Humira,17.38,21:16:25,2,8,96.19
2026-08-20,Humira,17.02,21:16:55,2,8,96.2
2026-08-20,Humira,12.41,21:17:25,2,8,96.21
2026-08-20,Humira,14.59,21:17:55,2,8,96.22
2026-08-20,Humira,11.72,21:18:25,2,8,96.23
2026-08-20,Humira,15.85,21:18:55,2,8,96.24
2026-08-20,Humira,9.6,21:19:25,2,8,96.25
2026-08-20,Humira,13.43,21:19:55,2,8,96.27
2026-08-20,Humira,17.55,21:20:25,2,8,96.28
2026-08-20,Humira,10.64,21:20:55,2,8,96.29
2026-08-20,Humira,14.46,21:21:25,2,8,96.3
2026-08-20,Humira,7.56,21:21:55,2,8,0.0
2026-08-20,Humira,11.9,21:22:25,2,8,96.32
2026-08-20,Humira,13.9,21:22:55,2,8,96.33
2026-08-20,Humira,7.37,21:23:25,2,8,0.0
2026-08-20,Humira,5.18,21:23:55,2,8,0.0
2026-08-20,Humira,15.96,21:24:25,2,8,96.36
2026-08-20,Humira,11.67,21:24:55,2,8,96.37
2026-08-20,Humira,6.35,21:25:25,2,8,0.0
2026-08-20,Humira,11.88,21:25:55,2,8,96.4
2026-08-20,Humira,14.9,21:26:25,2,8,96.41
2026-08-20,Humira,4.73,21:26:55,2,8,0.0
2026-08-20,Humira,4.35,21:27:25,2,8,0.0
2026-08-20,Humira,17.32,21:27:55,2,8,96.44
2026-08-20,Humira,11.65,21:28:25,2,8,96.45
2026-08-20,Humira,7.26,21:28:55,2,8,0.0
2026-08-20,Humira,7.48,21:29:25,2,8,0.0
2026-08-20,Humira,16.0,21:29:55,2,8,96.48
2026-08-20,Humira,14.16,21:30:25,2,8,96.49
2026-08-20,Humira,2.06,21:30:55,2,8,0.0
2026-08-20,Humira,10.32,21:31:25,2,8,96.51
2026-08-20,Humira,17.42,21:31:55,2,8,96.53
2026-08-20,Humira,6.33,21:32:25,2,8,0.0
2026-08-20,Humira,9.34,21:32:55,2,8,96.55
2026-08-20,Humira,9.56,21:33:25,2,8,96.56
2026-08-20,Humira,10.86,21:33:55,2,8,96.57
2026-08-20,Humira,13.35,21:34:25,2,8,96.58
2026-08-20,Humira,10.11,21:34:55,2,8,96.59
2026-08-20,Humira,13.51,21:35:25,2,8,96.6
2026-08-20,Humira,12.05,21:35:55,2,8,96.61
2026-08-20,Humira,17.32,21:36:25,2,8,96.62
2026-08-20,Humira,10.56,21:36:55,2,8,96.63
2026-08-20,Humira,9.98,21:37:25,2,8,96.64
2026-08-20,Humira,15.77,21:37:55,2,8,96.66
2026-08-20,Humira,14.22,21:38:25,2,8,96.67
2026-08-20,Humira,12.93,21:38:55,2,8,96.68
2026-08-20,Humira,12.26,21:39:25,2,8,96.69
2026-08-20,Humira,3.45,21:39:55,2,8,0.0
2026-08-20,Humira,11.24,21:40:25,2,8,96.71
2026-08-20,Humira,7.25,21:40:55,2,8,0.0
2026-08-20,Humira,12.41,21:41:25,2,8,96.73
2026-08-20,Humira,12.07,21:41:55,2,8,96.74
2026-08-20,Humira,15.48,21:42:25,2,8,96.75
2026-08-20,Humira,16.62,21:42:55,2,8,96.76
2026-08-20,Humira,11.37,21:43:25,2,8,96.77
2026-08-20,Humira,9.46,21:43:55,2,8,96.79
2026-08-20,Humira,15.81,21:44:25,2,8,96.8
2026-08-20,Humira,14.95,21:44:55,2,8,96.81
2026-08-20,Humira,10.67,21:45:25,2,8,96.82
2026-08-20,Humira,9.62,21:45:55,2,8,96.83
2026-08-20,Humira,16.14,21:46:25,2,8,96.84
2026-08-20,Humira,17.31,21:46:55,2,8,96.85
2026-08-20,Humira,6.81,21:47:25,2,8,0.0
2026-08-20,Humira,4.99,21:47:55,2,8,0.0
2026-08-20,Humira,9.23,21:48:25,2,8,96.88
2026-08-20,Humira,7.41,21:48:55,2,8,0.0
2026-08-20,Humira,12.22,21:49:25,2,8,96.9
2026-08-20,Humira,3.99,21:49:55,2,8,0.0
2026-08-20,Humira,11.08,21:50:25,2,8,96.93
2026-08-20,Humira,9.86,21:50:55,2,8,96.94
2026-08-20,Humira,15.8,21:51:25,2,8,96.95
2026-08-20,Humira,10.3,21:51:55,2,8,96.96
2026-08-20,Humira,9.08,21:52:25,2,8,96.97
2026-08-20,Humira,15.33,21:52:55,2,8,96.98
2026-08-20,Humira,16.35,21:53:25,2,8,96.99
2026-08-20,Humira,15.33,21:53:55,2,8,97.0
2026-08-20,Humira,14.12,21:54:25,2,8,97.01
2026-08-20,Humira,10.94,21:54:55,2,8,97.02
2026-08-20,Humira,13.2,21:55:25,2,8,97.03
2026-08-20,Humira,2.64,21:55:55,2,8,0.0
2026-08-20,Humira,15.95,21:56:25,2,8,97.06
2026-08-20,Humira,17.76,21:56:55,2,8,97.07
2026-08-20,Humira,3.12,21:57:25,2,8,0.0
2026-08-20,Humira,9.48,21:57:55,2,8,97.09
2026-08-20,Humira,12.49,21:58:25,2,8,97.1
2026-08-20,Humira,10.11,21:58:55,2,8,97.11
2026-08-20,Humira,13.61,21:59:25,2,8,97.12
2026-08-20,Humira,11.43,21:59:55,2,8,97.13
2026-08-20,Humira,17.69,22:00:25,2,8,97.14
2026-08-20,Humira,10.44,22:00:55,2,8,97.15
2026-08-20,Humira,9.91,22:01:25,2,8,97.16
2026-08-20,Humira,15.29,22:01:55,2,8,97.17
2026-08-20,Humira,13.43,22:02:25,2,8,97.19
2026-08-20,Humira,10.45,22:02:55,2,8,97.2
2026-08-20,Humira,11.44,22:03:25,2,8,97.21
2026-08-20,Humira,16.03,22:03:55,2,8,97.22
2026-08-20,Humira,15.31,22:04:25,2,8,97.23
2026-08-20,Humira,17.07,22:04:55,2,8,97.24
2026-08-20,Humira,16.39,22:05:25,2,8,97.25
2026-08-20,Humira,15.89,22:05:55,2,8,97.26
2026-08-20,Humira,17.82,22:06:25,2,8,97.27
2026-08-20,Humira,12.27,22:06:55,2,8,97.28
2026-08-20,Humira,17.43,22:07:25,2,8,97.29
2026-08-20,Humira,17.92,22:07:55,2,8,97.3
2026-08-20,Humira,13.37,22:08:25,2,8,97.32
2026-08-20,Humira,14.46,22:08:55,2,8,97.33
2026-08-20,Humira,2.1,22:09:25,2,8,0.0
2026-08-20,Humira,15.78,22:09:55,2,8,97.35
2026-08-20,Humira,14.01,22:10:25,2,8,97.36
2026-08-20,Humira,7.38,22:10:55,2,8,0.0
2026-08-20,Humira,16.25,22:11:25,2,8,97.38
2026-08-20,Humira,11.31,22:11:55,2,8,97.39
2026-08-20,Humira,14.41,22:12:25,2,8,97.4
2026-08-20,Humira,3.93,22:12:55,2,8,0.0
2026-08-20,Humira,16.77,22:13:25,2,8,97.42
2026-08-20,Humira,15.37,22:13:55,2,8,97.44
2026-08-20,Humira,15.54,22:14:25,2,8,97.45
2026-08-20,Humira,10.24,22:14:55,2,8,97.46
2026-08-20,Humira,14.84,22:15:25,2,8,97.47
2026-08-20,Humira,15.65,22:15:55,2,8,97.48
2026-08-20,Humira,3.03,22:16:25,2,8,0.0
2026-08-20,Humira,12.39,22:16:55,2,8,97.5
2026-08-20,Humira,15.06,22:17:25,2,8,97.51
2026-08-20,Humira,5.63,22:17:55,2,8,0.0
2026-08-20,Humira,9.11,22:18:25,2,8,97.53
2026-08-20,Humira,6.35,22:18:55,2,8,0.0
2026-08-20,Humira,11.6,22:19:25,2,8,97.55
2026-08-20,Humira,12.89,22:19:55,2,8,97.56
2026-08-20,Humira,12.63,22:20:25,2,8,97.58
2026-08-20,Humira,14.64,22:20:55,2,8,97.59
2026-08-20,Humira,15.88,22:21:25,2,8,97.6
2026-08-20,Humira,15.36,22:21:55,2,8,97.61
2026-08-20,Humira,17.93,22:22:25,2,8,97.62
2026-08-20,Humira,11.07,22:22:55,2,8,97.63
2026-08-20,Humira,13.1,22:23:25,2,8,97.64
2026-08-20,Humira,13.57,22:23:55,2,8,97.65
2026-08-20,Humira,9.11,22:24:25,2,8,97.66
2026-08-20,Humira,11.69,22:24:55,2,8,97.67
2026-08-20,Humira,11.26,22:25:25,2,8,97.68
2026-08-20,Humira,15.47,22:25:55,2,8,97.7
2026-08-20,Humira,10.45,22:26:25,2,8,97.71
2026-08-20,Humira,10.66,22:26:55,2,8,97.72
2026-08-20,Humira,14.62,22:27:25,2,8,97.73
2026-08-20,Humira,12.03,22:27:55,2,8,97.74
2026-08-20,Humira,11.38,22:28:25,2,8,97.75
2026-08-20,Humira,11.97,22:28:55,2,8,97.76
2026-08-20,Humira,5.89,22:29:25,2,8,0.0
2026-08-20,Humira,13.91,22:29:55,2,8,97.78
2026-08-20,Humira,16.4,22:30:25,2,8,97.79
2026-08-20,Humira,14.28,22:30:55,2,8,97.8
2026-08-20,Humira,15.95,22:31:25,2,8,97.81
2026-08-20,Humira,5.36,22:31:55,2,8,0.0
2026-08-20,Humira,2.92,22:32:25,2,8,0.0
2026-08-20,Humira,9.88,22:32:55,2,8,97.85
2026-08-20,Humira,13.78,22:33:25,2,8,97.86
2026-08-20,Humira,5.21,22:33:55,2,8,0.0
2026-08-20,Humira,11.56,22:34:25,2,8,97.88
2026-08-20,Humira,16.59,22:34:55,2,8,97.89
2026-08-20,Humira,12.68,22:35:25,2,8,97.9
2026-08-20,Humira,13.27,22:35:55,2,8,97.91
2026-08-20,Humira,7.2,22:36:25,2,8,0.0
2026-08-20,Humira,15.61,22:36:55,2,8,97.93
2026-08-20,Humira,17.08,22:37:25,2,8,97.94
2026-08-20,Humira,10.05,22:37:55,2,8,97.95
2026-08-20,Humira,9.34,22:38:25,2,8,97.97
2026-08-20,Humira,9.13,22:38:55,2,8,97.98
2026-08-20,Humira,16.86,22:39:25,2,8,97.99
2026-08-20,Humira,12.85,22:39:55,2,8,98.0
2026-08-20,Humira,12.14,22:40:25,2,8,98.01
2026-08-20,Humira,15.56,22:40:55,2,8,98.02
2026-08-20,Humira,9.66,22:41:25,2,8,98.03
2026-08-20,Humira,11.57,22:41:55,2,8,98.04
2026-08-20,Humira,16.48,22:42:25,2,8,98.05
2026-08-20,Humira,14.57,22:42:55,2,8,98.06
2026-08-20,Humira,7.52,22:43:25,2,8,0.0
2026-08-20,Humira,13.83,22:43:55,2,8,98.09
2026-08-20,Humira,17.17,22:44:25,2,8,98.1
2026-08-20,Humira,2.35,22:44:55,2,8,0.0
2026-08-20,Humira,12.73,22:45:25,2,8,98.12
2026-08-20,Humira,17.0,22:45:55,2,8,98.13
2026-08-20,Humira,14.36,22:46:25,2,8,98.14
2026-08-20,Humira,17.29,22:46:55,2,8,98.15
2026-08-20,Humira,16.07,22:47:25,2,8,98.16
2026-08-20,Humira,3.32,22:47:55,2,8,0.0
2026-08-20,Humira,11.72,22:48:25,2,8,98.18
2026-08-20,Humira,10.57,22:48:55,2,8,98.19
2026-08-20,Humira,5.45,22:49:25,2,8,0.0
2026-08-20,Humira,15.72,22:49:55,2,8,98.22
2026-08-20,Humira,14.95,22:50:25,2,8,98.23
2026-08-20,Humira,16.09,22:50:55,2,8,98.24
2026-08-20,Humira,14.61,22:51:25,2,8,98.25
2026-08-20,Humira,11.07,22:51:55,2,8,98.26
2026-08-20,Humira,15.2,22:52:25,2,8,98.27
2026-08-20,Humira,15.69,22:52:55,2,8,98.28
2026-08-20,Humira,12.26,22:53:25,2,8,98.29
2026-08-20,Humira,12.8,22:53:55,2,8,98.3
2026-08-20,Humira,9.83,22:54:25,2,8,98.31
2026-08-20,Humira,6.65,22:54:55,2,8,0.0
2026-08-20,Humira,12.01,22:55:25,2,8,98.33
2026-08-20,Humira,14.84,22:55:55,2,8,98.35
2026-08-20,Humira,3.89,22:56:25,2,8,0.0
2026-08-20,Humira,10.53,22:56:55,2,8,98.37
2026-08-20,Humira,9.22,22:57:25,2,8,98.38
2026-08-20,Humira,9.42,22:57:55,2,8,98.39
2026-08-20,Humira,14.1,22:58:25,2,8,98.4
2026-08-20,Humira,10.39,22:58:55,2,8,98.41
2026-08-20,Humira,14.06,22:59:25,2,8,98.42
2026-08-20,Humira,15.55,22:59:55,2,8,98.43
2026-08-20,Humira,13.06,23:00:25,2,8,98.44
2026-08-20,Humira,3.22,23:00:55,2,8,0.0
2026-08-20,Humira,15.32,23:01:25,2,8,98.46
2026-08-20,Humira,17.89,23:01:55,2,8,98.48
2026-08-20,Humira,2.67,23:02:25,2,8,0.0
2026-08-20,Humira,11.66,23:02:55,2,8,98.5
2026-08-20,Humira,12.78,23:03:25,2,8,98.51
2026-08-20,Humira,17.16,23:03:55,2,8,98.52
2026-08-20,Humira,15.66,23:04:25,2,8,98.53
2026-08-20,Humira,2.65,23:04:55,2,8,0.0
2026-08-20,Humira,9.57,23:05:25,2,8,98.55
2026-08-20,Humira,10.8,23:05:55,2,8,98.56
2026-08-20,Humira,16.46,23:06:25,2,8,98.57
2026-08-20,Humira,13.94,23:06:55,2,8,98.58
2026-08-20,Humira,16.67,23:07:25,2,8,98.59
2026-08-20,Humira,5.98,23:07:55,2,8,0.0
2026-08-20,Humira,15.24,23:08:25,2,8,98.62
2026-08-20,Humira,10.04,23:08:55,2,8,98.63
2026-08-20,Humira,16.56,23:09:25,2,8,98.64
2026-08-20,Humira,7.1,23:09:55,2,8,0.0
2026-08-20,Humira,14.09,23:10:25,2,8,98.66
2026-08-20,Humira,12.08,23:10:55,2,8,98.67
2026-08-20,Humira,9.62,23:11:25,2,8,98.68
2026-08-20,Humira,15.32,23:11:55,2,8,98.69
2026-08-20,Humira,4.99,23:12:25,2,8,0.0
2026-08-20,Humira,12.65,23:12:55,2,8,98.71
2026-08-20,Humira,16.54,23:13:25,2,8,98.72
2026-08-20,Humira,15.59,23:13:55,2,8,98.74
2026-08-20,Humira,10.58,23:14:25,2,8,98.75
2026-08-20,Humira,10.09,23:14:55,2,8,98.76
2026-08-20,Humira,12.49,23:15:25,2,8,98.77
2026-08-20,Humira,14.38,23:15:55,2,8,98.78
2026-08-20,Humira,14.7,23:16:25,2,8,98.79
2026-08-20,Humira,13.39,23:16:55,2,8,98.8
2026-08-20,Humira,3.25,23:17:25,2,8,0.0
2026-08-20,Humira,16.49,23:17:55,2,8,98.82
2026-08-20,Humira,9.31,23:18:25,2,8,98.83
2026-08-20,Humira,7.75,23:18:55,2,8,0.0
2026-08-20,Humira,15.15,23:19:25,2,8,98.85
2026-08-20,Humira,11.46,23:19:55,2,8,98.86
2026-08-20,Humira,15.14,23:20:25,2,8,98.88
2026-08-20,Humira,12.57,23:20:55,2,8,98.89
2026-08-20,Humira,13.45,23:21:25,2,8,98.9
2026-08-20,Humira,2.95,23:21:55,2,8,0.0
2026-08-20,Humira,5.78,23:22:25,2,8,0.0
2026-08-20,Humira,17.43,23:22:55,2,8,98.93
2026-08-20,Humira,6.82,23:23:25,2,8,0.0
2026-08-20,Humira,11.98,23:23:55,2,8,98.95
2026-08-20,Humira,10.8,23:24:25,2,8,98.96
2026-08-20,Humira,13.23,23:24:55,2,8,98.97
2026-08-20,Humira,14.57,23:25:25,2,8,98.98
2026-08-20,Humira,12.73,23:25:55,2,8,99.0
2026-08-20,Humira,15.62,23:26:25,2,8,99.01
2026-08-20,Humira,3.06,23:26:55,2,8,0.0
2026-08-20,Humira,15.45,23:27:25,2,8,99.03
2026-08-20,Humira,15.38,23:27:55,2,8,99.04
2026-08-20,Humira,15.07,23:28:25,2,8,99.05
2026-08-20,Humira,7.13,23:28:55,2,8,0.0
2026-08-20,Humira,13.08,23:29:25,2,8,99.07
2026-08-20,Humira,2.91,23:29:55,2,8,0.0
2026-08-20,Humira,15.38,23:30:25,2,8,99.09
2026-08-20,Humira,2.77,23:30:55,2,8,0.0
2026-08-20,Humira,17.6,23:31:25,2,8,99.11
2026-08-20,Humira,16.87,23:31:55,2,8,99.12
2026-08-20,Humira,11.14,23:32:25,2,8,99.14
2026-08-20,Humira,4.51,23:32:55,2,8,0.0
2026-08-20,Humira,2.37,23:33:25,2,8,0.0
2026-08-20,Humira,14.44,23:33:55,2,8,99.17
2026-08-20,Humira,17.01,23:34:25,2,8,99.18
2026-08-20,Humira,9.15,23:34:55,2,8,99.19
2026-08-20,Humira,3.94,23:35:25,2,8,0.0
2026-08-20,Humira,9.38,23:35:55,2,8,99.21
2026-08-20,Humira,11.9,23:36:25,2,8,99.22
2026-08-20,Humira,17.98,23:36:55,2,8,99.23
2026-08-20,Humira,9.56,23:37:25,2,8,99.24
2026-08-20,Humira,9.54,23:37:55,2,8,99.25
2026-08-20,Humira,6.14,23:38:25,2,8,0.0
2026-08-20,Humira,4.19,23:38:55,2,8,0.0
2026-08-20,Humira,17.42,23:39:25,2,8,99.29
2026-08-20,Humira,2.68,23:39:55,2,8,0.0
2026-08-20,Humira,12.6,23:40:25,2,8,99.31
2026-08-20,Humira,4.36,23:40:55,2,8,0.0
2026-08-20,Humira,16.16,23:41:25,2,8,99.33
2026-08-20,Humira,16.43,23:41:55,2,8,99.34
2026-08-20,Humira,15.89,23:42:25,2,8,99.35
2026-08-20,Humira,3.68,23:42:55,2,8,0.0
2026-08-20,Humira,14.36,23:43:25,2,8,99.37
2026-08-20,Humira,15.7,23:43:55,2,8,99.39
2026-08-20,Humira,7.5,23:44:25,2,8,0.0
2026-08-20,Humira,17.87,23:44:55,2,8,99.41
2026-08-20,Humira,13.24,23:45:25,2,8,99.42
2026-08-20,Humira,9.54,23:45:55,2,8,99.43
2026-08-20,Humira,12.98,23:46:25,2,8,99.44
2026-08-20,Humira,14.92,23:46:55,2,8,99.45
2026-08-20,Humira,6.29,23:47:25,2,8,0.0
2026-08-20,Humira,4.16,23:47:55,2,8,0.0
2026-08-20,Humira,16.87,23:48:25,2,8,99.48
2026-08-20,Humira,10.35,23:48:55,2,8,99.49
2026-08-20,Humira,10.75,23:49:25,2,8,99.5
2026-08-20,Humira,15.59,23:49:55,2,8,99.52
2026-08-20,Humira,2.19,23:50:25,2,8,0.0
2026-08-20,Humira,10.55,23:50:55,2,8,99.54
2026-08-20,Humira,11.5,23:51:25,2,8,99.55
2026-08-20,Humira,14.71,23:51:55,2,8,99.56
2026-08-20,Humira,14.72,23:52:25,2,8,99.57
2026-08-20,Humira,2.08,23:52:55,2,8,0.0
2026-08-20,Humira,14.7,23:53:25,2,8,99.59
2026-08-20,Humira,13.34,23:53:55,2,8,99.6
2026-08-20,Humira,2.72,23:54:25,2,8,0.0
2026-08-20,Humira,3.32,23:54:55,2,8,0.0
2026-08-20,Humira,16.88,23:55:25,2,8,99.63
2026-08-20,Humira,14.34,23:55:55,2,8,99.65
2026-08-20,Humira,13.72,23:56:25,2,8,99.66
2026-08-20,Humira,11.49,23:56:55,2,8,99.67
2026-08-20,Humira,15.87,23:57:25,2,8,99.68
2026-08-20,Humira,11.23,23:57:55,2,8,99.69
2026-08-20,Humira,16.07,23:58:25,2,8,99.7
2026-08-20,Humira,17.84,23:58:55,2,8,99.71
2026-08-20,Humira,15.67,23:59:25,2,8,99.72
2026-08-20,Humira,7.43,23:59:55,2,8,0.0
2026-08-20,Humira,14.89,00:00:25,2,8,99.74
2026-08-20,Humira,13.58,00:00:55,2,8,99.75
2026-08-20,Humira,13.85,00:01:25,2,8,99.76
2026-08-20,Humira,13.68,00:01:55,2,8,99.78
2026-08-20,Humira,9.91,00:02:25,2,8,99.79
2026-08-20,Humira,15.53,00:02:55,2,8,99.8
2026-08-20,Humira,13.81,00:03:25,2,8,99.81
2026-08-20,Humira,10.18,00:03:55,2,8,99.82
2026-08-20,Humira,9.73,00:04:25,2,8,99.83
2026-08-20,Humira,13.88,00:04:55,2,8,99.84
2026-08-20,Humira,11.33,00:05:25,2,8,99.85
2026-08-20,Humira,14.94,00:05:55,2,8,99.86
2026-08-20,Humira,17.53,00:06:25,2,8,99.87
2026-08-20,Humira,13.4,00:06:55,2,8,99.88
2026-08-20,Humira,4.34,00:07:25,2,8,0.0
2026-08-20,Humira,16.95,00:07:55,2,8,99.91
2026-08-20,Humira,15.96,00:08:25,2,8,99.92
2026-08-20,Humira,2.72,00:08:55,2,8,0.0
2026-08-20,Humira,12.47,00:09:25,2,8,99.94
2026-08-20,Humira,6.04,00:09:55,2,8,0.0
2026-08-20,Humira,12.27,00:10:25,2,8,99.96
2026-08-20,Humira,17.24,00:10:55,2,8,99.97
2026-08-20,Humira,13.96,00:11:25,2,8,99.98
2026-08-20,Humira,13.13,00:11:55,2,8,99.99
2026-08-20,Humira,17.32,00:12:25,2,8,100.0
2026-08-20,Humira,17.9,00:12:55,2,8,100.01
2026-08-20,Humira,3.59,00:13:25,2,8,0.0
2026-08-20,Humira,13.84,00:13:55,2,8,100.04
2026-08-20,Humira,2.63,00:14:25,2,8,0.0
2026-08-20,Humira,9.93,00:14:55,2,8,100.06
2026-08-20,Humira,11.08,00:15:25,2,8,100.07
2026-08-20,Humira,13.31,00:15:55,2,8,100.08
2026-08-20,Humira,7.03,00:16:25,2,8,0.0
2026-08-20,Humira,9.62,00:16:55,2,8,100.1
2026-08-20,Humira,17.71,00:17:25,2,8,100.11
2026-08-20,Humira,6.44,00:17:55,2,8,0.0
2026-08-20,Humira,14.52,00:18:25,2,8,100.13
2026-08-20,Humira,12.73,00:18:55,2,8,100.14
2026-08-20,Humira,2.72,00:19:25,2,8,0.0
2026-08-20,Humira,9.82,00:19:55,2,8,100.17
2026-08-20,Humira,10.06,00:20:25,2,8,100.18
2026-08-20,Humira,12.55,00:20:55,2,8,100.19
2026-08-20,Humira,14.81,00:21:25,2,8,100.2
2026-08-20,Humira,16.46,00:21:55,2,8,100.21
2026-08-20,Humira,10.59,00:22:25,2,8,100.22
2026-08-20,Humira,17.3,00:22:55,2,8,100.23
2026-08-20,Humira,4.38,00:23:25,2,8,0.0
2026-08-20,Humira,13.33,00:23:55,2,8,100.25
2026-08-20,Humira,13.27,00:24:25,2,8,100.26
2026-08-20,Humira,11.16,00:24:55,2,8,100.27
2026-08-20,Humira,14.74,00:25:25,2,8,100.28
2026-08-20,Humira,3.34,00:25:55,2,8,0.0
2026-08-20,Humira,11.13,00:26:25,2,8,100.31
2026-08-20,Humira,11.53,00:26:55,2,8,100.32
2026-08-20,Humira,10.45,00:27:25,2,8,100.33
2026-08-20,Humira,9.74,00:27:55,2,8,100.34
2026-08-20,Humira,10.09,00:28:25,2,8,100.35
2026-08-20,Humira,16.75,00:28:55,2,8,100.36
2026-08-20,Humira,12.66,00:29:25,2,8,100.37
2026-08-20,Humira,15.11,00:29:55,2,8,100.38
2026-08-20,Humira,11.07,00:30:25,2,8,100.39
2026-08-20,Humira,13.75,00:30:55,2,8,100.4
2026-08-20,Humira,11.46,00:31:25,2,8,100.41
2026-08-20,Humira,9.99,00:31:55,2,8,100.42
2026-08-20,Humira,14.85,00:32:25,2,8,100.44
2026-08-20,Humira,12.14,00:32:55,2,8,100.45
2026-08-20,Humira,13.14,00:33:25,2,8,100.46
2026-08-20,Humira,13.2,00:33:55,2,8,100.47
2026-08-20,Humira,10.12,00:34:25,2,8,100.48
2026-08-20,Humira,3.18,00:34:55,2,8,0.0
2026-08-20,Humira,11.55,00:35:25,2,8,100.5
2026-08-20,Humira,16.38,00:35:55,2,8,100.51
2026-08-20,Humira,11.97,00:36:25,2,8,100.52
2026-08-20,Humira,15.17,00:36:55,2,8,100.53
2026-08-20,Humira,12.63,00:37:25,2,8,100.54
2026-08-20,Humira,16.36,00:37:55,2,8,100.55
2026-08-20,Humira,14.46,00:38:25,2,8,100.57
2026-08-20,Humira,15.38,00:38:55,2,8,100.58
2026-08-20,Humira,15.93,00:39:25,2,8,100.59
2026-08-20,Humira,14.16,00:39:55,2,8,100.6
2026-08-20,Humira,2.28,00:40:25,2,8,0.0
2026-08-20,Humira,9.71,00:40:55,2,8,100.62
2026-08-20,Humira,14.45,00:41:25,2,8,100.63
2026-08-20,Humira,3.24,00:41:55,2,8,0.0
2026-08-20,Humira,17.75,00:42:25,2,8,100.65
2026-08-20,Humira,14.97,00:42:55,2,8,100.66
2026-08-20,Humira,13.94,00:43:25,2,8,100.67
2026-08-20,Humira,12.66,00:43:55,2,8,100.69
2026-08-20,Humira,10.4,00:44:25,2,8,100.7
2026-08-20,Humira,5.13,00:44:55,2,8,0.0
2026-08-20,Humira,15.08,00:45:25,2,8,100.72
2026-08-20,Humira,16.62,00:45:55,2,8,100.73
2026-08-20,Humira,17.66,00:46:25,2,8,100.74
2026-08-20,Humira,17.77,00:46:55,2,8,100.75
2026-08-20,Humira,9.1,00:47:25,2,8,100.76
2026-08-20,Humira,15.5,00:47:55,2,8,100.77
2026-08-20,Humira,4.4,00:48:25,2,8,0.0
2026-08-20,Humira,15.45,00:48:55,2,8,100.79
2026-08-20,Humira,13.11,00:49:25,2,8,100.8
2026-08-20,Humira,16.49,00:49:55,2,8,100.81
2026-08-20,Humira,16.56,00:50:25,2,8,100.83
2026-08-20,Humira,10.03,00:50:55,2,8,100.84
2026-08-20,Humira,3.31,00:51:25,2,8,0.0
2026-08-20,Humira,17.39,00:51:55,2,8,100.86
2026-08-20,Humira,9.36,00:52:25,2,8,100.87
2026-08-20,Humira,14.15,00:52:55,2,8,100.88
2026-08-20,Humira,10.63,00:53:25,2,8,100.89
2026-08-20,Humira,12.74,00:53:55,2,8,100.9
2026-08-20,Humira,10.92,00:54:25,2,8,100.91
2026-08-20,Humira,10.76,00:54:55,2,8,100.92
2026-08-20,Humira,9.14,00:55:25,2,8,100.93
2026-08-20,Humira,15.14,00:55:55,2,8,100.95
2026-08-20,Humira,10.13,00:56:25,2,8,100.96
2026-08-20,Humira,13.96,00:56:55,2,8,100.97
2026-08-20,Humira,6.75,00:57:25,2,8,0.0
2026-08-20,Humira,9.43,00:57:55,2,8,100.99
2026-08-20,Humira,17.43,00:58:25,2,8,101.0
2026-08-20,Humira,17.06,00:58:55,2,8,101.01
2026-08-20,Humira,17.72,00:59:25,2,8,101.02
2026-08-20,Humira,12.75,00:59:55,2,8,101.03
2026-08-20,Humira,11.63,01:00:25,2,8,101.04
2026-08-20,Humira,3.72,01:00:55,2,8,0.0
2026-08-20,Humira,15.95,01:01:25,2,8,101.06
2026-08-20,Humira,2.81,01:01:55,2,8,0.0
2026-08-20,Humira,17.57,01:02:25,2,8,101.09
2026-08-20,Humira,12.68,01:02:55,2,8,101.1
2026-08-20,Humira,12.82,01:03:25,2,8,101.11
2026-08-20,Humira,15.56,01:03:55,2,8,101.12
2026-08-20,Humira,5.39,01:04:25,2,8,0.0
2026-08-20,Humira,16.49,01:04:55,2,8,101.14
2026-08-20,Humira,3.81,01:05:25,2,8,0.0
2026-08-20,Humira,17.48,01:05:55,2,8,101.16
2026-08-20,Humira,6.56,01:06:25,2,8,0.0
2026-08-20,Humira,13.25,01:06:55,2,8,101.18
2026-08-20,Humira,15.1,01:07:25,2,8,101.19
2026-08-20,Humira,9.11,01:07:55,2,8,101.2
2026-08-20,Humira,14.54,01:08:25,2,8,101.22
2026-08-20,Humira,13.92,01:08:55,2,8,101.23
2026-08-20,Humira,5.21,01:09:25,2,8,0.0
2026-08-20,Humira,6.95,01:09:55,2,8,0.0
2026-08-20,Humira,16.06,01:10:25,2,8,101.26
2026-08-20,Humira,16.03,01:10:55,2,8,101.27
2026-08-20,Humira,11.95,01:11:25,2,8,101.28
2026-08-20,Humira,14.46,01:11:55,2,8,101.29
2026-08-20,Humira,15.78,01:12:25,2,8,101.3
2026-08-20,Humira,13.48,01:12:55,2,8,101.31
2026-08-20,Humira,14.29,01:13:25,2,8,101.32
2026-08-20,Humira,10.76,01:13:55,2,8,101.34
2026-08-20,Humira,16.26,01:14:25,2,8,101.35
2026-08-20,Humira,4.85,01:14:55,2,8,0.0
2026-08-20,Humira,10.7,01:15:25,2,8,101.37
2026-08-20,Humira,13.41,01:15:55,2,8,101.38
2026-08-20,Humira,5.05,01:16:25,2,8,0.0
2026-08-20,Humira,17.48,01:16:55,2,8,101.4
2026-08-20,Humira,11.51,01:17:25,2,8,101.41
2026-08-20,Humira,12.33,01:17:55,2,8,101.42
2026-08-20,Humira,5.41,01:18:25,2,8,0.0
2026-08-20,Humira,14.87,01:18:55,2,8,101.44
2026-08-20,Humira,17.39,01:19:25,2,8,101.45
2026-08-20,Humira,17.0,01:19:55,2,8,101.47
2026-08-20,Humira,14.57,01:20:25,2,8,101.48
2026-08-20,Humira,13.84,01:20:55,2,8,101.49
2026-08-20,Humira,4.06,01:21:25,2,8,0.0
2026-08-20,Humira,17.2,01:21:55,2,8,101.51
2026-08-20,Humira,12.8,01:22:25,2,8,101.52
2026-08-20,Humira,12.07,01:22:55,2,8,101.53
2026-08-20,Humira,10.47,01:23:25,2,8,101.54
2026-08-20,Humira,15.52,01:23:55,2,8,101.55
2026-08-20,Humira,9.03,01:24:25,2,8,101.56
2026-08-20,Humira,12.72,01:24:55,2,8,101.57
2026-08-20,Humira,15.53,01:25:25,2,8,101.58
2026-08-20,Humira,11.63,01:25:55,2,8,101.6
2026-08-20,Humira,9.6,01:26:25,2,8,101.61
2026-08-20,Humira,12.76,01:26:55,2,8,101.62
2026-08-20,Humira,11.26,01:27:25,2,8,101.63
2026-08-20,Humira,12.84,01:27:55,2,8,101.64
2026-08-20,Humira,13.67,01:28:25,2,8,101.65
2026-08-20,Humira,16.65,01:28:55,2,8,101.66
2026-08-20,Humira,15.96,01:29:25,2,8,101.67
2026-08-20,Humira,5.45,01:29:55,2,8,0.0
2026-08-20,Humira,12.98,01:30:25,2,8,101.69
2026-08-20,Humira,11.37,01:30:55,2,8,101.7
2026-08-20,Humira,10.03,01:31:25,2,8,101.71
2026-08-20,Humira,5.48,01:31:55,2,8,0.0
2026-08-20,Humira,17.61,01:32:25,2,8,101.74
2026-08-20,Humira,13.23,01:32:55,2,8,101.75
2026-08-20,Humira,9.04,01:33:25,2,8,101.76
2026-08-20,Humira,14.55,01:33:55,2,8,101.77
2026-08-20,Humira,13.73,01:34:25,2,8,101.78
2026-08-20,Humira,10.75,01:34:55,2,8,101.79
2026-08-20,Humira,11.54,01:35:25,2,8,101.8
2026-08-20,Humira,17.62,01:35:55,2,8,101.81
2026-08-20,Humira,6.09,01:36:25,2,8,0.0
2026-08-20,Humira,16.01,01:36:55,2,8,101.83
2026-08-20,Humira,5.29,01:37:25,2,8,0.0
2026-08-20,Humira,2.39,01:37:55,2,8,0.0
2026-08-20,Humira,10.28,01:38:25,2,8,101.87
2026-08-20,Humira,9.93,01:38:55,2,8,101.88
2026-08-20,Humira,9.04,01:39:25,2,8,101.89
2026-08-20,Humira,9.62,01:39:55,2,8,101.9
2026-08-20,Humira,17.52,01:40:25,2,8,101.91
2026-08-20,Humira,16.16,01:40:55,2,8,101.92
2026-08-20,Humira,13.25,01:41:25,2,8,101.93
2026-08-20,Humira,12.51,01:41:55,2,8,101.94
2026-08-20,Humira,17.19,01:42:25,2,8,101.95
2026-08-20,Humira,7.39,01:42:55,2,8,0.0
2026-08-20,Humira,12.86,01:43:25,2,8,101.97
2026-08-20,Humira,13.99,01:43:55,2,8,101.99
2026-08-20,Humira,9.15,01:44:25,2,8,102.0
2026-08-20,Humira,14.04,01:44:55,2,8,102.01
2026-08-20,Humira,17.81,01:45:25,2,8,102.02
2026-08-20,Humira,12.0,01:45:55,2,8,102.03
2026-08-20,Humira,7.28,01:46:25,2,8,0.0
2026-08-20,Humira,3.57,01:46:55,2,8,0.0
2026-08-20,Humira,10.71,01:47:25,2,8,102.06
2026-08-20,Humira,16.38,01:47:55,2,8,102.07
2026-08-20,Humira,16.28,01:48:25,2,8,102.08
2026-08-20,Humira,10.32,01:48:55,2,8,102.09
2026-08-20,Humira,6.65,01:49:25,2,8,0.0
2026-08-20,Humira,9.94,01:49:55,2,8,102.11
2026-08-20,Humira,15.93,01:50:25,2,8,102.13
2026-08-20,Humira,9.28,01:50:55,2,8,102.14
2026-08-20,Humira,11.77,01:51:25,2,8,102.15
2026-08-20,Humira,16.62,01:51:55,2,8,102.16
2026-08-20,Humira,17.27,01:52:25,2,8,102.17
2026-08-20,Humira,11.09,01:52:55,2,8,102.18
2026-08-20,Humira,16.31,01:53:25,2,8,102.19
2026-08-20,Humira,12.28,01:53:55,2,8,102.2
2026-08-20,Humira,11.98,01:54:25,2,8,102.21
2026-08-20,Humira,9.72,01:54:55,2,8,102.22
2026-08-20,Humira,5.73,01:55:25,2,8,0.0
2026-08-20,Humira,10.4,01:55:55,2,8,102.25
2026-08-20,Humira,13.15,01:56:25,2,8,102.26
2026-08-20,Humira,16.11,01:56:55,2,8,102.27
2026-08-20,Humira,10.1,01:57:25,2,8,102.28
2026-08-20,Humira,7.33,01:57:55,2,8,0.0
2026-08-20,Humira,14.47,01:58:25,2,8,102.3
2026-08-20,Humira,15.33,01:58:55,2,8,102.31
2026-08-20,Humira,11.16,01:59:25,2,8,102.32
2026-08-20,Humira,11.4,01:59:55,2,8,102.33
2026-08-20,Humira,14.29,02:00:25,2,8,102.34
2026-08-20,Humira,11.82,02:00:55,2,8,102.35
2026-08-20,Humira,9.09,02:01:25,2,8,102.36
2026-08-20,Humira,6.93,02:01:55,2,8,0.0
2026-08-20,Humira,12.86,02:02:25,2,8,102.39
2026-08-20,Humira,9.79,02:02:55,2,8,102.4
2026-08-20,Humira,17.74,02:03:25,2,8,102.41
2026-08-20,Humira,17.7,02:03:55,2,8,102.42
2026-08-20,Humira,16.22,02:04:25,2,8,102.43
2026-08-20,Humira,12.07,02:04:55,2,8,102.44
2026-08-20,Humira,9.57,02:05:25,2,8,102.45
2026-08-20,Humira,15.13,02:05:55,2,8,102.46
2026-08-20,Humira,11.17,02:06:25,2,8,102.47
2026-08-20,Humira,13.1,02:06:55,2,8,102.48
2026-08-20,Humira,13.79,02:07:25,2,8,102.49
2026-08-20,Humira,12.11,02:07:55,2,8,102.5
2026-08-20,Humira,13.05,02:08:25,2,8,102.52
2026-08-20,Humira,11.09,02:08:55,2,8,102.53
2026-08-20,Humira,6.87,02:09:25,2,8,0.0
2026-08-20,Humira,16.6,02:09:55,2,8,102.55
2026-08-20,Humira,9.62,02:10:25,2,8,102.56
2026-08-20,Humira,14.33,02:10:55,2,8,102.57
2026-08-20,Humira,13.12,02:11:25,2,8,102.58
2026-08-20,Humira,14.03,02:11:55,2,8,102.59
2026-08-20,Humira,15.44,02:12:25,2,8,102.6
2026-08-20,Humira,11.05,02:12:55,2,8,102.61
2026-08-20,Humira,10.88,02:13:25,2,8,102.62
2026-08-20,Humira,4.54,02:13:55,2,8,0.0
2026-08-20,Humira,7.6,02:14:25,2,8,0.0
2026-08-20,Humira,11.91,02:14:55,2,8,102.66
2026-08-20,Humira,12.06,02:15:25,2,8,102.67
2026-08-20,Humira,14.76,02:15:55,2,8,102.68
2026-08-20,Humira,12.82,02:16:25,2,8,102.69
2026-08-20,Humira,2.67,02:16:55,2,8,0.0
2026-08-20,Humira,15.78,02:17:25,2,8,102.71
2026-08-20,Humira,10.95,02:17:55,2,8,102.72
2026-08-20,Humira,12.38,02:18:25,2,8,102.73
2026-08-20,Humira,15.0,02:18:55,2,8,102.74
2026-08-20,Humira,12.73,02:19:25,2,8,102.75
2026-08-20,Humira,10.75,02:19:55,2,8,102.77
2026-08-20,Humira,4.2,02:20:25,2,8,0.0
2026-08-20,Humira,14.48,02:20:55,2,8,102.79
2026-08-20,Humira,2.29,02:21:25,2,8,0.0
2026-08-20,Humira,13.07,02:21:55,2,8,102.81
2026-08-20,Humira,4.43,02:22:25,2,8,0.0
2026-08-20,Humira,10.34,02:22:55,2,8,102.83
2026-08-20,Humira,11.66,02:23:25,2,8,102.84
2026-08-20,Humira,11.57,02:23:55,2,8,102.85
2026-08-20,Humira,16.07,02:24:25,2,8,102.86
2026-08-20,Humira,17.69,02:24:55,2,8,102.87
2026-08-20,Humira,13.38,02:25:25,2,8,102.88
2026-08-20,Humira,4.54,02:25:55,2,8,0.0
2026-08-20,Humira,9.3,02:26:25,2,8,102.91
2026-08-20,Humira,9.69,02:26:55,2,8,102.92
2026-08-20,Humira,15.08,02:27:25,2,8,102.93
2026-08-20,Humira,3.67,02:27:55,2,8,0.0
2026-08-20,Humira,17.99,02:28:25,2,8,102.95
2026-08-20,Humira,9.62,02:28:55,2,8,102.96
2026-08-20,Humira,9.81,02:29:25,2,8,102.97
2026-08-20,Humira,16.58,02:29:55,2,8,102.98
2026-08-20,Humira,13.22,02:30:25,2,8,102.99
2026-08-20,Humira,17.3,02:30:55,2,8,103.0
2026-08-20,Humira,9.92,02:31:25,2,8,103.01
2026-08-20,Humira,17.66,02:31:55,2,8,103.03
2026-08-20,Humira,6.87,02:32:25,2,8,0.0
2026-08-20,Humira,10.55,02:32:55,2,8,103.05
2026-08-20,Humira,14.92,02:33:25,2,8,103.06
2026-08-20,Humira,12.61,02:33:55,2,8,103.07
2026-08-20,Humira,13.59,02:34:25,2,8,103.08
2026-08-20,Humira,15.94,02:34:55,2,8,103.09
2026-08-20,Humira,13.83,02:35:25,2,8,103.1
2026-08-20,Humira,5.98,02:35:55,2,8,0.0
2026-08-20,Humira,3.55,02:36:25,2,8,0.0
2026-08-20,Humira,17.42,02:36:55,2,8,103.13
2026-08-20,Humira,12.09,02:37:25,2,8,103.14
2026-08-20,Humira,3.61,02:37:55,2,8,0.0
2026-08-20,Humira,12.85,02:38:25,2,8,103.17
2026-08-20,Humira,9.45,02:38:55,2,8,103.18
2026-08-20,Humira,16.08,02:39:25,2,8,103.19
2026-08-20,Humira,12.83,02:39:55,2,8,103.2
2026-08-20,Humira,13.68,02:40:25,2,8,103.21
2026-08-20,Humira,13.3,02:40:55,2,8,103.22
2026-08-20,Humira,2.25,02:41:25,2,8,0.0
2026-08-20,Humira,2.39,02:41:55,2,8,0.0
2026-08-20,Humira,9.67,02:42:25,2,8,103.25
2026-08-20,Humira,4.32,02:42:55,2,8,0.0
2026-08-20,Humira,15.88,02:43:25,2,8,103.27
2026-08-20,Humira,15.12,02:43:55,2,8,103.29
2026-08-20,Humira,3.23,02:44:25,2,8,0.0
2026-08-20,Humira,14.86,02:44:55,2,8,103.31
2026-08-20,Humira,13.14,02:45:25,2,8,103.32
2026-08-20,Humira,9.02,02:45:55,2,8,103.33
2026-08-20,Humira,7.9,02:46:25,2,8,0.0
2026-08-20,Humira,9.22,02:46:55,2,8,103.35
2026-08-20,Humira,7.67,02:47:25,2,8,0.0
2026-08-20,Humira,17.85,02:47:55,2,8,103.37
2026-08-20,Humira,10.61,02:48:25,2,8,103.38
2026-08-20,Humira,13.18,02:48:55,2,8,103.39
2026-08-20,Humira,14.01,02:49:25,2,8,103.4
2026-08-20,Humira,10.89,02:49:55,2,8,103.42
2026-08-20,Humira,12.1,02:50:25,2,8,103.43
2026-08-20,Humira,12.78,02:50:55,2,8,103.44
2026-08-20,Humira,2.76,02:51:25,2,8,0.0
2026-08-20,Humira,15.73,02:51:55,2,8,103.46
2026-08-20,Humira,16.37,02:52:25,2,8,103.47
2026-08-20,Humira,5.03,02:52:55,2,8,0.0
2026-08-20,Humira,14.54,02:53:25,2,8,103.49
2026-08-20,Humira,17.12,02:53:55,2,8,103.5
2026-08-20,Humira,16.98,02:54:25,2,8,103.51
2026-08-20,Humira,10.7,02:54:55,2,8,103.52
2026-08-20,Humira,10.14,02:55:25,2,8,103.53
2026-08-20,Humira,11.44,02:55:55,2,8,103.55
2026-08-20,Humira,12.76,02:56:25,2,8,103.56
2026-08-20,Humira,6.14,02:56:55,2,8,0.0
2026-08-20,Humira,6.68,02:57:25,2,8,0.0
2026-08-20,Humira,2.06,02:57:55,2,8,0.0
2026-08-20,Humira,17.96,02:58:25,2,8,103.6
2026-08-20,Humira,9.83,02:58:55,2,8,103.61
2026-08-20,Humira,14.88,02:59:25,2,8,103.62
2026-08-20,Humira,13.97,02:59:55,2,8,103.63
2026-08-20,Humira,4.55,03:00:25,2,8,0.0
2026-08-20,Humira,2.12,03:00:55,2,8,0.0
2026-08-20,Humira,9.64,03:01:25,2,8,103.66
2026-08-20,Humira,11.86,03:01:55,2,8,103.67
2026-08-20,Humira,14.34,03:02:25,2,8,103.69
2026-08-20,Humira,2.64,03:02:55,2,8,0.0
2026-08-20,Humira,12.08,03:03:25,2,8,103.71
2026-08-20,Humira,14.28,03:03:55,2,8,103.72
2026-08-20,Humira,13.95,03:04:25,2,8,103.73
2026-08-20,Humira,10.1,03:04:55,2,8,103.74
2026-08-20,Humira,15.01,03:05:25,2,8,103.75
2026-08-20,Humira,15.35,03:05:55,2,8,103.76
2026-08-20,Humira,13.36,03:06:25,2,8,103.77
2026-08-20,Humira,16.83,03:06:55,2,8,103.78
2026-08-20,Humira,10.36,03:07:25,2,8,103.79
2026-08-20,Humira,15.28,03:07:55,2,8,103.8
2026-08-20,Humira,7.54,03:08:25,2,8,0.0
2026-08-20,Humira,17.5,03:08:55,2,8,103.83
2026-08-20,Humira,17.1,03:09:25,2,8,103.84
2026-08-20,Humira,10.15,03:09:55,2,8,103.85
2026-08-20,Humira,9.15,03:10:25,2,8,103.86
2026-08-20,Humira,2.21,03:10:55,2,8,0.0
2026-08-20,Humira,13.95,03:11:25,2,8,103.88
2026-08-20,Humira,9.45,03:11:55,2,8,103.89
2026-08-20,Humira,13.96,03:12:25,2,8,103.9
2026-08-20,Humira,11.45,03:12:55,2,8,103.91
2026-08-20,Humira,14.17,03:13:25,2,8,103.92
2026-08-20,Humira,15.3,03:13:55,2,8,103.94
2026-08-20,Humira,14.46,03:14:25,2,8,103.95
2026-08-20,Humira,9.81,03:14:55,2,8,103.96
2026-08-20,Humira,17.5,03:15:25,2,8,103.97
2026-08-20,Humira,15.85,03:15:55,2,8,103.98
2026-08-20,Humira,9.98,03:16:25,2,8,103.99
2026-08-20,Humira,14.33,03:16:55,2,8,104.0
2026-08-20,Humira,13.29,03:17:25,2,8,104.01
2026-08-20,Humira,9.94,03:17:55,2,8,104.02
2026-08-20,Humira,10.87,03:18:25,2,8,104.03
2026-08-20,Humira,5.29,03:18:55,2,8,0.0
2026-08-20,Humira,14.51,03:19:25,2,8,104.05
2026-08-20,Humira,13.44,03:19:55,2,8,104.06
2026-08-20,Humira,16.56,03:20:25,2,8,104.08
2026-08-20,Humira,13.93,03:20:55,2,8,104.09
2026-08-20,Humira,9.13,03:21:25,2,8,104.1
2026-08-20,Humira,6.26,03:21:55,2,8,0.0
2026-08-20,Humira,5.18,03:22:25,2,8,0.0
2026-08-20,Humira,9.1,03:22:55,2,8,104.13
2026-08-20,Humira,11.35,03:23:25,2,8,104.14
2026-08-20,Humira,9.05,03:23:55,2,8,104.15
2026-08-20,Humira,10.48,03:24:25,2,8,104.16
2026-08-20,Humira,15.55,03:24:55,2,8,104.17
2026-08-20,Humira,9.97,03:25:25,2,8,104.18
2026-08-20,Humira,12.99,03:25:55,2,8,104.2
2026-08-20,Humira,9.7,03:26:25,2,8,104.21
2026-08-20,Humira,11.89,03:26:55,2,8,104.22
2026-08-20,Humira,2.85,03:27:25,2,8,0.0
2026-08-20,Humira,9.42,03:27:55,2,8,104.24
2026-08-20,Humira,9.83,03:28:25,2,8,104.25
2026-08-20,Humira,4.06,03:28:55,2,8,0.0
2026-08-20,Humira,3.96,03:29:25,2,8,0.0
2026-08-20,Humira,14.18,03:29:55,2,8,104.28
2026-08-20,Humira,11.12,03:30:25,2,8,104.29
2026-08-20,Humira,12.71,03:30:55,2,8,104.3
2026-08-20,Humira,11.22,03:31:25,2,8,104.31
2026-08-20,Humira,17.28,03:31:55,2,8,104.33
2026-08-20,Humira,17.11,03:32:25,2,8,104.34
2026-08-20,Humira,14.85,03:32:55,2,8,104.35
2026-08-20,Humira,16.11,03:33:25,2,8,104.36
2026-08-20,Humira,13.57,03:33:55,2,8,104.37
2026-08-20,Humira,12.31,03:34:25,2,8,104.38
2026-08-20,Humira,12.58,03:34:55,2,8,104.39
2026-08-20,Humira,10.64,03:35:25,2,8,104.4
2026-08-20,Humira,13.1,03:35:55,2,8,104.41
2026-08-20,Humira,7.04,03:36:25,2,8,0.0
2026-08-20,Humira,16.0,03:36:55,2,8,104.43
2026-08-20,Humira,17.77,03:37:25,2,8,104.44
2026-08-20,Humira,13.47,03:37:55,2,8,104.45
2026-08-20,Humira,10.59,03:38:25,2,8,104.47
2026-08-20,Humira,9.17,03:38:55,2,8,104.48
2026-08-20,Humira,14.96,03:39:25,2,8,104.49
2026-08-20,Humira,10.9,03:39:55,2,8,104.5
2026-08-20,Humira,9.64,03:40:25,2,8,104.51
2026-08-20,Humira,11.38,03:40:55,2,8,104.52
2026-08-20,Humira,14.17,03:41:25,2,8,104.53
2026-08-20,Humira,13.84,03:41:55,2,8,104.54
2026-08-20,Humira,10.83,03:42:25,2,8,104.55
2026-08-20,Humira,16.79,03:42:55,2,8,104.56
2026-08-20,Humira,16.68,03:43:25,2,8,104.57
2026-08-20,Humira,12.43,03:43:55,2,8,104.59
2026-08-20,Humira,17.03,03:44:25,2,8,104.6
2026-08-20,Humira,16.04,03:44:55,2,8,104.61
2026-08-20,Humira,15.68,03:45:25,2,8,104.62
2026-08-20,Humira,16.87,03:45:55,2,8,104.63
2026-08-20,Humira,2.56,03:46:25,2,8,0.0
2026-08-20,Humira,17.18,03:46:55,2,8,104.65
2026-08-20,Humira,10.33,03:47:25,2,8,104.66
2026-08-20,Humira,16.71,03:47:55,2,8,104.67
2026-08-20,Humira,11.93,03:48:25,2,8,104.68
2026-08-20,Humira,17.41,03:48:55,2,8,104.69
2026-08-20,Humira,7.14,03:49:25,2,8,0.0
2026-08-20,Humira,15.94,03:49:55,2,8,104.72
2026-08-20,Humira,3.91,03:50:25,2,8,0.0
2026-08-20,Humira,14.28,03:50:55,2,8,104.74
2026-08-20,Humira,16.52,03:51:25,2,8,104.75
2026-08-20,Humira,13.89,03:51:55,2,8,104.76
2026-08-20,Humira,9.45,03:52:25,2,8,104.77
2026-08-20,Humira,13.01,03:52:55,2,8,104.78
2026-08-20,Humira,15.07,03:53:25,2,8,104.79
2026-08-20,Humira,11.81,03:53:55,2,8,104.8
2026-08-20,Humira,15.79,03:54:25,2,8,104.81
2026-08-20,Humira,9.81,03:54:55,2,8,104.82
2026-08-20,Humira,14.13,03:55:25,2,8,104.83
2026-08-20,Humira,9.71,03:55:55,2,8,104.85
2026-08-20,Humira,9.91,03:56:25,2,8,104.86
2026-08-20,Humira,16.92,03:56:55,2,8,104.87
2026-08-20,Humira,12.92,03:57:25,2,8,104.88
2026-08-20,Humira,16.53,03:57:55,2,8,104.89
2026-08-20,Humira,2.2,03:58:25,2,8,0.0
2026-08-20,Humira,3.04,03:58:55,2,8,0.0
2026-08-20,Humira,17.74,03:59:25,2,8,104.92
2026-08-20,Humira,16.51,03:59:55,2,8,104.93
2026-08-20,Humira,13.72,04:00:25,2,8,104.94
2026-08-20,Humira,14.42,04:00:55,2,8,104.95
2026-08-20,Humira,12.75,04:01:25,2,8,104.96
2026-08-20,Humira,14.71,04:01:55,2,8,104.98
2026-08-20,Humira,6.45,04:02:25,2,8,0.0
2026-08-20,Humira,2.7,04:02:55,2,8,0.0
2026-08-20,Humira,16.9,04:03:25,2,8,105.01
2026-08-20,Humira,7.32,04:03:55,2,8,0.0
2026-08-20,Humira,10.0,04:04:25,2,8,105.03
2026-08-20,Humira,17.1,04:04:55,2,8,105.04
2026-08-20,Humira,14.62,04:05:25,2,8,105.05
2026-08-20,Humira,16.37,04:05:55,2,8,105.06
2026-08-20,Humira,11.22,04:06:25,2,8,105.07
2026-08-20,Humira,16.67,04:06:55,2,8,105.08
2026-08-20,Humira,3.45,04:07:25,2,8,0.0
2026-08-20,Humira,9.51,04:07:55,2,8,105.1
2026-08-20,Humira,11.93,04:08:25,2,8,105.12
2026-08-20,Humira,16.72,04:08:55,2,8,105.13
2026-08-20,Humira,13.25,04:09:25,2,8,105.14
2026-08-20,Humira,17.92,04:09:55,2,8,105.15
2026-08-20,Humira,11.98,04:10:25,2,8,105.16
2026-08-20,Humira,15.83,04:10:55,2,8,105.17
2026-08-20,Humira,15.9,04:11:25,2,8,105.18
2026-08-20,Humira,16.61,04:11:55,2,8,105.19
2026-08-20,Humira,9.88,04:12:25,2,8,105.2
2026-08-20,Humira,4.81,04:12:55,2,8,0.0
2026-08-20,Humira,13.78,04:13:25,2,8,105.22
2026-08-20,Humira,17.94,04:13:55,2,8,105.24
2026-08-20,Humira,10.94,04:14:25,2,8,105.25
2026-08-20,Humira,6.68,04:14:55,2,8,0.0
2026-08-20,Humira,13.24,04:15:25,2,8,105.27
2026-08-20,Humira,14.4,04:15:55,2,8,105.28
2026-08-20,Humira,2.12,04:16:25,2,8,0.0
2026-08-20,Humira,2.79,04:16:55,2,8,0.0
2026-08-20,Humira,13.12,04:17:25,2,8,105.31
2026-08-20,Humira,2.13,04:17:55,2,8,0.0
2026-08-20,Humira,17.24,04:18:25,2,8,105.33
2026-08-20,Humira,6.03,04:18:55,2,8,0.0
2026-08-20,Humira,14.81,04:19:25,2,8,105.35
2026-08-20,Humira,11.87,04:19:55,2,8,105.36
2026-08-20,Humira,16.68,04:20:25,2,8,105.38
2026-08-20,Humira,16.73,04:20:55,2,8,105.39
2026-08-20,Humira,4.11,04:21:25,2,8,0.0
2026-08-20,Humira,12.16,04:21:55,2,8,105.41
2026-08-20,Humira,4.63,04:22:25,2,8,0.0
2026-08-20,Humira,9.54,04:22:55,2,8,105.43
2026-08-20,Humira,17.47,04:23:25,2,8,105.44
2026-08-20,Humira,17.78,04:23:55,2,8,105.45
2026-08-20,Humira,10.06,04:24:25,2,8,105.46
2026-08-20,Humira,14.95,04:24:55,2,8,105.47
2026-08-20,Humira,6.76,04:25:25,2,8,0.0
2026-08-20,Humira,10.05,04:25:55,2,8,105.5
2026-08-20,Humira,7.31,04:26:25,2,8,0.0
2026-08-20,Humira,9.29,04:26:55,2,8,105.52
2026-08-20,Humira,3.7,04:27:25,2,8,0.0
2026-08-20,Humira,4.45,04:27:55,2,8,0.0
2026-08-20,Humira,17.82,04:28:25,2,8,105.55
2026-08-20,Humira,11.34,04:28:55,2,8,105.56
2026-08-20,Humira,7.34,04:29:25,2,8,0.0
2026-08-20,Humira,11.24,04:29:55,2,8,105.58
2026-08-20,Humira,17.71,04:30:25,2,8,105.59
2026-08-20,Humira,9.87,04:30:55,2,8,105.6
2026-08-20,Humira,4.98,04:31:25,2,8,0.0
2026-08-20,Humira,16.21,04:31:55,2,8,105.62
2026-08-20,Humira,16.04,04:32:25,2,8,105.64
2026-08-20,Humira,7.45,04:32:55,2,8,0.0
2026-08-20,Humira,15.06,04:33:25,2,8,105.66
2026-08-20,Humira,2.87,04:33:55,2,8,0.0
2026-08-20,Humira,16.94,04:34:25,2,8,105.68
2026-08-20,Humira,13.07,04:34:55,2,8,105.69
2026-08-20,Humira,15.15,04:35:25,2,8,105.7
2026-08-20,Humira,13.18,04:35:55,2,8,105.71
2026-08-20,Humira,10.27,04:36:25,2,8,105.72
2026-08-20,Humira,16.05,04:36:55,2,8,105.73
2026-08-20,Humira,11.43,04:37:25,2,8,105.74
2026-08-20,Humira,9.77,04:37:55,2,8,105.75
2026-08-20,Humira,13.98,04:38:25,2,8,105.77
2026-08-20,Humira,16.59,04:38:55,2,8,105.78
2026-08-20,Humira,14.36,04:39:25,2,8,105.79
2026-08-20,Humira,9.7,04:39:55,2,8,105.8
2026-08-20,Humira,15.09,04:40:25,2,8,105.81
2026-08-20,Humira,13.07,04:40:55,2,8,105.82
2026-08-20,Humira,2.78,04:41:25,2,8,0.0
2026-08-20,Humira,11.14,04:41:55,2,8,105.84
2026-08-20,Humira,7.2,04:42:25,2,8,0.0
2026-08-20,Humira,16.18,04:42:55,2,8,105.86
2026-08-20,Humira,15.51,04:43:25,2,8,105.87
2026-08-20,Humira,11.93,04:43:55,2,8,105.89
2026-08-20,Humira,11.02,04:44:25,2,8,105.9
2026-08-20,Humira,6.98,04:44:55,2,8,0.0
2026-08-20,Humira,17.79,04:45:25,2,8,105.92
2026-08-20,Humira,13.13,04:45:55,2,8,105.93
2026-08-20,Humira,12.61,04:46:25,2,8,105.94
2026-08-20,Humira,13.63,04:46:55,2,8,105.95
2026-08-20,Humira,9.84,04:47:25,2,8,105.96
2026-08-20,Humira,12.62,04:47:55,2,8,105.97
2026-08-20,Humira,14.28,04:48:25,2,8,105.98
2026-08-20,Humira,7.45,04:48:55,2,8,0.0
2026-08-20,Humira,11.66,04:49:25,2,8,106.0
2026-08-20,Humira,10.08,04:49:55,2,8,106.02
2026-08-20,Humira,13.19,04:50:25,2,8,106.03
2026-08-20,Humira,12.88,04:50:55,2,8,106.04
2026-08-20,Humira,17.85,04:51:25,2,8,106.05
2026-08-20,Humira,9.72,04:51:55,2,8,106.06
2026-08-20,Humira,17.21,04:52:25,2,8,106.07
2026-08-20,Humira,15.84,04:52:55,2,8,106.08
2026-08-20,Humira,14.28,04:53:25,2,8,106.09
2026-08-20,Humira,4.82,04:53:55,2,8,0.0
2026-08-20,Humira,14.15,04:54:25,2,8,106.11
2026-08-20,Humira,11.98,04:54:55,2,8,106.12
2026-08-20,Humira,2.35,04:55:25,2,8,0.0
2026-08-20,Humira,2.48,04:55:55,2,8,0.0
2026-08-20,Humira,17.59,04:56:25,2,8,106.16
2026-08-20,Humira,11.97,04:56:55,2,8,106.17
2026-08-20,Humira,11.83,04:57:25,2,8,106.18
2026-08-20,Humira,16.92,04:57:55,2,8,106.19
2026-08-20,Humira,5.17,04:58:25,2,8,0.0
2026-08-20,Humira,17.01,04:58:55,2,8,106.21
2026-08-20,Humira,12.32,04:59:25,2,8,106.22
2026-08-20,Humira,14.83,04:59:55,2,8,106.23
2026-08-20,Humira,10.06,05:00:25,2,8,106.24
2026-08-20,Humira,11.0,05:00:55,2,8,106.25
2026-08-20,Humira,9.04,05:01:25,2,8,106.26
2026-08-20,Humira,17.59,05:01:55,2,8,106.28
2026-08-20,Humira,9.24,05:02:25,2,8,106.29
2026-08-20,Humira,5.26,05:02:55,2,8,0.0
2026-08-20,Humira,12.56,05:03:25,2,8,106.31
2026-08-20,Humira,11.96,05:03:55,2,8,106.32
2026-08-20,Humira,9.3,05:04:25,2,8,106.33
2026-08-20,Humira,7.18,05:04:55,2,8,0.0
2026-08-20,Humira,6.28,05:05:25,2,8,0.0
2026-08-20,Humira,15.43,05:05:55,2,8,106.36
2026-08-20,Humira,6.92,05:06:25,2,8,0.0
2026-08-20,Humira,17.71,05:06:55,2,8,106.38
2026-08-20,Humira,2.53,05:07:25,2,8,0.0
2026-08-20,Humira,12.29,05:07:55,2,8,106.41
2026-08-20,Humira,10.12,05:08:25,2,8,106.42
2026-08-20,Humira,10.99,05:08:55,2,8,106.43
2026-08-20,Humira,3.62,05:09:25,2,8,0.0
2026-08-20,Humira,17.18,05:09:55,2,8,106.45
2026-08-20,Humira,11.34,05:10:25,2,8,106.46
2026-08-20,Humira,11.97,05:10:55,2,8,106.47
2026-08-20,Humira,14.74,05:11:25,2,8,106.48
2026-08-20,Humira,2.36,05:11:55,2,8,0.0
2026-08-20,Humira,7.94,05:12:25,2,8,0.0
2026-08-20,Humira,11.23,05:12:55,2,8,106.51
2026-08-20,Humira,9.32,05:13:25,2,8,106.52
2026-08-20,Humira,13.33,05:13:55,2,8,106.54
2026-08-20,Humira,14.84,05:14:25,2,8,106.55
2026-08-20,Humira,6.87,05:14:55,2,8,0.0
2026-08-20,Humira,2.31,05:15:25,2,8,0.0
2026-08-20,Humira,17.06,05:15:55,2,8,106.58
2026-08-20,Humira,12.47,05:16:25,2,8,106.59
2026-08-20,Humira,10.14,05:16:55,2,8,106.6
2026-08-20,Humira,16.2,05:17:25,2,8,106.61
2026-08-20,Humira,7.95,05:17:55,2,8,0.0
2026-08-20,Humira,17.21,05:18:25,2,8,106.63
2026-08-20,Humira,9.69,05:18:55,2,8,106.64
2026-08-20,Humira,16.8,05:19:25,2,8,106.65
2026-08-20,Humira,14.44,05:19:55,2,8,106.67
2026-08-20,Humira,12.64,05:20:25,2,8,106.68
2026-08-20,Humira,10.18,05:20:55,2,8,106.69
2026-08-20,Humira,15.82,05:21:25,2,8,106.7
2026-08-20,Humira,15.42,05:21:55,2,8,106.71
2026-08-20,Humira,12.42,05:22:25,2,8,106.72
2026-08-20,Humira,16.86,05:22:55,2,8,106.73
2026-08-20,Humira,9.71,05:23:25,2,8,106.74
2026-08-20,Humira,13.05,05:23:55,2,8,106.75
2026-08-20,Humira,10.8,05:24:25,2,8,106.76
2026-08-20,Humira,10.4,05:24:55,2,8,106.77
2026-08-20,Humira,9.87,05:25:25,2,8,106.78
2026-08-20,Humira,10.09,05:25:55,2,8,106.8
2026-08-20,Humira,11.42,05:26:25,2,8,106.81
2026-08-20,Humira,3.24,05:26:55,2,8,0.0
2026-08-20,Humira,9.86,05:27:25,2,8,106.83
2026-08-20,Humira,3.7,05:27:55,2,8,0.0
2026-08-20,Humira,3.39,05:28:25,2,8,0.0
2026-08-20,Humira,13.91,05:28:55,2,8,106.86
2026-08-20,Humira,10.99,05:29:25,2,8,106.87
2026-08-20,Humira,13.99,05:29:55,2,8,106.88
2026-08-20,Humira,15.04,05:30:25,2,8,106.89
2026-08-20,Humira,15.12,05:30:55,2,8,106.9
2026-08-20,Humira,11.5,05:31:25,2,8,106.91
2026-08-20,Humira,11.59,05:31:55,2,8,106.92
2026-08-20,Humira,7.59,05:32:25,2,8,0.0
2026-08-20,Humira,10.55,05:32:55,2,8,106.95
2026-08-20,Humira,13.26,05:33:25,2,8,106.96
2026-08-20,Humira,11.61,05:33:55,2,8,106.97
2026-08-20,Humira,12.0,05:34:25,2,8,106.98
2026-08-20,Humira,17.61,05:34:55,2,8,106.99
2026-08-20,Humira,2.17,05:35:25,2,8,0.0
2026-08-20,Humira,12.48,05:35:55,2,8,107.01
2026-08-20,Humira,16.66,05:36:25,2,8,107.02
2026-08-20,Humira,11.47,05:36:55,2,8,107.03
2026-08-20,Humira,3.49,05:37:25,2,8,0.0
2026-08-20,Humira,17.85,05:37:55,2,8,107.05
2026-08-20,Humira,9.59,05:38:25,2,8,107.07
2026-08-20,Humira,5.37,05:38:55,2,8,0.0
2026-08-20,Humira,15.07,05:39:25,2,8,107.09
2026-08-20,Humira,2.25,05:39:55,2,8,0.0
2026-08-20,Humira,10.23,05:40:25,2,8,107.11
2026-08-20,Humira,2.8,05:40:55,2,8,0.0
2026-08-20,Humira,16.05,05:41:25,2,8,107.13
2026-08-20,Humira,13.07,05:41:55,2,8,107.14
2026-08-20,Humira,9.44,05:42:25,2,8,107.15
2026-08-20,Humira,6.68,05:42:55,2,8,0.0
2026-08-20,Humira,11.94,05:43:25,2,8,107.17
2026-08-20,Humira,11.12,05:43:55,2,8,107.19
2026-08-20,Humira,10.16,05:44:25,2,8,107.2
2026-08-20,Humira,5.62,05:44:55,2,8,0.0
2026-08-20,Humira,11.22,05:45:25,2,8,107.22
2026-08-20,Humira,12.73,05:45:55,2,8,107.23
2026-08-20,Humira,5.34,05:46:25,2,8,0.0
2026-08-20,Humira,9.08,05:46:55,2,8,107.25
2026-08-20,Humira,10.42,05:47:25,2,8,107.26
2026-08-20,Humira,17.73,05:47:55,2,8,107.27
2026-08-20,Humira,10.1,05:48:25,2,8,107.28
2026-08-20,Humira,14.75,05:48:55,2,8,107.29
2026-08-20,Humira,6.61,05:49:25,2,8,0.0
2026-08-20,Humira,10.23,05:49:55,2,8,107.31
2026-08-20,Humira,14.97,05:50:25,2,8,107.33
2026-08-20,Humira,12.54,05:50:55,2,8,107.34
2026-08-20,Humira,14.71,05:51:25,2,8,107.35
2026-08-20,Humira,12.12,05:51:55,2,8,107.36
2026-08-20,Humira,11.48,05:52:25,2,8,107.37
2026-08-20,Humira,10.87,05:52:55,2,8,107.38
2026-08-20,Humira,10.63,05:53:25,2,8,107.39
2026-08-20,Humira,16.06,05:53:55,2,8,107.4
2026-08-20,Humira,13.81,05:54:25,2,8,107.41
2026-08-20,Humira,5.35,05:54:55,2,8,0.0
2026-08-20,Humira,15.55,05:55:25,2,8,107.43
2026-08-20,Humira,13.84,05:55:55,2,8,107.45
2026-08-20,Humira,17.31,05:56:25,2,8,107.46
2026-08-20,Humira,15.41,05:56:55,2,8,107.47
2026-08-20,Humira,7.09,05:57:25,2,8,0.0
2026-08-20,Humira,3.17,05:57:55,2,8,0.0
2026-08-20,Humira,2.38,05:58:25,2,8,0.0
2026-08-20,Humira,13.48,05:58:55,2,8,107.51
2026-08-20,Humira,16.37,05:59:25,2,8,107.52
2026-08-20,Humira,6.65,05:59:55,2,8,0.0
2026-08-20,Humira,16.78,06:00:25,2,8,107.54
2026-08-20,Humira,15.88,06:00:55,2,8,107.55
2026-08-20,Humira,16.36,06:01:25,2,8,107.56
2026-08-20,Humira,3.64,06:01:55,2,8,0.0
2026-08-20,Humira,15.19,06:02:25,2,8,107.59
2026-08-20,Humira,2.46,06:02:55,2,8,0.0
2026-08-20,Humira,9.28,06:03:25,2,8,107.61
2026-08-20,Humira,11.79,06:03:55,2,8,107.62
2026-08-20,Humira,11.12,06:04:25,2,8,107.63
2026-08-20,Humira,17.54,06:04:55,2,8,107.64
2026-08-20,Humira,17.76,06:05:25,2,8,107.65
2026-08-20,Humira,14.63,06:05:55,2,8,107.66
2026-08-20,Humira,17.81,06:06:25,2,8,107.67
2026-08-20,Humira,15.72,06:06:55,2,8,107.68
2026-08-20,Humira,15.99,06:07:25,2,8,107.69
2026-08-20,Humira,12.16,06:07:55,2,8,107.7
2026-08-20,Humira,12.21,06:08:25,2,8,107.72
2026-08-20,Humira,16.08,06:08:55,2,8,107.73
2026-08-20,Humira,10.65,06:09:25,2,8,107.74
2026-08-20,Humira,4.92,06:09:55,2,8,0.0
2026-08-20,Humira,13.19,06:10:25,2,8,107.76
2026-08-20,Humira,11.05,06:10:55,2,8,107.77
2026-08-20,Humira,13.66,06:11:25,2,8,107.78
2026-08-20,Humira,6.32,06:11:55,2,8,0.0
2026-08-20,Humira,11.59,06:12:25,2,8,107.8
2026-08-20,Humira,17.05,06:12:55,2,8,107.81
2026-08-20,Humira,9.37,06:13:25,2,8,107.82
2026-08-20,Humira,17.89,06:13:55,2,8,107.84
2026-08-20,Humira,5.47,06:14:25,2,8,0.0
2026-08-20,Humira,7.38,06:14:55,2,8,0.0
2026-08-20,Humira,13.29,06:15:25,2,8,107.87
2026-08-20,Humira,15.52,06:15:55,2,8,107.88
2026-08-20,Humira,15.71,06:16:25,2,8,107.89
2026-08-20,Humira,9.51,06:16:55,2,8,107.9
2026-08-20,Humira,9.38,06:17:25,2,8,107.91
2026-08-20,Humira,6.88,06:17:55,2,8,0.0
2026-08-20,Humira,13.88,06:18:25,2,8,107.93
2026-08-20,Humira,11.81,06:18:55,2,8,107.94
2026-08-20,Humira,16.27,06:19:25,2,8,107.95
2026-08-20,Humira,11.17,06:19:55,2,8,107.97
2026-08-20,Humira,14.78,06:20:25,2,8,107.98
2026-08-20,Humira,14.63,06:20:55,2,8,107.99
2026-08-20,Humira,7.82,06:21:25,2,8,0.0
2026-08-20,Humira,14.19,06:21:55,2,8,108.01
2026-08-20,Humira,13.29,06:22:25,2,8,108.02
2026-08-20,Humira,15.65,06:22:55,2,8,108.03
2026-08-20,Humira,11.44,06:23:25,2,8,108.04
2026-08-20,Humira,16.7,06:23:55,2,8,108.05
2026-08-20,Humira,5.94,06:24:25,2,8,0.0
2026-08-20,Humira,7.78,06:24:55,2,8,0.0
2026-08-20,Humira,11.79,06:25:25,2,8,108.08
2026-08-20,Humira,15.93,06:25:55,2,8,108.1
2026-08-20,Humira,13.32,06:26:25,2,8,108.11
2026-08-20,Humira,12.17,06:26:55,2,8,108.12
2026-08-20,Humira,10.28,06:27:25,2,8,108.13
2026-08-20,Humira,12.86,06:27:55,2,8,108.14
2026-08-20,Humira,16.09,06:28:25,2,8,108.15
2026-08-20,Humira,14.85,06:28:55,2,8,108.16
2026-08-20,Humira,12.08,06:29:25,2,8,108.17
2026-08-20,Humira,9.01,06:29:55,2,8,108.18
2026-08-20,Humira,9.41,06:30:25,2,8,108.19
2026-08-20,Humira,5.34,06:30:55,2,8,0.0
2026-08-20,Humira,10.33,06:31:25,2,8,108.21
2026-08-20,Humira,16.43,06:31:55,2,8,108.23
2026-08-20,Humira,6.32,06:32:25,2,8,0.0
2026-08-20,Humira,12.84,06:32:55,2,8,108.25
2026-08-20,Humira,10.99,06:33:25,2,8,108.26
2026-08-20,Humira,5.44,06:33:55,2,8,0.0
2026-08-20,Humira,12.39,06:34:25,2,8,108.28
2026-08-20,Humira,5.29,06:34:55,2,8,0.0
2026-08-20,Humira,9.98,06:35:25,2,8,108.3
2026-08-20,Humira,16.84,06:35:55,2,8,108.31
2026-08-20,Humira,16.69,06:36:25,2,8,108.32
2026-08-20,Humira,9.95,06:36:55,2,8,108.33
2026-08-20,Humira,5.67,06:37:25,2,8,0.0
2026-08-20,Humira,10.62,06:37:55,2,8,108.35
2026-08-20,Humira,2.81,06:38:25,2,8,0.0
2026-08-20,Humira,14.72,06:38:55,2,8,108.38
2026-08-20,Humira,13.1,06:39:25,2,8,108.39
2026-08-20,Humira,13.93,06:39:55,2,8,108.4
2026-08-20,Humira,17.99,06:40:25,2,8,108.41
2026-08-20,Humira,3.56,06:40:55,2,8,0.0
2026-08-20,Humira,17.19,06:41:25,2,8,108.43
2026-08-20,Humira,3.0,06:41:55,2,8,0.0
2026-08-20,Humira,11.84,06:42:25,2,8,108.45
2026-08-20,Humira,16.18,06:42:55,2,8,108.46
2026-08-20,Humira,10.45,06:43:25,2,8,108.47
2026-08-20,Humira,11.08,06:43:55,2,8,108.49
2026-08-20,Humira,16.96,06:44:25,2,8,108.5
2026-08-20,Humira,11.02,06:44:55,2,8,108.51
2026-08-20,Humira,12.49,06:45:25,2,8,108.52
2026-08-20,Humira,10.01,06:45:55,2,8,108.53
2026-08-20,Humira,11.0,06:46:25,2,8,108.54
2026-08-20,Humira,9.23,06:46:55,2,8,108.55
2026-08-20,Humira,11.63,06:47:25,2,8,108.56
2026-08-20,Humira,16.72,06:47:55,2,8,108.57
2026-08-20,Humira,10.3,06:48:25,2,8,108.58
2026-08-20,Humira,14.29,06:48:55,2,8,108.59
2026-08-20,Humira,16.95,06:49:25,2,8,108.6
2026-08-20,Humira,10.23,06:49:55,2,8,108.61
2026-08-20,Humira,6.27,06:50:25,2,8,0.0
2026-08-20,Humira,6.23,06:50:55,2,8,0.0
2026-08-20,Humira,5.22,06:51:25,2,8,0.0
2026-08-20,Humira,16.95,06:51:55,2,8,108.66
2026-08-20,Humira,10.54,06:52:25,2,8,108.67
2026-08-20,Humira,10.12,06:52:55,2,8,108.68
2026-08-20,Humira,15.09,06:53:25,2,8,108.69
2026-08-20,Humira,15.12,06:53:55,2,8,108.7
2026-08-20,Humira,5.19,06:54:25,2,8,0.0
2026-08-20,Humira,9.84,06:54:55,2,8,108.72
2026-08-20,Humira,17.89,06:55:25,2,8,108.73
2026-08-20,Humira,15.39,06:55:55,2,8,108.75
2026-08-20,Humira,11.81,06:56:25,2,8,108.76
2026-08-20,Humira,5.16,06:56:55,2,8,0.0
2026-08-20,Humira,9.1,06:57:25,2,8,108.78
2026-08-20,Humira,11.17,06:57:55,2,8,108.79
2026-08-20,Humira,9.1,06:58:25,2,8,108.8
2026-08-20,Humira,16.76,06:58:55,2,8,108.81
2026-08-20,Humira,3.59,06:59:25,2,8,0.0
2026-08-20,Humira,7.6,06:59:55,2,8,0.0
2026-08-20,Humira,4.34,07:00:25,2,8,0.0
2026-08-20,Humira,13.36,07:00:55,2,8,108.85
2026-08-20,Humira,10.72,07:01:25,2,8,108.86
2026-08-20,Humira,11.67,07:01:55,2,8,108.88
2026-08-20,Humira,13.93,07:02:25,2,8,108.89
2026-08-20,Humira,10.12,07:02:55,2,8,108.9
2026-08-20,Humira,12.97,07:03:25,2,8,108.91
2026-08-20,Humira,2.11,07:03:55,2,8,0.0
2026-08-20,Humira,16.4,07:04:25,2,8,108.93
2026-08-20,Humira,16.1,07:04:55,2,8,108.94
2026-08-20,Humira,2.56,07:05:25,2,8,0.0
2026-08-20,Humira,4.05,07:05:55,2,8,0.0
2026-08-20,Humira,15.86,07:06:25,2,8,108.97
2026-08-20,Humira,3.38,07:06:55,2,8,0.0
2026-08-20,Humira,12.64,07:07:25,2,8,108.99
2026-08-20,Humira,17.16,07:07:55,2,8,109.0
2026-08-20,Humira,14.22,07:08:25,2,8,109.02
2026-08-20,Humira,13.36,07:08:55,2,8,109.03
2026-08-20,Humira,9.26,07:09:25,2,8,109.04
2026-08-20,Humira,17.65,07:09:55,2,8,109.05
2026-08-20,Humira,4.63,07:10:25,2,8,0.0
2026-08-20,Humira,11.89,07:10:55,2,8,109.07
2026-08-20,Humira,15.93,07:11:25,2,8,109.08
2026-08-20,Humira,16.9,07:11:55,2,8,109.09
2026-08-20,Humira,3.85,07:12:25,2,8,0.0
2026-08-20,Humira,16.41,07:12:55,2,8,109.11
2026-08-20,Humira,5.19,07:13:25,2,8,0.0
2026-08-20,Humira,11.08,07:13:55,2,8,109.14
2026-08-20,Humira,10.54,07:14:25,2,8,109.15
2026-08-20,Humira,10.83,07:14:55,2,8,109.16
2026-08-20,Humira,13.97,07:15:25,2,8,109.17
2026-08-20,Humira,4.72,07:15:55,2,8,0.0
2026-08-20,Humira,17.69,07:16:25,2,8,109.19
2026-08-20,Humira,9.29,07:16:55,2,8,109.2
2026-08-20,Humira,12.0,07:17:25,2,8,109.21
2026-08-20,Humira,9.59,07:17:55,2,8,109.22
2026-08-20,Humira,7.8,07:18:25,2,8,0.0
2026-08-20,Humira,5.04,07:18:55,2,8,0.0
2026-08-20,Humira,9.19,07:19:25,2,8,109.25
2026-08-20,Humira,17.78,07:19:55,2,8,109.27
2026-08-20,Humira,11.09,07:20:25,2,8,109.28
2026-08-20,Humira,17.86,07:20:55,2,8,109.29
2026-08-20,Humira,2.55,07:21:25,2,8,0.0
2026-08-20,Humira,15.23,07:21:55,2,8,109.31
2026-08-20,Humira,12.18,07:22:25,2,8,109.32
2026-08-20,Humira,13.85,07:22:55,2,8,109.33
2026-08-20,Humira,16.42,07:23:25,2,8,109.34
2026-08-20,Humira,11.7,07:23:55,2,8,109.35
2026-08-20,Humira,16.82,07:24:25,2,8,109.36
2026-08-20,Humira,10.0,07:24:55,2,8,109.37
2026-08-20,Humira,17.04,07:25:25,2,8,109.38
2026-08-20,Humira,16.44,07:25:55,2,8,109.4
2026-08-20,Humira,12.22,07:26:25,2,8,109.41
2026-08-20,Humira,15.25,07:26:55,2,8,109.42
2026-08-20,Humira,9.06,07:27:25,2,8,109.43
2026-08-20,Humira,16.09,07:27:55,2,8,109.44
2026-08-20,Humira,13.01,07:28:25,2,8,109.45
2026-08-20,Humira,17.14,07:28:55,2,8,109.46
2026-08-20,Humira,10.09,07:29:25,2,8,109.47
2026-08-20,Humira,12.56,07:29:55,2,8,109.48
2026-08-20,Humira,17.64,07:30:25,2,8,109.49
2026-08-20,Humira,12.55,07:30:55,2,8,109.5
2026-08-20,Humira,12.55,07:31:25,2,8,109.51
2026-08-20,Humira,17.36,07:31:55,2,8,109.53
2026-08-20,Humira,6.39,07:32:25,2,8,0.0
2026-08-20,Humira,3.59,07:32:55,2,8,0.0
2026-08-20,Humira,17.2,07:33:25,2,8,109.56
2026-08-20,Humira,17.42,07:33:55,2,8,109.57
2026-08-20,Humira,16.51,07:34:25,2,8,109.58
2026-08-20,Humira,9.16,07:34:55,2,8,109.59
2026-08-20,Humira,3.31,07:35:25,2,8,0.0
2026-08-20,Humira,10.07,07:35:55,2,8,109.61
2026-08-20,Humira,13.76,07:36:25,2,8,109.62
2026-08-20,Humira,9.79,07:36:55,2,8,109.63
2026-08-20,Humira,15.21,07:37:25,2,8,109.64
2026-08-20,Humira,13.29,07:37:55,2,8,109.66
2026-08-20,Humira,17.68,07:38:25,2,8,109.67
2026-08-20,Humira,9.84,07:38:55,2,8,109.68
2026-08-20,Humira,10.07,07:39:25,2,8,109.69
2026-08-20,Humira,17.04,07:39:55,2,8,109.7
2026-08-20,Humira,3.98,07:40:25,2,8,0.0
2026-08-20,Humira,3.28,07:40:55,2,8,0.0
2026-08-20,Humira,7.97,07:41:25,2,8,0.0
2026-08-20,Humira,7.57,07:41:55,2,8,0.0
2026-08-20,Humira,5.12,07:42:25,2,8,0.0
2026-08-20,Humira,9.04,07:42:55,2,8,109.76
2026-08-20,Humira,2.83,07:43:25,2,8,0.0
2026-08-20,Humira,14.88,07:43:55,2,8,109.79
2026-08-20,Humira,13.73,07:44:25,2,8,109.8
2026-08-20,Humira,11.75,07:44:55,2,8,109.81
2026-08-20,Humira,10.68,07:45:25,2,8,109.82
2026-08-20,Humira,16.81,07:45:55,2,8,109.83
2026-08-20,Humira,14.79,07:46:25,2,8,109.84
2026-08-20,Humira,17.53,07:46:55,2,8,109.85
2026-08-20,Humira,13.21,07:47:25,2,8,109.86
2026-08-20,Humira,3.45,07:47:55,2,8,0.0
2026-08-20,Humira,12.42,07:48:25,2,8,109.88
2026-08-20,Humira,12.93,07:48:55,2,8,109.89
2026-08-20,Humira,10.67,07:49:25,2,8,109.9
2026-08-20,Humira,17.08,07:49:55,2,8,109.92
2026-08-20,Humira,15.35,07:50:25,2,8,109.93
2026-08-20,Humira,3.86,07:50:55,2,8,0.0
2026-08-20,Humira,16.17,07:51:25,2,8,109.95
2026-08-20,Humira,15.72,07:51:55,2,8,109.96
2026-08-20,Humira,3.51,07:52:25,2,8,0.0
2026-08-20,Humira,16.2,07:52:55,2,8,109.98
2026-08-20,Humira,15.54,07:53:25,2,8,109.99
2026-08-20,Humira,12.38,07:53:55,2,8,110.0
2026-08-20,Humira,13.26,07:54:25,2,8,110.01
2026-08-20,Humira,16.99,07:54:55,2,8,110.02
2026-08-20,Humira,16.91,07:55:25,2,8,110.03
2026-08-20,Humira,14.55,07:55:55,2,8,110.05
2026-08-20,Humira,5.69,07:56:25,2,8,0.0
2026-08-20,Humira,16.83,07:56:55,2,8,110.07
2026-08-20,Humira,10.77,07:57:25,2,8,110.08
2026-08-20,Humira,7.46,07:57:55,2,8,0.0
2026-08-20,Humira,7.33,07:58:25,2,8,0.0
2026-08-20,Humira,15.37,07:58:55,2,8,110.11
2026-08-20,Humira,11.29,07:59:25,2,8,110.12
2026-08-20,Humira,11.91,07:59:55,2,8,110.13
2026-08-20,Humira,6.49,08:00:25,2,8,0.0
2026-08-20,Humira,7.78,08:00:55,2,8,0.0
2026-08-20,Humira,4.52,08:01:25,2,8,0.0
2026-08-20,Humira,14.59,08:01:55,2,8,110.17
2026-08-20,Humira,15.0,08:02:25,2,8,110.19
2026-08-20,Humira,14.01,08:02:55,2,8,110.2
2026-08-20,Humira,5.51,08:03:25,2,8,0.0
2026-08-20,Humira,17.73,08:03:55,2,8,110.22
2026-08-20,Humira,16.53,08:04:25,2,8,110.23
2026-08-20,Humira,10.74,08:04:55,2,8,110.24
2026-08-20,Humira,9.32,08:05:25,2,8,110.25
2026-08-20,Humira,4.83,08:05:55,2,8,0.0
2026-08-20,Humira,15.4,08:06:25,2,8,110.27
2026-08-20,Humira,13.85,08:06:55,2,8,110.28
2026-08-20,Humira,11.67,08:07:25,2,8,110.29
2026-08-20,Humira,11.15,08:07:55,2,8,110.3
2026-08-20,Humira,17.71,08:08:25,2,8,110.32
2026-08-20,Humira,15.81,08:08:55,2,8,110.33
2026-08-20,Humira,10.28,08:09:25,2,8,110.34
2026-08-20,Humira,13.68,08:09:55,2,8,110.35
2026-08-20,Humira,12.38,08:10:25,2,8,110.36
2026-08-20,Humira,6.77,08:10:55,2,8,0.0
2026-08-20,Humira,5.75,08:11:25,2,8,0.0
2026-08-20,Humira,17.33,08:11:55,2,8,110.39
2026-08-20,Humira,12.41,08:12:25,2,8,110.4
2026-08-20,Humira,3.41,08:12:55,2,8,0.0
2026-08-20,Humira,9.27,08:13:25,2,8,110.42
2026-08-20,Humira,2.21,08:13:55,2,8,0.0
2026-08-20,Humira,16.92,08:14:25,2,8,110.45
2026-08-20,Humira,10.5,08:14:55,2,8,110.46
2026-08-20,Humira,11.1,08:15:25,2,8,110.47
2026-08-20,Humira,11.41,08:15:55,2,8,110.48
2026-08-20,Humira,11.88,08:16:25,2,8,110.49
2026-08-20,Humira,13.27,08:16:55,2,8,110.5
2026-08-20,Humira,15.17,08:17:25,2,8,110.51
2026-08-20,Humira,7.23,08:17:55,2,8,0.0
2026-08-20,Humira,15.42,08:18:25,2,8,110.53
2026-08-20,Humira,11.52,08:18:55,2,8,110.54
2026-08-20,Humira,9.28,08:19:25,2,8,110.55
2026-08-20,Humira,12.02,08:19:55,2,8,110.56
2026-08-20,Humira,17.09,08:20:25,2,8,110.58
2026-08-20,Humira,5.74,08:20:55,2,8,0.0
2026-08-20,Humira,16.81,08:21:25,2,8,110.6
2026-08-20,Humira,11.23,08:21:55,2,8,110.61
2026-08-20,Humira,9.06,08:22:25,2,8,110.62
2026-08-20,Humira,2.27,08:22:55,2,8,0.0
2026-08-20,Humira,15.7,08:23:25,2,8,110.64
2026-08-20,Humira,15.72,08:23:55,2,8,110.65
2026-08-20,Humira,15.15,08:24:25,2,8,110.66
2026-08-20,Humira,11.24,08:24:55,2,8,110.67
2026-08-20,Humira,13.27,08:25:25,2,8,110.68
2026-08-20,Humira,17.38,08:25:55,2,8,110.7
2026-08-20,Humira,14.4,08:26:25,2,8,110.71
2026-08-20,Humira,10.18,08:26:55,2,8,110.72
2026-08-20,Humira,12.55,08:27:25,2,8,110.73
2026-08-20,Humira,14.57,08:27:55,2,8,110.74
2026-08-20,Humira,12.05,08:28:25,2,8,110.75
2026-08-20,Humira,14.61,08:28:55,2,8,110.76
2026-08-20,Humira,13.18,08:29:25,2,8,110.77
2026-08-20,Humira,14.92,08:29:55,2,8,110.78
2026-08-20,Humira,15.73,08:30:25,2,8,110.79
2026-08-20,Humira,4.82,08:30:55,2,8,0.0
2026-08-20,Humira,9.14,08:31:25,2,8,110.81
2026-08-20,Humira,11.18,08:31:55,2,8,110.83
2026-08-20,Humira,15.36,08:32:25,2,8,110.84
2026-08-20,Humira,12.22,08:32:55,2,8,110.85
2026-08-20,Humira,9.84,08:33:25,2,8,110.86
2026-08-20,Humira,13.56,08:33:55,2,8,110.87
2026-08-20,Humira,16.85,08:34:25,2,8,110.88
2026-08-20,Humira,5.64,08:34:55,2,8,0.0
2026-08-20,Humira,7.71,08:35:25,2,8,0.0
2026-08-20,Humira,12.77,08:35:55,2,8,110.91
2026-08-20,Humira,10.58,08:36:25,2,8,110.92
2026-08-20,Humira,14.14,08:36:55,2,8,110.93
2026-08-20,Humira,15.52,08:37:25,2,8,110.94
2026-08-20,Humira,4.02,08:37:55,2,8,0.0
2026-08-20,Humira,9.44,08:38:25,2,8,110.97
2026-08-20,Humira,15.07,08:38:55,2,8,110.98
2026-08-20,Humira,12.78,08:39:25,2,8,110.99
2026-08-20,Humira,13.4,08:39:55,2,8,111.0
2026-08-20,Humira,3.72,08:40:25,2,8,0.0
2026-08-20,Humira,17.84,08:40:55,2,8,111.02
2026-08-20,Humira,11.8,08:41:25,2,8,111.03
2026-08-20,Humira,3.39,08:41:55,2,8,0.0
2026-08-20,Humira,12.25,08:42:25,2,8,111.05
2026-08-20,Humira,11.5,08:42:55,2,8,111.06
2026-08-20,Humira,2.2,08:43:25,2,8,0.0
2026-08-20,Humira,11.94,08:43:55,2,8,111.09
2026-08-20,Humira,2.79,08:44:25,2,8,0.0
2026-08-20,Humira,13.15,08:44:55,2,8,111.11
2026-08-20,Humira,13.7,08:45:25,2,8,111.12
2026-08-20,Humira,15.88,08:45:55,2,8,111.13
2026-08-20,Humira,11.08,08:46:25,2,8,111.14
2026-08-20,Humira,9.65,08:46:55,2,8,111.15
2026-08-20,Humira,3.48,08:47:25,2,8,0.0
2026-08-20,Humira,12.55,08:47:55,2,8,111.17
2026-08-20,Humira,17.68,08:48:25,2,8,111.18
2026-08-20,Humira,9.55,08:48:55,2,8,111.19
2026-08-20,Humira,12.36,08:49:25,2,8,111.2
2026-08-20,Humira,17.99,08:49:55,2,8,111.22
2026-08-20,Humira,12.8,08:50:25,2,8,111.23
2026-08-20,Humira,17.32,08:50:55,2,8,111.24
2026-08-20,Humira,13.12,08:51:25,2,8,111.25
2026-08-20,Humira,13.55,08:51:55,2,8,111.26
2026-08-20,Humira,10.3,08:52:25,2,8,111.27
2026-08-20,Humira,15.34,08:52:55,2,8,111.28
2026-08-20,Humira,15.21,08:53:25,2,8,111.29
2026-08-20,Humira,17.44,08:53:55,2,8,111.3
2026-08-20,Humira,4.73,08:54:25,2,8,0.0
2026-08-20,Humira,11.82,08:54:55,2,8,111.32
2026-08-20,Humira,5.79,08:55:25,2,8,0.0
2026-08-20,Humira,14.19,08:55:55,2,8,111.35
2026-08-20,Humira,14.82,08:56:25,2,8,111.36
2026-08-20,Humira,5.06,08:56:55,2,8,0.0
2026-08-20,Humira,9.85,08:57:25,2,8,111.38
2026-08-20,Humira,16.34,08:57:55,2,8,111.39
2026-08-20,Humira,16.57,08:58:25,2,8,111.4
2026-08-20,Humira,11.92,08:58:55,2,8,111.41
2026-08-20,Humira,12.14,08:59:25,2,8,111.42
2026-08-20,Humira,12.54,08:59:55,2,8,111.43
2026-08-20,Humira,11.2,09:00:25,2,8,111.44
2026-08-20,Humira,12.55,09:00:55,2,8,111.45
2026-08-20,Humira,11.87,09:01:25,2,8,111.46
2026-08-20,Humira,16.75,09:01:55,2,8,111.48
2026-08-20,Humira,15.71,09:02:25,2,8,111.49
2026-08-20,Humira,6.7,09:02:55,2,8,0.0
2026-08-20,Humira,10.57,09:03:25,2,8,111.51
2026-08-20,Humira,5.9,09:03:55,2,8,0.0
2026-08-20,Humira,15.0,09:04:25,2,8,111.53
2026-08-20,Humira,10.54,09:04:55,2,8,111.54
2026-08-20,Humira,14.63,09:05:25,2,8,111.55
2026-08-20,Humira,12.69,09:05:55,2,8,111.56
2026-08-20,Humira,16.05,09:06:25,2,8,111.57
2026-08-20,Humira,2.1,09:06:55,2,8,0.0
2026-08-20,Humira,14.25,09:07:25,2,8,111.59
2026-08-20,Humira,16.2,09:07:55,2,8,111.6
2026-08-20,Humira,16.78,09:08:25,2,8,111.62
2026-08-20,Humira,10.07,09:08:55,2,8,111.63
2026-08-20,Humira,12.42,09:09:25,2,8,111.64
2026-08-20,Humira,13.86,09:09:55,2,8,111.65
2026-08-20,Humira,14.49,09:10:25,2,8,111.66
2026-08-20,Humira,11.73,09:10:55,2,8,111.67
2026-08-20,Humira,9.41,09:11:25,2,8,111.68
2026-08-20,Humira,16.53,09:11:55,2,8,111.69
2026-08-20,Humira,17.49,09:12:25,2,8,111.7
2026-08-20,Humira,11.0,09:12:55,2,8,111.71
2026-08-20,Humira,12.03,09:13:25,2,8,111.72
2026-08-20,Humira,2.39,09:13:55,2,8,0.0
2026-08-20,Humira,14.55,09:14:25,2,8,111.75
2026-08-20,Humira,7.13,09:14:55,2,8,0.0
2026-08-20,Humira,12.19,09:15:25,2,8,111.77
2026-08-20,Humira,17.59,09:15:55,2,8,111.78
2026-08-20,Humira,17.41,09:16:25,2,8,111.79
2026-08-20,Humira,4.75,09:16:55,2,8,0.0
2026-08-20,Humira,10.15,09:17:25,2,8,111.81
2026-08-20,Humira,11.01,09:17:55,2,8,111.82
2026-08-20,Humira,10.41,09:18:25,2,8,111.83
2026-08-20,Humira,17.94,09:18:55,2,8,111.84
2026-08-20,Humira,10.13,09:19:25,2,8,111.85
2026-08-20,Humira,5.5,09:19:55,2,8,0.0
2026-08-20,Humira,7.73,09:20:25,2,8,0.0
2026-08-20,Humira,10.72,09:20:55,2,8,111.89
2026-08-20,Humira,9.93,09:21:25,2,8,111.9
2026-08-20,Humira,13.28,09:21:55,2,8,111.91
2026-08-20,Humira,14.59,09:22:25,2,8,111.92
2026-08-20,Humira,15.22,09:22:55,2,8,111.93
2026-08-20,Humira,15.73,09:23:25,2,8,111.94
2026-08-20,Humira,2.95,09:23:55,2,8,0.0
2026-08-20,Humira,11.87,09:24:25,2,8,111.96
2026-08-20,Humira,17.85,09:24:55,2,8,111.97
2026-08-20,Humira,7.69,09:25:25,2,8,0.0
2026-08-20,Humira,9.29,09:25:55,2,8,112.0
2026-08-20,Humira,10.33,09:26:25,2,8,112.01
2026-08-20,Humira,13.15,09:26:55,2,8,112.02
2026-08-20,Humira,16.95,09:27:25,2,8,112.03
2026-08-20,Humira,12.44,09:27:55,2,8,112.04
2026-08-20,Humira,16.45,09:28:25,2,8,112.05
2026-08-20,Humira,11.42,09:28:55,2,8,112.06
2026-08-20,Humira,15.45,09:29:25,2,8,112.07
2026-08-20,Humira,17.29,09:29:55,2,8,112.08
2026-08-20,Humira,17.38,09:30:25,2,8,112.09
2026-08-20,Humira,12.12,09:30:55,2,8,112.1
2026-08-20,Humira,9.54,09:31:25,2,8,112.11
2026-08-20,Humira,16.59,09:31:55,2,8,112.12
2026-08-20,Humira,15.28,09:32:25,2,8,112.14
2026-08-20,Humira,9.94,09:32:55,2,8,112.15
2026-08-20,Humira,16.74,09:33:25,2,8,112.16
2026-08-20,Humira,13.2,09:33:55,2,8,112.17
2026-08-20,Humira,12.43,09:34:25,2,8,112.18
2026-08-20,Humira,13.28,09:34:55,2,8,112.19
2026-08-20,Humira,11.23,09:35:25,2,8,112.2
2026-08-20,Humira,10.49,09:35:55,2,8,112.21
2026-08-20,Humira,13.53,09:36:25,2,8,112.22
2026-08-20,Humira,11.87,09:36:55,2,8,112.23
2026-08-20,Humira,17.78,09:37:25,2,8,112.24
2026-08-20,Humira,14.85,09:37:55,2,8,112.25
2026-08-20,Humira,12.87,09:38:25,2,8,112.27
2026-08-20,Humira,14.73,09:38:55,2,8,112.28
2026-08-20,Humira,12.13,09:39:25,2,8,112.29
2026-08-20,Humira,14.88,09:39:55,2,8,112.3
2026-08-20,Humira,14.59,09:40:25,2,8,112.31
2026-08-20,Humira,4.09,09:40:55,2,8,0.0
2026-08-20,Humira,17.93,09:41:25,2,8,112.33
2026-08-20,Humira,9.45,09:41:55,2,8,112.34
2026-08-20,Humira,2.83,09:42:25,2,8,0.0
2026-08-20,Humira,10.48,09:42:55,2,8,112.36
2026-08-20,Humira,17.01,09:43:25,2,8,112.37
2026-08-20,Humira,9.08,09:43:55,2,8,112.39
2026-08-20,Humira,13.27,09:44:25,2,8,112.4
2026-08-20,Humira,2.2,09:44:55,2,8,0.0
2026-08-20,Humira,16.72,09:45:25,2,8,112.42
2026-08-20,Humira,4.2,09:45:55,2,8,0.0
2026-08-20,Humira,17.35,09:46:25,2,8,112.44
2026-08-20,Humira,14.62,09:46:55,2,8,112.45
2026-08-20,Humira,13.17,09:47:25,2,8,112.46
2026-08-20,Humira,9.11,09:47:55,2,8,112.47
2026-08-20,Humira,3.26,09:48:25,2,8,0.0
2026-08-20,Humira,15.18,09:48:55,2,8,112.49
2026-08-20,Humira,14.15,09:49:25,2,8,112.5
2026-08-20,Humira,10.44,09:49:55,2,8,112.52
2026-08-20,Humira,11.74,09:50:25,2,8,112.53
2026-08-20,Humira,13.08,09:50:55,2,8,112.54
2026-08-20,Humira,11.44,09:51:25,2,8,112.55
2026-08-20,Humira,6.42,09:51:55,2,8,0.0
2026-08-20,Humira,10.22,09:52:25,2,8,112.57
2026-08-20,Humira,17.74,09:52:55,2,8,112.58
2026-08-20,Humira,9.53,09:53:25,2,8,112.59
2026-08-20,Humira,9.4,09:53:55,2,8,112.6
2026-08-20,Humira,3.49,09:54:25,2,8,0.0
2026-08-20,Humira,16.17,09:54:55,2,8,112.62
2026-08-20,Humira,16.31,09:55:25,2,8,112.63
2026-08-20,Humira,13.62,09:55:55,2,8,112.65
2026-08-20,Humira,6.77,09:56:25,2,8,0.0
2026-08-20,Humira,16.5,09:56:55,2,8,112.67
2026-08-20,Humira,13.81,09:57:25,2,8,112.68
2026-08-20,Humira,16.41,09:57:55,2,8,112.69
2026-08-20,Humira,7.83,09:58:25,2,8,0.0
2026-08-20,Humira,7.66,09:58:55,2,8,0.0
2026-08-20,Humira,5.02,09:59:25,2,8,0.0
2026-08-20,Humira,14.42,09:59:55,2,8,112.73
2026-08-20,Humira,14.7,10:00:25,2,8,112.74
2026-08-20,Humira,7.66,10:00:55,2,8,0.0
2026-08-20,Humira,10.67,10:01:25,2,8,112.76
2026-08-20,Humira,2.02,10:01:55,2,8,0.0
2026-08-20,Humira,14.08,10:02:25,2,8,112.79
2026-08-20,Humira,14.97,10:02:55,2,8,112.8
2026-08-20,Humira,15.37,10:03:25,2,8,112.81
2026-08-20,Humira,2.74,10:03:55,2,8,0.0
2026-08-20,Humira,9.13,10:04:25,2,8,112.83
2026-08-20,Humira,15.37,10:04:55,2,8,112.84
2026-08-20,Humira,13.2,10:05:25,2,8,112.85
2026-08-20,Humira,3.37,10:05:55,2,8,0.0
2026-08-20,Humira,15.57,10:06:25,2,8,112.87
2026-08-20,Humira,9.83,10:06:55,2,8,112.88
2026-08-20,Humira,12.22,10:07:25,2,8,112.89
2026-08-20,Humira,10.89,10:07:55,2,8,112.91
2026-08-20,Humira,15.79,10:08:25,2,8,112.92
2026-08-20,Humira,15.46,10:08:55,2,8,112.93
2026-08-20,Humira,10.4,10:09:25,2,8,112.94
2026-08-20,Humira,11.15,10:09:55,2,8,112.95
2026-08-20,Humira,9.78,10:10:25,2,8,112.96
2026-08-20,Humira,16.59,10:10:55,2,8,112.97
2026-08-20,Humira,10.42,10:11:25,2,8,112.98
2026-08-20,Humira,9.94,10:11:55,2,8,112.99
2026-08-20,Humira,11.7,10:12:25,2,8,113.0
2026-08-20,Humira,16.12,10:12:55,2,8,113.01
2026-08-20,Humira,14.59,10:13:25,2,8,113.02
2026-08-20,Humira,15.71,10:13:55,2,8,113.04
2026-08-20,Humira,4.38,10:14:25,2,8,0.0
2026-08-20,Humira,10.59,10:14:55,2,8,113.06
2026-08-20,Humira,3.46,10:15:25,2,8,0.0
2026-08-20,Humira,12.5,10:15:55,2,8,113.08
2026-08-20,Humira,9.78,10:16:25,2,8,113.09
2026-08-20,Humira,6.27,10:16:55,2,8,0.0
2026-08-20,Humira,10.8,10:17:25,2,8,113.11
2026-08-20,Humira,13.02,10:17:55,2,8,113.12
2026-08-20,Humira,13.98,10:18:25,2,8,113.13
2026-08-20,Humira,10.32,10:18:55,2,8,113.14
2026-08-20,Humira,9.31,10:19:25,2,8,113.15
2026-08-20,Humira,10.32,10:19:55,2,8,113.17
2026-08-20,Humira,7.2,10:20:25,2,8,0.0
2026-08-20,Humira,11.72,10:20:55,2,8,113.19
2026-08-20,Humira,4.76,10:21:25,2,8,0.0
2026-08-20,Humira,15.43,10:21:55,2,8,113.21
2026-08-20,Humira,12.67,10:22:25,2,8,113.22
2026-08-20,Humira,5.27,10:22:55,2,8,0.0
2026-08-20,Humira,13.53,10:23:25,2,8,113.24
2026-08-20,Humira,9.64,10:23:55,2,8,113.25
2026-08-20,Humira,13.1,10:24:25,2,8,113.26
2026-08-20,Humira,12.91,10:24:55,2,8,113.27
2026-08-20,Humira,17.54,10:25:25,2,8,113.28
2026-08-20,Humira,15.08,10:25:55,2,8,113.3
2026-08-20,Humira,10.59,10:26:25,2,8,113.31
2026-08-20,Humira,14.59,10:26:55,2,8,113.32
2026-08-20,Humira,12.47,10:27:25,2,8,113.33
2026-08-20,Humira,14.67,10:27:55,2,8,113.34
2026-08-20,Humira,14.23,10:28:25,2,8,113.35
2026-08-20,Humira,11.17,10:28:55,2,8,113.36
2026-08-20,Humira,5.09,10:29:25,2,8,0.0
2026-08-20,Humira,17.14,10:29:55,2,8,113.38
2026-08-20,Humira,4.85,10:30:25,2,8,0.0
2026-08-20,Humira,9.43,10:30:55,2,8,113.4
2026-08-20,Humira,9.08,10:31:25,2,8,113.41
2026-08-20,Humira,13.67,10:31:55,2,8,113.42
2026-08-20,Humira,12.01,10:32:25,2,8,113.44
2026-08-20,Humira,2.05,10:32:55,2,8,0.0
2026-08-20,Humira,13.63,10:33:25,2,8,113.46
2026-08-20,Humira,15.25,10:33:55,2,8,113.47
2026-08-20,Humira,11.37,10:34:25,2,8,113.48
2026-08-20,Humira,12.35,10:34:55,2,8,113.49
2026-08-20,Humira,10.93,10:35:25,2,8,113.5
2026-08-20,Humira,10.65,10:35:55,2,8,113.51
2026-08-20,Humira,14.81,10:36:25,2,8,113.52
2026-08-20,Humira,10.29,10:36:55,2,8,113.53
2026-08-20,Humira,9.36,10:37:25,2,8,113.54
2026-08-20,Humira,9.26,10:37:55,2,8,113.55
2026-08-20,Humira,12.59,10:38:25,2,8,113.57
2026-08-20,Humira,17.98,10:38:55,2,8,113.58
2026-08-20,Humira,12.24,10:39:25,2,8,113.59
2026-08-20,Humira,9.93,10:39:55,2,8,113.6
2026-08-20,Humira,11.14,10:40:25,2,8,113.61
2026-08-20,Humira,6.25,10:40:55,2,8,0.0
2026-08-20,Humira,16.48,10:41:25,2,8,113.63
2026-08-20,Humira,6.18,10:41:55,2,8,0.0
2026-08-20,Humira,15.42,10:42:25,2,8,113.65
2026-08-20,Humira,11.49,10:42:55,2,8,113.66
2026-08-20,Humira,16.89,10:43:25,2,8,113.67
2026-08-20,Humira,14.36,10:43:55,2,8,113.69
2026-08-20,Humira,10.97,10:44:25,2,8,113.7
2026-08-20,Humira,7.05,10:44:55,2,8,0.0
2026-08-20,Humira,11.68,10:45:25,2,8,113.72
2026-08-20,Humira,16.4,10:45:55,2,8,113.73
2026-08-20,Humira,10.49,10:46:25,2,8,113.74
2026-08-20,Humira,10.26,10:46:55,2,8,113.75
2026-08-20,Humira,13.51,10:47:25,2,8,113.76
2026-08-20,Humira,12.33,10:47:55,2,8,113.77
2026-08-20,Humira,9.13,10:48:25,2,8,113.78
2026-08-20,Humira,13.28,10:48:55,2,8,113.79
2026-08-20,Humira,9.67,10:49:25,2,8,113.8
2026-08-20,Humira,13.16,10:49:55,2,8,113.81
2026-08-20,Humira,14.86,10:50:25,2,8,113.83
2026-08-20,Humira,7.2,10:50:55,2,8,0.0
2026-08-20,Humira,4.36,10:51:25,2,8,0.0
2026-08-20,Humira,10.16,10:51:55,2,8,113.86
2026-08-20,Humira,13.85,10:52:25,2,8,113.87
2026-08-20,Humira,13.44,10:52:55,2,8,113.88
2026-08-20,Humira,14.62,10:53:25,2,8,113.89
2026-08-20,Humira,13.79,10:53:55,2,8,113.9
2026-08-20,Humira,14.81,10:54:25,2,8,113.91
2026-08-20,Humira,14.27,10:54:55,2,8,113.92
2026-08-20,Humira,14.51,10:55:25,2,8,113.93
2026-08-20,Humira,12.6,10:55:55,2,8,113.95
2026-08-20,Humira,15.56,10:56:25,2,8,113.96
2026-08-20,Humira,14.02,10:56:55,2,8,113.97
2026-08-20,Humira,10.74,10:57:25,2,8,113.98
2026-08-20,Humira,17.07,10:57:55,2,8,113.99
2026-08-20,Humira,15.91,10:58:25,2,8,114.0
2026-08-20,Humira,17.87,10:58:55,2,8,114.01
2026-08-20,Humira,16.21,10:59:25,2,8,114.02
2026-08-20,Humira,12.26,10:59:55,2,8,114.03
2026-08-20,Humira,11.69,11:00:25,2,8,114.04
2026-08-20,Humira,4.62,11:00:55,2,8,0.0
2026-08-20,Humira,12.1,11:01:25,2,8,114.06
2026-08-20,Humira,16.96,11:01:55,2,8,114.08
2026-08-20,Humira,15.79,11:02:25,2,8,114.09
2026-08-20,Humira,6.17,11:02:55,2,8,0.0
2026-08-20,Humira,17.77,11:03:25,2,8,114.11
2026-08-20,Humira,12.22,11:03:55,2,8,114.12
2026-08-20,Humira,12.96,11:04:25,2,8,114.13
2026-08-20,Humira,17.19,11:04:55,2,8,114.14
2026-08-20,Humira,17.46,11:05:25,2,8,114.15
2026-08-20,Humira,12.9,11:05:55,2,8,114.16
2026-08-20,Humira,11.73,11:06:25,2,8,114.17
2026-08-20,Humira,14.95,11:06:55,2,8,114.18
2026-08-20,Humira,14.35,11:07:25,2,8,114.19
2026-08-20,Humira,7.99,11:07:55,2,8,0.0
2026-08-20,Humira,10.94,11:08:25,2,8,114.22
2026-08-20,Humira,9.48,11:08:55,2,8,114.23
2026-08-20,Humira,11.07,11:09:25,2,8,114.24
2026-08-20,Humira,4.61,11:09:55,2,8,0.0
2026-08-20,Humira,11.58,11:10:25,2,8,114.26
2026-08-20,Humira,4.98,11:10:55,2,8,0.0
2026-08-20,Humira,4.9,11:11:25,2,8,0.0
2026-08-20,Humira,4.2,11:11:55,2,8,0.0
2026-08-20,Humira,2.45,11:12:25,2,8,0.0
2026-08-20,Humira,13.99,11:12:55,2,8,114.31
2026-08-20,Humira,13.23,11:13:25,2,8,114.32
2026-08-20,Humira,17.69,11:13:55,2,8,114.34
2026-08-20,Humira,12.8,11:14:25,2,8,114.35
2026-08-20,Humira,12.03,11:14:55,2,8,114.36
2026-08-20,Humira,11.71,11:15:25,2,8,114.37
2026-08-20,Humira,17.55,11:15:55,2,8,114.38
2026-08-20,Humira,13.54,11:16:25,2,8,114.39
2026-08-20,Humira,3.48,11:16:55,2,8,0.0
2026-08-20,Humira,10.53,11:17:25,2,8,114.41
2026-08-20,Humira,9.57,11:17:55,2,8,114.42
2026-08-20,Humira,13.95,11:18:25,2,8,114.43
2026-08-20,Humira,12.21,11:18:55,2,8,114.44
2026-08-20,Humira,13.07,11:19:25,2,8,114.45
2026-08-20,Humira,17.02,11:19:55,2,8,114.47
2026-08-20,Humira,6.96,11:20:25,2,8,0.0
2026-08-20,Humira,10.84,11:20:55,2,8,114.49
2026-08-20,Humira,9.97,11:21:25,2,8,114.5
2026-08-20,Humira,17.73,11:21:55,2,8,114.51
2026-08-20,Humira,16.42,11:22:25,2,8,114.52
2026-08-20,Humira,9.22,11:22:55,2,8,114.53
2026-08-20,Humira,13.94,11:23:25,2,8,114.54
2026-08-20,Humira,11.36,11:23:55,2,8,114.55
2026-08-20,Humira,15.82,11:24:25,2,8,114.56
2026-08-20,Humira,9.15,11:24:55,2,8,114.57
2026-08-20,Humira,14.25,11:25:25,2,8,114.58
2026-08-20,Humira,15.34,11:25:55,2,8,114.6
2026-08-20,Humira,6.3,11:26:25,2,8,0.0
2026-08-20,Humira,17.0,11:26:55,2,8,114.62
2026-08-20,Humira,17.53,11:27:25,2,8,114.63
2026-08-20,Humira,9.77,11:27:55,2,8,114.64
2026-08-20,Humira,9.91,11:28:25,2,8,114.65
2026-08-20,Humira,15.28,11:28:55,2,8,114.66
2026-08-20,Humira,3.47,11:29:25,2,8,0.0
2026-08-20,Humira,12.6,11:29:55,2,8,114.68
2026-08-20,Humira,16.05,11:30:25,2,8,114.69
2026-08-20,Humira,16.56,11:30:55,2,8,114.7
2026-08-20,Humira,13.47,11:31:25,2,8,114.71
2026-08-20,Humira,16.74,11:31:55,2,8,114.73
2026-08-20,Humira,13.96,11:32:25,2,8,114.74
2026-08-20,Humira,10.5,11:32:55,2,8,114.75
2026-08-20,Humira,17.04,11:33:25,2,8,114.76
2026-08-20,Humira,9.61,11:33:55,2,8,114.77
2026-08-20,Humira,3.74,11:34:25,2,8,0.0
2026-08-20,Humira,10.17,11:34:55,2,8,114.79
2026-08-20,Humira,5.66,11:35:25,2,8,0.0
2026-08-20,Humira,6.5,11:35:55,2,8,0.0
2026-08-20,Humira,5.5,11:36:25,2,8,0.0
2026-08-20,Humira,5.73,11:36:55,2,8,0.0
2026-08-20,Humira,14.45,11:37:25,2,8,114.84
2026-08-20,Humira,17.8,11:37:55,2,8,114.85
2026-08-20,Humira,10.36,11:38:25,2,8,114.87
2026-08-20,Humira,14.76,11:38:55,2,8,114.88
2026-08-20,Humira,14.87,11:39:25,2,8,114.89
2026-08-20,Humira,17.65,11:39:55,2,8,114.9
2026-08-20,Humira,9.19,11:40:25,2,8,114.91
2026-08-20,Humira,17.61,11:40:55,2,8,114.92
2026-08-20,Humira,11.51,11:41:25,2,8,114.93
2026-08-20,Humira,9.63,11:41:55,2,8,114.94
2026-08-20,Humira,14.9,11:42:25,2,8,114.95
2026-08-20,Humira,3.93,11:42:55,2,8,0.0
2026-08-20,Humira,10.34,11:43:25,2,8,114.97
2026-08-20,Humira,14.55,11:43:55,2,8,114.99
2026-08-20,Humira,11.78,11:44:25,2,8,115.0
2026-08-20,Humira,11.96,11:44:55,2,8,115.01
2026-08-20,Humira,14.23,11:45:25,2,8,115.02
2026-08-20,Humira,5.42,11:45:55,2,8,0.0
2026-08-20,Humira,3.21,11:46:25,2,8,0.0
2026-08-20,Humira,2.98,11:46:55,2,8,0.0
2026-08-20,Humira,9.44,11:47:25,2,8,115.06
2026-08-20,Humira,13.61,11:47:55,2,8,115.07
2026-08-20,Humira,13.07,11:48:25,2,8,115.08
2026-08-20,Humira,9.13,11:48:55,2,8,115.09
2026-08-20,Humira,16.83,11:49:25,2,8,115.1
2026-08-20,Humira,5.47,11:49:55,2,8,0.0
2026-08-20,Humira,7.68,11:50:25,2,8,0.0
2026-08-20,Humira,11.36,11:50:55,2,8,115.14
2026-08-20,Humira,11.83,11:51:25,2,8,115.15
2026-08-20,Humira,14.54,11:51:55,2,8,115.16
2026-08-20,Humira,17.03,11:52:25,2,8,115.17
2026-08-20,Humira,10.31,11:52:55,2,8,115.18
2026-08-20,Humira,16.2,11:53:25,2,8,115.19
2026-08-20,Humira,16.92,11:53:55,2,8,115.2
2026-08-20,Humira,10.61,11:54:25,2,8,115.21
2026-08-20,Humira,10.39,11:54:55,2,8,115.22
2026-08-20,Humira,5.47,11:55:25,2,8,0.0
2026-08-20,Humira,10.86,11:55:55,2,8,115.25
2026-08-20,Humira,7.94,11:56:25,2,8,0.0
2026-08-20,Humira,9.97,11:56:55,2,8,115.27
2026-08-20,Humira,2.15,11:57:25,2,8,0.0
2026-08-20,Humira,13.13,11:57:55,2,8,115.29
2026-08-20,Humira,3.82,11:58:25,2,8,0.0
2026-08-20,Humira,3.04,11:58:55,2,8,0.0
2026-08-20,Humira,9.33,11:59:25,2,8,115.32
2026-08-20,Humira,12.34,11:59:55,2,8,115.33
2026-08-20,Humira,2.47,12:00:25,2,8,0.0
2026-08-20,Humira,2.89,12:00:55,2,8,0.0
2026-08-20,Humira,11.62,12:01:25,2,8,115.36
2026-08-20,Humira,17.54,12:01:55,2,8,115.38
2026-08-20,Humira,16.96,12:02:25,2,8,115.39
2026-08-20,Humira,9.76,12:02:55,2,8,115.4
2026-08-20,Humira,12.64,12:03:25,2,8,115.41
2026-08-20,Humira,9.74,12:03:55,2,8,115.42
2026-08-20,Humira,4.47,12:04:25,2,8,0.0
2026-08-20,Humira,13.89,12:04:55,2,8,115.44
2026-08-20,Humira,12.97,12:05:25,2,8,115.45
2026-08-20,Humira,5.91,12:05:55,2,8,0.0
2026-08-20,Humira,12.43,12:06:25,2,8,115.47
2026-08-20,Humira,13.92,12:06:55,2,8,115.48
2026-08-20,Humira,12.26,12:07:25,2,8,115.49
2026-08-20,Humira,14.35,12:07:55,2,8,115.5
2026-08-20,Humira,12.26,12:08:25,2,8,115.52
2026-08-20,Humira,2.17,12:08:55,2,8,0.0
2026-08-20,Humira,16.19,12:09:25,2,8,115.54
2026-08-20,Humira,16.64,12:09:55,2,8,115.55
2026-08-20,Humira,10.83,12:10:25,2,8,115.56
2026-08-20,Humira,9.58,12:10:55,2,8,115.57
2026-08-20,Humira,16.4,12:11:25,2,8,115.58
2026-08-20,Humira,10.8,12:11:55,2,8,115.59
2026-08-20,Humira,9.09,12:12:25,2,8,115.6
2026-08-20,Humira,13.9,12:12:55,2,8,115.61
2026-08-20,Humira,11.16,12:13:25,2,8,115.62
2026-08-20,Humira,16.43,12:13:55,2,8,115.64
2026-08-20,Humira,7.88,12:14:25,2,8,0.0
2026-08-20,Humira,15.9,12:14:55,2,8,115.66
2026-08-20,Humira,15.67,12:15:25,2,8,115.67
2026-08-20,Humira,9.81,12:15:55,2,8,115.68
2026-08-20,Humira,9.49,12:16:25,2,8,115.69
2026-08-20,Humira,2.5,12:16:55,2,8,0.0
2026-08-20,Humira,9.17,12:17:25,2,8,115.71
2026-08-20,Humira,12.18,12:17:55,2,8,115.72
2026-08-20,Humira,15.85,12:18:25,2,8,115.73
2026-08-20,Humira,16.41,12:18:55,2,8,115.74
2026-08-20,Humira,16.64,12:19:25,2,8,115.75
2026-08-20,Humira,11.76,12:19:55,2,8,115.77
2026-08-20,Humira,13.52,12:20:25,2,8,115.78
2026-08-20,Humira,6.13,12:20:55,2,8,0.0
2026-08-20,Humira,17.5,12:21:25,2,8,115.8
2026-08-20,Humira,9.64,12:21:55,2,8,115.81
2026-08-20,Humira,13.14,12:22:25,2,8,115.82
2026-08-20,Humira,7.07,12:22:55,2,8,0.0
2026-08-20,Humira,12.02,12:23:25,2,8,115.84
2026-08-20,Humira,15.14,12:23:55,2,8,115.85
2026-08-20,Humira,5.64,12:24:25,2,8,0.0
2026-08-20,Humira,3.22,12:24:55,2,8,0.0
2026-08-20,Humira,10.59,12:25:25,2,8,115.88
2026-08-20,Humira,9.3,12:25:55,2,8,115.9
2026-08-20,Humira,16.27,12:26:25,2,8,115.91
2026-08-20,Humira,17.6,12:26:55,2,8,115.92
2026-08-20,Humira,14.05,12:27:25,2,8,115.93
2026-08-20,Humira,10.72,12:27:55,2,8,115.94
2026-08-20,Humira,2.88,12:28:25,2,8,0.0
2026-08-20,Humira,6.18,12:28:55,2,8,0.0
2026-08-20,Humira,15.67,12:29:25,2,8,115.97
2026-08-20,Humira,16.04,12:29:55,2,8,115.98
2026-08-20,Humira,13.34,12:30:25,2,8,115.99
2026-08-20,Humira,11.23,12:30:55,2,8,116.0
2026-08-20,Humira,17.65,12:31:25,2,8,116.01
2026-08-20,Humira,15.48,12:31:55,2,8,116.03
2026-08-20,Humira,14.1,12:32:25,2,8,116.04
2026-08-20,Humira,15.86,12:32:55,2,8,116.05
2026-08-20,Humira,5.03,12:33:25,2,8,0.0
2026-08-20,Humira,17.25,12:33:55,2,8,116.07
2026-08-20,Humira,13.44,12:34:25,2,8,116.08
2026-08-20,Humira,11.37,12:34:55,2,8,116.09
2026-08-20,Humira,11.03,12:35:25,2,8,116.1
2026-08-20,Humira,12.84,12:35:55,2,8,116.11
2026-08-20,Humira,14.54,12:36:25,2,8,116.12
2026-08-20,Humira,17.29,12:36:55,2,8,116.13
2026-08-20,Humira,10.44,12:37:25,2,8,116.14
2026-08-20,Humira,12.24,12:37:55,2,8,116.16
2026-08-20,Humira,15.91,12:38:25,2,8,116.17
2026-08-20,Humira,2.38,12:38:55,2,8,0.0
2026-08-20,Humira,11.53,12:39:25,2,8,116.19
2026-08-20,Humira,16.92,12:39:55,2,8,116.2
2026-08-20,Humira,13.32,12:40:25,2,8,116.21
2026-08-20,Humira,9.61,12:40:55,2,8,116.22
2026-08-20,Humira,13.39,12:41:25,2,8,116.23
2026-08-20,Humira,16.84,12:41:55,2,8,116.24
2026-08-20,Humira,17.05,12:42:25,2,8,116.25
2026-08-20,Humira,3.06,12:42:55,2,8,0.0
2026-08-20,Humira,15.56,12:43:25,2,8,116.27
2026-08-20,Humira,17.38,12:43:55,2,8,116.29
2026-08-20,Humira,16.24,12:44:25,2,8,116.3
2026-08-20,Humira,17.13,12:44:55,2,8,116.31
2026-08-20,Humira,9.21,12:45:25,2,8,116.32
2026-08-20,Humira,4.42,12:45:55,2,8,0.0
2026-08-20,Humira,13.82,12:46:25,2,8,116.34
2026-08-20,Humira,4.45,12:46:55,2,8,0.0
2026-08-20,Humira,17.3,12:47:25,2,8,116.36
2026-08-20,Humira,11.34,12:47:55,2,8,116.37
2026-08-20,Humira,10.62,12:48:25,2,8,116.38
2026-08-20,Humira,7.06,12:48:55,2,8,0.0
2026-08-20,Humira,15.57,12:49:25,2,8,116.4
2026-08-20,Humira,11.49,12:49:55,2,8,116.42
2026-08-20,Humira,16.32,12:50:25,2,8,116.43
2026-08-20,Humira,12.26,12:50:55,2,8,116.44
2026-08-20,Humira,14.15,12:51:25,2,8,116.45
2026-08-20,Humira,2.37,12:51:55,2,8,0.0
2026-08-20,Humira,9.11,12:52:25,2,8,116.47
2026-08-20,Humira,13.56,12:52:55,2,8,116.48
2026-08-20,Humira,3.14,12:53:25,2,8,0.0
2026-08-20,Humira,12.56,12:53:55,2,8,116.5
2026-08-20,Humira,15.65,12:54:25,2,8,116.51
2026-08-20,Humira,5.54,12:54:55,2,8,0.0
2026-08-20,Humira,9.81,12:55:25,2,8,116.53
2026-08-20,Humira,16.62,12:55:55,2,8,116.55
2026-08-20,Humira,7.98,12:56:25,2,8,0.0
2026-08-20,Humira,16.12,12:56:55,2,8,116.57
2026-08-20,Humira,12.48,12:57:25,2,8,116.58
2026-08-20,Humira,11.59,12:57:55,2,8,116.59
2026-08-20,Humira,10.42,12:58:25,2,8,116.6
2026-08-20,Humira,2.73,12:58:55,2,8,0.0
2026-08-20,Humira,2.19,12:59:25,2,8,0.0
2026-08-20,Humira,11.98,12:59:55,2,8,116.63
2026-08-20,Humira,12.95,13:00:25,2,8,116.64
2026-08-20,Humira,13.73,13:00:55,2,8,116.65
2026-08-20,Humira,10.16,13:01:25,2,8,116.66
2026-08-20,Humira,13.18,13:01:55,2,8,116.67
2026-08-20,Humira,13.87,13:02:25,2,8,116.69
2026-08-20,Humira,11.74,13:02:55,2,8,116.7
2026-08-20,Humira,14.17,13:03:25,2,8,116.71
2026-08-20,Humira,9.58,13:03:55,2,8,116.72
2026-08-20,Humira,10.65,13:04:25,2,8,116.73
2026-08-20,Humira,14.63,13:04:55,2,8,116.74
2026-08-20,Humira,10.56,13:05:25,2,8,116.75
2026-08-20,Humira,7.79,13:05:55,2,8,0.0
2026-08-20,Humira,14.12,13:06:25,2,8,116.77
2026-08-20,Humira,10.11,13:06:55,2,8,116.78
2026-08-20,Humira,10.26,13:07:25,2,8,116.79
2026-08-20,Humira,10.57,13:07:55,2,8,116.8
2026-08-20,Humira,5.35,13:08:25,2,8,0.0
2026-08-20,Humira,17.76,13:08:55,2,8,116.83
2026-08-20,Humira,11.9,13:09:25,2,8,116.84
2026-08-20,Humira,11.41,13:09:55,2,8,116.85
2026-08-20,Humira,13.96,13:10:25,2,8,116.86
2026-08-20,Humira,6.91,13:10:55,2,8,0.0
2026-08-20,Humira,9.36,13:11:25,2,8,116.88
2026-08-20,Humira,16.89,13:11:55,2,8,116.89
2026-08-20,Humira,4.2,13:12:25,2,8,0.0
2026-08-20,Humira,15.08,13:12:55,2,8,116.91
2026-08-20,Humira,11.21,13:13:25,2,8,116.92
2026-08-20,Humira,17.99,13:13:55,2,8,116.94
2026-08-20,Humira,17.08,13:14:25,2,8,116.95
2026-08-20,Humira,2.72,13:14:55,2,8,0.0
2026-08-20,Humira,11.11,13:15:25,2,8,116.97
2026-08-20,Humira,17.28,13:15:55,2,8,116.98
2026-08-20,Humira,14.3,13:16:25,2,8,116.99
2026-08-20,Humira,10.64,13:16:55,2,8,117.0
2026-08-20,Humira,2.84,13:17:25,2,8,0.0
2026-08-20,Humira,5.42,13:17:55,2,8,0.0
2026-08-20,Humira,14.01,13:18:25,2,8,117.03
2026-08-20,Humira,15.04,13:18:55,2,8,117.04
2026-08-20,Humira,9.79,13:19:25,2,8,117.05
2026-08-20,Humira,11.41,13:19:55,2,8,117.06
2026-08-20,Humira,4.56,13:20:25,2,8,0.0
2026-08-20,Humira,14.42,13:20:55,2,8,117.09
2026-08-20,Humira,16.16,13:21:25,2,8,117.1
2026-08-20,Humira,13.7,13:21:55,2,8,117.11
2026-08-20,Humira,17.46,13:22:25,2,8,117.12
2026-08-20,Humira,13.6,13:22:55,2,8,117.13
2026-08-20,Humira,9.64,13:23:25,2,8,117.14
2026-08-20,Humira,3.3,13:23:55,2,8,0.0
2026-08-20,Humira,5.01,13:24:25,2,8,0.0
2026-08-20,Humira,14.75,13:24:55,2,8,117.17
2026-08-20,Humira,10.79,13:25:25,2,8,117.18
2026-08-20,Humira,11.41,13:25:55,2,8,117.2
2026-08-20,Humira,9.3,13:26:25,2,8,117.21
2026-08-20,Humira,14.52,13:26:55,2,8,117.22
2026-08-20,Humira,9.64,13:27:25,2,8,117.23
2026-08-20,Humira,14.35,13:27:55,2,8,117.24
2026-08-20,Humira,14.44,13:28:25,2,8,117.25
2026-08-20,Humira,12.17,13:28:55,2,8,117.26
2026-08-20,Humira,13.92,13:29:25,2,8,117.27
2026-08-20,Humira,16.31,13:29:55,2,8,117.28
2026-08-20,Humira,6.59,13:30:25,2,8,0.0
2026-08-20,Humira,13.45,13:30:55,2,8,117.3
2026-08-20,Humira,11.53,13:31:25,2,8,117.31
2026-08-20,Humira,13.91,13:31:55,2,8,117.33
2026-08-20,Humira,10.04,13:32:25,2,8,117.34
2026-08-20,Humira,6.1,13:32:55,2,8,0.0
2026-08-20,Humira,10.92,13:33:25,2,8,117.36
2026-08-20,Humira,10.49,13:33:55,2,8,117.37
2026-08-20,Humira,12.77,13:34:25,2,8,117.38
2026-08-20,Humira,15.9,13:34:55,2,8,117.39
2026-08-20,Humira,3.36,13:35:25,2,8,0.0
2026-08-20,Humira,17.11,13:35:55,2,8,117.41
2026-08-20,Humira,13.25,13:36:25,2,8,117.42
2026-08-20,Humira,3.96,13:36:55,2,8,0.0
2026-08-20,Humira,6.45,13:37:25,2,8,0.0
2026-08-20,Humira,12.15,13:37:55,2,8,117.45
2026-08-20,Humira,4.82,13:38:25,2,8,0.0
2026-08-20,Humira,10.25,13:38:55,2,8,117.48
2026-08-20,Humira,5.16,13:39:25,2,8,0.0
2026-08-20,Humira,9.16,13:39:55,2,8,117.5
2026-08-20,Humira,11.54,13:40:25,2,8,117.51
2026-08-20,Humira,14.53,13:40:55,2,8,117.52
2026-08-20,Humira,16.37,13:41:25,2,8,117.53
2026-08-20,Humira,9.45,13:41:55,2,8,117.54
2026-08-20,Humira,17.4,13:42:25,2,8,117.55
2026-08-20,Humira,5.06,13:42:55,2,8,0.0
2026-08-20,Humira,9.77,13:43:25,2,8,117.57
2026-08-20,Humira,17.04,13:43:55,2,8,117.59
2026-08-20,Humira,12.37,13:44:25,2,8,117.6
2026-08-20,Humira,17.43,13:44:55,2,8,117.61
2026-08-20,Humira,10.63,13:45:25,2,8,117.62
2026-08-20,Humira,17.07,13:45:55,2,8,117.63
2026-08-20,Humira,13.91,13:46:25,2,8,117.64
2026-08-20,Humira,12.54,13:46:55,2,8,117.65
2026-08-20,Humira,12.34,13:47:25,2,8,117.66
2026-08-20,Humira,14.94,13:47:55,2,8,117.67
2026-08-20,Humira,3.33,13:48:25,2,8,0.0
2026-08-20,Humira,12.17,13:48:55,2,8,117.69
2026-08-20,Humira,11.61,13:49:25,2,8,117.7
2026-08-20,Humira,12.83,13:49:55,2,8,117.72
2026-08-20,Humira,16.1,13:50:25,2,8,117.73
2026-08-20,Humira,12.97,13:50:55,2,8,117.74
2026-08-20,Humira,11.54,13:51:25,2,8,117.75
2026-08-20,Humira,10.02,13:51:55,2,8,117.76
2026-08-20,Humira,14.01,13:52:25,2,8,117.77
2026-08-20,Humira,15.63,13:52:55,2,8,117.78
2026-08-20,Humira,17.06,13:53:25,2,8,117.79
2026-08-20,Humira,11.54,13:53:55,2,8,117.8
2026-08-20,Humira,17.33,13:54:25,2,8,117.81
2026-08-20,Humira,12.08,13:54:55,2,8,117.82
2026-08-20,Humira,13.84,13:55:25,2,8,117.83
2026-08-20,Humira,7.08,13:55:55,2,8,0.0
2026-08-20,Humira,16.46,13:56:25,2,8,117.86
2026-08-20,Humira,3.21,13:56:55,2,8,0.0
2026-08-20,Humira,3.55,13:57:25,2,8,0.0
2026-08-20,Humira,11.42,13:57:55,2,8,117.89
2026-08-20,Humira,10.73,13:58:25,2,8,117.9
2026-08-20,Humira,15.56,13:58:55,2,8,117.91
2026-08-20,Humira,14.81,13:59:25,2,8,117.92
2026-08-20,Humira,13.45,13:59:55,2,8,117.93
2026-08-20,Humira,14.67,14:00:25,2,8,117.94
2026-08-20,Humira,14.39,14:00:55,2,8,117.95
2026-08-20,Humira,13.62,14:01:25,2,8,117.96
2026-08-20,Humira,10.56,14:01:55,2,8,117.98
2026-08-20,Humira,16.1,14:02:25,2,8,117.99
2026-08-20,Humira,11.15,14:02:55,2,8,118.0
2026-08-20,Humira,11.95,14:03:25,2,8,118.01
2026-08-20,Humira,12.41,14:03:55,2,8,118.02
2026-08-20,Humira,10.28,14:04:25,2,8,118.03
2026-08-20,Humira,12.47,14:04:55,2,8,118.04
2026-08-20,Humira,14.29,14:05:25,2,8,118.05
2026-08-20,Humira,14.01,14:05:55,2,8,118.06
2026-08-20,Humira,10.12,14:06:25,2,8,118.07
2026-08-20,Humira,16.6,14:06:55,2,8,118.08
2026-08-20,Humira,2.37,14:07:25,2,8,0.0
2026-08-20,Humira,10.15,14:07:55,2,8,118.1
2026-08-20,Humira,14.42,14:08:25,2,8,118.12
2026-08-20,Humira,11.28,14:08:55,2,8,118.13
2026-08-20,Humira,10.53,14:09:25,2,8,118.14
2026-08-20,Humira,13.03,14:09:55,2,8,118.15
2026-08-20,Humira,10.97,14:10:25,2,8,118.16
2026-08-20,Humira,11.11,14:10:55,2,8,118.17
2026-08-20,Humira,10.55,14:11:25,2,8,118.18
2026-08-20,Humira,9.33,14:11:55,2,8,118.19
2026-08-20,Humira,4.63,14:12:25,2,8,0.0
2026-08-20,Humira,2.64,14:12:55,2,8,0.0
2026-08-20,Humira,17.05,14:13:25,2,8,118.22
2026-08-20,Humira,7.34,14:13:55,2,8,0.0
2026-08-20,Humira,9.06,14:14:25,2,8,118.25
2026-08-20,Humira,7.81,14:14:55,2,8,0.0
2026-08-20,Humira,14.0,14:15:25,2,8,118.27
2026-08-20,Humira,11.19,14:15:55,2,8,118.28
2026-08-20,Humira,4.94,14:16:25,2,8,0.0
2026-08-20,Humira,6.08,14:16:55,2,8,0.0
2026-08-20,Humira,17.17,14:17:25,2,8,118.31
2026-08-20,Humira,12.44,14:17:55,2,8,118.32
2026-08-20,Humira,17.43,14:18:25,2,8,118.33
2026-08-20,Humira,13.17,14:18:55,2,8,118.34
2026-08-20,Humira,14.89,14:19:25,2,8,118.35
2026-08-20,Humira,10.88,14:19:55,2,8,118.36
2026-08-20,Humira,11.74,14:20:25,2,8,118.38
2026-08-20,Humira,2.88,14:20:55,2,8,0.0
2026-08-20,Humira,14.93,14:21:25,2,8,118.4
2026-08-20,Humira,13.99,14:21:55,2,8,118.41
2026-08-20,Humira,15.26,14:22:25,2,8,118.42
2026-08-20,Humira,10.4,14:22:55,2,8,118.43
2026-08-20,Humira,17.04,14:23:25,2,8,118.44
2026-08-20,Humira,10.06,14:23:55,2,8,118.45
2026-08-20,Humira,6.42,14:24:25,2,8,0.0
2026-08-20,Humira,9.66,14:24:55,2,8,118.47
2026-08-20,Humira,11.85,14:25:25,2,8,118.48
2026-08-20,Humira,17.2,14:25:55,2,8,118.5
2026-08-20,Humira,9.32,14:26:25,2,8,118.51
2026-08-20,Humira,15.93,14:26:55,2,8,118.52
2026-08-20,Humira,11.4,14:27:25,2,8,118.53
2026-08-20,Humira,4.26,14:27:55,2,8,0.0
2026-08-20,Humira,15.86,14:28:25,2,8,118.55
2026-08-20,Humira,15.54,14:28:55,2,8,118.56
2026-08-20,Humira,10.07,14:29:25,2,8,118.57
2026-08-20,Humira,15.53,14:29:55,2,8,118.58
2026-08-20,Humira,14.2,14:30:25,2,8,118.59
2026-08-20,Humira,6.04,14:30:55,2,8,0.0
2026-08-20,Humira,9.21,14:31:25,2,8,118.61
2026-08-20,Humira,14.24,14:31:55,2,8,118.62
2026-08-20,Humira,17.64,14:32:25,2,8,118.64
2026-08-20,Humira,9.77,14:32:55,2,8,118.65
2026-08-20,Humira,16.31,14:33:25,2,8,118.66
2026-08-20,Humira,15.41,14:33:55,2,8,118.67
2026-08-20,Humira,7.68,14:34:25,2,8,0.0
2026-08-20,Humira,12.55,14:34:55,2,8,118.69
2026-08-20,Humira,16.31,14:35:25,2,8,118.7
2026-08-20,Humira,11.17,14:35:55,2,8,118.71
2026-08-20,Humira,12.43,14:36:25,2,8,118.72
2026-08-20,Humira,14.58,14:36:55,2,8,118.73
2026-08-20,Humira,13.95,14:37:25,2,8,118.74
2026-08-20,Humira,10.88,14:37:55,2,8,118.75
2026-08-20,Humira,15.63,14:38:25,2,8,118.77
2026-08-20,Humira,10.66,14:38:55,2,8,118.78
2026-08-20,Humira,16.95,14:39:25,2,8,118.79
2026-08-20,Humira,9.81,14:39:55,2,8,118.8
2026-08-20,Humira,9.81,14:40:25,2,8,118.81
2026-08-20,Humira,12.76,14:40:55,2,8,118.82
2026-08-20,Humira,4.81,14:41:25,2,8,0.0
2026-08-20,Humira,3.49,14:41:55,2,8,0.0
2026-08-20,Humira,16.25,14:42:25,2,8,118.85
2026-08-20,Humira,9.19,14:42:55,2,8,118.86
2026-08-20,Humira,15.97,14:43:25,2,8,118.87
2026-08-20,Humira,10.71,14:43:55,2,8,118.89
2026-08-20,Humira,9.13,14:44:25,2,8,118.9
2026-08-20,Humira,11.14,14:44:55,2,8,118.91
2026-08-20,Humira,12.26,14:45:25,2,8,118.92
2026-08-20,Humira,17.23,14:45:55,2,8,118.93
2026-08-20,Humira,4.59,14:46:25,2,8,0.0
2026-08-20,Humira,13.33,14:46:55,2,8,118.95
2026-08-20,Humira,17.22,14:47:25,2,8,118.96
2026-08-20,Humira,5.9,14:47:55,2,8,0.0
2026-08-20,Humira,13.79,14:48:25,2,8,118.98
2026-08-20,Humira,6.13,14:48:55,2,8,0.0
2026-08-20,Humira,14.96,14:49:25,2,8,119.0
2026-08-20,Humira,17.1,14:49:55,2,8,119.02
2026-08-20,Humira,2.95,14:50:25,2,8,0.0
2026-08-20,Humira,5.82,14:50:55,2,8,0.0
2026-08-20,Humira,14.97,14:51:25,2,8,119.05
2026-08-20,Humira,16.38,14:51:55,2,8,119.06
2026-08-20,Humira,4.37,14:52:25,2,8,0.0
2026-08-20,Humira,12.3,14:52:55,2,8,119.08
2026-08-20,Humira,16.18,14:53:25,2,8,119.09
2026-08-20,Humira,6.45,14:53:55,2,8,0.0
2026-08-20,Humira,15.83,14:54:25,2,8,119.11
2026-08-20,Humira,14.32,14:54:55,2,8,119.12
2026-08-20,Humira,11.01,14:55:25,2,8,119.13
2026-08-20,Humira,13.43,14:55:55,2,8,119.15
2026-08-20,Humira,9.91,14:56:25,2,8,119.16
2026-08-20,Humira,13.92,14:56:55,2,8,119.17
2026-08-20,Humira,4.92,14:57:25,2,8,0.0
2026-08-20,Humira,2.02,14:57:55,2,8,0.0
2026-08-20,Humira,7.27,14:58:25,2,8,0.0
2026-08-20,Humira,17.47,14:58:55,2,8,119.21
2026-08-20,Humira,9.89,14:59:25,2,8,119.22
2026-08-20,Humira,12.49,14:59:55,2,8,119.23
2026-08-20,Humira,12.76,15:00:25,2,8,119.24
2026-08-20,Humira,2.17,15:00:55,2,8,0.0
2026-08-20,Humira,16.62,15:01:25,2,8,119.26
2026-08-20,Humira,12.52,15:01:55,2,8,119.28
2026-08-20,Humira,12.31,15:02:25,2,8,119.29
2026-08-20,Humira,16.96,15:02:55,2,8,119.3
2026-08-20,Humira,11.25,15:03:25,2,8,119.31
2026-08-20,Humira,13.41,15:03:55,2,8,119.32
2026-08-20,Humira,14.41,15:04:25,2,8,119.33
2026-08-20,Humira,12.85,15:04:55,2,8,119.34
2026-08-20,Humira,9.6,15:05:25,2,8,119.35
2026-08-20,Humira,4.01,15:05:55,2,8,0.0
2026-08-20,Humira,14.55,15:06:25,2,8,119.37
2026-08-20,Humira,4.53,15:06:55,2,8,0.0
2026-08-20,Humira,9.08,15:07:25,2,8,119.39
2026-08-20,Humira,15.86,15:07:55,2,8,119.41
2026-08-20,Humira,17.49,15:08:25,2,8,119.42
2026-08-20,Humira,6.62,15:08:55,2,8,0.0
2026-08-20,Humira,10.43,15:09:25,2,8,119.44
2026-08-20,Humira,15.58,15:09:55,2,8,119.45
2026-08-20,Humira,6.0,15:10:25,2,8,0.0
2026-08-20,Humira,9.93,15:10:55,2,8,119.47
2026-08-20,Humira,16.57,15:11:25,2,8,119.48
2026-08-20,Humira,16.82,15:11:55,2,8,119.49
2026-08-20,Humira,12.75,15:12:25,2,8,119.5
2026-08-20,Humira,11.93,15:12:55,2,8,119.51
2026-08-20,Humira,17.71,15:13:25,2,8,119.52
2026-08-20,Humira,12.76,15:13:55,2,8,119.54
2026-08-20,Humira,10.09,15:14:25,2,8,119.55
2026-08-20,Humira,5.7,15:14:55,2,8,0.0
2026-08-20,Humira,3.54,15:15:25,2,8,0.0
2026-08-20,Humira,2.46,15:15:55,2,8,0.0
2026-08-20,Humira,9.2,15:16:25,2,8,119.59
2026-08-20,Humira,17.91,15:16:55,2,8,119.6
2026-08-20,Humira,11.89,15:17:25,2,8,119.61
2026-08-20,Humira,12.55,15:17:55,2,8,119.62
2026-08-20,Humira,12.67,15:18:25,2,8,119.63
2026-08-20,Humira,15.64,15:18:55,2,8,119.64
2026-08-20,Humira,15.99,15:19:25,2,8,119.65
2026-08-20,Humira,11.6,15:19:55,2,8,119.67
2026-08-20,Humira,13.69,15:20:25,2,8,119.68
2026-08-20,Humira,7.78,15:20:55,2,8,0.0
2026-08-20,Humira,14.6,15:21:25,2,8,119.7
2026-08-20,Humira,12.1,15:21:55,2,8,119.71
2026-08-20,Humira,17.62,15:22:25,2,8,119.72
2026-08-20,Humira,16.85,15:22:55,2,8,119.73
2026-08-20,Humira,12.78,15:23:25,2,8,119.74
2026-08-20,Humira,14.37,15:23:55,2,8,119.75
2026-08-20,Humira,11.17,15:24:25,2,8,119.76
2026-08-20,Humira,17.91,15:24:55,2,8,119.77
2026-08-20,Humira,2.15,15:25:25,2,8,0.0
2026-08-20,Humira,12.13,15:25:55,2,8,119.8
2026-08-20,Humira,6.34,15:26:25,2,8,0.0
2026-08-20,Humira,6.52,15:26:55,2,8,0.0
2026-08-20,Humira,13.2,15:27:25,2,8,119.83
2026-08-20,Humira,5.33,15:27:55,2,8,0.0
2026-08-20,Humira,9.66,15:28:25,2,8,119.85
2026-08-20,Humira,11.04,15:28:55,2,8,119.86
2026-08-20,Humira,14.46,15:29:25,2,8,119.87
2026-08-20,Humira,15.79,15:29:55,2,8,119.88
2026-08-20,Humira,13.07,15:30:25,2,8,119.89
2026-08-20,Humira,11.38,15:30:55,2,8,119.9
2026-08-20,Humira,2.58,15:31:25,2,8,0.0
2026-08-20,Humira,13.9,15:31:55,2,8,119.92
2026-08-20,Humira,3.1,15:32:25,2,8,0.0
2026-08-20,Humira,7.15,15:32:55,2,8,0.0
2026-08-20,Humira,6.6,15:33:25,2,8,0.0
2026-08-20,Humira,15.42,15:33:55,2,8,119.97
2026-08-20,Humira,7.26,15:34:25,2,8,0.0
2026-08-20,Humira,10.7,15:34:55,2,8,119.99
2026-08-20,Humira,3.06,15:35:25,2,8,0.0
2026-08-20,Humira,15.43,15:35:55,2,8,120.01
2026-08-20,Humira,14.3,15:36:25,2,8,120.02
2026-08-20,Humira,11.98,15:36:55,2,8,120.03
2026-08-20,Humira,12.69,15:37:25,2,8,120.04
2026-08-20,Humira,16.55,15:37:55,2,8,120.05
2026-08-20,Humira,12.08,15:38:25,2,8,120.07
2026-08-20,Humira,17.29,15:38:55,2,8,120.08
2026-08-20,Humira,9.3,15:39:25,2,8,120.09
2026-08-20,Humira,17.49,15:39:55,2,8,120.1
2026-08-20,Humira,11.58,15:40:25,2,8,120.11
2026-08-20,Humira,15.31,15:40:55,2,8,120.12
2026-08-20,Humira,12.94,15:41:25,2,8,120.13
2026-08-20,Humira,16.25,15:41:55,2,8,120.14
2026-08-20,Humira,7.5,15:42:25,2,8,0.0
2026-08-20,Humira,9.15,15:42:55,2,8,120.16
2026-08-20,Humira,13.4,15:43:25,2,8,120.17
2026-08-20,Humira,15.82,15:43:55,2,8,120.19
2026-08-20,Humira,12.95,15:44:25,2,8,120.2
2026-08-20,Humira,17.31,15:44:55,2,8,120.21
2026-08-20,Humira,17.95,15:45:25,2,8,120.22
2026-08-20,Humira,17.39,15:45:55,2,8,120.23
2026-08-20,Humira,13.62,15:46:25,2,8,120.24
2026-08-20,Humira,12.15,15:46:55,2,8,120.25
2026-08-20,Humira,11.96,15:47:25,2,8,120.26
2026-08-20,Humira,14.13,15:47:55,2,8,120.27
2026-08-20,Humira,10.26,15:48:25,2,8,120.28
2026-08-20,Humira,14.02,15:48:55,2,8,120.29
2026-08-20,Humira,11.34,15:49:25,2,8,120.3
2026-08-20,Humira,16.73,15:49:55,2,8,120.31
2026-08-20,Humira,12.72,15:50:25,2,8,120.33
2026-08-20,Humira,15.23,15:50:55,2,8,120.34
2026-08-20,Humira,12.77,15:51:25,2,8,120.35
2026-08-20,Humira,16.34,15:51:55,2,8,120.36
2026-08-20,Humira,16.26,15:52:25,2,8,120.37
2026-08-20,Humira,11.35,15:52:55,2,8,120.38
2026-08-20,Humira,11.55,15:53:25,2,8,120.39
2026-08-20,Humira,6.85,15:53:55,2,8,0.0
2026-08-20,Humira,12.25,15:54:25,2,8,120.41
2026-08-20,Humira,9.27,15:54:55,2,8,120.42
2026-08-20,Humira,16.64,15:55:25,2,8,120.43
2026-08-20,Humira,4.54,15:55:55,2,8,0.0
2026-08-20,Humira,10.47,15:56:25,2,8,120.46
2026-08-20,Humira,16.92,15:56:55,2,8,120.47
2026-08-20,Humira,12.98,15:57:25,2,8,120.48
2026-08-20,Humira,14.89,15:57:55,2,8,120.49
2026-08-20,Humira,13.29,15:58:25,2,8,120.5
2026-08-20,Humira,13.81,15:58:55,2,8,120.51
2026-08-20,Humira,5.56,15:59:25,2,8,0.0
2026-08-20,Humira,9.04,15:59:55,2,8,120.53
2026-08-20,Humira,14.28,16:00:25,2,8,120.54
2026-08-20,Humira,16.48,16:00:55,2,8,120.55
2026-08-20,Humira,10.86,16:01:25,2,8,120.56
2026-08-20,Humira,17.01,16:01:55,2,8,120.58
2026-08-20,Humira,9.72,16:02:25,2,8,120.59
2026-08-20,Humira,13.8,16:02:55,2,8,120.6
2026-08-20,Humira,14.2,16:03:25,2,8,120.61
2026-08-20,Humira,11.15,16:03:55,2,8,120.62
2026-08-20,Humira,10.4,16:04:25,2,8,120.63
2026-08-20,Humira,17.2,16:04:55,2,8,120.64
2026-08-20,Humira,12.1,16:05:25,2,8,120.65
2026-08-20,Humira,10.62,16:05:55,2,8,120.66
2026-08-20,Humira,13.05,16:06:25,2,8,120.67
2026-08-20,Humira,2.33,16:06:55,2,8,0.0
2026-08-20,Humira,3.77,16:07:25,2,8,0.0
2026-08-20,Humira,15.23,16:07:55,2,8,120.7
2026-08-20,Humira,16.27,16:08:25,2,8,120.72
2026-08-20,Humira,14.46,16:08:55,2,8,120.73
2026-08-20,Humira,16.83,16:09:25,2,8,120.74
2026-08-20,Humira,14.9,16:09:55,2,8,120.75
2026-08-20,Humira,11.18,16:10:25,2,8,120.76
2026-08-20,Humira,9.04,16:10:55,2,8,120.77
2026-08-20,Humira,13.71,16:11:25,2,8,120.78
2026-08-20,Humira,16.18,16:11:55,2,8,120.79
2026-08-20,Humira,12.74,16:12:25,2,8,120.8
2026-08-20,Humira,5.19,16:12:55,2,8,0.0
2026-08-20,Humira,16.54,16:13:25,2,8,120.82
2026-08-20,Humira,17.03,16:13:55,2,8,120.84
2026-08-20,Humira,17.08,16:14:25,2,8,120.85
2026-08-20,Humira,11.52,16:14:55,2,8,120.86
2026-08-20,Humira,17.94,16:15:25,2,8,120.87
2026-08-20,Humira,12.8,16:15:55,2,8,120.88
2026-08-20,Humira,14.18,16:16:25,2,8,120.89
2026-08-20,Humira,16.32,16:16:55,2,8,120.9
2026-08-20,Humira,17.57,16:17:25,2,8,120.91
2026-08-20,Humira,10.28,16:17:55,2,8,120.92
2026-08-20,Humira,17.37,16:18:25,2,8,120.93
2026-08-20,Humira,2.45,16:18:55,2,8,0.0
2026-08-20,Humira,14.98,16:19:25,2,8,120.95
2026-08-20,Humira,14.27,16:19:55,2,8,120.97
2026-08-20,Humira,16.18,16:20:25,2,8,120.98
2026-08-20,Humira,15.27,16:20:55,2,8,120.99
2026-08-20,Humira,2.94,16:21:25,2,8,0.0
2026-08-20,Humira,12.05,16:21:55,2,8,121.01
2026-08-20,Humira,3.25,16:22:25,2,8,0.0
2026-08-20,Humira,13.32,16:22:55,2,8,121.03
2026-08-20,Humira,2.97,16:23:25,2,8,0.0
2026-08-20,Humira,7.32,16:23:55,2,8,0.0
2026-08-20,Humira,4.35,16:24:25,2,8,0.0
2026-08-20,Humira,17.03,16:24:55,2,8,121.07
2026-08-20,Humira,10.74,16:25:25,2,8,121.08
2026-08-20,Humira,9.99,16:25:55,2,8,121.1
2026-08-20,Humira,6.35,16:26:25,2,8,0.0
2026-08-20,Humira,13.09,16:26:55,2,8,121.12
2026-08-20,Humira,5.71,16:27:25,2,8,0.0
2026-08-20,Humira,9.56,16:27:55,2,8,121.14
2026-08-20,Humira,13.53,16:28:25,2,8,121.15
2026-08-20,Humira,13.38,16:28:55,2,8,121.16
2026-08-20,Humira,3.91,16:29:25,2,8,0.0
2026-08-20,Humira,16.6,16:29:55,2,8,121.18
2026-08-20,Humira,3.9,16:30:25,2,8,0.0
2026-08-20,Humira,4.34,16:30:55,2,8,0.0
2026-08-20,Humira,10.17,16:31:25,2,8,121.21
2026-08-20,Humira,14.78,16:31:55,2,8,121.23
2026-08-20,Humira,6.57,16:32:25,2,8,0.0
2026-08-20,Humira,10.39,16:32:55,2,8,121.25
2026-08-20,Humira,15.95,16:33:25,2,8,121.26
2026-08-20,Humira,15.24,16:33:55,2,8,121.27
2026-08-20,Humira,13.73,16:34:25,2,8,121.28
2026-08-20,Humira,11.36,16:34:55,2,8,121.29
2026-08-20,Humira,7.4,16:35:25,2,8,0.0
2026-08-20,Humira,16.93,16:35:55,2,8,121.31
2026-08-20,Humira,11.64,16:36:25,2,8,121.32
2026-08-20,Humira,14.5,16:36:55,2,8,121.33
2026-08-20,Humira,15.95,16:37:25,2,8,121.34
2026-08-20,Humira,9.17,16:37:55,2,8,121.35
2026-08-20,Humira,9.23,16:38:25,2,8,121.37
2026-08-20,Humira,5.05,16:38:55,2,8,0.0
2026-08-20,Humira,5.6,16:39:25,2,8,0.0
2026-08-20,Humira,9.73,16:39:55,2,8,121.4
2026-08-20,Humira,15.4,16:40:25,2,8,121.41
2026-08-20,Humira,14.05,16:40:55,2,8,121.42
2026-08-20,Humira,14.66,16:41:25,2,8,121.43
2026-08-20,Humira,17.27,16:41:55,2,8,121.44
2026-08-20,Humira,13.09,16:42:25,2,8,121.45
2026-08-20,Humira,13.45,16:42:55,2,8,121.46
2026-08-20,Humira,16.23,16:43:25,2,8,121.47
2026-08-20,Humira,13.64,16:43:55,2,8,121.49
2026-08-20,Humira,15.2,16:44:25,2,8,121.5
2026-08-20,Humira,13.55,16:44:55,2,8,121.51
2026-08-20,Humira,2.24,16:45:25,2,8,0.0
2026-08-20,Humira,12.11,16:45:55,2,8,121.53
2026-08-20,Humira,17.42,16:46:25,2,8,121.54
2026-08-20,Humira,7.59,16:46:55,2,8,0.0
2026-08-20,Humira,17.47,16:47:25,2,8,121.56
2026-08-20,Humira,14.9,16:47:55,2,8,121.57
2026-08-20,Humira,4.07,16:48:25,2,8,0.0
2026-08-20,Humira,12.36,16:48:55,2,8,121.59
2026-08-20,Humira,14.88,16:49:25,2,8,121.6
2026-08-20,Humira,13.1,16:49:55,2,8,121.61
2026-08-20,Humira,12.15,16:50:25,2,8,121.63
2026-08-20,Humira,7.5,16:50:55,2,8,0.0
2026-08-20,Humira,12.66,16:51:25,2,8,121.65
2026-08-20,Humira,10.04,16:51:55,2,8,121.66
2026-08-20,Humira,15.11,16:52:25,2,8,121.67
2026-08-20,Humira,7.26,16:52:55,2,8,0.0
2026-08-20,Humira,10.71,16:53:25,2,8,121.69
2026-08-20,Humira,16.01,16:53:55,2,8,121.7
2026-08-20,Humira,11.24,16:54:25,2,8,121.71
2026-08-20,Humira,13.57,16:54:55,2,8,121.72
2026-08-20,Humira,9.91,16:55:25,2,8,121.73
2026-08-20,Humira,4.55,16:55:55,2,8,0.0
2026-08-20,Humira,9.38,16:56:25,2,8,121.76
2026-08-20,Humira,13.43,16:56:55,2,8,121.77
2026-08-20,Humira,6.89,16:57:25,2,8,0.0
2026-08-20,Humira,17.19,16:57:55,2,8,121.79
2026-08-20,Humira,12.35,16:58:25,2,8,121.8
2026-08-20,Humira,15.1,16:58:55,2,8,121.81
2026-08-20,Humira,14.85,16:59:25,2,8,121.82
2026-08-20,Humira,12.23,16:59:55,2,8,121.83
2026-08-20,Humira,17.98,17:00:25,2,8,121.84
2026-08-20,Humira,11.04,17:00:55,2,8,121.85
2026-08-20,Humira,9.74,17:01:25,2,8,121.86
2026-08-20,Humira,4.87,17:01:55,2,8,0.0
2026-08-20,Humira,4.67,17:02:25,2,8,0.0
2026-08-20,Humira,17.38,17:02:55,2,8,121.9
2026-08-20,Humira,3.46,17:03:25,2,8,0.0
2026-08-20,Humira,3.81,17:03:55,2,8,0.0
2026-08-20,Humira,11.11,17:04:25,2,8,121.93
2026-08-20,Humira,9.77,17:04:55,2,8,121.94
2026-08-20,Humira,12.01,17:05:25,2,8,121.95
2026-08-20,Humira,15.04,17:05:55,2,8,121.96
2026-08-20,Humira,15.66,17:06:25,2,8,121.97
2026-08-20,Humira,12.91,17:06:55,2,8,121.98
2026-08-20,Humira,14.88,17:07:25,2,8,121.99
2026-08-20,Humira,10.57,17:07:55,2,8,122.0
2026-08-20,Humira,12.04,17:08:25,2,8,122.02
2026-08-20,Humira,17.44,17:08:55,2,8,122.03
2026-08-20,Humira,11.57,17:09:25,2,8,122.04
2026-08-20,Humira,12.63,17:09:55,2,8,122.05
2026-08-20,Humira,17.52,17:10:25,2,8,122.06
2026-08-20,Humira,9.35,17:10:55,2,8,122.07
2026-08-20,Humira,9.11,17:11:25,2,8,122.08
2026-08-20,Humira,4.2,17:11:55,2,8,0.0
2026-08-20,Humira,3.72,17:12:25,2,8,0.0
2026-08-20,Humira,2.89,17:12:55,2,8,0.0
2026-08-20,Humira,13.96,17:13:25,2,8,122.12
2026-08-20,Humira,9.75,17:13:55,2,8,122.14
2026-08-20,Humira,5.57,17:14:25,2,8,0.0
2026-08-20,Humira,12.8,17:14:55,2,8,122.16
2026-08-20,Humira,12.34,17:15:25,2,8,122.17
2026-08-20,Humira,7.84,17:15:55,2,8,0.0
2026-08-20,Humira,6.14,17:16:25,2,8,0.0
2026-08-20,Humira,13.22,17:16:55,2,8,122.2
2026-08-20,Humira,10.84,17:17:25,2,8,122.21
2026-08-20,Humira,4.37,17:17:55,2,8,0.0
2026-08-20,Humira,6.05,17:18:25,2,8,0.0
2026-08-20,Humira,5.05,17:18:55,2,8,0.0
2026-08-20,Humira,12.51,17:19:25,2,8,122.25
2026-08-20,Humira,9.18,17:19:55,2,8,122.27
2026-08-20,Humira,9.81,17:20:25,2,8,122.28
2026-08-20,Humira,12.63,17:20:55,2,8,122.29
2026-08-20,Humira,9.34,17:21:25,2,8,122.3
2026-08-20,Humira,12.76,17:21:55,2,8,122.31
2026-08-20,Humira,15.18,17:22:25,2,8,122.32
2026-08-20,Humira,13.42,17:22:55,2,8,122.33
2026-08-20,Humira,9.2,17:23:25,2,8,122.34
2026-08-20,Humira,10.6,17:23:55,2,8,122.35
2026-08-20,Humira,4.71,17:24:25,2,8,0.0
2026-08-20,Humira,6.25,17:24:55,2,8,0.0
2026-08-20,Humira,17.58,17:25:25,2,8,122.38
2026-08-20,Humira,13.03,17:25:55,2,8,122.4
2026-08-20,Humira,11.24,17:26:25,2,8,122.41
2026-08-20,Humira,11.31,17:26:55,2,8,122.42
2026-08-20,Humira,14.01,17:27:25,2,8,122.43
2026-08-20,Humira,9.96,17:27:55,2,8,122.44
2026-08-20,Humira,13.14,17:28:25,2,8,122.45
2026-08-20,Humira,17.38,17:28:55,2,8,122.46
2026-08-20,Humira,15.41,17:29:25,2,8,122.47
2026-08-20,Humira,9.8,17:29:55,2,8,122.48
2026-08-20,Humira,13.6,17:30:25,2,8,122.49
2026-08-20,Humira,11.68,17:30:55,2,8,122.5
2026-08-20,Humira,17.42,17:31:25,2,8,122.51
2026-08-20,Humira,10.38,17:31:55,2,8,122.53
2026-08-20,Humira,6.95,17:32:25,2,8,0.0
2026-08-20,Humira,6.04,17:32:55,2,8,0.0
2026-08-20,Humira,13.02,17:33:25,2,8,122.56
2026-08-20,Humira,14.15,17:33:55,2,8,122.57
2026-08-20,Humira,10.58,17:34:25,2,8,122.58
2026-08-20,Humira,17.9,17:34:55,2,8,122.59
2026-08-20,Humira,6.97,17:35:25,2,8,0.0
2026-08-20,Humira,6.39,17:35:55,2,8,0.0
2026-08-20,Humira,12.25,17:36:25,2,8,122.62
2026-08-20,Humira,14.93,17:36:55,2,8,122.63
2026-08-20,Humira,7.54,17:37:25,2,8,0.0
2026-08-20,Humira,12.92,17:37:55,2,8,122.66
2026-08-20,Humira,17.0,17:38:25,2,8,122.67
2026-08-20,Humira,15.05,17:38:55,2,8,122.68
2026-08-20,Humira,14.31,17:39:25,2,8,122.69
2026-08-20,Humira,12.02,17:39:55,2,8,122.7
2026-08-20,Humira,7.76,17:40:25,2,8,0.0
2026-08-20,Humira,15.81,17:40:55,2,8,122.72
2026-08-20,Humira,9.03,17:41:25,2,8,122.73
2026-08-20,Humira,14.94,17:41:55,2,8,122.74
2026-08-20,Humira,17.82,17:42:25,2,8,122.75
2026-08-20,Humira,9.06,17:42:55,2,8,122.76
2026-08-20,Humira,10.48,17:43:25,2,8,122.77
2026-08-20,Humira,13.88,17:43:55,2,8,122.79
2026-08-20,Humira,6.69,17:44:25,2,8,0.0
2026-08-20,Humira,10.82,17:44:55,2,8,122.81
2026-08-20,Humira,14.74,17:45:25,2,8,122.82
2026-08-20,Humira,10.57,17:45:55,2,8,122.83
2026-08-20,Humira,12.66,17:46:25,2,8,122.84
2026-08-20,Humira,10.41,17:46:55,2,8,122.85
2026-08-20,Humira,9.68,17:47:25,2,8,122.86
2026-08-20,Humira,3.64,17:47:55,2,8,0.0
2026-08-20,Humira,15.34,17:48:25,2,8,122.88
2026-08-20,Humira,5.77,17:48:55,2,8,0.0
2026-08-20,Humira,16.81,17:49:25,2,8,122.9
2026-08-20,Humira,13.52,17:49:55,2,8,122.92
2026-08-20,Humira,15.4,17:50:25,2,8,122.93
2026-08-20,Humira,16.07,17:50:55,2,8,122.94
2026-08-20,Humira,13.36,17:51:25,2,8,122.95
2026-08-20,Humira,17.77,17:51:55,2,8,122.96
2026-08-20,Humira,11.7,17:52:25,2,8,122.97
2026-08-20,Humira,14.48,17:52:55,2,8,122.98
2026-08-20,Humira,10.28,17:53:25,2,8,122.99
2026-08-20,Humira,11.2,17:53:55,2,8,123.0
2026-08-20,Humira,17.14,17:54:25,2,8,123.01
2026-08-20,Humira,15.52,17:54:55,2,8,123.02
2026-08-20,Humira,12.81,17:55:25,2,8,123.03
2026-08-20,Humira,14.72,17:55:55,2,8,123.05
2026-08-20,Humira,12.95,17:56:25,2,8,123.06
2026-08-20,Humira,2.06,17:56:55,2,8,0.0
2026-08-20,Humira,12.5,17:57:25,2,8,123.08
2026-08-20,Humira,12.65,17:57:55,2,8,123.09
2026-08-20,Humira,16.68,17:58:25,2,8,123.1
2026-08-20,Humira,3.59,17:58:55,2,8,0.0
2026-08-20,Humira,7.19,17:59:25,2,8,0.0
2026-08-20,Humira,6.73,17:59:55,2,8,0.0
2026-08-20,Humira,14.18,18:00:25,2,8,123.14
2026-08-20,Humira,13.57,18:00:55,2,8,123.15
2026-08-20,Humira,16.48,18:01:25,2,8,123.16
2026-08-20,Humira,14.41,18:01:55,2,8,123.17
2026-08-20,Humira,16.62,18:02:25,2,8,123.19
2026-08-20,Humira,11.55,18:02:55,2,8,123.2
2026-08-20,Humira,17.1,18:03:25,2,8,123.21
2026-08-20,Humira,3.01,18:03:55,2,8,0.0
2026-08-20,Humira,5.38,18:04:25,2,8,0.0
2026-08-20,Humira,10.84,18:04:55,2,8,123.24
2026-08-20,Humira,2.08,18:05:25,2,8,0.0
2026-08-20,Humira,9.03,18:05:55,2,8,123.26
2026-08-20,Humira,16.36,18:06:25,2,8,123.27
2026-08-20,Humira,17.34,18:06:55,2,8,123.28
2026-08-20,Humira,9.02,18:07:25,2,8,123.29
2026-08-20,Humira,12.19,18:07:55,2,8,123.3
2026-08-20,Humira,4.36,18:08:25,2,8,0.0
2026-08-20,Humira,4.28,18:08:55,2,8,0.0
2026-08-20,Humira,12.85,18:09:25,2,8,123.34
2026-08-20,Humira,11.05,18:09:55,2,8,123.35
2026-08-20,Humira,16.58,18:10:25,2,8,123.36
2026-08-20,Humira,16.46,18:10:55,2,8,123.37
2026-08-20,Humira,14.2,18:11:25,2,8,123.38
2026-08-20,Humira,5.22,18:11:55,2,8,0.0
2026-08-20,Humira,11.97,18:12:25,2,8,123.4
2026-08-20,Humira,12.91,18:12:55,2,8,123.41
2026-08-20,Humira,11.85,18:13:25,2,8,123.42
2026-08-20,Humira,11.61,18:13:55,2,8,123.44
2026-08-20,Humira,13.12,18:14:25,2,8,123.45
2026-08-20,Humira,16.32,18:14:55,2,8,123.46
2026-08-20,Humira,6.82,18:15:25,2,8,0.0
2026-08-20,Humira,12.57,18:15:55,2,8,123.48
2026-08-20,Humira,13.0,18:16:25,2,8,123.49
2026-08-20,Humira,11.46,18:16:55,2,8,123.5
2026-08-20,Humira,9.97,18:17:25,2,8,123.51
2026-08-20,Humira,13.19,18:17:55,2,8,123.52
2026-08-20,Humira,7.18,18:18:25,2,8,0.0
2026-08-20,Humira,17.7,18:18:55,2,8,123.54
2026-08-20,Humira,12.25,18:19:25,2,8,123.55
2026-08-20,Humira,9.52,18:19:55,2,8,123.56
2026-08-20,Humira,14.34,18:20:25,2,8,123.58
2026-08-20,Humira,9.06,18:20:55,2,8,123.59
2026-08-20,Humira,9.92,18:21:25,2,8,123.6
2026-08-20,Humira,3.13,18:21:55,2,8,0.0
2026-08-20,Humira,17.2,18:22:25,2,8,123.62
2026-08-20,Humira,9.68,18:22:55,2,8,123.63
2026-08-20,Humira,15.78,18:23:25,2,8,123.64
2026-08-20,Humira,3.97,18:23:55,2,8,0.0
2026-08-20,Humira,10.45,18:24:25,2,8,123.66
2026-08-20,Humira,14.3,18:24:55,2,8,123.67
2026-08-20,Humira,4.93,18:25:25,2,8,0.0
2026-08-20,Humira,15.16,18:25:55,2,8,123.7
2026-08-20,Humira,15.77,18:26:25,2,8,123.71
2026-08-20,Humira,9.79,18:26:55,2,8,123.72
2026-08-20,Humira,3.28,18:27:25,2,8,0.0
2026-08-20,Humira,11.93,18:27:55,2,8,123.74
2026-08-20,Humira,10.69,18:28:25,2,8,123.75
2026-08-20,Humira,9.86,18:28:55,2,8,123.76
2026-08-20,Humira,14.44,18:29:25,2,8,123.77
2026-08-20,Humira,11.26,18:29:55,2,8,123.78
2026-08-20,Humira,9.95,18:30:25,2,8,123.79
2026-08-20,Humira,17.56,18:30:55,2,8,123.8
2026-08-20,Humira,13.34,18:31:25,2,8,123.81
2026-08-20,Humira,12.23,18:31:55,2,8,123.83
2026-08-20,Humira,13.59,18:32:25,2,8,123.84
2026-08-20,Humira,3.15,18:32:55,2,8,0.0
2026-08-20,Humira,16.58,18:33:25,2,8,123.86
2026-08-20,Humira,3.84,18:33:55,2,8,0.0
2026-08-20,Humira,9.54,18:34:25,2,8,123.88
2026-08-20,Humira,10.22,18:34:55,2,8,123.89
2026-08-20,Humira,13.51,18:35:25,2,8,123.9
2026-08-20,Humira,3.18,18:35:55,2,8,0.0
2026-08-20,Humira,17.9,18:36:25,2,8,123.92
2026-08-20,Humira,12.58,18:36:55,2,8,123.93
2026-08-20,Humira,16.12,18:37:25,2,8,123.94
2026-08-20,Humira,12.24,18:37:55,2,8,123.95
2026-08-20,Humira,2.77,18:38:25,2,8,0.0
2026-08-20,Humira,10.53,18:38:55,2,8,123.98
2026-08-20,Humira,16.63,18:39:25,2,8,123.99
2026-08-20,Humira,11.92,18:39:55,2,8,124.0
2026-08-20,Humira,4.12,18:40:25,2,8,0.0
2026-08-20,Humira,17.95,18:40:55,2,8,124.02
2026-08-20,Humira,5.21,18:41:25,2,8,0.0
2026-08-20,Humira,11.44,18:41:55,2,8,124.04
2026-08-20,Humira,17.47,18:42:25,2,8,124.05
2026-08-20,Humira,13.05,18:42:55,2,8,124.06
2026-08-20,Humira,10.48,18:43:25,2,8,124.07
2026-08-20,Humira,5.3,18:43:55,2,8,0.0
2026-08-20,Humira,11.82,18:44:25,2,8,124.1
2026-08-20,Humira,5.1,18:44:55,2,8,0.0
2026-08-20,Humira,10.58,18:45:25,2,8,124.12
2026-08-20,Humira,9.64,18:45:55,2,8,124.13
2026-08-20,Humira,14.56,18:46:25,2,8,124.14
2026-08-20,Humira,12.75,18:46:55,2,8,124.15
2026-08-20,Humira,17.79,18:47:25,2,8,124.16
2026-08-20,Humira,17.15,18:47:55,2,8,124.17
2026-08-20,Humira,10.3,18:48:25,2,8,124.18
2026-08-20,Humira,17.15,18:48:55,2,8,124.19
2026-08-20,Humira,12.09,18:49:25,2,8,124.2
2026-08-20,Humira,12.69,18:49:55,2,8,124.22
2026-08-20,Humira,13.24,18:50:25,2,8,124.23
2026-08-20,Humira,15.84,18:50:55,2,8,124.24
2026-08-20,Humira,15.33,18:51:25,2,8,124.25
2026-08-20,Humira,10.97,18:51:55,2,8,124.26
2026-08-20,Humira,17.68,18:52:25,2,8,124.27
2026-08-20,Humira,4.74,18:52:55,2,8,0.0
2026-08-20,Humira,15.41,18:53:25,2,8,124.29
2026-08-20,Humira,13.15,18:53:55,2,8,124.3
2026-08-20,Humira,15.46,18:54:25,2,8,124.31
2026-08-20,Humira,10.15,18:54:55,2,8,124.32
2026-08-20,Humira,12.74,18:55:25,2,8,124.33
2026-08-20,Humira,12.56,18:55:55,2,8,124.35
2026-08-20,Humira,13.96,18:56:25,2,8,124.36
2026-08-20,Humira,13.61,18:56:55,2,8,124.37
2026-08-20,Humira,14.51,18:57:25,2,8,124.38
2026-08-20,Humira,9.05,18:57:55,2,8,124.39
2026-08-20,Humira,12.18,18:58:25,2,8,124.4
2026-08-20,Humira,15.57,18:58:55,2,8,124.41
2026-08-20,Humira,16.46,18:59:25,2,8,124.42
2026-08-20,Humira,16.64,18:59:55,2,8,124.43
2026-08-20,Humira,17.61,19:00:25,2,8,124.44
2026-08-20,Humira,16.24,19:00:55,2,8,124.45
2026-08-20,Humira,10.24,19:01:25,2,8,124.46
2026-08-20,Humira,4.3,19:01:55,2,8,0.0
2026-08-20,Humira,15.16,19:02:25,2,8,124.49
2026-08-20,Humira,17.49,19:02:55,2,8,124.5
2026-08-20,Humira,10.33,19:03:25,2,8,124.51
2026-08-20,Humira,9.19,19:03:55,2,8,124.52
2026-08-20,Humira,9.85,19:04:25,2,8,124.53
2026-08-20,Humira,10.93,19:04:55,2,8,124.54
2026-08-20,Humira,10.01,19:05:25,2,8,124.55
2026-08-20,Humira,4.71,19:05:55,2,8,0.0
2026-08-20,Humira,10.69,19:06:25,2,8,124.57
2026-08-20,Humira,12.64,19:06:55,2,8,124.58
2026-08-20,Humira,4.48,19:07:25,2,8,0.0
2026-08-20,Humira,12.49,19:07:55,2,8,124.6
2026-08-20,Humira,5.49,19:08:25,2,8,0.0
2026-08-20,Humira,15.53,19:08:55,2,8,124.63
2026-08-20,Humira,4.58,19:09:25,2,8,0.0
2026-08-20,Humira,11.75,19:09:55,2,8,124.65
2026-08-20,Humira,13.18,19:10:25,2,8,124.66
2026-08-20,Humira,17.92,19:10:55,2,8,124.67
2026-08-20,Humira,17.93,19:11:25,2,8,124.68
2026-08-20,Humira,9.1,19:11:55,2,8,124.69
2026-08-20,Humira,14.61,19:12:25,2,8,124.7
2026-08-20,Humira,16.82,19:12:55,2,8,124.71
2026-08-20,Humira,12.05,19:13:25,2,8,124.72
2026-08-20,Humira,12.14,19:13:55,2,8,124.74
2026-08-20,Humira,6.84,19:14:25,2,8,0.0
2026-08-20,Humira,15.27,19:14:55,2,8,124.76
2026-08-20,Humira,13.7,19:15:25,2,8,124.77
2026-08-20,Humira,12.8,19:15:55,2,8,124.78
2026-08-20,Humira,2.11,19:16:25,2,8,0.0
2026-08-20,Humira,16.37,19:16:55,2,8,124.8
2026-08-20,Humira,11.75,19:17:25,2,8,124.81
2026-08-20,Humira,11.3,19:17:55,2,8,124.82
2026-08-20,Humira,16.99,19:18:25,2,8,124.83
2026-08-20,Humira,15.33,19:18:55,2,8,124.84
2026-08-20,Humira,10.5,19:19:25,2,8,124.85
2026-08-20,Humira,4.6,19:19:55,2,8,0.0
2026-08-20,Humira,13.38,19:20:25,2,8,124.88
2026-08-20,Humira,16.09,19:20:55,2,8,124.89
2026-08-20,Humira,10.96,19:21:25,2,8,124.9
2026-08-20,Humira,14.79,19:21:55,2,8,124.91
2026-08-20,Humira,13.75,19:22:25,2,8,124.92
2026-08-20,Humira,14.59,19:22:55,2,8,124.93
2026-08-20,Humira,15.55,19:23:25,2,8,124.94
2026-08-20,Humira,11.97,19:23:55,2,8,124.95
2026-08-20,Humira,7.09,19:24:25,2,8,0.0
2026-08-20,Humira,13.47,19:24:55,2,8,124.97
2026-08-20,Humira,17.28,19:25:25,2,8,124.98
2026-08-20,Humira,15.08,19:25:55,2,8,125.0
2026-08-20,Humira,2.36,19:26:25,2,8,0.0
2026-08-20,Humira,5.53,19:26:55,2,8,0.0
2026-08-20,Humira,5.61,19:27:25,2,8,0.0
2026-08-20,Humira,3.48,19:27:55,2,8,0.0
2026-08-20,Humira,14.09,19:28:25,2,8,125.05
2026-08-20,Humira,15.48,19:28:55,2,8,125.06
2026-08-20,Humira,14.83,19:29:25,2,8,125.07
2026-08-20,Humira,9.22,19:29:55,2,8,125.08
2026-08-20,Humira,4.49,19:30:25,2,8,0.0
2026-08-20,Humira,14.9,19:30:55,2,8,125.1
2026-08-20,Humira,10.29,19:31:25,2,8,125.11
2026-08-20,Humira,11.24,19:31:55,2,8,125.12
2026-08-20,Humira,9.1,19:32:25,2,8,125.14
2026-08-20,Humira,2.27,19:32:55,2,8,0.0
2026-08-20,Humira,17.47,19:33:25,2,8,125.16
2026-08-20,Humira,11.21,19:33:55,2,8,125.17
2026-08-20,Humira,9.12,19:34:25,2,8,125.18
2026-08-20,Humira,14.29,19:34:55,2,8,125.19
2026-08-20,Humira,13.67,19:35:25,2,8,125.2
2026-08-20,Humira,13.48,19:35:55,2,8,125.21
2026-08-20,Humira,10.71,19:36:25,2,8,125.22
2026-08-20,Humira,3.36,19:36:55,2,8,0.0
2026-08-20,Humira,12.39,19:37:25,2,8,125.24
2026-08-20,Humira,14.26,19:37:55,2,8,125.25
2026-08-20,Humira,2.69,19:38:25,2,8,0.0
2026-08-20,Humira,6.12,19:38:55,2,8,0.0
2026-08-20,Humira,11.64,19:39:25,2,8,125.29
2026-08-20,Humira,14.73,19:39:55,2,8,125.3
2026-08-20,Humira,6.94,19:40:25,2,8,0.0
2026-08-20,Humira,11.81,19:40:55,2,8,125.32
2026-08-20,Humira,16.73,19:41:25,2,8,125.33
2026-08-20,Humira,12.26,19:41:55,2,8,125.34
2026-08-20,Humira,10.06,19:42:25,2,8,125.35
2026-08-20,Humira,9.34,19:42:55,2,8,125.36
2026-08-20,Humira,15.68,19:43:25,2,8,125.37
2026-08-20,Humira,12.98,19:43:55,2,8,125.39
2026-08-20,Humira,17.11,19:44:25,2,8,125.4
2026-08-20,Humira,9.79,19:44:55,2,8,125.41
2026-08-20,Humira,7.64,19:45:25,2,8,0.0
2026-08-20,Humira,14.23,19:45:55,2,8,125.43
2026-08-20,Humira,9.51,19:46:25,2,8,125.44
2026-08-20,Humira,9.01,19:46:55,2,8,125.45
2026-08-20,Humira,3.7,19:47:25,2,8,0.0
2026-08-20,Humira,6.96,19:47:55,2,8,0.0
2026-08-20,Humira,12.1,19:48:25,2,8,125.48
2026-08-20,Humira,9.77,19:48:55,2,8,125.49
2026-08-20,Humira,14.29,19:49:25,2,8,125.5
2026-08-20,Humira,16.0,19:49:55,2,8,125.52
2026-08-20,Humira,17.0,19:50:25,2,8,125.53
2026-08-20,Humira,11.61,19:50:55,2,8,125.54
2026-08-20,Humira,13.33,19:51:25,2,8,125.55
2026-08-20,Humira,16.55,19:51:55,2,8,125.56
2026-08-20,Humira,5.86,19:52:25,2,8,0.0
2026-08-20,Humira,9.79,19:52:55,2,8,125.58
2026-08-20,Humira,12.02,19:53:25,2,8,125.59
2026-08-20,Humira,17.3,19:53:55,2,8,125.6
2026-08-20,Humira,14.79,19:54:25,2,8,125.61
2026-08-20,Humira,11.15,19:54:55,2,8,125.62
2026-08-20,Humira,11.83,19:55:25,2,8,125.63
2026-08-20,Humira,3.22,19:55:55,2,8,0.0
2026-08-20,Humira,17.41,19:56:25,2,8,125.66
2026-08-20,Humira,9.96,19:56:55,2,8,125.67
2026-08-20,Humira,4.38,19:57:25,2,8,0.0
2026-08-20,Humira,9.51,19:57:55,2,8,125.69
2026-08-20,Humira,5.19,19:58:25,2,8,0.0
2026-08-20,Humira,13.44,19:58:55,2,8,125.71
2026-08-20,Humira,16.47,19:59:25,2,8,125.72
2026-08-20,Humira,14.47,19:59:55,2,8,125.73
2026-08-20,Humira,17.8,20:00:25,2,8,125.74
2026-08-20,Humira,9.46,20:00:55,2,8,125.75
2026-08-20,Humira,15.54,20:01:25,2,8,125.76
2026-08-20,Humira,13.56,20:01:55,2,8,125.78
2026-08-20,Humira,14.44,20:02:25,2,8,125.79
2026-08-20,Humira,11.85,20:02:55,2,8,125.8
2026-08-20,Humira,10.97,20:03:25,2,8,125.81
2026-08-20,Humira,9.68,20:03:55,2,8,125.82
2026-08-20,Humira,10.86,20:04:25,2,8,125.83
2026-08-20,Humira,16.66,20:04:55,2,8,125.84
2026-08-20,Humira,10.5,20:05:25,2,8,125.85
2026-08-20,Humira,15.6,20:05:55,2,8,125.86
2026-08-20,Humira,17.04,20:06:25,2,8,125.87
2026-08-20,Humira,4.9,20:06:55,2,8,0.0
2026-08-20,Humira,11.65,20:07:25,2,8,125.89
2026-08-20,Humira,14.78,20:07:55,2,8,125.91
2026-08-20,Humira,13.52,20:08:25,2,8,125.92
2026-08-20,Humira,13.29,20:08:55,2,8,125.93
2026-08-20,Humira,16.58,20:09:25,2,8,125.94
2026-08-20,Humira,13.33,20:09:55,2,8,125.95
2026-08-20,Humira,12.32,20:10:25,2,8,125.96
2026-08-20,Humira,12.35,20:10:55,2,8,125.97
2026-08-20,Humira,9.39,20:11:25,2,8,125.98
2026-08-20,Humira,10.55,20:11:55,2,8,125.99
2026-08-20,Humira,13.82,20:12:25,2,8,126.0
2026-08-20,Humira,4.97,20:12:55,2,8,0.0
2026-08-20,Humira,17.21,20:13:25,2,8,126.02
2026-08-20,Humira,10.54,20:13:55,2,8,126.04
2026-08-20,Humira,13.51,20:14:25,2,8,126.05
2026-08-20,Humira,15.09,20:14:55,2,8,126.06
2026-08-20,Humira,11.27,20:15:25,2,8,126.07
2026-08-20,Humira,17.43,20:15:55,2,8,126.08
2026-08-20,Humira,17.71,20:16:25,2,8,126.09
2026-08-20,Humira,9.86,20:16:55,2,8,126.1
2026-08-20,Humira,15.81,20:17:25,2,8,126.11
2026-08-20,Humira,14.32,20:17:55,2,8,126.12
2026-08-20,Humira,13.25,20:18:25,2,8,126.13
2026-08-20,Humira,11.13,20:18:55,2,8,126.14
2026-08-20,Humira,9.29,20:19:25,2,8,126.15
2026-08-20,Humira,17.8,20:19:55,2,8,126.17
2026-08-20,Humira,9.41,20:20:25,2,8,126.18
2026-08-20,Humira,10.63,20:20:55,2,8,126.19
2026-08-20,Humira,3.88,20:21:25,2,8,0.0
2026-08-20,Humira,15.19,20:21:55,2,8,126.21
2026-08-20,Humira,17.33,20:22:25,2,8,126.22
2026-08-20,Humira,7.28,20:22:55,2,8,0.0
2026-08-20,Humira,5.86,20:23:25,2,8,0.0
2026-08-20,Humira,6.38,20:23:55,2,8,0.0
2026-08-20,Humira,12.84,20:24:25,2,8,126.26
2026-08-20,Humira,4.69,20:24:55,2,8,0.0
2026-08-20,Humira,5.52,20:25:25,2,8,0.0
2026-08-20,Humira,15.88,20:25:55,2,8,126.3
2026-08-20,Humira,9.69,20:26:25,2,8,126.31
2026-08-20,Humira,11.85,20:26:55,2,8,126.32
2026-08-20,Humira,13.53,20:27:25,2,8,126.33
2026-08-20,Humira,5.92,20:27:55,2,8,0.0
2026-08-20,Humira,14.48,20:28:25,2,8,126.35
2026-08-20,Humira,11.12,20:28:55,2,8,126.36
2026-08-20,Humira,17.18,20:29:25,2,8,126.37
2026-08-20,Humira,12.93,20:29:55,2,8,126.38
2026-08-20,Humira,7.45,20:30:25,2,8,0.0
2026-08-20,Humira,12.85,20:30:55,2,8,126.4
2026-08-20,Humira,5.73,20:31:25,2,8,0.0
2026-08-20,Humira,5.64,20:31:55,2,8,0.0
2026-08-20,Humira,5.59,20:32:25,2,8,0.0
2026-08-20,Humira,10.42,20:32:55,2,8,126.45
2026-08-20,Humira,18.0,20:33:25,2,8,126.46
2026-08-20,Humira,16.02,20:33:55,2,8,126.47
2026-08-20,Humira,14.95,20:34:25,2,8,126.48
2026-08-20,Humira,16.06,20:34:55,2,8,126.49
2026-08-20,Humira,9.28,20:35:25,2,8,126.5
2026-08-20,Humira,9.98,20:35:55,2,8,126.51
2026-08-20,Humira,4.89,20:36:25,2,8,0.0
2026-08-20,Humira,10.06,20:36:55,2,8,126.53
2026-08-20,Humira,17.62,20:37:25,2,8,126.54
2026-08-20,Humira,15.81,20:37:55,2,8,126.55
2026-08-20,Humira,5.8,20:38:25,2,8,0.0
2026-08-20,Humira,13.87,20:38:55,2,8,126.58
2026-08-20,Humira,10.3,20:39:25,2,8,126.59
2026-08-20,Humira,16.64,20:39:55,2,8,126.6
2026-08-20,Humira,16.42,20:40:25,2,8,126.61
2026-08-20,Humira,16.37,20:40:55,2,8,126.62
2026-08-20,Humira,2.91,20:41:25,2,8,0.0
2026-08-20,Humira,17.93,20:41:55,2,8,126.64
2026-08-20,Humira,10.11,20:42:25,2,8,126.65
2026-08-20,Humira,11.01,20:42:55,2,8,126.66
2026-08-20,Humira,13.21,20:43:25,2,8,126.67
2026-08-20,Humira,12.38,20:43:55,2,8,126.69
2026-08-20,Humira,12.73,20:44:25,2,8,126.7
2026-08-20,Humira,16.51,20:44:55,2,8,126.71
2026-08-20,Humira,15.5,20:45:25,2,8,126.72
2026-08-20,Humira,12.76,20:45:55,2,8,126.73
2026-08-20,Humira,12.07,20:46:25,2,8,126.74
2026-08-20,Humira,14.73,20:46:55,2,8,126.75
2026-08-20,Humira,6.62,20:47:25,2,8,0.0
2026-08-20,Humira,14.3,20:47:55,2,8,126.77
2026-08-20,Humira,12.92,20:48:25,2,8,126.78
2026-08-20,Humira,13.08,20:48:55,2,8,126.79
2026-08-20,Humira,12.58,20:49:25,2,8,126.8
2026-08-20,Humira,15.51,20:49:55,2,8,126.81
2026-08-20,Humira,11.72,20:50:25,2,8,126.83
2026-08-20,Humira,10.52,20:50:55,2,8,126.84
2026-08-20,Humira,16.42,20:51:25,2,8,126.85
2026-08-20,Humira,12.14,20:51:55,2,8,126.86
2026-08-20,Humira,10.26,20:52:25,2,8,126.87
2026-08-20,Humira,3.19,20:52:55,2,8,0.0
2026-08-20,Humira,15.45,20:53:25,2,8,126.89
2026-08-20,Humira,17.17,20:53:55,2,8,126.9
2026-08-20,Humira,13.01,20:54:25,2,8,126.91
2026-08-20,Humira,2.93,20:54:55,2,8,0.0
2026-08-20,Humira,9.32,20:55:25,2,8,126.93
2026-08-20,Humira,10.4,20:55:55,2,8,126.95
2026-08-20,Humira,17.31,20:56:25,2,8,126.96
2026-08-20,Humira,16.51,20:56:55,2,8,126.97
2026-08-20,Humira,9.25,20:57:25,2,8,126.98
2026-08-20,Humira,13.45,20:57:55,2,8,126.99
2026-08-20,Humira,16.99,20:58:25,2,8,127.0
2026-08-20,Humira,9.65,20:58:55,2,8,127.01
2026-08-20,Humira,16.55,20:59:25,2,8,127.02
2026-08-20,Humira,16.66,20:59:55,2,8,127.03
2026-08-20,Humira,17.31,21:00:25,2,8,127.04
2026-08-20,Humira,7.44,21:00:55,2,8,0.0
2026-08-20,Humira,9.45,21:01:25,2,8,127.06
2026-08-20,Humira,2.52,21:01:55,2,8,0.0
2026-08-20,Humira,7.33,21:02:25,2,8,0.0
2026-08-20,Humira,17.99,21:02:55,2,8,127.1
2026-08-20,Humira,10.0,21:03:25,2,8,127.11
2026-08-20,Humira,15.78,21:03:55,2,8,127.12
2026-08-20,Humira,13.44,21:04:25,2,8,127.13
2026-08-20,Humira,11.69,21:04:55,2,8,127.14
2026-08-20,Humira,15.56,21:05:25,2,8,127.15
2026-08-20,Humira,7.21,21:05:55,2,8,0.0
2026-08-20,Humira,10.35,21:06:25,2,8,127.17
2026-08-20,Humira,15.52,21:06:55,2,8,127.18
2026-08-20,Humira,12.75,21:07:25,2,8,127.19
2026-08-20,Humira,12.28,21:07:55,2,8,127.2
2026-08-20,Humira,14.2,21:08:25,2,8,127.22
2026-08-20,Humira,10.81,21:08:55,2,8,127.23
2026-08-20,Humira,4.7,21:09:25,2,8,0.0
2026-08-20,Humira,17.68,21:09:55,2,8,127.25
2026-08-20,Humira,12.22,21:10:25,2,8,127.26
2026-08-20,Humira,11.61,21:10:55,2,8,127.27
2026-08-20,Humira,14.4,21:11:25,2,8,127.28
2026-08-20,Humira,5.7,21:11:55,2,8,0.0
2026-08-20,Humira,7.0,21:12:25,2,8,0.0
2026-08-20,Humira,14.6,21:12:55,2,8,127.31
2026-08-20,Humira,12.71,21:13:25,2,8,127.32
2026-08-20,Humira,3.14,21:13:55,2,8,0.0
2026-08-20,Humira,5.88,21:14:25,2,8,0.0
2026-08-20,Humira,9.44,21:14:55,2,8,127.36
2026-08-20,Humira,11.66,21:15:25,2,8,127.37
2026-08-20,Humira,14.44,21:15:55,2,8,127.38
2026-08-20,Humira,10.15,21:16:25,2,8,127.39
2026-08-20,Humira,6.86,21:16:55,2,8,0.0
2026-08-20,Humira,10.86,21:17:25,2,8,127.41
2026-08-20,Humira,11.71,21:17:55,2,8,127.42
2026-08-20,Humira,14.63,21:18:25,2,8,127.43
2026-08-20,Humira,10.41,21:18:55,2,8,127.44
2026-08-20,Humira,2.54,21:19:25,2,8,0.0
2026-08-20,Humira,12.63,21:19:55,2,8,127.47
2026-08-20,Humira,13.81,21:20:25,2,8,127.48
2026-08-20,Humira,10.55,21:20:55,2,8,127.49
2026-08-20,Humira,16.4,21:21:25,2,8,127.5
2026-08-20,Humira,17.12,21:21:55,2,8,127.51
2026-08-20,Humira,16.95,21:22:25,2,8,127.52
2026-08-20,Humira,5.36,21:22:55,2,8,0.0
2026-08-20,Humira,10.2,21:23:25,2,8,127.54
2026-08-20,Humira,5.02,21:23:55,2,8,0.0
2026-08-20,Humira,15.15,21:24:25,2,8,127.56
2026-08-20,Humira,14.98,21:24:55,2,8,127.57
2026-08-20,Humira,10.67,21:25:25,2,8,127.58
2026-08-20,Humira,9.17,21:25:55,2,8,127.6
2026-08-20,Humira,10.2,21:26:25,2,8,127.61
2026-08-20,Humira,16.03,21:26:55,2,8,127.62
2026-08-20,Humira,11.55,21:27:25,2,8,127.63
2026-08-20,Humira,12.14,21:27:55,2,8,127.64
2026-08-20,Humira,15.45,21:28:25,2,8,127.65
2026-08-20,Humira,14.51,21:28:55,2,8,127.66
2026-08-20,Humira,7.3,21:29:25,2,8,0.0
2026-08-20,Humira,10.83,21:29:55,2,8,127.68
2026-08-20,Humira,17.07,21:30:25,2,8,127.69
2026-08-20,Humira,14.31,21:30:55,2,8,127.7
2026-08-20,Humira,10.47,21:31:25,2,8,127.71
2026-08-20,Humira,12.95,21:31:55,2,8,127.73
2026-08-20,Humira,14.73,21:32:25,2,8,127.74
2026-08-20,Humira,14.93,21:32:55,2,8,127.75
2026-08-20,Humira,17.5,21:33:25,2,8,127.76
2026-08-20,Humira,14.72,21:33:55,2,8,127.77
2026-08-20,Humira,15.44,21:34:25,2,8,127.78
2026-08-20,Humira,10.86,21:34:55,2,8,127.79
2026-08-20,Humira,9.91,21:35:25,2,8,127.8
2026-08-20,Humira,11.43,21:35:55,2,8,127.81
2026-08-20,Humira,15.77,21:36:25,2,8,127.82
2026-08-20,Humira,13.31,21:36:55,2,8,127.83
2026-08-20,Humira,10.71,21:37:25,2,8,127.84
2026-08-20,Humira,16.06,21:37:55,2,8,127.86
2026-08-20,Humira,17.46,21:38:25,2,8,127.87
2026-08-20,Humira,16.23,21:38:55,2,8,127.88
2026-08-20,Humira,6.88,21:39:25,2,8,0.0
2026-08-20,Humira,12.24,21:39:55,2,8,127.9
2026-08-20,Humira,11.27,21:40:25,2,8,127.91
2026-08-20,Humira,15.41,21:40:55,2,8,127.92
2026-08-20,Humira,9.07,21:41:25,2,8,127.93
2026-08-20,Humira,12.95,21:41:55,2,8,127.94
2026-08-20,Humira,9.45,21:42:25,2,8,127.95
2026-08-20,Humira,12.37,21:42:55,2,8,127.96
2026-08-20,Humira,14.12,21:43:25,2,8,127.97
2026-08-20,Humira,4.84,21:43:55,2,8,0.0
2026-08-20,Humira,15.75,21:44:25,2,8,128.0
2026-08-20,Humira,9.25,21:44:55,2,8,128.01
2026-08-20,Humira,11.63,21:45:25,2,8,128.02
2026-08-20,Humira,9.62,21:45:55,2,8,128.03
2026-08-20,Humira,9.92,21:46:25,2,8,128.04
2026-08-20,Humira,13.32,21:46:55,2,8,128.05
2026-08-20,Humira,17.57,21:47:25,2,8,128.06
2026-08-20,Humira,17.88,21:47:55,2,8,128.07
2026-08-20,Humira,11.78,21:48:25,2,8,128.08
2026-08-20,Humira,14.07,21:48:55,2,8,128.09
2026-08-20,Humira,16.23,21:49:25,2,8,128.1
2026-08-20,Humira,9.64,21:49:55,2,8,128.12
2026-08-20,Humira,14.33,21:50:25,2,8,128.13
2026-08-20,Humira,13.01,21:50:55,2,8,128.14
2026-08-20,Humira,9.38,21:51:25,2,8,128.15
2026-08-20,Humira,10.17,21:51:55,2,8,128.16
2026-08-20,Humira,16.15,21:52:25,2,8,128.17
2026-08-20,Humira,3.67,21:52:55,2,8,0.0
2026-08-20,Humira,9.09,21:53:25,2,8,128.19
2026-08-20,Humira,11.21,21:53:55,2,8,128.2
2026-08-20,Humira,5.29,21:54:25,2,8,0.0
2026-08-20,Humira,2.84,21:54:55,2,8,0.0
2026-08-20,Humira,10.8,21:55:25,2,8,128.23
2026-08-20,Humira,11.88,21:55:55,2,8,128.25
2026-08-20,Humira,17.62,21:56:25,2,8,128.26
2026-08-20,Humira,10.22,21:56:55,2,8,128.27
2026-08-20,Humira,17.62,21:57:25,2,8,128.28
2026-08-20,Humira,6.04,21:57:55,2,8,0.0
2026-08-20,Humira,11.15,21:58:25,2,8,128.3
2026-08-20,Humira,9.59,21:58:55,2,8,128.31
2026-08-20,Humira,11.4,21:59:25,2,8,128.32
2026-08-20,Humira,10.25,21:59:55,2,8,128.33
2026-08-20,Humira,12.7,22:00:25,2,8,128.34
2026-08-20,Humira,16.64,22:00:55,2,8,128.35
2026-08-20,Humira,9.82,22:01:25,2,8,128.36
2026-08-20,Humira,9.12,22:01:55,2,8,128.38
2026-08-20,Humira,10.8,22:02:25,2,8,128.39
2026-08-20,Humira,17.91,22:02:55,2,8,128.4
2026-08-20,Humira,2.42,22:03:25,2,8,0.0
2026-08-20,Humira,16.71,22:03:55,2,8,128.42
2026-08-20,Humira,13.55,22:04:25,2,8,128.43
2026-08-20,Humira,15.93,22:04:55,2,8,128.44
2026-08-20,Humira,17.88,22:05:25,2,8,128.45
2026-08-20,Humira,2.13,22:05:55,2,8,0.0
2026-08-20,Humira,11.88,22:06:25,2,8,128.47
2026-08-20,Humira,15.08,22:06:55,2,8,128.48
2026-08-20,Humira,11.19,22:07:25,2,8,128.49
2026-08-20,Humira,16.97,22:07:55,2,8,128.5
2026-08-20,Humira,17.25,22:08:25,2,8,128.52
2026-08-20,Humira,17.09,22:08:55,2,8,128.53
2026-08-20,Humira,13.92,22:09:25,2,8,128.54
2026-08-20,Humira,11.47,22:09:55,2,8,128.55
2026-08-20,Humira,9.25,22:10:25,2,8,128.56
2026-08-20,Humira,12.78,22:10:55,2,8,128.57
2026-08-20,Humira,4.36,22:11:25,2,8,0.0
2026-08-20,Humira,5.35,22:11:55,2,8,0.0
2026-08-20,Humira,13.09,22:12:25,2,8,128.6
2026-08-20,Humira,11.46,22:12:55,2,8,128.61
2026-08-20,Humira,14.01,22:13:25,2,8,128.62
2026-08-20,Humira,11.62,22:13:55,2,8,128.64
2026-08-20,Humira,11.39,22:14:25,2,8,128.65
2026-08-20,Humira,15.46,22:14:55,2,8,128.66
2026-08-20,Humira,11.13,22:15:25,2,8,128.67
2026-08-20,Humira,17.74,22:15:55,2,8,128.68
2026-08-20,Humira,15.38,22:16:25,2,8,128.69
2026-08-20,Humira,13.99,22:16:55,2,8,128.7
2026-08-20,Humira,13.19,22:17:25,2,8,128.71
2026-08-20,Humira,13.04,22:17:55,2,8,128.72
2026-08-20,Humira,9.6,22:18:25,2,8,128.73
2026-08-20,Humira,9.99,22:18:55,2,8,128.74
2026-08-20,Humira,11.33,22:19:25,2,8,128.75
2026-08-20,Humira,13.08,22:19:55,2,8,128.77
2026-08-20,Humira,11.67,22:20:25,2,8,128.78
2026-08-20,Humira,15.24,22:20:55,2,8,128.79
2026-08-20,Humira,9.6,22:21:25,2,8,128.8
2026-08-20,Humira,12.61,22:21:55,2,8,128.81
2026-08-20,Humira,15.93,22:22:25,2,8,128.82
2026-08-20,Humira,12.61,22:22:55,2,8,128.83
2026-08-20,Humira,15.91,22:23:25,2,8,128.84
2026-08-20,Humira,12.0,22:23:55,2,8,128.85
2026-08-20,Humira,14.44,22:24:25,2,8,128.86
2026-08-20,Humira,10.21,22:24:55,2,8,128.87
2026-08-20,Humira,15.56,22:25:25,2,8,128.88
2026-08-20,Humira,14.7,22:25:55,2,8,128.9
2026-08-20,Humira,10.91,22:26:25,2,8,128.91
2026-08-20,Humira,12.32,22:26:55,2,8,128.92
2026-08-20,Humira,3.12,22:27:25,2,8,0.0
2026-08-20,Humira,9.38,22:27:55,2,8,128.94
2026-08-20,Humira,4.64,22:28:25,2,8,0.0
2026-08-20,Humira,12.67,22:28:55,2,8,128.96
2026-08-20,Humira,17.18,22:29:25,2,8,128.97
2026-08-20,Humira,17.38,22:29:55,2,8,128.98
2026-08-20,Humira,12.74,22:30:25,2,8,128.99
2026-08-20,Humira,10.23,22:30:55,2,8,129.0
2026-08-20,Humira,6.95,22:31:25,2,8,0.0
2026-08-20,Humira,11.11,22:31:55,2,8,129.03
2026-08-20,Humira,10.6,22:32:25,2,8,129.04
2026-08-20,Humira,9.41,22:32:55,2,8,129.05
2026-08-20,Humira,16.25,22:33:25,2,8,129.06
2026-08-20,Humira,11.93,22:33:55,2,8,129.07
2026-08-20,Humira,17.45,22:34:25,2,8,129.08
2026-08-20,Humira,12.9,22:34:55,2,8,129.09
2026-08-20,Humira,9.37,22:35:25,2,8,129.1
2026-08-20,Humira,14.18,22:35:55,2,8,129.11
2026-08-20,Humira,5.7,22:36:25,2,8,0.0
2026-08-20,Humira,16.66,22:36:55,2,8,129.13
2026-08-20,Humira,4.46,22:37:25,2,8,0.0
2026-08-20,Humira,9.27,22:37:55,2,8,129.16
2026-08-20,Humira,14.88,22:38:25,2,8,129.17
2026-08-20,Humira,13.53,22:38:55,2,8,129.18
2026-08-20,Humira,15.93,22:39:25,2,8,129.19
2026-08-20,Humira,16.72,22:39:55,2,8,129.2
2026-08-20,Humira,15.28,22:40:25,2,8,129.21
2026-08-20,Humira,10.28,22:40:55,2,8,129.22
2026-08-20,Humira,15.14,22:41:25,2,8,129.23
2026-08-20,Humira,17.38,22:41:55,2,8,129.24
2026-08-20,Humira,11.37,22:42:25,2,8,129.25
2026-08-20,Humira,16.68,22:42:55,2,8,129.26
2026-08-20,Humira,13.14,22:43:25,2,8,129.27
2026-08-20,Humira,15.15,22:43:55,2,8,129.28
2026-08-20,Humira,16.93,22:44:25,2,8,129.3
2026-08-20,Humira,15.03,22:44:55,2,8,129.31
2026-08-20,Humira,12.64,22:45:25,2,8,129.32
2026-08-20,Humira,12.7,22:45:55,2,8,129.33
2026-08-20,Humira,14.71,22:46:25,2,8,129.34
2026-08-20,Humira,11.96,22:46:55,2,8,129.35
2026-08-20,Humira,17.16,22:47:25,2,8,129.36
2026-08-20,Humira,16.14,22:47:55,2,8,129.37
2026-08-20,Humira,12.9,22:48:25,2,8,129.38
2026-08-20,Humira,9.61,22:48:55,2,8,129.39
2026-08-20,Humira,16.66,22:49:25,2,8,129.4
2026-08-20,Humira,11.92,22:49:55,2,8,129.41
2026-08-20,Humira,14.65,22:50:25,2,8,129.43
2026-08-20,Humira,13.09,22:50:55,2,8,129.44
2026-08-20,Humira,15.06,22:51:25,2,8,129.45
2026-08-20,Humira,16.1,22:51:55,2,8,129.46
2026-08-20,Humira,11.05,22:52:25,2,8,129.47
2026-08-20,Humira,14.15,22:52:55,2,8,129.48
2026-08-20,Humira,15.37,22:53:25,2,8,129.49
2026-08-20,Humira,9.34,22:53:55,2,8,129.5
2026-08-20,Humira,11.14,22:54:25,2,8,129.51
2026-08-20,Humira,12.35,22:54:55,2,8,129.52
2026-08-20,Humira,12.45,22:55:25,2,8,129.53
2026-08-20,Humira,16.39,22:55:55,2,8,129.55
2026-08-20,Humira,17.11,22:56:25,2,8,129.56
2026-08-20,Humira,10.29,22:56:55,2,8,129.57
2026-08-20,Humira,15.18,22:57:25,2,8,129.58
2026-08-20,Humira,6.68,22:57:55,2,8,0.0
2026-08-20,Humira,7.53,22:58:25,2,8,0.0
2026-08-20,Humira,4.98,22:58:55,2,8,0.0
2026-08-20,Humira,14.13,22:59:25,2,8,129.62
2026-08-20,Humira,4.72,22:59:55,2,8,0.0
2026-08-20,Humira,15.51,23:00:25,2,8,129.64
2026-08-20,Humira,15.27,23:00:55,2,8,129.65
2026-08-20,Humira,17.9,23:01:25,2,8,129.66
2026-08-20,Humira,12.46,23:01:55,2,8,129.68
2026-08-20,Humira,16.0,23:02:25,2,8,129.69
2026-08-20,Humira,10.83,23:02:55,2,8,129.7
2026-08-20,Humira,11.01,23:03:25,2,8,129.71
2026-08-20,Humira,12.11,23:03:55,2,8,129.72
2026-08-20,Humira,2.67,23:04:25,2,8,0.0
2026-08-20,Humira,15.06,23:04:55,2,8,129.74
2026-08-20,Humira,2.28,23:05:25,2,8,0.0
2026-08-20,Humira,9.42,23:05:55,2,8,129.76
2026-08-20,Humira,14.98,23:06:25,2,8,129.77
2026-08-20,Humira,10.7,23:06:55,2,8,129.78
2026-08-20,Humira,12.7,23:07:25,2,8,129.79
2026-08-20,Humira,13.62,23:07:55,2,8,129.81
2026-08-20,Humira,13.81,23:08:25,2,8,129.82
2026-08-20,Humira,13.76,23:08:55,2,8,129.83
2026-08-20,Humira,10.74,23:09:25,2,8,129.84
2026-08-20,Humira,16.69,23:09:55,2,8,129.85
2026-08-20,Humira,10.95,23:10:25,2,8,129.86
2026-08-20,Humira,14.48,23:10:55,2,8,129.87
2026-08-20,Humira,16.07,23:11:25,2,8,129.88
2026-08-20,Humira,14.48,23:11:55,2,8,129.89
2026-08-20,Humira,3.39,23:12:25,2,8,0.0
2026-08-20,Humira,15.11,23:12:55,2,8,129.91
2026-08-20,Humira,9.15,23:13:25,2,8,129.92
2026-08-20,Humira,14.2,23:13:55,2,8,129.94
2026-08-20,Humira,13.23,23:14:25,2,8,129.95
2026-08-20,Humira,6.34,23:14:55,2,8,0.0
2026-08-20,Humira,16.29,23:15:25,2,8,129.97
2026-08-20,Humira,5.4,23:15:55,2,8,0.0
2026-08-20,Humira,16.3,23:16:25,2,8,129.99
2026-08-20,Humira,10.18,23:16:55,2,8,130.0
2026-08-20,Humira,7.7,23:17:25,2,8,0.0
2026-08-20,Humira,9.62,23:17:55,2,8,130.02
2026-08-20,Humira,14.44,23:18:25,2,8,130.03
2026-08-20,Humira,16.15,23:18:55,2,8,130.04
2026-08-20,Humira,17.59,23:19:25,2,8,130.05
2026-08-20,Humira,15.09,23:19:55,2,8,130.06
2026-08-20,Humira,13.43,23:20:25,2,8,130.08
2026-08-20,Humira,16.27,23:20:55,2,8,130.09
2026-08-20,Humira,11.77,23:21:25,2,8,130.1
2026-08-20,Humira,10.74,23:21:55,2,8,130.11
2026-08-20,Humira,13.98,23:22:25,2,8,130.12
2026-08-20,Humira,4.97,23:22:55,2,8,0.0
2026-08-20,Humira,16.53,23:23:25,2,8,130.14
2026-08-20,Humira,17.48,23:23:55,2,8,130.15
2026-08-20,Humira,15.32,23:24:25,2,8,130.16
2026-08-20,Humira,10.71,23:24:55,2,8,130.17
2026-08-20,Humira,11.77,23:25:25,2,8,130.18
2026-08-20,Humira,10.72,23:25:55,2,8,130.2
2026-08-20,Humira,2.07,23:26:25,2,8,0.0
2026-08-20,Humira,12.57,23:26:55,2,8,130.22
2026-08-20,Humira,10.21,23:27:25,2,8,130.23
2026-08-20,Humira,3.56,23:27:55,2,8,0.0
2026-08-20,Humira,10.57,23:28:25,2,8,130.25
2026-08-20,Humira,17.25,23:28:55,2,8,130.26
2026-08-20,Humira,14.73,23:29:25,2,8,130.27
2026-08-20,Humira,17.9,23:29:55,2,8,130.28
2026-08-20,Humira,3.17,23:30:25,2,8,0.0
2026-08-20,Humira,3.63,23:30:55,2,8,0.0
2026-08-20,Humira,12.41,23:31:25,2,8,130.31
2026-08-20,Humira,16.32,23:31:55,2,8,130.33
2026-08-20,Humira,3.83,23:32:25,2,8,0.0
2026-08-20,Humira,6.54,23:32:55,2,8,0.0
2026-08-20,Humira,11.29,23:33:25,2,8,130.36
2026-08-20,Humira,13.24,23:33:55,2,8,130.37
2026-08-20,Humira,10.14,23:34:25,2,8,130.38
2026-08-20,Humira,15.26,23:34:55,2,8,130.39
2026-08-20,Humira,14.14,23:35:25,2,8,130.4
2026-08-20,Humira,15.18,23:35:55,2,8,130.41
2026-08-20,Humira,13.56,23:36:25,2,8,130.42
2026-08-20,Humira,2.48,23:36:55,2,8,0.0
2026-08-20,Humira,10.63,23:37:25,2,8,130.44
2026-08-20,Humira,15.54,23:37:55,2,8,130.45
2026-08-20,Humira,9.51,23:38:25,2,8,130.47
2026-08-20,Humira,15.89,23:38:55,2,8,130.48
2026-08-20,Humira,7.82,23:39:25,2,8,0.0
2026-08-20,Humira,15.07,23:39:55,2,8,130.5
2026-08-20,Humira,16.93,23:40:25,2,8,130.51
2026-08-20,Humira,12.62,23:40:55,2,8,130.52
2026-08-20,Humira,15.44,23:41:25,2,8,130.53
2026-08-20,Humira,15.49,23:41:55,2,8,130.54
2026-08-20,Humira,15.31,23:42:25,2,8,130.55
2026-08-20,Humira,12.63,23:42:55,2,8,130.56
2026-08-20,Humira,16.25,23:43:25,2,8,130.57
2026-08-20,Humira,6.27,23:43:55,2,8,0.0
2026-08-20,Humira,13.61,23:44:25,2,8,130.6
2026-08-20,Humira,12.35,23:44:55,2,8,130.61
2026-08-20,Humira,14.28,23:45:25,2,8,130.62
2026-08-20,Humira,17.86,23:45:55,2,8,130.63
2026-08-20,Humira,14.03,23:46:25,2,8,130.64
2026-08-20,Humira,2.45,23:46:55,2,8,0.0
2026-08-20,Humira,11.95,23:47:25,2,8,130.66
2026-08-20,Humira,6.58,23:47:55,2,8,0.0
2026-08-20,Humira,4.05,23:48:25,2,8,0.0
2026-08-20,Humira,3.3,23:48:55,2,8,0.0
2026-08-20,Humira,15.68,23:49:25,2,8,130.7
2026-08-20,Humira,14.81,23:49:55,2,8,130.72
2026-08-20,Humira,5.93,23:50:25,2,8,0.0
2026-08-20,Humira,13.94,23:50:55,2,8,130.74
2026-08-20,Humira,13.69,23:51:25,2,8,130.75
2026-08-20,Humira,5.02,23:51:55,2,8,0.0
2026-08-20,Humira,14.7,23:52:25,2,8,130.77
2026-08-20,Humira,4.1,23:52:55,2,8,0.0
2026-08-20,Humira,5.0,23:53:25,2,8,0.0
2026-08-20,Humira,9.76,23:53:55,2,8,130.8
2026-08-20,Humira,10.19,23:54:25,2,8,130.81
2026-08-20,Humira,10.4,23:54:55,2,8,130.82
2026-08-20,Humira,6.51,23:55:25,2,8,0.0
2026-08-20,Humira,15.07,23:55:55,2,8,130.84
2026-08-20,Humira,5.64,23:56:25,2,8,0.0
2026-08-20,Humira,15.66,23:56:55,2,8,130.87
2026-08-20,Humira,17.97,23:57:25,2,8,130.88
2026-08-20,Humira,5.66,23:57:55,2,8,0.0
2026-08-20,Humira,13.15,23:58:25,2,8,130.9
2026-08-20,Humira,14.76,23:58:55,2,8,130.91
2026-08-20,Humira,11.21,23:59:25,2,8,130.92
2026-08-20,Humira,7.61,23:59:55,2,8,0.0
2026-08-20,Humira,13.27,00:00:25,2,8,130.94
2026-08-20,Humira,12.87,00:00:55,2,8,130.95
2026-08-20,Humira,17.81,00:01:25,2,8,130.96
2026-08-20,Humira,14.88,00:01:55,2,8,130.97
2026-08-20,Humira,11.18,00:02:25,2,8,130.99
2026-08-20,Humira,7.48,00:02:55,2,8,0.0
2026-08-20,Humira,10.33,00:03:25,2,8,131.01
2026-08-20,Humira,14.99,00:03:55,2,8,131.02
2026-08-20,Humira,6.83,00:04:25,2,8,0.0
2026-08-20,Humira,15.39,00:04:55,2,8,131.04
2026-08-20,Humira,17.42,00:05:25,2,8,131.05
2026-08-20,Humira,17.28,00:05:55,2,8,131.06
2026-08-20,Humira,2.97,00:06:25,2,8,0.0
2026-08-20,Humira,13.53,00:06:55,2,8,131.08
2026-08-20,Humira,11.23,00:07:25,2,8,131.09
2026-08-20,Humira,11.78,00:07:55,2,8,131.1
2026-08-20,Humira,12.52,00:08:25,2,8,131.12
2026-08-20,Humira,14.3,00:08:55,2,8,131.13
2026-08-20,Humira,9.68,00:09:25,2,8,131.14
2026-08-20,Humira,9.36,00:09:55,2,8,131.15
2026-08-20,Humira,13.31,00:10:25,2,8,131.16
2026-08-20,Humira,3.11,00:10:55,2,8,0.0
2026-08-20,Humira,13.9,00:11:25,2,8,131.18
2026-08-20,Humira,3.92,00:11:55,2,8,0.0
2026-08-20,Humira,5.96,00:12:25,2,8,0.0
2026-08-20,Humira,17.34,00:12:55,2,8,131.21
2026-08-20,Humira,15.65,00:13:25,2,8,131.22
2026-08-20,Humira,12.95,00:13:55,2,8,131.24
2026-08-20,Humira,6.6,00:14:25,2,8,0.0
2026-08-20,Humira,11.16,00:14:55,2,8,131.26
2026-08-20,Humira,11.43,00:15:25,2,8,131.27
2026-08-20,Humira,17.56,00:15:55,2,8,131.28
2026-08-20,Humira,15.67,00:16:25,2,8,131.29
2026-08-20,Humira,5.61,00:16:55,2,8,0.0
2026-08-20,Humira,11.91,00:17:25,2,8,131.31
2026-08-20,Humira,17.85,00:17:55,2,8,131.32
2026-08-20,Humira,13.84,00:18:25,2,8,131.33
2026-08-20,Humira,4.08,00:18:55,2,8,0.0
2026-08-20,Humira,17.58,00:19:25,2,8,131.35
2026-08-20,Humira,9.46,00:19:55,2,8,131.37
2026-08-20,Humira,11.37,00:20:25,2,8,131.38
2026-08-20,Humira,11.8,00:20:55,2,8,131.39
2026-08-20,Humira,17.93,00:21:25,2,8,131.4
2026-08-20,Humira,14.32,00:21:55,2,8,131.41
2026-08-20,Humira,16.39,00:22:25,2,8,131.42
2026-08-20,Humira,17.73,00:22:55,2,8,131.43
2026-08-20,Humira,9.44,00:23:25,2,8,131.44
2026-08-20,Humira,15.5,00:23:55,2,8,131.45
2026-08-20,Humira,4.2,00:24:25,2,8,0.0
2026-08-20,Humira,5.19,00:24:55,2,8,0.0
2026-08-20,Humira,14.53,00:25:25,2,8,131.48
2026-08-20,Humira,5.74,00:25:55,2,8,0.0
2026-08-20,Humira,17.64,00:26:25,2,8,131.51
2026-08-20,Humira,11.82,00:26:55,2,8,131.52
2026-08-20,Humira,17.69,00:27:25,2,8,131.53
2026-08-20,Humira,9.1,00:27:55,2,8,131.54
2026-08-20,Humira,16.43,00:28:25,2,8,131.55
2026-08-20,Humira,17.73,00:28:55,2,8,131.56
2026-08-20,Humira,13.68,00:29:25,2,8,131.57
2026-08-20,Humira,14.98,00:29:55,2,8,131.58
2026-08-20,Humira,10.6,00:30:25,2,8,131.59
2026-08-20,Humira,15.84,00:30:55,2,8,131.6
2026-08-20,Humira,6.7,00:31:25,2,8,0.0
2026-08-20,Humira,13.58,00:31:55,2,8,131.62
2026-08-20,Humira,14.18,00:32:25,2,8,131.64
2026-08-20,Humira,2.83,00:32:55,2,8,0.0
2026-08-20,Humira,2.34,00:33:25,2,8,0.0
2026-08-20,Humira,11.11,00:33:55,2,8,131.67
2026-08-20,Humira,9.34,00:34:25,2,8,131.68
2026-08-20,Humira,10.12,00:34:55,2,8,131.69
2026-08-20,Humira,16.06,00:35:25,2,8,131.7
2026-08-20,Humira,9.11,00:35:55,2,8,131.71
2026-08-20,Humira,16.93,00:36:25,2,8,131.72
2026-08-20,Humira,9.09,00:36:55,2,8,131.73
2026-08-20,Humira,14.38,00:37:25,2,8,131.74
2026-08-20,Humira,13.34,00:37:55,2,8,131.75
2026-08-20,Humira,12.71,00:38:25,2,8,131.77
2026-08-20,Humira,13.48,00:38:55,2,8,131.78
2026-08-20,Humira,10.59,00:39:25,2,8,131.79
2026-08-20,Humira,10.94,00:39:55,2,8,131.8
2026-08-20,Humira,15.71,00:40:25,2,8,131.81
2026-08-20,Humira,6.58,00:40:55,2,8,0.0
2026-08-20,Humira,9.26,00:41:25,2,8,131.83
2026-08-20,Humira,15.31,00:41:55,2,8,131.84
2026-08-20,Humira,17.76,00:42:25,2,8,131.85
2026-08-20,Humira,13.75,00:42:55,2,8,131.86
2026-08-20,Humira,10.63,00:43:25,2,8,131.87
2026-08-20,Humira,15.53,00:43:55,2,8,131.89
2026-08-20,Humira,14.67,00:44:25,2,8,131.9
2026-08-20,Humira,17.92,00:44:55,2,8,131.91
2026-08-20,Humira,14.12,00:45:25,2,8,131.92
2026-08-20,Humira,17.02,00:45:55,2,8,131.93
2026-08-20,Humira,14.32,00:46:25,2,8,131.94
2026-08-20,Humira,15.99,00:46:55,2,8,131.95
2026-08-20,Humira,16.15,00:47:25,2,8,131.96
2026-08-20,Humira,17.49,00:47:55,2,8,131.97
2026-08-20,Humira,15.41,00:48:25,2,8,131.98
2026-08-20,Humira,10.1,00:48:55,2,8,131.99
2026-08-20,Humira,9.89,00:49:25,2,8,132.0
2026-08-20,Humira,6.26,00:49:55,2,8,0.0
2026-08-20,Humira,10.26,00:50:25,2,8,132.03
2026-08-20,Humira,9.89,00:50:55,2,8,132.04
2026-08-20,Humira,17.55,00:51:25,2,8,132.05
2026-08-20,Humira,16.13,00:51:55,2,8,132.06
2026-08-20,Humira,12.1,00:52:25,2,8,132.07
2026-08-20,Humira,13.88,00:52:55,2,8,132.08
2026-08-20,Humira,15.34,00:53:25,2,8,132.09
2026-08-20,Humira,4.33,00:53:55,2,8,0.0
2026-08-20,Humira,9.53,00:54:25,2,8,132.11
2026-08-20,Humira,10.3,00:54:55,2,8,132.12
2026-08-20,Humira,14.14,00:55:25,2,8,132.13
2026-08-20,Humira,15.5,00:55:55,2,8,132.15
2026-08-20,Humira,15.82,00:56:25,2,8,132.16
2026-08-20,Humira,7.49,00:56:55,2,8,0.0
2026-08-20,Humira,15.74,00:57:25,2,8,132.18
2026-08-20,Humira,9.59,00:57:55,2,8,132.19
2026-08-20,Humira,14.66,00:58:25,2,8,132.2
2026-08-20,Humira,7.69,00:58:55,2,8,0.0
2026-08-20,Humira,4.09,00:59:25,2,8,0.0
2026-08-20,Humira,14.36,00:59:55,2,8,132.23
2026-08-20,Humira,7.49,01:00:25,2,8,0.0
2026-08-20,Humira,11.74,01:00:55,2,8,132.25
2026-08-20,Humira,11.44,01:01:25,2,8,132.26
2026-08-20,Humira,7.76,01:01:55,2,8,0.0
2026-08-20,Humira,2.6,01:02:25,2,8,0.0
2026-08-20,Humira,7.89,01:02:55,2,8,0.0
2026-08-20,Humira,16.57,01:03:25,2,8,132.31
2026-08-20,Humira,15.99,01:03:55,2,8,132.32
2026-08-20,Humira,3.51,01:04:25,2,8,0.0
2026-08-20,Humira,15.26,01:04:55,2,8,132.34
2026-08-20,Humira,16.65,01:05:25,2,8,132.35
2026-08-20,Humira,4.94,01:05:55,2,8,0.0
2026-08-20,Humira,17.49,01:06:25,2,8,132.37
2026-08-20,Humira,9.45,01:06:55,2,8,132.38
2026-08-20,Humira,6.47,01:07:25,2,8,0.0
2026-08-20,Humira,17.84,01:07:55,2,8,132.41
2026-08-20,Humira,16.41,01:08:25,2,8,132.42
2026-08-20,Humira,10.23,01:08:55,2,8,132.43
2026-08-20,Humira,12.96,01:09:25,2,8,132.44
2026-08-20,Humira,13.84,01:09:55,2,8,132.45
2026-08-20,Humira,7.51,01:10:25,2,8,0.0
2026-08-20,Humira,12.09,01:10:55,2,8,132.47
2026-08-20,Humira,11.2,01:11:25,2,8,132.48
2026-08-20,Humira,12.12,01:11:55,2,8,132.49
2026-08-20,Humira,14.92,01:12:25,2,8,132.5
2026-08-20,Humira,6.89,01:12:55,2,8,0.0
2026-08-20,Humira,4.03,01:13:25,2,8,0.0
2026-08-20,Humira,3.5,01:13:55,2,8,0.0
2026-08-20,Humira,12.88,01:14:25,2,8,132.55
2026-08-20,Humira,15.48,01:14:55,2,8,132.56
2026-08-20,Humira,14.44,01:15:25,2,8,132.57
2026-08-20,Humira,16.45,01:15:55,2,8,132.58
2026-08-20,Humira,13.51,01:16:25,2,8,132.59
2026-08-20,Humira,13.54,01:16:55,2,8,132.6
2026-08-20,Humira,15.57,01:17:25,2,8,132.61
2026-08-20,Humira,10.0,01:17:55,2,8,132.62
2026-08-20,Humira,16.66,01:18:25,2,8,132.63
2026-08-20,Humira,6.63,01:18:55,2,8,0.0
2026-08-20,Humira,13.66,01:19:25,2,8,132.65
2026-08-20,Humira,15.37,01:19:55,2,8,132.66
2026-08-20,Humira,15.93,01:20:25,2,8,132.68
2026-08-20,Humira,3.48,01:20:55,2,8,0.0
2026-08-20,Humira,12.72,01:21:25,2,8,132.7
2026-08-20,Humira,14.29,01:21:55,2,8,132.71
2026-08-20,Humira,9.31,01:22:25,2,8,132.72
2026-08-20,Humira,6.2,01:22:55,2,8,0.0
2026-08-20,Humira,10.28,01:23:25,2,8,132.74
2026-08-20,Humira,9.57,01:23:55,2,8,132.75
2026-08-20,Humira,9.15,01:24:25,2,8,132.76
2026-08-20,Humira,14.74,01:24:55,2,8,132.77
2026-08-20,Humira,10.84,01:25:25,2,8,132.78
2026-08-20,Humira,13.96,01:25:55,2,8,132.8
2026-08-20,Humira,11.79,01:26:25,2,8,132.81
2026-08-20,Humira,9.26,01:26:55,2,8,132.82
2026-08-20,Humira,10.48,01:27:25,2,8,132.83
2026-08-20,Humira,11.21,01:27:55,2,8,132.84
2026-08-20,Humira,13.85,01:28:25,2,8,132.85
2026-08-20,Humira,16.43,01:28:55,2,8,132.86
2026-08-20,Humira,3.35,01:29:25,2,8,0.0
2026-08-20,Humira,5.4,01:29:55,2,8,0.0
2026-08-20,Humira,2.43,01:30:25,2,8,0.0
2026-08-20,Humira,12.76,01:30:55,2,8,132.9
2026-08-20,Humira,9.4,01:31:25,2,8,132.91
2026-08-20,Humira,15.01,01:31:55,2,8,132.93
2026-08-20,Humira,16.84,01:32:25,2,8,132.94
2026-08-20,Humira,13.84,01:32:55,2,8,132.95
2026-08-20,Humira,15.17,01:33:25,2,8,132.96
2026-08-20,Humira,12.69,01:33:55,2,8,132.97
2026-08-20,Humira,12.52,01:34:25,2,8,132.98
2026-08-20,Humira,15.23,01:34:55,2,8,132.99
2026-08-20,Humira,16.38,01:35:25,2,8,133.0
2026-08-20,Humira,15.19,01:35:55,2,8,133.01
2026-08-20,Humira,16.45,01:36:25,2,8,133.02
2026-08-20,Humira,4.64,01:36:55,2,8,0.0
2026-08-20,Humira,11.34,01:37:25,2,8,133.04
2026-08-20,Humira,13.51,01:37:55,2,8,133.06
2026-08-20,Humira,2.09,01:38:25,2,8,0.0
2026-08-20,Humira,13.38,01:38:55,2,8,133.08
2026-08-20,Humira,15.48,01:39:25,2,8,133.09
2026-08-20,Humira,16.08,01:39:55,2,8,133.1
2026-08-20,Humira,15.97,01:40:25,2,8,133.11
2026-08-20,Humira,14.7,01:40:55,2,8,133.12
2026-08-20,Humira,9.94,01:41:25,2,8,133.13
2026-08-20,Humira,11.91,01:41:55,2,8,133.14
2026-08-20,Humira,13.98,01:42:25,2,8,133.15
2026-08-20,Humira,6.55,01:42:55,2,8,0.0
2026-08-20,Humira,5.55,01:43:25,2,8,0.0
2026-08-20,Humira,14.36,01:43:55,2,8,133.19
2026-08-20,Humira,15.01,01:44:25,2,8,133.2
2026-08-20,Humira,10.02,01:44:55,2,8,133.21
2026-08-20,Humira,10.83,01:45:25,2,8,133.22
2026-08-20,Humira,10.29,01:45:55,2,8,133.23
2026-08-20,Humira,13.87,01:46:25,2,8,133.24
2026-08-20,Humira,15.71,01:46:55,2,8,133.25
2026-08-20,Humira,7.29,01:47:25,2,8,0.0
2026-08-20,Humira,14.8,01:47:55,2,8,133.27
2026-08-20,Humira,13.06,01:48:25,2,8,133.28
2026-08-20,Humira,12.96,01:48:55,2,8,133.29
2026-08-20,Humira,4.69,01:49:25,2,8,0.0
2026-08-20,Humira,9.56,01:49:55,2,8,133.31
2026-08-20,Humira,16.04,01:50:25,2,8,133.33
2026-08-20,Humira,9.94,01:50:55,2,8,133.34
2026-08-20,Humira,17.29,01:51:25,2,8,133.35
2026-08-20,Humira,7.43,01:51:55,2,8,0.0
2026-08-20,Humira,13.07,01:52:25,2,8,133.37
2026-08-20,Humira,10.72,01:52:55,2,8,133.38
2026-08-20,Humira,9.31,01:53:25,2,8,133.39
2026-08-20,Humira,15.44,01:53:55,2,8,133.4
2026-08-20,Humira,14.64,01:54:25,2,8,133.41
2026-08-20,Humira,12.58,01:54:55,2,8,133.42
2026-08-20,Humira,7.13,01:55:25,2,8,0.0
2026-08-20,Humira,13.91,01:55:55,2,8,133.45
2026-08-20,Humira,14.6,01:56:25,2,8,133.46
2026-08-20,Humira,13.53,01:56:55,2,8,133.47
2026-08-20,Humira,11.06,01:57:25,2,8,133.48
2026-08-20,Humira,4.81,01:57:55,2,8,0.0
2026-08-20,Humira,14.16,01:58:25,2,8,133.5
2026-08-20,Humira,9.89,01:58:55,2,8,133.51
2026-08-20,Humira,13.21,01:59:25,2,8,133.52
2026-08-20,Humira,17.16,01:59:55,2,8,133.53
2026-08-20,Humira,3.26,02:00:25,2,8,0.0
2026-08-20,Humira,10.07,02:00:55,2,8,133.55
2026-08-20,Humira,2.76,02:01:25,2,8,0.0
2026-08-20,Humira,15.37,02:01:55,2,8,133.58
2026-08-20,Humira,7.61,02:02:25,2,8,0.0
2026-08-20,Humira,15.08,02:02:55,2,8,133.6
2026-08-20,Humira,3.72,02:03:25,2,8,0.0
2026-08-20,Humira,4.05,02:03:55,2,8,0.0
2026-08-20,Humira,9.47,02:04:25,2,8,133.63
2026-08-20,Humira,17.42,02:04:55,2,8,133.64
2026-08-20,Humira,3.56,02:05:25,2,8,0.0
2026-08-20,Humira,11.7,02:05:55,2,8,133.66
2026-08-20,Humira,12.16,02:06:25,2,8,133.67
2026-08-20,Humira,11.17,02:06:55,2,8,133.68
2026-08-20,Humira,4.52,02:07:25,2,8,0.0
2026-08-20,Humira,17.25,02:07:55,2,8,133.7
2026-08-20,Humira,4.89,02:08:25,2,8,0.0
2026-08-20,Humira,16.35,02:08:55,2,8,133.73
2026-08-20,Humira,17.48,02:09:25,2,8,133.74
2026-08-20,Humira,6.3,02:09:55,2,8,0.0
2026-08-20,Humira,15.68,02:10:25,2,8,133.76
2026-08-20,Humira,13.92,02:10:55,2,8,133.77
2026-08-20,Humira,15.46,02:11:25,2,8,133.78
2026-08-20,Humira,15.63,02:11:55,2,8,133.79
2026-08-20,Humira,12.79,02:12:25,2,8,133.8
2026-08-20,Humira,16.41,02:12:55,2,8,133.81
2026-08-20,Humira,10.75,02:13:25,2,8,133.82
2026-08-20,Humira,10.21,02:13:55,2,8,133.84
2026-08-20,Humira,16.28,02:14:25,2,8,133.85
2026-08-20,Humira,14.91,02:14:55,2,8,133.86
2026-08-20,Humira,15.68,02:15:25,2,8,133.87
2026-08-20,Humira,13.9,02:15:55,2,8,133.88
2026-08-20,Humira,10.63,02:16:25,2,8,133.89
2026-08-20,Humira,16.0,02:16:55,2,8,133.9
2026-08-20,Humira,15.93,02:17:25,2,8,133.91
2026-08-20,Humira,13.08,02:17:55,2,8,133.92
2026-08-20,Humira,9.03,02:18:25,2,8,133.93
2026-08-20,Humira,9.13,02:18:55,2,8,133.94
2026-08-20,Humira,12.12,02:19:25,2,8,133.95
2026-08-20,Humira,17.65,02:19:55,2,8,133.97
2026-08-20,Humira,2.21,02:20:25,2,8,0.0
2026-08-20,Humira,12.59,02:20:55,2,8,133.99
2026-08-20,Humira,5.8,02:21:25,2,8,0.0
2026-08-20,Humira,9.34,02:21:55,2,8,134.01
2026-08-20,Humira,5.01,02:22:25,2,8,0.0
2026-08-20,Humira,2.77,02:22:55,2,8,0.0
2026-08-20,Humira,11.99,02:23:25,2,8,134.04
2026-08-20,Humira,13.87,02:23:55,2,8,134.05
2026-08-20,Humira,11.58,02:24:25,2,8,134.06
2026-08-20,Humira,9.36,02:24:55,2,8,134.07
2026-08-20,Humira,6.4,02:25:25,2,8,0.0
2026-08-20,Humira,14.75,02:25:55,2,8,134.09
2026-08-20,Humira,9.32,02:26:25,2,8,134.11
2026-08-20,Humira,13.5,02:26:55,2,8,134.12
2026-08-20,Humira,15.62,02:27:25,2,8,134.13
2026-08-20,Humira,14.21,02:27:55,2,8,134.14
2026-08-20,Humira,2.25,02:28:25,2,8,0.0
2026-08-20,Humira,16.29,02:28:55,2,8,134.16
2026-08-20,Humira,15.97,02:29:25,2,8,134.17
2026-08-20,Humira,10.97,02:29:55,2,8,134.18
2026-08-20,Humira,12.3,02:30:25,2,8,134.19
2026-08-20,Humira,11.31,02:30:55,2,8,134.2
2026-08-20,Humira,12.89,02:31:25,2,8,134.21
2026-08-20,Humira,10.63,02:31:55,2,8,134.22
2026-08-20,Humira,15.56,02:32:25,2,8,134.24
2026-08-20,Humira,4.97,02:32:55,2,8,0.0
2026-08-20,Humira,5.36,02:33:25,2,8,0.0
2026-08-20,Humira,13.73,02:33:55,2,8,134.27
2026-08-20,Humira,13.02,02:34:25,2,8,134.28
2026-08-20,Humira,17.56,02:34:55,2,8,134.29
2026-08-20,Humira,7.11,02:35:25,2,8,0.0
2026-08-20,Humira,10.15,02:35:55,2,8,134.31
2026-08-20,Humira,16.39,02:36:25,2,8,134.32
2026-08-20,Humira,15.92,02:36:55,2,8,134.33
2026-08-20,Humira,17.82,02:37:25,2,8,134.34
2026-08-20,Humira,3.65,02:37:55,2,8,0.0
2026-08-20,Humira,15.06,02:38:25,2,8,134.37
2026-08-20,Humira,11.6,02:38:55,2,8,134.38
2026-08-20,Humira,3.26,02:39:25,2,8,0.0
2026-08-20,Humira,13.43,02:39:55,2,8,134.4
2026-08-20,Humira,6.45,02:40:25,2,8,0.0
2026-08-20,Humira,15.98,02:40:55,2,8,134.42
2026-08-20,Humira,7.14,02:41:25,2,8,0.0
2026-08-20,Humira,16.68,02:41:55,2,8,134.44
2026-08-20,Humira,5.46,02:42:25,2,8,0.0
2026-08-20,Humira,5.3,02:42:55,2,8,0.0
2026-08-20,Humira,9.08,02:43:25,2,8,134.47
2026-08-20,Humira,11.35,02:43:55,2,8,134.49
2026-08-20,Humira,9.37,02:44:25,2,8,134.5
2026-08-20,Humira,14.77,02:44:55,2,8,134.51
2026-08-20,Humira,10.26,02:45:25,2,8,134.52
2026-08-20,Humira,17.15,02:45:55,2,8,134.53
2026-08-20,Humira,13.7,02:46:25,2,8,134.54
2026-08-20,Humira,11.3,02:46:55,2,8,134.55
2026-08-20,Humira,11.78,02:47:25,2,8,134.56
2026-08-20,Humira,2.68,02:47:55,2,8,0.0
2026-08-20,Humira,16.71,02:48:25,2,8,134.58
2026-08-20,Humira,12.15,02:48:55,2,8,134.59
2026-08-20,Humira,14.7,02:49:25,2,8,134.6
2026-08-20,Humira,17.91,02:49:55,2,8,134.62
2026-08-20,Humira,14.85,02:50:25,2,8,134.63
2026-08-20,Humira,9.72,02:50:55,2,8,134.64
2026-08-20,Humira,12.5,02:51:25,2,8,134.65
2026-08-20,Humira,16.58,02:51:55,2,8,134.66
2026-08-20,Humira,12.63,02:52:25,2,8,134.67
2026-08-20,Humira,15.21,02:52:55,2,8,134.68
2026-08-20,Humira,17.9,02:53:25,2,8,134.69
2026-08-20,Humira,3.13,02:53:55,2,8,0.0
2026-08-20,Humira,16.44,02:54:25,2,8,134.71
2026-08-20,Humira,11.04,02:54:55,2,8,134.72
2026-08-20,Humira,14.18,02:55:25,2,8,134.73
2026-08-20,Humira,5.65,02:55:55,2,8,0.0
2026-08-20,Humira,5.63,02:56:25,2,8,0.0
2026-08-20,Humira,11.38,02:56:55,2,8,134.77
2026-08-20,Humira,17.85,02:57:25,2,8,134.78
2026-08-20,Humira,4.62,02:57:55,2,8,0.0
2026-08-20,Humira,16.14,02:58:25,2,8,134.8
2026-08-20,Humira,14.29,02:58:55,2,8,134.81
2026-08-20,Humira,4.29,02:59:25,2,8,0.0
2026-08-20,Humira,6.79,02:59:55,2,8,0.0
2026-08-20,Humira,5.46,03:00:25,2,8,0.0
2026-08-20,Humira,16.38,03:00:55,2,8,134.85
2026-08-20,Humira,14.26,03:01:25,2,8,134.86
2026-08-20,Humira,2.96,03:01:55,2,8,0.0
2026-08-20,Humira,17.61,03:02:25,2,8,134.89
2026-08-20,Humira,14.64,03:02:55,2,8,134.9
2026-08-20,Humira,2.91,03:03:25,2,8,0.0
2026-08-20,Humira,10.96,03:03:55,2,8,134.92
2026-08-20,Humira,14.17,03:04:25,2,8,134.93
2026-08-20,Humira,10.99,03:04:55,2,8,134.94
2026-08-20,Humira,5.37,03:05:25,2,8,0.0
2026-08-20,Humira,15.08,03:05:55,2,8,134.96
2026-08-20,Humira,17.58,03:06:25,2,8,134.97
2026-08-20,Humira,11.62,03:06:55,2,8,134.98
2026-08-20,Humira,15.81,03:07:25,2,8,134.99
2026-08-20,Humira,14.77,03:07:55,2,8,135.0
2026-08-20,Humira,15.56,03:08:25,2,8,135.02
2026-08-20,Humira,11.02,03:08:55,2,8,135.03
2026-08-20,Humira,15.31,03:09:25,2,8,135.04
2026-08-20,Humira,4.51,03:09:55,2,8,0.0
2026-08-20,Humira,2.07,03:10:25,2,8,0.0
2026-08-20,Humira,10.23,03:10:55,2,8,135.07
2026-08-20,Humira,15.68,03:11:25,2,8,135.08
2026-08-20,Humira,12.2,03:11:55,2,8,135.09
2026-08-20,Humira,12.72,03:12:25,2,8,135.1
2026-08-20,Humira,3.14,03:12:55,2,8,0.0
2026-08-20,Humira,16.06,03:13:25,2,8,135.12
2026-08-20,Humira,16.45,03:13:55,2,8,135.14
2026-08-20,Humira,17.58,03:14:25,2,8,135.15
2026-08-20,Humira,15.24,03:14:55,2,8,135.16
2026-08-20,Humira,2.25,03:15:25,2,8,0.0
2026-08-20,Humira,3.46,03:15:55,2,8,0.0
2026-08-20,Humira,15.48,03:16:25,2,8,135.19
2026-08-20,Humira,12.45,03:16:55,2,8,135.2
2026-08-20,Humira,4.78,03:17:25,2,8,0.0
2026-08-20,Humira,5.65,03:17:55,2,8,0.0
2026-08-20,Humira,10.89,03:18:25,2,8,135.23
2026-08-20,Humira,2.04,03:18:55,2,8,0.0
2026-08-20,Humira,17.81,03:19:25,2,8,135.25
2026-08-20,Humira,14.49,03:19:55,2,8,135.27
2026-08-20,Humira,6.0,03:20:25,2,8,0.0
2026-08-20,Humira,17.75,03:20:55,2,8,135.29
2026-08-20,Humira,4.54,03:21:25,2,8,0.0
2026-08-20,Humira,17.45,03:21:55,2,8,135.31
2026-08-20,Humira,15.41,03:22:25,2,8,135.32
2026-08-20,Humira,5.62,03:22:55,2,8,0.0
2026-08-20,Humira,13.19,03:23:25,2,8,135.34
2026-08-20,Humira,12.58,03:23:55,2,8,135.35
2026-08-20,Humira,13.42,03:24:25,2,8,135.36
2026-08-20,Humira,15.87,03:24:55,2,8,135.37
2026-08-20,Humira,15.33,03:25:25,2,8,135.38
2026-08-20,Humira,13.57,03:25:55,2,8,135.4
2026-08-20,Humira,17.42,03:26:25,2,8,135.41
2026-08-20,Humira,15.99,03:26:55,2,8,135.42
2026-08-20,Humira,11.39,03:27:25,2,8,135.43
2026-08-20,Humira,9.42,03:27:55,2,8,135.44
2026-08-20,Humira,13.95,03:28:25,2,8,135.45
2026-08-20,Humira,12.03,03:28:55,2,8,135.46
2026-08-20,Humira,11.14,03:29:25,2,8,135.47
2026-08-20,Humira,7.12,03:29:55,2,8,0.0
2026-08-20,Humira,15.43,03:30:25,2,8,135.49
2026-08-20,Humira,14.62,03:30:55,2,8,135.5
2026-08-20,Humira,14.81,03:31:25,2,8,135.51
2026-08-20,Humira,11.37,03:31:55,2,8,135.53
2026-08-20,Humira,14.99,03:32:25,2,8,135.54
2026-08-20,Humira,11.3,03:32:55,2,8,135.55
2026-08-20,Humira,11.62,03:33:25,2,8,135.56
2026-08-20,Humira,14.03,03:33:55,2,8,135.57
2026-08-20,Humira,16.9,03:34:25,2,8,135.58
2026-08-20,Humira,11.24,03:34:55,2,8,135.59
2026-08-20,Humira,5.19,03:35:25,2,8,0.0
2026-08-20,Humira,10.17,03:35:55,2,8,135.61
2026-08-20,Humira,11.96,03:36:25,2,8,135.62
2026-08-20,Humira,16.16,03:36:55,2,8,135.63
2026-08-20,Humira,5.74,03:37:25,2,8,0.0
2026-08-20,Humira,16.74,03:37:55,2,8,135.66
2026-08-20,Humira,15.24,03:38:25,2,8,135.67
2026-08-20,Humira,13.26,03:38:55,2,8,135.68
2026-08-20,Humira,15.71,03:39:25,2,8,135.69
2026-08-20,Humira,15.56,03:39:55,2,8,135.7
2026-08-20,Humira,9.4,03:40:25,2,8,135.71
2026-08-20,Humira,15.68,03:40:55,2,8,135.72
2026-08-20,Humira,15.79,03:41:25,2,8,135.73
2026-08-20,Humira,9.82,03:41:55,2,8,135.74
2026-08-20,Humira,14.43,03:42:25,2,8,135.75
2026-08-20,Humira,4.98,03:42:55,2,8,0.0
2026-08-20,Humira,10.0,03:43:25,2,8,135.77
2026-08-20,Humira,13.01,03:43:55,2,8,135.78
2026-08-20,Humira,13.43,03:44:25,2,8,135.8
2026-08-20,Humira,14.42,03:44:55,2,8,135.81
2026-08-20,Humira,17.07,03:45:25,2,8,135.82
2026-08-20,Humira,9.95,03:45:55,2,8,135.83
2026-08-20,Humira,6.92,03:46:25,2,8,0.0
2026-08-20,Humira,12.29,03:46:55,2,8,135.85
2026-08-20,Humira,10.51,03:47:25,2,8,135.86
2026-08-20,Humira,10.98,03:47:55,2,8,135.87
2026-08-20,Humira,5.82,03:48:25,2,8,0.0
2026-08-20,Humira,14.95,03:48:55,2,8,135.89
2026-08-20,Humira,3.54,03:49:25,2,8,0.0
2026-08-20,Humira,14.06,03:49:55,2,8,135.91
2026-08-20,Humira,16.63,03:50:25,2,8,135.93
2026-08-20,Humira,13.3,03:50:55,2,8,135.94
2026-08-20,Humira,3.26,03:51:25,2,8,0.0
2026-08-20,Humira,11.36,03:51:55,2,8,135.96
2026-08-20,Humira,4.79,03:52:25,2,8,0.0
2026-08-20,Humira,12.87,03:52:55,2,8,135.98
2026-08-20,Humira,12.3,03:53:25,2,8,135.99
2026-08-20,Humira,10.91,03:53:55,2,8,136.0
2026-08-20,Humira,13.19,03:54:25,2,8,136.01
2026-08-20,Humira,16.34,03:54:55,2,8,136.02
2026-08-20,Humira,7.46,03:55:25,2,8,0.0
2026-08-20,Humira,6.7,03:55:55,2,8,0.0
2026-08-20,Humira,10.12,03:56:25,2,8,136.06
2026-08-20,Humira,10.81,03:56:55,2,8,136.07
2026-08-20,Humira,4.27,03:57:25,2,8,0.0
2026-08-20,Humira,6.81,03:57:55,2,8,0.0
2026-08-20,Humira,17.98,03:58:25,2,8,136.1
2026-08-20,Humira,11.4,03:58:55,2,8,136.11
2026-08-20,Humira,11.52,03:59:25,2,8,136.12
2026-08-20,Humira,10.37,03:59:55,2,8,136.13
2026-08-20,Humira,16.61,04:00:25,2,8,136.14
2026-08-20,Humira,11.13,04:00:55,2,8,136.15
2026-08-20,Humira,12.62,04:01:25,2,8,136.16
2026-08-20,Humira,9.22,04:01:55,2,8,136.18
2026-08-20,Humira,16.04,04:02:25,2,8,136.19
2026-08-20,Humira,14.32,04:02:55,2,8,136.2
2026-08-20,Humira,7.3,04:03:25,2,8,0.0
2026-08-20,Humira,15.27,04:03:55,2,8,136.22
2026-08-20,Humira,14.89,04:04:25,2,8,136.23
2026-08-20,Humira,14.37,04:04:55,2,8,136.24
2026-08-20,Humira,9.36,04:05:25,2,8,136.25
2026-08-20,Humira,9.13,04:05:55,2,8,136.26
2026-08-20,Humira,14.53,04:06:25,2,8,136.27
2026-08-20,Humira,11.1,04:06:55,2,8,136.28
2026-08-20,Humira,9.25,04:07:25,2,8,136.29
2026-08-20,Humira,16.77,04:07:55,2,8,136.31
2026-08-20,Humira,16.39,04:08:25,2,8,136.32
2026-08-20,Humira,4.71,04:08:55,2,8,0.0
2026-08-20,Humira,16.15,04:09:25,2,8,136.34
2026-08-20,Humira,5.83,04:09:55,2,8,0.0
2026-08-20,Humira,16.62,04:10:25,2,8,136.36
2026-08-20,Humira,3.41,04:10:55,2,8,0.0
2026-08-20,Humira,15.71,04:11:25,2,8,136.38
2026-08-20,Humira,7.49,04:11:55,2,8,0.0
2026-08-20,Humira,17.6,04:12:25,2,8,136.4
2026-08-20,Humira,9.47,04:12:55,2,8,136.41
2026-08-20,Humira,10.45,04:13:25,2,8,136.42
2026-08-20,Humira,11.39,04:13:55,2,8,136.44
2026-08-20,Humira,2.13,04:14:25,2,8,0.0
2026-08-20,Humira,10.99,04:14:55,2,8,136.46
2026-08-20,Humira,15.47,04:15:25,2,8,136.47
2026-08-20,Humira,13.17,04:15:55,2,8,136.48
2026-08-20,Humira,13.33,04:16:25,2,8,136.49
2026-08-20,Humira,11.3,04:16:55,2,8,136.5
2026-08-20,Humira,10.43,04:17:25,2,8,136.51
2026-08-20,Humira,11.41,04:17:55,2,8,136.52
2026-08-20,Humira,12.57,04:18:25,2,8,136.53
2026-08-20,Humira,17.55,04:18:55,2,8,136.54
2026-08-20,Humira,17.72,04:19:25,2,8,136.55
2026-08-20,Humira,7.22,04:19:55,2,8,0.0
2026-08-20,Humira,10.93,04:20:25,2,8,136.58
2026-08-20,Humira,2.8,04:20:55,2,8,0.0
2026-08-20,Humira,12.72,04:21:25,2,8,136.6
2026-08-20,Humira,3.16,04:21:55,2,8,0.0
2026-08-20,Humira,10.78,04:22:25,2,8,136.62
2026-08-20,Humira,12.91,04:22:55,2,8,136.63
2026-08-20,Humira,16.26,04:23:25,2,8,136.64
2026-08-20,Humira,7.52,04:23:55,2,8,0.0
2026-08-20,Humira,15.53,04:24:25,2,8,136.66
2026-08-20,Humira,16.43,04:24:55,2,8,136.67
2026-08-20,Humira,10.34,04:25:25,2,8,136.68
2026-08-20,Humira,14.55,04:25:55,2,8,136.7
2026-08-20,Humira,11.9,04:26:25,2,8,136.71
2026-08-20,Humira,3.92,04:26:55,2,8,0.0
2026-08-20,Humira,7.52,04:27:25,2,8,0.0
2026-08-20,Humira,13.05,04:27:55,2,8,136.74
2026-08-20,Humira,6.48,04:28:25,2,8,0.0
2026-08-20,Humira,16.02,04:28:55,2,8,136.76
2026-08-20,Humira,7.32,04:29:25,2,8,0.0
2026-08-20,Humira,4.56,04:29:55,2,8,0.0
2026-08-20,Humira,9.58,04:30:25,2,8,136.79
2026-08-20,Humira,17.11,04:30:55,2,8,136.8
2026-08-20,Humira,11.99,04:31:25,2,8,136.81
2026-08-20,Humira,4.15,04:31:55,2,8,0.0
2026-08-20,Humira,17.3,04:32:25,2,8,136.84
2026-08-20,Humira,14.27,04:32:55,2,8,136.85
2026-08-20,Humira,10.25,04:33:25,2,8,136.86
2026-08-20,Humira,14.58,04:33:55,2,8,136.87
2026-08-20,Humira,7.29,04:34:25,2,8,0.0
2026-08-20,Humira,13.06,04:34:55,2,8,136.89
2026-08-20,Humira,10.7,04:35:25,2,8,136.9
2026-08-20,Humira,17.43,04:35:55,2,8,136.91
2026-08-20,Humira,6.89,04:36:25,2,8,0.0
2026-08-20,Humira,3.35,04:36:55,2,8,0.0
2026-08-20,Humira,9.32,04:37:25,2,8,136.94
2026-08-20,Humira,10.93,04:37:55,2,8,136.95
2026-08-20,Humira,2.39,04:38:25,2,8,0.0
2026-08-20,Humira,9.4,04:38:55,2,8,136.98
2026-08-20,Humira,14.78,04:39:25,2,8,136.99
2026-08-20,Humira,11.95,04:39:55,2,8,137.0
2026-08-20,Humira,9.14,04:40:25,2,8,137.01
2026-08-20,Humira,6.39,04:40:55,2,8,0.0
2026-08-20,Humira,11.3,04:41:25,2,8,137.03
2026-08-20,Humira,11.05,04:41:55,2,8,137.04
2026-08-20,Humira,14.52,04:42:25,2,8,137.05
2026-08-20,Humira,16.76,04:42:55,2,8,137.06
2026-08-20,Humira,15.22,04:43:25,2,8,137.07
2026-08-20,Humira,4.81,04:43:55,2,8,0.0
2026-08-20,Humira,11.05,04:44:25,2,8,137.1
2026-08-20,Humira,2.8,04:44:55,2,8,0.0
2026-08-20,Humira,16.23,04:45:25,2,8,137.12
2026-08-20,Humira,13.82,04:45:55,2,8,137.13
2026-08-20,Humira,10.8,04:46:25,2,8,137.14
2026-08-20,Humira,2.21,04:46:55,2,8,0.0
2026-08-20,Humira,17.78,04:47:25,2,8,137.16
2026-08-20,Humira,14.32,04:47:55,2,8,137.17
2026-08-20,Humira,10.94,04:48:25,2,8,137.18
2026-08-20,Humira,3.57,04:48:55,2,8,0.0
2026-08-20,Humira,9.34,04:49:25,2,8,137.2
2026-08-20,Humira,5.29,04:49:55,2,8,0.0
2026-08-20,Humira,12.13,04:50:25,2,8,137.23
2026-08-20,Humira,14.08,04:50:55,2,8,137.24
2026-08-20,Humira,15.57,04:51:25,2,8,137.25
2026-08-20,Humira,16.4,04:51:55,2,8,137.26
2026-08-20,Humira,11.82,04:52:25,2,8,137.27
2026-08-20,Humira,13.36,04:52:55,2,8,137.28
2026-08-20,Humira,14.43,04:53:25,2,8,137.29
2026-08-20,Humira,11.75,04:53:55,2,8,137.3
2026-08-20,Humira,16.27,04:54:25,2,8,137.31
2026-08-20,Humira,13.18,04:54:55,2,8,137.32
2026-08-20,Humira,9.64,04:55:25,2,8,137.33
2026-08-20,Humira,6.53,04:55:55,2,8,0.0
2026-08-20,Humira,17.42,04:56:25,2,8,137.36
2026-08-20,Humira,12.91,04:56:55,2,8,137.37
2026-08-20,Humira,5.02,04:57:25,2,8,0.0
2026-08-20,Humira,13.38,04:57:55,2,8,137.39
2026-08-20,Humira,2.03,04:58:25,2,8,0.0
2026-08-20,Humira,14.68,04:58:55,2,8,137.41
2026-08-20,Humira,15.24,04:59:25,2,8,137.42
2026-08-20,Humira,10.45,04:59:55,2,8,137.43
2026-08-20,Humira,10.22,05:00:25,2,8,137.44
2026-08-20,Humira,11.18,05:00:55,2,8,137.45
2026-08-20,Humira,11.86,05:01:25,2,8,137.46
2026-08-20,Humira,5.8,05:01:55,2,8,0.0
2026-08-20,Humira,11.39,05:02:25,2,8,137.49
2026-08-20,Humira,11.78,05:02:55,2,8,137.5
2026-08-20,Humira,12.87,05:03:25,2,8,137.51
2026-08-20,Humira,10.68,05:03:55,2,8,137.52
2026-08-20,Humira,9.75,05:04:25,2,8,137.53
2026-08-20,Humira,14.04,05:04:55,2,8,137.54
2026-08-20,Humira,10.42,05:05:25,2,8,137.55
2026-08-20,Humira,15.54,05:05:55,2,8,137.56
2026-08-20,Humira,16.0,05:06:25,2,8,137.57
2026-08-20,Humira,13.09,05:06:55,2,8,137.58
2026-08-20,Humira,12.74,05:07:25,2,8,137.59
2026-08-20,Humira,7.52,05:07:55,2,8,0.0
2026-08-20,Humira,4.35,05:08:25,2,8,0.0
2026-08-20,Humira,15.33,05:08:55,2,8,137.63
2026-08-20,Humira,16.59,05:09:25,2,8,137.64
2026-08-20,Humira,16.65,05:09:55,2,8,137.65
2026-08-20,Humira,4.27,05:10:25,2,8,0.0
2026-08-20,Humira,17.5,05:10:55,2,8,137.67
2026-08-20,Humira,14.13,05:11:25,2,8,137.68
2026-08-20,Humira,15.52,05:11:55,2,8,137.69
2026-08-20,Humira,7.61,05:12:25,2,8,0.0
2026-08-20,Humira,10.32,05:12:55,2,8,137.71
2026-08-20,Humira,4.95,05:13:25,2,8,0.0
2026-08-20,Humira,12.36,05:13:55,2,8,137.74
2026-08-20,Humira,16.63,05:14:25,2,8,137.75
2026-08-20,Humira,5.04,05:14:55,2,8,0.0
2026-08-20,Humira,14.68,05:15:25,2,8,137.77
2026-08-20,Humira,15.1,05:15:55,2,8,137.78
2026-08-20,Humira,16.46,05:16:25,2,8,137.79
2026-08-20,Humira,16.08,05:16:55,2,8,137.8
2026-08-20,Humira,10.13,05:17:25,2,8,137.81
2026-08-20,Humira,16.22,05:17:55,2,8,137.82
2026-08-20,Humira,17.82,05:18:25,2,8,137.83
2026-08-20,Humira,12.75,05:18:55,2,8,137.84
2026-08-20,Humira,5.8,05:19:25,2,8,0.0
2026-08-20,Humira,17.86,05:19:55,2,8,137.87
2026-08-20,Humira,10.4,05:20:25,2,8,137.88
2026-08-20,Humira,12.06,05:20:55,2,8,137.89
2026-08-20,Humira,9.4,05:21:25,2,8,137.9
2026-08-20,Humira,9.27,05:21:55,2,8,137.91
2026-08-20,Humira,9.41,05:22:25,2,8,137.92
2026-08-20,Humira,9.75,05:22:55,2,8,137.93
2026-08-20,Humira,16.8,05:23:25,2,8,137.94
2026-08-20,Humira,10.82,05:23:55,2,8,137.95
2026-08-20,Humira,13.49,05:24:25,2,8,137.96
2026-08-20,Humira,9.31,05:24:55,2,8,137.97
2026-08-20,Humira,14.92,05:25:25,2,8,137.98
2026-08-20,Humira,7.35,05:25:55,2,8,0.0
2026-08-20,Humira,5.71,05:26:25,2,8,0.0
2026-08-20,Humira,10.26,05:26:55,2,8,138.02
2026-08-20,Humira,16.68,05:27:25,2,8,138.03
2026-08-20,Humira,13.98,05:27:55,2,8,138.04
2026-08-20,Humira,10.49,05:28:25,2,8,138.05
2026-08-20,Humira,13.71,05:28:55,2,8,138.06
2026-08-20,Humira,11.99,05:29:25,2,8,138.07
2026-08-20,Humira,10.2,05:29:55,2,8,138.08
2026-08-20,Humira,14.79,05:30:25,2,8,138.09
2026-08-20,Humira,16.65,05:30:55,2,8,138.1
2026-08-20,Humira,11.08,05:31:25,2,8,138.11
2026-08-20,Humira,10.69,05:31:55,2,8,138.12
2026-08-20,Humira,13.32,05:32:25,2,8,138.14
2026-08-20,Humira,13.28,05:32:55,2,8,138.15
2026-08-20,Humira,13.08,05:33:25,2,8,138.16
2026-08-20,Humira,12.64,05:33:55,2,8,138.17
2026-08-20,Humira,17.21,05:34:25,2,8,138.18
2026-08-20,Humira,9.36,05:34:55,2,8,138.19
2026-08-20,Humira,10.6,05:35:25,2,8,138.2
2026-08-20,Humira,9.95,05:35:55,2,8,138.21
2026-08-20,Humira,12.17,05:36:25,2,8,138.22
2026-08-20,Humira,17.61,05:36:55,2,8,138.23
2026-08-20,Humira,13.99,05:37:25,2,8,138.24
2026-08-20,Humira,9.69,05:37:55,2,8,138.25
2026-08-20,Humira,9.34,05:38:25,2,8,138.27
2026-08-20,Humira,17.7,05:38:55,2,8,138.28
2026-08-20,Humira,16.46,05:39:25,2,8,138.29
2026-08-20,Humira,14.37,05:39:55,2,8,138.3
2026-08-20,Humira,9.49,05:40:25,2,8,138.31
2026-08-20,Humira,17.99,05:40:55,2,8,138.32
2026-08-20,Humira,9.49,05:41:25,2,8,138.33
2026-08-20,Humira,11.07,05:41:55,2,8,138.34
2026-08-20,Humira,2.4,05:42:25,2,8,0.0
2026-08-20,Humira,7.72,05:42:55,2,8,0.0
2026-08-20,Humira,4.95,05:43:25,2,8,0.0
2026-08-20,Humira,9.52,05:43:55,2,8,138.39
2026-08-20,Humira,2.69,05:44:25,2,8,0.0
2026-08-20,Humira,5.12,05:44:55,2,8,0.0
2026-08-20,Humira,2.8,05:45:25,2,8,0.0
2026-08-20,Humira,15.12,05:45:55,2,8,138.43
2026-08-20,Humira,12.53,05:46:25,2,8,138.44
2026-08-20,Humira,14.79,05:46:55,2,8,138.45
2026-08-20,Humira,13.56,05:47:25,2,8,138.46
2026-08-20,Humira,11.44,05:47:55,2,8,138.47
2026-08-20,Humira,3.34,05:48:25,2,8,0.0
2026-08-20,Humira,3.55,05:48:55,2,8,0.0
2026-08-20,Humira,9.06,05:49:25,2,8,138.5
2026-08-20,Humira,6.61,05:49:55,2,8,0.0
2026-08-20,Humira,2.25,05:50:25,2,8,0.0
2026-08-20,Humira,4.69,05:50:55,2,8,0.0
2026-08-20,Humira,7.03,05:51:25,2,8,0.0
2026-08-20,Humira,11.74,05:51:55,2,8,138.56
2026-08-20,Humira,10.92,05:52:25,2,8,138.57
2026-08-20,Humira,15.56,05:52:55,2,8,138.58
2026-08-20,Humira,17.32,05:53:25,2,8,138.59
2026-08-20,Humira,13.7,05:53:55,2,8,138.6
2026-08-20,Humira,13.9,05:54:25,2,8,138.61
2026-08-20,Humira,15.49,05:54:55,2,8,138.62
2026-08-20,Humira,10.89,05:55:25,2,8,138.63
2026-08-20,Humira,17.18,05:55:55,2,8,138.65
2026-08-20,Humira,7.49,05:56:25,2,8,0.0
2026-08-20,Humira,15.85,05:56:55,2,8,138.67
2026-08-20,Humira,9.05,05:57:25,2,8,138.68
2026-08-20,Humira,12.19,05:57:55,2,8,138.69
2026-08-20,Humira,14.9,05:58:25,2,8,138.7
2026-08-20,Humira,12.54,05:58:55,2,8,138.71
2026-08-20,Humira,2.41,05:59:25,2,8,0.0
2026-08-20,Humira,12.03,05:59:55,2,8,138.73
2026-08-20,Humira,13.61,06:00:25,2,8,138.74
2026-08-20,Humira,4.32,06:00:55,2,8,0.0
2026-08-20,Humira,13.31,06:01:25,2,8,138.76
2026-08-20,Humira,11.97,06:01:55,2,8,138.78
2026-08-20,Humira,15.93,06:02:25,2,8,138.79
2026-08-20,Humira,17.58,06:02:55,2,8,138.8
2026-08-20,Humira,15.51,06:03:25,2,8,138.81
2026-08-20,Humira,5.25,06:03:55,2,8,0.0
2026-08-20,Humira,11.81,06:04:25,2,8,138.83
2026-08-20,Humira,4.68,06:04:55,2,8,0.0
2026-08-20,Humira,16.06,06:05:25,2,8,138.85
2026-08-20,Humira,16.75,06:05:55,2,8,138.86
2026-08-20,Humira,9.23,06:06:25,2,8,138.87
2026-08-20,Humira,17.06,06:06:55,2,8,138.88
2026-08-20,Humira,15.35,06:07:25,2,8,138.89
2026-08-20,Humira,14.74,06:07:55,2,8,138.91
2026-08-20,Humira,15.21,06:08:25,2,8,138.92
2026-08-20,Humira,6.27,06:08:55,2,8,0.0
2026-08-20,Humira,12.16,06:09:25,2,8,138.94
2026-08-20,Humira,9.67,06:09:55,2,8,138.95
2026-08-20,Humira,15.37,06:10:25,2,8,138.96
2026-08-20,Humira,11.08,06:10:55,2,8,138.97
2026-08-20,Humira,9.71,06:11:25,2,8,138.98
2026-08-20,Humira,11.47,06:11:55,2,8,138.99
2026-08-20,Humira,17.57,06:12:25,2,8,139.0
2026-08-20,Humira,11.4,06:12:55,2,8,139.01
2026-08-20,Humira,11.43,06:13:25,2,8,139.02
2026-08-20,Humira,10.99,06:13:55,2,8,139.03
2026-08-20,Humira,15.88,06:14:25,2,8,139.05
2026-08-20,Humira,16.89,06:14:55,2,8,139.06
2026-08-20,Humira,2.62,06:15:25,2,8,0.0
2026-08-20,Humira,16.92,06:15:55,2,8,139.08
2026-08-20,Humira,11.45,06:16:25,2,8,139.09
2026-08-20,Humira,10.37,06:16:55,2,8,139.1
2026-08-20,Humira,13.45,06:17:25,2,8,139.11
2026-08-20,Humira,16.11,06:17:55,2,8,139.12
2026-08-20,Humira,11.3,06:18:25,2,8,139.13
2026-08-20,Humira,6.51,06:18:55,2,8,0.0
2026-08-20,Humira,5.49,06:19:25,2,8,0.0
2026-08-20,Humira,14.34,06:19:55,2,8,139.16
2026-08-20,Humira,4.42,06:20:25,2,8,0.0
2026-08-20,Humira,17.54,06:20:55,2,8,139.19
2026-08-20,Humira,4.09,06:21:25,2,8,0.0
2026-08-20,Humira,10.55,06:21:55,2,8,139.21
2026-08-20,Humira,3.47,06:22:25,2,8,0.0
2026-08-20,Humira,11.4,06:22:55,2,8,139.23
2026-08-20,Humira,10.0,06:23:25,2,8,139.24
2026-08-20,Humira,14.7,06:23:55,2,8,139.25
2026-08-20,Humira,17.19,06:24:25,2,8,139.26
2026-08-20,Humira,16.53,06:24:55,2,8,139.27
2026-08-20,Humira,16.4,06:25:25,2,8,139.28
2026-08-20,Humira,17.15,06:25:55,2,8,139.3
2026-08-20,Humira,10.82,06:26:25,2,8,139.31
2026-08-20,Humira,15.71,06:26:55,2,8,139.32
2026-08-20,Humira,12.79,06:27:25,2,8,139.33
2026-08-20,Humira,9.04,06:27:55,2,8,139.34
2026-08-20,Humira,16.45,06:28:25,2,8,139.35
2026-08-20,Humira,15.92,06:28:55,2,8,139.36
2026-08-20,Humira,3.37,06:29:25,2,8,0.0
2026-08-20,Humira,17.1,06:29:55,2,8,139.38
2026-08-20,Humira,15.51,06:30:25,2,8,139.39
2026-08-20,Humira,6.42,06:30:55,2,8,0.0
2026-08-20,Humira,3.66,06:31:25,2,8,0.0
2026-08-20,Humira,12.64,06:31:55,2,8,139.43
2026-08-20,Humira,7.02,06:32:25,2,8,0.0
2026-08-20,Humira,14.59,06:32:55,2,8,139.45
2026-08-20,Humira,14.56,06:33:25,2,8,139.46
2026-08-20,Humira,2.73,06:33:55,2,8,0.0
2026-08-20,Humira,11.19,06:34:25,2,8,139.48
2026-08-20,Humira,17.0,06:34:55,2,8,139.49
2026-08-20,Humira,13.73,06:35:25,2,8,139.5
2026-08-20,Humira,4.84,06:35:55,2,8,0.0
2026-08-20,Humira,10.36,06:36:25,2,8,139.52
2026-08-20,Humira,10.47,06:36:55,2,8,139.53
2026-08-20,Humira,5.19,06:37:25,2,8,0.0
2026-08-20,Humira,7.24,06:37:55,2,8,0.0
2026-08-20,Humira,14.75,06:38:25,2,8,139.57
2026-08-20,Humira,5.44,06:38:55,2,8,0.0
2026-08-20,Humira,15.85,06:39:25,2,8,139.59
2026-08-20,Humira,13.0,06:39:55,2,8,139.6
2026-08-20,Humira,9.43,06:40:25,2,8,139.61
2026-08-20,Humira,9.56,06:40:55,2,8,139.62
2026-08-20,Humira,17.51,06:41:25,2,8,139.63
2026-08-20,Humira,12.36,06:41:55,2,8,139.64
2026-08-20,Humira,12.57,06:42:25,2,8,139.65
2026-08-20,Humira,17.76,06:42:55,2,8,139.66
2026-08-20,Humira,13.99,06:43:25,2,8,139.67
2026-08-20,Humira,10.02,06:43:55,2,8,139.69
2026-08-20,Humira,11.01,06:44:25,2,8,139.7
2026-08-20,Humira,3.36,06:44:55,2,8,0.0
2026-08-20,Humira,9.3,06:45:25,2,8,139.72
2026-08-20,Humira,9.35,06:45:55,2,8,139.73
2026-08-20,Humira,5.72,06:46:25,2,8,0.0
2026-08-20,Humira,10.28,06:46:55,2,8,139.75
2026-08-20,Humira,12.53,06:47:25,2,8,139.76
2026-08-20,Humira,3.69,06:47:55,2,8,0.0
2026-08-20,Humira,13.64,06:48:25,2,8,139.78
2026-08-20,Humira,2.88,06:48:55,2,8,0.0
2026-08-20,Humira,16.49,06:49:25,2,8,139.8
2026-08-20,Humira,11.44,06:49:55,2,8,139.81
2026-08-20,Humira,10.93,06:50:25,2,8,139.83
2026-08-20,Humira,15.7,06:50:55,2,8,139.84
2026-08-20,Humira,4.5,06:51:25,2,8,0.0
2026-08-20,Humira,17.01,06:51:55,2,8,139.86
2026-08-20,Humira,11.77,06:52:25,2,8,139.87
2026-08-20,Humira,9.52,06:52:55,2,8,139.88
2026-08-20,Humira,17.21,06:53:25,2,8,139.89
2026-08-20,Humira,11.85,06:53:55,2,8,139.9
2026-08-20,Humira,13.73,06:54:25,2,8,139.91
2026-08-20,Humira,13.85,06:54:55,2,8,139.92
2026-08-20,Humira,7.8,06:55:25,2,8,0.0
2026-08-20,Humira,13.4,06:55:55,2,8,139.95
2026-08-20,Humira,6.19,06:56:25,2,8,0.0
2026-08-20,Humira,9.53,06:56:55,2,8,139.97
2026-08-20,Humira,5.59,06:57:25,2,8,0.0
2026-08-20,Humira,11.2,06:57:55,2,8,139.99
2026-08-20,Humira,14.99,06:58:25,2,8,140.0
2026-08-20,Humira,6.71,06:58:55,2,8,0.0
2026-08-20,Humira,17.47,06:59:25,2,8,140.02
2026-08-20,Humira,14.53,06:59:55,2,8,140.03
2026-08-20,Humira,2.64,07:00:25,2,8,0.0
2026-08-20,Humira,15.09,07:00:55,2,8,140.05
2026-08-20,Humira,6.64,07:01:25,2,8,0.0
2026-08-20,Humira,16.71,07:01:55,2,8,140.08
2026-08-20,Humira,15.5,07:02:25,2,8,140.09
2026-08-20,Humira,9.63,07:02:55,2,8,140.1
2026-08-20,Humira,9.38,07:03:25,2,8,140.11
2026-08-20,Humira,16.13,07:03:55,2,8,140.12
2026-08-20,Humira,17.2,07:04:25,2,8,140.13
2026-08-20,Humira,14.26,07:04:55,2,8,140.14
2026-08-20,Humira,17.05,07:05:25,2,8,140.15
2026-08-20,Humira,9.32,07:05:55,2,8,140.16
2026-08-20,Humira,10.07,07:06:25,2,8,140.17
2026-08-20,Humira,7.39,07:06:55,2,8,0.0
2026-08-20,Humira,12.08,07:07:25,2,8,140.19
2026-08-20,Humira,11.04,07:07:55,2,8,140.2
2026-08-20,Humira,4.72,07:08:25,2,8,0.0
2026-08-20,Humira,10.02,07:08:55,2,8,140.23
2026-08-20,Humira,17.7,07:09:25,2,8,140.24
2026-08-20,Humira,11.58,07:09:55,2,8,140.25
2026-08-20,Humira,5.75,07:10:25,2,8,0.0
2026-08-20,Humira,3.3,07:10:55,2,8,0.0
2026-08-20,Humira,13.63,07:11:25,2,8,140.28
2026-08-20,Humira,15.76,07:11:55,2,8,140.29
2026-08-20,Humira,3.43,07:12:25,2,8,0.0
2026-08-20,Humira,16.33,07:12:55,2,8,140.31
2026-08-20,Humira,4.78,07:13:25,2,8,0.0
2026-08-20,Humira,10.24,07:13:55,2,8,140.34
2026-08-20,Humira,13.78,07:14:25,2,8,140.35
2026-08-20,Humira,16.98,07:14:55,2,8,140.36
2026-08-20,Humira,16.7,07:15:25,2,8,140.37
2026-08-20,Humira,16.66,07:15:55,2,8,140.38
2026-08-20,Humira,17.5,07:16:25,2,8,140.39
2026-08-20,Humira,13.23,07:16:55,2,8,140.4
2026-08-20,Humira,11.67,07:17:25,2,8,140.41
2026-08-20,Humira,9.56,07:17:55,2,8,140.42
2026-08-20,Humira,10.41,07:18:25,2,8,140.43
2026-08-20,Humira,17.92,07:18:55,2,8,140.44
2026-08-20,Humira,10.06,07:19:25,2,8,140.45
2026-08-20,Humira,13.4,07:19:55,2,8,140.47
2026-08-20,Humira,6.54,07:20:25,2,8,0.0
2026-08-20,Humira,14.06,07:20:55,2,8,140.49
2026-08-20,Humira,12.7,07:21:25,2,8,140.5
2026-08-20,Humira,13.32,07:21:55,2,8,140.51
2026-08-20,Humira,2.94,07:22:25,2,8,0.0
2026-08-20,Humira,15.69,07:22:55,2,8,140.53
2026-08-20,Humira,16.53,07:23:25,2,8,140.54
2026-08-20,Humira,15.14,07:23:55,2,8,140.55
2026-08-20,Humira,5.39,07:24:25,2,8,0.0
2026-08-20,Humira,7.78,07:24:55,2,8,0.0
2026-08-20,Humira,11.33,07:25:25,2,8,140.58
2026-08-20,Humira,3.74,07:25:55,2,8,0.0
2026-08-20,Humira,10.07,07:26:25,2,8,140.61
2026-08-20,Humira,7.9,07:26:55,2,8,0.0
2026-08-20,Humira,13.69,07:27:25,2,8,140.63
2026-08-20,Humira,9.0,07:27:55,2,8,140.64
2026-08-20,Humira,15.01,07:28:25,2,8,140.65
2026-08-20,Humira,10.4,07:28:55,2,8,140.66
2026-08-20,Humira,13.44,07:29:25,2,8,140.67
2026-08-20,Humira,15.4,07:29:55,2,8,140.68
2026-08-20,Humira,9.8,07:30:25,2,8,140.69
2026-08-20,Humira,14.26,07:30:55,2,8,140.7
2026-08-20,Humira,11.0,07:31:25,2,8,140.71
2026-08-20,Humira,10.24,07:31:55,2,8,140.72
2026-08-20,Humira,9.13,07:32:25,2,8,140.74
2026-08-20,Humira,10.43,07:32:55,2,8,140.75
2026-08-20,Humira,16.21,07:33:25,2,8,140.76
2026-08-20,Humira,9.33,07:33:55,2,8,140.77
2026-08-20,Humira,4.43,07:34:25,2,8,0.0
2026-08-20,Humira,16.48,07:34:55,2,8,140.79
2026-08-20,Humira,16.26,07:35:25,2,8,140.8
2026-08-20,Humira,13.71,07:35:55,2,8,140.81
2026-08-20,Humira,10.56,07:36:25,2,8,140.82
2026-08-20,Humira,7.39,07:36:55,2,8,0.0
2026-08-20,Humira,15.33,07:37:25,2,8,140.84
2026-08-20,Humira,15.5,07:37:55,2,8,140.85
2026-08-20,Humira,17.66,07:38:25,2,8,140.87
2026-08-20,Humira,17.91,07:38:55,2,8,140.88
2026-08-20,Humira,14.32,07:39:25,2,8,140.89
2026-08-20,Humira,9.17,07:39:55,2,8,140.9
2026-08-20,Humira,17.61,07:40:25,2,8,140.91
2026-08-20,Humira,16.34,07:40:55,2,8,140.92
2026-08-20,Humira,4.08,07:41:25,2,8,0.0
2026-08-20,Humira,10.36,07:41:55,2,8,140.94
2026-08-20,Humira,12.77,07:42:25,2,8,140.95
2026-08-20,Humira,13.44,07:42:55,2,8,140.96
2026-08-20,Humira,15.4,07:43:25,2,8,140.97
2026-08-20,Humira,7.04,07:43:55,2,8,0.0
2026-08-20,Humira,2.42,07:44:25,2,8,0.0
2026-08-20,Humira,16.77,07:44:55,2,8,141.01
2026-08-20,Humira,13.38,07:45:25,2,8,141.02
2026-08-20,Humira,17.42,07:45:55,2,8,141.03
2026-08-20,Humira,13.25,07:46:25,2,8,141.04
2026-08-20,Humira,17.09,07:46:55,2,8,141.05
2026-08-20,Humira,9.42,07:47:25,2,8,141.06
2026-08-20,Humira,4.1,07:47:55,2,8,0.0
2026-08-20,Humira,13.86,07:48:25,2,8,141.08
2026-08-20,Humira,10.85,07:48:55,2,8,141.09
2026-08-20,Humira,2.59,07:49:25,2,8,0.0
2026-08-20,Humira,3.53,07:49:55,2,8,0.0
2026-08-20,Humira,10.37,07:50:25,2,8,141.13
2026-08-20,Humira,4.06,07:50:55,2,8,0.0
2026-08-20,Humira,14.13,07:51:25,2,8,141.15
2026-08-20,Humira,5.57,07:51:55,2,8,0.0
2026-08-20,Humira,4.2,07:52:25,2,8,0.0
2026-08-20,Humira,9.03,07:52:55,2,8,141.18
2026-08-20,Humira,5.43,07:53:25,2,8,0.0
2026-08-20,Humira,14.72,07:53:55,2,8,141.2
2026-08-20,Humira,11.39,07:54:25,2,8,141.21
2026-08-20,Humira,6.28,07:54:55,2,8,0.0
2026-08-20,Humira,14.88,07:55:25,2,8,141.23
2026-08-20,Humira,2.26,07:55:55,2,8,0.0
2026-08-20,Humira,10.1,07:56:25,2,8,141.26
2026-08-20,Humira,16.67,07:56:55,2,8,141.27
2026-08-20,Humira,11.61,07:57:25,2,8,141.28
2026-08-20,Humira,5.02,07:57:55,2,8,0.0
2026-08-20,Humira,3.86,07:58:25,2,8,0.0
2026-08-20,Humira,5.84,07:58:55,2,8,0.0
2026-08-20,Humira,4.83,07:59:25,2,8,0.0
2026-08-20,Humira,12.43,07:59:55,2,8,141.33
2026-08-20,Humira,14.32,08:00:25,2,8,141.34
2026-08-20,Humira,9.74,08:00:55,2,8,141.35
2026-08-20,Humira,5.36,08:01:25,2,8,0.0
2026-08-20,Humira,10.45,08:01:55,2,8,141.38
2026-08-20,Humira,2.49,08:02:25,2,8,0.0
2026-08-20,Humira,12.7,08:02:55,2,8,141.4
2026-08-20,Humira,10.0,08:03:25,2,8,141.41
2026-08-20,Humira,16.94,08:03:55,2,8,141.42
2026-08-20,Humira,12.84,08:04:25,2,8,141.43
2026-08-20,Humira,13.01,08:04:55,2,8,141.44
2026-08-20,Humira,13.7,08:05:25,2,8,141.45
2026-08-20,Humira,2.55,08:05:55,2,8,0.0
2026-08-20,Humira,12.17,08:06:25,2,8,141.47
2026-08-20,Humira,10.67,08:06:55,2,8,141.48
2026-08-20,Humira,16.41,08:07:25,2,8,141.49
2026-08-20,Humira,4.99,08:07:55,2,8,0.0
2026-08-20,Humira,11.81,08:08:25,2,8,141.52
2026-08-20,Humira,11.12,08:08:55,2,8,141.53
2026-08-20,Humira,17.91,08:09:25,2,8,141.54
2026-08-20,Humira,12.33,08:09:55,2,8,141.55
2026-08-20,Humira,16.88,08:10:25,2,8,141.56
2026-08-20,Humira,12.52,08:10:55,2,8,141.57
2026-08-20,Humira,12.53,08:11:25,2,8,141.58
2026-08-20,Humira,14.58,08:11:55,2,8,141.59
2026-08-20,Humira,12.93,08:12:25,2,8,141.6
2026-08-20,Humira,10.59,08:12:55,2,8,141.61
2026-08-20,Humira,12.81,08:13:25,2,8,141.62
2026-08-20,Humira,14.65,08:13:55,2,8,141.64
2026-08-20,Humira,4.04,08:14:25,2,8,0.0
2026-08-20,Humira,3.61,08:14:55,2,8,0.0
2026-08-20,Humira,10.78,08:15:25,2,8,141.67
2026-08-20,Humira,12.21,08:15:55,2,8,141.68
2026-08-20,Humira,14.31,08:16:25,2,8,141.69
2026-08-20,Humira,5.53,08:16:55,2,8,0.0
2026-08-20,Humira,12.1,08:17:25,2,8,141.71
2026-08-20,Humira,16.94,08:17:55,2,8,141.72
2026-08-20,Humira,2.26,08:18:25,2,8,0.0
2026-08-20,Humira,17.87,08:18:55,2,8,141.74
2026-08-20,Humira,12.72,08:19:25,2,8,141.75
2026-08-20,Humira,16.39,08:19:55,2,8,141.77
2026-08-20,Humira,15.3,08:20:25,2,8,141.78
2026-08-20,Humira,10.16,08:20:55,2,8,141.79
2026-08-20,Humira,2.49,08:21:25,2,8,0.0
2026-08-20,Humira,10.56,08:21:55,2,8,141.81
2026-08-20,Humira,12.31,08:22:25,2,8,141.82
2026-08-20,Humira,9.14,08:22:55,2,8,141.83
2026-08-20,Humira,10.75,08:23:25,2,8,141.84
2026-08-20,Humira,14.06,08:23:55,2,8,141.85
2026-08-20,Humira,13.28,08:24:25,2,8,141.86
2026-08-20,Humira,15.91,08:24:55,2,8,141.87
2026-08-20,Humira,3.76,08:25:25,2,8,0.0
2026-08-20,Humira,3.53,08:25:55,2,8,0.0
2026-08-20,Humira,13.87,08:26:25,2,8,141.91
2026-08-20,Humira,12.96,08:26:55,2,8,141.92
2026-08-20,Humira,4.03,08:27:25,2,8,0.0
2026-08-20,Humira,15.6,08:27:55,2,8,141.94
2026-08-20,Humira,14.92,08:28:25,2,8,141.95
2026-08-20,Humira,6.62,08:28:55,2,8,0.0
2026-08-20,Humira,4.87,08:29:25,2,8,0.0
2026-08-20,Humira,6.93,08:29:55,2,8,0.0
2026-08-20,Humira,7.62,08:30:25,2,8,0.0
2026-08-20,Humira,14.0,08:30:55,2,8,142.0
2026-08-20,Humira,13.99,08:31:25,2,8,142.01
2026-08-20,Humira,10.74,08:31:55,2,8,142.03
2026-08-20,Humira,13.24,08:32:25,2,8,142.04
2026-08-20,Humira,16.66,08:32:55,2,8,142.05
2026-08-20,Humira,14.24,08:33:25,2,8,142.06
2026-08-20,Humira,13.85,08:33:55,2,8,142.07
2026-08-20,Humira,2.38,08:34:25,2,8,0.0
2026-08-20,Humira,5.27,08:34:55,2,8,0.0
2026-08-20,Humira,10.13,08:35:25,2,8,142.1
2026-08-20,Humira,13.52,08:35:55,2,8,142.11
2026-08-20,Humira,13.54,08:36:25,2,8,142.12
2026-08-20,Humira,7.44,08:36:55,2,8,0.0
2026-08-20,Humira,13.8,08:37:25,2,8,142.14
2026-08-20,Humira,16.05,08:37:55,2,8,142.16
2026-08-20,Humira,10.06,08:38:25,2,8,142.17
2026-08-20,Humira,3.94,08:38:55,2,8,0.0
2026-08-20,Humira,4.84,08:39:25,2,8,0.0
2026-08-20,Humira,17.45,08:39:55,2,8,142.2
2026-08-20,Humira,7.32,08:40:25,2,8,0.0
2026-08-20,Humira,14.82,08:40:55,2,8,142.22
2026-08-20,Humira,10.15,08:41:25,2,8,142.23
2026-08-20,Humira,14.41,08:41:55,2,8,142.24
2026-08-20,Humira,14.33,08:42:25,2,8,142.25
2026-08-20,Humira,17.26,08:42:55,2,8,142.26
2026-08-20,Humira,5.92,08:43:25,2,8,0.0
2026-08-20,Humira,17.16,08:43:55,2,8,142.28
2026-08-20,Humira,11.99,08:44:25,2,8,142.3
2026-08-20,Humira,5.31,08:44:55,2,8,0.0
2026-08-20,Humira,3.1,08:45:25,2,8,0.0
2026-08-20,Humira,3.3,08:45:55,2,8,0.0
2026-08-20,Humira,3.62,08:46:25,2,8,0.0
2026-08-20,Humira,12.76,08:46:55,2,8,142.35
2026-08-20,Humira,9.31,08:47:25,2,8,142.36
2026-08-20,Humira,15.5,08:47:55,2,8,142.37
2026-08-20,Humira,9.78,08:48:25,2,8,142.38
2026-08-20,Humira,16.86,08:48:55,2,8,142.39
2026-08-20,Humira,12.95,08:49:25,2,8,142.4
2026-08-20,Humira,16.53,08:49:55,2,8,142.41
2026-08-20,Humira,13.46,08:50:25,2,8,142.43
2026-08-20,Humira,13.28,08:50:55,2,8,142.44
2026-08-20,Humira,3.0,08:51:25,2,8,0.0
2026-08-20,Humira,15.93,08:51:55,2,8,142.46
2026-08-20,Humira,14.02,08:52:25,2,8,142.47
2026-08-20,Humira,11.07,08:52:55,2,8,142.48
2026-08-20,Humira,12.44,08:53:25,2,8,142.49
2026-08-20,Humira,9.53,08:53:55,2,8,142.5
2026-08-20,Humira,9.58,08:54:25,2,8,142.51
2026-08-20,Humira,16.84,08:54:55,2,8,142.52
2026-08-20,Humira,9.46,08:55:25,2,8,142.53
2026-08-20,Humira,16.95,08:55:55,2,8,142.55
2026-08-20,Humira,2.64,08:56:25,2,8,0.0
2026-08-20,Humira,10.45,08:56:55,2,8,142.57
2026-08-20,Humira,13.68,08:57:25,2,8,142.58
2026-08-20,Humira,14.9,08:57:55,2,8,142.59
2026-08-20,Humira,16.44,08:58:25,2,8,142.6
2026-08-20,Humira,10.83,08:58:55,2,8,142.61
2026-08-20,Humira,15.34,08:59:25,2,8,142.62
2026-08-20,Humira,15.13,08:59:55,2,8,142.63
2026-08-20,Humira,15.6,09:00:25,2,8,142.64
2026-08-20,Humira,11.34,09:00:55,2,8,142.65
2026-08-20,Humira,12.71,09:01:25,2,8,142.66
2026-08-20,Humira,5.9,09:01:55,2,8,0.0
2026-08-20,Humira,12.21,09:02:25,2,8,142.69
2026-08-20,Humira,7.51,09:02:55,2,8,0.0
2026-08-20,Humira,16.12,09:03:25,2,8,142.71
2026-08-20,Humira,6.15,09:03:55,2,8,0.0
2026-08-20,Humira,16.77,09:04:25,2,8,142.73
2026-08-20,Humira,5.28,09:04:55,2,8,0.0
2026-08-20,Humira,2.01,09:05:25,2,8,0.0
2026-08-20,Humira,12.14,09:05:55,2,8,142.76
2026-08-20,Humira,15.01,09:06:25,2,8,142.77
2026-08-20,Humira,9.72,09:06:55,2,8,142.78
2026-08-20,Humira,16.59,09:07:25,2,8,142.79
2026-08-20,Humira,12.14,09:07:55,2,8,142.81
2026-08-20,Humira,9.17,09:08:25,2,8,142.82
2026-08-20,Humira,11.71,09:08:55,2,8,142.83
2026-08-20,Humira,13.54,09:09:25,2,8,142.84
2026-08-20,Humira,3.0,09:09:55,2,8,0.0
2026-08-20,Humira,2.93,09:10:25,2,8,0.0
2026-08-20,Humira,9.64,09:10:55,2,8,142.87
2026-08-20,Humira,6.48,09:11:25,2,8,0.0
2026-08-20,Humira,10.01,09:11:55,2,8,142.89
2026-08-20,Humira,13.29,09:12:25,2,8,142.9
2026-08-20,Humira,9.43,09:12:55,2,8,142.91
2026-08-20,Humira,10.53,09:13:25,2,8,142.92
2026-08-20,Humira,16.28,09:13:55,2,8,142.94
2026-08-20,Humira,2.39,09:14:25,2,8,0.0
2026-08-20,Humira,17.42,09:14:55,2,8,142.96
2026-08-20,Humira,16.14,09:15:25,2,8,142.97
2026-08-20,Humira,14.71,09:15:55,2,8,142.98
2026-08-20,Humira,2.78,09:16:25,2,8,0.0
2026-08-20,Humira,14.25,09:16:55,2,8,143.0
2026-08-20,Humira,12.33,09:17:25,2,8,143.01
2026-08-20,Humira,13.54,09:17:55,2,8,143.02
2026-08-20,Humira,16.64,09:18:25,2,8,143.03
2026-08-20,Humira,12.4,09:18:55,2,8,143.04
2026-08-20,Humira,15.91,09:19:25,2,8,143.05
2026-08-20,Humira,12.1,09:19:55,2,8,143.06
2026-08-20,Humira,9.34,09:20:25,2,8,143.08
2026-08-20,Humira,11.23,09:20:55,2,8,143.09
2026-08-20,Humira,5.02,09:21:25,2,8,0.0
2026-08-20,Humira,15.28,09:21:55,2,8,143.11
2026-08-20,Humira,14.19,09:22:25,2,8,143.12
2026-08-20,Humira,12.98,09:22:55,2,8,143.13
2026-08-20,Humira,13.15,09:23:25,2,8,143.14
2026-08-20,Humira,4.04,09:23:55,2,8,0.0
2026-08-20,Humira,10.46,09:24:25,2,8,143.16
2026-08-20,Humira,17.17,09:24:55,2,8,143.17
2026-08-20,Humira,17.67,09:25:25,2,8,143.18
2026-08-20,Humira,11.53,09:25:55,2,8,143.2
2026-08-20,Humira,11.96,09:26:25,2,8,143.21
2026-08-20,Humira,13.07,09:26:55,2,8,143.22
2026-08-20,Humira,12.75,09:27:25,2,8,143.23
2026-08-20,Humira,17.71,09:27:55,2,8,143.24
2026-08-20,Humira,9.51,09:28:25,2,8,143.25
2026-08-20,Humira,17.67,09:28:55,2,8,143.26
2026-08-20,Humira,10.08,09:29:25,2,8,143.27
2026-08-20,Humira,16.21,09:29:55,2,8,143.28
2026-08-20,Humira,10.33,09:30:25,2,8,143.29
2026-08-20,Humira,16.36,09:30:55,2,8,143.3
2026-08-20,Humira,9.33,09:31:25,2,8,143.31
2026-08-20,Humira,15.5,09:31:55,2,8,143.33
2026-08-20,Humira,13.19,09:32:25,2,8,143.34
2026-08-20,Humira,17.23,09:32:55,2,8,143.35
2026-08-20,Humira,3.41,09:33:25,2,8,0.0
2026-08-20,Humira,13.38,09:33:55,2,8,143.37
2026-08-20,Humira,17.99,09:34:25,2,8,143.38
2026-08-20,Humira,15.46,09:34:55,2,8,143.39
2026-08-20,Humira,2.17,09:35:25,2,8,0.0
2026-08-20,Humira,14.7,09:35:55,2,8,143.41
2026-08-20,Humira,14.85,09:36:25,2,8,143.42
2026-08-20,Humira,10.11,09:36:55,2,8,143.43
2026-08-20,Humira,6.23,09:37:25,2,8,0.0
2026-08-20,Humira,12.78,09:37:55,2,8,143.45
2026-08-20,Humira,16.74,09:38:25,2,8,143.47
2026-08-20,Humira,17.27,09:38:55,2,8,143.48
2026-08-20,Humira,10.13,09:39:25,2,8,143.49
2026-08-20,Humira,3.98,09:39:55,2,8,0.0
2026-08-20,Humira,15.03,09:40:25,2,8,143.51
2026-08-20,Humira,10.27,09:40:55,2,8,143.52
2026-08-20,Humira,5.1,09:41:25,2,8,0.0
2026-08-20,Humira,5.44,09:41:55,2,8,0.0
2026-08-20,Humira,4.07,09:42:25,2,8,0.0
2026-08-20,Humira,14.1,09:42:55,2,8,143.56
2026-08-20,Humira,14.88,09:43:25,2,8,143.57
2026-08-20,Humira,5.83,09:43:55,2,8,0.0
2026-08-20,Humira,9.8,09:44:25,2,8,143.6
2026-08-20,Humira,17.5,09:44:55,2,8,143.61
2026-08-20,Humira,13.85,09:45:25,2,8,143.62
2026-08-20,Humira,12.71,09:45:55,2,8,143.63
2026-08-20,Humira,15.99,09:46:25,2,8,143.64
2026-08-20,Humira,11.96,09:46:55,2,8,143.65
2026-08-20,Humira,10.99,09:47:25,2,8,143.66
2026-08-20,Humira,12.17,09:47:55,2,8,143.67
2026-08-20,Humira,7.63,09:48:25,2,8,0.0
2026-08-20,Humira,10.73,09:48:55,2,8,143.69
2026-08-20,Humira,12.92,09:49:25,2,8,143.7
2026-08-20,Humira,17.46,09:49:55,2,8,143.72
2026-08-20,Humira,7.28,09:50:25,2,8,0.0
2026-08-20,Humira,13.78,09:50:55,2,8,143.74
2026-08-20,Humira,12.89,09:51:25,2,8,143.75
2026-08-20,Humira,6.29,09:51:55,2,8,0.0
2026-08-20,Humira,4.34,09:52:25,2,8,0.0
2026-08-20,Humira,11.75,09:52:55,2,8,143.78
2026-08-20,Humira,16.98,09:53:25,2,8,143.79
2026-08-20,Humira,4.65,09:53:55,2,8,0.0
2026-08-20,Humira,13.74,09:54:25,2,8,143.81
2026-08-20,Humira,13.24,09:54:55,2,8,143.82
2026-08-20,Humira,17.94,09:55:25,2,8,143.83
2026-08-20,Humira,3.36,09:55:55,2,8,0.0
2026-08-20,Humira,2.19,09:56:25,2,8,0.0
2026-08-20,Humira,4.2,09:56:55,2,8,0.0
2026-08-20,Humira,15.57,09:57:25,2,8,143.88
2026-08-20,Humira,11.62,09:57:55,2,8,143.89
2026-08-20,Humira,17.11,09:58:25,2,8,143.9
2026-08-20,Humira,11.24,09:58:55,2,8,143.91
2026-08-20,Humira,13.29,09:59:25,2,8,143.92
2026-08-20,Humira,13.05,09:59:55,2,8,143.93
2026-08-20,Humira,17.96,10:00:25,2,8,143.94
2026-08-20,Humira,14.85,10:00:55,2,8,143.95
2026-08-20,Humira,12.52,10:01:25,2,8,143.96
2026-08-20,Humira,12.89,10:01:55,2,8,143.97
2026-08-20,Humira,6.66,10:02:25,2,8,0.0
2026-08-20,Humira,16.33,10:02:55,2,8,144.0
2026-08-20,Humira,10.65,10:03:25,2,8,144.01
2026-08-20,Humira,6.21,10:03:55,2,8,0.0
2026-08-20,Humira,17.94,10:04:25,2,8,144.03
2026-08-20,Humira,13.06,10:04:55,2,8,144.04
2026-08-20,Humira,13.55,10:05:25,2,8,144.05
2026-08-20,Humira,12.29,10:05:55,2,8,144.06
2026-08-20,Humira,17.05,10:06:25,2,8,144.07
2026-08-20,Humira,12.21,10:06:55,2,8,144.08
2026-08-20,Humira,14.62,10:07:25,2,8,144.09
2026-08-20,Humira,13.7,10:07:55,2,8,144.1
2026-08-20,Humira,12.56,10:08:25,2,8,144.12
2026-08-20,Humira,16.16,10:08:55,2,8,144.13
2026-08-20,Humira,13.74,10:09:25,2,8,144.14
2026-08-20,Humira,11.64,10:09:55,2,8,144.15
2026-08-20,Humira,13.01,10:10:25,2,8,144.16
2026-08-20,Humira,14.0,10:10:55,2,8,144.17
2026-08-20,Humira,12.74,10:11:25,2,8,144.18
2026-08-20,Humira,9.6,10:11:55,2,8,144.19
2026-08-20,Humira,16.59,10:12:25,2,8,144.2
2026-08-20,Humira,12.24,10:12:55,2,8,144.21
2026-08-20,Humira,15.02,10:13:25,2,8,144.22
2026-08-20,Humira,6.2,10:13:55,2,8,0.0
2026-08-20,Humira,11.46,10:14:25,2,8,144.25
2026-08-20,Humira,15.31,10:14:55,2,8,144.26
2026-08-20,Humira,6.82,10:15:25,2,8,0.0
2026-08-20,Humira,11.58,10:15:55,2,8,144.28
2026-08-20,Humira,17.07,10:16:25,2,8,144.29
2026-08-20,Humira,17.78,10:16:55,2,8,144.3
2026-08-20,Humira,12.84,10:17:25,2,8,144.31
2026-08-20,Humira,10.41,10:17:55,2,8,144.32
2026-08-20,Humira,17.23,10:18:25,2,8,144.33
2026-08-20,Humira,5.09,10:18:55,2,8,0.0
2026-08-20,Humira,3.94,10:19:25,2,8,0.0
2026-08-20,Humira,12.37,10:19:55,2,8,144.37
2026-08-20,Humira,16.18,10:20:25,2,8,144.38
2026-08-20,Humira,6.52,10:20:55,2,8,0.0
2026-08-20,Humira,14.69,10:21:25,2,8,144.4
2026-08-20,Humira,14.92,10:21:55,2,8,144.41
2026-08-20,Humira,14.8,10:22:25,2,8,144.42
2026-08-20,Humira,11.82,10:22:55,2,8,144.43
2026-08-20,Humira,17.48,10:23:25,2,8,144.44
2026-08-20,Humira,15.59,10:23:55,2,8,144.45
2026-08-20,Humira,6.5,10:24:25,2,8,0.0
2026-08-20,Humira,16.29,10:24:55,2,8,144.47
2026-08-20,Humira,11.18,10:25:25,2,8,144.48
2026-08-20,Humira,7.73,10:25:55,2,8,0.0
2026-08-20,Humira,12.93,10:26:25,2,8,144.51
2026-08-20,Humira,16.63,10:26:55,2,8,144.52
2026-08-20,Humira,14.9,10:27:25,2,8,144.53
2026-08-20,Humira,12.42,10:27:55,2,8,144.54
2026-08-20,Humira,5.91,10:28:25,2,8,0.0
2026-08-20,Humira,2.7,10:28:55,2,8,0.0
2026-08-20,Humira,5.91,10:29:25,2,8,0.0
2026-08-20,Humira,11.79,10:29:55,2,8,144.58
2026-08-20,Humira,14.97,10:30:25,2,8,144.59
2026-08-20,Humira,10.92,10:30:55,2,8,144.6
2026-08-20,Humira,15.16,10:31:25,2,8,144.61
2026-08-20,Humira,11.89,10:31:55,2,8,144.62
2026-08-20,Humira,13.76,10:32:25,2,8,144.64
2026-08-20,Humira,10.71,10:32:55,2,8,144.65
2026-08-20,Humira,16.23,10:33:25,2,8,144.66
2026-08-20,Humira,10.49,10:33:55,2,8,144.67
2026-08-20,Humira,17.0,10:34:25,2,8,144.68
2026-08-20,Humira,15.29,10:34:55,2,8,144.69
2026-08-20,Humira,10.67,10:35:25,2,8,144.7
2026-08-20,Humira,15.88,10:35:55,2,8,144.71
2026-08-20,Humira,14.71,10:36:25,2,8,144.72
2026-08-20,Humira,12.03,10:36:55,2,8,144.73
2026-08-20,Humira,11.81,10:37:25,2,8,144.74
2026-08-20,Humira,3.96,10:37:55,2,8,0.0
2026-08-20,Humira,14.93,10:38:25,2,8,144.77
2026-08-20,Humira,15.68,10:38:55,2,8,144.78
2026-08-20,Humira,10.52,10:39:25,2,8,144.79
2026-08-20,Humira,10.23,10:39:55,2,8,144.8
2026-08-20,Humira,16.71,10:40:25,2,8,144.81
2026-08-20,Humira,9.5,10:40:55,2,8,144.82
2026-08-20,Humira,11.54,10:41:25,2,8,144.83
2026-08-20,Humira,9.39,10:41:55,2,8,144.84
2026-08-20,Humira,16.0,10:42:25,2,8,144.85
2026-08-20,Humira,8.0,10:42:55,2,8,0.0
2026-08-20,Humira,15.51,10:43:25,2,8,144.87
2026-08-20,Humira,6.76,10:43:55,2,8,0.0
2026-08-20,Humira,17.42,10:44:25,2,8,144.9
2026-08-20,Humira,12.2,10:44:55,2,8,144.91
2026-08-20,Humira,14.18,10:45:25,2,8,144.92
2026-08-20,Humira,14.7,10:45:55,2,8,144.93
2026-08-20,Humira,9.67,10:46:25,2,8,144.94
2026-08-20,Humira,12.81,10:46:55,2,8,144.95
2026-08-20,Humira,10.92,10:47:25,2,8,144.96
2026-08-20,Humira,16.72,10:47:55,2,8,144.97
2026-08-20,Humira,10.3,10:48:25,2,8,144.98
2026-08-20,Humira,9.25,10:48:55,2,8,144.99
2026-08-20,Humira,13.99,10:49:25,2,8,145.0
2026-08-20,Humira,15.23,10:49:55,2,8,145.02
2026-08-20,Humira,11.68,10:50:25,2,8,145.03
2026-08-20,Humira,17.98,10:50:55,2,8,145.04
2026-08-20,Humira,12.88,10:51:25,2,8,145.05
2026-08-20,Humira,15.57,10:51:55,2,8,145.06
2026-08-20,Humira,15.11,10:52:25,2,8,145.07
2026-08-20,Humira,12.55,10:52:55,2,8,145.08
2026-08-20,Humira,16.28,10:53:25,2,8,145.09
2026-08-20,Humira,16.9,10:53:55,2,8,145.1
2026-08-20,Humira,6.04,10:54:25,2,8,0.0
2026-08-20,Humira,11.35,10:54:55,2,8,145.12
2026-08-20,Humira,11.29,10:55:25,2,8,145.13
2026-08-20,Humira,17.89,10:55:55,2,8,145.15
2026-08-20,Humira,13.01,10:56:25,2,8,145.16
2026-08-20,Humira,15.86,10:56:55,2,8,145.17
2026-08-20,Humira,4.19,10:57:25,2,8,0.0
2026-08-20,Humira,16.77,10:57:55,2,8,145.19
2026-08-20,Humira,2.31,10:58:25,2,8,0.0
2026-08-20,Humira,10.19,10:58:55,2,8,145.21
2026-08-20,Humira,6.88,10:59:25,2,8,0.0
2026-08-20,Humira,14.29,10:59:55,2,8,145.23
2026-08-20,Humira,2.02,11:00:25,2,8,0.0
2026-08-20,Humira,7.68,11:00:55,2,8,0.0
2026-08-20,Humira,7.73,11:01:25,2,8,0.0
2026-08-20,Humira,4.3,11:01:55,2,8,0.0
2026-08-20,Humira,15.92,11:02:25,2,8,145.29
2026-08-20,Humira,10.73,11:02:55,2,8,145.3
2026-08-20,Humira,2.05,11:03:25,2,8,0.0
2026-08-20,Humira,11.35,11:03:55,2,8,145.32
2026-08-20,Humira,17.44,11:04:25,2,8,145.33
2026-08-20,Humira,3.63,11:04:55,2,8,0.0
2026-08-20,Humira,15.65,11:05:25,2,8,145.35
2026-08-20,Humira,5.22,11:05:55,2,8,0.0
2026-08-20,Humira,13.83,11:06:25,2,8,145.37
2026-08-20,Humira,16.47,11:06:55,2,8,145.38
2026-08-20,Humira,16.62,11:07:25,2,8,145.39
2026-08-20,Humira,17.02,11:07:55,2,8,145.41
2026-08-20,Humira,16.54,11:08:25,2,8,145.42
2026-08-20,Humira,16.77,11:08:55,2,8,145.43
2026-08-20,Humira,12.62,11:09:25,2,8,145.44
2026-08-20,Humira,17.41,11:09:55,2,8,145.45
2026-08-20,Humira,12.99,11:10:25,2,8,145.46
2026-08-20,Humira,14.29,11:10:55,2,8,145.47
2026-08-20,Humira,12.23,11:11:25,2,8,145.48
2026-08-20,Humira,2.23,11:11:55,2,8,0.0
2026-08-20,Humira,6.83,11:12:25,2,8,0.0
2026-08-20,Humira,16.93,11:12:55,2,8,145.51
2026-08-20,Humira,4.42,11:13:25,2,8,0.0
2026-08-20,Humira,14.02,11:13:55,2,8,145.53
2026-08-20,Humira,3.72,11:14:25,2,8,0.0
2026-08-20,Humira,9.54,11:14:55,2,8,145.56
2026-08-20,Humira,7.04,11:15:25,2,8,0.0
2026-08-20,Humira,14.13,11:15:55,2,8,145.58
2026-08-20,Humira,14.69,11:16:25,2,8,145.59
2026-08-20,Humira,9.28,11:16:55,2,8,145.6
2026-08-20,Humira,13.69,11:17:25,2,8,145.61
2026-08-20,Humira,4.24,11:17:55,2,8,0.0
2026-08-20,Humira,9.39,11:18:25,2,8,145.63
2026-08-20,Humira,11.68,11:18:55,2,8,145.64
2026-08-20,Humira,16.31,11:19:25,2,8,145.65
2026-08-20,Humira,11.44,11:19:55,2,8,145.66
2026-08-20,Humira,13.88,11:20:25,2,8,145.68
2026-08-20,Humira,9.79,11:20:55,2,8,145.69
2026-08-20,Humira,16.84,11:21:25,2,8,145.7
2026-08-20,Humira,6.32,11:21:55,2,8,0.0
2026-08-20,Humira,2.6,11:22:25,2,8,0.0
2026-08-20,Humira,17.16,11:22:55,2,8,145.73
2026-08-20,Humira,13.84,11:23:25,2,8,145.74
2026-08-20,Humira,12.15,11:23:55,2,8,145.75
2026-08-20,Humira,10.57,11:24:25,2,8,145.76
2026-08-20,Humira,11.88,11:24:55,2,8,145.77
2026-08-20,Humira,11.5,11:25:25,2,8,145.78
2026-08-20,Humira,3.21,11:25:55,2,8,0.0
2026-08-20,Humira,9.57,11:26:25,2,8,145.81
2026-08-20,Humira,15.72,11:26:55,2,8,145.82
2026-08-20,Humira,9.97,11:27:25,2,8,145.83
2026-08-20,Humira,16.21,11:27:55,2,8,145.84
2026-08-20,Humira,10.31,11:28:25,2,8,145.85
2026-08-20,Humira,15.4,11:28:55,2,8,145.86
2026-08-20,Humira,10.7,11:29:25,2,8,145.87
2026-08-20,Humira,10.22,11:29:55,2,8,145.88
2026-08-20,Humira,5.71,11:30:25,2,8,0.0
2026-08-20,Humira,7.53,11:30:55,2,8,0.0
2026-08-20,Humira,11.41,11:31:25,2,8,145.91
2026-08-20,Humira,16.26,11:31:55,2,8,145.93
2026-08-20,Humira,14.57,11:32:25,2,8,145.94
2026-08-20,Humira,10.06,11:32:55,2,8,145.95
2026-08-20,Humira,17.14,11:33:25,2,8,145.96
2026-08-20,Humira,5.32,11:33:55,2,8,0.0
2026-08-20,Humira,2.24,11:34:25,2,8,0.0
2026-08-20,Humira,17.63,11:34:55,2,8,145.99
2026-08-20,Humira,16.16,11:35:25,2,8,146.0
2026-08-20,Humira,15.76,11:35:55,2,8,146.01
2026-08-20,Humira,3.38,11:36:25,2,8,0.0
2026-08-20,Humira,12.02,11:36:55,2,8,146.03
2026-08-20,Humira,9.42,11:37:25,2,8,146.04
2026-08-20,Humira,14.22,11:37:55,2,8,146.06
2026-08-20,Humira,16.15,11:38:25,2,8,146.07
2026-08-20,Humira,16.77,11:38:55,2,8,146.08
2026-08-20,Humira,11.32,11:39:25,2,8,146.09
2026-08-20,Humira,9.05,11:39:55,2,8,146.1
2026-08-20,Humira,9.73,11:40:25,2,8,146.11
2026-08-20,Humira,2.02,11:40:55,2,8,0.0
2026-08-20,Humira,12.74,11:41:25,2,8,146.13
2026-08-20,Humira,11.02,11:41:55,2,8,146.14
2026-08-20,Humira,6.22,11:42:25,2,8,0.0
2026-08-20,Humira,6.44,11:42:55,2,8,0.0
2026-08-20,Humira,10.95,11:43:25,2,8,146.17
2026-08-20,Humira,17.62,11:43:55,2,8,146.19
2026-08-20,Humira,16.23,11:44:25,2,8,146.2
2026-08-20,Humira,5.43,11:44:55,2,8,0.0
2026-08-20,Humira,16.16,11:45:25,2,8,146.22
2026-08-20,Humira,3.66,11:45:55,2,8,0.0
2026-08-20,Humira,13.74,11:46:25,2,8,146.24
2026-08-20,Humira,14.66,11:46:55,2,8,146.25
2026-08-20,Humira,13.77,11:47:25,2,8,146.26
2026-08-20,Humira,15.12,11:47:55,2,8,146.27
2026-08-20,Humira,16.06,11:48:25,2,8,146.28
2026-08-20,Humira,9.96,11:48:55,2,8,146.29
2026-08-20,Humira,12.81,11:49:25,2,8,146.3
2026-08-20,Humira,16.05,11:49:55,2,8,146.31
2026-08-20,Humira,14.66,11:50:25,2,8,146.33
2026-08-20,Humira,12.92,11:50:55,2,8,146.34
2026-08-20,Humira,9.74,11:51:25,2,8,146.35
2026-08-20,Humira,13.72,11:51:55,2,8,146.36
2026-08-20,Humira,17.12,11:52:25,2,8,146.37
2026-08-20,Humira,11.15,11:52:55,2,8,146.38
2026-08-20,Humira,12.39,11:53:25,2,8,146.39
2026-08-20,Humira,17.29,11:53:55,2,8,146.4
2026-08-20,Humira,10.03,11:54:25,2,8,146.41
2026-08-20,Humira,17.74,11:54:55,2,8,146.42
2026-08-20,Humira,7.64,11:55:25,2,8,0.0
2026-08-20,Humira,17.79,11:55:55,2,8,146.45
2026-08-20,Humira,11.53,11:56:25,2,8,146.46
2026-08-20,Humira,11.56,11:56:55,2,8,146.47
2026-08-20,Humira,16.92,11:57:25,2,8,146.48
2026-08-20,Humira,10.28,11:57:55,2,8,146.49
2026-08-20,Humira,9.12,11:58:25,2,8,146.5
2026-08-20,Humira,15.27,11:58:55,2,8,146.51
2026-08-20,Humira,5.88,11:59:25,2,8,0.0
2026-08-20,Humira,15.98,11:59:55,2,8,146.53
2026-08-20,Humira,17.83,12:00:25,2,8,146.54
2026-08-20,Humira,2.03,12:00:55,2,8,0.0
2026-08-20,Humira,7.93,12:01:25,2,8,0.0
2026-08-20,Humira,5.48,12:01:55,2,8,0.0
2026-08-20,Humira,17.52,12:02:25,2,8,146.59
2026-08-20,Humira,10.82,12:02:55,2,8,146.6
2026-08-20,Humira,13.51,12:03:25,2,8,146.61
2026-08-20,Humira,15.54,12:03:55,2,8,146.62
2026-08-20,Humira,11.0,12:04:25,2,8,146.63
2026-08-20,Humira,17.05,12:04:55,2,8,146.64
2026-08-20,Humira,16.81,12:05:25,2,8,146.65
2026-08-20,Humira,15.53,12:05:55,2,8,146.66
2026-08-20,Humira,11.01,12:06:25,2,8,146.67
2026-08-20,Humira,12.74,12:06:55,2,8,146.68
2026-08-20,Humira,3.57,12:07:25,2,8,0.0
2026-08-20,Humira,17.03,12:07:55,2,8,146.7
2026-08-20,Humira,12.8,12:08:25,2,8,146.72
2026-08-20,Humira,11.08,12:08:55,2,8,146.73
2026-08-20,Humira,17.68,12:09:25,2,8,146.74
2026-08-20,Humira,9.86,12:09:55,2,8,146.75
2026-08-20,Humira,4.11,12:10:25,2,8,0.0
2026-08-20,Humira,6.09,12:10:55,2,8,0.0
2026-08-20,Humira,14.65,12:11:25,2,8,146.78
2026-08-20,Humira,16.13,12:11:55,2,8,146.79
2026-08-20,Humira,13.22,12:12:25,2,8,146.8
2026-08-20,Humira,9.97,12:12:55,2,8,146.81
2026-08-20,Humira,16.52,12:13:25,2,8,146.82
2026-08-20,Humira,16.56,12:13:55,2,8,146.84
2026-08-20,Humira,12.3,12:14:25,2,8,146.85
2026-08-20,Humira,15.82,12:14:55,2,8,146.86
2026-08-20,Humira,16.31,12:15:25,2,8,146.87
2026-08-20,Humira,13.91,12:15:55,2,8,146.88
2026-08-20,Humira,7.7,12:16:25,2,8,0.0
2026-08-20,Humira,16.44,12:16:55,2,8,146.9
2026-08-20,Humira,13.1,12:17:25,2,8,146.91
2026-08-20,Humira,12.66,12:17:55,2,8,146.92
2026-08-20,Humira,17.69,12:18:25,2,8,146.93
2026-08-20,Humira,16.77,12:18:55,2,8,146.94
2026-08-20,Humira,10.98,12:19:25,2,8,146.95
2026-08-20,Humira,16.38,12:19:55,2,8,146.97
2026-08-20,Humira,16.81,12:20:25,2,8,146.98
2026-08-20,Humira,6.21,12:20:55,2,8,0.0
2026-08-20,Humira,16.39,12:21:25,2,8,147.0
2026-08-20,Humira,9.29,12:21:55,2,8,147.01
2026-08-20,Humira,11.79,12:22:25,2,8,147.02
2026-08-20,Humira,5.91,12:22:55,2,8,0.0
2026-08-20,Humira,6.04,12:23:25,2,8,0.0
2026-08-20,Humira,15.38,12:23:55,2,8,147.05
2026-08-20,Humira,12.26,12:24:25,2,8,147.06
2026-08-20,Humira,5.0,12:24:55,2,8,0.0
2026-08-20,Humira,4.38,12:25:25,2,8,0.0
2026-08-20,Humira,14.03,12:25:55,2,8,147.09
2026-08-20,Humira,2.58,12:26:25,2,8,0.0
2026-08-20,Humira,12.58,12:26:55,2,8,147.12
2026-08-20,Humira,3.33,12:27:25,2,8,0.0
2026-08-20,Humira,6.73,12:27:55,2,8,0.0
2026-08-20,Humira,12.08,12:28:25,2,8,147.15
2026-08-20,Humira,7.17,12:28:55,2,8,0.0
2026-08-20,Humira,9.06,12:29:25,2,8,147.17
2026-08-20,Humira,11.42,12:29:55,2,8,147.18
2026-08-20,Humira,4.63,12:30:25,2,8,0.0
2026-08-20,Humira,11.41,12:30:55,2,8,147.2
2026-08-20,Humira,6.92,12:31:25,2,8,0.0
2026-08-20,Humira,10.67,12:31:55,2,8,147.22
2026-08-20,Humira,9.3,12:32:25,2,8,147.24
2026-08-20,Humira,7.45,12:32:55,2,8,0.0
2026-08-20,Humira,2.89,12:33:25,2,8,0.0
2026-08-20,Humira,16.51,12:33:55,2,8,147.27
2026-08-20,Humira,12.17,12:34:25,2,8,147.28
2026-08-20,Humira,17.62,12:34:55,2,8,147.29
2026-08-20,Humira,17.3,12:35:25,2,8,147.3
2026-08-20,Humira,13.14,12:35:55,2,8,147.31
2026-08-20,Humira,17.38,12:36:25,2,8,147.32
2026-08-20,Humira,7.6,12:36:55,2,8,0.0
2026-08-20,Humira,15.78,12:37:25,2,8,147.34
2026-08-20,Humira,5.82,12:37:55,2,8,0.0
2026-08-20,Humira,14.28,12:38:25,2,8,147.37
2026-08-20,Humira,9.38,12:38:55,2,8,147.38
2026-08-20,Humira,3.0,12:39:25,2,8,0.0
2026-08-20,Humira,9.16,12:39:55,2,8,147.4
2026-08-20,Humira,16.36,12:40:25,2,8,147.41
2026-08-20,Humira,12.63,12:40:55,2,8,147.42
2026-08-20,Humira,16.89,12:41:25,2,8,147.43
2026-08-20,Humira,16.79,12:41:55,2,8,147.44
2026-08-20,Humira,9.7,12:42:25,2,8,147.45
2026-08-20,Humira,11.27,12:42:55,2,8,147.46
2026-08-20,Humira,10.18,12:43:25,2,8,147.47
2026-08-20,Humira,10.92,12:43:55,2,8,147.49
2026-08-20,Humira,13.09,12:44:25,2,8,147.5
2026-08-20,Humira,11.2,12:44:55,2,8,147.51
2026-08-20,Humira,17.33,12:45:25,2,8,147.52
2026-08-20,Humira,12.21,12:45:55,2,8,147.53
2026-08-20,Humira,6.06,12:46:25,2,8,0.0
2026-08-20,Humira,2.82,12:46:55,2,8,0.0
2026-08-20,Humira,15.28,12:47:25,2,8,147.56
2026-08-20,Humira,14.28,12:47:55,2,8,147.57
2026-08-20,Humira,9.2,12:48:25,2,8,147.58
2026-08-20,Humira,2.03,12:48:55,2,8,0.0
2026-08-20,Humira,10.15,12:49:25,2,8,147.6
2026-08-20,Humira,3.36,12:49:55,2,8,0.0
2026-08-20,Humira,13.89,12:50:25,2,8,147.63
2026-08-20,Humira,10.11,12:50:55,2,8,147.64
2026-08-20,Humira,11.46,12:51:25,2,8,147.65
2026-08-20,Humira,9.71,12:51:55,2,8,147.66
2026-08-20,Humira,17.48,12:52:25,2,8,147.67
2026-08-20,Humira,17.84,12:52:55,2,8,147.68
2026-08-20,Humira,13.87,12:53:25,2,8,147.69
2026-08-20,Humira,12.52,12:53:55,2,8,147.7
2026-08-20,Humira,10.38,12:54:25,2,8,147.71
2026-08-20,Humira,16.13,12:54:55,2,8,147.72
2026-08-20,Humira,4.36,12:55:25,2,8,0.0
2026-08-20,Humira,16.77,12:55:55,2,8,147.75
2026-08-20,Humira,12.18,12:56:25,2,8,147.76
2026-08-20,Humira,2.33,12:56:55,2,8,0.0
2026-08-20,Humira,15.52,12:57:25,2,8,147.78
2026-08-20,Humira,16.61,12:57:55,2,8,147.79
2026-08-20,Humira,13.6,12:58:25,2,8,147.8
2026-08-20,Humira,12.41,12:58:55,2,8,147.81
2026-08-20,Humira,14.59,12:59:25,2,8,147.82
2026-08-20,Humira,12.67,12:59:55,2,8,147.83
2026-08-20,Humira,4.57,13:00:25,2,8,0.0
2026-08-20,Humira,9.38,13:00:55,2,8,147.85
2026-08-20,Humira,12.62,13:01:25,2,8,147.86
2026-08-20,Humira,14.79,13:01:55,2,8,147.88
2026-08-20,Humira,13.64,13:02:25,2,8,147.89
2026-08-20,Humira,4.48,13:02:55,2,8,0.0
2026-08-20,Humira,11.44,13:03:25,2,8,147.91
2026-08-20,Humira,17.5,13:03:55,2,8,147.92
2026-08-20,Humira,13.33,13:04:25,2,8,147.93
2026-08-20,Humira,16.38,13:04:55,2,8,147.94
2026-08-20,Humira,9.16,13:05:25,2,8,147.95
2026-08-20,Humira,12.48,13:05:55,2,8,147.96
2026-08-20,Humira,15.23,13:06:25,2,8,147.97
2026-08-20,Humira,11.42,13:06:55,2,8,147.98
2026-08-20,Humira,3.56,13:07:25,2,8,0.0
2026-08-20,Humira,15.68,13:07:55,2,8,148.0
2026-08-20,Humira,13.87,13:08:25,2,8,148.02
2026-08-20,Humira,15.3,13:08:55,2,8,148.03
2026-08-20,Humira,12.87,13:09:25,2,8,148.04
2026-08-20,Humira,16.52,13:09:55,2,8,148.05
2026-08-20,Humira,16.77,13:10:25,2,8,148.06
2026-08-20,Humira,9.29,13:10:55,2,8,148.07
2026-08-20,Humira,15.29,13:11:25,2,8,148.08
2026-08-20,Humira,13.43,13:11:55,2,8,148.09
2026-08-20,Humira,14.66,13:12:25,2,8,148.1
2026-08-20,Humira,13.56,13:12:55,2,8,148.11
2026-08-20,Humira,17.85,13:13:25,2,8,148.12
2026-08-20,Humira,17.87,13:13:55,2,8,148.14
2026-08-20,Humira,10.15,13:14:25,2,8,148.15
2026-08-20,Humira,3.55,13:14:55,2,8,0.0
2026-08-20,Humira,14.08,13:15:25,2,8,148.17
2026-08-20,Humira,6.07,13:15:55,2,8,0.0
2026-08-20,Humira,11.61,13:16:25,2,8,148.19
2026-08-20,Humira,16.62,13:16:55,2,8,148.2
2026-08-20,Humira,16.85,13:17:25,2,8,148.21
2026-08-20,Humira,11.55,13:17:55,2,8,148.22
2026-08-20,Humira,12.93,13:18:25,2,8,148.23
2026-08-20,Humira,11.51,13:18:55,2,8,148.24
2026-08-20,Humira,12.83,13:19:25,2,8,148.25
2026-08-20,Humira,14.13,13:19:55,2,8,148.27
2026-08-20,Humira,11.45,13:20:25,2,8,148.28
2026-08-20,Humira,6.71,13:20:55,2,8,0.0
2026-08-20,Humira,16.19,13:21:25,2,8,148.3
2026-08-20,Humira,12.71,13:21:55,2,8,148.31
2026-08-20,Humira,16.64,13:22:25,2,8,148.32
2026-08-20,Humira,15.69,13:22:55,2,8,148.33
2026-08-20,Humira,9.99,13:23:25,2,8,148.34
2026-08-20,Humira,11.94,13:23:55,2,8,148.35
2026-08-20,Humira,7.85,13:24:25,2,8,0.0
2026-08-20,Humira,11.07,13:24:55,2,8,148.37
2026-08-20,Humira,17.76,13:25:25,2,8,148.38
2026-08-20,Humira,6.29,13:25:55,2,8,0.0
2026-08-20,Humira,3.24,13:26:25,2,8,0.0
2026-08-20,Humira,10.71,13:26:55,2,8,148.42
2026-08-20,Humira,13.53,13:27:25,2,8,148.43
2026-08-20,Humira,10.29,13:27:55,2,8,148.44
2026-08-20,Humira,10.08,13:28:25,2,8,148.45
2026-08-20,Humira,15.97,13:28:55,2,8,148.46
2026-08-20,Humira,9.04,13:29:25,2,8,148.47
2026-08-20,Humira,14.5,13:29:55,2,8,148.48
2026-08-20,Humira,12.49,13:30:25,2,8,148.49
2026-08-20,Humira,10.89,13:30:55,2,8,148.5
2026-08-20,Humira,9.43,13:31:25,2,8,148.51
2026-08-20,Humira,13.54,13:31:55,2,8,148.53
2026-08-20,Humira,12.39,13:32:25,2,8,148.54
2026-08-20,Humira,16.03,13:32:55,2,8,148.55
2026-08-20,Humira,17.6,13:33:25,2,8,148.56
2026-08-20,Humira,11.89,13:33:55,2,8,148.57
2026-08-20,Humira,9.58,13:34:25,2,8,148.58
2026-08-20,Humira,15.17,13:34:55,2,8,148.59
2026-08-20,Humira,13.75,13:35:25,2,8,148.6
2026-08-20,Humira,10.54,13:35:55,2,8,148.61
2026-08-20,Humira,12.14,13:36:25,2,8,148.62
2026-08-20,Humira,10.46,13:36:55,2,8,148.63
2026-08-20,Humira,9.33,13:37:25,2,8,148.64
2026-08-20,Humira,13.76,13:37:55,2,8,148.66
2026-08-20,Humira,14.98,13:38:25,2,8,148.67
2026-08-20,Humira,3.68,13:38:55,2,8,0.0
2026-08-20,Humira,9.65,13:39:25,2,8,148.69
2026-08-20,Humira,15.27,13:39:55,2,8,148.7
2026-08-20,Humira,11.18,13:40:25,2,8,148.71
2026-08-20,Humira,14.43,13:40:55,2,8,148.72
2026-08-20,Humira,11.49,13:41:25,2,8,148.73
2026-08-20,Humira,11.54,13:41:55,2,8,148.74
2026-08-20,Humira,15.53,13:42:25,2,8,148.75
2026-08-20,Humira,14.51,13:42:55,2,8,148.76
2026-08-20,Humira,17.77,13:43:25,2,8,148.77
2026-08-20,Humira,16.45,13:43:55,2,8,148.78
2026-08-20,Humira,6.69,13:44:25,2,8,0.0
2026-08-20,Humira,2.64,13:44:55,2,8,0.0
2026-08-20,Humira,15.45,13:45:25,2,8,148.82
2026-08-20,Humira,13.4,13:45:55,2,8,148.83
2026-08-20,Humira,13.41,13:46:25,2,8,148.84
2026-08-20,Humira,12.83,13:46:55,2,8,148.85
2026-08-20,Humira,15.7,13:47:25,2,8,148.86
2026-08-20,Humira,10.32,13:47:55,2,8,148.87
2026-08-20,Humira,4.32,13:48:25,2,8,0.0
2026-08-20,Humira,16.78,13:48:55,2,8,148.89
2026-08-20,Humira,9.12,13:49:25,2,8,148.9
2026-08-20,Humira,3.78,13:49:55,2,8,0.0
2026-08-20,Humira,9.98,13:50:25,2,8,148.93
2026-08-20,Humira,15.75,13:50:55,2,8,148.94
2026-08-20,Humira,9.09,13:51:25,2,8,148.95
2026-08-20,Humira,7.38,13:51:55,2,8,0.0
2026-08-20,Humira,11.4,13:52:25,2,8,148.97
2026-08-20,Humira,13.96,13:52:55,2,8,148.98
2026-08-20,Humira,14.49,13:53:25,2,8,148.99
2026-08-20,Humira,16.85,13:53:55,2,8,149.0
2026-08-20,Humira,2.92,13:54:25,2,8,0.0
2026-08-20,Humira,4.16,13:54:55,2,8,0.0
2026-08-20,Humira,10.29,13:55:25,2,8,149.03
2026-08-20,Humira,14.9,13:55:55,2,8,149.05
2026-08-20,Humira,16.77,13:56:25,2,8,149.06
2026-08-20,Humira,17.06,13:56:55,2,8,149.07
2026-08-20,Humira,16.03,13:57:25,2,8,149.08
2026-08-20,Humira,3.97,13:57:55,2,8,0.0
2026-08-20,Humira,9.55,13:58:25,2,8,149.1
2026-08-20,Humira,17.04,13:58:55,2,8,149.11
2026-08-20,Humira,16.72,13:59:25,2,8,149.12
2026-08-20,Humira,9.14,13:59:55,2,8,149.13
2026-08-20,Humira,16.83,14:00:25,2,8,149.14
2026-08-20,Humira,9.37,14:00:55,2,8,149.15
2026-08-20,Humira,5.9,14:01:25,2,8,0.0
2026-08-20,Humira,15.33,14:01:55,2,8,149.18
2026-08-20,Humira,17.25,14:02:25,2,8,149.19
2026-08-20,Humira,12.82,14:02:55,2,8,149.2
2026-08-20,Humira,9.12,14:03:25,2,8,149.21
2026-08-20,Humira,15.56,14:03:55,2,8,149.22
2026-08-20,Humira,14.54,14:04:25,2,8,149.23
2026-08-20,Humira,16.87,14:04:55,2,8,149.24
2026-08-20,Humira,11.12,14:05:25,2,8,149.25
2026-08-20,Humira,13.51,14:05:55,2,8,149.26
2026-08-20,Humira,4.57,14:06:25,2,8,0.0
2026-08-20,Humira,14.68,14:06:55,2,8,149.28
2026-08-20,Humira,14.88,14:07:25,2,8,149.29
2026-08-20,Humira,9.18,14:07:55,2,8,149.31
2026-08-20,Humira,16.24,14:08:25,2,8,149.32
2026-08-20,Humira,9.56,14:08:55,2,8,149.33
2026-08-20,Humira,7.99,14:09:25,2,8,0.0
2026-08-20,Humira,2.11,14:09:55,2,8,0.0
2026-08-20,Humira,16.09,14:10:25,2,8,149.36
2026-08-20,Humira,14.35,14:10:55,2,8,149.37
2026-08-20,Humira,9.97,14:11:25,2,8,149.38
2026-08-20,Humira,17.16,14:11:55,2,8,149.39
2026-08-20,Humira,9.84,14:12:25,2,8,149.4
2026-08-20,Humira,12.52,14:12:55,2,8,149.41
2026-08-20,Humira,15.1,14:13:25,2,8,149.42
2026-08-20,Humira,2.11,14:13:55,2,8,0.0
2026-08-20,Humira,15.33,14:14:25,2,8,149.45
2026-08-20,Humira,15.64,14:14:55,2,8,149.46
2026-08-20,Humira,6.86,14:15:25,2,8,0.0
2026-08-20,Humira,11.6,14:15:55,2,8,149.48
2026-08-20,Humira,7.44,14:16:25,2,8,0.0
2026-08-20,Humira,11.81,14:16:55,2,8,149.5
2026-08-20,Humira,12.0,14:17:25,2,8,149.51
2026-08-20,Humira,15.67,14:17:55,2,8,149.52
2026-08-20,Humira,12.87,14:18:25,2,8,149.53
2026-08-20,Humira,16.23,14:18:55,2,8,149.54
2026-08-20,Humira,13.35,14:19:25,2,8,149.55
2026-08-20,Humira,6.79,14:19:55,2,8,0.0
2026-08-20,Humira,11.47,14:20:25,2,8,149.58
2026-08-20,Humira,16.65,14:20:55,2,8,149.59
2026-08-20,Humira,13.09,14:21:25,2,8,149.6
2026-08-20,Humira,9.4,14:21:55,2,8,149.61
2026-08-20,Humira,17.7,14:22:25,2,8,149.62
2026-08-20,Humira,10.72,14:22:55,2,8,149.63
2026-08-20,Humira,17.99,14:23:25,2,8,149.64
2026-08-20,Humira,9.11,14:23:55,2,8,149.65
2026-08-20,Humira,3.11,14:24:25,2,8,0.0
2026-08-20,Humira,3.94,14:24:55,2,8,0.0
2026-08-20,Humira,10.15,14:25:25,2,8,149.68
2026-08-20,Humira,3.03,14:25:55,2,8,0.0
2026-08-20,Humira,17.91,14:26:25,2,8,149.71
2026-08-20,Humira,11.55,14:26:55,2,8,149.72
2026-08-20,Humira,9.47,14:27:25,2,8,149.73
2026-08-20,Humira,10.68,14:27:55,2,8,149.74
2026-08-20,Humira,15.3,14:28:25,2,8,149.75
2026-08-20,Humira,15.29,14:28:55,2,8,149.76
2026-08-20,Humira,13.44,14:29:25,2,8,149.77
2026-08-20,Humira,17.38,14:29:55,2,8,149.78
2026-08-20,Humira,9.47,14:30:25,2,8,149.79
2026-08-20,Humira,14.7,14:30:55,2,8,149.8
2026-08-20,Humira,10.09,14:31:25,2,8,149.81
2026-08-20,Humira,7.21,14:31:55,2,8,0.0
2026-08-20,Humira,10.82,14:32:25,2,8,149.84
2026-08-20,Humira,10.19,14:32:55,2,8,149.85
2026-08-20,Humira,13.66,14:33:25,2,8,149.86
2026-08-20,Humira,14.61,14:33:55,2,8,149.87
2026-08-20,Humira,13.97,14:34:25,2,8,149.88
2026-08-20,Humira,10.79,14:34:55,2,8,149.89
2026-08-20,Humira,15.57,14:35:25,2,8,149.9
2026-08-20,Humira,9.39,14:35:55,2,8,149.91
2026-08-20,Humira,11.74,14:36:25,2,8,149.92
2026-08-20,Humira,16.16,14:36:55,2,8,149.93
2026-08-20,Humira,16.5,14:37:25,2,8,149.94
2026-08-20,Humira,14.29,14:37:55,2,8,149.95
2026-08-20,Humira,16.86,14:38:25,2,8,149.97
2026-08-20,Humira,15.02,14:38:55,2,8,149.98
2026-08-20,Humira,9.8,14:39:25,2,8,149.99
2026-08-20,Humira,2.05,14:39:55,2,8,0.0
2026-08-20,Humira,5.48,14:40:25,2,8,0.0
2026-08-20,Humira,2.92,14:40:55,2,8,0.0
2026-08-20,Humira,3.59,14:41:25,2,8,0.0
2026-08-20,Humira,17.14,14:41:55,2,8,150.04
2026-08-20,Humira,6.93,14:42:25,2,8,0.0
2026-08-20,Humira,13.07,14:42:55,2,8,150.06
2026-08-20,Humira,13.99,14:43:25,2,8,150.07
2026-08-20,Humira,14.44,14:43:55,2,8,150.09
2026-08-20,Humira,3.78,14:44:25,2,8,0.0
2026-08-20,Humira,16.55,14:44:55,2,8,150.11
2026-08-20,Humira,5.1,14:45:25,2,8,0.0
2026-08-20,Humira,16.09,14:45:55,2,8,150.13
2026-08-20,Humira,13.51,14:46:25,2,8,150.14
2026-08-20,Humira,9.86,14:46:55,2,8,150.15
2026-08-20,Humira,9.24,14:47:25,2,8,150.16
2026-08-20,Humira,14.02,14:47:55,2,8,150.17
2026-08-20,Humira,11.38,14:48:25,2,8,150.18
2026-08-20,Humira,9.81,14:48:55,2,8,150.19
2026-08-20,Humira,5.0,14:49:25,2,8,0.0
2026-08-20,Humira,4.75,14:49:55,2,8,0.0
2026-08-20,Humira,15.15,14:50:25,2,8,150.23
2026-08-20,Humira,13.39,14:50:55,2,8,150.24
2026-08-20,Humira,5.18,14:51:25,2,8,0.0
2026-08-20,Humira,16.67,14:51:55,2,8,150.26
2026-08-20,Humira,13.48,14:52:25,2,8,150.27
2026-08-20,Humira,11.84,14:52:55,2,8,150.28
2026-08-20,Humira,14.47,14:53:25,2,8,150.29
2026-08-20,Humira,17.95,14:53:55,2,8,150.3
2026-08-20,Humira,11.98,14:54:25,2,8,150.31
2026-08-20,Humira,3.54,14:54:55,2,8,0.0
2026-08-20,Humira,11.37,14:55:25,2,8,150.33
2026-08-20,Humira,7.58,14:55:55,2,8,0.0
2026-08-20,Humira,2.68,14:56:25,2,8,0.0
2026-08-20,Humira,2.03,14:56:55,2,8,0.0
2026-08-20,Humira,13.91,14:57:25,2,8,150.38
2026-08-20,Humira,16.01,14:57:55,2,8,150.39
2026-08-20,Humira,14.06,14:58:25,2,8,150.4
2026-08-20,Humira,16.23,14:58:55,2,8,150.41
2026-08-20,Humira,12.0,14:59:25,2,8,150.42
2026-08-20,Humira,14.49,14:59:55,2,8,150.43
2026-08-20,Humira,9.35,15:00:25,2,8,150.44
2026-08-20,Humira,17.48,15:00:55,2,8,150.45
2026-08-20,Humira,13.01,15:01:25,2,8,150.46
2026-08-20,Humira,7.93,15:01:55,2,8,0.0
2026-08-20,Humira,14.95,15:02:25,2,8,150.49
2026-08-20,Humira,12.86,15:02:55,2,8,150.5
2026-08-20,Humira,17.9,15:03:25,2,8,150.51
2026-08-20,Humira,16.47,15:03:55,2,8,150.52
2026-08-20,Humira,16.38,15:04:25,2,8,150.53
2026-08-20,Humira,16.71,15:04:55,2,8,150.54
2026-08-20,Humira,13.91,15:05:25,2,8,150.55
2026-08-20,Humira,13.43,15:05:55,2,8,150.56
2026-08-20,Humira,9.1,15:06:25,2,8,150.57
2026-08-20,Humira,17.88,15:06:55,2,8,150.58
2026-08-20,Humira,17.65,15:07:25,2,8,150.59
2026-08-20,Humira,11.32,15:07:55,2,8,150.6
2026-08-20,Humira,9.4,15:08:25,2,8,150.62
2026-08-20,Humira,4.4,15:08:55,2,8,0.0
2026-08-20,Humira,4.55,15:09:25,2,8,0.0
2026-08-20,Humira,7.06,15:09:55,2,8,0.0
2026-08-20,Humira,7.49,15:10:25,2,8,0.0
2026-08-20,Humira,11.92,15:10:55,2,8,150.67
2026-08-20,Humira,11.47,15:11:25,2,8,150.68
2026-08-20,Humira,10.88,15:11:55,2,8,150.69
2026-08-20,Humira,9.52,15:12:25,2,8,150.7
2026-08-20,Humira,5.25,15:12:55,2,8,0.0
2026-08-20,Humira,14.21,15:13:25,2,8,150.72
2026-08-20,Humira,12.61,15:13:55,2,8,150.74
2026-08-20,Humira,16.42,15:14:25,2,8,150.75
2026-08-20,Humira,13.8,15:14:55,2,8,150.76
2026-08-20,Humira,17.29,15:15:25,2,8,150.77
2026-08-20,Humira,11.18,15:15:55,2,8,150.78
2026-08-20,Humira,16.1,15:16:25,2,8,150.79
2026-08-20,Humira,13.37,15:16:55,2,8,150.8
2026-08-20,Humira,13.17,15:17:25,2,8,150.81
2026-08-20,Humira,11.13,15:17:55,2,8,150.82
2026-08-20,Humira,14.25,15:18:25,2,8,150.83
2026-08-20,Humira,10.13,15:18:55,2,8,150.84
2026-08-20,Humira,12.63,15:19:25,2,8,150.85
2026-08-20,Humira,3.88,15:19:55,2,8,0.0
2026-08-20,Humira,7.72,15:20:25,2,8,0.0
2026-08-20,Humira,2.8,15:20:55,2,8,0.0
2026-08-20,Humira,13.84,15:21:25,2,8,150.9
2026-08-20,Humira,13.13,15:21:55,2,8,150.91
2026-08-20,Humira,13.54,15:22:25,2,8,150.92
2026-08-20,Humira,16.71,15:22:55,2,8,150.93
2026-08-20,Humira,14.26,15:23:25,2,8,150.94
2026-08-20,Humira,3.91,15:23:55,2,8,0.0
2026-08-20,Humira,14.04,15:24:25,2,8,150.96
2026-08-20,Humira,16.19,15:24:55,2,8,150.97
2026-08-20,Humira,6.74,15:25:25,2,8,0.0
2026-08-20,Humira,11.29,15:25:55,2,8,151.0
2026-08-20,Humira,13.37,15:26:25,2,8,151.01
2026-08-20,Humira,12.51,15:26:55,2,8,151.02
2026-08-20,Humira,17.58,15:27:25,2,8,151.03
2026-08-20,Humira,16.15,15:27:55,2,8,151.04
2026-08-20,Humira,14.69,15:28:25,2,8,151.05
2026-08-20,Humira,10.11,15:28:55,2,8,151.06
2026-08-20,Humira,11.85,15:29:25,2,8,151.07
2026-08-20,Humira,15.89,15:29:55,2,8,151.08
2026-08-20,Humira,10.0,15:30:25,2,8,151.09
2026-08-20,Humira,9.72,15:30:55,2,8,151.1
2026-08-20,Humira,15.76,15:31:25,2,8,151.11
2026-08-20,Humira,13.35,15:31:55,2,8,151.12
2026-08-20,Humira,12.86,15:32:25,2,8,151.14
2026-08-20,Humira,12.51,15:32:55,2,8,151.15
2026-08-20,Humira,17.72,15:33:25,2,8,151.16
2026-08-20,Humira,10.12,15:33:55,2,8,151.17
2026-08-20,Humira,2.52,15:34:25,2,8,0.0
2026-08-20,Humira,17.69,15:34:55,2,8,151.19
2026-08-20,Humira,10.35,15:35:25,2,8,151.2
2026-08-20,Humira,12.39,15:35:55,2,8,151.21
2026-08-20,Humira,13.76,15:36:25,2,8,151.22
2026-08-20,Humira,4.81,15:36:55,2,8,0.0
2026-08-20,Humira,6.27,15:37:25,2,8,0.0
2026-08-20,Humira,14.07,15:37:55,2,8,151.25
2026-08-20,Humira,7.46,15:38:25,2,8,0.0
2026-08-20,Humira,4.27,15:38:55,2,8,0.0
2026-08-20,Humira,5.41,15:39:25,2,8,0.0
2026-08-20,Humira,14.61,15:39:55,2,8,151.3
2026-08-20,Humira,11.35,15:40:25,2,8,151.31
2026-08-20,Humira,11.69,15:40:55,2,8,151.32
2026-08-20,Humira,14.77,15:41:25,2,8,151.33
2026-08-20,Humira,15.66,15:41:55,2,8,151.34
2026-08-20,Humira,3.26,15:42:25,2,8,0.0
2026-08-20,Humira,17.95,15:42:55,2,8,151.36
2026-08-20,Humira,17.39,15:43:25,2,8,151.37
2026-08-20,Humira,15.91,15:43:55,2,8,151.39
2026-08-20,Humira,7.58,15:44:25,2,8,0.0
2026-08-20,Humira,14.47,15:44:55,2,8,151.41
2026-08-20,Humira,9.8,15:45:25,2,8,151.42
2026-08-20,Humira,5.22,15:45:55,2,8,0.0
2026-08-20,Humira,12.55,15:46:25,2,8,151.44
2026-08-20,Humira,9.78,15:46:55,2,8,151.45
2026-08-20,Humira,2.06,15:47:25,2,8,0.0
2026-08-20,Humira,7.55,15:47:55,2,8,0.0
2026-08-20,Humira,4.5,15:48:25,2,8,0.0
2026-08-20,Humira,15.47,15:48:55,2,8,151.49
2026-08-20,Humira,9.1,15:49:25,2,8,151.5
2026-08-20,Humira,15.26,15:49:55,2,8,151.52
2026-08-20,Humira,17.06,15:50:25,2,8,151.53
2026-08-20,Humira,13.03,15:50:55,2,8,151.54
2026-08-20,Humira,6.31,15:51:25,2,8,0.0
2026-08-20,Humira,13.23,15:51:55,2,8,151.56
2026-08-20,Humira,17.81,15:52:25,2,8,151.57
2026-08-20,Humira,9.09,15:52:55,2,8,151.58
2026-08-20,Humira,6.12,15:53:25,2,8,0.0
2026-08-20,Humira,13.48,15:53:55,2,8,151.6
2026-08-20,Humira,15.06,15:54:25,2,8,151.61
2026-08-20,Humira,2.01,15:54:55,2,8,0.0
2026-08-20,Humira,12.48,15:55:25,2,8,151.63
2026-08-20,Humira,14.15,15:55:55,2,8,151.65
2026-08-20,Humira,17.64,15:56:25,2,8,151.66
2026-08-20,Humira,17.63,15:56:55,2,8,151.67
2026-08-20,Humira,6.23,15:57:25,2,8,0.0
2026-08-20,Humira,13.21,15:57:55,2,8,151.69
2026-08-20,Humira,16.36,15:58:25,2,8,151.7
2026-08-20,Humira,13.91,15:58:55,2,8,151.71
2026-08-20,Humira,13.45,15:59:25,2,8,151.72
2026-08-20,Humira,17.59,15:59:55,2,8,151.73
2026-08-20,Humira,16.28,16:00:25,2,8,151.74
2026-08-20,Humira,3.9,16:00:55,2,8,0.0
2026-08-20,Humira,10.81,16:01:25,2,8,151.76
2026-08-20,Humira,13.25,16:01:55,2,8,151.78
2026-08-20,Humira,4.65,16:02:25,2,8,0.0
2026-08-20,Humira,5.59,16:02:55,2,8,0.0
2026-08-20,Humira,12.2,16:03:25,2,8,151.81
2026-08-20,Humira,4.04,16:03:55,2,8,0.0
2026-08-20,Humira,12.11,16:04:25,2,8,151.83
2026-08-20,Humira,16.94,16:04:55,2,8,151.84
2026-08-20,Humira,10.22,16:05:25,2,8,151.85
2026-08-20,Humira,13.04,16:05:55,2,8,151.86
2026-08-20,Humira,5.76,16:06:25,2,8,0.0
2026-08-20,Humira,11.39,16:06:55,2,8,151.88
2026-08-20,Humira,11.68,16:07:25,2,8,151.89
2026-08-20,Humira,4.24,16:07:55,2,8,0.0
2026-08-20,Humira,12.28,16:08:25,2,8,151.92
2026-08-20,Humira,12.68,16:08:55,2,8,151.93
2026-08-20,Humira,16.17,16:09:25,2,8,151.94
2026-08-20,Humira,6.07,16:09:55,2,8,0.0
2026-08-20,Humira,9.81,16:10:25,2,8,151.96
2026-08-20,Humira,16.1,16:10:55,2,8,151.97
2026-08-20,Humira,17.83,16:11:25,2,8,151.98
2026-08-20,Humira,13.99,16:11:55,2,8,151.99
2026-08-20,Humira,15.56,16:12:25,2,8,152.0
2026-08-20,Humira,12.19,16:12:55,2,8,152.01
2026-08-20,Humira,10.23,16:13:25,2,8,152.02
2026-08-20,Humira,11.66,16:13:55,2,8,152.03
2026-08-20,Humira,10.81,16:14:25,2,8,152.05
2026-08-20,Humira,12.43,16:14:55,2,8,152.06
2026-08-20,Humira,3.58,16:15:25,2,8,0.0
2026-08-20,Humira,13.62,16:15:55,2,8,152.08
2026-08-20,Humira,13.14,16:16:25,2,8,152.09
2026-08-20,Humira,16.54,16:16:55,2,8,152.1
2026-08-20,Humira,12.62,16:17:25,2,8,152.11
2026-08-20,Humira,13.31,16:17:55,2,8,152.12
2026-08-20,Humira,9.18,16:18:25,2,8,152.13
2026-08-20,Humira,12.45,16:18:55,2,8,152.14
2026-08-20,Humira,10.19,16:19:25,2,8,152.15
2026-08-20,Humira,5.6,16:19:55,2,8,0.0
2026-08-20,Humira,16.08,16:20:25,2,8,152.18
2026-08-20,Humira,14.39,16:20:55,2,8,152.19
2026-08-20,Humira,7.64,16:21:25,2,8,0.0
2026-08-20,Humira,14.88,16:21:55,2,8,152.21
2026-08-20,Humira,5.27,16:22:25,2,8,0.0
2026-08-20,Humira,17.43,16:22:55,2,8,152.23
2026-08-20,Humira,5.14,16:23:25,2,8,0.0
2026-08-20,Humira,11.31,16:23:55,2,8,152.25
2026-08-20,Humira,12.69,16:24:25,2,8,152.26
2026-08-20,Humira,17.86,16:24:55,2,8,152.27
2026-08-20,Humira,6.29,16:25:25,2,8,0.0
2026-08-20,Humira,9.2,16:25:55,2,8,152.3
2026-08-20,Humira,11.33,16:26:25,2,8,152.31
2026-08-20,Humira,11.34,16:26:55,2,8,152.32
2026-08-20,Humira,13.54,16:27:25,2,8,152.33
2026-08-20,Humira,13.37,16:27:55,2,8,152.34
2026-08-20,Humira,15.23,16:28:25,2,8,152.35
2026-08-20,Humira,11.83,16:28:55,2,8,152.36
2026-08-20,Humira,15.09,16:29:25,2,8,152.37
2026-08-20,Humira,11.99,16:29:55,2,8,152.38
2026-08-20,Humira,17.06,16:30:25,2,8,152.39
2026-08-20,Humira,17.13,16:30:55,2,8,152.4
2026-08-20,Humira,11.22,16:31:25,2,8,152.41
2026-08-20,Humira,14.75,16:31:55,2,8,152.43
2026-08-20,Humira,2.35,16:32:25,2,8,0.0
2026-08-20,Humira,9.67,16:32:55,2,8,152.45
2026-08-20,Humira,16.15,16:33:25,2,8,152.46
2026-08-20,Humira,6.6,16:33:55,2,8,0.0
2026-08-20,Humira,15.74,16:34:25,2,8,152.48
2026-08-20,Humira,2.47,16:34:55,2,8,0.0
2026-08-20,Humira,13.79,16:35:25,2,8,152.5
2026-08-20,Humira,7.96,16:35:55,2,8,0.0
2026-08-20,Humira,10.93,16:36:25,2,8,152.52
2026-08-20,Humira,10.01,16:36:55,2,8,152.53
2026-08-20,Humira,16.38,16:37:25,2,8,152.54
2026-08-20,Humira,13.15,16:37:55,2,8,152.56
2026-08-20,Humira,4.3,16:38:25,2,8,0.0
2026-08-20,Humira,13.82,16:38:55,2,8,152.58
2026-08-20,Humira,16.0,16:39:25,2,8,152.59
2026-08-20,Humira,10.12,16:39:55,2,8,152.6
2026-08-20,Humira,3.23,16:40:25,2,8,0.0
2026-08-20,Humira,4.17,16:40:55,2,8,0.0
2026-08-20,Humira,17.02,16:41:25,2,8,152.63
2026-08-20,Humira,16.69,16:41:55,2,8,152.64
2026-08-20,Humira,13.04,16:42:25,2,8,152.65
2026-08-20,Humira,2.42,16:42:55,2,8,0.0
2026-08-20,Humira,14.21,16:43:25,2,8,152.67
2026-08-20,Humira,17.52,16:43:55,2,8,152.69
2026-08-20,Humira,10.88,16:44:25,2,8,152.7
2026-08-20,Humira,8.0,16:44:55,2,8,0.0
2026-08-20,Humira,3.98,16:45:25,2,8,0.0
2026-08-20,Humira,14.81,16:45:55,2,8,152.73
2026-08-20,Humira,10.95,16:46:25,2,8,152.74
2026-08-20,Humira,9.48,16:46:55,2,8,152.75
2026-08-20,Humira,14.95,16:47:25,2,8,152.76
2026-08-20,Humira,10.55,16:47:55,2,8,152.77
2026-08-20,Humira,2.74,16:48:25,2,8,0.0
2026-08-20,Humira,16.55,16:48:55,2,8,152.79
2026-08-20,Humira,12.43,16:49:25,2,8,152.8
2026-08-20,Humira,9.31,16:49:55,2,8,152.81
2026-08-20,Humira,3.86,16:50:25,2,8,0.0
2026-08-20,Humira,7.09,16:50:55,2,8,0.0
2026-08-20,Humira,16.73,16:51:25,2,8,152.85
2026-08-20,Humira,13.47,16:51:55,2,8,152.86
2026-08-20,Humira,15.25,16:52:25,2,8,152.87
2026-08-20,Humira,14.39,16:52:55,2,8,152.88
2026-08-20,Humira,16.65,16:53:25,2,8,152.89
2026-08-20,Humira,13.28,16:53:55,2,8,152.9
2026-08-20,Humira,11.5,16:54:25,2,8,152.91
2026-08-20,Humira,6.18,16:54:55,2,8,0.0
2026-08-20,Humira,2.77,16:55:25,2,8,0.0
2026-08-20,Humira,17.32,16:55:55,2,8,152.95
2026-08-20,Humira,7.02,16:56:25,2,8,0.0
2026-08-20,Humira,10.83,16:56:55,2,8,152.97
2026-08-20,Humira,14.76,16:57:25,2,8,152.98
2026-08-20,Humira,5.2,16:57:55,2,8,0.0
2026-08-20,Humira,9.24,16:58:25,2,8,153.0
2026-08-20,Humira,9.09,16:58:55,2,8,153.01
2026-08-20,Humira,4.61,16:59:25,2,8,0.0
2026-08-20,Humira,17.98,16:59:55,2,8,153.03
2026-08-20,Humira,11.42,17:00:25,2,8,153.04
2026-08-20,Humira,11.03,17:00:55,2,8,153.05
2026-08-20,Humira,13.61,17:01:25,2,8,153.06
2026-08-20,Humira,10.39,17:01:55,2,8,153.08
2026-08-20,Humira,10.91,17:02:25,2,8,153.09
2026-08-20,Humira,3.2,17:02:55,2,8,0.0
2026-08-20,Humira,9.75,17:03:25,2,8,153.11
2026-08-20,Humira,15.71,17:03:55,2,8,153.12
2026-08-20,Humira,9.33,17:04:25,2,8,153.13
2026-08-20,Humira,11.68,17:04:55,2,8,153.14
2026-08-20,Humira,11.88,17:05:25,2,8,153.15
2026-08-20,Humira,11.77,17:05:55,2,8,153.16
2026-08-20,Humira,2.35,17:06:25,2,8,0.0
2026-08-20,Humira,5.63,17:06:55,2,8,0.0
2026-08-20,Humira,9.14,17:07:25,2,8,153.19
2026-08-20,Humira,7.97,17:07:55,2,8,0.0
2026-08-20,Humira,13.73,17:08:25,2,8,153.22
2026-08-20,Humira,11.51,17:08:55,2,8,153.23
2026-08-20,Humira,5.72,17:09:25,2,8,0.0
2026-08-20,Humira,16.65,17:09:55,2,8,153.25
2026-08-20,Humira,10.26,17:10:25,2,8,153.26
2026-08-20,Humira,2.15,17:10:55,2,8,0.0
2026-08-20,Humira,12.83,17:11:25,2,8,153.28
2026-08-20,Humira,15.07,17:11:55,2,8,153.29
2026-08-20,Humira,15.68,17:12:25,2,8,153.3
2026-08-20,Humira,11.21,17:12:55,2,8,153.31
2026-08-20,Humira,10.4,17:13:25,2,8,153.32
2026-08-20,Humira,7.67,17:13:55,2,8,0.0
2026-08-20,Humira,15.82,17:14:25,2,8,153.35
2026-08-20,Humira,17.45,17:14:55,2,8,153.36
2026-08-20,Humira,6.55,17:15:25,2,8,0.0
2026-08-20,Humira,16.89,17:15:55,2,8,153.38
2026-08-20,Humira,15.11,17:16:25,2,8,153.39
2026-08-20,Humira,10.92,17:16:55,2,8,153.4
2026-08-20,Humira,5.21,17:17:25,2,8,0.0
2026-08-20,Humira,13.88,17:17:55,2,8,153.42
2026-08-20,Humira,17.7,17:18:25,2,8,153.43
2026-08-20,Humira,6.8,17:18:55,2,8,0.0
2026-08-20,Humira,12.36,17:19:25,2,8,153.45
2026-08-20,Humira,4.22,17:19:55,2,8,0.0
2026-08-20,Humira,10.4,17:20:25,2,8,153.48
2026-08-20,Humira,14.3,17:20:55,2,8,153.49
2026-08-20,Humira,13.44,17:21:25,2,8,153.5
2026-08-20,Humira,17.24,17:21:55,2,8,153.51
2026-08-20,Humira,13.21,17:22:25,2,8,153.52
2026-08-20,Humira,13.7,17:22:55,2,8,153.53
2026-08-20,Humira,10.08,17:23:25,2,8,153.54
2026-08-20,Humira,16.32,17:23:55,2,8,153.55
2026-08-20,Humira,15.16,17:24:25,2,8,153.56
2026-08-20,Humira,10.63,17:24:55,2,8,153.57
2026-08-20,Humira,11.26,17:25:25,2,8,153.58
2026-08-20,Humira,13.18,17:25:55,2,8,153.59
2026-08-20,Humira,16.22,17:26:25,2,8,153.61
2026-08-20,Humira,15.44,17:26:55,2,8,153.62
2026-08-20,Humira,11.62,17:27:25,2,8,153.63
2026-08-20,Humira,15.07,17:27:55,2,8,153.64
2026-08-20,Humira,10.67,17:28:25,2,8,153.65
2026-08-20,Humira,13.69,17:28:55,2,8,153.66
2026-08-20,Humira,16.28,17:29:25,2,8,153.67
2026-08-20,Humira,9.87,17:29:55,2,8,153.68
2026-08-20,Humira,15.29,17:30:25,2,8,153.69
2026-08-20,Humira,14.0,17:30:55,2,8,153.7
2026-08-20,Humira,2.69,17:31:25,2,8,0.0
2026-08-20,Humira,14.63,17:31:55,2,8,153.72
2026-08-20,Humira,12.16,17:32:25,2,8,153.74
2026-08-20,Humira,10.93,17:32:55,2,8,153.75
2026-08-20,Humira,5.98,17:33:25,2,8,0.0
2026-08-20,Humira,9.72,17:33:55,2,8,153.77
2026-08-20,Humira,4.13,17:34:25,2,8,0.0
2026-08-20,Humira,13.1,17:34:55,2,8,153.79
2026-08-20,Humira,16.64,17:35:25,2,8,153.8
2026-08-20,Humira,13.52,17:35:55,2,8,153.81
2026-08-20,Humira,11.32,17:36:25,2,8,153.82
2026-08-20,Humira,13.32,17:36:55,2,8,153.83
2026-08-20,Humira,2.89,17:37:25,2,8,0.0
2026-08-20,Humira,17.37,17:37:55,2,8,153.85
2026-08-20,Humira,13.04,17:38:25,2,8,153.87
2026-08-20,Humira,11.77,17:38:55,2,8,153.88
2026-08-20,Humira,11.31,17:39:25,2,8,153.89
2026-08-20,Humira,4.41,17:39:55,2,8,0.0
2026-08-20,Humira,13.6,17:40:25,2,8,153.91
2026-08-20,Humira,17.2,17:40:55,2,8,153.92
2026-08-20,Humira,15.67,17:41:25,2,8,153.93
2026-08-20,Humira,13.63,17:41:55,2,8,153.94
2026-08-20,Humira,17.47,17:42:25,2,8,153.95
2026-08-20,Humira,7.81,17:42:55,2,8,0.0
2026-08-20,Humira,10.16,17:43:25,2,8,153.97
2026-08-20,Humira,9.67,17:43:55,2,8,153.99
2026-08-20,Humira,11.85,17:44:25,2,8,154.0
2026-08-20,Humira,15.51,17:44:55,2,8,154.01
2026-08-20,Humira,16.92,17:45:25,2,8,154.02
2026-08-20,Humira,4.0,17:45:55,2,8,0.0
2026-08-20,Humira,5.01,17:46:25,2,8,0.0
2026-08-20,Humira,9.98,17:46:55,2,8,154.05
2026-08-20,Humira,4.54,17:47:25,2,8,0.0
2026-08-20,Humira,16.22,17:47:55,2,8,154.07
2026-08-20,Humira,14.06,17:48:25,2,8,154.08
2026-08-20,Humira,13.22,17:48:55,2,8,154.09
2026-08-20,Humira,13.95,17:49:25,2,8,154.1
2026-08-20,Humira,7.54,17:49:55,2,8,0.0
2026-08-20,Humira,10.12,17:50:25,2,8,154.13
2026-08-20,Humira,9.18,17:50:55,2,8,154.14
2026-08-20,Humira,9.68,17:51:25,2,8,154.15
2026-08-20,Humira,14.72,17:51:55,2,8,154.16
2026-08-20,Humira,9.77,17:52:25,2,8,154.17
2026-08-20,Humira,9.93,17:52:55,2,8,154.18
2026-08-20,Humira,14.74,17:53:25,2,8,154.19
2026-08-20,Humira,10.05,17:53:55,2,8,154.2
2026-08-20,Humira,2.86,17:54:25,2,8,0.0
2026-08-20,Humira,9.74,17:54:55,2,8,154.22
2026-08-20,Humira,15.55,17:55:25,2,8,154.23
2026-08-20,Humira,11.36,17:55:55,2,8,154.25
2026-08-20,Humira,14.69,17:56:25,2,8,154.26
2026-08-20,Humira,11.33,17:56:55,2,8,154.27
2026-08-20,Humira,3.88,17:57:25,2,8,0.0
2026-08-20,Humira,16.26,17:57:55,2,8,154.29
2026-08-20,Humira,15.17,17:58:25,2,8,154.3
2026-08-20,Humira,11.81,17:58:55,2,8,154.31
2026-08-20,Humira,16.28,17:59:25,2,8,154.32
2026-08-20,Humira,10.63,17:59:55,2,8,154.33
2026-08-20,Humira,9.74,18:00:25,2,8,154.34
2026-08-20,Humira,5.47,18:00:55,2,8,0.0
2026-08-20,Humira,17.9,18:01:25,2,8,154.36
2026-08-20,Humira,7.15,18:01:55,2,8,0.0
2026-08-20,Humira,14.26,18:02:25,2,8,154.39
2026-08-20,Humira,12.52,18:02:55,2,8,154.4
2026-08-20,Humira,3.86,18:03:25,2,8,0.0
2026-08-20,Humira,16.3,18:03:55,2,8,154.42
2026-08-20,Humira,6.42,18:04:25,2,8,0.0
2026-08-20,Humira,16.79,18:04:55,2,8,154.44
2026-08-20,Humira,17.98,18:05:25,2,8,154.45
2026-08-20,Humira,16.09,18:05:55,2,8,154.46
2026-08-20,Humira,13.16,18:06:25,2,8,154.47
2026-08-20,Humira,12.14,18:06:55,2,8,154.48
2026-08-20,Humira,7.67,18:07:25,2,8,0.0
2026-08-20,Humira,4.75,18:07:55,2,8,0.0
2026-08-20,Humira,11.45,18:08:25,2,8,154.52
2026-08-20,Humira,4.41,18:08:55,2,8,0.0
2026-08-20,Humira,6.95,18:09:25,2,8,0.0
2026-08-20,Humira,15.43,18:09:55,2,8,154.55
2026-08-20,Humira,4.75,18:10:25,2,8,0.0
2026-08-20,Humira,9.56,18:10:55,2,8,154.57
2026-08-20,Humira,11.13,18:11:25,2,8,154.58
2026-08-20,Humira,7.02,18:11:55,2,8,0.0
2026-08-20,Humira,17.39,18:12:25,2,8,154.6
2026-08-20,Humira,10.68,18:12:55,2,8,154.61
2026-08-20,Humira,3.02,18:13:25,2,8,0.0
2026-08-20,Humira,12.5,18:13:55,2,8,154.64
2026-08-20,Humira,10.38,18:14:25,2,8,154.65
2026-08-20,Humira,13.58,18:14:55,2,8,154.66
2026-08-20,Humira,7.52,18:15:25,2,8,0.0
2026-08-20,Humira,16.87,18:15:55,2,8,154.68
2026-08-20,Humira,15.59,18:16:25,2,8,154.69
2026-08-20,Humira,15.52,18:16:55,2,8,154.7
2026-08-20,Humira,11.54,18:17:25,2,8,154.71
2026-08-20,Humira,12.14,18:17:55,2,8,154.72
2026-08-20,Humira,11.4,18:18:25,2,8,154.73
2026-08-20,Humira,9.45,18:18:55,2,8,154.74
2026-08-20,Humira,14.18,18:19:25,2,8,154.75
2026-08-20,Humira,13.42,18:19:55,2,8,154.77
2026-08-20,Humira,14.66,18:20:25,2,8,154.78
2026-08-20,Humira,13.49,18:20:55,2,8,154.79
2026-08-20,Humira,9.27,18:21:25,2,8,154.8
2026-08-20,Humira,15.7,18:21:55,2,8,154.81
2026-08-20,Humira,17.05,18:22:25,2,8,154.82
2026-08-20,Humira,13.05,18:22:55,2,8,154.83
2026-08-20,Humira,10.9,18:23:25,2,8,154.84
2026-08-20,Humira,15.29,18:23:55,2,8,154.85
2026-08-20,Humira,13.51,18:24:25,2,8,154.86
2026-08-20,Humira,7.86,18:24:55,2,8,0.0
2026-08-20,Humira,5.33,18:25:25,2,8,0.0
2026-08-20,Humira,2.56,18:25:55,2,8,0.0
2026-08-20,Humira,4.45,18:26:25,2,8,0.0
2026-08-20,Humira,11.55,18:26:55,2,8,154.92
2026-08-20,Humira,15.23,18:27:25,2,8,154.93
2026-08-20,Humira,13.83,18:27:55,2,8,154.94
2026-08-20,Humira,10.78,18:28:25,2,8,154.95
2026-08-20,Humira,13.03,18:28:55,2,8,154.96
2026-08-20,Humira,3.82,18:29:25,2,8,0.0
2026-08-20,Humira,14.14,18:29:55,2,8,154.98
2026-08-20,Humira,12.15,18:30:25,2,8,154.99
2026-08-20,Humira,13.83,18:30:55,2,8,155.0
2026-08-20,Humira,10.09,18:31:25,2,8,155.01
2026-08-20,Humira,17.94,18:31:55,2,8,155.03
2026-08-20,Humira,13.6,18:32:25,2,8,155.04
2026-08-20,Humira,16.02,18:32:55,2,8,155.05
2026-08-20,Humira,3.65,18:33:25,2,8,0.0
2026-08-20,Humira,16.31,18:33:55,2,8,155.07
2026-08-20,Humira,5.64,18:34:25,2,8,0.0
2026-08-20,Humira,3.09,18:34:55,2,8,0.0
2026-08-20,Humira,11.79,18:35:25,2,8,155.1
2026-08-20,Humira,11.49,18:35:55,2,8,155.11
2026-08-20,Humira,4.13,18:36:25,2,8,0.0
2026-08-20,Humira,16.81,18:36:55,2,8,155.13
2026-08-20,Humira,6.67,18:37:25,2,8,0.0
2026-08-20,Humira,12.94,18:37:55,2,8,155.16
2026-08-20,Humira,2.54,18:38:25,2,8,0.0
2026-08-20,Humira,17.26,18:38:55,2,8,155.18
2026-08-20,Humira,11.91,18:39:25,2,8,155.19
2026-08-20,Humira,4.03,18:39:55,2,8,0.0
2026-08-20,Humira,12.35,18:40:25,2,8,155.21
2026-08-20,Humira,15.93,18:40:55,2,8,155.22
2026-08-20,Humira,9.81,18:41:25,2,8,155.23
2026-08-20,Humira,13.9,18:41:55,2,8,155.24
2026-08-20,Humira,17.83,18:42:25,2,8,155.25
2026-08-20,Humira,11.83,18:42:55,2,8,155.26
2026-08-20,Humira,9.3,18:43:25,2,8,155.27
2026-08-20,Humira,14.69,18:43:55,2,8,155.28
2026-08-20,Humira,15.74,18:44:25,2,8,155.3
2026-08-20,Humira,16.91,18:44:55,2,8,155.31
2026-08-20,Humira,11.04,18:45:25,2,8,155.32
2026-08-20,Humira,5.94,18:45:55,2,8,0.0
2026-08-20,Humira,4.62,18:46:25,2,8,0.0
2026-08-20,Humira,2.41,18:46:55,2,8,0.0
2026-08-20,Humira,16.86,18:47:25,2,8,155.36
2026-08-20,Humira,17.94,18:47:55,2,8,155.37
2026-08-20,Humira,7.9,18:48:25,2,8,0.0
2026-08-20,Humira,3.46,18:48:55,2,8,0.0
2026-08-20,Humira,10.83,18:49:25,2,8,155.4
2026-08-20,Humira,16.17,18:49:55,2,8,155.41
2026-08-20,Humira,9.69,18:50:25,2,8,155.43
2026-08-20,Humira,17.99,18:50:55,2,8,155.44
2026-08-20,Humira,4.43,18:51:25,2,8,0.0
2026-08-20,Humira,11.39,18:51:55,2,8,155.46
2026-08-20,Humira,16.57,18:52:25,2,8,155.47
2026-08-20,Humira,17.38,18:52:55,2,8,155.48
2026-08-20,Humira,15.2,18:53:25,2,8,155.49
2026-08-20,Humira,10.36,18:53:55,2,8,155.5
2026-08-20,Humira,9.32,18:54:25,2,8,155.51
2026-08-20,Humira,4.6,18:54:55,2,8,0.0
2026-08-20,Humira,13.53,18:55:25,2,8,155.53
2026-08-20,Humira,11.06,18:55:55,2,8,155.55
2026-08-20,Humira,13.38,18:56:25,2,8,155.56
2026-08-20,Humira,3.08,18:56:55,2,8,0.0
2026-08-20,Humira,6.62,18:57:25,2,8,0.0
2026-08-20,Humira,3.57,18:57:55,2,8,0.0
2026-08-20,Humira,14.82,18:58:25,2,8,155.6
2026-08-20,Humira,10.22,18:58:55,2,8,155.61
2026-08-20,Humira,9.25,18:59:25,2,8,155.62
2026-08-20,Humira,13.75,18:59:55,2,8,155.63
2026-08-20,Humira,7.56,19:00:25,2,8,0.0
2026-08-20,Humira,12.35,19:00:55,2,8,155.65
2026-08-20,Humira,13.24,19:01:25,2,8,155.66
2026-08-20,Humira,16.26,19:01:55,2,8,155.68
2026-08-20,Humira,9.67,19:02:25,2,8,155.69
2026-08-20,Humira,4.98,19:02:55,2,8,0.0
2026-08-20,Humira,9.57,19:03:25,2,8,155.71
2026-08-20,Humira,3.58,19:03:55,2,8,0.0
2026-08-20,Humira,10.96,19:04:25,2,8,155.73
2026-08-20,Humira,4.7,19:04:55,2,8,0.0
2026-08-20,Humira,12.6,19:05:25,2,8,155.75
2026-08-20,Humira,7.25,19:05:55,2,8,0.0
2026-08-20,Humira,6.66,19:06:25,2,8,0.0
2026-08-20,Humira,15.25,19:06:55,2,8,155.78
2026-08-20,Humira,11.24,19:07:25,2,8,155.79
2026-08-20,Humira,2.92,19:07:55,2,8,0.0
2026-08-20,Humira,9.46,19:08:25,2,8,155.82
2026-08-20,Humira,9.82,19:08:55,2,8,155.83
2026-08-20,Humira,4.67,19:09:25,2,8,0.0
2026-08-20,Humira,5.58,19:09:55,2,8,0.0
2026-08-20,Humira,10.24,19:10:25,2,8,155.86
2026-08-20,Humira,10.68,19:10:55,2,8,155.87
2026-08-20,Humira,14.25,19:11:25,2,8,155.88
2026-08-20,Humira,9.41,19:11:55,2,8,155.89
2026-08-20,Humira,9.98,19:12:25,2,8,155.9
2026-08-20,Humira,17.58,19:12:55,2,8,155.91
2026-08-20,Humira,2.23,19:13:25,2,8,0.0
2026-08-20,Humira,11.24,19:13:55,2,8,155.94
2026-08-20,Humira,9.42,19:14:25,2,8,155.95
2026-08-20,Humira,7.86,19:14:55,2,8,0.0
2026-08-20,Humira,12.92,19:15:25,2,8,155.97
2026-08-20,Humira,12.68,19:15:55,2,8,155.98
2026-08-20,Humira,12.22,19:16:25,2,8,155.99
2026-08-20,Humira,3.15,19:16:55,2,8,0.0
2026-08-20,Humira,17.56,19:17:25,2,8,156.01
2026-08-20,Humira,16.42,19:17:55,2,8,156.02
2026-08-20,Humira,10.84,19:18:25,2,8,156.03
2026-08-20,Humira,6.5,19:18:55,2,8,0.0
2026-08-20,Humira,15.11,19:19:25,2,8,156.05
2026-08-20,Humira,6.44,19:19:55,2,8,0.0
2026-08-20,Humira,10.47,19:20:25,2,8,156.08
2026-08-20,Humira,15.97,19:20:55,2,8,156.09
2026-08-20,Humira,12.81,19:21:25,2,8,156.1
2026-08-20,Humira,9.38,19:21:55,2,8,156.11
2026-08-20,Humira,11.69,19:22:25,2,8,156.12
2026-08-20,Humira,14.41,19:22:55,2,8,156.13
2026-08-20,Humira,15.1,19:23:25,2,8,156.14
2026-08-20,Humira,14.55,19:23:55,2,8,156.15
2026-08-20,Humira,9.24,19:24:25,2,8,156.16
2026-08-20,Humira,16.93,19:24:55,2,8,156.17
2026-08-20,Humira,10.58,19:25:25,2,8,156.18
2026-08-20,Humira,17.63,19:25:55,2,8,156.2
2026-08-20,Humira,5.49,19:26:25,2,8,0.0
2026-08-20,Humira,12.17,19:26:55,2,8,156.22
2026-08-20,Humira,12.24,19:27:25,2,8,156.23
2026-08-20,Humira,13.65,19:27:55,2,8,156.24
2026-08-20,Humira,2.34,19:28:25,2,8,0.0
2026-08-20,Humira,15.43,19:28:55,2,8,156.26
2026-08-20,Humira,15.11,19:29:25,2,8,156.27
2026-08-20,Humira,4.11,19:29:55,2,8,0.0
2026-08-20,Humira,11.92,19:30:25,2,8,156.29
2026-08-20,Humira,15.6,19:30:55,2,8,156.3
2026-08-20,Humira,3.65,19:31:25,2,8,0.0
2026-08-20,Humira,15.75,19:31:55,2,8,156.33
2026-08-20,Humira,10.71,19:32:25,2,8,156.34
2026-08-20,Humira,10.62,19:32:55,2,8,156.35
2026-08-20,Humira,4.03,19:33:25,2,8,0.0
2026-08-20,Humira,13.17,19:33:55,2,8,156.37
2026-08-20,Humira,12.17,19:34:25,2,8,156.38
2026-08-20,Humira,4.55,19:34:55,2,8,0.0
2026-08-20,Humira,12.87,19:35:25,2,8,156.4
2026-08-20,Humira,14.43,19:35:55,2,8,156.41
2026-08-20,Humira,9.24,19:36:25,2,8,156.42
2026-08-20,Humira,15.89,19:36:55,2,8,156.43
2026-08-20,Humira,17.77,19:37:25,2,8,156.44
2026-08-20,Humira,12.11,19:37:55,2,8,156.45
2026-08-20,Humira,14.71,19:38:25,2,8,156.47
2026-08-20,Humira,14.85,19:38:55,2,8,156.48
2026-08-20,Humira,14.29,19:39:25,2,8,156.49
2026-08-20,Humira,7.21,19:39:55,2,8,0.0
2026-08-20,Humira,9.68,19:40:25,2,8,156.51
2026-08-20,Humira,17.25,19:40:55,2,8,156.52
2026-08-20,Humira,11.15,19:41:25,2,8,156.53
2026-08-20,Humira,9.12,19:41:55,2,8,156.54
2026-08-20,Humira,17.01,19:42:25,2,8,156.55
2026-08-20,Humira,17.22,19:42:55,2,8,156.56
2026-08-20,Humira,3.13,19:43:25,2,8,0.0
2026-08-20,Humira,13.76,19:43:55,2,8,156.59
2026-08-20,Humira,12.11,19:44:25,2,8,156.6
2026-08-20,Humira,15.88,19:44:55,2,8,156.61
2026-08-20,Humira,16.48,19:45:25,2,8,156.62
2026-08-20,Humira,17.39,19:45:55,2,8,156.63
2026-08-20,Humira,10.85,19:46:25,2,8,156.64
2026-08-20,Humira,13.25,19:46:55,2,8,156.65
2026-08-20,Humira,6.5,19:47:25,2,8,0.0
2026-08-20,Humira,13.34,19:47:55,2,8,156.67
2026-08-20,Humira,9.16,19:48:25,2,8,156.68
2026-08-20,Humira,7.92,19:48:55,2,8,0.0
2026-08-20,Humira,3.72,19:49:25,2,8,0.0
2026-08-20,Humira,17.26,19:49:55,2,8,156.72
2026-08-20,Humira,13.03,19:50:25,2,8,156.73
2026-08-20,Humira,12.5,19:50:55,2,8,156.74
2026-08-20,Humira,12.95,19:51:25,2,8,156.75
2026-08-20,Humira,13.23,19:51:55,2,8,156.76
2026-08-20,Humira,16.34,19:52:25,2,8,156.77
2026-08-20,Humira,16.06,19:52:55,2,8,156.78
2026-08-20,Humira,13.9,19:53:25,2,8,156.79
2026-08-20,Humira,11.52,19:53:55,2,8,156.8
2026-08-20,Humira,2.17,19:54:25,2,8,0.0
2026-08-20,Humira,17.79,19:54:55,2,8,156.82
2026-08-20,Humira,13.72,19:55:25,2,8,156.83
2026-08-20,Humira,15.14,19:55:55,2,8,156.84
2026-08-20,Humira,9.84,19:56:25,2,8,156.86
2026-08-20,Humira,15.7,19:56:55,2,8,156.87
2026-08-20,Humira,13.27,19:57:25,2,8,156.88
2026-08-20,Humira,12.02,19:57:55,2,8,156.89
2026-08-20,Humira,17.29,19:58:25,2,8,156.9
2026-08-20,Humira,2.96,19:58:55,2,8,0.0
2026-08-20,Humira,15.17,19:59:25,2,8,156.92
2026-08-20,Humira,14.75,19:59:55,2,8,156.93
2026-08-20,Humira,16.75,20:00:25,2,8,156.94
2026-08-20,Humira,9.45,20:00:55,2,8,156.95
2026-08-20,Humira,3.16,20:01:25,2,8,0.0
2026-08-20,Humira,16.8,20:01:55,2,8,156.97
2026-08-20,Humira,10.41,20:02:25,2,8,156.99
2026-08-20,Humira,16.99,20:02:55,2,8,157.0
2026-08-20,Humira,15.18,20:03:25,2,8,157.01
2026-08-20,Humira,14.93,20:03:55,2,8,157.02
2026-08-20,Humira,17.15,20:04:25,2,8,157.03
2026-08-20,Humira,13.17,20:04:55,2,8,157.04
2026-08-20,Humira,5.02,20:05:25,2,8,0.0
2026-08-20,Humira,17.05,20:05:55,2,8,157.06
2026-08-20,Humira,17.58,20:06:25,2,8,157.07
2026-08-20,Humira,6.88,20:06:55,2,8,0.0
2026-08-20,Humira,12.19,20:07:25,2,8,157.09
2026-08-20,Humira,2.01,20:07:55,2,8,0.0
2026-08-20,Humira,11.19,20:08:25,2,8,157.12
2026-08-20,Humira,2.4,20:08:55,2,8,0.0
2026-08-20,Humira,6.55,20:09:25,2,8,0.0
2026-08-20,Humira,3.71,20:09:55,2,8,0.0
2026-08-20,Humira,10.22,20:10:25,2,8,157.16
2026-08-20,Humira,10.28,20:10:55,2,8,157.17
2026-08-20,Humira,10.9,20:11:25,2,8,157.18
2026-08-20,Humira,11.89,20:11:55,2,8,157.19
2026-08-20,Humira,5.18,20:12:25,2,8,0.0
2026-08-20,Humira,11.49,20:12:55,2,8,157.21
2026-08-20,Humira,7.04,20:13:25,2,8,0.0
2026-08-20,Humira,3.08,20:13:55,2,8,0.0
2026-08-20,Humira,17.85,20:14:25,2,8,157.25
2026-08-20,Humira,9.04,20:14:55,2,8,157.26
2026-08-20,Humira,3.88,20:15:25,2,8,0.0
2026-08-20,Humira,5.26,20:15:55,2,8,0.0
2026-08-20,Humira,15.49,20:16:25,2,8,157.29
2026-08-20,Humira,7.46,20:16:55,2,8,0.0
2026-08-20,Humira,15.34,20:17:25,2,8,157.31
2026-08-20,Humira,14.51,20:17:55,2,8,157.32
2026-08-20,Humira,14.16,20:18:25,2,8,157.33
2026-08-20,Humira,9.35,20:18:55,2,8,157.34
2026-08-20,Humira,16.01,20:19:25,2,8,157.35
2026-08-20,Humira,6.23,20:19:55,2,8,0.0
2026-08-20,Humira,17.77,20:20:25,2,8,157.38
2026-08-20,Humira,15.53,20:20:55,2,8,157.39
2026-08-20,Humira,11.38,20:21:25,2,8,157.4
2026-08-20,Humira,10.85,20:21:55,2,8,157.41
2026-08-20,Humira,14.86,20:22:25,2,8,157.42
2026-08-20,Humira,6.62,20:22:55,2,8,0.0
2026-08-20,Humira,13.38,20:23:25,2,8,157.44
2026-08-20,Humira,11.98,20:23:55,2,8,157.45
2026-08-20,Humira,16.68,20:24:25,2,8,157.46
2026-08-20,Humira,13.42,20:24:55,2,8,157.47
2026-08-20,Humira,9.18,20:25:25,2,8,157.48
2026-08-20,Humira,14.09,20:25:55,2,8,157.5
2026-08-20,Humira,11.45,20:26:25,2,8,157.51
2026-08-20,Humira,13.11,20:26:55,2,8,157.52
2026-08-20,Humira,12.43,20:27:25,2,8,157.53
2026-08-20,Humira,16.75,20:27:55,2,8,157.54
2026-08-20,Humira,11.66,20:28:25,2,8,157.55
2026-08-20,Humira,17.62,20:28:55,2,8,157.56
2026-08-20,Humira,16.87,20:29:25,2,8,157.57
2026-08-20,Humira,11.36,20:29:55,2,8,157.58
2026-08-20,Humira,16.7,20:30:25,2,8,157.59
2026-08-20,Humira,10.44,20:30:55,2,8,157.6
2026-08-20,Humira,16.91,20:31:25,2,8,157.61
2026-08-20,Humira,6.93,20:31:55,2,8,0.0
2026-08-20,Humira,13.3,20:32:25,2,8,157.64
2026-08-20,Humira,17.77,20:32:55,2,8,157.65
2026-08-20,Humira,9.95,20:33:25,2,8,157.66
2026-08-20,Humira,16.38,20:33:55,2,8,157.67
2026-08-20,Humira,9.06,20:34:25,2,8,157.68
2026-08-20,Humira,15.83,20:34:55,2,8,157.69
2026-08-20,Humira,15.63,20:35:25,2,8,157.7
2026-08-20,Humira,13.11,20:35:55,2,8,157.71
2026-08-20,Humira,12.99,20:36:25,2,8,157.72
2026-08-20,Humira,4.57,20:36:55,2,8,0.0
2026-08-20,Humira,12.12,20:37:25,2,8,157.74
2026-08-20,Humira,12.29,20:37:55,2,8,157.75
2026-08-20,Humira,13.93,20:38:25,2,8,157.77
2026-08-20,Humira,6.4,20:38:55,2,8,0.0
2026-08-20,Humira,14.71,20:39:25,2,8,157.79
2026-08-20,Humira,3.56,20:39:55,2,8,0.0
2026-08-20,Humira,16.29,20:40:25,2,8,157.81
2026-08-20,Humira,12.04,20:40:55,2,8,157.82
2026-08-20,Humira,12.58,20:41:25,2,8,157.83
2026-08-20,Humira,15.18,20:41:55,2,8,157.84
2026-08-20,Humira,9.94,20:42:25,2,8,157.85
2026-08-20,Humira,13.36,20:42:55,2,8,157.86
2026-08-20,Humira,15.03,20:43:25,2,8,157.87
2026-08-20,Humira,17.26,20:43:55,2,8,157.89
2026-08-20,Humira,2.69,20:44:25,2,8,0.0
2026-08-20,Humira,13.7,20:44:55,2,8,157.91
2026-08-20,Humira,15.26,20:45:25,2,8,157.92
2026-08-20,Humira,4.36,20:45:55,2,8,0.0
2026-08-20,Humira,12.92,20:46:25,2,8,157.94
2026-08-20,Humira,7.52,20:46:55,2,8,0.0
2026-08-20,Humira,11.03,20:47:25,2,8,157.96
2026-08-20,Humira,16.78,20:47:55,2,8,157.97
2026-08-20,Humira,16.24,20:48:25,2,8,157.98
2026-08-20,Humira,15.24,20:48:55,2,8,157.99
2026-08-20,Humira,16.23,20:49:25,2,8,158.0
2026-08-20,Humira,7.21,20:49:55,2,8,0.0
2026-08-20,Humira,15.38,20:50:25,2,8,158.03
2026-08-20,Humira,11.45,20:50:55,2,8,158.04
2026-08-20,Humira,13.68,20:51:25,2,8,158.05
2026-08-20,Humira,3.28,20:51:55,2,8,0.0
2026-08-20,Humira,4.37,20:52:25,2,8,0.0
2026-08-20,Humira,13.43,20:52:55,2,8,158.08
2026-08-20,Humira,9.33,20:53:25,2,8,158.09
2026-08-20,Humira,10.48,20:53:55,2,8,158.1
2026-08-20,Humira,7.54,20:54:25,2,8,0.0
2026-08-20,Humira,6.63,20:54:55,2,8,0.0
2026-08-20,Humira,3.03,20:55:25,2,8,0.0
2026-08-20,Humira,12.35,20:55:55,2,8,158.15
2026-08-20,Humira,17.93,20:56:25,2,8,158.16
2026-08-20,Humira,15.99,20:56:55,2,8,158.17
2026-08-20,Humira,13.17,20:57:25,2,8,158.18
2026-08-20,Humira,5.31,20:57:55,2,8,0.0
2026-08-20,Humira,17.83,20:58:25,2,8,158.2
2026-08-20,Humira,7.18,20:58:55,2,8,0.0
2026-08-20,Humira,15.43,20:59:25,2,8,158.22
2026-08-20,Humira,17.16,20:59:55,2,8,158.23
2026-08-20,Humira,15.38,21:00:25,2,8,158.24
2026-08-20,Humira,9.1,21:00:55,2,8,158.25
2026-08-20,Humira,11.27,21:01:25,2,8,158.26
2026-08-20,Humira,13.81,21:01:55,2,8,158.28
2026-08-20,Humira,11.54,21:02:25,2,8,158.29
2026-08-20,Humira,10.45,21:02:55,2,8,158.3
2026-08-20,Humira,3.96,21:03:25,2,8,0.0
2026-08-20,Humira,12.4,21:03:55,2,8,158.32
2026-08-20,Humira,13.31,21:04:25,2,8,158.33
2026-08-20,Humira,13.5,21:04:55,2,8,158.34
2026-08-20,Humira,15.43,21:05:25,2,8,158.35
2026-08-20,Humira,14.59,21:05:55,2,8,158.36
2026-08-20,Humira,9.19,21:06:25,2,8,158.37
2026-08-20,Humira,6.59,21:06:55,2,8,0.0
2026-08-20,Humira,11.58,21:07:25,2,8,158.39
2026-08-20,Humira,4.17,21:07:55,2,8,0.0
2026-08-20,Humira,12.28,21:08:25,2,8,158.42
2026-08-20,Humira,16.69,21:08:55,2,8,158.43
2026-08-20,Humira,6.11,21:09:25,2,8,0.0
2026-08-20,Humira,9.27,21:09:55,2,8,158.45
2026-08-20,Humira,16.15,21:10:25,2,8,158.46
2026-08-20,Humira,16.51,21:10:55,2,8,158.47
2026-08-20,Humira,9.34,21:11:25,2,8,158.48
2026-08-20,Humira,15.26,21:11:55,2,8,158.49
2026-08-20,Humira,15.33,21:12:25,2,8,158.5
2026-08-20,Humira,10.23,21:12:55,2,8,158.51
2026-08-20,Humira,6.34,21:13:25,2,8,0.0
2026-08-20,Humira,17.79,21:13:55,2,8,158.53
2026-08-20,Humira,13.88,21:14:25,2,8,158.55
2026-08-20,Humira,13.28,21:14:55,2,8,158.56
2026-08-20,Humira,16.06,21:15:25,2,8,158.57
2026-08-20,Humira,16.44,21:15:55,2,8,158.58
2026-08-20,Humira,10.92,21:16:25,2,8,158.59
2026-08-20,Humira,12.74,21:16:55,2,8,158.6
2026-08-20,Humira,15.84,21:17:25,2,8,158.61
2026-08-20,Humira,12.9,21:17:55,2,8,158.62
2026-08-20,Humira,5.32,21:18:25,2,8,0.0
2026-08-20,Humira,7.83,21:18:55,2,8,0.0
2026-08-20,Humira,16.42,21:19:25,2,8,158.65
2026-08-20,Humira,15.76,21:19:55,2,8,158.66
2026-08-20,Humira,17.73,21:20:25,2,8,158.68
2026-08-20,Humira,11.45,21:20:55,2,8,158.69
2026-08-20,Humira,14.07,21:21:25,2,8,158.7
2026-08-20,Humira,13.29,21:21:55,2,8,158.71
2026-08-20,Humira,16.15,21:22:25,2,8,158.72
2026-08-20,Humira,10.07,21:22:55,2,8,158.73
2026-08-20,Humira,14.79,21:23:25,2,8,158.74
2026-08-20,Humira,11.17,21:23:55,2,8,158.75
2026-08-20,Humira,14.57,21:24:25,2,8,158.76
2026-08-20,Humira,13.8,21:24:55,2,8,158.77
2026-08-20,Humira,13.31,21:25:25,2,8,158.78
2026-08-20,Humira,7.3,21:25:55,2,8,0.0
2026-08-20,Humira,9.68,21:26:25,2,8,158.81
2026-08-20,Humira,11.6,21:26:55,2,8,158.82
2026-08-20,Humira,12.24,21:27:25,2,8,158.83
2026-08-20,Humira,10.61,21:27:55,2,8,158.84
2026-08-20,Humira,15.7,21:28:25,2,8,158.85
2026-08-20,Humira,13.81,21:28:55,2,8,158.86
2026-08-20,Humira,17.46,21:29:25,2,8,158.87
2026-08-20,Humira,9.07,21:29:55,2,8,158.88
2026-08-20,Humira,12.94,21:30:25,2,8,158.89
2026-08-20,Humira,12.41,21:30:55,2,8,158.9
2026-08-20,Humira,6.12,21:31:25,2,8,0.0
2026-08-20,Humira,15.54,21:31:55,2,8,158.93
2026-08-20,Humira,12.04,21:32:25,2,8,158.94
2026-08-20,Humira,17.38,21:32:55,2,8,158.95
2026-08-20,Humira,12.77,21:33:25,2,8,158.96
2026-08-20,Humira,15.14,21:33:55,2,8,158.97
2026-08-20,Humira,13.26,21:34:25,2,8,158.98
2026-08-20,Humira,7.6,21:34:55,2,8,0.0
2026-08-20,Humira,10.74,21:35:25,2,8,159.0
2026-08-20,Humira,11.41,21:35:55,2,8,159.01
2026-08-20,Humira,15.36,21:36:25,2,8,159.02
2026-08-20,Humira,13.15,21:36:55,2,8,159.03
2026-08-20,Humira,12.06,21:37:25,2,8,159.04
2026-08-20,Humira,10.0,21:37:55,2,8,159.06
2026-08-20,Humira,4.87,21:38:25,2,8,0.0
2026-08-20,Humira,7.69,21:38:55,2,8,0.0
2026-08-20,Humira,11.45,21:39:25,2,8,159.09
2026-08-20,Humira,11.33,21:39:55,2,8,159.1
2026-08-20,Humira,10.02,21:40:25,2,8,159.11
2026-08-20,Humira,11.43,21:40:55,2,8,159.12
2026-08-20,Humira,14.33,21:41:25,2,8,159.13
2026-08-20,Humira,4.97,21:41:55,2,8,0.0
2026-08-20,Humira,9.07,21:42:25,2,8,159.15
2026-08-20,Humira,10.06,21:42:55,2,8,159.16
2026-08-20,Humira,15.18,21:43:25,2,8,159.17
2026-08-20,Humira,4.49,21:43:55,2,8,0.0
2026-08-20,Humira,6.24,21:44:25,2,8,0.0
2026-08-20,Humira,6.06,21:44:55,2,8,0.0
2026-08-20,Humira,10.86,21:45:25,2,8,159.22
2026-08-20,Humira,17.79,21:45:55,2,8,159.23
2026-08-20,Humira,13.46,21:46:25,2,8,159.24
2026-08-20,Humira,13.41,21:46:55,2,8,159.25
2026-08-20,Humira,16.25,21:47:25,2,8,159.26
2026-08-20,Humira,10.32,21:47:55,2,8,159.27
2026-08-20,Humira,13.42,21:48:25,2,8,159.28
2026-08-20,Humira,10.4,21:48:55,2,8,159.29
2026-08-20,Humira,17.95,21:49:25,2,8,159.3
2026-08-20,Humira,14.63,21:49:55,2,8,159.31
2026-08-20,Humira,17.94,21:50:25,2,8,159.33
2026-08-20,Humira,16.71,21:50:55,2,8,159.34
2026-08-20,Humira,11.83,21:51:25,2,8,159.35
2026-08-20,Humira,12.54,21:51:55,2,8,159.36
2026-08-20,Humira,14.46,21:52:25,2,8,159.37
2026-08-20,Humira,9.74,21:52:55,2,8,159.38
2026-08-20,Humira,11.81,21:53:25,2,8,159.39
2026-08-20,Humira,10.94,21:53:55,2,8,159.4
2026-08-20,Humira,16.95,21:54:25,2,8,159.41
2026-08-20,Humira,13.48,21:54:55,2,8,159.42
2026-08-20,Humira,11.04,21:55:25,2,8,159.43
2026-08-20,Humira,17.98,21:55:55,2,8,159.45
2026-08-20,Humira,13.13,21:56:25,2,8,159.46
2026-08-20,Humira,17.02,21:56:55,2,8,159.47
2026-08-20,Humira,15.79,21:57:25,2,8,159.48
2026-08-20,Humira,15.63,21:57:55,2,8,159.49
2026-08-20,Humira,5.13,21:58:25,2,8,0.0
2026-08-20,Humira,6.89,21:58:55,2,8,0.0
2026-08-20,Humira,14.6,21:59:25,2,8,159.52
2026-08-20,Humira,13.75,21:59:55,2,8,159.53
2026-08-20,Humira,12.01,22:00:25,2,8,159.54
2026-08-20,Humira,17.84,22:00:55,2,8,159.55
2026-08-20,Humira,17.96,22:01:25,2,8,159.56
2026-08-20,Humira,12.74,22:01:55,2,8,159.58
2026-08-20,Humira,11.75,22:02:25,2,8,159.59
2026-08-20,Humira,14.04,22:02:55,2,8,159.6
2026-08-20,Humira,6.88,22:03:25,2,8,0.0
2026-08-20,Humira,10.83,22:03:55,2,8,159.62
2026-08-20,Humira,4.16,22:04:25,2,8,0.0
2026-08-20,Humira,11.31,22:04:55,2,8,159.64
2026-08-20,Humira,11.35,22:05:25,2,8,159.65
2026-08-20,Humira,16.35,22:05:55,2,8,159.66
2026-08-20,Humira,9.52,22:06:25,2,8,159.67
2026-08-20,Humira,17.28,22:06:55,2,8,159.68
2026-08-20,Humira,16.14,22:07:25,2,8,159.69
2026-08-20,Humira,6.55,22:07:55,2,8,0.0
2026-08-20,Humira,11.08,22:08:25,2,8,159.72
2026-08-20,Humira,3.99,22:08:55,2,8,0.0
2026-08-20,Humira,13.4,22:09:25,2,8,159.74
2026-08-20,Humira,12.26,22:09:55,2,8,159.75
2026-08-20,Humira,11.19,22:10:25,2,8,159.76
2026-08-20,Humira,17.72,22:10:55,2,8,159.77
2026-08-20,Humira,16.68,22:11:25,2,8,159.78
2026-08-20,Humira,11.3,22:11:55,2,8,159.79
2026-08-20,Humira,6.43,22:12:25,2,8,0.0
2026-08-20,Humira,16.94,22:12:55,2,8,159.81
2026-08-20,Humira,17.93,22:13:25,2,8,159.82
2026-08-20,Humira,12.86,22:13:55,2,8,159.84
2026-08-20,Humira,12.03,22:14:25,2,8,159.85
2026-08-20,Humira,12.84,22:14:55,2,8,159.86
2026-08-20,Humira,5.19,22:15:25,2,8,0.0
2026-08-20,Humira,16.68,22:15:55,2,8,159.88
2026-08-20,Humira,13.95,22:16:25,2,8,159.89
2026-08-20,Humira,11.69,22:16:55,2,8,159.9
2026-08-20,Humira,4.49,22:17:25,2,8,0.0
2026-08-20,Humira,17.97,22:17:55,2,8,159.92
2026-08-20,Humira,2.62,22:18:25,2,8,0.0
2026-08-20,Humira,14.23,22:18:55,2,8,159.94
2026-08-20,Humira,16.34,22:19:25,2,8,159.95
2026-08-20,Humira,10.09,22:19:55,2,8,159.97
2026-08-20,Humira,16.89,22:20:25,2,8,159.98
2026-08-20,Humira,2.4,22:20:55,2,8,0.0
2026-08-20,Humira,12.25,22:21:25,2,8,160.0
2026-08-20,Humira,13.89,22:21:55,2,8,160.01
2026-08-20,Humira,4.56,22:22:25,2,8,0.0
2026-08-20,Humira,2.27,22:22:55,2,8,0.0
2026-08-20,Humira,11.21,22:23:25,2,8,160.04
2026-08-20,Humira,16.14,22:23:55,2,8,160.05
2026-08-20,Humira,9.4,22:24:25,2,8,160.06
2026-08-20,Humira,16.9,22:24:55,2,8,160.07
2026-08-20,Humira,13.2,22:25:25,2,8,160.08
2026-08-20,Humira,16.75,22:25:55,2,8,160.09
2026-08-20,Humira,14.47,22:26:25,2,8,160.11
2026-08-20,Humira,14.43,22:26:55,2,8,160.12
2026-08-20,Humira,13.65,22:27:25,2,8,160.13
2026-08-20,Humira,3.99,22:27:55,2,8,0.0
2026-08-20,Humira,9.35,22:28:25,2,8,160.15
2026-08-20,Humira,12.71,22:28:55,2,8,160.16
2026-08-20,Humira,13.54,22:29:25,2,8,160.17
2026-08-20,Humira,16.54,22:29:55,2,8,160.18
2026-08-20,Humira,13.69,22:30:25,2,8,160.19
2026-08-20,Humira,3.52,22:30:55,2,8,0.0
2026-08-20,Humira,17.98,22:31:25,2,8,160.21
2026-08-20,Humira,10.41,22:31:55,2,8,160.22
2026-08-20,Humira,17.29,22:32:25,2,8,160.24
2026-08-20,Humira,17.99,22:32:55,2,8,160.25
2026-08-20,Humira,16.32,22:33:25,2,8,160.26
2026-08-20,Humira,9.75,22:33:55,2,8,160.27
2026-08-20,Humira,15.86,22:34:25,2,8,160.28
2026-08-20,Humira,15.51,22:34:55,2,8,160.29
2026-08-20,Humira,9.19,22:35:25,2,8,160.3
2026-08-20,Humira,2.34,22:35:55,2,8,0.0
2026-08-20,Humira,14.1,22:36:25,2,8,160.32
2026-08-20,Humira,14.52,22:36:55,2,8,160.33
2026-08-20,Humira,9.59,22:37:25,2,8,160.34
2026-08-20,Humira,17.39,22:37:55,2,8,160.35
2026-08-20,Humira,17.32,22:38:25,2,8,160.37
2026-08-20,Humira,17.66,22:38:55,2,8,160.38
2026-08-20,Humira,7.78,22:39:25,2,8,0.0
2026-08-20,Humira,14.03,22:39:55,2,8,160.4
2026-08-20,Humira,6.47,22:40:25,2,8,0.0
2026-08-20,Humira,5.33,22:40:55,2,8,0.0
2026-08-20,Humira,16.75,22:41:25,2,8,160.43
2026-08-20,Humira,3.49,22:41:55,2,8,0.0
2026-08-20,Humira,15.32,22:42:25,2,8,160.45
2026-08-20,Humira,9.95,22:42:55,2,8,160.46
2026-08-20,Humira,9.6,22:43:25,2,8,160.47
2026-08-20,Humira,11.78,22:43:55,2,8,160.49
2026-08-20,Humira,10.93,22:44:25,2,8,160.5
2026-08-20,Humira,10.44,22:44:55,2,8,160.51
2026-08-20,Humira,12.51,22:45:25,2,8,160.52
2026-08-20,Humira,16.44,22:45:55,2,8,160.53
2026-08-20,Humira,9.88,22:46:25,2,8,160.54
2026-08-20,Humira,6.7,22:46:55,2,8,0.0
2026-08-20,Humira,16.73,22:47:25,2,8,160.56
2026-08-20,Humira,10.74,22:47:55,2,8,160.57
2026-08-20,Humira,14.43,22:48:25,2,8,160.58
2026-08-20,Humira,12.87,22:48:55,2,8,160.59
2026-08-20,Humira,13.01,22:49:25,2,8,160.6
2026-08-20,Humira,12.8,22:49:55,2,8,160.62
2026-08-20,Humira,17.73,22:50:25,2,8,160.63
2026-08-20,Humira,10.72,22:50:55,2,8,160.64
2026-08-20,Humira,13.36,22:51:25,2,8,160.65
2026-08-20,Humira,4.07,22:51:55,2,8,0.0
2026-08-20,Humira,2.33,22:52:25,2,8,0.0
2026-08-20,Humira,17.47,22:52:55,2,8,160.68
2026-08-20,Humira,5.22,22:53:25,2,8,0.0
2026-08-20,Humira,15.27,22:53:55,2,8,160.7
2026-08-20,Humira,9.62,22:54:25,2,8,160.71
2026-08-20,Humira,14.09,22:54:55,2,8,160.72
2026-08-20,Humira,10.73,22:55:25,2,8,160.73
2026-08-20,Humira,11.32,22:55:55,2,8,160.75
2026-08-20,Humira,10.24,22:56:25,2,8,160.76
2026-08-20,Humira,13.99,22:56:55,2,8,160.77
2026-08-20,Humira,11.42,22:57:25,2,8,160.78
2026-08-20,Humira,3.46,22:57:55,2,8,0.0
2026-08-20,Humira,15.06,22:58:25,2,8,160.8
2026-08-20,Humira,10.93,22:58:55,2,8,160.81
2026-08-20,Humira,16.77,22:59:25,2,8,160.82
2026-08-20,Humira,10.42,22:59:55,2,8,160.83
2026-08-20,Humira,11.19,23:00:25,2,8,160.84
2026-08-20,Humira,11.64,23:00:55,2,8,160.85
2026-08-20,Humira,6.13,23:01:25,2,8,0.0
2026-08-20,Humira,5.04,23:01:55,2,8,0.0
2026-08-20,Humira,15.69,23:02:25,2,8,160.89
2026-08-20,Humira,18.0,23:02:55,2,8,160.9
2026-08-20,Humira,16.82,23:03:25,2,8,160.91
2026-08-20,Humira,12.44,23:03:55,2,8,160.92
2026-08-20,Humira,15.15,23:04:25,2,8,160.93
2026-08-20,Humira,9.34,23:04:55,2,8,160.94
2026-08-20,Humira,15.84,23:05:25,2,8,160.95
2026-08-20,Humira,9.61,23:05:55,2,8,160.96
2026-08-20,Humira,17.57,23:06:25,2,8,160.97
2026-08-20,Humira,16.74,23:06:55,2,8,160.98
2026-08-20,Humira,15.26,23:07:25,2,8,160.99
2026-08-20,Humira,11.84,23:07:55,2,8,161.0
2026-08-20,Humira,17.15,23:08:25,2,8,161.02
2026-08-20,Humira,17.95,23:08:55,2,8,161.03
2026-08-20,Humira,10.48,23:09:25,2,8,161.04
2026-08-20,Humira,14.48,23:09:55,2,8,161.05
2026-08-20,Humira,12.79,23:10:25,2,8,161.06
2026-08-20,Humira,13.56,23:10:55,2,8,161.07
2026-08-20,Humira,9.87,23:11:25,2,8,161.08
2026-08-20,Humira,12.33,23:11:55,2,8,161.09
2026-08-20,Humira,16.44,23:12:25,2,8,161.1
2026-08-20,Humira,17.48,23:12:55,2,8,161.11
2026-08-20,Humira,13.53,23:13:25,2,8,161.12
2026-08-20,Humira,5.8,23:13:55,2,8,0.0
2026-08-20,Humira,5.47,23:14:25,2,8,0.0
2026-08-20,Humira,4.13,23:14:55,2,8,0.0
2026-08-20,Humira,14.74,23:15:25,2,8,161.17
2026-08-20,Humira,10.58,23:15:55,2,8,161.18
2026-08-20,Humira,17.61,23:16:25,2,8,161.19
2026-08-20,Humira,11.49,23:16:55,2,8,161.2
2026-08-20,Humira,13.14,23:17:25,2,8,161.21
2026-08-20,Humira,17.82,23:17:55,2,8,161.22
2026-08-20,Humira,7.65,23:18:25,2,8,0.0
2026-08-20,Humira,17.58,23:18:55,2,8,161.24
2026-08-20,Humira,10.87,23:19:25,2,8,161.25
2026-08-20,Humira,10.69,23:19:55,2,8,161.27
2026-08-20,Humira,16.94,23:20:25,2,8,161.28
2026-08-20,Humira,11.29,23:20:55,2,8,161.29
2026-08-20,Humira,14.88,23:21:25,2,8,161.3
2026-08-20,Humira,14.59,23:21:55,2,8,161.31
2026-08-20,Humira,9.38,23:22:25,2,8,161.32
2026-08-20,Humira,16.02,23:22:55,2,8,161.33
2026-08-20,Humira,9.41,23:23:25,2,8,161.34
2026-08-20,Humira,7.62,23:23:55,2,8,0.0
2026-08-20,Humira,2.32,23:24:25,2,8,0.0
2026-08-20,Humira,12.3,23:24:55,2,8,161.37
2026-08-20,Humira,12.88,23:25:25,2,8,161.38
2026-08-20,Humira,11.02,23:25:55,2,8,161.4
2026-08-20,Humira,15.01,23:26:25,2,8,161.41
2026-08-20,Humira,12.41,23:26:55,2,8,161.42
2026-08-20,Humira,14.68,23:27:25,2,8,161.43
2026-08-20,Humira,12.71,23:27:55,2,8,161.44
2026-08-20,Humira,17.88,23:28:25,2,8,161.45
2026-08-20,Humira,12.8,23:28:55,2,8,161.46
2026-08-20,Humira,11.64,23:29:25,2,8,161.47
2026-08-20,Humira,12.26,23:29:55,2,8,161.48
2026-08-20,Humira,16.64,23:30:25,2,8,161.49
2026-08-20,Humira,12.22,23:30:55,2,8,161.5
2026-08-20,Humira,14.0,23:31:25,2,8,161.51
2026-08-20,Humira,17.18,23:31:55,2,8,161.53
2026-08-20,Humira,11.66,23:32:25,2,8,161.54
2026-08-20,Humira,7.04,23:32:55,2,8,0.0
2026-08-20,Humira,5.97,23:33:25,2,8,0.0
2026-08-20,Humira,4.21,23:33:55,2,8,0.0
2026-08-20,Humira,12.6,23:34:25,2,8,161.58
2026-08-20,Humira,11.06,23:34:55,2,8,161.59
2026-08-20,Humira,10.37,23:35:25,2,8,161.6
2026-08-20,Humira,17.73,23:35:55,2,8,161.61
2026-08-20,Humira,9.27,23:36:25,2,8,161.62
2026-08-20,Humira,16.03,23:36:55,2,8,161.63
2026-08-20,Humira,9.76,23:37:25,2,8,161.64
2026-08-20,Humira,15.2,23:37:55,2,8,161.66
2026-08-20,Humira,11.42,23:38:25,2,8,161.67
2026-08-20,Humira,14.48,23:38:55,2,8,161.68
2026-08-20,Humira,5.24,23:39:25,2,8,0.0
2026-08-20,Humira,6.51,23:39:55,2,8,0.0
2026-08-20,Humira,11.77,23:40:25,2,8,161.71
2026-08-20,Humira,4.89,23:40:55,2,8,0.0
2026-08-20,Humira,13.15,23:41:25,2,8,161.73
2026-08-20,Humira,15.86,23:41:55,2,8,161.74
2026-08-20,Humira,13.07,23:42:25,2,8,161.75
2026-08-20,Humira,16.54,23:42:55,2,8,161.76
2026-08-20,Humira,16.85,23:43:25,2,8,161.77
2026-08-20,Humira,2.31,23:43:55,2,8,0.0
2026-08-20,Humira,5.38,23:44:25,2,8,0.0
2026-08-20,Humira,10.36,23:44:55,2,8,161.81
2026-08-20,Humira,17.59,23:45:25,2,8,161.82
2026-08-20,Humira,10.13,23:45:55,2,8,161.83
2026-08-20,Humira,17.19,23:46:25,2,8,161.84
2026-08-20,Humira,15.61,23:46:55,2,8,161.85
2026-08-20,Humira,10.03,23:47:25,2,8,161.86
2026-08-20,Humira,10.72,23:47:55,2,8,161.87
2026-08-20,Humira,13.49,23:48:25,2,8,161.88
2026-08-20,Humira,13.14,23:48:55,2,8,161.89
2026-08-20,Humira,13.29,23:49:25,2,8,161.9
2026-08-20,Humira,7.25,23:49:55,2,8,0.0
2026-08-20,Humira,12.09,23:50:25,2,8,161.93
2026-08-20,Humira,11.32,23:50:55,2,8,161.94
2026-08-20,Humira,17.39,23:51:25,2,8,161.95
2026-08-20,Humira,13.97,23:51:55,2,8,161.96
2026-08-20,Humira,11.48,23:52:25,2,8,161.97
2026-08-20,Humira,10.23,23:52:55,2,8,161.98
2026-08-20,Humira,10.87,23:53:25,2,8,161.99
2026-08-20,Humira,10.93,23:53:55,2,8,162.0
2026-08-20,Humira,9.96,23:54:25,2,8,162.01
2026-08-20,Humira,15.96,23:54:55,2,8,162.02
2026-08-20,Humira,10.22,23:55:25,2,8,162.03
2026-08-20,Humira,16.78,23:55:55,2,8,162.05
2026-08-20,Humira,3.26,23:56:25,2,8,0.0
2026-08-20,Humira,13.63,23:56:55,2,8,162.07
2026-08-20,Humira,11.75,23:57:25,2,8,162.08
2026-08-20,Humira,12.64,23:57:55,2,8,162.09
2026-08-20,Humira,12.61,23:58:25,2,8,162.1
2026-08-20,Humira,13.45,23:58:55,2,8,162.11
2026-08-20,Humira,15.53,23:59:25,2,8,162.12
2026-08-20,Humira,9.3,23:59:55,2,8,162.13
2026-08-20,Humira,11.15,00:00:25,2,8,162.14
2026-08-20,Humira,10.64,00:00:55,2,8,162.15
2026-08-20,Humira,11.73,00:01:25,2,8,162.16
2026-08-20,Humira,9.19,00:01:55,2,8,162.18
2026-08-20,Humira,11.86,00:02:25,2,8,162.19
2026-08-20,Humira,5.96,00:02:55,2,8,0.0
2026-08-20,Humira,16.13,00:03:25,2,8,162.21
2026-08-20,Humira,15.66,00:03:55,2,8,162.22
2026-08-20,Humira,10.54,00:04:25,2,8,162.23
2026-08-20,Humira,13.16,00:04:55,2,8,162.24
2026-08-20,Humira,16.42,00:05:25,2,8,162.25
2026-08-20,Humira,16.68,00:05:55,2,8,162.26
2026-08-20,Humira,16.36,00:06:25,2,8,162.27
2026-08-20,Humira,11.41,00:06:55,2,8,162.28
2026-08-20,Humira,15.77,00:07:25,2,8,162.29
2026-08-20,Humira,9.16,00:07:55,2,8,162.31
2026-08-20,Humira,14.89,00:08:25,2,8,162.32
2026-08-20,Humira,15.75,00:08:55,2,8,162.33
2026-08-20,Humira,13.84,00:09:25,2,8,162.34
2026-08-20,Humira,13.28,00:09:55,2,8,162.35
2026-08-20,Humira,15.89,00:10:25,2,8,162.36
2026-08-20,Humira,16.07,00:10:55,2,8,162.37
2026-08-20,Humira,14.61,00:11:25,2,8,162.38
2026-08-20,Humira,10.68,00:11:55,2,8,162.39
2026-08-20,Humira,14.59,00:12:25,2,8,162.4
2026-08-20,Humira,10.6,00:12:55,2,8,162.41
2026-08-20,Humira,9.03,00:13:25,2,8,162.42
2026-08-20,Humira,11.39,00:13:55,2,8,162.44
2026-08-20,Humira,12.87,00:14:25,2,8,162.45
2026-08-20,Humira,15.09,00:14:55,2,8,162.46
2026-08-20,Humira,12.13,00:15:25,2,8,162.47
2026-08-20,Humira,15.45,00:15:55,2,8,162.48
2026-08-20,Humira,17.66,00:16:25,2,8,162.49
2026-08-20,Humira,6.86,00:16:55,2,8,0.0
2026-08-20,Humira,16.27,00:17:25,2,8,162.51
2026-08-20,Humira,17.16,00:17:55,2,8,162.52
2026-08-20,Humira,15.36,00:18:25,2,8,162.53
2026-08-20,Humira,10.16,00:18:55,2,8,162.54
2026-08-20,Humira,5.69,00:19:25,2,8,0.0
2026-08-20,Humira,10.52,00:19:55,2,8,162.56
2026-08-20,Humira,3.07,00:20:25,2,8,0.0
2026-08-20,Humira,12.9,00:20:55,2,8,162.59
2026-08-20,Humira,4.98,00:21:25,2,8,0.0
2026-08-20,Humira,10.65,00:21:55,2,8,162.61
2026-08-20,Humira,11.44,00:22:25,2,8,162.62
2026-08-20,Humira,10.67,00:22:55,2,8,162.63
2026-08-20,Humira,9.29,00:23:25,2,8,162.64
2026-08-20,Humira,12.83,00:23:55,2,8,162.65
2026-08-20,Humira,16.13,00:24:25,2,8,162.66
2026-08-20,Humira,15.9,00:24:55,2,8,162.67
2026-08-20,Humira,13.4,00:25:25,2,8,162.68
2026-08-20,Humira,16.09,00:25:55,2,8,162.7
2026-08-20,Humira,14.21,00:26:25,2,8,162.71
2026-08-20,Humira,11.08,00:26:55,2,8,162.72
2026-08-20,Humira,13.03,00:27:25,2,8,162.73
2026-08-20,Humira,14.58,00:27:55,2,8,162.74
2026-08-20,Humira,13.66,00:28:25,2,8,162.75
2026-08-20,Humira,13.97,00:28:55,2,8,162.76
2026-08-20,Humira,15.96,00:29:25,2,8,162.77
2026-08-20,Humira,10.47,00:29:55,2,8,162.78
2026-08-20,Humira,13.97,00:30:25,2,8,162.79
2026-08-20,Humira,10.69,00:30:55,2,8,162.8
2026-08-20,Humira,17.81,00:31:25,2,8,162.81
2026-08-20,Humira,11.66,00:31:55,2,8,162.83
2026-08-20,Humira,2.57,00:32:25,2,8,0.0
2026-08-20,Humira,11.64,00:32:55,2,8,162.85
2026-08-20,Humira,12.55,00:33:25,2,8,162.86
2026-08-20,Humira,10.04,00:33:55,2,8,162.87
2026-08-20,Humira,12.63,00:34:25,2,8,162.88
2026-08-20,Humira,3.15,00:34:55,2,8,0.0
2026-08-20,Humira,9.01,00:35:25,2,8,162.9
2026-08-20,Humira,10.87,00:35:55,2,8,162.91
2026-08-20,Humira,10.27,00:36:25,2,8,162.92
2026-08-20,Humira,7.23,00:36:55,2,8,0.0
2026-08-20,Humira,16.3,00:37:25,2,8,162.94
2026-08-20,Humira,10.22,00:37:55,2,8,162.95
2026-08-20,Humira,17.93,00:38:25,2,8,162.97
2026-08-20,Humira,6.02,00:38:55,2,8,0.0
2026-08-20,Humira,15.73,00:39:25,2,8,162.99
2026-08-20,Humira,6.13,00:39:55,2,8,0.0
2026-08-20,Humira,12.91,00:40:25,2,8,163.01
2026-08-20,Humira,13.81,00:40:55,2,8,163.02
2026-08-20,Humira,12.12,00:41:25,2,8,163.03
2026-08-20,Humira,13.61,00:41:55,2,8,163.04
2026-08-20,Humira,10.76,00:42:25,2,8,163.05
2026-08-20,Humira,14.31,00:42:55,2,8,163.06
2026-08-20,Humira,15.84,00:43:25,2,8,163.07
2026-08-20,Humira,7.79,00:43:55,2,8,0.0
2026-08-20,Humira,10.2,00:44:25,2,8,163.1
2026-08-20,Humira,13.03,00:44:55,2,8,163.11
2026-08-20,Humira,15.19,00:45:25,2,8,163.12
2026-08-20,Humira,12.98,00:45:55,2,8,163.13
2026-08-20,Humira,12.35,00:46:25,2,8,163.14
2026-08-20,Humira,11.52,00:46:55,2,8,163.15
2026-08-20,Humira,5.89,00:47:25,2,8,0.0
2026-08-20,Humira,14.08,00:47:55,2,8,163.17
2026-08-20,Humira,3.24,00:48:25,2,8,0.0
2026-08-20,Humira,11.14,00:48:55,2,8,163.19
2026-08-20,Humira,14.02,00:49:25,2,8,163.2
2026-08-20,Humira,4.03,00:49:55,2,8,0.0
2026-08-20,Humira,10.73,00:50:25,2,8,163.23
2026-08-20,Humira,15.67,00:50:55,2,8,163.24
2026-08-20,Humira,17.41,00:51:25,2,8,163.25
2026-08-20,Humira,6.9,00:51:55,2,8,0.0
2026-08-20,Humira,10.8,00:52:25,2,8,163.27
2026-08-20,Humira,13.2,00:52:55,2,8,163.28
2026-08-20,Humira,13.29,00:53:25,2,8,163.29
2026-08-20,Humira,10.27,00:53:55,2,8,163.3
2026-08-20,Humira,12.62,00:54:25,2,8,163.31
2026-08-20,Humira,16.26,00:54:55,2,8,163.32
2026-08-20,Humira,11.24,00:55:25,2,8,163.33
2026-08-20,Humira,10.45,00:55:55,2,8,163.34
2026-08-20,Humira,11.26,00:56:25,2,8,163.36
2026-08-20,Humira,17.08,00:56:55,2,8,163.37
2026-08-20,Humira,9.73,00:57:25,2,8,163.38
2026-08-20,Humira,13.46,00:57:55,2,8,163.39
2026-08-20,Humira,9.81,00:58:25,2,8,163.4
2026-08-20,Humira,17.25,00:58:55,2,8,163.41
2026-08-20,Humira,11.41,00:59:25,2,8,163.42
2026-08-20,Humira,9.29,00:59:55,2,8,163.43
2026-08-20,Humira,5.03,01:00:25,2,8,0.0
2026-08-20,Humira,2.52,01:00:55,2,8,0.0
2026-08-20,Humira,4.07,01:01:25,2,8,0.0
2026-08-20,Humira,9.01,01:01:55,2,8,163.47
2026-08-20,Humira,11.58,01:02:25,2,8,163.49
2026-08-20,Humira,13.31,01:02:55,2,8,163.5
2026-08-20,Humira,14.87,01:03:25,2,8,163.51
2026-08-20,Humira,11.99,01:03:55,2,8,163.52
2026-08-20,Humira,7.66,01:04:25,2,8,0.0
2026-08-20,Humira,14.59,01:04:55,2,8,163.54
2026-08-20,Humira,13.99,01:05:25,2,8,163.55
2026-08-20,Humira,6.73,01:05:55,2,8,0.0
2026-08-20,Humira,11.29,01:06:25,2,8,163.57
2026-08-20,Humira,5.48,01:06:55,2,8,0.0
2026-08-20,Humira,16.99,01:07:25,2,8,163.59
2026-08-20,Humira,11.98,01:07:55,2,8,163.6
2026-08-20,Humira,16.84,01:08:25,2,8,163.62
2026-08-20,Humira,17.36,01:08:55,2,8,163.63
2026-08-20,Humira,13.25,01:09:25,2,8,163.64
2026-08-20,Humira,15.8,01:09:55,2,8,163.65
2026-08-20,Humira,13.83,01:10:25,2,8,163.66
2026-08-20,Humira,2.9,01:10:55,2,8,0.0
2026-08-20,Humira,10.51,01:11:25,2,8,163.68
2026-08-20,Humira,17.58,01:11:55,2,8,163.69
2026-08-20,Humira,13.57,01:12:25,2,8,163.7
2026-08-20,Humira,11.5,01:12:55,2,8,163.71
2026-08-20,Humira,12.13,01:13:25,2,8,163.72
2026-08-20,Humira,15.52,01:13:55,2,8,163.74
2026-08-20,Humira,14.73,01:14:25,2,8,163.75
2026-08-20,Humira,4.21,01:14:55,2,8,0.0
2026-08-20,Humira,13.41,01:15:25,2,8,163.77
2026-08-20,Humira,4.97,01:15:55,2,8,0.0
2026-08-20,Humira,16.33,01:16:25,2,8,163.79
2026-08-20,Humira,16.35,01:16:55,2,8,163.8
2026-08-20,Humira,14.72,01:17:25,2,8,163.81
2026-08-20,Humira,5.41,01:17:55,2,8,0.0
2026-08-20,Humira,17.22,01:18:25,2,8,163.83
2026-08-20,Humira,10.01,01:18:55,2,8,163.84
2026-08-20,Humira,13.18,01:19:25,2,8,163.85
2026-08-20,Humira,15.83,01:19:55,2,8,163.87
2026-08-20,Humira,6.02,01:20:25,2,8,0.0
2026-08-20,Humira,15.8,01:20:55,2,8,163.89
2026-08-20,Humira,13.68,01:21:25,2,8,163.9
2026-08-20,Humira,15.07,01:21:55,2,8,163.91
2026-08-20,Humira,13.53,01:22:25,2,8,163.92
2026-08-20,Humira,11.08,01:22:55,2,8,163.93
2026-08-20,Humira,14.15,01:23:25,2,8,163.94
2026-08-20,Humira,13.7,01:23:55,2,8,163.95
2026-08-20,Humira,6.88,01:24:25,2,8,0.0
2026-08-20,Humira,11.41,01:24:55,2,8,163.97
2026-08-20,Humira,11.8,01:25:25,2,8,163.98
2026-08-20,Humira,10.55,01:25:55,2,8,164.0
2026-08-20,Humira,17.76,01:26:25,2,8,164.01
2026-08-20,Humira,15.75,01:26:55,2,8,164.02
2026-08-20,Humira,11.99,01:27:25,2,8,164.03
2026-08-20,Humira,13.59,01:27:55,2,8,164.04
2026-08-20,Humira,14.11,01:28:25,2,8,164.05
2026-08-20,Humira,14.11,01:28:55,2,8,164.06
2026-08-20,Humira,15.71,01:29:25,2,8,164.07
2026-08-20,Humira,9.61,01:29:55,2,8,164.08
2026-08-20,Humira,13.04,01:30:25,2,8,164.09
2026-08-20,Humira,4.8,01:30:55,2,8,0.0
2026-08-20,Humira,16.01,01:31:25,2,8,164.11
2026-08-20,Humira,9.14,01:31:55,2,8,164.12
2026-08-20,Humira,15.65,01:32:25,2,8,164.14
2026-08-20,Humira,2.42,01:32:55,2,8,0.0
2026-08-20,Humira,2.59,01:33:25,2,8,0.0
2026-08-20,Humira,10.79,01:33:55,2,8,164.17
2026-08-20,Humira,16.37,01:34:25,2,8,164.18
2026-08-20,Humira,15.2,01:34:55,2,8,164.19
2026-08-20,Humira,4.34,01:35:25,2,8,0.0
2026-08-20,Humira,14.96,01:35:55,2,8,164.21
2026-08-20,Humira,12.01,01:36:25,2,8,164.22
2026-08-20,Humira,2.51,01:36:55,2,8,0.0
2026-08-20,Humira,9.46,01:37:25,2,8,164.24
2026-08-20,Humira,4.14,01:37:55,2,8,0.0
2026-08-20,Humira,13.7,01:38:25,2,8,164.27
2026-08-20,Humira,16.06,01:38:55,2,8,164.28
2026-08-20,Humira,12.45,01:39:25,2,8,164.29
2026-08-20,Humira,13.38,01:39:55,2,8,164.3
2026-08-20,Humira,10.2,01:40:25,2,8,164.31
2026-08-20,Humira,15.87,01:40:55,2,8,164.32
2026-08-20,Humira,13.85,01:41:25,2,8,164.33
2026-08-20,Humira,3.06,01:41:55,2,8,0.0
2026-08-20,Humira,6.58,01:42:25,2,8,0.0
2026-08-20,Humira,12.0,01:42:55,2,8,164.36
2026-08-20,Humira,10.85,01:43:25,2,8,164.37
2026-08-20,Humira,2.13,01:43:55,2,8,0.0
2026-08-20,Humira,14.44,01:44:25,2,8,164.4
2026-08-20,Humira,13.09,01:44:55,2,8,164.41
2026-08-20,Humira,14.46,01:45:25,2,8,164.42
2026-08-20,Humira,11.76,01:45:55,2,8,164.43
2026-08-20,Humira,15.61,01:46:25,2,8,164.44
2026-08-20,Humira,9.81,01:46:55,2,8,164.45
2026-08-20,Humira,4.23,01:47:25,2,8,0.0
2026-08-20,Humira,9.45,01:47:55,2,8,164.47
2026-08-20,Humira,11.41,01:48:25,2,8,164.48
2026-08-20,Humira,10.14,01:48:55,2,8,164.49
2026-08-20,Humira,11.67,01:49:25,2,8,164.5
2026-08-20,Humira,11.91,01:49:55,2,8,164.52
2026-08-20,Humira,9.87,01:50:25,2,8,164.53
2026-08-20,Humira,12.13,01:50:55,2,8,164.54
2026-08-20,Humira,10.14,01:51:25,2,8,164.55
2026-08-20,Humira,16.87,01:51:55,2,8,164.56
2026-08-20,Humira,15.56,01:52:25,2,8,164.57
2026-08-20,Humira,15.47,01:52:55,2,8,164.58
2026-08-20,Humira,17.83,01:53:25,2,8,164.59
2026-08-20,Humira,12.65,01:53:55,2,8,164.6
2026-08-20,Humira,9.51,01:54:25,2,8,164.61
2026-08-20,Humira,15.07,01:54:55,2,8,164.62
2026-08-20,Humira,10.74,01:55:25,2,8,164.63
2026-08-20,Humira,17.9,01:55:55,2,8,164.65
2026-08-20,Humira,10.31,01:56:25,2,8,164.66
2026-08-20,Humira,13.12,01:56:55,2,8,164.67
2026-08-20,Humira,16.48,01:57:25,2,8,164.68
2026-08-20,Humira,15.23,01:57:55,2,8,164.69
2026-08-20,Humira,16.91,01:58:25,2,8,164.7
2026-08-20,Humira,10.34,01:58:55,2,8,164.71
2026-08-20,Humira,17.26,01:59:25,2,8,164.72
2026-08-20,Humira,17.21,01:59:55,2,8,164.73
2026-08-20,Humira,15.37,02:00:25,2,8,164.74
2026-08-20,Humira,9.8,02:00:55,2,8,164.75
2026-08-20,Humira,3.12,02:01:25,2,8,0.0
2026-08-20,Humira,10.84,02:01:55,2,8,164.78
2026-08-20,Humira,2.83,02:02:25,2,8,0.0
2026-08-20,Humira,17.48,02:02:55,2,8,164.8
2026-08-20,Humira,12.89,02:03:25,2,8,164.81
2026-08-20,Humira,15.5,02:03:55,2,8,164.82
2026-08-20,Humira,17.17,02:04:25,2,8,164.83
2026-08-20,Humira,2.78,02:04:55,2,8,0.0
2026-08-20,Humira,9.91,02:05:25,2,8,164.85
2026-08-20,Humira,3.09,02:05:55,2,8,0.0
2026-08-20,Humira,17.38,02:06:25,2,8,164.87
2026-08-20,Humira,9.71,02:06:55,2,8,164.88
2026-08-20,Humira,17.27,02:07:25,2,8,164.89
2026-08-20,Humira,2.05,02:07:55,2,8,0.0
2026-08-20,Humira,13.61,02:08:25,2,8,164.92
2026-08-20,Humira,14.38,02:08:55,2,8,164.93
2026-08-20,Humira,12.98,02:09:25,2,8,164.94
2026-08-20,Humira,12.92,02:09:55,2,8,164.95
2026-08-20,Humira,14.91,02:10:25,2,8,164.96
2026-08-20,Humira,13.39,02:10:55,2,8,164.97
2026-08-20,Humira,14.84,02:11:25,2,8,164.98
2026-08-20,Humira,15.92,02:11:55,2,8,164.99
2026-08-20,Humira,16.73,02:12:25,2,8,165.0
2026-08-20,Humira,9.5,02:12:55,2,8,165.01
2026-08-20,Humira,17.69,02:13:25,2,8,165.02
2026-08-20,Humira,11.43,02:13:55,2,8,165.03
2026-08-20,Humira,16.5,02:14:25,2,8,165.05
2026-08-20,Humira,16.19,02:14:55,2,8,165.06
2026-08-20,Humira,7.61,02:15:25,2,8,0.0
2026-08-20,Humira,14.49,02:15:55,2,8,165.08
2026-08-20,Humira,17.72,02:16:25,2,8,165.09
2026-08-20,Humira,16.89,02:16:55,2,8,165.1
2026-08-20,Humira,14.83,02:17:25,2,8,165.11
2026-08-20,Humira,5.65,02:17:55,2,8,0.0
2026-08-20,Humira,4.04,02:18:25,2,8,0.0
2026-08-20,Humira,16.71,02:18:55,2,8,165.14
2026-08-20,Humira,9.28,02:19:25,2,8,165.15
2026-08-20,Humira,11.03,02:19:55,2,8,165.16
2026-08-20,Humira,16.37,02:20:25,2,8,165.18
2026-08-20,Humira,15.43,02:20:55,2,8,165.19
2026-08-20,Humira,2.0,02:21:25,2,8,0.0
2026-08-20,Humira,16.28,02:21:55,2,8,165.21
2026-08-20,Humira,14.93,02:22:25,2,8,165.22
2026-08-20,Humira,14.8,02:22:55,2,8,165.23
2026-08-20,Humira,17.53,02:23:25,2,8,165.24
2026-08-20,Humira,15.84,02:23:55,2,8,165.25
2026-08-20,Humira,15.04,02:24:25,2,8,165.26
2026-08-20,Humira,9.97,02:24:55,2,8,165.27
2026-08-20,Humira,12.52,02:25:25,2,8,165.28
2026-08-20,Humira,14.1,02:25:55,2,8,165.3
2026-08-20,Humira,13.42,02:26:25,2,8,165.31
2026-08-20,Humira,16.58,02:26:55,2,8,165.32
2026-08-20,Humira,10.82,02:27:25,2,8,165.33
2026-08-20,Humira,16.36,02:27:55,2,8,165.34
2026-08-20,Humira,12.0,02:28:25,2,8,165.35
2026-08-20,Humira,10.43,02:28:55,2,8,165.36
2026-08-20,Humira,4.93,02:29:25,2,8,0.0
2026-08-20,Humira,14.25,02:29:55,2,8,165.38
2026-08-20,Humira,12.42,02:30:25,2,8,165.39
2026-08-20,Humira,7.09,02:30:55,2,8,0.0
2026-08-20,Humira,10.85,02:31:25,2,8,165.41
2026-08-20,Humira,15.41,02:31:55,2,8,165.43
2026-08-20,Humira,7.22,02:32:25,2,8,0.0
2026-08-20,Humira,17.53,02:32:55,2,8,165.45
2026-08-20,Humira,14.12,02:33:25,2,8,165.46
2026-08-20,Humira,11.45,02:33:55,2,8,165.47
2026-08-20,Humira,13.3,02:34:25,2,8,165.48
2026-08-20,Humira,15.71,02:34:55,2,8,165.49
2026-08-20,Humira,12.86,02:35:25,2,8,165.5
2026-08-20,Humira,13.0,02:35:55,2,8,165.51
2026-08-20,Humira,16.95,02:36:25,2,8,165.52
2026-08-20,Humira,13.67,02:36:55,2,8,165.53
2026-08-20,Humira,6.51,02:37:25,2,8,0.0
2026-08-20,Humira,2.49,02:37:55,2,8,0.0
2026-08-20,Humira,4.19,02:38:25,2,8,0.0
2026-08-20,Humira,6.23,02:38:55,2,8,0.0
2026-08-20,Humira,11.07,02:39:25,2,8,165.59
2026-08-20,Humira,12.93,02:39:55,2,8,165.6
2026-08-20,Humira,17.84,02:40:25,2,8,165.61
2026-08-20,Humira,12.28,02:40:55,2,8,165.62
2026-08-20,Humira,12.62,02:41:25,2,8,165.63
2026-08-20,Humira,13.55,02:41:55,2,8,165.64
2026-08-20,Humira,16.86,02:42:25,2,8,165.65
2026-08-20,Humira,9.59,02:42:55,2,8,165.66
2026-08-20,Humira,2.96,02:43:25,2,8,0.0
2026-08-20,Humira,14.11,02:43:55,2,8,165.69
2026-08-20,Humira,17.76,02:44:25,2,8,165.7
2026-08-20,Humira,7.36,02:44:55,2,8,0.0
2026-08-20,Humira,9.97,02:45:25,2,8,165.72
2026-08-20,Humira,12.32,02:45:55,2,8,165.73
2026-08-20,Humira,11.49,02:46:25,2,8,165.74
2026-08-20,Humira,4.75,02:46:55,2,8,0.0
2026-08-20,Humira,4.72,02:47:25,2,8,0.0
2026-08-20,Humira,13.5,02:47:55,2,8,165.77
2026-08-20,Humira,16.25,02:48:25,2,8,165.78
2026-08-20,Humira,9.34,02:48:55,2,8,165.79
2026-08-20,Humira,11.11,02:49:25,2,8,165.8
2026-08-20,Humira,17.67,02:49:55,2,8,165.81
2026-08-20,Humira,10.36,02:50:25,2,8,165.83
2026-08-20,Humira,11.76,02:50:55,2,8,165.84
2026-08-20,Humira,5.0,02:51:25,2,8,0.0
2026-08-20,Humira,17.34,02:51:55,2,8,165.86
2026-08-20,Humira,17.26,02:52:25,2,8,165.87
2026-08-20,Humira,7.54,02:52:55,2,8,0.0
2026-08-20,Humira,7.37,02:53:25,2,8,0.0
2026-08-20,Humira,10.01,02:53:55,2,8,165.9
2026-08-20,Humira,14.15,02:54:25,2,8,165.91
2026-08-20,Humira,10.58,02:54:55,2,8,165.92
2026-08-20,Humira,2.1,02:55:25,2,8,0.0
2026-08-20,Humira,17.76,02:55:55,2,8,165.95
2026-08-20,Humira,9.51,02:56:25,2,8,165.96
2026-08-20,Humira,10.83,02:56:55,2,8,165.97
2026-08-20,Humira,15.67,02:57:25,2,8,165.98
2026-08-20,Humira,12.18,02:57:55,2,8,165.99
2026-08-20,Humira,17.09,02:58:25,2,8,166.0
2026-08-20,Humira,14.18,02:58:55,2,8,166.01
2026-08-20,Humira,15.34,02:59:25,2,8,166.02
2026-08-20,Humira,15.08,02:59:55,2,8,166.03
2026-08-20,Humira,17.28,03:00:25,2,8,166.04
2026-08-20,Humira,7.15,03:00:55,2,8,0.0
2026-08-20,Humira,7.11,03:01:25,2,8,0.0
2026-08-20,Humira,17.21,03:01:55,2,8,166.08
2026-08-20,Humira,16.78,03:02:25,2,8,166.09
2026-08-20,Humira,12.93,03:02:55,2,8,166.1
2026-08-20,Humira,14.19,03:03:25,2,8,166.11
2026-08-20,Humira,9.45,03:03:55,2,8,166.12
2026-08-20,Humira,14.78,03:04:25,2,8,166.13
2026-08-20,Humira,13.29,03:04:55,2,8,166.14
2026-08-20,Humira,12.47,03:05:25,2,8,166.15
2026-08-20,Humira,15.39,03:05:55,2,8,166.16
2026-08-20,Humira,17.2,03:06:25,2,8,166.17
2026-08-20,Humira,9.17,03:06:55,2,8,166.18
2026-08-20,Humira,17.19,03:07:25,2,8,166.19
2026-08-20,Humira,14.96,03:07:55,2,8,166.2
2026-08-20,Humira,11.88,03:08:25,2,8,166.22
2026-08-20,Humira,3.55,03:08:55,2,8,0.0
2026-08-20,Humira,16.07,03:09:25,2,8,166.24
2026-08-20,Humira,17.02,03:09:55,2,8,166.25
2026-08-20,Humira,11.57,03:10:25,2,8,166.26
2026-08-20,Humira,2.15,03:10:55,2,8,0.0
2026-08-20,Humira,10.3,03:11:25,2,8,166.28
2026-08-20,Humira,11.54,03:11:55,2,8,166.29
2026-08-20,Humira,5.37,03:12:25,2,8,0.0
2026-08-20,Humira,15.16,03:12:55,2,8,166.31
2026-08-20,Humira,5.85,03:13:25,2,8,0.0
2026-08-20,Humira,7.0,03:13:55,2,8,0.0
2026-08-20,Humira,7.88,03:14:25,2,8,0.0
2026-08-20,Humira,2.94,03:14:55,2,8,0.0
2026-08-20,Humira,9.39,03:15:25,2,8,166.37
2026-08-20,Humira,16.84,03:15:55,2,8,166.38
2026-08-20,Humira,12.44,03:16:25,2,8,166.39
2026-08-20,Humira,16.34,03:16:55,2,8,166.4
2026-08-20,Humira,11.57,03:17:25,2,8,166.41
2026-08-20,Humira,11.09,03:17:55,2,8,166.42
2026-08-20,Humira,9.54,03:18:25,2,8,166.43
2026-08-20,Humira,5.84,03:18:55,2,8,0.0
2026-08-20,Humira,5.8,03:19:25,2,8,0.0
2026-08-20,Humira,5.7,03:19:55,2,8,0.0
2026-08-20,Humira,11.6,03:20:25,2,8,166.48
2026-08-20,Humira,16.36,03:20:55,2,8,166.49
2026-08-20,Humira,10.68,03:21:25,2,8,166.5
2026-08-20,Humira,12.78,03:21:55,2,8,166.51
2026-08-20,Humira,4.09,03:22:25,2,8,0.0
2026-08-20,Humira,15.6,03:22:55,2,8,166.53
2026-08-20,Humira,14.48,03:23:25,2,8,166.54
2026-08-20,Humira,14.68,03:23:55,2,8,166.55
2026-08-20,Humira,16.84,03:24:25,2,8,166.56
2026-08-20,Humira,16.47,03:24:55,2,8,166.57
2026-08-20,Humira,9.12,03:25:25,2,8,166.58
2026-08-20,Humira,15.68,03:25:55,2,8,166.6
2026-08-20,Humira,13.6,03:26:25,2,8,166.61
2026-08-20,Humira,7.52,03:26:55,2,8,0.0
2026-08-20,Humira,9.24,03:27:25,2,8,166.63
2026-08-20,Humira,11.88,03:27:55,2,8,166.64
2026-08-20,Humira,12.38,03:28:25,2,8,166.65
2026-08-20,Humira,12.11,03:28:55,2,8,166.66
2026-08-20,Humira,14.36,03:29:25,2,8,166.67
2026-08-20,Humira,15.58,03:29:55,2,8,166.68
2026-08-20,Humira,11.35,03:30:25,2,8,166.69
2026-08-20,Humira,9.89,03:30:55,2,8,166.7
2026-08-20,Humira,11.23,03:31:25,2,8,166.71
2026-08-20,Humira,11.2,03:31:55,2,8,166.72
2026-08-20,Humira,12.84,03:32:25,2,8,166.74
2026-08-20,Humira,15.54,03:32:55,2,8,166.75
2026-08-20,Humira,13.09,03:33:25,2,8,166.76
2026-08-20,Humira,16.94,03:33:55,2,8,166.77
2026-08-20,Humira,5.5,03:34:25,2,8,0.0
2026-08-20,Humira,11.15,03:34:55,2,8,166.79
2026-08-20,Humira,15.01,03:35:25,2,8,166.8
2026-08-20,Humira,15.93,03:35:55,2,8,166.81
2026-08-20,Humira,10.46,03:36:25,2,8,166.82
2026-08-20,Humira,5.45,03:36:55,2,8,0.0
2026-08-20,Humira,9.41,03:37:25,2,8,166.84
2026-08-20,Humira,11.65,03:37:55,2,8,166.85
2026-08-20,Humira,9.95,03:38:25,2,8,166.87
2026-08-20,Humira,15.41,03:38:55,2,8,166.88
2026-08-20,Humira,16.47,03:39:25,2,8,166.89
2026-08-20,Humira,13.52,03:39:55,2,8,166.9
2026-08-20,Humira,15.3,03:40:25,2,8,166.91
2026-08-20,Humira,17.43,03:40:55,2,8,166.92
2026-08-20,Humira,16.13,03:41:25,2,8,166.93
2026-08-20,Humira,13.04,03:41:55,2,8,166.94
2026-08-20,Humira,9.13,03:42:25,2,8,166.95
2026-08-20,Humira,16.36,03:42:55,2,8,166.96
2026-08-20,Humira,2.41,03:43:25,2,8,0.0
2026-08-20,Humira,14.04,03:43:55,2,8,166.98
2026-08-20,Humira,13.83,03:44:25,2,8,167.0
2026-08-20,Humira,17.4,03:44:55,2,8,167.01
2026-08-20,Humira,13.34,03:45:25,2,8,167.02
2026-08-20,Humira,11.67,03:45:55,2,8,167.03
2026-08-20,Humira,10.43,03:46:25,2,8,167.04
2026-08-20,Humira,9.53,03:46:55,2,8,167.05
2026-08-20,Humira,17.08,03:47:25,2,8,167.06
2026-08-20,Humira,10.37,03:47:55,2,8,167.07
2026-08-20,Humira,14.7,03:48:25,2,8,167.08
2026-08-20,Humira,16.68,03:48:55,2,8,167.09
2026-08-20,Humira,9.65,03:49:25,2,8,167.1
2026-08-20,Humira,12.52,03:49:55,2,8,167.12
2026-08-20,Humira,9.94,03:50:25,2,8,167.13
2026-08-20,Humira,15.75,03:50:55,2,8,167.14
2026-08-20,Humira,9.75,03:51:25,2,8,167.15
2026-08-20,Humira,10.19,03:51:55,2,8,167.16
2026-08-20,Humira,14.77,03:52:25,2,8,167.17
2026-08-20,Humira,11.82,03:52:55,2,8,167.18
2026-08-20,Humira,14.11,03:53:25,2,8,167.19
2026-08-20,Humira,12.33,03:53:55,2,8,167.2
2026-08-20,Humira,12.04,03:54:25,2,8,167.21
2026-08-20,Humira,7.43,03:54:55,2,8,0.0
2026-08-20,Humira,4.7,03:55:25,2,8,0.0
2026-08-20,Humira,10.46,03:55:55,2,8,167.25
2026-08-20,Humira,11.21,03:56:25,2,8,167.26
2026-08-20,Humira,11.77,03:56:55,2,8,167.27
2026-08-20,Humira,10.62,03:57:25,2,8,167.28
2026-08-20,Humira,10.61,03:57:55,2,8,167.29
2026-08-20,Humira,16.46,03:58:25,2,8,167.3
2026-08-20,Humira,7.09,03:58:55,2,8,0.0
2026-08-20,Humira,16.08,03:59:25,2,8,167.32
2026-08-20,Humira,9.18,03:59:55,2,8,167.33
2026-08-20,Humira,17.68,04:00:25,2,8,167.34
2026-08-20,Humira,15.02,04:00:55,2,8,167.35
2026-08-20,Humira,3.43,04:01:25,2,8,0.0
2026-08-20,Humira,15.62,04:01:55,2,8,167.38
2026-08-20,Humira,5.77,04:02:25,2,8,0.0
2026-08-20,Humira,11.88,04:02:55,2,8,167.4
2026-08-20,Humira,17.65,04:03:25,2,8,167.41
2026-08-20,Humira,11.38,04:03:55,2,8,167.42
2026-08-20,Humira,10.1,04:04:25,2,8,167.43
2026-08-20,Humira,18.0,04:04:55,2,8,167.44
2026-08-20,Humira,14.35,04:05:25,2,8,167.45
2026-08-20,Humira,14.52,04:05:55,2,8,167.46
2026-08-20,Humira,10.03,04:06:25,2,8,167.47
2026-08-20,Humira,12.52,04:06:55,2,8,167.48
2026-08-20,Humira,15.48,04:07:25,2,8,167.49
2026-08-20,Humira,9.53,04:07:55,2,8,167.5
2026-08-20,Humira,6.75,04:08:25,2,8,0.0
2026-08-20,Humira,10.26,04:08:55,2,8,167.53
2026-08-20,Humira,11.91,04:09:25,2,8,167.54
2026-08-20,Humira,3.39,04:09:55,2,8,0.0
2026-08-20,Humira,4.76,04:10:25,2,8,0.0
2026-08-20,Humira,5.44,04:10:55,2,8,0.0
2026-08-20,Humira,16.38,04:11:25,2,8,167.58
2026-08-20,Humira,13.01,04:11:55,2,8,167.59
2026-08-20,Humira,9.22,04:12:25,2,8,167.6
2026-08-20,Humira,14.54,04:12:55,2,8,167.61
2026-08-20,Humira,9.4,04:13:25,2,8,167.62
2026-08-20,Humira,3.86,04:13:55,2,8,0.0
2026-08-20,Humira,6.46,04:14:25,2,8,0.0
2026-08-20,Humira,13.33,04:14:55,2,8,167.66
2026-08-20,Humira,9.69,04:15:25,2,8,167.67
2026-08-20,Humira,17.03,04:15:55,2,8,167.68
2026-08-20,Humira,10.32,04:16:25,2,8,167.69
2026-08-20,Humira,16.88,04:16:55,2,8,167.7
2026-08-20,Humira,12.24,04:17:25,2,8,167.71
2026-08-20,Humira,12.3,04:17:55,2,8,167.72
2026-08-20,Humira,13.83,04:18:25,2,8,167.73
2026-08-20,Humira,10.3,04:18:55,2,8,167.74
2026-08-20,Humira,14.35,04:19:25,2,8,167.75
2026-08-20,Humira,15.74,04:19:55,2,8,167.77
2026-08-20,Humira,11.01,04:20:25,2,8,167.78
2026-08-20,Humira,9.41,04:20:55,2,8,167.79
2026-08-20,Humira,3.3,04:21:25,2,8,0.0
2026-08-20,Humira,3.17,04:21:55,2,8,0.0
2026-08-20,Humira,12.67,04:22:25,2,8,167.82
2026-08-20,Humira,14.1,04:22:55,2,8,167.83
2026-08-20,Humira,12.51,04:23:25,2,8,167.84
2026-08-20,Humira,9.59,04:23:55,2,8,167.85
2026-08-20,Humira,9.63,04:24:25,2,8,167.86
2026-08-20,Humira,4.35,04:24:55,2,8,0.0
2026-08-20,Humira,16.92,04:25:25,2,8,167.88
2026-08-20,Humira,13.58,04:25:55,2,8,167.9
2026-08-20,Humira,16.86,04:26:25,2,8,167.91
2026-08-20,Humira,10.05,04:26:55,2,8,167.92
2026-08-20,Humira,11.43,04:27:25,2,8,167.93
2026-08-20,Humira,13.03,04:27:55,2,8,167.94
2026-08-20,Humira,4.22,04:28:25,2,8,0.0
2026-08-20,Humira,16.92,04:28:55,2,8,167.96
2026-08-20,Humira,10.84,04:29:25,2,8,167.97
2026-08-20,Humira,15.48,04:29:55,2,8,167.98
2026-08-20,Humira,4.37,04:30:25,2,8,0.0
2026-08-20,Humira,15.55,04:30:55,2,8,168.0
2026-08-20,Humira,10.24,04:31:25,2,8,168.01
2026-08-20,Humira,12.04,04:31:55,2,8,168.03
2026-08-20,Humira,5.98,04:32:25,2,8,0.0
2026-08-20,Humira,17.96,04:32:55,2,8,168.05
2026-08-20,Humira,5.74,04:33:25,2,8,0.0
2026-08-20,Humira,15.53,04:33:55,2,8,168.07
2026-08-20,Humira,15.87,04:34:25,2,8,168.08
2026-08-20,Humira,5.45,04:34:55,2,8,0.0
2026-08-20,Humira,13.02,04:35:25,2,8,168.1
2026-08-20,Humira,12.58,04:35:55,2,8,168.11
2026-08-20,Humira,4.73,04:36:25,2,8,0.0
2026-08-20,Humira,10.27,04:36:55,2,8,168.13
2026-08-20,Humira,11.7,04:37:25,2,8,168.14
2026-08-20,Humira,13.28,04:37:55,2,8,168.16
2026-08-20,Humira,2.15,04:38:25,2,8,0.0
2026-08-20,Humira,12.61,04:38:55,2,8,168.18
2026-08-20,Humira,15.62,04:39:25,2,8,168.19
2026-08-20,Humira,9.37,04:39:55,2,8,168.2
2026-08-20,Humira,9.37,04:40:25,2,8,168.21
2026-08-20,Humira,14.7,04:40:55,2,8,168.22
2026-08-20,Humira,11.61,04:41:25,2,8,168.23
2026-08-20,Humira,12.22,04:41:55,2,8,168.24
2026-08-20,Humira,17.27,04:42:25,2,8,168.25
2026-08-20,Humira,10.1,04:42:55,2,8,168.26
2026-08-20,Humira,2.78,04:43:25,2,8,0.0
2026-08-20,Humira,4.81,04:43:55,2,8,0.0
2026-08-20,Humira,17.4,04:44:25,2,8,168.3
2026-08-20,Humira,13.98,04:44:55,2,8,168.31
2026-08-20,Humira,12.4,04:45:25,2,8,168.32
2026-08-20,Humira,12.71,04:45:55,2,8,168.33
2026-08-20,Humira,14.45,04:46:25,2,8,168.34
2026-08-20,Humira,11.56,04:46:55,2,8,168.35
2026-08-20,Humira,15.08,04:47:25,2,8,168.36
2026-08-20,Humira,15.63,04:47:55,2,8,168.37
2026-08-20,Humira,11.55,04:48:25,2,8,168.38
2026-08-20,Humira,13.73,04:48:55,2,8,168.39
2026-08-20,Humira,10.77,04:49:25,2,8,168.4
2026-08-20,Humira,15.23,04:49:55,2,8,168.42
2026-08-20,Humira,16.34,04:50:25,2,8,168.43
2026-08-20,Humira,10.55,04:50:55,2,8,168.44
2026-08-20,Humira,15.84,04:51:25,2,8,168.45
2026-08-20,Humira,13.55,04:51:55,2,8,168.46
2026-08-20,Humira,13.71,04:52:25,2,8,168.47
2026-08-20,Humira,17.94,04:52:55,2,8,168.48
2026-08-20,Humira,11.23,04:53:25,2,8,168.49
2026-08-20,Humira,13.61,04:53:55,2,8,168.5
2026-08-20,Humira,11.57,04:54:25,2,8,168.51
2026-08-20,Humira,14.04,04:54:55,2,8,168.52
2026-08-20,Humira,15.68,04:55:25,2,8,168.53
2026-08-20,Humira,6.45,04:55:55,2,8,0.0
2026-08-20,Humira,13.03,04:56:25,2,8,168.56
2026-08-20,Humira,14.35,04:56:55,2,8,168.57
2026-08-20,Humira,16.27,04:57:25,2,8,168.58
2026-08-20,Humira,9.59,04:57:55,2,8,168.59
2026-08-20,Humira,14.48,04:58:25,2,8,168.6
2026-08-20,Humira,12.1,04:58:55,2,8,168.61
2026-08-20,Humira,10.78,04:59:25,2,8,168.62
2026-08-20,Humira,16.39,04:59:55,2,8,168.63
2026-08-20,Humira,16.37,05:00:25,2,8,168.64
2026-08-20,Humira,13.82,05:00:55,2,8,168.65
2026-08-20,Humira,14.43,05:01:25,2,8,168.66
2026-08-20,Humira,15.24,05:01:55,2,8,168.68
2026-08-20,Humira,11.8,05:02:25,2,8,168.69
2026-08-20,Humira,5.17,05:02:55,2,8,0.0
2026-08-20,Humira,12.58,05:03:25,2,8,168.71
2026-08-20,Humira,12.8,05:03:55,2,8,168.72
2026-08-20,Humira,11.38,05:04:25,2,8,168.73
2026-08-20,Humira,14.12,05:04:55,2,8,168.74
2026-08-20,Humira,5.38,05:05:25,2,8,0.0
2026-08-20,Humira,6.37,05:05:55,2,8,0.0
2026-08-20,Humira,3.52,05:06:25,2,8,0.0
2026-08-20,Humira,12.26,05:06:55,2,8,168.78
2026-08-20,Humira,6.69,05:07:25,2,8,0.0
2026-08-20,Humira,13.42,05:07:55,2,8,168.81
2026-08-20,Humira,12.72,05:08:25,2,8,168.82
2026-08-20,Humira,12.63,05:08:55,2,8,168.83
2026-08-20,Humira,12.93,05:09:25,2,8,168.84
2026-08-20,Humira,17.31,05:09:55,2,8,168.85
2026-08-20,Humira,11.09,05:10:25,2,8,168.86
2026-08-20,Humira,17.73,05:10:55,2,8,168.87
2026-08-20,Humira,11.71,05:11:25,2,8,168.88
2026-08-20,Humira,16.01,05:11:55,2,8,168.89
2026-08-20,Humira,7.5,05:12:25,2,8,0.0
2026-08-20,Humira,11.52,05:12:55,2,8,168.91
2026-08-20,Humira,16.64,05:13:25,2,8,168.92
2026-08-20,Humira,15.06,05:13:55,2,8,168.94
2026-08-20,Humira,17.05,05:14:25,2,8,168.95
2026-08-20,Humira,3.18,05:14:55,2,8,0.0
2026-08-20,Humira,12.99,05:15:25,2,8,168.97
2026-08-20,Humira,14.16,05:15:55,2,8,168.98
2026-08-20,Humira,2.63,05:16:25,2,8,0.0
2026-08-20,Humira,9.99,05:16:55,2,8,169.0
2026-08-20,Humira,9.02,05:17:25,2,8,169.01
2026-08-20,Humira,16.66,05:17:55,2,8,169.02
2026-08-20,Humira,13.32,05:18:25,2,8,169.03
2026-08-20,Humira,9.56,05:18:55,2,8,169.04
2026-08-20,Humira,5.58,05:19:25,2,8,0.0
2026-08-20,Humira,10.19,05:19:55,2,8,169.07
2026-08-20,Humira,11.42,05:20:25,2,8,169.08
2026-08-20,Humira,16.55,05:20:55,2,8,169.09
2026-08-20,Humira,14.4,05:21:25,2,8,169.1
2026-08-20,Humira,11.22,05:21:55,2,8,169.11
2026-08-20,Humira,17.23,05:22:25,2,8,169.12
2026-08-20,Humira,10.33,05:22:55,2,8,169.13
2026-08-20,Humira,12.43,05:23:25,2,8,169.14
2026-08-20,Humira,14.95,05:23:55,2,8,169.15
2026-08-20,Humira,17.35,05:24:25,2,8,169.16
2026-08-20,Humira,12.22,05:24:55,2,8,169.17
2026-08-20,Humira,14.06,05:25:25,2,8,169.18
2026-08-20,Humira,13.8,05:25:55,2,8,169.2
2026-08-20,Humira,14.74,05:26:25,2,8,169.21
2026-08-20,Humira,12.45,05:26:55,2,8,169.22
2026-08-20,Humira,10.42,05:27:25,2,8,169.23
2026-08-20,Humira,2.94,05:27:55,2,8,0.0
2026-08-20,Humira,13.19,05:28:25,2,8,169.25
2026-08-20,Humira,11.73,05:28:55,2,8,169.26
2026-08-20,Humira,13.73,05:29:25,2,8,169.27
2026-08-20,Humira,9.23,05:29:55,2,8,169.28
2026-08-20,Humira,14.42,05:30:25,2,8,169.29
2026-08-20,Humira,13.67,05:30:55,2,8,169.3
2026-08-20,Humira,6.91,05:31:25,2,8,0.0
2026-08-20,Humira,2.66,05:31:55,2,8,0.0
2026-08-20,Humira,11.15,05:32:25,2,8,169.34
2026-08-20,Humira,9.54,05:32:55,2,8,169.35
2026-08-20,Humira,6.79,05:33:25,2,8,0.0
2026-08-20,Humira,14.86,05:33:55,2,8,169.37
2026-08-20,Humira,15.81,05:34:25,2,8,169.38
2026-08-20,Humira,17.75,05:34:55,2,8,169.39
2026-08-20,Humira,17.64,05:35:25,2,8,169.4
2026-08-20,Humira,13.46,05:35:55,2,8,169.41
2026-08-20,Humira,15.77,05:36:25,2,8,169.42
2026-08-20,Humira,13.27,05:36:55,2,8,169.43
2026-08-20,Humira,9.69,05:37:25,2,8,169.44
2026-08-20,Humira,7.75,05:37:55,2,8,0.0
2026-08-20,Humira,4.65,05:38:25,2,8,0.0
2026-08-20,Humira,11.58,05:38:55,2,8,169.48
2026-08-20,Humira,9.24,05:39:25,2,8,169.49
2026-08-20,Humira,12.79,05:39:55,2,8,169.5
2026-08-20,Humira,10.28,05:40:25,2,8,169.51
2026-08-20,Humira,10.43,05:40:55,2,8,169.52
2026-08-20,Humira,17.28,05:41:25,2,8,169.53
2026-08-20,Humira,9.72,05:41:55,2,8,169.54
2026-08-20,Humira,9.75,05:42:25,2,8,169.55
2026-08-20,Humira,9.74,05:42:55,2,8,169.56
2026-08-20,Humira,13.41,05:43:25,2,8,169.57
2026-08-20,Humira,16.79,05:43:55,2,8,169.58
2026-08-20,Humira,10.92,05:44:25,2,8,169.6
2026-08-20,Humira,13.44,05:44:55,2,8,169.61
2026-08-20,Humira,10.77,05:45:25,2,8,169.62
2026-08-20,Humira,12.26,05:45:55,2,8,169.63
2026-08-20,Humira,11.62,05:46:25,2,8,169.64
2026-08-20,Humira,17.44,05:46:55,2,8,169.65
2026-08-20,Humira,9.07,05:47:25,2,8,169.66
2026-08-20,Humira,4.89,05:47:55,2,8,0.0
2026-08-20,Humira,13.15,05:48:25,2,8,169.68
2026-08-20,Humira,13.67,05:48:55,2,8,169.69
2026-08-20,Humira,9.65,05:49:25,2,8,169.7
2026-08-20,Humira,17.51,05:49:55,2,8,169.72
2026-08-20,Humira,9.81,05:50:25,2,8,169.73
2026-08-20,Humira,6.29,05:50:55,2,8,0.0
2026-08-20,Humira,14.53,05:51:25,2,8,169.75
2026-08-20,Humira,11.04,05:51:55,2,8,169.76
2026-08-20,Humira,14.46,05:52:25,2,8,169.77
2026-08-20,Humira,17.91,05:52:55,2,8,169.78
2026-08-20,Humira,10.96,05:53:25,2,8,169.79
2026-08-20,Humira,15.48,05:53:55,2,8,169.8
2026-08-20,Humira,16.12,05:54:25,2,8,169.81
2026-08-20,Humira,9.93,05:54:55,2,8,169.82
2026-08-20,Humira,12.36,05:55:25,2,8,169.83
2026-08-20,Humira,16.27,05:55:55,2,8,169.85
2026-08-20,Humira,9.97,05:56:25,2,8,169.86
2026-08-20,Humira,6.92,05:56:55,2,8,0.0
2026-08-20,Humira,7.38,05:57:25,2,8,0.0
2026-08-20,Humira,2.76,05:57:55,2,8,0.0
2026-08-20,Humira,14.16,05:58:25,2,8,169.9
2026-08-20,Humira,17.66,05:58:55,2,8,169.91
2026-08-20,Humira,10.15,05:59:25,2,8,169.92
2026-08-20,Humira,12.79,05:59:55,2,8,169.93
2026-08-20,Humira,13.9,06:00:25,2,8,169.94
2026-08-20,Humira,16.39,06:00:55,2,8,169.95
2026-08-20,Humira,11.91,06:01:25,2,8,169.96
2026-08-20,Humira,17.13,06:01:55,2,8,169.97
2026-08-20,Humira,11.58,06:02:25,2,8,169.99
2026-08-20,Humira,11.36,06:02:55,2,8,170.0
2026-08-20,Humira,14.26,06:03:25,2,8,170.01
2026-08-20,Humira,14.75,06:03:55,2,8,170.02
2026-08-20,Humira,4.28,06:04:25,2,8,0.0
2026-08-20,Humira,14.31,06:04:55,2,8,170.04
2026-08-20,Humira,13.32,06:05:25,2,8,170.05
2026-08-20,Humira,17.61,06:05:55,2,8,170.06
2026-08-20,Humira,5.78,06:06:25,2,8,0.0
2026-08-20,Humira,11.75,06:06:55,2,8,170.08
2026-08-20,Humira,17.02,06:07:25,2,8,170.09
2026-08-20,Humira,9.43,06:07:55,2,8,170.1
2026-08-20,Humira,9.4,06:08:25,2,8,170.12
2026-08-20,Humira,14.46,06:08:55,2,8,170.13
2026-08-20,Humira,9.75,06:09:25,2,8,170.14
2026-08-20,Humira,6.55,06:09:55,2,8,0.0
2026-08-20,Humira,14.62,06:10:25,2,8,170.16
2026-08-20,Humira,15.13,06:10:55,2,8,170.17
2026-08-20,Humira,15.07,06:11:25,2,8,170.18
2026-08-20,Humira,13.33,06:11:55,2,8,170.19
2026-08-20,Humira,15.71,06:12:25,2,8,170.2
2026-08-20,Humira,13.37,06:12:55,2,8,170.21
2026-08-20,Humira,12.24,06:13:25,2,8,170.22
2026-08-20,Humira,12.93,06:13:55,2,8,170.23
2026-08-20,Humira,14.06,06:14:25,2,8,170.25
2026-08-20,Humira,7.47,06:14:55,2,8,0.0
2026-08-20,Humira,11.92,06:15:25,2,8,170.27
2026-08-20,Humira,17.63,06:15:55,2,8,170.28
2026-08-20,Humira,4.52,06:16:25,2,8,0.0
2026-08-20,Humira,14.04,06:16:55,2,8,170.3
2026-08-20,Humira,16.3,06:17:25,2,8,170.31
2026-08-20,Humira,17.03,06:17:55,2,8,170.32
2026-08-20,Humira,4.76,06:18:25,2,8,0.0
2026-08-20,Humira,4.3,06:18:55,2,8,0.0
2026-08-20,Humira,13.27,06:19:25,2,8,170.35
2026-08-20,Humira,15.86,06:19:55,2,8,170.37
2026-08-20,Humira,6.09,06:20:25,2,8,0.0
2026-08-20,Humira,10.48,06:20:55,2,8,170.39
2026-08-20,Humira,10.11,06:21:25,2,8,170.4
2026-08-20,Humira,2.8,06:21:55,2,8,0.0
2026-08-20,Humira,16.15,06:22:25,2,8,170.42
2026-08-20,Humira,13.36,06:22:55,2,8,170.43
2026-08-20,Humira,12.0,06:23:25,2,8,170.44
2026-08-20,Humira,11.75,06:23:55,2,8,170.45
2026-08-20,Humira,15.18,06:24:25,2,8,170.46
2026-08-20,Humira,2.06,06:24:55,2,8,0.0
2026-08-20,Humira,11.45,06:25:25,2,8,170.48
2026-08-20,Humira,13.73,06:25:55,2,8,170.5
2026-08-20,Humira,14.34,06:26:25,2,8,170.51
2026-08-20,Humira,6.03,06:26:55,2,8,0.0
2026-08-20,Humira,14.29,06:27:25,2,8,170.53
2026-08-20,Humira,11.97,06:27:55,2,8,170.54
2026-08-20,Humira,17.56,06:28:25,2,8,170.55
2026-08-20,Humira,13.98,06:28:55,2,8,170.56
2026-08-20,Humira,6.11,06:29:25,2,8,0.0
2026-08-20,Humira,10.9,06:29:55,2,8,170.58
2026-08-20,Humira,6.8,06:30:25,2,8,0.0
2026-08-20,Humira,2.01,06:30:55,2,8,0.0
2026-08-20,Humira,17.85,06:31:25,2,8,170.61
2026-08-20,Humira,10.03,06:31:55,2,8,170.62
2026-08-20,Humira,6.41,06:32:25,2,8,0.0
2026-08-20,Humira,3.57,06:32:55,2,8,0.0
2026-08-20,Humira,12.38,06:33:25,2,8,170.66
2026-08-20,Humira,6.04,06:33:55,2,8,0.0
2026-08-20,Humira,12.9,06:34:25,2,8,170.68
2026-08-20,Humira,2.36,06:34:55,2,8,0.0
2026-08-20,Humira,14.27,06:35:25,2,8,170.7
2026-08-20,Humira,16.8,06:35:55,2,8,170.71
2026-08-20,Humira,16.08,06:36:25,2,8,170.72
2026-08-20,Humira,13.17,06:36:55,2,8,170.73
2026-08-20,Humira,16.33,06:37:25,2,8,170.74
2026-08-20,Humira,15.6,06:37:55,2,8,170.75
2026-08-20,Humira,9.79,06:38:25,2,8,170.77
2026-08-20,Humira,15.56,06:38:55,2,8,170.78
2026-08-20,Humira,11.27,06:39:25,2,8,170.79
2026-08-20,Humira,10.82,06:39:55,2,8,170.8
2026-08-20,Humira,11.32,06:40:25,2,8,170.81
2026-08-20,Humira,11.54,06:40:55,2,8,170.82
2026-08-20,Humira,9.34,06:41:25,2,8,170.83
2026-08-20,Humira,9.29,06:41:55,2,8,170.84
2026-08-20,Humira,9.6,06:42:25,2,8,170.85
2026-08-20,Humira,13.78,06:42:55,2,8,170.86
2026-08-20,Humira,12.67,06:43:25,2,8,170.87
2026-08-20,Humira,10.44,06:43:55,2,8,170.88
2026-08-20,Humira,13.42,06:44:25,2,8,170.9
2026-08-20,Humira,10.72,06:44:55,2,8,170.91
2026-08-20,Humira,12.48,06:45:25,2,8,170.92
2026-08-20,Humira,15.23,06:45:55,2,8,170.93
2026-08-20,Humira,4.19,06:46:25,2,8,0.0
2026-08-20,Humira,10.07,06:46:55,2,8,170.95
2026-08-20,Humira,15.15,06:47:25,2,8,170.96
2026-08-20,Humira,9.88,06:47:55,2,8,170.97
2026-08-20,Humira,15.48,06:48:25,2,8,170.98
2026-08-20,Humira,5.06,06:48:55,2,8,0.0
2026-08-20,Humira,14.04,06:49:25,2,8,171.0
2026-08-20,Humira,9.91,06:49:55,2,8,171.02
2026-08-20,Humira,14.1,06:50:25,2,8,171.03
2026-08-20,Humira,17.57,06:50:55,2,8,171.04
2026-08-20,Humira,10.33,06:51:25,2,8,171.05
2026-08-20,Humira,12.01,06:51:55,2,8,171.06
2026-08-20,Humira,17.13,06:52:25,2,8,171.07
2026-08-20,Humira,12.54,06:52:55,2,8,171.08
2026-08-20,Humira,15.87,06:53:25,2,8,171.09
2026-08-20,Humira,12.07,06:53:55,2,8,171.1
2026-08-20,Humira,14.45,06:54:25,2,8,171.11
2026-08-20,Humira,11.45,06:54:55,2,8,171.12
2026-08-20,Humira,11.05,06:55:25,2,8,171.13
2026-08-20,Humira,9.84,06:55:55,2,8,171.15
2026-08-20,Humira,14.26,06:56:25,2,8,171.16
2026-08-20,Humira,15.38,06:56:55,2,8,171.17
2026-08-20,Humira,17.76,06:57:25,2,8,171.18
2026-08-20,Humira,7.77,06:57:55,2,8,0.0
2026-08-20,Humira,14.51,06:58:25,2,8,171.2
2026-08-20,Humira,10.19,06:58:55,2,8,171.21
2026-08-20,Humira,14.72,06:59:25,2,8,171.22
2026-08-20,Humira,10.38,06:59:55,2,8,171.23
2026-08-20,Humira,9.48,07:00:25,2,8,171.24
2026-08-20,Humira,12.86,07:00:55,2,8,171.25
2026-08-20,Humira,15.73,07:01:25,2,8,171.26
2026-08-20,Humira,16.88,07:01:55,2,8,171.28
2026-08-20,Humira,15.28,07:02:25,2,8,171.29
2026-08-20,Humira,17.36,07:02:55,2,8,171.3
2026-08-20,Humira,2.08,07:03:25,2,8,0.0
2026-08-20,Humira,12.97,07:03:55,2,8,171.32
2026-08-20,Humira,9.0,07:04:25,2,8,171.33
2026-08-20,Humira,16.21,07:04:55,2,8,171.34
2026-08-20,Humira,10.0,07:05:25,2,8,171.35
2026-08-20,Humira,11.15,07:05:55,2,8,171.36
2026-08-20,Humira,3.57,07:06:25,2,8,0.0
2026-08-20,Humira,12.72,07:06:55,2,8,171.38
2026-08-20,Humira,17.12,07:07:25,2,8,171.39
2026-08-20,Humira,3.63,07:07:55,2,8,0.0
2026-08-20,Humira,6.85,07:08:25,2,8,0.0
2026-08-20,Humira,13.74,07:08:55,2,8,171.43
2026-08-20,Humira,9.19,07:09:25,2,8,171.44
2026-08-20,Humira,12.58,07:09:55,2,8,171.45
2026-08-20,Humira,15.4,07:10:25,2,8,171.46
2026-08-20,Humira,10.15,07:10:55,2,8,171.47
2026-08-20,Humira,11.04,07:11:25,2,8,171.48
2026-08-20,Humira,12.31,07:11:55,2,8,171.49
2026-08-20,Humira,2.74,07:12:25,2,8,0.0
2026-08-20,Humira,13.91,07:12:55,2,8,171.51
2026-08-20,Humira,14.44,07:13:25,2,8,171.52
2026-08-20,Humira,16.58,07:13:55,2,8,171.53
2026-08-20,Humira,12.45,07:14:25,2,8,171.55
2026-08-20,Humira,9.01,07:14:55,2,8,171.56
2026-08-20,Humira,12.81,07:15:25,2,8,171.57
2026-08-20,Humira,11.97,07:15:55,2,8,171.58
2026-08-20,Humira,10.27,07:16:25,2,8,171.59
2026-08-20,Humira,16.85,07:16:55,2,8,171.6
2026-08-20,Humira,10.36,07:17:25,2,8,171.61
2026-08-20,Humira,7.31,07:17:55,2,8,0.0
2026-08-20,Humira,6.75,07:18:25,2,8,0.0
2026-08-20,Humira,10.28,07:18:55,2,8,171.64
2026-08-20,Humira,15.0,07:19:25,2,8,171.65
2026-08-20,Humira,2.94,07:19:55,2,8,0.0
2026-08-20,Humira,15.99,07:20:25,2,8,171.68
2026-08-20,Humira,2.85,07:20:55,2,8,0.0
2026-08-20,Humira,11.44,07:21:25,2,8,171.7
2026-08-20,Humira,6.11,07:21:55,2,8,0.0
2026-08-20,Humira,6.14,07:22:25,2,8,0.0
2026-08-20,Humira,16.9,07:22:55,2,8,171.73
2026-08-20,Humira,2.99,07:23:25,2,8,0.0
2026-08-20,Humira,14.51,07:23:55,2,8,171.75
2026-08-20,Humira,16.95,07:24:25,2,8,171.76
2026-08-20,Humira,15.23,07:24:55,2,8,171.77
2026-08-20,Humira,13.83,07:25:25,2,8,171.78
2026-08-20,Humira,10.91,07:25:55,2,8,171.8
2026-08-20,Humira,14.34,07:26:25,2,8,171.81
2026-08-20,Humira,10.85,07:26:55,2,8,171.82
2026-08-20,Humira,14.16,07:27:25,2,8,171.83
2026-08-20,Humira,2.82,07:27:55,2,8,0.0
2026-08-20,Humira,11.56,07:28:25,2,8,171.85
2026-08-20,Humira,16.43,07:28:55,2,8,171.86
2026-08-20,Humira,12.02,07:29:25,2,8,171.87
2026-08-20,Humira,7.78,07:29:55,2,8,0.0
2026-08-20,Humira,2.82,07:30:25,2,8,0.0
2026-08-20,Humira,13.74,07:30:55,2,8,171.9
2026-08-20,Humira,13.98,07:31:25,2,8,171.91
2026-08-20,Humira,15.32,07:31:55,2,8,171.93
2026-08-20,Humira,17.89,07:32:25,2,8,171.94
2026-08-20,Humira,10.14,07:32:55,2,8,171.95
2026-08-20,Humira,14.45,07:33:25,2,8,171.96
2026-08-20,Humira,9.47,07:33:55,2,8,171.97
2026-08-20,Humira,5.8,07:34:25,2,8,0.0
2026-08-20,Humira,13.47,07:34:55,2,8,171.99
2026-08-20,Humira,15.08,07:35:25,2,8,172.0
2026-08-20,Humira,4.11,07:35:55,2,8,0.0
2026-08-20,Humira,6.0,07:36:25,2,8,0.0
2026-08-20,Humira,7.83,07:36:55,2,8,0.0
2026-08-20,Humira,5.66,07:37:25,2,8,0.0
2026-08-20,Humira,10.68,07:37:55,2,8,172.06
2026-08-20,Humira,2.18,07:38:25,2,8,0.0
2026-08-20,Humira,10.24,07:38:55,2,8,172.08
2026-08-20,Humira,12.05,07:39:25,2,8,172.09
2026-08-20,Humira,5.94,07:39:55,2,8,0.0
2026-08-20,Humira,17.34,07:40:25,2,8,172.11
2026-08-20,Humira,11.57,07:40:55,2,8,172.12
2026-08-20,Humira,15.08,07:41:25,2,8,172.13
2026-08-20,Humira,14.5,07:41:55,2,8,172.14
2026-08-20,Humira,15.5,07:42:25,2,8,172.15
2026-08-20,Humira,12.43,07:42:55,2,8,172.16
2026-08-20,Humira,13.05,07:43:25,2,8,172.17
2026-08-20,Humira,10.54,07:43:55,2,8,172.19
2026-08-20,Humira,13.27,07:44:25,2,8,172.2
2026-08-20,Humira,9.24,07:44:55,2,8,172.21
2026-08-20,Humira,9.96,07:45:25,2,8,172.22
2026-08-20,Humira,11.65,07:45:55,2,8,172.23
2026-08-20,Humira,7.81,07:46:25,2,8,0.0
2026-08-20,Humira,14.04,07:46:55,2,8,172.25
2026-08-20,Humira,14.11,07:47:25,2,8,172.26
2026-08-20,Humira,10.84,07:47:55,2,8,172.27
2026-08-20,Humira,17.97,07:48:25,2,8,172.28
2026-08-20,Humira,14.76,07:48:55,2,8,172.29
2026-08-20,Humira,2.5,07:49:25,2,8,0.0
2026-08-20,Humira,10.78,07:49:55,2,8,172.32
2026-08-20,Humira,15.23,07:50:25,2,8,172.33
2026-08-20,Humira,10.96,07:50:55,2,8,172.34
2026-08-20,Humira,7.6,07:51:25,2,8,0.0
2026-08-20,Humira,11.66,07:51:55,2,8,172.36
2026-08-20,Humira,16.25,07:52:25,2,8,172.37
2026-08-20,Humira,15.92,07:52:55,2,8,172.38
2026-08-20,Humira,14.27,07:53:25,2,8,172.39
2026-08-20,Humira,14.79,07:53:55,2,8,172.4
2026-08-20,Humira,14.05,07:54:25,2,8,172.41
2026-08-20,Humira,15.02,07:54:55,2,8,172.42
2026-08-20,Humira,10.58,07:55:25,2,8,172.43
2026-08-20,Humira,11.38,07:55:55,2,8,172.45
2026-08-20,Humira,9.87,07:56:25,2,8,172.46
2026-08-20,Humira,13.4,07:56:55,2,8,172.47
2026-08-20,Humira,16.94,07:57:25,2,8,172.48
2026-08-20,Humira,16.05,07:57:55,2,8,172.49
2026-08-20,Humira,12.99,07:58:25,2,8,172.5
2026-08-20,Humira,3.99,07:58:55,2,8,0.0
2026-08-20,Humira,13.46,07:59:25,2,8,172.52
2026-08-20,Humira,11.24,07:59:55,2,8,172.53
2026-08-20,Humira,10.07,08:00:25,2,8,172.54
2026-08-20,Humira,14.6,08:00:55,2,8,172.55
2026-08-20,Humira,10.0,08:01:25,2,8,172.56
2026-08-20,Humira,17.81,08:01:55,2,8,172.58
2026-08-20,Humira,9.06,08:02:25,2,8,172.59
2026-08-20,Humira,3.41,08:02:55,2,8,0.0
2026-08-20,Humira,7.81,08:03:25,2,8,0.0
2026-08-20,Humira,6.56,08:03:55,2,8,0.0
2026-08-20,Humira,9.67,08:04:25,2,8,172.63
2026-08-20,Humira,10.72,08:04:55,2,8,172.64
2026-08-20,Humira,13.38,08:05:25,2,8,172.65
2026-08-20,Humira,11.18,08:05:55,2,8,172.66
2026-08-20,Humira,13.77,08:06:25,2,8,172.67
2026-08-20,Humira,17.85,08:06:55,2,8,172.68
2026-08-20,Humira,4.57,08:07:25,2,8,0.0
2026-08-20,Humira,11.17,08:07:55,2,8,172.71
2026-08-20,Humira,16.24,08:08:25,2,8,172.72
2026-08-20,Humira,12.09,08:08:55,2,8,172.73
2026-08-20,Humira,3.09,08:09:25,2,8,0.0
2026-08-20,Humira,9.96,08:09:55,2,8,172.75
2026-08-20,Humira,16.16,08:10:25,2,8,172.76
2026-08-20,Humira,12.5,08:10:55,2,8,172.77
2026-08-20,Humira,11.16,08:11:25,2,8,172.78
2026-08-20,Humira,17.24,08:11:55,2,8,172.79
2026-08-20,Humira,10.26,08:12:25,2,8,172.8
2026-08-20,Humira,9.12,08:12:55,2,8,172.81
2026-08-20,Humira,12.09,08:13:25,2,8,172.82
2026-08-20,Humira,3.57,08:13:55,2,8,0.0
2026-08-20,Humira,10.3,08:14:25,2,8,172.85
2026-08-20,Humira,4.88,08:14:55,2,8,0.0
2026-08-20,Humira,12.93,08:15:25,2,8,172.87
2026-08-20,Humira,10.54,08:15:55,2,8,172.88
2026-08-20,Humira,15.46,08:16:25,2,8,172.89
2026-08-20,Humira,6.6,08:16:55,2,8,0.0
2026-08-20,Humira,10.99,08:17:25,2,8,172.91
2026-08-20,Humira,9.16,08:17:55,2,8,172.92
2026-08-20,Humira,17.39,08:18:25,2,8,172.93
2026-08-20,Humira,15.26,08:18:55,2,8,172.94
2026-08-20,Humira,9.56,08:19:25,2,8,172.95
2026-08-20,Humira,15.33,08:19:55,2,8,172.97
2026-08-20,Humira,12.98,08:20:25,2,8,172.98
2026-08-20,Humira,16.24,08:20:55,2,8,172.99
2026-08-20,Humira,12.03,08:21:25,2,8,173.0
2026-08-20,Humira,12.88,08:21:55,2,8,173.01
2026-08-20,Humira,13.19,08:22:25,2,8,173.02
2026-08-20,Humira,10.51,08:22:55,2,8,173.03
2026-08-20,Humira,16.42,08:23:25,2,8,173.04
2026-08-20,Humira,5.63,08:23:55,2,8,0.0
2026-08-20,Humira,13.96,08:24:25,2,8,173.06
2026-08-20,Humira,15.32,08:24:55,2,8,173.07
2026-08-20,Humira,15.88,08:25:25,2,8,173.08
2026-08-20,Humira,11.07,08:25:55,2,8,173.1
2026-08-20,Humira,14.54,08:26:25,2,8,173.11
2026-08-20,Humira,15.44,08:26:55,2,8,173.12
2026-08-20,Humira,14.0,08:27:25,2,8,173.13
2026-08-20,Humira,9.76,08:27:55,2,8,173.14
2026-08-20,Humira,12.47,08:28:25,2,8,173.15
2026-08-20,Humira,13.26,08:28:55,2,8,173.16
2026-08-20,Humira,9.57,08:29:25,2,8,173.17
2026-08-20,Humira,13.95,08:29:55,2,8,173.18
2026-08-20,Humira,11.27,08:30:25,2,8,173.19
2026-08-20,Humira,10.06,08:30:55,2,8,173.2
2026-08-20,Humira,11.43,08:31:25,2,8,173.21
2026-08-20,Humira,11.51,08:31:55,2,8,173.22
2026-08-20,Humira,14.24,08:32:25,2,8,173.24
2026-08-20,Humira,13.54,08:32:55,2,8,173.25
2026-08-20,Humira,16.99,08:33:25,2,8,173.26
2026-08-20,Humira,7.35,08:33:55,2,8,0.0
2026-08-20,Humira,17.75,08:34:25,2,8,173.28
2026-08-20,Humira,16.03,08:34:55,2,8,173.29
2026-08-20,Humira,10.56,08:35:25,2,8,173.3
2026-08-20,Humira,9.91,08:35:55,2,8,173.31
2026-08-20,Humira,4.95,08:36:25,2,8,0.0
2026-08-20,Humira,12.92,08:36:55,2,8,173.33
2026-08-20,Humira,10.49,08:37:25,2,8,173.34
2026-08-20,Humira,10.53,08:37:55,2,8,173.35
2026-08-20,Humira,11.9,08:38:25,2,8,173.37
2026-08-20,Humira,6.8,08:38:55,2,8,0.0
2026-08-20,Humira,11.84,08:39:25,2,8,173.39
2026-08-20,Humira,15.34,08:39:55,2,8,173.4
2026-08-20,Humira,13.6,08:40:25,2,8,173.41
2026-08-20,Humira,16.71,08:40:55,2,8,173.42
2026-08-20,Humira,13.24,08:41:25,2,8,173.43
2026-08-20,Humira,13.16,08:41:55,2,8,173.44
2026-08-20,Humira,11.83,08:42:25,2,8,173.45
2026-08-20,Humira,12.14,08:42:55,2,8,173.46
2026-08-20,Humira,12.01,08:43:25,2,8,173.47
2026-08-20,Humira,15.85,08:43:55,2,8,173.48
2026-08-20,Humira,13.44,08:44:25,2,8,173.5
2026-08-20,Humira,14.57,08:44:55,2,8,173.51
2026-08-20,Humira,11.5,08:45:25,2,8,173.52
2026-08-20,Humira,11.09,08:45:55,2,8,173.53
2026-08-20,Humira,10.9,08:46:25,2,8,173.54
2026-08-20,Humira,9.84,08:46:55,2,8,173.55
2026-08-20,Humira,4.93,08:47:25,2,8,0.0
2026-08-20,Humira,12.19,08:47:55,2,8,173.57
2026-08-20,Humira,6.87,08:48:25,2,8,0.0
2026-08-20,Humira,14.92,08:48:55,2,8,173.59
2026-08-20,Humira,13.79,08:49:25,2,8,173.6
2026-08-20,Humira,3.63,08:49:55,2,8,0.0
2026-08-20,Humira,9.09,08:50:25,2,8,173.63
2026-08-20,Humira,11.19,08:50:55,2,8,173.64
2026-08-20,Humira,14.58,08:51:25,2,8,173.65
2026-08-20,Humira,15.52,08:51:55,2,8,173.66
2026-08-20,Humira,15.92,08:52:25,2,8,173.67
2026-08-20,Humira,5.28,08:52:55,2,8,0.0
2026-08-20,Humira,12.53,08:53:25,2,8,173.69
2026-08-20,Humira,6.86,08:53:55,2,8,0.0
2026-08-20,Humira,5.06,08:54:25,2,8,0.0
2026-08-20,Humira,14.68,08:54:55,2,8,173.72
2026-08-20,Humira,6.98,08:55:25,2,8,0.0
2026-08-20,Humira,9.18,08:55:55,2,8,173.75
2026-08-20,Humira,13.36,08:56:25,2,8,173.76
2026-08-20,Humira,14.57,08:56:55,2,8,173.77
2026-08-20,Humira,16.04,08:57:25,2,8,173.78
2026-08-20,Humira,10.41,08:57:55,2,8,173.79
2026-08-20,Humira,2.24,08:58:25,2,8,0.0
2026-08-20,Humira,9.62,08:58:55,2,8,173.81
2026-08-20,Humira,14.42,08:59:25,2,8,173.82
2026-08-20,Humira,14.98,08:59:55,2,8,173.83
2026-08-20,Humira,14.26,09:00:25,2,8,173.84
2026-08-20,Humira,15.81,09:00:55,2,8,173.85
2026-08-20,Humira,5.57,09:01:25,2,8,0.0
2026-08-20,Humira,17.49,09:01:55,2,8,173.88
2026-08-20,Humira,17.07,09:02:25,2,8,173.89
2026-08-20,Humira,4.43,09:02:55,2,8,0.0
2026-08-20,Humira,10.17,09:03:25,2,8,173.91
2026-08-20,Humira,13.22,09:03:55,2,8,173.92
2026-08-20,Humira,15.01,09:04:25,2,8,173.93
2026-08-20,Humira,5.61,09:04:55,2,8,0.0
2026-08-20,Humira,15.11,09:05:25,2,8,173.95
2026-08-20,Humira,15.64,09:05:55,2,8,173.96
2026-08-20,Humira,14.94,09:06:25,2,8,173.97
2026-08-20,Humira,12.49,09:06:55,2,8,173.98
2026-08-20,Humira,2.38,09:07:25,2,8,0.0
2026-08-20,Humira,14.01,09:07:55,2,8,174.0
2026-08-20,Humira,6.42,09:08:25,2,8,0.0
2026-08-20,Humira,17.96,09:08:55,2,8,174.03
2026-08-20,Humira,14.8,09:09:25,2,8,174.04
2026-08-20,Humira,14.17,09:09:55,2,8,174.05
2026-08-20,Humira,13.77,09:10:25,2,8,174.06
2026-08-20,Humira,14.44,09:10:55,2,8,174.07
2026-08-20,Humira,13.7,09:11:25,2,8,174.08
2026-08-20,Humira,12.6,09:11:55,2,8,174.09
2026-08-20,Humira,12.41,09:12:25,2,8,174.1
2026-08-20,Humira,10.9,09:12:55,2,8,174.11
2026-08-20,Humira,17.64,09:13:25,2,8,174.12
2026-08-20,Humira,11.29,09:13:55,2,8,174.13
2026-08-20,Humira,10.23,09:14:25,2,8,174.15
2026-08-20,Humira,9.01,09:14:55,2,8,174.16
2026-08-20,Humira,11.4,09:15:25,2,8,174.17
2026-08-20,Humira,15.94,09:15:55,2,8,174.18
2026-08-20,Humira,17.68,09:16:25,2,8,174.19
2026-08-20,Humira,9.98,09:16:55,2,8,174.2
2026-08-20,Humira,11.14,09:17:25,2,8,174.21
2026-08-20,Humira,14.38,09:17:55,2,8,174.22
2026-08-20,Humira,9.4,09:18:25,2,8,174.23
2026-08-20,Humira,9.32,09:18:55,2,8,174.24
2026-08-20,Humira,15.16,09:19:25,2,8,174.25
2026-08-20,Humira,10.23,09:19:55,2,8,174.27
2026-08-20,Humira,12.32,09:20:25,2,8,174.28
2026-08-20,Humira,12.41,09:20:55,2,8,174.29
2026-08-20,Humira,14.32,09:21:25,2,8,174.3
2026-08-20,Humira,15.05,09:21:55,2,8,174.31
2026-08-20,Humira,10.29,09:22:25,2,8,174.32
2026-08-20,Humira,16.27,09:22:55,2,8,174.33
2026-08-20,Humira,11.33,09:23:25,2,8,174.34
2026-08-20,Humira,6.72,09:23:55,2,8,0.0
2026-08-20,Humira,16.44,09:24:25,2,8,174.36
2026-08-20,Humira,13.38,09:24:55,2,8,174.37
2026-08-20,Humira,7.62,09:25:25,2,8,0.0
2026-08-20,Humira,16.77,09:25:55,2,8,174.4
2026-08-20,Humira,10.7,09:26:25,2,8,174.41
2026-08-20,Humira,3.22,09:26:55,2,8,0.0
2026-08-20,Humira,9.41,09:27:25,2,8,174.43
2026-08-20,Humira,17.39,09:27:55,2,8,174.44
2026-08-20,Humira,16.04,09:28:25,2,8,174.45
2026-08-20,Humira,17.98,09:28:55,2,8,174.46
2026-08-20,Humira,17.68,09:29:25,2,8,174.47
2026-08-20,Humira,14.83,09:29:55,2,8,174.48
2026-08-20,Humira,2.26,09:30:25,2,8,0.0
2026-08-20,Humira,16.8,09:30:55,2,8,174.5
2026-08-20,Humira,9.95,09:31:25,2,8,174.51
2026-08-20,Humira,11.55,09:31:55,2,8,174.53
2026-08-20,Humira,17.41,09:32:25,2,8,174.54
2026-08-20,Humira,17.08,09:32:55,2,8,174.55
2026-08-20,Humira,12.56,09:33:25,2,8,174.56
2026-08-20,Humira,14.51,09:33:55,2,8,174.57
2026-08-20,Humira,17.9,09:34:25,2,8,174.58
2026-08-20,Humira,17.14,09:34:55,2,8,174.59
2026-08-20,Humira,4.07,09:35:25,2,8,0.0
2026-08-20,Humira,13.38,09:35:55,2,8,174.61
2026-08-20,Humira,13.93,09:36:25,2,8,174.62
2026-08-20,Humira,14.09,09:36:55,2,8,174.63
2026-08-20,Humira,9.7,09:37:25,2,8,174.64
2026-08-20,Humira,15.5,09:37:55,2,8,174.66
2026-08-20,Humira,3.85,09:38:25,2,8,0.0
2026-08-20,Humira,17.22,09:38:55,2,8,174.68
2026-08-20,Humira,14.25,09:39:25,2,8,174.69
2026-08-20,Humira,12.11,09:39:55,2,8,174.7
2026-08-20,Humira,12.73,09:40:25,2,8,174.71
2026-08-20,Humira,4.23,09:40:55,2,8,0.0
2026-08-20,Humira,15.97,09:41:25,2,8,174.73
2026-08-20,Humira,14.64,09:41:55,2,8,174.74
2026-08-20,Humira,7.38,09:42:25,2,8,0.0
2026-08-20,Humira,15.96,09:42:55,2,8,174.76
2026-08-20,Humira,2.16,09:43:25,2,8,0.0
2026-08-20,Humira,10.2,09:43:55,2,8,174.78
2026-08-20,Humira,10.28,09:44:25,2,8,174.8
2026-08-20,Humira,3.45,09:44:55,2,8,0.0
2026-08-20,Humira,15.93,09:45:25,2,8,174.82
2026-08-20,Humira,2.5,09:45:55,2,8,0.0
2026-08-20,Humira,9.26,09:46:25,2,8,174.84
2026-08-20,Humira,14.23,09:46:55,2,8,174.85
2026-08-20,Humira,11.1,09:47:25,2,8,174.86
2026-08-20,Humira,14.65,09:47:55,2,8,174.87
2026-08-20,Humira,10.28,09:48:25,2,8,174.88
2026-08-20,Humira,2.15,09:48:55,2,8,0.0
2026-08-20,Humira,9.66,09:49:25,2,8,174.9
2026-08-20,Humira,16.12,09:49:55,2,8,174.92
2026-08-20,Humira,4.01,09:50:25,2,8,0.0
2026-08-20,Humira,16.23,09:50:55,2,8,174.94
2026-08-20,Humira,13.23,09:51:25,2,8,174.95
2026-08-20,Humira,10.58,09:51:55,2,8,174.96
2026-08-20,Humira,14.96,09:52:25,2,8,174.97
2026-08-20,Humira,17.62,09:52:55,2,8,174.98
2026-08-20,Humira,15.26,09:53:25,2,8,174.99
2026-08-20,Humira,15.59,09:53:55,2,8,175.0
2026-08-20,Humira,12.75,09:54:25,2,8,175.01
2026-08-20,Humira,13.99,09:54:55,2,8,175.02
2026-08-20,Humira,14.89,09:55:25,2,8,175.03
2026-08-20,Humira,11.7,09:55:55,2,8,175.05
2026-08-20,Humira,5.49,09:56:25,2,8,0.0
2026-08-20,Humira,10.22,09:56:55,2,8,175.07
2026-08-20,Humira,17.95,09:57:25,2,8,175.08
2026-08-20,Humira,16.52,09:57:55,2,8,175.09
2026-08-20,Humira,14.96,09:58:25,2,8,175.1
2026-08-20,Humira,10.89,09:58:55,2,8,175.11
2026-08-20,Humira,13.73,09:59:25,2,8,175.12
2026-08-20,Humira,11.51,09:59:55,2,8,175.13
2026-08-20,Humira,17.69,10:00:25,2,8,175.14
2026-08-20,Humira,17.85,10:00:55,2,8,175.15
2026-08-20,Humira,15.88,10:01:25,2,8,175.16
2026-08-20,Humira,2.3,10:01:55,2,8,0.0
2026-08-20,Humira,15.73,10:02:25,2,8,175.19
2026-08-20,Humira,9.1,10:02:55,2,8,175.2
2026-08-20,Humira,12.67,10:03:25,2,8,175.21
2026-08-20,Humira,15.67,10:03:55,2,8,175.22
2026-08-20,Humira,13.65,10:04:25,2,8,175.23
2026-08-20,Humira,2.23,10:04:55,2,8,0.0
2026-08-20,Humira,15.19,10:05:25,2,8,175.25
2026-08-20,Humira,14.82,10:05:55,2,8,175.26
2026-08-20,Humira,3.86,10:06:25,2,8,0.0
2026-08-20,Humira,9.06,10:06:55,2,8,175.28
2026-08-20,Humira,7.86,10:07:25,2,8,0.0
2026-08-20,Humira,16.51,10:07:55,2,8,175.31
2026-08-20,Humira,7.63,10:08:25,2,8,0.0
2026-08-20,Humira,12.48,10:08:55,2,8,175.33
2026-08-20,Humira,7.28,10:09:25,2,8,0.0
2026-08-20,Humira,4.05,10:09:55,2,8,0.0
2026-08-20,Humira,12.53,10:10:25,2,8,175.36
2026-08-20,Humira,16.78,10:10:55,2,8,175.37
2026-08-20,Humira,12.0,10:11:25,2,8,175.38
2026-08-20,Humira,6.95,10:11:55,2,8,0.0
2026-08-20,Humira,11.4,10:12:25,2,8,175.4
2026-08-20,Humira,14.4,10:12:55,2,8,175.41
2026-08-20,Humira,11.93,10:13:25,2,8,175.42
2026-08-20,Humira,14.69,10:13:55,2,8,175.44
2026-08-20,Humira,11.02,10:14:25,2,8,175.45
2026-08-20,Humira,12.97,10:14:55,2,8,175.46
2026-08-20,Humira,12.95,10:15:25,2,8,175.47
2026-08-20,Humira,4.21,10:15:55,2,8,0.0
2026-08-20,Humira,7.08,10:16:25,2,8,0.0
2026-08-20,Humira,16.0,10:16:55,2,8,175.5
2026-08-20,Humira,6.75,10:17:25,2,8,0.0
2026-08-20,Humira,14.88,10:17:55,2,8,175.52
2026-08-20,Humira,11.5,10:18:25,2,8,175.53
2026-08-20,Humira,3.91,10:18:55,2,8,0.0
2026-08-20,Humira,10.81,10:19:25,2,8,175.55
2026-08-20,Humira,17.81,10:19:55,2,8,175.57
2026-08-20,Humira,3.75,10:20:25,2,8,0.0
2026-08-20,Humira,15.71,10:20:55,2,8,175.59
2026-08-20,Humira,15.63,10:21:25,2,8,175.6
2026-08-20,Humira,17.58,10:21:55,2,8,175.61
2026-08-20,Humira,11.91,10:22:25,2,8,175.62
2026-08-20,Humira,6.42,10:22:55,2,8,0.0
2026-08-20,Humira,10.79,10:23:25,2,8,175.64
2026-08-20,Humira,3.41,10:23:55,2,8,0.0
2026-08-20,Humira,16.89,10:24:25,2,8,175.66
2026-08-20,Humira,7.38,10:24:55,2,8,0.0
2026-08-20,Humira,3.07,10:25:25,2,8,0.0
2026-08-20,Humira,10.16,10:25:55,2,8,175.7
2026-08-20,Humira,17.73,10:26:25,2,8,175.71
2026-08-20,Humira,17.71,10:26:55,2,8,175.72
2026-08-20,Humira,11.44,10:27:25,2,8,175.73
2026-08-20,Humira,9.57,10:27:55,2,8,175.74
2026-08-20,Humira,9.0,10:28:25,2,8,175.75
2026-08-20,Humira,10.01,10:28:55,2,8,175.76
2026-08-20,Humira,17.62,10:29:25,2,8,175.77
2026-08-20,Humira,17.35,10:29:55,2,8,175.78
2026-08-20,Humira,13.75,10:30:25,2,8,175.79
2026-08-20,Humira,10.33,10:30:55,2,8,175.8
2026-08-20,Humira,12.44,10:31:25,2,8,175.81
2026-08-20,Humira,2.44,10:31:55,2,8,0.0
2026-08-20,Humira,4.01,10:32:25,2,8,0.0
2026-08-20,Humira,9.02,10:32:55,2,8,175.85
2026-08-20,Humira,17.8,10:33:25,2,8,175.86
2026-08-20,Humira,11.64,10:33:55,2,8,175.87
2026-08-20,Humira,13.09,10:34:25,2,8,175.88
2026-08-20,Humira,9.51,10:34:55,2,8,175.89
2026-08-20,Humira,5.81,10:35:25,2,8,0.0
2026-08-20,Humira,15.66,10:35:55,2,8,175.91
2026-08-20,Humira,12.29,10:36:25,2,8,175.92
2026-08-20,Humira,13.44,10:36:55,2,8,175.93
2026-08-20,Humira,13.09,10:37:25,2,8,175.94
2026-08-20,Humira,12.9,10:37:55,2,8,175.96
2026-08-20,Humira,3.1,10:38:25,2,8,0.0
2026-08-20,Humira,16.72,10:38:55,2,8,175.98
2026-08-20,Humira,15.98,10:39:25,2,8,175.99
2026-08-20,Humira,13.18,10:39:55,2,8,176.0
2026-08-20,Humira,10.69,10:40:25,2,8,176.01
2026-08-20,Humira,17.35,10:40:55,2,8,176.02
2026-08-20,Humira,11.65,10:41:25,2,8,176.03
2026-08-20,Humira,9.95,10:41:55,2,8,176.04
2026-08-20,Humira,16.09,10:42:25,2,8,176.05
2026-08-20,Humira,12.24,10:42:55,2,8,176.06
2026-08-20,Humira,12.5,10:43:25,2,8,176.07
2026-08-20,Humira,15.09,10:43:55,2,8,176.08
2026-08-20,Humira,14.77,10:44:25,2,8,176.1
2026-08-20,Humira,3.99,10:44:55,2,8,0.0
2026-08-20,Humira,7.34,10:45:25,2,8,0.0
2026-08-20,Humira,15.81,10:45:55,2,8,176.13
2026-08-20,Humira,17.02,10:46:25,2,8,176.14
2026-08-20,Humira,12.98,10:46:55,2,8,176.15
2026-08-20,Humira,15.7,10:47:25,2,8,176.16
2026-08-20,Humira,4.24,10:47:55,2,8,0.0
2026-08-20,Humira,9.73,10:48:25,2,8,176.18
2026-08-20,Humira,10.3,10:48:55,2,8,176.19
2026-08-20,Humira,17.95,10:49:25,2,8,176.2
2026-08-20,Humira,13.7,10:49:55,2,8,176.22
2026-08-20,Humira,3.72,10:50:25,2,8,0.0
2026-08-20,Humira,17.69,10:50:55,2,8,176.24
2026-08-20,Humira,15.28,10:51:25,2,8,176.25
2026-08-20,Humira,4.7,10:51:55,2,8,0.0
2026-08-20,Humira,9.25,10:52:25,2,8,176.27
2026-08-20,Humira,12.47,10:52:55,2,8,176.28
2026-08-20,Humira,5.87,10:53:25,2,8,0.0
2026-08-20,Humira,14.12,10:53:55,2,8,176.3
2026-08-20,Humira,16.07,10:54:25,2,8,176.31
2026-08-20,Humira,9.8,10:54:55,2,8,176.32
2026-08-20,Humira,15.03,10:55:25,2,8,176.33
2026-08-20,Humira,5.83,10:55:55,2,8,0.0
2026-08-20,Humira,16.06,10:56:25,2,8,176.36
2026-08-20,Humira,14.87,10:56:55,2,8,176.37
2026-08-20,Humira,5.24,10:57:25,2,8,0.0
2026-08-20,Humira,12.84,10:57:55,2,8,176.39
2026-08-20,Humira,5.2,10:58:25,2,8,0.0
2026-08-20,Humira,12.3,10:58:55,2,8,176.41
2026-08-20,Humira,16.14,10:59:25,2,8,176.42
2026-08-20,Humira,10.83,10:59:55,2,8,176.43
2026-08-20,Humira,6.6,11:00:25,2,8,0.0
2026-08-20,Humira,10.36,11:00:55,2,8,176.45
2026-08-20,Humira,3.55,11:01:25,2,8,0.0
2026-08-20,Humira,15.81,11:01:55,2,8,176.47
2026-08-20,Humira,17.89,11:02:25,2,8,176.49
2026-08-20,Humira,5.57,11:02:55,2,8,0.0
2026-08-20,Humira,4.21,11:03:25,2,8,0.0
2026-08-20,Humira,7.83,11:03:55,2,8,0.0
2026-08-20,Humira,17.74,11:04:25,2,8,176.53
2026-08-20,Humira,16.89,11:04:55,2,8,176.54
2026-08-20,Humira,2.91,11:05:25,2,8,0.0
2026-08-20,Humira,13.24,11:05:55,2,8,176.56
2026-08-20,Humira,17.98,11:06:25,2,8,176.57
2026-08-20,Humira,14.26,11:06:55,2,8,176.58
2026-08-20,Humira,15.5,11:07:25,2,8,176.59
2026-08-20,Humira,11.01,11:07:55,2,8,176.6
2026-08-20,Humira,17.4,11:08:25,2,8,176.62
2026-08-20,Humira,14.07,11:08:55,2,8,176.63
2026-08-20,Humira,11.32,11:09:25,2,8,176.64
2026-08-20,Humira,14.48,11:09:55,2,8,176.65
2026-08-20,Humira,3.55,11:10:25,2,8,0.0
2026-08-20,Humira,17.34,11:10:55,2,8,176.67
2026-08-20,Humira,17.08,11:11:25,2,8,176.68
2026-08-20,Humira,12.31,11:11:55,2,8,176.69
2026-08-20,Humira,11.56,11:12:25,2,8,176.7
2026-08-20,Humira,15.95,11:12:55,2,8,176.71
2026-08-20,Humira,17.45,11:13:25,2,8,176.72
2026-08-20,Humira,17.84,11:13:55,2,8,176.73
2026-08-20,Humira,2.85,11:14:25,2,8,0.0
2026-08-20,Humira,6.41,11:14:55,2,8,0.0
2026-08-20,Humira,2.75,11:15:25,2,8,0.0
2026-08-20,Humira,14.92,11:15:55,2,8,176.78
2026-08-20,Humira,2.2,11:16:25,2,8,0.0
2026-08-20,Humira,13.56,11:16:55,2,8,176.8
2026-08-20,Humira,9.26,11:17:25,2,8,176.81
2026-08-20,Humira,3.01,11:17:55,2,8,0.0
2026-08-20,Humira,11.84,11:18:25,2,8,176.83
2026-08-20,Humira,3.28,11:18:55,2,8,0.0
2026-08-20,Humira,5.97,11:19:25,2,8,0.0
2026-08-20,Humira,17.54,11:19:55,2,8,176.87
2026-08-20,Humira,15.29,11:20:25,2,8,176.88
2026-08-20,Humira,15.34,11:20:55,2,8,176.89
2026-08-20,Humira,17.71,11:21:25,2,8,176.9
2026-08-20,Humira,16.54,11:21:55,2,8,176.91
2026-08-20,Humira,17.26,11:22:25,2,8,176.92
2026-08-20,Humira,14.54,11:22:55,2,8,176.93
2026-08-20,Humira,16.05,11:23:25,2,8,176.94
2026-08-20,Humira,15.99,11:23:55,2,8,176.95
2026-08-20,Humira,16.2,11:24:25,2,8,176.96
2026-08-20,Humira,4.13,11:24:55,2,8,0.0
2026-08-20,Humira,7.62,11:25:25,2,8,0.0
2026-08-20,Humira,6.26,11:25:55,2,8,0.0
2026-08-20,Humira,14.88,11:26:25,2,8,177.01
2026-08-20,Humira,6.52,11:26:55,2,8,0.0
2026-08-20,Humira,10.21,11:27:25,2,8,177.03
2026-08-20,Humira,10.09,11:27:55,2,8,177.04
2026-08-20,Humira,12.57,11:28:25,2,8,177.05
2026-08-20,Humira,12.78,11:28:55,2,8,177.06
2026-08-20,Humira,7.79,11:29:25,2,8,0.0
2026-08-20,Humira,6.61,11:29:55,2,8,0.0
2026-08-20,Humira,17.45,11:30:25,2,8,177.09
2026-08-20,Humira,16.33,11:30:55,2,8,177.1
2026-08-20,Humira,9.19,11:31:25,2,8,177.11
2026-08-20,Humira,7.97,11:31:55,2,8,0.0
2026-08-20,Humira,17.96,11:32:25,2,8,177.14
2026-08-20,Humira,11.7,11:32:55,2,8,177.15
2026-08-20,Humira,14.22,11:33:25,2,8,177.16
2026-08-20,Humira,10.64,11:33:55,2,8,177.17
2026-08-20,Humira,13.0,11:34:25,2,8,177.18
2026-08-20,Humira,11.04,11:34:55,2,8,177.19
2026-08-20,Humira,15.17,11:35:25,2,8,177.2
2026-08-20,Humira,11.87,11:35:55,2,8,177.21
2026-08-20,Humira,9.37,11:36:25,2,8,177.22
2026-08-20,Humira,4.93,11:36:55,2,8,0.0
2026-08-20,Humira,16.19,11:37:25,2,8,177.24
2026-08-20,Humira,15.71,11:37:55,2,8,177.25
2026-08-20,Humira,4.1,11:38:25,2,8,0.0
2026-08-20,Humira,13.86,11:38:55,2,8,177.28
2026-08-20,Humira,10.5,11:39:25,2,8,177.29
2026-08-20,Humira,14.18,11:39:55,2,8,177.3
2026-08-20,Humira,11.55,11:40:25,2,8,177.31
2026-08-20,Humira,13.36,11:40:55,2,8,177.32
2026-08-20,Humira,14.38,11:41:25,2,8,177.33
2026-08-20,Humira,16.21,11:41:55,2,8,177.34
2026-08-20,Humira,9.16,11:42:25,2,8,177.35
2026-08-20,Humira,9.82,11:42:55,2,8,177.36
2026-08-20,Humira,17.93,11:43:25,2,8,177.37
2026-08-20,Humira,10.72,11:43:55,2,8,177.38
2026-08-20,Humira,12.11,11:44:25,2,8,177.4
2026-08-20,Humira,14.81,11:44:55,2,8,177.41
2026-08-20,Humira,12.98,11:45:25,2,8,177.42
2026-08-20,Humira,9.18,11:45:55,2,8,177.43
2026-08-20,Humira,11.4,11:46:25,2,8,177.44
2026-08-20,Humira,13.58,11:46:55,2,8,177.45
2026-08-20,Humira,17.33,11:47:25,2,8,177.46
2026-08-20,Humira,4.64,11:47:55,2,8,0.0
2026-08-20,Humira,13.64,11:48:25,2,8,177.48
2026-08-20,Humira,9.19,11:48:55,2,8,177.49
2026-08-20,Humira,12.46,11:49:25,2,8,177.5
2026-08-20,Humira,15.92,11:49:55,2,8,177.52
2026-08-20,Humira,14.6,11:50:25,2,8,177.53
2026-08-20,Humira,15.5,11:50:55,2,8,177.54
2026-08-20,Humira,9.89,11:51:25,2,8,177.55
2026-08-20,Humira,12.94,11:51:55,2,8,177.56
2026-08-20,Humira,12.91,11:52:25,2,8,177.57
2026-08-20,Humira,11.17,11:52:55,2,8,177.58
2026-08-20,Humira,13.03,11:53:25,2,8,177.59
2026-08-20,Humira,10.92,11:53:55,2,8,177.6
2026-08-20,Humira,14.44,11:54:25,2,8,177.61
2026-08-20,Humira,10.7,11:54:55,2,8,177.62
2026-08-20,Humira,6.62,11:55:25,2,8,0.0
2026-08-20,Humira,7.44,11:55:55,2,8,0.0
2026-08-20,Humira,13.38,11:56:25,2,8,177.66
2026-08-20,Humira,12.73,11:56:55,2,8,177.67
2026-08-20,Humira,7.06,11:57:25,2,8,0.0
2026-08-20,Humira,11.12,11:57:55,2,8,177.69
2026-08-20,Humira,11.15,11:58:25,2,8,177.7
2026-08-20,Humira,9.2,11:58:55,2,8,177.71
2026-08-20,Humira,10.59,11:59:25,2,8,177.72
2026-08-20,Humira,3.04,11:59:55,2,8,0.0
2026-08-20,Humira,12.23,12:00:25,2,8,177.74
2026-08-20,Humira,6.34,12:00:55,2,8,0.0
2026-08-20,Humira,9.94,12:01:25,2,8,177.76
2026-08-20,Humira,14.16,12:01:55,2,8,177.78
2026-08-20,Humira,17.65,12:02:25,2,8,177.79
2026-08-20,Humira,12.79,12:02:55,2,8,177.8
2026-08-20,Humira,14.3,12:03:25,2,8,177.81
2026-08-20,Humira,12.68,12:03:55,2,8,177.82
2026-08-20,Humira,11.88,12:04:25,2,8,177.83
2026-08-20,Humira,2.84,12:04:55,2,8,0.0
2026-08-20,Humira,2.53,12:05:25,2,8,0.0
2026-08-20,Humira,13.24,12:05:55,2,8,177.86
2026-08-20,Humira,10.08,12:06:25,2,8,177.87
2026-08-20,Humira,14.67,12:06:55,2,8,177.88
2026-08-20,Humira,14.43,12:07:25,2,8,177.89
2026-08-20,Humira,15.83,12:07:55,2,8,177.91
2026-08-20,Humira,13.41,12:08:25,2,8,177.92
2026-08-20,Humira,17.68,12:08:55,2,8,177.93
2026-08-20,Humira,17.66,12:09:25,2,8,177.94
2026-08-20,Humira,14.53,12:09:55,2,8,177.95
2026-08-20,Humira,4.73,12:10:25,2,8,0.0
2026-08-20,Humira,14.18,12:10:55,2,8,177.97
2026-08-20,Humira,9.18,12:11:25,2,8,177.98
2026-08-20,Humira,13.68,12:11:55,2,8,177.99
2026-08-20,Humira,9.94,12:12:25,2,8,178.0
2026-08-20,Humira,14.56,12:12:55,2,8,178.01
2026-08-20,Humira,2.67,12:13:25,2,8,0.0
2026-08-20,Humira,4.58,12:13:55,2,8,0.0
2026-08-20,Humira,13.24,12:14:25,2,8,178.05
2026-08-20,Humira,17.21,12:14:55,2,8,178.06
2026-08-20,Humira,12.38,12:15:25,2,8,178.07
2026-08-20,Humira,14.81,12:15:55,2,8,178.08
2026-08-20,Humira,16.41,12:16:25,2,8,178.09
2026-08-20,Humira,2.59,12:16:55,2,8,0.0
2026-08-20,Humira,4.96,12:17:25,2,8,0.0
2026-08-20,Humira,10.9,12:17:55,2,8,178.12
2026-08-20,Humira,2.63,12:18:25,2,8,0.0
2026-08-20,Humira,13.03,12:18:55,2,8,178.14
2026-08-20,Humira,17.12,12:19:25,2,8,178.15
2026-08-20,Humira,14.1,12:19:55,2,8,178.17
2026-08-20,Humira,17.47,12:20:25,2,8,178.18
2026-08-20,Humira,4.0,12:20:55,2,8,0.0
2026-08-20,Humira,9.22,12:21:25,2,8,178.2
2026-08-20,Humira,12.87,12:21:55,2,8,178.21
2026-08-20,Humira,11.7,12:22:25,2,8,178.22
2026-08-20,Humira,5.38,12:22:55,2,8,0.0
2026-08-20,Humira,13.28,12:23:25,2,8,178.24
2026-08-20,Humira,3.01,12:23:55,2,8,0.0
2026-08-20,Humira,12.65,12:24:25,2,8,178.26
2026-08-20,Humira,13.85,12:24:55,2,8,178.27
2026-08-20,Humira,9.33,12:25:25,2,8,178.28
2026-08-20,Humira,14.12,12:25:55,2,8,178.3
2026-08-20,Humira,7.87,12:26:25,2,8,0.0
2026-08-20,Humira,3.05,12:26:55,2,8,0.0
2026-08-20,Humira,9.3,12:27:25,2,8,178.33
2026-08-20,Humira,12.42,12:27:55,2,8,178.34
2026-08-20,Humira,13.39,12:28:25,2,8,178.35
2026-08-20,Humira,17.31,12:28:55,2,8,178.36
2026-08-20,Humira,16.98,12:29:25,2,8,178.37
2026-08-20,Humira,12.99,12:29:55,2,8,178.38
2026-08-20,Humira,11.43,12:30:25,2,8,178.39
2026-08-20,Humira,14.09,12:30:55,2,8,178.4
2026-08-20,Humira,17.4,12:31:25,2,8,178.41
2026-08-20,Humira,10.49,12:31:55,2,8,178.43
2026-08-20,Humira,17.48,12:32:25,2,8,178.44
2026-08-20,Humira,9.22,12:32:55,2,8,178.45
2026-08-20,Humira,9.04,12:33:25,2,8,178.46
2026-08-20,Humira,10.84,12:33:55,2,8,178.47
2026-08-20,Humira,13.06,12:34:25,2,8,178.48
2026-08-20,Humira,17.52,12:34:55,2,8,178.49
2026-08-20,Humira,11.74,12:35:25,2,8,178.5
2026-08-20,Humira,3.05,12:35:55,2,8,0.0
2026-08-20,Humira,14.64,12:36:25,2,8,178.52
2026-08-20,Humira,2.05,12:36:55,2,8,0.0
2026-08-20,Humira,13.71,12:37:25,2,8,178.54
2026-08-20,Humira,9.4,12:37:55,2,8,178.56
2026-08-20,Humira,12.22,12:38:25,2,8,178.57
2026-08-20,Humira,17.28,12:38:55,2,8,178.58
2026-08-20,Humira,3.69,12:39:25,2,8,0.0
2026-08-20,Humira,7.59,12:39:55,2,8,0.0
2026-08-20,Humira,17.7,12:40:25,2,8,178.61
2026-08-20,Humira,16.21,12:40:55,2,8,178.62
2026-08-20,Humira,11.14,12:41:25,2,8,178.63
2026-08-20,Humira,14.17,12:41:55,2,8,178.64
2026-08-20,Humira,16.38,12:42:25,2,8,178.65
2026-08-20,Humira,14.0,12:42:55,2,8,178.66
2026-08-20,Humira,4.3,12:43:25,2,8,0.0
2026-08-20,Humira,2.8,12:43:55,2,8,0.0
2026-08-20,Humira,12.62,12:44:25,2,8,178.7
2026-08-20,Humira,9.94,12:44:55,2,8,178.71
2026-08-20,Humira,15.01,12:45:25,2,8,178.72
2026-08-20,Humira,13.8,12:45:55,2,8,178.73
2026-08-20,Humira,4.06,12:46:25,2,8,0.0
2026-08-20,Humira,13.02,12:46:55,2,8,178.75
2026-08-20,Humira,14.91,12:47:25,2,8,178.76
2026-08-20,Humira,15.76,12:47:55,2,8,178.77
2026-08-20,Humira,15.92,12:48:25,2,8,178.78
2026-08-20,Humira,15.33,12:48:55,2,8,178.79
2026-08-20,Humira,11.46,12:49:25,2,8,178.8
2026-08-20,Humira,14.1,12:49:55,2,8,178.82
2026-08-20,Humira,9.89,12:50:25,2,8,178.83
2026-08-20,Humira,15.4,12:50:55,2,8,178.84
2026-08-20,Humira,3.85,12:51:25,2,8,0.0
2026-08-20,Humira,17.24,12:51:55,2,8,178.86
2026-08-20,Humira,16.7,12:52:25,2,8,178.87
2026-08-20,Humira,16.23,12:52:55,2,8,178.88
2026-08-20,Humira,10.52,12:53:25,2,8,178.89
2026-08-20,Humira,13.29,12:53:55,2,8,178.9
2026-08-20,Humira,13.54,12:54:25,2,8,178.91
2026-08-20,Humira,10.6,12:54:55,2,8,178.92
2026-08-20,Humira,10.85,12:55:25,2,8,178.93
2026-08-20,Humira,13.14,12:55:55,2,8,178.95
2026-08-20,Humira,3.71,12:56:25,2,8,0.0
2026-08-20,Humira,10.82,12:56:55,2,8,178.97
2026-08-20,Humira,5.59,12:57:25,2,8,0.0
2026-08-20,Humira,4.47,12:57:55,2,8,0.0
2026-08-20,Humira,10.16,12:58:25,2,8,179.0
2026-08-20,Humira,15.47,12:58:55,2,8,179.01
2026-08-20,Humira,10.36,12:59:25,2,8,179.02
2026-08-20,Humira,9.89,12:59:55,2,8,179.03
2026-08-20,Humira,9.24,13:00:25,2,8,179.04
2026-08-20,Humira,15.12,13:00:55,2,8,179.05
2026-08-20,Humira,6.84,13:01:25,2,8,0.0
2026-08-20,Humira,10.59,13:01:55,2,8,179.08
2026-08-20,Humira,14.56,13:02:25,2,8,179.09
2026-08-20,Humira,4.08,13:02:55,2,8,0.0
2026-08-20,Humira,7.81,13:03:25,2,8,0.0
2026-08-20,Humira,5.28,13:03:55,2,8,0.0
2026-08-20,Humira,5.71,13:04:25,2,8,0.0
2026-08-20,Humira,3.28,13:04:55,2,8,0.0
2026-08-20,Humira,17.85,13:05:25,2,8,179.15
2026-08-20,Humira,7.66,13:05:55,2,8,0.0
2026-08-20,Humira,12.16,13:06:25,2,8,179.17
2026-08-20,Humira,15.03,13:06:55,2,8,179.18
2026-08-20,Humira,12.07,13:07:25,2,8,179.19
2026-08-20,Humira,10.96,13:07:55,2,8,179.21
2026-08-20,Humira,13.1,13:08:25,2,8,179.22
2026-08-20,Humira,10.34,13:08:55,2,8,179.23
2026-08-20,Humira,10.29,13:09:25,2,8,179.24
2026-08-20,Humira,12.42,13:09:55,2,8,179.25
2026-08-20,Humira,16.48,13:10:25,2,8,179.26
2026-08-20,Humira,13.7,13:10:55,2,8,179.27
2026-08-20,Humira,17.08,13:11:25,2,8,179.28
2026-08-20,Humira,3.32,13:11:55,2,8,0.0
2026-08-20,Humira,17.3,13:12:25,2,8,179.3
2026-08-20,Humira,13.98,13:12:55,2,8,179.31
2026-08-20,Humira,16.03,13:13:25,2,8,179.32
2026-08-20,Humira,7.07,13:13:55,2,8,0.0
2026-08-20,Humira,15.15,13:14:25,2,8,179.35
2026-08-20,Humira,14.28,13:14:55,2,8,179.36
2026-08-20,Humira,9.29,13:15:25,2,8,179.37
2026-08-20,Humira,14.34,13:15:55,2,8,179.38
2026-08-20,Humira,11.21,13:16:25,2,8,179.39
2026-08-20,Humira,11.07,13:16:55,2,8,179.4
2026-08-20,Humira,9.34,13:17:25,2,8,179.41
2026-08-20,Humira,13.25,13:17:55,2,8,179.42
2026-08-20,Humira,15.46,13:18:25,2,8,179.43
2026-08-20,Humira,10.81,13:18:55,2,8,179.44
2026-08-20,Humira,14.93,13:19:25,2,8,179.45
2026-08-20,Humira,15.26,13:19:55,2,8,179.47
2026-08-20,Humira,2.36,13:20:25,2,8,0.0
2026-08-20,Humira,11.48,13:20:55,2,8,179.49
2026-08-20,Humira,13.53,13:21:25,2,8,179.5
2026-08-20,Humira,13.07,13:21:55,2,8,179.51
2026-08-20,Humira,13.51,13:22:25,2,8,179.52
2026-08-20,Humira,13.63,13:22:55,2,8,179.53
2026-08-20,Humira,12.2,13:23:25,2,8,179.54
2026-08-20,Humira,14.83,13:23:55,2,8,179.55
2026-08-20,Humira,16.39,13:24:25,2,8,179.56
2026-08-20,Humira,2.58,13:24:55,2,8,0.0
2026-08-20,Humira,14.1,13:25:25,2,8,179.58
2026-08-20,Humira,15.81,13:25:55,2,8,179.6
2026-08-20,Humira,10.03,13:26:25,2,8,179.61
2026-08-20,Humira,13.71,13:26:55,2,8,179.62
2026-08-20,Humira,6.03,13:27:25,2,8,0.0
2026-08-20,Humira,12.32,13:27:55,2,8,179.64
2026-08-20,Humira,11.57,13:28:25,2,8,179.65
2026-08-20,Humira,2.98,13:28:55,2,8,0.0
2026-08-20,Humira,17.27,13:29:25,2,8,179.67
2026-08-20,Humira,3.12,13:29:55,2,8,0.0
2026-08-20,Humira,17.05,13:30:25,2,8,179.69
2026-08-20,Humira,16.64,13:30:55,2,8,179.7
2026-08-20,Humira,11.03,13:31:25,2,8,179.71
2026-08-20,Humira,10.01,13:31:55,2,8,179.72
2026-08-20,Humira,10.23,13:32:25,2,8,179.74
2026-08-20,Humira,9.03,13:32:55,2,8,179.75
2026-08-20,Humira,7.81,13:33:25,2,8,0.0
2026-08-20,Humira,15.23,13:33:55,2,8,179.77
2026-08-20,Humira,13.44,13:34:25,2,8,179.78
2026-08-20,Humira,6.52,13:34:55,2,8,0.0
2026-08-20,Humira,11.23,13:35:25,2,8,179.8
2026-08-20,Humira,2.83,13:35:55,2,8,0.0
2026-08-20,Humira,13.17,13:36:25,2,8,179.82
2026-08-20,Humira,2.24,13:36:55,2,8,0.0
2026-08-20,Humira,16.41,13:37:25,2,8,179.84
2026-08-20,Humira,17.36,13:37:55,2,8,179.85
2026-08-20,Humira,11.31,13:38:25,2,8,179.87
2026-08-20,Humira,11.66,13:38:55,2,8,179.88
2026-08-20,Humira,11.82,13:39:25,2,8,179.89
2026-08-20,Humira,5.24,13:39:55,2,8,0.0
2026-08-20,Humira,7.71,13:40:25,2,8,0.0
2026-08-20,Humira,10.41,13:40:55,2,8,179.92
2026-08-20,Humira,9.49,13:41:25,2,8,179.93
2026-08-20,Humira,4.69,13:41:55,2,8,0.0
2026-08-20,Humira,2.54,13:42:25,2,8,0.0
2026-08-20,Humira,17.57,13:42:55,2,8,179.96
2026-08-20,Humira,14.52,13:43:25,2,8,179.97
2026-08-20,Humira,16.45,13:43:55,2,8,179.98
2026-08-20,Humira,17.66,13:44:25,2,8,180.0
2026-08-20,Humira,5.1,13:44:55,2,8,0.0
2026-08-20,Humira,12.15,13:45:25,2,8,180.02
2026-08-20,Humira,11.13,13:45:55,2,8,180.03
2026-08-20,Humira,4.74,13:46:25,2,8,0.0
2026-08-20,Humira,9.04,13:46:55,2,8,180.05
2026-08-20,Humira,7.2,13:47:25,2,8,0.0
2026-08-20,Humira,10.06,13:47:55,2,8,180.07
2026-08-20,Humira,10.14,13:48:25,2,8,180.08
2026-08-20,Humira,16.12,13:48:55,2,8,180.09
2026-08-20,Humira,2.88,13:49:25,2,8,0.0
2026-08-20,Humira,15.62,13:49:55,2,8,180.12
2026-08-20,Humira,12.36,13:50:25,2,8,180.13
2026-08-20,Humira,17.2,13:50:55,2,8,180.14
2026-08-20,Humira,4.5,13:51:25,2,8,0.0
2026-08-20,Humira,11.46,13:51:55,2,8,180.16
2026-08-20,Humira,2.27,13:52:25,2,8,0.0
2026-08-20,Humira,11.01,13:52:55,2,8,180.18
2026-08-20,Humira,11.49,13:53:25,2,8,180.19
2026-08-20,Humira,13.41,13:53:55,2,8,180.2
2026-08-20,Humira,16.68,13:54:25,2,8,180.21
2026-08-20,Humira,17.0,13:54:55,2,8,180.22
2026-08-20,Humira,15.34,13:55:25,2,8,180.23
2026-08-20,Humira,3.98,13:55:55,2,8,0.0
2026-08-20,Humira,10.8,13:56:25,2,8,180.26
2026-08-20,Humira,9.23,13:56:55,2,8,180.27
2026-08-20,Humira,12.53,13:57:25,2,8,180.28
2026-08-20,Humira,10.36,13:57:55,2,8,180.29
2026-08-20,Humira,13.57,13:58:25,2,8,180.3
2026-08-20,Humira,14.57,13:58:55,2,8,180.31
2026-08-20,Humira,11.16,13:59:25,2,8,180.32
2026-08-20,Humira,13.06,13:59:55,2,8,180.33
2026-08-20,Humira,16.89,14:00:25,2,8,180.34
2026-08-20,Humira,16.53,14:00:55,2,8,180.35
2026-08-20,Humira,10.48,14:01:25,2,8,180.36
2026-08-20,Humira,15.8,14:01:55,2,8,180.38
2026-08-20,Humira,9.49,14:02:25,2,8,180.39
2026-08-20,Humira,6.46,14:02:55,2,8,0.0
2026-08-20,Humira,11.58,14:03:25,2,8,180.41
2026-08-20,Humira,15.08,14:03:55,2,8,180.42
2026-08-20,Humira,10.17,14:04:25,2,8,180.43
2026-08-20,Humira,14.6,14:04:55,2,8,180.44
2026-08-20,Humira,13.89,14:05:25,2,8,180.45
2026-08-20,Humira,17.56,14:05:55,2,8,180.46
2026-08-20,Humira,14.02,14:06:25,2,8,180.47
2026-08-20,Humira,9.34,14:06:55,2,8,180.48
2026-08-20,Humira,12.23,14:07:25,2,8,180.49
2026-08-20,Humira,11.47,14:07:55,2,8,180.5
2026-08-20,Humira,14.42,14:08:25,2,8,180.52
2026-08-20,Humira,6.45,14:08:55,2,8,0.0
2026-08-20,Humira,13.68,14:09:25,2,8,180.54
2026-08-20,Humira,10.2,14:09:55,2,8,180.55
2026-08-20,Humira,10.61,14:10:25,2,8,180.56
2026-08-20,Humira,7.93,14:10:55,2,8,0.0
2026-08-20,Humira,10.45,14:11:25,2,8,180.58
2026-08-20,Humira,2.12,14:11:55,2,8,0.0
2026-08-20,Humira,15.54,14:12:25,2,8,180.6
2026-08-20,Humira,10.32,14:12:55,2,8,180.61
2026-08-20,Humira,2.16,14:13:25,2,8,0.0
2026-08-20,Humira,12.86,14:13:55,2,8,180.63
2026-08-20,Humira,7.67,14:14:25,2,8,0.0
2026-08-20,Humira,6.01,14:14:55,2,8,0.0
2026-08-20,Humira,17.78,14:15:25,2,8,180.67
2026-08-20,Humira,11.29,14:15:55,2,8,180.68
2026-08-20,Humira,9.83,14:16:25,2,8,180.69
2026-08-20,Humira,13.94,14:16:55,2,8,180.7
2026-08-20,Humira,12.43,14:17:25,2,8,180.71
2026-08-20,Humira,2.43,14:17:55,2,8,0.0
2026-08-20,Humira,4.22,14:18:25,2,8,0.0
2026-08-20,Humira,15.29,14:18:55,2,8,180.74
2026-08-20,Humira,13.12,14:19:25,2,8,180.75
2026-08-20,Humira,4.23,14:19:55,2,8,0.0
2026-08-20,Humira,9.37,14:20:25,2,8,180.78
2026-08-20,Humira,12.68,14:20:55,2,8,180.79
2026-08-20,Humira,15.56,14:21:25,2,8,180.8
2026-08-20,Humira,17.16,14:21:55,2,8,180.81
2026-08-20,Humira,17.01,14:22:25,2,8,180.82
2026-08-20,Humira,13.87,14:22:55,2,8,180.83
2026-08-20,Humira,6.07,14:23:25,2,8,0.0
2026-08-20,Humira,6.49,14:23:55,2,8,0.0
2026-08-20,Humira,6.26,14:24:25,2,8,0.0
2026-08-20,Humira,15.79,14:24:55,2,8,180.87
2026-08-20,Humira,10.49,14:25:25,2,8,180.88
2026-08-20,Humira,17.13,14:25:55,2,8,180.9
2026-08-20,Humira,11.99,14:26:25,2,8,180.91
2026-08-20,Humira,2.05,14:26:55,2,8,0.0
2026-08-20,Humira,11.19,14:27:25,2,8,180.93
2026-08-20,Humira,14.54,14:27:55,2,8,180.94
2026-08-20,Humira,17.87,14:28:25,2,8,180.95
2026-08-20,Humira,6.34,14:28:55,2,8,0.0
2026-08-20,Humira,6.98,14:29:25,2,8,0.0
2026-08-20,Humira,13.68,14:29:55,2,8,180.98
2026-08-20,Humira,15.32,14:30:25,2,8,180.99
2026-08-20,Humira,17.76,14:30:55,2,8,181.0
2026-08-20,Humira,16.09,14:31:25,2,8,181.01
2026-08-20,Humira,14.62,14:31:55,2,8,181.03
2026-08-20,Humira,4.09,14:32:25,2,8,0.0
2026-08-20,Humira,11.59,14:32:55,2,8,181.05
2026-08-20,Humira,12.12,14:33:25,2,8,181.06
2026-08-20,Humira,17.04,14:33:55,2,8,181.07
2026-08-20,Humira,14.79,14:34:25,2,8,181.08
2026-08-20,Humira,4.62,14:34:55,2,8,0.0
2026-08-20,Humira,11.61,14:35:25,2,8,181.1
2026-08-20,Humira,11.97,14:35:55,2,8,181.11
2026-08-20,Humira,2.11,14:36:25,2,8,0.0
2026-08-20,Humira,11.48,14:36:55,2,8,181.13
2026-08-20,Humira,16.98,14:37:25,2,8,181.14
2026-08-20,Humira,17.28,14:37:55,2,8,181.16
2026-08-20,Humira,9.29,14:38:25,2,8,181.17
2026-08-20,Humira,13.67,14:38:55,2,8,181.18
2026-08-20,Humira,13.14,14:39:25,2,8,181.19
2026-08-20,Humira,16.14,14:39:55,2,8,181.2
2026-08-20,Humira,9.06,14:40:25,2,8,181.21
2026-08-20,Humira,11.71,14:40:55,2,8,181.22
2026-08-20,Humira,7.36,14:41:25,2,8,0.0
2026-08-20,Humira,5.9,14:41:55,2,8,0.0
2026-08-20,Humira,9.3,14:42:25,2,8,181.25
2026-08-20,Humira,16.04,14:42:55,2,8,181.26
2026-08-20,Humira,2.74,14:43:25,2,8,0.0
2026-08-20,Humira,12.05,14:43:55,2,8,181.28
2026-08-20,Humira,12.67,14:44:25,2,8,181.3
2026-08-20,Humira,9.51,14:44:55,2,8,181.31
2026-08-20,Humira,7.46,14:45:25,2,8,0.0
2026-08-20,Humira,7.47,14:45:55,2,8,0.0
2026-08-20,Humira,11.72,14:46:25,2,8,181.34
2026-08-20,Humira,6.46,14:46:55,2,8,0.0
2026-08-20,Humira,2.46,14:47:25,2,8,0.0
2026-08-20,Humira,11.11,14:47:55,2,8,181.37
2026-08-20,Humira,9.79,14:48:25,2,8,181.38
2026-08-20,Humira,9.44,14:48:55,2,8,181.39
2026-08-20,Humira,15.43,14:49:25,2,8,181.4
2026-08-20,Humira,15.56,14:49:55,2,8,181.42
2026-08-20,Humira,9.92,14:50:25,2,8,181.43
2026-08-20,Humira,12.22,14:50:55,2,8,181.44
2026-08-20,Humira,5.96,14:51:25,2,8,0.0
2026-08-20,Humira,16.36,14:51:55,2,8,181.46
2026-08-20,Humira,13.23,14:52:25,2,8,181.47
2026-08-20,Humira,17.1,14:52:55,2,8,181.48
2026-08-20,Humira,7.78,14:53:25,2,8,0.0
2026-08-20,Humira,11.15,14:53:55,2,8,181.5
2026-08-20,Humira,9.21,14:54:25,2,8,181.51
2026-08-20,Humira,13.87,14:54:55,2,8,181.52
2026-08-20,Humira,12.37,14:55:25,2,8,181.53
2026-08-20,Humira,11.73,14:55:55,2,8,181.55
2026-08-20,Humira,9.12,14:56:25,2,8,181.56
2026-08-20,Humira,12.18,14:56:55,2,8,181.57
2026-08-20,Humira,16.3,14:57:25,2,8,181.58
2026-08-20,Humira,2.5,14:57:55,2,8,0.0
2026-08-20,Humira,11.82,14:58:25,2,8,181.6
2026-08-20,Humira,13.91,14:58:55,2,8,181.61
2026-08-20,Humira,17.12,14:59:25,2,8,181.62
2026-08-20,Humira,4.15,14:59:55,2,8,0.0
2026-08-20,Humira,9.95,15:00:25,2,8,181.64
2026-08-20,Humira,12.1,15:00:55,2,8,181.65
2026-08-20,Humira,2.78,15:01:25,2,8,0.0
2026-08-20,Humira,17.74,15:01:55,2,8,181.68
2026-08-20,Humira,16.33,15:02:25,2,8,181.69
2026-08-20,Humira,13.92,15:02:55,2,8,181.7
2026-08-20,Humira,2.34,15:03:25,2,8,0.0
2026-08-20,Humira,15.72,15:03:55,2,8,181.72
2026-08-20,Humira,15.89,15:04:25,2,8,181.73
2026-08-20,Humira,9.55,15:04:55,2,8,181.74
2026-08-20,Humira,5.81,15:05:25,2,8,0.0
2026-08-20,Humira,16.11,15:05:55,2,8,181.76
2026-08-20,Humira,10.0,15:06:25,2,8,181.77
2026-08-20,Humira,16.51,15:06:55,2,8,181.78
2026-08-20,Humira,6.16,15:07:25,2,8,0.0
2026-08-20,Humira,7.72,15:07:55,2,8,0.0
2026-08-20,Humira,9.34,15:08:25,2,8,181.82
2026-08-20,Humira,15.97,15:08:55,2,8,181.83
2026-08-20,Humira,15.83,15:09:25,2,8,181.84
2026-08-20,Humira,12.35,15:09:55,2,8,181.85
2026-08-20,Humira,12.72,15:10:25,2,8,181.86
2026-08-20,Humira,2.63,15:10:55,2,8,0.0
2026-08-20,Humira,10.55,15:11:25,2,8,181.88
2026-08-20,Humira,16.9,15:11:55,2,8,181.89
2026-08-20,Humira,14.52,15:12:25,2,8,181.9
2026-08-20,Humira,16.32,15:12:55,2,8,181.91
2026-08-20,Humira,17.14,15:13:25,2,8,181.92
2026-08-20,Humira,12.16,15:13:55,2,8,181.94
2026-08-20,Humira,14.75,15:14:25,2,8,181.95
2026-08-20,Humira,6.66,15:14:55,2,8,0.0
2026-08-20,Humira,11.48,15:15:25,2,8,181.97
2026-08-20,Humira,17.32,15:15:55,2,8,181.98
2026-08-20,Humira,11.02,15:16:25,2,8,181.99
2026-08-20,Humira,7.91,15:16:55,2,8,0.0
2026-08-20,Humira,4.43,15:17:25,2,8,0.0
2026-08-20,Humira,10.51,15:17:55,2,8,182.02
2026-08-20,Humira,17.21,15:18:25,2,8,182.03
2026-08-20,Humira,16.7,15:18:55,2,8,182.04
2026-08-20,Humira,11.69,15:19:25,2,8,182.05
2026-08-20,Humira,9.47,15:19:55,2,8,182.07
2026-08-20,Humira,17.39,15:20:25,2,8,182.08
2026-08-20,Humira,4.81,15:20:55,2,8,0.0
2026-08-20,Humira,9.8,15:21:25,2,8,182.1
2026-08-20,Humira,15.47,15:21:55,2,8,182.11
2026-08-20,Humira,14.31,15:22:25,2,8,182.12
2026-08-20,Humira,15.18,15:22:55,2,8,182.13
2026-08-20,Humira,12.21,15:23:25,2,8,182.14
2026-08-20,Humira,14.84,15:23:55,2,8,182.15
2026-08-20,Humira,9.14,15:24:25,2,8,182.16
2026-08-20,Humira,12.32,15:24:55,2,8,182.17
2026-08-20,Humira,6.09,15:25:25,2,8,0.0
2026-08-20,Humira,12.29,15:25:55,2,8,182.2
2026-08-20,Humira,17.49,15:26:25,2,8,182.21
2026-08-20,Humira,14.98,15:26:55,2,8,182.22
2026-08-20,Humira,10.73,15:27:25,2,8,182.23
2026-08-20,Humira,15.7,15:27:55,2,8,182.24
2026-08-20,Humira,11.43,15:28:25,2,8,182.25
2026-08-20,Humira,11.4,15:28:55,2,8,182.26
2026-08-20,Humira,16.98,15:29:25,2,8,182.27
2026-08-20,Humira,11.86,15:29:55,2,8,182.28
2026-08-20,Humira,17.47,15:30:25,2,8,182.29
2026-08-20,Humira,6.24,15:30:55,2,8,0.0
2026-08-20,Humira,13.0,15:31:25,2,8,182.31
2026-08-20,Humira,17.49,15:31:55,2,8,182.33
2026-08-20,Humira,17.09,15:32:25,2,8,182.34
2026-08-20,Humira,7.28,15:32:55,2,8,0.0
2026-08-20,Humira,13.66,15:33:25,2,8,182.36
2026-08-20,Humira,12.09,15:33:55,2,8,182.37
2026-08-20,Humira,5.78,15:34:25,2,8,0.0
2026-08-20,Humira,14.45,15:34:55,2,8,182.39
2026-08-20,Humira,15.25,15:35:25,2,8,182.4
2026-08-20,Humira,4.82,15:35:55,2,8,0.0
2026-08-20,Humira,9.7,15:36:25,2,8,182.42
2026-08-20,Humira,16.89,15:36:55,2,8,182.43
2026-08-20,Humira,12.13,15:37:25,2,8,182.44
2026-08-20,Humira,3.6,15:37:55,2,8,0.0
2026-08-20,Humira,5.7,15:38:25,2,8,0.0
2026-08-20,Humira,11.17,15:38:55,2,8,182.48
2026-08-20,Humira,14.53,15:39:25,2,8,182.49
2026-08-20,Humira,15.63,15:39:55,2,8,182.5
2026-08-20,Humira,14.36,15:40:25,2,8,182.51
2026-08-20,Humira,5.58,15:40:55,2,8,0.0
2026-08-20,Humira,2.76,15:41:25,2,8,0.0
2026-08-20,Humira,7.53,15:41:55,2,8,0.0
2026-08-20,Humira,13.26,15:42:25,2,8,182.55
2026-08-20,Humira,14.3,15:42:55,2,8,182.56
2026-08-20,Humira,15.03,15:43:25,2,8,182.57
2026-08-20,Humira,11.95,15:43:55,2,8,182.58
2026-08-20,Humira,7.77,15:44:25,2,8,0.0
2026-08-20,Humira,15.05,15:44:55,2,8,182.61
2026-08-20,Humira,15.09,15:45:25,2,8,182.62
2026-08-20,Humira,11.8,15:45:55,2,8,182.63
2026-08-20,Humira,13.54,15:46:25,2,8,182.64
2026-08-20,Humira,14.03,15:46:55,2,8,182.65
2026-08-20,Humira,14.89,15:47:25,2,8,182.66
2026-08-20,Humira,11.48,15:47:55,2,8,182.67
2026-08-20,Humira,14.17,15:48:25,2,8,182.68
2026-08-20,Humira,13.03,15:48:55,2,8,182.69
2026-08-20,Humira,11.29,15:49:25,2,8,182.7
2026-08-20,Humira,13.66,15:49:55,2,8,182.72
2026-08-20,Humira,12.6,15:50:25,2,8,182.73
2026-08-20,Humira,13.83,15:50:55,2,8,182.74
2026-08-20,Humira,10.06,15:51:25,2,8,182.75
2026-08-20,Humira,5.45,15:51:55,2,8,0.0
2026-08-20,Humira,11.96,15:52:25,2,8,182.77
2026-08-20,Humira,4.47,15:52:55,2,8,0.0
2026-08-20,Humira,16.18,15:53:25,2,8,182.79
2026-08-20,Humira,11.72,15:53:55,2,8,182.8
2026-08-20,Humira,6.07,15:54:25,2,8,0.0
2026-08-20,Humira,10.76,15:54:55,2,8,182.82
2026-08-20,Humira,14.8,15:55:25,2,8,182.83
2026-08-20,Humira,13.13,15:55:55,2,8,182.85
2026-08-20,Humira,10.95,15:56:25,2,8,182.86
2026-08-20,Humira,13.52,15:56:55,2,8,182.87
2026-08-20,Humira,10.93,15:57:25,2,8,182.88
2026-08-20,Humira,11.19,15:57:55,2,8,182.89
2026-08-20,Humira,9.61,15:58:25,2,8,182.9
2026-08-20,Humira,13.83,15:58:55,2,8,182.91
2026-08-20,Humira,17.7,15:59:25,2,8,182.92
2026-08-20,Humira,10.48,15:59:55,2,8,182.93
2026-08-20,Humira,4.16,16:00:25,2,8,0.0
2026-08-20,Humira,9.22,16:00:55,2,8,182.95
2026-08-20,Humira,14.8,16:01:25,2,8,182.96
2026-08-20,Humira,17.21,16:01:55,2,8,182.97
2026-08-20,Humira,7.28,16:02:25,2,8,0.0
2026-08-20,Humira,3.17,16:02:55,2,8,0.0
2026-08-20,Humira,2.0,16:03:25,2,8,0.0
2026-08-20,Humira,17.91,16:03:55,2,8,183.02
2026-08-20,Humira,15.39,16:04:25,2,8,183.03
2026-08-20,Humira,17.28,16:04:55,2,8,183.04
2026-08-20,Humira,9.98,16:05:25,2,8,183.05
2026-08-20,Humira,7.91,16:05:55,2,8,0.0
2026-08-20,Humira,16.03,16:06:25,2,8,183.07
2026-08-20,Humira,11.93,16:06:55,2,8,183.08
2026-08-20,Humira,16.91,16:07:25,2,8,183.09
2026-08-20,Humira,14.73,16:07:55,2,8,183.1
2026-08-20,Humira,10.11,16:08:25,2,8,183.12
2026-08-20,Humira,13.56,16:08:55,2,8,183.13
2026-08-20,Humira,12.49,16:09:25,2,8,183.14
2026-08-20,Humira,10.91,16:09:55,2,8,183.15
2026-08-20,Humira,14.03,16:10:25,2,8,183.16
2026-08-20,Humira,17.16,16:10:55,2,8,183.17
2026-08-20,Humira,14.99,16:11:25,2,8,183.18
2026-08-20,Humira,2.78,16:11:55,2,8,0.0
2026-08-20,Humira,13.27,16:12:25,2,8,183.2
2026-08-20,Humira,10.31,16:12:55,2,8,183.21
2026-08-20,Humira,15.87,16:13:25,2,8,183.22
2026-08-20,Humira,17.28,16:13:55,2,8,183.23
2026-08-20,Humira,10.73,16:14:25,2,8,183.25
2026-08-20,Humira,12.54,16:14:55,2,8,183.26
2026-08-20,Humira,11.56,16:15:25,2,8,183.27
2026-08-20,Humira,9.81,16:15:55,2,8,183.28
2026-08-20,Humira,15.32,16:16:25,2,8,183.29
2026-08-20,Humira,13.89,16:16:55,2,8,183.3
2026-08-20,Humira,11.27,16:17:25,2,8,183.31
2026-08-20,Humira,11.91,16:17:55,2,8,183.32
2026-08-20,Humira,15.45,16:18:25,2,8,183.33
2026-08-20,Humira,13.89,16:18:55,2,8,183.34
2026-08-20,Humira,3.67,16:19:25,2,8,0.0
2026-08-20,Humira,9.08,16:19:55,2,8,183.37
2026-08-20,Humira,12.54,16:20:25,2,8,183.38
2026-08-20,Humira,11.93,16:20:55,2,8,183.39
2026-08-20,Humira,9.45,16:21:25,2,8,183.4
2026-08-20,Humira,13.9,16:21:55,2,8,183.41
2026-08-20,Humira,14.88,16:22:25,2,8,183.42
2026-08-20,Humira,11.75,16:22:55,2,8,183.43
2026-08-20,Humira,2.34,16:23:25,2,8,0.0
2026-08-20,Humira,3.77,16:23:55,2,8,0.0
2026-08-20,Humira,3.66,16:24:25,2,8,0.0
2026-08-20,Humira,10.34,16:24:55,2,8,183.47
2026-08-20,Humira,4.73,16:25:25,2,8,0.0
2026-08-20,Humira,13.56,16:25:55,2,8,183.5
2026-08-20,Humira,12.11,16:26:25,2,8,183.51
2026-08-20,Humira,17.08,16:26:55,2,8,183.52
2026-08-20,Humira,9.12,16:27:25,2,8,183.53
2026-08-20,Humira,11.02,16:27:55,2,8,183.54
2026-08-20,Humira,10.6,16:28:25,2,8,183.55
2026-08-20,Humira,15.35,16:28:55,2,8,183.56
2026-08-20,Humira,9.46,16:29:25,2,8,183.57
2026-08-20,Humira,10.24,16:29:55,2,8,183.58
2026-08-20,Humira,10.9,16:30:25,2,8,183.59
2026-08-20,Humira,15.51,16:30:55,2,8,183.6
2026-08-20,Humira,11.32,16:31:25,2,8,183.61
2026-08-20,Humira,16.65,16:31:55,2,8,183.62
2026-08-20,Humira,7.08,16:32:25,2,8,0.0
2026-08-20,Humira,9.93,16:32:55,2,8,183.65
2026-08-20,Humira,12.66,16:33:25,2,8,183.66
2026-08-20,Humira,14.01,16:33:55,2,8,183.67
2026-08-20,Humira,13.98,16:34:25,2,8,183.68
2026-08-20,Humira,10.18,16:34:55,2,8,183.69
2026-08-20,Humira,17.78,16:35:25,2,8,183.7
2026-08-20,Humira,17.73,16:35:55,2,8,183.71
2026-08-20,Humira,10.22,16:36:25,2,8,183.72
2026-08-20,Humira,17.59,16:36:55,2,8,183.73
2026-08-20,Humira,2.32,16:37:25,2,8,0.0
2026-08-20,Humira,17.36,16:37:55,2,8,183.75
2026-08-20,Humira,12.39,16:38:25,2,8,183.77
2026-08-20,Humira,12.28,16:38:55,2,8,183.78
2026-08-20,Humira,10.24,16:39:25,2,8,183.79
2026-08-20,Humira,12.13,16:39:55,2,8,183.8
2026-08-20,Humira,13.33,16:40:25,2,8,183.81
2026-08-20,Humira,12.19,16:40:55,2,8,183.82
2026-08-20,Humira,4.48,16:41:25,2,8,0.0
2026-08-20,Humira,10.85,16:41:55,2,8,183.84
2026-08-20,Humira,11.11,16:42:25,2,8,183.85
2026-08-20,Humira,12.05,16:42:55,2,8,183.86
2026-08-20,Humira,12.96,16:43:25,2,8,183.87
2026-08-20,Humira,15.22,16:43:55,2,8,183.88
2026-08-20,Humira,12.99,16:44:25,2,8,183.9
2026-08-20,Humira,17.46,16:44:55,2,8,183.91
2026-08-20,Humira,5.27,16:45:25,2,8,0.0
2026-08-20,Humira,13.03,16:45:55,2,8,183.93
2026-08-20,Humira,12.13,16:46:25,2,8,183.94
2026-08-20,Humira,17.92,16:46:55,2,8,183.95
2026-08-20,Humira,9.49,16:47:25,2,8,183.96
2026-08-20,Humira,13.65,16:47:55,2,8,183.97
2026-08-20,Humira,11.25,16:48:25,2,8,183.98
2026-08-20,Humira,4.5,16:48:55,2,8,0.0
2026-08-20,Humira,3.14,16:49:25,2,8,0.0
2026-08-20,Humira,7.21,16:49:55,2,8,0.0
2026-08-20,Humira,17.26,16:50:25,2,8,184.03
2026-08-20,Humira,16.25,16:50:55,2,8,184.04
2026-08-20,Humira,16.78,16:51:25,2,8,184.05
2026-08-20,Humira,10.83,16:51:55,2,8,184.06
2026-08-20,Humira,11.55,16:52:25,2,8,184.07
2026-08-20,Humira,13.4,16:52:55,2,8,184.08
2026-08-20,Humira,10.92,16:53:25,2,8,184.09
2026-08-20,Humira,15.17,16:53:55,2,8,184.1
2026-08-20,Humira,17.28,16:54:25,2,8,184.11
2026-08-20,Humira,9.39,16:54:55,2,8,184.12
2026-08-20,Humira,11.14,16:55:25,2,8,184.13
2026-08-20,Humira,13.23,16:55:55,2,8,184.15
2026-08-20,Humira,17.21,16:56:25,2,8,184.16
2026-08-20,Humira,14.38,16:56:55,2,8,184.17
2026-08-20,Humira,14.95,16:57:25,2,8,184.18
2026-08-20,Humira,17.57,16:57:55,2,8,184.19
2026-08-20,Humira,4.48,16:58:25,2,8,0.0
2026-08-20,Humira,5.37,16:58:55,2,8,0.0
2026-08-20,Humira,9.46,16:59:25,2,8,184.22
2026-08-20,Humira,11.06,16:59:55,2,8,184.23
2026-08-20,Humira,14.71,17:00:25,2,8,184.24
2026-08-20,Humira,17.37,17:00:55,2,8,184.25
2026-08-20,Humira,3.18,17:01:25,2,8,0.0
2026-08-20,Humira,15.81,17:01:55,2,8,184.28
2026-08-20,Humira,16.61,17:02:25,2,8,184.29
2026-08-20,Humira,16.3,17:02:55,2,8,184.3
2026-08-20,Humira,14.22,17:03:25,2,8,184.31
2026-08-20,Humira,10.74,17:03:55,2,8,184.32
2026-08-20,Humira,12.63,17:04:25,2,8,184.33
2026-08-20,Humira,13.22,17:04:55,2,8,184.34
2026-08-20,Humira,9.11,17:05:25,2,8,184.35
2026-08-20,Humira,9.96,17:05:55,2,8,184.36
2026-08-20,Humira,13.39,17:06:25,2,8,184.37
2026-08-20,Humira,17.09,17:06:55,2,8,184.38
2026-08-20,Humira,10.83,17:07:25,2,8,184.39
2026-08-20,Humira,17.39,17:07:55,2,8,184.41
2026-08-20,Humira,14.58,17:08:25,2,8,184.42
2026-08-20,Humira,14.87,17:08:55,2,8,184.43
2026-08-20,Humira,17.88,17:09:25,2,8,184.44
2026-08-20,Humira,14.32,17:09:55,2,8,184.45
2026-08-20,Humira,9.18,17:10:25,2,8,184.46
2026-08-20,Humira,11.24,17:10:55,2,8,184.47
2026-08-20,Humira,13.45,17:11:25,2,8,184.48
2026-08-20,Humira,12.96,17:11:55,2,8,184.49
2026-08-20,Humira,17.05,17:12:25,2,8,184.5
2026-08-20,Humira,6.82,17:12:55,2,8,0.0
2026-08-20,Humira,17.29,17:13:25,2,8,184.52
2026-08-20,Humira,17.23,17:13:55,2,8,184.53
2026-08-20,Humira,9.74,17:14:25,2,8,184.55
2026-08-20,Humira,10.2,17:14:55,2,8,184.56
2026-08-20,Humira,10.98,17:15:25,2,8,184.57
2026-08-20,Humira,15.27,17:15:55,2,8,184.58
2026-08-20,Humira,9.2,17:16:25,2,8,184.59
2026-08-20,Humira,17.18,17:16:55,2,8,184.6
2026-08-20,Humira,10.26,17:17:25,2,8,184.61
2026-08-20,Humira,17.44,17:17:55,2,8,184.62
2026-08-20,Humira,11.53,17:18:25,2,8,184.63
2026-08-20,Humira,9.84,17:18:55,2,8,184.64
2026-08-20,Humira,12.47,17:19:25,2,8,184.65
2026-08-20,Humira,7.3,17:19:55,2,8,0.0
2026-08-20,Humira,12.57,17:20:25,2,8,184.68
2026-08-20,Humira,11.1,17:20:55,2,8,184.69
2026-08-20,Humira,16.74,17:21:25,2,8,184.7
2026-08-20,Humira,12.59,17:21:55,2,8,184.71
2026-08-20,Humira,17.16,17:22:25,2,8,184.72
2026-08-20,Humira,14.88,17:22:55,2,8,184.73
2026-08-20,Humira,7.59,17:23:25,2,8,0.0
2026-08-20,Humira,15.64,17:23:55,2,8,184.75
2026-08-20,Humira,13.11,17:24:25,2,8,184.76
2026-08-20,Humira,15.01,17:24:55,2,8,184.77
2026-08-20,Humira,16.2,17:25:25,2,8,184.78
2026-08-20,Humira,7.71,17:25:55,2,8,0.0
2026-08-20,Humira,6.67,17:26:25,2,8,0.0
2026-08-20,Humira,12.31,17:26:55,2,8,184.82
2026-08-20,Humira,10.71,17:27:25,2,8,184.83
2026-08-20,Humira,15.41,17:27:55,2,8,184.84
2026-08-20,Humira,9.78,17:28:25,2,8,184.85
2026-08-20,Humira,16.59,17:28:55,2,8,184.86
2026-08-20,Humira,14.4,17:29:25,2,8,184.87
2026-08-20,Humira,10.2,17:29:55,2,8,184.88
2026-08-20,Humira,11.45,17:30:25,2,8,184.89
2026-08-20,Humira,15.21,17:30:55,2,8,184.9
2026-08-20,Humira,3.82,17:31:25,2,8,0.0
2026-08-20,Humira,2.14,17:31:55,2,8,0.0
2026-08-20,Humira,11.51,17:32:25,2,8,184.94
2026-08-20,Humira,10.18,17:32:55,2,8,184.95
2026-08-20,Humira,7.13,17:33:25,2,8,0.0
2026-08-20,Humira,13.46,17:33:55,2,8,184.97
2026-08-20,Humira,14.98,17:34:25,2,8,184.98
2026-08-20,Humira,11.37,17:34:55,2,8,184.99
2026-08-20,Humira,11.09,17:35:25,2,8,185.0
2026-08-20,Humira,15.05,17:35:55,2,8,185.01
2026-08-20,Humira,2.48,17:36:25,2,8,0.0
2026-08-20,Humira,10.69,17:36:55,2,8,185.03
2026-08-20,Humira,17.58,17:37:25,2,8,185.04
2026-08-20,Humira,16.67,17:37:55,2,8,185.06
2026-08-20,Humira,15.43,17:38:25,2,8,185.07
2026-08-20,Humira,3.4,17:38:55,2,8,0.0
2026-08-20,Humira,4.88,17:39:25,2,8,0.0
2026-08-20,Humira,11.18,17:39:55,2,8,185.1
2026-08-20,Humira,2.55,17:40:25,2,8,0.0
2026-08-20,Humira,12.67,17:40:55,2,8,185.12
2026-08-20,Humira,13.75,17:41:25,2,8,185.13
2026-08-20,Humira,11.59,17:41:55,2,8,185.14
2026-08-20,Humira,17.11,17:42:25,2,8,185.15
2026-08-20,Humira,10.63,17:42:55,2,8,185.16
2026-08-20,Humira,4.56,17:43:25,2,8,0.0
2026-08-20,Humira,4.71,17:43:55,2,8,0.0
2026-08-20,Humira,17.38,17:44:25,2,8,185.2
2026-08-20,Humira,10.16,17:44:55,2,8,185.21
2026-08-20,Humira,13.89,17:45:25,2,8,185.22
2026-08-20,Humira,9.64,17:45:55,2,8,185.23
2026-08-20,Humira,5.2,17:46:25,2,8,0.0
2026-08-20,Humira,14.73,17:46:55,2,8,185.25
2026-08-20,Humira,10.51,17:47:25,2,8,185.26
2026-08-20,Humira,2.03,17:47:55,2,8,0.0
2026-08-20,Humira,12.5,17:48:25,2,8,185.28
2026-08-20,Humira,12.27,17:48:55,2,8,185.29
2026-08-20,Humira,16.92,17:49:25,2,8,185.3
2026-08-20,Humira,10.21,17:49:55,2,8,185.32
2026-08-20,Humira,11.01,17:50:25,2,8,185.33
2026-08-20,Humira,13.96,17:50:55,2,8,185.34
2026-08-20,Humira,15.81,17:51:25,2,8,185.35
2026-08-20,Humira,17.51,17:51:55,2,8,185.36
2026-08-20,Humira,4.88,17:52:25,2,8,0.0
2026-08-20,Humira,17.41,17:52:55,2,8,185.38
2026-08-20,Humira,12.55,17:53:25,2,8,185.39
2026-08-20,Humira,9.67,17:53:55,2,8,185.4
2026-08-20,Humira,10.56,17:54:25,2,8,185.41
2026-08-20,Humira,11.01,17:54:55,2,8,185.42
2026-08-20,Humira,13.62,17:55:25,2,8,185.43
2026-08-20,Humira,5.58,17:55:55,2,8,0.0
2026-08-20,Humira,11.4,17:56:25,2,8,185.46
2026-08-20,Humira,17.75,17:56:55,2,8,185.47
2026-08-20,Humira,12.15,17:57:25,2,8,185.48
2026-08-20,Humira,14.08,17:57:55,2,8,185.49
2026-08-20,Humira,16.14,17:58:25,2,8,185.5
2026-08-20,Humira,14.67,17:58:55,2,8,185.51
2026-08-20,Humira,12.0,17:59:25,2,8,185.52
2026-08-20,Humira,16.97,17:59:55,2,8,185.53
2026-08-20,Humira,15.6,18:00:25,2,8,185.54
2026-08-20,Humira,9.41,18:00:55,2,8,185.55
2026-08-20,Humira,2.56,18:01:25,2,8,0.0
2026-08-20,Humira,14.88,18:01:55,2,8,185.58
2026-08-20,Humira,17.37,18:02:25,2,8,185.59
2026-08-20,Humira,14.29,18:02:55,2,8,185.6
2026-08-20,Humira,2.34,18:03:25,2,8,0.0
2026-08-20,Humira,15.95,18:03:55,2,8,185.62
2026-08-20,Humira,4.26,18:04:25,2,8,0.0
2026-08-20,Humira,12.22,18:04:55,2,8,185.64
2026-08-20,Humira,14.52,18:05:25,2,8,185.65
2026-08-20,Humira,12.06,18:05:55,2,8,185.66
2026-08-20,Humira,11.08,18:06:25,2,8,185.67
2026-08-20,Humira,17.62,18:06:55,2,8,185.68
2026-08-20,Humira,2.45,18:07:25,2,8,0.0
2026-08-20,Humira,16.41,18:07:55,2,8,185.71
2026-08-20,Humira,15.1,18:08:25,2,8,185.72
2026-08-20,Humira,16.17,18:08:55,2,8,185.73
2026-08-20,Humira,14.14,18:09:25,2,8,185.74
2026-08-20,Humira,10.65,18:09:55,2,8,185.75
2026-08-20,Humira,15.73,18:10:25,2,8,185.76
2026-08-20,Humira,14.54,18:10:55,2,8,185.77
2026-08-20,Humira,9.89,18:11:25,2,8,185.78
2026-08-20,Humira,12.59,18:11:55,2,8,185.79
2026-08-20,Humira,4.3,18:12:25,2,8,0.0
2026-08-20,Humira,5.91,18:12:55,2,8,0.0
2026-08-20,Humira,17.03,18:13:25,2,8,185.82
2026-08-20,Humira,2.46,18:13:55,2,8,0.0
2026-08-20,Humira,12.14,18:14:25,2,8,185.85
2026-08-20,Humira,14.84,18:14:55,2,8,185.86
2026-08-20,Humira,12.52,18:15:25,2,8,185.87
2026-08-20,Humira,7.57,18:15:55,2,8,0.0
2026-08-20,Humira,16.15,18:16:25,2,8,185.89
2026-08-20,Humira,9.05,18:16:55,2,8,185.9
2026-08-20,Humira,11.0,18:17:25,2,8,185.91
2026-08-20,Humira,6.72,18:17:55,2,8,0.0
2026-08-20,Humira,11.45,18:18:25,2,8,185.93
2026-08-20,Humira,10.08,18:18:55,2,8,185.94
2026-08-20,Humira,10.82,18:19:25,2,8,185.95
2026-08-20,Humira,9.15,18:19:55,2,8,185.97
2026-08-20,Humira,16.66,18:20:25,2,8,185.98
2026-08-20,Humira,17.01,18:20:55,2,8,185.99
2026-08-20,Humira,11.49,18:21:25,2,8,186.0
2026-08-20,Humira,10.65,18:21:55,2,8,186.01
2026-08-20,Humira,3.13,18:22:25,2,8,0.0
2026-08-20,Humira,12.8,18:22:55,2,8,186.03
2026-08-20,Humira,16.84,18:23:25,2,8,186.04
2026-08-20,Humira,16.13,18:23:55,2,8,186.05
2026-08-20,Humira,11.28,18:24:25,2,8,186.06
2026-08-20,Humira,16.65,18:24:55,2,8,186.07
2026-08-20,Humira,10.21,18:25:25,2,8,186.08
2026-08-20,Humira,17.73,18:25:55,2,8,186.1
2026-08-20,Humira,9.17,18:26:25,2,8,186.11
2026-08-20,Humira,12.05,18:26:55,2,8,186.12
2026-08-20,Humira,12.76,18:27:25,2,8,186.13
2026-08-20,Humira,13.47,18:27:55,2,8,186.14
2026-08-20,Humira,15.35,18:28:25,2,8,186.15
2026-08-20,Humira,14.39,18:28:55,2,8,186.16
2026-08-20,Humira,4.3,18:29:25,2,8,0.0
2026-08-20,Humira,11.67,18:29:55,2,8,186.18
2026-08-20,Humira,10.39,18:30:25,2,8,186.19
2026-08-20,Humira,10.08,18:30:55,2,8,186.2
2026-08-20,Humira,6.02,18:31:25,2,8,0.0
2026-08-20,Humira,12.19,18:31:55,2,8,186.22
2026-08-20,Humira,13.77,18:32:25,2,8,186.24
2026-08-20,Humira,3.74,18:32:55,2,8,0.0
2026-08-20,Humira,16.35,18:33:25,2,8,186.26
2026-08-20,Humira,13.28,18:33:55,2,8,186.27
2026-08-20,Humira,9.08,18:34:25,2,8,186.28
2026-08-20,Humira,9.27,18:34:55,2,8,186.29
2026-08-20,Humira,12.7,18:35:25,2,8,186.3
2026-08-20,Humira,15.41,18:35:55,2,8,186.31
2026-08-20,Humira,12.16,18:36:25,2,8,186.32
2026-08-20,Humira,14.61,18:36:55,2,8,186.33
2026-08-20,Humira,11.23,18:37:25,2,8,186.34
2026-08-20,Humira,11.56,18:37:55,2,8,186.35
2026-08-20,Humira,16.71,18:38:25,2,8,186.37
2026-08-20,Humira,2.62,18:38:55,2,8,0.0
2026-08-20,Humira,7.27,18:39:25,2,8,0.0
2026-08-20,Humira,16.88,18:39:55,2,8,186.4
2026-08-20,Humira,7.62,18:40:25,2,8,0.0
2026-08-20,Humira,15.78,18:40:55,2,8,186.42
2026-08-20,Humira,7.92,18:41:25,2,8,0.0
2026-08-20,Humira,9.6,18:41:55,2,8,186.44
2026-08-20,Humira,15.66,18:42:25,2,8,186.45
2026-08-20,Humira,4.47,18:42:55,2,8,0.0
2026-08-20,Humira,17.57,18:43:25,2,8,186.47
2026-08-20,Humira,9.21,18:43:55,2,8,186.48
2026-08-20,Humira,14.08,18:44:25,2,8,186.5
2026-08-20,Humira,3.33,18:44:55,2,8,0.0
2026-08-20,Humira,15.65,18:45:25,2,8,186.52
2026-08-20,Humira,6.2,18:45:55,2,8,0.0
2026-08-20,Humira,5.48,18:46:25,2,8,0.0
2026-08-20,Humira,9.17,18:46:55,2,8,186.55
2026-08-20,Humira,12.13,18:47:25,2,8,186.56
2026-08-20,Humira,11.14,18:47:55,2,8,186.57
2026-08-20,Humira,11.05,18:48:25,2,8,186.58
2026-08-20,Humira,3.31,18:48:55,2,8,0.0
2026-08-20,Humira,10.08,18:49:25,2,8,186.6
2026-08-20,Humira,12.56,18:49:55,2,8,186.62
2026-08-20,Humira,13.48,18:50:25,2,8,186.63
2026-08-20,Humira,10.59,18:50:55,2,8,186.64
2026-08-20,Humira,3.65,18:51:25,2,8,0.0
2026-08-20,Humira,17.65,18:51:55,2,8,186.66
2026-08-20,Humira,11.72,18:52:25,2,8,186.67
2026-08-20,Humira,13.45,18:52:55,2,8,186.68
2026-08-20,Humira,14.37,18:53:25,2,8,186.69
2026-08-20,Humira,9.07,18:53:55,2,8,186.7
2026-08-20,Humira,9.09,18:54:25,2,8,186.71
2026-08-20,Humira,3.4,18:54:55,2,8,0.0
2026-08-20,Humira,15.03,18:55:25,2,8,186.73
2026-08-20,Humira,13.31,18:55:55,2,8,186.75
2026-08-20,Humira,17.07,18:56:25,2,8,186.76
2026-08-20,Humira,9.32,18:56:55,2,8,186.77
2026-08-20,Humira,11.95,18:57:25,2,8,186.78
2026-08-20,Humira,11.36,18:57:55,2,8,186.79
2026-08-20,Humira,9.68,18:58:25,2,8,186.8
2026-08-20,Humira,17.67,18:58:55,2,8,186.81
2026-08-20,Humira,12.52,18:59:25,2,8,186.82
2026-08-20,Humira,10.52,18:59:55,2,8,186.83
2026-08-20,Humira,3.46,19:00:25,2,8,0.0
2026-08-20,Humira,11.58,19:00:55,2,8,186.85
2026-08-20,Humira,14.09,19:01:25,2,8,186.86
2026-08-20,Humira,16.53,19:01:55,2,8,186.88
2026-08-20,Humira,10.49,19:02:25,2,8,186.89
2026-08-20,Humira,9.45,19:02:55,2,8,186.9
2026-08-20,Humira,2.62,19:03:25,2,8,0.0
2026-08-20,Humira,10.99,19:03:55,2,8,186.92
2026-08-20,Humira,15.9,19:04:25,2,8,186.93
2026-08-20,Humira,12.74,19:04:55,2,8,186.94
2026-08-20,Humira,16.35,19:05:25,2,8,186.95
2026-08-20,Humira,6.33,19:05:55,2,8,0.0
2026-08-20,Humira,6.75,19:06:25,2,8,0.0
2026-08-20,Humira,12.95,19:06:55,2,8,186.98
2026-08-20,Humira,16.0,19:07:25,2,8,186.99
2026-08-20,Humira,17.69,19:07:55,2,8,187.0
2026-08-20,Humira,3.58,19:08:25,2,8,0.0
2026-08-20,Humira,11.83,19:08:55,2,8,187.03
2026-08-20,Humira,4.19,19:09:25,2,8,0.0
2026-08-20,Humira,3.65,19:09:55,2,8,0.0
2026-08-20,Humira,3.76,19:10:25,2,8,0.0
2026-08-20,Humira,10.3,19:10:55,2,8,187.07
2026-08-20,Humira,16.67,19:11:25,2,8,187.08
2026-08-20,Humira,17.75,19:11:55,2,8,187.09
2026-08-20,Humira,10.76,19:12:25,2,8,187.1
2026-08-20,Humira,15.04,19:12:55,2,8,187.11
2026-08-20,Humira,7.18,19:13:25,2,8,0.0
2026-08-20,Humira,17.6,19:13:55,2,8,187.13
2026-08-20,Humira,17.58,19:14:25,2,8,187.15
2026-08-20,Humira,5.46,19:14:55,2,8,0.0
2026-08-20,Humira,6.62,19:15:25,2,8,0.0
2026-08-20,Humira,5.77,19:15:55,2,8,0.0
2026-08-20,Humira,16.85,19:16:25,2,8,187.19
2026-08-20,Humira,15.02,19:16:55,2,8,187.2
2026-08-20,Humira,17.9,19:17:25,2,8,187.21
2026-08-20,Humira,11.32,19:17:55,2,8,187.22
2026-08-20,Humira,16.66,19:18:25,2,8,187.23
2026-08-20,Humira,12.96,19:18:55,2,8,187.24
2026-08-20,Humira,5.7,19:19:25,2,8,0.0
2026-08-20,Humira,16.75,19:19:55,2,8,187.27
2026-08-20,Humira,12.42,19:20:25,2,8,187.28
2026-08-20,Humira,2.15,19:20:55,2,8,0.0
2026-08-20,Humira,6.12,19:21:25,2,8,0.0
2026-08-20,Humira,16.75,19:21:55,2,8,187.31
2026-08-20,Humira,9.99,19:22:25,2,8,187.32
2026-08-20,Humira,6.8,19:22:55,2,8,0.0
2026-08-20,Humira,4.91,19:23:25,2,8,0.0
2026-08-20,Humira,12.33,19:23:55,2,8,187.35
2026-08-20,Humira,17.76,19:24:25,2,8,187.36
2026-08-20,Humira,2.52,19:24:55,2,8,0.0
2026-08-20,Humira,10.75,19:25:25,2,8,187.38
2026-08-20,Humira,15.8,19:25:55,2,8,187.4
2026-08-20,Humira,9.49,19:26:25,2,8,187.41
2026-08-20,Humira,11.54,19:26:55,2,8,187.42
2026-08-20,Humira,11.25,19:27:25,2,8,187.43
2026-08-20,Humira,7.73,19:27:55,2,8,0.0
2026-08-20,Humira,13.31,19:28:25,2,8,187.45
2026-08-20,Humira,17.52,19:28:55,2,8,187.46
2026-08-20,Humira,2.46,19:29:25,2,8,0.0
2026-08-20,Humira,9.51,19:29:55,2,8,187.48
2026-08-20,Humira,9.74,19:30:25,2,8,187.49
2026-08-20,Humira,2.6,19:30:55,2,8,0.0
2026-08-20,Humira,17.97,19:31:25,2,8,187.51
2026-08-20,Humira,12.87,19:31:55,2,8,187.53
2026-08-20,Humira,12.69,19:32:25,2,8,187.54
2026-08-20,Humira,12.89,19:32:55,2,8,187.55
2026-08-20,Humira,13.98,19:33:25,2,8,187.56
2026-08-20,Humira,17.49,19:33:55,2,8,187.57
2026-08-20,Humira,6.13,19:34:25,2,8,0.0
2026-08-20,Humira,16.31,19:34:55,2,8,187.59
2026-08-20,Humira,11.09,19:35:25,2,8,187.6
2026-08-20,Humira,15.53,19:35:55,2,8,187.61
2026-08-20,Humira,5.69,19:36:25,2,8,0.0
2026-08-20,Humira,10.92,19:36:55,2,8,187.63
2026-08-20,Humira,3.19,19:37:25,2,8,0.0
2026-08-20,Humira,13.37,19:37:55,2,8,187.66
2026-08-20,Humira,12.8,19:38:25,2,8,187.67
2026-08-20,Humira,12.3,19:38:55,2,8,187.68
2026-08-20,Humira,11.81,19:39:25,2,8,187.69
2026-08-20,Humira,10.54,19:39:55,2,8,187.7
2026-08-20,Humira,16.83,19:40:25,2,8,187.71
2026-08-20,Humira,11.49,19:40:55,2,8,187.72
2026-08-20,Humira,11.89,19:41:25,2,8,187.73
2026-08-20,Humira,12.05,19:41:55,2,8,187.74
2026-08-20,Humira,16.07,19:42:25,2,8,187.75
2026-08-20,Humira,12.85,19:42:55,2,8,187.76
2026-08-20,Humira,13.12,19:43:25,2,8,187.77
2026-08-20,Humira,13.84,19:43:55,2,8,187.78
2026-08-20,Humira,17.4,19:44:25,2,8,187.8
2026-08-20,Humira,11.79,19:44:55,2,8,187.81
2026-08-20,Humira,7.47,19:45:25,2,8,0.0
2026-08-20,Humira,9.96,19:45:55,2,8,187.83
2026-08-20,Humira,9.27,19:46:25,2,8,187.84
2026-08-20,Humira,7.87,19:46:55,2,8,0.0
2026-08-20,Humira,12.59,19:47:25,2,8,187.86
2026-08-20,Humira,11.74,19:47:55,2,8,187.87
2026-08-20,Humira,13.54,19:48:25,2,8,187.88
2026-08-20,Humira,14.25,19:48:55,2,8,187.89
2026-08-20,Humira,9.78,19:49:25,2,8,187.9
2026-08-20,Humira,15.5,19:49:55,2,8,187.92
2026-08-20,Humira,6.52,19:50:25,2,8,0.0
2026-08-20,Humira,15.25,19:50:55,2,8,187.94
2026-08-20,Humira,15.08,19:51:25,2,8,187.95
2026-08-20,Humira,12.99,19:51:55,2,8,187.96
2026-08-20,Humira,3.99,19:52:25,2,8,0.0
2026-08-20,Humira,13.73,19:52:55,2,8,187.98
2026-08-20,Humira,10.24,19:53:25,2,8,187.99
2026-08-20,Humira,16.44,19:53:55,2,8,188.0
2026-08-20,Humira,15.03,19:54:25,2,8,188.01
2026-08-20,Humira,9.7,19:54:55,2,8,188.02
2026-08-20,Humira,17.6,19:55:25,2,8,188.03
2026-08-20,Humira,5.27,19:55:55,2,8,0.0
2026-08-20,Humira,9.99,19:56:25,2,8,188.06
2026-08-20,Humira,16.66,19:56:55,2,8,188.07
2026-08-20,Humira,10.66,19:57:25,2,8,188.08
2026-08-20,Humira,16.8,19:57:55,2,8,188.09
2026-08-20,Humira,9.28,19:58:25,2,8,188.1
2026-08-20,Humira,2.99,19:58:55,2,8,0.0
2026-08-20,Humira,10.38,19:59:25,2,8,188.12
2026-08-20,Humira,15.24,19:59:55,2,8,188.13
2026-08-20,Humira,11.0,20:00:25,2,8,188.14
2026-08-20,Humira,11.07,20:00:55,2,8,188.15
2026-08-20,Humira,12.86,20:01:25,2,8,188.16
2026-08-20,Humira,11.59,20:01:55,2,8,188.18
2026-08-20,Humira,16.11,20:02:25,2,8,188.19
2026-08-20,Humira,13.66,20:02:55,2,8,188.2
2026-08-20,Humira,3.92,20:03:25,2,8,0.0
2026-08-20,Humira,11.38,20:03:55,2,8,188.22
2026-08-20,Humira,10.9,20:04:25,2,8,188.23
2026-08-20,Humira,13.74,20:04:55,2,8,188.24
2026-08-20,Humira,3.67,20:05:25,2,8,0.0
2026-08-20,Humira,2.51,20:05:55,2,8,0.0
2026-08-20,Humira,16.3,20:06:25,2,8,188.27
2026-08-20,Humira,16.51,20:06:55,2,8,188.28
2026-08-20,Humira,6.98,20:07:25,2,8,0.0
2026-08-20,Humira,16.43,20:07:55,2,8,188.31
2026-08-20,Humira,9.86,20:08:25,2,8,188.32
2026-08-20,Humira,7.75,20:08:55,2,8,0.0
2026-08-20,Humira,6.51,20:09:25,2,8,0.0
2026-08-20,Humira,13.45,20:09:55,2,8,188.35
2026-08-20,Humira,5.07,20:10:25,2,8,0.0
2026-08-20,Humira,17.16,20:10:55,2,8,188.37
2026-08-20,Humira,13.19,20:11:25,2,8,188.38
2026-08-20,Humira,12.65,20:11:55,2,8,188.39
2026-08-20,Humira,11.89,20:12:25,2,8,188.4
2026-08-20,Humira,10.89,20:12:55,2,8,188.41
2026-08-20,Humira,9.63,20:13:25,2,8,188.42
2026-08-20,Humira,5.56,20:13:55,2,8,0.0
2026-08-20,Humira,11.55,20:14:25,2,8,188.45
2026-08-20,Humira,13.84,20:14:55,2,8,188.46
2026-08-20,Humira,15.82,20:15:25,2,8,188.47
2026-08-20,Humira,17.72,20:15:55,2,8,188.48
2026-08-20,Humira,17.91,20:16:25,2,8,188.49
2026-08-20,Humira,14.17,20:16:55,2,8,188.5
2026-08-20,Humira,12.69,20:17:25,2,8,188.51
2026-08-20,Humira,2.34,20:17:55,2,8,0.0
2026-08-20,Humira,11.06,20:18:25,2,8,188.53
2026-08-20,Humira,6.25,20:18:55,2,8,0.0
2026-08-20,Humira,17.28,20:19:25,2,8,188.55
2026-08-20,Humira,13.47,20:19:55,2,8,188.57
2026-08-20,Humira,17.79,20:20:25,2,8,188.58
2026-08-20,Humira,17.47,20:20:55,2,8,188.59
2026-08-20,Humira,3.45,20:21:25,2,8,0.0
2026-08-20,Humira,3.5,20:21:55,2,8,0.0
2026-08-20,Humira,10.42,20:22:25,2,8,188.62
2026-08-20,Humira,13.36,20:22:55,2,8,188.63
2026-08-20,Humira,16.12,20:23:25,2,8,188.64
2026-08-20,Humira,6.91,20:23:55,2,8,0.0
2026-08-20,Humira,4.19,20:24:25,2,8,0.0
2026-08-20,Humira,11.47,20:24:55,2,8,188.67
2026-08-20,Humira,14.94,20:25:25,2,8,188.68
2026-08-20,Humira,5.25,20:25:55,2,8,0.0
2026-08-20,Humira,4.66,20:26:25,2,8,0.0
2026-08-20,Humira,15.0,20:26:55,2,8,188.72
2026-08-20,Humira,15.28,20:27:25,2,8,188.73
2026-08-20,Humira,12.31,20:27:55,2,8,188.74
2026-08-20,Humira,14.06,20:28:25,2,8,188.75
2026-08-20,Humira,12.59,20:28:55,2,8,188.76
2026-08-20,Humira,14.07,20:29:25,2,8,188.77
2026-08-20,Humira,9.9,20:29:55,2,8,188.78
2026-08-20,Humira,14.53,20:30:25,2,8,188.79
2026-08-20,Humira,14.72,20:30:55,2,8,188.8
2026-08-20,Humira,13.91,20:31:25,2,8,188.81
2026-08-20,Humira,13.16,20:31:55,2,8,188.83
2026-08-20,Humira,12.64,20:32:25,2,8,188.84
2026-08-20,Humira,2.28,20:32:55,2,8,0.0
2026-08-20,Humira,3.78,20:33:25,2,8,0.0
2026-08-20,Humira,17.08,20:33:55,2,8,188.87
2026-08-20,Humira,13.64,20:34:25,2,8,188.88
2026-08-20,Humira,11.18,20:34:55,2,8,188.89
2026-08-20,Humira,17.34,20:35:25,2,8,188.9
2026-08-20,Humira,17.33,20:35:55,2,8,188.91
2026-08-20,Humira,11.19,20:36:25,2,8,188.92
2026-08-20,Humira,17.04,20:36:55,2,8,188.93
2026-08-20,Humira,10.16,20:37:25,2,8,188.94
2026-08-20,Humira,12.74,20:37:55,2,8,188.96
2026-08-20,Humira,6.48,20:38:25,2,8,0.0
2026-08-20,Humira,10.3,20:38:55,2,8,188.98
2026-08-20,Humira,14.29,20:39:25,2,8,188.99
2026-08-20,Humira,16.17,20:39:55,2,8,189.0
2026-08-20,Humira,13.83,20:40:25,2,8,189.01
2026-08-20,Humira,4.11,20:40:55,2,8,0.0
2026-08-20,Humira,12.02,20:41:25,2,8,189.03
2026-08-20,Humira,11.76,20:41:55,2,8,189.04
2026-08-20,Humira,13.39,20:42:25,2,8,189.05
2026-08-20,Humira,11.21,20:42:55,2,8,189.06
2026-08-20,Humira,16.14,20:43:25,2,8,189.07
2026-08-20,Humira,12.51,20:43:55,2,8,189.08
2026-08-20,Humira,4.13,20:44:25,2,8,0.0
2026-08-20,Humira,14.68,20:44:55,2,8,189.11
2026-08-20,Humira,15.63,20:45:25,2,8,189.12
2026-08-20,Humira,5.23,20:45:55,2,8,0.0
2026-08-20,Humira,17.35,20:46:25,2,8,189.14
2026-08-20,Humira,15.63,20:46:55,2,8,189.15
2026-08-20,Humira,9.11,20:47:25,2,8,189.16
2026-08-20,Humira,10.02,20:47:55,2,8,189.17
2026-08-20,Humira,15.0,20:48:25,2,8,189.18
2026-08-20,Humira,12.89,20:48:55,2,8,189.19
2026-08-20,Humira,16.24,20:49:25,2,8,189.2
2026-08-20,Humira,12.98,20:49:55,2,8,189.22
2026-08-20,Humira,11.11,20:50:25,2,8,189.23
2026-08-20,Humira,17.24,20:50:55,2,8,189.24
2026-08-20,Humira,13.82,20:51:25,2,8,189.25
2026-08-20,Humira,3.57,20:51:55,2,8,0.0
2026-08-20,Humira,2.15,20:52:25,2,8,0.0
2026-08-20,Humira,10.7,20:52:55,2,8,189.28
2026-08-20,Humira,15.48,20:53:25,2,8,189.29
2026-08-20,Humira,17.85,20:53:55,2,8,189.3
2026-08-20,Humira,16.37,20:54:25,2,8,189.31
2026-08-20,Humira,13.78,20:54:55,2,8,189.32
2026-08-20,Humira,10.41,20:55:25,2,8,189.33
2026-08-20,Humira,13.28,20:55:55,2,8,189.35
2026-08-20,Humira,10.81,20:56:25,2,8,189.36
2026-08-20,Humira,16.65,20:56:55,2,8,189.37
2026-08-20,Humira,11.33,20:57:25,2,8,189.38
2026-08-20,Humira,10.06,20:57:55,2,8,189.39
2026-08-20,Humira,11.28,20:58:25,2,8,189.4
2026-08-20,Humira,16.16,20:58:55,2,8,189.41
2026-08-20,Humira,6.57,20:59:25,2,8,0.0
2026-08-20,Humira,17.32,20:59:55,2,8,189.43
2026-08-20,Humira,7.81,21:00:25,2,8,0.0
2026-08-20,Humira,10.37,21:00:55,2,8,189.45
2026-08-20,Humira,14.44,21:01:25,2,8,189.46
2026-08-20,Humira,17.67,21:01:55,2,8,189.47
2026-08-20,Humira,12.14,21:02:25,2,8,189.49
2026-08-20,Humira,6.64,21:02:55,2,8,0.0
2026-08-20,Humira,3.83,21:03:25,2,8,0.0
2026-08-20,Humira,14.79,21:03:55,2,8,189.52
2026-08-20,Humira,9.47,21:04:25,2,8,189.53
2026-08-20,Humira,15.05,21:04:55,2,8,189.54
2026-08-20,Humira,9.5,21:05:25,2,8,189.55
2026-08-20,Humira,14.38,21:05:55,2,8,189.56
2026-08-20,Humira,5.35,21:06:25,2,8,0.0
2026-08-20,Humira,16.09,21:06:55,2,8,189.58
2026-08-20,Humira,12.04,21:07:25,2,8,189.59
2026-08-20,Humira,4.15,21:07:55,2,8,0.0
2026-08-20,Humira,13.99,21:08:25,2,8,189.62
2026-08-20,Humira,7.51,21:08:55,2,8,0.0
2026-08-20,Humira,11.78,21:09:25,2,8,189.64
2026-08-20,Humira,16.86,21:09:55,2,8,189.65
2026-08-20,Humira,17.21,21:10:25,2,8,189.66
2026-08-20,Humira,14.59,21:10:55,2,8,189.67
2026-08-20,Humira,6.96,21:11:25,2,8,0.0
2026-08-20,Humira,5.57,21:11:55,2,8,0.0
2026-08-20,Humira,7.45,21:12:25,2,8,0.0
2026-08-20,Humira,11.78,21:12:55,2,8,189.71
2026-08-20,Humira,17.26,21:13:25,2,8,189.72
2026-08-20,Humira,10.84,21:13:55,2,8,189.73
2026-08-20,Humira,17.42,21:14:25,2,8,189.75
2026-08-20,Humira,13.55,21:14:55,2,8,189.76
2026-08-20,Humira,14.58,21:15:25,2,8,189.77
2026-08-20,Humira,3.09,21:15:55,2,8,0.0
2026-08-20,Humira,9.73,21:16:25,2,8,189.79
2026-08-20,Humira,17.2,21:16:55,2,8,189.8
2026-08-20,Humira,15.35,21:17:25,2,8,189.81
2026-08-20,Humira,16.83,21:17:55,2,8,189.82
2026-08-20,Humira,13.14,21:18:25,2,8,189.83
2026-08-20,Humira,15.98,21:18:55,2,8,189.84
2026-08-20,Humira,11.37,21:19:25,2,8,189.85
2026-08-20,Humira,3.69,21:19:55,2,8,0.0
2026-08-20,Humira,5.65,21:20:25,2,8,0.0
2026-08-20,Humira,11.27,21:20:55,2,8,189.89
2026-08-20,Humira,17.13,21:21:25,2,8,189.9
2026-08-20,Humira,11.74,21:21:55,2,8,189.91
2026-08-20,Humira,4.78,21:22:25,2,8,0.0
2026-08-20,Humira,9.56,21:22:55,2,8,189.93
2026-08-20,Humira,17.89,21:23:25,2,8,189.94
2026-08-20,Humira,16.59,21:23:55,2,8,189.95
2026-08-20,Humira,11.48,21:24:25,2,8,189.96
2026-08-20,Humira,9.66,21:24:55,2,8,189.97
2026-08-20,Humira,13.93,21:25:25,2,8,189.98
2026-08-20,Humira,15.14,21:25:55,2,8,190.0
2026-08-20,Humira,5.71,21:26:25,2,8,0.0
2026-08-20,Humira,14.91,21:26:55,2,8,190.02
2026-08-20,Humira,16.24,21:27:25,2,8,190.03
2026-08-20,Humira,15.38,21:27:55,2,8,190.04
2026-08-20,Humira,17.13,21:28:25,2,8,190.05
2026-08-20,Humira,13.68,21:28:55,2,8,190.06
2026-08-20,Humira,15.88,21:29:25,2,8,190.07
2026-08-20,Humira,11.36,21:29:55,2,8,190.08
2026-08-20,Humira,16.44,21:30:25,2,8,190.09
2026-08-20,Humira,15.78,21:30:55,2,8,190.1
2026-08-20,Humira,11.11,21:31:25,2,8,190.11
2026-08-20,Humira,17.29,21:31:55,2,8,190.12
2026-08-20,Humira,17.4,21:32:25,2,8,190.14
2026-08-20,Humira,9.57,21:32:55,2,8,190.15
2026-08-20,Humira,14.27,21:33:25,2,8,190.16
2026-08-20,Humira,16.35,21:33:55,2,8,190.17
2026-08-20,Humira,16.18,21:34:25,2,8,190.18
2026-08-20,Humira,4.22,21:34:55,2,8,0.0
2026-08-20,Humira,11.94,21:35:25,2,8,190.2
2026-08-20,Humira,12.92,21:35:55,2,8,190.21
2026-08-20,Humira,4.68,21:36:25,2,8,0.0
2026-08-20,Humira,4.78,21:36:55,2,8,0.0
2026-08-20,Humira,10.55,21:37:25,2,8,190.24
2026-08-20,Humira,3.27,21:37:55,2,8,0.0
2026-08-20,Humira,5.61,21:38:25,2,8,0.0
2026-08-20,Humira,12.29,21:38:55,2,8,190.28
2026-08-20,Humira,3.06,21:39:25,2,8,0.0
2026-08-20,Humira,17.86,21:39:55,2,8,190.3
2026-08-20,Humira,12.82,21:40:25,2,8,190.31
2026-08-20,Humira,2.24,21:40:55,2,8,0.0
2026-08-20,Humira,11.19,21:41:25,2,8,190.33
2026-08-20,Humira,16.38,21:41:55,2,8,190.34
2026-08-20,Humira,17.52,21:42:25,2,8,190.35
2026-08-20,Humira,17.61,21:42:55,2,8,190.36
2026-08-20,Humira,3.23,21:43:25,2,8,0.0
2026-08-20,Humira,5.05,21:43:55,2,8,0.0
2026-08-20,Humira,6.35,21:44:25,2,8,0.0
2026-08-20,Humira,13.76,21:44:55,2,8,190.41
2026-08-20,Humira,7.79,21:45:25,2,8,0.0
2026-08-20,Humira,10.19,21:45:55,2,8,190.43
2026-08-20,Humira,17.26,21:46:25,2,8,190.44
2026-08-20,Humira,10.05,21:46:55,2,8,190.45
2026-08-20,Humira,15.49,21:47:25,2,8,190.46
2026-08-20,Humira,9.93,21:47:55,2,8,190.47
2026-08-20,Humira,12.44,21:48:25,2,8,190.48
2026-08-20,Humira,4.43,21:48:55,2,8,0.0
2026-08-20,Humira,12.04,21:49:25,2,8,190.5
2026-08-20,Humira,3.95,21:49:55,2,8,0.0
2026-08-20,Humira,11.44,21:50:25,2,8,190.53
2026-08-20,Humira,9.12,21:50:55,2,8,190.54
2026-08-20,Humira,3.34,21:51:25,2,8,0.0
2026-08-20,Humira,15.64,21:51:55,2,8,190.56
2026-08-20,Humira,17.04,21:52:25,2,8,190.57
2026-08-20,Humira,17.86,21:52:55,2,8,190.58
2026-08-20,Humira,14.41,21:53:25,2,8,190.59
2026-08-20,Humira,13.41,21:53:55,2,8,190.6
2026-08-20,Humira,9.85,21:54:25,2,8,190.61
2026-08-20,Humira,16.77,21:54:55,2,8,190.62
2026-08-20,Humira,9.55,21:55:25,2,8,190.63
2026-08-20,Humira,9.08,21:55:55,2,8,190.65
2026-08-20,Humira,13.03,21:56:25,2,8,190.66
2026-08-20,Humira,12.06,21:56:55,2,8,190.67
2026-08-20,Humira,6.39,21:57:25,2,8,0.0
2026-08-20,Humira,16.42,21:57:55,2,8,190.69
2026-08-20,Humira,17.56,21:58:25,2,8,190.7
2026-08-20,Humira,16.76,21:58:55,2,8,190.71
2026-08-20,Humira,15.5,21:59:25,2,8,190.72
2026-08-20,Humira,11.79,21:59:55,2,8,190.73
2026-08-20,Humira,11.29,22:00:25,2,8,190.74
2026-08-20,Humira,14.23,22:00:55,2,8,190.75
2026-08-20,Humira,15.61,22:01:25,2,8,190.76
2026-08-20,Humira,11.72,22:01:55,2,8,190.78
2026-08-20,Humira,17.53,22:02:25,2,8,190.79
2026-08-20,Humira,12.63,22:02:55,2,8,190.8
2026-08-20,Humira,16.19,22:03:25,2,8,190.81
2026-08-20,Humira,17.36,22:03:55,2,8,190.82
2026-08-20,Humira,9.29,22:04:25,2,8,190.83
2026-08-20,Humira,13.48,22:04:55,2,8,190.84
2026-08-20,Humira,13.16,22:05:25,2,8,190.85
2026-08-20,Humira,10.06,22:05:55,2,8,190.86
2026-08-20,Humira,15.12,22:06:25,2,8,190.87
2026-08-20,Humira,12.51,22:06:55,2,8,190.88
2026-08-20,Humira,11.9,22:07:25,2,8,190.89
2026-08-20,Humira,13.65,22:07:55,2,8,190.91
2026-08-20,Humira,14.68,22:08:25,2,8,190.92
2026-08-20,Humira,2.69,22:08:55,2,8,0.0
2026-08-20,Humira,14.43,22:09:25,2,8,190.94
2026-08-20,Humira,10.96,22:09:55,2,8,190.95
2026-08-20,Humira,13.02,22:10:25,2,8,190.96
2026-08-20,Humira,5.04,22:10:55,2,8,0.0
2026-08-20,Humira,15.22,22:11:25,2,8,190.98
2026-08-20,Humira,9.27,22:11:55,2,8,190.99
2026-08-20,Humira,18.0,22:12:25,2,8,191.0
2026-08-20,Humira,16.82,22:12:55,2,8,191.01
2026-08-20,Humira,10.42,22:13:25,2,8,191.02
2026-08-20,Humira,12.1,22:13:55,2,8,191.03
2026-08-20,Humira,2.87,22:14:25,2,8,0.0
2026-08-20,Humira,13.78,22:14:55,2,8,191.06
2026-08-20,Humira,10.71,22:15:25,2,8,191.07
2026-08-20,Humira,11.24,22:15:55,2,8,191.08
2026-08-20,Humira,9.74,22:16:25,2,8,191.09
2026-08-20,Humira,11.1,22:16:55,2,8,191.1
2026-08-20,Humira,16.3,22:17:25,2,8,191.11
2026-08-20,Humira,4.75,22:17:55,2,8,0.0
2026-08-20,Humira,14.27,22:18:25,2,8,191.13
2026-08-20,Humira,11.4,22:18:55,2,8,191.14
2026-08-20,Humira,13.43,22:19:25,2,8,191.15
2026-08-20,Humira,17.01,22:19:55,2,8,191.17
2026-08-20,Humira,17.3,22:20:25,2,8,191.18
2026-08-20,Humira,16.4,22:20:55,2,8,191.19
2026-08-20,Humira,14.74,22:21:25,2,8,191.2
2026-08-20,Humira,4.21,22:21:55,2,8,0.0
2026-08-20,Humira,3.98,22:22:25,2,8,0.0
2026-08-20,Humira,11.45,22:22:55,2,8,191.23
2026-08-20,Humira,15.27,22:23:25,2,8,191.24
2026-08-20,Humira,4.48,22:23:55,2,8,0.0
2026-08-20,Humira,16.75,22:24:25,2,8,191.26
2026-08-20,Humira,13.63,22:24:55,2,8,191.27
2026-08-20,Humira,9.9,22:25:25,2,8,191.28
2026-08-20,Humira,10.07,22:25:55,2,8,191.3
2026-08-20,Humira,10.6,22:26:25,2,8,191.31
2026-08-20,Humira,17.18,22:26:55,2,8,191.32
2026-08-20,Humira,13.46,22:27:25,2,8,191.33
2026-08-20,Humira,15.07,22:27:55,2,8,191.34
2026-08-20,Humira,17.34,22:28:25,2,8,191.35
2026-08-20,Humira,10.32,22:28:55,2,8,191.36
2026-08-20,Humira,9.73,22:29:25,2,8,191.37
2026-08-20,Humira,10.83,22:29:55,2,8,191.38
2026-08-20,Humira,9.61,22:30:25,2,8,191.39
2026-08-20,Humira,15.3,22:30:55,2,8,191.4
2026-08-20,Humira,15.78,22:31:25,2,8,191.41
2026-08-20,Humira,10.18,22:31:55,2,8,191.43
2026-08-20,Humira,14.46,22:32:25,2,8,191.44
2026-08-20,Humira,14.51,22:32:55,2,8,191.45
2026-08-20,Humira,14.29,22:33:25,2,8,191.46
2026-08-20,Humira,13.29,22:33:55,2,8,191.47
2026-08-20,Humira,15.74,22:34:25,2,8,191.48
2026-08-20,Humira,17.12,22:34:55,2,8,191.49
2026-08-20,Humira,17.2,22:35:25,2,8,191.5
2026-08-20,Humira,11.7,22:35:55,2,8,191.51
2026-08-20,Humira,4.44,22:36:25,2,8,0.0
2026-08-20,Humira,13.02,22:36:55,2,8,191.53
2026-08-20,Humira,16.01,22:37:25,2,8,191.54
2026-08-20,Humira,11.73,22:37:55,2,8,191.56
2026-08-20,Humira,12.84,22:38:25,2,8,191.57
2026-08-20,Humira,2.89,22:38:55,2,8,0.0
2026-08-20,Humira,12.89,22:39:25,2,8,191.59
2026-08-20,Humira,16.52,22:39:55,2,8,191.6
2026-08-20,Humira,9.97,22:40:25,2,8,191.61
2026-08-20,Humira,3.17,22:40:55,2,8,0.0
2026-08-20,Humira,11.0,22:41:25,2,8,191.63
2026-08-20,Humira,11.35,22:41:55,2,8,191.64
2026-08-20,Humira,12.47,22:42:25,2,8,191.65
2026-08-20,Humira,12.32,22:42:55,2,8,191.66
2026-08-20,Humira,17.47,22:43:25,2,8,191.67
2026-08-20,Humira,14.29,22:43:55,2,8,191.69
2026-08-20,Humira,17.25,22:44:25,2,8,191.7
2026-08-20,Humira,14.03,22:44:55,2,8,191.71
2026-08-20,Humira,16.05,22:45:25,2,8,191.72
2026-08-20,Humira,9.25,22:45:55,2,8,191.73
2026-08-20,Humira,9.72,22:46:25,2,8,191.74
2026-08-20,Humira,15.13,22:46:55,2,8,191.75
2026-08-20,Humira,6.38,22:47:25,2,8,0.0
2026-08-20,Humira,17.28,22:47:55,2,8,191.77
2026-08-20,Humira,16.02,22:48:25,2,8,191.78
2026-08-20,Humira,13.29,22:48:55,2,8,191.79
2026-08-20,Humira,14.97,22:49:25,2,8,191.8
2026-08-20,Humira,7.48,22:49:55,2,8,0.0
2026-08-20,Humira,9.75,22:50:25,2,8,191.83
2026-08-20,Humira,13.22,22:50:55,2,8,191.84
2026-08-20,Humira,14.79,22:51:25,2,8,191.85
2026-08-20,Humira,12.37,22:51:55,2,8,191.86
2026-08-20,Humira,13.29,22:52:25,2,8,191.87
2026-08-20,Humira,14.64,22:52:55,2,8,191.88
2026-08-20,Humira,12.62,22:53:25,2,8,191.89
2026-08-20,Humira,5.15,22:53:55,2,8,0.0
2026-08-20,Humira,14.36,22:54:25,2,8,191.91
2026-08-20,Humira,11.85,22:54:55,2,8,191.92
2026-08-20,Humira,12.38,22:55:25,2,8,191.93
2026-08-20,Humira,17.88,22:55:55,2,8,191.95
2026-08-20,Humira,10.98,22:56:25,2,8,191.96
2026-08-20,Humira,16.15,22:56:55,2,8,191.97
2026-08-20,Humira,17.59,22:57:25,2,8,191.98
2026-08-20,Humira,15.58,22:57:55,2,8,191.99
2026-08-20,Humira,6.52,22:58:25,2,8,0.0
2026-08-20,Humira,4.54,22:58:55,2,8,0.0
2026-08-20,Humira,7.86,22:59:25,2,8,0.0
2026-08-20,Humira,9.67,22:59:55,2,8,192.03
2026-08-20,Humira,17.68,23:00:25,2,8,192.04
2026-08-20,Humira,12.6,23:00:55,2,8,192.05
2026-08-20,Humira,10.75,23:01:25,2,8,192.06
2026-08-20,Humira,17.33,23:01:55,2,8,192.08
2026-08-20,Humira,5.94,23:02:25,2,8,0.0
2026-08-20,Humira,17.48,23:02:55,2,8,192.1
2026-08-20,Humira,11.5,23:03:25,2,8,192.11
2026-08-20,Humira,14.05,23:03:55,2,8,192.12
2026-08-20,Humira,10.45,23:04:25,2,8,192.13
2026-08-20,Humira,15.5,23:04:55,2,8,192.14
2026-08-20,Humira,10.29,23:05:25,2,8,192.15
2026-08-20,Humira,13.18,23:05:55,2,8,192.16
2026-08-20,Humira,16.46,23:06:25,2,8,192.17
2026-08-20,Humira,15.99,23:06:55,2,8,192.18
2026-08-20,Humira,13.72,23:07:25,2,8,192.19
2026-08-20,Humira,9.92,23:07:55,2,8,192.21
2026-08-20,Humira,6.59,23:08:25,2,8,0.0
2026-08-20,Humira,10.67,23:08:55,2,8,192.23
2026-08-20,Humira,5.74,23:09:25,2,8,0.0
2026-08-20,Humira,12.69,23:09:55,2,8,192.25
2026-08-20,Humira,13.18,23:10:25,2,8,192.26
2026-08-20,Humira,7.69,23:10:55,2,8,0.0
2026-08-20,Humira,5.89,23:11:25,2,8,0.0
2026-08-20,Humira,14.57,23:11:55,2,8,192.29
2026-08-20,Humira,5.83,23:12:25,2,8,0.0
2026-08-20,Humira,13.09,23:12:55,2,8,192.31
2026-08-20,Humira,11.88,23:13:25,2,8,192.32
2026-08-20,Humira,9.85,23:13:55,2,8,192.33
2026-08-20,Humira,12.92,23:14:25,2,8,192.35
2026-08-20,Humira,16.69,23:14:55,2,8,192.36
2026-08-20,Humira,6.37,23:15:25,2,8,0.0
2026-08-20,Humira,16.55,23:15:55,2,8,192.38
2026-08-20,Humira,6.84,23:16:25,2,8,0.0
2026-08-20,Humira,14.62,23:16:55,2,8,192.4
2026-08-20,Humira,5.59,23:17:25,2,8,0.0
2026-08-20,Humira,17.09,23:17:55,2,8,192.42
2026-08-20,Humira,17.22,23:18:25,2,8,192.43
2026-08-20,Humira,11.49,23:18:55,2,8,192.44
2026-08-20,Humira,13.34,23:19:25,2,8,192.45
2026-08-20,Humira,9.37,23:19:55,2,8,192.47
2026-08-20,Humira,17.95,23:20:25,2,8,192.48
2026-08-20,Humira,13.63,23:20:55,2,8,192.49
2026-08-20,Humira,5.27,23:21:25,2,8,0.0
2026-08-20,Humira,10.46,23:21:55,2,8,192.51
2026-08-20,Humira,13.77,23:22:25,2,8,192.52
2026-08-20,Humira,2.17,23:22:55,2,8,0.0
2026-08-20,Humira,11.18,23:23:25,2,8,192.54
2026-08-20,Humira,15.06,23:23:55,2,8,192.55
2026-08-20,Humira,16.68,23:24:25,2,8,192.56
2026-08-20,Humira,15.32,23:24:55,2,8,192.57
2026-08-20,Humira,15.06,23:25:25,2,8,192.58
2026-08-20,Humira,12.7,23:25:55,2,8,192.6
2026-08-20,Humira,5.94,23:26:25,2,8,0.0
2026-08-20,Humira,10.28,23:26:55,2,8,192.62
2026-08-20,Humira,14.24,23:27:25,2,8,192.63
2026-08-20,Humira,13.7,23:27:55,2,8,192.64
2026-08-20,Humira,11.63,23:28:25,2,8,192.65
2026-08-20,Humira,17.06,23:28:55,2,8,192.66
2026-08-20,Humira,13.17,23:29:25,2,8,192.67
2026-08-20,Humira,12.1,23:29:55,2,8,192.68
2026-08-20,Humira,14.07,23:30:25,2,8,192.69
2026-08-20,Humira,15.08,23:30:55,2,8,192.7
2026-08-20,Humira,11.9,23:31:25,2,8,192.71
2026-08-20,Humira,12.47,23:31:55,2,8,192.72
2026-08-20,Humira,3.08,23:32:25,2,8,0.0
2026-08-20,Humira,10.65,23:32:55,2,8,192.75
2026-08-20,Humira,17.21,23:33:25,2,8,192.76
2026-08-20,Humira,13.53,23:33:55,2,8,192.77
2026-08-20,Humira,15.74,23:34:25,2,8,192.78
2026-08-20,Humira,5.26,23:34:55,2,8,0.0
2026-08-20,Humira,6.13,23:35:25,2,8,0.0
2026-08-20,Humira,15.58,23:35:55,2,8,192.81
2026-08-20,Humira,17.81,23:36:25,2,8,192.82
2026-08-20,Humira,12.57,23:36:55,2,8,192.83
2026-08-20,Humira,16.01,23:37:25,2,8,192.84
2026-08-20,Humira,14.6,23:37:55,2,8,192.85
2026-08-20,Humira,14.29,23:38:25,2,8,192.87
2026-08-20,Humira,14.04,23:38:55,2,8,192.88
2026-08-20,Humira,6.23,23:39:25,2,8,0.0
2026-08-20,Humira,13.46,23:39:55,2,8,192.9
2026-08-20,Humira,9.84,23:40:25,2,8,192.91
2026-08-20,Humira,12.86,23:40:55,2,8,192.92
2026-08-20,Humira,15.09,23:41:25,2,8,192.93
2026-08-20,Humira,14.92,23:41:55,2,8,192.94
2026-08-20,Humira,14.98,23:42:25,2,8,192.95
2026-08-20,Humira,17.28,23:42:55,2,8,192.96
2026-08-20,Humira,15.56,23:43:25,2,8,192.97
2026-08-20,Humira,14.21,23:43:55,2,8,192.98
2026-08-20,Humira,16.83,23:44:25,2,8,193.0
2026-08-20,Humira,16.23,23:44:55,2,8,193.01
2026-08-20,Humira,10.07,23:45:25,2,8,193.02
2026-08-20,Humira,17.9,23:45:55,2,8,193.03
2026-08-20,Humira,14.11,23:46:25,2,8,193.04
2026-08-20,Humira,15.95,23:46:55,2,8,193.05
2026-08-20,Humira,12.83,23:47:25,2,8,193.06
2026-08-20,Humira,11.22,23:47:55,2,8,193.07
2026-08-20,Humira,9.13,23:48:25,2,8,193.08
2026-08-20,Humira,13.63,23:48:55,2,8,193.09
2026-08-20,Humira,9.82,23:49:25,2,8,193.1
2026-08-20,Humira,6.18,23:49:55,2,8,0.0
2026-08-20,Humira,14.74,23:50:25,2,8,193.13
2026-08-20,Humira,10.56,23:50:55,2,8,193.14
2026-08-20,Humira,12.14,23:51:25,2,8,193.15
2026-08-20,Humira,15.77,23:51:55,2,8,193.16
2026-08-20,Humira,12.59,23:52:25,2,8,193.17
2026-08-20,Humira,10.4,23:52:55,2,8,193.18
2026-08-20,Humira,17.58,23:53:25,2,8,193.19
2026-08-20,Humira,2.58,23:53:55,2,8,0.0
2026-08-20,Humira,15.9,23:54:25,2,8,193.21
2026-08-20,Humira,10.85,23:54:55,2,8,193.22
2026-08-20,Humira,6.73,23:55:25,2,8,0.0
2026-08-20,Humira,3.79,23:55:55,2,8,0.0
2026-08-20,Humira,11.12,23:56:25,2,8,193.26
2026-08-20,Humira,15.31,23:56:55,2,8,193.27
2026-08-20,Humira,15.41,23:57:25,2,8,193.28
2026-08-20,Humira,17.1,23:57:55,2,8,193.29
2026-08-20,Humira,16.77,23:58:25,2,8,193.3
2026-08-20,Humira,11.26,23:58:55,2,8,193.31
2026-08-20,Humira,12.54,23:59:25,2,8,193.32
2026-08-20,Humira,10.13,23:59:55,2,8,193.33
2026-08-20,Humira,10.04,00:00:25,2,8,193.34
2026-08-20,Humira,13.6,00:00:55,2,8,193.35
2026-08-20,Humira,17.21,00:01:25,2,8,193.36
2026-08-20,Humira,10.8,00:01:55,2,8,193.38
2026-08-20,Humira,11.16,00:02:25,2,8,193.39
2026-08-20,Humira,14.45,00:02:55,2,8,193.4
2026-08-20,Humira,14.05,00:03:25,2,8,193.41
2026-08-20,Humira,15.27,00:03:55,2,8,193.42
2026-08-20,Humira,14.95,00:04:25,2,8,193.43
2026-08-20,Humira,6.38,00:04:55,2,8,0.0
2026-08-20,Humira,9.33,00:05:25,2,8,193.45
2026-08-20,Humira,10.65,00:05:55,2,8,193.46
2026-08-20,Humira,13.66,00:06:25,2,8,193.47
2026-08-20,Humira,9.93,00:06:55,2,8,193.48
2026-08-20,Humira,14.46,00:07:25,2,8,193.49
2026-08-20,Humira,11.55,00:07:55,2,8,193.5
2026-08-20,Humira,4.48,00:08:25,2,8,0.0
2026-08-20,Humira,11.82,00:08:55,2,8,193.53
2026-08-20,Humira,12.79,00:09:25,2,8,193.54
2026-08-20,Humira,10.62,00:09:55,2,8,193.55
2026-08-20,Humira,10.74,00:10:25,2,8,193.56
2026-08-20,Humira,14.59,00:10:55,2,8,193.57
2026-08-20,Humira,12.63,00:11:25,2,8,193.58
2026-08-20,Humira,17.17,00:11:55,2,8,193.59
2026-08-20,Humira,12.32,00:12:25,2,8,193.6
2026-08-20,Humira,9.86,00:12:55,2,8,193.61
2026-08-20,Humira,9.09,00:13:25,2,8,193.62
2026-08-20,Humira,11.86,00:13:55,2,8,193.63
2026-08-20,Humira,14.28,00:14:25,2,8,193.65
2026-08-20,Humira,12.56,00:14:55,2,8,193.66
2026-08-20,Humira,15.7,00:15:25,2,8,193.67
2026-08-20,Humira,15.94,00:15:55,2,8,193.68
2026-08-20,Humira,5.72,00:16:25,2,8,0.0
2026-08-20,Humira,13.02,00:16:55,2,8,193.7
2026-08-20,Humira,3.84,00:17:25,2,8,0.0
2026-08-20,Humira,16.13,00:17:55,2,8,193.72
2026-08-20,Humira,15.17,00:18:25,2,8,193.73
2026-08-20,Humira,11.82,00:18:55,2,8,193.74
2026-08-20,Humira,9.57,00:19:25,2,8,193.75
2026-08-20,Humira,2.13,00:19:55,2,8,0.0
2026-08-20,Humira,15.0,00:20:25,2,8,193.78
2026-08-20,Humira,17.86,00:20:55,2,8,193.79
2026-08-20,Humira,13.34,00:21:25,2,8,193.8
2026-08-20,Humira,4.98,00:21:55,2,8,0.0
2026-08-20,Humira,17.58,00:22:25,2,8,193.82
2026-08-20,Humira,11.47,00:22:55,2,8,193.83
2026-08-20,Humira,12.3,00:23:25,2,8,193.84
2026-08-20,Humira,10.49,00:23:55,2,8,193.85
2026-08-20,Humira,4.62,00:24:25,2,8,0.0
2026-08-20,Humira,3.9,00:24:55,2,8,0.0
2026-08-20,Humira,15.16,00:25:25,2,8,193.88
2026-08-20,Humira,16.46,00:25:55,2,8,193.9
2026-08-20,Humira,7.74,00:26:25,2,8,0.0
2026-08-20,Humira,15.99,00:26:55,2,8,193.92
2026-08-20,Humira,16.84,00:27:25,2,8,193.93
2026-08-20,Humira,13.85,00:27:55,2,8,193.94
2026-08-20,Humira,16.22,00:28:25,2,8,193.95
2026-08-20,Humira,9.16,00:28:55,2,8,193.96
2026-08-20,Humira,12.82,00:29:25,2,8,193.97
2026-08-20,Humira,7.08,00:29:55,2,8,0.0
2026-08-20,Humira,13.43,00:30:25,2,8,193.99
2026-08-20,Humira,15.63,00:30:55,2,8,194.0
2026-08-20,Humira,15.7,00:31:25,2,8,194.01
2026-08-20,Humira,13.63,00:31:55,2,8,194.03
2026-08-20,Humira,17.51,00:32:25,2,8,194.04
2026-08-20,Humira,9.57,00:32:55,2,8,194.05
2026-08-20,Humira,6.51,00:33:25,2,8,0.0
2026-08-20,Humira,11.74,00:33:55,2,8,194.07
2026-08-20,Humira,2.39,00:34:25,2,8,0.0
2026-08-20,Humira,16.16,00:34:55,2,8,194.09
2026-08-20,Humira,16.86,00:35:25,2,8,194.1
2026-08-20,Humira,17.22,00:35:55,2,8,194.11
2026-08-20,Humira,16.01,00:36:25,2,8,194.12
2026-08-20,Humira,14.76,00:36:55,2,8,194.13
2026-08-20,Humira,13.97,00:37:25,2,8,194.14
2026-08-20,Humira,14.24,00:37:55,2,8,194.16
2026-08-20,Humira,3.19,00:38:25,2,8,0.0
2026-08-20,Humira,16.57,00:38:55,2,8,194.18
2026-08-20,Humira,5.11,00:39:25,2,8,0.0
2026-08-20,Humira,15.4,00:39:55,2,8,194.2
2026-08-20,Humira,16.8,00:40:25,2,8,194.21
2026-08-20,Humira,12.14,00:40:55,2,8,194.22
2026-08-20,Humira,17.59,00:41:25,2,8,194.23
2026-08-20,Humira,16.7,00:41:55,2,8,194.24
2026-08-20,Humira,14.56,00:42:25,2,8,194.25
2026-08-20,Humira,6.91,00:42:55,2,8,0.0
2026-08-20,Humira,15.99,00:43:25,2,8,194.27
2026-08-20,Humira,14.8,00:43:55,2,8,194.28
2026-08-20,Humira,9.04,00:44:25,2,8,194.3
2026-08-20,Humira,16.92,00:44:55,2,8,194.31
2026-08-20,Humira,12.69,00:45:25,2,8,194.32
2026-08-20,Humira,13.98,00:45:55,2,8,194.33
2026-08-20,Humira,13.89,00:46:25,2,8,194.34
2026-08-20,Humira,16.15,00:46:55,2,8,194.35
2026-08-20,Humira,14.3,00:47:25,2,8,194.36
2026-08-20,Humira,13.94,00:47:55,2,8,194.37
2026-08-20,Humira,16.9,00:48:25,2,8,194.38
2026-08-20,Humira,2.03,00:48:55,2,8,0.0
2026-08-20,Humira,9.39,00:49:25,2,8,194.4
2026-08-20,Humira,10.7,00:49:55,2,8,194.42
2026-08-20,Humira,11.74,00:50:25,2,8,194.43
2026-08-20,Humira,15.7,00:50:55,2,8,194.44
2026-08-20,Humira,6.76,00:51:25,2,8,0.0
2026-08-20,Humira,15.59,00:51:55,2,8,194.46
2026-08-20,Humira,7.02,00:52:25,2,8,0.0
2026-08-20,Humira,15.75,00:52:55,2,8,194.48
2026-08-20,Humira,15.42,00:53:25,2,8,194.49
2026-08-20,Humira,3.39,00:53:55,2,8,0.0
2026-08-20,Humira,15.84,00:54:25,2,8,194.51
2026-08-20,Humira,15.38,00:54:55,2,8,194.52
2026-08-20,Humira,2.33,00:55:25,2,8,0.0
2026-08-20,Humira,6.86,00:55:55,2,8,0.0
2026-08-20,Humira,2.66,00:56:25,2,8,0.0
2026-08-20,Humira,9.6,00:56:55,2,8,194.57
2026-08-20,Humira,14.24,00:57:25,2,8,194.58
2026-08-20,Humira,16.31,00:57:55,2,8,194.59
2026-08-20,Humira,11.66,00:58:25,2,8,194.6
2026-08-20,Humira,15.11,00:58:55,2,8,194.61
2026-08-20,Humira,16.37,00:59:25,2,8,194.62
2026-08-20,Humira,14.97,00:59:55,2,8,194.63
2026-08-20,Humira,7.72,01:00:25,2,8,0.0
2026-08-20,Humira,4.24,01:00:55,2,8,0.0
2026-08-20,Humira,10.17,01:01:25,2,8,194.66
2026-08-20,Humira,17.65,01:01:55,2,8,194.68
2026-08-20,Humira,10.74,01:02:25,2,8,194.69
2026-08-20,Humira,4.74,01:02:55,2,8,0.0
2026-08-20,Humira,13.8,01:03:25,2,8,194.71
2026-08-20,Humira,3.83,01:03:55,2,8,0.0
2026-08-20,Humira,15.75,01:04:25,2,8,194.73
2026-08-20,Humira,13.32,01:04:55,2,8,194.74
2026-08-20,Humira,16.74,01:05:25,2,8,194.75
2026-08-20,Humira,17.57,01:05:55,2,8,194.76
2026-08-20,Humira,13.88,01:06:25,2,8,194.77
2026-08-20,Humira,16.5,01:06:55,2,8,194.78
2026-08-20,Humira,13.55,01:07:25,2,8,194.79
2026-08-20,Humira,13.66,01:07:55,2,8,194.81
2026-08-20,Humira,17.78,01:08:25,2,8,194.82
2026-08-20,Humira,11.62,01:08:55,2,8,194.83
2026-08-20,Humira,12.38,01:09:25,2,8,194.84
2026-08-20,Humira,2.87,01:09:55,2,8,0.0
2026-08-20,Humira,12.73,01:10:25,2,8,194.86
2026-08-20,Humira,11.54,01:10:55,2,8,194.87
2026-08-20,Humira,4.63,01:11:25,2,8,0.0
2026-08-20,Humira,13.31,01:11:55,2,8,194.89
2026-08-20,Humira,5.96,01:12:25,2,8,0.0
2026-08-20,Humira,14.45,01:12:55,2,8,194.91
2026-08-20,Humira,10.53,01:13:25,2,8,194.92
2026-08-20,Humira,2.77,01:13:55,2,8,0.0
2026-08-20,Humira,10.76,01:14:25,2,8,194.95
2026-08-20,Humira,13.36,01:14:55,2,8,194.96
2026-08-20,Humira,10.48,01:15:25,2,8,194.97
2026-08-20,Humira,6.32,01:15:55,2,8,0.0
2026-08-20,Humira,10.13,01:16:25,2,8,194.99
2026-08-20,Humira,12.45,01:16:55,2,8,195.0
2026-08-20,Humira,14.18,01:17:25,2,8,195.01
2026-08-20,Humira,17.88,01:17:55,2,8,195.02
2026-08-20,Humira,15.98,01:18:25,2,8,195.03
2026-08-20,Humira,9.15,01:18:55,2,8,195.04
2026-08-20,Humira,7.27,01:19:25,2,8,0.0
2026-08-20,Humira,11.56,01:19:55,2,8,195.07
2026-08-20,Humira,12.79,01:20:25,2,8,195.08
2026-08-20,Humira,12.53,01:20:55,2,8,195.09
2026-08-20,Humira,17.61,01:21:25,2,8,195.1
2026-08-20,Humira,10.5,01:21:55,2,8,195.11
2026-08-20,Humira,6.19,01:22:25,2,8,0.0
2026-08-20,Humira,2.13,01:22:55,2,8,0.0
2026-08-20,Humira,15.81,01:23:25,2,8,195.14
2026-08-20,Humira,13.08,01:23:55,2,8,195.15
2026-08-20,Humira,17.36,01:24:25,2,8,195.16
2026-08-20,Humira,5.93,01:24:55,2,8,0.0
2026-08-20,Humira,10.75,01:25:25,2,8,195.18
2026-08-20,Humira,16.16,01:25:55,2,8,195.2
2026-08-20,Humira,13.14,01:26:25,2,8,195.21
2026-08-20,Humira,15.32,01:26:55,2,8,195.22
2026-08-20,Humira,2.03,01:27:25,2,8,0.0
2026-08-20,Humira,15.56,01:27:55,2,8,195.24
2026-08-20,Humira,17.33,01:28:25,2,8,195.25
2026-08-20,Humira,15.2,01:28:55,2,8,195.26
2026-08-20,Humira,6.22,01:29:25,2,8,0.0
2026-08-20,Humira,11.25,01:29:55,2,8,195.28
2026-08-20,Humira,16.81,01:30:25,2,8,195.29
2026-08-20,Humira,6.15,01:30:55,2,8,0.0
2026-08-20,Humira,9.12,01:31:25,2,8,195.31
2026-08-20,Humira,15.01,01:31:55,2,8,195.33
2026-08-20,Humira,13.98,01:32:25,2,8,195.34
2026-08-20,Humira,12.25,01:32:55,2,8,195.35
2026-08-20,Humira,16.86,01:33:25,2,8,195.36
2026-08-20,Humira,14.02,01:33:55,2,8,195.37
2026-08-20,Humira,2.26,01:34:25,2,8,0.0
2026-08-20,Humira,5.35,01:34:55,2,8,0.0
2026-08-20,Humira,7.39,01:35:25,2,8,0.0
2026-08-20,Humira,12.25,01:35:55,2,8,195.41
2026-08-20,Humira,12.22,01:36:25,2,8,195.42
2026-08-20,Humira,7.5,01:36:55,2,8,0.0
2026-08-20,Humira,17.7,01:37:25,2,8,195.44
2026-08-20,Humira,16.97,01:37:55,2,8,195.46
2026-08-20,Humira,6.21,01:38:25,2,8,0.0
2026-08-20,Humira,14.26,01:38:55,2,8,195.48
2026-08-20,Humira,13.21,01:39:25,2,8,195.49
2026-08-20,Humira,11.56,01:39:55,2,8,195.5
2026-08-20,Humira,2.77,01:40:25,2,8,0.0
2026-08-20,Humira,9.34,01:40:55,2,8,195.52
2026-08-20,Humira,12.41,01:41:25,2,8,195.53
2026-08-20,Humira,4.52,01:41:55,2,8,0.0
2026-08-20,Humira,6.68,01:42:25,2,8,0.0
2026-08-20,Humira,14.33,01:42:55,2,8,195.56
2026-08-20,Humira,7.72,01:43:25,2,8,0.0
2026-08-20,Humira,14.44,01:43:55,2,8,195.58
2026-08-20,Humira,12.37,01:44:25,2,8,195.6
2026-08-20,Humira,11.61,01:44:55,2,8,195.61
2026-08-20,Humira,14.37,01:45:25,2,8,195.62
2026-08-20,Humira,13.18,01:45:55,2,8,195.63
2026-08-20,Humira,10.98,01:46:25,2,8,195.64
2026-08-20,Humira,12.16,01:46:55,2,8,195.65
2026-08-20,Humira,3.54,01:47:25,2,8,0.0
2026-08-20,Humira,15.32,01:47:55,2,8,195.67
2026-08-20,Humira,17.55,01:48:25,2,8,195.68
2026-08-20,Humira,11.18,01:48:55,2,8,195.69
2026-08-20,Humira,5.73,01:49:25,2,8,0.0
2026-08-20,Humira,12.86,01:49:55,2,8,195.72
2026-08-20,Humira,14.5,01:50:25,2,8,195.73
2026-08-20,Humira,16.75,01:50:55,2,8,195.74
2026-08-20,Humira,13.14,01:51:25,2,8,195.75
2026-08-20,Humira,15.43,01:51:55,2,8,195.76
2026-08-20,Humira,12.67,01:52:25,2,8,195.77
2026-08-20,Humira,14.0,01:52:55,2,8,195.78
2026-08-20,Humira,13.08,01:53:25,2,8,195.79
2026-08-20,Humira,16.31,01:53:55,2,8,195.8
2026-08-20,Humira,14.7,01:54:25,2,8,195.81
2026-08-20,Humira,15.08,01:54:55,2,8,195.82
2026-08-20,Humira,17.15,01:55:25,2,8,195.83
2026-08-20,Humira,15.94,01:55:55,2,8,195.85
2026-08-20,Humira,14.42,01:56:25,2,8,195.86
2026-08-20,Humira,13.03,01:56:55,2,8,195.87
2026-08-20,Humira,9.76,01:57:25,2,8,195.88
2026-08-20,Humira,13.12,01:57:55,2,8,195.89
2026-08-20,Humira,14.27,01:58:25,2,8,195.9
2026-08-20,Humira,11.44,01:58:55,2,8,195.91
2026-08-20,Humira,11.22,01:59:25,2,8,195.92
2026-08-20,Humira,4.54,01:59:55,2,8,0.0
2026-08-20,Humira,12.79,02:00:25,2,8,195.94
2026-08-20,Humira,6.86,02:00:55,2,8,0.0
2026-08-20,Humira,12.6,02:01:25,2,8,195.96
2026-08-20,Humira,5.86,02:01:55,2,8,0.0
2026-08-20,Humira,9.61,02:02:25,2,8,195.99
2026-08-20,Humira,16.55,02:02:55,2,8,196.0
2026-08-20,Humira,17.39,02:03:25,2,8,196.01
2026-08-20,Humira,14.46,02:03:55,2,8,196.02
2026-08-20,Humira,7.02,02:04:25,2,8,0.0
2026-08-20,Humira,11.46,02:04:55,2,8,196.04
2026-08-20,Humira,15.17,02:05:25,2,8,196.05
2026-08-20,Humira,11.16,02:05:55,2,8,196.06
2026-08-20,Humira,16.91,02:06:25,2,8,196.07
2026-08-20,Humira,5.71,02:06:55,2,8,0.0
2026-08-20,Humira,15.66,02:07:25,2,8,196.09
2026-08-20,Humira,11.28,02:07:55,2,8,196.1
2026-08-20,Humira,5.49,02:08:25,2,8,0.0
2026-08-20,Humira,13.03,02:08:55,2,8,196.13
2026-08-20,Humira,14.49,02:09:25,2,8,196.14
2026-08-20,Humira,12.29,02:09:55,2,8,196.15
2026-08-20,Humira,10.85,02:10:25,2,8,196.16
2026-08-20,Humira,7.14,02:10:55,2,8,0.0
2026-08-20,Humira,17.0,02:11:25,2,8,196.18
2026-08-20,Humira,5.3,02:11:55,2,8,0.0
2026-08-20,Humira,13.03,02:12:25,2,8,196.2
2026-08-20,Humira,2.64,02:12:55,2,8,0.0
2026-08-20,Humira,13.15,02:13:25,2,8,196.22
2026-08-20,Humira,11.9,02:13:55,2,8,196.23
2026-08-20,Humira,10.88,02:14:25,2,8,196.25
2026-08-20,Humira,15.64,02:14:55,2,8,196.26
2026-08-20,Humira,12.41,02:15:25,2,8,196.27
2026-08-20,Humira,10.45,02:15:55,2,8,196.28
2026-08-20,Humira,9.97,02:16:25,2,8,196.29
2026-08-20,Humira,10.58,02:16:55,2,8,196.3
2026-08-20,Humira,9.48,02:17:25,2,8,196.31
2026-08-20,Humira,9.77,02:17:55,2,8,196.32
2026-08-20,Humira,16.34,02:18:25,2,8,196.33
2026-08-20,Humira,11.04,02:18:55,2,8,196.34
2026-08-20,Humira,9.37,02:19:25,2,8,196.35
2026-08-20,Humira,10.92,02:19:55,2,8,196.37
2026-08-20,Humira,9.32,02:20:25,2,8,196.38
2026-08-20,Humira,9.46,02:20:55,2,8,196.39
2026-08-20,Humira,13.1,02:21:25,2,8,196.4
2026-08-20,Humira,17.12,02:21:55,2,8,196.41
2026-08-20,Humira,16.55,02:22:25,2,8,196.42
2026-08-20,Humira,16.68,02:22:55,2,8,196.43
2026-08-20,Humira,17.29,02:23:25,2,8,196.44
2026-08-20,Humira,15.15,02:23:55,2,8,196.45
2026-08-20,Humira,10.81,02:24:25,2,8,196.46
2026-08-20,Humira,14.48,02:24:55,2,8,196.47
2026-08-20,Humira,11.32,02:25:25,2,8,196.48
2026-08-20,Humira,9.5,02:25:55,2,8,196.5
2026-08-20,Humira,13.9,02:26:25,2,8,196.51
2026-08-20,Humira,10.78,02:26:55,2,8,196.52
2026-08-20,Humira,16.27,02:27:25,2,8,196.53
2026-08-20,Humira,12.11,02:27:55,2,8,196.54
2026-08-20,Humira,11.1,02:28:25,2,8,196.55
2026-08-20,Humira,14.01,02:28:55,2,8,196.56
2026-08-20,Humira,16.71,02:29:25,2,8,196.57
2026-08-20,Humira,13.82,02:29:55,2,8,196.58
2026-08-20,Humira,13.46,02:30:25,2,8,196.59
2026-08-20,Humira,9.93,02:30:55,2,8,196.6
2026-08-20,Humira,15.63,02:31:25,2,8,196.61
2026-08-20,Humira,13.93,02:31:55,2,8,196.62
2026-08-20,Humira,3.9,02:32:25,2,8,0.0
2026-08-20,Humira,17.41,02:32:55,2,8,196.65
2026-08-20,Humira,5.01,02:33:25,2,8,0.0
2026-08-20,Humira,11.32,02:33:55,2,8,196.67
2026-08-20,Humira,11.63,02:34:25,2,8,196.68
2026-08-20,Humira,17.43,02:34:55,2,8,196.69
2026-08-20,Humira,14.9,02:35:25,2,8,196.7
2026-08-20,Humira,15.72,02:35:55,2,8,196.71
2026-08-20,Humira,17.84,02:36:25,2,8,196.72
2026-08-20,Humira,7.8,02:36:55,2,8,0.0
2026-08-20,Humira,15.02,02:37:25,2,8,196.74
2026-08-20,Humira,11.29,02:37:55,2,8,196.75
2026-08-20,Humira,10.16,02:38:25,2,8,196.77
2026-08-20,Humira,6.94,02:38:55,2,8,0.0
2026-08-20,Humira,10.51,02:39:25,2,8,196.79
2026-08-20,Humira,10.31,02:39:55,2,8,196.8
2026-08-20,Humira,10.36,02:40:25,2,8,196.81
2026-08-20,Humira,5.88,02:40:55,2,8,0.0
2026-08-20,Humira,3.44,02:41:25,2,8,0.0
2026-08-20,Humira,9.68,02:41:55,2,8,196.84
2026-08-20,Humira,5.11,02:42:25,2,8,0.0
2026-08-20,Humira,10.23,02:42:55,2,8,196.86
2026-08-20,Humira,14.0,02:43:25,2,8,196.87
2026-08-20,Humira,15.28,02:43:55,2,8,196.88
2026-08-20,Humira,7.9,02:44:25,2,8,0.0
2026-08-20,Humira,15.67,02:44:55,2,8,196.91
2026-08-20,Humira,17.23,02:45:25,2,8,196.92
2026-08-20,Humira,15.02,02:45:55,2,8,196.93
2026-08-20,Humira,7.23,02:46:25,2,8,0.0
2026-08-20,Humira,15.22,02:46:55,2,8,196.95
2026-08-20,Humira,10.01,02:47:25,2,8,196.96
2026-08-20,Humira,6.85,02:47:55,2,8,0.0
2026-08-20,Humira,15.12,02:48:25,2,8,196.98
2026-08-20,Humira,4.66,02:48:55,2,8,0.0
2026-08-20,Humira,13.14,02:49:25,2,8,197.0
2026-08-20,Humira,14.27,02:49:55,2,8,197.02
2026-08-20,Humira,9.16,02:50:25,2,8,197.03
2026-08-20,Humira,16.95,02:50:55,2,8,197.04
2026-08-20,Humira,14.8,02:51:25,2,8,197.05
2026-08-20,Humira,12.26,02:51:55,2,8,197.06
2026-08-20,Humira,13.55,02:52:25,2,8,197.07
2026-08-20,Humira,11.18,02:52:55,2,8,197.08
2026-08-20,Humira,9.52,02:53:25,2,8,197.09
2026-08-20,Humira,7.14,02:53:55,2,8,0.0
2026-08-20,Humira,4.09,02:54:25,2,8,0.0
2026-08-20,Humira,16.71,02:54:55,2,8,197.12
2026-08-20,Humira,9.03,02:55:25,2,8,197.13
2026-08-20,Humira,7.22,02:55:55,2,8,0.0
2026-08-20,Humira,9.6,02:56:25,2,8,197.16
2026-08-20,Humira,9.19,02:56:55,2,8,197.17
2026-08-20,Humira,17.18,02:57:25,2,8,197.18
2026-08-20,Humira,13.04,02:57:55,2,8,197.19
2026-08-20,Humira,12.62,02:58:25,2,8,197.2
2026-08-20,Humira,3.6,02:58:55,2,8,0.0
2026-08-20,Humira,11.42,02:59:25,2,8,197.22
2026-08-20,Humira,17.76,02:59:55,2,8,197.23
2026-08-20,Humira,13.08,03:00:25,2,8,197.24
2026-08-20,Humira,13.86,03:00:55,2,8,197.25
2026-08-20,Humira,12.28,03:01:25,2,8,197.26
2026-08-20,Humira,14.84,03:01:55,2,8,197.28
2026-08-20,Humira,17.73,03:02:25,2,8,197.29
2026-08-20,Humira,9.6,03:02:55,2,8,197.3
2026-08-20,Humira,10.0,03:03:25,2,8,197.31
2026-08-20,Humira,14.64,03:03:55,2,8,197.32
2026-08-20,Humira,12.82,03:04:25,2,8,197.33
2026-08-20,Humira,12.68,03:04:55,2,8,197.34
2026-08-20,Humira,16.77,03:05:25,2,8,197.35
2026-08-20,Humira,9.78,03:05:55,2,8,197.36
2026-08-20,Humira,17.47,03:06:25,2,8,197.37
2026-08-20,Humira,13.55,03:06:55,2,8,197.38
2026-08-20,Humira,6.14,03:07:25,2,8,0.0
2026-08-20,Humira,16.27,03:07:55,2,8,197.41
2026-08-20,Humira,16.73,03:08:25,2,8,197.42
2026-08-20,Humira,15.99,03:08:55,2,8,197.43
2026-08-20,Humira,16.77,03:09:25,2,8,197.44
2026-08-20,Humira,15.93,03:09:55,2,8,197.45
2026-08-20,Humira,9.3,03:10:25,2,8,197.46
2026-08-20,Humira,11.19,03:10:55,2,8,197.47
2026-08-20,Humira,3.06,03:11:25,2,8,0.0
2026-08-20,Humira,13.33,03:11:55,2,8,197.49
2026-08-20,Humira,10.13,03:12:25,2,8,197.5
2026-08-20,Humira,10.41,03:12:55,2,8,197.51
2026-08-20,Humira,9.11,03:13:25,2,8,197.52
2026-08-20,Humira,10.23,03:13:55,2,8,197.53
2026-08-20,Humira,13.21,03:14:25,2,8,197.55
2026-08-20,Humira,16.96,03:14:55,2,8,197.56
2026-08-20,Humira,4.83,03:15:25,2,8,0.0
2026-08-20,Humira,17.02,03:15:55,2,8,197.58
2026-08-20,Humira,13.67,03:16:25,2,8,197.59
2026-08-20,Humira,7.36,03:16:55,2,8,0.0
2026-08-20,Humira,14.8,03:17:25,2,8,197.61
2026-08-20,Humira,13.81,03:17:55,2,8,197.62
2026-08-20,Humira,10.09,03:18:25,2,8,197.63
2026-08-20,Humira,16.84,03:18:55,2,8,197.64
2026-08-20,Humira,17.03,03:19:25,2,8,197.65
2026-08-20,Humira,13.95,03:19:55,2,8,197.67
2026-08-20,Humira,16.96,03:20:25,2,8,197.68
2026-08-20,Humira,10.26,03:20:55,2,8,197.69
2026-08-20,Humira,15.97,03:21:25,2,8,197.7
2026-08-20,Humira,14.82,03:21:55,2,8,197.71
2026-08-20,Humira,14.91,03:22:25,2,8,197.72
2026-08-20,Humira,13.44,03:22:55,2,8,197.73
2026-08-20,Humira,2.4,03:23:25,2,8,0.0
2026-08-20,Humira,7.22,03:23:55,2,8,0.0
2026-08-20,Humira,11.82,03:24:25,2,8,197.76
2026-08-20,Humira,14.42,03:24:55,2,8,197.77
2026-08-20,Humira,3.43,03:25:25,2,8,0.0
2026-08-20,Humira,7.0,03:25:55,2,8,0.0
2026-08-20,Humira,9.45,03:26:25,2,8,197.81
2026-08-20,Humira,9.26,03:26:55,2,8,197.82
2026-08-20,Humira,9.41,03:27:25,2,8,197.83
2026-08-20,Humira,15.98,03:27:55,2,8,197.84
2026-08-20,Humira,10.1,03:28:25,2,8,197.85
2026-08-20,Humira,13.64,03:28:55,2,8,197.86
2026-08-20,Humira,9.32,03:29:25,2,8,197.87
2026-08-20,Humira,9.81,03:29:55,2,8,197.88
2026-08-20,Humira,14.54,03:30:25,2,8,197.89
2026-08-20,Humira,7.11,03:30:55,2,8,0.0
2026-08-20,Humira,6.12,03:31:25,2,8,0.0
2026-08-20,Humira,14.88,03:31:55,2,8,197.93
2026-08-20,Humira,9.91,03:32:25,2,8,197.94
2026-08-20,Humira,16.39,03:32:55,2,8,197.95
2026-08-20,Humira,15.08,03:33:25,2,8,197.96
2026-08-20,Humira,13.79,03:33:55,2,8,197.97
2026-08-20,Humira,16.97,03:34:25,2,8,197.98
2026-08-20,Humira,9.38,03:34:55,2,8,197.99
2026-08-20,Humira,10.56,03:35:25,2,8,198.0
2026-08-20,Humira,6.54,03:35:55,2,8,0.0
2026-08-20,Humira,13.58,03:36:25,2,8,198.02
2026-08-20,Humira,12.26,03:36:55,2,8,198.03
2026-08-20,Humira,11.73,03:37:25,2,8,198.04
2026-08-20,Humira,9.23,03:37:55,2,8,198.06
2026-08-20,Humira,13.96,03:38:25,2,8,198.07
2026-08-20,Humira,9.48,03:38:55,2,8,198.08
2026-08-20,Humira,16.29,03:39:25,2,8,198.09
2026-08-20,Humira,4.4,03:39:55,2,8,0.0
2026-08-20,Humira,11.08,03:40:25,2,8,198.11
2026-08-20,Humira,16.48,03:40:55,2,8,198.12
2026-08-20,Humira,10.73,03:41:25,2,8,198.13
2026-08-20,Humira,14.38,03:41:55,2,8,198.14
2026-08-20,Humira,16.07,03:42:25,2,8,198.15
2026-08-20,Humira,12.4,03:42:55,2,8,198.16
2026-08-20,Humira,10.44,03:43:25,2,8,198.17
2026-08-20,Humira,2.4,03:43:55,2,8,0.0
2026-08-20,Humira,15.19,03:44:25,2,8,198.2
2026-08-20,Humira,7.13,03:44:55,2,8,0.0
2026-08-20,Humira,14.73,03:45:25,2,8,198.22
2026-08-20,Humira,11.63,03:45:55,2,8,198.23
2026-08-20,Humira,15.32,03:46:25,2,8,198.24
2026-08-20,Humira,13.1,03:46:55,2,8,198.25
2026-08-20,Humira,14.64,03:47:25,2,8,198.26
2026-08-20,Humira,2.88,03:47:55,2,8,0.0
2026-08-20,Humira,6.17,03:48:25,2,8,0.0
2026-08-20,Humira,17.87,03:48:55,2,8,198.29
2026-08-20,Humira,7.92,03:49:25,2,8,0.0
2026-08-20,Humira,7.08,03:49:55,2,8,0.0
2026-08-20,Humira,10.13,03:50:25,2,8,198.33
2026-08-20,Humira,17.37,03:50:55,2,8,198.34
2026-08-20,Humira,9.97,03:51:25,2,8,198.35
2026-08-20,Humira,9.07,03:51:55,2,8,198.36
2026-08-20,Humira,4.52,03:52:25,2,8,0.0
2026-08-20,Humira,13.49,03:52:55,2,8,198.38
2026-08-20,Humira,10.14,03:53:25,2,8,198.39
2026-08-20,Humira,4.2,03:53:55,2,8,0.0
2026-08-20,Humira,17.92,03:54:25,2,8,198.41
2026-08-20,Humira,17.64,03:54:55,2,8,198.42
2026-08-20,Humira,15.76,03:55:25,2,8,198.43
2026-08-20,Humira,15.34,03:55:55,2,8,198.45
2026-08-20,Humira,15.1,03:56:25,2,8,198.46
2026-08-20,Humira,17.1,03:56:55,2,8,198.47
2026-08-20,Humira,11.37,03:57:25,2,8,198.48
2026-08-20,Humira,7.85,03:57:55,2,8,0.0
2026-08-20,Humira,6.39,03:58:25,2,8,0.0
2026-08-20,Humira,14.66,03:58:55,2,8,198.51
2026-08-20,Humira,17.33,03:59:25,2,8,198.52
2026-08-20,Humira,16.09,03:59:55,2,8,198.53
2026-08-20,Humira,15.92,04:00:25,2,8,198.54
2026-08-20,Humira,14.76,04:00:55,2,8,198.55
2026-08-20,Humira,10.59,04:01:25,2,8,198.56
2026-08-20,Humira,12.09,04:01:55,2,8,198.58
2026-08-20,Humira,14.42,04:02:25,2,8,198.59
2026-08-20,Humira,17.4,04:02:55,2,8,198.6
2026-08-20,Humira,16.72,04:03:25,2,8,198.61
2026-08-20,Humira,16.4,04:03:55,2,8,198.62
2026-08-20,Humira,11.22,04:04:25,2,8,198.63
2026-08-20,Humira,12.04,04:04:55,2,8,198.64
2026-08-20,Humira,13.06,04:05:25,2,8,198.65
2026-08-20,Humira,17.66,04:05:55,2,8,198.66
2026-08-20,Humira,13.38,04:06:25,2,8,198.67
2026-08-20,Humira,14.15,04:06:55,2,8,198.68
2026-08-20,Humira,16.4,04:07:25,2,8,198.69
2026-08-20,Humira,10.66,04:07:55,2,8,198.71
2026-08-20,Humira,13.48,04:08:25,2,8,198.72
2026-08-20,Humira,16.44,04:08:55,2,8,198.73
2026-08-20,Humira,11.69,04:09:25,2,8,198.74
2026-08-20,Humira,10.05,04:09:55,2,8,198.75
2026-08-20,Humira,7.52,04:10:25,2,8,0.0
2026-08-20,Humira,6.16,04:10:55,2,8,0.0
2026-08-20,Humira,15.79,04:11:25,2,8,198.78
2026-08-20,Humira,16.61,04:11:55,2,8,198.79
2026-08-20,Humira,5.75,04:12:25,2,8,0.0
2026-08-20,Humira,13.37,04:12:55,2,8,198.81
2026-08-20,Humira,3.39,04:13:25,2,8,0.0
2026-08-20,Humira,10.16,04:13:55,2,8,198.83
2026-08-20,Humira,17.75,04:14:25,2,8,198.85
2026-08-20,Humira,15.84,04:14:55,2,8,198.86
2026-08-20,Humira,14.09,04:15:25,2,8,198.87
2026-08-20,Humira,10.78,04:15:55,2,8,198.88
2026-08-20,Humira,17.63,04:16:25,2,8,198.89
2026-08-20,Humira,9.72,04:16:55,2,8,198.9
2026-08-20,Humira,13.66,04:17:25,2,8,198.91
2026-08-20,Humira,9.73,04:17:55,2,8,198.92
2026-08-20,Humira,12.25,04:18:25,2,8,198.93
2026-08-20,Humira,10.18,04:18:55,2,8,198.94
2026-08-20,Humira,11.34,04:19:25,2,8,198.95
2026-08-20,Humira,6.2,04:19:55,2,8,0.0
2026-08-20,Humira,14.3,04:20:25,2,8,198.98
2026-08-20,Humira,12.53,04:20:55,2,8,198.99
2026-08-20,Humira,6.68,04:21:25,2,8,0.0
2026-08-20,Humira,12.8,04:21:55,2,8,199.01
2026-08-20,Humira,12.44,04:22:25,2,8,199.02
2026-08-20,Humira,17.61,04:22:55,2,8,199.03
2026-08-20,Humira,14.68,04:23:25,2,8,199.04
2026-08-20,Humira,15.88,04:23:55,2,8,199.05
2026-08-20,Humira,16.83,04:24:25,2,8,199.06
2026-08-20,Humira,16.27,04:24:55,2,8,199.07
2026-08-20,Humira,12.51,04:25:25,2,8,199.08
2026-08-20,Humira,3.16,04:25:55,2,8,0.0
2026-08-20,Humira,6.51,04:26:25,2,8,0.0
2026-08-20,Humira,14.89,04:26:55,2,8,199.12
2026-08-20,Humira,14.5,04:27:25,2,8,199.13
2026-08-20,Humira,17.67,04:27:55,2,8,199.14
2026-08-20,Humira,13.52,04:28:25,2,8,199.15
2026-08-20,Humira,10.11,04:28:55,2,8,199.16
2026-08-20,Humira,6.81,04:29:25,2,8,0.0
2026-08-20,Humira,3.39,04:29:55,2,8,0.0
2026-08-20,Humira,3.09,04:30:25,2,8,0.0
2026-08-20,Humira,16.68,04:30:55,2,8,199.2
2026-08-20,Humira,11.26,04:31:25,2,8,199.21
2026-08-20,Humira,17.61,04:31:55,2,8,199.22
2026-08-20,Humira,9.39,04:32:25,2,8,199.24
2026-08-20,Humira,13.01,04:32:55,2,8,199.25
2026-08-20,Humira,13.26,04:33:25,2,8,199.26
2026-08-20,Humira,9.42,04:33:55,2,8,199.27
2026-08-20,Humira,14.66,04:34:25,2,8,199.28
2026-08-20,Humira,16.69,04:34:55,2,8,199.29
2026-08-20,Humira,9.25,04:35:25,2,8,199.3
2026-08-20,Humira,17.13,04:35:55,2,8,199.31
2026-08-20,Humira,10.55,04:36:25,2,8,199.32
2026-08-20,Humira,17.03,04:36:55,2,8,199.33
2026-08-20,Humira,15.48,04:37:25,2,8,199.34
2026-08-20,Humira,14.19,04:37:55,2,8,199.35
2026-08-20,Humira,17.66,04:38:25,2,8,199.37
2026-08-20,Humira,15.05,04:38:55,2,8,199.38
2026-08-20,Humira,17.52,04:39:25,2,8,199.39
2026-08-20,Humira,17.58,04:39:55,2,8,199.4
2026-08-20,Humira,15.99,04:40:25,2,8,199.41
2026-08-20,Humira,11.95,04:40:55,2,8,199.42
2026-08-20,Humira,13.58,04:41:25,2,8,199.43
2026-08-20,Humira,17.99,04:41:55,2,8,199.44
2026-08-20,Humira,13.66,04:42:25,2,8,199.45
2026-08-20,Humira,15.62,04:42:55,2,8,199.46
2026-08-20,Humira,5.54,04:43:25,2,8,0.0
2026-08-20,Humira,11.58,04:43:55,2,8,199.48
2026-08-20,Humira,2.91,04:44:25,2,8,0.0
2026-08-20,Humira,11.3,04:44:55,2,8,199.51
2026-08-20,Humira,16.77,04:45:25,2,8,199.52
2026-08-20,Humira,16.8,04:45:55,2,8,199.53
2026-08-20,Humira,9.99,04:46:25,2,8,199.54
2026-08-20,Humira,10.11,04:46:55,2,8,199.55
2026-08-20,Humira,12.81,04:47:25,2,8,199.56
2026-08-20,Humira,3.15,04:47:55,2,8,0.0
2026-08-20,Humira,13.04,04:48:25,2,8,199.58
2026-08-20,Humira,15.14,04:48:55,2,8,199.59
2026-08-20,Humira,13.62,04:49:25,2,8,199.6
2026-08-20,Humira,9.59,04:49:55,2,8,199.62
2026-08-20,Humira,12.63,04:50:25,2,8,199.63
2026-08-20,Humira,3.83,04:50:55,2,8,0.0
2026-08-20,Humira,12.84,04:51:25,2,8,199.65
2026-08-20,Humira,12.3,04:51:55,2,8,199.66
2026-08-20,Humira,9.29,04:52:25,2,8,199.67
2026-08-20,Humira,12.57,04:52:55,2,8,199.68
2026-08-20,Humira,9.29,04:53:25,2,8,199.69
2026-08-20,Humira,14.17,04:53:55,2,8,199.7
2026-08-20,Humira,7.53,04:54:25,2,8,0.0
2026-08-20,Humira,17.8,04:54:55,2,8,199.72
2026-08-20,Humira,13.61,04:55:25,2,8,199.73
2026-08-20,Humira,9.62,04:55:55,2,8,199.75
2026-08-20,Humira,16.75,04:56:25,2,8,199.76
2026-08-20,Humira,14.79,04:56:55,2,8,199.77
2026-08-20,Humira,15.73,04:57:25,2,8,199.78
2026-08-20,Humira,6.24,04:57:55,2,8,0.0
2026-08-20,Humira,16.05,04:58:25,2,8,199.8
2026-08-20,Humira,14.57,04:58:55,2,8,199.81
2026-08-20,Humira,15.38,04:59:25,2,8,199.82
2026-08-20,Humira,5.11,04:59:55,2,8,0.0
2026-08-20,Humira,17.29,05:00:25,2,8,199.84
2026-08-20,Humira,14.31,05:00:55,2,8,199.85
2026-08-20,Humira,9.69,05:01:25,2,8,199.86
2026-08-20,Humira,9.95,05:01:55,2,8,199.88
2026-08-20,Humira,4.24,05:02:25,2,8,0.0
2026-08-20,Humira,9.26,05:02:55,2,8,199.9
2026-08-20,Humira,14.08,05:03:25,2,8,199.91
2026-08-20,Humira,13.3,05:03:55,2,8,199.92
2026-08-20,Humira,2.85,05:04:25,2,8,0.0
2026-08-20,Humira,9.2,05:04:55,2,8,199.94
2026-08-20,Humira,15.84,05:05:25,2,8,199.95
2026-08-20,Humira,13.52,05:05:55,2,8,199.96
2026-08-20,Humira,11.32,05:06:25,2,8,199.97
2026-08-20,Humira,6.14,05:06:55,2,8,0.0
2026-08-20,Humira,10.3,05:07:25,2,8,199.99
2026-08-20,Humira,4.74,05:07:55,2,8,0.0
2026-08-20,Humira,14.41,05:08:25,2,8,200.02
2026-08-20,Humira,10.24,05:08:55,2,8,200.03
2026-08-20,Humira,10.12,05:09:25,2,8,200.04
2026-08-20,Humira,16.03,05:09:55,2,8,200.05
2026-08-20,Humira,17.32,05:10:25,2,8,200.06
2026-08-20,Humira,13.22,05:10:55,2,8,200.07
2026-08-20,Humira,6.86,05:11:25,2,8,0.0
2026-08-20,Humira,17.51,05:11:55,2,8,200.09
2026-08-20,Humira,16.44,05:12:25,2,8,200.1
2026-08-20,Humira,16.13,05:12:55,2,8,200.11
2026-08-20,Humira,7.15,05:13:25,2,8,0.0
2026-08-20,Humira,13.54,05:13:55,2,8,200.13
2026-08-20,Humira,12.09,05:14:25,2,8,200.15
2026-08-20,Humira,4.65,05:14:55,2,8,0.0
2026-08-20,Humira,11.23,05:15:25,2,8,200.17
2026-08-20,Humira,11.34,05:15:55,2,8,200.18
2026-08-20,Humira,10.63,05:16:25,2,8,200.19
2026-08-20,Humira,16.23,05:16:55,2,8,200.2
2026-08-20,Humira,13.86,05:17:25,2,8,200.21
2026-08-20,Humira,16.16,05:17:55,2,8,200.22
2026-08-20,Humira,3.38,05:18:25,2,8,0.0
2026-08-20,Humira,9.93,05:18:55,2,8,200.24
2026-08-20,Humira,14.98,05:19:25,2,8,200.25
2026-08-20,Humira,4.68,05:19:55,2,8,0.0
2026-08-20,Humira,2.27,05:20:25,2,8,0.0
2026-08-20,Humira,3.76,05:20:55,2,8,0.0
2026-08-20,Humira,4.19,05:21:25,2,8,0.0
2026-08-20,Humira,15.39,05:21:55,2,8,200.31
2026-08-20,Humira,16.0,05:22:25,2,8,200.32
2026-08-20,Humira,9.11,05:22:55,2,8,200.33
2026-08-20,Humira,12.07,05:23:25,2,8,200.34
2026-08-20,Humira,13.62,05:23:55,2,8,200.35
2026-08-20,Humira,2.11,05:24:25,2,8,0.0
2026-08-20,Humira,12.6,05:24:55,2,8,200.37
2026-08-20,Humira,11.7,05:25:25,2,8,200.38
2026-08-20,Humira,9.97,05:25:55,2,8,200.4
2026-08-20,Humira,17.47,05:26:25,2,8,200.41
2026-08-20,Humira,17.27,05:26:55,2,8,200.42
2026-08-20,Humira,14.67,05:27:25,2,8,200.43
2026-08-20,Humira,3.62,05:27:55,2,8,0.0
2026-08-20,Humira,13.51,05:28:25,2,8,200.45
2026-08-20,Humira,9.38,05:28:55,2,8,200.46
2026-08-20,Humira,3.1,05:29:25,2,8,0.0
2026-08-20,Humira,16.52,05:29:55,2,8,200.48
2026-08-20,Humira,14.55,05:30:25,2,8,200.49
2026-08-20,Humira,6.38,05:30:55,2,8,0.0
2026-08-20,Humira,10.15,05:31:25,2,8,200.51
2026-08-20,Humira,15.07,05:31:55,2,8,200.53
2026-08-20,Humira,14.18,05:32:25,2,8,200.54
2026-08-20,Humira,16.63,05:32:55,2,8,200.55
2026-08-20,Humira,15.18,05:33:25,2,8,200.56
2026-08-20,Humira,9.43,05:33:55,2,8,200.57
2026-08-20,Humira,12.13,05:34:25,2,8,200.58
2026-08-20,Humira,17.94,05:34:55,2,8,200.59
2026-08-20,Humira,9.52,05:35:25,2,8,200.6
2026-08-20,Humira,14.5,05:35:55,2,8,200.61
2026-08-20,Humira,11.07,05:36:25,2,8,200.62
2026-08-20,Humira,13.41,05:36:55,2,8,200.63
2026-08-20,Humira,12.55,05:37:25,2,8,200.64
2026-08-20,Humira,14.42,05:37:55,2,8,200.66
2026-08-20,Humira,7.26,05:38:25,2,8,0.0
2026-08-20,Humira,12.11,05:38:55,2,8,200.68
2026-08-20,Humira,6.71,05:39:25,2,8,0.0
2026-08-20,Humira,11.57,05:39:55,2,8,200.7
2026-08-20,Humira,12.3,05:40:25,2,8,200.71
2026-08-20,Humira,13.74,05:40:55,2,8,200.72
2026-08-20,Humira,5.63,05:41:25,2,8,0.0
2026-08-20,Humira,12.77,05:41:55,2,8,200.74
2026-08-20,Humira,9.29,05:42:25,2,8,200.75
2026-08-20,Humira,3.01,05:42:55,2,8,0.0
2026-08-20,Humira,17.06,05:43:25,2,8,200.77
2026-08-20,Humira,10.39,05:43:55,2,8,200.78
2026-08-20,Humira,15.31,05:44:25,2,8,200.8
2026-08-20,Humira,13.66,05:44:55,2,8,200.81
2026-08-20,Humira,6.62,05:45:25,2,8,0.0
2026-08-20,Humira,17.66,05:45:55,2,8,200.83
2026-08-20,Humira,3.03,05:46:25,2,8,0.0
2026-08-20,Humira,9.59,05:46:55,2,8,200.85
2026-08-20,Humira,13.2,05:47:25,2,8,200.86
2026-08-20,Humira,2.66,05:47:55,2,8,0.0
2026-08-20,Humira,14.41,05:48:25,2,8,200.88
2026-08-20,Humira,16.77,05:48:55,2,8,200.89
2026-08-20,Humira,10.38,05:49:25,2,8,200.9
2026-08-20,Humira,9.24,05:49:55,2,8,200.92
2026-08-20,Humira,14.4,05:50:25,2,8,200.93
2026-08-20,Humira,13.71,05:50:55,2,8,200.94
2026-08-20,Humira,4.25,05:51:25,2,8,0.0
2026-08-20,Humira,16.61,05:51:55,2,8,200.96
2026-08-20,Humira,11.68,05:52:25,2,8,200.97
2026-08-20,Humira,15.46,05:52:55,2,8,200.98
2026-08-20,Humira,15.26,05:53:25,2,8,200.99
2026-08-20,Humira,6.81,05:53:55,2,8,0.0
2026-08-20,Humira,7.69,05:54:25,2,8,0.0
2026-08-20,Humira,4.95,05:54:55,2,8,0.0
2026-08-20,Humira,10.81,05:55:25,2,8,201.03
2026-08-20,Humira,13.37,05:55:55,2,8,201.05
2026-08-20,Humira,17.35,05:56:25,2,8,201.06
2026-08-20,Humira,15.6,05:56:55,2,8,201.07
2026-08-20,Humira,2.52,05:57:25,2,8,0.0
2026-08-20,Humira,15.75,05:57:55,2,8,201.09
2026-08-20,Humira,11.87,05:58:25,2,8,201.1
2026-08-20,Humira,13.7,05:58:55,2,8,201.11
2026-08-20,Humira,17.01,05:59:25,2,8,201.12
2026-08-20,Humira,11.85,05:59:55,2,8,201.13
2026-08-20,Humira,13.39,06:00:25,2,8,201.14
2026-08-20,Humira,17.67,06:00:55,2,8,201.15
2026-08-20,Humira,12.19,06:01:25,2,8,201.16
2026-08-20,Humira,16.44,06:01:55,2,8,201.18
2026-08-20,Humira,11.71,06:02:25,2,8,201.19
2026-08-20,Humira,6.28,06:02:55,2,8,0.0
2026-08-20,Humira,16.15,06:03:25,2,8,201.21
2026-08-20,Humira,12.64,06:03:55,2,8,201.22
2026-08-20,Humira,14.53,06:04:25,2,8,201.23
2026-08-20,Humira,10.55,06:04:55,2,8,201.24
2026-08-20,Humira,4.48,06:05:25,2,8,0.0
2026-08-20,Humira,14.21,06:05:55,2,8,201.26
2026-08-20,Humira,10.51,06:06:25,2,8,201.27
2026-08-20,Humira,6.11,06:06:55,2,8,0.0
2026-08-20,Humira,11.22,06:07:25,2,8,201.29
2026-08-20,Humira,9.64,06:07:55,2,8,201.31
2026-08-20,Humira,17.79,06:08:25,2,8,201.32
2026-08-20,Humira,2.92,06:08:55,2,8,0.0
2026-08-20,Humira,4.54,06:09:25,2,8,0.0
2026-08-20,Humira,11.71,06:09:55,2,8,201.35
2026-08-20,Humira,13.02,06:10:25,2,8,201.36
2026-08-20,Humira,17.17,06:10:55,2,8,201.37
2026-08-20,Humira,7.12,06:11:25,2,8,0.0
2026-08-20,Humira,15.22,06:11:55,2,8,201.39
2026-08-20,Humira,14.94,06:12:25,2,8,201.4
2026-08-20,Humira,14.18,06:12:55,2,8,201.41
2026-08-20,Humira,10.14,06:13:25,2,8,201.42
2026-08-20,Humira,7.75,06:13:55,2,8,0.0
2026-08-20,Humira,17.96,06:14:25,2,8,201.45
2026-08-20,Humira,17.36,06:14:55,2,8,201.46
2026-08-20,Humira,13.95,06:15:25,2,8,201.47
2026-08-20,Humira,10.33,06:15:55,2,8,201.48
2026-08-20,Humira,9.61,06:16:25,2,8,201.49
2026-08-20,Humira,5.52,06:16:55,2,8,0.0
2026-08-20,Humira,4.85,06:17:25,2,8,0.0
2026-08-20,Humira,6.56,06:17:55,2,8,0.0
2026-08-20,Humira,15.59,06:18:25,2,8,201.53
2026-08-20,Humira,15.24,06:18:55,2,8,201.54
2026-08-20,Humira,7.49,06:19:25,2,8,0.0
2026-08-20,Humira,9.35,06:19:55,2,8,201.57
2026-08-20,Humira,14.29,06:20:25,2,8,201.58
2026-08-20,Humira,10.33,06:20:55,2,8,201.59
2026-08-20,Humira,17.11,06:21:25,2,8,201.6
2026-08-20,Humira,12.2,06:21:55,2,8,201.61
2026-08-20,Humira,12.06,06:22:25,2,8,201.62
2026-08-20,Humira,16.0,06:22:55,2,8,201.63
2026-08-20,Humira,14.18,06:23:25,2,8,201.64
2026-08-20,Humira,16.52,06:23:55,2,8,201.65
2026-08-20,Humira,11.64,06:24:25,2,8,201.66
2026-08-20,Humira,3.63,06:24:55,2,8,0.0
2026-08-20,Humira,9.72,06:25:25,2,8,201.68
2026-08-20,Humira,13.28,06:25:55,2,8,201.7
2026-08-20,Humira,16.3,06:26:25,2,8,201.71
2026-08-20,Humira,12.71,06:26:55,2,8,201.72
2026-08-20,Humira,16.61,06:27:25,2,8,201.73
2026-08-20,Humira,15.35,06:27:55,2,8,201.74
2026-08-20,Humira,7.87,06:28:25,2,8,0.0
2026-08-20,Humira,16.21,06:28:55,2,8,201.76
2026-08-20,Humira,12.3,06:29:25,2,8,201.77
2026-08-20,Humira,9.3,06:29:55,2,8,201.78
2026-08-20,Humira,17.31,06:30:25,2,8,201.79
2026-08-20,Humira,9.81,06:30:55,2,8,201.8
2026-08-20,Humira,16.5,06:31:25,2,8,201.81
2026-08-20,Humira,5.7,06:31:55,2,8,0.0
2026-08-20,Humira,13.46,06:32:25,2,8,201.84
2026-08-20,Humira,13.69,06:32:55,2,8,201.85
2026-08-20,Humira,16.18,06:33:25,2,8,201.86
2026-08-20,Humira,14.54,06:33:55,2,8,201.87
2026-08-20,Humira,13.89,06:34:25,2,8,201.88
2026-08-20,Humira,7.44,06:34:55,2,8,0.0
2026-08-20,Humira,13.44,06:35:25,2,8,201.9
2026-08-20,Humira,9.14,06:35:55,2,8,201.91
2026-08-20,Humira,2.76,06:36:25,2,8,0.0
2026-08-20,Humira,16.96,06:36:55,2,8,201.93
2026-08-20,Humira,9.12,06:37:25,2,8,201.94
2026-08-20,Humira,11.86,06:37:55,2,8,201.96
2026-08-20,Humira,6.77,06:38:25,2,8,0.0
2026-08-20,Humira,10.84,06:38:55,2,8,201.98
2026-08-20,Humira,13.48,06:39:25,2,8,201.99
2026-08-20,Humira,16.19,06:39:55,2,8,202.0
2026-08-20,Humira,14.11,06:40:25,2,8,202.01
2026-08-20,Humira,15.85,06:40:55,2,8,202.02
2026-08-20,Humira,11.82,06:41:25,2,8,202.03
2026-08-20,Humira,7.7,06:41:55,2,8,0.0
2026-08-20,Humira,9.44,06:42:25,2,8,202.05
2026-08-20,Humira,9.48,06:42:55,2,8,202.06
2026-08-20,Humira,10.63,06:43:25,2,8,202.07
2026-08-20,Humira,10.54,06:43:55,2,8,202.08
2026-08-20,Humira,15.61,06:44:25,2,8,202.1
2026-08-20,Humira,17.95,06:44:55,2,8,202.11
2026-08-20,Humira,16.87,06:45:25,2,8,202.12
2026-08-20,Humira,10.98,06:45:55,2,8,202.13
2026-08-20,Humira,10.14,06:46:25,2,8,202.14
2026-08-20,Humira,9.5,06:46:55,2,8,202.15
2026-08-20,Humira,9.55,06:47:25,2,8,202.16
2026-08-20,Humira,11.69,06:47:55,2,8,202.17
2026-08-20,Humira,15.77,06:48:25,2,8,202.18
2026-08-20,Humira,12.28,06:48:55,2,8,202.19
2026-08-20,Humira,10.81,06:49:25,2,8,202.2
2026-08-20,Humira,12.0,06:49:55,2,8,202.22
2026-08-20,Humira,11.63,06:50:25,2,8,202.23
2026-08-20,Humira,2.07,06:50:55,2,8,0.0
2026-08-20,Humira,17.36,06:51:25,2,8,202.25
2026-08-20,Humira,15.89,06:51:55,2,8,202.26
2026-08-20,Humira,7.63,06:52:25,2,8,0.0
2026-08-20,Humira,2.65,06:52:55,2,8,0.0
2026-08-20,Humira,14.96,06:53:25,2,8,202.29
2026-08-20,Humira,11.78,06:53:55,2,8,202.3
2026-08-20,Humira,13.44,06:54:25,2,8,202.31
2026-08-20,Humira,2.11,06:54:55,2,8,0.0
2026-08-20,Humira,9.49,06:55:25,2,8,202.33
2026-08-20,Humira,15.78,06:55:55,2,8,202.35
2026-08-20,Humira,17.77,06:56:25,2,8,202.36
2026-08-20,Humira,10.11,06:56:55,2,8,202.37
2026-08-20,Humira,17.86,06:57:25,2,8,202.38
2026-08-20,Humira,15.18,06:57:55,2,8,202.39
2026-08-20,Humira,16.16,06:58:25,2,8,202.4
2026-08-20,Humira,16.66,06:58:55,2,8,202.41
2026-08-20,Humira,12.66,06:59:25,2,8,202.42
2026-08-20,Humira,11.64,06:59:55,2,8,202.43
2026-08-20,Humira,17.2,07:00:25,2,8,202.44
2026-08-20,Humira,9.75,07:00:55,2,8,202.45
2026-08-20,Humira,9.02,07:01:25,2,8,202.46
2026-08-20,Humira,10.13,07:01:55,2,8,202.47
2026-08-20,Humira,13.79,07:02:25,2,8,202.49
2026-08-20,Humira,10.44,07:02:55,2,8,202.5
2026-08-20,Humira,11.49,07:03:25,2,8,202.51
2026-08-20,Humira,12.78,07:03:55,2,8,202.52
2026-08-20,Humira,6.93,07:04:25,2,8,0.0
2026-08-20,Humira,15.33,07:04:55,2,8,202.54
2026-08-20,Humira,17.89,07:05:25,2,8,202.55
2026-08-20,Humira,5.51,07:05:55,2,8,0.0
2026-08-20,Humira,12.07,07:06:25,2,8,202.57
2026-08-20,Humira,11.41,07:06:55,2,8,202.58
2026-08-20,Humira,9.73,07:07:25,2,8,202.59
2026-08-20,Humira,16.26,07:07:55,2,8,202.6
2026-08-20,Humira,16.99,07:08:25,2,8,202.62
2026-08-20,Humira,10.09,07:08:55,2,8,202.63
2026-08-20,Humira,15.18,07:09:25,2,8,202.64
2026-08-20,Humira,16.17,07:09:55,2,8,202.65
2026-08-20,Humira,10.17,07:10:25,2,8,202.66
2026-08-20,Humira,11.94,07:10:55,2,8,202.67
2026-08-20,Humira,17.04,07:11:25,2,8,202.68
2026-08-20,Humira,13.96,07:11:55,2,8,202.69
2026-08-20,Humira,9.98,07:12:25,2,8,202.7
2026-08-20,Humira,13.48,07:12:55,2,8,202.71
2026-08-20,Humira,14.15,07:13:25,2,8,202.72
2026-08-20,Humira,12.56,07:13:55,2,8,202.73
2026-08-20,Humira,17.63,07:14:25,2,8,202.75
2026-08-20,Humira,17.23,07:14:55,2,8,202.76
2026-08-20,Humira,9.28,07:15:25,2,8,202.77
2026-08-20,Humira,10.07,07:15:55,2,8,202.78
2026-08-20,Humira,14.25,07:16:25,2,8,202.79
2026-08-20,Humira,17.89,07:16:55,2,8,202.8
2026-08-20,Humira,12.53,07:17:25,2,8,202.81
2026-08-20,Humira,13.42,07:17:55,2,8,202.82
2026-08-20,Humira,3.35,07:18:25,2,8,0.0
2026-08-20,Humira,6.58,07:18:55,2,8,0.0
2026-08-20,Humira,17.16,07:19:25,2,8,202.85
2026-08-20,Humira,7.96,07:19:55,2,8,0.0
2026-08-20,Humira,17.3,07:20:25,2,8,202.88
2026-08-20,Humira,13.57,07:20:55,2,8,202.89
2026-08-20,Humira,9.53,07:21:25,2,8,202.9
2026-08-20,Humira,17.24,07:21:55,2,8,202.91
2026-08-20,Humira,15.52,07:22:25,2,8,202.92
2026-08-20,Humira,6.63,07:22:55,2,8,0.0
2026-08-20,Humira,2.54,07:23:25,2,8,0.0
2026-08-20,Humira,13.71,07:23:55,2,8,202.95
2026-08-20,Humira,14.04,07:24:25,2,8,202.96
2026-08-20,Humira,13.05,07:24:55,2,8,202.97
2026-08-20,Humira,15.59,07:25:25,2,8,202.98
2026-08-20,Humira,12.64,07:25:55,2,8,203.0
2026-08-20,Humira,14.65,07:26:25,2,8,203.01
2026-08-20,Humira,14.98,07:26:55,2,8,203.02
2026-08-20,Humira,16.5,07:27:25,2,8,203.03
2026-08-20,Humira,13.44,07:27:55,2,8,203.04
2026-08-20,Humira,15.99,07:28:25,2,8,203.05
2026-08-20,Humira,17.71,07:28:55,2,8,203.06
2026-08-20,Humira,15.19,07:29:25,2,8,203.07
2026-08-20,Humira,13.56,07:29:55,2,8,203.08
2026-08-20,Humira,13.01,07:30:25,2,8,203.09
2026-08-20,Humira,11.74,07:30:55,2,8,203.1
2026-08-20,Humira,5.19,07:31:25,2,8,0.0
2026-08-20,Humira,11.57,07:31:55,2,8,203.12
2026-08-20,Humira,16.57,07:32:25,2,8,203.14
2026-08-20,Humira,17.46,07:32:55,2,8,203.15
2026-08-20,Humira,17.52,07:33:25,2,8,203.16
2026-08-20,Humira,10.25,07:33:55,2,8,203.17
2026-08-20,Humira,17.38,07:34:25,2,8,203.18
2026-08-20,Humira,15.56,07:34:55,2,8,203.19
2026-08-20,Humira,10.47,07:35:25,2,8,203.2
2026-08-20,Humira,9.15,07:35:55,2,8,203.21
2026-08-20,Humira,7.73,07:36:25,2,8,0.0
2026-08-20,Humira,5.68,07:36:55,2,8,0.0
2026-08-20,Humira,13.24,07:37:25,2,8,203.24
2026-08-20,Humira,12.8,07:37:55,2,8,203.25
2026-08-20,Humira,5.16,07:38:25,2,8,0.0
2026-08-20,Humira,3.66,07:38:55,2,8,0.0
2026-08-20,Humira,13.47,07:39:25,2,8,203.29
2026-08-20,Humira,14.77,07:39:55,2,8,203.3
2026-08-20,Humira,11.6,07:40:25,2,8,203.31
2026-08-20,Humira,7.95,07:40:55,2,8,0.0
2026-08-20,Humira,9.93,07:41:25,2,8,203.33
2026-08-20,Humira,15.51,07:41:55,2,8,203.34
2026-08-20,Humira,10.77,07:42:25,2,8,203.35
2026-08-20,Humira,7.41,07:42:55,2,8,0.0
2026-08-20,Humira,7.59,07:43:25,2,8,0.0
2026-08-20,Humira,13.4,07:43:55,2,8,203.38
2026-08-20,Humira,11.74,07:44:25,2,8,203.4
2026-08-20,Humira,4.27,07:44:55,2,8,0.0
2026-08-20,Humira,13.49,07:45:25,2,8,203.42
2026-08-20,Humira,10.54,07:45:55,2,8,203.43
2026-08-20,Humira,12.28,07:46:25,2,8,203.44
2026-08-20,Humira,10.57,07:46:55,2,8,203.45
2026-08-20,Humira,14.17,07:47:25,2,8,203.46
2026-08-20,Humira,5.2,07:47:55,2,8,0.0
2026-08-20,Humira,13.16,07:48:25,2,8,203.48
2026-08-20,Humira,3.47,07:48:55,2,8,0.0
2026-08-20,Humira,4.24,07:49:25,2,8,0.0
2026-08-20,Humira,5.26,07:49:55,2,8,0.0
2026-08-20,Humira,16.2,07:50:25,2,8,203.53
2026-08-20,Humira,17.21,07:50:55,2,8,203.54
2026-08-20,Humira,15.04,07:51:25,2,8,203.55
2026-08-20,Humira,9.91,07:51:55,2,8,203.56
2026-08-20,Humira,13.08,07:52:25,2,8,203.57
2026-08-20,Humira,11.04,07:52:55,2,8,203.58
2026-08-20,Humira,11.89,07:53:25,2,8,203.59
2026-08-20,Humira,10.0,07:53:55,2,8,203.6
2026-08-20,Humira,16.31,07:54:25,2,8,203.61
2026-08-20,Humira,11.82,07:54:55,2,8,203.62
2026-08-20,Humira,13.44,07:55:25,2,8,203.63
2026-08-20,Humira,10.47,07:55:55,2,8,203.65
2026-08-20,Humira,17.71,07:56:25,2,8,203.66
2026-08-20,Humira,9.82,07:56:55,2,8,203.67
2026-08-20,Humira,16.3,07:57:25,2,8,203.68
2026-08-20,Humira,7.39,07:57:55,2,8,0.0
2026-08-20,Humira,3.0,07:58:25,2,8,0.0
2026-08-20,Humira,15.98,07:58:55,2,8,203.71
2026-08-20,Humira,2.14,07:59:25,2,8,0.0
2026-08-20,Humira,15.3,07:59:55,2,8,203.73
2026-08-20,Humira,11.39,08:00:25,2,8,203.74
2026-08-20,Humira,16.82,08:00:55,2,8,203.75
2026-08-20,Humira,13.4,08:01:25,2,8,203.76
2026-08-20,Humira,12.59,08:01:55,2,8,203.78
2026-08-20,Humira,10.62,08:02:25,2,8,203.79
2026-08-20,Humira,15.25,08:02:55,2,8,203.8
2026-08-20,Humira,6.1,08:03:25,2,8,0.0
2026-08-20,Humira,16.07,08:03:55,2,8,203.82
2026-08-20,Humira,2.09,08:04:25,2,8,0.0
2026-08-20,Humira,12.36,08:04:55,2,8,203.84
2026-08-20,Humira,5.28,08:05:25,2,8,0.0
2026-08-20,Humira,15.0,08:05:55,2,8,203.86
2026-08-20,Humira,9.59,08:06:25,2,8,203.87
2026-08-20,Humira,10.85,08:06:55,2,8,203.88
2026-08-20,Humira,7.65,08:07:25,2,8,0.0
2026-08-20,Humira,17.47,08:07:55,2,8,203.91
2026-08-20,Humira,11.61,08:08:25,2,8,203.92
2026-08-20,Humira,17.54,08:08:55,2,8,203.93
2026-08-20,Humira,12.57,08:09:25,2,8,203.94
2026-08-20,Humira,12.57,08:09:55,2,8,203.95
2026-08-20,Humira,10.41,08:10:25,2,8,203.96
2026-08-20,Humira,12.56,08:10:55,2,8,203.97
2026-08-20,Humira,11.36,08:11:25,2,8,203.98
2026-08-20,Humira,5.47,08:11:55,2,8,0.0
2026-08-20,Humira,10.97,08:12:25,2,8,204.0
2026-08-20,Humira,2.46,08:12:55,2,8,0.0
2026-08-20,Humira,17.02,08:13:25,2,8,204.02
2026-08-20,Humira,15.87,08:13:55,2,8,204.03
2026-08-20,Humira,2.25,08:14:25,2,8,0.0
2026-08-20,Humira,9.76,08:14:55,2,8,204.06
2026-08-20,Humira,7.67,08:15:25,2,8,0.0
2026-08-20,Humira,10.28,08:15:55,2,8,204.08
2026-08-20,Humira,14.51,08:16:25,2,8,204.09
2026-08-20,Humira,11.51,08:16:55,2,8,204.1
2026-08-20,Humira,13.57,08:17:25,2,8,204.11
2026-08-20,Humira,14.27,08:17:55,2,8,204.12
2026-08-20,Humira,11.88,08:18:25,2,8,204.13
2026-08-20,Humira,10.28,08:18:55,2,8,204.14
2026-08-20,Humira,16.32,08:19:25,2,8,204.15
2026-08-20,Humira,11.32,08:19:55,2,8,204.17
2026-08-20,Humira,9.51,08:20:25,2,8,204.18
2026-08-20,Humira,2.98,08:20:55,2,8,0.0
2026-08-20,Humira,13.24,08:21:25,2,8,204.2
2026-08-20,Humira,15.22,08:21:55,2,8,204.21
2026-08-20,Humira,9.11,08:22:25,2,8,204.22
2026-08-20,Humira,10.19,08:22:55,2,8,204.23
2026-08-20,Humira,3.4,08:23:25,2,8,0.0
2026-08-20,Humira,11.25,08:23:55,2,8,204.25
2026-08-20,Humira,12.22,08:24:25,2,8,204.26
2026-08-20,Humira,17.71,08:24:55,2,8,204.27
2026-08-20,Humira,10.25,08:25:25,2,8,204.28
2026-08-20,Humira,14.28,08:25:55,2,8,204.3
2026-08-20,Humira,14.83,08:26:25,2,8,204.31
2026-08-20,Humira,9.34,08:26:55,2,8,204.32
2026-08-20,Humira,9.14,08:27:25,2,8,204.33
2026-08-20,Humira,10.85,08:27:55,2,8,204.34
2026-08-20,Humira,5.77,08:28:25,2,8,0.0
2026-08-20,Humira,5.88,08:28:55,2,8,0.0
2026-08-20,Humira,6.37,08:29:25,2,8,0.0
2026-08-20,Humira,9.27,08:29:55,2,8,204.38
2026-08-20,Humira,9.78,08:30:25,2,8,204.39
2026-08-20,Humira,16.14,08:30:55,2,8,204.4
2026-08-20,Humira,3.19,08:31:25,2,8,0.0
2026-08-20,Humira,14.23,08:31:55,2,8,204.43
2026-08-20,Humira,7.36,08:32:25,2,8,0.0
2026-08-20,Humira,10.76,08:32:55,2,8,204.45
2026-08-20,Humira,13.04,08:33:25,2,8,204.46
2026-08-20,Humira,2.83,08:33:55,2,8,0.0
2026-08-20,Humira,14.18,08:34:25,2,8,204.48
2026-08-20,Humira,3.92,08:34:55,2,8,0.0
2026-08-20,Humira,4.27,08:35:25,2,8,0.0
2026-08-20,Humira,4.19,08:35:55,2,8,0.0
2026-08-20,Humira,13.32,08:36:25,2,8,204.52
2026-08-20,Humira,3.26,08:36:55,2,8,0.0
2026-08-20,Humira,17.74,08:37:25,2,8,204.54
2026-08-20,Humira,9.46,08:37:55,2,8,204.56
2026-08-20,Humira,12.22,08:38:25,2,8,204.57
2026-08-20,Humira,14.79,08:38:55,2,8,204.58
2026-08-20,Humira,7.07,08:39:25,2,8,0.0
2026-08-20,Humira,11.77,08:39:55,2,8,204.6
2026-08-20,Humira,15.11,08:40:25,2,8,204.61
2026-08-20,Humira,13.9,08:40:55,2,8,204.62
2026-08-20,Humira,7.86,08:41:25,2,8,0.0
2026-08-20,Humira,9.5,08:41:55,2,8,204.64
2026-08-20,Humira,7.55,08:42:25,2,8,0.0
2026-08-20,Humira,15.0,08:42:55,2,8,204.66
2026-08-20,Humira,13.64,08:43:25,2,8,204.67
2026-08-20,Humira,3.99,08:43:55,2,8,0.0
2026-08-20,Humira,9.86,08:44:25,2,8,204.7
2026-08-20,Humira,14.79,08:44:55,2,8,204.71
2026-08-20,Humira,6.27,08:45:25,2,8,0.0
2026-08-20,Humira,12.41,08:45:55,2,8,204.73
2026-08-20,Humira,17.72,08:46:25,2,8,204.74
2026-08-20,Humira,2.83,08:46:55,2,8,0.0
2026-08-20,Humira,15.16,08:47:25,2,8,204.76
2026-08-20,Humira,12.31,08:47:55,2,8,204.77
2026-08-20,Humira,15.67,08:48:25,2,8,204.78
2026-08-20,Humira,17.88,08:48:55,2,8,204.79
2026-08-20,Humira,10.77,08:49:25,2,8,204.8
2026-08-20,Humira,10.53,08:49:55,2,8,204.82
2026-08-20,Humira,10.56,08:50:25,2,8,204.83
2026-08-20,Humira,11.04,08:50:55,2,8,204.84
2026-08-20,Humira,17.78,08:51:25,2,8,204.85
2026-08-20,Humira,13.01,08:51:55,2,8,204.86
2026-08-20,Humira,11.04,08:52:25,2,8,204.87
2026-08-20,Humira,13.68,08:52:55,2,8,204.88
2026-08-20,Humira,3.97,08:53:25,2,8,0.0
2026-08-20,Humira,4.22,08:53:55,2,8,0.0
2026-08-20,Humira,7.66,08:54:25,2,8,0.0
2026-08-20,Humira,15.68,08:54:55,2,8,204.92
2026-08-20,Humira,7.67,08:55:25,2,8,0.0
2026-08-20,Humira,4.01,08:55:55,2,8,0.0
2026-08-20,Humira,17.41,08:56:25,2,8,204.96
2026-08-20,Humira,16.72,08:56:55,2,8,204.97
2026-08-20,Humira,6.71,08:57:25,2,8,0.0
2026-08-20,Humira,6.68,08:57:55,2,8,0.0
2026-08-20,Humira,16.42,08:58:25,2,8,205.0
2026-08-20,Humira,14.45,08:58:55,2,8,205.01
2026-08-20,Humira,17.12,08:59:25,2,8,205.02
2026-08-20,Humira,2.12,08:59:55,2,8,0.0
2026-08-20,Humira,6.89,09:00:25,2,8,0.0
2026-08-20,Humira,14.57,09:00:55,2,8,205.05
2026-08-20,Humira,12.1,09:01:25,2,8,205.06
2026-08-20,Humira,17.8,09:01:55,2,8,205.08
2026-08-20,Humira,7.69,09:02:25,2,8,0.0
2026-08-20,Humira,10.48,09:02:55,2,8,205.1
2026-08-20,Humira,14.63,09:03:25,2,8,205.11
2026-08-20,Humira,11.1,09:03:55,2,8,205.12
2026-08-20,Humira,11.46,09:04:25,2,8,205.13
2026-08-20,Humira,2.41,09:04:55,2,8,0.0
2026-08-20,Humira,12.17,09:05:25,2,8,205.15
2026-08-20,Humira,2.69,09:05:55,2,8,0.0
2026-08-20,Humira,3.42,09:06:25,2,8,0.0
2026-08-20,Humira,10.92,09:06:55,2,8,205.18
2026-08-20,Humira,16.0,09:07:25,2,8,205.19
2026-08-20,Humira,9.12,09:07:55,2,8,205.21
2026-08-20,Humira,13.85,09:08:25,2,8,205.22
2026-08-20,Humira,9.54,09:08:55,2,8,205.23
2026-08-20,Humira,16.34,09:09:25,2,8,205.24
2026-08-20,Humira,11.84,09:09:55,2,8,205.25
2026-08-20,Humira,15.84,09:10:25,2,8,205.26
2026-08-20,Humira,2.61,09:10:55,2,8,0.0
2026-08-20,Humira,16.89,09:11:25,2,8,205.28
2026-08-20,Humira,5.93,09:11:55,2,8,0.0
2026-08-20,Humira,11.26,09:12:25,2,8,205.3
2026-08-20,Humira,11.44,09:12:55,2,8,205.31
2026-08-20,Humira,16.76,09:13:25,2,8,205.32
2026-08-20,Humira,9.08,09:13:55,2,8,205.33
2026-08-20,Humira,12.63,09:14:25,2,8,205.35
2026-08-20,Humira,15.34,09:14:55,2,8,205.36
2026-08-20,Humira,15.45,09:15:25,2,8,205.37
2026-08-20,Humira,12.98,09:15:55,2,8,205.38
2026-08-20,Humira,11.68,09:16:25,2,8,205.39
2026-08-20,Humira,12.96,09:16:55,2,8,205.4
2026-08-20,Humira,6.31,09:17:25,2,8,0.0
2026-08-20,Humira,14.18,09:17:55,2,8,205.42
2026-08-20,Humira,9.15,09:18:25,2,8,205.43
2026-08-20,Humira,10.7,09:18:55,2,8,205.44
2026-08-20,Humira,7.24,09:19:25,2,8,0.0
2026-08-20,Humira,15.25,09:19:55,2,8,205.47
2026-08-20,Humira,14.95,09:20:25,2,8,205.48
2026-08-20,Humira,13.71,09:20:55,2,8,205.49
2026-08-20,Humira,3.89,09:21:25,2,8,0.0
2026-08-20,Humira,9.33,09:21:55,2,8,205.51
2026-08-20,Humira,14.47,09:22:25,2,8,205.52
2026-08-20,Humira,6.33,09:22:55,2,8,0.0
2026-08-20,Humira,10.76,09:23:25,2,8,205.54
2026-08-20,Humira,13.56,09:23:55,2,8,205.55
2026-08-20,Humira,9.86,09:24:25,2,8,205.56
2026-08-20,Humira,11.66,09:24:55,2,8,205.57
2026-08-20,Humira,9.85,09:25:25,2,8,205.58
2026-08-20,Humira,14.0,09:25:55,2,8,205.6
2026-08-20,Humira,9.42,09:26:25,2,8,205.61
2026-08-20,Humira,15.25,09:26:55,2,8,205.62
2026-08-20,Humira,3.3,09:27:25,2,8,0.0
2026-08-20,Humira,9.79,09:27:55,2,8,205.64
2026-08-20,Humira,9.6,09:28:25,2,8,205.65
2026-08-20,Humira,9.92,09:28:55,2,8,205.66
2026-08-20,Humira,15.0,09:29:25,2,8,205.67
2026-08-20,Humira,17.8,09:29:55,2,8,205.68
2026-08-20,Humira,2.88,09:30:25,2,8,0.0
2026-08-20,Humira,5.97,09:30:55,2,8,0.0
2026-08-20,Humira,11.69,09:31:25,2,8,205.71
2026-08-20,Humira,12.53,09:31:55,2,8,205.72
2026-08-20,Humira,14.1,09:32:25,2,8,205.74
2026-08-20,Humira,2.16,09:32:55,2,8,0.0
2026-08-20,Humira,5.9,09:33:25,2,8,0.0
2026-08-20,Humira,11.54,09:33:55,2,8,205.77
2026-08-20,Humira,9.46,09:34:25,2,8,205.78
2026-08-20,Humira,16.89,09:34:55,2,8,205.79
2026-08-20,Humira,16.64,09:35:25,2,8,205.8
2026-08-20,Humira,10.35,09:35:55,2,8,205.81
2026-08-20,Humira,9.85,09:36:25,2,8,205.82
2026-08-20,Humira,10.73,09:36:55,2,8,205.83
2026-08-20,Humira,17.84,09:37:25,2,8,205.84
2026-08-20,Humira,4.65,09:37:55,2,8,0.0
2026-08-20,Humira,14.74,09:38:25,2,8,205.87
2026-08-20,Humira,17.62,09:38:55,2,8,205.88
2026-08-20,Humira,10.05,09:39:25,2,8,205.89
2026-08-20,Humira,9.98,09:39:55,2,8,205.9
2026-08-20,Humira,15.97,09:40:25,2,8,205.91
2026-08-20,Humira,13.56,09:40:55,2,8,205.92
2026-08-20,Humira,3.15,09:41:25,2,8,0.0
2026-08-20,Humira,11.34,09:41:55,2,8,205.94
2026-08-20,Humira,16.0,09:42:25,2,8,205.95
2026-08-20,Humira,4.24,09:42:55,2,8,0.0
2026-08-20,Humira,9.36,09:43:25,2,8,205.97
2026-08-20,Humira,14.96,09:43:55,2,8,205.98
2026-08-20,Humira,12.46,09:44:25,2,8,206.0
2026-08-20,Humira,13.95,09:44:55,2,8,206.01
2026-08-20,Humira,14.44,09:45:25,2,8,206.02
2026-08-20,Humira,15.55,09:45:55,2,8,206.03
2026-08-20,Humira,16.91,09:46:25,2,8,206.04
2026-08-20,Humira,12.07,09:46:55,2,8,206.05
2026-08-20,Humira,15.57,09:47:25,2,8,206.06
2026-08-20,Humira,16.67,09:47:55,2,8,206.07
2026-08-20,Humira,14.46,09:48:25,2,8,206.08
2026-08-20,Humira,9.06,09:48:55,2,8,206.09
2026-08-20,Humira,16.94,09:49:25,2,8,206.1
2026-08-20,Humira,10.67,09:49:55,2,8,206.12
2026-08-20,Humira,9.73,09:50:25,2,8,206.13
2026-08-20,Humira,2.48,09:50:55,2,8,0.0
2026-08-20,Humira,15.57,09:51:25,2,8,206.15
2026-08-20,Humira,6.73,09:51:55,2,8,0.0
2026-08-20,Humira,16.19,09:52:25,2,8,206.17
2026-08-20,Humira,16.21,09:52:55,2,8,206.18
2026-08-20,Humira,11.26,09:53:25,2,8,206.19
2026-08-20,Humira,11.94,09:53:55,2,8,206.2
2026-08-20,Humira,17.43,09:54:25,2,8,206.21
2026-08-20,Humira,16.5,09:54:55,2,8,206.22
2026-08-20,Humira,15.54,09:55:25,2,8,206.23
2026-08-20,Humira,16.66,09:55:55,2,8,206.25
2026-08-20,Humira,5.71,09:56:25,2,8,0.0
2026-08-20,Humira,15.11,09:56:55,2,8,206.27
2026-08-20,Humira,2.11,09:57:25,2,8,0.0
2026-08-20,Humira,17.46,09:57:55,2,8,206.29
2026-08-20,Humira,11.35,09:58:25,2,8,206.3
2026-08-20,Humira,12.08,09:58:55,2,8,206.31
2026-08-20,Humira,16.15,09:59:25,2,8,206.32
2026-08-20,Humira,12.34,09:59:55,2,8,206.33
2026-08-20,Humira,17.84,10:00:25,2,8,206.34
2026-08-20,Humira,14.77,10:00:55,2,8,206.35
2026-08-20,Humira,16.56,10:01:25,2,8,206.36
2026-08-20,Humira,16.15,10:01:55,2,8,206.38
2026-08-20,Humira,12.7,10:02:25,2,8,206.39
2026-08-20,Humira,15.3,10:02:55,2,8,206.4
2026-08-20,Humira,13.73,10:03:25,2,8,206.41
2026-08-20,Humira,3.73,10:03:55,2,8,0.0
2026-08-20,Humira,9.66,10:04:25,2,8,206.43
2026-08-20,Humira,12.48,10:04:55,2,8,206.44
2026-08-20,Humira,16.85,10:05:25,2,8,206.45
2026-08-20,Humira,9.82,10:05:55,2,8,206.46
2026-08-20,Humira,11.18,10:06:25,2,8,206.47
2026-08-20,Humira,13.23,10:06:55,2,8,206.48
2026-08-20,Humira,14.71,10:07:25,2,8,206.49
2026-08-20,Humira,13.05,10:07:55,2,8,206.5
2026-08-20,Humira,13.2,10:08:25,2,8,206.52
2026-08-20,Humira,4.96,10:08:55,2,8,0.0
2026-08-20,Humira,12.3,10:09:25,2,8,206.54
2026-08-20,Humira,9.7,10:09:55,2,8,206.55
2026-08-20,Humira,9.7,10:10:25,2,8,206.56
2026-08-20,Humira,17.62,10:10:55,2,8,206.57
2026-08-20,Humira,7.01,10:11:25,2,8,0.0
2026-08-20,Humira,11.3,10:11:55,2,8,206.59
2026-08-20,Humira,13.36,10:12:25,2,8,206.6
2026-08-20,Humira,10.15,10:12:55,2,8,206.61
2026-08-20,Humira,9.33,10:13:25,2,8,206.62
2026-08-20,Humira,4.42,10:13:55,2,8,0.0
2026-08-20,Humira,14.19,10:14:25,2,8,206.65
2026-08-20,Humira,14.39,10:14:55,2,8,206.66
2026-08-20,Humira,7.66,10:15:25,2,8,0.0
2026-08-20,Humira,10.41,10:15:55,2,8,206.68
2026-08-20,Humira,2.18,10:16:25,2,8,0.0
2026-08-20,Humira,14.95,10:16:55,2,8,206.7
2026-08-20,Humira,9.19,10:17:25,2,8,206.71
2026-08-20,Humira,14.92,10:17:55,2,8,206.72
2026-08-20,Humira,9.81,10:18:25,2,8,206.73
2026-08-20,Humira,13.61,10:18:55,2,8,206.74
2026-08-20,Humira,12.03,10:19:25,2,8,206.75
2026-08-20,Humira,4.48,10:19:55,2,8,0.0
2026-08-20,Humira,11.63,10:20:25,2,8,206.78
2026-08-20,Humira,11.81,10:20:55,2,8,206.79
2026-08-20,Humira,16.54,10:21:25,2,8,206.8
2026-08-20,Humira,7.51,10:21:55,2,8,0.0
2026-08-20,Humira,12.59,10:22:25,2,8,206.82
2026-08-20,Humira,17.31,10:22:55,2,8,206.83
2026-08-20,Humira,9.56,10:23:25,2,8,206.84
2026-08-20,Humira,9.76,10:23:55,2,8,206.85
2026-08-20,Humira,9.42,10:24:25,2,8,206.86
2026-08-20,Humira,3.04,10:24:55,2,8,0.0
2026-08-20,Humira,15.67,10:25:25,2,8,206.88
2026-08-20,Humira,16.99,10:25:55,2,8,206.9
2026-08-20,Humira,12.17,10:26:25,2,8,206.91
2026-08-20,Humira,17.64,10:26:55,2,8,206.92
2026-08-20,Humira,7.13,10:27:25,2,8,0.0
2026-08-20,Humira,11.21,10:27:55,2,8,206.94
2026-08-20,Humira,17.33,10:28:25,2,8,206.95
2026-08-20,Humira,17.98,10:28:55,2,8,206.96
2026-08-20,Humira,12.65,10:29:25,2,8,206.97
2026-08-20,Humira,6.67,10:29:55,2,8,0.0
2026-08-20,Humira,5.75,10:30:25,2,8,0.0
2026-08-20,Humira,14.11,10:30:55,2,8,207.0
2026-08-20,Humira,16.74,10:31:25,2,8,207.01
2026-08-20,Humira,15.76,10:31:55,2,8,207.03
2026-08-20,Humira,13.6,10:32:25,2,8,207.04
2026-08-20,Humira,9.52,10:32:55,2,8,207.05
2026-08-20,Humira,15.45,10:33:25,2,8,207.06
2026-08-20,Humira,6.67,10:33:55,2,8,0.0
2026-08-20,Humira,12.57,10:34:25,2,8,207.08
2026-08-20,Humira,11.11,10:34:55,2,8,207.09
2026-08-20,Humira,14.4,10:35:25,2,8,207.1
2026-08-20,Humira,15.96,10:35:55,2,8,207.11
2026-08-20,Humira,15.82,10:36:25,2,8,207.12
2026-08-20,Humira,15.84,10:36:55,2,8,207.13
2026-08-20,Humira,5.66,10:37:25,2,8,0.0
2026-08-20,Humira,11.85,10:37:55,2,8,207.16
2026-08-20,Humira,2.3,10:38:25,2,8,0.0
2026-08-20,Humira,13.26,10:38:55,2,8,207.18
2026-08-20,Humira,15.9,10:39:25,2,8,207.19
2026-08-20,Humira,9.31,10:39:55,2,8,207.2
2026-08-20,Humira,10.91,10:40:25,2,8,207.21
2026-08-20,Humira,15.46,10:40:55,2,8,207.22
2026-08-20,Humira,14.02,10:41:25,2,8,207.23
2026-08-20,Humira,10.69,10:41:55,2,8,207.24
2026-08-20,Humira,5.26,10:42:25,2,8,0.0
2026-08-20,Humira,12.16,10:42:55,2,8,207.26
2026-08-20,Humira,14.96,10:43:25,2,8,207.27
2026-08-20,Humira,12.78,10:43:55,2,8,207.28
2026-08-20,Humira,5.72,10:44:25,2,8,0.0
2026-08-20,Humira,7.82,10:44:55,2,8,0.0
2026-08-20,Humira,15.43,10:45:25,2,8,207.32
2026-08-20,Humira,12.46,10:45:55,2,8,207.33
2026-08-20,Humira,13.3,10:46:25,2,8,207.34
2026-08-20,Humira,11.18,10:46:55,2,8,207.35
2026-08-20,Humira,2.09,10:47:25,2,8,0.0
2026-08-20,Humira,9.82,10:47:55,2,8,207.37
2026-08-20,Humira,17.4,10:48:25,2,8,207.38
2026-08-20,Humira,16.33,10:48:55,2,8,207.39
2026-08-20,Humira,4.89,10:49:25,2,8,0.0
2026-08-20,Humira,15.03,10:49:55,2,8,207.42
2026-08-20,Humira,3.69,10:50:25,2,8,0.0
2026-08-20,Humira,16.58,10:50:55,2,8,207.44
2026-08-20,Humira,10.07,10:51:25,2,8,207.45
2026-08-20,Humira,16.08,10:51:55,2,8,207.46
2026-08-20,Humira,16.4,10:52:25,2,8,207.47
2026-08-20,Humira,15.07,10:52:55,2,8,207.48
2026-08-20,Humira,11.92,10:53:25,2,8,207.49
2026-08-20,Humira,12.62,10:53:55,2,8,207.5
2026-08-20,Humira,11.95,10:54:25,2,8,207.51
2026-08-20,Humira,12.49,10:54:55,2,8,207.52
2026-08-20,Humira,12.11,10:55:25,2,8,207.53
2026-08-20,Humira,13.16,10:55:55,2,8,207.55
2026-08-20,Humira,11.13,10:56:25,2,8,207.56
2026-08-20,Humira,16.51,10:56:55,2,8,207.57
2026-08-20,Humira,17.34,10:57:25,2,8,207.58
2026-08-20,Humira,14.73,10:57:55,2,8,207.59
2026-08-20,Humira,9.44,10:58:25,2,8,207.6
2026-08-20,Humira,13.99,10:58:55,2,8,207.61
2026-08-20,Humira,11.07,10:59:25,2,8,207.62
2026-08-20,Humira,14.55,10:59:55,2,8,207.63
2026-08-20,Humira,13.31,11:00:25,2,8,207.64
2026-08-20,Humira,16.54,11:00:55,2,8,207.65
2026-08-20,Humira,14.29,11:01:25,2,8,207.66
2026-08-20,Humira,13.58,11:01:55,2,8,207.68
2026-08-20,Humira,15.53,11:02:25,2,8,207.69
2026-08-20,Humira,15.62,11:02:55,2,8,207.7
2026-08-20,Humira,6.38,11:03:25,2,8,0.0
2026-08-20,Humira,14.82,11:03:55,2,8,207.72
2026-08-20,Humira,13.8,11:04:25,2,8,207.73
2026-08-20,Humira,14.22,11:04:55,2,8,207.74
2026-08-20,Humira,12.32,11:05:25,2,8,207.75
2026-08-20,Humira,16.25,11:05:55,2,8,207.76
2026-08-20,Humira,12.66,11:06:25,2,8,207.77
2026-08-20,Humira,9.53,11:06:55,2,8,207.78
2026-08-20,Humira,14.66,11:07:25,2,8,207.79
2026-08-20,Humira,16.03,11:07:55,2,8,207.81
2026-08-20,Humira,13.61,11:08:25,2,8,207.82
2026-08-20,Humira,12.86,11:08:55,2,8,207.83
2026-08-20,Humira,9.9,11:09:25,2,8,207.84
2026-08-20,Humira,17.19,11:09:55,2,8,207.85
2026-08-20,Humira,14.08,11:10:25,2,8,207.86
2026-08-20,Humira,10.41,11:10:55,2,8,207.87
2026-08-20,Humira,15.58,11:11:25,2,8,207.88
2026-08-20,Humira,16.94,11:11:55,2,8,207.89
2026-08-20,Humira,7.66,11:12:25,2,8,0.0
2026-08-20,Humira,17.21,11:12:55,2,8,207.91
2026-08-20,Humira,14.4,11:13:25,2,8,207.92
2026-08-20,Humira,12.2,11:13:55,2,8,207.94
2026-08-20,Humira,6.28,11:14:25,2,8,0.0
2026-08-20,Humira,11.22,11:14:55,2,8,207.96
2026-08-20,Humira,10.06,11:15:25,2,8,207.97
2026-08-20,Humira,11.91,11:15:55,2,8,207.98
2026-08-20,Humira,9.77,11:16:25,2,8,207.99
2026-08-20,Humira,12.9,11:16:55,2,8,208.0
2026-08-20,Humira,12.77,11:17:25,2,8,208.01
2026-08-20,Humira,14.58,11:17:55,2,8,208.02
2026-08-20,Humira,11.7,11:18:25,2,8,208.03
2026-08-20,Humira,17.42,11:18:55,2,8,208.04
2026-08-20,Humira,4.57,11:19:25,2,8,0.0
2026-08-20,Humira,2.91,11:19:55,2,8,0.0
2026-08-20,Humira,9.26,11:20:25,2,8,208.08
2026-08-20,Humira,10.95,11:20:55,2,8,208.09
2026-08-20,Humira,11.58,11:21:25,2,8,208.1
2026-08-20,Humira,13.69,11:21:55,2,8,208.11
2026-08-20,Humira,13.45,11:22:25,2,8,208.12
2026-08-20,Humira,13.03,11:22:55,2,8,208.13
2026-08-20,Humira,16.96,11:23:25,2,8,208.14
2026-08-20,Humira,11.53,11:23:55,2,8,208.15
2026-08-20,Humira,9.46,11:24:25,2,8,208.16
2026-08-20,Humira,3.68,11:24:55,2,8,0.0
2026-08-20,Humira,17.53,11:25:25,2,8,208.18
2026-08-20,Humira,12.49,11:25:55,2,8,208.2
2026-08-20,Humira,4.49,11:26:25,2,8,0.0
2026-08-20,Humira,13.0,11:26:55,2,8,208.22
2026-08-20,Humira,12.53,11:27:25,2,8,208.23
2026-08-20,Humira,17.73,11:27:55,2,8,208.24
2026-08-20,Humira,16.7,11:28:25,2,8,208.25
2026-08-20,Humira,17.59,11:28:55,2,8,208.26
2026-08-20,Humira,14.97,11:29:25,2,8,208.27
2026-08-20,Humira,16.34,11:29:55,2,8,208.28
2026-08-20,Humira,4.98,11:30:25,2,8,0.0
2026-08-20,Humira,9.33,11:30:55,2,8,208.3
2026-08-20,Humira,15.91,11:31:25,2,8,208.31
2026-08-20,Humira,12.52,11:31:55,2,8,208.33
2026-08-20,Humira,11.99,11:32:25,2,8,208.34
2026-08-20,Humira,9.26,11:32:55,2,8,208.35
2026-08-20,Humira,6.14,11:33:25,2,8,0.0
2026-08-20,Humira,16.71,11:33:55,2,8,208.37
2026-08-20,Humira,13.79,11:34:25,2,8,208.38
2026-08-20,Humira,16.55,11:34:55,2,8,208.39
2026-08-20,Humira,16.0,11:35:25,2,8,208.4
2026-08-20,Humira,16.75,11:35:55,2,8,208.41
2026-08-20,Humira,12.25,11:36:25,2,8,208.42
2026-08-20,Humira,11.35,11:36:55,2,8,208.43
2026-08-20,Humira,9.21,11:37:25,2,8,208.44
2026-08-20,Humira,2.11,11:37:55,2,8,0.0
2026-08-20,Humira,17.17,11:38:25,2,8,208.47
2026-08-20,Humira,7.63,11:38:55,2,8,0.0
2026-08-20,Humira,12.08,11:39:25,2,8,208.49
2026-08-20,Humira,9.6,11:39:55,2,8,208.5
2026-08-20,Humira,9.98,11:40:25,2,8,208.51
2026-08-20,Humira,7.95,11:40:55,2,8,0.0
2026-08-20,Humira,10.85,11:41:25,2,8,208.53
2026-08-20,Humira,4.93,11:41:55,2,8,0.0
2026-08-20,Humira,14.23,11:42:25,2,8,208.55
2026-08-20,Humira,14.16,11:42:55,2,8,208.56
2026-08-20,Humira,7.55,11:43:25,2,8,0.0
2026-08-20,Humira,3.03,11:43:55,2,8,0.0
2026-08-20,Humira,9.78,11:44:25,2,8,208.6
2026-08-20,Humira,13.02,11:44:55,2,8,208.61
2026-08-20,Humira,7.98,11:45:25,2,8,0.0
2026-08-20,Humira,14.17,11:45:55,2,8,208.63
2026-08-20,Humira,10.42,11:46:25,2,8,208.64
2026-08-20,Humira,17.42,11:46:55,2,8,208.65
2026-08-20,Humira,14.86,11:47:25,2,8,208.66
2026-08-20,Humira,11.32,11:47:55,2,8,208.67
2026-08-20,Humira,10.97,11:48:25,2,8,208.68
2026-08-20,Humira,4.07,11:48:55,2,8,0.0
2026-08-20,Humira,17.04,11:49:25,2,8,208.7
2026-08-20,Humira,14.32,11:49:55,2,8,208.72
2026-08-20,Humira,15.78,11:50:25,2,8,208.73
2026-08-20,Humira,17.85,11:50:55,2,8,208.74
2026-08-20,Humira,7.15,11:51:25,2,8,0.0
2026-08-20,Humira,5.98,11:51:55,2,8,0.0
2026-08-20,Humira,10.46,11:52:25,2,8,208.77
2026-08-20,Humira,13.62,11:52:55,2,8,208.78
2026-08-20,Humira,10.43,11:53:25,2,8,208.79
2026-08-20,Humira,5.06,11:53:55,2,8,0.0
2026-08-20,Humira,10.38,11:54:25,2,8,208.81
2026-08-20,Humira,13.46,11:54:55,2,8,208.82
2026-08-20,Humira,9.46,11:55:25,2,8,208.83
2026-08-20,Humira,17.71,11:55:55,2,8,208.85
2026-08-20,Humira,5.0,11:56:25,2,8,0.0
2026-08-20,Humira,9.74,11:56:55,2,8,208.87
2026-08-20,Humira,16.94,11:57:25,2,8,208.88
2026-08-20,Humira,10.21,11:57:55,2,8,208.89
2026-08-20,Humira,6.25,11:58:25,2,8,0.0
2026-08-20,Humira,14.84,11:58:55,2,8,208.91
2026-08-20,Humira,14.81,11:59:25,2,8,208.92
2026-08-20,Humira,5.86,11:59:55,2,8,0.0
2026-08-20,Humira,16.39,12:00:25,2,8,208.94
2026-08-20,Humira,12.6,12:00:55,2,8,208.95
2026-08-20,Humira,3.96,12:01:25,2,8,0.0
2026-08-20,Humira,15.15,12:01:55,2,8,208.97
2026-08-20,Humira,16.05,12:02:25,2,8,208.99
2026-08-20,Humira,14.28,12:02:55,2,8,209.0
2026-08-20,Humira,6.08,12:03:25,2,8,0.0
2026-08-20,Humira,11.62,12:03:55,2,8,209.02
2026-08-20,Humira,17.73,12:04:25,2,8,209.03
2026-08-20,Humira,9.44,12:04:55,2,8,209.04
2026-08-20,Humira,14.07,12:05:25,2,8,209.05
2026-08-20,Humira,2.88,12:05:55,2,8,0.0
2026-08-20,Humira,17.79,12:06:25,2,8,209.07
2026-08-20,Humira,14.32,12:06:55,2,8,209.08
2026-08-20,Humira,5.59,12:07:25,2,8,0.0
2026-08-20,Humira,12.17,12:07:55,2,8,209.1
2026-08-20,Humira,4.78,12:08:25,2,8,0.0
2026-08-20,Humira,3.37,12:08:55,2,8,0.0
2026-08-20,Humira,17.66,12:09:25,2,8,209.14
2026-08-20,Humira,14.31,12:09:55,2,8,209.15
2026-08-20,Humira,10.71,12:10:25,2,8,209.16
2026-08-20,Humira,7.86,12:10:55,2,8,0.0
2026-08-20,Humira,14.08,12:11:25,2,8,209.18
2026-08-20,Humira,11.68,12:11:55,2,8,209.19
2026-08-20,Humira,13.41,12:12:25,2,8,209.2
2026-08-20,Humira,9.82,12:12:55,2,8,209.21
2026-08-20,Humira,11.85,12:13:25,2,8,209.22
2026-08-20,Humira,3.34,12:13:55,2,8,0.0
2026-08-20,Humira,12.1,12:14:25,2,8,209.25
2026-08-20,Humira,6.75,12:14:55,2,8,0.0
2026-08-20,Humira,12.69,12:15:25,2,8,209.27
2026-08-20,Humira,6.05,12:15:55,2,8,0.0
2026-08-20,Humira,14.95,12:16:25,2,8,209.29
2026-08-20,Humira,15.48,12:16:55,2,8,209.3
2026-08-20,Humira,12.02,12:17:25,2,8,209.31
2026-08-20,Humira,9.18,12:17:55,2,8,209.32
2026-08-20,Humira,10.76,12:18:25,2,8,209.33
2026-08-20,Humira,10.7,12:18:55,2,8,209.34
2026-08-20,Humira,16.26,12:19:25,2,8,209.35
2026-08-20,Humira,10.53,12:19:55,2,8,209.37
2026-08-20,Humira,10.15,12:20:25,2,8,209.38
2026-08-20,Humira,14.14,12:20:55,2,8,209.39
2026-08-20,Humira,13.46,12:21:25,2,8,209.4
2026-08-20,Humira,3.72,12:21:55,2,8,0.0
2026-08-20,Humira,6.84,12:22:25,2,8,0.0
2026-08-20,Humira,14.99,12:22:55,2,8,209.43
2026-08-20,Humira,16.16,12:23:25,2,8,209.44
2026-08-20,Humira,12.48,12:23:55,2,8,209.45
2026-08-20,Humira,16.29,12:24:25,2,8,209.46
2026-08-20,Humira,15.46,12:24:55,2,8,209.47
2026-08-20,Humira,2.44,12:25:25,2,8,0.0
2026-08-20,Humira,6.83,12:25:55,2,8,0.0
2026-08-20,Humira,12.53,12:26:25,2,8,209.51
2026-08-20,Humira,4.66,12:26:55,2,8,0.0
2026-08-20,Humira,10.62,12:27:25,2,8,209.53
2026-08-20,Humira,4.11,12:27:55,2,8,0.0
2026-08-20,Humira,11.84,12:28:25,2,8,209.55
2026-08-20,Humira,5.53,12:28:55,2,8,0.0
2026-08-20,Humira,17.74,12:29:25,2,8,209.57
2026-08-20,Humira,10.48,12:29:55,2,8,209.58
2026-08-20,Humira,9.94,12:30:25,2,8,209.59
2026-08-20,Humira,10.18,12:30:55,2,8,209.6
2026-08-20,Humira,9.18,12:31:25,2,8,209.61
2026-08-20,Humira,15.09,12:31:55,2,8,209.62
2026-08-20,Humira,9.88,12:32:25,2,8,209.64
2026-08-20,Humira,12.28,12:32:55,2,8,209.65
2026-08-20,Humira,5.78,12:33:25,2,8,0.0
2026-08-20,Humira,13.68,12:33:55,2,8,209.67
2026-08-20,Humira,13.81,12:34:25,2,8,209.68
2026-08-20,Humira,14.03,12:34:55,2,8,209.69
2026-08-20,Humira,15.62,12:35:25,2,8,209.7
2026-08-20,Humira,13.98,12:35:55,2,8,209.71
2026-08-20,Humira,7.05,12:36:25,2,8,0.0
2026-08-20,Humira,10.71,12:36:55,2,8,209.73
2026-08-20,Humira,13.89,12:37:25,2,8,209.74
2026-08-20,Humira,5.83,12:37:55,2,8,0.0
2026-08-20,Humira,10.6,12:38:25,2,8,209.77
2026-08-20,Humira,13.51,12:38:55,2,8,209.78
2026-08-20,Humira,10.79,12:39:25,2,8,209.79
2026-08-20,Humira,13.78,12:39:55,2,8,209.8
2026-08-20,Humira,2.38,12:40:25,2,8,0.0
2026-08-20,Humira,13.73,12:40:55,2,8,209.82
2026-08-20,Humira,17.42,12:41:25,2,8,209.83
2026-08-20,Humira,10.58,12:41:55,2,8,209.84
2026-08-20,Humira,15.88,12:42:25,2,8,209.85
2026-08-20,Humira,11.7,12:42:55,2,8,209.86
2026-08-20,Humira,6.13,12:43:25,2,8,0.0
2026-08-20,Humira,16.45,12:43:55,2,8,209.88
2026-08-20,Humira,16.3,12:44:25,2,8,209.9
2026-08-20,Humira,15.52,12:44:55,2,8,209.91
2026-08-20,Humira,5.55,12:45:25,2,8,0.0
2026-08-20,Humira,13.55,12:45:55,2,8,209.93
2026-08-20,Humira,12.64,12:46:25,2,8,209.94
2026-08-20,Humira,13.67,12:46:55,2,8,209.95
2026-08-20,Humira,3.16,12:47:25,2,8,0.0
2026-08-20,Humira,9.6,12:47:55,2,8,209.97
2026-08-20,Humira,13.86,12:48:25,2,8,209.98
2026-08-20,Humira,15.21,12:48:55,2,8,209.99
2026-08-20,Humira,10.94,12:49:25,2,8,210.0
2026-08-20,Humira,15.3,12:49:55,2,8,210.02
2026-08-20,Humira,13.74,12:50:25,2,8,210.03
2026-08-20,Humira,16.47,12:50:55,2,8,210.04
2026-08-20,Humira,4.72,12:51:25,2,8,0.0
2026-08-20,Humira,16.12,12:51:55,2,8,210.06
2026-08-20,Humira,2.25,12:52:25,2,8,0.0
2026-08-20,Humira,6.44,12:52:55,2,8,0.0
2026-08-20,Humira,11.98,12:53:25,2,8,210.09
2026-08-20,Humira,14.12,12:53:55,2,8,210.1
2026-08-20,Humira,16.04,12:54:25,2,8,210.11
2026-08-20,Humira,5.15,12:54:55,2,8,0.0
2026-08-20,Humira,11.33,12:55:25,2,8,210.13
2026-08-20,Humira,11.13,12:55:55,2,8,210.15
2026-08-20,Humira,10.23,12:56:25,2,8,210.16
2026-08-20,Humira,17.47,12:56:55,2,8,210.17
2026-08-20,Humira,15.02,12:57:25,2,8,210.18
2026-08-20,Humira,15.79,12:57:55,2,8,210.19
2026-08-20,Humira,6.31,12:58:25,2,8,0.0
2026-08-20,Humira,11.3,12:58:55,2,8,210.21
2026-08-20,Humira,7.27,12:59:25,2,8,0.0
2026-08-20,Humira,9.02,12:59:55,2,8,210.23
2026-08-20,Humira,14.04,13:00:25,2,8,210.24
2026-08-20,Humira,14.79,13:00:55,2,8,210.25
2026-08-20,Humira,10.81,13:01:25,2,8,210.26
2026-08-20,Humira,15.69,13:01:55,2,8,210.28
2026-08-20,Humira,9.86,13:02:25,2,8,210.29
2026-08-20,Humira,7.71,13:02:55,2,8,0.0
2026-08-20,Humira,13.73,13:03:25,2,8,210.31
2026-08-20,Humira,10.77,13:03:55,2,8,210.32
2026-08-20,Humira,13.66,13:04:25,2,8,210.33
2026-08-20,Humira,2.17,13:04:55,2,8,0.0
2026-08-20,Humira,7.58,13:05:25,2,8,0.0
2026-08-20,Humira,7.2,13:05:55,2,8,0.0
2026-08-20,Humira,13.06,13:06:25,2,8,210.37
2026-08-20,Humira,14.02,13:06:55,2,8,210.38
2026-08-20,Humira,9.33,13:07:25,2,8,210.39
2026-08-20,Humira,16.27,13:07:55,2,8,210.41
2026-08-20,Humira,16.41,13:08:25,2,8,210.42
2026-08-20,Humira,9.93,13:08:55,2,8,210.43
2026-08-20,Humira,15.01,13:09:25,2,8,210.44
2026-08-20,Humira,11.19,13:09:55,2,8,210.45
2026-08-20,Humira,10.99,13:10:25,2,8,210.46
2026-08-20,Humira,17.89,13:10:55,2,8,210.47
2026-08-20,Humira,15.57,13:11:25,2,8,210.48
2026-08-20,Humira,13.5,13:11:55,2,8,210.49
2026-08-20,Humira,12.96,13:12:25,2,8,210.5
2026-08-20,Humira,11.41,13:12:55,2,8,210.51
2026-08-20,Humira,9.81,13:13:25,2,8,210.52
2026-08-20,Humira,11.76,13:13:55,2,8,210.53
2026-08-20,Humira,16.63,13:14:25,2,8,210.55
2026-08-20,Humira,16.25,13:14:55,2,8,210.56
2026-08-20,Humira,16.57,13:15:25,2,8,210.57
2026-08-20,Humira,3.99,13:15:55,2,8,0.0
2026-08-20,Humira,14.65,13:16:25,2,8,210.59
2026-08-20,Humira,10.12,13:16:55,2,8,210.6
2026-08-20,Humira,12.71,13:17:25,2,8,210.61
2026-08-20,Humira,11.46,13:17:55,2,8,210.62
2026-08-20,Humira,16.25,13:18:25,2,8,210.63
2026-08-20,Humira,13.71,13:18:55,2,8,210.64
2026-08-20,Humira,13.42,13:19:25,2,8,210.65
2026-08-20,Humira,3.17,13:19:55,2,8,0.0
2026-08-20,Humira,15.05,13:20:25,2,8,210.68
2026-08-20,Humira,13.53,13:20:55,2,8,210.69
2026-08-20,Humira,10.97,13:21:25,2,8,210.7
2026-08-20,Humira,6.69,13:21:55,2,8,0.0
2026-08-20,Humira,12.07,13:22:25,2,8,210.72
2026-08-20,Humira,12.87,13:22:55,2,8,210.73
2026-08-20,Humira,10.13,13:23:25,2,8,210.74
2026-08-20,Humira,9.13,13:23:55,2,8,210.75
2026-08-20,Humira,14.65,13:24:25,2,8,210.76
2026-08-20,Humira,15.04,13:24:55,2,8,210.77
2026-08-20,Humira,15.1,13:25:25,2,8,210.78
2026-08-20,Humira,15.59,13:25:55,2,8,210.8
2026-08-20,Humira,14.23,13:26:25,2,8,210.81
2026-08-20,Humira,17.5,13:26:55,2,8,210.82
2026-08-20,Humira,17.04,13:27:25,2,8,210.83
2026-08-20,Humira,15.73,13:27:55,2,8,210.84
2026-08-20,Humira,16.29,13:28:25,2,8,210.85
2026-08-20,Humira,12.53,13:28:55,2,8,210.86
2026-08-20,Humira,15.21,13:29:25,2,8,210.87
2026-08-20,Humira,15.0,13:29:55,2,8,210.88
2026-08-20,Humira,14.55,13:30:25,2,8,210.89
2026-08-20,Humira,10.69,13:30:55,2,8,210.9
2026-08-20,Humira,6.43,13:31:25,2,8,0.0
2026-08-20,Humira,12.57,13:31:55,2,8,210.93
2026-08-20,Humira,12.44,13:32:25,2,8,210.94
2026-08-20,Humira,10.65,13:32:55,2,8,210.95
2026-08-20,Humira,15.31,13:33:25,2,8,210.96
2026-08-20,Humira,17.41,13:33:55,2,8,210.97
2026-08-20,Humira,4.04,13:34:25,2,8,0.0
2026-08-20,Humira,10.07,13:34:55,2,8,210.99
2026-08-20,Humira,13.84,13:35:25,2,8,211.0
2026-08-20,Humira,13.33,13:35:55,2,8,211.01
2026-08-20,Humira,15.48,13:36:25,2,8,211.02
2026-08-20,Humira,17.53,13:36:55,2,8,211.03
2026-08-20,Humira,6.65,13:37:25,2,8,0.0
2026-08-20,Humira,13.34,13:37:55,2,8,211.06
2026-08-20,Humira,11.9,13:38:25,2,8,211.07
2026-08-20,Humira,13.76,13:38:55,2,8,211.08
2026-08-20,Humira,13.82,13:39:25,2,8,211.09
2026-08-20,Humira,13.74,13:39:55,2,8,211.1
2026-08-20,Humira,13.4,13:40:25,2,8,211.11
2026-08-20,Humira,11.57,13:40:55,2,8,211.12
2026-08-20,Humira,16.31,13:41:25,2,8,211.13
2026-08-20,Humira,13.12,13:41:55,2,8,211.14
2026-08-20,Humira,12.0,13:42:25,2,8,211.15
2026-08-20,Humira,15.98,13:42:55,2,8,211.16
2026-08-20,Humira,10.03,13:43:25,2,8,211.17
2026-08-20,Humira,15.1,13:43:55,2,8,211.19
2026-08-20,Humira,10.18,13:44:25,2,8,211.2
2026-08-20,Humira,5.75,13:44:55,2,8,0.0
2026-08-20,Humira,17.69,13:45:25,2,8,211.22
2026-08-20,Humira,17.86,13:45:55,2,8,211.23
2026-08-20,Humira,7.6,13:46:25,2,8,0.0
2026-08-20,Humira,10.01,13:46:55,2,8,211.25
2026-08-20,Humira,10.32,13:47:25,2,8,211.26
2026-08-20,Humira,16.78,13:47:55,2,8,211.27
2026-08-20,Humira,16.58,13:48:25,2,8,211.28
2026-08-20,Humira,2.53,13:48:55,2,8,0.0
2026-08-20,Humira,10.08,13:49:25,2,8,211.3
2026-08-20,Humira,4.08,13:49:55,2,8,0.0
2026-08-20,Humira,16.44,13:50:25,2,8,211.33
2026-08-20,Humira,10.11,13:50:55,2,8,211.34
2026-08-20,Humira,12.6,13:51:25,2,8,211.35
2026-08-20,Humira,10.82,13:51:55,2,8,211.36
2026-08-20,Humira,16.88,13:52:25,2,8,211.37
2026-08-20,Humira,13.4,13:52:55,2,8,211.38
2026-08-20,Humira,3.2,13:53:25,2,8,0.0
2026-08-20,Humira,16.98,13:53:55,2,8,211.4
2026-08-20,Humira,12.73,13:54:25,2,8,211.41
2026-08-20,Humira,12.34,13:54:55,2,8,211.42
2026-08-20,Humira,15.76,13:55:25,2,8,211.43
2026-08-20,Humira,12.54,13:55:55,2,8,211.45
2026-08-20,Humira,4.55,13:56:25,2,8,0.0
2026-08-20,Humira,12.26,13:56:55,2,8,211.47
2026-08-20,Humira,15.59,13:57:25,2,8,211.48
2026-08-20,Humira,12.44,13:57:55,2,8,211.49
2026-08-20,Humira,17.88,13:58:25,2,8,211.5
2026-08-20,Humira,10.48,13:58:55,2,8,211.51
2026-08-20,Humira,7.75,13:59:25,2,8,0.0
2026-08-20,Humira,7.73,13:59:55,2,8,0.0
2026-08-20,Humira,6.41,14:00:25,2,8,0.0
2026-08-20,Humira,4.31,14:00:55,2,8,0.0
2026-08-20,Humira,7.02,14:01:25,2,8,0.0
2026-08-20,Humira,10.61,14:01:55,2,8,211.58
2026-08-20,Humira,15.66,14:02:25,2,8,211.59
2026-08-20,Humira,6.74,14:02:55,2,8,0.0
2026-08-20,Humira,16.15,14:03:25,2,8,211.61
2026-08-20,Humira,10.2,14:03:55,2,8,211.62
2026-08-20,Humira,6.53,14:04:25,2,8,0.0
2026-08-20,Humira,11.67,14:04:55,2,8,211.64
2026-08-20,Humira,4.3,14:05:25,2,8,0.0
2026-08-20,Humira,4.09,14:05:55,2,8,0.0
2026-08-20,Humira,7.74,14:06:25,2,8,0.0
2026-08-20,Humira,6.48,14:06:55,2,8,0.0
2026-08-20,Humira,15.02,14:07:25,2,8,211.69
2026-08-20,Humira,15.69,14:07:55,2,8,211.71
2026-08-20,Humira,10.85,14:08:25,2,8,211.72
2026-08-20,Humira,12.23,14:08:55,2,8,211.73
2026-08-20,Humira,9.78,14:09:25,2,8,211.74
2026-08-20,Humira,13.58,14:09:55,2,8,211.75
2026-08-20,Humira,17.57,14:10:25,2,8,211.76
2026-08-20,Humira,16.74,14:10:55,2,8,211.77
2026-08-20,Humira,12.27,14:11:25,2,8,211.78
2026-08-20,Humira,13.75,14:11:55,2,8,211.79
2026-08-20,Humira,15.61,14:12:25,2,8,211.8
2026-08-20,Humira,6.49,14:12:55,2,8,0.0
2026-08-20,Humira,17.2,14:13:25,2,8,211.82
2026-08-20,Humira,14.0,14:13:55,2,8,211.83
2026-08-20,Humira,15.94,14:14:25,2,8,211.85
2026-08-20,Humira,10.35,14:14:55,2,8,211.86
2026-08-20,Humira,14.05,14:15:25,2,8,211.87
2026-08-20,Humira,2.93,14:15:55,2,8,0.0
2026-08-20,Humira,16.11,14:16:25,2,8,211.89
2026-08-20,Humira,12.55,14:16:55,2,8,211.9
2026-08-20,Humira,7.86,14:17:25,2,8,0.0
2026-08-20,Humira,13.4,14:17:55,2,8,211.92
2026-08-20,Humira,16.16,14:18:25,2,8,211.93
2026-08-20,Humira,15.17,14:18:55,2,8,211.94
2026-08-20,Humira,14.82,14:19:25,2,8,211.95
2026-08-20,Humira,9.3,14:19:55,2,8,211.97
2026-08-20,Humira,17.72,14:20:25,2,8,211.98
2026-08-20,Humira,17.82,14:20:55,2,8,211.99
2026-08-20,Humira,7.88,14:21:25,2,8,0.0
2026-08-20,Humira,4.04,14:21:55,2,8,0.0
2026-08-20,Humira,7.86,14:22:25,2,8,0.0
2026-08-20,Humira,17.38,14:22:55,2,8,212.03
2026-08-20,Humira,13.89,14:23:25,2,8,212.04
2026-08-20,Humira,9.37,14:23:55,2,8,212.05
2026-08-20,Humira,14.08,14:24:25,2,8,212.06
2026-08-20,Humira,10.74,14:24:55,2,8,212.07
2026-08-20,Humira,14.36,14:25:25,2,8,212.08
2026-08-20,Humira,13.43,14:25:55,2,8,212.1
2026-08-20,Humira,16.34,14:26:25,2,8,212.11
2026-08-20,Humira,15.38,14:26:55,2,8,212.12
2026-08-20,Humira,14.31,14:27:25,2,8,212.13
2026-08-20,Humira,17.36,14:27:55,2,8,212.14
2026-08-20,Humira,17.5,14:28:25,2,8,212.15
2026-08-20,Humira,11.78,14:28:55,2,8,212.16
2026-08-20,Humira,11.73,14:29:25,2,8,212.17
2026-08-20,Humira,16.56,14:29:55,2,8,212.18
2026-08-20,Humira,16.86,14:30:25,2,8,212.19
2026-08-20,Humira,2.43,14:30:55,2,8,0.0
2026-08-20,Humira,4.12,14:31:25,2,8,0.0
2026-08-20,Humira,12.73,14:31:55,2,8,212.22
2026-08-20,Humira,16.99,14:32:25,2,8,212.24
2026-08-20,Humira,4.6,14:32:55,2,8,0.0
2026-08-20,Humira,17.19,14:33:25,2,8,212.26
2026-08-20,Humira,7.81,14:33:55,2,8,0.0
2026-08-20,Humira,14.75,14:34:25,2,8,212.28
2026-08-20,Humira,12.83,14:34:55,2,8,212.29
2026-08-20,Humira,3.5,14:35:25,2,8,0.0
2026-08-20,Humira,7.85,14:35:55,2,8,0.0
2026-08-20,Humira,13.32,14:36:25,2,8,212.32
2026-08-20,Humira,10.35,14:36:55,2,8,212.33
2026-08-20,Humira,7.4,14:37:25,2,8,0.0
2026-08-20,Humira,14.04,14:37:55,2,8,212.35
2026-08-20,Humira,11.02,14:38:25,2,8,212.37
2026-08-20,Humira,13.11,14:38:55,2,8,212.38
2026-08-20,Humira,10.85,14:39:25,2,8,212.39
2026-08-20,Humira,16.81,14:39:55,2,8,212.4
2026-08-20,Humira,12.16,14:40:25,2,8,212.41
2026-08-20,Humira,10.05,14:40:55,2,8,212.42
2026-08-20,Humira,12.77,14:41:25,2,8,212.43
2026-08-20,Humira,12.17,14:41:55,2,8,212.44
2026-08-20,Humira,11.54,14:42:25,2,8,212.45
2026-08-20,Humira,9.11,14:42:55,2,8,212.46
2026-08-20,Humira,15.64,14:43:25,2,8,212.47
2026-08-20,Humira,5.14,14:43:55,2,8,0.0
2026-08-20,Humira,4.75,14:44:25,2,8,0.0
2026-08-20,Humira,9.57,14:44:55,2,8,212.51
2026-08-20,Humira,16.01,14:45:25,2,8,212.52
2026-08-20,Humira,12.95,14:45:55,2,8,212.53
2026-08-20,Humira,7.85,14:46:25,2,8,0.0
2026-08-20,Humira,14.67,14:46:55,2,8,212.55
2026-08-20,Humira,9.69,14:47:25,2,8,212.56
2026-08-20,Humira,16.73,14:47:55,2,8,212.57
2026-08-20,Humira,5.94,14:48:25,2,8,0.0
2026-08-20,Humira,13.78,14:48:55,2,8,212.59
2026-08-20,Humira,9.77,14:49:25,2,8,212.6
2026-08-20,Humira,7.42,14:49:55,2,8,0.0
2026-08-20,Humira,13.55,14:50:25,2,8,212.63
2026-08-20,Humira,11.09,14:50:55,2,8,212.64
2026-08-20,Humira,16.28,14:51:25,2,8,212.65
2026-08-20,Humira,10.23,14:51:55,2,8,212.66
2026-08-20,Humira,6.33,14:52:25,2,8,0.0
2026-08-20,Humira,14.16,14:52:55,2,8,212.68
2026-08-20,Humira,11.09,14:53:25,2,8,212.69
2026-08-20,Humira,3.95,14:53:55,2,8,0.0
2026-08-20,Humira,9.5,14:54:25,2,8,212.71
2026-08-20,Humira,15.44,14:54:55,2,8,212.72
2026-08-20,Humira,7.71,14:55:25,2,8,0.0
2026-08-20,Humira,16.56,14:55:55,2,8,212.75
2026-08-20,Humira,12.84,14:56:25,2,8,212.76
2026-08-20,Humira,13.76,14:56:55,2,8,212.77
2026-08-20,Humira,15.46,14:57:25,2,8,212.78
2026-08-20,Humira,10.6,14:57:55,2,8,212.79
2026-08-20,Humira,3.15,14:58:25,2,8,0.0
2026-08-20,Humira,12.47,14:58:55,2,8,212.81
2026-08-20,Humira,10.1,14:59:25,2,8,212.82
2026-08-20,Humira,10.88,14:59:55,2,8,212.83
2026-08-20,Humira,12.31,15:00:25,2,8,212.84
2026-08-20,Humira,9.59,15:00:55,2,8,212.85
2026-08-20,Humira,17.56,15:01:25,2,8,212.86
2026-08-20,Humira,11.71,15:01:55,2,8,212.88
2026-08-20,Humira,11.57,15:02:25,2,8,212.89
2026-08-20,Humira,17.21,15:02:55,2,8,212.9
2026-08-20,Humira,16.82,15:03:25,2,8,212.91
2026-08-20,Humira,17.51,15:03:55,2,8,212.92
2026-08-20,Humira,10.71,15:04:25,2,8,212.93
2026-08-20,Humira,16.84,15:04:55,2,8,212.94
2026-08-20,Humira,6.04,15:05:25,2,8,0.0
2026-08-20,Humira,15.44,15:05:55,2,8,212.96
2026-08-20,Humira,17.19,15:06:25,2,8,212.97
2026-08-20,Humira,16.73,15:06:55,2,8,212.98
2026-08-20,Humira,4.1,15:07:25,2,8,0.0
2026-08-20,Humira,10.12,15:07:55,2,8,213.0
2026-08-20,Humira,11.7,15:08:25,2,8,213.02
2026-08-20,Humira,14.27,15:08:55,2,8,213.03
2026-08-20,Humira,15.51,15:09:25,2,8,213.04
2026-08-20,Humira,14.05,15:09:55,2,8,213.05
2026-08-20,Humira,13.22,15:10:25,2,8,213.06
2026-08-20,Humira,4.85,15:10:55,2,8,0.0
2026-08-20,Humira,15.99,15:11:25,2,8,213.08
2026-08-20,Humira,14.45,15:11:55,2,8,213.09
2026-08-20,Humira,15.27,15:12:25,2,8,213.1
2026-08-20,Humira,13.38,15:12:55,2,8,213.11
2026-08-20,Humira,11.33,15:13:25,2,8,213.12
2026-08-20,Humira,5.13,15:13:55,2,8,0.0
2026-08-20,Humira,13.5,15:14:25,2,8,213.15
2026-08-20,Humira,9.82,15:14:55,2,8,213.16
2026-08-20,Humira,11.07,15:15:25,2,8,213.17
2026-08-20,Humira,4.26,15:15:55,2,8,0.0
2026-08-20,Humira,9.68,15:16:25,2,8,213.19
2026-08-20,Humira,4.15,15:16:55,2,8,0.0
2026-08-20,Humira,2.96,15:17:25,2,8,0.0
2026-08-20,Humira,10.02,15:17:55,2,8,213.22
2026-08-20,Humira,13.21,15:18:25,2,8,213.23
2026-08-20,Humira,9.27,15:18:55,2,8,213.24
2026-08-20,Humira,14.32,15:19:25,2,8,213.25
2026-08-20,Humira,14.81,15:19:55,2,8,213.27
2026-08-20,Humira,15.12,15:20:25,2,8,213.28
2026-08-20,Humira,10.47,15:20:55,2,8,213.29
2026-08-20,Humira,17.22,15:21:25,2,8,213.3
2026-08-20,Humira,17.32,15:21:55,2,8,213.31
2026-08-20,Humira,9.95,15:22:25,2,8,213.32
2026-08-20,Humira,5.21,15:22:55,2,8,0.0
2026-08-20,Humira,9.37,15:23:25,2,8,213.34
2026-08-20,Humira,13.39,15:23:55,2,8,213.35
2026-08-20,Humira,17.86,15:24:25,2,8,213.36
2026-08-20,Humira,14.6,15:24:55,2,8,213.37
2026-08-20,Humira,12.79,15:25:25,2,8,213.38
2026-08-20,Humira,14.75,15:25:55,2,8,213.4
2026-08-20,Humira,9.69,15:26:25,2,8,213.41
2026-08-20,Humira,15.11,15:26:55,2,8,213.42
2026-08-20,Humira,14.6,15:27:25,2,8,213.43
2026-08-20,Humira,2.42,15:27:55,2,8,0.0
2026-08-20,Humira,5.86,15:28:25,2,8,0.0
2026-08-20,Humira,16.72,15:28:55,2,8,213.46
2026-08-20,Humira,12.34,15:29:25,2,8,213.47
2026-08-20,Humira,6.53,15:29:55,2,8,0.0
2026-08-20,Humira,13.23,15:30:25,2,8,213.49
2026-08-20,Humira,10.69,15:30:55,2,8,213.5
2026-08-20,Humira,10.4,15:31:25,2,8,213.51
2026-08-20,Humira,15.45,15:31:55,2,8,213.53
2026-08-20,Humira,17.54,15:32:25,2,8,213.54
2026-08-20,Humira,12.25,15:32:55,2,8,213.55
2026-08-20,Humira,12.58,15:33:25,2,8,213.56
2026-08-20,Humira,7.09,15:33:55,2,8,0.0
2026-08-20,Humira,15.29,15:34:25,2,8,213.58
2026-08-20,Humira,13.19,15:34:55,2,8,213.59
2026-08-20,Humira,17.32,15:35:25,2,8,213.6
2026-08-20,Humira,12.43,15:35:55,2,8,213.61
2026-08-20,Humira,17.33,15:36:25,2,8,213.62
2026-08-20,Humira,14.46,15:36:55,2,8,213.63
2026-08-20,Humira,9.83,15:37:25,2,8,213.64
2026-08-20,Humira,17.18,15:37:55,2,8,213.66
2026-08-20,Humira,13.11,15:38:25,2,8,213.67
2026-08-20,Humira,11.34,15:38:55,2,8,213.68
2026-08-20,Humira,10.35,15:39:25,2,8,213.69
2026-08-20,Humira,10.73,15:39:55,2,8,213.7
2026-08-20,Humira,10.05,15:40:25,2,8,213.71
2026-08-20,Humira,7.16,15:40:55,2,8,0.0
2026-08-20,Humira,13.93,15:41:25,2,8,213.73
2026-08-20,Humira,12.71,15:41:55,2,8,213.74
2026-08-20,Humira,4.66,15:42:25,2,8,0.0
2026-08-20,Humira,17.99,15:42:55,2,8,213.76
2026-08-20,Humira,3.05,15:43:25,2,8,0.0
2026-08-20,Humira,7.67,15:43:55,2,8,0.0
2026-08-20,Humira,11.81,15:44:25,2,8,213.8
2026-08-20,Humira,17.25,15:44:55,2,8,213.81
2026-08-20,Humira,14.07,15:45:25,2,8,213.82
2026-08-20,Humira,12.06,15:45:55,2,8,213.83
2026-08-20,Humira,11.5,15:46:25,2,8,213.84
2026-08-20,Humira,16.04,15:46:55,2,8,213.85
2026-08-20,Humira,6.17,15:47:25,2,8,0.0
2026-08-20,Humira,12.9,15:47:55,2,8,213.87
2026-08-20,Humira,14.59,15:48:25,2,8,213.88
2026-08-20,Humira,14.23,15:48:55,2,8,213.89
2026-08-20,Humira,17.41,15:49:25,2,8,213.9
2026-08-20,Humira,4.96,15:49:55,2,8,0.0
2026-08-20,Humira,10.37,15:50:25,2,8,213.93
2026-08-20,Humira,11.73,15:50:55,2,8,213.94
2026-08-20,Humira,11.73,15:51:25,2,8,213.95
2026-08-20,Humira,17.31,15:51:55,2,8,213.96
2026-08-20,Humira,16.21,15:52:25,2,8,213.97
2026-08-20,Humira,17.62,15:52:55,2,8,213.98
2026-08-20,Humira,16.87,15:53:25,2,8,213.99
2026-08-20,Humira,9.93,15:53:55,2,8,214.0
2026-08-20,Humira,2.81,15:54:25,2,8,0.0
2026-08-20,Humira,10.28,15:54:55,2,8,214.02
2026-08-20,Humira,9.82,15:55:25,2,8,214.03
2026-08-20,Humira,15.28,15:55:55,2,8,214.05
2026-08-20,Humira,6.91,15:56:25,2,8,0.0
2026-08-20,Humira,2.65,15:56:55,2,8,0.0
2026-08-20,Humira,17.15,15:57:25,2,8,214.08
2026-08-20,Humira,9.28,15:57:55,2,8,214.09
2026-08-20,Humira,3.23,15:58:25,2,8,0.0
2026-08-20,Humira,2.47,15:58:55,2,8,0.0
2026-08-20,Humira,10.29,15:59:25,2,8,214.12
2026-08-20,Humira,15.8,15:59:55,2,8,214.13
2026-08-20,Humira,6.64,16:00:25,2,8,0.0
2026-08-20,Humira,15.79,16:00:55,2,8,214.15
2026-08-20,Humira,17.89,16:01:25,2,8,214.16
2026-08-20,Humira,4.47,16:01:55,2,8,0.0
2026-08-20,Humira,6.3,16:02:25,2,8,0.0
2026-08-20,Humira,10.51,16:02:55,2,8,214.2
2026-08-20,Humira,10.07,16:03:25,2,8,214.21
2026-08-20,Humira,2.34,16:03:55,2,8,0.0
2026-08-20,Humira,9.47,16:04:25,2,8,214.23
2026-08-20,Humira,15.53,16:04:55,2,8,214.24
2026-08-20,Humira,5.09,16:05:25,2,8,0.0
2026-08-20,Humira,11.91,16:05:55,2,8,214.26
2026-08-20,Humira,17.02,16:06:25,2,8,214.27
2026-08-20,Humira,5.6,16:06:55,2,8,0.0
2026-08-20,Humira,12.23,16:07:25,2,8,214.29
2026-08-20,Humira,4.8,16:07:55,2,8,0.0
2026-08-20,Humira,3.12,16:08:25,2,8,0.0
2026-08-20,Humira,3.1,16:08:55,2,8,0.0
2026-08-20,Humira,9.87,16:09:25,2,8,214.34
2026-08-20,Humira,17.6,16:09:55,2,8,214.35
2026-08-20,Humira,16.5,16:10:25,2,8,214.36
2026-08-20,Humira,15.66,16:10:55,2,8,214.37
2026-08-20,Humira,10.2,16:11:25,2,8,214.38
2026-08-20,Humira,12.66,16:11:55,2,8,214.39
2026-08-20,Humira,7.5,16:12:25,2,8,0.0
2026-08-20,Humira,10.83,16:12:55,2,8,214.41
2026-08-20,Humira,11.21,16:13:25,2,8,214.42
2026-08-20,Humira,13.03,16:13:55,2,8,214.44
2026-08-20,Humira,16.82,16:14:25,2,8,214.45
2026-08-20,Humira,12.6,16:14:55,2,8,214.46
2026-08-20,Humira,11.9,16:15:25,2,8,214.47
2026-08-20,Humira,15.75,16:15:55,2,8,214.48
2026-08-20,Humira,11.48,16:16:25,2,8,214.49
2026-08-20,Humira,10.1,16:16:55,2,8,214.5
2026-08-20,Humira,14.69,16:17:25,2,8,214.51
2026-08-20,Humira,9.26,16:17:55,2,8,214.52
2026-08-20,Humira,11.71,16:18:25,2,8,214.53
2026-08-20,Humira,12.17,16:18:55,2,8,214.54
2026-08-20,Humira,11.73,16:19:25,2,8,214.55
2026-08-20,Humira,11.23,16:19:55,2,8,214.57
2026-08-20,Humira,17.13,16:20:25,2,8,214.58
2026-08-20,Humira,10.76,16:20:55,2,8,214.59
2026-08-20,Humira,9.28,16:21:25,2,8,214.6
2026-08-20,Humira,15.97,16:21:55,2,8,214.61
2026-08-20,Humira,7.64,16:22:25,2,8,0.0
2026-08-20,Humira,5.06,16:22:55,2,8,0.0
2026-08-20,Humira,10.62,16:23:25,2,8,214.64
2026-08-20,Humira,14.16,16:23:55,2,8,214.65
2026-08-20,Humira,11.04,16:24:25,2,8,214.66
2026-08-20,Humira,6.25,16:24:55,2,8,0.0
2026-08-20,Humira,10.82,16:25:25,2,8,214.68
2026-08-20,Humira,16.51,16:25:55,2,8,214.7
2026-08-20,Humira,16.51,16:26:25,2,8,214.71
2026-08-20,Humira,17.33,16:26:55,2,8,214.72
2026-08-20,Humira,15.71,16:27:25,2,8,214.73
2026-08-20,Humira,6.95,16:27:55,2,8,0.0
2026-08-20,Humira,10.26,16:28:25,2,8,214.75
2026-08-20,Humira,17.33,16:28:55,2,8,214.76
2026-08-20,Humira,2.45,16:29:25,2,8,0.0
2026-08-20,Humira,7.81,16:29:55,2,8,0.0
2026-08-20,Humira,11.93,16:30:25,2,8,214.79
2026-08-20,Humira,15.1,16:30:55,2,8,214.8
2026-08-20,Humira,3.13,16:31:25,2,8,0.0
2026-08-20,Humira,9.21,16:31:55,2,8,214.83
2026-08-20,Humira,17.89,16:32:25,2,8,214.84
2026-08-20,Humira,13.09,16:32:55,2,8,214.85
2026-08-20,Humira,13.6,16:33:25,2,8,214.86
2026-08-20,Humira,13.07,16:33:55,2,8,214.87
2026-08-20,Humira,16.48,16:34:25,2,8,214.88
2026-08-20,Humira,12.03,16:34:55,2,8,214.89
2026-08-20,Humira,9.87,16:35:25,2,8,214.9
2026-08-20,Humira,2.5,16:35:55,2,8,0.0
2026-08-20,Humira,9.5,16:36:25,2,8,214.92
2026-08-20,Humira,13.69,16:36:55,2,8,214.93
2026-08-20,Humira,17.68,16:37:25,2,8,214.94
2026-08-20,Humira,15.47,16:37:55,2,8,214.96
2026-08-20,Humira,11.17,16:38:25,2,8,214.97
2026-08-20,Humira,16.84,16:38:55,2,8,214.98
2026-08-20,Humira,10.15,16:39:25,2,8,214.99
2026-08-20,Humira,11.84,16:39:55,2,8,215.0
2026-08-20,Humira,9.32,16:40:25,2,8,215.01
2026-08-20,Humira,12.42,16:40:55,2,8,215.02
2026-08-20,Humira,12.62,16:41:25,2,8,215.03
2026-08-20,Humira,6.95,16:41:55,2,8,0.0
2026-08-20,Humira,16.85,16:42:25,2,8,215.05
2026-08-20,Humira,9.36,16:42:55,2,8,215.06
2026-08-20,Humira,12.27,16:43:25,2,8,215.07
2026-08-20,Humira,14.75,16:43:55,2,8,215.08
2026-08-20,Humira,13.34,16:44:25,2,8,215.1
2026-08-20,Humira,12.66,16:44:55,2,8,215.11
2026-08-20,Humira,14.83,16:45:25,2,8,215.12
2026-08-20,Humira,15.34,16:45:55,2,8,215.13
2026-08-20,Humira,16.6,16:46:25,2,8,215.14
2026-08-20,Humira,10.74,16:46:55,2,8,215.15
2026-08-20,Humira,9.08,16:47:25,2,8,215.16
2026-08-20,Humira,15.02,16:47:55,2,8,215.17
2026-08-20,Humira,11.58,16:48:25,2,8,215.18
2026-08-20,Humira,16.46,16:48:55,2,8,215.19
2026-08-20,Humira,11.23,16:49:25,2,8,215.2
2026-08-20,Humira,2.19,16:49:55,2,8,0.0
2026-08-20,Humira,17.61,16:50:25,2,8,215.23
2026-08-20,Humira,14.5,16:50:55,2,8,215.24
2026-08-20,Humira,5.72,16:51:25,2,8,0.0
2026-08-20,Humira,17.49,16:51:55,2,8,215.26
2026-08-20,Humira,10.21,16:52:25,2,8,215.27
2026-08-20,Humira,5.7,16:52:55,2,8,0.0
2026-08-20,Humira,13.82,16:53:25,2,8,215.29
2026-08-20,Humira,7.26,16:53:55,2,8,0.0
2026-08-20,Humira,2.65,16:54:25,2,8,0.0
2026-08-20,Humira,6.3,16:54:55,2,8,0.0
2026-08-20,Humira,13.62,16:55:25,2,8,215.33
2026-08-20,Humira,10.04,16:55:55,2,8,215.35
2026-08-20,Humira,16.21,16:56:25,2,8,215.36
2026-08-20,Humira,9.5,16:56:55,2,8,215.37
2026-08-20,Humira,14.27,16:57:25,2,8,215.38
2026-08-20,Humira,16.48,16:57:55,2,8,215.39
2026-08-20,Humira,16.14,16:58:25,2,8,215.4
2026-08-20,Humira,14.77,16:58:55,2,8,215.41
2026-08-20,Humira,9.03,16:59:25,2,8,215.42
2026-08-20,Humira,12.66,16:59:55,2,8,215.43
2026-08-20,Humira,5.87,17:00:25,2,8,0.0
2026-08-20,Humira,10.53,17:00:55,2,8,215.45
2026-08-20,Humira,13.01,17:01:25,2,8,215.46
2026-08-20,Humira,16.92,17:01:55,2,8,215.47
2026-08-20,Humira,13.78,17:02:25,2,8,215.49
2026-08-20,Humira,16.45,17:02:55,2,8,215.5
2026-08-20,Humira,14.5,17:03:25,2,8,215.51
2026-08-20,Humira,9.67,17:03:55,2,8,215.52
2026-08-20,Humira,2.76,17:04:25,2,8,0.0
2026-08-20,Humira,15.6,17:04:55,2,8,215.54
2026-08-20,Humira,11.57,17:05:25,2,8,215.55
2026-08-20,Humira,13.39,17:05:55,2,8,215.56
2026-08-20,Humira,3.64,17:06:25,2,8,0.0
2026-08-20,Humira,17.18,17:06:55,2,8,215.58
2026-08-20,Humira,16.76,17:07:25,2,8,215.59
2026-08-20,Humira,11.59,17:07:55,2,8,215.6
2026-08-20,Humira,15.54,17:08:25,2,8,215.62
2026-08-20,Humira,12.58,17:08:55,2,8,215.63
2026-08-20,Humira,14.85,17:09:25,2,8,215.64
2026-08-20,Humira,10.16,17:09:55,2,8,215.65
2026-08-20,Humira,17.2,17:10:25,2,8,215.66
2026-08-20,Humira,17.7,17:10:55,2,8,215.67
2026-08-20,Humira,12.96,17:11:25,2,8,215.68
2026-08-20,Humira,17.84,17:11:55,2,8,215.69
2026-08-20,Humira,5.36,17:12:25,2,8,0.0
2026-08-20,Humira,16.66,17:12:55,2,8,215.71
2026-08-20,Humira,5.17,17:13:25,2,8,0.0
2026-08-20,Humira,13.96,17:13:55,2,8,215.73
2026-08-20,Humira,9.95,17:14:25,2,8,215.75
2026-08-20,Humira,6.81,17:14:55,2,8,0.0
2026-08-20,Humira,14.25,17:15:25,2,8,215.77
2026-08-20,Humira,12.41,17:15:55,2,8,215.78
2026-08-20,Humira,9.4,17:16:25,2,8,215.79
2026-08-20,Humira,9.7,17:16:55,2,8,215.8
2026-08-20,Humira,9.76,17:17:25,2,8,215.81
2026-08-20,Humira,16.53,17:17:55,2,8,215.82
2026-08-20,Humira,17.75,17:18:25,2,8,215.83
2026-08-20,Humira,9.76,17:18:55,2,8,215.84
2026-08-20,Humira,11.08,17:19:25,2,8,215.85
2026-08-20,Humira,17.68,17:19:55,2,8,215.87
2026-08-20,Humira,10.72,17:20:25,2,8,215.88
2026-08-20,Humira,11.1,17:20:55,2,8,215.89
2026-08-20,Humira,16.81,17:21:25,2,8,215.9
2026-08-20,Humira,10.19,17:21:55,2,8,215.91
2026-08-20,Humira,17.41,17:22:25,2,8,215.92
2026-08-20,Humira,10.2,17:22:55,2,8,215.93
2026-08-20,Humira,4.46,17:23:25,2,8,0.0
2026-08-20,Humira,17.67,17:23:55,2,8,215.95
2026-08-20,Humira,6.47,17:24:25,2,8,0.0
2026-08-20,Humira,12.05,17:24:55,2,8,215.97
2026-08-20,Humira,16.66,17:25:25,2,8,215.98
2026-08-20,Humira,6.31,17:25:55,2,8,0.0
2026-08-20,Humira,15.0,17:26:25,2,8,216.01
2026-08-20,Humira,15.9,17:26:55,2,8,216.02
2026-08-20,Humira,16.14,17:27:25,2,8,216.03
2026-08-20,Humira,11.65,17:27:55,2,8,216.04
2026-08-20,Humira,10.99,17:28:25,2,8,216.05
2026-08-20,Humira,16.53,17:28:55,2,8,216.06
2026-08-20,Humira,4.98,17:29:25,2,8,0.0
2026-08-20,Humira,5.9,17:29:55,2,8,0.0
2026-08-20,Humira,17.3,17:30:25,2,8,216.09
2026-08-20,Humira,16.56,17:30:55,2,8,216.1
2026-08-20,Humira,2.78,17:31:25,2,8,0.0
2026-08-20,Humira,10.57,17:31:55,2,8,216.12
2026-08-20,Humira,9.96,17:32:25,2,8,216.14
2026-08-20,Humira,10.92,17:32:55,2,8,216.15
2026-08-20,Humira,12.38,17:33:25,2,8,216.16
2026-08-20,Humira,16.41,17:33:55,2,8,216.17
2026-08-20,Humira,7.35,17:34:25,2,8,0.0
2026-08-20,Humira,12.39,17:34:55,2,8,216.19
2026-08-20,Humira,17.2,17:35:25,2,8,216.2
2026-08-20,Humira,9.29,17:35:55,2,8,216.21
2026-08-20,Humira,11.31,17:36:25,2,8,216.22
2026-08-20,Humira,16.92,17:36:55,2,8,216.23
2026-08-20,Humira,11.9,17:37:25,2,8,216.24
2026-08-20,Humira,15.97,17:37:55,2,8,216.25
2026-08-20,Humira,17.15,17:38:25,2,8,216.27
2026-08-20,Humira,14.91,17:38:55,2,8,216.28
2026-08-20,Humira,15.75,17:39:25,2,8,216.29
2026-08-20,Humira,11.77,17:39:55,2,8,216.3
2026-08-20,Humira,14.46,17:40:25,2,8,216.31
2026-08-20,Humira,15.89,17:40:55,2,8,216.32
2026-08-20,Humira,13.09,17:41:25,2,8,216.33
2026-08-20,Humira,9.89,17:41:55,2,8,216.34
2026-08-20,Humira,11.37,17:42:25,2,8,216.35
2026-08-20,Humira,2.3,17:42:55,2,8,0.0
2026-08-20,Humira,13.46,17:43:25,2,8,216.37
2026-08-20,Humira,9.49,17:43:55,2,8,216.38
2026-08-20,Humira,14.52,17:44:25,2,8,216.4
2026-08-20,Humira,6.78,17:44:55,2,8,0.0
2026-08-20,Humira,12.65,17:45:25,2,8,216.42
2026-08-20,Humira,13.17,17:45:55,2,8,216.43
2026-08-20,Humira,11.02,17:46:25,2,8,216.44
2026-08-20,Humira,15.9,17:46:55,2,8,216.45
2026-08-20,Humira,15.53,17:47:25,2,8,216.46
2026-08-20,Humira,2.33,17:47:55,2,8,0.0
2026-08-20,Humira,15.13,17:48:25,2,8,216.48
2026-08-20,Humira,12.14,17:48:55,2,8,216.49
2026-08-20,Humira,9.49,17:49:25,2,8,216.5
2026-08-20,Humira,13.76,17:49:55,2,8,216.52
2026-08-20,Humira,13.23,17:50:25,2,8,216.53
2026-08-20,Humira,11.05,17:50:55,2,8,216.54
2026-08-20,Humira,9.53,17:51:25,2,8,216.55
2026-08-20,Humira,12.37,17:51:55,2,8,216.56
2026-08-20,Humira,16.77,17:52:25,2,8,216.57
2026-08-20,Humira,16.06,17:52:55,2,8,216.58
2026-08-20,Humira,13.73,17:53:25,2,8,216.59
2026-08-20,Humira,17.17,17:53:55,2,8,216.6
2026-08-20,Humira,12.05,17:54:25,2,8,216.61
2026-08-20,Humira,13.44,17:54:55,2,8,216.62
2026-08-20,Humira,9.01,17:55:25,2,8,216.63
2026-08-20,Humira,12.29,17:55:55,2,8,216.65
2026-08-20,Humira,4.26,17:56:25,2,8,0.0
