Date,MedicineName,Temperature,Timestamp,OptimalMin,OptimalMax,PotencyLoss
2026-08-20,Humira,6.63,19:16:53,2,8,0.0
2026-08-20,Humira,6.69,19:17:23,2,8,0.0
2026-08-20,Humira,2.61,19:17:53,2,8,0.0
2026-08-20,Humira,10.73,19:18:23,2,8,0.03
2026-08-20,Humira,10.35,19:18:53,2,8,0.04
2026-08-20,Humira,2.84,19:19:23,2,8,0.0
2026-08-20,Humira,2.72,19:19:53,2,8,0.0
2026-08-20,Humira,5.09,19:20:23,2,8,0.0
2026-08-20,Humira,5.62,19:20:53,2,8,0.0
2026-08-20,Humira,7.19,19:21:23,2,8,0.0
2026-08-20,Humira,2.5,19:21:53,2,8,0.0
2026-08-20,Humira,14.57,19:22:23,2,8,0.12
2026-08-20,Humira,15.39,19:22:53,2,8,0.13
2026-08-20,Humira,15.63,19:23:23,2,8,0.14
2026-08-20,Humira,10.15,19:23:53,2,8,0.15
2026-08-20,Humira,16.95,19:24:23,2,8,0.16
2026-08-20,Humira,4.55,19:24:53,2,8,0.0
2026-08-20,Humira,4.44,19:25:23,2,8,0.0
2026-08-20,Humira,17.12,19:25:53,2,8,0.2
2026-08-20,Humira,17.74,19:26:23,2,8,0.21
2026-08-20,Humira,14.11,19:26:53,2,8,0.22
2026-08-20,Humira,17.7,19:27:23,2,8,0.23
2026-08-20,Humira,2.82,19:27:53,2,8,0.0
2026-08-20,Humira,5.21,19:28:23,2,8,0.0
2026-08-20,Humira,11.36,19:28:53,2,8,0.26
2026-08-20,Humira,10.01,19:29:23,2,8,0.27
2026-08-20,Humira,5.77,19:29:53,2,8,0.0
2026-08-20,Humira,15.63,19:30:23,2,8,0.29
2026-08-20,Humira,11.1,19:30:53,2,8,0.3
2026-08-20,Humira,11.71,19:31:23,2,8,0.31
2026-08-20,Humira,15.25,19:31:53,2,8,0.33
2026-08-20,Humira,11.67,19:32:23,2,8,0.34
2026-08-20,Humira,12.33,19:32:53,2,8,0.35
2026-08-20,Humira,7.29,19:33:23,2,8,0.0
2026-08-20,Humira,17.06,19:33:53,2,8,0.37
2026-08-20,Humira,11.16,19:34:23,2,8,0.38
2026-08-20,Humira,14.23,19:34:53,2,8,0.39
2026-08-20,Humira,14.12,19:35:23,2,8,0.4
2026-08-20,Humira,7.92,19:35:53,2,8,0.0
2026-08-20,Humira,3.05,19:36:23,2,8,0.0
2026-08-20,Humira,6.36,19:36:53,2,8,0.0
2026-08-20,Humira,9.16,19:37:23,2,8,0.44
2026-08-20,Humira,14.31,19:37:53,2,8,0.45
2026-08-20,Humira,9.52,19:38:23,2,8,0.47
2026-08-20,Humira,13.16,19:38:53,2,8,0.48
2026-08-20,Humira,13.8,19:39:23,2,8,0.49
2026-08-20,Humira,15.07,19:39:53,2,8,0.5
2026-08-20,Humira,9.11,19:40:23,2,8,0.51
2026-08-20,Humira,10.35,19:40:53,2,8,0.52
2026-08-20,Humira,10.12,19:41:23,2,8,0.53
2026-08-20,Humira,12.23,19:41:53,2,8,0.54
2026-08-20,Humira,16.83,19:42:23,2,8,0.55
2026-08-20,Humira,17.85,19:42:53,2,8,0.56
2026-08-20,Humira,13.4,19:43:23,2,8,0.57
2026-08-20,Humira,10.07,19:43:53,2,8,0.59
2026-08-20,Humira,12.87,19:44:23,2,8,0.6
2026-08-20,Humira,9.65,19:44:53,2,8,0.61
2026-08-20,Humira,16.67,19:45:23,2,8,0.62
2026-08-20,Humira,14.88,19:45:53,2,8,0.63
2026-08-20,Humira,12.17,19:46:23,2,8,0.64
2026-08-20,Humira,13.18,19:46:53,2,8,0.65
2026-08-20,Humira,17.9,19:47:23,2,8,0.66
2026-08-20,Humira,10.27,19:47:53,2,8,0.67
2026-08-20,Humira,4.98,19:48:23,2,8,0.0
2026-08-20,Humira,3.72,19:48:53,2,8,0.0
2026-08-20,Humira,13.63,19:49:23,2,8,0.7
2026-08-20,Humira,13.11,19:49:53,2,8,0.72
2026-08-20,Humira,13.2,19:50:23,2,8,0.73
2026-08-20,Humira,12.03,19:50:53,2,8,0.74
2026-08-20,Humira,12.88,19:51:23,2,8,0.75
2026-08-20,Humira,14.99,19:51:53,2,8,0.76
2026-08-20,Humira,6.11,19:52:23,2,8,0.0
2026-08-20,Humira,2.53,19:52:53,2,8,0.0
2026-08-20,Humira,13.6,19:53:23,2,8,0.79
2026-08-20,Humira,6.96,19:53:53,2,8,0.0
2026-08-20,Humira,13.1,19:54:23,2,8,0.81
2026-08-20,Humira,3.06,19:54:53,2,8,0.0
2026-08-20,Humira,16.25,19:55:23,2,8,0.83
2026-08-20,Humira,2.1,19:55:53,2,8,0.0
2026-08-20,Humira,6.6,19:56:23,2,8,0.0
2026-08-20,Humira,11.58,19:56:53,2,8,0.87
2026-08-20,Humira,14.44,19:57:23,2,8,0.88
2026-08-20,Humira,7.4,19:57:53,2,8,0.0
2026-08-20,Humira,15.14,19:58:23,2,8,0.9
2026-08-20,Humira,15.37,19:58:53,2,8,0.91
2026-08-20,Humira,11.97,19:59:23,2,8,0.92
2026-08-20,Humira,14.42,19:59:53,2,8,0.93
2026-08-20,Humira,12.56,20:00:23,2,8,0.94
2026-08-20,Humira,10.85,20:00:53,2,8,0.95
2026-08-20,Humira,14.06,20:01:23,2,8,0.96
2026-08-20,Humira,17.06,20:01:53,2,8,0.98
2026-08-20,Humira,10.53,20:02:23,2,8,0.99
2026-08-20,Humira,5.45,20:02:53,2,8,0.0
2026-08-20,Humira,10.63,20:03:23,2,8,1.01
2026-08-20,Humira,15.93,20:03:53,2,8,1.02
2026-08-20,Humira,11.46,20:04:23,2,8,1.03
2026-08-20,Humira,17.4,20:04:53,2,8,1.04
2026-08-20,Humira,5.6,20:05:23,2,8,0.0
2026-08-20,Humira,5.05,20:05:53,2,8,0.0
2026-08-20,Humira,14.8,20:06:23,2,8,1.07
2026-08-20,Humira,16.96,20:06:53,2,8,1.08
2026-08-20,Humira,15.78,20:07:23,2,8,1.09
2026-08-20,Humira,10.05,20:07:53,2,8,1.1
2026-08-20,Humira,17.56,20:08:23,2,8,1.12
2026-08-20,Humira,2.45,20:08:53,2,8,0.0
2026-08-20,Humira,17.43,20:09:23,2,8,1.14
2026-08-20,Humira,15.59,20:09:53,2,8,1.15
2026-08-20,Humira,13.51,20:10:23,2,8,1.16
2026-08-20,Humira,16.95,20:10:53,2,8,1.17
2026-08-20,Humira,3.07,20:11:23,2,8,0.0
2026-08-20,Humira,16.99,20:11:53,2,8,1.19
2026-08-20,Humira,9.24,20:12:23,2,8,1.2
2026-08-20,Humira,6.61,20:12:53,2,8,0.0
2026-08-20,Humira,2.05,20:13:23,2,8,0.0
2026-08-20,Humira,9.58,20:13:53,2,8,1.23
2026-08-20,Humira,7.62,20:14:23,2,8,0.0
2026-08-20,Humira,17.96,20:14:53,2,8,1.26
2026-08-20,Humira,2.4,20:15:23,2,8,0.0
2026-08-20,Humira,16.56,20:15:53,2,8,1.28
2026-08-20,Humira,4.62,20:16:23,2,8,0.0
2026-08-20,Humira,2.32,20:16:53,2,8,0.0
2026-08-20,Humira,11.26,20:17:23,2,8,1.31
2026-08-20,Humira,3.3,20:17:53,2,8,0.0
2026-08-20,Humira,15.46,20:18:23,2,8,1.33
2026-08-20,Humira,9.01,20:18:53,2,8,1.34
2026-08-20,Humira,9.78,20:19:23,2,8,1.35
2026-08-20,Humira,2.89,20:19:53,2,8,0.0
2026-08-20,Humira,6.41,20:20:23,2,8,0.0
2026-08-20,Humira,11.92,20:20:53,2,8,1.39
2026-08-20,Humira,15.76,20:21:23,2,8,1.4
2026-08-20,Humira,7.13,20:21:53,2,8,0.0
2026-08-20,Humira,10.99,20:22:23,2,8,1.42
2026-08-20,Humira,2.39,20:22:53,2,8,0.0
2026-08-20,Humira,11.51,20:23:23,2,8,1.44
2026-08-20,Humira,2.26,20:23:53,2,8,0.0
2026-08-20,Humira,4.93,20:24:23,2,8,0.0
2026-08-20,Humira,14.84,20:24:53,2,8,1.47
2026-08-20,Humira,13.5,20:25:23,2,8,1.48
2026-08-20,Humira,17.38,20:25:53,2,8,1.49
2026-08-20,Humira,11.9,20:26:23,2,8,1.51
2026-08-20,Humira,4.95,20:26:53,2,8,0.0
2026-08-20,Humira,3.27,20:27:23,2,8,0.0
2026-08-20,Humira,6.9,20:27:53,2,8,0.0
2026-08-20,Humira,9.76,20:28:23,2,8,1.55
2026-08-20,Humira,11.19,20:28:53,2,8,1.56
2026-08-20,Humira,2.02,20:29:23,2,8,0.0
2026-08-20,Humira,2.48,20:29:53,2,8,0.0
2026-08-20,Humira,9.51,20:30:23,2,8,1.59
2026-08-20,Humira,9.65,20:30:53,2,8,1.6
2026-08-20,Humira,13.88,20:31:23,2,8,1.61
2026-08-20,Humira,4.81,20:31:53,2,8,0.0
2026-08-20,Humira,3.87,20:32:23,2,8,0.0
2026-08-20,Humira,9.74,20:32:53,2,8,1.65
2026-08-20,Humira,12.3,20:33:23,2,8,1.66
2026-08-20,Humira,7.31,20:33:53,2,8,0.0
2026-08-20,Humira,17.46,20:34:23,2,8,1.68
2026-08-20,Humira,4.94,20:34:53,2,8,0.0
2026-08-20,Humira,4.06,20:35:23,2,8,0.0
2026-08-20,Humira,12.62,20:35:53,2,8,1.71
2026-08-20,Humira,11.77,20:36:23,2,8,1.72
2026-08-20,Humira,5.52,20:36:53,2,8,0.0
2026-08-20,Humira,7.22,20:37:23,2,8,0.0
2026-08-20,Humira,3.11,20:37:53,2,8,0.0
2026-08-20,Humira,11.16,20:38:23,2,8,1.77
2026-08-20,Humira,4.21,20:38:53,2,8,0.0
2026-08-20,Humira,6.85,20:39:23,2,8,0.0
2026-08-20,Humira,17.21,20:39:53,2,8,1.8
2026-08-20,Humira,6.97,20:40:23,2,8,0.0
2026-08-20,Humira,3.08,20:40:53,2,8,0.0
2026-08-20,Humira,5.93,20:41:23,2,8,0.0
2026-08-20,Humira,16.5,20:41:53,2,8,1.84
2026-08-20,Humira,9.3,20:42:23,2,8,1.85
2026-08-20,Humira,17.35,20:42:53,2,8,1.86
2026-08-20,Humira,6.88,20:43:23,2,8,0.0
2026-08-20,Humira,17.5,20:43:53,2,8,1.89
2026-08-20,Humira,9.53,20:44:23,2,8,1.9
2026-08-20,Humira,7.2,20:44:53,2,8,0.0
2026-08-20,Humira,4.74,20:45:23,2,8,0.0
2026-08-20,Humira,10.65,20:45:53,2,8,1.93
2026-08-20,Humira,5.15,20:46:23,2,8,0.0
2026-08-20,Humira,6.19,20:46:53,2,8,0.0
2026-08-20,Humira,13.44,20:47:23,2,8,1.96
2026-08-20,Humira,16.73,20:47:53,2,8,1.97
2026-08-20,Humira,16.33,20:48:23,2,8,1.98
2026-08-20,Humira,5.53,20:48:53,2,8,0.0
2026-08-20,Humira,13.01,20:49:23,2,8,2.0
2026-08-20,Humira,11.89,20:49:53,2,8,2.02
2026-08-20,Humira,5.91,20:50:23,2,8,0.0
2026-08-20,Humira,2.48,20:50:53,2,8,0.0
2026-08-20,Humira,13.03,20:51:23,2,8,2.05
2026-08-20,Humira,13.77,20:51:53,2,8,2.06
2026-08-20,Humira,17.15,20:52:23,2,8,2.07
2026-08-20,Humira,2.95,20:52:53,2,8,0.0
2026-08-20,Humira,12.74,20:53:23,2,8,2.09
2026-08-20,Humira,17.34,20:53:53,2,8,2.1
2026-08-20,Humira,7.93,20:54:23,2,8,0.0
2026-08-20,Humira,16.72,20:54:53,2,8,2.12
2026-08-20,Humira,3.09,20:55:23,2,8,0.0
2026-08-20,Humira,5.25,20:55:53,2,8,0.0
2026-08-20,Humira,7.42,20:56:23,2,8,0.0
2026-08-20,Humira,16.43,20:56:53,2,8,2.17
2026-08-20,Humira,10.82,20:57:23,2,8,2.18
2026-08-20,Humira,6.88,20:57:53,2,8,0.0
2026-08-20,Humira,7.64,20:58:23,2,8,0.0
2026-08-20,Humira,2.47,20:58:53,2,8,0.0
2026-08-20,Humira,10.81,20:59:23,2,8,2.22
2026-08-20,Humira,11.42,20:59:53,2,8,2.23
2026-08-20,Humira,5.25,21:00:23,2,8,0.0
2026-08-20,Humira,2.48,21:00:53,2,8,0.0
2026-08-20,Humira,6.72,21:01:23,2,8,0.0
2026-08-20,Humira,11.81,21:01:53,2,8,2.27
2026-08-20,Humira,11.2,21:02:23,2,8,2.29
2026-08-20,Humira,15.4,21:02:53,2,8,2.3
2026-08-20,Humira,3.86,21:03:23,2,8,0.0
2026-08-20,Humira,3.19,21:03:53,2,8,0.0
2026-08-20,Humira,13.89,21:04:23,2,8,2.33
2026-08-20,Humira,11.15,21:04:53,2,8,2.34
2026-08-20,Humira,9.47,21:05:23,2,8,2.35
2026-08-20,Humira,4.96,21:05:53,2,8,0.0
2026-08-20,Humira,9.61,21:06:23,2,8,2.37
2026-08-20,Humira,14.67,21:06:53,2,8,2.38
2026-08-20,Humira,9.76,21:07:23,2,8,2.39
2026-08-20,Humira,15.85,21:07:53,2,8,2.41
2026-08-20,Humira,16.42,21:08:23,2,8,2.42
2026-08-20,Humira,17.12,21:08:53,2,8,2.43
2026-08-20,Humira,9.21,21:09:23,2,8,2.44
2026-08-20,Humira,13.5,21:09:53,2,8,2.45
2026-08-20,Humira,15.75,21:10:23,2,8,2.46
2026-08-20,Humira,6.2,21:10:53,2,8,0.0
2026-08-20,Humira,16.97,21:11:23,2,8,2.48
2026-08-20,Humira,10.81,21:11:53,2,8,2.49
2026-08-20,Humira,7.18,21:12:23,2,8,0.0
2026-08-20,Humira,10.21,21:12:53,2,8,2.51
2026-08-20,Humira,9.66,21:13:23,2,8,2.52
2026-08-20,Humira,13.54,21:13:53,2,8,2.54
2026-08-20,Humira,14.18,21:14:23,2,8,2.55
2026-08-20,Humira,9.98,21:14:53,2,8,2.56
2026-08-20,Humira,4.51,21:15:23,2,8,0.0
2026-08-20,Humira,4.9,21:15:53,2,8,0.0
2026-08-20,Humira,12.99,21:16:23,2,8,2.59
2026-08-20,Humira,5.48,21:16:53,2,8,0.0
2026-08-20,Humira,7.16,21:17:23,2,8,0.0
2026-08-20,Humira,7.36,21:17:53,2,8,0.0
2026-08-20,Humira,15.07,21:18:23,2,8,2.63
2026-08-20,Humira,9.18,21:18:53,2,8,2.64
2026-08-20,Humira,2.56,21:19:23,2,8,0.0
2026-08-20,Humira,13.16,21:19:53,2,8,2.67
2026-08-20,Humira,14.53,21:20:23,2,8,2.68
2026-08-20,Humira,2.09,21:20:53,2,8,0.0
2026-08-20,Humira,11.77,21:21:23,2,8,2.7
2026-08-20,Humira,16.29,21:21:53,2,8,2.71
2026-08-20,Humira,16.9,21:22:23,2,8,2.72
2026-08-20,Humira,9.32,21:22:53,2,8,2.73
2026-08-20,Humira,11.83,21:23:23,2,8,2.74
2026-08-20,Humira,11.92,21:23:53,2,8,2.75
2026-08-20,Humira,13.77,21:24:23,2,8,2.76
2026-08-20,Humira,15.26,21:24:53,2,8,2.77
2026-08-20,Humira,7.06,21:25:23,2,8,0.0
2026-08-20,Humira,15.85,21:25:53,2,8,2.79
2026-08-20,Humira,13.29,21:26:23,2,8,2.81
2026-08-20,Humira,5.2,21:26:53,2,8,0.0
2026-08-20,Humira,5.78,21:27:23,2,8,0.0
2026-08-20,Humira,12.39,21:27:53,2,8,2.84
2026-08-20,Humira,15.28,21:28:23,2,8,2.85
2026-08-20,Humira,7.52,21:28:53,2,8,0.0
2026-08-20,Humira,13.79,21:29:23,2,8,2.87
2026-08-20,Humira,4.04,21:29:53,2,8,0.0
2026-08-20,Humira,11.42,21:30:23,2,8,2.89
2026-08-20,Humira,6.04,21:30:53,2,8,0.0
2026-08-20,Humira,15.93,21:31:23,2,8,2.91
2026-08-20,Humira,12.51,21:31:53,2,8,2.93
2026-08-20,Humira,10.71,21:32:23,2,8,2.94
2026-08-20,Humira,11.73,21:32:53,2,8,2.95
2026-08-20,Humira,9.5,21:33:23,2,8,2.96
2026-08-20,Humira,5.97,21:33:53,2,8,0.0
2026-08-20,Humira,13.28,21:34:23,2,8,2.98
2026-08-20,Humira,16.69,21:34:53,2,8,2.99
2026-08-20,Humira,6.55,21:35:23,2,8,0.0
2026-08-20,Humira,11.25,21:35:53,2,8,3.01
2026-08-20,Humira,7.91,21:36:23,2,8,0.0
2026-08-20,Humira,13.57,21:36:53,2,8,3.03
2026-08-20,Humira,17.38,21:37:23,2,8,3.04
2026-08-20,Humira,12.02,21:37:53,2,8,3.06
2026-08-20,Humira,13.33,21:38:23,2,8,3.07
2026-08-20,Humira,3.59,21:38:53,2,8,0.0
2026-08-20,Humira,11.26,21:39:23,2,8,3.09
2026-08-20,Humira,6.29,21:39:53,2,8,0.0
2026-08-20,Humira,6.74,21:40:23,2,8,0.0
2026-08-20,Humira,17.41,21:40:53,2,8,3.12
2026-08-20,Humira,5.17,21:41:23,2,8,0.0
2026-08-20,Humira,15.37,21:41:53,2,8,3.14
2026-08-20,Humira,11.9,21:42:23,2,8,3.15
2026-08-20,Humira,13.27,21:42:53,2,8,3.16
2026-08-20,Humira,9.76,21:43:23,2,8,3.17
2026-08-20,Humira,15.87,21:43:53,2,8,3.19
2026-08-20,Humira,7.13,21:44:23,2,8,0.0
2026-08-20,Humira,3.74,21:44:53,2,8,0.0
2026-08-20,Humira,6.72,21:45:23,2,8,0.0
2026-08-20,Humira,9.23,21:45:53,2,8,3.23
2026-08-20,Humira,4.62,21:46:23,2,8,0.0
2026-08-20,Humira,4.26,21:46:53,2,8,0.0
2026-08-20,Humira,13.91,21:47:23,2,8,3.26
2026-08-20,Humira,2.21,21:47:53,2,8,0.0
2026-08-20,Humira,11.1,21:48:23,2,8,3.28
2026-08-20,Humira,13.38,21:48:53,2,8,3.29
2026-08-20,Humira,14.98,21:49:23,2,8,3.3
2026-08-20,Humira,11.19,21:49:53,2,8,3.31
2026-08-20,Humira,3.05,21:50:23,2,8,0.0
2026-08-20,Humira,5.23,21:50:53,2,8,0.0
2026-08-20,Humira,10.12,21:51:23,2,8,3.35
2026-08-20,Humira,5.05,21:51:53,2,8,0.0
2026-08-20,Humira,12.08,21:52:23,2,8,3.37
2026-08-20,Humira,4.11,21:52:53,2,8,0.0
2026-08-20,Humira,12.29,21:53:23,2,8,3.39
2026-08-20,Humira,2.85,21:53:53,2,8,0.0
2026-08-20,Humira,10.72,21:54:23,2,8,3.41
2026-08-20,Humira,13.04,21:54:53,2,8,3.42
2026-08-20,Humira,3.81,21:55:23,2,8,0.0
2026-08-20,Humira,10.8,21:55:53,2,8,3.44
2026-08-20,Humira,17.99,21:56:23,2,8,3.46
2026-08-20,Humira,14.13,21:56:53,2,8,3.47
2026-08-20,Humira,11.6,21:57:23,2,8,3.48
2026-08-20,Humira,2.14,21:57:53,2,8,0.0
2026-08-20,Humira,13.93,21:58:23,2,8,3.5
2026-08-20,Humira,4.96,21:58:53,2,8,0.0
2026-08-20,Humira,11.22,21:59:23,2,8,3.52
2026-08-20,Humira,7.44,21:59:53,2,8,0.0
2026-08-20,Humira,15.18,22:00:23,2,8,3.54
2026-08-20,Humira,5.94,22:00:53,2,8,0.0
2026-08-20,Humira,5.66,22:01:23,2,8,0.0
2026-08-20,Humira,9.76,22:01:53,2,8,3.58
2026-08-20,Humira,17.42,22:02:23,2,8,3.59
2026-08-20,Humira,14.44,22:02:53,2,8,3.6
2026-08-20,Humira,10.95,22:03:23,2,8,3.61
2026-08-20,Humira,14.89,22:03:53,2,8,3.62
2026-08-20,Humira,10.12,22:04:23,2,8,3.63
2026-08-20,Humira,17.98,22:04:53,2,8,3.64
2026-08-20,Humira,12.95,22:05:23,2,8,3.65
2026-08-20,Humira,3.85,22:05:53,2,8,0.0
2026-08-20,Humira,2.54,22:06:23,2,8,0.0
2026-08-20,Humira,16.44,22:06:53,2,8,3.68
2026-08-20,Humira,15.1,22:07:23,2,8,3.69
2026-08-20,Humira,10.5,22:07:53,2,8,3.71
2026-08-20,Humira,11.93,22:08:23,2,8,3.72
2026-08-20,Humira,7.62,22:08:53,2,8,0.0
2026-08-20,Humira,11.48,22:09:23,2,8,3.74
2026-08-20,Humira,15.39,22:09:53,2,8,3.75
2026-08-20,Humira,5.79,22:10:23,2,8,0.0
2026-08-20,Humira,6.26,22:10:53,2,8,0.0
2026-08-20,Humira,12.27,22:11:23,2,8,3.78
2026-08-20,Humira,11.83,22:11:53,2,8,3.79
2026-08-20,Humira,13.17,22:12:23,2,8,3.8
2026-08-20,Humira,12.96,22:12:53,2,8,3.81
2026-08-20,Humira,10.9,22:13:23,2,8,3.82
2026-08-20,Humira,2.49,22:13:53,2,8,0.0
2026-08-20,Humira,6.33,22:14:23,2,8,0.0
2026-08-20,Humira,17.52,22:14:53,2,8,3.86
2026-08-20,Humira,14.72,22:15:23,2,8,3.87
2026-08-20,Humira,9.32,22:15:53,2,8,3.88
2026-08-20,Humira,10.53,22:16:23,2,8,3.89
2026-08-20,Humira,15.78,22:16:53,2,8,3.9
2026-08-20,Humira,17.74,22:17:23,2,8,3.91
2026-08-20,Humira,10.99,22:17:53,2,8,3.92
2026-08-20,Humira,10.16,22:18:23,2,8,3.93
2026-08-20,Humira,12.92,22:18:53,2,8,3.94
2026-08-20,Humira,12.61,22:19:23,2,8,3.95
2026-08-20,Humira,9.77,22:19:53,2,8,3.96
2026-08-20,Humira,11.16,22:20:23,2,8,3.98
2026-08-20,Humira,10.85,22:20:53,2,8,3.99
2026-08-20,Humira,4.79,22:21:23,2,8,0.0
2026-08-20,Humira,15.56,22:21:53,2,8,4.01
2026-08-20,Humira,10.12,22:22:23,2,8,4.02
2026-08-20,Humira,9.27,22:22:53,2,8,4.03
2026-08-20,Humira,6.47,22:23:23,2,8,0.0
2026-08-20,Humira,2.41,22:23:53,2,8,0.0
2026-08-20,Humira,6.51,22:24:23,2,8,0.0
2026-08-20,Humira,17.37,22:24:53,2,8,4.07
2026-08-20,Humira,15.72,22:25:23,2,8,4.08
2026-08-20,Humira,17.22,22:25:53,2,8,4.09
2026-08-20,Humira,13.64,22:26:23,2,8,4.11
2026-08-20,Humira,16.69,22:26:53,2,8,4.12
2026-08-20,Humira,11.8,22:27:23,2,8,4.13
2026-08-20,Humira,10.22,22:27:53,2,8,4.14
2026-08-20,Humira,15.16,22:28:23,2,8,4.15
2026-08-20,Humira,3.78,22:28:53,2,8,0.0
2026-08-20,Humira,10.92,22:29:23,2,8,4.17
2026-08-20,Humira,14.56,22:29:53,2,8,4.18
2026-08-20,Humira,4.47,22:30:23,2,8,0.0
2026-08-20,Humira,10.27,22:30:53,2,8,4.2
2026-08-20,Humira,5.48,22:31:23,2,8,0.0
2026-08-20,Humira,16.99,22:31:53,2,8,4.23
2026-08-20,Humira,11.78,22:32:23,2,8,4.24
2026-08-20,Humira,13.43,22:32:53,2,8,4.25
2026-08-20,Humira,6.86,22:33:23,2,8,0.0
2026-08-20,Humira,10.44,22:33:53,2,8,4.27
2026-08-20,Humira,5.89,22:34:23,2,8,0.0
2026-08-20,Humira,2.83,22:34:53,2,8,0.0
2026-08-20,Humira,7.33,22:35:23,2,8,0.0
2026-08-20,Humira,17.74,22:35:53,2,8,4.31
2026-08-20,Humira,2.42,22:36:23,2,8,0.0
2026-08-20,Humira,17.62,22:36:53,2,8,4.33
2026-08-20,Humira,10.28,22:37:23,2,8,4.34
2026-08-20,Humira,12.24,22:37:53,2,8,4.36
2026-08-20,Humira,6.4,22:38:23,2,8,0.0
2026-08-20,Humira,16.44,22:38:53,2,8,4.38
2026-08-20,Humira,13.51,22:39:23,2,8,4.39
2026-08-20,Humira,14.15,22:39:53,2,8,4.4
2026-08-20,Humira,16.32,22:40:23,2,8,4.41
2026-08-20,Humira,11.63,22:40:53,2,8,4.42
2026-08-20,Humira,7.89,22:41:23,2,8,0.0
2026-08-20,Humira,15.34,22:41:53,2,8,4.44
2026-08-20,Humira,3.13,22:42:23,2,8,0.0
2026-08-20,Humira,13.52,22:42:53,2,8,4.46
2026-08-20,Humira,9.69,22:43:23,2,8,4.47
2026-08-20,Humira,10.64,22:43:53,2,8,4.49
2026-08-20,Humira,17.59,22:44:23,2,8,4.5
2026-08-20,Humira,14.48,22:44:53,2,8,4.51
2026-08-20,Humira,11.17,22:45:23,2,8,4.52
2026-08-20,Humira,9.93,22:45:53,2,8,4.53
2026-08-20,Humira,10.27,22:46:23,2,8,4.54
2026-08-20,Humira,6.71,22:46:53,2,8,0.0
2026-08-20,Humira,3.44,22:47:23,2,8,0.0
2026-08-20,Humira,4.81,22:47:53,2,8,0.0
2026-08-20,Humira,6.15,22:48:23,2,8,0.0
2026-08-20,Humira,7.51,22:48:53,2,8,0.0
2026-08-20,Humira,14.48,22:49:23,2,8,4.6
2026-08-20,Humira,11.31,22:49:53,2,8,4.62
2026-08-20,Humira,16.66,22:50:23,2,8,4.63
2026-08-20,Humira,13.88,22:50:53,2,8,4.64
2026-08-20,Humira,13.21,22:51:23,2,8,4.65
2026-08-20,Humira,2.55,22:51:53,2,8,0.0
2026-08-20,Humira,6.39,22:52:23,2,8,0.0
2026-08-20,Humira,3.17,22:52:53,2,8,0.0
2026-08-20,Humira,10.05,22:53:23,2,8,4.69
2026-08-20,Humira,2.24,22:53:53,2,8,0.0
2026-08-20,Humira,15.76,22:54:23,2,8,4.71
2026-08-20,Humira,9.99,22:54:53,2,8,4.72
2026-08-20,Humira,15.4,22:55:23,2,8,4.73
2026-08-20,Humira,2.7,22:55:53,2,8,0.0
2026-08-20,Humira,16.78,22:56:23,2,8,4.76
2026-08-20,Humira,13.27,22:56:53,2,8,4.77
2026-08-20,Humira,9.39,22:57:23,2,8,4.78
2026-08-20,Humira,7.44,22:57:53,2,8,0.0
2026-08-20,Humira,7.09,22:58:23,2,8,0.0
2026-08-20,Humira,16.41,22:58:53,2,8,4.81
2026-08-20,Humira,3.31,22:59:23,2,8,0.0
2026-08-20,Humira,9.22,22:59:53,2,8,4.83
2026-08-20,Humira,2.71,23:00:23,2,8,0.0
2026-08-20,Humira,13.5,23:00:53,2,8,4.85
2026-08-20,Humira,7.08,23:01:23,2,8,0.0
2026-08-20,Humira,17.15,23:01:53,2,8,4.88
2026-08-20,Humira,8.0,23:02:23,2,8,0.0
2026-08-20,Humira,17.7,23:02:53,2,8,4.9
2026-08-20,Humira,15.52,23:03:23,2,8,4.91
2026-08-20,Humira,15.93,23:03:53,2,8,4.92
2026-08-20,Humira,16.86,23:04:23,2,8,4.93
2026-08-20,Humira,17.88,23:04:53,2,8,4.94
2026-08-20,Humira,14.71,23:05:23,2,8,4.95
2026-08-20,Humira,14.51,23:05:53,2,8,4.96
2026-08-20,Humira,12.83,23:06:23,2,8,4.97
2026-08-20,Humira,13.72,23:06:53,2,8,4.98
2026-08-20,Humira,3.05,23:07:23,2,8,0.0
2026-08-20,Humira,4.18,23:07:53,2,8,0.0
2026-08-20,Humira,5.92,23:08:23,2,8,0.0
2026-08-20,Humira,17.98,23:08:53,2,8,5.03
2026-08-20,Humira,3.94,23:09:23,2,8,0.0
2026-08-20,Humira,9.65,23:09:53,2,8,5.05
2026-08-20,Humira,16.56,23:10:23,2,8,5.06
2026-08-20,Humira,11.3,23:10:53,2,8,5.07
2026-08-20,Humira,7.77,23:11:23,2,8,0.0
2026-08-20,Humira,13.3,23:11:53,2,8,5.09
2026-08-20,Humira,6.72,23:12:23,2,8,0.0
2026-08-20,Humira,15.11,23:12:53,2,8,5.11
2026-08-20,Humira,11.6,23:13:23,2,8,5.12
2026-08-20,Humira,3.74,23:13:53,2,8,0.0
2026-08-20,Humira,10.67,23:14:23,2,8,5.15
2026-08-20,Humira,14.08,23:14:53,2,8,5.16
2026-08-20,Humira,17.95,23:15:23,2,8,5.17
2026-08-20,Humira,10.62,23:15:53,2,8,5.18
2026-08-20,Humira,11.0,23:16:23,2,8,5.19
2026-08-20,Humira,12.87,23:16:53,2,8,5.2
2026-08-20,Humira,17.46,23:17:23,2,8,5.21
2026-08-20,Humira,11.61,23:17:53,2,8,5.22
2026-08-20,Humira,5.05,23:18:23,2,8,0.0
2026-08-20,Humira,12.46,23:18:53,2,8,5.24
2026-08-20,Humira,6.76,23:19:23,2,8,0.0
2026-08-20,Humira,10.41,23:19:53,2,8,5.26
2026-08-20,Humira,16.51,23:20:23,2,8,5.28
2026-08-20,Humira,9.01,23:20:53,2,8,5.29
2026-08-20,Humira,12.91,23:21:23,2,8,5.3
2026-08-20,Humira,17.61,23:21:53,2,8,5.31
2026-08-20,Humira,6.25,23:22:23,2,8,0.0
2026-08-20,Humira,13.6,23:22:53,2,8,5.33
2026-08-20,Humira,6.48,23:23:23,2,8,0.0
2026-08-20,Humira,9.88,23:23:53,2,8,5.35
2026-08-20,Humira,5.56,23:24:23,2,8,0.0
2026-08-20,Humira,13.99,23:24:53,2,8,5.37
2026-08-20,Humira,10.95,23:25:23,2,8,5.38
2026-08-20,Humira,7.82,23:25:53,2,8,0.0
2026-08-20,Humira,10.83,23:26:23,2,8,5.41
2026-08-20,Humira,12.95,23:26:53,2,8,5.42
2026-08-20,Humira,2.11,23:27:23,2,8,0.0
2026-08-20,Humira,15.1,23:27:53,2,8,5.44
2026-08-20,Humira,16.21,23:28:23,2,8,5.45
2026-08-20,Humira,2.2,23:28:53,2,8,0.0
2026-08-20,Humira,11.78,23:29:23,2,8,5.47
2026-08-20,Humira,13.32,23:29:53,2,8,5.48
2026-08-20,Humira,13.69,23:30:23,2,8,5.49
2026-08-20,Humira,15.53,23:30:53,2,8,5.5
2026-08-20,Humira,13.01,23:31:23,2,8,5.51
2026-08-20,Humira,7.63,23:31:53,2,8,0.0
2026-08-20,Humira,18.0,23:32:23,2,8,5.54
2026-08-20,Humira,2.55,23:32:53,2,8,0.0
2026-08-20,Humira,17.77,23:33:23,2,8,5.56
2026-08-20,Humira,16.54,23:33:53,2,8,5.57
2026-08-20,Humira,11.89,23:34:23,2,8,5.58
2026-08-20,Humira,4.36,23:34:53,2,8,0.0
2026-08-20,Humira,14.84,23:35:23,2,8,5.6
2026-08-20,Humira,7.33,23:35:53,2,8,0.0
2026-08-20,Humira,11.65,23:36:23,2,8,5.62
2026-08-20,Humira,2.14,23:36:53,2,8,0.0
2026-08-20,Humira,11.48,23:37:23,2,8,5.64
2026-08-20,Humira,10.95,23:37:53,2,8,5.65
2026-08-20,Humira,11.61,23:38:23,2,8,5.67
2026-08-20,Humira,11.38,23:38:53,2,8,5.68
2026-08-20,Humira,13.32,23:39:23,2,8,5.69
2026-08-20,Humira,2.71,23:39:53,2,8,0.0
2026-08-20,Humira,2.65,23:40:23,2,8,0.0
2026-08-20,Humira,15.61,23:40:53,2,8,5.72
2026-08-20,Humira,4.82,23:41:23,2,8,0.0
2026-08-20,Humira,4.8,23:41:53,2,8,0.0
2026-08-20,Humira,10.18,23:42:23,2,8,5.75
2026-08-20,Humira,2.31,23:42:53,2,8,0.0
2026-08-20,Humira,5.73,23:43:23,2,8,0.0
2026-08-20,Humira,2.29,23:43:53,2,8,0.0
2026-08-20,Humira,6.68,23:44:23,2,8,0.0
2026-08-20,Humira,9.7,23:44:53,2,8,5.81
2026-08-20,Humira,11.62,23:45:23,2,8,5.82
2026-08-20,Humira,12.12,23:45:53,2,8,5.83
2026-08-20,Humira,17.16,23:46:23,2,8,5.84
2026-08-20,Humira,9.59,23:46:53,2,8,5.85
2026-08-20,Humira,5.85,23:47:23,2,8,0.0
2026-08-20,Humira,4.76,23:47:53,2,8,0.0
2026-08-20,Humira,17.54,23:48:23,2,8,5.88
2026-08-20,Humira,17.04,23:48:53,2,8,5.89
2026-08-20,Humira,11.5,23:49:23,2,8,5.9
2026-08-20,Humira,6.5,23:49:53,2,8,0.0
2026-08-20,Humira,5.79,23:50:23,2,8,0.0
2026-08-20,Humira,12.86,23:50:53,2,8,5.94
2026-08-20,Humira,4.61,23:51:23,2,8,0.0
2026-08-20,Humira,16.69,23:51:53,2,8,5.96
2026-08-20,Humira,10.26,23:52:23,2,8,5.97
2026-08-20,Humira,12.45,23:52:53,2,8,5.98
2026-08-20,Humira,2.58,23:53:23,2,8,0.0
2026-08-20,Humira,15.36,23:53:53,2,8,6.0
2026-08-20,Humira,2.15,23:54:23,2,8,0.0
2026-08-20,Humira,2.17,23:54:53,2,8,0.0
2026-08-20,Humira,14.72,23:55:23,2,8,6.03
2026-08-20,Humira,16.67,23:55:53,2,8,6.05
2026-08-20,Humira,12.39,23:56:23,2,8,6.06
2026-08-20,Humira,14.8,23:56:53,2,8,6.07
2026-08-20,Humira,7.9,23:57:23,2,8,0.0
2026-08-20,Humira,9.94,23:57:53,2,8,6.09
2026-08-20,Humira,17.65,23:58:23,2,8,6.1
2026-08-20,Humira,6.07,23:58:53,2,8,0.0
2026-08-20,Humira,10.23,23:59:23,2,8,6.12
2026-08-20,Humira,17.94,23:59:53,2,8,6.13
2026-08-20,Humira,4.5,00:00:23,2,8,0.0
2026-08-20,Humira,6.03,00:00:53,2,8,0.0
2026-08-20,Humira,9.85,00:01:23,2,8,6.16
2026-08-20,Humira,15.58,00:01:53,2,8,6.17
2026-08-20,Humira,16.25,00:02:23,2,8,6.19
2026-08-20,Humira,5.41,00:02:53,2,8,0.0
2026-08-20,Humira,7.2,00:03:23,2,8,0.0
2026-08-20,Humira,2.73,00:03:53,2,8,0.0
2026-08-20,Humira,4.25,00:04:23,2,8,0.0
2026-08-20,Humira,11.3,00:04:53,2,8,6.24
2026-08-20,Humira,5.34,00:05:23,2,8,0.0
2026-08-20,Humira,15.39,00:05:53,2,8,6.26
2026-08-20,Humira,15.0,00:06:23,2,8,6.27
2026-08-20,Humira,13.81,00:06:53,2,8,6.28
2026-08-20,Humira,16.68,00:07:23,2,8,6.29
2026-08-20,Humira,10.1,00:07:53,2,8,6.3
2026-08-20,Humira,9.45,00:08:23,2,8,6.32
2026-08-20,Humira,4.05,00:08:53,2,8,0.0
2026-08-20,Humira,5.63,00:09:23,2,8,0.0
2026-08-20,Humira,2.77,00:09:53,2,8,0.0
2026-08-20,Humira,13.38,00:10:23,2,8,6.36
2026-08-20,Humira,5.21,00:10:53,2,8,0.0
2026-08-20,Humira,3.49,00:11:23,2,8,0.0
2026-08-20,Humira,11.27,00:11:53,2,8,6.39
2026-08-20,Humira,4.36,00:12:23,2,8,0.0
2026-08-20,Humira,10.58,00:12:53,2,8,6.41
2026-08-20,Humira,2.62,00:13:23,2,8,0.0
2026-08-20,Humira,10.3,00:13:53,2,8,6.44
2026-08-20,Humira,4.44,00:14:23,2,8,0.0
2026-08-20,Humira,10.15,00:14:53,2,8,6.46
2026-08-20,Humira,17.25,00:15:23,2,8,6.47
2026-08-20,Humira,17.88,00:15:53,2,8,6.48
2026-08-20,Humira,9.76,00:16:23,2,8,6.49
2026-08-20,Humira,16.23,00:16:53,2,8,6.5
2026-08-20,Humira,11.5,00:17:23,2,8,6.51
2026-08-20,Humira,9.18,00:17:53,2,8,6.52
2026-08-20,Humira,2.25,00:18:23,2,8,0.0
2026-08-20,Humira,7.39,00:18:53,2,8,0.0
2026-08-20,Humira,9.5,00:19:23,2,8,6.55
2026-08-20,Humira,11.12,00:19:53,2,8,6.57
2026-08-20,Humira,5.28,00:20:23,2,8,0.0
2026-08-20,Humira,6.45,00:20:53,2,8,0.0
2026-08-20,Humira,4.63,00:21:23,2,8,0.0
2026-08-20,Humira,10.58,00:21:53,2,8,6.61
2026-08-20,Humira,5.96,00:22:23,2,8,0.0
2026-08-20,Humira,14.59,00:22:53,2,8,6.63
2026-08-20,Humira,11.2,00:23:23,2,8,6.64
2026-08-20,Humira,4.03,00:23:53,2,8,0.0
2026-08-20,Humira,13.77,00:24:23,2,8,6.66
2026-08-20,Humira,10.23,00:24:53,2,8,6.67
2026-08-20,Humira,3.13,00:25:23,2,8,0.0
2026-08-20,Humira,17.09,00:25:53,2,8,6.7
2026-08-20,Humira,11.84,00:26:23,2,8,6.71
2026-08-20,Humira,14.46,00:26:53,2,8,6.72
2026-08-20,Humira,4.23,00:27:23,2,8,0.0
2026-08-20,Humira,16.34,00:27:53,2,8,6.74
2026-08-20,Humira,6.82,00:28:23,2,8,0.0
2026-08-20,Humira,14.17,00:28:53,2,8,6.76
2026-08-20,Humira,9.0,00:29:23,2,8,6.77
2026-08-20,Humira,4.09,00:29:53,2,8,0.0
2026-08-20,Humira,14.71,00:30:23,2,8,6.79
2026-08-20,Humira,11.01,00:30:53,2,8,6.8
2026-08-20,Humira,6.82,00:31:23,2,8,0.0
2026-08-20,Humira,7.34,00:31:53,2,8,0.0
2026-08-20,Humira,9.37,00:32:23,2,8,6.84
2026-08-20,Humira,11.11,00:32:53,2,8,6.85
2026-08-20,Humira,15.76,00:33:23,2,8,6.86
2026-08-20,Humira,17.7,00:33:53,2,8,6.87
2026-08-20,Humira,15.44,00:34:23,2,8,6.88
2026-08-20,Humira,7.88,00:34:53,2,8,0.0
2026-08-20,Humira,10.59,00:35:23,2,8,6.9
2026-08-20,Humira,7.18,00:35:53,2,8,0.0
2026-08-20,Humira,7.07,00:36:23,2,8,0.0
2026-08-20,Humira,12.12,00:36:53,2,8,6.93
2026-08-20,Humira,14.53,00:37:23,2,8,6.94
2026-08-20,Humira,13.86,00:37:53,2,8,6.96
2026-08-20,Humira,3.48,00:38:23,2,8,0.0
2026-08-20,Humira,16.29,00:38:53,2,8,6.98
2026-08-20,Humira,2.09,00:39:23,2,8,0.0
2026-08-20,Humira,3.39,00:39:53,2,8,0.0
2026-08-20,Humira,13.58,00:40:23,2,8,7.01
2026-08-20,Humira,12.29,00:40:53,2,8,7.02
2026-08-20,Humira,13.21,00:41:23,2,8,7.03
2026-08-20,Humira,13.16,00:41:53,2,8,7.04
2026-08-20,Humira,7.01,00:42:23,2,8,0.0
2026-08-20,Humira,9.91,00:42:53,2,8,7.06
2026-08-20,Humira,17.32,00:43:23,2,8,7.07
2026-08-20,Humira,7.87,00:43:53,2,8,0.0
2026-08-20,Humira,15.35,00:44:23,2,8,7.1
2026-08-20,Humira,3.41,00:44:53,2,8,0.0
2026-08-20,Humira,16.68,00:45:23,2,8,7.12
2026-08-20,Humira,9.4,00:45:53,2,8,7.13
2026-08-20,Humira,15.03,00:46:23,2,8,7.14
2026-08-20,Humira,16.78,00:46:53,2,8,7.15
2026-08-20,Humira,17.31,00:47:23,2,8,7.16
2026-08-20,Humira,14.14,00:47:53,2,8,7.17
2026-08-20,Humira,15.86,00:48:23,2,8,7.18
2026-08-20,Humira,9.52,00:48:53,2,8,7.19
2026-08-20,Humira,16.09,00:49:23,2,8,7.2
2026-08-20,Humira,6.0,00:49:53,2,8,0.0
2026-08-20,Humira,3.27,00:50:23,2,8,0.0
2026-08-20,Humira,15.7,00:50:53,2,8,7.24
2026-08-20,Humira,3.95,00:51:23,2,8,0.0
2026-08-20,Humira,15.72,00:51:53,2,8,7.26
2026-08-20,Humira,13.35,00:52:23,2,8,7.27
2026-08-20,Humira,11.56,00:52:53,2,8,7.28
2026-08-20,Humira,15.35,00:53:23,2,8,7.29
2026-08-20,Humira,12.76,00:53:53,2,8,7.3
2026-08-20,Humira,7.95,00:54:23,2,8,0.0
2026-08-20,Humira,9.03,00:54:53,2,8,7.32
2026-08-20,Humira,3.02,00:55:23,2,8,0.0
2026-08-20,Humira,16.71,00:55:53,2,8,7.35
2026-08-20,Humira,15.47,00:56:23,2,8,7.36
2026-08-20,Humira,17.05,00:56:53,2,8,7.37
2026-08-20,Humira,10.27,00:57:23,2,8,7.38
2026-08-20,Humira,10.26,00:57:53,2,8,7.39
2026-08-20,Humira,14.99,00:58:23,2,8,7.4
2026-08-20,Humira,2.93,00:58:53,2,8,0.0
2026-08-20,Humira,14.35,00:59:23,2,8,7.42
2026-08-20,Humira,11.68,00:59:53,2,8,7.43
2026-08-20,Humira,9.99,01:00:23,2,8,7.44
2026-08-20,Humira,13.18,01:00:53,2,8,7.45
2026-08-20,Humira,9.72,01:01:23,2,8,7.46
2026-08-20,Humira,14.03,01:01:53,2,8,7.48
2026-08-20,Humira,2.6,01:02:23,2,8,0.0
2026-08-20,Humira,3.17,01:02:53,2,8,0.0
2026-08-20,Humira,9.01,01:03:23,2,8,7.51
2026-08-20,Humira,13.34,01:03:53,2,8,7.52
2026-08-20,Humira,17.42,01:04:23,2,8,7.53
2026-08-20,Humira,13.02,01:04:53,2,8,7.54
2026-08-20,Humira,16.21,01:05:23,2,8,7.55
2026-08-20,Humira,15.72,01:05:53,2,8,7.56
2026-08-20,Humira,14.1,01:06:23,2,8,7.57
2026-08-20,Humira,7.72,01:06:53,2,8,0.0
2026-08-20,Humira,9.94,01:07:23,2,8,7.59
2026-08-20,Humira,13.37,01:07:53,2,8,7.6
2026-08-20,Humira,6.67,01:08:23,2,8,0.0
2026-08-20,Humira,12.42,01:08:53,2,8,7.63
2026-08-20,Humira,13.94,01:09:23,2,8,7.64
2026-08-20,Humira,15.99,01:09:53,2,8,7.65
2026-08-20,Humira,7.79,01:10:23,2,8,0.0
2026-08-20,Humira,14.52,01:10:53,2,8,7.67
2026-08-20,Humira,4.11,01:11:23,2,8,0.0
2026-08-20,Humira,15.07,01:11:53,2,8,7.69
2026-08-20,Humira,17.5,01:12:23,2,8,7.7
2026-08-20,Humira,4.47,01:12:53,2,8,0.0
2026-08-20,Humira,10.84,01:13:23,2,8,7.72
2026-08-20,Humira,3.82,01:13:53,2,8,0.0
2026-08-20,Humira,11.27,01:14:23,2,8,7.75
2026-08-20,Humira,16.82,01:14:53,2,8,7.76
2026-08-20,Humira,13.34,01:15:23,2,8,7.77
2026-08-20,Humira,3.45,01:15:53,2,8,0.0
2026-08-20,Humira,11.03,01:16:23,2,8,7.79
2026-08-20,Humira,14.11,01:16:53,2,8,7.8
2026-08-20,Humira,13.87,01:17:23,2,8,7.81
2026-08-20,Humira,10.95,01:17:53,2,8,7.82
2026-08-20,Humira,3.47,01:18:23,2,8,0.0
2026-08-20,Humira,16.54,01:18:53,2,8,7.84
2026-08-20,Humira,3.24,01:19:23,2,8,0.0
2026-08-20,Humira,10.74,01:19:53,2,8,7.87
2026-08-20,Humira,15.45,01:20:23,2,8,7.88
2026-08-20,Humira,9.68,01:20:53,2,8,7.89
2026-08-20,Humira,10.94,01:21:23,2,8,7.9
2026-08-20,Humira,12.5,01:21:53,2,8,7.91
2026-08-20,Humira,12.25,01:22:23,2,8,7.92
2026-08-20,Humira,10.4,01:22:53,2,8,7.93
2026-08-20,Humira,9.61,01:23:23,2,8,7.94
2026-08-20,Humira,13.98,01:23:53,2,8,7.95
2026-08-20,Humira,11.13,01:24:23,2,8,7.96
2026-08-20,Humira,17.46,01:24:53,2,8,7.97
2026-08-20,Humira,6.59,01:25:23,2,8,0.0
2026-08-20,Humira,14.45,01:25:53,2,8,8.0
2026-08-20,Humira,9.15,01:26:23,2,8,8.01
2026-08-20,Humira,13.29,01:26:53,2,8,8.02
2026-08-20,Humira,14.89,01:27:23,2,8,8.03
2026-08-20,Humira,15.12,01:27:53,2,8,8.04
2026-08-20,Humira,11.79,01:28:23,2,8,8.05
2026-08-20,Humira,15.77,01:28:53,2,8,8.06
2026-08-20,Humira,16.17,01:29:23,2,8,8.07
2026-08-20,Humira,10.82,01:29:53,2,8,8.08
2026-08-20,Humira,6.4,01:30:23,2,8,0.0
2026-08-20,Humira,17.34,01:30:53,2,8,8.1
2026-08-20,Humira,17.31,01:31:23,2,8,8.11
2026-08-20,Humira,4.71,01:31:53,2,8,0.0
2026-08-20,Humira,14.14,01:32:23,2,8,8.14
2026-08-20,Humira,7.83,01:32:53,2,8,0.0
2026-08-20,Humira,7.58,01:33:23,2,8,0.0
2026-08-20,Humira,13.38,01:33:53,2,8,8.17
2026-08-20,Humira,5.68,01:34:23,2,8,0.0
2026-08-20,Humira,14.76,01:34:53,2,8,8.19
2026-08-20,Humira,15.66,01:35:23,2,8,8.2
2026-08-20,Humira,17.55,01:35:53,2,8,8.21
2026-08-20,Humira,12.8,01:36:23,2,8,8.22
2026-08-20,Humira,14.22,01:36:53,2,8,8.23
2026-08-20,Humira,16.72,01:37:23,2,8,8.24
2026-08-20,Humira,14.33,01:37:53,2,8,8.25
2026-08-20,Humira,7.41,01:38:23,2,8,0.0
2026-08-20,Humira,2.08,01:38:53,2,8,0.0
2026-08-20,Humira,7.81,01:39:23,2,8,0.0
2026-08-20,Humira,11.29,01:39:53,2,8,8.3
2026-08-20,Humira,15.47,01:40:23,2,8,8.31
2026-08-20,Humira,9.92,01:40:53,2,8,8.32
2026-08-20,Humira,3.39,01:41:23,2,8,0.0
2026-08-20,Humira,13.11,01:41:53,2,8,8.34
2026-08-20,Humira,9.69,01:42:23,2,8,8.35
2026-08-20,Humira,12.94,01:42:53,2,8,8.36
2026-08-20,Humira,9.78,01:43:23,2,8,8.37
2026-08-20,Humira,10.83,01:43:53,2,8,8.38
2026-08-20,Humira,14.95,01:44:23,2,8,8.4
2026-08-20,Humira,2.53,01:44:53,2,8,0.0
2026-08-20,Humira,5.8,01:45:23,2,8,0.0
2026-08-20,Humira,12.23,01:45:53,2,8,8.43
2026-08-20,Humira,3.53,01:46:23,2,8,0.0
2026-08-20,Humira,10.43,01:46:53,2,8,8.45
2026-08-20,Humira,17.97,01:47:23,2,8,8.46
2026-08-20,Humira,12.34,01:47:53,2,8,8.47
2026-08-20,Humira,16.41,01:48:23,2,8,8.48
2026-08-20,Humira,16.22,01:48:53,2,8,8.49
2026-08-20,Humira,15.6,01:49:23,2,8,8.5
2026-08-20,Humira,12.01,01:49:53,2,8,8.52
2026-08-20,Humira,6.75,01:50:23,2,8,0.0
2026-08-20,Humira,6.62,01:50:53,2,8,0.0
2026-08-20,Humira,16.2,01:51:23,2,8,8.55
2026-08-20,Humira,4.77,01:51:53,2,8,0.0
2026-08-20,Humira,17.19,01:52:23,2,8,8.57
2026-08-20,Humira,9.23,01:52:53,2,8,8.58
2026-08-20,Humira,3.57,01:53:23,2,8,0.0
2026-08-20,Humira,12.45,01:53:53,2,8,8.6
2026-08-20,Humira,17.26,01:54:23,2,8,8.61
2026-08-20,Humira,14.0,01:54:53,2,8,8.62
2026-08-20,Humira,12.23,01:55:23,2,8,8.63
2026-08-20,Humira,16.85,01:55:53,2,8,8.65
2026-08-20,Humira,16.83,01:56:23,2,8,8.66
2026-08-20,Humira,13.8,01:56:53,2,8,8.67
2026-08-20,Humira,4.97,01:57:23,2,8,0.0
2026-08-20,Humira,15.72,01:57:53,2,8,8.69
2026-08-20,Humira,15.25,01:58:23,2,8,8.7
2026-08-20,Humira,11.02,01:58:53,2,8,8.71
2026-08-20,Humira,6.67,01:59:23,2,8,0.0
2026-08-20,Humira,15.21,01:59:53,2,8,8.73
2026-08-20,Humira,2.96,02:00:23,2,8,0.0
2026-08-20,Humira,3.86,02:00:53,2,8,0.0
2026-08-20,Humira,3.06,02:01:23,2,8,0.0
2026-08-20,Humira,15.19,02:01:53,2,8,8.78
2026-08-20,Humira,6.6,02:02:23,2,8,0.0
2026-08-20,Humira,5.8,02:02:53,2,8,0.0
2026-08-20,Humira,5.99,02:03:23,2,8,0.0
2026-08-20,Humira,9.99,02:03:53,2,8,8.82
2026-08-20,Humira,6.59,02:04:23,2,8,0.0
2026-08-20,Humira,13.13,02:04:53,2,8,8.84
2026-08-20,Humira,5.6,02:05:23,2,8,0.0
2026-08-20,Humira,11.81,02:05:53,2,8,8.86
2026-08-20,Humira,2.92,02:06:23,2,8,0.0
2026-08-20,Humira,9.86,02:06:53,2,8,8.88
2026-08-20,Humira,5.9,02:07:23,2,8,0.0
2026-08-20,Humira,2.49,02:07:53,2,8,0.0
2026-08-20,Humira,11.21,02:08:23,2,8,8.92
2026-08-20,Humira,13.68,02:08:53,2,8,8.93
2026-08-20,Humira,16.36,02:09:23,2,8,8.94
2026-08-20,Humira,7.97,02:09:53,2,8,0.0
2026-08-20,Humira,12.53,02:10:23,2,8,8.96
2026-08-20,Humira,4.27,02:10:53,2,8,0.0
2026-08-20,Humira,7.57,02:11:23,2,8,0.0
2026-08-20,Humira,13.8,02:11:53,2,8,8.99
2026-08-20,Humira,9.4,02:12:23,2,8,9.0
2026-08-20,Humira,5.82,02:12:53,2,8,0.0
2026-08-20,Humira,11.09,02:13:23,2,8,9.02
2026-08-20,Humira,6.87,02:13:53,2,8,0.0
2026-08-20,Humira,16.48,02:14:23,2,8,9.05
2026-08-20,Humira,12.65,02:14:53,2,8,9.06
2026-08-20,Humira,17.93,02:15:23,2,8,9.07
2026-08-20,Humira,14.09,02:15:53,2,8,9.08
2026-08-20,Humira,13.55,02:16:23,2,8,9.09
2026-08-20,Humira,3.16,02:16:53,2,8,0.0
2026-08-20,Humira,10.73,02:17:23,2,8,9.11
2026-08-20,Humira,6.74,02:17:53,2,8,0.0
2026-08-20,Humira,13.03,02:18:23,2,8,9.13
2026-08-20,Humira,16.11,02:18:53,2,8,9.14
2026-08-20,Humira,13.82,02:19:23,2,8,9.15
2026-08-20,Humira,2.6,02:19:53,2,8,0.0
2026-08-20,Humira,16.01,02:20:23,2,8,9.18
2026-08-20,Humira,16.62,02:20:53,2,8,9.19
2026-08-20,Humira,16.43,02:21:23,2,8,9.2
2026-08-20,Humira,12.04,02:21:53,2,8,9.21
2026-08-20,Humira,6.31,02:22:23,2,8,0.0
2026-08-20,Humira,15.61,02:22:53,2,8,9.23
2026-08-20,Humira,12.71,02:23:23,2,8,9.24
2026-08-20,Humira,9.19,02:23:53,2,8,9.25
2026-08-20,Humira,12.63,02:24:23,2,8,9.26
2026-08-20,Humira,7.26,02:24:53,2,8,0.0
2026-08-20,Humira,10.64,02:25:23,2,8,9.28
2026-08-20,Humira,16.33,02:25:53,2,8,9.29
2026-08-20,Humira,3.92,02:26:23,2,8,0.0
2026-08-20,Humira,17.18,02:26:53,2,8,9.32
2026-08-20,Humira,5.12,02:27:23,2,8,0.0
2026-08-20,Humira,10.39,02:27:53,2,8,9.34
2026-08-20,Humira,9.74,02:28:23,2,8,9.35
2026-08-20,Humira,17.78,02:28:53,2,8,9.36
2026-08-20,Humira,2.27,02:29:23,2,8,0.0
2026-08-20,Humira,10.47,02:29:53,2,8,9.38
2026-08-20,Humira,15.64,02:30:23,2,8,9.39
2026-08-20,Humira,3.06,02:30:53,2,8,0.0
2026-08-20,Humira,14.32,02:31:23,2,8,9.41
2026-08-20,Humira,9.31,02:31:53,2,8,9.43
2026-08-20,Humira,17.53,02:32:23,2,8,9.44
2026-08-20,Humira,15.44,02:32:53,2,8,9.45
2026-08-20,Humira,7.27,02:33:23,2,8,0.0
2026-08-20,Humira,11.1,02:33:53,2,8,9.47
2026-08-20,Humira,16.8,02:34:23,2,8,9.48
2026-08-20,Humira,4.07,02:34:53,2,8,0.0
2026-08-20,Humira,12.86,02:35:23,2,8,9.5
2026-08-20,Humira,5.47,02:35:53,2,8,0.0
2026-08-20,Humira,16.03,02:36:23,2,8,9.52
2026-08-20,Humira,5.12,02:36:53,2,8,0.0
2026-08-20,Humira,17.41,02:37:23,2,8,9.54
2026-08-20,Humira,14.84,02:37:53,2,8,9.55
2026-08-20,Humira,7.54,02:38:23,2,8,0.0
2026-08-20,Humira,11.12,02:38:53,2,8,9.58
2026-08-20,Humira,4.91,02:39:23,2,8,0.0
2026-08-20,Humira,12.28,02:39:53,2,8,9.6
2026-08-20,Humira,2.64,02:40:23,2,8,0.0
2026-08-20,Humira,5.14,02:40:53,2,8,0.0
2026-08-20,Humira,13.36,02:41:23,2,8,9.63
2026-08-20,Humira,9.75,02:41:53,2,8,9.64
2026-08-20,Humira,4.47,02:42:23,2,8,0.0
2026-08-20,Humira,17.52,02:42:53,2,8,9.66
2026-08-20,Humira,13.05,02:43:23,2,8,9.67
2026-08-20,Humira,15.99,02:43:53,2,8,9.69
2026-08-20,Humira,14.9,02:44:23,2,8,9.7
2026-08-20,Humira,11.68,02:44:53,2,8,9.71
2026-08-20,Humira,5.47,02:45:23,2,8,0.0
2026-08-20,Humira,11.95,02:45:53,2,8,9.73
2026-08-20,Humira,2.72,02:46:23,2,8,0.0
2026-08-20,Humira,11.05,02:46:53,2,8,9.75
2026-08-20,Humira,12.88,02:47:23,2,8,9.76
2026-08-20,Humira,7.59,02:47:53,2,8,0.0
2026-08-20,Humira,9.16,02:48:23,2,8,9.78
2026-08-20,Humira,13.75,02:48:53,2,8,9.79
2026-08-20,Humira,9.3,02:49:23,2,8,9.8
2026-08-20,Humira,4.25,02:49:53,2,8,0.0
2026-08-20,Humira,10.78,02:50:23,2,8,9.83
2026-08-20,Humira,2.96,02:50:53,2,8,0.0
2026-08-20,Humira,2.01,02:51:23,2,8,0.0
2026-08-20,Humira,3.49,02:51:53,2,8,0.0
2026-08-20,Humira,14.39,02:52:23,2,8,9.87
2026-08-20,Humira,14.93,02:52:53,2,8,9.88
2026-08-20,Humira,15.05,02:53:23,2,8,9.89
2026-08-20,Humira,12.05,02:53:53,2,8,9.9
2026-08-20,Humira,17.04,02:54:23,2,8,9.91
2026-08-20,Humira,2.34,02:54:53,2,8,0.0
2026-08-20,Humira,6.06,02:55:23,2,8,0.0
2026-08-20,Humira,4.23,02:55:53,2,8,0.0
2026-08-20,Humira,10.49,02:56:23,2,8,9.96
2026-08-20,Humira,5.79,02:56:53,2,8,0.0
2026-08-20,Humira,14.68,02:57:23,2,8,9.98
2026-08-20,Humira,11.14,02:57:53,2,8,9.99
2026-08-20,Humira,6.33,02:58:23,2,8,0.0
2026-08-20,Humira,11.1,02:58:53,2,8,10.01
2026-08-20,Humira,15.03,02:59:23,2,8,10.02
2026-08-20,Humira,9.66,02:59:53,2,8,10.03
2026-08-20,Humira,15.72,03:00:23,2,8,10.04
2026-08-20,Humira,10.54,03:00:53,2,8,10.05
2026-08-20,Humira,7.9,03:01:23,2,8,0.0
2026-08-20,Humira,17.73,03:01:53,2,8,10.08
2026-08-20,Humira,13.24,03:02:23,2,8,10.09
2026-08-20,Humira,9.05,03:02:53,2,8,10.1
2026-08-20,Humira,15.2,03:03:23,2,8,10.11
2026-08-20,Humira,12.65,03:03:53,2,8,10.12
2026-08-20,Humira,11.5,03:04:23,2,8,10.13
2026-08-20,Humira,16.73,03:04:53,2,8,10.14
2026-08-20,Humira,15.76,03:05:23,2,8,10.15
2026-08-20,Humira,2.05,03:05:53,2,8,0.0
2026-08-20,Humira,4.12,03:06:23,2,8,0.0
2026-08-20,Humira,14.83,03:06:53,2,8,10.18
2026-08-20,Humira,15.45,03:07:23,2,8,10.19
2026-08-20,Humira,10.24,03:07:53,2,8,10.21
2026-08-20,Humira,11.55,03:08:23,2,8,10.22
2026-08-20,Humira,17.95,03:08:53,2,8,10.23
2026-08-20,Humira,5.04,03:09:23,2,8,0.0
2026-08-20,Humira,10.48,03:09:53,2,8,10.25
2026-08-20,Humira,6.18,03:10:23,2,8,0.0
2026-08-20,Humira,3.36,03:10:53,2,8,0.0
2026-08-20,Humira,4.43,03:11:23,2,8,0.0
2026-08-20,Humira,9.47,03:11:53,2,8,10.29
2026-08-20,Humira,10.03,03:12:23,2,8,10.3
2026-08-20,Humira,17.38,03:12:53,2,8,10.31
2026-08-20,Humira,17.94,03:13:23,2,8,10.32
2026-08-20,Humira,15.42,03:13:53,2,8,10.34
2026-08-20,Humira,12.19,03:14:23,2,8,10.35
2026-08-20,Humira,12.55,03:14:53,2,8,10.36
2026-08-20,Humira,7.68,03:15:23,2,8,0.0
2026-08-20,Humira,17.76,03:15:53,2,8,10.38
2026-08-20,Humira,7.33,03:16:23,2,8,0.0
2026-08-20,Humira,13.18,03:16:53,2,8,10.4
2026-08-20,Humira,9.3,03:17:23,2,8,10.41
2026-08-20,Humira,12.34,03:17:53,2,8,10.42
2026-08-20,Humira,14.86,03:18:23,2,8,10.43
2026-08-20,Humira,13.63,03:18:53,2,8,10.44
2026-08-20,Humira,10.14,03:19:23,2,8,10.45
2026-08-20,Humira,13.93,03:19:53,2,8,10.47
2026-08-20,Humira,3.43,03:20:23,2,8,0.0
2026-08-20,Humira,10.98,03:20:53,2,8,10.49
2026-08-20,Humira,5.49,03:21:23,2,8,0.0
2026-08-20,Humira,11.98,03:21:53,2,8,10.51
2026-08-20,Humira,2.8,03:22:23,2,8,0.0
2026-08-20,Humira,4.93,03:22:53,2,8,0.0
2026-08-20,Humira,2.94,03:23:23,2,8,0.0
2026-08-20,Humira,13.14,03:23:53,2,8,10.55
2026-08-20,Humira,12.76,03:24:23,2,8,10.56
2026-08-20,Humira,11.45,03:24:53,2,8,10.57
2026-08-20,Humira,17.31,03:25:23,2,8,10.58
2026-08-20,Humira,5.6,03:25:53,2,8,0.0
2026-08-20,Humira,6.23,03:26:23,2,8,0.0
2026-08-20,Humira,7.74,03:26:53,2,8,0.0
2026-08-20,Humira,16.53,03:27:23,2,8,10.63
2026-08-20,Humira,13.75,03:27:53,2,8,10.64
2026-08-20,Humira,16.32,03:28:23,2,8,10.65
2026-08-20,Humira,9.4,03:28:53,2,8,10.66
2026-08-20,Humira,4.12,03:29:23,2,8,0.0
2026-08-20,Humira,5.24,03:29:53,2,8,0.0
2026-08-20,Humira,15.94,03:30:23,2,8,10.69
2026-08-20,Humira,13.76,03:30:53,2,8,10.7
2026-08-20,Humira,12.29,03:31:23,2,8,10.71
2026-08-20,Humira,14.59,03:31:53,2,8,10.72
2026-08-20,Humira,17.51,03:32:23,2,8,10.74
2026-08-20,Humira,14.38,03:32:53,2,8,10.75
2026-08-20,Humira,16.22,03:33:23,2,8,10.76
2026-08-20,Humira,9.45,03:33:53,2,8,10.77
2026-08-20,Humira,15.86,03:34:23,2,8,10.78
2026-08-20,Humira,5.08,03:34:53,2,8,0.0
2026-08-20,Humira,17.43,03:35:23,2,8,10.8
2026-08-20,Humira,14.41,03:35:53,2,8,10.81
2026-08-20,Humira,16.36,03:36:23,2,8,10.82
2026-08-20,Humira,9.43,03:36:53,2,8,10.83
2026-08-20,Humira,2.38,03:37:23,2,8,0.0
2026-08-20,Humira,9.22,03:37:53,2,8,10.86
2026-08-20,Humira,9.65,03:38:23,2,8,10.87
2026-08-20,Humira,13.69,03:38:53,2,8,10.88
2026-08-20,Humira,6.46,03:39:23,2,8,0.0
2026-08-20,Humira,6.26,03:39:53,2,8,0.0
2026-08-20,Humira,4.66,03:40:23,2,8,0.0
2026-08-20,Humira,12.32,03:40:53,2,8,10.92
2026-08-20,Humira,10.16,03:41:23,2,8,10.93
2026-08-20,Humira,3.57,03:41:53,2,8,0.0
2026-08-20,Humira,3.31,03:42:23,2,8,0.0
2026-08-20,Humira,16.51,03:42:53,2,8,10.96
2026-08-20,Humira,17.61,03:43:23,2,8,10.97
2026-08-20,Humira,5.36,03:43:53,2,8,0.0
2026-08-20,Humira,10.01,03:44:23,2,8,11.0
2026-08-20,Humira,7.48,03:44:53,2,8,0.0
2026-08-20,Humira,7.24,03:45:23,2,8,0.0
2026-08-20,Humira,13.25,03:45:53,2,8,11.03
2026-08-20,Humira,6.77,03:46:23,2,8,0.0
2026-08-20,Humira,10.13,03:46:53,2,8,11.05
2026-08-20,Humira,9.84,03:47:23,2,8,11.06
2026-08-20,Humira,14.8,03:47:53,2,8,11.07
2026-08-20,Humira,7.54,03:48:23,2,8,0.0
2026-08-20,Humira,2.11,03:48:53,2,8,0.0
2026-08-20,Humira,14.59,03:49:23,2,8,11.1
2026-08-20,Humira,2.85,03:49:53,2,8,0.0
2026-08-20,Humira,11.95,03:50:23,2,8,11.13
2026-08-20,Humira,11.32,03:50:53,2,8,11.14
2026-08-20,Humira,14.12,03:51:23,2,8,11.15
2026-08-20,Humira,14.66,03:51:53,2,8,11.16
2026-08-20,Humira,17.28,03:52:23,2,8,11.17
2026-08-20,Humira,15.35,03:52:53,2,8,11.18
2026-08-20,Humira,7.16,03:53:23,2,8,0.0
2026-08-20,Humira,3.33,03:53:53,2,8,0.0
2026-08-20,Humira,11.65,03:54:23,2,8,11.21
2026-08-20,Humira,9.11,03:54:53,2,8,11.22
2026-08-20,Humira,17.02,03:55:23,2,8,11.23
2026-08-20,Humira,15.31,03:55:53,2,8,11.25
2026-08-20,Humira,17.52,03:56:23,2,8,11.26
2026-08-20,Humira,10.67,03:56:53,2,8,11.27
2026-08-20,Humira,15.36,03:57:23,2,8,11.28
2026-08-20,Humira,17.73,03:57:53,2,8,11.29
2026-08-20,Humira,13.51,03:58:23,2,8,11.3
2026-08-20,Humira,14.56,03:58:53,2,8,11.31
2026-08-20,Humira,11.35,03:59:23,2,8,11.32
2026-08-20,Humira,10.94,03:59:53,2,8,11.33
2026-08-20,Humira,13.37,04:00:23,2,8,11.34
2026-08-20,Humira,13.25,04:00:53,2,8,11.35
2026-08-20,Humira,14.56,04:01:23,2,8,11.36
2026-08-20,Humira,13.94,04:01:53,2,8,11.38
2026-08-20,Humira,9.64,04:02:23,2,8,11.39
2026-08-20,Humira,12.1,04:02:53,2,8,11.4
2026-08-20,Humira,10.24,04:03:23,2,8,11.41
2026-08-20,Humira,9.83,04:03:53,2,8,11.42
2026-08-20,Humira,9.94,04:04:23,2,8,11.43
2026-08-20,Humira,3.91,04:04:53,2,8,0.0
2026-08-20,Humira,16.69,04:05:23,2,8,11.45
2026-08-20,Humira,2.71,04:05:53,2,8,0.0
2026-08-20,Humira,11.25,04:06:23,2,8,11.47
2026-08-20,Humira,9.86,04:06:53,2,8,11.48
2026-08-20,Humira,7.0,04:07:23,2,8,0.0
2026-08-20,Humira,15.61,04:07:53,2,8,11.51
2026-08-20,Humira,14.65,04:08:23,2,8,11.52
2026-08-20,Humira,12.42,04:08:53,2,8,11.53
2026-08-20,Humira,11.66,04:09:23,2,8,11.54
2026-08-20,Humira,4.01,04:09:53,2,8,0.0
2026-08-20,Humira,7.11,04:10:23,2,8,0.0
2026-08-20,Humira,12.28,04:10:53,2,8,11.57
2026-08-20,Humira,12.54,04:11:23,2,8,11.58
2026-08-20,Humira,2.48,04:11:53,2,8,0.0
2026-08-20,Humira,2.58,04:12:23,2,8,0.0
2026-08-20,Humira,12.55,04:12:53,2,8,11.61
2026-08-20,Humira,4.41,04:13:23,2,8,0.0
2026-08-20,Humira,7.08,04:13:53,2,8,0.0
2026-08-20,Humira,16.51,04:14:23,2,8,11.65
2026-08-20,Humira,17.0,04:14:53,2,8,11.66
2026-08-20,Humira,14.05,04:15:23,2,8,11.67
2026-08-20,Humira,10.06,04:15:53,2,8,11.68
2026-08-20,Humira,5.11,04:16:23,2,8,0.0
2026-08-20,Humira,3.47,04:16:53,2,8,0.0
2026-08-20,Humira,13.6,04:17:23,2,8,11.71
2026-08-20,Humira,10.25,04:17:53,2,8,11.72
2026-08-20,Humira,16.71,04:18:23,2,8,11.73
2026-08-20,Humira,3.82,04:18:53,2,8,0.0
2026-08-20,Humira,12.93,04:19:23,2,8,11.75
2026-08-20,Humira,16.15,04:19:53,2,8,11.77
2026-08-20,Humira,3.53,04:20:23,2,8,0.0
2026-08-20,Humira,7.48,04:20:53,2,8,0.0
2026-08-20,Humira,15.47,04:21:23,2,8,11.8
2026-08-20,Humira,16.0,04:21:53,2,8,11.81
2026-08-20,Humira,5.59,04:22:23,2,8,0.0
2026-08-20,Humira,11.83,04:22:53,2,8,11.83
2026-08-20,Humira,14.06,04:23:23,2,8,11.84
2026-08-20,Humira,3.12,04:23:53,2,8,0.0
2026-08-20,Humira,7.27,04:24:23,2,8,0.0
2026-08-20,Humira,2.56,04:24:53,2,8,0.0
2026-08-20,Humira,12.93,04:25:23,2,8,11.88
2026-08-20,Humira,15.82,04:25:53,2,8,11.9
2026-08-20,Humira,10.98,04:26:23,2,8,11.91
2026-08-20,Humira,12.02,04:26:53,2,8,11.92
2026-08-20,Humira,17.33,04:27:23,2,8,11.93
2026-08-20,Humira,2.26,04:27:53,2,8,0.0
2026-08-20,Humira,16.17,04:28:23,2,8,11.95
2026-08-20,Humira,16.34,04:28:53,2,8,11.96
2026-08-20,Humira,17.4,04:29:23,2,8,11.97
2026-08-20,Humira,12.64,04:29:53,2,8,11.98
2026-08-20,Humira,11.2,04:30:23,2,8,11.99
2026-08-20,Humira,17.04,04:30:53,2,8,12.0
2026-08-20,Humira,11.64,04:31:23,2,8,12.01
2026-08-20,Humira,13.55,04:31:53,2,8,12.03
2026-08-20,Humira,4.97,04:32:23,2,8,0.0
2026-08-20,Humira,3.22,04:32:53,2,8,0.0
2026-08-20,Humira,11.81,04:33:23,2,8,12.06
2026-08-20,Humira,7.51,04:33:53,2,8,0.0
2026-08-20,Humira,15.81,04:34:23,2,8,12.08
2026-08-20,Humira,10.41,04:34:53,2,8,12.09
2026-08-20,Humira,12.7,04:35:23,2,8,12.1
2026-08-20,Humira,10.16,04:35:53,2,8,12.11
2026-08-20,Humira,4.39,04:36:23,2,8,0.0
2026-08-20,Humira,11.21,04:36:53,2,8,12.13
2026-08-20,Humira,17.37,04:37:23,2,8,12.14
2026-08-20,Humira,11.84,04:37:53,2,8,12.15
2026-08-20,Humira,14.74,04:38:23,2,8,12.17
2026-08-20,Humira,10.17,04:38:53,2,8,12.18
2026-08-20,Humira,15.47,04:39:23,2,8,12.19
2026-08-20,Humira,14.79,04:39:53,2,8,12.2
2026-08-20,Humira,12.7,04:40:23,2,8,12.21
2026-08-20,Humira,17.73,04:40:53,2,8,12.22
2026-08-20,Humira,13.05,04:41:23,2,8,12.23
2026-08-20,Humira,14.99,04:41:53,2,8,12.24
2026-08-20,Humira,14.22,04:42:23,2,8,12.25
2026-08-20,Humira,11.15,04:42:53,2,8,12.26
2026-08-20,Humira,11.2,04:43:23,2,8,12.27
2026-08-20,Humira,14.53,04:43:53,2,8,12.29
2026-08-20,Humira,4.9,04:44:23,2,8,0.0
2026-08-20,Humira,15.61,04:44:53,2,8,12.31
2026-08-20,Humira,13.59,04:45:23,2,8,12.32
2026-08-20,Humira,15.56,04:45:53,2,8,12.33
2026-08-20,Humira,13.21,04:46:23,2,8,12.34
2026-08-20,Humira,11.42,04:46:53,2,8,12.35
2026-08-20,Humira,9.71,04:47:23,2,8,12.36
2026-08-20,Humira,3.78,04:47:53,2,8,0.0
2026-08-20,Humira,4.33,04:48:23,2,8,0.0
2026-08-20,Humira,12.57,04:48:53,2,8,12.39
2026-08-20,Humira,9.25,04:49:23,2,8,12.4
2026-08-20,Humira,4.88,04:49:53,2,8,0.0
2026-08-20,Humira,7.78,04:50:23,2,8,0.0
2026-08-20,Humira,3.54,04:50:53,2,8,0.0
2026-08-20,Humira,13.61,04:51:23,2,8,12.45
2026-08-20,Humira,11.75,04:51:53,2,8,12.46
2026-08-20,Humira,16.22,04:52:23,2,8,12.47
2026-08-20,Humira,11.06,04:52:53,2,8,12.48
2026-08-20,Humira,2.02,04:53:23,2,8,0.0
2026-08-20,Humira,7.77,04:53:53,2,8,0.0
2026-08-20,Humira,11.32,04:54:23,2,8,12.51
2026-08-20,Humira,10.13,04:54:53,2,8,12.52
2026-08-20,Humira,4.75,04:55:23,2,8,0.0
2026-08-20,Humira,6.26,04:55:53,2,8,0.0
2026-08-20,Humira,5.33,04:56:23,2,8,0.0
2026-08-20,Humira,17.31,04:56:53,2,8,12.57
2026-08-20,Humira,11.98,04:57:23,2,8,12.58
2026-08-20,Humira,17.89,04:57:53,2,8,12.59
2026-08-20,Humira,17.67,04:58:23,2,8,12.6
2026-08-20,Humira,9.15,04:58:53,2,8,12.61
2026-08-20,Humira,11.1,04:59:23,2,8,12.62
2026-08-20,Humira,9.17,04:59:53,2,8,12.63
2026-08-20,Humira,17.85,05:00:23,2,8,12.64
2026-08-20,Humira,13.09,05:00:53,2,8,12.65
2026-08-20,Humira,15.12,05:01:23,2,8,12.66
2026-08-20,Humira,12.78,05:01:53,2,8,12.68
2026-08-20,Humira,2.36,05:02:23,2,8,0.0
2026-08-20,Humira,13.23,05:02:53,2,8,12.7
2026-08-20,Humira,13.05,05:03:23,2,8,12.71
2026-08-20,Humira,11.11,05:03:53,2,8,12.72
2026-08-20,Humira,13.53,05:04:23,2,8,12.73
2026-08-20,Humira,13.4,05:04:53,2,8,12.74
2026-08-20,Humira,7.52,05:05:23,2,8,0.0
2026-08-20,Humira,9.05,05:05:53,2,8,12.76
2026-08-20,Humira,10.96,05:06:23,2,8,12.77
2026-08-20,Humira,16.68,05:06:53,2,8,12.78
2026-08-20,Humira,7.69,05:07:23,2,8,0.0
2026-08-20,Humira,12.9,05:07:53,2,8,12.8
2026-08-20,Humira,15.3,05:08:23,2,8,12.82
2026-08-20,Humira,15.9,05:08:53,2,8,12.83
2026-08-20,Humira,4.63,05:09:23,2,8,0.0
2026-08-20,Humira,7.06,05:09:53,2,8,0.0
2026-08-20,Humira,5.2,05:10:23,2,8,0.0
2026-08-20,Humira,5.41,05:10:53,2,8,0.0
2026-08-20,Humira,10.19,05:11:23,2,8,12.88
2026-08-20,Humira,3.57,05:11:53,2,8,0.0
2026-08-20,Humira,2.26,05:12:23,2,8,0.0
2026-08-20,Humira,2.31,05:12:53,2,8,0.0
2026-08-20,Humira,9.87,05:13:23,2,8,12.92
2026-08-20,Humira,2.02,05:13:53,2,8,0.0
2026-08-20,Humira,14.38,05:14:23,2,8,12.95
2026-08-20,Humira,16.04,05:14:53,2,8,12.96
2026-08-20,Humira,3.12,05:15:23,2,8,0.0
2026-08-20,Humira,2.16,05:15:53,2,8,0.0
2026-08-20,Humira,11.93,05:16:23,2,8,12.99
2026-08-20,Humira,14.31,05:16:53,2,8,13.0
2026-08-20,Humira,14.58,05:17:23,2,8,13.01
2026-08-20,Humira,6.6,05:17:53,2,8,0.0
2026-08-20,Humira,15.83,05:18:23,2,8,13.03
2026-08-20,Humira,11.9,05:18:53,2,8,13.04
2026-08-20,Humira,3.76,05:19:23,2,8,0.0
2026-08-20,Humira,16.16,05:19:53,2,8,13.07
2026-08-20,Humira,10.1,05:20:23,2,8,13.08
2026-08-20,Humira,16.81,05:20:53,2,8,13.09
2026-08-20,Humira,2.36,05:21:23,2,8,0.0
2026-08-20,Humira,12.19,05:21:53,2,8,13.11
2026-08-20,Humira,7.37,05:22:23,2,8,0.0
2026-08-20,Humira,13.02,05:22:53,2,8,13.13
2026-08-20,Humira,13.14,05:23:23,2,8,13.14
2026-08-20,Humira,15.32,05:23:53,2,8,13.15
2026-08-20,Humira,10.35,05:24:23,2,8,13.16
2026-08-20,Humira,3.64,05:24:53,2,8,0.0
2026-08-20,Humira,17.91,05:25:23,2,8,13.18
2026-08-20,Humira,14.96,05:25:53,2,8,13.2
2026-08-20,Humira,3.78,05:26:23,2,8,0.0
2026-08-20,Humira,13.66,05:26:53,2,8,13.22
2026-08-20,Humira,14.53,05:27:23,2,8,13.23
2026-08-20,Humira,6.03,05:27:53,2,8,0.0
2026-08-20,Humira,11.05,05:28:23,2,8,13.25
2026-08-20,Humira,3.49,05:28:53,2,8,0.0
2026-08-20,Humira,6.3,05:29:23,2,8,0.0
2026-08-20,Humira,13.06,05:29:53,2,8,13.28
2026-08-20,Humira,4.27,05:30:23,2,8,0.0
2026-08-20,Humira,15.73,05:30:53,2,8,13.3
2026-08-20,Humira,6.48,05:31:23,2,8,0.0
2026-08-20,Humira,10.91,05:31:53,2,8,13.33
2026-08-20,Humira,9.93,05:32:23,2,8,13.34
2026-08-20,Humira,16.52,05:32:53,2,8,13.35
2026-08-20,Humira,2.02,05:33:23,2,8,0.0
2026-08-20,Humira,9.57,05:33:53,2,8,13.37
2026-08-20,Humira,6.52,05:34:23,2,8,0.0
2026-08-20,Humira,14.4,05:34:53,2,8,13.39
2026-08-20,Humira,16.13,05:35:23,2,8,13.4
2026-08-20,Humira,2.94,05:35:53,2,8,0.0
2026-08-20,Humira,15.83,05:36:23,2,8,13.42
2026-08-20,Humira,9.36,05:36:53,2,8,13.43
2026-08-20,Humira,10.57,05:37:23,2,8,13.44
2026-08-20,Humira,14.93,05:37:53,2,8,13.46
2026-08-20,Humira,13.5,05:38:23,2,8,13.47
2026-08-20,Humira,6.07,05:38:53,2,8,0.0
2026-08-20,Humira,13.41,05:39:23,2,8,13.49
2026-08-20,Humira,16.69,05:39:53,2,8,13.5
2026-08-20,Humira,10.86,05:40:23,2,8,13.51
2026-08-20,Humira,7.19,05:40:53,2,8,0.0
2026-08-20,Humira,5.75,05:41:23,2,8,0.0
2026-08-20,Humira,3.59,05:41:53,2,8,0.0
2026-08-20,Humira,5.23,05:42:23,2,8,0.0
2026-08-20,Humira,3.69,05:42:53,2,8,0.0
2026-08-20,Humira,15.58,05:43:23,2,8,13.57
2026-08-20,Humira,12.27,05:43:53,2,8,13.58
2026-08-20,Humira,11.03,05:44:23,2,8,13.6
2026-08-20,Humira,6.5,05:44:53,2,8,0.0
2026-08-20,Humira,7.22,05:45:23,2,8,0.0
2026-08-20,Humira,17.39,05:45:53,2,8,13.63
2026-08-20,Humira,4.93,05:46:23,2,8,0.0
2026-08-20,Humira,10.97,05:46:53,2,8,13.65
2026-08-20,Humira,16.58,05:47:23,2,8,13.66
2026-08-20,Humira,17.41,05:47:53,2,8,13.67
2026-08-20,Humira,6.51,05:48:23,2,8,0.0
2026-08-20,Humira,15.6,05:48:53,2,8,13.69
2026-08-20,Humira,15.74,05:49:23,2,8,13.7
2026-08-20,Humira,5.54,05:49:53,2,8,0.0
2026-08-20,Humira,17.47,05:50:23,2,8,13.73
2026-08-20,Humira,3.9,05:50:53,2,8,0.0
2026-08-20,Humira,10.22,05:51:23,2,8,13.75
2026-08-20,Humira,10.81,05:51:53,2,8,13.76
2026-08-20,Humira,13.46,05:52:23,2,8,13.77
2026-08-20,Humira,2.78,05:52:53,2,8,0.0
2026-08-20,Humira,11.09,05:53:23,2,8,13.79
2026-08-20,Humira,17.76,05:53:53,2,8,13.8
2026-08-20,Humira,14.91,05:54:23,2,8,13.81
2026-08-20,Humira,10.87,05:54:53,2,8,13.82
2026-08-20,Humira,13.34,05:55:23,2,8,13.83
2026-08-20,Humira,16.06,05:55:53,2,8,13.85
2026-08-20,Humira,17.02,05:56:23,2,8,13.86
2026-08-20,Humira,2.42,05:56:53,2,8,0.0
2026-08-20,Humira,16.02,05:57:23,2,8,13.88
2026-08-20,Humira,15.63,05:57:53,2,8,13.89
2026-08-20,Humira,12.28,05:58:23,2,8,13.9
2026-08-20,Humira,6.12,05:58:53,2,8,0.0
2026-08-20,Humira,9.82,05:59:23,2,8,13.92
2026-08-20,Humira,5.6,05:59:53,2,8,0.0
2026-08-20,Humira,14.03,06:00:23,2,8,13.94
2026-08-20,Humira,11.05,06:00:53,2,8,13.95
2026-08-20,Humira,3.18,06:01:23,2,8,0.0
2026-08-20,Humira,16.32,06:01:53,2,8,13.97
2026-08-20,Humira,7.18,06:02:23,2,8,0.0
2026-08-20,Humira,2.46,06:02:53,2,8,0.0
2026-08-20,Humira,12.48,06:03:23,2,8,14.01
2026-08-20,Humira,9.73,06:03:53,2,8,14.02
2026-08-20,Humira,13.26,06:04:23,2,8,14.03
2026-08-20,Humira,10.87,06:04:53,2,8,14.04
2026-08-20,Humira,5.27,06:05:23,2,8,0.0
2026-08-20,Humira,10.94,06:05:53,2,8,14.06
2026-08-20,Humira,13.37,06:06:23,2,8,14.07
2026-08-20,Humira,6.36,06:06:53,2,8,0.0
2026-08-20,Humira,14.06,06:07:23,2,8,14.09
2026-08-20,Humira,2.81,06:07:53,2,8,0.0
2026-08-20,Humira,3.42,06:08:23,2,8,0.0
2026-08-20,Humira,13.64,06:08:53,2,8,14.13
2026-08-20,Humira,7.35,06:09:23,2,8,0.0
2026-08-20,Humira,6.5,06:09:53,2,8,0.0
2026-08-20,Humira,3.69,06:10:23,2,8,0.0
2026-08-20,Humira,17.24,06:10:53,2,8,14.17
2026-08-20,Humira,17.18,06:11:23,2,8,14.18
2026-08-20,Humira,7.11,06:11:53,2,8,0.0
2026-08-20,Humira,13.7,06:12:23,2,8,14.2
2026-08-20,Humira,7.39,06:12:53,2,8,0.0
2026-08-20,Humira,13.61,06:13:23,2,8,14.22
2026-08-20,Humira,12.54,06:13:53,2,8,14.23
2026-08-20,Humira,5.6,06:14:23,2,8,0.0
2026-08-20,Humira,16.24,06:14:53,2,8,14.26
2026-08-20,Humira,9.35,06:15:23,2,8,14.27
2026-08-20,Humira,14.52,06:15:53,2,8,14.28
2026-08-20,Humira,15.66,06:16:23,2,8,14.29
2026-08-20,Humira,16.89,06:16:53,2,8,14.3
2026-08-20,Humira,9.94,06:17:23,2,8,14.31
2026-08-20,Humira,10.81,06:17:53,2,8,14.32
2026-08-20,Humira,10.95,06:18:23,2,8,14.33
2026-08-20,Humira,11.72,06:18:53,2,8,14.34
2026-08-20,Humira,3.59,06:19:23,2,8,0.0
2026-08-20,Humira,17.55,06:19:53,2,8,14.37
2026-08-20,Humira,13.83,06:20:23,2,8,14.38
2026-08-20,Humira,3.59,06:20:53,2,8,0.0
2026-08-20,Humira,4.79,06:21:23,2,8,0.0
2026-08-20,Humira,6.7,06:21:53,2,8,0.0
2026-08-20,Humira,15.15,06:22:23,2,8,14.42
2026-08-20,Humira,7.19,06:22:53,2,8,0.0
2026-08-20,Humira,17.54,06:23:23,2,8,14.44
2026-08-20,Humira,11.37,06:23:53,2,8,14.45
2026-08-20,Humira,7.15,06:24:23,2,8,0.0
2026-08-20,Humira,14.41,06:24:53,2,8,14.47
2026-08-20,Humira,13.84,06:25:23,2,8,14.48
2026-08-20,Humira,13.14,06:25:53,2,8,14.5
2026-08-20,Humira,17.72,06:26:23,2,8,14.51
2026-08-20,Humira,11.96,06:26:53,2,8,14.52
2026-08-20,Humira,6.49,06:27:23,2,8,0.0
2026-08-20,Humira,14.76,06:27:53,2,8,14.54
2026-08-20,Humira,15.01,06:28:23,2,8,14.55
2026-08-20,Humira,10.41,06:28:53,2,8,14.56
2026-08-20,Humira,14.8,06:29:23,2,8,14.57
2026-08-20,Humira,14.16,06:29:53,2,8,14.58
2026-08-20,Humira,6.49,06:30:23,2,8,0.0
2026-08-20,Humira,11.5,06:30:53,2,8,14.6
2026-08-20,Humira,14.15,06:31:23,2,8,14.61
2026-08-20,Humira,2.87,06:31:53,2,8,0.0
2026-08-20,Humira,16.99,06:32:23,2,8,14.64
2026-08-20,Humira,6.64,06:32:53,2,8,0.0
2026-08-20,Humira,4.05,06:33:23,2,8,0.0
2026-08-20,Humira,5.13,06:33:53,2,8,0.0
2026-08-20,Humira,13.97,06:34:23,2,8,14.68
2026-08-20,Humira,12.83,06:34:53,2,8,14.69
2026-08-20,Humira,17.41,06:35:23,2,8,14.7
2026-08-20,Humira,9.67,06:35:53,2,8,14.71
2026-08-20,Humira,10.36,06:36:23,2,8,14.72
2026-08-20,Humira,14.24,06:36:53,2,8,14.73
2026-08-20,Humira,4.02,06:37:23,2,8,0.0
2026-08-20,Humira,12.73,06:37:53,2,8,14.76
2026-08-20,Humira,2.71,06:38:23,2,8,0.0
2026-08-20,Humira,2.53,06:38:53,2,8,0.0
2026-08-20,Humira,5.29,06:39:23,2,8,0.0
2026-08-20,Humira,12.95,06:39:53,2,8,14.8
2026-08-20,Humira,14.51,06:40:23,2,8,14.81
2026-08-20,Humira,12.41,06:40:53,2,8,14.82
2026-08-20,Humira,6.04,06:41:23,2,8,0.0
2026-08-20,Humira,12.51,06:41:53,2,8,14.84
2026-08-20,Humira,2.57,06:42:23,2,8,0.0
2026-08-20,Humira,6.67,06:42:53,2,8,0.0
2026-08-20,Humira,7.66,06:43:23,2,8,0.0
2026-08-20,Humira,16.43,06:43:53,2,8,14.88
2026-08-20,Humira,2.24,06:44:23,2,8,0.0
2026-08-20,Humira,13.66,06:44:53,2,8,14.91
2026-08-20,Humira,6.1,06:45:23,2,8,0.0
2026-08-20,Humira,10.18,06:45:53,2,8,14.93
2026-08-20,Humira,11.33,06:46:23,2,8,14.94
2026-08-20,Humira,16.77,06:46:53,2,8,14.95
2026-08-20,Humira,4.02,06:47:23,2,8,0.0
2026-08-20,Humira,4.35,06:47:53,2,8,0.0
2026-08-20,Humira,3.78,06:48:23,2,8,0.0
2026-08-20,Humira,14.18,06:48:53,2,8,14.99
2026-08-20,Humira,3.44,06:49:23,2,8,0.0
2026-08-20,Humira,9.11,06:49:53,2,8,15.02
2026-08-20,Humira,7.57,06:50:23,2,8,0.0
2026-08-20,Humira,13.96,06:50:53,2,8,15.04
2026-08-20,Humira,9.59,06:51:23,2,8,15.05
2026-08-20,Humira,16.55,06:51:53,2,8,15.06
2026-08-20,Humira,10.31,06:52:23,2,8,15.07
2026-08-20,Humira,17.86,06:52:53,2,8,15.08
2026-08-20,Humira,14.04,06:53:23,2,8,15.09
2026-08-20,Humira,12.0,06:53:53,2,8,15.1
2026-08-20,Humira,10.16,06:54:23,2,8,15.11
2026-08-20,Humira,10.41,06:54:53,2,8,15.12
2026-08-20,Humira,5.96,06:55:23,2,8,0.0
2026-08-20,Humira,15.77,06:55:53,2,8,15.15
2026-08-20,Humira,17.12,06:56:23,2,8,15.16
2026-08-20,Humira,2.9,06:56:53,2,8,0.0
2026-08-20,Humira,7.98,06:57:23,2,8,0.0
2026-08-20,Humira,13.12,06:57:53,2,8,15.19
2026-08-20,Humira,9.35,06:58:23,2,8,15.2
2026-08-20,Humira,16.68,06:58:53,2,8,15.21
2026-08-20,Humira,10.35,06:59:23,2,8,15.22
2026-08-20,Humira,17.32,06:59:53,2,8,15.23
2026-08-20,Humira,12.9,07:00:23,2,8,15.24
2026-08-20,Humira,13.51,07:00:53,2,8,15.25
2026-08-20,Humira,11.31,07:01:23,2,8,15.26
2026-08-20,Humira,9.53,07:01:53,2,8,15.28
2026-08-20,Humira,10.44,07:02:23,2,8,15.29
2026-08-20,Humira,12.5,07:02:53,2,8,15.3
2026-08-20,Humira,11.57,07:03:23,2,8,15.31
2026-08-20,Humira,5.67,07:03:53,2,8,0.0
2026-08-20,Humira,6.55,07:04:23,2,8,0.0
2026-08-20,Humira,2.28,07:04:53,2,8,0.0
2026-08-20,Humira,14.42,07:05:23,2,8,15.35
2026-08-20,Humira,10.11,07:05:53,2,8,15.36
2026-08-20,Humira,14.61,07:06:23,2,8,15.37
2026-08-20,Humira,15.31,07:06:53,2,8,15.38
2026-08-20,Humira,11.51,07:07:23,2,8,15.39
2026-08-20,Humira,2.51,07:07:53,2,8,0.0
2026-08-20,Humira,10.03,07:08:23,2,8,15.42
2026-08-20,Humira,12.01,07:08:53,2,8,15.43
2026-08-20,Humira,11.11,07:09:23,2,8,15.44
2026-08-20,Humira,4.36,07:09:53,2,8,0.0
2026-08-20,Humira,15.26,07:10:23,2,8,15.46
2026-08-20,Humira,5.07,07:10:53,2,8,0.0
2026-08-20,Humira,9.82,07:11:23,2,8,15.48
2026-08-20,Humira,12.94,07:11:53,2,8,15.49
2026-08-20,Humira,15.3,07:12:23,2,8,15.5
2026-08-20,Humira,9.33,07:12:53,2,8,15.51
2026-08-20,Humira,7.59,07:13:23,2,8,0.0
2026-08-20,Humira,15.38,07:13:53,2,8,15.54
2026-08-20,Humira,16.19,07:14:23,2,8,15.55
2026-08-20,Humira,13.97,07:14:53,2,8,15.56
2026-08-20,Humira,10.29,07:15:23,2,8,15.57
2026-08-20,Humira,5.89,07:15:53,2,8,0.0
2026-08-20,Humira,15.75,07:16:23,2,8,15.59
2026-08-20,Humira,10.13,07:16:53,2,8,15.6
2026-08-20,Humira,13.85,07:17:23,2,8,15.61
2026-08-20,Humira,13.65,07:17:53,2,8,15.62
2026-08-20,Humira,7.36,07:18:23,2,8,0.0
2026-08-20,Humira,13.71,07:18:53,2,8,15.64
2026-08-20,Humira,11.71,07:19:23,2,8,15.65
2026-08-20,Humira,15.01,07:19:53,2,8,15.67
2026-08-20,Humira,14.15,07:20:23,2,8,15.68
2026-08-20,Humira,13.58,07:20:53,2,8,15.69
2026-08-20,Humira,11.98,07:21:23,2,8,15.7
2026-08-20,Humira,10.7,07:21:53,2,8,15.71
2026-08-20,Humira,3.21,07:22:23,2,8,0.0
2026-08-20,Humira,9.8,07:22:53,2,8,15.73
2026-08-20,Humira,10.71,07:23:23,2,8,15.74
2026-08-20,Humira,6.56,07:23:53,2,8,0.0
2026-08-20,Humira,10.58,07:24:23,2,8,15.76
2026-08-20,Humira,6.0,07:24:53,2,8,0.0
2026-08-20,Humira,11.98,07:25:23,2,8,15.78
2026-08-20,Humira,7.25,07:25:53,2,8,0.0
2026-08-20,Humira,12.08,07:26:23,2,8,15.81
2026-08-20,Humira,15.54,07:26:53,2,8,15.82
2026-08-20,Humira,7.3,07:27:23,2,8,0.0
2026-08-20,Humira,7.8,07:27:53,2,8,0.0
2026-08-20,Humira,15.88,07:28:23,2,8,15.85
2026-08-20,Humira,5.14,07:28:53,2,8,0.0
2026-08-20,Humira,12.09,07:29:23,2,8,15.87
2026-08-20,Humira,15.97,07:29:53,2,8,15.88
2026-08-20,Humira,11.9,07:30:23,2,8,15.89
2026-08-20,Humira,5.05,07:30:53,2,8,0.0
2026-08-20,Humira,9.65,07:31:23,2,8,15.91
2026-08-20,Humira,7.38,07:31:53,2,8,0.0
2026-08-20,Humira,2.76,07:32:23,2,8,0.0
2026-08-20,Humira,6.58,07:32:53,2,8,0.0
2026-08-20,Humira,9.01,07:33:23,2,8,15.96
2026-08-20,Humira,17.42,07:33:53,2,8,15.97
2026-08-20,Humira,3.18,07:34:23,2,8,0.0
2026-08-20,Humira,14.17,07:34:53,2,8,15.99
2026-08-20,Humira,6.96,07:35:23,2,8,0.0
2026-08-20,Humira,14.28,07:35:53,2,8,16.01
2026-08-20,Humira,3.82,07:36:23,2,8,0.0
2026-08-20,Humira,7.68,07:36:53,2,8,0.0
2026-08-20,Humira,9.35,07:37:23,2,8,16.04
2026-08-20,Humira,6.83,07:37:53,2,8,0.0
2026-08-20,Humira,10.37,07:38:23,2,8,16.07
2026-08-20,Humira,13.44,07:38:53,2,8,16.08
2026-08-20,Humira,11.4,07:39:23,2,8,16.09
2026-08-20,Humira,14.08,07:39:53,2,8,16.1
2026-08-20,Humira,4.35,07:40:23,2,8,0.0
2026-08-20,Humira,11.96,07:40:53,2,8,16.12
2026-08-20,Humira,15.91,07:41:23,2,8,16.13
2026-08-20,Humira,6.41,07:41:53,2,8,0.0
2026-08-20,Humira,9.92,07:42:23,2,8,16.15
2026-08-20,Humira,4.73,07:42:53,2,8,0.0
2026-08-20,Humira,16.52,07:43:23,2,8,16.17
2026-08-20,Humira,3.42,07:43:53,2,8,0.0
2026-08-20,Humira,17.66,07:44:23,2,8,16.2
2026-08-20,Humira,13.69,07:44:53,2,8,16.21
2026-08-20,Humira,16.91,07:45:23,2,8,16.22
2026-08-20,Humira,17.29,07:45:53,2,8,16.23
2026-08-20,Humira,11.84,07:46:23,2,8,16.24
2026-08-20,Humira,7.51,07:46:53,2,8,0.0
2026-08-20,Humira,14.07,07:47:23,2,8,16.26
2026-08-20,Humira,10.6,07:47:53,2,8,16.27
2026-08-20,Humira,7.84,07:48:23,2,8,0.0
2026-08-20,Humira,9.85,07:48:53,2,8,16.29
2026-08-20,Humira,14.76,07:49:23,2,8,16.3
2026-08-20,Humira,10.72,07:49:53,2,8,16.32
2026-08-20,Humira,17.04,07:50:23,2,8,16.33
2026-08-20,Humira,4.64,07:50:53,2,8,0.0
2026-08-20,Humira,16.9,07:51:23,2,8,16.35
2026-08-20,Humira,12.13,07:51:53,2,8,16.36
2026-08-20,Humira,4.68,07:52:23,2,8,0.0
2026-08-20,Humira,6.34,07:52:53,2,8,0.0
2026-08-20,Humira,2.3,07:53:23,2,8,0.0
2026-08-20,Humira,15.14,07:53:53,2,8,16.4
2026-08-20,Humira,9.65,07:54:23,2,8,16.41
2026-08-20,Humira,9.22,07:54:53,2,8,16.42
2026-08-20,Humira,7.02,07:55:23,2,8,0.0
2026-08-20,Humira,14.17,07:55:53,2,8,16.45
2026-08-20,Humira,7.93,07:56:23,2,8,0.0
2026-08-20,Humira,9.31,07:56:53,2,8,16.47
2026-08-20,Humira,16.46,07:57:23,2,8,16.48
2026-08-20,Humira,3.25,07:57:53,2,8,0.0
2026-08-20,Humira,16.65,07:58:23,2,8,16.5
2026-08-20,Humira,13.25,07:58:53,2,8,16.51
2026-08-20,Humira,12.89,07:59:23,2,8,16.52
2026-08-20,Humira,16.58,07:59:53,2,8,16.53
2026-08-20,Humira,7.72,08:00:23,2,8,0.0
2026-08-20,Humira,7.78,08:00:53,2,8,0.0
2026-08-20,Humira,13.83,08:01:23,2,8,16.56
2026-08-20,Humira,3.37,08:01:53,2,8,0.0
2026-08-20,Humira,6.1,08:02:23,2,8,0.0
2026-08-20,Humira,14.87,08:02:53,2,8,16.6
2026-08-20,Humira,12.83,08:03:23,2,8,16.61
2026-08-20,Humira,2.45,08:03:53,2,8,0.0
2026-08-20,Humira,16.47,08:04:23,2,8,16.63
2026-08-20,Humira,17.96,08:04:53,2,8,16.64
2026-08-20,Humira,2.87,08:05:23,2,8,0.0
2026-08-20,Humira,11.99,08:05:53,2,8,16.66
2026-08-20,Humira,2.06,08:06:23,2,8,0.0
2026-08-20,Humira,11.1,08:06:53,2,8,16.68
2026-08-20,Humira,3.44,08:07:23,2,8,0.0
2026-08-20,Humira,15.43,08:07:53,2,8,16.71
2026-08-20,Humira,2.18,08:08:23,2,8,0.0
2026-08-20,Humira,10.33,08:08:53,2,8,16.73
2026-08-20,Humira,2.19,08:09:23,2,8,0.0
2026-08-20,Humira,13.45,08:09:53,2,8,16.75
2026-08-20,Humira,15.34,08:10:23,2,8,16.76
2026-08-20,Humira,3.73,08:10:53,2,8,0.0
2026-08-20,Humira,3.79,08:11:23,2,8,0.0
2026-08-20,Humira,11.81,08:11:53,2,8,16.79
2026-08-20,Humira,17.93,08:12:23,2,8,16.8
2026-08-20,Humira,11.63,08:12:53,2,8,16.81
2026-08-20,Humira,2.37,08:13:23,2,8,0.0
2026-08-20,Humira,4.28,08:13:53,2,8,0.0
2026-08-20,Humira,13.78,08:14:23,2,8,16.85
2026-08-20,Humira,7.54,08:14:53,2,8,0.0
2026-08-20,Humira,6.4,08:15:23,2,8,0.0
2026-08-20,Humira,7.35,08:15:53,2,8,0.0
2026-08-20,Humira,13.63,08:16:23,2,8,16.89
2026-08-20,Humira,16.47,08:16:53,2,8,16.9
2026-08-20,Humira,7.04,08:17:23,2,8,0.0
2026-08-20,Humira,2.52,08:17:53,2,8,0.0
2026-08-20,Humira,16.68,08:18:23,2,8,16.93
2026-08-20,Humira,13.81,08:18:53,2,8,16.94
2026-08-20,Humira,4.56,08:19:23,2,8,0.0
2026-08-20,Humira,14.05,08:19:53,2,8,16.96
2026-08-20,Humira,13.01,08:20:23,2,8,16.98
2026-08-20,Humira,10.51,08:20:53,2,8,16.99
2026-08-20,Humira,5.94,08:21:23,2,8,0.0
2026-08-20,Humira,7.89,08:21:53,2,8,0.0
2026-08-20,Humira,17.42,08:22:23,2,8,17.02
2026-08-20,Humira,14.27,08:22:53,2,8,17.03
2026-08-20,Humira,2.19,08:23:23,2,8,0.0
2026-08-20,Humira,7.44,08:23:53,2,8,0.0
2026-08-20,Humira,11.29,08:24:23,2,8,17.06
2026-08-20,Humira,7.92,08:24:53,2,8,0.0
2026-08-20,Humira,9.35,08:25:23,2,8,17.08
2026-08-20,Humira,15.33,08:25:53,2,8,17.1
2026-08-20,Humira,12.47,08:26:23,2,8,17.11
2026-08-20,Humira,16.23,08:26:53,2,8,17.12
2026-08-20,Humira,15.2,08:27:23,2,8,17.13
2026-08-20,Humira,10.26,08:27:53,2,8,17.14
2026-08-20,Humira,16.77,08:28:23,2,8,17.15
2026-08-20,Humira,16.18,08:28:53,2,8,17.16
2026-08-20,Humira,11.1,08:29:23,2,8,17.17
2026-08-20,Humira,10.62,08:29:53,2,8,17.18
2026-08-20,Humira,4.42,08:30:23,2,8,0.0
2026-08-20,Humira,5.85,08:30:53,2,8,0.0
2026-08-20,Humira,7.3,08:31:23,2,8,0.0
2026-08-20,Humira,12.91,08:31:53,2,8,17.23
2026-08-20,Humira,16.29,08:32:23,2,8,17.24
2026-08-20,Humira,11.58,08:32:53,2,8,17.25
2026-08-20,Humira,3.15,08:33:23,2,8,0.0
2026-08-20,Humira,2.12,08:33:53,2,8,0.0
2026-08-20,Humira,5.26,08:34:23,2,8,0.0
2026-08-20,Humira,17.01,08:34:53,2,8,17.29
2026-08-20,Humira,9.84,08:35:23,2,8,17.3
2026-08-20,Humira,6.2,08:35:53,2,8,0.0
2026-08-20,Humira,7.79,08:36:23,2,8,0.0
2026-08-20,Humira,9.69,08:36:53,2,8,17.33
2026-08-20,Humira,3.28,08:37:23,2,8,0.0
2026-08-20,Humira,4.16,08:37:53,2,8,0.0
2026-08-20,Humira,5.39,08:38:23,2,8,0.0
2026-08-20,Humira,3.14,08:38:53,2,8,0.0
2026-08-20,Humira,15.49,08:39:23,2,8,17.39
2026-08-20,Humira,4.65,08:39:53,2,8,0.0
2026-08-20,Humira,12.83,08:40:23,2,8,17.41
2026-08-20,Humira,15.66,08:40:53,2,8,17.42
2026-08-20,Humira,14.73,08:41:23,2,8,17.43
2026-08-20,Humira,2.54,08:41:53,2,8,0.0
2026-08-20,Humira,16.15,08:42:23,2,8,17.45
2026-08-20,Humira,9.04,08:42:53,2,8,17.46
2026-08-20,Humira,12.76,08:43:23,2,8,17.47
2026-08-20,Humira,11.19,08:43:53,2,8,17.48
2026-08-20,Humira,10.74,08:44:23,2,8,17.5
2026-08-20,Humira,12.55,08:44:53,2,8,17.51
2026-08-20,Humira,7.99,08:45:23,2,8,0.0
2026-08-20,Humira,5.36,08:45:53,2,8,0.0
2026-08-20,Humira,11.75,08:46:23,2,8,17.54
2026-08-20,Humira,9.55,08:46:53,2,8,17.55
2026-08-20,Humira,3.43,08:47:23,2,8,0.0
2026-08-20,Humira,4.3,08:47:53,2,8,0.0
2026-08-20,Humira,13.59,08:48:23,2,8,17.58
2026-08-20,Humira,4.33,08:48:53,2,8,0.0
2026-08-20,Humira,17.45,08:49:23,2,8,17.6
2026-08-20,Humira,3.41,08:49:53,2,8,0.0
2026-08-20,Humira,13.01,08:50:23,2,8,17.63
2026-08-20,Humira,10.42,08:50:53,2,8,17.64
2026-08-20,Humira,16.81,08:51:23,2,8,17.65
2026-08-20,Humira,11.66,08:51:53,2,8,17.66
2026-08-20,Humira,16.42,08:52:23,2,8,17.67
2026-08-20,Humira,5.56,08:52:53,2,8,0.0
2026-08-20,Humira,4.6,08:53:23,2,8,0.0
2026-08-20,Humira,16.85,08:53:53,2,8,17.7
2026-08-20,Humira,16.49,08:54:23,2,8,17.71
2026-08-20,Humira,15.11,08:54:53,2,8,17.72
2026-08-20,Humira,9.16,08:55:23,2,8,17.73
2026-08-20,Humira,14.78,08:55:53,2,8,17.75
2026-08-20,Humira,14.93,08:56:23,2,8,17.76
2026-08-20,Humira,14.57,08:56:53,2,8,17.77
2026-08-20,Humira,9.14,08:57:23,2,8,17.78
2026-08-20,Humira,11.04,08:57:53,2,8,17.79
2026-08-20,Humira,17.05,08:58:23,2,8,17.8
2026-08-20,Humira,14.12,08:58:53,2,8,17.81
2026-08-20,Humira,5.58,08:59:23,2,8,0.0
2026-08-20,Humira,16.33,08:59:53,2,8,17.83
2026-08-20,Humira,2.8,09:00:23,2,8,0.0
2026-08-20,Humira,3.79,09:00:53,2,8,0.0
2026-08-20,Humira,7.15,09:01:23,2,8,0.0
2026-08-20,Humira,9.92,09:01:53,2,8,17.88
2026-08-20,Humira,14.97,09:02:23,2,8,17.89
2026-08-20,Humira,11.51,09:02:53,2,8,17.9
2026-08-20,Humira,9.47,09:03:23,2,8,17.91
2026-08-20,Humira,7.82,09:03:53,2,8,0.0
2026-08-20,Humira,5.7,09:04:23,2,8,0.0
2026-08-20,Humira,10.06,09:04:53,2,8,17.94
2026-08-20,Humira,14.05,09:05:23,2,8,17.95
2026-08-20,Humira,13.58,09:05:53,2,8,17.96
2026-08-20,Humira,9.29,09:06:23,2,8,17.97
2026-08-20,Humira,14.49,09:06:53,2,8,17.98
2026-08-20,Humira,16.29,09:07:23,2,8,17.99
2026-08-20,Humira,15.6,09:07:53,2,8,18.0
2026-08-20,Humira,14.48,09:08:23,2,8,18.02
2026-08-20,Humira,11.61,09:08:53,2,8,18.03
2026-08-20,Humira,12.76,09:09:23,2,8,18.04
2026-08-20,Humira,6.31,09:09:53,2,8,0.0
2026-08-20,Humira,2.15,09:10:23,2,8,0.0
2026-08-20,Humira,12.72,09:10:53,2,8,18.07
2026-08-20,Humira,3.84,09:11:23,2,8,0.0
2026-08-20,Humira,16.08,09:11:53,2,8,18.09
2026-08-20,Humira,14.2,09:12:23,2,8,18.1
2026-08-20,Humira,13.63,09:12:53,2,8,18.11
2026-08-20,Humira,17.07,09:13:23,2,8,18.12
2026-08-20,Humira,13.91,09:13:53,2,8,18.13
2026-08-20,Humira,9.72,09:14:23,2,8,18.15
2026-08-20,Humira,13.45,09:14:53,2,8,18.16
2026-08-20,Humira,2.3,09:15:23,2,8,0.0
2026-08-20,Humira,9.16,09:15:53,2,8,18.18
2026-08-20,Humira,4.61,09:16:23,2,8,0.0
2026-08-20,Humira,4.36,09:16:53,2,8,0.0
2026-08-20,Humira,13.46,09:17:23,2,8,18.21
2026-08-20,Humira,16.11,09:17:53,2,8,18.22
2026-08-20,Humira,9.64,09:18:23,2,8,18.23
2026-08-20,Humira,14.89,09:18:53,2,8,18.24
2026-08-20,Humira,5.77,09:19:23,2,8,0.0
2026-08-20,Humira,15.64,09:19:53,2,8,18.27
2026-08-20,Humira,11.6,09:20:23,2,8,18.28
2026-08-20,Humira,17.35,09:20:53,2,8,18.29
2026-08-20,Humira,12.97,09:21:23,2,8,18.3
2026-08-20,Humira,15.33,09:21:53,2,8,18.31
2026-08-20,Humira,3.61,09:22:23,2,8,0.0
2026-08-20,Humira,16.11,09:22:53,2,8,18.33
2026-08-20,Humira,4.38,09:23:23,2,8,0.0
2026-08-20,Humira,3.78,09:23:53,2,8,0.0
2026-08-20,Humira,12.27,09:24:23,2,8,18.36
2026-08-20,Humira,6.93,09:24:53,2,8,0.0
2026-08-20,Humira,10.52,09:25:23,2,8,18.38
2026-08-20,Humira,7.11,09:25:53,2,8,0.0
2026-08-20,Humira,6.39,09:26:23,2,8,0.0
2026-08-20,Humira,7.73,09:26:53,2,8,0.0
2026-08-20,Humira,5.08,09:27:23,2,8,0.0
2026-08-20,Humira,14.35,09:27:53,2,8,18.44
2026-08-20,Humira,2.2,09:28:23,2,8,0.0
2026-08-20,Humira,5.88,09:28:53,2,8,0.0
2026-08-20,Humira,10.49,09:29:23,2,8,18.47
2026-08-20,Humira,16.19,09:29:53,2,8,18.48
2026-08-20,Humira,12.38,09:30:23,2,8,18.49
2026-08-20,Humira,2.26,09:30:53,2,8,0.0
2026-08-20,Humira,5.26,09:31:23,2,8,0.0
2026-08-20,Humira,13.5,09:31:53,2,8,18.53
2026-08-20,Humira,10.96,09:32:23,2,8,18.54
2026-08-20,Humira,16.0,09:32:53,2,8,18.55
2026-08-20,Humira,15.13,09:33:23,2,8,18.56
2026-08-20,Humira,13.03,09:33:53,2,8,18.57
2026-08-20,Humira,11.02,09:34:23,2,8,18.58
2026-08-20,Humira,6.74,09:34:53,2,8,0.0
2026-08-20,Humira,16.39,09:35:23,2,8,18.6
2026-08-20,Humira,13.31,09:35:53,2,8,18.61
2026-08-20,Humira,3.49,09:36:23,2,8,0.0
2026-08-20,Humira,6.09,09:36:53,2,8,0.0
2026-08-20,Humira,14.51,09:37:23,2,8,18.64
2026-08-20,Humira,5.56,09:37:53,2,8,0.0
2026-08-20,Humira,9.38,09:38:23,2,8,18.67
2026-08-20,Humira,3.94,09:38:53,2,8,0.0
2026-08-20,Humira,10.24,09:39:23,2,8,18.69
2026-08-20,Humira,11.65,09:39:53,2,8,18.7
2026-08-20,Humira,11.31,09:40:23,2,8,18.71
2026-08-20,Humira,4.24,09:40:53,2,8,0.0
2026-08-20,Humira,3.72,09:41:23,2,8,0.0
2026-08-20,Humira,13.69,09:41:53,2,8,18.74
2026-08-20,Humira,14.86,09:42:23,2,8,18.75
2026-08-20,Humira,5.29,09:42:53,2,8,0.0
2026-08-20,Humira,13.33,09:43:23,2,8,18.77
2026-08-20,Humira,13.12,09:43:53,2,8,18.79
2026-08-20,Humira,14.54,09:44:23,2,8,18.8
2026-08-20,Humira,9.57,09:44:53,2,8,18.81
2026-08-20,Humira,3.35,09:45:23,2,8,0.0
2026-08-20,Humira,16.17,09:45:53,2,8,18.83
2026-08-20,Humira,2.84,09:46:23,2,8,0.0
2026-08-20,Humira,4.7,09:46:53,2,8,0.0
2026-08-20,Humira,13.49,09:47:23,2,8,18.86
2026-08-20,Humira,7.79,09:47:53,2,8,0.0
2026-08-20,Humira,10.06,09:48:23,2,8,18.88
2026-08-20,Humira,17.17,09:48:53,2,8,18.89
2026-08-20,Humira,12.29,09:49:23,2,8,18.9
2026-08-20,Humira,17.54,09:49:53,2,8,18.92
2026-08-20,Humira,17.51,09:50:23,2,8,18.93
2026-08-20,Humira,11.46,09:50:53,2,8,18.94
2026-08-20,Humira,6.88,09:51:23,2,8,0.0
2026-08-20,Humira,17.77,09:51:53,2,8,18.96
2026-08-20,Humira,7.01,09:52:23,2,8,0.0
2026-08-20,Humira,11.69,09:52:53,2,8,18.98
2026-08-20,Humira,3.36,09:53:23,2,8,0.0
2026-08-20,Humira,14.94,09:53:53,2,8,19.0
2026-08-20,Humira,17.91,09:54:23,2,8,19.01
2026-08-20,Humira,10.03,09:54:53,2,8,19.02
2026-08-20,Humira,10.39,09:55:23,2,8,19.03
2026-08-20,Humira,16.79,09:55:53,2,8,19.05
2026-08-20,Humira,13.05,09:56:23,2,8,19.06
2026-08-20,Humira,5.62,09:56:53,2,8,0.0
2026-08-20,Humira,15.91,09:57:23,2,8,19.08
2026-08-20,Humira,15.92,09:57:53,2,8,19.09
2026-08-20,Humira,14.54,09:58:23,2,8,19.1
2026-08-20,Humira,9.69,09:58:53,2,8,19.11
2026-08-20,Humira,17.58,09:59:23,2,8,19.12
2026-08-20,Humira,15.46,09:59:53,2,8,19.13
2026-08-20,Humira,5.27,10:00:23,2,8,0.0
2026-08-20,Humira,12.98,10:00:53,2,8,19.15
2026-08-20,Humira,10.3,10:01:23,2,8,19.16
2026-08-20,Humira,12.37,10:01:53,2,8,19.18
2026-08-20,Humira,7.92,10:02:23,2,8,0.0
2026-08-20,Humira,15.15,10:02:53,2,8,19.2
2026-08-20,Humira,14.86,10:03:23,2,8,19.21
2026-08-20,Humira,7.08,10:03:53,2,8,0.0
2026-08-20,Humira,11.47,10:04:23,2,8,19.23
2026-08-20,Humira,16.46,10:04:53,2,8,19.24
2026-08-20,Humira,5.1,10:05:23,2,8,0.0
2026-08-20,Humira,4.0,10:05:53,2,8,0.0
2026-08-20,Humira,13.17,10:06:23,2,8,19.27
2026-08-20,Humira,16.24,10:06:53,2,8,19.28
2026-08-20,Humira,9.05,10:07:23,2,8,19.29
2026-08-20,Humira,3.6,10:07:53,2,8,0.0
2026-08-20,Humira,9.34,10:08:23,2,8,19.32
2026-08-20,Humira,10.9,10:08:53,2,8,19.33
2026-08-20,Humira,14.66,10:09:23,2,8,19.34
2026-08-20,Humira,14.14,10:09:53,2,8,19.35
2026-08-20,Humira,10.78,10:10:23,2,8,19.36
2026-08-20,Humira,11.73,10:10:53,2,8,19.37
2026-08-20,Humira,15.25,10:11:23,2,8,19.38
2026-08-20,Humira,4.55,10:11:53,2,8,0.0
2026-08-20,Humira,11.56,10:12:23,2,8,19.4
2026-08-20,Humira,10.56,10:12:53,2,8,19.41
2026-08-20,Humira,5.26,10:13:23,2,8,0.0
2026-08-20,Humira,15.97,10:13:53,2,8,19.43
2026-08-20,Humira,15.6,10:14:23,2,8,19.45
2026-08-20,Humira,9.74,10:14:53,2,8,19.46
2026-08-20,Humira,6.25,10:15:23,2,8,0.0
2026-08-20,Humira,2.1,10:15:53,2,8,0.0
2026-08-20,Humira,7.97,10:16:23,2,8,0.0
2026-08-20,Humira,13.55,10:16:53,2,8,19.5
2026-08-20,Humira,11.99,10:17:23,2,8,19.51
2026-08-20,Humira,9.36,10:17:53,2,8,19.52
2026-08-20,Humira,13.57,10:18:23,2,8,19.53
2026-08-20,Humira,17.51,10:18:53,2,8,19.54
2026-08-20,Humira,17.45,10:19:23,2,8,19.55
2026-08-20,Humira,12.66,10:19:53,2,8,19.57
2026-08-20,Humira,5.92,10:20:23,2,8,0.0
2026-08-20,Humira,12.89,10:20:53,2,8,19.59
2026-08-20,Humira,15.48,10:21:23,2,8,19.6
2026-08-20,Humira,13.51,10:21:53,2,8,19.61
2026-08-20,Humira,16.82,10:22:23,2,8,19.62
2026-08-20,Humira,11.23,10:22:53,2,8,19.63
2026-08-20,Humira,15.21,10:23:23,2,8,19.64
2026-08-20,Humira,12.99,10:23:53,2,8,19.65
2026-08-20,Humira,14.77,10:24:23,2,8,19.66
2026-08-20,Humira,2.49,10:24:53,2,8,0.0
2026-08-20,Humira,5.63,10:25:23,2,8,0.0
2026-08-20,Humira,17.69,10:25:53,2,8,19.7
2026-08-20,Humira,16.79,10:26:23,2,8,19.71
2026-08-20,Humira,9.86,10:26:53,2,8,19.72
2026-08-20,Humira,13.7,10:27:23,2,8,19.73
2026-08-20,Humira,5.89,10:27:53,2,8,0.0
2026-08-20,Humira,11.17,10:28:23,2,8,19.75
2026-08-20,Humira,12.09,10:28:53,2,8,19.76
2026-08-20,Humira,13.53,10:29:23,2,8,19.77
2026-08-20,Humira,16.47,10:29:53,2,8,19.78
2026-08-20,Humira,13.75,10:30:23,2,8,19.79
2026-08-20,Humira,15.76,10:30:53,2,8,19.8
2026-08-20,Humira,11.56,10:31:23,2,8,19.81
2026-08-20,Humira,2.86,10:31:53,2,8,0.0
2026-08-20,Humira,16.27,10:32:23,2,8,19.84
2026-08-20,Humira,12.09,10:32:53,2,8,19.85
2026-08-20,Humira,10.35,10:33:23,2,8,19.86
2026-08-20,Humira,15.04,10:33:53,2,8,19.87
2026-08-20,Humira,6.39,10:34:23,2,8,0.0
2026-08-20,Humira,2.96,10:34:53,2,8,0.0
2026-08-20,Humira,7.01,10:35:23,2,8,0.0
2026-08-20,Humira,6.98,10:35:53,2,8,0.0
2026-08-20,Humira,12.03,10:36:23,2,8,19.92
2026-08-20,Humira,16.55,10:36:53,2,8,19.93
2026-08-20,Humira,17.67,10:37:23,2,8,19.94
2026-08-20,Humira,5.47,10:37:53,2,8,0.0
2026-08-20,Humira,3.96,10:38:23,2,8,0.0
2026-08-20,Humira,6.19,10:38:53,2,8,0.0
2026-08-20,Humira,2.98,10:39:23,2,8,0.0
2026-08-20,Humira,14.66,10:39:53,2,8,20.0
2026-08-20,Humira,5.96,10:40:23,2,8,0.0
2026-08-20,Humira,15.8,10:40:53,2,8,20.02
2026-08-20,Humira,17.68,10:41:23,2,8,20.03
2026-08-20,Humira,9.05,10:41:53,2,8,20.04
2026-08-20,Humira,11.43,10:42:23,2,8,20.05
2026-08-20,Humira,14.06,10:42:53,2,8,20.06
2026-08-20,Humira,16.98,10:43:23,2,8,20.07
2026-08-20,Humira,11.22,10:43:53,2,8,20.09
2026-08-20,Humira,12.33,10:44:23,2,8,20.1
2026-08-20,Humira,11.36,10:44:53,2,8,20.11
2026-08-20,Humira,7.79,10:45:23,2,8,0.0
2026-08-20,Humira,17.33,10:45:53,2,8,20.13
2026-08-20,Humira,7.86,10:46:23,2,8,0.0
2026-08-20,Humira,17.57,10:46:53,2,8,20.15
2026-08-20,Humira,12.52,10:47:23,2,8,20.16
2026-08-20,Humira,17.18,10:47:53,2,8,20.17
2026-08-20,Humira,17.87,10:48:23,2,8,20.18
2026-08-20,Humira,15.75,10:48:53,2,8,20.19
2026-08-20,Humira,16.13,10:49:23,2,8,20.2
2026-08-20,Humira,15.21,10:49:53,2,8,20.21
2026-08-20,Humira,3.81,10:50:23,2,8,0.0
2026-08-20,Humira,5.21,10:50:53,2,8,0.0
2026-08-20,Humira,16.52,10:51:23,2,8,20.25
2026-08-20,Humira,2.64,10:51:53,2,8,0.0
2026-08-20,Humira,13.63,10:52:23,2,8,20.27
2026-08-20,Humira,17.35,10:52:53,2,8,20.28
2026-08-20,Humira,4.26,10:53:23,2,8,0.0
2026-08-20,Humira,10.93,10:53:53,2,8,20.3
2026-08-20,Humira,2.87,10:54:23,2,8,0.0
2026-08-20,Humira,3.78,10:54:53,2,8,0.0
2026-08-20,Humira,14.68,10:55:23,2,8,20.33
2026-08-20,Humira,11.97,10:55:53,2,8,20.35
2026-08-20,Humira,9.98,10:56:23,2,8,20.36
2026-08-20,Humira,17.4,10:56:53,2,8,20.37
2026-08-20,Humira,12.34,10:57:23,2,8,20.38
2026-08-20,Humira,12.27,10:57:53,2,8,20.39
2026-08-20,Humira,13.81,10:58:23,2,8,20.4
2026-08-20,Humira,2.64,10:58:53,2,8,0.0
2026-08-20,Humira,16.38,10:59:23,2,8,20.42
2026-08-20,Humira,14.98,10:59:53,2,8,20.43
2026-08-20,Humira,14.38,11:00:23,2,8,20.44
2026-08-20,Humira,15.83,11:00:53,2,8,20.45
2026-08-20,Humira,13.53,11:01:23,2,8,20.46
2026-08-20,Humira,5.66,11:01:53,2,8,0.0
2026-08-20,Humira,7.06,11:02:23,2,8,0.0
2026-08-20,Humira,6.89,11:02:53,2,8,0.0
2026-08-20,Humira,9.12,11:03:23,2,8,20.51
2026-08-20,Humira,10.1,11:03:53,2,8,20.52
2026-08-20,Humira,10.0,11:04:23,2,8,20.53
2026-08-20,Humira,14.3,11:04:53,2,8,20.54
2026-08-20,Humira,13.53,11:05:23,2,8,20.55
2026-08-20,Humira,3.23,11:05:53,2,8,0.0
2026-08-20,Humira,16.92,11:06:23,2,8,20.57
2026-08-20,Humira,2.39,11:06:53,2,8,0.0
2026-08-20,Humira,13.62,11:07:23,2,8,20.59
2026-08-20,Humira,13.02,11:07:53,2,8,20.61
2026-08-20,Humira,7.15,11:08:23,2,8,0.0
2026-08-20,Humira,9.22,11:08:53,2,8,20.63
2026-08-20,Humira,10.95,11:09:23,2,8,20.64
2026-08-20,Humira,14.97,11:09:53,2,8,20.65
2026-08-20,Humira,5.43,11:10:23,2,8,0.0
2026-08-20,Humira,5.2,11:10:53,2,8,0.0
2026-08-20,Humira,3.72,11:11:23,2,8,0.0
2026-08-20,Humira,7.31,11:11:53,2,8,0.0
2026-08-20,Humira,9.25,11:12:23,2,8,20.7
2026-08-20,Humira,18.0,11:12:53,2,8,20.71
2026-08-20,Humira,6.17,11:13:23,2,8,0.0
2026-08-20,Humira,13.76,11:13:53,2,8,20.73
2026-08-20,Humira,16.2,11:14:23,2,8,20.75
2026-08-20,Humira,4.24,11:14:53,2,8,0.0
2026-08-20,Humira,7.65,11:15:23,2,8,0.0
2026-08-20,Humira,9.7,11:15:53,2,8,20.78
2026-08-20,Humira,14.19,11:16:23,2,8,20.79
2026-08-20,Humira,4.77,11:16:53,2,8,0.0
2026-08-20,Humira,16.13,11:17:23,2,8,20.81
2026-08-20,Humira,15.01,11:17:53,2,8,20.82
2026-08-20,Humira,10.12,11:18:23,2,8,20.83
2026-08-20,Humira,7.56,11:18:53,2,8,0.0
2026-08-20,Humira,5.74,11:19:23,2,8,0.0
2026-08-20,Humira,15.15,11:19:53,2,8,20.87
2026-08-20,Humira,3.21,11:20:23,2,8,0.0
2026-08-20,Humira,3.17,11:20:53,2,8,0.0
2026-08-20,Humira,12.05,11:21:23,2,8,20.9
2026-08-20,Humira,14.89,11:21:53,2,8,20.91
2026-08-20,Humira,13.4,11:22:23,2,8,20.92
2026-08-20,Humira,15.4,11:22:53,2,8,20.93
2026-08-20,Humira,2.58,11:23:23,2,8,0.0
2026-08-20,Humira,15.38,11:23:53,2,8,20.95
2026-08-20,Humira,10.79,11:24:23,2,8,20.96
2026-08-20,Humira,16.85,11:24:53,2,8,20.97
2026-08-20,Humira,3.45,11:25:23,2,8,0.0
2026-08-20,Humira,3.79,11:25:53,2,8,0.0
2026-08-20,Humira,6.03,11:26:23,2,8,0.0
2026-08-20,Humira,4.98,11:26:53,2,8,0.0
2026-08-20,Humira,2.44,11:27:23,2,8,0.0
2026-08-20,Humira,6.34,11:27:53,2,8,0.0
2026-08-20,Humira,11.94,11:28:23,2,8,21.05
2026-08-20,Humira,3.41,11:28:53,2,8,0.0
2026-08-20,Humira,11.23,11:29:23,2,8,21.07
2026-08-20,Humira,10.0,11:29:53,2,8,21.08
2026-08-20,Humira,14.72,11:30:23,2,8,21.09
2026-08-20,Humira,12.77,11:30:53,2,8,21.1
2026-08-20,Humira,17.14,11:31:23,2,8,21.11
2026-08-20,Humira,2.65,11:31:53,2,8,0.0
2026-08-20,Humira,4.2,11:32:23,2,8,0.0
2026-08-20,Humira,13.44,11:32:53,2,8,21.15
2026-08-20,Humira,17.55,11:33:23,2,8,21.16
2026-08-20,Humira,6.69,11:33:53,2,8,0.0
2026-08-20,Humira,9.96,11:34:23,2,8,21.18
2026-08-20,Humira,5.43,11:34:53,2,8,0.0
2026-08-20,Humira,9.18,11:35:23,2,8,21.2
2026-08-20,Humira,2.75,11:35:53,2,8,0.0
2026-08-20,Humira,17.41,11:36:23,2,8,21.22
2026-08-20,Humira,6.76,11:36:53,2,8,0.0
2026-08-20,Humira,13.55,11:37:23,2,8,21.24
2026-08-20,Humira,14.19,11:37:53,2,8,21.26
2026-08-20,Humira,17.5,11:38:23,2,8,21.27
2026-08-20,Humira,7.21,11:38:53,2,8,0.0
2026-08-20,Humira,17.05,11:39:23,2,8,21.29
2026-08-20,Humira,10.33,11:39:53,2,8,21.3
2026-08-20,Humira,17.22,11:40:23,2,8,21.31
2026-08-20,Humira,3.42,11:40:53,2,8,0.0
2026-08-20,Humira,4.3,11:41:23,2,8,0.0
2026-08-20,Humira,12.9,11:41:53,2,8,21.34
2026-08-20,Humira,13.5,11:42:23,2,8,21.35
2026-08-20,Humira,7.71,11:42:53,2,8,0.0
2026-08-20,Humira,3.94,11:43:23,2,8,0.0
2026-08-20,Humira,11.68,11:43:53,2,8,21.39
2026-08-20,Humira,15.09,11:44:23,2,8,21.4
2026-08-20,Humira,3.05,11:44:53,2,8,0.0
2026-08-20,Humira,6.6,11:45:23,2,8,0.0
2026-08-20,Humira,14.61,11:45:53,2,8,21.43
2026-08-20,Humira,11.41,11:46:23,2,8,21.44
2026-08-20,Humira,12.89,11:46:53,2,8,21.45
2026-08-20,Humira,3.56,11:47:23,2,8,0.0
2026-08-20,Humira,9.15,11:47:53,2,8,21.47
2026-08-20,Humira,12.33,11:48:23,2,8,21.48
2026-08-20,Humira,13.51,11:48:53,2,8,21.49
2026-08-20,Humira,13.92,11:49:23,2,8,21.5
2026-08-20,Humira,16.16,11:49:53,2,8,21.52
2026-08-20,Humira,10.28,11:50:23,2,8,21.53
2026-08-20,Humira,6.04,11:50:53,2,8,0.0
2026-08-20,Humira,4.31,11:51:23,2,8,0.0
2026-08-20,Humira,11.48,11:51:53,2,8,21.56
2026-08-20,Humira,6.16,11:52:23,2,8,0.0
2026-08-20,Humira,11.21,11:52:53,2,8,21.58
2026-08-20,Humira,16.92,11:53:23,2,8,21.59
2026-08-20,Humira,13.91,11:53:53,2,8,21.6
2026-08-20,Humira,5.61,11:54:23,2,8,0.0
2026-08-20,Humira,14.48,11:54:53,2,8,21.62
2026-08-20,Humira,3.69,11:55:23,2,8,0.0
2026-08-20,Humira,7.26,11:55:53,2,8,0.0
2026-08-20,Humira,11.6,11:56:23,2,8,21.66
2026-08-20,Humira,2.41,11:56:53,2,8,0.0
2026-08-20,Humira,14.91,11:57:23,2,8,21.68
2026-08-20,Humira,3.78,11:57:53,2,8,0.0
2026-08-20,Humira,16.02,11:58:23,2,8,21.7
2026-08-20,Humira,6.97,11:58:53,2,8,0.0
2026-08-20,Humira,3.37,11:59:23,2,8,0.0
2026-08-20,Humira,13.87,11:59:53,2,8,21.73
2026-08-20,Humira,12.88,12:00:23,2,8,21.74
2026-08-20,Humira,6.37,12:00:53,2,8,0.0
2026-08-20,Humira,12.99,12:01:23,2,8,21.76
2026-08-20,Humira,16.11,12:01:53,2,8,21.78
2026-08-20,Humira,5.25,12:02:23,2,8,0.0
2026-08-20,Humira,15.71,12:02:53,2,8,21.8
2026-08-20,Humira,16.04,12:03:23,2,8,21.81
2026-08-20,Humira,2.4,12:03:53,2,8,0.0
2026-08-20,Humira,6.41,12:04:23,2,8,0.0
2026-08-20,Humira,11.35,12:04:53,2,8,21.84
2026-08-20,Humira,13.09,12:05:23,2,8,21.85
2026-08-20,Humira,9.4,12:05:53,2,8,21.86
2026-08-20,Humira,12.17,12:06:23,2,8,21.87
2026-08-20,Humira,15.87,12:06:53,2,8,21.88
2026-08-20,Humira,3.81,12:07:23,2,8,0.0
2026-08-20,Humira,15.1,12:07:53,2,8,21.91
2026-08-20,Humira,7.46,12:08:23,2,8,0.0
2026-08-20,Humira,10.63,12:08:53,2,8,21.93
2026-08-20,Humira,17.35,12:09:23,2,8,21.94
2026-08-20,Humira,2.13,12:09:53,2,8,0.0
2026-08-20,Humira,7.57,12:10:23,2,8,0.0
2026-08-20,Humira,5.53,12:10:53,2,8,0.0
2026-08-20,Humira,3.76,12:11:23,2,8,0.0
2026-08-20,Humira,10.69,12:11:53,2,8,21.99
2026-08-20,Humira,15.84,12:12:23,2,8,22.0
2026-08-20,Humira,10.65,12:12:53,2,8,22.01
2026-08-20,Humira,14.45,12:13:23,2,8,22.02
2026-08-20,Humira,2.23,12:13:53,2,8,0.0
2026-08-20,Humira,7.05,12:14:23,2,8,0.0
2026-08-20,Humira,6.25,12:14:53,2,8,0.0
2026-08-20,Humira,7.41,12:15:23,2,8,0.0
2026-08-20,Humira,15.37,12:15:53,2,8,22.08
2026-08-20,Humira,7.65,12:16:23,2,8,0.0
2026-08-20,Humira,14.27,12:16:53,2,8,22.1
2026-08-20,Humira,13.03,12:17:23,2,8,22.11
2026-08-20,Humira,17.12,12:17:53,2,8,22.12
2026-08-20,Humira,16.14,12:18:23,2,8,22.13
2026-08-20,Humira,2.63,12:18:53,2,8,0.0
2026-08-20,Humira,17.31,12:19:23,2,8,22.15
2026-08-20,Humira,2.51,12:19:53,2,8,0.0
2026-08-20,Humira,12.55,12:20:23,2,8,22.18
2026-08-20,Humira,14.53,12:20:53,2,8,22.19
2026-08-20,Humira,14.28,12:21:23,2,8,22.2
2026-08-20,Humira,9.72,12:21:53,2,8,22.21
2026-08-20,Humira,10.17,12:22:23,2,8,22.22
2026-08-20,Humira,15.41,12:22:53,2,8,22.23
2026-08-20,Humira,15.13,12:23:23,2,8,22.24
2026-08-20,Humira,13.45,12:23:53,2,8,22.25
2026-08-20,Humira,14.5,12:24:23,2,8,22.26
2026-08-20,Humira,17.09,12:24:53,2,8,22.27
2026-08-20,Humira,5.97,12:25:23,2,8,0.0
2026-08-20,Humira,12.7,12:25:53,2,8,22.29
2026-08-20,Humira,14.06,12:26:23,2,8,22.31
2026-08-20,Humira,3.2,12:26:53,2,8,0.0
2026-08-20,Humira,11.79,12:27:23,2,8,22.33
2026-08-20,Humira,14.54,12:27:53,2,8,22.34
2026-08-20,Humira,6.04,12:28:23,2,8,0.0
2026-08-20,Humira,11.53,12:28:53,2,8,22.36
2026-08-20,Humira,4.95,12:29:23,2,8,0.0
2026-08-20,Humira,3.21,12:29:53,2,8,0.0
2026-08-20,Humira,15.37,12:30:23,2,8,22.39
2026-08-20,Humira,2.91,12:30:53,2,8,0.0
2026-08-20,Humira,12.8,12:31:23,2,8,22.41
2026-08-20,Humira,10.23,12:31:53,2,8,22.43
2026-08-20,Humira,14.21,12:32:23,2,8,22.44
2026-08-20,Humira,12.3,12:32:53,2,8,22.45
2026-08-20,Humira,16.74,12:33:23,2,8,22.46
2026-08-20,Humira,14.5,12:33:53,2,8,22.47
2026-08-20,Humira,11.64,12:34:23,2,8,22.48
2026-08-20,Humira,12.06,12:34:53,2,8,22.49
2026-08-20,Humira,15.49,12:35:23,2,8,22.5
2026-08-20,Humira,17.47,12:35:53,2,8,22.51
2026-08-20,Humira,16.82,12:36:23,2,8,22.52
2026-08-20,Humira,16.44,12:36:53,2,8,22.53
2026-08-20,Humira,11.16,12:37:23,2,8,22.54
2026-08-20,Humira,2.5,12:37:53,2,8,0.0
2026-08-20,Humira,7.19,12:38:23,2,8,0.0
2026-08-20,Humira,3.84,12:38:53,2,8,0.0
2026-08-20,Humira,17.05,12:39:23,2,8,22.59
2026-08-20,Humira,4.82,12:39:53,2,8,0.0
2026-08-20,Humira,3.24,12:40:23,2,8,0.0
2026-08-20,Humira,13.85,12:40:53,2,8,22.62
2026-08-20,Humira,17.04,12:41:23,2,8,22.63
2026-08-20,Humira,12.46,12:41:53,2,8,22.64
2026-08-20,Humira,15.11,12:42:23,2,8,22.65
2026-08-20,Humira,17.54,12:42:53,2,8,22.66
2026-08-20,Humira,4.35,12:43:23,2,8,0.0
2026-08-20,Humira,4.62,12:43:53,2,8,0.0
2026-08-20,Humira,2.82,12:44:23,2,8,0.0
2026-08-20,Humira,4.6,12:44:53,2,8,0.0
2026-08-20,Humira,3.93,12:45:23,2,8,0.0
2026-08-20,Humira,14.38,12:45:53,2,8,22.73
2026-08-20,Humira,10.97,12:46:23,2,8,22.74
2026-08-20,Humira,3.22,12:46:53,2,8,0.0
2026-08-20,Humira,15.71,12:47:23,2,8,22.76
2026-08-20,Humira,7.61,12:47:53,2,8,0.0
2026-08-20,Humira,14.35,12:48:23,2,8,22.78
2026-08-20,Humira,11.85,12:48:53,2,8,22.79
2026-08-20,Humira,10.86,12:49:23,2,8,22.8
2026-08-20,Humira,6.67,12:49:53,2,8,0.0
2026-08-20,Humira,15.62,12:50:23,2,8,22.83
2026-08-20,Humira,10.13,12:50:53,2,8,22.84
2026-08-20,Humira,3.24,12:51:23,2,8,0.0
2026-08-20,Humira,12.82,12:51:53,2,8,22.86
2026-08-20,Humira,3.7,12:52:23,2,8,0.0
2026-08-20,Humira,12.01,12:52:53,2,8,22.88
2026-08-20,Humira,10.28,12:53:23,2,8,22.89
2026-08-20,Humira,16.87,12:53:53,2,8,22.9
2026-08-20,Humira,5.63,12:54:23,2,8,0.0
2026-08-20,Humira,5.77,12:54:53,2,8,0.0
2026-08-20,Humira,10.82,12:55:23,2,8,22.93
2026-08-20,Humira,5.46,12:55:53,2,8,0.0
2026-08-20,Humira,15.42,12:56:23,2,8,22.96
2026-08-20,Humira,7.24,12:56:53,2,8,0.0
2026-08-20,Humira,16.15,12:57:23,2,8,22.98
2026-08-20,Humira,4.51,12:57:53,2,8,0.0
2026-08-20,Humira,4.19,12:58:23,2,8,0.0
2026-08-20,Humira,14.81,12:58:53,2,8,23.01
2026-08-20,Humira,12.09,12:59:23,2,8,23.02
2026-08-20,Humira,2.63,12:59:53,2,8,0.0
2026-08-20,Humira,17.73,13:00:23,2,8,23.04
2026-08-20,Humira,3.73,13:00:53,2,8,0.0
2026-08-20,Humira,14.12,13:01:23,2,8,23.06
2026-08-20,Humira,15.76,13:01:53,2,8,23.07
2026-08-20,Humira,13.37,13:02:23,2,8,23.09
2026-08-20,Humira,15.91,13:02:53,2,8,23.1
2026-08-20,Humira,12.48,13:03:23,2,8,23.11
2026-08-20,Humira,11.22,13:03:53,2,8,23.12
2026-08-20,Humira,7.79,13:04:23,2,8,0.0
2026-08-20,Humira,10.8,13:04:53,2,8,23.14
2026-08-20,Humira,11.02,13:05:23,2,8,23.15
2026-08-20,Humira,16.68,13:05:53,2,8,23.16
2026-08-20,Humira,2.37,13:06:23,2,8,0.0
2026-08-20,Humira,13.23,13:06:53,2,8,23.18
2026-08-20,Humira,9.17,13:07:23,2,8,23.19
2026-08-20,Humira,13.32,13:07:53,2,8,23.21
2026-08-20,Humira,15.38,13:08:23,2,8,23.22
2026-08-20,Humira,16.69,13:08:53,2,8,23.23
2026-08-20,Humira,2.51,13:09:23,2,8,0.0
2026-08-20,Humira,16.79,13:09:53,2,8,23.25
2026-08-20,Humira,6.93,13:10:23,2,8,0.0
2026-08-20,Humira,11.94,13:10:53,2,8,23.27
2026-08-20,Humira,14.42,13:11:23,2,8,23.28
2026-08-20,Humira,4.01,13:11:53,2,8,0.0
2026-08-20,Humira,10.31,13:12:23,2,8,23.3
2026-08-20,Humira,11.6,13:12:53,2,8,23.31
2026-08-20,Humira,2.28,13:13:23,2,8,0.0
2026-08-20,Humira,3.9,13:13:53,2,8,0.0
2026-08-20,Humira,13.65,13:14:23,2,8,23.35
2026-08-20,Humira,3.07,13:14:53,2,8,0.0
2026-08-20,Humira,16.84,13:15:23,2,8,23.37
2026-08-20,Humira,12.74,13:15:53,2,8,23.38
2026-08-20,Humira,15.39,13:16:23,2,8,23.39
2026-08-20,Humira,9.37,13:16:53,2,8,23.4
2026-08-20,Humira,13.62,13:17:23,2,8,23.41
2026-08-20,Humira,17.95,13:17:53,2,8,23.42
2026-08-20,Humira,6.67,13:18:23,2,8,0.0
2026-08-20,Humira,2.75,13:18:53,2,8,0.0
2026-08-20,Humira,9.3,13:19:23,2,8,23.45
2026-08-20,Humira,10.12,13:19:53,2,8,23.47
2026-08-20,Humira,4.59,13:20:23,2,8,0.0
2026-08-20,Humira,16.1,13:20:53,2,8,23.49
2026-08-20,Humira,10.98,13:21:23,2,8,23.5
2026-08-20,Humira,7.36,13:21:53,2,8,0.0
2026-08-20,Humira,15.11,13:22:23,2,8,23.52
2026-08-20,Humira,12.59,13:22:53,2,8,23.53
2026-08-20,Humira,2.81,13:23:23,2,8,0.0
2026-08-20,Humira,13.43,13:23:53,2,8,23.55
2026-08-20,Humira,11.93,13:24:23,2,8,23.56
2026-08-20,Humira,10.1,13:24:53,2,8,23.57
2026-08-20,Humira,12.86,13:25:23,2,8,23.58
2026-08-20,Humira,12.62,13:25:53,2,8,23.59
2026-08-20,Humira,3.57,13:26:23,2,8,0.0
2026-08-20,Humira,6.19,13:26:53,2,8,0.0
2026-08-20,Humira,6.37,13:27:23,2,8,0.0
2026-08-20,Humira,6.67,13:27:53,2,8,0.0
2026-08-20,Humira,5.72,13:28:23,2,8,0.0
2026-08-20,Humira,16.43,13:28:53,2,8,23.66
2026-08-20,Humira,16.77,13:29:23,2,8,23.67
2026-08-20,Humira,17.01,13:29:53,2,8,23.68
2026-08-20,Humira,4.87,13:30:23,2,8,0.0
2026-08-20,Humira,4.83,13:30:53,2,8,0.0
2026-08-20,Humira,15.84,13:31:23,2,8,23.71
2026-08-20,Humira,7.09,13:31:53,2,8,0.0
2026-08-20,Humira,4.66,13:32:23,2,8,0.0
2026-08-20,Humira,3.1,13:32:53,2,8,0.0
2026-08-20,Humira,17.0,13:33:23,2,8,23.76
2026-08-20,Humira,13.31,13:33:53,2,8,23.77
2026-08-20,Humira,2.58,13:34:23,2,8,0.0
2026-08-20,Humira,4.35,13:34:53,2,8,0.0
2026-08-20,Humira,9.99,13:35:23,2,8,23.8
2026-08-20,Humira,2.32,13:35:53,2,8,0.0
2026-08-20,Humira,4.06,13:36:23,2,8,0.0
2026-08-20,Humira,10.36,13:36:53,2,8,23.83
2026-08-20,Humira,11.83,13:37:23,2,8,23.84
2026-08-20,Humira,17.39,13:37:53,2,8,23.86
2026-08-20,Humira,14.4,13:38:23,2,8,23.87
2026-08-20,Humira,7.34,13:38:53,2,8,0.0
2026-08-20,Humira,2.34,13:39:23,2,8,0.0
2026-08-20,Humira,10.83,13:39:53,2,8,23.9
2026-08-20,Humira,10.66,13:40:23,2,8,23.91
2026-08-20,Humira,13.98,13:40:53,2,8,23.92
2026-08-20,Humira,11.36,13:41:23,2,8,23.93
2026-08-20,Humira,6.5,13:41:53,2,8,0.0
2026-08-20,Humira,12.84,13:42:23,2,8,23.95
2026-08-20,Humira,12.53,13:42:53,2,8,23.96
2026-08-20,Humira,17.39,13:43:23,2,8,23.97
2026-08-20,Humira,11.89,13:43:53,2,8,23.98
2026-08-20,Humira,14.28,13:44:23,2,8,24.0
2026-08-20,Humira,7.57,13:44:53,2,8,0.0
2026-08-20,Humira,9.42,13:45:23,2,8,24.02
2026-08-20,Humira,6.11,13:45:53,2,8,0.0
2026-08-20,Humira,16.42,13:46:23,2,8,24.04
2026-08-20,Humira,14.51,13:46:53,2,8,24.05
2026-08-20,Humira,7.13,13:47:23,2,8,0.0
2026-08-20,Humira,3.42,13:47:53,2,8,0.0
2026-08-20,Humira,15.73,13:48:23,2,8,24.08
2026-08-20,Humira,4.21,13:48:53,2,8,0.0
2026-08-20,Humira,10.77,13:49:23,2,8,24.1
2026-08-20,Humira,4.67,13:49:53,2,8,0.0
2026-08-20,Humira,7.55,13:50:23,2,8,0.0
2026-08-20,Humira,12.97,13:50:53,2,8,24.14
2026-08-20,Humira,9.07,13:51:23,2,8,24.15
2026-08-20,Humira,17.62,13:51:53,2,8,24.16
2026-08-20,Humira,7.28,13:52:23,2,8,0.0
2026-08-20,Humira,3.25,13:52:53,2,8,0.0
2026-08-20,Humira,4.73,13:53:23,2,8,0.0
2026-08-20,Humira,5.44,13:53:53,2,8,0.0
2026-08-20,Humira,6.4,13:54:23,2,8,0.0
2026-08-20,Humira,16.33,13:54:53,2,8,24.22
2026-08-20,Humira,17.99,13:55:23,2,8,24.23
2026-08-20,Humira,12.52,13:55:53,2,8,24.24
2026-08-20,Humira,3.23,13:56:23,2,8,0.0
2026-08-20,Humira,3.12,13:56:53,2,8,0.0
2026-08-20,Humira,9.66,13:57:23,2,8,24.28
2026-08-20,Humira,2.45,13:57:53,2,8,0.0
2026-08-20,Humira,10.68,13:58:23,2,8,24.3
2026-08-20,Humira,9.76,13:58:53,2,8,24.31
2026-08-20,Humira,5.16,13:59:23,2,8,0.0
2026-08-20,Humira,14.91,13:59:53,2,8,24.33
2026-08-20,Humira,11.02,14:00:23,2,8,24.34
2026-08-20,Humira,16.04,14:00:53,2,8,24.35
2026-08-20,Humira,15.98,14:01:23,2,8,24.36
2026-08-20,Humira,11.95,14:01:53,2,8,24.38
2026-08-20,Humira,15.59,14:02:23,2,8,24.39
2026-08-20,Humira,11.31,14:02:53,2,8,24.4
2026-08-20,Humira,17.03,14:03:23,2,8,24.41
2026-08-20,Humira,14.65,14:03:53,2,8,24.42
2026-08-20,Humira,9.29,14:04:23,2,8,24.43
2026-08-20,Humira,15.35,14:04:53,2,8,24.44
2026-08-20,Humira,14.48,14:05:23,2,8,24.45
2026-08-20,Humira,15.3,14:05:53,2,8,24.46
2026-08-20,Humira,12.61,14:06:23,2,8,24.47
2026-08-20,Humira,11.94,14:06:53,2,8,24.48
2026-08-20,Humira,12.53,14:07:23,2,8,24.49
2026-08-20,Humira,7.72,14:07:53,2,8,0.0
2026-08-20,Humira,13.24,14:08:23,2,8,24.52
2026-08-20,Humira,4.8,14:08:53,2,8,0.0
2026-08-20,Humira,2.19,14:09:23,2,8,0.0
2026-08-20,Humira,14.65,14:09:53,2,8,24.55
2026-08-20,Humira,16.72,14:10:23,2,8,24.56
2026-08-20,Humira,5.42,14:10:53,2,8,0.0
2026-08-20,Humira,7.44,14:11:23,2,8,0.0
2026-08-20,Humira,15.51,14:11:53,2,8,24.59
2026-08-20,Humira,5.71,14:12:23,2,8,0.0
2026-08-20,Humira,13.94,14:12:53,2,8,24.61
2026-08-20,Humira,12.93,14:13:23,2,8,24.62
2026-08-20,Humira,9.88,14:13:53,2,8,24.64
2026-08-20,Humira,10.24,14:14:23,2,8,24.65
2026-08-20,Humira,2.34,14:14:53,2,8,0.0
2026-08-20,Humira,5.63,14:15:23,2,8,0.0
2026-08-20,Humira,16.01,14:15:53,2,8,24.68
2026-08-20,Humira,5.12,14:16:23,2,8,0.0
2026-08-20,Humira,17.34,14:16:53,2,8,24.7
2026-08-20,Humira,9.92,14:17:23,2,8,24.71
2026-08-20,Humira,14.77,14:17:53,2,8,24.72
2026-08-20,Humira,17.5,14:18:23,2,8,24.73
2026-08-20,Humira,13.57,14:18:53,2,8,24.74
2026-08-20,Humira,2.53,14:19:23,2,8,0.0
2026-08-20,Humira,11.52,14:19:53,2,8,24.77
2026-08-20,Humira,5.75,14:20:23,2,8,0.0
2026-08-20,Humira,4.19,14:20:53,2,8,0.0
2026-08-20,Humira,9.23,14:21:23,2,8,24.8
2026-08-20,Humira,4.49,14:21:53,2,8,0.0
2026-08-20,Humira,12.77,14:22:23,2,8,24.82
2026-08-20,Humira,16.99,14:22:53,2,8,24.83
2026-08-20,Humira,15.93,14:23:23,2,8,24.84
2026-08-20,Humira,11.04,14:23:53,2,8,24.85
2026-08-20,Humira,12.1,14:24:23,2,8,24.86
2026-08-20,Humira,12.1,14:24:53,2,8,24.87
2026-08-20,Humira,14.59,14:25:23,2,8,24.88
2026-08-20,Humira,6.61,14:25:53,2,8,0.0
2026-08-20,Humira,2.34,14:26:23,2,8,0.0
2026-08-20,Humira,7.87,14:26:53,2,8,0.0
2026-08-20,Humira,6.56,14:27:23,2,8,0.0
2026-08-20,Humira,16.74,14:27:53,2,8,24.94
2026-08-20,Humira,13.97,14:28:23,2,8,24.95
2026-08-20,Humira,11.01,14:28:53,2,8,24.96
2026-08-20,Humira,12.04,14:29:23,2,8,24.97
2026-08-20,Humira,5.49,14:29:53,2,8,0.0
2026-08-20,Humira,3.27,14:30:23,2,8,0.0
2026-08-20,Humira,9.78,14:30:53,2,8,25.0
2026-08-20,Humira,2.48,14:31:23,2,8,0.0
2026-08-20,Humira,4.24,14:31:53,2,8,0.0
2026-08-20,Humira,2.64,14:32:23,2,8,0.0
2026-08-20,Humira,3.29,14:32:53,2,8,0.0
2026-08-20,Humira,17.48,14:33:23,2,8,25.06
2026-08-20,Humira,9.89,14:33:53,2,8,25.07
2026-08-20,Humira,17.19,14:34:23,2,8,25.08
2026-08-20,Humira,16.88,14:34:53,2,8,25.09
2026-08-20,Humira,12.09,14:35:23,2,8,25.1
2026-08-20,Humira,14.71,14:35:53,2,8,25.11
2026-08-20,Humira,4.08,14:36:23,2,8,0.0
2026-08-20,Humira,6.23,14:36:53,2,8,0.0
2026-08-20,Humira,2.93,14:37:23,2,8,0.0
2026-08-20,Humira,17.2,14:37:53,2,8,25.16
2026-08-20,Humira,17.89,14:38:23,2,8,25.17
2026-08-20,Humira,15.43,14:38:53,2,8,25.18
2026-08-20,Humira,16.08,14:39:23,2,8,25.19
2026-08-20,Humira,6.41,14:39:53,2,8,0.0
2026-08-20,Humira,7.27,14:40:23,2,8,0.0
2026-08-20,Humira,15.86,14:40:53,2,8,25.22
2026-08-20,Humira,10.34,14:41:23,2,8,25.23
2026-08-20,Humira,6.6,14:41:53,2,8,0.0
2026-08-20,Humira,5.0,14:42:23,2,8,0.0
2026-08-20,Humira,4.62,14:42:53,2,8,0.0
2026-08-20,Humira,10.61,14:43:23,2,8,25.27
2026-08-20,Humira,4.75,14:43:53,2,8,0.0
2026-08-20,Humira,2.02,14:44:23,2,8,0.0
2026-08-20,Humira,11.76,14:44:53,2,8,25.31
2026-08-20,Humira,7.01,14:45:23,2,8,0.0
2026-08-20,Humira,16.69,14:45:53,2,8,25.33
2026-08-20,Humira,16.24,14:46:23,2,8,25.34
2026-08-20,Humira,10.86,14:46:53,2,8,25.35
2026-08-20,Humira,11.46,14:47:23,2,8,25.36
2026-08-20,Humira,3.98,14:47:53,2,8,0.0
2026-08-20,Humira,15.14,14:48:23,2,8,25.38
2026-08-20,Humira,7.21,14:48:53,2,8,0.0
2026-08-20,Humira,9.09,14:49:23,2,8,25.4
2026-08-20,Humira,12.84,14:49:53,2,8,25.42
2026-08-20,Humira,3.16,14:50:23,2,8,0.0
2026-08-20,Humira,14.04,14:50:53,2,8,25.44
2026-08-20,Humira,2.22,14:51:23,2,8,0.0
2026-08-20,Humira,12.24,14:51:53,2,8,25.46
2026-08-20,Humira,7.32,14:52:23,2,8,0.0
2026-08-20,Humira,10.56,14:52:53,2,8,25.48
2026-08-20,Humira,3.91,14:53:23,2,8,0.0
2026-08-20,Humira,6.31,14:53:53,2,8,0.0
2026-08-20,Humira,6.38,14:54:23,2,8,0.0
2026-08-20,Humira,3.93,14:54:53,2,8,0.0
2026-08-20,Humira,6.32,14:55:23,2,8,0.0
2026-08-20,Humira,12.53,14:55:53,2,8,25.54
2026-08-20,Humira,10.33,14:56:23,2,8,25.56
2026-08-20,Humira,12.75,14:56:53,2,8,25.57
2026-08-20,Humira,15.47,14:57:23,2,8,25.58
2026-08-20,Humira,14.37,14:57:53,2,8,25.59
2026-08-20,Humira,17.58,14:58:23,2,8,25.6
2026-08-20,Humira,3.3,14:58:53,2,8,0.0
2026-08-20,Humira,16.51,14:59:23,2,8,25.62
2026-08-20,Humira,11.31,14:59:53,2,8,25.63
2026-08-20,Humira,15.89,15:00:23,2,8,25.64
2026-08-20,Humira,6.12,15:00:53,2,8,0.0
2026-08-20,Humira,13.62,15:01:23,2,8,25.66
2026-08-20,Humira,5.39,15:01:53,2,8,0.0
2026-08-20,Humira,5.66,15:02:23,2,8,0.0
2026-08-20,Humira,16.17,15:02:53,2,8,25.7
2026-08-20,Humira,2.79,15:03:23,2,8,0.0
2026-08-20,Humira,3.05,15:03:53,2,8,0.0
2026-08-20,Humira,3.29,15:04:23,2,8,0.0
2026-08-20,Humira,15.36,15:04:53,2,8,25.74
2026-08-20,Humira,9.73,15:05:23,2,8,25.75
2026-08-20,Humira,3.07,15:05:53,2,8,0.0
2026-08-20,Humira,11.73,15:06:23,2,8,25.77
2026-08-20,Humira,16.9,15:06:53,2,8,25.78
2026-08-20,Humira,11.78,15:07:23,2,8,25.79
2026-08-20,Humira,13.7,15:07:53,2,8,25.81
2026-08-20,Humira,7.41,15:08:23,2,8,0.0
2026-08-20,Humira,5.83,15:08:53,2,8,0.0
2026-08-20,Humira,17.79,15:09:23,2,8,25.84
2026-08-20,Humira,17.36,15:09:53,2,8,25.85
2026-08-20,Humira,9.87,15:10:23,2,8,25.86
2026-08-20,Humira,13.54,15:10:53,2,8,25.87
2026-08-20,Humira,5.9,15:11:23,2,8,0.0
2026-08-20,Humira,5.0,15:11:53,2,8,0.0
2026-08-20,Humira,16.47,15:12:23,2,8,25.9
2026-08-20,Humira,16.42,15:12:53,2,8,25.91
2026-08-20,Humira,3.15,15:13:23,2,8,0.0
2026-08-20,Humira,12.73,15:13:53,2,8,25.93
2026-08-20,Humira,15.49,15:14:23,2,8,25.95
2026-08-20,Humira,2.72,15:14:53,2,8,0.0
2026-08-20,Humira,13.22,15:15:23,2,8,25.97
2026-08-20,Humira,7.45,15:15:53,2,8,0.0
2026-08-20,Humira,12.76,15:16:23,2,8,25.99
2026-08-20,Humira,9.61,15:16:53,2,8,26.0
2026-08-20,Humira,13.32,15:17:23,2,8,26.01
2026-08-20,Humira,15.39,15:17:53,2,8,26.02
2026-08-20,Humira,4.04,15:18:23,2,8,0.0
2026-08-20,Humira,12.23,15:18:53,2,8,26.04
2026-08-20,Humira,4.24,15:19:23,2,8,0.0
2026-08-20,Humira,2.66,15:19:53,2,8,0.0
2026-08-20,Humira,4.98,15:20:23,2,8,0.0
2026-08-20,Humira,14.65,15:20:53,2,8,26.09
2026-08-20,Humira,7.63,15:21:23,2,8,0.0
2026-08-20,Humira,5.77,15:21:53,2,8,0.0
2026-08-20,Humira,4.82,15:22:23,2,8,0.0
2026-08-20,Humira,14.81,15:22:53,2,8,26.13
2026-08-20,Humira,13.95,15:23:23,2,8,26.14
2026-08-20,Humira,15.32,15:23:53,2,8,26.15
2026-08-20,Humira,6.51,15:24:23,2,8,0.0
2026-08-20,Humira,7.9,15:24:53,2,8,0.0
2026-08-20,Humira,13.77,15:25:23,2,8,26.18
2026-08-20,Humira,2.19,15:25:53,2,8,0.0
2026-08-20,Humira,2.54,15:26:23,2,8,0.0
2026-08-20,Humira,3.73,15:26:53,2,8,0.0
2026-08-20,Humira,11.86,15:27:23,2,8,26.23
2026-08-20,Humira,14.38,15:27:53,2,8,26.24
2026-08-20,Humira,15.82,15:28:23,2,8,26.25
2026-08-20,Humira,16.36,15:28:53,2,8,26.26
2026-08-20,Humira,17.15,15:29:23,2,8,26.27
2026-08-20,Humira,11.18,15:29:53,2,8,26.28
2026-08-20,Humira,13.3,15:30:23,2,8,26.29
2026-08-20,Humira,6.4,15:30:53,2,8,0.0
2026-08-20,Humira,17.67,15:31:23,2,8,26.31
2026-08-20,Humira,7.69,15:31:53,2,8,0.0
2026-08-20,Humira,5.89,15:32:23,2,8,0.0
2026-08-20,Humira,13.17,15:32:53,2,8,26.35
2026-08-20,Humira,7.62,15:33:23,2,8,0.0
2026-08-20,Humira,13.23,15:33:53,2,8,26.37
2026-08-20,Humira,6.31,15:34:23,2,8,0.0
2026-08-20,Humira,14.68,15:34:53,2,8,26.39
2026-08-20,Humira,13.38,15:35:23,2,8,26.4
2026-08-20,Humira,2.52,15:35:53,2,8,0.0
2026-08-20,Humira,12.35,15:36:23,2,8,26.42
2026-08-20,Humira,4.43,15:36:53,2,8,0.0
2026-08-20,Humira,6.8,15:37:23,2,8,0.0
2026-08-20,Humira,3.94,15:37:53,2,8,0.0
2026-08-20,Humira,11.76,15:38:23,2,8,26.47
2026-08-20,Humira,9.02,15:38:53,2,8,26.48
2026-08-20,Humira,17.67,15:39:23,2,8,26.49
2026-08-20,Humira,5.85,15:39:53,2,8,0.0
2026-08-20,Humira,16.0,15:40:23,2,8,26.51
2026-08-20,Humira,10.26,15:40:53,2,8,26.52
2026-08-20,Humira,10.47,15:41:23,2,8,26.53
2026-08-20,Humira,9.01,15:41:53,2,8,26.54
2026-08-20,Humira,17.23,15:42:23,2,8,26.55
2026-08-20,Humira,17.87,15:42:53,2,8,26.56
2026-08-20,Humira,14.7,15:43:23,2,8,26.57
2026-08-20,Humira,15.65,15:43:53,2,8,26.59
2026-08-20,Humira,4.7,15:44:23,2,8,0.0
2026-08-20,Humira,11.04,15:44:53,2,8,26.61
2026-08-20,Humira,16.25,15:45:23,2,8,26.62
2026-08-20,Humira,16.56,15:45:53,2,8,26.63
2026-08-20,Humira,11.9,15:46:23,2,8,26.64
2026-08-20,Humira,2.09,15:46:53,2,8,0.0
2026-08-20,Humira,7.4,15:47:23,2,8,0.0
2026-08-20,Humira,6.21,15:47:53,2,8,0.0
2026-08-20,Humira,12.71,15:48:23,2,8,26.68
2026-08-20,Humira,10.06,15:48:53,2,8,26.69
2026-08-20,Humira,3.68,15:49:23,2,8,0.0
2026-08-20,Humira,3.46,15:49:53,2,8,0.0
2026-08-20,Humira,9.07,15:50:23,2,8,26.73
2026-08-20,Humira,10.35,15:50:53,2,8,26.74
2026-08-20,Humira,13.17,15:51:23,2,8,26.75
2026-08-20,Humira,6.7,15:51:53,2,8,0.0
2026-08-20,Humira,10.02,15:52:23,2,8,26.77
2026-08-20,Humira,5.46,15:52:53,2,8,0.0
2026-08-20,Humira,3.05,15:53:23,2,8,0.0
2026-08-20,Humira,12.87,15:53:53,2,8,26.8
2026-08-20,Humira,6.97,15:54:23,2,8,0.0
2026-08-20,Humira,11.06,15:54:53,2,8,26.82
2026-08-20,Humira,5.23,15:55:23,2,8,0.0
2026-08-20,Humira,11.52,15:55:53,2,8,26.84
2026-08-20,Humira,15.95,15:56:23,2,8,26.86
2026-08-20,Humira,9.91,15:56:53,2,8,26.87
2026-08-20,Humira,4.83,15:57:23,2,8,0.0
2026-08-20,Humira,11.3,15:57:53,2,8,26.89
2026-08-20,Humira,17.72,15:58:23,2,8,26.9
2026-08-20,Humira,2.44,15:58:53,2,8,0.0
2026-08-20,Humira,16.99,15:59:23,2,8,26.92
2026-08-20,Humira,16.96,15:59:53,2,8,26.93
2026-08-20,Humira,9.3,16:00:23,2,8,26.94
2026-08-20,Humira,2.92,16:00:53,2,8,0.0
2026-08-20,Humira,5.51,16:01:23,2,8,0.0
2026-08-20,Humira,13.12,16:01:53,2,8,26.98
2026-08-20,Humira,10.32,16:02:23,2,8,26.99
2026-08-20,Humira,11.32,16:02:53,2,8,27.0
2026-08-20,Humira,4.71,16:03:23,2,8,0.0
2026-08-20,Humira,6.98,16:03:53,2,8,0.0
2026-08-20,Humira,6.58,16:04:23,2,8,0.0
2026-08-20,Humira,2.88,16:04:53,2,8,0.0
2026-08-20,Humira,14.12,16:05:23,2,8,27.05
2026-08-20,Humira,7.88,16:05:53,2,8,0.0
2026-08-20,Humira,12.66,16:06:23,2,8,27.07
2026-08-20,Humira,16.19,16:06:53,2,8,27.08
2026-08-20,Humira,10.69,16:07:23,2,8,27.09
2026-08-20,Humira,6.61,16:07:53,2,8,0.0
2026-08-20,Humira,5.56,16:08:23,2,8,0.0
2026-08-20,Humira,3.81,16:08:53,2,8,0.0
2026-08-20,Humira,12.2,16:09:23,2,8,27.14
2026-08-20,Humira,3.98,16:09:53,2,8,0.0
2026-08-20,Humira,10.87,16:10:23,2,8,27.16
2026-08-20,Humira,13.5,16:10:53,2,8,27.17
2026-08-20,Humira,9.5,16:11:23,2,8,27.18
2026-08-20,Humira,6.31,16:11:53,2,8,0.0
2026-08-20,Humira,7.6,16:12:23,2,8,0.0
2026-08-20,Humira,10.77,16:12:53,2,8,27.21
2026-08-20,Humira,12.61,16:13:23,2,8,27.22
2026-08-20,Humira,16.62,16:13:53,2,8,27.23
2026-08-20,Humira,16.3,16:14:23,2,8,27.25
2026-08-20,Humira,14.1,16:14:53,2,8,27.26
2026-08-20,Humira,14.97,16:15:23,2,8,27.27
2026-08-20,Humira,7.88,16:15:53,2,8,0.0
2026-08-20,Humira,9.22,16:16:23,2,8,27.29
2026-08-20,Humira,14.91,16:16:53,2,8,27.3
2026-08-20,Humira,9.61,16:17:23,2,8,27.31
2026-08-20,Humira,12.99,16:17:53,2,8,27.32
2026-08-20,Humira,10.01,16:18:23,2,8,27.33
2026-08-20,Humira,12.53,16:18:53,2,8,27.34
2026-08-20,Humira,16.87,16:19:23,2,8,27.35
2026-08-20,Humira,12.47,16:19:53,2,8,27.37
2026-08-20,Humira,9.85,16:20:23,2,8,27.38
2026-08-20,Humira,5.94,16:20:53,2,8,0.0
2026-08-20,Humira,3.81,16:21:23,2,8,0.0
2026-08-20,Humira,2.65,16:21:53,2,8,0.0
2026-08-20,Humira,10.53,16:22:23,2,8,27.42
2026-08-20,Humira,12.41,16:22:53,2,8,27.43
2026-08-20,Humira,11.37,16:23:23,2,8,27.44
2026-08-20,Humira,5.81,16:23:53,2,8,0.0
2026-08-20,Humira,16.77,16:24:23,2,8,27.46
2026-08-20,Humira,10.56,16:24:53,2,8,27.47
2026-08-20,Humira,4.54,16:25:23,2,8,0.0
2026-08-20,Humira,17.2,16:25:53,2,8,27.49
2026-08-20,Humira,5.92,16:26:23,2,8,0.0
2026-08-20,Humira,5.42,16:26:53,2,8,0.0
2026-08-20,Humira,6.16,16:27:23,2,8,0.0
2026-08-20,Humira,12.69,16:27:53,2,8,27.54
2026-08-20,Humira,2.66,16:28:23,2,8,0.0
2026-08-20,Humira,6.39,16:28:53,2,8,0.0
2026-08-20,Humira,16.39,16:29:23,2,8,27.57
2026-08-20,Humira,2.73,16:29:53,2,8,0.0
2026-08-20,Humira,7.67,16:30:23,2,8,0.0
2026-08-20,Humira,9.48,16:30:53,2,8,27.6
2026-08-20,Humira,12.77,16:31:23,2,8,27.61
2026-08-20,Humira,16.87,16:31:53,2,8,27.62
2026-08-20,Humira,16.56,16:32:23,2,8,27.64
2026-08-20,Humira,15.81,16:32:53,2,8,27.65
2026-08-20,Humira,6.3,16:33:23,2,8,0.0
2026-08-20,Humira,12.58,16:33:53,2,8,27.67
2026-08-20,Humira,6.41,16:34:23,2,8,0.0
2026-08-20,Humira,10.81,16:34:53,2,8,27.69
2026-08-20,Humira,7.11,16:35:23,2,8,0.0
2026-08-20,Humira,5.02,16:35:53,2,8,0.0
2026-08-20,Humira,9.33,16:36:23,2,8,27.72
2026-08-20,Humira,4.96,16:36:53,2,8,0.0
2026-08-20,Humira,3.2,16:37:23,2,8,0.0
2026-08-20,Humira,11.26,16:37:53,2,8,27.76
2026-08-20,Humira,15.09,16:38:23,2,8,27.77
2026-08-20,Humira,7.23,16:38:53,2,8,0.0
2026-08-20,Humira,12.14,16:39:23,2,8,27.79
2026-08-20,Humira,15.28,16:39:53,2,8,27.8
2026-08-20,Humira,4.23,16:40:23,2,8,0.0
2026-08-20,Humira,7.11,16:40:53,2,8,0.0
2026-08-20,Humira,7.8,16:41:23,2,8,0.0
2026-08-20,Humira,3.68,16:41:53,2,8,0.0
2026-08-20,Humira,10.76,16:42:23,2,8,27.85
2026-08-20,Humira,6.79,16:42:53,2,8,0.0
2026-08-20,Humira,11.76,16:43:23,2,8,27.87
2026-08-20,Humira,17.83,16:43:53,2,8,27.89
2026-08-20,Humira,7.82,16:44:23,2,8,0.0
2026-08-20,Humira,2.78,16:44:53,2,8,0.0
2026-08-20,Humira,16.11,16:45:23,2,8,27.92
2026-08-20,Humira,15.41,16:45:53,2,8,27.93
2026-08-20,Humira,6.14,16:46:23,2,8,0.0
2026-08-20,Humira,11.41,16:46:53,2,8,27.95
2026-08-20,Humira,17.99,16:47:23,2,8,27.96
2026-08-20,Humira,13.2,16:47:53,2,8,27.97
2026-08-20,Humira,10.91,16:48:23,2,8,27.98
2026-08-20,Humira,2.42,16:48:53,2,8,0.0
2026-08-20,Humira,14.5,16:49:23,2,8,28.0
2026-08-20,Humira,7.39,16:49:53,2,8,0.0
2026-08-20,Humira,12.47,16:50:23,2,8,28.03
2026-08-20,Humira,10.36,16:50:53,2,8,28.04
2026-08-20,Humira,9.96,16:51:23,2,8,28.05
2026-08-20,Humira,17.31,16:51:53,2,8,28.06
2026-08-20,Humira,14.76,16:52:23,2,8,28.07
2026-08-20,Humira,3.43,16:52:53,2,8,0.0
2026-08-20,Humira,15.61,16:53:23,2,8,28.09
2026-08-20,Humira,17.28,16:53:53,2,8,28.1
2026-08-20,Humira,15.89,16:54:23,2,8,28.11
2026-08-20,Humira,4.6,16:54:53,2,8,0.0
2026-08-20,Humira,2.18,16:55:23,2,8,0.0
2026-08-20,Humira,6.65,16:55:53,2,8,0.0
2026-08-20,Humira,14.08,16:56:23,2,8,28.16
2026-08-20,Humira,11.89,16:56:53,2,8,28.17
2026-08-20,Humira,13.56,16:57:23,2,8,28.18
2026-08-20,Humira,12.44,16:57:53,2,8,28.19
2026-08-20,Humira,6.31,16:58:23,2,8,0.0
2026-08-20,Humira,4.65,16:58:53,2,8,0.0
2026-08-20,Humira,4.96,16:59:23,2,8,0.0
2026-08-20,Humira,6.95,16:59:53,2,8,0.0
2026-08-20,Humira,11.24,17:00:23,2,8,28.24
2026-08-20,Humira,5.47,17:00:53,2,8,0.0
2026-08-20,Humira,15.8,17:01:23,2,8,28.26
2026-08-20,Humira,2.56,17:01:53,2,8,0.0
2026-08-20,Humira,15.11,17:02:23,2,8,28.29
2026-08-20,Humira,17.55,17:02:53,2,8,28.3
2026-08-20,Humira,16.65,17:03:23,2,8,28.31
2026-08-20,Humira,9.69,17:03:53,2,8,28.32
2026-08-20,Humira,4.08,17:04:23,2,8,0.0
2026-08-20,Humira,11.35,17:04:53,2,8,28.34
2026-08-20,Humira,5.82,17:05:23,2,8,0.0
2026-08-20,Humira,16.41,17:05:53,2,8,28.36
2026-08-20,Humira,14.94,17:06:23,2,8,28.37
2026-08-20,Humira,6.04,17:06:53,2,8,0.0
2026-08-20,Humira,14.13,17:07:23,2,8,28.39
2026-08-20,Humira,17.91,17:07:53,2,8,28.41
2026-08-20,Humira,11.05,17:08:23,2,8,28.42
2026-08-20,Humira,11.45,17:08:53,2,8,28.43
2026-08-20,Humira,2.1,17:09:23,2,8,0.0
2026-08-20,Humira,15.81,17:09:53,2,8,28.45
2026-08-20,Humira,3.62,17:10:23,2,8,0.0
2026-08-20,Humira,2.26,17:10:53,2,8,0.0
2026-08-20,Humira,9.61,17:11:23,2,8,28.48
2026-08-20,Humira,7.62,17:11:53,2,8,0.0
2026-08-20,Humira,11.49,17:12:23,2,8,28.5
2026-08-20,Humira,10.13,17:12:53,2,8,28.51
2026-08-20,Humira,17.57,17:13:23,2,8,28.52
2026-08-20,Humira,12.95,17:13:53,2,8,28.54
2026-08-20,Humira,2.6,17:14:23,2,8,0.0
2026-08-20,Humira,3.91,17:14:53,2,8,0.0
2026-08-20,Humira,10.77,17:15:23,2,8,28.57
2026-08-20,Humira,2.61,17:15:53,2,8,0.0
2026-08-20,Humira,12.73,17:16:23,2,8,28.59
2026-08-20,Humira,11.05,17:16:53,2,8,28.6
2026-08-20,Humira,7.63,17:17:23,2,8,0.0
2026-08-20,Humira,9.24,17:17:53,2,8,28.62
2026-08-20,Humira,15.06,17:18:23,2,8,28.63
2026-08-20,Humira,9.01,17:18:53,2,8,28.64
2026-08-20,Humira,7.06,17:19:23,2,8,0.0
2026-08-20,Humira,7.01,17:19:53,2,8,0.0
2026-08-20,Humira,2.29,17:20:23,2,8,0.0
2026-08-20,Humira,5.25,17:20:53,2,8,0.0
2026-08-20,Humira,5.83,17:21:23,2,8,0.0
2026-08-20,Humira,3.26,17:21:53,2,8,0.0
2026-08-20,Humira,6.71,17:22:23,2,8,0.0
2026-08-20,Humira,16.62,17:22:53,2,8,28.73
2026-08-20,Humira,14.04,17:23:23,2,8,28.74
2026-08-20,Humira,16.18,17:23:53,2,8,28.75
2026-08-20,Humira,16.02,17:24:23,2,8,28.76
2026-08-20,Humira,16.34,17:24:53,2,8,28.77
2026-08-20,Humira,14.9,17:25:23,2,8,28.78
2026-08-20,Humira,15.01,17:25:53,2,8,28.79
2026-08-20,Humira,6.45,17:26:23,2,8,0.0
2026-08-20,Humira,4.34,17:26:53,2,8,0.0
2026-08-20,Humira,5.88,17:27:23,2,8,0.0
2026-08-20,Humira,10.5,17:27:53,2,8,28.84
2026-08-20,Humira,14.42,17:28:23,2,8,28.85
2026-08-20,Humira,9.31,17:28:53,2,8,28.86
2026-08-20,Humira,2.89,17:29:23,2,8,0.0
2026-08-20,Humira,4.39,17:29:53,2,8,0.0
2026-08-20,Humira,12.73,17:30:23,2,8,28.89
2026-08-20,Humira,11.06,17:30:53,2,8,28.9
2026-08-20,Humira,4.4,17:31:23,2,8,0.0
2026-08-20,Humira,10.77,17:31:53,2,8,28.93
2026-08-20,Humira,9.8,17:32:23,2,8,28.94
2026-08-20,Humira,7.09,17:32:53,2,8,0.0
2026-08-20,Humira,6.75,17:33:23,2,8,0.0
2026-08-20,Humira,10.8,17:33:53,2,8,28.97
2026-08-20,Humira,4.97,17:34:23,2,8,0.0
2026-08-20,Humira,14.29,17:34:53,2,8,28.99
2026-08-20,Humira,6.74,17:35:23,2,8,0.0
2026-08-20,Humira,5.52,17:35:53,2,8,0.0
2026-08-20,Humira,9.53,17:36:23,2,8,29.02
2026-08-20,Humira,2.21,17:36:53,2,8,0.0
2026-08-20,Humira,15.85,17:37:23,2,8,29.04
2026-08-20,Humira,13.67,17:37:53,2,8,29.06
2026-08-20,Humira,5.41,17:38:23,2,8,0.0
2026-08-20,Humira,12.86,17:38:53,2,8,29.08
2026-08-20,Humira,13.41,17:39:23,2,8,29.09
2026-08-20,Humira,3.67,17:39:53,2,8,0.0
2026-08-20,Humira,10.47,17:40:23,2,8,29.11
2026-08-20,Humira,12.13,17:40:53,2,8,29.12
2026-08-20,Humira,16.26,17:41:23,2,8,29.13
2026-08-20,Humira,13.27,17:41:53,2,8,29.14
2026-08-20,Humira,13.49,17:42:23,2,8,29.15
2026-08-20,Humira,4.09,17:42:53,2,8,0.0
2026-08-20,Humira,5.9,17:43:23,2,8,0.0
2026-08-20,Humira,13.9,17:43:53,2,8,29.18
2026-08-20,Humira,4.87,17:44:23,2,8,0.0
2026-08-20,Humira,5.62,17:44:53,2,8,0.0
2026-08-20,Humira,14.39,17:45:23,2,8,29.22
2026-08-20,Humira,16.1,17:45:53,2,8,29.23
2026-08-20,Humira,12.93,17:46:23,2,8,29.24
2026-08-20,Humira,3.39,17:46:53,2,8,0.0
2026-08-20,Humira,11.81,17:47:23,2,8,29.26
2026-08-20,Humira,12.21,17:47:53,2,8,29.27
2026-08-20,Humira,9.2,17:48:23,2,8,29.28
2026-08-20,Humira,4.71,17:48:53,2,8,0.0
2026-08-20,Humira,13.76,17:49:23,2,8,29.3
2026-08-20,Humira,11.22,17:49:53,2,8,29.32
2026-08-20,Humira,4.89,17:50:23,2,8,0.0
2026-08-20,Humira,9.79,17:50:53,2,8,29.34
2026-08-20,Humira,10.0,17:51:23,2,8,29.35
2026-08-20,Humira,5.84,17:51:53,2,8,0.0
2026-08-20,Humira,9.33,17:52:23,2,8,29.37
2026-08-20,Humira,2.17,17:52:53,2,8,0.0
2026-08-20,Humira,4.93,17:53:23,2,8,0.0
2026-08-20,Humira,11.36,17:53:53,2,8,29.4
2026-08-20,Humira,15.29,17:54:23,2,8,29.41
2026-08-20,Humira,9.39,17:54:53,2,8,29.42
2026-08-20,Humira,15.52,17:55:23,2,8,29.43
2026-08-20,Humira,17.02,17:55:53,2,8,29.45
2026-08-20,Humira,2.02,17:56:23,2,8,0.0
2026-08-20,Humira,12.46,17:56:53,2,8,29.47
2026-08-20,Humira,15.46,17:57:23,2,8,29.48
2026-08-20,Humira,3.91,17:57:53,2,8,0.0
2026-08-20,Humira,3.34,17:58:23,2,8,0.0
2026-08-20,Humira,14.77,17:58:53,2,8,29.51
2026-08-20,Humira,17.17,17:59:23,2,8,29.52
2026-08-20,Humira,10.67,17:59:53,2,8,29.53
2026-08-20,Humira,11.43,18:00:23,2,8,29.54
2026-08-20,Humira,3.8,18:00:53,2,8,0.0
2026-08-20,Humira,4.85,18:01:23,2,8,0.0
2026-08-20,Humira,15.29,18:01:53,2,8,29.57
2026-08-20,Humira,13.03,18:02:23,2,8,29.59
2026-08-20,Humira,11.39,18:02:53,2,8,29.6
2026-08-20,Humira,10.33,18:03:23,2,8,29.61
2026-08-20,Humira,10.83,18:03:53,2,8,29.62
2026-08-20,Humira,9.4,18:04:23,2,8,29.63
2026-08-20,Humira,10.11,18:04:53,2,8,29.64
2026-08-20,Humira,2.28,18:05:23,2,8,0.0
2026-08-20,Humira,9.52,18:05:53,2,8,29.66
2026-08-20,Humira,10.64,18:06:23,2,8,29.67
2026-08-20,Humira,9.63,18:06:53,2,8,29.68
2026-08-20,Humira,16.42,18:07:23,2,8,29.69
2026-08-20,Humira,11.37,18:07:53,2,8,29.71
2026-08-20,Humira,2.51,18:08:23,2,8,0.0
2026-08-20,Humira,17.01,18:08:53,2,8,29.73
2026-08-20,Humira,6.41,18:09:23,2,8,0.0
2026-08-20,Humira,11.21,18:09:53,2,8,29.75
2026-08-20,Humira,3.1,18:10:23,2,8,0.0
2026-08-20,Humira,11.46,18:10:53,2,8,29.77
2026-08-20,Humira,17.75,18:11:23,2,8,29.78
2026-08-20,Humira,3.58,18:11:53,2,8,0.0
2026-08-20,Humira,12.09,18:12:23,2,8,29.8
2026-08-20,Humira,11.27,18:12:53,2,8,29.81
2026-08-20,Humira,16.04,18:13:23,2,8,29.82
2026-08-20,Humira,7.61,18:13:53,2,8,0.0
2026-08-20,Humira,14.39,18:14:23,2,8,29.85
2026-08-20,Humira,4.32,18:14:53,2,8,0.0
2026-08-20,Humira,12.45,18:15:23,2,8,29.87
2026-08-20,Humira,11.64,18:15:53,2,8,29.88
2026-08-20,Humira,12.59,18:16:23,2,8,29.89
2026-08-20,Humira,6.02,18:16:53,2,8,0.0
2026-08-20,Humira,13.95,18:17:23,2,8,29.91
2026-08-20,Humira,16.21,18:17:53,2,8,29.92
2026-08-20,Humira,17.29,18:18:23,2,8,29.93
2026-08-20,Humira,15.87,18:18:53,2,8,29.94
2026-08-20,Humira,13.34,18:19:23,2,8,29.95
2026-08-20,Humira,12.74,18:19:53,2,8,29.97
2026-08-20,Humira,17.33,18:20:23,2,8,29.98
2026-08-20,Humira,13.53,18:20:53,2,8,29.99
2026-08-20,Humira,10.32,18:21:23,2,8,30.0
2026-08-20,Humira,5.22,18:21:53,2,8,0.0
2026-08-20,Humira,14.44,18:22:23,2,8,30.02
2026-08-20,Humira,17.66,18:22:53,2,8,30.03
2026-08-20,Humira,17.73,18:23:23,2,8,30.04
2026-08-20,Humira,17.23,18:23:53,2,8,30.05
2026-08-20,Humira,16.56,18:24:23,2,8,30.06
2026-08-20,Humira,10.24,18:24:53,2,8,30.07
2026-08-20,Humira,13.18,18:25:23,2,8,30.08
2026-08-20,Humira,4.15,18:25:53,2,8,0.0
2026-08-20,Humira,5.04,18:26:23,2,8,0.0
2026-08-20,Humira,11.04,18:26:53,2,8,30.12
2026-08-20,Humira,12.69,18:27:23,2,8,30.13
2026-08-20,Humira,9.54,18:27:53,2,8,30.14
2026-08-20,Humira,3.46,18:28:23,2,8,0.0
2026-08-20,Humira,13.28,18:28:53,2,8,30.16
2026-08-20,Humira,12.46,18:29:23,2,8,30.17
2026-08-20,Humira,15.53,18:29:53,2,8,30.18
2026-08-20,Humira,14.16,18:30:23,2,8,30.19
2026-08-20,Humira,4.16,18:30:53,2,8,0.0
2026-08-20,Humira,3.75,18:31:23,2,8,0.0
2026-08-20,Humira,11.89,18:31:53,2,8,30.23
2026-08-20,Humira,9.87,18:32:23,2,8,30.24
2026-08-20,Humira,5.6,18:32:53,2,8,0.0
2026-08-20,Humira,14.45,18:33:23,2,8,30.26
2026-08-20,Humira,6.85,18:33:53,2,8,0.0
2026-08-20,Humira,11.04,18:34:23,2,8,30.28
2026-08-20,Humira,15.43,18:34:53,2,8,30.29
2026-08-20,Humira,17.58,18:35:23,2,8,30.3
2026-08-20,Humira,2.22,18:35:53,2,8,0.0
2026-08-20,Humira,16.65,18:36:23,2,8,30.32
2026-08-20,Humira,13.13,18:36:53,2,8,30.33
2026-08-20,Humira,5.17,18:37:23,2,8,0.0
2026-08-20,Humira,6.9,18:37:53,2,8,0.0
2026-08-20,Humira,4.45,18:38:23,2,8,0.0
2026-08-20,Humira,11.26,18:38:53,2,8,30.38
2026-08-20,Humira,16.95,18:39:23,2,8,30.39
2026-08-20,Humira,6.04,18:39:53,2,8,0.0
2026-08-20,Humira,11.1,18:40:23,2,8,30.41
2026-08-20,Humira,17.91,18:40:53,2,8,30.42
2026-08-20,Humira,7.59,18:41:23,2,8,0.0
2026-08-20,Humira,11.92,18:41:53,2,8,30.44
2026-08-20,Humira,15.48,18:42:23,2,8,30.45
2026-08-20,Humira,6.43,18:42:53,2,8,0.0
2026-08-20,Humira,9.93,18:43:23,2,8,30.47
2026-08-20,Humira,5.0,18:43:53,2,8,0.0
2026-08-20,Humira,16.09,18:44:23,2,8,30.5
2026-08-20,Humira,6.72,18:44:53,2,8,0.0
2026-08-20,Humira,2.62,18:45:23,2,8,0.0
2026-08-20,Humira,17.16,18:45:53,2,8,30.53
2026-08-20,Humira,15.98,18:46:23,2,8,30.54
2026-08-20,Humira,2.73,18:46:53,2,8,0.0
2026-08-20,Humira,13.95,18:47:23,2,8,30.56
2026-08-20,Humira,15.21,18:47:53,2,8,30.57
2026-08-20,Humira,17.17,18:48:23,2,8,30.58
2026-08-20,Humira,7.84,18:48:53,2,8,0.0
2026-08-20,Humira,11.5,18:49:23,2,8,30.6
2026-08-20,Humira,5.23,18:49:53,2,8,0.0
2026-08-20,Humira,16.56,18:50:23,2,8,30.63
2026-08-20,Humira,12.8,18:50:53,2,8,30.64
2026-08-20,Humira,7.92,18:51:23,2,8,0.0
2026-08-20,Humira,13.36,18:51:53,2,8,30.66
2026-08-20,Humira,16.14,18:52:23,2,8,30.67
2026-08-20,Humira,14.29,18:52:53,2,8,30.68
2026-08-20,Humira,5.51,18:53:23,2,8,0.0
2026-08-20,Humira,5.53,18:53:53,2,8,0.0
2026-08-20,Humira,5.41,18:54:23,2,8,0.0
2026-08-20,Humira,4.45,18:54:53,2,8,0.0
2026-08-20,Humira,16.44,18:55:23,2,8,30.73
2026-08-20,Humira,17.26,18:55:53,2,8,30.74
2026-08-20,Humira,3.26,18:56:23,2,8,0.0
2026-08-20,Humira,12.35,18:56:53,2,8,30.77
2026-08-20,Humira,6.54,18:57:23,2,8,0.0
2026-08-20,Humira,10.31,18:57:53,2,8,30.79
2026-08-20,Humira,14.19,18:58:23,2,8,30.8
2026-08-20,Humira,6.78,18:58:53,2,8,0.0
2026-08-20,Humira,15.92,18:59:23,2,8,30.82
2026-08-20,Humira,9.82,18:59:53,2,8,30.83
2026-08-20,Humira,2.64,19:00:23,2,8,0.0
2026-08-20,Humira,15.97,19:00:53,2,8,30.85
2026-08-20,Humira,10.91,19:01:23,2,8,30.86
2026-08-20,Humira,9.19,19:01:53,2,8,30.88
2026-08-20,Humira,2.83,19:02:23,2,8,0.0
2026-08-20,Humira,16.61,19:02:53,2,8,30.9
2026-08-20,Humira,9.16,19:03:23,2,8,30.91
2026-08-20,Humira,12.71,19:03:53,2,8,30.92
2026-08-20,Humira,10.68,19:04:23,2,8,30.93
2026-08-20,Humira,7.38,19:04:53,2,8,0.0
2026-08-20,Humira,17.49,19:05:23,2,8,30.95
2026-08-20,Humira,11.14,19:05:53,2,8,30.96
2026-08-20,Humira,3.96,19:06:23,2,8,0.0
2026-08-20,Humira,2.51,19:06:53,2,8,0.0
2026-08-20,Humira,6.18,19:07:23,2,8,0.0
2026-08-20,Humira,16.04,19:07:53,2,8,31.01
2026-08-20,Humira,13.61,19:08:23,2,8,31.02
2026-08-20,Humira,14.83,19:08:53,2,8,31.03
2026-08-20,Humira,4.52,19:09:23,2,8,0.0
2026-08-20,Humira,17.07,19:09:53,2,8,31.05
2026-08-20,Humira,16.23,19:10:23,2,8,31.06
2026-08-20,Humira,15.89,19:10:53,2,8,31.07
2026-08-20,Humira,9.14,19:11:23,2,8,31.08
2026-08-20,Humira,2.21,19:11:53,2,8,0.0
2026-08-20,Humira,17.02,19:12:23,2,8,31.1
2026-08-20,Humira,5.26,19:12:53,2,8,0.0
2026-08-20,Humira,9.17,19:13:23,2,8,31.12
2026-08-20,Humira,3.57,19:13:53,2,8,0.0
2026-08-20,Humira,2.02,19:14:23,2,8,0.0
2026-08-20,Humira,15.3,19:14:53,2,8,31.16
2026-08-20,Humira,15.83,19:15:23,2,8,31.17
2026-08-20,Humira,10.6,19:15:53,2,8,31.18
2026-08-20,Humira,10.15,19:16:23,2,8,31.19
2026-08-20,Humira,3.69,19:16:53,2,8,0.0
2026-08-20,Humira,13.14,19:17:23,2,8,31.21
2026-08-20,Humira,9.35,19:17:53,2,8,31.22
2026-08-20,Humira,4.18,19:18:23,2,8,0.0
2026-08-20,Humira,5.94,19:18:53,2,8,0.0
2026-08-20,Humira,13.35,19:19:23,2,8,31.25
2026-08-20,Humira,16.11,19:19:53,2,8,31.27
2026-08-20,Humira,5.05,19:20:23,2,8,0.0
2026-08-20,Humira,13.13,19:20:53,2,8,31.29
2026-08-20,Humira,13.2,19:21:23,2,8,31.3
2026-08-20,Humira,11.92,19:21:53,2,8,31.31
2026-08-20,Humira,13.65,19:22:23,2,8,31.32
2026-08-20,Humira,16.27,19:22:53,2,8,31.33
2026-08-20,Humira,10.49,19:23:23,2,8,31.34
2026-08-20,Humira,2.68,19:23:53,2,8,0.0
2026-08-20,Humira,9.55,19:24:23,2,8,31.36
2026-08-20,Humira,4.24,19:24:53,2,8,0.0
2026-08-20,Humira,12.7,19:25:23,2,8,31.38
2026-08-20,Humira,13.57,19:25:53,2,8,31.39
2026-08-20,Humira,7.78,19:26:23,2,8,0.0
2026-08-20,Humira,3.48,19:26:53,2,8,0.0
2026-08-20,Humira,9.29,19:27:23,2,8,31.43
2026-08-20,Humira,5.43,19:27:53,2,8,0.0
2026-08-20,Humira,11.2,19:28:23,2,8,31.45
2026-08-20,Humira,5.46,19:28:53,2,8,0.0
2026-08-20,Humira,2.8,19:29:23,2,8,0.0
2026-08-20,Humira,12.16,19:29:53,2,8,31.48
2026-08-20,Humira,17.63,19:30:23,2,8,31.49
2026-08-20,Humira,15.51,19:30:53,2,8,31.5
2026-08-20,Humira,17.35,19:31:23,2,8,31.51
2026-08-20,Humira,15.15,19:31:53,2,8,31.53
2026-08-20,Humira,7.08,19:32:23,2,8,0.0
2026-08-20,Humira,9.01,19:32:53,2,8,31.55
2026-08-20,Humira,9.07,19:33:23,2,8,31.56
2026-08-20,Humira,13.67,19:33:53,2,8,31.57
2026-08-20,Humira,14.78,19:34:23,2,8,31.58
2026-08-20,Humira,5.12,19:34:53,2,8,0.0
2026-08-20,Humira,14.07,19:35:23,2,8,31.6
2026-08-20,Humira,11.54,19:35:53,2,8,31.61
2026-08-20,Humira,13.34,19:36:23,2,8,31.62
2026-08-20,Humira,11.28,19:36:53,2,8,31.63
2026-08-20,Humira,10.97,19:37:23,2,8,31.64
2026-08-20,Humira,6.38,19:37:53,2,8,0.0
2026-08-20,Humira,11.53,19:38:23,2,8,31.67
2026-08-20,Humira,17.01,19:38:53,2,8,31.68
2026-08-20,Humira,17.99,19:39:23,2,8,31.69
2026-08-20,Humira,3.68,19:39:53,2,8,0.0
2026-08-20,Humira,16.72,19:40:23,2,8,31.71
2026-08-20,Humira,10.18,19:40:53,2,8,31.72
2026-08-20,Humira,12.31,19:41:23,2,8,31.73
2026-08-20,Humira,2.84,19:41:53,2,8,0.0
2026-08-20,Humira,2.04,19:42:23,2,8,0.0
2026-08-20,Humira,5.08,19:42:53,2,8,0.0
2026-08-20,Humira,12.5,19:43:23,2,8,31.77
2026-08-20,Humira,10.33,19:43:53,2,8,31.79
2026-08-20,Humira,10.09,19:44:23,2,8,31.8
2026-08-20,Humira,13.95,19:44:53,2,8,31.81
2026-08-20,Humira,12.9,19:45:23,2,8,31.82
2026-08-20,Humira,10.14,19:45:53,2,8,31.83
2026-08-20,Humira,6.64,19:46:23,2,8,0.0
2026-08-20,Humira,12.24,19:46:53,2,8,31.85
2026-08-20,Humira,4.81,19:47:23,2,8,0.0
2026-08-20,Humira,9.43,19:47:53,2,8,31.87
2026-08-20,Humira,3.53,19:48:23,2,8,0.0
2026-08-20,Humira,9.04,19:48:53,2,8,31.89
2026-08-20,Humira,4.75,19:49:23,2,8,0.0
2026-08-20,Humira,15.33,19:49:53,2,8,31.92
2026-08-20,Humira,2.77,19:50:23,2,8,0.0
2026-08-20,Humira,4.64,19:50:53,2,8,0.0
2026-08-20,Humira,17.85,19:51:23,2,8,31.95
2026-08-20,Humira,15.16,19:51:53,2,8,31.96
2026-08-20,Humira,11.67,19:52:23,2,8,31.97
2026-08-20,Humira,11.79,19:52:53,2,8,31.98
2026-08-20,Humira,12.43,19:53:23,2,8,31.99
2026-08-20,Humira,7.67,19:53:53,2,8,0.0
2026-08-20,Humira,2.3,19:54:23,2,8,0.0
2026-08-20,Humira,12.22,19:54:53,2,8,32.02
2026-08-20,Humira,14.26,19:55:23,2,8,32.03
2026-08-20,Humira,3.99,19:55:53,2,8,0.0
2026-08-20,Humira,13.22,19:56:23,2,8,32.06
2026-08-20,Humira,9.25,19:56:53,2,8,32.07
2026-08-20,Humira,12.3,19:57:23,2,8,32.08
2026-08-20,Humira,14.72,19:57:53,2,8,32.09
2026-08-20,Humira,2.48,19:58:23,2,8,0.0
2026-08-20,Humira,11.67,19:58:53,2,8,32.11
2026-08-20,Humira,16.68,19:59:23,2,8,32.12
2026-08-20,Humira,16.48,19:59:53,2,8,32.13
2026-08-20,Humira,7.17,20:00:23,2,8,0.0
2026-08-20,Humira,12.07,20:00:53,2,8,32.15
2026-08-20,Humira,15.48,20:01:23,2,8,32.16
2026-08-20,Humira,12.79,20:01:53,2,8,32.18
2026-08-20,Humira,7.82,20:02:23,2,8,0.0
2026-08-20,Humira,13.86,20:02:53,2,8,32.2
2026-08-20,Humira,10.48,20:03:23,2,8,32.21
2026-08-20,Humira,13.42,20:03:53,2,8,32.22
2026-08-20,Humira,2.98,20:04:23,2,8,0.0
2026-08-20,Humira,10.27,20:04:53,2,8,32.24
2026-08-20,Humira,12.5,20:05:23,2,8,32.25
2026-08-20,Humira,12.65,20:05:53,2,8,32.26
2026-08-20,Humira,17.32,20:06:23,2,8,32.27
2026-08-20,Humira,7.18,20:06:53,2,8,0.0
2026-08-20,Humira,3.07,20:07:23,2,8,0.0
2026-08-20,Humira,14.49,20:07:53,2,8,32.3
2026-08-20,Humira,3.47,20:08:23,2,8,0.0
2026-08-20,Humira,15.71,20:08:53,2,8,32.33
2026-08-20,Humira,10.07,20:09:23,2,8,32.34
2026-08-20,Humira,9.33,20:09:53,2,8,32.35
2026-08-20,Humira,11.45,20:10:23,2,8,32.36
2026-08-20,Humira,15.74,20:10:53,2,8,32.37
2026-08-20,Humira,11.7,20:11:23,2,8,32.38
2026-08-20,Humira,13.23,20:11:53,2,8,32.39
2026-08-20,Humira,16.64,20:12:23,2,8,32.4
2026-08-20,Humira,3.58,20:12:53,2,8,0.0
2026-08-20,Humira,2.43,20:13:23,2,8,0.0
2026-08-20,Humira,13.85,20:13:53,2,8,32.44
2026-08-20,Humira,13.22,20:14:23,2,8,32.45
2026-08-20,Humira,15.71,20:14:53,2,8,32.46
2026-08-20,Humira,11.84,20:15:23,2,8,32.47
2026-08-20,Humira,16.29,20:15:53,2,8,32.48
2026-08-20,Humira,16.83,20:16:23,2,8,32.49
2026-08-20,Humira,4.18,20:16:53,2,8,0.0
2026-08-20,Humira,7.93,20:17:23,2,8,0.0
2026-08-20,Humira,12.91,20:17:53,2,8,32.52
2026-08-20,Humira,12.62,20:18:23,2,8,32.53
2026-08-20,Humira,15.04,20:18:53,2,8,32.54
2026-08-20,Humira,17.21,20:19:23,2,8,32.55
2026-08-20,Humira,14.46,20:19:53,2,8,32.57
2026-08-20,Humira,12.0,20:20:23,2,8,32.58
2026-08-20,Humira,7.25,20:20:53,2,8,0.0
2026-08-20,Humira,13.57,20:21:23,2,8,32.6
2026-08-20,Humira,7.8,20:21:53,2,8,0.0
2026-08-20,Humira,16.92,20:22:23,2,8,32.62
2026-08-20,Humira,5.87,20:22:53,2,8,0.0
2026-08-20,Humira,9.43,20:23:23,2,8,32.64
2026-08-20,Humira,5.13,20:23:53,2,8,0.0
2026-08-20,Humira,15.0,20:24:23,2,8,32.66
2026-08-20,Humira,13.61,20:24:53,2,8,32.67
2026-08-20,Humira,15.04,20:25:23,2,8,32.68
2026-08-20,Humira,11.32,20:25:53,2,8,32.7
2026-08-20,Humira,10.6,20:26:23,2,8,32.71
2026-08-20,Humira,4.69,20:26:53,2,8,0.0
2026-08-20,Humira,11.83,20:27:23,2,8,32.73
2026-08-20,Humira,5.77,20:27:53,2,8,0.0
2026-08-20,Humira,5.55,20:28:23,2,8,0.0
2026-08-20,Humira,6.58,20:28:53,2,8,0.0
2026-08-20,Humira,3.6,20:29:23,2,8,0.0
2026-08-20,Humira,14.68,20:29:53,2,8,32.78
2026-08-20,Humira,11.07,20:30:23,2,8,32.79
2026-08-20,Humira,14.63,20:30:53,2,8,32.8
2026-08-20,Humira,14.8,20:31:23,2,8,32.81
2026-08-20,Humira,14.77,20:31:53,2,8,32.83
2026-08-20,Humira,16.5,20:32:23,2,8,32.84
2026-08-20,Humira,10.43,20:32:53,2,8,32.85
2026-08-20,Humira,2.01,20:33:23,2,8,0.0
2026-08-20,Humira,10.9,20:33:53,2,8,32.87
2026-08-20,Humira,15.55,20:34:23,2,8,32.88
2026-08-20,Humira,15.94,20:34:53,2,8,32.89
2026-08-20,Humira,7.43,20:35:23,2,8,0.0
2026-08-20,Humira,7.8,20:35:53,2,8,0.0
2026-08-20,Humira,10.41,20:36:23,2,8,32.92
2026-08-20,Humira,17.4,20:36:53,2,8,32.93
2026-08-20,Humira,17.66,20:37:23,2,8,32.94
2026-08-20,Humira,9.88,20:37:53,2,8,32.96
2026-08-20,Humira,14.97,20:38:23,2,8,32.97
2026-08-20,Humira,3.62,20:38:53,2,8,0.0
2026-08-20,Humira,7.12,20:39:23,2,8,0.0
2026-08-20,Humira,17.93,20:39:53,2,8,33.0
2026-08-20,Humira,9.66,20:40:23,2,8,33.01
2026-08-20,Humira,2.51,20:40:53,2,8,0.0
2026-08-20,Humira,11.5,20:41:23,2,8,33.03
2026-08-20,Humira,2.57,20:41:53,2,8,0.0
2026-08-20,Humira,4.19,20:42:23,2,8,0.0
2026-08-20,Humira,2.11,20:42:53,2,8,0.0
2026-08-20,Humira,7.59,20:43:23,2,8,0.0
2026-08-20,Humira,4.87,20:43:53,2,8,0.0
2026-08-20,Humira,12.23,20:44:23,2,8,33.1
2026-08-20,Humira,7.57,20:44:53,2,8,0.0
2026-08-20,Humira,12.49,20:45:23,2,8,33.12
2026-08-20,Humira,11.89,20:45:53,2,8,33.13
2026-08-20,Humira,9.45,20:46:23,2,8,33.14
2026-08-20,Humira,16.43,20:46:53,2,8,33.15
2026-08-20,Humira,9.65,20:47:23,2,8,33.16
2026-08-20,Humira,12.19,20:47:53,2,8,33.17
2026-08-20,Humira,13.24,20:48:23,2,8,33.18
2026-08-20,Humira,17.46,20:48:53,2,8,33.19
2026-08-20,Humira,11.08,20:49:23,2,8,33.2
2026-08-20,Humira,17.36,20:49:53,2,8,33.22
2026-08-20,Humira,10.01,20:50:23,2,8,33.23
2026-08-20,Humira,14.68,20:50:53,2,8,33.24
2026-08-20,Humira,4.32,20:51:23,2,8,0.0
2026-08-20,Humira,4.56,20:51:53,2,8,0.0
2026-08-20,Humira,9.77,20:52:23,2,8,33.27
2026-08-20,Humira,4.98,20:52:53,2,8,0.0
2026-08-20,Humira,11.9,20:53:23,2,8,33.29
2026-08-20,Humira,10.92,20:53:53,2,8,33.3
2026-08-20,Humira,17.39,20:54:23,2,8,33.31
2026-08-20,Humira,7.98,20:54:53,2,8,0.0
2026-08-20,Humira,13.18,20:55:23,2,8,33.33
2026-08-20,Humira,7.48,20:55:53,2,8,0.0
2026-08-20,Humira,13.67,20:56:23,2,8,33.36
2026-08-20,Humira,9.34,20:56:53,2,8,33.37
2026-08-20,Humira,10.38,20:57:23,2,8,33.38
2026-08-20,Humira,9.28,20:57:53,2,8,33.39
2026-08-20,Humira,15.95,20:58:23,2,8,33.4
2026-08-20,Humira,15.73,20:58:53,2,8,33.41
2026-08-20,Humira,14.98,20:59:23,2,8,33.42
2026-08-20,Humira,14.01,20:59:53,2,8,33.43
2026-08-20,Humira,5.53,21:00:23,2,8,0.0
2026-08-20,Humira,3.88,21:00:53,2,8,0.0
2026-08-20,Humira,9.81,21:01:23,2,8,33.46
2026-08-20,Humira,5.03,21:01:53,2,8,0.0
2026-08-20,Humira,14.74,21:02:23,2,8,33.49
2026-08-20,Humira,7.87,21:02:53,2,8,0.0
2026-08-20,Humira,12.92,21:03:23,2,8,33.51
2026-08-20,Humira,13.83,21:03:53,2,8,33.52
2026-08-20,Humira,11.32,21:04:23,2,8,33.53
2026-08-20,Humira,10.13,21:04:53,2,8,33.54
2026-08-20,Humira,16.41,21:05:23,2,8,33.55
2026-08-20,Humira,16.28,21:05:53,2,8,33.56
2026-08-20,Humira,15.79,21:06:23,2,8,33.57
2026-08-20,Humira,7.27,21:06:53,2,8,0.0
2026-08-20,Humira,13.34,21:07:23,2,8,33.59
2026-08-20,Humira,13.98,21:07:53,2,8,33.61
2026-08-20,Humira,14.98,21:08:23,2,8,33.62
2026-08-20,Humira,12.75,21:08:53,2,8,33.63
2026-08-20,Humira,13.66,21:09:23,2,8,33.64
2026-08-20,Humira,16.48,21:09:53,2,8,33.65
2026-08-20,Humira,10.63,21:10:23,2,8,33.66
2026-08-20,Humira,17.42,21:10:53,2,8,33.67
2026-08-20,Humira,3.98,21:11:23,2,8,0.0
2026-08-20,Humira,13.91,21:11:53,2,8,33.69
2026-08-20,Humira,16.44,21:12:23,2,8,33.7
2026-08-20,Humira,2.38,21:12:53,2,8,0.0
2026-08-20,Humira,5.09,21:13:23,2,8,0.0
2026-08-20,Humira,7.44,21:13:53,2,8,0.0
2026-08-20,Humira,15.64,21:14:23,2,8,33.75
2026-08-20,Humira,12.84,21:14:53,2,8,33.76
2026-08-20,Humira,10.17,21:15:23,2,8,33.77
2026-08-20,Humira,4.15,21:15:53,2,8,0.0
2026-08-20,Humira,7.92,21:16:23,2,8,0.0
2026-08-20,Humira,13.65,21:16:53,2,8,33.8
2026-08-20,Humira,15.74,21:17:23,2,8,33.81
2026-08-20,Humira,15.54,21:17:53,2,8,33.82
2026-08-20,Humira,6.69,21:18:23,2,8,0.0
2026-08-20,Humira,5.15,21:18:53,2,8,0.0
2026-08-20,Humira,2.51,21:19:23,2,8,0.0
2026-08-20,Humira,3.84,21:19:53,2,8,0.0
2026-08-20,Humira,12.96,21:20:23,2,8,33.88
2026-08-20,Humira,5.0,21:20:53,2,8,0.0
2026-08-20,Humira,2.61,21:21:23,2,8,0.0
2026-08-20,Humira,16.89,21:21:53,2,8,33.91
2026-08-20,Humira,14.22,21:22:23,2,8,33.92
2026-08-20,Humira,17.98,21:22:53,2,8,33.93
2026-08-20,Humira,5.76,21:23:23,2,8,0.0
2026-08-20,Humira,16.11,21:23:53,2,8,33.95
2026-08-20,Humira,13.41,21:24:23,2,8,33.96
2026-08-20,Humira,2.04,21:24:53,2,8,0.0
2026-08-20,Humira,13.05,21:25:23,2,8,33.98
2026-08-20,Humira,11.65,21:25:53,2,8,33.99
2026-08-20,Humira,13.45,21:26:23,2,8,34.01
2026-08-20,Humira,17.88,21:26:53,2,8,34.02
2026-08-20,Humira,9.18,21:27:23,2,8,34.03
2026-08-20,Humira,12.23,21:27:53,2,8,34.04
2026-08-20,Humira,10.71,21:28:23,2,8,34.05
2026-08-20,Humira,13.91,21:28:53,2,8,34.06
2026-08-20,Humira,5.39,21:29:23,2,8,0.0
2026-08-20,Humira,17.27,21:29:53,2,8,34.08
2026-08-20,Humira,14.55,21:30:23,2,8,34.09
2026-08-20,Humira,17.79,21:30:53,2,8,34.1
2026-08-20,Humira,11.97,21:31:23,2,8,34.11
2026-08-20,Humira,3.16,21:31:53,2,8,0.0
2026-08-20,Humira,15.07,21:32:23,2,8,34.14
2026-08-20,Humira,3.68,21:32:53,2,8,0.0
2026-08-20,Humira,15.64,21:33:23,2,8,34.16
2026-08-20,Humira,15.48,21:33:53,2,8,34.17
2026-08-20,Humira,14.78,21:34:23,2,8,34.18
2026-08-20,Humira,16.75,21:34:53,2,8,34.19
2026-08-20,Humira,12.98,21:35:23,2,8,34.2
2026-08-20,Humira,12.4,21:35:53,2,8,34.21
2026-08-20,Humira,10.25,21:36:23,2,8,34.22
2026-08-20,Humira,14.4,21:36:53,2,8,34.23
2026-08-20,Humira,12.46,21:37:23,2,8,34.24
2026-08-20,Humira,12.76,21:37:53,2,8,34.26
2026-08-20,Humira,16.99,21:38:23,2,8,34.27
2026-08-20,Humira,11.12,21:38:53,2,8,34.28
2026-08-20,Humira,9.62,21:39:23,2,8,34.29
2026-08-20,Humira,2.92,21:39:53,2,8,0.0
2026-08-20,Humira,6.08,21:40:23,2,8,0.0
2026-08-20,Humira,12.2,21:40:53,2,8,34.32
2026-08-20,Humira,3.19,21:41:23,2,8,0.0
2026-08-20,Humira,15.35,21:41:53,2,8,34.34
2026-08-20,Humira,10.79,21:42:23,2,8,34.35
2026-08-20,Humira,12.12,21:42:53,2,8,34.36
2026-08-20,Humira,14.42,21:43:23,2,8,34.37
2026-08-20,Humira,7.59,21:43:53,2,8,0.0
2026-08-20,Humira,17.15,21:44:23,2,8,34.4
2026-08-20,Humira,6.78,21:44:53,2,8,0.0
2026-08-20,Humira,3.76,21:45:23,2,8,0.0
2026-08-20,Humira,13.19,21:45:53,2,8,34.43
2026-08-20,Humira,10.43,21:46:23,2,8,34.44
2026-08-20,Humira,11.48,21:46:53,2,8,34.45
2026-08-20,Humira,11.75,21:47:23,2,8,34.46
2026-08-20,Humira,6.33,21:47:53,2,8,0.0
2026-08-20,Humira,15.67,21:48:23,2,8,34.48
2026-08-20,Humira,10.85,21:48:53,2,8,34.49
2026-08-20,Humira,14.62,21:49:23,2,8,34.5
2026-08-20,Humira,11.88,21:49:53,2,8,34.52
2026-08-20,Humira,4.99,21:50:23,2,8,0.0
2026-08-20,Humira,12.95,21:50:53,2,8,34.54
2026-08-20,Humira,7.27,21:51:23,2,8,0.0
2026-08-20,Humira,4.22,21:51:53,2,8,0.0
2026-08-20,Humira,15.73,21:52:23,2,8,34.57
2026-08-20,Humira,13.29,21:52:53,2,8,34.58
2026-08-20,Humira,15.62,21:53:23,2,8,34.59
2026-08-20,Humira,9.1,21:53:53,2,8,34.6
2026-08-20,Humira,16.49,21:54:23,2,8,34.61
2026-08-20,Humira,15.32,21:54:53,2,8,34.62
2026-08-20,Humira,16.22,21:55:23,2,8,34.63
2026-08-20,Humira,5.28,21:55:53,2,8,0.0
2026-08-20,Humira,4.9,21:56:23,2,8,0.0
2026-08-20,Humira,14.54,21:56:53,2,8,34.67
2026-08-20,Humira,14.21,21:57:23,2,8,34.68
2026-08-20,Humira,4.24,21:57:53,2,8,0.0
2026-08-20,Humira,13.03,21:58:23,2,8,34.7
2026-08-20,Humira,2.78,21:58:53,2,8,0.0
2026-08-20,Humira,14.04,21:59:23,2,8,34.72
2026-08-20,Humira,16.75,21:59:53,2,8,34.73
2026-08-20,Humira,17.42,22:00:23,2,8,34.74
2026-08-20,Humira,13.14,22:00:53,2,8,34.75
2026-08-20,Humira,9.19,22:01:23,2,8,34.76
2026-08-20,Humira,14.88,22:01:53,2,8,34.77
2026-08-20,Humira,9.19,22:02:23,2,8,34.79
2026-08-20,Humira,13.44,22:02:53,2,8,34.8
2026-08-20,Humira,11.92,22:03:23,2,8,34.81
2026-08-20,Humira,13.45,22:03:53,2,8,34.82
2026-08-20,Humira,3.35,22:04:23,2,8,0.0
2026-08-20,Humira,2.52,22:04:53,2,8,0.0
2026-08-20,Humira,15.3,22:05:23,2,8,34.85
2026-08-20,Humira,17.14,22:05:53,2,8,34.86
2026-08-20,Humira,2.53,22:06:23,2,8,0.0
2026-08-20,Humira,14.95,22:06:53,2,8,34.88
2026-08-20,Humira,3.91,22:07:23,2,8,0.0
2026-08-20,Humira,7.66,22:07:53,2,8,0.0
2026-08-20,Humira,16.04,22:08:23,2,8,34.92
2026-08-20,Humira,13.85,22:08:53,2,8,34.93
2026-08-20,Humira,15.65,22:09:23,2,8,34.94
2026-08-20,Humira,16.97,22:09:53,2,8,34.95
2026-08-20,Humira,2.28,22:10:23,2,8,0.0
2026-08-20,Humira,11.07,22:10:53,2,8,34.97
2026-08-20,Humira,14.95,22:11:23,2,8,34.98
2026-08-20,Humira,11.3,22:11:53,2,8,34.99
2026-08-20,Humira,9.05,22:12:23,2,8,35.0
2026-08-20,Humira,11.09,22:12:53,2,8,35.01
2026-08-20,Humira,5.28,22:13:23,2,8,0.0
2026-08-20,Humira,15.34,22:13:53,2,8,35.04
2026-08-20,Humira,2.85,22:14:23,2,8,0.0
2026-08-20,Humira,9.74,22:14:53,2,8,35.06
2026-08-20,Humira,16.68,22:15:23,2,8,35.07
2026-08-20,Humira,11.39,22:15:53,2,8,35.08
2026-08-20,Humira,7.1,22:16:23,2,8,0.0
2026-08-20,Humira,3.93,22:16:53,2,8,0.0
2026-08-20,Humira,15.74,22:17:23,2,8,35.11
2026-08-20,Humira,3.62,22:17:53,2,8,0.0
2026-08-20,Humira,13.41,22:18:23,2,8,35.13
2026-08-20,Humira,2.19,22:18:53,2,8,0.0
2026-08-20,Humira,5.05,22:19:23,2,8,0.0
2026-08-20,Humira,4.49,22:19:53,2,8,0.0
2026-08-20,Humira,9.06,22:20:23,2,8,35.18
2026-08-20,Humira,17.01,22:20:53,2,8,35.19
2026-08-20,Humira,6.62,22:21:23,2,8,0.0
2026-08-20,Humira,5.5,22:21:53,2,8,0.0
2026-08-20,Humira,14.84,22:22:23,2,8,35.22
2026-08-20,Humira,3.22,22:22:53,2,8,0.0
2026-08-20,Humira,2.42,22:23:23,2,8,0.0
2026-08-20,Humira,11.5,22:23:53,2,8,35.25
2026-08-20,Humira,11.48,22:24:23,2,8,35.26
2026-08-20,Humira,16.5,22:24:53,2,8,35.27
2026-08-20,Humira,5.46,22:25:23,2,8,0.0
2026-08-20,Humira,15.96,22:25:53,2,8,35.3
2026-08-20,Humira,7.24,22:26:23,2,8,0.0
2026-08-20,Humira,12.84,22:26:53,2,8,35.32
2026-08-20,Humira,9.25,22:27:23,2,8,35.33
2026-08-20,Humira,7.91,22:27:53,2,8,0.0
2026-08-20,Humira,2.51,22:28:23,2,8,0.0
2026-08-20,Humira,17.38,22:28:53,2,8,35.36
2026-08-20,Humira,10.48,22:29:23,2,8,35.37
2026-08-20,Humira,17.92,22:29:53,2,8,35.38
2026-08-20,Humira,12.11,22:30:23,2,8,35.39
2026-08-20,Humira,16.48,22:30:53,2,8,35.4
2026-08-20,Humira,9.81,22:31:23,2,8,35.41
2026-08-20,Humira,9.22,22:31:53,2,8,35.43
2026-08-20,Humira,11.9,22:32:23,2,8,35.44
2026-08-20,Humira,16.48,22:32:53,2,8,35.45
2026-08-20,Humira,10.53,22:33:23,2,8,35.46
2026-08-20,Humira,14.35,22:33:53,2,8,35.47
2026-08-20,Humira,17.27,22:34:23,2,8,35.48
2026-08-20,Humira,12.42,22:34:53,2,8,35.49
2026-08-20,Humira,14.84,22:35:23,2,8,35.5
2026-08-20,Humira,7.33,22:35:53,2,8,0.0
2026-08-20,Humira,7.93,22:36:23,2,8,0.0
2026-08-20,Humira,6.94,22:36:53,2,8,0.0
2026-08-20,Humira,15.93,22:37:23,2,8,35.54
2026-08-20,Humira,14.4,22:37:53,2,8,35.55
2026-08-20,Humira,6.73,22:38:23,2,8,0.0
2026-08-20,Humira,14.53,22:38:53,2,8,35.58
2026-08-20,Humira,13.53,22:39:23,2,8,35.59
2026-08-20,Humira,12.6,22:39:53,2,8,35.6
2026-08-20,Humira,6.49,22:40:23,2,8,0.0
2026-08-20,Humira,13.73,22:40:53,2,8,35.62
2026-08-20,Humira,11.06,22:41:23,2,8,35.63
2026-08-20,Humira,14.82,22:41:53,2,8,35.64
2026-08-20,Humira,7.84,22:42:23,2,8,0.0
2026-08-20,Humira,17.4,22:42:53,2,8,35.66
2026-08-20,Humira,10.9,22:43:23,2,8,35.67
2026-08-20,Humira,11.47,22:43:53,2,8,35.69
2026-08-20,Humira,17.29,22:44:23,2,8,35.7
2026-08-20,Humira,12.87,22:44:53,2,8,35.71
2026-08-20,Humira,2.95,22:45:23,2,8,0.0
2026-08-20,Humira,12.97,22:45:53,2,8,35.73
2026-08-20,Humira,16.54,22:46:23,2,8,35.74
2026-08-20,Humira,14.58,22:46:53,2,8,35.75
2026-08-20,Humira,2.07,22:47:23,2,8,0.0
2026-08-20,Humira,12.83,22:47:53,2,8,35.77
2026-08-20,Humira,17.82,22:48:23,2,8,35.78
2026-08-20,Humira,5.61,22:48:53,2,8,0.0
2026-08-20,Humira,6.78,22:49:23,2,8,0.0
2026-08-20,Humira,17.44,22:49:53,2,8,35.82
2026-08-20,Humira,16.64,22:50:23,2,8,35.83
2026-08-20,Humira,15.78,22:50:53,2,8,35.84
2026-08-20,Humira,5.15,22:51:23,2,8,0.0
2026-08-20,Humira,7.15,22:51:53,2,8,0.0
2026-08-20,Humira,9.09,22:52:23,2,8,35.87
2026-08-20,Humira,7.5,22:52:53,2,8,0.0
2026-08-20,Humira,10.07,22:53:23,2,8,35.89
2026-08-20,Humira,9.86,22:53:53,2,8,35.9
2026-08-20,Humira,14.53,22:54:23,2,8,35.91
2026-08-20,Humira,5.66,22:54:53,2,8,0.0
2026-08-20,Humira,10.23,22:55:23,2,8,35.93
2026-08-20,Humira,11.47,22:55:53,2,8,35.95
2026-08-20,Humira,11.97,22:56:23,2,8,35.96
2026-08-20,Humira,12.61,22:56:53,2,8,35.97
2026-08-20,Humira,11.26,22:57:23,2,8,35.98
2026-08-20,Humira,2.12,22:57:53,2,8,0.0
2026-08-20,Humira,9.84,22:58:23,2,8,36.0
2026-08-20,Humira,5.96,22:58:53,2,8,0.0
2026-08-20,Humira,6.03,22:59:23,2,8,0.0
2026-08-20,Humira,4.13,22:59:53,2,8,0.0
2026-08-20,Humira,10.43,23:00:23,2,8,36.04
2026-08-20,Humira,6.35,23:00:53,2,8,0.0
2026-08-20,Humira,9.76,23:01:23,2,8,36.06
2026-08-20,Humira,6.97,23:01:53,2,8,0.0
2026-08-20,Humira,16.37,23:02:23,2,8,36.09
2026-08-20,Humira,6.47,23:02:53,2,8,0.0
2026-08-20,Humira,10.21,23:03:23,2,8,36.11
2026-08-20,Humira,13.61,23:03:53,2,8,36.12
2026-08-20,Humira,11.13,23:04:23,2,8,36.13
2026-08-20,Humira,10.22,23:04:53,2,8,36.14
2026-08-20,Humira,9.15,23:05:23,2,8,36.15
2026-08-20,Humira,15.26,23:05:53,2,8,36.16
2026-08-20,Humira,3.65,23:06:23,2,8,0.0
2026-08-20,Humira,16.13,23:06:53,2,8,36.18
2026-08-20,Humira,7.32,23:07:23,2,8,0.0
2026-08-20,Humira,15.74,23:07:53,2,8,36.21
2026-08-20,Humira,11.03,23:08:23,2,8,36.22
2026-08-20,Humira,4.39,23:08:53,2,8,0.0
2026-08-20,Humira,5.08,23:09:23,2,8,0.0
2026-08-20,Humira,13.81,23:09:53,2,8,36.25
2026-08-20,Humira,3.17,23:10:23,2,8,0.0
2026-08-20,Humira,3.36,23:10:53,2,8,0.0
2026-08-20,Humira,5.65,23:11:23,2,8,0.0
2026-08-20,Humira,9.71,23:11:53,2,8,36.29
2026-08-20,Humira,9.09,23:12:23,2,8,36.3
2026-08-20,Humira,17.96,23:12:53,2,8,36.31
2026-08-20,Humira,15.58,23:13:23,2,8,36.32
2026-08-20,Humira,11.61,23:13:53,2,8,36.34
2026-08-20,Humira,6.32,23:14:23,2,8,0.0
2026-08-20,Humira,6.2,23:14:53,2,8,0.0
2026-08-20,Humira,14.83,23:15:23,2,8,36.37
2026-08-20,Humira,15.57,23:15:53,2,8,36.38
2026-08-20,Humira,3.51,23:16:23,2,8,0.0
2026-08-20,Humira,10.93,23:16:53,2,8,36.4
2026-08-20,Humira,17.71,23:17:23,2,8,36.41
2026-08-20,Humira,13.55,23:17:53,2,8,36.42
2026-08-20,Humira,9.38,23:18:23,2,8,36.43
2026-08-20,Humira,6.54,23:18:53,2,8,0.0
2026-08-20,Humira,3.76,23:19:23,2,8,0.0
2026-08-20,Humira,6.6,23:19:53,2,8,0.0
2026-08-20,Humira,12.75,23:20:23,2,8,36.48
2026-08-20,Humira,2.95,23:20:53,2,8,0.0
2026-08-20,Humira,6.59,23:21:23,2,8,0.0
2026-08-20,Humira,12.34,23:21:53,2,8,36.51
2026-08-20,Humira,10.85,23:22:23,2,8,36.52
2026-08-20,Humira,14.28,23:22:53,2,8,36.53
2026-08-20,Humira,6.99,23:23:23,2,8,0.0
2026-08-20,Humira,5.33,23:23:53,2,8,0.0
2026-08-20,Humira,7.81,23:24:23,2,8,0.0
2026-08-20,Humira,11.66,23:24:53,2,8,36.57
2026-08-20,Humira,10.41,23:25:23,2,8,36.58
2026-08-20,Humira,16.82,23:25:53,2,8,36.59
2026-08-20,Humira,3.58,23:26:23,2,8,0.0
2026-08-20,Humira,10.96,23:26:53,2,8,36.62
2026-08-20,Humira,13.64,23:27:23,2,8,36.63
2026-08-20,Humira,13.1,23:27:53,2,8,36.64
2026-08-20,Humira,10.91,23:28:23,2,8,36.65
2026-08-20,Humira,10.82,23:28:53,2,8,36.66
2026-08-20,Humira,14.5,23:29:23,2,8,36.67
2026-08-20,Humira,9.13,23:29:53,2,8,36.68
2026-08-20,Humira,16.9,23:30:23,2,8,36.69
2026-08-20,Humira,17.03,23:30:53,2,8,36.7
2026-08-20,Humira,11.88,23:31:23,2,8,36.71
2026-08-20,Humira,2.33,23:31:53,2,8,0.0
2026-08-20,Humira,14.73,23:32:23,2,8,36.74
2026-08-20,Humira,6.17,23:32:53,2,8,0.0
2026-08-20,Humira,14.2,23:33:23,2,8,36.76
2026-08-20,Humira,3.05,23:33:53,2,8,0.0
2026-08-20,Humira,7.47,23:34:23,2,8,0.0
2026-08-20,Humira,14.69,23:34:53,2,8,36.79
2026-08-20,Humira,13.69,23:35:23,2,8,36.8
2026-08-20,Humira,13.43,23:35:53,2,8,36.81
2026-08-20,Humira,7.38,23:36:23,2,8,0.0
2026-08-20,Humira,6.3,23:36:53,2,8,0.0
2026-08-20,Humira,5.94,23:37:23,2,8,0.0
2026-08-20,Humira,17.49,23:37:53,2,8,36.86
2026-08-20,Humira,4.93,23:38:23,2,8,0.0
2026-08-20,Humira,2.94,23:38:53,2,8,0.0
2026-08-20,Humira,13.0,23:39:23,2,8,36.89
2026-08-20,Humira,17.9,23:39:53,2,8,36.9
2026-08-20,Humira,6.07,23:40:23,2,8,0.0
2026-08-20,Humira,4.06,23:40:53,2,8,0.0
2026-08-20,Humira,5.88,23:41:23,2,8,0.0
2026-08-20,Humira,4.41,23:41:53,2,8,0.0
2026-08-20,Humira,3.86,23:42:23,2,8,0.0
2026-08-20,Humira,5.81,23:42:53,2,8,0.0
2026-08-20,Humira,2.89,23:43:23,2,8,0.0
2026-08-20,Humira,15.32,23:43:53,2,8,36.98
2026-08-20,Humira,10.97,23:44:23,2,8,37.0
2026-08-20,Humira,9.5,23:44:53,2,8,37.01
2026-08-20,Humira,17.32,23:45:23,2,8,37.02
2026-08-20,Humira,16.59,23:45:53,2,8,37.03
2026-08-20,Humira,11.91,23:46:23,2,8,37.04
2026-08-20,Humira,16.36,23:46:53,2,8,37.05
2026-08-20,Humira,10.75,23:47:23,2,8,37.06
2026-08-20,Humira,14.78,23:47:53,2,8,37.07
2026-08-20,Humira,3.65,23:48:23,2,8,0.0
2026-08-20,Humira,5.03,23:48:53,2,8,0.0
2026-08-20,Humira,14.7,23:49:23,2,8,37.1
2026-08-20,Humira,11.84,23:49:53,2,8,37.12
2026-08-20,Humira,5.62,23:50:23,2,8,0.0
2026-08-20,Humira,4.6,23:50:53,2,8,0.0
2026-08-20,Humira,7.39,23:51:23,2,8,0.0
2026-08-20,Humira,13.97,23:51:53,2,8,37.16
2026-08-20,Humira,4.53,23:52:23,2,8,0.0
2026-08-20,Humira,5.79,23:52:53,2,8,0.0
2026-08-20,Humira,4.95,23:53:23,2,8,0.0
2026-08-20,Humira,4.95,23:53:53,2,8,0.0
2026-08-20,Humira,5.37,23:54:23,2,8,0.0
2026-08-20,Humira,5.0,23:54:53,2,8,0.0
2026-08-20,Humira,6.47,23:55:23,2,8,0.0
2026-08-20,Humira,13.97,23:55:53,2,8,37.24
2026-08-20,Humira,5.99,23:56:23,2,8,0.0
2026-08-20,Humira,4.52,23:56:53,2,8,0.0
2026-08-20,Humira,11.5,23:57:23,2,8,37.28
2026-08-20,Humira,16.33,23:57:53,2,8,37.29
2026-08-20,Humira,4.91,23:58:23,2,8,0.0
2026-08-20,Humira,13.7,23:58:53,2,8,37.31
2026-08-20,Humira,3.64,23:59:23,2,8,0.0
2026-08-20,Humira,16.3,23:59:53,2,8,37.33
2026-08-20,Humira,15.58,00:00:23,2,8,37.34
2026-08-20,Humira,12.67,00:00:53,2,8,37.35
2026-08-20,Humira,6.97,00:01:23,2,8,0.0
2026-08-20,Humira,11.02,00:01:53,2,8,37.38
2026-08-20,Humira,16.51,00:02:23,2,8,37.39
2026-08-20,Humira,6.26,00:02:53,2,8,0.0
2026-08-20,Humira,14.26,00:03:23,2,8,37.41
2026-08-20,Humira,12.69,00:03:53,2,8,37.42
2026-08-20,Humira,12.21,00:04:23,2,8,37.43
2026-08-20,Humira,12.3,00:04:53,2,8,37.44
2026-08-20,Humira,13.18,00:05:23,2,8,37.45
2026-08-20,Humira,2.06,00:05:53,2,8,0.0
2026-08-20,Humira,7.15,00:06:23,2,8,0.0
2026-08-20,Humira,5.05,00:06:53,2,8,0.0
2026-08-20,Humira,17.09,00:07:23,2,8,37.49
2026-08-20,Humira,9.49,00:07:53,2,8,37.51
2026-08-20,Humira,7.19,00:08:23,2,8,0.0
2026-08-20,Humira,5.9,00:08:53,2,8,0.0
2026-08-20,Humira,4.05,00:09:23,2,8,0.0
2026-08-20,Humira,13.34,00:09:53,2,8,37.55
2026-08-20,Humira,5.38,00:10:23,2,8,0.0
2026-08-20,Humira,3.53,00:10:53,2,8,0.0
2026-08-20,Humira,6.18,00:11:23,2,8,0.0
2026-08-20,Humira,3.69,00:11:53,2,8,0.0
2026-08-20,Humira,6.86,00:12:23,2,8,0.0
2026-08-20,Humira,15.31,00:12:53,2,8,37.61
2026-08-20,Humira,7.19,00:13:23,2,8,0.0
2026-08-20,Humira,11.32,00:13:53,2,8,37.63
2026-08-20,Humira,18.0,00:14:23,2,8,37.65
2026-08-20,Humira,11.79,00:14:53,2,8,37.66
2026-08-20,Humira,2.01,00:15:23,2,8,0.0
2026-08-20,Humira,12.04,00:15:53,2,8,37.68
2026-08-20,Humira,3.71,00:16:23,2,8,0.0
2026-08-20,Humira,10.11,00:16:53,2,8,37.7
2026-08-20,Humira,9.14,00:17:23,2,8,37.71
2026-08-20,Humira,2.93,00:17:53,2,8,0.0
2026-08-20,Humira,6.67,00:18:23,2,8,0.0
2026-08-20,Humira,9.79,00:18:53,2,8,37.74
2026-08-20,Humira,16.17,00:19:23,2,8,37.75
2026-08-20,Humira,14.91,00:19:53,2,8,37.77
2026-08-20,Humira,17.58,00:20:23,2,8,37.78
2026-08-20,Humira,12.23,00:20:53,2,8,37.79
2026-08-20,Humira,17.95,00:21:23,2,8,37.8
2026-08-20,Humira,15.56,00:21:53,2,8,37.81
2026-08-20,Humira,10.68,00:22:23,2,8,37.82
2026-08-20,Humira,11.73,00:22:53,2,8,37.83
2026-08-20,Humira,10.34,00:23:23,2,8,37.84
2026-08-20,Humira,14.66,00:23:53,2,8,37.85
2026-08-20,Humira,6.36,00:24:23,2,8,0.0
2026-08-20,Humira,11.37,00:24:53,2,8,37.87
2026-08-20,Humira,5.28,00:25:23,2,8,0.0
2026-08-20,Humira,7.95,00:25:53,2,8,0.0
2026-08-20,Humira,7.15,00:26:23,2,8,0.0
2026-08-20,Humira,11.75,00:26:53,2,8,37.92
2026-08-20,Humira,15.13,00:27:23,2,8,37.93
2026-08-20,Humira,2.08,00:27:53,2,8,0.0
2026-08-20,Humira,11.85,00:28:23,2,8,37.95
2026-08-20,Humira,16.71,00:28:53,2,8,37.96
2026-08-20,Humira,13.24,00:29:23,2,8,37.97
2026-08-20,Humira,17.8,00:29:53,2,8,37.98
2026-08-20,Humira,15.79,00:30:23,2,8,37.99
2026-08-20,Humira,9.91,00:30:53,2,8,38.0
2026-08-20,Humira,5.19,00:31:23,2,8,0.0
2026-08-20,Humira,10.89,00:31:53,2,8,38.02
2026-08-20,Humira,4.47,00:32:23,2,8,0.0
2026-08-20,Humira,10.08,00:32:53,2,8,38.05
2026-08-20,Humira,4.42,00:33:23,2,8,0.0
2026-08-20,Humira,10.84,00:33:53,2,8,38.07
2026-08-20,Humira,7.65,00:34:23,2,8,0.0
2026-08-20,Humira,10.03,00:34:53,2,8,38.09
2026-08-20,Humira,9.03,00:35:23,2,8,38.1
2026-08-20,Humira,17.74,00:35:53,2,8,38.11
2026-08-20,Humira,15.91,00:36:23,2,8,38.12
2026-08-20,Humira,16.57,00:36:53,2,8,38.13
2026-08-20,Humira,6.35,00:37:23,2,8,0.0
2026-08-20,Humira,15.04,00:37:53,2,8,38.16
2026-08-20,Humira,7.38,00:38:23,2,8,0.0
2026-08-20,Humira,13.12,00:38:53,2,8,38.18
2026-08-20,Humira,5.21,00:39:23,2,8,0.0
2026-08-20,Humira,3.34,00:39:53,2,8,0.0
2026-08-20,Humira,4.54,00:40:23,2,8,0.0
2026-08-20,Humira,16.68,00:40:53,2,8,38.22
2026-08-20,Humira,17.7,00:41:23,2,8,38.23
2026-08-20,Humira,14.06,00:41:53,2,8,38.24
2026-08-20,Humira,9.75,00:42:23,2,8,38.25
2026-08-20,Humira,9.33,00:42:53,2,8,38.26
2026-08-20,Humira,10.62,00:43:23,2,8,38.27
2026-08-20,Humira,13.61,00:43:53,2,8,38.29
2026-08-20,Humira,12.8,00:44:23,2,8,38.3
2026-08-20,Humira,4.12,00:44:53,2,8,0.0
2026-08-20,Humira,16.12,00:45:23,2,8,38.32
2026-08-20,Humira,7.32,00:45:53,2,8,0.0
2026-08-20,Humira,17.25,00:46:23,2,8,38.34
2026-08-20,Humira,5.34,00:46:53,2,8,0.0
2026-08-20,Humira,9.55,00:47:23,2,8,38.36
2026-08-20,Humira,5.22,00:47:53,2,8,0.0
2026-08-20,Humira,9.18,00:48:23,2,8,38.38
2026-08-20,Humira,10.42,00:48:53,2,8,38.39
2026-08-20,Humira,2.6,00:49:23,2,8,0.0
2026-08-20,Humira,16.5,00:49:53,2,8,38.41
2026-08-20,Humira,13.8,00:50:23,2,8,38.43
2026-08-20,Humira,5.42,00:50:53,2,8,0.0
2026-08-20,Humira,3.12,00:51:23,2,8,0.0
2026-08-20,Humira,15.94,00:51:53,2,8,38.46
2026-08-20,Humira,2.87,00:52:23,2,8,0.0
2026-08-20,Humira,11.94,00:52:53,2,8,38.48
2026-08-20,Humira,7.16,00:53:23,2,8,0.0
2026-08-20,Humira,9.55,00:53:53,2,8,38.5
2026-08-20,Humira,17.73,00:54:23,2,8,38.51
2026-08-20,Humira,10.28,00:54:53,2,8,38.52
2026-08-20,Humira,7.0,00:55:23,2,8,0.0
2026-08-20,Humira,3.15,00:55:53,2,8,0.0
2026-08-20,Humira,10.11,00:56:23,2,8,38.56
2026-08-20,Humira,15.4,00:56:53,2,8,38.57
2026-08-20,Humira,5.36,00:57:23,2,8,0.0
2026-08-20,Humira,12.61,00:57:53,2,8,38.59
2026-08-20,Humira,17.91,00:58:23,2,8,38.6
2026-08-20,Humira,7.87,00:58:53,2,8,0.0
2026-08-20,Humira,5.34,00:59:23,2,8,0.0
2026-08-20,Humira,7.96,00:59:53,2,8,0.0
2026-08-20,Humira,11.41,01:00:23,2,8,38.64
2026-08-20,Humira,17.9,01:00:53,2,8,38.65
2026-08-20,Humira,13.4,01:01:23,2,8,38.66
2026-08-20,Humira,14.72,01:01:53,2,8,38.68
2026-08-20,Humira,15.39,01:02:23,2,8,38.69
2026-08-20,Humira,7.68,01:02:53,2,8,0.0
2026-08-20,Humira,9.58,01:03:23,2,8,38.71
2026-08-20,Humira,10.93,01:03:53,2,8,38.72
2026-08-20,Humira,4.27,01:04:23,2,8,0.0
2026-08-20,Humira,9.56,01:04:53,2,8,38.74
2026-08-20,Humira,13.62,01:05:23,2,8,38.75
2026-08-20,Humira,2.79,01:05:53,2,8,0.0
2026-08-20,Humira,15.74,01:06:23,2,8,38.77
2026-08-20,Humira,7.44,01:06:53,2,8,0.0
2026-08-20,Humira,17.62,01:07:23,2,8,38.79
2026-08-20,Humira,5.29,01:07:53,2,8,0.0
2026-08-20,Humira,7.27,01:08:23,2,8,0.0
2026-08-20,Humira,5.68,01:08:53,2,8,0.0
2026-08-20,Humira,12.01,01:09:23,2,8,38.84
2026-08-20,Humira,14.71,01:09:53,2,8,38.85
2026-08-20,Humira,6.22,01:10:23,2,8,0.0
2026-08-20,Humira,5.44,01:10:53,2,8,0.0
2026-08-20,Humira,9.58,01:11:23,2,8,38.88
2026-08-20,Humira,15.64,01:11:53,2,8,38.89
2026-08-20,Humira,3.87,01:12:23,2,8,0.0
2026-08-20,Humira,3.21,01:12:53,2,8,0.0
2026-08-20,Humira,2.47,01:13:23,2,8,0.0
2026-08-20,Humira,14.51,01:13:53,2,8,38.94
2026-08-20,Humira,13.64,01:14:23,2,8,38.95
2026-08-20,Humira,15.53,01:14:53,2,8,38.96
2026-08-20,Humira,5.89,01:15:23,2,8,0.0
2026-08-20,Humira,14.06,01:15:53,2,8,38.98
2026-08-20,Humira,11.26,01:16:23,2,8,38.99
2026-08-20,Humira,11.09,01:16:53,2,8,39.0
2026-08-20,Humira,13.93,01:17:23,2,8,39.01
2026-08-20,Humira,12.48,01:17:53,2,8,39.02
2026-08-20,Humira,11.45,01:18:23,2,8,39.03
2026-08-20,Humira,3.48,01:18:53,2,8,0.0
2026-08-20,Humira,13.62,01:19:23,2,8,39.05
2026-08-20,Humira,11.54,01:19:53,2,8,39.07
2026-08-20,Humira,14.82,01:20:23,2,8,39.08
2026-08-20,Humira,2.23,01:20:53,2,8,0.0
2026-08-20,Humira,3.81,01:21:23,2,8,0.0
2026-08-20,Humira,13.0,01:21:53,2,8,39.11
2026-08-20,Humira,6.2,01:22:23,2,8,0.0
2026-08-20,Humira,16.5,01:22:53,2,8,39.13
2026-08-20,Humira,17.0,01:23:23,2,8,39.14
2026-08-20,Humira,4.68,01:23:53,2,8,0.0
2026-08-20,Humira,12.31,01:24:23,2,8,39.16
2026-08-20,Humira,9.95,01:24:53,2,8,39.17
2026-08-20,Humira,7.22,01:25:23,2,8,0.0
2026-08-20,Humira,12.59,01:25:53,2,8,39.2
2026-08-20,Humira,15.47,01:26:23,2,8,39.21
2026-08-20,Humira,15.32,01:26:53,2,8,39.22
2026-08-20,Humira,6.08,01:27:23,2,8,0.0
2026-08-20,Humira,17.85,01:27:53,2,8,39.24
2026-08-20,Humira,6.97,01:28:23,2,8,0.0
2026-08-20,Humira,13.5,01:28:53,2,8,39.26
2026-08-20,Humira,9.35,01:29:23,2,8,39.27
2026-08-20,Humira,7.7,01:29:53,2,8,0.0
2026-08-20,Humira,10.62,01:30:23,2,8,39.29
2026-08-20,Humira,13.72,01:30:53,2,8,39.3
2026-08-20,Humira,13.2,01:31:23,2,8,39.31
2026-08-20,Humira,15.0,01:31:53,2,8,39.33
2026-08-20,Humira,14.66,01:32:23,2,8,39.34
2026-08-20,Humira,11.23,01:32:53,2,8,39.35
2026-08-20,Humira,6.51,01:33:23,2,8,0.0
2026-08-20,Humira,7.08,01:33:53,2,8,0.0
2026-08-20,Humira,2.59,01:34:23,2,8,0.0
2026-08-20,Humira,11.8,01:34:53,2,8,39.39
2026-08-20,Humira,11.0,01:35:23,2,8,39.4
2026-08-20,Humira,5.11,01:35:53,2,8,0.0
2026-08-20,Humira,4.59,01:36:23,2,8,0.0
2026-08-20,Humira,12.36,01:36:53,2,8,39.43
2026-08-20,Humira,15.97,01:37:23,2,8,39.44
2026-08-20,Humira,11.94,01:37:53,2,8,39.46
2026-08-20,Humira,10.94,01:38:23,2,8,39.47
2026-08-20,Humira,6.17,01:38:53,2,8,0.0
2026-08-20,Humira,10.23,01:39:23,2,8,39.49
2026-08-20,Humira,9.23,01:39:53,2,8,39.5
2026-08-20,Humira,10.43,01:40:23,2,8,39.51
2026-08-20,Humira,14.94,01:40:53,2,8,39.52
2026-08-20,Humira,6.5,01:41:23,2,8,0.0
2026-08-20,Humira,15.56,01:41:53,2,8,39.54
2026-08-20,Humira,3.78,01:42:23,2,8,0.0
2026-08-20,Humira,12.94,01:42:53,2,8,39.56
2026-08-20,Humira,3.89,01:43:23,2,8,0.0
2026-08-20,Humira,17.29,01:43:53,2,8,39.59
2026-08-20,Humira,7.05,01:44:23,2,8,0.0
2026-08-20,Humira,13.51,01:44:53,2,8,39.61
2026-08-20,Humira,7.15,01:45:23,2,8,0.0
2026-08-20,Humira,9.15,01:45:53,2,8,39.63
2026-08-20,Humira,7.37,01:46:23,2,8,0.0
2026-08-20,Humira,4.18,01:46:53,2,8,0.0
2026-08-20,Humira,2.17,01:47:23,2,8,0.0
2026-08-20,Humira,16.98,01:47:53,2,8,39.67
2026-08-20,Humira,13.9,01:48:23,2,8,39.68
2026-08-20,Humira,9.74,01:48:53,2,8,39.69
2026-08-20,Humira,10.21,01:49:23,2,8,39.7
2026-08-20,Humira,16.97,01:49:53,2,8,39.72
2026-08-20,Humira,16.93,01:50:23,2,8,39.73
2026-08-20,Humira,3.42,01:50:53,2,8,0.0
2026-08-20,Humira,17.08,01:51:23,2,8,39.75
2026-08-20,Humira,15.57,01:51:53,2,8,39.76
2026-08-20,Humira,2.99,01:52:23,2,8,0.0
2026-08-20,Humira,14.94,01:52:53,2,8,39.78
2026-08-20,Humira,6.3,01:53:23,2,8,0.0
2026-08-20,Humira,7.7,01:53:53,2,8,0.0
2026-08-20,Humira,15.21,01:54:23,2,8,39.81
2026-08-20,Humira,6.14,01:54:53,2,8,0.0
2026-08-20,Humira,5.7,01:55:23,2,8,0.0
2026-08-20,Humira,14.3,01:55:53,2,8,39.84
2026-08-20,Humira,11.75,01:56:23,2,8,39.86
2026-08-20,Humira,4.49,01:56:53,2,8,0.0
2026-08-20,Humira,6.25,01:57:23,2,8,0.0
2026-08-20,Humira,10.51,01:57:53,2,8,39.89
2026-08-20,Humira,9.97,01:58:23,2,8,39.9
2026-08-20,Humira,9.04,01:58:53,2,8,39.91
2026-08-20,Humira,14.95,01:59:23,2,8,39.92
2026-08-20,Humira,6.77,01:59:53,2,8,0.0
2026-08-20,Humira,15.21,02:00:23,2,8,39.94
2026-08-20,Humira,10.79,02:00:53,2,8,39.95
2026-08-20,Humira,16.32,02:01:23,2,8,39.96
2026-08-20,Humira,17.71,02:01:53,2,8,39.98
2026-08-20,Humira,12.87,02:02:23,2,8,39.99
2026-08-20,Humira,4.7,02:02:53,2,8,0.0
2026-08-20,Humira,13.61,02:03:23,2,8,40.01
2026-08-20,Humira,2.94,02:03:53,2,8,0.0
2026-08-20,Humira,11.02,02:04:23,2,8,40.03
2026-08-20,Humira,11.18,02:04:53,2,8,40.04
2026-08-20,Humira,3.16,02:05:23,2,8,0.0
2026-08-20,Humira,16.21,02:05:53,2,8,40.06
2026-08-20,Humira,12.81,02:06:23,2,8,40.07
2026-08-20,Humira,16.79,02:06:53,2,8,40.08
2026-08-20,Humira,3.39,02:07:23,2,8,0.0
2026-08-20,Humira,2.13,02:07:53,2,8,0.0
2026-08-20,Humira,15.7,02:08:23,2,8,40.12
2026-08-20,Humira,15.56,02:08:53,2,8,40.13
2026-08-20,Humira,7.67,02:09:23,2,8,0.0
2026-08-20,Humira,11.61,02:09:53,2,8,40.15
2026-08-20,Humira,13.14,02:10:23,2,8,40.16
2026-08-20,Humira,7.47,02:10:53,2,8,0.0
2026-08-20,Humira,10.05,02:11:23,2,8,40.18
2026-08-20,Humira,13.01,02:11:53,2,8,40.19
2026-08-20,Humira,15.72,02:12:23,2,8,40.2
2026-08-20,Humira,12.1,02:12:53,2,8,40.21
2026-08-20,Humira,13.16,02:13:23,2,8,40.22
2026-08-20,Humira,9.66,02:13:53,2,8,40.23
2026-08-20,Humira,11.94,02:14:23,2,8,40.25
2026-08-20,Humira,17.66,02:14:53,2,8,40.26
2026-08-20,Humira,13.59,02:15:23,2,8,40.27
2026-08-20,Humira,16.34,02:15:53,2,8,40.28
2026-08-20,Humira,6.22,02:16:23,2,8,0.0
2026-08-20,Humira,3.76,02:16:53,2,8,0.0
2026-08-20,Humira,16.27,02:17:23,2,8,40.31
2026-08-20,Humira,5.84,02:17:53,2,8,0.0
2026-08-20,Humira,12.27,02:18:23,2,8,40.33
2026-08-20,Humira,3.58,02:18:53,2,8,0.0
2026-08-20,Humira,4.16,02:19:23,2,8,0.0
2026-08-20,Humira,4.84,02:19:53,2,8,0.0
2026-08-20,Humira,11.31,02:20:23,2,8,40.38
2026-08-20,Humira,4.02,02:20:53,2,8,0.0
2026-08-20,Humira,10.35,02:21:23,2,8,40.4
2026-08-20,Humira,4.04,02:21:53,2,8,0.0
2026-08-20,Humira,7.92,02:22:23,2,8,0.0
2026-08-20,Humira,15.2,02:22:53,2,8,40.43
2026-08-20,Humira,16.75,02:23:23,2,8,40.44
2026-08-20,Humira,13.13,02:23:53,2,8,40.45
2026-08-20,Humira,14.2,02:24:23,2,8,40.46
2026-08-20,Humira,16.84,02:24:53,2,8,40.47
2026-08-20,Humira,17.53,02:25:23,2,8,40.48
2026-08-20,Humira,5.68,02:25:53,2,8,0.0
2026-08-20,Humira,10.14,02:26:23,2,8,40.51
2026-08-20,Humira,14.54,02:26:53,2,8,40.52
2026-08-20,Humira,13.55,02:27:23,2,8,40.53
2026-08-20,Humira,10.56,02:27:53,2,8,40.54
2026-08-20,Humira,2.47,02:28:23,2,8,0.0
2026-08-20,Humira,15.66,02:28:53,2,8,40.56
2026-08-20,Humira,16.44,02:29:23,2,8,40.57
2026-08-20,Humira,9.77,02:29:53,2,8,40.58
2026-08-20,Humira,4.54,02:30:23,2,8,0.0
2026-08-20,Humira,3.83,02:30:53,2,8,0.0
2026-08-20,Humira,4.44,02:31:23,2,8,0.0
2026-08-20,Humira,11.47,02:31:53,2,8,40.62
2026-08-20,Humira,13.9,02:32:23,2,8,40.64
2026-08-20,Humira,15.12,02:32:53,2,8,40.65
2026-08-20,Humira,15.0,02:33:23,2,8,40.66
2026-08-20,Humira,10.42,02:33:53,2,8,40.67
2026-08-20,Humira,3.0,02:34:23,2,8,0.0
2026-08-20,Humira,14.36,02:34:53,2,8,40.69
2026-08-20,Humira,14.84,02:35:23,2,8,40.7
2026-08-20,Humira,2.76,02:35:53,2,8,0.0
2026-08-20,Humira,9.9,02:36:23,2,8,40.72
2026-08-20,Humira,7.82,02:36:53,2,8,0.0
2026-08-20,Humira,7.24,02:37:23,2,8,0.0
2026-08-20,Humira,4.86,02:37:53,2,8,0.0
2026-08-20,Humira,17.91,02:38:23,2,8,40.77
2026-08-20,Humira,13.22,02:38:53,2,8,40.78
2026-08-20,Humira,14.88,02:39:23,2,8,40.79
2026-08-20,Humira,15.45,02:39:53,2,8,40.8
2026-08-20,Humira,7.3,02:40:23,2,8,0.0
2026-08-20,Humira,2.81,02:40:53,2,8,0.0
2026-08-20,Humira,13.03,02:41:23,2,8,40.83
2026-08-20,Humira,17.81,02:41:53,2,8,40.84
2026-08-20,Humira,17.85,02:42:23,2,8,40.85
2026-08-20,Humira,4.16,02:42:53,2,8,0.0
2026-08-20,Humira,13.45,02:43:23,2,8,40.87
2026-08-20,Humira,2.03,02:43:53,2,8,0.0
2026-08-20,Humira,11.45,02:44:23,2,8,40.9
2026-08-20,Humira,17.81,02:44:53,2,8,40.91
2026-08-20,Humira,11.38,02:45:23,2,8,40.92
2026-08-20,Humira,10.21,02:45:53,2,8,40.93
2026-08-20,Humira,15.89,02:46:23,2,8,40.94
2026-08-20,Humira,3.17,02:46:53,2,8,0.0
2026-08-20,Humira,13.22,02:47:23,2,8,40.96
2026-08-20,Humira,13.28,02:47:53,2,8,40.97
2026-08-20,Humira,10.82,02:48:23,2,8,40.98
2026-08-20,Humira,9.83,02:48:53,2,8,40.99
2026-08-20,Humira,11.09,02:49:23,2,8,41.0
2026-08-20,Humira,2.52,02:49:53,2,8,0.0
2026-08-20,Humira,6.33,02:50:23,2,8,0.0
2026-08-20,Humira,16.62,02:50:53,2,8,41.04
2026-08-20,Humira,9.72,02:51:23,2,8,41.05
2026-08-20,Humira,11.54,02:51:53,2,8,41.06
2026-08-20,Humira,13.81,02:52:23,2,8,41.07
2026-08-20,Humira,7.1,02:52:53,2,8,0.0
2026-08-20,Humira,11.34,02:53:23,2,8,41.09
2026-08-20,Humira,6.84,02:53:53,2,8,0.0
2026-08-20,Humira,16.44,02:54:23,2,8,41.11
2026-08-20,Humira,15.92,02:54:53,2,8,41.12
2026-08-20,Humira,4.94,02:55:23,2,8,0.0
2026-08-20,Humira,13.31,02:55:53,2,8,41.14
2026-08-20,Humira,12.76,02:56:23,2,8,41.16
2026-08-20,Humira,12.87,02:56:53,2,8,41.17
2026-08-20,Humira,6.16,02:57:23,2,8,0.0
2026-08-20,Humira,5.72,02:57:53,2,8,0.0
2026-08-20,Humira,11.22,02:58:23,2,8,41.2
2026-08-20,Humira,2.09,02:58:53,2,8,0.0
2026-08-20,Humira,7.55,02:59:23,2,8,0.0
2026-08-20,Humira,14.0,02:59:53,2,8,41.23
2026-08-20,Humira,13.09,03:00:23,2,8,41.24
2026-08-20,Humira,2.31,03:00:53,2,8,0.0
2026-08-20,Humira,6.51,03:01:23,2,8,0.0
2026-08-20,Humira,5.92,03:01:53,2,8,0.0
2026-08-20,Humira,13.04,03:02:23,2,8,41.29
2026-08-20,Humira,12.07,03:02:53,2,8,41.3
2026-08-20,Humira,4.34,03:03:23,2,8,0.0
2026-08-20,Humira,7.64,03:03:53,2,8,0.0
2026-08-20,Humira,16.29,03:04:23,2,8,41.33
2026-08-20,Humira,12.6,03:04:53,2,8,41.34
2026-08-20,Humira,15.31,03:05:23,2,8,41.35
2026-08-20,Humira,5.42,03:05:53,2,8,0.0
2026-08-20,Humira,11.5,03:06:23,2,8,41.37
2026-08-20,Humira,9.71,03:06:53,2,8,41.38
2026-08-20,Humira,12.23,03:07:23,2,8,41.39
2026-08-20,Humira,11.18,03:07:53,2,8,41.41
2026-08-20,Humira,12.92,03:08:23,2,8,41.42
2026-08-20,Humira,3.52,03:08:53,2,8,0.0
2026-08-20,Humira,16.55,03:09:23,2,8,41.44
2026-08-20,Humira,6.06,03:09:53,2,8,0.0
2026-08-20,Humira,14.44,03:10:23,2,8,41.46
2026-08-20,Humira,15.17,03:10:53,2,8,41.47
2026-08-20,Humira,12.13,03:11:23,2,8,41.48
2026-08-20,Humira,13.78,03:11:53,2,8,41.49
2026-08-20,Humira,4.06,03:12:23,2,8,0.0
2026-08-20,Humira,2.91,03:12:53,2,8,0.0
2026-08-20,Humira,16.26,03:13:23,2,8,41.52
2026-08-20,Humira,9.86,03:13:53,2,8,41.54
2026-08-20,Humira,3.3,03:14:23,2,8,0.0
2026-08-20,Humira,10.52,03:14:53,2,8,41.56
2026-08-20,Humira,11.96,03:15:23,2,8,41.57
2026-08-20,Humira,12.19,03:15:53,2,8,41.58
2026-08-20,Humira,7.14,03:16:23,2,8,0.0
2026-08-20,Humira,12.28,03:16:53,2,8,41.6
2026-08-20,Humira,12.93,03:17:23,2,8,41.61
2026-08-20,Humira,4.28,03:17:53,2,8,0.0
2026-08-20,Humira,13.88,03:18:23,2,8,41.63
2026-08-20,Humira,3.03,03:18:53,2,8,0.0
2026-08-20,Humira,10.07,03:19:23,2,8,41.65
2026-08-20,Humira,15.95,03:19:53,2,8,41.66
2026-08-20,Humira,5.64,03:20:23,2,8,0.0
2026-08-20,Humira,15.13,03:20:53,2,8,41.69
2026-08-20,Humira,16.68,03:21:23,2,8,41.7
2026-08-20,Humira,5.58,03:21:53,2,8,0.0
2026-08-20,Humira,11.15,03:22:23,2,8,41.72
2026-08-20,Humira,6.45,03:22:53,2,8,0.0
2026-08-20,Humira,11.7,03:23:23,2,8,41.74
2026-08-20,Humira,17.33,03:23:53,2,8,41.75
2026-08-20,Humira,12.7,03:24:23,2,8,41.76
2026-08-20,Humira,7.62,03:24:53,2,8,0.0
2026-08-20,Humira,2.18,03:25:23,2,8,0.0
2026-08-20,Humira,9.51,03:25:53,2,8,41.8
2026-08-20,Humira,5.77,03:26:23,2,8,0.0
2026-08-20,Humira,4.67,03:26:53,2,8,0.0
2026-08-20,Humira,2.45,03:27:23,2,8,0.0
2026-08-20,Humira,5.53,03:27:53,2,8,0.0
2026-08-20,Humira,9.28,03:28:23,2,8,41.85
2026-08-20,Humira,11.21,03:28:53,2,8,41.86
2026-08-20,Humira,11.63,03:29:23,2,8,41.87
2026-08-20,Humira,15.74,03:29:53,2,8,41.88
2026-08-20,Humira,6.45,03:30:23,2,8,0.0
2026-08-20,Humira,14.3,03:30:53,2,8,41.9
2026-08-20,Humira,6.3,03:31:23,2,8,0.0
2026-08-20,Humira,5.24,03:31:53,2,8,0.0
2026-08-20,Humira,10.26,03:32:23,2,8,41.94
2026-08-20,Humira,9.72,03:32:53,2,8,41.95
2026-08-20,Humira,11.52,03:33:23,2,8,41.96
2026-08-20,Humira,16.91,03:33:53,2,8,41.97
2026-08-20,Humira,6.55,03:34:23,2,8,0.0
2026-08-20,Humira,12.0,03:34:53,2,8,41.99
2026-08-20,Humira,12.19,03:35:23,2,8,42.0
2026-08-20,Humira,6.5,03:35:53,2,8,0.0
2026-08-20,Humira,2.36,03:36:23,2,8,0.0
2026-08-20,Humira,16.81,03:36:53,2,8,42.03
2026-08-20,Humira,13.72,03:37:23,2,8,42.04
2026-08-20,Humira,11.44,03:37:53,2,8,42.06
2026-08-20,Humira,2.78,03:38:23,2,8,0.0
2026-08-20,Humira,11.36,03:38:53,2,8,42.08
2026-08-20,Humira,13.61,03:39:23,2,8,42.09
2026-08-20,Humira,13.21,03:39:53,2,8,42.1
2026-08-20,Humira,17.98,03:40:23,2,8,42.11
2026-08-20,Humira,12.16,03:40:53,2,8,42.12
2026-08-20,Humira,3.97,03:41:23,2,8,0.0
2026-08-20,Humira,13.27,03:41:53,2,8,42.14
2026-08-20,Humira,11.3,03:42:23,2,8,42.15
2026-08-20,Humira,12.4,03:42:53,2,8,42.16
2026-08-20,Humira,16.81,03:43:23,2,8,42.17
2026-08-20,Humira,6.16,03:43:53,2,8,0.0
2026-08-20,Humira,2.69,03:44:23,2,8,0.0
2026-08-20,Humira,3.44,03:44:53,2,8,0.0
2026-08-20,Humira,5.52,03:45:23,2,8,0.0
2026-08-20,Humira,10.36,03:45:53,2,8,42.23
2026-08-20,Humira,11.18,03:46:23,2,8,42.24
2026-08-20,Humira,17.78,03:46:53,2,8,42.25
2026-08-20,Humira,8.0,03:47:23,2,8,0.0
2026-08-20,Humira,6.45,03:47:53,2,8,0.0
2026-08-20,Humira,10.25,03:48:23,2,8,42.28
2026-08-20,Humira,10.32,03:48:53,2,8,42.29
2026-08-20,Humira,16.68,03:49:23,2,8,42.3
2026-08-20,Humira,7.23,03:49:53,2,8,0.0
2026-08-20,Humira,3.39,03:50:23,2,8,0.0
2026-08-20,Humira,7.52,03:50:53,2,8,0.0
2026-08-20,Humira,9.39,03:51:23,2,8,42.35
2026-08-20,Humira,4.98,03:51:53,2,8,0.0
2026-08-20,Humira,2.45,03:52:23,2,8,0.0
2026-08-20,Humira,9.67,03:52:53,2,8,42.38
2026-08-20,Humira,7.04,03:53:23,2,8,0.0
2026-08-20,Humira,2.42,03:53:53,2,8,0.0
2026-08-20,Humira,6.48,03:54:23,2,8,0.0
2026-08-20,Humira,13.48,03:54:53,2,8,42.42
2026-08-20,Humira,6.58,03:55:23,2,8,0.0
2026-08-20,Humira,14.18,03:55:53,2,8,42.45
2026-08-20,Humira,13.99,03:56:23,2,8,42.46
2026-08-20,Humira,15.1,03:56:53,2,8,42.47
2026-08-20,Humira,2.14,03:57:23,2,8,0.0
2026-08-20,Humira,14.75,03:57:53,2,8,42.49
2026-08-20,Humira,10.23,03:58:23,2,8,42.5
2026-08-20,Humira,13.45,03:58:53,2,8,42.51
2026-08-20,Humira,2.17,03:59:23,2,8,0.0
2026-08-20,Humira,3.02,03:59:53,2,8,0.0
2026-08-20,Humira,13.8,04:00:23,2,8,42.54
2026-08-20,Humira,17.95,04:00:53,2,8,42.55
2026-08-20,Humira,14.7,04:01:23,2,8,42.56
2026-08-20,Humira,6.11,04:01:53,2,8,0.0
2026-08-20,Humira,13.78,04:02:23,2,8,42.59
2026-08-20,Humira,2.59,04:02:53,2,8,0.0
2026-08-20,Humira,13.64,04:03:23,2,8,42.61
2026-08-20,Humira,13.72,04:03:53,2,8,42.62
2026-08-20,Humira,7.13,04:04:23,2,8,0.0
2026-08-20,Humira,5.05,04:04:53,2,8,0.0
2026-08-20,Humira,9.72,04:05:23,2,8,42.65
2026-08-20,Humira,13.13,04:05:53,2,8,42.66
2026-08-20,Humira,4.83,04:06:23,2,8,0.0
2026-08-20,Humira,7.08,04:06:53,2,8,0.0
2026-08-20,Humira,4.9,04:07:23,2,8,0.0
2026-08-20,Humira,2.51,04:07:53,2,8,0.0
2026-08-20,Humira,6.46,04:08:23,2,8,0.0
2026-08-20,Humira,4.97,04:08:53,2,8,0.0
2026-08-20,Humira,14.2,04:09:23,2,8,42.74
2026-08-20,Humira,13.33,04:09:53,2,8,42.75
2026-08-20,Humira,10.82,04:10:23,2,8,42.76
2026-08-20,Humira,5.09,04:10:53,2,8,0.0
2026-08-20,Humira,14.05,04:11:23,2,8,42.78
2026-08-20,Humira,2.63,04:11:53,2,8,0.0
2026-08-20,Humira,2.58,04:12:23,2,8,0.0
2026-08-20,Humira,3.39,04:12:53,2,8,0.0
2026-08-20,Humira,2.13,04:13:23,2,8,0.0
2026-08-20,Humira,10.01,04:13:53,2,8,42.84
2026-08-20,Humira,7.06,04:14:23,2,8,0.0
2026-08-20,Humira,14.86,04:14:53,2,8,42.86
2026-08-20,Humira,16.06,04:15:23,2,8,42.87
2026-08-20,Humira,9.55,04:15:53,2,8,42.88
2026-08-20,Humira,15.85,04:16:23,2,8,42.89
2026-08-20,Humira,13.11,04:16:53,2,8,42.9
2026-08-20,Humira,12.15,04:17:23,2,8,42.91
2026-08-20,Humira,16.82,04:17:53,2,8,42.92
2026-08-20,Humira,16.92,04:18:23,2,8,42.93
2026-08-20,Humira,17.39,04:18:53,2,8,42.94
2026-08-20,Humira,7.25,04:19:23,2,8,0.0
2026-08-20,Humira,13.32,04:19:53,2,8,42.96
2026-08-20,Humira,13.71,04:20:23,2,8,42.98
2026-08-20,Humira,10.59,04:20:53,2,8,42.99
2026-08-20,Humira,14.48,04:21:23,2,8,43.0
2026-08-20,Humira,6.61,04:21:53,2,8,0.0
2026-08-20,Humira,14.34,04:22:23,2,8,43.02
2026-08-20,Humira,5.08,04:22:53,2,8,0.0
2026-08-20,Humira,11.23,04:23:23,2,8,43.04
2026-08-20,Humira,12.13,04:23:53,2,8,43.05
2026-08-20,Humira,12.91,04:24:23,2,8,43.06
2026-08-20,Humira,4.09,04:24:53,2,8,0.0
2026-08-20,Humira,10.77,04:25:23,2,8,43.08
2026-08-20,Humira,15.15,04:25:53,2,8,43.09
2026-08-20,Humira,5.06,04:26:23,2,8,0.0
2026-08-20,Humira,9.45,04:26:53,2,8,43.12
2026-08-20,Humira,2.34,04:27:23,2,8,0.0
2026-08-20,Humira,9.86,04:27:53,2,8,43.14
2026-08-20,Humira,7.42,04:28:23,2,8,0.0
2026-08-20,Humira,9.58,04:28:53,2,8,43.16
2026-08-20,Humira,16.23,04:29:23,2,8,43.17
2026-08-20,Humira,7.95,04:29:53,2,8,0.0
2026-08-20,Humira,5.43,04:30:23,2,8,0.0
2026-08-20,Humira,14.6,04:30:53,2,8,43.2
2026-08-20,Humira,9.9,04:31:23,2,8,43.21
2026-08-20,Humira,10.34,04:31:53,2,8,43.23
2026-08-20,Humira,13.6,04:32:23,2,8,43.24
2026-08-20,Humira,9.26,04:32:53,2,8,43.25
2026-08-20,Humira,3.53,04:33:23,2,8,0.0
2026-08-20,Humira,4.83,04:33:53,2,8,0.0
2026-08-20,Humira,12.51,04:34:23,2,8,43.28
2026-08-20,Humira,17.2,04:34:53,2,8,43.29
2026-08-20,Humira,12.5,04:35:23,2,8,43.3
2026-08-20,Humira,15.18,04:35:53,2,8,43.31
2026-08-20,Humira,17.68,04:36:23,2,8,43.32
2026-08-20,Humira,13.9,04:36:53,2,8,43.33
2026-08-20,Humira,11.57,04:37:23,2,8,43.34
2026-08-20,Humira,4.51,04:37:53,2,8,0.0
2026-08-20,Humira,14.8,04:38:23,2,8,43.37
2026-08-20,Humira,2.61,04:38:53,2,8,0.0
2026-08-20,Humira,16.14,04:39:23,2,8,43.39
2026-08-20,Humira,15.57,04:39:53,2,8,43.4
2026-08-20,Humira,15.09,04:40:23,2,8,43.41
2026-08-20,Humira,3.7,04:40:53,2,8,0.0
2026-08-20,Humira,17.55,04:41:23,2,8,43.43
2026-08-20,Humira,12.47,04:41:53,2,8,43.44
2026-08-20,Humira,10.12,04:42:23,2,8,43.45
2026-08-20,Humira,10.36,04:42:53,2,8,43.46
2026-08-20,Humira,4.46,04:43:23,2,8,0.0
2026-08-20,Humira,16.31,04:43:53,2,8,43.49
2026-08-20,Humira,16.44,04:44:23,2,8,43.5
2026-08-20,Humira,2.87,04:44:53,2,8,0.0
2026-08-20,Humira,7.74,04:45:23,2,8,0.0
2026-08-20,Humira,3.13,04:45:53,2,8,0.0
2026-08-20,Humira,10.72,04:46:23,2,8,43.54
2026-08-20,Humira,5.23,04:46:53,2,8,0.0
2026-08-20,Humira,15.5,04:47:23,2,8,43.56
2026-08-20,Humira,17.09,04:47:53,2,8,43.57
2026-08-20,Humira,6.95,04:48:23,2,8,0.0
2026-08-20,Humira,13.99,04:48:53,2,8,43.59
2026-08-20,Humira,2.85,04:49:23,2,8,0.0
2026-08-20,Humira,11.34,04:49:53,2,8,43.61
2026-08-20,Humira,13.02,04:50:23,2,8,43.63
2026-08-20,Humira,5.12,04:50:53,2,8,0.0
2026-08-20,Humira,11.61,04:51:23,2,8,43.65
2026-08-20,Humira,17.82,04:51:53,2,8,43.66
2026-08-20,Humira,2.04,04:52:23,2,8,0.0
2026-08-20,Humira,13.0,04:52:53,2,8,43.68
2026-08-20,Humira,14.58,04:53:23,2,8,43.69
2026-08-20,Humira,3.3,04:53:53,2,8,0.0
2026-08-20,Humira,9.84,04:54:23,2,8,43.71
2026-08-20,Humira,2.89,04:54:53,2,8,0.0
2026-08-20,Humira,6.04,04:55:23,2,8,0.0
2026-08-20,Humira,11.28,04:55:53,2,8,43.74
2026-08-20,Humira,10.94,04:56:23,2,8,43.76
2026-08-20,Humira,10.93,04:56:53,2,8,43.77
2026-08-20,Humira,16.59,04:57:23,2,8,43.78
2026-08-20,Humira,15.91,04:57:53,2,8,43.79
2026-08-20,Humira,11.52,04:58:23,2,8,43.8
2026-08-20,Humira,11.25,04:58:53,2,8,43.81
2026-08-20,Humira,2.3,04:59:23,2,8,0.0
2026-08-20,Humira,11.0,04:59:53,2,8,43.83
2026-08-20,Humira,13.44,05:00:23,2,8,43.84
2026-08-20,Humira,10.6,05:00:53,2,8,43.85
2026-08-20,Humira,12.09,05:01:23,2,8,43.86
2026-08-20,Humira,4.37,05:01:53,2,8,0.0
2026-08-20,Humira,11.51,05:02:23,2,8,43.89
2026-08-20,Humira,11.25,05:02:53,2,8,43.9
2026-08-20,Humira,14.62,05:03:23,2,8,43.91
2026-08-20,Humira,16.42,05:03:53,2,8,43.92
2026-08-20,Humira,17.08,05:04:23,2,8,43.93
2026-08-20,Humira,14.48,05:04:53,2,8,43.94
2026-08-20,Humira,14.78,05:05:23,2,8,43.95
2026-08-20,Humira,15.27,05:05:53,2,8,43.96
2026-08-20,Humira,2.89,05:06:23,2,8,0.0
2026-08-20,Humira,15.08,05:06:53,2,8,43.98
2026-08-20,Humira,16.15,05:07:23,2,8,43.99
2026-08-20,Humira,7.06,05:07:53,2,8,0.0
2026-08-20,Humira,5.65,05:08:23,2,8,0.0
2026-08-20,Humira,5.68,05:08:53,2,8,0.0
2026-08-20,Humira,11.3,05:09:23,2,8,44.04
2026-08-20,Humira,14.39,05:09:53,2,8,44.05
2026-08-20,Humira,17.43,05:10:23,2,8,44.06
2026-08-20,Humira,12.65,05:10:53,2,8,44.07
2026-08-20,Humira,12.48,05:11:23,2,8,44.08
2026-08-20,Humira,10.14,05:11:53,2,8,44.09
2026-08-20,Humira,2.17,05:12:23,2,8,0.0
2026-08-20,Humira,6.38,05:12:53,2,8,0.0
2026-08-20,Humira,12.68,05:13:23,2,8,44.12
2026-08-20,Humira,13.68,05:13:53,2,8,44.14
2026-08-20,Humira,13.1,05:14:23,2,8,44.15
2026-08-20,Humira,2.77,05:14:53,2,8,0.0
2026-08-20,Humira,17.09,05:15:23,2,8,44.17
2026-08-20,Humira,13.81,05:15:53,2,8,44.18
2026-08-20,Humira,5.02,05:16:23,2,8,0.0
2026-08-20,Humira,14.83,05:16:53,2,8,44.2
2026-08-20,Humira,7.24,05:17:23,2,8,0.0
2026-08-20,Humira,2.52,05:17:53,2,8,0.0
2026-08-20,Humira,14.66,05:18:23,2,8,44.23
2026-08-20,Humira,3.12,05:18:53,2,8,0.0
2026-08-20,Humira,13.95,05:19:23,2,8,44.25
2026-08-20,Humira,16.38,05:19:53,2,8,44.27
2026-08-20,Humira,11.94,05:20:23,2,8,44.28
2026-08-20,Humira,13.65,05:20:53,2,8,44.29
2026-08-20,Humira,17.15,05:21:23,2,8,44.3
2026-08-20,Humira,11.76,05:21:53,2,8,44.31
2026-08-20,Humira,2.52,05:22:23,2,8,0.0
2026-08-20,Humira,5.34,05:22:53,2,8,0.0
2026-08-20,Humira,3.64,05:23:23,2,8,0.0
2026-08-20,Humira,9.69,05:23:53,2,8,44.35
2026-08-20,Humira,12.33,05:24:23,2,8,44.36
2026-08-20,Humira,6.76,05:24:53,2,8,0.0
2026-08-20,Humira,14.95,05:25:23,2,8,44.38
2026-08-20,Humira,12.67,05:25:53,2,8,44.4
2026-08-20,Humira,7.48,05:26:23,2,8,0.0
2026-08-20,Humira,12.6,05:26:53,2,8,44.42
2026-08-20,Humira,11.82,05:27:23,2,8,44.43
2026-08-20,Humira,17.37,05:27:53,2,8,44.44
2026-08-20,Humira,13.53,05:28:23,2,8,44.45
2026-08-20,Humira,3.94,05:28:53,2,8,0.0
2026-08-20,Humira,3.43,05:29:23,2,8,0.0
2026-08-20,Humira,10.34,05:29:53,2,8,44.48
2026-08-20,Humira,11.61,05:30:23,2,8,44.49
2026-08-20,Humira,17.83,05:30:53,2,8,44.5
2026-08-20,Humira,3.91,05:31:23,2,8,0.0
2026-08-20,Humira,7.39,05:31:53,2,8,0.0
2026-08-20,Humira,11.09,05:32:23,2,8,44.54
2026-08-20,Humira,3.67,05:32:53,2,8,0.0
2026-08-20,Humira,14.06,05:33:23,2,8,44.56
2026-08-20,Humira,10.72,05:33:53,2,8,44.57
2026-08-20,Humira,17.52,05:34:23,2,8,44.58
2026-08-20,Humira,11.73,05:34:53,2,8,44.59
2026-08-20,Humira,11.95,05:35:23,2,8,44.6
2026-08-20,Humira,4.85,05:35:53,2,8,0.0
2026-08-20,Humira,2.08,05:36:23,2,8,0.0
2026-08-20,Humira,15.67,05:36:53,2,8,44.63
2026-08-20,Humira,17.08,05:37:23,2,8,44.64
2026-08-20,Humira,17.44,05:37:53,2,8,44.66
2026-08-20,Humira,3.79,05:38:23,2,8,0.0
2026-08-20,Humira,13.56,05:38:53,2,8,44.68
2026-08-20,Humira,14.94,05:39:23,2,8,44.69
2026-08-20,Humira,5.14,05:39:53,2,8,0.0
2026-08-20,Humira,2.84,05:40:23,2,8,0.0
2026-08-20,Humira,7.22,05:40:53,2,8,0.0
2026-08-20,Humira,4.04,05:41:23,2,8,0.0
2026-08-20,Humira,14.66,05:41:53,2,8,44.74
2026-08-20,Humira,6.06,05:42:23,2,8,0.0
2026-08-20,Humira,17.84,05:42:53,2,8,44.76
2026-08-20,Humira,10.59,05:43:23,2,8,44.77
2026-08-20,Humira,11.14,05:43:53,2,8,44.79
2026-08-20,Humira,12.3,05:44:23,2,8,44.8
2026-08-20,Humira,17.52,05:44:53,2,8,44.81
2026-08-20,Humira,15.1,05:45:23,2,8,44.82
2026-08-20,Humira,15.61,05:45:53,2,8,44.83
2026-08-20,Humira,10.21,05:46:23,2,8,44.84
2026-08-20,Humira,4.11,05:46:53,2,8,0.0
2026-08-20,Humira,2.32,05:47:23,2,8,0.0
2026-08-20,Humira,6.96,05:47:53,2,8,0.0
2026-08-20,Humira,9.66,05:48:23,2,8,44.88
2026-08-20,Humira,2.77,05:48:53,2,8,0.0
2026-08-20,Humira,3.85,05:49:23,2,8,0.0
2026-08-20,Humira,12.44,05:49:53,2,8,44.91
2026-08-20,Humira,10.34,05:50:23,2,8,44.93
2026-08-20,Humira,16.62,05:50:53,2,8,44.94
2026-08-20,Humira,5.32,05:51:23,2,8,0.0
2026-08-20,Humira,14.28,05:51:53,2,8,44.96
2026-08-20,Humira,12.1,05:52:23,2,8,44.97
2026-08-20,Humira,3.23,05:52:53,2,8,0.0
2026-08-20,Humira,9.3,05:53:23,2,8,44.99
2026-08-20,Humira,6.86,05:53:53,2,8,0.0
2026-08-20,Humira,11.37,05:54:23,2,8,45.01
2026-08-20,Humira,12.58,05:54:53,2,8,45.02
2026-08-20,Humira,16.41,05:55:23,2,8,45.03
2026-08-20,Humira,14.07,05:55:53,2,8,45.05
2026-08-20,Humira,3.55,05:56:23,2,8,0.0
2026-08-20,Humira,6.35,05:56:53,2,8,0.0
2026-08-20,Humira,7.51,05:57:23,2,8,0.0
2026-08-20,Humira,14.42,05:57:53,2,8,45.09
2026-08-20,Humira,14.16,05:58:23,2,8,45.1
2026-08-20,Humira,9.33,05:58:53,2,8,45.11
2026-08-20,Humira,5.13,05:59:23,2,8,0.0
2026-08-20,Humira,15.72,05:59:53,2,8,45.13
2026-08-20,Humira,9.75,06:00:23,2,8,45.14
2026-08-20,Humira,10.15,06:00:53,2,8,45.15
2026-08-20,Humira,3.94,06:01:23,2,8,0.0
2026-08-20,Humira,3.07,06:01:53,2,8,0.0
2026-08-20,Humira,5.2,06:02:23,2,8,0.0
2026-08-20,Humira,11.06,06:02:53,2,8,45.2
2026-08-20,Humira,16.16,06:03:23,2,8,45.21
2026-08-20,Humira,10.68,06:03:53,2,8,45.22
2026-08-20,Humira,9.03,06:04:23,2,8,45.23
2026-08-20,Humira,10.08,06:04:53,2,8,45.24
2026-08-20,Humira,13.45,06:05:23,2,8,45.25
2026-08-20,Humira,6.83,06:05:53,2,8,0.0
2026-08-20,Humira,5.82,06:06:23,2,8,0.0
2026-08-20,Humira,9.1,06:06:53,2,8,45.28
2026-08-20,Humira,2.02,06:07:23,2,8,0.0
2026-08-20,Humira,4.8,06:07:53,2,8,0.0
2026-08-20,Humira,5.25,06:08:23,2,8,0.0
2026-08-20,Humira,11.41,06:08:53,2,8,45.33
2026-08-20,Humira,16.0,06:09:23,2,8,45.34
2026-08-20,Humira,14.58,06:09:53,2,8,45.35
2026-08-20,Humira,7.46,06:10:23,2,8,0.0
2026-08-20,Humira,9.9,06:10:53,2,8,45.37
2026-08-20,Humira,9.4,06:11:23,2,8,45.38
2026-08-20,Humira,12.46,06:11:53,2,8,45.39
2026-08-20,Humira,3.38,06:12:23,2,8,0.0
2026-08-20,Humira,12.08,06:12:53,2,8,45.41
2026-08-20,Humira,7.22,06:13:23,2,8,0.0
2026-08-20,Humira,6.61,06:13:53,2,8,0.0
2026-08-20,Humira,3.43,06:14:23,2,8,0.0
2026-08-20,Humira,5.27,06:14:53,2,8,0.0
2026-08-20,Humira,13.1,06:15:23,2,8,45.47
2026-08-20,Humira,4.59,06:15:53,2,8,0.0
2026-08-20,Humira,11.47,06:16:23,2,8,45.49
2026-08-20,Humira,7.97,06:16:53,2,8,0.0
2026-08-20,Humira,12.52,06:17:23,2,8,45.51
2026-08-20,Humira,6.53,06:17:53,2,8,0.0
2026-08-20,Humira,4.12,06:18:23,2,8,0.0
2026-08-20,Humira,2.62,06:18:53,2,8,0.0
2026-08-20,Humira,14.79,06:19:23,2,8,45.55
2026-08-20,Humira,15.31,06:19:53,2,8,45.56
2026-08-20,Humira,14.91,06:20:23,2,8,45.58
2026-08-20,Humira,2.45,06:20:53,2,8,0.0
2026-08-20,Humira,6.89,06:21:23,2,8,0.0
2026-08-20,Humira,11.22,06:21:53,2,8,45.61
2026-08-20,Humira,3.0,06:22:23,2,8,0.0
2026-08-20,Humira,11.59,06:22:53,2,8,45.63
2026-08-20,Humira,4.41,06:23:23,2,8,0.0
2026-08-20,Humira,3.36,06:23:53,2,8,0.0
2026-08-20,Humira,12.08,06:24:23,2,8,45.66
2026-08-20,Humira,5.64,06:24:53,2,8,0.0
2026-08-20,Humira,13.89,06:25:23,2,8,45.68
2026-08-20,Humira,14.54,06:25:53,2,8,45.7
2026-08-20,Humira,14.24,06:26:23,2,8,45.71
2026-08-20,Humira,5.63,06:26:53,2,8,0.0
2026-08-20,Humira,2.55,06:27:23,2,8,0.0
2026-08-20,Humira,6.6,06:27:53,2,8,0.0
2026-08-20,Humira,15.37,06:28:23,2,8,45.75
2026-08-20,Humira,12.36,06:28:53,2,8,45.76
2026-08-20,Humira,13.33,06:29:23,2,8,45.77
2026-08-20,Humira,17.8,06:29:53,2,8,45.78
2026-08-20,Humira,15.88,06:30:23,2,8,45.79
2026-08-20,Humira,5.72,06:30:53,2,8,0.0
2026-08-20,Humira,16.32,06:31:23,2,8,45.81
2026-08-20,Humira,2.18,06:31:53,2,8,0.0
2026-08-20,Humira,17.97,06:32:23,2,8,45.84
2026-08-20,Humira,15.73,06:32:53,2,8,45.85
2026-08-20,Humira,12.23,06:33:23,2,8,45.86
2026-08-20,Humira,3.09,06:33:53,2,8,0.0
2026-08-20,Humira,5.1,06:34:23,2,8,0.0
2026-08-20,Humira,9.85,06:34:53,2,8,45.89
2026-08-20,Humira,16.47,06:35:23,2,8,45.9
2026-08-20,Humira,3.62,06:35:53,2,8,0.0
2026-08-20,Humira,15.52,06:36:23,2,8,45.92
2026-08-20,Humira,3.68,06:36:53,2,8,0.0
2026-08-20,Humira,9.88,06:37:23,2,8,45.94
2026-08-20,Humira,16.08,06:37:53,2,8,45.96
2026-08-20,Humira,3.8,06:38:23,2,8,0.0
2026-08-20,Humira,3.72,06:38:53,2,8,0.0
2026-08-20,Humira,3.41,06:39:23,2,8,0.0
2026-08-20,Humira,6.21,06:39:53,2,8,0.0
2026-08-20,Humira,9.92,06:40:23,2,8,46.01
2026-08-20,Humira,12.85,06:40:53,2,8,46.02
2026-08-20,Humira,7.91,06:41:23,2,8,0.0
2026-08-20,Humira,9.75,06:41:53,2,8,46.04
2026-08-20,Humira,9.08,06:42:23,2,8,46.05
2026-08-20,Humira,7.54,06:42:53,2,8,0.0
2026-08-20,Humira,16.84,06:43:23,2,8,46.07
2026-08-20,Humira,16.29,06:43:53,2,8,46.09
2026-08-20,Humira,7.45,06:44:23,2,8,0.0
2026-08-20,Humira,6.68,06:44:53,2,8,0.0
2026-08-20,Humira,9.05,06:45:23,2,8,46.12
2026-08-20,Humira,2.17,06:45:53,2,8,0.0
2026-08-20,Humira,7.26,06:46:23,2,8,0.0
2026-08-20,Humira,15.88,06:46:53,2,8,46.15
2026-08-20,Humira,4.7,06:47:23,2,8,0.0
2026-08-20,Humira,17.2,06:47:53,2,8,46.17
2026-08-20,Humira,14.15,06:48:23,2,8,46.18
2026-08-20,Humira,16.69,06:48:53,2,8,46.19
2026-08-20,Humira,7.98,06:49:23,2,8,0.0
2026-08-20,Humira,10.42,06:49:53,2,8,46.21
2026-08-20,Humira,16.79,06:50:23,2,8,46.23
2026-08-20,Humira,11.54,06:50:53,2,8,46.24
2026-08-20,Humira,3.97,06:51:23,2,8,0.0
2026-08-20,Humira,2.12,06:51:53,2,8,0.0
2026-08-20,Humira,10.52,06:52:23,2,8,46.27
2026-08-20,Humira,9.82,06:52:53,2,8,46.28
2026-08-20,Humira,7.98,06:53:23,2,8,0.0
2026-08-20,Humira,12.39,06:53:53,2,8,46.3
2026-08-20,Humira,9.1,06:54:23,2,8,46.31
2026-08-20,Humira,14.83,06:54:53,2,8,46.32
2026-08-20,Humira,14.34,06:55:23,2,8,46.33
2026-08-20,Humira,3.28,06:55:53,2,8,0.0
2026-08-20,Humira,17.9,06:56:23,2,8,46.36
2026-08-20,Humira,16.28,06:56:53,2,8,46.37
2026-08-20,Humira,15.45,06:57:23,2,8,46.38
2026-08-20,Humira,13.19,06:57:53,2,8,46.39
2026-08-20,Humira,16.94,06:58:23,2,8,46.4
2026-08-20,Humira,11.55,06:58:53,2,8,46.41
2026-08-20,Humira,16.65,06:59:23,2,8,46.42
2026-08-20,Humira,12.65,06:59:53,2,8,46.43
2026-08-20,Humira,17.46,07:00:23,2,8,46.44
2026-08-20,Humira,13.67,07:00:53,2,8,46.45
2026-08-20,Humira,15.94,07:01:23,2,8,46.46
2026-08-20,Humira,2.52,07:01:53,2,8,0.0
2026-08-20,Humira,2.18,07:02:23,2,8,0.0
2026-08-20,Humira,15.89,07:02:53,2,8,46.5
2026-08-20,Humira,4.78,07:03:23,2,8,0.0
2026-08-20,Humira,15.29,07:03:53,2,8,46.52
2026-08-20,Humira,5.34,07:04:23,2,8,0.0
2026-08-20,Humira,9.98,07:04:53,2,8,46.54
2026-08-20,Humira,15.76,07:05:23,2,8,46.55
2026-08-20,Humira,7.01,07:05:53,2,8,0.0
2026-08-20,Humira,15.17,07:06:23,2,8,46.57
2026-08-20,Humira,3.96,07:06:53,2,8,0.0
2026-08-20,Humira,2.5,07:07:23,2,8,0.0
2026-08-20,Humira,7.17,07:07:53,2,8,0.0
2026-08-20,Humira,11.0,07:08:23,2,8,46.62
2026-08-20,Humira,2.7,07:08:53,2,8,0.0
2026-08-20,Humira,4.37,07:09:23,2,8,0.0
2026-08-20,Humira,15.01,07:09:53,2,8,46.65
2026-08-20,Humira,2.87,07:10:23,2,8,0.0
2026-08-20,Humira,13.25,07:10:53,2,8,46.67
2026-08-20,Humira,10.82,07:11:23,2,8,46.68
2026-08-20,Humira,5.55,07:11:53,2,8,0.0
2026-08-20,Humira,13.86,07:12:23,2,8,46.7
2026-08-20,Humira,2.17,07:12:53,2,8,0.0
2026-08-20,Humira,12.73,07:13:23,2,8,46.72
2026-08-20,Humira,7.79,07:13:53,2,8,0.0
2026-08-20,Humira,10.63,07:14:23,2,8,46.75
2026-08-20,Humira,11.78,07:14:53,2,8,46.76
2026-08-20,Humira,10.08,07:15:23,2,8,46.77
2026-08-20,Humira,2.36,07:15:53,2,8,0.0
2026-08-20,Humira,4.28,07:16:23,2,8,0.0
2026-08-20,Humira,16.74,07:16:53,2,8,46.8
2026-08-20,Humira,10.21,07:17:23,2,8,46.81
2026-08-20,Humira,11.75,07:17:53,2,8,46.82
2026-08-20,Humira,13.85,07:18:23,2,8,46.83
2026-08-20,Humira,16.72,07:18:53,2,8,46.84
2026-08-20,Humira,7.02,07:19:23,2,8,0.0
2026-08-20,Humira,13.38,07:19:53,2,8,46.86
2026-08-20,Humira,12.93,07:20:23,2,8,46.88
2026-08-20,Humira,15.19,07:20:53,2,8,46.89
2026-08-20,Humira,7.91,07:21:23,2,8,0.0
2026-08-20,Humira,6.26,07:21:53,2,8,0.0
2026-08-20,Humira,3.5,07:22:23,2,8,0.0
2026-08-20,Humira,12.69,07:22:53,2,8,46.93
2026-08-20,Humira,17.64,07:23:23,2,8,46.94
2026-08-20,Humira,12.52,07:23:53,2,8,46.95
2026-08-20,Humira,6.32,07:24:23,2,8,0.0
2026-08-20,Humira,16.26,07:24:53,2,8,46.97
2026-08-20,Humira,16.26,07:25:23,2,8,46.98
2026-08-20,Humira,14.53,07:25:53,2,8,46.99
2026-08-20,Humira,4.34,07:26:23,2,8,0.0
2026-08-20,Humira,17.71,07:26:53,2,8,47.02
2026-08-20,Humira,16.29,07:27:23,2,8,47.03
2026-08-20,Humira,17.72,07:27:53,2,8,47.04
2026-08-20,Humira,14.38,07:28:23,2,8,47.05
2026-08-20,Humira,3.98,07:28:53,2,8,0.0
2026-08-20,Humira,15.95,07:29:23,2,8,47.07
2026-08-20,Humira,6.74,07:29:53,2,8,0.0
2026-08-20,Humira,16.85,07:30:23,2,8,47.09
2026-08-20,Humira,11.69,07:30:53,2,8,47.1
2026-08-20,Humira,17.38,07:31:23,2,8,47.11
2026-08-20,Humira,10.44,07:31:53,2,8,47.12
2026-08-20,Humira,10.89,07:32:23,2,8,47.14
2026-08-20,Humira,14.11,07:32:53,2,8,47.15
2026-08-20,Humira,13.98,07:33:23,2,8,47.16
2026-08-20,Humira,9.33,07:33:53,2,8,47.17
2026-08-20,Humira,6.75,07:34:23,2,8,0.0
2026-08-20,Humira,5.36,07:34:53,2,8,0.0
2026-08-20,Humira,17.68,07:35:23,2,8,47.2
2026-08-20,Humira,15.38,07:35:53,2,8,47.21
2026-08-20,Humira,2.57,07:36:23,2,8,0.0
2026-08-20,Humira,4.2,07:36:53,2,8,0.0
2026-08-20,Humira,4.08,07:37:23,2,8,0.0
2026-08-20,Humira,16.23,07:37:53,2,8,47.26
2026-08-20,Humira,15.82,07:38:23,2,8,47.27
2026-08-20,Humira,13.96,07:38:53,2,8,47.28
2026-08-20,Humira,6.8,07:39:23,2,8,0.0
2026-08-20,Humira,3.67,07:39:53,2,8,0.0
2026-08-20,Humira,11.7,07:40:23,2,8,47.31
2026-08-20,Humira,3.45,07:40:53,2,8,0.0
2026-08-20,Humira,17.26,07:41:23,2,8,47.33
2026-08-20,Humira,17.8,07:41:53,2,8,47.34
2026-08-20,Humira,11.11,07:42:23,2,8,47.35
2026-08-20,Humira,11.56,07:42:53,2,8,47.36
2026-08-20,Humira,10.96,07:43:23,2,8,47.37
2026-08-20,Humira,16.8,07:43:53,2,8,47.39
2026-08-20,Humira,16.24,07:44:23,2,8,47.4
2026-08-20,Humira,10.4,07:44:53,2,8,47.41
2026-08-20,Humira,17.54,07:45:23,2,8,47.42
2026-08-20,Humira,5.32,07:45:53,2,8,0.0
2026-08-20,Humira,14.81,07:46:23,2,8,47.44
2026-08-20,Humira,11.74,07:46:53,2,8,47.45
2026-08-20,Humira,2.57,07:47:23,2,8,0.0
2026-08-20,Humira,3.37,07:47:53,2,8,0.0
2026-08-20,Humira,17.78,07:48:23,2,8,47.48
2026-08-20,Humira,3.4,07:48:53,2,8,0.0
2026-08-20,Humira,11.44,07:49:23,2,8,47.5
2026-08-20,Humira,2.02,07:49:53,2,8,0.0
2026-08-20,Humira,4.12,07:50:23,2,8,0.0
2026-08-20,Humira,15.42,07:50:53,2,8,47.54
2026-08-20,Humira,14.86,07:51:23,2,8,47.55
2026-08-20,Humira,7.22,07:51:53,2,8,0.0
2026-08-20,Humira,14.89,07:52:23,2,8,47.57
2026-08-20,Humira,15.26,07:52:53,2,8,47.58
2026-08-20,Humira,5.05,07:53:23,2,8,0.0
2026-08-20,Humira,4.91,07:53:53,2,8,0.0
2026-08-20,Humira,16.0,07:54:23,2,8,47.61
2026-08-20,Humira,10.33,07:54:53,2,8,47.62
2026-08-20,Humira,3.35,07:55:23,2,8,0.0
2026-08-20,Humira,2.2,07:55:53,2,8,0.0
2026-08-20,Humira,10.55,07:56:23,2,8,47.66
2026-08-20,Humira,15.84,07:56:53,2,8,47.67
2026-08-20,Humira,12.61,07:57:23,2,8,47.68
2026-08-20,Humira,2.47,07:57:53,2,8,0.0
2026-08-20,Humira,2.34,07:58:23,2,8,0.0
2026-08-20,Humira,13.16,07:58:53,2,8,47.71
2026-08-20,Humira,13.84,07:59:23,2,8,47.72
2026-08-20,Humira,9.38,07:59:53,2,8,47.73
2026-08-20,Humira,4.34,08:00:23,2,8,0.0
2026-08-20,Humira,16.41,08:00:53,2,8,47.75
2026-08-20,Humira,11.84,08:01:23,2,8,47.76
2026-08-20,Humira,16.91,08:01:53,2,8,47.77
2026-08-20,Humira,17.0,08:02:23,2,8,47.79
2026-08-20,Humira,17.08,08:02:53,2,8,47.8
2026-08-20,Humira,15.58,08:03:23,2,8,47.81
2026-08-20,Humira,2.65,08:03:53,2,8,0.0
2026-08-20,Humira,14.15,08:04:23,2,8,47.83
2026-08-20,Humira,10.96,08:04:53,2,8,47.84
2026-08-20,Humira,11.91,08:05:23,2,8,47.85
2026-08-20,Humira,11.96,08:05:53,2,8,47.86
2026-08-20,Humira,15.05,08:06:23,2,8,47.87
2026-08-20,Humira,16.86,08:06:53,2,8,47.88
2026-08-20,Humira,16.11,08:07:23,2,8,47.89
2026-08-20,Humira,5.85,08:07:53,2,8,0.0
2026-08-20,Humira,4.87,08:08:23,2,8,0.0
2026-08-20,Humira,2.94,08:08:53,2,8,0.0
2026-08-20,Humira,14.87,08:09:23,2,8,47.94
2026-08-20,Humira,7.7,08:09:53,2,8,0.0
2026-08-20,Humira,6.04,08:10:23,2,8,0.0
2026-08-20,Humira,12.39,08:10:53,2,8,47.97
2026-08-20,Humira,13.67,08:11:23,2,8,47.98
2026-08-20,Humira,14.53,08:11:53,2,8,47.99
2026-08-20,Humira,2.41,08:12:23,2,8,0.0
2026-08-20,Humira,2.97,08:12:53,2,8,0.0
2026-08-20,Humira,10.8,08:13:23,2,8,48.02
2026-08-20,Humira,13.4,08:13:53,2,8,48.04
2026-08-20,Humira,7.08,08:14:23,2,8,0.0
2026-08-20,Humira,7.31,08:14:53,2,8,0.0
2026-08-20,Humira,17.15,08:15:23,2,8,48.07
2026-08-20,Humira,14.92,08:15:53,2,8,48.08
2026-08-20,Humira,9.22,08:16:23,2,8,48.09
2026-08-20,Humira,4.38,08:16:53,2,8,0.0
2026-08-20,Humira,10.84,08:17:23,2,8,48.11
2026-08-20,Humira,17.67,08:17:53,2,8,48.12
2026-08-20,Humira,16.07,08:18:23,2,8,48.13
2026-08-20,Humira,17.37,08:18:53,2,8,48.14
2026-08-20,Humira,11.26,08:19:23,2,8,48.15
2026-08-20,Humira,14.69,08:19:53,2,8,48.16
2026-08-20,Humira,10.19,08:20:23,2,8,48.18
2026-08-20,Humira,16.88,08:20:53,2,8,48.19
2026-08-20,Humira,10.48,08:21:23,2,8,48.2
2026-08-20,Humira,4.33,08:21:53,2,8,0.0
2026-08-20,Humira,14.08,08:22:23,2,8,48.22
2026-08-20,Humira,10.6,08:22:53,2,8,48.23
2026-08-20,Humira,12.51,08:23:23,2,8,48.24
2026-08-20,Humira,11.13,08:23:53,2,8,48.25
2026-08-20,Humira,16.82,08:24:23,2,8,48.26
2026-08-20,Humira,16.99,08:24:53,2,8,48.27
2026-08-20,Humira,6.01,08:25:23,2,8,0.0
2026-08-20,Humira,14.62,08:25:53,2,8,48.3
2026-08-20,Humira,14.11,08:26:23,2,8,48.31
2026-08-20,Humira,6.64,08:26:53,2,8,0.0
2026-08-20,Humira,2.38,08:27:23,2,8,0.0
2026-08-20,Humira,3.55,08:27:53,2,8,0.0
2026-08-20,Humira,4.09,08:28:23,2,8,0.0
2026-08-20,Humira,11.37,08:28:53,2,8,48.36
2026-08-20,Humira,9.69,08:29:23,2,8,48.37
2026-08-20,Humira,2.31,08:29:53,2,8,0.0
2026-08-20,Humira,14.87,08:30:23,2,8,48.39
2026-08-20,Humira,4.5,08:30:53,2,8,0.0
2026-08-20,Humira,2.49,08:31:23,2,8,0.0
2026-08-20,Humira,11.18,08:31:53,2,8,48.43
2026-08-20,Humira,16.07,08:32:23,2,8,48.44
2026-08-20,Humira,16.82,08:32:53,2,8,48.45
2026-08-20,Humira,10.13,08:33:23,2,8,48.46
2026-08-20,Humira,7.39,08:33:53,2,8,0.0
2026-08-20,Humira,16.43,08:34:23,2,8,48.48
2026-08-20,Humira,9.79,08:34:53,2,8,48.49
2026-08-20,Humira,13.18,08:35:23,2,8,48.5
2026-08-20,Humira,11.68,08:35:53,2,8,48.51
2026-08-20,Humira,13.45,08:36:23,2,8,48.52
2026-08-20,Humira,12.66,08:36:53,2,8,48.53
2026-08-20,Humira,5.68,08:37:23,2,8,0.0
2026-08-20,Humira,11.98,08:37:53,2,8,48.56
2026-08-20,Humira,3.32,08:38:23,2,8,0.0
2026-08-20,Humira,12.4,08:38:53,2,8,48.58
2026-08-20,Humira,17.51,08:39:23,2,8,48.59
2026-08-20,Humira,6.83,08:39:53,2,8,0.0
2026-08-20,Humira,2.59,08:40:23,2,8,0.0
2026-08-20,Humira,9.5,08:40:53,2,8,48.62
2026-08-20,Humira,11.68,08:41:23,2,8,48.63
2026-08-20,Humira,13.78,08:41:53,2,8,48.64
2026-08-20,Humira,2.51,08:42:23,2,8,0.0
2026-08-20,Humira,4.48,08:42:53,2,8,0.0
2026-08-20,Humira,13.52,08:43:23,2,8,48.67
2026-08-20,Humira,12.46,08:43:53,2,8,48.69
2026-08-20,Humira,2.32,08:44:23,2,8,0.0
2026-08-20,Humira,15.0,08:44:53,2,8,48.71
2026-08-20,Humira,9.25,08:45:23,2,8,48.72
2026-08-20,Humira,11.61,08:45:53,2,8,48.73
2026-08-20,Humira,13.12,08:46:23,2,8,48.74
2026-08-20,Humira,2.95,08:46:53,2,8,0.0
2026-08-20,Humira,7.92,08:47:23,2,8,0.0
2026-08-20,Humira,3.04,08:47:53,2,8,0.0
2026-08-20,Humira,15.62,08:48:23,2,8,48.78
2026-08-20,Humira,10.62,08:48:53,2,8,48.79
2026-08-20,Humira,13.67,08:49:23,2,8,48.8
2026-08-20,Humira,9.34,08:49:53,2,8,48.81
2026-08-20,Humira,12.67,08:50:23,2,8,48.83
2026-08-20,Humira,3.42,08:50:53,2,8,0.0
2026-08-20,Humira,5.48,08:51:23,2,8,0.0
2026-08-20,Humira,17.9,08:51:53,2,8,48.86
2026-08-20,Humira,9.02,08:52:23,2,8,48.87
2026-08-20,Humira,6.26,08:52:53,2,8,0.0
2026-08-20,Humira,16.93,08:53:23,2,8,48.89
2026-08-20,Humira,10.75,08:53:53,2,8,48.9
2026-08-20,Humira,12.0,08:54:23,2,8,48.91
2026-08-20,Humira,12.97,08:54:53,2,8,48.92
2026-08-20,Humira,7.65,08:55:23,2,8,0.0
2026-08-20,Humira,14.89,08:55:53,2,8,48.95
2026-08-20,Humira,14.87,08:56:23,2,8,48.96
2026-08-20,Humira,12.12,08:56:53,2,8,48.97
2026-08-20,Humira,2.48,08:57:23,2,8,0.0
2026-08-20,Humira,14.21,08:57:53,2,8,48.99
2026-08-20,Humira,12.64,08:58:23,2,8,49.0
2026-08-20,Humira,2.99,08:58:53,2,8,0.0
2026-08-20,Humira,13.94,08:59:23,2,8,49.02
2026-08-20,Humira,13.2,08:59:53,2,8,49.03
2026-08-20,Humira,16.68,09:00:23,2,8,49.04
2026-08-20,Humira,17.16,09:00:53,2,8,49.05
2026-08-20,Humira,17.77,09:01:23,2,8,49.06
2026-08-20,Humira,6.76,09:01:53,2,8,0.0
2026-08-20,Humira,17.02,09:02:23,2,8,49.09
2026-08-20,Humira,9.72,09:02:53,2,8,49.1
2026-08-20,Humira,7.95,09:03:23,2,8,0.0
2026-08-20,Humira,12.92,09:03:53,2,8,49.12
2026-08-20,Humira,15.21,09:04:23,2,8,49.13
2026-08-20,Humira,2.7,09:04:53,2,8,0.0
2026-08-20,Humira,3.8,09:05:23,2,8,0.0
2026-08-20,Humira,7.17,09:05:53,2,8,0.0
2026-08-20,Humira,13.12,09:06:23,2,8,49.17
2026-08-20,Humira,15.12,09:06:53,2,8,49.18
2026-08-20,Humira,6.1,09:07:23,2,8,0.0
2026-08-20,Humira,3.14,09:07:53,2,8,0.0
2026-08-20,Humira,14.05,09:08:23,2,8,49.22
2026-08-20,Humira,5.79,09:08:53,2,8,0.0
2026-08-20,Humira,13.42,09:09:23,2,8,49.24
2026-08-20,Humira,3.56,09:09:53,2,8,0.0
2026-08-20,Humira,13.55,09:10:23,2,8,49.26
2026-08-20,Humira,17.09,09:10:53,2,8,49.27
2026-08-20,Humira,17.91,09:11:23,2,8,49.28
2026-08-20,Humira,2.02,09:11:53,2,8,0.0
2026-08-20,Humira,15.1,09:12:23,2,8,49.3
2026-08-20,Humira,5.06,09:12:53,2,8,0.0
2026-08-20,Humira,9.48,09:13:23,2,8,49.32
2026-08-20,Humira,16.45,09:13:53,2,8,49.34
2026-08-20,Humira,14.82,09:14:23,2,8,49.35
2026-08-20,Humira,9.45,09:14:53,2,8,49.36
2026-08-20,Humira,11.79,09:15:23,2,8,49.37
2026-08-20,Humira,17.65,09:15:53,2,8,49.38
2026-08-20,Humira,16.43,09:16:23,2,8,49.39
2026-08-20,Humira,3.7,09:16:53,2,8,0.0
2026-08-20,Humira,9.65,09:17:23,2,8,49.41
2026-08-20,Humira,15.66,09:17:53,2,8,49.42
2026-08-20,Humira,4.37,09:18:23,2,8,0.0
2026-08-20,Humira,2.28,09:18:53,2,8,0.0
2026-08-20,Humira,17.15,09:19:23,2,8,49.45
2026-08-20,Humira,9.99,09:19:53,2,8,49.46
2026-08-20,Humira,3.85,09:20:23,2,8,0.0
2026-08-20,Humira,15.01,09:20:53,2,8,49.49
2026-08-20,Humira,6.14,09:21:23,2,8,0.0
2026-08-20,Humira,7.41,09:21:53,2,8,0.0
2026-08-20,Humira,6.31,09:22:23,2,8,0.0
2026-08-20,Humira,17.84,09:22:53,2,8,49.53
2026-08-20,Humira,2.01,09:23:23,2,8,0.0
2026-08-20,Humira,10.47,09:23:53,2,8,49.55
2026-08-20,Humira,14.49,09:24:23,2,8,49.56
2026-08-20,Humira,13.41,09:24:53,2,8,49.57
2026-08-20,Humira,3.05,09:25:23,2,8,0.0
2026-08-20,Humira,17.05,09:25:53,2,8,49.59
2026-08-20,Humira,5.44,09:26:23,2,8,0.0
2026-08-20,Humira,5.47,09:26:53,2,8,0.0
2026-08-20,Humira,12.53,09:27:23,2,8,49.63
2026-08-20,Humira,17.03,09:27:53,2,8,49.64
2026-08-20,Humira,10.84,09:28:23,2,8,49.65
2026-08-20,Humira,13.12,09:28:53,2,8,49.66
2026-08-20,Humira,17.87,09:29:23,2,8,49.67
2026-08-20,Humira,15.35,09:29:53,2,8,49.68
2026-08-20,Humira,17.42,09:30:23,2,8,49.69
2026-08-20,Humira,13.41,09:30:53,2,8,49.7
2026-08-20,Humira,6.02,09:31:23,2,8,0.0
2026-08-20,Humira,16.46,09:31:53,2,8,49.73
2026-08-20,Humira,14.23,09:32:23,2,8,49.74
2026-08-20,Humira,5.26,09:32:53,2,8,0.0
2026-08-20,Humira,9.04,09:33:23,2,8,49.76
2026-08-20,Humira,16.81,09:33:53,2,8,49.77
2026-08-20,Humira,13.77,09:34:23,2,8,49.78
2026-08-20,Humira,7.1,09:34:53,2,8,0.0
2026-08-20,Humira,9.55,09:35:23,2,8,49.8
2026-08-20,Humira,16.26,09:35:53,2,8,49.81
2026-08-20,Humira,14.4,09:36:23,2,8,49.82
2026-08-20,Humira,17.99,09:36:53,2,8,49.83
2026-08-20,Humira,10.63,09:37:23,2,8,49.84
2026-08-20,Humira,4.08,09:37:53,2,8,0.0
2026-08-20,Humira,11.47,09:38:23,2,8,49.87
2026-08-20,Humira,3.28,09:38:53,2,8,0.0
2026-08-20,Humira,13.87,09:39:23,2,8,49.89
2026-08-20,Humira,9.56,09:39:53,2,8,49.9
2026-08-20,Humira,13.31,09:40:23,2,8,49.91
2026-08-20,Humira,17.4,09:40:53,2,8,49.92
2026-08-20,Humira,10.25,09:41:23,2,8,49.93
2026-08-20,Humira,9.67,09:41:53,2,8,49.94
2026-08-20,Humira,13.26,09:42:23,2,8,49.95
2026-08-20,Humira,13.69,09:42:53,2,8,49.96
2026-08-20,Humira,14.88,09:43:23,2,8,49.97
2026-08-20,Humira,4.09,09:43:53,2,8,0.0
2026-08-20,Humira,9.03,09:44:23,2,8,50.0
2026-08-20,Humira,9.96,09:44:53,2,8,50.01
2026-08-20,Humira,17.27,09:45:23,2,8,50.02
2026-08-20,Humira,13.81,09:45:53,2,8,50.03
2026-08-20,Humira,14.65,09:46:23,2,8,50.04
2026-08-20,Humira,11.36,09:46:53,2,8,50.05
2026-08-20,Humira,17.62,09:47:23,2,8,50.06
2026-08-20,Humira,4.64,09:47:53,2,8,0.0
2026-08-20,Humira,13.25,09:48:23,2,8,50.08
2026-08-20,Humira,2.39,09:48:53,2,8,0.0
2026-08-20,Humira,14.25,09:49:23,2,8,50.1
2026-08-20,Humira,15.74,09:49:53,2,8,50.11
2026-08-20,Humira,16.42,09:50:23,2,8,50.13
2026-08-20,Humira,10.34,09:50:53,2,8,50.14
2026-08-20,Humira,16.25,09:51:23,2,8,50.15
2026-08-20,Humira,14.89,09:51:53,2,8,50.16
2026-08-20,Humira,6.77,09:52:23,2,8,0.0
2026-08-20,Humira,4.52,09:52:53,2,8,0.0
2026-08-20,Humira,10.32,09:53:23,2,8,50.19
2026-08-20,Humira,6.69,09:53:53,2,8,0.0
2026-08-20,Humira,9.7,09:54:23,2,8,50.21
2026-08-20,Humira,9.86,09:54:53,2,8,50.22
2026-08-20,Humira,15.58,09:55:23,2,8,50.23
2026-08-20,Humira,6.92,09:55:53,2,8,0.0
2026-08-20,Humira,17.02,09:56:23,2,8,50.26
2026-08-20,Humira,7.01,09:56:53,2,8,0.0
2026-08-20,Humira,4.28,09:57:23,2,8,0.0
2026-08-20,Humira,16.02,09:57:53,2,8,50.29
2026-08-20,Humira,7.94,09:58:23,2,8,0.0
2026-08-20,Humira,11.83,09:58:53,2,8,50.31
2026-08-20,Humira,15.4,09:59:23,2,8,50.32
2026-08-20,Humira,17.33,09:59:53,2,8,50.33
2026-08-20,Humira,16.04,10:00:23,2,8,50.34
2026-08-20,Humira,9.83,10:00:53,2,8,50.35
2026-08-20,Humira,3.6,10:01:23,2,8,0.0
2026-08-20,Humira,9.7,10:01:53,2,8,50.38
2026-08-20,Humira,13.37,10:02:23,2,8,50.39
2026-08-20,Humira,2.58,10:02:53,2,8,0.0
2026-08-20,Humira,7.94,10:03:23,2,8,0.0
2026-08-20,Humira,9.65,10:03:53,2,8,50.42
2026-08-20,Humira,9.0,10:04:23,2,8,50.43
2026-08-20,Humira,6.9,10:04:53,2,8,0.0
2026-08-20,Humira,10.14,10:05:23,2,8,50.45
2026-08-20,Humira,6.33,10:05:53,2,8,0.0
2026-08-20,Humira,5.84,10:06:23,2,8,0.0
2026-08-20,Humira,9.3,10:06:53,2,8,50.48
2026-08-20,Humira,11.48,10:07:23,2,8,50.49
2026-08-20,Humira,12.83,10:07:53,2,8,50.51
2026-08-20,Humira,11.11,10:08:23,2,8,50.52
2026-08-20,Humira,7.6,10:08:53,2,8,0.0
2026-08-20,Humira,14.81,10:09:23,2,8,50.54
2026-08-20,Humira,6.82,10:09:53,2,8,0.0
2026-08-20,Humira,14.56,10:10:23,2,8,50.56
2026-08-20,Humira,15.28,10:10:53,2,8,50.57
2026-08-20,Humira,3.74,10:11:23,2,8,0.0
2026-08-20,Humira,17.59,10:11:53,2,8,50.59
2026-08-20,Humira,12.66,10:12:23,2,8,50.6
2026-08-20,Humira,12.43,10:12:53,2,8,50.61
2026-08-20,Humira,13.49,10:13:23,2,8,50.62
2026-08-20,Humira,6.54,10:13:53,2,8,0.0
2026-08-20,Humira,15.53,10:14:23,2,8,50.65
2026-08-20,Humira,3.99,10:14:53,2,8,0.0
2026-08-20,Humira,16.9,10:15:23,2,8,50.67
2026-08-20,Humira,6.7,10:15:53,2,8,0.0
2026-08-20,Humira,12.27,10:16:23,2,8,50.69
2026-08-20,Humira,11.33,10:16:53,2,8,50.7
2026-08-20,Humira,16.47,10:17:23,2,8,50.71
2026-08-20,Humira,11.86,10:17:53,2,8,50.72
2026-08-20,Humira,10.72,10:18:23,2,8,50.73
2026-08-20,Humira,16.98,10:18:53,2,8,50.74
2026-08-20,Humira,12.78,10:19:23,2,8,50.75
2026-08-20,Humira,3.69,10:19:53,2,8,0.0
2026-08-20,Humira,5.65,10:20:23,2,8,0.0
2026-08-20,Humira,13.86,10:20:53,2,8,50.79
2026-08-20,Humira,15.64,10:21:23,2,8,50.8
2026-08-20,Humira,12.49,10:21:53,2,8,50.81
2026-08-20,Humira,17.98,10:22:23,2,8,50.82
2026-08-20,Humira,14.71,10:22:53,2,8,50.83
2026-08-20,Humira,17.64,10:23:23,2,8,50.84
2026-08-20,Humira,5.58,10:23:53,2,8,0.0
2026-08-20,Humira,13.27,10:24:23,2,8,50.86
2026-08-20,Humira,10.57,10:24:53,2,8,50.87
2026-08-20,Humira,9.68,10:25:23,2,8,50.88
2026-08-20,Humira,4.18,10:25:53,2,8,0.0
2026-08-20,Humira,10.03,10:26:23,2,8,50.91
2026-08-20,Humira,6.57,10:26:53,2,8,0.0
2026-08-20,Humira,9.43,10:27:23,2,8,50.93
2026-08-20,Humira,13.86,10:27:53,2,8,50.94
2026-08-20,Humira,17.83,10:28:23,2,8,50.95
2026-08-20,Humira,3.2,10:28:53,2,8,0.0
2026-08-20,Humira,2.77,10:29:23,2,8,0.0
2026-08-20,Humira,14.96,10:29:53,2,8,50.98
2026-08-20,Humira,16.81,10:30:23,2,8,50.99
2026-08-20,Humira,6.98,10:30:53,2,8,0.0
2026-08-20,Humira,9.68,10:31:23,2,8,51.01
2026-08-20,Humira,11.18,10:31:53,2,8,51.02
2026-08-20,Humira,2.78,10:32:23,2,8,0.0
2026-08-20,Humira,3.29,10:32:53,2,8,0.0
2026-08-20,Humira,3.85,10:33:23,2,8,0.0
2026-08-20,Humira,14.83,10:33:53,2,8,51.07
2026-08-20,Humira,17.64,10:34:23,2,8,51.08
2026-08-20,Humira,6.69,10:34:53,2,8,0.0
2026-08-20,Humira,14.64,10:35:23,2,8,51.1
2026-08-20,Humira,15.67,10:35:53,2,8,51.11
2026-08-20,Humira,14.31,10:36:23,2,8,51.12
2026-08-20,Humira,5.85,10:36:53,2,8,0.0
2026-08-20,Humira,15.5,10:37:23,2,8,51.14
2026-08-20,Humira,12.7,10:37:53,2,8,51.16
2026-08-20,Humira,6.92,10:38:23,2,8,0.0
2026-08-20,Humira,11.21,10:38:53,2,8,51.18
2026-08-20,Humira,3.07,10:39:23,2,8,0.0
2026-08-20,Humira,7.05,10:39:53,2,8,0.0
2026-08-20,Humira,11.5,10:40:23,2,8,51.21
2026-08-20,Humira,10.94,10:40:53,2,8,51.22
2026-08-20,Humira,3.63,10:41:23,2,8,0.0
2026-08-20,Humira,15.83,10:41:53,2,8,51.24
2026-08-20,Humira,5.24,10:42:23,2,8,0.0
2026-08-20,Humira,15.51,10:42:53,2,8,51.26
2026-08-20,Humira,17.49,10:43:23,2,8,51.27
2026-08-20,Humira,16.7,10:43:53,2,8,51.29
2026-08-20,Humira,13.52,10:44:23,2,8,51.3
2026-08-20,Humira,3.35,10:44:53,2,8,0.0
2026-08-20,Humira,16.89,10:45:23,2,8,51.32
2026-08-20,Humira,13.01,10:45:53,2,8,51.33
2026-08-20,Humira,4.23,10:46:23,2,8,0.0
2026-08-20,Humira,12.81,10:46:53,2,8,51.35
2026-08-20,Humira,14.48,10:47:23,2,8,51.36
2026-08-20,Humira,11.06,10:47:53,2,8,51.37
2026-08-20,Humira,5.12,10:48:23,2,8,0.0
2026-08-20,Humira,15.14,10:48:53,2,8,51.39
2026-08-20,Humira,13.92,10:49:23,2,8,51.4
2026-08-20,Humira,6.91,10:49:53,2,8,0.0
2026-08-20,Humira,6.46,10:50:23,2,8,0.0
2026-08-20,Humira,10.03,10:50:53,2,8,51.44
2026-08-20,Humira,14.89,10:51:23,2,8,51.45
2026-08-20,Humira,17.35,10:51:53,2,8,51.46
2026-08-20,Humira,13.49,10:52:23,2,8,51.47
2026-08-20,Humira,13.98,10:52:53,2,8,51.48
2026-08-20,Humira,3.35,10:53:23,2,8,0.0
2026-08-20,Humira,16.49,10:53:53,2,8,51.5
2026-08-20,Humira,2.89,10:54:23,2,8,0.0
2026-08-20,Humira,7.09,10:54:53,2,8,0.0
2026-08-20,Humira,13.4,10:55:23,2,8,51.53
2026-08-20,Humira,15.87,10:55:53,2,8,51.55
2026-08-20,Humira,12.17,10:56:23,2,8,51.56
2026-08-20,Humira,12.82,10:56:53,2,8,51.57
2026-08-20,Humira,5.74,10:57:23,2,8,0.0
2026-08-20,Humira,6.59,10:57:53,2,8,0.0
2026-08-20,Humira,17.39,10:58:23,2,8,51.6
2026-08-20,Humira,10.12,10:58:53,2,8,51.61
2026-08-20,Humira,14.58,10:59:23,2,8,51.62
2026-08-20,Humira,14.19,10:59:53,2,8,51.63
2026-08-20,Humira,12.29,11:00:23,2,8,51.64
2026-08-20,Humira,15.22,11:00:53,2,8,51.65
2026-08-20,Humira,12.1,11:01:23,2,8,51.66
2026-08-20,Humira,4.05,11:01:53,2,8,0.0
2026-08-20,Humira,12.05,11:02:23,2,8,51.69
2026-08-20,Humira,10.51,11:02:53,2,8,51.7
2026-08-20,Humira,4.72,11:03:23,2,8,0.0
2026-08-20,Humira,5.17,11:03:53,2,8,0.0
2026-08-20,Humira,12.28,11:04:23,2,8,51.73
2026-08-20,Humira,5.06,11:04:53,2,8,0.0
2026-08-20,Humira,10.02,11:05:23,2,8,51.75
2026-08-20,Humira,4.74,11:05:53,2,8,0.0
2026-08-20,Humira,10.82,11:06:23,2,8,51.77
2026-08-20,Humira,13.2,11:06:53,2,8,51.78
2026-08-20,Humira,11.34,11:07:23,2,8,51.79
2026-08-20,Humira,14.62,11:07:53,2,8,51.81
2026-08-20,Humira,7.33,11:08:23,2,8,0.0
2026-08-20,Humira,11.19,11:08:53,2,8,51.83
2026-08-20,Humira,14.13,11:09:23,2,8,51.84
2026-08-20,Humira,2.64,11:09:53,2,8,0.0
2026-08-20,Humira,4.55,11:10:23,2,8,0.0
2026-08-20,Humira,12.88,11:10:53,2,8,51.87
2026-08-20,Humira,9.02,11:11:23,2,8,51.88
2026-08-20,Humira,4.39,11:11:53,2,8,0.0
2026-08-20,Humira,15.5,11:12:23,2,8,51.9
2026-08-20,Humira,16.19,11:12:53,2,8,51.91
2026-08-20,Humira,6.92,11:13:23,2,8,0.0
2026-08-20,Humira,14.89,11:13:53,2,8,51.94
2026-08-20,Humira,11.34,11:14:23,2,8,51.95
2026-08-20,Humira,7.62,11:14:53,2,8,0.0
2026-08-20,Humira,14.85,11:15:23,2,8,51.97
2026-08-20,Humira,9.14,11:15:53,2,8,51.98
2026-08-20,Humira,9.37,11:16:23,2,8,51.99
2026-08-20,Humira,13.02,11:16:53,2,8,52.0
2026-08-20,Humira,3.69,11:17:23,2,8,0.0
2026-08-20,Humira,17.62,11:17:53,2,8,52.02
2026-08-20,Humira,3.45,11:18:23,2,8,0.0
2026-08-20,Humira,4.22,11:18:53,2,8,0.0
2026-08-20,Humira,4.64,11:19:23,2,8,0.0
2026-08-20,Humira,9.81,11:19:53,2,8,52.06
2026-08-20,Humira,7.32,11:20:23,2,8,0.0
2026-08-20,Humira,5.48,11:20:53,2,8,0.0
2026-08-20,Humira,6.14,11:21:23,2,8,0.0
2026-08-20,Humira,11.7,11:21:53,2,8,52.11
2026-08-20,Humira,2.98,11:22:23,2,8,0.0
2026-08-20,Humira,13.15,11:22:53,2,8,52.13
2026-08-20,Humira,14.26,11:23:23,2,8,52.14
2026-08-20,Humira,16.12,11:23:53,2,8,52.15
2026-08-20,Humira,15.18,11:24:23,2,8,52.16
2026-08-20,Humira,16.27,11:24:53,2,8,52.17
2026-08-20,Humira,9.23,11:25:23,2,8,52.18
2026-08-20,Humira,15.98,11:25:53,2,8,52.2
2026-08-20,Humira,5.23,11:26:23,2,8,0.0
2026-08-20,Humira,10.22,11:26:53,2,8,52.22
2026-08-20,Humira,17.51,11:27:23,2,8,52.23
2026-08-20,Humira,9.43,11:27:53,2,8,52.24
2026-08-20,Humira,5.18,11:28:23,2,8,0.0
2026-08-20,Humira,9.15,11:28:53,2,8,52.26
2026-08-20,Humira,14.04,11:29:23,2,8,52.27
2026-08-20,Humira,9.42,11:29:53,2,8,52.28
2026-08-20,Humira,14.69,11:30:23,2,8,52.29
2026-08-20,Humira,9.8,11:30:53,2,8,52.3
2026-08-20,Humira,6.12,11:31:23,2,8,0.0
2026-08-20,Humira,13.62,11:31:53,2,8,52.33
2026-08-20,Humira,14.4,11:32:23,2,8,52.34
2026-08-20,Humira,10.36,11:32:53,2,8,52.35
2026-08-20,Humira,10.67,11:33:23,2,8,52.36
2026-08-20,Humira,11.16,11:33:53,2,8,52.37
2026-08-20,Humira,11.29,11:34:23,2,8,52.38
2026-08-20,Humira,11.36,11:34:53,2,8,52.39
2026-08-20,Humira,12.3,11:35:23,2,8,52.4
2026-08-20,Humira,16.25,11:35:53,2,8,52.41
2026-08-20,Humira,7.94,11:36:23,2,8,0.0
2026-08-20,Humira,6.1,11:36:53,2,8,0.0
2026-08-20,Humira,2.17,11:37:23,2,8,0.0
2026-08-20,Humira,10.53,11:37:53,2,8,52.46
2026-08-20,Humira,17.98,11:38:23,2,8,52.47
2026-08-20,Humira,16.39,11:38:53,2,8,52.48
2026-08-20,Humira,6.34,11:39:23,2,8,0.0
2026-08-20,Humira,15.15,11:39:53,2,8,52.5
2026-08-20,Humira,10.69,11:40:23,2,8,52.51
2026-08-20,Humira,2.43,11:40:53,2,8,0.0
2026-08-20,Humira,5.55,11:41:23,2,8,0.0
2026-08-20,Humira,10.58,11:41:53,2,8,52.54
2026-08-20,Humira,14.51,11:42:23,2,8,52.55
2026-08-20,Humira,16.2,11:42:53,2,8,52.56
2026-08-20,Humira,13.71,11:43:23,2,8,52.57
2026-08-20,Humira,13.16,11:43:53,2,8,52.59
2026-08-20,Humira,2.67,11:44:23,2,8,0.0
2026-08-20,Humira,3.89,11:44:53,2,8,0.0
2026-08-20,Humira,15.38,11:45:23,2,8,52.62
2026-08-20,Humira,7.14,11:45:53,2,8,0.0
2026-08-20,Humira,10.59,11:46:23,2,8,52.64
2026-08-20,Humira,7.4,11:46:53,2,8,0.0
2026-08-20,Humira,17.31,11:47:23,2,8,52.66
2026-08-20,Humira,10.42,11:47:53,2,8,52.67
2026-08-20,Humira,17.75,11:48:23,2,8,52.68
2026-08-20,Humira,17.36,11:48:53,2,8,52.69
2026-08-20,Humira,13.02,11:49:23,2,8,52.7
2026-08-20,Humira,12.72,11:49:53,2,8,52.71
2026-08-20,Humira,2.1,11:50:23,2,8,0.0
2026-08-20,Humira,6.34,11:50:53,2,8,0.0
2026-08-20,Humira,13.22,11:51:23,2,8,52.75
2026-08-20,Humira,9.39,11:51:53,2,8,52.76
2026-08-20,Humira,10.36,11:52:23,2,8,52.77
2026-08-20,Humira,10.28,11:52:53,2,8,52.78
2026-08-20,Humira,5.59,11:53:23,2,8,0.0
2026-08-20,Humira,9.87,11:53:53,2,8,52.8
2026-08-20,Humira,9.37,11:54:23,2,8,52.81
2026-08-20,Humira,15.87,11:54:53,2,8,52.82
2026-08-20,Humira,7.17,11:55:23,2,8,0.0
2026-08-20,Humira,6.0,11:55:53,2,8,0.0
2026-08-20,Humira,17.23,11:56:23,2,8,52.86
2026-08-20,Humira,12.18,11:56:53,2,8,52.87
2026-08-20,Humira,14.21,11:57:23,2,8,52.88
2026-08-20,Humira,6.45,11:57:53,2,8,0.0
2026-08-20,Humira,16.91,11:58:23,2,8,52.9
2026-08-20,Humira,9.84,11:58:53,2,8,52.91
2026-08-20,Humira,4.08,11:59:23,2,8,0.0
2026-08-20,Humira,13.01,11:59:53,2,8,52.93
2026-08-20,Humira,11.12,12:00:23,2,8,52.94
2026-08-20,Humira,14.09,12:00:53,2,8,52.95
2026-08-20,Humira,11.33,12:01:23,2,8,52.96
2026-08-20,Humira,12.31,12:01:53,2,8,52.98
2026-08-20,Humira,6.81,12:02:23,2,8,0.0
2026-08-20,Humira,5.05,12:02:53,2,8,0.0
2026-08-20,Humira,9.69,12:03:23,2,8,53.01
2026-08-20,Humira,4.18,12:03:53,2,8,0.0
2026-08-20,Humira,14.4,12:04:23,2,8,53.03
2026-08-20,Humira,12.93,12:04:53,2,8,53.04
2026-08-20,Humira,10.46,12:05:23,2,8,53.05
2026-08-20,Humira,17.13,12:05:53,2,8,53.06
2026-08-20,Humira,7.31,12:06:23,2,8,0.0
2026-08-20,Humira,13.44,12:06:53,2,8,53.08
2026-08-20,Humira,4.53,12:07:23,2,8,0.0
2026-08-20,Humira,4.42,12:07:53,2,8,0.0
2026-08-20,Humira,10.72,12:08:23,2,8,53.12
2026-08-20,Humira,2.78,12:08:53,2,8,0.0
2026-08-20,Humira,7.77,12:09:23,2,8,0.0
2026-08-20,Humira,13.72,12:09:53,2,8,53.15
2026-08-20,Humira,14.79,12:10:23,2,8,53.16
2026-08-20,Humira,14.19,12:10:53,2,8,53.17
2026-08-20,Humira,6.82,12:11:23,2,8,0.0
2026-08-20,Humira,3.39,12:11:53,2,8,0.0
2026-08-20,Humira,17.72,12:12:23,2,8,53.2
2026-08-20,Humira,17.8,12:12:53,2,8,53.21
2026-08-20,Humira,3.12,12:13:23,2,8,0.0
2026-08-20,Humira,2.15,12:13:53,2,8,0.0
2026-08-20,Humira,16.23,12:14:23,2,8,53.25
2026-08-20,Humira,11.95,12:14:53,2,8,53.26
2026-08-20,Humira,9.88,12:15:23,2,8,53.27
2026-08-20,Humira,4.05,12:15:53,2,8,0.0
2026-08-20,Humira,9.42,12:16:23,2,8,53.29
2026-08-20,Humira,17.79,12:16:53,2,8,53.3
2026-08-20,Humira,15.7,12:17:23,2,8,53.31
2026-08-20,Humira,7.82,12:17:53,2,8,0.0
2026-08-20,Humira,12.21,12:18:23,2,8,53.33
2026-08-20,Humira,16.44,12:18:53,2,8,53.34
2026-08-20,Humira,14.29,12:19:23,2,8,53.35
2026-08-20,Humira,12.84,12:19:53,2,8,53.36
2026-08-20,Humira,9.81,12:20:23,2,8,53.38
2026-08-20,Humira,6.45,12:20:53,2,8,0.0
2026-08-20,Humira,17.24,12:21:23,2,8,53.4
2026-08-20,Humira,16.61,12:21:53,2,8,53.41
2026-08-20,Humira,12.6,12:22:23,2,8,53.42
2026-08-20,Humira,11.78,12:22:53,2,8,53.43
2026-08-20,Humira,7.34,12:23:23,2,8,0.0
2026-08-20,Humira,12.2,12:23:53,2,8,53.45
2026-08-20,Humira,9.01,12:24:23,2,8,53.46
2026-08-20,Humira,16.85,12:24:53,2,8,53.47
2026-08-20,Humira,2.53,12:25:23,2,8,0.0
2026-08-20,Humira,12.63,12:25:53,2,8,53.49
2026-08-20,Humira,2.32,12:26:23,2,8,0.0
2026-08-20,Humira,14.12,12:26:53,2,8,53.52
2026-08-20,Humira,17.48,12:27:23,2,8,53.53
2026-08-20,Humira,11.51,12:27:53,2,8,53.54
2026-08-20,Humira,9.56,12:28:23,2,8,53.55
2026-08-20,Humira,16.56,12:28:53,2,8,53.56
2026-08-20,Humira,14.57,12:29:23,2,8,53.57
2026-08-20,Humira,12.65,12:29:53,2,8,53.58
2026-08-20,Humira,2.38,12:30:23,2,8,0.0
2026-08-20,Humira,17.79,12:30:53,2,8,53.6
2026-08-20,Humira,7.53,12:31:23,2,8,0.0
2026-08-20,Humira,7.48,12:31:53,2,8,0.0
2026-08-20,Humira,10.68,12:32:23,2,8,53.64
2026-08-20,Humira,14.9,12:32:53,2,8,53.65
2026-08-20,Humira,13.43,12:33:23,2,8,53.66
2026-08-20,Humira,4.51,12:33:53,2,8,0.0
2026-08-20,Humira,15.8,12:34:23,2,8,53.68
2026-08-20,Humira,11.03,12:34:53,2,8,53.69
2026-08-20,Humira,17.75,12:35:23,2,8,53.7
2026-08-20,Humira,9.03,12:35:53,2,8,53.71
2026-08-20,Humira,5.57,12:36:23,2,8,0.0
2026-08-20,Humira,16.23,12:36:53,2,8,53.73
2026-08-20,Humira,14.92,12:37:23,2,8,53.74
2026-08-20,Humira,10.06,12:37:53,2,8,53.76
2026-08-20,Humira,10.96,12:38:23,2,8,53.77
2026-08-20,Humira,9.43,12:38:53,2,8,53.78
2026-08-20,Humira,11.55,12:39:23,2,8,53.79
2026-08-20,Humira,12.94,12:39:53,2,8,53.8
2026-08-20,Humira,15.43,12:40:23,2,8,53.81
2026-08-20,Humira,6.13,12:40:53,2,8,0.0
2026-08-20,Humira,5.85,12:41:23,2,8,0.0
2026-08-20,Humira,16.46,12:41:53,2,8,53.84
2026-08-20,Humira,2.22,12:42:23,2,8,0.0
2026-08-20,Humira,15.04,12:42:53,2,8,53.86
2026-08-20,Humira,12.87,12:43:23,2,8,53.87
2026-08-20,Humira,16.99,12:43:53,2,8,53.89
2026-08-20,Humira,17.17,12:44:23,2,8,53.9
2026-08-20,Humira,9.64,12:44:53,2,8,53.91
2026-08-20,Humira,10.34,12:45:23,2,8,53.92
2026-08-20,Humira,2.4,12:45:53,2,8,0.0
2026-08-20,Humira,15.97,12:46:23,2,8,53.94
2026-08-20,Humira,15.48,12:46:53,2,8,53.95
2026-08-20,Humira,7.54,12:47:23,2,8,0.0
2026-08-20,Humira,6.61,12:47:53,2,8,0.0
2026-08-20,Humira,10.04,12:48:23,2,8,53.98
2026-08-20,Humira,4.52,12:48:53,2,8,0.0
2026-08-20,Humira,9.5,12:49:23,2,8,54.0
2026-08-20,Humira,9.32,12:49:53,2,8,54.02
2026-08-20,Humira,16.96,12:50:23,2,8,54.03
2026-08-20,Humira,13.95,12:50:53,2,8,54.04
2026-08-20,Humira,10.44,12:51:23,2,8,54.05
2026-08-20,Humira,4.67,12:51:53,2,8,0.0
2026-08-20,Humira,7.37,12:52:23,2,8,0.0
2026-08-20,Humira,4.88,12:52:53,2,8,0.0
2026-08-20,Humira,5.77,12:53:23,2,8,0.0
2026-08-20,Humira,6.89,12:53:53,2,8,0.0
2026-08-20,Humira,12.7,12:54:23,2,8,54.11
2026-08-20,Humira,12.53,12:54:53,2,8,54.12
2026-08-20,Humira,11.66,12:55:23,2,8,54.13
2026-08-20,Humira,16.87,12:55:53,2,8,54.15
2026-08-20,Humira,15.44,12:56:23,2,8,54.16
2026-08-20,Humira,11.74,12:56:53,2,8,54.17
2026-08-20,Humira,7.54,12:57:23,2,8,0.0
2026-08-20,Humira,16.33,12:57:53,2,8,54.19
2026-08-20,Humira,6.24,12:58:23,2,8,0.0
2026-08-20,Humira,12.24,12:58:53,2,8,54.21
2026-08-20,Humira,2.4,12:59:23,2,8,0.0
2026-08-20,Humira,2.44,12:59:53,2,8,0.0
2026-08-20,Humira,16.03,13:00:23,2,8,54.24
2026-08-20,Humira,5.65,13:00:53,2,8,0.0
2026-08-20,Humira,3.24,13:01:23,2,8,0.0
2026-08-20,Humira,4.17,13:01:53,2,8,0.0
2026-08-20,Humira,12.69,13:02:23,2,8,54.29
2026-08-20,Humira,10.87,13:02:53,2,8,54.3
2026-08-20,Humira,16.36,13:03:23,2,8,54.31
2026-08-20,Humira,16.26,13:03:53,2,8,54.32
2026-08-20,Humira,13.44,13:04:23,2,8,54.33
2026-08-20,Humira,16.67,13:04:53,2,8,54.34
2026-08-20,Humira,11.14,13:05:23,2,8,54.35
2026-08-20,Humira,16.46,13:05:53,2,8,54.36
2026-08-20,Humira,7.13,13:06:23,2,8,0.0
2026-08-20,Humira,17.76,13:06:53,2,8,54.38
2026-08-20,Humira,14.11,13:07:23,2,8,54.39
2026-08-20,Humira,6.73,13:07:53,2,8,0.0
2026-08-20,Humira,11.55,13:08:23,2,8,54.42
2026-08-20,Humira,10.55,13:08:53,2,8,54.43
2026-08-20,Humira,16.73,13:09:23,2,8,54.44
2026-08-20,Humira,17.2,13:09:53,2,8,54.45
2026-08-20,Humira,12.71,13:10:23,2,8,54.46
2026-08-20,Humira,17.59,13:10:53,2,8,54.47
2026-08-20,Humira,14.86,13:11:23,2,8,54.48
2026-08-20,Humira,4.24,13:11:53,2,8,0.0
2026-08-20,Humira,15.01,13:12:23,2,8,54.5
2026-08-20,Humira,3.91,13:12:53,2,8,0.0
2026-08-20,Humira,12.72,13:13:23,2,8,54.52
2026-08-20,Humira,10.76,13:13:53,2,8,54.54
2026-08-20,Humira,11.58,13:14:23,2,8,54.55
2026-08-20,Humira,2.15,13:14:53,2,8,0.0
2026-08-20,Humira,12.14,13:15:23,2,8,54.57
2026-08-20,Humira,11.07,13:15:53,2,8,54.58
2026-08-20,Humira,15.92,13:16:23,2,8,54.59
2026-08-20,Humira,3.12,13:16:53,2,8,0.0
2026-08-20,Humira,16.66,13:17:23,2,8,54.61
2026-08-20,Humira,13.91,13:17:53,2,8,54.62
2026-08-20,Humira,7.38,13:18:23,2,8,0.0
2026-08-20,Humira,15.57,13:18:53,2,8,54.64
2026-08-20,Humira,13.67,13:19:23,2,8,54.65
2026-08-20,Humira,7.25,13:19:53,2,8,0.0
2026-08-20,Humira,9.76,13:20:23,2,8,54.68
2026-08-20,Humira,14.12,13:20:53,2,8,54.69
2026-08-20,Humira,12.6,13:21:23,2,8,54.7
2026-08-20,Humira,4.63,13:21:53,2,8,0.0
2026-08-20,Humira,11.92,13:22:23,2,8,54.72
2026-08-20,Humira,3.72,13:22:53,2,8,0.0
2026-08-20,Humira,9.1,13:23:23,2,8,54.74
2026-08-20,Humira,15.17,13:23:53,2,8,54.75
2026-08-20,Humira,10.05,13:24:23,2,8,54.76
2026-08-20,Humira,9.85,13:24:53,2,8,54.77
2026-08-20,Humira,15.68,13:25:23,2,8,54.78
2026-08-20,Humira,12.0,13:25:53,2,8,54.8
2026-08-20,Humira,15.05,13:26:23,2,8,54.81
2026-08-20,Humira,10.96,13:26:53,2,8,54.82
2026-08-20,Humira,13.11,13:27:23,2,8,54.83
2026-08-20,Humira,15.56,13:27:53,2,8,54.84
2026-08-20,Humira,10.92,13:28:23,2,8,54.85
2026-08-20,Humira,13.9,13:28:53,2,8,54.86
2026-08-20,Humira,11.1,13:29:23,2,8,54.87
2026-08-20,Humira,3.12,13:29:53,2,8,0.0
2026-08-20,Humira,17.06,13:30:23,2,8,54.89
2026-08-20,Humira,17.28,13:30:53,2,8,54.9
2026-08-20,Humira,15.88,13:31:23,2,8,54.91
2026-08-20,Humira,10.51,13:31:53,2,8,54.93
2026-08-20,Humira,16.96,13:32:23,2,8,54.94
2026-08-20,Humira,14.7,13:32:53,2,8,54.95
2026-08-20,Humira,15.58,13:33:23,2,8,54.96
2026-08-20,Humira,7.16,13:33:53,2,8,0.0
2026-08-20,Humira,16.11,13:34:23,2,8,54.98
2026-08-20,Humira,16.03,13:34:53,2,8,54.99
2026-08-20,Humira,13.49,13:35:23,2,8,55.0
2026-08-20,Humira,4.28,13:35:53,2,8,0.0
2026-08-20,Humira,14.03,13:36:23,2,8,55.02
2026-08-20,Humira,13.81,13:36:53,2,8,55.03
2026-08-20,Humira,4.83,13:37:23,2,8,0.0
2026-08-20,Humira,4.11,13:37:53,2,8,0.0
2026-08-20,Humira,15.09,13:38:23,2,8,55.07
2026-08-20,Humira,6.39,13:38:53,2,8,0.0
2026-08-20,Humira,4.67,13:39:23,2,8,0.0
2026-08-20,Humira,13.42,13:39:53,2,8,55.1
2026-08-20,Humira,13.42,13:40:23,2,8,55.11
2026-08-20,Humira,2.6,13:40:53,2,8,0.0
2026-08-20,Humira,5.32,13:41:23,2,8,0.0
2026-08-20,Humira,6.86,13:41:53,2,8,0.0
2026-08-20,Humira,16.63,13:42:23,2,8,55.15
2026-08-20,Humira,17.85,13:42:53,2,8,55.16
2026-08-20,Humira,4.83,13:43:23,2,8,0.0
2026-08-20,Humira,15.65,13:43:53,2,8,55.19
2026-08-20,Humira,9.14,13:44:23,2,8,55.2
2026-08-20,Humira,12.17,13:44:53,2,8,55.21
2026-08-20,Humira,9.96,13:45:23,2,8,55.22
2026-08-20,Humira,9.72,13:45:53,2,8,55.23
2026-08-20,Humira,9.84,13:46:23,2,8,55.24
2026-08-20,Humira,7.38,13:46:53,2,8,0.0
2026-08-20,Humira,9.16,13:47:23,2,8,55.26
2026-08-20,Humira,16.77,13:47:53,2,8,55.27
2026-08-20,Humira,11.66,13:48:23,2,8,55.28
2026-08-20,Humira,10.69,13:48:53,2,8,55.29
2026-08-20,Humira,11.09,13:49:23,2,8,55.3
2026-08-20,Humira,3.03,13:49:53,2,8,0.0
2026-08-20,Humira,5.69,13:50:23,2,8,0.0
2026-08-20,Humira,13.35,13:50:53,2,8,55.34
2026-08-20,Humira,3.03,13:51:23,2,8,0.0
2026-08-20,Humira,6.87,13:51:53,2,8,0.0
2026-08-20,Humira,3.34,13:52:23,2,8,0.0
2026-08-20,Humira,16.19,13:52:53,2,8,55.38
2026-08-20,Humira,3.98,13:53:23,2,8,0.0
2026-08-20,Humira,14.39,13:53:53,2,8,55.4
2026-08-20,Humira,14.44,13:54:23,2,8,55.41
2026-08-20,Humira,14.21,13:54:53,2,8,55.42
2026-08-20,Humira,13.55,13:55:23,2,8,55.43
2026-08-20,Humira,10.82,13:55:53,2,8,55.45
2026-08-20,Humira,4.76,13:56:23,2,8,0.0
2026-08-20,Humira,9.29,13:56:53,2,8,55.47
2026-08-20,Humira,3.21,13:57:23,2,8,0.0
2026-08-20,Humira,16.86,13:57:53,2,8,55.49
2026-08-20,Humira,12.19,13:58:23,2,8,55.5
2026-08-20,Humira,16.61,13:58:53,2,8,55.51
2026-08-20,Humira,7.71,13:59:23,2,8,0.0
2026-08-20,Humira,5.96,13:59:53,2,8,0.0
2026-08-20,Humira,17.92,14:00:23,2,8,55.54
2026-08-20,Humira,17.81,14:00:53,2,8,55.55
2026-08-20,Humira,12.73,14:01:23,2,8,55.56
2026-08-20,Humira,3.3,14:01:53,2,8,0.0
2026-08-20,Humira,15.16,14:02:23,2,8,55.59
2026-08-20,Humira,15.05,14:02:53,2,8,55.6
2026-08-20,Humira,15.1,14:03:23,2,8,55.61
2026-08-20,Humira,15.24,14:03:53,2,8,55.62
2026-08-20,Humira,4.22,14:04:23,2,8,0.0
2026-08-20,Humira,11.05,14:04:53,2,8,55.64
2026-08-20,Humira,17.32,14:05:23,2,8,55.65
2026-08-20,Humira,11.28,14:05:53,2,8,55.66
2026-08-20,Humira,17.96,14:06:23,2,8,55.67
2026-08-20,Humira,4.67,14:06:53,2,8,0.0
2026-08-20,Humira,17.08,14:07:23,2,8,55.69
2026-08-20,Humira,17.32,14:07:53,2,8,55.71
2026-08-20,Humira,16.58,14:08:23,2,8,55.72
2026-08-20,Humira,12.77,14:08:53,2,8,55.73
2026-08-20,Humira,6.79,14:09:23,2,8,0.0
2026-08-20,Humira,2.16,14:09:53,2,8,0.0
2026-08-20,Humira,10.44,14:10:23,2,8,55.76
2026-08-20,Humira,9.21,14:10:53,2,8,55.77
2026-08-20,Humira,11.8,14:11:23,2,8,55.78
2026-08-20,Humira,16.69,14:11:53,2,8,55.79
2026-08-20,Humira,6.47,14:12:23,2,8,0.0
2026-08-20,Humira,15.33,14:12:53,2,8,55.81
2026-08-20,Humira,15.26,14:13:23,2,8,55.82
2026-08-20,Humira,17.64,14:13:53,2,8,55.84
2026-08-20,Humira,10.04,14:14:23,2,8,55.85
2026-08-20,Humira,17.32,14:14:53,2,8,55.86
2026-08-20,Humira,11.15,14:15:23,2,8,55.87
2026-08-20,Humira,6.06,14:15:53,2,8,0.0
2026-08-20,Humira,10.51,14:16:23,2,8,55.89
2026-08-20,Humira,12.06,14:16:53,2,8,55.9
2026-08-20,Humira,12.19,14:17:23,2,8,55.91
2026-08-20,Humira,5.08,14:17:53,2,8,0.0
2026-08-20,Humira,12.86,14:18:23,2,8,55.93
2026-08-20,Humira,6.64,14:18:53,2,8,0.0
2026-08-20,Humira,2.51,14:19:23,2,8,0.0
2026-08-20,Humira,11.23,14:19:53,2,8,55.96
2026-08-20,Humira,3.1,14:20:23,2,8,0.0
2026-08-20,Humira,17.7,14:20:53,2,8,55.99
2026-08-20,Humira,15.05,14:21:23,2,8,56.0
2026-08-20,Humira,14.34,14:21:53,2,8,56.01
2026-08-20,Humira,6.8,14:22:23,2,8,0.0
2026-08-20,Humira,2.54,14:22:53,2,8,0.0
2026-08-20,Humira,14.09,14:23:23,2,8,56.04
2026-08-20,Humira,9.35,14:23:53,2,8,56.05
2026-08-20,Humira,13.09,14:24:23,2,8,56.06
2026-08-20,Humira,3.66,14:24:53,2,8,0.0
2026-08-20,Humira,17.42,14:25:23,2,8,56.08
2026-08-20,Humira,12.37,14:25:53,2,8,56.09
2026-08-20,Humira,16.42,14:26:23,2,8,56.11
2026-08-20,Humira,10.91,14:26:53,2,8,56.12
2026-08-20,Humira,13.11,14:27:23,2,8,56.13
2026-08-20,Humira,15.16,14:27:53,2,8,56.14
2026-08-20,Humira,6.27,14:28:23,2,8,0.0
2026-08-20,Humira,11.24,14:28:53,2,8,56.16
2026-08-20,Humira,10.3,14:29:23,2,8,56.17
2026-08-20,Humira,17.0,14:29:53,2,8,56.18
2026-08-20,Humira,15.99,14:30:23,2,8,56.19
2026-08-20,Humira,9.92,14:30:53,2,8,56.2
2026-08-20,Humira,5.06,14:31:23,2,8,0.0
2026-08-20,Humira,7.12,14:31:53,2,8,0.0
2026-08-20,Humira,9.35,14:32:23,2,8,56.24
2026-08-20,Humira,13.55,14:32:53,2,8,56.25
2026-08-20,Humira,4.36,14:33:23,2,8,0.0
2026-08-20,Humira,3.41,14:33:53,2,8,0.0
2026-08-20,Humira,14.51,14:34:23,2,8,56.28
2026-08-20,Humira,17.71,14:34:53,2,8,56.29
2026-08-20,Humira,12.33,14:35:23,2,8,56.3
2026-08-20,Humira,4.72,14:35:53,2,8,0.0
2026-08-20,Humira,9.07,14:36:23,2,8,56.32
2026-08-20,Humira,16.94,14:36:53,2,8,56.33
2026-08-20,Humira,6.89,14:37:23,2,8,0.0
2026-08-20,Humira,9.77,14:37:53,2,8,56.36
2026-08-20,Humira,2.96,14:38:23,2,8,0.0
2026-08-20,Humira,12.22,14:38:53,2,8,56.38
2026-08-20,Humira,6.24,14:39:23,2,8,0.0
2026-08-20,Humira,9.83,14:39:53,2,8,56.4
2026-08-20,Humira,10.63,14:40:23,2,8,56.41
2026-08-20,Humira,4.72,14:40:53,2,8,0.0
2026-08-20,Humira,10.51,14:41:23,2,8,56.43
2026-08-20,Humira,16.24,14:41:53,2,8,56.44
2026-08-20,Humira,17.7,14:42:23,2,8,56.45
2026-08-20,Humira,3.83,14:42:53,2,8,0.0
2026-08-20,Humira,16.89,14:43:23,2,8,56.47
2026-08-20,Humira,16.46,14:43:53,2,8,56.49
2026-08-20,Humira,7.1,14:44:23,2,8,0.0
2026-08-20,Humira,14.46,14:44:53,2,8,56.51
2026-08-20,Humira,15.25,14:45:23,2,8,56.52
2026-08-20,Humira,7.6,14:45:53,2,8,0.0
2026-08-20,Humira,14.43,14:46:23,2,8,56.54
2026-08-20,Humira,14.25,14:46:53,2,8,56.55
2026-08-20,Humira,17.31,14:47:23,2,8,56.56
2026-08-20,Humira,3.57,14:47:53,2,8,0.0
2026-08-20,Humira,17.73,14:48:23,2,8,56.58
2026-08-20,Humira,2.93,14:48:53,2,8,0.0
2026-08-20,Humira,17.29,14:49:23,2,8,56.6
2026-08-20,Humira,11.97,14:49:53,2,8,56.61
2026-08-20,Humira,9.38,14:50:23,2,8,56.63
2026-08-20,Humira,17.76,14:50:53,2,8,56.64
2026-08-20,Humira,11.65,14:51:23,2,8,56.65
2026-08-20,Humira,3.06,14:51:53,2,8,0.0
2026-08-20,Humira,10.37,14:52:23,2,8,56.67
2026-08-20,Humira,13.21,14:52:53,2,8,56.68
2026-08-20,Humira,5.32,14:53:23,2,8,0.0
2026-08-20,Humira,4.88,14:53:53,2,8,0.0
2026-08-20,Humira,11.7,14:54:23,2,8,56.71
2026-08-20,Humira,13.05,14:54:53,2,8,56.72
2026-08-20,Humira,15.01,14:55:23,2,8,56.73
2026-08-20,Humira,4.05,14:55:53,2,8,0.0
2026-08-20,Humira,9.43,14:56:23,2,8,56.76
2026-08-20,Humira,5.51,14:56:53,2,8,0.0
2026-08-20,Humira,13.8,14:57:23,2,8,56.78
2026-08-20,Humira,15.62,14:57:53,2,8,56.79
2026-08-20,Humira,13.56,14:58:23,2,8,56.8
2026-08-20,Humira,10.48,14:58:53,2,8,56.81
2026-08-20,Humira,3.57,14:59:23,2,8,0.0
2026-08-20,Humira,7.38,14:59:53,2,8,0.0
2026-08-20,Humira,3.0,15:00:23,2,8,0.0
2026-08-20,Humira,2.53,15:00:53,2,8,0.0
2026-08-20,Humira,12.28,15:01:23,2,8,56.86
2026-08-20,Humira,9.83,15:01:53,2,8,56.88
2026-08-20,Humira,6.94,15:02:23,2,8,0.0
2026-08-20,Humira,3.08,15:02:53,2,8,0.0
2026-08-20,Humira,11.46,15:03:23,2,8,56.91
2026-08-20,Humira,10.57,15:03:53,2,8,56.92
2026-08-20,Humira,16.36,15:04:23,2,8,56.93
2026-08-20,Humira,17.32,15:04:53,2,8,56.94
2026-08-20,Humira,16.32,15:05:23,2,8,56.95
2026-08-20,Humira,10.85,15:05:53,2,8,56.96
2026-08-20,Humira,17.74,15:06:23,2,8,56.97
2026-08-20,Humira,14.82,15:06:53,2,8,56.98
2026-08-20,Humira,13.52,15:07:23,2,8,56.99
2026-08-20,Humira,15.9,15:07:53,2,8,57.01
2026-08-20,Humira,11.23,15:08:23,2,8,57.02
2026-08-20,Humira,2.05,15:08:53,2,8,0.0
2026-08-20,Humira,7.95,15:09:23,2,8,0.0
2026-08-20,Humira,15.79,15:09:53,2,8,57.05
2026-08-20,Humira,14.12,15:10:23,2,8,57.06
2026-08-20,Humira,16.55,15:10:53,2,8,57.07
2026-08-20,Humira,9.32,15:11:23,2,8,57.08
2026-08-20,Humira,13.49,15:11:53,2,8,57.09
2026-08-20,Humira,9.13,15:12:23,2,8,57.1
2026-08-20,Humira,14.34,15:12:53,2,8,57.11
2026-08-20,Humira,16.42,15:13:23,2,8,57.12
2026-08-20,Humira,3.24,15:13:53,2,8,0.0
2026-08-20,Humira,15.24,15:14:23,2,8,57.15
2026-08-20,Humira,6.34,15:14:53,2,8,0.0
2026-08-20,Humira,17.23,15:15:23,2,8,57.17
2026-08-20,Humira,10.2,15:15:53,2,8,57.18
2026-08-20,Humira,9.11,15:16:23,2,8,57.19
2026-08-20,Humira,7.31,15:16:53,2,8,0.0
2026-08-20,Humira,4.64,15:17:23,2,8,0.0
2026-08-20,Humira,5.77,15:17:53,2,8,0.0
2026-08-20,Humira,12.23,15:18:23,2,8,57.23
2026-08-20,Humira,6.69,15:18:53,2,8,0.0
2026-08-20,Humira,16.55,15:19:23,2,8,57.25
2026-08-20,Humira,16.44,15:19:53,2,8,57.27
2026-08-20,Humira,14.71,15:20:23,2,8,57.28
2026-08-20,Humira,17.6,15:20:53,2,8,57.29
2026-08-20,Humira,16.13,15:21:23,2,8,57.3
2026-08-20,Humira,4.24,15:21:53,2,8,0.0
2026-08-20,Humira,16.52,15:22:23,2,8,57.32
2026-08-20,Humira,9.95,15:22:53,2,8,57.33
2026-08-20,Humira,2.52,15:23:23,2,8,0.0
2026-08-20,Humira,17.86,15:23:53,2,8,57.35
2026-08-20,Humira,13.18,15:24:23,2,8,57.36
2026-08-20,Humira,6.98,15:24:53,2,8,0.0
2026-08-20,Humira,11.39,15:25:23,2,8,57.38
2026-08-20,Humira,12.46,15:25:53,2,8,57.4
2026-08-20,Humira,17.6,15:26:23,2,8,57.41
2026-08-20,Humira,9.48,15:26:53,2,8,57.42
2026-08-20,Humira,10.12,15:27:23,2,8,57.43
2026-08-20,Humira,4.68,15:27:53,2,8,0.0
2026-08-20,Humira,13.98,15:28:23,2,8,57.45
2026-08-20,Humira,9.55,15:28:53,2,8,57.46
2026-08-20,Humira,4.39,15:29:23,2,8,0.0
2026-08-20,Humira,9.54,15:29:53,2,8,57.48
2026-08-20,Humira,9.71,15:30:23,2,8,57.49
2026-08-20,Humira,15.03,15:30:53,2,8,57.5
2026-08-20,Humira,13.81,15:31:23,2,8,57.51
2026-08-20,Humira,15.31,15:31:53,2,8,57.52
2026-08-20,Humira,12.13,15:32:23,2,8,57.54
2026-08-20,Humira,7.62,15:32:53,2,8,0.0
2026-08-20,Humira,16.71,15:33:23,2,8,57.56
2026-08-20,Humira,11.19,15:33:53,2,8,57.57
2026-08-20,Humira,13.2,15:34:23,2,8,57.58
2026-08-20,Humira,11.42,15:34:53,2,8,57.59
2026-08-20,Humira,4.66,15:35:23,2,8,0.0
2026-08-20,Humira,14.07,15:35:53,2,8,57.61
2026-08-20,Humira,3.99,15:36:23,2,8,0.0
2026-08-20,Humira,14.57,15:36:53,2,8,57.63
2026-08-20,Humira,4.85,15:37:23,2,8,0.0
2026-08-20,Humira,16.89,15:37:53,2,8,57.66
2026-08-20,Humira,11.58,15:38:23,2,8,57.67
2026-08-20,Humira,2.06,15:38:53,2,8,0.0
2026-08-20,Humira,15.65,15:39:23,2,8,57.69
2026-08-20,Humira,6.52,15:39:53,2,8,0.0
2026-08-20,Humira,7.51,15:40:23,2,8,0.0
2026-08-20,Humira,14.77,15:40:53,2,8,57.72
2026-08-20,Humira,2.39,15:41:23,2,8,0.0
2026-08-20,Humira,6.12,15:41:53,2,8,0.0
2026-08-20,Humira,9.9,15:42:23,2,8,57.75
2026-08-20,Humira,13.32,15:42:53,2,8,57.76
2026-08-20,Humira,5.83,15:43:23,2,8,0.0
2026-08-20,Humira,3.02,15:43:53,2,8,0.0
2026-08-20,Humira,16.3,15:44:23,2,8,57.8
2026-08-20,Humira,12.19,15:44:53,2,8,57.81
2026-08-20,Humira,9.83,15:45:23,2,8,57.82
2026-08-20,Humira,4.02,15:45:53,2,8,0.0
2026-08-20,Humira,13.64,15:46:23,2,8,57.84
2026-08-20,Humira,16.13,15:46:53,2,8,57.85
2026-08-20,Humira,7.85,15:47:23,2,8,0.0
2026-08-20,Humira,13.97,15:47:53,2,8,57.87
2026-08-20,Humira,12.13,15:48:23,2,8,57.88
2026-08-20,Humira,16.67,15:48:53,2,8,57.89
2026-08-20,Humira,4.02,15:49:23,2,8,0.0
2026-08-20,Humira,13.48,15:49:53,2,8,57.91
2026-08-20,Humira,16.19,15:50:23,2,8,57.93
2026-08-20,Humira,15.12,15:50:53,2,8,57.94
2026-08-20,Humira,16.42,15:51:23,2,8,57.95
2026-08-20,Humira,10.76,15:51:53,2,8,57.96
2026-08-20,Humira,12.77,15:52:23,2,8,57.97
2026-08-20,Humira,4.07,15:52:53,2,8,0.0
2026-08-20,Humira,2.22,15:53:23,2,8,0.0
2026-08-20,Humira,2.69,15:53:53,2,8,0.0
2026-08-20,Humira,15.69,15:54:23,2,8,58.01
2026-08-20,Humira,17.64,15:54:53,2,8,58.02
2026-08-20,Humira,7.97,15:55:23,2,8,0.0
2026-08-20,Humira,13.01,15:55:53,2,8,58.05
2026-08-20,Humira,15.12,15:56:23,2,8,58.06
2026-08-20,Humira,17.8,15:56:53,2,8,58.07
2026-08-20,Humira,12.25,15:57:23,2,8,58.08
2026-08-20,Humira,6.38,15:57:53,2,8,0.0
2026-08-20,Humira,13.94,15:58:23,2,8,58.1
2026-08-20,Humira,17.4,15:58:53,2,8,58.11
2026-08-20,Humira,3.92,15:59:23,2,8,0.0
2026-08-20,Humira,14.15,15:59:53,2,8,58.13
2026-08-20,Humira,9.83,16:00:23,2,8,58.14
2026-08-20,Humira,11.8,16:00:53,2,8,58.15
2026-08-20,Humira,15.85,16:01:23,2,8,58.16
2026-08-20,Humira,9.83,16:01:53,2,8,58.18
2026-08-20,Humira,2.37,16:02:23,2,8,0.0
2026-08-20,Humira,7.84,16:02:53,2,8,0.0
2026-08-20,Humira,16.61,16:03:23,2,8,58.21
2026-08-20,Humira,6.96,16:03:53,2,8,0.0
2026-08-20,Humira,15.69,16:04:23,2,8,58.23
2026-08-20,Humira,13.64,16:04:53,2,8,58.24
2026-08-20,Humira,15.68,16:05:23,2,8,58.25
2026-08-20,Humira,3.73,16:05:53,2,8,0.0
2026-08-20,Humira,14.3,16:06:23,2,8,58.27
2026-08-20,Humira,3.98,16:06:53,2,8,0.0
2026-08-20,Humira,3.93,16:07:23,2,8,0.0
2026-08-20,Humira,11.12,16:07:53,2,8,58.31
2026-08-20,Humira,16.35,16:08:23,2,8,58.32
2026-08-20,Humira,14.99,16:08:53,2,8,58.33
2026-08-20,Humira,9.59,16:09:23,2,8,58.34
2026-08-20,Humira,5.0,16:09:53,2,8,0.0
2026-08-20,Humira,7.48,16:10:23,2,8,0.0
2026-08-20,Humira,12.59,16:10:53,2,8,58.37
2026-08-20,Humira,16.93,16:11:23,2,8,58.38
2026-08-20,Humira,9.16,16:11:53,2,8,58.39
2026-08-20,Humira,9.71,16:12:23,2,8,58.4
2026-08-20,Humira,4.41,16:12:53,2,8,0.0
2026-08-20,Humira,10.94,16:13:23,2,8,58.42
2026-08-20,Humira,16.56,16:13:53,2,8,58.44
2026-08-20,Humira,9.21,16:14:23,2,8,58.45
2026-08-20,Humira,3.33,16:14:53,2,8,0.0
2026-08-20,Humira,15.71,16:15:23,2,8,58.47
2026-08-20,Humira,4.27,16:15:53,2,8,0.0
2026-08-20,Humira,11.8,16:16:23,2,8,58.49
2026-08-20,Humira,6.12,16:16:53,2,8,0.0
2026-08-20,Humira,12.98,16:17:23,2,8,58.51
2026-08-20,Humira,3.52,16:17:53,2,8,0.0
2026-08-20,Humira,11.5,16:18:23,2,8,58.53
2026-08-20,Humira,9.07,16:18:53,2,8,58.54
2026-08-20,Humira,7.15,16:19:23,2,8,0.0
2026-08-20,Humira,12.87,16:19:53,2,8,58.56
2026-08-20,Humira,6.66,16:20:23,2,8,0.0
2026-08-20,Humira,10.5,16:20:53,2,8,58.59
2026-08-20,Humira,14.18,16:21:23,2,8,58.6
2026-08-20,Humira,5.74,16:21:53,2,8,0.0
2026-08-20,Humira,6.86,16:22:23,2,8,0.0
2026-08-20,Humira,16.32,16:22:53,2,8,58.63
2026-08-20,Humira,3.29,16:23:23,2,8,0.0
2026-08-20,Humira,11.62,16:23:53,2,8,58.65
2026-08-20,Humira,9.82,16:24:23,2,8,58.66
2026-08-20,Humira,2.05,16:24:53,2,8,0.0
2026-08-20,Humira,15.58,16:25:23,2,8,58.68
2026-08-20,Humira,4.25,16:25:53,2,8,0.0
2026-08-20,Humira,14.83,16:26:23,2,8,58.71
2026-08-20,Humira,3.68,16:26:53,2,8,0.0
2026-08-20,Humira,16.01,16:27:23,2,8,58.73
2026-08-20,Humira,14.31,16:27:53,2,8,58.74
2026-08-20,Humira,2.04,16:28:23,2,8,0.0
2026-08-20,Humira,3.22,16:28:53,2,8,0.0
2026-08-20,Humira,13.18,16:29:23,2,8,58.77
2026-08-20,Humira,6.75,16:29:53,2,8,0.0
2026-08-20,Humira,17.29,16:30:23,2,8,58.79
2026-08-20,Humira,5.85,16:30:53,2,8,0.0
2026-08-20,Humira,7.29,16:31:23,2,8,0.0
2026-08-20,Humira,2.88,16:31:53,2,8,0.0
2026-08-20,Humira,15.47,16:32:23,2,8,58.84
2026-08-20,Humira,16.31,16:32:53,2,8,58.85
2026-08-20,Humira,17.12,16:33:23,2,8,58.86
2026-08-20,Humira,17.04,16:33:53,2,8,58.87
2026-08-20,Humira,17.29,16:34:23,2,8,58.88
2026-08-20,Humira,17.33,16:34:53,2,8,58.89
2026-08-20,Humira,6.55,16:35:23,2,8,0.0
2026-08-20,Humira,12.22,16:35:53,2,8,58.91
2026-08-20,Humira,3.26,16:36:23,2,8,0.0
2026-08-20,Humira,16.51,16:36:53,2,8,58.93
2026-08-20,Humira,6.03,16:37:23,2,8,0.0
2026-08-20,Humira,2.49,16:37:53,2,8,0.0
2026-08-20,Humira,3.71,16:38:23,2,8,0.0
2026-08-20,Humira,6.97,16:38:53,2,8,0.0
2026-08-20,Humira,6.06,16:39:23,2,8,0.0
2026-08-20,Humira,15.03,16:39:53,2,8,59.0
2026-08-20,Humira,3.72,16:40:23,2,8,0.0
2026-08-20,Humira,15.77,16:40:53,2,8,59.02
2026-08-20,Humira,9.56,16:41:23,2,8,59.03
2026-08-20,Humira,2.3,16:41:53,2,8,0.0
2026-08-20,Humira,3.64,16:42:23,2,8,0.0
2026-08-20,Humira,4.86,16:42:53,2,8,0.0
2026-08-20,Humira,7.71,16:43:23,2,8,0.0
2026-08-20,Humira,13.63,16:43:53,2,8,59.09
2026-08-20,Humira,12.86,16:44:23,2,8,59.1
2026-08-20,Humira,15.71,16:44:53,2,8,59.11
2026-08-20,Humira,9.03,16:45:23,2,8,59.12
2026-08-20,Humira,3.85,16:45:53,2,8,0.0
2026-08-20,Humira,14.57,16:46:23,2,8,59.14
2026-08-20,Humira,4.01,16:46:53,2,8,0.0
2026-08-20,Humira,2.38,16:47:23,2,8,0.0
2026-08-20,Humira,10.39,16:47:53,2,8,59.17
2026-08-20,Humira,13.18,16:48:23,2,8,59.18
2026-08-20,Humira,5.3,16:48:53,2,8,0.0
2026-08-20,Humira,12.85,16:49:23,2,8,59.2
2026-08-20,Humira,17.74,16:49:53,2,8,59.21
2026-08-20,Humira,17.66,16:50:23,2,8,59.23
2026-08-20,Humira,5.3,16:50:53,2,8,0.0
2026-08-20,Humira,12.74,16:51:23,2,8,59.25
2026-08-20,Humira,17.11,16:51:53,2,8,59.26
2026-08-20,Humira,16.57,16:52:23,2,8,59.27
2026-08-20,Humira,10.7,16:52:53,2,8,59.28
2026-08-20,Humira,9.63,16:53:23,2,8,59.29
2026-08-20,Humira,7.86,16:53:53,2,8,0.0
2026-08-20,Humira,6.75,16:54:23,2,8,0.0
2026-08-20,Humira,15.71,16:54:53,2,8,59.32
2026-08-20,Humira,15.92,16:55:23,2,8,59.33
2026-08-20,Humira,9.33,16:55:53,2,8,59.34
2026-08-20,Humira,2.1,16:56:23,2,8,0.0
2026-08-20,Humira,3.57,16:56:53,2,8,0.0
2026-08-20,Humira,10.01,16:57:23,2,8,59.38
2026-08-20,Humira,10.07,16:57:53,2,8,59.39
2026-08-20,Humira,2.4,16:58:23,2,8,0.0
2026-08-20,Humira,4.71,16:58:53,2,8,0.0
2026-08-20,Humira,17.49,16:59:23,2,8,59.42
2026-08-20,Humira,11.17,16:59:53,2,8,59.43
2026-08-20,Humira,17.48,17:00:23,2,8,59.44
2026-08-20,Humira,3.65,17:00:53,2,8,0.0
2026-08-20,Humira,5.21,17:01:23,2,8,0.0
2026-08-20,Humira,7.87,17:01:53,2,8,0.0
2026-08-20,Humira,15.53,17:02:23,2,8,59.49
2026-08-20,Humira,6.53,17:02:53,2,8,0.0
2026-08-20,Humira,15.69,17:03:23,2,8,59.51
2026-08-20,Humira,7.68,17:03:53,2,8,0.0
2026-08-20,Humira,3.63,17:04:23,2,8,0.0
2026-08-20,Humira,14.53,17:04:53,2,8,59.54
2026-08-20,Humira,17.65,17:05:23,2,8,59.55
2026-08-20,Humira,17.46,17:05:53,2,8,59.56
2026-08-20,Humira,13.34,17:06:23,2,8,59.57
2026-08-20,Humira,11.9,17:06:53,2,8,59.58
2026-08-20,Humira,9.81,17:07:23,2,8,59.59
2026-08-20,Humira,12.56,17:07:53,2,8,59.61
2026-08-20,Humira,9.98,17:08:23,2,8,59.62
2026-08-20,Humira,6.82,17:08:53,2,8,0.0
2026-08-20,Humira,6.09,17:09:23,2,8,0.0
2026-08-20,Humira,11.75,17:09:53,2,8,59.65
2026-08-20,Humira,12.64,17:10:23,2,8,59.66
2026-08-20,Humira,13.71,17:10:53,2,8,59.67
2026-08-20,Humira,4.96,17:11:23,2,8,0.0
2026-08-20,Humira,3.74,17:11:53,2,8,0.0
2026-08-20,Humira,17.92,17:12:23,2,8,59.7
2026-08-20,Humira,7.96,17:12:53,2,8,0.0
2026-08-20,Humira,7.8,17:13:23,2,8,0.0
2026-08-20,Humira,10.33,17:13:53,2,8,59.74
2026-08-20,Humira,17.93,17:14:23,2,8,59.75
2026-08-20,Humira,14.4,17:14:53,2,8,59.76
2026-08-20,Humira,5.2,17:15:23,2,8,0.0
2026-08-20,Humira,14.35,17:15:53,2,8,59.78
2026-08-20,Humira,14.04,17:16:23,2,8,59.79
2026-08-20,Humira,14.08,17:16:53,2,8,59.8
2026-08-20,Humira,3.59,17:17:23,2,8,0.0
2026-08-20,Humira,12.19,17:17:53,2,8,59.82
2026-08-20,Humira,17.75,17:18:23,2,8,59.83
2026-08-20,Humira,6.27,17:18:53,2,8,0.0
2026-08-20,Humira,6.37,17:19:23,2,8,0.0
2026-08-20,Humira,16.93,17:19:53,2,8,59.86
2026-08-20,Humira,6.87,17:20:23,2,8,0.0
2026-08-20,Humira,13.48,17:20:53,2,8,59.89
2026-08-20,Humira,9.33,17:21:23,2,8,59.9
2026-08-20,Humira,16.15,17:21:53,2,8,59.91
2026-08-20,Humira,15.71,17:22:23,2,8,59.92
2026-08-20,Humira,13.02,17:22:53,2,8,59.93
2026-08-20,Humira,11.97,17:23:23,2,8,59.94
2026-08-20,Humira,7.36,17:23:53,2,8,0.0
2026-08-20,Humira,17.72,17:24:23,2,8,59.96
2026-08-20,Humira,17.0,17:24:53,2,8,59.97
2026-08-20,Humira,16.86,17:25:23,2,8,59.98
2026-08-20,Humira,15.27,17:25:53,2,8,59.99
2026-08-20,Humira,9.09,17:26:23,2,8,60.01
2026-08-20,Humira,11.82,17:26:53,2,8,60.02
2026-08-20,Humira,6.47,17:27:23,2,8,0.0
2026-08-20,Humira,6.39,17:27:53,2,8,0.0
2026-08-20,Humira,16.98,17:28:23,2,8,60.05
2026-08-20,Humira,9.35,17:28:53,2,8,60.06
2026-08-20,Humira,3.32,17:29:23,2,8,0.0
2026-08-20,Humira,9.87,17:29:53,2,8,60.08
2026-08-20,Humira,12.15,17:30:23,2,8,60.09
2026-08-20,Humira,17.03,17:30:53,2,8,60.1
2026-08-20,Humira,5.53,17:31:23,2,8,0.0
2026-08-20,Humira,7.28,17:31:53,2,8,0.0
2026-08-20,Humira,5.77,17:32:23,2,8,0.0
2026-08-20,Humira,9.01,17:32:53,2,8,60.15
2026-08-20,Humira,15.74,17:33:23,2,8,60.16
2026-08-20,Humira,2.45,17:33:53,2,8,0.0
2026-08-20,Humira,10.21,17:34:23,2,8,60.18
2026-08-20,Humira,5.0,17:34:53,2,8,0.0
2026-08-20,Humira,9.8,17:35:23,2,8,60.2
2026-08-20,Humira,15.77,17:35:53,2,8,60.21
2026-08-20,Humira,7.53,17:36:23,2,8,0.0
2026-08-20,Humira,11.02,17:36:53,2,8,60.23
2026-08-20,Humira,17.02,17:37:23,2,8,60.24
2026-08-20,Humira,6.71,17:37:53,2,8,0.0
2026-08-20,Humira,5.99,17:38:23,2,8,0.0
2026-08-20,Humira,14.85,17:38:53,2,8,60.28
2026-08-20,Humira,3.56,17:39:23,2,8,0.0
2026-08-20,Humira,11.62,17:39:53,2,8,60.3
2026-08-20,Humira,12.7,17:40:23,2,8,60.31
2026-08-20,Humira,17.8,17:40:53,2,8,60.32
2026-08-20,Humira,16.8,17:41:23,2,8,60.33
2026-08-20,Humira,6.39,17:41:53,2,8,0.0
2026-08-20,Humira,16.82,17:42:23,2,8,60.35
2026-08-20,Humira,6.88,17:42:53,2,8,0.0
2026-08-20,Humira,12.0,17:43:23,2,8,60.37
2026-08-20,Humira,16.9,17:43:53,2,8,60.39
2026-08-20,Humira,9.27,17:44:23,2,8,60.4
2026-08-20,Humira,11.35,17:44:53,2,8,60.41
2026-08-20,Humira,16.42,17:45:23,2,8,60.42
2026-08-20,Humira,9.14,17:45:53,2,8,60.43
2026-08-20,Humira,11.68,17:46:23,2,8,60.44
2026-08-20,Humira,3.85,17:46:53,2,8,0.0
2026-08-20,Humira,9.32,17:47:23,2,8,60.46
2026-08-20,Humira,4.11,17:47:53,2,8,0.0
2026-08-20,Humira,7.52,17:48:23,2,8,0.0
2026-08-20,Humira,14.17,17:48:53,2,8,60.49
2026-08-20,Humira,12.32,17:49:23,2,8,60.5
2026-08-20,Humira,2.33,17:49:53,2,8,0.0
2026-08-20,Humira,10.0,17:50:23,2,8,60.53
2026-08-20,Humira,2.97,17:50:53,2,8,0.0
2026-08-20,Humira,13.51,17:51:23,2,8,60.55
2026-08-20,Humira,13.44,17:51:53,2,8,60.56
2026-08-20,Humira,3.86,17:52:23,2,8,0.0
2026-08-20,Humira,16.53,17:52:53,2,8,60.58
2026-08-20,Humira,15.42,17:53:23,2,8,60.59
2026-08-20,Humira,13.74,17:53:53,2,8,60.6
2026-08-20,Humira,7.25,17:54:23,2,8,0.0
2026-08-20,Humira,6.67,17:54:53,2,8,0.0
2026-08-20,Humira,17.73,17:55:23,2,8,60.63
2026-08-20,Humira,15.8,17:55:53,2,8,60.65
2026-08-20,Humira,14.77,17:56:23,2,8,60.66
2026-08-20,Humira,9.7,17:56:53,2,8,60.67
2026-08-20,Humira,9.87,17:57:23,2,8,60.68
2026-08-20,Humira,12.24,17:57:53,2,8,60.69
2026-08-20,Humira,12.14,17:58:23,2,8,60.7
2026-08-20,Humira,13.19,17:58:53,2,8,60.71
2026-08-20,Humira,10.12,17:59:23,2,8,60.72
2026-08-20,Humira,13.83,17:59:53,2,8,60.73
2026-08-20,Humira,10.06,18:00:23,2,8,60.74
2026-08-20,Humira,17.56,18:00:53,2,8,60.75
2026-08-20,Humira,10.53,18:01:23,2,8,60.76
2026-08-20,Humira,7.32,18:01:53,2,8,0.0
2026-08-20,Humira,14.35,18:02:23,2,8,60.79
2026-08-20,Humira,6.73,18:02:53,2,8,0.0
2026-08-20,Humira,16.45,18:03:23,2,8,60.81
2026-08-20,Humira,2.28,18:03:53,2,8,0.0
2026-08-20,Humira,15.3,18:04:23,2,8,60.83
2026-08-20,Humira,3.22,18:04:53,2,8,0.0
2026-08-20,Humira,16.92,18:05:23,2,8,60.85
2026-08-20,Humira,9.32,18:05:53,2,8,60.86
2026-08-20,Humira,6.99,18:06:23,2,8,0.0
2026-08-20,Humira,3.7,18:06:53,2,8,0.0
2026-08-20,Humira,5.76,18:07:23,2,8,0.0
2026-08-20,Humira,13.99,18:07:53,2,8,60.91
2026-08-20,Humira,13.48,18:08:23,2,8,60.92
2026-08-20,Humira,5.76,18:08:53,2,8,0.0
2026-08-20,Humira,2.0,18:09:23,2,8,0.0
2026-08-20,Humira,17.49,18:09:53,2,8,60.95
2026-08-20,Humira,11.34,18:10:23,2,8,60.96
2026-08-20,Humira,5.46,18:10:53,2,8,0.0
2026-08-20,Humira,14.45,18:11:23,2,8,60.98
2026-08-20,Humira,12.45,18:11:53,2,8,60.99
2026-08-20,Humira,13.62,18:12:23,2,8,61.0
2026-08-20,Humira,14.43,18:12:53,2,8,61.01
2026-08-20,Humira,13.72,18:13:23,2,8,61.02
2026-08-20,Humira,16.54,18:13:53,2,8,61.04
2026-08-20,Humira,13.9,18:14:23,2,8,61.05
2026-08-20,Humira,7.36,18:14:53,2,8,0.0
2026-08-20,Humira,9.34,18:15:23,2,8,61.07
2026-08-20,Humira,13.77,18:15:53,2,8,61.08
2026-08-20,Humira,17.49,18:16:23,2,8,61.09
2026-08-20,Humira,4.43,18:16:53,2,8,0.0
2026-08-20,Humira,10.42,18:17:23,2,8,61.11
2026-08-20,Humira,12.05,18:17:53,2,8,61.12
2026-08-20,Humira,14.94,18:18:23,2,8,61.13
2026-08-20,Humira,9.85,18:18:53,2,8,61.14
2026-08-20,Humira,15.75,18:19:23,2,8,61.15
2026-08-20,Humira,15.85,18:19:53,2,8,61.16
2026-08-20,Humira,6.24,18:20:23,2,8,0.0
2026-08-20,Humira,11.69,18:20:53,2,8,61.19
2026-08-20,Humira,9.73,18:21:23,2,8,61.2
2026-08-20,Humira,12.06,18:21:53,2,8,61.21
2026-08-20,Humira,15.93,18:22:23,2,8,61.22
2026-08-20,Humira,2.66,18:22:53,2,8,0.0
2026-08-20,Humira,13.52,18:23:23,2,8,61.24
2026-08-20,Humira,15.33,18:23:53,2,8,61.25
2026-08-20,Humira,14.24,18:24:23,2,8,61.26
2026-08-20,Humira,10.21,18:24:53,2,8,61.27
2026-08-20,Humira,2.56,18:25:23,2,8,0.0
2026-08-20,Humira,9.35,18:25:53,2,8,61.3
2026-08-20,Humira,3.52,18:26:23,2,8,0.0
2026-08-20,Humira,9.61,18:26:53,2,8,61.32
2026-08-20,Humira,17.68,18:27:23,2,8,61.33
2026-08-20,Humira,3.79,18:27:53,2,8,0.0
2026-08-20,Humira,7.75,18:28:23,2,8,0.0
2026-08-20,Humira,2.8,18:28:53,2,8,0.0
2026-08-20,Humira,13.1,18:29:23,2,8,61.37
2026-08-20,Humira,3.93,18:29:53,2,8,0.0
2026-08-20,Humira,12.46,18:30:23,2,8,61.39
2026-08-20,Humira,15.06,18:30:53,2,8,61.4
2026-08-20,Humira,10.59,18:31:23,2,8,61.41
2026-08-20,Humira,11.54,18:31:53,2,8,61.43
2026-08-20,Humira,7.42,18:32:23,2,8,0.0
2026-08-20,Humira,10.71,18:32:53,2,8,61.45
2026-08-20,Humira,11.91,18:33:23,2,8,61.46
2026-08-20,Humira,14.6,18:33:53,2,8,61.47
2026-08-20,Humira,11.32,18:34:23,2,8,61.48
2026-08-20,Humira,5.29,18:34:53,2,8,0.0
2026-08-20,Humira,4.09,18:35:23,2,8,0.0
2026-08-20,Humira,3.33,18:35:53,2,8,0.0
2026-08-20,Humira,13.05,18:36:23,2,8,61.52
2026-08-20,Humira,9.95,18:36:53,2,8,61.53
2026-08-20,Humira,3.58,18:37:23,2,8,0.0
2026-08-20,Humira,9.71,18:37:53,2,8,61.56
2026-08-20,Humira,10.76,18:38:23,2,8,61.57
2026-08-20,Humira,15.12,18:38:53,2,8,61.58
2026-08-20,Humira,9.51,18:39:23,2,8,61.59
2026-08-20,Humira,14.52,18:39:53,2,8,61.6
2026-08-20,Humira,7.1,18:40:23,2,8,0.0
2026-08-20,Humira,16.07,18:40:53,2,8,61.62
2026-08-20,Humira,7.19,18:41:23,2,8,0.0
2026-08-20,Humira,14.96,18:41:53,2,8,61.64
2026-08-20,Humira,12.07,18:42:23,2,8,61.65
2026-08-20,Humira,12.03,18:42:53,2,8,61.66
2026-08-20,Humira,6.06,18:43:23,2,8,0.0
2026-08-20,Humira,9.91,18:43:53,2,8,61.69
2026-08-20,Humira,13.76,18:44:23,2,8,61.7
2026-08-20,Humira,9.45,18:44:53,2,8,61.71
2026-08-20,Humira,13.86,18:45:23,2,8,61.72
2026-08-20,Humira,14.41,18:45:53,2,8,61.73
2026-08-20,Humira,2.35,18:46:23,2,8,0.0
2026-08-20,Humira,9.52,18:46:53,2,8,61.75
2026-08-20,Humira,11.83,18:47:23,2,8,61.76
2026-08-20,Humira,7.08,18:47:53,2,8,0.0
2026-08-20,Humira,3.5,18:48:23,2,8,0.0
2026-08-20,Humira,2.56,18:48:53,2,8,0.0
2026-08-20,Humira,12.31,18:49:23,2,8,61.8
2026-08-20,Humira,12.91,18:49:53,2,8,61.81
2026-08-20,Humira,12.62,18:50:23,2,8,61.83
2026-08-20,Humira,17.41,18:50:53,2,8,61.84
2026-08-20,Humira,17.16,18:51:23,2,8,61.85
2026-08-20,Humira,3.32,18:51:53,2,8,0.0
2026-08-20,Humira,6.52,18:52:23,2,8,0.0
2026-08-20,Humira,6.53,18:52:53,2,8,0.0
2026-08-20,Humira,16.66,18:53:23,2,8,61.89
2026-08-20,Humira,5.97,18:53:53,2,8,0.0
2026-08-20,Humira,5.17,18:54:23,2,8,0.0
2026-08-20,Humira,3.45,18:54:53,2,8,0.0
2026-08-20,Humira,4.8,18:55:23,2,8,0.0
2026-08-20,Humira,16.03,18:55:53,2,8,61.95
2026-08-20,Humira,12.19,18:56:23,2,8,61.96
2026-08-20,Humira,11.92,18:56:53,2,8,61.97
2026-08-20,Humira,15.42,18:57:23,2,8,61.98
2026-08-20,Humira,7.1,18:57:53,2,8,0.0
2026-08-20,Humira,17.91,18:58:23,2,8,62.0
2026-08-20,Humira,14.67,18:58:53,2,8,62.01
2026-08-20,Humira,11.13,18:59:23,2,8,62.02
2026-08-20,Humira,16.49,18:59:53,2,8,62.03
2026-08-20,Humira,11.13,19:00:23,2,8,62.04
2026-08-20,Humira,10.12,19:00:53,2,8,62.05
2026-08-20,Humira,12.48,19:01:23,2,8,62.06
2026-08-20,Humira,16.31,19:01:53,2,8,62.08
2026-08-20,Humira,6.15,19:02:23,2,8,0.0
2026-08-20,Humira,12.86,19:02:53,2,8,62.1
2026-08-20,Humira,6.94,19:03:23,2,8,0.0
2026-08-20,Humira,17.3,19:03:53,2,8,62.12
2026-08-20,Humira,11.4,19:04:23,2,8,62.13
2026-08-20,Humira,2.92,19:04:53,2,8,0.0
2026-08-20,Humira,5.53,19:05:23,2,8,0.0
2026-08-20,Humira,4.19,19:05:53,2,8,0.0
2026-08-20,Humira,16.11,19:06:23,2,8,62.17
2026-08-20,Humira,17.44,19:06:53,2,8,62.18
2026-08-20,Humira,7.35,19:07:23,2,8,0.0
2026-08-20,Humira,17.94,19:07:53,2,8,62.21
2026-08-20,Humira,17.36,19:08:23,2,8,62.22
2026-08-20,Humira,15.19,19:08:53,2,8,62.23
2026-08-20,Humira,16.69,19:09:23,2,8,62.24
2026-08-20,Humira,5.26,19:09:53,2,8,0.0
2026-08-20,Humira,2.03,19:10:23,2,8,0.0
2026-08-20,Humira,14.82,19:10:53,2,8,62.27
2026-08-20,Humira,12.11,19:11:23,2,8,62.28
2026-08-20,Humira,16.9,19:11:53,2,8,62.29
2026-08-20,Humira,14.46,19:12:23,2,8,62.3
2026-08-20,Humira,16.92,19:12:53,2,8,62.31
2026-08-20,Humira,15.84,19:13:23,2,8,62.32
2026-08-20,Humira,14.59,19:13:53,2,8,62.34
2026-08-20,Humira,15.55,19:14:23,2,8,62.35
2026-08-20,Humira,4.06,19:14:53,2,8,0.0
2026-08-20,Humira,14.26,19:15:23,2,8,62.37
2026-08-20,Humira,14.42,19:15:53,2,8,62.38
2026-08-20,Humira,6.7,19:16:23,2,8,0.0
2026-08-20,Humira,5.9,19:16:53,2,8,0.0
2026-08-20,Humira,12.59,19:17:23,2,8,62.41
2026-08-20,Humira,3.69,19:17:53,2,8,0.0
2026-08-20,Humira,15.03,19:18:23,2,8,62.43
2026-08-20,Humira,14.35,19:18:53,2,8,62.44
2026-08-20,Humira,14.48,19:19:23,2,8,62.45
2026-08-20,Humira,9.29,19:19:53,2,8,62.46
2026-08-20,Humira,15.26,19:20:23,2,8,62.48
2026-08-20,Humira,12.53,19:20:53,2,8,62.49
2026-08-20,Humira,4.03,19:21:23,2,8,0.0
2026-08-20,Humira,4.78,19:21:53,2,8,0.0
2026-08-20,Humira,2.38,19:22:23,2,8,0.0
2026-08-20,Humira,2.56,19:22:53,2,8,0.0
2026-08-20,Humira,4.26,19:23:23,2,8,0.0
2026-08-20,Humira,4.63,19:23:53,2,8,0.0
2026-08-20,Humira,2.56,19:24:23,2,8,0.0
2026-08-20,Humira,7.6,19:24:53,2,8,0.0
2026-08-20,Humira,16.75,19:25:23,2,8,62.58
2026-08-20,Humira,17.86,19:25:53,2,8,62.59
2026-08-20,Humira,7.3,19:26:23,2,8,0.0
2026-08-20,Humira,4.09,19:26:53,2,8,0.0
2026-08-20,Humira,16.65,19:27:23,2,8,62.63
2026-08-20,Humira,10.6,19:27:53,2,8,62.64
2026-08-20,Humira,16.18,19:28:23,2,8,62.65
2026-08-20,Humira,15.2,19:28:53,2,8,62.66
2026-08-20,Humira,2.69,19:29:23,2,8,0.0
2026-08-20,Humira,10.64,19:29:53,2,8,62.68
2026-08-20,Humira,4.68,19:30:23,2,8,0.0
2026-08-20,Humira,17.61,19:30:53,2,8,62.7
2026-08-20,Humira,17.34,19:31:23,2,8,62.71
2026-08-20,Humira,10.22,19:31:53,2,8,62.73
2026-08-20,Humira,16.19,19:32:23,2,8,62.74
2026-08-20,Humira,7.66,19:32:53,2,8,0.0
2026-08-20,Humira,12.0,19:33:23,2,8,62.76
2026-08-20,Humira,11.06,19:33:53,2,8,62.77
2026-08-20,Humira,15.72,19:34:23,2,8,62.78
2026-08-20,Humira,13.56,19:34:53,2,8,62.79
2026-08-20,Humira,5.13,19:35:23,2,8,0.0
2026-08-20,Humira,16.0,19:35:53,2,8,62.81
2026-08-20,Humira,13.59,19:36:23,2,8,62.82
2026-08-20,Humira,17.73,19:36:53,2,8,62.83
2026-08-20,Humira,13.55,19:37:23,2,8,62.84
2026-08-20,Humira,17.83,19:37:53,2,8,62.86
2026-08-20,Humira,10.87,19:38:23,2,8,62.87
2026-08-20,Humira,9.53,19:38:53,2,8,62.88
2026-08-20,Humira,13.68,19:39:23,2,8,62.89
2026-08-20,Humira,4.01,19:39:53,2,8,0.0
2026-08-20,Humira,17.1,19:40:23,2,8,62.91
2026-08-20,Humira,10.41,19:40:53,2,8,62.92
2026-08-20,Humira,5.88,19:41:23,2,8,0.0
2026-08-20,Humira,10.03,19:41:53,2,8,62.94
2026-08-20,Humira,13.55,19:42:23,2,8,62.95
2026-08-20,Humira,13.41,19:42:53,2,8,62.96
2026-08-20,Humira,15.56,19:43:23,2,8,62.97
2026-08-20,Humira,15.83,19:43:53,2,8,62.99
2026-08-20,Humira,9.91,19:44:23,2,8,63.0
2026-08-20,Humira,7.77,19:44:53,2,8,0.0
2026-08-20,Humira,11.86,19:45:23,2,8,63.02
2026-08-20,Humira,10.11,19:45:53,2,8,63.03
2026-08-20,Humira,12.91,19:46:23,2,8,63.04
2026-08-20,Humira,5.55,19:46:53,2,8,0.0
2026-08-20,Humira,16.47,19:47:23,2,8,63.06
2026-08-20,Humira,16.58,19:47:53,2,8,63.07
2026-08-20,Humira,7.59,19:48:23,2,8,0.0
2026-08-20,Humira,13.86,19:48:53,2,8,63.09
2026-08-20,Humira,11.36,19:49:23,2,8,63.1
2026-08-20,Humira,3.36,19:49:53,2,8,0.0
2026-08-20,Humira,14.19,19:50:23,2,8,63.13
2026-08-20,Humira,10.01,19:50:53,2,8,63.14
2026-08-20,Humira,14.7,19:51:23,2,8,63.15
2026-08-20,Humira,12.24,19:51:53,2,8,63.16
2026-08-20,Humira,14.11,19:52:23,2,8,63.17
2026-08-20,Humira,14.48,19:52:53,2,8,63.18
2026-08-20,Humira,12.35,19:53:23,2,8,63.19
2026-08-20,Humira,7.26,19:53:53,2,8,0.0
2026-08-20,Humira,9.6,19:54:23,2,8,63.21
2026-08-20,Humira,12.08,19:54:53,2,8,63.22
2026-08-20,Humira,7.64,19:55:23,2,8,0.0
2026-08-20,Humira,13.13,19:55:53,2,8,63.24
2026-08-20,Humira,11.77,19:56:23,2,8,63.26
2026-08-20,Humira,3.88,19:56:53,2,8,0.0
2026-08-20,Humira,5.27,19:57:23,2,8,0.0
2026-08-20,Humira,14.35,19:57:53,2,8,63.29
2026-08-20,Humira,9.11,19:58:23,2,8,63.3
2026-08-20,Humira,12.9,19:58:53,2,8,63.31
2026-08-20,Humira,12.86,19:59:23,2,8,63.32
2026-08-20,Humira,2.58,19:59:53,2,8,0.0
2026-08-20,Humira,11.06,20:00:23,2,8,63.34
2026-08-20,Humira,6.25,20:00:53,2,8,0.0
2026-08-20,Humira,17.51,20:01:23,2,8,63.36
2026-08-20,Humira,3.44,20:01:53,2,8,0.0
2026-08-20,Humira,12.95,20:02:23,2,8,63.39
2026-08-20,Humira,11.56,20:02:53,2,8,63.4
2026-08-20,Humira,3.19,20:03:23,2,8,0.0
2026-08-20,Humira,15.57,20:03:53,2,8,63.42
2026-08-20,Humira,4.58,20:04:23,2,8,0.0
2026-08-20,Humira,15.3,20:04:53,2,8,63.44
2026-08-20,Humira,17.77,20:05:23,2,8,63.45
2026-08-20,Humira,7.63,20:05:53,2,8,0.0
2026-08-20,Humira,17.17,20:06:23,2,8,63.47
2026-08-20,Humira,4.46,20:06:53,2,8,0.0
2026-08-20,Humira,17.14,20:07:23,2,8,63.49
2026-08-20,Humira,2.88,20:07:53,2,8,0.0
2026-08-20,Humira,14.48,20:08:23,2,8,63.52
2026-08-20,Humira,4.73,20:08:53,2,8,0.0
2026-08-20,Humira,7.96,20:09:23,2,8,0.0
2026-08-20,Humira,13.47,20:09:53,2,8,63.55
2026-08-20,Humira,5.13,20:10:23,2,8,0.0
2026-08-20,Humira,4.18,20:10:53,2,8,0.0
2026-08-20,Humira,4.74,20:11:23,2,8,0.0
2026-08-20,Humira,11.28,20:11:53,2,8,63.59
2026-08-20,Humira,2.95,20:12:23,2,8,0.0
2026-08-20,Humira,17.04,20:12:53,2,8,63.61
2026-08-20,Humira,3.16,20:13:23,2,8,0.0
2026-08-20,Humira,5.99,20:13:53,2,8,0.0
2026-08-20,Humira,16.94,20:14:23,2,8,63.65
2026-08-20,Humira,6.15,20:14:53,2,8,0.0
2026-08-20,Humira,9.49,20:15:23,2,8,63.67
2026-08-20,Humira,13.44,20:15:53,2,8,63.68
2026-08-20,Humira,12.19,20:16:23,2,8,63.69
2026-08-20,Humira,11.45,20:16:53,2,8,63.7
2026-08-20,Humira,15.37,20:17:23,2,8,63.71
2026-08-20,Humira,10.94,20:17:53,2,8,63.72
2026-08-20,Humira,10.46,20:18:23,2,8,63.73
2026-08-20,Humira,2.56,20:18:53,2,8,0.0
2026-08-20,Humira,11.13,20:19:23,2,8,63.75
2026-08-20,Humira,17.98,20:19:53,2,8,63.77
2026-08-20,Humira,16.61,20:20:23,2,8,63.78
2026-08-20,Humira,10.12,20:20:53,2,8,63.79
2026-08-20,Humira,9.07,20:21:23,2,8,63.8
2026-08-20,Humira,14.39,20:21:53,2,8,63.81
2026-08-20,Humira,12.06,20:22:23,2,8,63.82
2026-08-20,Humira,16.7,20:22:53,2,8,63.83
2026-08-20,Humira,14.75,20:23:23,2,8,63.84
2026-08-20,Humira,15.74,20:23:53,2,8,63.85
2026-08-20,Humira,17.27,20:24:23,2,8,63.86
2026-08-20,Humira,4.17,20:24:53,2,8,0.0
2026-08-20,Humira,7.0,20:25:23,2,8,0.0
2026-08-20,Humira,11.08,20:25:53,2,8,63.9
2026-08-20,Humira,5.19,20:26:23,2,8,0.0
2026-08-20,Humira,12.39,20:26:53,2,8,63.92
2026-08-20,Humira,9.31,20:27:23,2,8,63.93
2026-08-20,Humira,3.82,20:27:53,2,8,0.0
2026-08-20,Humira,12.34,20:28:23,2,8,63.95
2026-08-20,Humira,7.26,20:28:53,2,8,0.0
2026-08-20,Humira,16.98,20:29:23,2,8,63.97
2026-08-20,Humira,15.49,20:29:53,2,8,63.98
2026-08-20,Humira,5.2,20:30:23,2,8,0.0
2026-08-20,Humira,14.52,20:30:53,2,8,64.0
2026-08-20,Humira,7.21,20:31:23,2,8,0.0
2026-08-20,Humira,17.19,20:31:53,2,8,64.03
2026-08-20,Humira,12.44,20:32:23,2,8,64.04
2026-08-20,Humira,3.0,20:32:53,2,8,0.0
2026-08-20,Humira,9.04,20:33:23,2,8,64.06
2026-08-20,Humira,4.46,20:33:53,2,8,0.0
2026-08-20,Humira,16.75,20:34:23,2,8,64.08
2026-08-20,Humira,9.1,20:34:53,2,8,64.09
2026-08-20,Humira,11.59,20:35:23,2,8,64.1
2026-08-20,Humira,9.51,20:35:53,2,8,64.11
2026-08-20,Humira,10.24,20:36:23,2,8,64.12
2026-08-20,Humira,17.32,20:36:53,2,8,64.13
2026-08-20,Humira,11.87,20:37:23,2,8,64.14
2026-08-20,Humira,12.06,20:37:53,2,8,64.16
2026-08-20,Humira,2.69,20:38:23,2,8,0.0
2026-08-20,Humira,15.15,20:38:53,2,8,64.18
2026-08-20,Humira,2.64,20:39:23,2,8,0.0
2026-08-20,Humira,6.48,20:39:53,2,8,0.0
2026-08-20,Humira,17.55,20:40:23,2,8,64.21
2026-08-20,Humira,13.02,20:40:53,2,8,64.22
2026-08-20,Humira,14.97,20:41:23,2,8,64.23
2026-08-20,Humira,13.32,20:41:53,2,8,64.24
2026-08-20,Humira,6.99,20:42:23,2,8,0.0
2026-08-20,Humira,6.97,20:42:53,2,8,0.0
2026-08-20,Humira,6.37,20:43:23,2,8,0.0
2026-08-20,Humira,17.23,20:43:53,2,8,64.29
2026-08-20,Humira,7.72,20:44:23,2,8,0.0
2026-08-20,Humira,11.21,20:44:53,2,8,64.31
2026-08-20,Humira,6.05,20:45:23,2,8,0.0
2026-08-20,Humira,13.58,20:45:53,2,8,64.33
2026-08-20,Humira,11.79,20:46:23,2,8,64.34
2026-08-20,Humira,15.12,20:46:53,2,8,64.35
2026-08-20,Humira,11.56,20:47:23,2,8,64.36
2026-08-20,Humira,12.06,20:47:53,2,8,64.37
2026-08-20,Humira,12.28,20:48:23,2,8,64.38
2026-08-20,Humira,17.21,20:48:53,2,8,64.39
2026-08-20,Humira,10.39,20:49:23,2,8,64.4
2026-08-20,Humira,7.97,20:49:53,2,8,0.0
2026-08-20,Humira,17.11,20:50:23,2,8,64.43
2026-08-20,Humira,4.29,20:50:53,2,8,0.0
2026-08-20,Humira,17.08,20:51:23,2,8,64.45
2026-08-20,Humira,14.08,20:51:53,2,8,64.46
2026-08-20,Humira,4.13,20:52:23,2,8,0.0
2026-08-20,Humira,4.79,20:52:53,2,8,0.0
2026-08-20,Humira,16.03,20:53:23,2,8,64.49
2026-08-20,Humira,5.97,20:53:53,2,8,0.0
2026-08-20,Humira,9.59,20:54:23,2,8,64.51
2026-08-20,Humira,3.73,20:54:53,2,8,0.0
2026-08-20,Humira,12.32,20:55:23,2,8,64.53
2026-08-20,Humira,16.38,20:55:53,2,8,64.55
2026-08-20,Humira,15.08,20:56:23,2,8,64.56
2026-08-20,Humira,5.53,20:56:53,2,8,0.0
2026-08-20,Humira,11.12,20:57:23,2,8,64.58
2026-08-20,Humira,16.38,20:57:53,2,8,64.59
2026-08-20,Humira,10.1,20:58:23,2,8,64.6
2026-08-20,Humira,17.86,20:58:53,2,8,64.61
2026-08-20,Humira,17.68,20:59:23,2,8,64.62
2026-08-20,Humira,12.69,20:59:53,2,8,64.63
2026-08-20,Humira,11.9,21:00:23,2,8,64.64
2026-08-20,Humira,14.2,21:00:53,2,8,64.65
2026-08-20,Humira,9.46,21:01:23,2,8,64.66
2026-08-20,Humira,15.66,21:01:53,2,8,64.67
2026-08-20,Humira,7.5,21:02:23,2,8,0.0
2026-08-20,Humira,2.42,21:02:53,2,8,0.0
2026-08-20,Humira,5.81,21:03:23,2,8,0.0
2026-08-20,Humira,5.47,21:03:53,2,8,0.0
2026-08-20,Humira,15.53,21:04:23,2,8,64.73
2026-08-20,Humira,15.12,21:04:53,2,8,64.74
2026-08-20,Humira,15.03,21:05:23,2,8,64.75
2026-08-20,Humira,4.71,21:05:53,2,8,0.0
2026-08-20,Humira,6.17,21:06:23,2,8,0.0
2026-08-20,Humira,14.05,21:06:53,2,8,64.78
2026-08-20,Humira,14.6,21:07:23,2,8,64.79
2026-08-20,Humira,2.5,21:07:53,2,8,0.0
2026-08-20,Humira,3.48,21:08:23,2,8,0.0
2026-08-20,Humira,15.69,21:08:53,2,8,64.83
2026-08-20,Humira,6.93,21:09:23,2,8,0.0
2026-08-20,Humira,12.93,21:09:53,2,8,64.85
2026-08-20,Humira,15.48,21:10:23,2,8,64.86
2026-08-20,Humira,15.22,21:10:53,2,8,64.87
2026-08-20,Humira,6.84,21:11:23,2,8,0.0
2026-08-20,Humira,2.96,21:11:53,2,8,0.0
2026-08-20,Humira,7.12,21:12:23,2,8,0.0
2026-08-20,Humira,16.49,21:12:53,2,8,64.91
2026-08-20,Humira,4.58,21:13:23,2,8,0.0
2026-08-20,Humira,10.43,21:13:53,2,8,64.94
2026-08-20,Humira,14.21,21:14:23,2,8,64.95
2026-08-20,Humira,12.87,21:14:53,2,8,64.96
2026-08-20,Humira,6.24,21:15:23,2,8,0.0
2026-08-20,Humira,13.9,21:15:53,2,8,64.98
2026-08-20,Humira,9.91,21:16:23,2,8,64.99
2026-08-20,Humira,17.97,21:16:53,2,8,65.0
2026-08-20,Humira,10.83,21:17:23,2,8,65.01
2026-08-20,Humira,15.09,21:17:53,2,8,65.02
2026-08-20,Humira,14.63,21:18:23,2,8,65.03
2026-08-20,Humira,3.17,21:18:53,2,8,0.0
2026-08-20,Humira,12.72,21:19:23,2,8,65.05
2026-08-20,Humira,4.45,21:19:53,2,8,0.0
2026-08-20,Humira,7.36,21:20:23,2,8,0.0
2026-08-20,Humira,6.74,21:20:53,2,8,0.0
2026-08-20,Humira,7.29,21:21:23,2,8,0.0
2026-08-20,Humira,5.68,21:21:53,2,8,0.0
2026-08-20,Humira,9.23,21:22:23,2,8,65.12
2026-08-20,Humira,12.31,21:22:53,2,8,65.13
2026-08-20,Humira,3.23,21:23:23,2,8,0.0
2026-08-20,Humira,9.68,21:23:53,2,8,65.15
2026-08-20,Humira,5.72,21:24:23,2,8,0.0
2026-08-20,Humira,15.1,21:24:53,2,8,65.17
2026-08-20,Humira,5.21,21:25:23,2,8,0.0
2026-08-20,Humira,13.31,21:25:53,2,8,65.2
2026-08-20,Humira,13.3,21:26:23,2,8,65.21
2026-08-20,Humira,9.5,21:26:53,2,8,65.22
2026-08-20,Humira,17.92,21:27:23,2,8,65.23
2026-08-20,Humira,4.61,21:27:53,2,8,0.0
2026-08-20,Humira,12.57,21:28:23,2,8,65.25
2026-08-20,Humira,7.25,21:28:53,2,8,0.0
2026-08-20,Humira,7.33,21:29:23,2,8,0.0
2026-08-20,Humira,10.47,21:29:53,2,8,65.28
2026-08-20,Humira,7.61,21:30:23,2,8,0.0
2026-08-20,Humira,14.56,21:30:53,2,8,65.3
2026-08-20,Humira,16.53,21:31:23,2,8,65.31
2026-08-20,Humira,16.07,21:31:53,2,8,65.33
2026-08-20,Humira,6.98,21:32:23,2,8,0.0
2026-08-20,Humira,15.73,21:32:53,2,8,65.35
2026-08-20,Humira,10.58,21:33:23,2,8,65.36
2026-08-20,Humira,17.0,21:33:53,2,8,65.37
2026-08-20,Humira,14.74,21:34:23,2,8,65.38
2026-08-20,Humira,11.1,21:34:53,2,8,65.39
2026-08-20,Humira,6.34,21:35:23,2,8,0.0
2026-08-20,Humira,3.63,21:35:53,2,8,0.0
2026-08-20,Humira,6.73,21:36:23,2,8,0.0
2026-08-20,Humira,11.86,21:36:53,2,8,65.43
2026-08-20,Humira,6.47,21:37:23,2,8,0.0
2026-08-20,Humira,5.42,21:37:53,2,8,0.0
2026-08-20,Humira,10.79,21:38:23,2,8,65.47
2026-08-20,Humira,10.66,21:38:53,2,8,65.48
2026-08-20,Humira,14.48,21:39:23,2,8,65.49
2026-08-20,Humira,9.17,21:39:53,2,8,65.5
2026-08-20,Humira,11.96,21:40:23,2,8,65.51
2026-08-20,Humira,14.89,21:40:53,2,8,65.52
2026-08-20,Humira,10.55,21:41:23,2,8,65.53
2026-08-20,Humira,5.52,21:41:53,2,8,0.0
2026-08-20,Humira,11.91,21:42:23,2,8,65.55
2026-08-20,Humira,18.0,21:42:53,2,8,65.56
2026-08-20,Humira,12.42,21:43:23,2,8,65.57
2026-08-20,Humira,17.23,21:43:53,2,8,65.59
2026-08-20,Humira,17.98,21:44:23,2,8,65.6
2026-08-20,Humira,16.06,21:44:53,2,8,65.61
2026-08-20,Humira,4.53,21:45:23,2,8,0.0
2026-08-20,Humira,16.82,21:45:53,2,8,65.63
2026-08-20,Humira,16.72,21:46:23,2,8,65.64
2026-08-20,Humira,12.43,21:46:53,2,8,65.65
2026-08-20,Humira,15.93,21:47:23,2,8,65.66
2026-08-20,Humira,17.62,21:47:53,2,8,65.67
2026-08-20,Humira,7.85,21:48:23,2,8,0.0
2026-08-20,Humira,17.48,21:48:53,2,8,65.69
2026-08-20,Humira,2.01,21:49:23,2,8,0.0
2026-08-20,Humira,11.23,21:49:53,2,8,65.72
2026-08-20,Humira,16.52,21:50:23,2,8,65.73
2026-08-20,Humira,11.18,21:50:53,2,8,65.74
2026-08-20,Humira,15.92,21:51:23,2,8,65.75
2026-08-20,Humira,4.32,21:51:53,2,8,0.0
2026-08-20,Humira,4.13,21:52:23,2,8,0.0
2026-08-20,Humira,6.5,21:52:53,2,8,0.0
2026-08-20,Humira,6.47,21:53:23,2,8,0.0
2026-08-20,Humira,15.88,21:53:53,2,8,65.8
2026-08-20,Humira,11.27,21:54:23,2,8,65.81
2026-08-20,Humira,14.14,21:54:53,2,8,65.82
2026-08-20,Humira,16.97,21:55:23,2,8,65.83
2026-08-20,Humira,4.59,21:55:53,2,8,0.0
2026-08-20,Humira,11.51,21:56:23,2,8,65.86
2026-08-20,Humira,16.15,21:56:53,2,8,65.87
2026-08-20,Humira,3.83,21:57:23,2,8,0.0
2026-08-20,Humira,16.05,21:57:53,2,8,65.89
2026-08-20,Humira,12.59,21:58:23,2,8,65.9
2026-08-20,Humira,9.35,21:58:53,2,8,65.91
2026-08-20,Humira,16.28,21:59:23,2,8,65.92
2026-08-20,Humira,9.22,21:59:53,2,8,65.93
2026-08-20,Humira,9.43,22:00:23,2,8,65.94
2026-08-20,Humira,12.99,22:00:53,2,8,65.95
2026-08-20,Humira,5.25,22:01:23,2,8,0.0
2026-08-20,Humira,7.66,22:01:53,2,8,0.0
2026-08-20,Humira,16.89,22:02:23,2,8,65.99
2026-08-20,Humira,15.95,22:02:53,2,8,66.0
2026-08-20,Humira,3.24,22:03:23,2,8,0.0
2026-08-20,Humira,2.19,22:03:53,2,8,0.0
2026-08-20,Humira,12.45,22:04:23,2,8,66.03
2026-08-20,Humira,4.6,22:04:53,2,8,0.0
2026-08-20,Humira,5.35,22:05:23,2,8,0.0
2026-08-20,Humira,7.2,22:05:53,2,8,0.0
2026-08-20,Humira,6.7,22:06:23,2,8,0.0
2026-08-20,Humira,13.55,22:06:53,2,8,66.08
2026-08-20,Humira,16.76,22:07:23,2,8,66.09
2026-08-20,Humira,6.46,22:07:53,2,8,0.0
2026-08-20,Humira,5.94,22:08:23,2,8,0.0
2026-08-20,Humira,10.7,22:08:53,2,8,66.13
2026-08-20,Humira,15.43,22:09:23,2,8,66.14
2026-08-20,Humira,13.39,22:09:53,2,8,66.15
2026-08-20,Humira,17.07,22:10:23,2,8,66.16
2026-08-20,Humira,14.97,22:10:53,2,8,66.17
2026-08-20,Humira,13.69,22:11:23,2,8,66.18
2026-08-20,Humira,13.68,22:11:53,2,8,66.19
2026-08-20,Humira,7.52,22:12:23,2,8,0.0
2026-08-20,Humira,14.63,22:12:53,2,8,66.21
2026-08-20,Humira,9.34,22:13:23,2,8,66.22
2026-08-20,Humira,16.27,22:13:53,2,8,66.23
2026-08-20,Humira,12.81,22:14:23,2,8,66.25
2026-08-20,Humira,14.43,22:14:53,2,8,66.26
2026-08-20,Humira,15.02,22:15:23,2,8,66.27
2026-08-20,Humira,13.34,22:15:53,2,8,66.28
2026-08-20,Humira,15.92,22:16:23,2,8,66.29
2026-08-20,Humira,16.12,22:16:53,2,8,66.3
2026-08-20,Humira,6.74,22:17:23,2,8,0.0
2026-08-20,Humira,15.91,22:17:53,2,8,66.32
2026-08-20,Humira,4.3,22:18:23,2,8,0.0
2026-08-20,Humira,15.57,22:18:53,2,8,66.34
2026-08-20,Humira,15.81,22:19:23,2,8,66.35
2026-08-20,Humira,11.12,22:19:53,2,8,66.36
2026-08-20,Humira,16.23,22:20:23,2,8,66.38
2026-08-20,Humira,16.0,22:20:53,2,8,66.39
2026-08-20,Humira,9.03,22:21:23,2,8,66.4
2026-08-20,Humira,11.11,22:21:53,2,8,66.41
2026-08-20,Humira,12.28,22:22:23,2,8,66.42
2026-08-20,Humira,14.56,22:22:53,2,8,66.43
2026-08-20,Humira,9.08,22:23:23,2,8,66.44
2026-08-20,Humira,5.03,22:23:53,2,8,0.0
2026-08-20,Humira,7.7,22:24:23,2,8,0.0
2026-08-20,Humira,16.66,22:24:53,2,8,66.47
2026-08-20,Humira,6.67,22:25:23,2,8,0.0
2026-08-20,Humira,7.95,22:25:53,2,8,0.0
2026-08-20,Humira,2.65,22:26:23,2,8,0.0
2026-08-20,Humira,15.76,22:26:53,2,8,66.52
2026-08-20,Humira,13.11,22:27:23,2,8,66.53
2026-08-20,Humira,5.77,22:27:53,2,8,0.0
2026-08-20,Humira,2.97,22:28:23,2,8,0.0
2026-08-20,Humira,17.46,22:28:53,2,8,66.56
2026-08-20,Humira,4.78,22:29:23,2,8,0.0
2026-08-20,Humira,10.74,22:29:53,2,8,66.58
2026-08-20,Humira,5.71,22:30:23,2,8,0.0
2026-08-20,Humira,16.3,22:30:53,2,8,66.6
2026-08-20,Humira,13.88,22:31:23,2,8,66.61
2026-08-20,Humira,7.03,22:31:53,2,8,0.0
2026-08-20,Humira,3.77,22:32:23,2,8,0.0
2026-08-20,Humira,15.39,22:32:53,2,8,66.65
2026-08-20,Humira,9.51,22:33:23,2,8,66.66
2026-08-20,Humira,7.63,22:33:53,2,8,0.0
2026-08-20,Humira,14.6,22:34:23,2,8,66.68
2026-08-20,Humira,4.67,22:34:53,2,8,0.0
2026-08-20,Humira,10.48,22:35:23,2,8,66.7
2026-08-20,Humira,9.35,22:35:53,2,8,66.71
2026-08-20,Humira,9.7,22:36:23,2,8,66.72
2026-08-20,Humira,5.98,22:36:53,2,8,0.0
2026-08-20,Humira,9.9,22:37:23,2,8,66.74
2026-08-20,Humira,2.86,22:37:53,2,8,0.0
2026-08-20,Humira,3.81,22:38:23,2,8,0.0
2026-08-20,Humira,10.57,22:38:53,2,8,66.78
2026-08-20,Humira,4.65,22:39:23,2,8,0.0
2026-08-20,Humira,7.3,22:39:53,2,8,0.0
2026-08-20,Humira,12.95,22:40:23,2,8,66.81
2026-08-20,Humira,6.59,22:40:53,2,8,0.0
2026-08-20,Humira,2.74,22:41:23,2,8,0.0
2026-08-20,Humira,17.44,22:41:53,2,8,66.84
2026-08-20,Humira,14.72,22:42:23,2,8,66.85
2026-08-20,Humira,3.91,22:42:53,2,8,0.0
2026-08-20,Humira,17.71,22:43:23,2,8,66.87
2026-08-20,Humira,2.41,22:43:53,2,8,0.0
2026-08-20,Humira,3.4,22:44:23,2,8,0.0
2026-08-20,Humira,14.68,22:44:53,2,8,66.91
2026-08-20,Humira,9.76,22:45:23,2,8,66.92
2026-08-20,Humira,15.9,22:45:53,2,8,66.93
2026-08-20,Humira,5.68,22:46:23,2,8,0.0
2026-08-20,Humira,16.2,22:46:53,2,8,66.95
2026-08-20,Humira,5.79,22:47:23,2,8,0.0
2026-08-20,Humira,10.17,22:47:53,2,8,66.97
2026-08-20,Humira,2.93,22:48:23,2,8,0.0
2026-08-20,Humira,9.06,22:48:53,2,8,66.99
2026-08-20,Humira,10.5,22:49:23,2,8,67.0
2026-08-20,Humira,3.77,22:49:53,2,8,0.0
2026-08-20,Humira,2.22,22:50:23,2,8,0.0
2026-08-20,Humira,15.44,22:50:53,2,8,67.04
2026-08-20,Humira,14.85,22:51:23,2,8,67.05
2026-08-20,Humira,11.83,22:51:53,2,8,67.06
2026-08-20,Humira,14.53,22:52:23,2,8,67.07
2026-08-20,Humira,13.62,22:52:53,2,8,67.08
2026-08-20,Humira,11.08,22:53:23,2,8,67.09
2026-08-20,Humira,14.2,22:53:53,2,8,67.1
2026-08-20,Humira,9.41,22:54:23,2,8,67.11
2026-08-20,Humira,4.28,22:54:53,2,8,0.0
2026-08-20,Humira,5.11,22:55:23,2,8,0.0
2026-08-20,Humira,7.13,22:55:53,2,8,0.0
2026-08-20,Humira,7.44,22:56:23,2,8,0.0
2026-08-20,Humira,2.33,22:56:53,2,8,0.0
2026-08-20,Humira,13.68,22:57:23,2,8,67.18
2026-08-20,Humira,16.04,22:57:53,2,8,67.19
2026-08-20,Humira,5.3,22:58:23,2,8,0.0
2026-08-20,Humira,11.49,22:58:53,2,8,67.21
2026-08-20,Humira,16.24,22:59:23,2,8,67.22
2026-08-20,Humira,4.07,22:59:53,2,8,0.0
2026-08-20,Humira,9.51,23:00:23,2,8,67.24
2026-08-20,Humira,10.97,23:00:53,2,8,67.25
2026-08-20,Humira,12.08,23:01:23,2,8,67.26
2026-08-20,Humira,9.77,23:01:53,2,8,67.28
2026-08-20,Humira,15.19,23:02:23,2,8,67.29
2026-08-20,Humira,11.46,23:02:53,2,8,67.3
2026-08-20,Humira,2.27,23:03:23,2,8,0.0
2026-08-20,Humira,17.82,23:03:53,2,8,67.32
2026-08-20,Humira,6.41,23:04:23,2,8,0.0
2026-08-20,Humira,15.13,23:04:53,2,8,67.34
2026-08-20,Humira,12.72,23:05:23,2,8,67.35
2026-08-20,Humira,7.89,23:05:53,2,8,0.0
2026-08-20,Humira,4.81,23:06:23,2,8,0.0
2026-08-20,Humira,4.13,23:06:53,2,8,0.0
2026-08-20,Humira,16.12,23:07:23,2,8,67.39
2026-08-20,Humira,14.53,23:07:53,2,8,67.41
2026-08-20,Humira,16.85,23:08:23,2,8,67.42
2026-08-20,Humira,5.0,23:08:53,2,8,0.0
2026-08-20,Humira,7.99,23:09:23,2,8,0.0
2026-08-20,Humira,5.75,23:09:53,2,8,0.0
2026-08-20,Humira,15.8,23:10:23,2,8,67.46
2026-08-20,Humira,17.46,23:10:53,2,8,67.47
2026-08-20,Humira,5.79,23:11:23,2,8,0.0
2026-08-20,Humira,5.66,23:11:53,2,8,0.0
2026-08-20,Humira,12.72,23:12:23,2,8,67.5
2026-08-20,Humira,17.14,23:12:53,2,8,67.51
2026-08-20,Humira,12.1,23:13:23,2,8,67.52
2026-08-20,Humira,11.75,23:13:53,2,8,67.54
2026-08-20,Humira,15.18,23:14:23,2,8,67.55
2026-08-20,Humira,5.31,23:14:53,2,8,0.0
2026-08-20,Humira,17.79,23:15:23,2,8,67.57
2026-08-20,Humira,16.9,23:15:53,2,8,67.58
2026-08-20,Humira,6.06,23:16:23,2,8,0.0
2026-08-20,Humira,14.76,23:16:53,2,8,67.6
2026-08-20,Humira,16.51,23:17:23,2,8,67.61
2026-08-20,Humira,12.58,23:17:53,2,8,67.62
2026-08-20,Humira,15.23,23:18:23,2,8,67.63
2026-08-20,Humira,15.18,23:18:53,2,8,67.64
2026-08-20,Humira,9.44,23:19:23,2,8,67.65
2026-08-20,Humira,12.96,23:19:53,2,8,67.66
2026-08-20,Humira,17.19,23:20:23,2,8,67.68
2026-08-20,Humira,3.58,23:20:53,2,8,0.0
2026-08-20,Humira,12.76,23:21:23,2,8,67.7
2026-08-20,Humira,3.04,23:21:53,2,8,0.0
2026-08-20,Humira,7.74,23:22:23,2,8,0.0
2026-08-20,Humira,6.45,23:22:53,2,8,0.0
2026-08-20,Humira,12.44,23:23:23,2,8,67.74
2026-08-20,Humira,6.17,23:23:53,2,8,0.0
2026-08-20,Humira,2.5,23:24:23,2,8,0.0
2026-08-20,Humira,12.83,23:24:53,2,8,67.77
2026-08-20,Humira,5.94,23:25:23,2,8,0.0
2026-08-20,Humira,14.7,23:25:53,2,8,67.8
2026-08-20,Humira,2.37,23:26:23,2,8,0.0
2026-08-20,Humira,16.41,23:26:53,2,8,67.82
2026-08-20,Humira,14.35,23:27:23,2,8,67.83
2026-08-20,Humira,9.21,23:27:53,2,8,67.84
2026-08-20,Humira,13.05,23:28:23,2,8,67.85
2026-08-20,Humira,4.34,23:28:53,2,8,0.0
2026-08-20,Humira,3.01,23:29:23,2,8,0.0
2026-08-20,Humira,10.01,23:29:53,2,8,67.88
2026-08-20,Humira,9.15,23:30:23,2,8,67.89
2026-08-20,Humira,7.13,23:30:53,2,8,0.0
2026-08-20,Humira,10.61,23:31:23,2,8,67.91
2026-08-20,Humira,13.22,23:31:53,2,8,67.92
2026-08-20,Humira,16.96,23:32:23,2,8,67.94
2026-08-20,Humira,10.51,23:32:53,2,8,67.95
2026-08-20,Humira,13.24,23:33:23,2,8,67.96
2026-08-20,Humira,16.16,23:33:53,2,8,67.97
2026-08-20,Humira,7.84,23:34:23,2,8,0.0
2026-08-20,Humira,12.18,23:34:53,2,8,67.99
2026-08-20,Humira,13.28,23:35:23,2,8,68.0
2026-08-20,Humira,13.5,23:35:53,2,8,68.01
2026-08-20,Humira,11.94,23:36:23,2,8,68.02
2026-08-20,Humira,12.55,23:36:53,2,8,68.03
2026-08-20,Humira,15.76,23:37:23,2,8,68.04
2026-08-20,Humira,11.79,23:37:53,2,8,68.06
2026-08-20,Humira,15.38,23:38:23,2,8,68.07
2026-08-20,Humira,10.77,23:38:53,2,8,68.08
2026-08-20,Humira,10.46,23:39:23,2,8,68.09
2026-08-20,Humira,9.25,23:39:53,2,8,68.1
2026-08-20,Humira,14.5,23:40:23,2,8,68.11
2026-08-20,Humira,10.97,23:40:53,2,8,68.12
2026-08-20,Humira,11.38,23:41:23,2,8,68.13
2026-08-20,Humira,10.3,23:41:53,2,8,68.14
2026-08-20,Humira,13.24,23:42:23,2,8,68.15
2026-08-20,Humira,14.09,23:42:53,2,8,68.16
2026-08-20,Humira,7.18,23:43:23,2,8,0.0
2026-08-20,Humira,11.75,23:43:53,2,8,68.19
2026-08-20,Humira,12.49,23:44:23,2,8,68.2
2026-08-20,Humira,3.32,23:44:53,2,8,0.0
2026-08-20,Humira,13.53,23:45:23,2,8,68.22
2026-08-20,Humira,11.13,23:45:53,2,8,68.23
2026-08-20,Humira,3.46,23:46:23,2,8,0.0
2026-08-20,Humira,13.11,23:46:53,2,8,68.25
2026-08-20,Humira,16.68,23:47:23,2,8,68.26
2026-08-20,Humira,15.19,23:47:53,2,8,68.27
2026-08-20,Humira,5.02,23:48:23,2,8,0.0
2026-08-20,Humira,13.37,23:48:53,2,8,68.29
2026-08-20,Humira,15.02,23:49:23,2,8,68.3
2026-08-20,Humira,6.36,23:49:53,2,8,0.0
2026-08-20,Humira,9.24,23:50:23,2,8,68.33
2026-08-20,Humira,9.39,23:50:53,2,8,68.34
2026-08-20,Humira,9.44,23:51:23,2,8,68.35
2026-08-20,Humira,14.54,23:51:53,2,8,68.36
2026-08-20,Humira,14.27,23:52:23,2,8,68.37
2026-08-20,Humira,15.95,23:52:53,2,8,68.38
2026-08-20,Humira,5.89,23:53:23,2,8,0.0
2026-08-20,Humira,6.7,23:53:53,2,8,0.0
2026-08-20,Humira,17.35,23:54:23,2,8,68.41
2026-08-20,Humira,12.63,23:54:53,2,8,68.42
2026-08-20,Humira,15.93,23:55:23,2,8,68.43
2026-08-20,Humira,2.7,23:55:53,2,8,0.0
2026-08-20,Humira,14.39,23:56:23,2,8,68.46
2026-08-20,Humira,3.12,23:56:53,2,8,0.0
2026-08-20,Humira,13.4,23:57:23,2,8,68.48
2026-08-20,Humira,11.07,23:57:53,2,8,68.49
2026-08-20,Humira,13.37,23:58:23,2,8,68.5
2026-08-20,Humira,17.37,23:58:53,2,8,68.51
2026-08-20,Humira,12.16,23:59:23,2,8,68.52
2026-08-20,Humira,4.28,23:59:53,2,8,0.0
2026-08-20,Humira,2.75,00:00:23,2,8,0.0
2026-08-20,Humira,7.17,00:00:53,2,8,0.0
2026-08-20,Humira,9.55,00:01:23,2,8,68.56
2026-08-20,Humira,12.05,00:01:53,2,8,68.58
2026-08-20,Humira,13.6,00:02:23,2,8,68.59
2026-08-20,Humira,5.32,00:02:53,2,8,0.0
2026-08-20,Humira,10.82,00:03:23,2,8,68.61
2026-08-20,Humira,16.23,00:03:53,2,8,68.62
2026-08-20,Humira,2.95,00:04:23,2,8,0.0
2026-08-20,Humira,16.63,00:04:53,2,8,68.64
2026-08-20,Humira,7.88,00:05:23,2,8,0.0
2026-08-20,Humira,11.15,00:05:53,2,8,68.66
2026-08-20,Humira,16.07,00:06:23,2,8,68.67
2026-08-20,Humira,9.84,00:06:53,2,8,68.68
2026-08-20,Humira,6.28,00:07:23,2,8,0.0
2026-08-20,Humira,2.64,00:07:53,2,8,0.0
2026-08-20,Humira,2.43,00:08:23,2,8,0.0
2026-08-20,Humira,15.69,00:08:53,2,8,68.73
2026-08-20,Humira,13.29,00:09:23,2,8,68.74
2026-08-20,Humira,10.66,00:09:53,2,8,68.75
2026-08-20,Humira,3.92,00:10:23,2,8,0.0
2026-08-20,Humira,6.09,00:10:53,2,8,0.0
2026-08-20,Humira,17.91,00:11:23,2,8,68.78
2026-08-20,Humira,3.67,00:11:53,2,8,0.0
2026-08-20,Humira,13.05,00:12:23,2,8,68.8
2026-08-20,Humira,6.0,00:12:53,2,8,0.0
2026-08-20,Humira,10.96,00:13:23,2,8,68.82
2026-08-20,Humira,15.33,00:13:53,2,8,68.84
2026-08-20,Humira,12.54,00:14:23,2,8,68.85
2026-08-20,Humira,9.58,00:14:53,2,8,68.86
2026-08-20,Humira,14.03,00:15:23,2,8,68.87
2026-08-20,Humira,13.55,00:15:53,2,8,68.88
2026-08-20,Humira,17.18,00:16:23,2,8,68.89
2026-08-20,Humira,16.46,00:16:53,2,8,68.9
2026-08-20,Humira,12.18,00:17:23,2,8,68.91
2026-08-20,Humira,6.7,00:17:53,2,8,0.0
2026-08-20,Humira,11.26,00:18:23,2,8,68.93
2026-08-20,Humira,17.98,00:18:53,2,8,68.94
2026-08-20,Humira,16.17,00:19:23,2,8,68.95
2026-08-20,Humira,12.54,00:19:53,2,8,68.97
2026-08-20,Humira,15.33,00:20:23,2,8,68.98
2026-08-20,Humira,3.55,00:20:53,2,8,0.0
2026-08-20,Humira,10.98,00:21:23,2,8,69.0
2026-08-20,Humira,5.64,00:21:53,2,8,0.0
2026-08-20,Humira,11.01,00:22:23,2,8,69.02
2026-08-20,Humira,10.88,00:22:53,2,8,69.03
2026-08-20,Humira,7.79,00:23:23,2,8,0.0
2026-08-20,Humira,7.69,00:23:53,2,8,0.0
2026-08-20,Humira,14.48,00:24:23,2,8,69.06
2026-08-20,Humira,14.21,00:24:53,2,8,69.07
2026-08-20,Humira,2.57,00:25:23,2,8,0.0
2026-08-20,Humira,4.64,00:25:53,2,8,0.0
2026-08-20,Humira,12.89,00:26:23,2,8,69.11
2026-08-20,Humira,13.47,00:26:53,2,8,69.12
2026-08-20,Humira,12.07,00:27:23,2,8,69.13
2026-08-20,Humira,17.09,00:27:53,2,8,69.14
2026-08-20,Humira,4.56,00:28:23,2,8,0.0
2026-08-20,Humira,4.88,00:28:53,2,8,0.0
2026-08-20,Humira,5.69,00:29:23,2,8,0.0
2026-08-20,Humira,10.43,00:29:53,2,8,69.18
2026-08-20,Humira,17.61,00:30:23,2,8,69.19
2026-08-20,Humira,5.84,00:30:53,2,8,0.0
2026-08-20,Humira,9.74,00:31:23,2,8,69.21
2026-08-20,Humira,12.49,00:31:53,2,8,69.23
2026-08-20,Humira,13.93,00:32:23,2,8,69.24
2026-08-20,Humira,13.47,00:32:53,2,8,69.25
2026-08-20,Humira,9.1,00:33:23,2,8,69.26
2026-08-20,Humira,17.29,00:33:53,2,8,69.27
2026-08-20,Humira,15.19,00:34:23,2,8,69.28
2026-08-20,Humira,10.54,00:34:53,2,8,69.29
2026-08-20,Humira,10.35,00:35:23,2,8,69.3
2026-08-20,Humira,17.0,00:35:53,2,8,69.31
2026-08-20,Humira,10.93,00:36:23,2,8,69.32
2026-08-20,Humira,15.96,00:36:53,2,8,69.33
2026-08-20,Humira,13.25,00:37:23,2,8,69.34
2026-08-20,Humira,5.41,00:37:53,2,8,0.0
2026-08-20,Humira,4.48,00:38:23,2,8,0.0
2026-08-20,Humira,17.52,00:38:53,2,8,69.38
2026-08-20,Humira,10.8,00:39:23,2,8,69.39
2026-08-20,Humira,4.59,00:39:53,2,8,0.0
2026-08-20,Humira,17.89,00:40:23,2,8,69.41
2026-08-20,Humira,10.04,00:40:53,2,8,69.42
2026-08-20,Humira,2.55,00:41:23,2,8,0.0
2026-08-20,Humira,17.39,00:41:53,2,8,69.44
2026-08-20,Humira,9.32,00:42:23,2,8,69.45
2026-08-20,Humira,6.91,00:42:53,2,8,0.0
2026-08-20,Humira,15.18,00:43:23,2,8,69.47
2026-08-20,Humira,7.79,00:43:53,2,8,0.0
2026-08-20,Humira,9.95,00:44:23,2,8,69.5
2026-08-20,Humira,2.42,00:44:53,2,8,0.0
2026-08-20,Humira,7.27,00:45:23,2,8,0.0
2026-08-20,Humira,17.23,00:45:53,2,8,69.53
2026-08-20,Humira,11.07,00:46:23,2,8,69.54
2026-08-20,Humira,11.16,00:46:53,2,8,69.55
2026-08-20,Humira,9.23,00:47:23,2,8,69.56
2026-08-20,Humira,3.32,00:47:53,2,8,0.0
2026-08-20,Humira,7.47,00:48:23,2,8,0.0
2026-08-20,Humira,3.08,00:48:53,2,8,0.0
2026-08-20,Humira,10.27,00:49:23,2,8,69.6
2026-08-20,Humira,5.77,00:49:53,2,8,0.0
2026-08-20,Humira,11.91,00:50:23,2,8,69.63
2026-08-20,Humira,13.42,00:50:53,2,8,69.64
2026-08-20,Humira,5.14,00:51:23,2,8,0.0
2026-08-20,Humira,12.83,00:51:53,2,8,69.66
2026-08-20,Humira,7.95,00:52:23,2,8,0.0
2026-08-20,Humira,17.14,00:52:53,2,8,69.68
2026-08-20,Humira,16.59,00:53:23,2,8,69.69
2026-08-20,Humira,17.87,00:53:53,2,8,69.7
2026-08-20,Humira,4.61,00:54:23,2,8,0.0
2026-08-20,Humira,6.43,00:54:53,2,8,0.0
2026-08-20,Humira,10.68,00:55:23,2,8,69.73
2026-08-20,Humira,10.92,00:55:53,2,8,69.75
2026-08-20,Humira,16.27,00:56:23,2,8,69.76
2026-08-20,Humira,16.96,00:56:53,2,8,69.77
2026-08-20,Humira,12.59,00:57:23,2,8,69.78
2026-08-20,Humira,9.4,00:57:53,2,8,69.79
2026-08-20,Humira,5.62,00:58:23,2,8,0.0
2026-08-20,Humira,9.71,00:58:53,2,8,69.81
2026-08-20,Humira,15.02,00:59:23,2,8,69.82
2026-08-20,Humira,10.77,00:59:53,2,8,69.83
2026-08-20,Humira,13.73,01:00:23,2,8,69.84
2026-08-20,Humira,7.76,01:00:53,2,8,0.0
2026-08-20,Humira,2.05,01:01:23,2,8,0.0
2026-08-20,Humira,13.59,01:01:53,2,8,69.88
2026-08-20,Humira,2.73,01:02:23,2,8,0.0
2026-08-20,Humira,16.03,01:02:53,2,8,69.9
2026-08-20,Humira,14.11,01:03:23,2,8,69.91
2026-08-20,Humira,6.52,01:03:53,2,8,0.0
2026-08-20,Humira,12.46,01:04:23,2,8,69.93
2026-08-20,Humira,2.21,01:04:53,2,8,0.0
2026-08-20,Humira,9.28,01:05:23,2,8,69.95
2026-08-20,Humira,10.25,01:05:53,2,8,69.96
2026-08-20,Humira,16.08,01:06:23,2,8,69.97
2026-08-20,Humira,5.04,01:06:53,2,8,0.0
2026-08-20,Humira,11.34,01:07:23,2,8,69.99
2026-08-20,Humira,2.3,01:07:53,2,8,0.0
2026-08-20,Humira,7.0,01:08:23,2,8,0.0
2026-08-20,Humira,2.33,01:08:53,2,8,0.0
2026-08-20,Humira,16.05,01:09:23,2,8,70.04
2026-08-20,Humira,11.27,01:09:53,2,8,70.05
2026-08-20,Humira,10.09,01:10:23,2,8,70.06
2026-08-20,Humira,15.77,01:10:53,2,8,70.07
2026-08-20,Humira,4.94,01:11:23,2,8,0.0
2026-08-20,Humira,12.44,01:11:53,2,8,70.09
2026-08-20,Humira,17.74,01:12:23,2,8,70.1
2026-08-20,Humira,13.01,01:12:53,2,8,70.11
2026-08-20,Humira,16.58,01:13:23,2,8,70.12
2026-08-20,Humira,17.98,01:13:53,2,8,70.14
2026-08-20,Humira,17.93,01:14:23,2,8,70.15
2026-08-20,Humira,15.17,01:14:53,2,8,70.16
2026-08-20,Humira,13.2,01:15:23,2,8,70.17
2026-08-20,Humira,11.66,01:15:53,2,8,70.18
2026-08-20,Humira,4.22,01:16:23,2,8,0.0
2026-08-20,Humira,3.22,01:16:53,2,8,0.0
2026-08-20,Humira,4.23,01:17:23,2,8,0.0
2026-08-20,Humira,13.58,01:17:53,2,8,70.22
2026-08-20,Humira,2.09,01:18:23,2,8,0.0
2026-08-20,Humira,6.91,01:18:53,2,8,0.0
2026-08-20,Humira,16.0,01:19:23,2,8,70.25
2026-08-20,Humira,5.91,01:19:53,2,8,0.0
2026-08-20,Humira,4.15,01:20:23,2,8,0.0
2026-08-20,Humira,6.97,01:20:53,2,8,0.0
2026-08-20,Humira,10.25,01:21:23,2,8,70.3
2026-08-20,Humira,15.39,01:21:53,2,8,70.31
2026-08-20,Humira,14.43,01:22:23,2,8,70.32
2026-08-20,Humira,13.91,01:22:53,2,8,70.33
2026-08-20,Humira,17.05,01:23:23,2,8,70.34
2026-08-20,Humira,7.52,01:23:53,2,8,0.0
2026-08-20,Humira,9.95,01:24:23,2,8,70.36
2026-08-20,Humira,2.18,01:24:53,2,8,0.0
2026-08-20,Humira,14.68,01:25:23,2,8,70.38
2026-08-20,Humira,16.18,01:25:53,2,8,70.39
2026-08-20,Humira,7.79,01:26:23,2,8,0.0
2026-08-20,Humira,3.75,01:26:53,2,8,0.0
2026-08-20,Humira,17.88,01:27:23,2,8,70.43
2026-08-20,Humira,13.86,01:27:53,2,8,70.44
2026-08-20,Humira,9.98,01:28:23,2,8,70.45
2026-08-20,Humira,3.24,01:28:53,2,8,0.0
2026-08-20,Humira,10.23,01:29:23,2,8,70.47
2026-08-20,Humira,14.02,01:29:53,2,8,70.48
2026-08-20,Humira,15.88,01:30:23,2,8,70.49
2026-08-20,Humira,5.09,01:30:53,2,8,0.0
2026-08-20,Humira,4.4,01:31:23,2,8,0.0
2026-08-20,Humira,12.02,01:31:53,2,8,70.53
2026-08-20,Humira,12.29,01:32:23,2,8,70.54
2026-08-20,Humira,12.75,01:32:53,2,8,70.55
2026-08-20,Humira,15.91,01:33:23,2,8,70.56
2026-08-20,Humira,9.16,01:33:53,2,8,70.57
2026-08-20,Humira,6.7,01:34:23,2,8,0.0
2026-08-20,Humira,6.22,01:34:53,2,8,0.0
2026-08-20,Humira,10.8,01:35:23,2,8,70.6
2026-08-20,Humira,10.42,01:35:53,2,8,70.61
2026-08-20,Humira,6.15,01:36:23,2,8,0.0
2026-08-20,Humira,4.33,01:36:53,2,8,0.0
2026-08-20,Humira,17.22,01:37:23,2,8,70.64
2026-08-20,Humira,4.52,01:37:53,2,8,0.0
2026-08-20,Humira,14.13,01:38:23,2,8,70.67
2026-08-20,Humira,15.71,01:38:53,2,8,70.68
2026-08-20,Humira,9.02,01:39:23,2,8,70.69
2026-08-20,Humira,11.13,01:39:53,2,8,70.7
2026-08-20,Humira,14.51,01:40:23,2,8,70.71
2026-08-20,Humira,2.14,01:40:53,2,8,0.0
2026-08-20,Humira,10.15,01:41:23,2,8,70.73
2026-08-20,Humira,6.58,01:41:53,2,8,0.0
2026-08-20,Humira,16.54,01:42:23,2,8,70.75
2026-08-20,Humira,15.51,01:42:53,2,8,70.76
2026-08-20,Humira,10.38,01:43:23,2,8,70.77
2026-08-20,Humira,15.54,01:43:53,2,8,70.79
2026-08-20,Humira,3.8,01:44:23,2,8,0.0
2026-08-20,Humira,11.05,01:44:53,2,8,70.81
2026-08-20,Humira,7.23,01:45:23,2,8,0.0
2026-08-20,Humira,10.66,01:45:53,2,8,70.83
2026-08-20,Humira,17.04,01:46:23,2,8,70.84
2026-08-20,Humira,11.11,01:46:53,2,8,70.85
2026-08-20,Humira,13.7,01:47:23,2,8,70.86
2026-08-20,Humira,7.43,01:47:53,2,8,0.0
2026-08-20,Humira,9.15,01:48:23,2,8,70.88
2026-08-20,Humira,17.14,01:48:53,2,8,70.89
2026-08-20,Humira,12.38,01:49:23,2,8,70.9
2026-08-20,Humira,10.77,01:49:53,2,8,70.91
2026-08-20,Humira,7.08,01:50:23,2,8,0.0
2026-08-20,Humira,16.17,01:50:53,2,8,70.94
2026-08-20,Humira,3.58,01:51:23,2,8,0.0
2026-08-20,Humira,6.13,01:51:53,2,8,0.0
2026-08-20,Humira,7.49,01:52:23,2,8,0.0
2026-08-20,Humira,11.7,01:52:53,2,8,70.98
2026-08-20,Humira,10.05,01:53:23,2,8,70.99
2026-08-20,Humira,3.27,01:53:53,2,8,0.0
2026-08-20,Humira,17.57,01:54:23,2,8,71.01
2026-08-20,Humira,6.02,01:54:53,2,8,0.0
2026-08-20,Humira,3.13,01:55:23,2,8,0.0
2026-08-20,Humira,2.19,01:55:53,2,8,0.0
2026-08-20,Humira,15.64,01:56:23,2,8,71.06
2026-08-20,Humira,17.76,01:56:53,2,8,71.07
2026-08-20,Humira,13.08,01:57:23,2,8,71.08
2026-08-20,Humira,10.12,01:57:53,2,8,71.09
2026-08-20,Humira,12.36,01:58:23,2,8,71.1
2026-08-20,Humira,5.54,01:58:53,2,8,0.0
2026-08-20,Humira,13.83,01:59:23,2,8,71.12
2026-08-20,Humira,11.06,01:59:53,2,8,71.13
2026-08-20,Humira,14.11,02:00:23,2,8,71.14
2026-08-20,Humira,3.35,02:00:53,2,8,0.0
2026-08-20,Humira,17.51,02:01:23,2,8,71.16
2026-08-20,Humira,9.57,02:01:53,2,8,71.17
2026-08-20,Humira,7.1,02:02:23,2,8,0.0
2026-08-20,Humira,17.5,02:02:53,2,8,71.2
2026-08-20,Humira,15.92,02:03:23,2,8,71.21
2026-08-20,Humira,9.86,02:03:53,2,8,71.22
2026-08-20,Humira,12.87,02:04:23,2,8,71.23
2026-08-20,Humira,13.9,02:04:53,2,8,71.24
2026-08-20,Humira,14.93,02:05:23,2,8,71.25
2026-08-20,Humira,7.64,02:05:53,2,8,0.0
2026-08-20,Humira,6.73,02:06:23,2,8,0.0
2026-08-20,Humira,4.24,02:06:53,2,8,0.0
2026-08-20,Humira,10.28,02:07:23,2,8,71.29
2026-08-20,Humira,13.15,02:07:53,2,8,71.31
2026-08-20,Humira,9.63,02:08:23,2,8,71.32
2026-08-20,Humira,14.58,02:08:53,2,8,71.33
2026-08-20,Humira,9.54,02:09:23,2,8,71.34
2026-08-20,Humira,7.77,02:09:53,2,8,0.0
2026-08-20,Humira,13.87,02:10:23,2,8,71.36
2026-08-20,Humira,3.57,02:10:53,2,8,0.0
2026-08-20,Humira,11.82,02:11:23,2,8,71.38
2026-08-20,Humira,6.56,02:11:53,2,8,0.0
2026-08-20,Humira,13.73,02:12:23,2,8,71.4
2026-08-20,Humira,10.59,02:12:53,2,8,71.41
2026-08-20,Humira,6.9,02:13:23,2,8,0.0
2026-08-20,Humira,11.63,02:13:53,2,8,71.44
2026-08-20,Humira,5.43,02:14:23,2,8,0.0
2026-08-20,Humira,13.94,02:14:53,2,8,71.46
2026-08-20,Humira,14.96,02:15:23,2,8,71.47
2026-08-20,Humira,4.54,02:15:53,2,8,0.0
2026-08-20,Humira,17.16,02:16:23,2,8,71.49
2026-08-20,Humira,10.22,02:16:53,2,8,71.5
2026-08-20,Humira,16.16,02:17:23,2,8,71.51
2026-08-20,Humira,13.88,02:17:53,2,8,71.52
2026-08-20,Humira,7.98,02:18:23,2,8,0.0
2026-08-20,Humira,12.08,02:18:53,2,8,71.54
2026-08-20,Humira,12.19,02:19:23,2,8,71.55
2026-08-20,Humira,16.88,02:19:53,2,8,71.56
2026-08-20,Humira,16.71,02:20:23,2,8,71.58
2026-08-20,Humira,5.55,02:20:53,2,8,0.0
2026-08-20,Humira,14.18,02:21:23,2,8,71.6
2026-08-20,Humira,9.24,02:21:53,2,8,71.61
2026-08-20,Humira,9.71,02:22:23,2,8,71.62
2026-08-20,Humira,5.36,02:22:53,2,8,0.0
2026-08-20,Humira,6.71,02:23:23,2,8,0.0
2026-08-20,Humira,3.98,02:23:53,2,8,0.0
2026-08-20,Humira,5.89,02:24:23,2,8,0.0
2026-08-20,Humira,15.64,02:24:53,2,8,71.67
2026-08-20,Humira,7.1,02:25:23,2,8,0.0
2026-08-20,Humira,11.47,02:25:53,2,8,71.7
2026-08-20,Humira,12.12,02:26:23,2,8,71.71
2026-08-20,Humira,15.59,02:26:53,2,8,71.72
2026-08-20,Humira,9.79,02:27:23,2,8,71.73
2026-08-20,Humira,17.89,02:27:53,2,8,71.74
2026-08-20,Humira,14.93,02:28:23,2,8,71.75
2026-08-20,Humira,5.06,02:28:53,2,8,0.0
2026-08-20,Humira,9.87,02:29:23,2,8,71.77
2026-08-20,Humira,15.84,02:29:53,2,8,71.78
2026-08-20,Humira,14.94,02:30:23,2,8,71.79
2026-08-20,Humira,11.13,02:30:53,2,8,71.8
2026-08-20,Humira,6.45,02:31:23,2,8,0.0
2026-08-20,Humira,11.67,02:31:53,2,8,71.83
2026-08-20,Humira,10.05,02:32:23,2,8,71.84
2026-08-20,Humira,12.66,02:32:53,2,8,71.85
2026-08-20,Humira,15.03,02:33:23,2,8,71.86
2026-08-20,Humira,17.94,02:33:53,2,8,71.87
2026-08-20,Humira,7.46,02:34:23,2,8,0.0
2026-08-20,Humira,2.12,02:34:53,2,8,0.0
2026-08-20,Humira,13.38,02:35:23,2,8,71.9
2026-08-20,Humira,9.28,02:35:53,2,8,71.91
2026-08-20,Humira,3.53,02:36:23,2,8,0.0
2026-08-20,Humira,10.17,02:36:53,2,8,71.93
2026-08-20,Humira,7.1,02:37:23,2,8,0.0
2026-08-20,Humira,17.46,02:37:53,2,8,71.95
2026-08-20,Humira,2.9,02:38:23,2,8,0.0
2026-08-20,Humira,6.71,02:38:53,2,8,0.0
2026-08-20,Humira,5.32,02:39:23,2,8,0.0
2026-08-20,Humira,12.8,02:39:53,2,8,72.0
2026-08-20,Humira,12.02,02:40:23,2,8,72.01
2026-08-20,Humira,7.27,02:40:53,2,8,0.0
2026-08-20,Humira,11.43,02:41:23,2,8,72.03
2026-08-20,Humira,14.59,02:41:53,2,8,72.04
2026-08-20,Humira,9.56,02:42:23,2,8,72.05
2026-08-20,Humira,6.51,02:42:53,2,8,0.0
2026-08-20,Humira,6.62,02:43:23,2,8,0.0
2026-08-20,Humira,12.76,02:43:53,2,8,72.09
2026-08-20,Humira,5.98,02:44:23,2,8,0.0
2026-08-20,Humira,13.6,02:44:53,2,8,72.11
2026-08-20,Humira,17.16,02:45:23,2,8,72.12
2026-08-20,Humira,9.74,02:45:53,2,8,72.13
2026-08-20,Humira,10.78,02:46:23,2,8,72.14
2026-08-20,Humira,4.79,02:46:53,2,8,0.0
2026-08-20,Humira,11.26,02:47:23,2,8,72.16
2026-08-20,Humira,10.7,02:47:53,2,8,72.17
2026-08-20,Humira,10.03,02:48:23,2,8,72.18
2026-08-20,Humira,3.09,02:48:53,2,8,0.0
2026-08-20,Humira,10.31,02:49:23,2,8,72.2
2026-08-20,Humira,12.66,02:49:53,2,8,72.22
2026-08-20,Humira,7.55,02:50:23,2,8,0.0
2026-08-20,Humira,11.83,02:50:53,2,8,72.24
2026-08-20,Humira,2.62,02:51:23,2,8,0.0
2026-08-20,Humira,17.9,02:51:53,2,8,72.26
2026-08-20,Humira,13.87,02:52:23,2,8,72.27
2026-08-20,Humira,17.6,02:52:53,2,8,72.28
2026-08-20,Humira,5.4,02:53:23,2,8,0.0
2026-08-20,Humira,16.24,02:53:53,2,8,72.3
2026-08-20,Humira,2.11,02:54:23,2,8,0.0
2026-08-20,Humira,10.39,02:54:53,2,8,72.32
2026-08-20,Humira,14.48,02:55:23,2,8,72.33
2026-08-20,Humira,17.78,02:55:53,2,8,72.34
2026-08-20,Humira,12.09,02:56:23,2,8,72.36
2026-08-20,Humira,11.49,02:56:53,2,8,72.37
2026-08-20,Humira,13.61,02:57:23,2,8,72.38
2026-08-20,Humira,2.34,02:57:53,2,8,0.0
2026-08-20,Humira,14.4,02:58:23,2,8,72.4
2026-08-20,Humira,10.89,02:58:53,2,8,72.41
2026-08-20,Humira,15.84,02:59:23,2,8,72.42
2026-08-20,Humira,17.71,02:59:53,2,8,72.43
2026-08-20,Humira,6.44,03:00:23,2,8,0.0
2026-08-20,Humira,10.93,03:00:53,2,8,72.45
2026-08-20,Humira,7.28,03:01:23,2,8,0.0
2026-08-20,Humira,7.04,03:01:53,2,8,0.0
2026-08-20,Humira,10.48,03:02:23,2,8,72.49
2026-08-20,Humira,9.02,03:02:53,2,8,72.5
2026-08-20,Humira,15.19,03:03:23,2,8,72.51
2026-08-20,Humira,14.83,03:03:53,2,8,72.52
2026-08-20,Humira,7.45,03:04:23,2,8,0.0
2026-08-20,Humira,15.22,03:04:53,2,8,72.54
2026-08-20,Humira,4.45,03:05:23,2,8,0.0
2026-08-20,Humira,17.08,03:05:53,2,8,72.56
2026-08-20,Humira,6.94,03:06:23,2,8,0.0
2026-08-20,Humira,2.51,03:06:53,2,8,0.0
2026-08-20,Humira,9.69,03:07:23,2,8,72.59
2026-08-20,Humira,14.01,03:07:53,2,8,72.61
2026-08-20,Humira,11.1,03:08:23,2,8,72.62
2026-08-20,Humira,2.44,03:08:53,2,8,0.0
2026-08-20,Humira,3.78,03:09:23,2,8,0.0
2026-08-20,Humira,13.54,03:09:53,2,8,72.65
2026-08-20,Humira,13.96,03:10:23,2,8,72.66
2026-08-20,Humira,5.46,03:10:53,2,8,0.0
2026-08-20,Humira,15.71,03:11:23,2,8,72.68
2026-08-20,Humira,17.01,03:11:53,2,8,72.69
2026-08-20,Humira,6.72,03:12:23,2,8,0.0
2026-08-20,Humira,14.91,03:12:53,2,8,72.71
2026-08-20,Humira,10.04,03:13:23,2,8,72.72
2026-08-20,Humira,10.19,03:13:53,2,8,72.73
2026-08-20,Humira,13.0,03:14:23,2,8,72.75
2026-08-20,Humira,12.44,03:14:53,2,8,72.76
2026-08-20,Humira,2.17,03:15:23,2,8,0.0
2026-08-20,Humira,6.83,03:15:53,2,8,0.0
2026-08-20,Humira,11.0,03:16:23,2,8,72.79
2026-08-20,Humira,17.99,03:16:53,2,8,72.8
2026-08-20,Humira,7.92,03:17:23,2,8,0.0
2026-08-20,Humira,3.83,03:17:53,2,8,0.0
2026-08-20,Humira,2.99,03:18:23,2,8,0.0
2026-08-20,Humira,12.14,03:18:53,2,8,72.84
2026-08-20,Humira,13.7,03:19:23,2,8,72.85
2026-08-20,Humira,11.61,03:19:53,2,8,72.86
2026-08-20,Humira,16.29,03:20:23,2,8,72.88
2026-08-20,Humira,15.44,03:20:53,2,8,72.89
2026-08-20,Humira,14.31,03:21:23,2,8,72.9
2026-08-20,Humira,14.33,03:21:53,2,8,72.91
2026-08-20,Humira,3.98,03:22:23,2,8,0.0
2026-08-20,Humira,13.96,03:22:53,2,8,72.93
2026-08-20,Humira,17.68,03:23:23,2,8,72.94
2026-08-20,Humira,7.82,03:23:53,2,8,0.0
2026-08-20,Humira,9.79,03:24:23,2,8,72.96
2026-08-20,Humira,15.64,03:24:53,2,8,72.97
2026-08-20,Humira,11.33,03:25:23,2,8,72.98
2026-08-20,Humira,9.88,03:25:53,2,8,73.0
2026-08-20,Humira,7.2,03:26:23,2,8,0.0
2026-08-20,Humira,16.85,03:26:53,2,8,73.02
2026-08-20,Humira,10.23,03:27:23,2,8,73.03
2026-08-20,Humira,17.38,03:27:53,2,8,73.04
2026-08-20,Humira,5.23,03:28:23,2,8,0.0
2026-08-20,Humira,17.74,03:28:53,2,8,73.06
2026-08-20,Humira,17.76,03:29:23,2,8,73.07
2026-08-20,Humira,5.64,03:29:53,2,8,0.0
2026-08-20,Humira,16.9,03:30:23,2,8,73.09
2026-08-20,Humira,5.71,03:30:53,2,8,0.0
2026-08-20,Humira,15.93,03:31:23,2,8,73.11
2026-08-20,Humira,12.74,03:31:53,2,8,73.12
2026-08-20,Humira,13.83,03:32:23,2,8,73.14
2026-08-20,Humira,9.72,03:32:53,2,8,73.15
2026-08-20,Humira,7.72,03:33:23,2,8,0.0
2026-08-20,Humira,4.03,03:33:53,2,8,0.0
2026-08-20,Humira,9.49,03:34:23,2,8,73.18
2026-08-20,Humira,10.19,03:34:53,2,8,73.19
2026-08-20,Humira,4.51,03:35:23,2,8,0.0
2026-08-20,Humira,17.98,03:35:53,2,8,73.21
2026-08-20,Humira,10.84,03:36:23,2,8,73.22
2026-08-20,Humira,15.02,03:36:53,2,8,73.23
2026-08-20,Humira,15.55,03:37:23,2,8,73.24
2026-08-20,Humira,11.53,03:37:53,2,8,73.26
2026-08-20,Humira,3.81,03:38:23,2,8,0.0
2026-08-20,Humira,14.97,03:38:53,2,8,73.28
2026-08-20,Humira,11.58,03:39:23,2,8,73.29
2026-08-20,Humira,6.56,03:39:53,2,8,0.0
2026-08-20,Humira,12.46,03:40:23,2,8,73.31
2026-08-20,Humira,11.32,03:40:53,2,8,73.32
2026-08-20,Humira,11.43,03:41:23,2,8,73.33
2026-08-20,Humira,10.31,03:41:53,2,8,73.34
2026-08-20,Humira,16.92,03:42:23,2,8,73.35
2026-08-20,Humira,2.65,03:42:53,2,8,0.0
2026-08-20,Humira,2.13,03:43:23,2,8,0.0
2026-08-20,Humira,15.12,03:43:53,2,8,73.39
2026-08-20,Humira,15.79,03:44:23,2,8,73.4
2026-08-20,Humira,12.17,03:44:53,2,8,73.41
2026-08-20,Humira,4.45,03:45:23,2,8,0.0
2026-08-20,Humira,6.36,03:45:53,2,8,0.0
2026-08-20,Humira,6.82,03:46:23,2,8,0.0
2026-08-20,Humira,7.63,03:46:53,2,8,0.0
2026-08-20,Humira,16.95,03:47:23,2,8,73.46
2026-08-20,Humira,11.02,03:47:53,2,8,73.47
2026-08-20,Humira,10.01,03:48:23,2,8,73.48
2026-08-20,Humira,10.01,03:48:53,2,8,73.49
2026-08-20,Humira,12.64,03:49:23,2,8,73.5
2026-08-20,Humira,13.1,03:49:53,2,8,73.52
2026-08-20,Humira,2.05,03:50:23,2,8,0.0
2026-08-20,Humira,5.18,03:50:53,2,8,0.0
2026-08-20,Humira,15.02,03:51:23,2,8,73.55
2026-08-20,Humira,3.98,03:51:53,2,8,0.0
2026-08-20,Humira,13.21,03:52:23,2,8,73.57
2026-08-20,Humira,15.85,03:52:53,2,8,73.58
2026-08-20,Humira,7.94,03:53:23,2,8,0.0
2026-08-20,Humira,3.92,03:53:53,2,8,0.0
2026-08-20,Humira,14.29,03:54:23,2,8,73.61
2026-08-20,Humira,10.04,03:54:53,2,8,73.62
2026-08-20,Humira,6.22,03:55:23,2,8,0.0
2026-08-20,Humira,2.81,03:55:53,2,8,0.0
2026-08-20,Humira,10.15,03:56:23,2,8,73.66
2026-08-20,Humira,16.53,03:56:53,2,8,73.67
2026-08-20,Humira,12.06,03:57:23,2,8,73.68
2026-08-20,Humira,12.1,03:57:53,2,8,73.69
2026-08-20,Humira,16.7,03:58:23,2,8,73.7
2026-08-20,Humira,7.09,03:58:53,2,8,0.0
2026-08-20,Humira,7.25,03:59:23,2,8,0.0
2026-08-20,Humira,5.5,03:59:53,2,8,0.0
2026-08-20,Humira,15.01,04:00:23,2,8,73.74
2026-08-20,Humira,5.24,04:00:53,2,8,0.0
2026-08-20,Humira,16.23,04:01:23,2,8,73.76
2026-08-20,Humira,12.96,04:01:53,2,8,73.78
2026-08-20,Humira,17.37,04:02:23,2,8,73.79
2026-08-20,Humira,9.8,04:02:53,2,8,73.8
2026-08-20,Humira,16.81,04:03:23,2,8,73.81
2026-08-20,Humira,9.12,04:03:53,2,8,73.82
2026-08-20,Humira,9.63,04:04:23,2,8,73.83
2026-08-20,Humira,15.21,04:04:53,2,8,73.84
2026-08-20,Humira,12.01,04:05:23,2,8,73.85
2026-08-20,Humira,16.15,04:05:53,2,8,73.86
2026-08-20,Humira,7.15,04:06:23,2,8,0.0
2026-08-20,Humira,3.8,04:06:53,2,8,0.0
2026-08-20,Humira,15.16,04:07:23,2,8,73.89
2026-08-20,Humira,12.01,04:07:53,2,8,73.91
2026-08-20,Humira,2.94,04:08:23,2,8,0.0
2026-08-20,Humira,14.4,04:08:53,2,8,73.93
2026-08-20,Humira,9.98,04:09:23,2,8,73.94
2026-08-20,Humira,13.18,04:09:53,2,8,73.95
2026-08-20,Humira,16.09,04:10:23,2,8,73.96
2026-08-20,Humira,7.5,04:10:53,2,8,0.0
2026-08-20,Humira,6.17,04:11:23,2,8,0.0
2026-08-20,Humira,11.68,04:11:53,2,8,73.99
2026-08-20,Humira,7.24,04:12:23,2,8,0.0
2026-08-20,Humira,17.22,04:12:53,2,8,74.01
2026-08-20,Humira,12.83,04:13:23,2,8,74.02
2026-08-20,Humira,15.42,04:13:53,2,8,74.04
2026-08-20,Humira,3.02,04:14:23,2,8,0.0
2026-08-20,Humira,10.72,04:14:53,2,8,74.06
2026-08-20,Humira,6.48,04:15:23,2,8,0.0
2026-08-20,Humira,9.29,04:15:53,2,8,74.08
2026-08-20,Humira,16.1,04:16:23,2,8,74.09
2026-08-20,Humira,6.57,04:16:53,2,8,0.0
2026-08-20,Humira,4.64,04:17:23,2,8,0.0
2026-08-20,Humira,6.68,04:17:53,2,8,0.0
2026-08-20,Humira,14.01,04:18:23,2,8,74.13
2026-08-20,Humira,7.06,04:18:53,2,8,0.0
2026-08-20,Humira,14.57,04:19:23,2,8,74.15
2026-08-20,Humira,5.6,04:19:53,2,8,0.0
2026-08-20,Humira,11.74,04:20:23,2,8,74.18
2026-08-20,Humira,9.15,04:20:53,2,8,74.19
2026-08-20,Humira,16.56,04:21:23,2,8,74.2
2026-08-20,Humira,3.97,04:21:53,2,8,0.0
2026-08-20,Humira,11.93,04:22:23,2,8,74.22
2026-08-20,Humira,14.76,04:22:53,2,8,74.23
2026-08-20,Humira,13.93,04:23:23,2,8,74.24
2026-08-20,Humira,4.28,04:23:53,2,8,0.0
2026-08-20,Humira,4.93,04:24:23,2,8,0.0
2026-08-20,Humira,13.78,04:24:53,2,8,74.27
2026-08-20,Humira,16.88,04:25:23,2,8,74.28
2026-08-20,Humira,14.3,04:25:53,2,8,74.3
2026-08-20,Humira,17.45,04:26:23,2,8,74.31
2026-08-20,Humira,10.85,04:26:53,2,8,74.32
2026-08-20,Humira,4.38,04:27:23,2,8,0.0
2026-08-20,Humira,13.47,04:27:53,2,8,74.34
2026-08-20,Humira,7.3,04:28:23,2,8,0.0
2026-08-20,Humira,17.91,04:28:53,2,8,74.36
2026-08-20,Humira,2.18,04:29:23,2,8,0.0
2026-08-20,Humira,13.01,04:29:53,2,8,74.38
2026-08-20,Humira,10.67,04:30:23,2,8,74.39
2026-08-20,Humira,11.87,04:30:53,2,8,74.4
2026-08-20,Humira,10.3,04:31:23,2,8,74.41
2026-08-20,Humira,12.25,04:31:53,2,8,74.42
2026-08-20,Humira,13.31,04:32:23,2,8,74.44
2026-08-20,Humira,17.01,04:32:53,2,8,74.45
2026-08-20,Humira,13.33,04:33:23,2,8,74.46
2026-08-20,Humira,17.09,04:33:53,2,8,74.47
2026-08-20,Humira,16.24,04:34:23,2,8,74.48
2026-08-20,Humira,14.48,04:34:53,2,8,74.49
2026-08-20,Humira,17.78,04:35:23,2,8,74.5
2026-08-20,Humira,6.41,04:35:53,2,8,0.0
2026-08-20,Humira,10.96,04:36:23,2,8,74.52
2026-08-20,Humira,16.18,04:36:53,2,8,74.53
2026-08-20,Humira,11.82,04:37:23,2,8,74.54
2026-08-20,Humira,16.6,04:37:53,2,8,74.56
2026-08-20,Humira,17.13,04:38:23,2,8,74.57
2026-08-20,Humira,15.81,04:38:53,2,8,74.58
2026-08-20,Humira,17.27,04:39:23,2,8,74.59
2026-08-20,Humira,15.53,04:39:53,2,8,74.6
2026-08-20,Humira,17.57,04:40:23,2,8,74.61
2026-08-20,Humira,6.98,04:40:53,2,8,0.0
2026-08-20,Humira,16.59,04:41:23,2,8,74.63
2026-08-20,Humira,15.41,04:41:53,2,8,74.64
2026-08-20,Humira,2.29,04:42:23,2,8,0.0
2026-08-20,Humira,17.34,04:42:53,2,8,74.66
2026-08-20,Humira,14.31,04:43:23,2,8,74.67
2026-08-20,Humira,11.49,04:43:53,2,8,74.69
2026-08-20,Humira,11.72,04:44:23,2,8,74.7
2026-08-20,Humira,9.91,04:44:53,2,8,74.71
2026-08-20,Humira,17.23,04:45:23,2,8,74.72
2026-08-20,Humira,14.63,04:45:53,2,8,74.73
2026-08-20,Humira,3.4,04:46:23,2,8,0.0
2026-08-20,Humira,4.81,04:46:53,2,8,0.0
2026-08-20,Humira,2.81,04:47:23,2,8,0.0
2026-08-20,Humira,16.92,04:47:53,2,8,74.77
2026-08-20,Humira,17.6,04:48:23,2,8,74.78
2026-08-20,Humira,14.92,04:48:53,2,8,74.79
2026-08-20,Humira,15.54,04:49:23,2,8,74.8
2026-08-20,Humira,12.51,04:49:53,2,8,74.81
2026-08-20,Humira,14.76,04:50:23,2,8,74.83
2026-08-20,Humira,7.72,04:50:53,2,8,0.0
2026-08-20,Humira,12.3,04:51:23,2,8,74.85
2026-08-20,Humira,11.27,04:51:53,2,8,74.86
2026-08-20,Humira,11.6,04:52:23,2,8,74.87
2026-08-20,Humira,3.27,04:52:53,2,8,0.0
2026-08-20,Humira,17.7,04:53:23,2,8,74.89
2026-08-20,Humira,10.12,04:53:53,2,8,74.9
2026-08-20,Humira,13.3,04:54:23,2,8,74.91
2026-08-20,Humira,12.69,04:54:53,2,8,74.92
2026-08-20,Humira,10.81,04:55:23,2,8,74.93
2026-08-20,Humira,2.43,04:55:53,2,8,0.0
2026-08-20,Humira,10.7,04:56:23,2,8,74.96
2026-08-20,Humira,6.13,04:56:53,2,8,0.0
2026-08-20,Humira,3.05,04:57:23,2,8,0.0
2026-08-20,Humira,7.05,04:57:53,2,8,0.0
2026-08-20,Humira,14.03,04:58:23,2,8,75.0
2026-08-20,Humira,17.52,04:58:53,2,8,75.01
2026-08-20,Humira,3.35,04:59:23,2,8,0.0
2026-08-20,Humira,13.98,04:59:53,2,8,75.03
2026-08-20,Humira,6.4,05:00:23,2,8,0.0
2026-08-20,Humira,5.26,05:00:53,2,8,0.0
2026-08-20,Humira,3.71,05:01:23,2,8,0.0
2026-08-20,Humira,17.5,05:01:53,2,8,75.08
2026-08-20,Humira,15.99,05:02:23,2,8,75.09
2026-08-20,Humira,10.09,05:02:53,2,8,75.1
2026-08-20,Humira,17.82,05:03:23,2,8,75.11
2026-08-20,Humira,4.97,05:03:53,2,8,0.0
2026-08-20,Humira,2.97,05:04:23,2,8,0.0
2026-08-20,Humira,15.28,05:04:53,2,8,75.14
2026-08-20,Humira,11.21,05:05:23,2,8,75.15
2026-08-20,Humira,13.52,05:05:53,2,8,75.16
2026-08-20,Humira,14.57,05:06:23,2,8,75.17
2026-08-20,Humira,5.15,05:06:53,2,8,0.0
2026-08-20,Humira,9.59,05:07:23,2,8,75.19
2026-08-20,Humira,17.65,05:07:53,2,8,75.2
2026-08-20,Humira,17.31,05:08:23,2,8,75.22
2026-08-20,Humira,11.52,05:08:53,2,8,75.23
2026-08-20,Humira,12.67,05:09:23,2,8,75.24
2026-08-20,Humira,9.63,05:09:53,2,8,75.25
2026-08-20,Humira,2.53,05:10:23,2,8,0.0
2026-08-20,Humira,13.24,05:10:53,2,8,75.27
2026-08-20,Humira,3.71,05:11:23,2,8,0.0
2026-08-20,Humira,5.54,05:11:53,2,8,0.0
2026-08-20,Humira,4.49,05:12:23,2,8,0.0
2026-08-20,Humira,10.15,05:12:53,2,8,75.31
2026-08-20,Humira,11.14,05:13:23,2,8,75.32
2026-08-20,Humira,13.43,05:13:53,2,8,75.34
2026-08-20,Humira,3.86,05:14:23,2,8,0.0
2026-08-20,Humira,3.08,05:14:53,2,8,0.0
2026-08-20,Humira,11.01,05:15:23,2,8,75.37
2026-08-20,Humira,10.26,05:15:53,2,8,75.38
2026-08-20,Humira,10.48,05:16:23,2,8,75.39
2026-08-20,Humira,16.14,05:16:53,2,8,75.4
2026-08-20,Humira,12.51,05:17:23,2,8,75.41
2026-08-20,Humira,16.74,05:17:53,2,8,75.42
2026-08-20,Humira,7.81,05:18:23,2,8,0.0
2026-08-20,Humira,14.08,05:18:53,2,8,75.44
2026-08-20,Humira,2.45,05:19:23,2,8,0.0
2026-08-20,Humira,3.56,05:19:53,2,8,0.0
2026-08-20,Humira,17.19,05:20:23,2,8,75.48
2026-08-20,Humira,10.81,05:20:53,2,8,75.49
2026-08-20,Humira,15.39,05:21:23,2,8,75.5
2026-08-20,Humira,16.75,05:21:53,2,8,75.51
2026-08-20,Humira,10.19,05:22:23,2,8,75.52
2026-08-20,Humira,14.35,05:22:53,2,8,75.53
2026-08-20,Humira,16.8,05:23:23,2,8,75.54
2026-08-20,Humira,2.71,05:23:53,2,8,0.0
2026-08-20,Humira,14.69,05:24:23,2,8,75.56
2026-08-20,Humira,9.84,05:24:53,2,8,75.57
2026-08-20,Humira,14.95,05:25:23,2,8,75.58
2026-08-20,Humira,13.45,05:25:53,2,8,75.59
2026-08-20,Humira,11.66,05:26:23,2,8,75.61
2026-08-20,Humira,3.42,05:26:53,2,8,0.0
2026-08-20,Humira,16.85,05:27:23,2,8,75.63
2026-08-20,Humira,6.85,05:27:53,2,8,0.0
2026-08-20,Humira,17.36,05:28:23,2,8,75.65
2026-08-20,Humira,12.69,05:28:53,2,8,75.66
2026-08-20,Humira,11.02,05:29:23,2,8,75.67
2026-08-20,Humira,3.72,05:29:53,2,8,0.0
2026-08-20,Humira,5.55,05:30:23,2,8,0.0
2026-08-20,Humira,16.05,05:30:53,2,8,75.7
2026-08-20,Humira,14.32,05:31:23,2,8,75.71
2026-08-20,Humira,4.92,05:31:53,2,8,0.0
2026-08-20,Humira,13.52,05:32:23,2,8,75.74
2026-08-20,Humira,2.06,05:32:53,2,8,0.0
2026-08-20,Humira,13.3,05:33:23,2,8,75.76
2026-08-20,Humira,12.97,05:33:53,2,8,75.77
2026-08-20,Humira,12.95,05:34:23,2,8,75.78
2026-08-20,Humira,14.86,05:34:53,2,8,75.79
2026-08-20,Humira,9.2,05:35:23,2,8,75.8
2026-08-20,Humira,17.18,05:35:53,2,8,75.81
2026-08-20,Humira,7.93,05:36:23,2,8,0.0
2026-08-20,Humira,7.66,05:36:53,2,8,0.0
2026-08-20,Humira,3.85,05:37:23,2,8,0.0
2026-08-20,Humira,18.0,05:37:53,2,8,75.86
2026-08-20,Humira,3.34,05:38:23,2,8,0.0
2026-08-20,Humira,10.57,05:38:53,2,8,75.88
2026-08-20,Humira,15.58,05:39:23,2,8,75.89
2026-08-20,Humira,2.48,05:39:53,2,8,0.0
2026-08-20,Humira,3.4,05:40:23,2,8,0.0
2026-08-20,Humira,12.88,05:40:53,2,8,75.92
2026-08-20,Humira,15.75,05:41:23,2,8,75.93
2026-08-20,Humira,12.22,05:41:53,2,8,75.94
2026-08-20,Humira,13.27,05:42:23,2,8,75.95
2026-08-20,Humira,6.19,05:42:53,2,8,0.0
2026-08-20,Humira,7.95,05:43:23,2,8,0.0
2026-08-20,Humira,15.78,05:43:53,2,8,75.98
2026-08-20,Humira,3.1,05:44:23,2,8,0.0
2026-08-20,Humira,9.47,05:44:53,2,8,76.01
2026-08-20,Humira,6.5,05:45:23,2,8,0.0
2026-08-20,Humira,5.5,05:45:53,2,8,0.0
2026-08-20,Humira,17.08,05:46:23,2,8,76.04
2026-08-20,Humira,11.79,05:46:53,2,8,76.05
2026-08-20,Humira,13.15,05:47:23,2,8,76.06
2026-08-20,Humira,9.03,05:47:53,2,8,76.07
2026-08-20,Humira,13.71,05:48:23,2,8,76.08
2026-08-20,Humira,12.55,05:48:53,2,8,76.09
2026-08-20,Humira,12.76,05:49:23,2,8,76.1
2026-08-20,Humira,2.1,05:49:53,2,8,0.0
2026-08-20,Humira,10.19,05:50:23,2,8,76.13
2026-08-20,Humira,9.46,05:50:53,2,8,76.14
2026-08-20,Humira,17.75,05:51:23,2,8,76.15
2026-08-20,Humira,16.06,05:51:53,2,8,76.16
2026-08-20,Humira,5.1,05:52:23,2,8,0.0
2026-08-20,Humira,9.71,05:52:53,2,8,76.18
2026-08-20,Humira,5.12,05:53:23,2,8,0.0
2026-08-20,Humira,9.64,05:53:53,2,8,76.2
2026-08-20,Humira,17.42,05:54:23,2,8,76.21
2026-08-20,Humira,4.93,05:54:53,2,8,0.0
2026-08-20,Humira,4.02,05:55:23,2,8,0.0
2026-08-20,Humira,5.99,05:55:53,2,8,0.0
2026-08-20,Humira,5.45,05:56:23,2,8,0.0
2026-08-20,Humira,16.79,05:56:53,2,8,76.27
2026-08-20,Humira,2.11,05:57:23,2,8,0.0
2026-08-20,Humira,9.96,05:57:53,2,8,76.29
2026-08-20,Humira,6.0,05:58:23,2,8,0.0
2026-08-20,Humira,12.46,05:58:53,2,8,76.31
2026-08-20,Humira,15.74,05:59:23,2,8,76.32
2026-08-20,Humira,4.8,05:59:53,2,8,0.0
2026-08-20,Humira,2.65,06:00:23,2,8,0.0
2026-08-20,Humira,9.89,06:00:53,2,8,76.35
2026-08-20,Humira,15.66,06:01:23,2,8,76.36
2026-08-20,Humira,10.5,06:01:53,2,8,76.38
2026-08-20,Humira,6.08,06:02:23,2,8,0.0
2026-08-20,Humira,15.19,06:02:53,2,8,76.4
2026-08-20,Humira,12.41,06:03:23,2,8,76.41
2026-08-20,Humira,10.64,06:03:53,2,8,76.42
2026-08-20,Humira,9.41,06:04:23,2,8,76.43
2026-08-20,Humira,2.98,06:04:53,2,8,0.0
2026-08-20,Humira,11.13,06:05:23,2,8,76.45
2026-08-20,Humira,12.47,06:05:53,2,8,76.46
2026-08-20,Humira,16.34,06:06:23,2,8,76.47
2026-08-20,Humira,5.27,06:06:53,2,8,0.0
2026-08-20,Humira,10.61,06:07:23,2,8,76.49
2026-08-20,Humira,11.39,06:07:53,2,8,76.51
2026-08-20,Humira,12.27,06:08:23,2,8,76.52
2026-08-20,Humira,5.94,06:08:53,2,8,0.0
2026-08-20,Humira,3.75,06:09:23,2,8,0.0
2026-08-20,Humira,11.63,06:09:53,2,8,76.55
2026-08-20,Humira,5.58,06:10:23,2,8,0.0
2026-08-20,Humira,14.17,06:10:53,2,8,76.57
2026-08-20,Humira,5.08,06:11:23,2,8,0.0
2026-08-20,Humira,10.1,06:11:53,2,8,76.59
2026-08-20,Humira,2.01,06:12:23,2,8,0.0
2026-08-20,Humira,4.33,06:12:53,2,8,0.0
2026-08-20,Humira,15.61,06:13:23,2,8,76.62
2026-08-20,Humira,7.62,06:13:53,2,8,0.0
2026-08-20,Humira,7.07,06:14:23,2,8,0.0
2026-08-20,Humira,13.83,06:14:53,2,8,76.66
2026-08-20,Humira,9.36,06:15:23,2,8,76.67
2026-08-20,Humira,13.13,06:15:53,2,8,76.68
2026-08-20,Humira,9.96,06:16:23,2,8,76.69
2026-08-20,Humira,17.99,06:16:53,2,8,76.7
2026-08-20,Humira,3.62,06:17:23,2,8,0.0
2026-08-20,Humira,16.33,06:17:53,2,8,76.72
2026-08-20,Humira,9.62,06:18:23,2,8,76.73
2026-08-20,Humira,6.68,06:18:53,2,8,0.0
2026-08-20,Humira,9.13,06:19:23,2,8,76.75
2026-08-20,Humira,2.11,06:19:53,2,8,0.0
2026-08-20,Humira,17.36,06:20:23,2,8,76.78
2026-08-20,Humira,14.84,06:20:53,2,8,76.79
2026-08-20,Humira,15.08,06:21:23,2,8,76.8
2026-08-20,Humira,9.28,06:21:53,2,8,76.81
2026-08-20,Humira,5.59,06:22:23,2,8,0.0
2026-08-20,Humira,17.05,06:22:53,2,8,76.83
2026-08-20,Humira,16.63,06:23:23,2,8,76.84
2026-08-20,Humira,16.94,06:23:53,2,8,76.85
2026-08-20,Humira,13.81,06:24:23,2,8,76.86
2026-08-20,Humira,11.02,06:24:53,2,8,76.87
2026-08-20,Humira,10.77,06:25:23,2,8,76.88
2026-08-20,Humira,11.37,06:25:53,2,8,76.89
2026-08-20,Humira,6.4,06:26:23,2,8,0.0
2026-08-20,Humira,11.33,06:26:53,2,8,76.92
2026-08-20,Humira,12.33,06:27:23,2,8,76.93
2026-08-20,Humira,11.47,06:27:53,2,8,76.94
2026-08-20,Humira,2.6,06:28:23,2,8,0.0
2026-08-20,Humira,11.29,06:28:53,2,8,76.96
2026-08-20,Humira,15.34,06:29:23,2,8,76.97
2026-08-20,Humira,15.06,06:29:53,2,8,76.98
2026-08-20,Humira,13.49,06:30:23,2,8,76.99
2026-08-20,Humira,15.79,06:30:53,2,8,77.0
2026-08-20,Humira,11.93,06:31:23,2,8,77.01
2026-08-20,Humira,7.46,06:31:53,2,8,0.0
2026-08-20,Humira,16.46,06:32:23,2,8,77.04
2026-08-20,Humira,10.71,06:32:53,2,8,77.05
2026-08-20,Humira,14.48,06:33:23,2,8,77.06
2026-08-20,Humira,10.68,06:33:53,2,8,77.07
2026-08-20,Humira,6.77,06:34:23,2,8,0.0
2026-08-20,Humira,13.84,06:34:53,2,8,77.09
2026-08-20,Humira,7.91,06:35:23,2,8,0.0
2026-08-20,Humira,9.41,06:35:53,2,8,77.11
2026-08-20,Humira,14.56,06:36:23,2,8,77.12
2026-08-20,Humira,16.32,06:36:53,2,8,77.13
2026-08-20,Humira,3.0,06:37:23,2,8,0.0
2026-08-20,Humira,9.98,06:37:53,2,8,77.16
2026-08-20,Humira,7.41,06:38:23,2,8,0.0
2026-08-20,Humira,7.64,06:38:53,2,8,0.0
2026-08-20,Humira,17.1,06:39:23,2,8,77.19
2026-08-20,Humira,6.2,06:39:53,2,8,0.0
2026-08-20,Humira,13.36,06:40:23,2,8,77.21
2026-08-20,Humira,12.19,06:40:53,2,8,77.22
2026-08-20,Humira,17.59,06:41:23,2,8,77.23
2026-08-20,Humira,3.79,06:41:53,2,8,0.0
2026-08-20,Humira,4.13,06:42:23,2,8,0.0
2026-08-20,Humira,4.87,06:42:53,2,8,0.0
2026-08-20,Humira,9.31,06:43:23,2,8,77.27
2026-08-20,Humira,15.66,06:43:53,2,8,77.29
2026-08-20,Humira,12.1,06:44:23,2,8,77.3
2026-08-20,Humira,15.73,06:44:53,2,8,77.31
2026-08-20,Humira,9.9,06:45:23,2,8,77.32
2026-08-20,Humira,11.46,06:45:53,2,8,77.33
2026-08-20,Humira,14.76,06:46:23,2,8,77.34
2026-08-20,Humira,11.93,06:46:53,2,8,77.35
2026-08-20,Humira,16.66,06:47:23,2,8,77.36
2026-08-20,Humira,17.03,06:47:53,2,8,77.37
2026-08-20,Humira,5.1,06:48:23,2,8,0.0
2026-08-20,Humira,13.17,06:48:53,2,8,77.39
2026-08-20,Humira,12.35,06:49:23,2,8,77.4
2026-08-20,Humira,10.33,06:49:53,2,8,77.41
2026-08-20,Humira,3.22,06:50:23,2,8,0.0
2026-08-20,Humira,10.85,06:50:53,2,8,77.44
2026-08-20,Humira,15.28,06:51:23,2,8,77.45
2026-08-20,Humira,9.05,06:51:53,2,8,77.46
2026-08-20,Humira,3.02,06:52:23,2,8,0.0
2026-08-20,Humira,3.68,06:52:53,2,8,0.0
2026-08-20,Humira,17.45,06:53:23,2,8,77.49
2026-08-20,Humira,3.5,06:53:53,2,8,0.0
2026-08-20,Humira,5.58,06:54:23,2,8,0.0
2026-08-20,Humira,15.34,06:54:53,2,8,77.52
2026-08-20,Humira,4.67,06:55:23,2,8,0.0
2026-08-20,Humira,14.95,06:55:53,2,8,77.55
2026-08-20,Humira,9.2,06:56:23,2,8,77.56
2026-08-20,Humira,10.09,06:56:53,2,8,77.57
2026-08-20,Humira,10.26,06:57:23,2,8,77.58
2026-08-20,Humira,14.4,06:57:53,2,8,77.59
2026-08-20,Humira,15.28,06:58:23,2,8,77.6
2026-08-20,Humira,15.55,06:58:53,2,8,77.61
2026-08-20,Humira,15.97,06:59:23,2,8,77.62
2026-08-20,Humira,16.83,06:59:53,2,8,77.63
2026-08-20,Humira,12.78,07:00:23,2,8,77.64
2026-08-20,Humira,2.57,07:00:53,2,8,0.0
2026-08-20,Humira,7.52,07:01:23,2,8,0.0
2026-08-20,Humira,5.3,07:01:53,2,8,0.0
2026-08-20,Humira,13.59,07:02:23,2,8,77.69
2026-08-20,Humira,17.12,07:02:53,2,8,77.7
2026-08-20,Humira,15.14,07:03:23,2,8,77.71
2026-08-20,Humira,13.69,07:03:53,2,8,77.72
2026-08-20,Humira,12.87,07:04:23,2,8,77.73
2026-08-20,Humira,9.64,07:04:53,2,8,77.74
2026-08-20,Humira,3.57,07:05:23,2,8,0.0
2026-08-20,Humira,6.69,07:05:53,2,8,0.0
2026-08-20,Humira,11.22,07:06:23,2,8,77.77
2026-08-20,Humira,6.22,07:06:53,2,8,0.0
2026-08-20,Humira,16.92,07:07:23,2,8,77.79
2026-08-20,Humira,13.41,07:07:53,2,8,77.81
2026-08-20,Humira,6.63,07:08:23,2,8,0.0
2026-08-20,Humira,16.11,07:08:53,2,8,77.83
2026-08-20,Humira,16.41,07:09:23,2,8,77.84
2026-08-20,Humira,14.59,07:09:53,2,8,77.85
2026-08-20,Humira,13.71,07:10:23,2,8,77.86
2026-08-20,Humira,11.75,07:10:53,2,8,77.87
2026-08-20,Humira,17.93,07:11:23,2,8,77.88
2026-08-20,Humira,15.94,07:11:53,2,8,77.89
2026-08-20,Humira,16.64,07:12:23,2,8,77.9
2026-08-20,Humira,10.67,07:12:53,2,8,77.91
2026-08-20,Humira,16.98,07:13:23,2,8,77.92
2026-08-20,Humira,3.06,07:13:53,2,8,0.0
2026-08-20,Humira,2.09,07:14:23,2,8,0.0
2026-08-20,Humira,16.6,07:14:53,2,8,77.96
2026-08-20,Humira,10.63,07:15:23,2,8,77.97
2026-08-20,Humira,15.59,07:15:53,2,8,77.98
2026-08-20,Humira,4.75,07:16:23,2,8,0.0
2026-08-20,Humira,16.36,07:16:53,2,8,78.0
2026-08-20,Humira,2.62,07:17:23,2,8,0.0
2026-08-20,Humira,16.78,07:17:53,2,8,78.02
2026-08-20,Humira,16.96,07:18:23,2,8,78.03
2026-08-20,Humira,10.65,07:18:53,2,8,78.04
2026-08-20,Humira,16.69,07:19:23,2,8,78.05
2026-08-20,Humira,10.38,07:19:53,2,8,78.06
2026-08-20,Humira,16.94,07:20:23,2,8,78.08
2026-08-20,Humira,16.59,07:20:53,2,8,78.09
2026-08-20,Humira,4.78,07:21:23,2,8,0.0
2026-08-20,Humira,13.18,07:21:53,2,8,78.11
2026-08-20,Humira,16.18,07:22:23,2,8,78.12
2026-08-20,Humira,5.66,07:22:53,2,8,0.0
2026-08-20,Humira,6.38,07:23:23,2,8,0.0
2026-08-20,Humira,17.93,07:23:53,2,8,78.15
2026-08-20,Humira,15.81,07:24:23,2,8,78.16
2026-08-20,Humira,13.34,07:24:53,2,8,78.17
2026-08-20,Humira,17.94,07:25:23,2,8,78.18
2026-08-20,Humira,17.5,07:25:53,2,8,78.2
2026-08-20,Humira,13.25,07:26:23,2,8,78.21
2026-08-20,Humira,5.81,07:26:53,2,8,0.0
2026-08-20,Humira,4.01,07:27:23,2,8,0.0
2026-08-20,Humira,14.16,07:27:53,2,8,78.24
2026-08-20,Humira,14.6,07:28:23,2,8,78.25
2026-08-20,Humira,10.73,07:28:53,2,8,78.26
2026-08-20,Humira,3.84,07:29:23,2,8,0.0
2026-08-20,Humira,2.67,07:29:53,2,8,0.0
2026-08-20,Humira,13.77,07:30:23,2,8,78.29
2026-08-20,Humira,4.94,07:30:53,2,8,0.0
2026-08-20,Humira,14.94,07:31:23,2,8,78.31
2026-08-20,Humira,13.34,07:31:53,2,8,78.33
2026-08-20,Humira,5.43,07:32:23,2,8,0.0
2026-08-20,Humira,10.72,07:32:53,2,8,78.35
2026-08-20,Humira,3.83,07:33:23,2,8,0.0
2026-08-20,Humira,14.73,07:33:53,2,8,78.37
2026-08-20,Humira,11.18,07:34:23,2,8,78.38
2026-08-20,Humira,17.97,07:34:53,2,8,78.39
2026-08-20,Humira,2.28,07:35:23,2,8,0.0
2026-08-20,Humira,3.67,07:35:53,2,8,0.0
2026-08-20,Humira,14.84,07:36:23,2,8,78.42
2026-08-20,Humira,3.4,07:36:53,2,8,0.0
2026-08-20,Humira,3.4,07:37:23,2,8,0.0
2026-08-20,Humira,7.02,07:37:53,2,8,0.0
2026-08-20,Humira,4.44,07:38:23,2,8,0.0
2026-08-20,Humira,11.4,07:38:53,2,8,78.48
2026-08-20,Humira,2.93,07:39:23,2,8,0.0
2026-08-20,Humira,16.51,07:39:53,2,8,78.5
2026-08-20,Humira,13.33,07:40:23,2,8,78.51
2026-08-20,Humira,17.78,07:40:53,2,8,78.52
2026-08-20,Humira,6.04,07:41:23,2,8,0.0
2026-08-20,Humira,12.29,07:41:53,2,8,78.54
2026-08-20,Humira,5.93,07:42:23,2,8,0.0
2026-08-20,Humira,14.56,07:42:53,2,8,78.56
2026-08-20,Humira,14.39,07:43:23,2,8,78.57
2026-08-20,Humira,9.02,07:43:53,2,8,78.59
2026-08-20,Humira,11.31,07:44:23,2,8,78.6
2026-08-20,Humira,2.16,07:44:53,2,8,0.0
2026-08-20,Humira,4.92,07:45:23,2,8,0.0
2026-08-20,Humira,10.08,07:45:53,2,8,78.63
2026-08-20,Humira,5.65,07:46:23,2,8,0.0
2026-08-20,Humira,12.08,07:46:53,2,8,78.65
2026-08-20,Humira,4.31,07:47:23,2,8,0.0
2026-08-20,Humira,16.09,07:47:53,2,8,78.67
2026-08-20,Humira,14.32,07:48:23,2,8,78.68
2026-08-20,Humira,4.18,07:48:53,2,8,0.0
2026-08-20,Humira,3.12,07:49:23,2,8,0.0
2026-08-20,Humira,16.61,07:49:53,2,8,78.72
2026-08-20,Humira,10.29,07:50:23,2,8,78.73
2026-08-20,Humira,11.05,07:50:53,2,8,78.74
2026-08-20,Humira,11.58,07:51:23,2,8,78.75
2026-08-20,Humira,4.65,07:51:53,2,8,0.0
2026-08-20,Humira,16.33,07:52:23,2,8,78.77
2026-08-20,Humira,17.96,07:52:53,2,8,78.78
2026-08-20,Humira,6.75,07:53:23,2,8,0.0
2026-08-20,Humira,9.4,07:53:53,2,8,78.8
2026-08-20,Humira,14.27,07:54:23,2,8,78.81
2026-08-20,Humira,9.02,07:54:53,2,8,78.82
2026-08-20,Humira,11.02,07:55:23,2,8,78.83
2026-08-20,Humira,11.48,07:55:53,2,8,78.84
2026-08-20,Humira,16.14,07:56:23,2,8,78.86
2026-08-20,Humira,7.16,07:56:53,2,8,0.0
2026-08-20,Humira,13.18,07:57:23,2,8,78.88
2026-08-20,Humira,14.51,07:57:53,2,8,78.89
2026-08-20,Humira,16.22,07:58:23,2,8,78.9
2026-08-20,Humira,13.89,07:58:53,2,8,78.91
2026-08-20,Humira,10.76,07:59:23,2,8,78.92
2026-08-20,Humira,11.31,07:59:53,2,8,78.93
2026-08-20,Humira,16.25,08:00:23,2,8,78.94
2026-08-20,Humira,13.62,08:00:53,2,8,78.95
2026-08-20,Humira,17.79,08:01:23,2,8,78.96
2026-08-20,Humira,15.62,08:01:53,2,8,78.98
2026-08-20,Humira,15.8,08:02:23,2,8,78.99
2026-08-20,Humira,3.21,08:02:53,2,8,0.0
2026-08-20,Humira,12.3,08:03:23,2,8,79.01
2026-08-20,Humira,9.93,08:03:53,2,8,79.02
2026-08-20,Humira,15.95,08:04:23,2,8,79.03
2026-08-20,Humira,6.65,08:04:53,2,8,0.0
2026-08-20,Humira,10.22,08:05:23,2,8,79.05
2026-08-20,Humira,10.93,08:05:53,2,8,79.06
2026-08-20,Humira,3.2,08:06:23,2,8,0.0
2026-08-20,Humira,3.46,08:06:53,2,8,0.0
2026-08-20,Humira,14.45,08:07:23,2,8,79.09
2026-08-20,Humira,17.04,08:07:53,2,8,79.11
2026-08-20,Humira,12.95,08:08:23,2,8,79.12
2026-08-20,Humira,2.1,08:08:53,2,8,0.0
2026-08-20,Humira,2.63,08:09:23,2,8,0.0
2026-08-20,Humira,11.74,08:09:53,2,8,79.15
2026-08-20,Humira,2.39,08:10:23,2,8,0.0
2026-08-20,Humira,15.36,08:10:53,2,8,79.17
2026-08-20,Humira,9.76,08:11:23,2,8,79.18
2026-08-20,Humira,6.21,08:11:53,2,8,0.0
2026-08-20,Humira,3.26,08:12:23,2,8,0.0
2026-08-20,Humira,10.72,08:12:53,2,8,79.21
2026-08-20,Humira,9.46,08:13:23,2,8,79.22
2026-08-20,Humira,14.72,08:13:53,2,8,79.23
2026-08-20,Humira,9.41,08:14:23,2,8,79.25
2026-08-20,Humira,17.45,08:14:53,2,8,79.26
2026-08-20,Humira,16.74,08:15:23,2,8,79.27
2026-08-20,Humira,15.3,08:15:53,2,8,79.28
2026-08-20,Humira,16.15,08:16:23,2,8,79.29
2026-08-20,Humira,10.33,08:16:53,2,8,79.3
2026-08-20,Humira,5.98,08:17:23,2,8,0.0
2026-08-20,Humira,2.32,08:17:53,2,8,0.0
2026-08-20,Humira,15.02,08:18:23,2,8,79.33
2026-08-20,Humira,14.37,08:18:53,2,8,79.34
2026-08-20,Humira,11.49,08:19:23,2,8,79.35
2026-08-20,Humira,14.43,08:19:53,2,8,79.36
2026-08-20,Humira,15.93,08:20:23,2,8,79.38
2026-08-20,Humira,9.74,08:20:53,2,8,79.39
2026-08-20,Humira,3.07,08:21:23,2,8,0.0
2026-08-20,Humira,10.79,08:21:53,2,8,79.41
2026-08-20,Humira,6.78,08:22:23,2,8,0.0
2026-08-20,Humira,16.63,08:22:53,2,8,79.43
2026-08-20,Humira,5.72,08:23:23,2,8,0.0
2026-08-20,Humira,15.93,08:23:53,2,8,79.45
2026-08-20,Humira,4.8,08:24:23,2,8,0.0
2026-08-20,Humira,2.88,08:24:53,2,8,0.0
2026-08-20,Humira,11.11,08:25:23,2,8,79.48
2026-08-20,Humira,6.98,08:25:53,2,8,0.0
2026-08-20,Humira,12.13,08:26:23,2,8,79.51
2026-08-20,Humira,5.52,08:26:53,2,8,0.0
2026-08-20,Humira,4.64,08:27:23,2,8,0.0
2026-08-20,Humira,14.78,08:27:53,2,8,79.54
2026-08-20,Humira,6.34,08:28:23,2,8,0.0
2026-08-20,Humira,14.89,08:28:53,2,8,79.56
2026-08-20,Humira,15.89,08:29:23,2,8,79.57
2026-08-20,Humira,15.11,08:29:53,2,8,79.58
2026-08-20,Humira,6.0,08:30:23,2,8,0.0
2026-08-20,Humira,17.74,08:30:53,2,8,79.6
2026-08-20,Humira,5.64,08:31:23,2,8,0.0
2026-08-20,Humira,10.52,08:31:53,2,8,79.62
2026-08-20,Humira,14.55,08:32:23,2,8,79.64
2026-08-20,Humira,16.06,08:32:53,2,8,79.65
2026-08-20,Humira,10.22,08:33:23,2,8,79.66
2026-08-20,Humira,13.93,08:33:53,2,8,79.67
2026-08-20,Humira,12.66,08:34:23,2,8,79.68
2026-08-20,Humira,10.15,08:34:53,2,8,79.69
2026-08-20,Humira,15.36,08:35:23,2,8,79.7
2026-08-20,Humira,7.31,08:35:53,2,8,0.0
2026-08-20,Humira,12.58,08:36:23,2,8,79.72
2026-08-20,Humira,14.04,08:36:53,2,8,79.73
2026-08-20,Humira,12.9,08:37:23,2,8,79.74
2026-08-20,Humira,5.55,08:37:53,2,8,0.0
2026-08-20,Humira,5.67,08:38:23,2,8,0.0
2026-08-20,Humira,17.73,08:38:53,2,8,79.78
2026-08-20,Humira,5.49,08:39:23,2,8,0.0
2026-08-20,Humira,13.73,08:39:53,2,8,79.8
2026-08-20,Humira,13.48,08:40:23,2,8,79.81
2026-08-20,Humira,15.69,08:40:53,2,8,79.82
2026-08-20,Humira,16.79,08:41:23,2,8,79.83
2026-08-20,Humira,15.17,08:41:53,2,8,79.84
2026-08-20,Humira,17.64,08:42:23,2,8,79.85
2026-08-20,Humira,12.92,08:42:53,2,8,79.86
2026-08-20,Humira,11.9,08:43:23,2,8,79.87
2026-08-20,Humira,10.24,08:43:53,2,8,79.89
2026-08-20,Humira,5.53,08:44:23,2,8,0.0
2026-08-20,Humira,10.53,08:44:53,2,8,79.91
2026-08-20,Humira,2.24,08:45:23,2,8,0.0
2026-08-20,Humira,9.44,08:45:53,2,8,79.93
2026-08-20,Humira,7.5,08:46:23,2,8,0.0
2026-08-20,Humira,17.01,08:46:53,2,8,79.95
2026-08-20,Humira,17.78,08:47:23,2,8,79.96
2026-08-20,Humira,17.96,08:47:53,2,8,79.97
2026-08-20,Humira,14.48,08:48:23,2,8,79.98
2026-08-20,Humira,3.32,08:48:53,2,8,0.0
2026-08-20,Humira,15.92,08:49:23,2,8,80.0
2026-08-20,Humira,9.43,08:49:53,2,8,80.02
2026-08-20,Humira,2.63,08:50:23,2,8,0.0
2026-08-20,Humira,6.96,08:50:53,2,8,0.0
2026-08-20,Humira,10.0,08:51:23,2,8,80.05
2026-08-20,Humira,17.92,08:51:53,2,8,80.06
2026-08-20,Humira,12.42,08:52:23,2,8,80.07
2026-08-20,Humira,12.63,08:52:53,2,8,80.08
2026-08-20,Humira,14.56,08:53:23,2,8,80.09
2026-08-20,Humira,13.22,08:53:53,2,8,80.1
2026-08-20,Humira,13.21,08:54:23,2,8,80.11
2026-08-20,Humira,2.64,08:54:53,2,8,0.0
2026-08-20,Humira,5.69,08:55:23,2,8,0.0
2026-08-20,Humira,2.73,08:55:53,2,8,0.0
2026-08-20,Humira,4.48,08:56:23,2,8,0.0
2026-08-20,Humira,15.5,08:56:53,2,8,80.17
2026-08-20,Humira,10.61,08:57:23,2,8,80.18
2026-08-20,Humira,15.64,08:57:53,2,8,80.19
2026-08-20,Humira,11.61,08:58:23,2,8,80.2
2026-08-20,Humira,14.78,08:58:53,2,8,80.21
2026-08-20,Humira,11.7,08:59:23,2,8,80.22
2026-08-20,Humira,11.48,08:59:53,2,8,80.23
2026-08-20,Humira,17.65,09:00:23,2,8,80.24
2026-08-20,Humira,2.38,09:00:53,2,8,0.0
2026-08-20,Humira,12.73,09:01:23,2,8,80.26
2026-08-20,Humira,7.39,09:01:53,2,8,0.0
2026-08-20,Humira,16.04,09:02:23,2,8,80.29
2026-08-20,Humira,2.42,09:02:53,2,8,0.0
2026-08-20,Humira,6.69,09:03:23,2,8,0.0
2026-08-20,Humira,2.03,09:03:53,2,8,0.0
2026-08-20,Humira,14.51,09:04:23,2,8,80.33
2026-08-20,Humira,17.15,09:04:53,2,8,80.34
2026-08-20,Humira,17.89,09:05:23,2,8,80.35
2026-08-20,Humira,14.3,09:05:53,2,8,80.36
2026-08-20,Humira,15.68,09:06:23,2,8,80.37
2026-08-20,Humira,4.46,09:06:53,2,8,0.0
2026-08-20,Humira,7.28,09:07:23,2,8,0.0
2026-08-20,Humira,9.47,09:07:53,2,8,80.41
2026-08-20,Humira,15.18,09:08:23,2,8,80.42
2026-08-20,Humira,6.44,09:08:53,2,8,0.0
2026-08-20,Humira,3.02,09:09:23,2,8,0.0
2026-08-20,Humira,13.16,09:09:53,2,8,80.45
2026-08-20,Humira,7.22,09:10:23,2,8,0.0
2026-08-20,Humira,4.03,09:10:53,2,8,0.0
2026-08-20,Humira,9.82,09:11:23,2,8,80.48
2026-08-20,Humira,5.65,09:11:53,2,8,0.0
2026-08-20,Humira,12.18,09:12:23,2,8,80.5
2026-08-20,Humira,4.36,09:12:53,2,8,0.0
2026-08-20,Humira,16.44,09:13:23,2,8,80.52
2026-08-20,Humira,17.65,09:13:53,2,8,80.54
2026-08-20,Humira,10.98,09:14:23,2,8,80.55
2026-08-20,Humira,15.89,09:14:53,2,8,80.56
2026-08-20,Humira,15.9,09:15:23,2,8,80.57
2026-08-20,Humira,9.02,09:15:53,2,8,80.58
2026-08-20,Humira,11.52,09:16:23,2,8,80.59
2026-08-20,Humira,13.27,09:16:53,2,8,80.6
2026-08-20,Humira,14.31,09:17:23,2,8,80.61
2026-08-20,Humira,4.35,09:17:53,2,8,0.0
2026-08-20,Humira,9.95,09:18:23,2,8,80.63
2026-08-20,Humira,12.6,09:18:53,2,8,80.64
2026-08-20,Humira,4.81,09:19:23,2,8,0.0
2026-08-20,Humira,2.48,09:19:53,2,8,0.0
2026-08-20,Humira,15.98,09:20:23,2,8,80.68
2026-08-20,Humira,9.74,09:20:53,2,8,80.69
2026-08-20,Humira,14.85,09:21:23,2,8,80.7
2026-08-20,Humira,17.0,09:21:53,2,8,80.71
2026-08-20,Humira,14.07,09:22:23,2,8,80.72
2026-08-20,Humira,10.31,09:22:53,2,8,80.73
2026-08-20,Humira,12.71,09:23:23,2,8,80.74
2026-08-20,Humira,5.21,09:23:53,2,8,0.0
2026-08-20,Humira,11.77,09:24:23,2,8,80.76
2026-08-20,Humira,11.67,09:24:53,2,8,80.77
2026-08-20,Humira,6.94,09:25:23,2,8,0.0
2026-08-20,Humira,4.34,09:25:53,2,8,0.0
2026-08-20,Humira,13.47,09:26:23,2,8,80.81
2026-08-20,Humira,15.71,09:26:53,2,8,80.82
2026-08-20,Humira,6.95,09:27:23,2,8,0.0
2026-08-20,Humira,13.27,09:27:53,2,8,80.84
2026-08-20,Humira,5.95,09:28:23,2,8,0.0
2026-08-20,Humira,2.75,09:28:53,2,8,0.0
2026-08-20,Humira,17.46,09:29:23,2,8,80.87
2026-08-20,Humira,15.11,09:29:53,2,8,80.88
2026-08-20,Humira,15.66,09:30:23,2,8,80.89
2026-08-20,Humira,17.1,09:30:53,2,8,80.9
2026-08-20,Humira,7.87,09:31:23,2,8,0.0
2026-08-20,Humira,5.28,09:31:53,2,8,0.0
2026-08-20,Humira,10.02,09:32:23,2,8,80.94
2026-08-20,Humira,6.96,09:32:53,2,8,0.0
2026-08-20,Humira,14.76,09:33:23,2,8,80.96
2026-08-20,Humira,15.72,09:33:53,2,8,80.97
2026-08-20,Humira,17.6,09:34:23,2,8,80.98
2026-08-20,Humira,2.75,09:34:53,2,8,0.0
2026-08-20,Humira,4.76,09:35:23,2,8,0.0
2026-08-20,Humira,9.97,09:35:53,2,8,81.01
2026-08-20,Humira,15.35,09:36:23,2,8,81.02
2026-08-20,Humira,4.18,09:36:53,2,8,0.0
2026-08-20,Humira,15.51,09:37:23,2,8,81.04
2026-08-20,Humira,4.96,09:37:53,2,8,0.0
2026-08-20,Humira,3.74,09:38:23,2,8,0.0
2026-08-20,Humira,14.5,09:38:53,2,8,81.08
2026-08-20,Humira,6.14,09:39:23,2,8,0.0
2026-08-20,Humira,11.19,09:39:53,2,8,81.1
2026-08-20,Humira,11.55,09:40:23,2,8,81.11
2026-08-20,Humira,12.15,09:40:53,2,8,81.12
2026-08-20,Humira,9.5,09:41:23,2,8,81.13
2026-08-20,Humira,13.88,09:41:53,2,8,81.14
2026-08-20,Humira,5.92,09:42:23,2,8,0.0
2026-08-20,Humira,10.69,09:42:53,2,8,81.16
2026-08-20,Humira,11.1,09:43:23,2,8,81.17
2026-08-20,Humira,16.79,09:43:53,2,8,81.19
2026-08-20,Humira,14.75,09:44:23,2,8,81.2
2026-08-20,Humira,11.16,09:44:53,2,8,81.21
2026-08-20,Humira,3.58,09:45:23,2,8,0.0
2026-08-20,Humira,2.44,09:45:53,2,8,0.0
2026-08-20,Humira,9.85,09:46:23,2,8,81.24
2026-08-20,Humira,12.37,09:46:53,2,8,81.25
2026-08-20,Humira,13.26,09:47:23,2,8,81.26
2026-08-20,Humira,2.39,09:47:53,2,8,0.0
2026-08-20,Humira,11.57,09:48:23,2,8,81.28
2026-08-20,Humira,14.38,09:48:53,2,8,81.29
2026-08-20,Humira,6.04,09:49:23,2,8,0.0
2026-08-20,Humira,2.31,09:49:53,2,8,0.0
2026-08-20,Humira,4.03,09:50:23,2,8,0.0
2026-08-20,Humira,5.52,09:50:53,2,8,0.0
2026-08-20,Humira,14.79,09:51:23,2,8,81.35
2026-08-20,Humira,15.47,09:51:53,2,8,81.36
2026-08-20,Humira,13.93,09:52:23,2,8,81.37
2026-08-20,Humira,12.26,09:52:53,2,8,81.38
2026-08-20,Humira,13.12,09:53:23,2,8,81.39
2026-08-20,Humira,17.55,09:53:53,2,8,81.4
2026-08-20,Humira,17.99,09:54:23,2,8,81.41
2026-08-20,Humira,3.21,09:54:53,2,8,0.0
2026-08-20,Humira,11.94,09:55:23,2,8,81.43
2026-08-20,Humira,11.61,09:55:53,2,8,81.45
2026-08-20,Humira,17.94,09:56:23,2,8,81.46
2026-08-20,Humira,3.29,09:56:53,2,8,0.0
2026-08-20,Humira,12.1,09:57:23,2,8,81.48
2026-08-20,Humira,17.1,09:57:53,2,8,81.49
2026-08-20,Humira,11.43,09:58:23,2,8,81.5
2026-08-20,Humira,9.4,09:58:53,2,8,81.51
2026-08-20,Humira,12.89,09:59:23,2,8,81.52
2026-08-20,Humira,17.54,09:59:53,2,8,81.53
2026-08-20,Humira,2.61,10:00:23,2,8,0.0
2026-08-20,Humira,13.76,10:00:53,2,8,81.55
2026-08-20,Humira,5.62,10:01:23,2,8,0.0
2026-08-20,Humira,5.63,10:01:53,2,8,0.0
2026-08-20,Humira,15.21,10:02:23,2,8,81.59
2026-08-20,Humira,11.16,10:02:53,2,8,81.6
2026-08-20,Humira,11.24,10:03:23,2,8,81.61
2026-08-20,Humira,15.69,10:03:53,2,8,81.62
2026-08-20,Humira,11.3,10:04:23,2,8,81.63
2026-08-20,Humira,11.78,10:04:53,2,8,81.64
2026-08-20,Humira,9.6,10:05:23,2,8,81.65
2026-08-20,Humira,13.5,10:05:53,2,8,81.66
2026-08-20,Humira,12.68,10:06:23,2,8,81.67
2026-08-20,Humira,17.51,10:06:53,2,8,81.68
2026-08-20,Humira,11.81,10:07:23,2,8,81.69
2026-08-20,Humira,12.33,10:07:53,2,8,81.7
2026-08-20,Humira,6.92,10:08:23,2,8,0.0
2026-08-20,Humira,9.71,10:08:53,2,8,81.73
2026-08-20,Humira,11.73,10:09:23,2,8,81.74
2026-08-20,Humira,15.28,10:09:53,2,8,81.75
2026-08-20,Humira,2.02,10:10:23,2,8,0.0
2026-08-20,Humira,3.89,10:10:53,2,8,0.0
2026-08-20,Humira,11.27,10:11:23,2,8,81.78
2026-08-20,Humira,11.34,10:11:53,2,8,81.79
2026-08-20,Humira,15.61,10:12:23,2,8,81.8
2026-08-20,Humira,12.87,10:12:53,2,8,81.81
2026-08-20,Humira,3.16,10:13:23,2,8,0.0
2026-08-20,Humira,13.32,10:13:53,2,8,81.84
2026-08-20,Humira,10.0,10:14:23,2,8,81.85
2026-08-20,Humira,15.88,10:14:53,2,8,81.86
2026-08-20,Humira,15.64,10:15:23,2,8,81.87
2026-08-20,Humira,2.56,10:15:53,2,8,0.0
2026-08-20,Humira,12.34,10:16:23,2,8,81.89
2026-08-20,Humira,10.48,10:16:53,2,8,81.9
2026-08-20,Humira,10.12,10:17:23,2,8,81.91
2026-08-20,Humira,17.01,10:17:53,2,8,81.92
2026-08-20,Humira,9.47,10:18:23,2,8,81.93
2026-08-20,Humira,12.77,10:18:53,2,8,81.94
2026-08-20,Humira,6.37,10:19:23,2,8,0.0
2026-08-20,Humira,14.5,10:19:53,2,8,81.97
2026-08-20,Humira,10.18,10:20:23,2,8,81.98
2026-08-20,Humira,17.5,10:20:53,2,8,81.99
2026-08-20,Humira,13.21,10:21:23,2,8,82.0
2026-08-20,Humira,12.99,10:21:53,2,8,82.01
2026-08-20,Humira,2.8,10:22:23,2,8,0.0
2026-08-20,Humira,3.52,10:22:53,2,8,0.0
2026-08-20,Humira,14.93,10:23:23,2,8,82.04
2026-08-20,Humira,17.22,10:23:53,2,8,82.05
2026-08-20,Humira,5.68,10:24:23,2,8,0.0
2026-08-20,Humira,13.39,10:24:53,2,8,82.07
2026-08-20,Humira,3.8,10:25:23,2,8,0.0
2026-08-20,Humira,10.72,10:25:53,2,8,82.09
2026-08-20,Humira,16.68,10:26:23,2,8,82.11
2026-08-20,Humira,6.25,10:26:53,2,8,0.0
2026-08-20,Humira,7.72,10:27:23,2,8,0.0
2026-08-20,Humira,12.06,10:27:53,2,8,82.14
2026-08-20,Humira,4.23,10:28:23,2,8,0.0
2026-08-20,Humira,4.59,10:28:53,2,8,0.0
2026-08-20,Humira,9.35,10:29:23,2,8,82.17
2026-08-20,Humira,15.7,10:29:53,2,8,82.18
2026-08-20,Humira,6.38,10:30:23,2,8,0.0
2026-08-20,Humira,2.29,10:30:53,2,8,0.0
2026-08-20,Humira,9.12,10:31:23,2,8,82.21
2026-08-20,Humira,10.64,10:31:53,2,8,82.23
2026-08-20,Humira,6.5,10:32:23,2,8,0.0
2026-08-20,Humira,5.4,10:32:53,2,8,0.0
2026-08-20,Humira,2.49,10:33:23,2,8,0.0
2026-08-20,Humira,17.0,10:33:53,2,8,82.27
2026-08-20,Humira,15.99,10:34:23,2,8,82.28
2026-08-20,Humira,3.48,10:34:53,2,8,0.0
2026-08-20,Humira,10.73,10:35:23,2,8,82.3
2026-08-20,Humira,2.35,10:35:53,2,8,0.0
2026-08-20,Humira,14.86,10:36:23,2,8,82.32
2026-08-20,Humira,4.3,10:36:53,2,8,0.0
2026-08-20,Humira,5.28,10:37:23,2,8,0.0
2026-08-20,Humira,6.68,10:37:53,2,8,0.0
2026-08-20,Humira,13.07,10:38:23,2,8,82.37
2026-08-20,Humira,3.67,10:38:53,2,8,0.0
2026-08-20,Humira,13.52,10:39:23,2,8,82.39
2026-08-20,Humira,14.14,10:39:53,2,8,82.4
2026-08-20,Humira,2.96,10:40:23,2,8,0.0
2026-08-20,Humira,6.95,10:40:53,2,8,0.0
2026-08-20,Humira,13.49,10:41:23,2,8,82.43
2026-08-20,Humira,5.57,10:41:53,2,8,0.0
2026-08-20,Humira,17.08,10:42:23,2,8,82.45
2026-08-20,Humira,5.68,10:42:53,2,8,0.0
2026-08-20,Humira,11.42,10:43:23,2,8,82.47
2026-08-20,Humira,10.95,10:43:53,2,8,82.48
2026-08-20,Humira,12.81,10:44:23,2,8,82.5
2026-08-20,Humira,17.88,10:44:53,2,8,82.51
2026-08-20,Humira,10.18,10:45:23,2,8,82.52
2026-08-20,Humira,13.52,10:45:53,2,8,82.53
2026-08-20,Humira,12.87,10:46:23,2,8,82.54
2026-08-20,Humira,10.53,10:46:53,2,8,82.55
2026-08-20,Humira,16.13,10:47:23,2,8,82.56
2026-08-20,Humira,17.59,10:47:53,2,8,82.57
2026-08-20,Humira,10.52,10:48:23,2,8,82.58
2026-08-20,Humira,13.72,10:48:53,2,8,82.59
2026-08-20,Humira,4.76,10:49:23,2,8,0.0
2026-08-20,Humira,5.03,10:49:53,2,8,0.0
2026-08-20,Humira,14.42,10:50:23,2,8,82.63
2026-08-20,Humira,11.77,10:50:53,2,8,82.64
2026-08-20,Humira,10.56,10:51:23,2,8,82.65
2026-08-20,Humira,11.19,10:51:53,2,8,82.66
2026-08-20,Humira,12.99,10:52:23,2,8,82.67
2026-08-20,Humira,16.91,10:52:53,2,8,82.68
2026-08-20,Humira,16.46,10:53:23,2,8,82.69
2026-08-20,Humira,12.09,10:53:53,2,8,82.7
2026-08-20,Humira,4.92,10:54:23,2,8,0.0
2026-08-20,Humira,12.68,10:54:53,2,8,82.72
2026-08-20,Humira,9.0,10:55:23,2,8,82.73
2026-08-20,Humira,11.99,10:55:53,2,8,82.75
2026-08-20,Humira,14.38,10:56:23,2,8,82.76
2026-08-20,Humira,14.75,10:56:53,2,8,82.77
2026-08-20,Humira,9.32,10:57:23,2,8,82.78
2026-08-20,Humira,9.57,10:57:53,2,8,82.79
2026-08-20,Humira,7.3,10:58:23,2,8,0.0
2026-08-20,Humira,11.73,10:58:53,2,8,82.81
2026-08-20,Humira,14.46,10:59:23,2,8,82.82
2026-08-20,Humira,7.96,10:59:53,2,8,0.0
2026-08-20,Humira,13.02,11:00:23,2,8,82.84
2026-08-20,Humira,14.82,11:00:53,2,8,82.85
2026-08-20,Humira,13.59,11:01:23,2,8,82.86
2026-08-20,Humira,11.08,11:01:53,2,8,82.88
2026-08-20,Humira,17.78,11:02:23,2,8,82.89
2026-08-20,Humira,9.59,11:02:53,2,8,82.9
2026-08-20,Humira,6.48,11:03:23,2,8,0.0
2026-08-20,Humira,12.03,11:03:53,2,8,82.92
2026-08-20,Humira,12.62,11:04:23,2,8,82.93
2026-08-20,Humira,6.32,11:04:53,2,8,0.0
2026-08-20,Humira,12.18,11:05:23,2,8,82.95
2026-08-20,Humira,16.7,11:05:53,2,8,82.96
2026-08-20,Humira,11.49,11:06:23,2,8,82.97
2026-08-20,Humira,14.29,11:06:53,2,8,82.98
2026-08-20,Humira,15.4,11:07:23,2,8,82.99
2026-08-20,Humira,3.19,11:07:53,2,8,0.0
2026-08-20,Humira,10.19,11:08:23,2,8,83.02
2026-08-20,Humira,16.53,11:08:53,2,8,83.03
2026-08-20,Humira,5.11,11:09:23,2,8,0.0
2026-08-20,Humira,4.08,11:09:53,2,8,0.0
2026-08-20,Humira,17.29,11:10:23,2,8,83.06
2026-08-20,Humira,11.46,11:10:53,2,8,83.07
2026-08-20,Humira,4.61,11:11:23,2,8,0.0
2026-08-20,Humira,4.88,11:11:53,2,8,0.0
2026-08-20,Humira,17.26,11:12:23,2,8,83.1
2026-08-20,Humira,17.58,11:12:53,2,8,83.11
2026-08-20,Humira,16.77,11:13:23,2,8,83.12
2026-08-20,Humira,17.45,11:13:53,2,8,83.14
2026-08-20,Humira,4.61,11:14:23,2,8,0.0
2026-08-20,Humira,11.14,11:14:53,2,8,83.16
2026-08-20,Humira,6.68,11:15:23,2,8,0.0
2026-08-20,Humira,14.8,11:15:53,2,8,83.18
2026-08-20,Humira,5.46,11:16:23,2,8,0.0
2026-08-20,Humira,6.98,11:16:53,2,8,0.0
2026-08-20,Humira,5.51,11:17:23,2,8,0.0
2026-08-20,Humira,5.24,11:17:53,2,8,0.0
2026-08-20,Humira,9.54,11:18:23,2,8,83.23
2026-08-20,Humira,5.68,11:18:53,2,8,0.0
2026-08-20,Humira,6.75,11:19:23,2,8,0.0
2026-08-20,Humira,9.34,11:19:53,2,8,83.27
2026-08-20,Humira,17.01,11:20:23,2,8,83.28
2026-08-20,Humira,2.9,11:20:53,2,8,0.0
2026-08-20,Humira,17.72,11:21:23,2,8,83.3
2026-08-20,Humira,9.86,11:21:53,2,8,83.31
2026-08-20,Humira,12.54,11:22:23,2,8,83.32
2026-08-20,Humira,4.02,11:22:53,2,8,0.0
2026-08-20,Humira,17.34,11:23:23,2,8,83.34
2026-08-20,Humira,4.94,11:23:53,2,8,0.0
2026-08-20,Humira,6.91,11:24:23,2,8,0.0
2026-08-20,Humira,2.37,11:24:53,2,8,0.0
2026-08-20,Humira,11.92,11:25:23,2,8,83.38
2026-08-20,Humira,13.1,11:25:53,2,8,83.4
2026-08-20,Humira,16.39,11:26:23,2,8,83.41
2026-08-20,Humira,10.76,11:26:53,2,8,83.42
2026-08-20,Humira,10.48,11:27:23,2,8,83.43
2026-08-20,Humira,10.11,11:27:53,2,8,83.44
2026-08-20,Humira,16.58,11:28:23,2,8,83.45
2026-08-20,Humira,14.71,11:28:53,2,8,83.46
2026-08-20,Humira,4.43,11:29:23,2,8,0.0
2026-08-20,Humira,12.28,11:29:53,2,8,83.48
2026-08-20,Humira,11.66,11:30:23,2,8,83.49
2026-08-20,Humira,13.85,11:30:53,2,8,83.5
2026-08-20,Humira,2.57,11:31:23,2,8,0.0
2026-08-20,Humira,6.77,11:31:53,2,8,0.0
2026-08-20,Humira,16.22,11:32:23,2,8,83.54
2026-08-20,Humira,12.64,11:32:53,2,8,83.55
2026-08-20,Humira,15.87,11:33:23,2,8,83.56
2026-08-20,Humira,12.54,11:33:53,2,8,83.57
2026-08-20,Humira,5.36,11:34:23,2,8,0.0
2026-08-20,Humira,6.34,11:34:53,2,8,0.0
2026-08-20,Humira,14.5,11:35:23,2,8,83.6
2026-08-20,Humira,14.81,11:35:53,2,8,83.61
2026-08-20,Humira,17.42,11:36:23,2,8,83.62
2026-08-20,Humira,6.62,11:36:53,2,8,0.0
2026-08-20,Humira,4.72,11:37:23,2,8,0.0
2026-08-20,Humira,17.12,11:37:53,2,8,83.66
2026-08-20,Humira,11.7,11:38:23,2,8,83.67
2026-08-20,Humira,13.61,11:38:53,2,8,83.68
2026-08-20,Humira,15.34,11:39:23,2,8,83.69
2026-08-20,Humira,13.19,11:39:53,2,8,83.7
2026-08-20,Humira,4.0,11:40:23,2,8,0.0
2026-08-20,Humira,14.47,11:40:53,2,8,83.72
2026-08-20,Humira,10.26,11:41:23,2,8,83.73
2026-08-20,Humira,5.07,11:41:53,2,8,0.0
2026-08-20,Humira,11.75,11:42:23,2,8,83.75
2026-08-20,Humira,15.64,11:42:53,2,8,83.76
2026-08-20,Humira,12.0,11:43:23,2,8,83.77
2026-08-20,Humira,2.98,11:43:53,2,8,0.0
2026-08-20,Humira,4.66,11:44:23,2,8,0.0
2026-08-20,Humira,4.29,11:44:53,2,8,0.0
2026-08-20,Humira,16.72,11:45:23,2,8,83.82
2026-08-20,Humira,16.22,11:45:53,2,8,83.83
2026-08-20,Humira,15.43,11:46:23,2,8,83.84
2026-08-20,Humira,6.17,11:46:53,2,8,0.0
2026-08-20,Humira,5.2,11:47:23,2,8,0.0
2026-08-20,Humira,5.13,11:47:53,2,8,0.0
2026-08-20,Humira,14.07,11:48:23,2,8,83.88
2026-08-20,Humira,15.92,11:48:53,2,8,83.89
2026-08-20,Humira,14.5,11:49:23,2,8,83.9
2026-08-20,Humira,14.03,11:49:53,2,8,83.92
2026-08-20,Humira,2.5,11:50:23,2,8,0.0
2026-08-20,Humira,14.15,11:50:53,2,8,83.94
2026-08-20,Humira,17.61,11:51:23,2,8,83.95
2026-08-20,Humira,10.7,11:51:53,2,8,83.96
2026-08-20,Humira,15.16,11:52:23,2,8,83.97
2026-08-20,Humira,15.09,11:52:53,2,8,83.98
2026-08-20,Humira,17.0,11:53:23,2,8,83.99
2026-08-20,Humira,17.5,11:53:53,2,8,84.0
2026-08-20,Humira,13.73,11:54:23,2,8,84.01
2026-08-20,Humira,16.8,11:54:53,2,8,84.02
2026-08-20,Humira,9.2,11:55:23,2,8,84.03
2026-08-20,Humira,16.5,11:55:53,2,8,84.05
2026-08-20,Humira,16.84,11:56:23,2,8,84.06
2026-08-20,Humira,13.78,11:56:53,2,8,84.07
2026-08-20,Humira,7.65,11:57:23,2,8,0.0
2026-08-20,Humira,16.19,11:57:53,2,8,84.09
2026-08-20,Humira,15.69,11:58:23,2,8,84.1
2026-08-20,Humira,10.58,11:58:53,2,8,84.11
2026-08-20,Humira,2.36,11:59:23,2,8,0.0
2026-08-20,Humira,12.47,11:59:53,2,8,84.13
2026-08-20,Humira,11.43,12:00:23,2,8,84.14
2026-08-20,Humira,4.87,12:00:53,2,8,0.0
2026-08-20,Humira,14.54,12:01:23,2,8,84.16
2026-08-20,Humira,11.33,12:01:53,2,8,84.17
2026-08-20,Humira,6.44,12:02:23,2,8,0.0
2026-08-20,Humira,17.83,12:02:53,2,8,84.2
2026-08-20,Humira,14.54,12:03:23,2,8,84.21
2026-08-20,Humira,15.29,12:03:53,2,8,84.22
2026-08-20,Humira,17.1,12:04:23,2,8,84.23
2026-08-20,Humira,2.06,12:04:53,2,8,0.0
2026-08-20,Humira,16.55,12:05:23,2,8,84.25
2026-08-20,Humira,16.27,12:05:53,2,8,84.26
2026-08-20,Humira,17.47,12:06:23,2,8,84.27
2026-08-20,Humira,7.11,12:06:53,2,8,0.0
2026-08-20,Humira,17.7,12:07:23,2,8,84.29
2026-08-20,Humira,11.78,12:07:53,2,8,84.3
2026-08-20,Humira,12.12,12:08:23,2,8,84.32
2026-08-20,Humira,15.98,12:08:53,2,8,84.33
2026-08-20,Humira,2.25,12:09:23,2,8,0.0
2026-08-20,Humira,10.92,12:09:53,2,8,84.35
2026-08-20,Humira,15.28,12:10:23,2,8,84.36
2026-08-20,Humira,13.43,12:10:53,2,8,84.37
2026-08-20,Humira,13.78,12:11:23,2,8,84.38
2026-08-20,Humira,15.88,12:11:53,2,8,84.39
2026-08-20,Humira,12.89,12:12:23,2,8,84.4
2026-08-20,Humira,10.08,12:12:53,2,8,84.41
2026-08-20,Humira,2.63,12:13:23,2,8,0.0
2026-08-20,Humira,16.41,12:13:53,2,8,84.44
2026-08-20,Humira,14.38,12:14:23,2,8,84.45
2026-08-20,Humira,15.21,12:14:53,2,8,84.46
2026-08-20,Humira,4.15,12:15:23,2,8,0.0
2026-08-20,Humira,10.66,12:15:53,2,8,84.48
2026-08-20,Humira,14.07,12:16:23,2,8,84.49
2026-08-20,Humira,4.2,12:16:53,2,8,0.0
2026-08-20,Humira,3.52,12:17:23,2,8,0.0
2026-08-20,Humira,12.85,12:17:53,2,8,84.52
2026-08-20,Humira,15.85,12:18:23,2,8,84.53
2026-08-20,Humira,3.83,12:18:53,2,8,0.0
2026-08-20,Humira,5.25,12:19:23,2,8,0.0
2026-08-20,Humira,15.74,12:19:53,2,8,84.56
2026-08-20,Humira,6.48,12:20:23,2,8,0.0
2026-08-20,Humira,11.93,12:20:53,2,8,84.59
2026-08-20,Humira,5.78,12:21:23,2,8,0.0
2026-08-20,Humira,2.59,12:21:53,2,8,0.0
2026-08-20,Humira,17.8,12:22:23,2,8,84.62
2026-08-20,Humira,10.82,12:22:53,2,8,84.63
2026-08-20,Humira,12.24,12:23:23,2,8,84.64
2026-08-20,Humira,9.6,12:23:53,2,8,84.65
2026-08-20,Humira,5.88,12:24:23,2,8,0.0
2026-08-20,Humira,7.87,12:24:53,2,8,0.0
2026-08-20,Humira,17.47,12:25:23,2,8,84.68
2026-08-20,Humira,5.63,12:25:53,2,8,0.0
2026-08-20,Humira,2.53,12:26:23,2,8,0.0
2026-08-20,Humira,3.6,12:26:53,2,8,0.0
2026-08-20,Humira,5.2,12:27:23,2,8,0.0
2026-08-20,Humira,15.35,12:27:53,2,8,84.74
2026-08-20,Humira,10.79,12:28:23,2,8,84.75
2026-08-20,Humira,13.5,12:28:53,2,8,84.76
2026-08-20,Humira,11.93,12:29:23,2,8,84.77
2026-08-20,Humira,11.19,12:29:53,2,8,84.78
2026-08-20,Humira,10.7,12:30:23,2,8,84.79
2026-08-20,Humira,17.99,12:30:53,2,8,84.8
2026-08-20,Humira,3.09,12:31:23,2,8,0.0
2026-08-20,Humira,15.33,12:31:53,2,8,84.83
2026-08-20,Humira,12.43,12:32:23,2,8,84.84
2026-08-20,Humira,6.54,12:32:53,2,8,0.0
2026-08-20,Humira,5.8,12:33:23,2,8,0.0
2026-08-20,Humira,11.56,12:33:53,2,8,84.87
2026-08-20,Humira,4.24,12:34:23,2,8,0.0
2026-08-20,Humira,14.08,12:34:53,2,8,84.89
2026-08-20,Humira,14.36,12:35:23,2,8,84.9
2026-08-20,Humira,13.87,12:35:53,2,8,84.91
2026-08-20,Humira,17.52,12:36:23,2,8,84.92
2026-08-20,Humira,2.11,12:36:53,2,8,0.0
2026-08-20,Humira,12.11,12:37:23,2,8,84.94
2026-08-20,Humira,13.65,12:37:53,2,8,84.95
2026-08-20,Humira,4.36,12:38:23,2,8,0.0
2026-08-20,Humira,7.92,12:38:53,2,8,0.0
2026-08-20,Humira,12.33,12:39:23,2,8,84.99
2026-08-20,Humira,7.64,12:39:53,2,8,0.0
2026-08-20,Humira,14.11,12:40:23,2,8,85.01
2026-08-20,Humira,3.21,12:40:53,2,8,0.0
2026-08-20,Humira,3.25,12:41:23,2,8,0.0
2026-08-20,Humira,9.64,12:41:53,2,8,85.04
2026-08-20,Humira,15.42,12:42:23,2,8,85.05
2026-08-20,Humira,16.84,12:42:53,2,8,85.06
2026-08-20,Humira,9.87,12:43:23,2,8,85.07
2026-08-20,Humira,16.8,12:43:53,2,8,85.09
2026-08-20,Humira,12.54,12:44:23,2,8,85.1
2026-08-20,Humira,17.59,12:44:53,2,8,85.11
2026-08-20,Humira,9.98,12:45:23,2,8,85.12
2026-08-20,Humira,17.79,12:45:53,2,8,85.13
2026-08-20,Humira,11.26,12:46:23,2,8,85.14
2026-08-20,Humira,3.88,12:46:53,2,8,0.0
2026-08-20,Humira,16.64,12:47:23,2,8,85.16
2026-08-20,Humira,14.82,12:47:53,2,8,85.17
2026-08-20,Humira,7.41,12:48:23,2,8,0.0
2026-08-20,Humira,2.84,12:48:53,2,8,0.0
2026-08-20,Humira,4.87,12:49:23,2,8,0.0
2026-08-20,Humira,5.24,12:49:53,2,8,0.0
2026-08-20,Humira,6.67,12:50:23,2,8,0.0
2026-08-20,Humira,6.0,12:50:53,2,8,0.0
2026-08-20,Humira,16.11,12:51:23,2,8,85.25
2026-08-20,Humira,16.35,12:51:53,2,8,85.26
2026-08-20,Humira,15.28,12:52:23,2,8,85.27
2026-08-20,Humira,9.84,12:52:53,2,8,85.28
2026-08-20,Humira,12.12,12:53:23,2,8,85.29
2026-08-20,Humira,17.05,12:53:53,2,8,85.3
2026-08-20,Humira,14.86,12:54:23,2,8,85.31
2026-08-20,Humira,9.21,12:54:53,2,8,85.32
2026-08-20,Humira,11.28,12:55:23,2,8,85.33
2026-08-20,Humira,12.27,12:55:53,2,8,85.35
2026-08-20,Humira,7.16,12:56:23,2,8,0.0
2026-08-20,Humira,4.27,12:56:53,2,8,0.0
2026-08-20,Humira,9.09,12:57:23,2,8,85.38
2026-08-20,Humira,2.04,12:57:53,2,8,0.0
2026-08-20,Humira,10.99,12:58:23,2,8,85.4
2026-08-20,Humira,12.4,12:58:53,2,8,85.41
2026-08-20,Humira,16.78,12:59:23,2,8,85.42
2026-08-20,Humira,10.8,12:59:53,2,8,85.43
2026-08-20,Humira,4.56,13:00:23,2,8,0.0
2026-08-20,Humira,12.36,13:00:53,2,8,85.45
2026-08-20,Humira,9.07,13:01:23,2,8,85.46
2026-08-20,Humira,16.7,13:01:53,2,8,85.48
2026-08-20,Humira,13.49,13:02:23,2,8,85.49
2026-08-20,Humira,16.55,13:02:53,2,8,85.5
2026-08-20,Humira,13.88,13:03:23,2,8,85.51
2026-08-20,Humira,7.58,13:03:53,2,8,0.0
2026-08-20,Humira,16.56,13:04:23,2,8,85.53
2026-08-20,Humira,2.45,13:04:53,2,8,0.0
2026-08-20,Humira,15.18,13:05:23,2,8,85.55
2026-08-20,Humira,10.61,13:05:53,2,8,85.56
2026-08-20,Humira,2.69,13:06:23,2,8,0.0
2026-08-20,Humira,10.79,13:06:53,2,8,85.58
2026-08-20,Humira,16.39,13:07:23,2,8,85.59
2026-08-20,Humira,16.41,13:07:53,2,8,85.6
2026-08-20,Humira,12.85,13:08:23,2,8,85.62
2026-08-20,Humira,13.06,13:08:53,2,8,85.63
2026-08-20,Humira,6.9,13:09:23,2,8,0.0
2026-08-20,Humira,10.52,13:09:53,2,8,85.65
2026-08-20,Humira,16.63,13:10:23,2,8,85.66
2026-08-20,Humira,14.42,13:10:53,2,8,85.67
2026-08-20,Humira,6.04,13:11:23,2,8,0.0
2026-08-20,Humira,7.93,13:11:53,2,8,0.0
2026-08-20,Humira,6.66,13:12:23,2,8,0.0
2026-08-20,Humira,4.03,13:12:53,2,8,0.0
2026-08-20,Humira,16.93,13:13:23,2,8,85.72
2026-08-20,Humira,16.18,13:13:53,2,8,85.74
2026-08-20,Humira,7.14,13:14:23,2,8,0.0
2026-08-20,Humira,6.8,13:14:53,2,8,0.0
2026-08-20,Humira,10.84,13:15:23,2,8,85.77
2026-08-20,Humira,7.66,13:15:53,2,8,0.0
2026-08-20,Humira,12.14,13:16:23,2,8,85.79
2026-08-20,Humira,2.38,13:16:53,2,8,0.0
2026-08-20,Humira,3.84,13:17:23,2,8,0.0
2026-08-20,Humira,11.36,13:17:53,2,8,85.82
2026-08-20,Humira,9.48,13:18:23,2,8,85.83
2026-08-20,Humira,15.79,13:18:53,2,8,85.84
2026-08-20,Humira,13.29,13:19:23,2,8,85.85
2026-08-20,Humira,10.97,13:19:53,2,8,85.86
2026-08-20,Humira,2.93,13:20:23,2,8,0.0
2026-08-20,Humira,14.54,13:20:53,2,8,85.89
2026-08-20,Humira,16.35,13:21:23,2,8,85.9
2026-08-20,Humira,3.66,13:21:53,2,8,0.0
2026-08-20,Humira,6.04,13:22:23,2,8,0.0
2026-08-20,Humira,16.06,13:22:53,2,8,85.93
2026-08-20,Humira,13.63,13:23:23,2,8,85.94
2026-08-20,Humira,6.63,13:23:53,2,8,0.0
2026-08-20,Humira,15.52,13:24:23,2,8,85.96
2026-08-20,Humira,10.32,13:24:53,2,8,85.97
2026-08-20,Humira,10.09,13:25:23,2,8,85.98
2026-08-20,Humira,16.23,13:25:53,2,8,86.0
2026-08-20,Humira,16.0,13:26:23,2,8,86.01
2026-08-20,Humira,12.8,13:26:53,2,8,86.02
2026-08-20,Humira,2.35,13:27:23,2,8,0.0
2026-08-20,Humira,7.5,13:27:53,2,8,0.0
2026-08-20,Humira,16.77,13:28:23,2,8,86.05
2026-08-20,Humira,13.03,13:28:53,2,8,86.06
2026-08-20,Humira,12.0,13:29:23,2,8,86.07
2026-08-20,Humira,4.41,13:29:53,2,8,0.0
2026-08-20,Humira,4.42,13:30:23,2,8,0.0
2026-08-20,Humira,15.57,13:30:53,2,8,86.1
2026-08-20,Humira,12.11,13:31:23,2,8,86.11
2026-08-20,Humira,2.06,13:31:53,2,8,0.0
2026-08-20,Humira,3.77,13:32:23,2,8,0.0
2026-08-20,Humira,16.5,13:32:53,2,8,86.15
2026-08-20,Humira,16.09,13:33:23,2,8,86.16
2026-08-20,Humira,5.62,13:33:53,2,8,0.0
2026-08-20,Humira,3.34,13:34:23,2,8,0.0
2026-08-20,Humira,10.3,13:34:53,2,8,86.19
2026-08-20,Humira,2.47,13:35:23,2,8,0.0
2026-08-20,Humira,9.83,13:35:53,2,8,86.21
2026-08-20,Humira,13.56,13:36:23,2,8,86.22
2026-08-20,Humira,15.02,13:36:53,2,8,86.23
2026-08-20,Humira,15.63,13:37:23,2,8,86.24
2026-08-20,Humira,6.14,13:37:53,2,8,0.0
2026-08-20,Humira,16.94,13:38:23,2,8,86.27
2026-08-20,Humira,7.74,13:38:53,2,8,0.0
2026-08-20,Humira,17.96,13:39:23,2,8,86.29
2026-08-20,Humira,10.94,13:39:53,2,8,86.3
2026-08-20,Humira,15.5,13:40:23,2,8,86.31
2026-08-20,Humira,3.23,13:40:53,2,8,0.0
2026-08-20,Humira,12.75,13:41:23,2,8,86.33
2026-08-20,Humira,5.81,13:41:53,2,8,0.0
2026-08-20,Humira,15.74,13:42:23,2,8,86.35
2026-08-20,Humira,2.39,13:42:53,2,8,0.0
2026-08-20,Humira,6.37,13:43:23,2,8,0.0
2026-08-20,Humira,12.41,13:43:53,2,8,86.39
2026-08-20,Humira,11.81,13:44:23,2,8,86.4
2026-08-20,Humira,6.9,13:44:53,2,8,0.0
2026-08-20,Humira,5.14,13:45:23,2,8,0.0
2026-08-20,Humira,9.44,13:45:53,2,8,86.43
2026-08-20,Humira,2.97,13:46:23,2,8,0.0
2026-08-20,Humira,2.43,13:46:53,2,8,0.0
2026-08-20,Humira,5.32,13:47:23,2,8,0.0
2026-08-20,Humira,2.27,13:47:53,2,8,0.0
2026-08-20,Humira,14.37,13:48:23,2,8,86.48
2026-08-20,Humira,5.78,13:48:53,2,8,0.0
2026-08-20,Humira,10.03,13:49:23,2,8,86.5
2026-08-20,Humira,2.9,13:49:53,2,8,0.0
2026-08-20,Humira,10.8,13:50:23,2,8,86.53
2026-08-20,Humira,7.07,13:50:53,2,8,0.0
2026-08-20,Humira,7.16,13:51:23,2,8,0.0
2026-08-20,Humira,12.85,13:51:53,2,8,86.56
2026-08-20,Humira,6.03,13:52:23,2,8,0.0
2026-08-20,Humira,11.94,13:52:53,2,8,86.58
2026-08-20,Humira,15.86,13:53:23,2,8,86.59
2026-08-20,Humira,10.81,13:53:53,2,8,86.6
2026-08-20,Humira,7.72,13:54:23,2,8,0.0
2026-08-20,Humira,3.55,13:54:53,2,8,0.0
2026-08-20,Humira,14.61,13:55:23,2,8,86.63
2026-08-20,Humira,16.26,13:55:53,2,8,86.65
2026-08-20,Humira,16.13,13:56:23,2,8,86.66
2026-08-20,Humira,11.78,13:56:53,2,8,86.67
2026-08-20,Humira,3.89,13:57:23,2,8,0.0
2026-08-20,Humira,12.87,13:57:53,2,8,86.69
2026-08-20,Humira,5.32,13:58:23,2,8,0.0
2026-08-20,Humira,13.0,13:58:53,2,8,86.71
2026-08-20,Humira,14.41,13:59:23,2,8,86.72
2026-08-20,Humira,6.13,13:59:53,2,8,0.0
2026-08-20,Humira,4.84,14:00:23,2,8,0.0
2026-08-20,Humira,2.74,14:00:53,2,8,0.0
2026-08-20,Humira,13.56,14:01:23,2,8,86.76
2026-08-20,Humira,7.13,14:01:53,2,8,0.0
2026-08-20,Humira,4.56,14:02:23,2,8,0.0
2026-08-20,Humira,10.81,14:02:53,2,8,86.8
2026-08-20,Humira,15.69,14:03:23,2,8,86.81
2026-08-20,Humira,17.75,14:03:53,2,8,86.82
2026-08-20,Humira,17.27,14:04:23,2,8,86.83
2026-08-20,Humira,10.46,14:04:53,2,8,86.84
2026-08-20,Humira,5.8,14:05:23,2,8,0.0
2026-08-20,Humira,4.87,14:05:53,2,8,0.0
2026-08-20,Humira,17.8,14:06:23,2,8,86.87
2026-08-20,Humira,16.31,14:06:53,2,8,86.88
2026-08-20,Humira,6.14,14:07:23,2,8,0.0
2026-08-20,Humira,15.98,14:07:53,2,8,86.91
2026-08-20,Humira,11.36,14:08:23,2,8,86.92
2026-08-20,Humira,10.72,14:08:53,2,8,86.93
2026-08-20,Humira,2.1,14:09:23,2,8,0.0
2026-08-20,Humira,7.41,14:09:53,2,8,0.0
2026-08-20,Humira,13.65,14:10:23,2,8,86.96
2026-08-20,Humira,13.16,14:10:53,2,8,86.97
2026-08-20,Humira,15.74,14:11:23,2,8,86.98
2026-08-20,Humira,15.07,14:11:53,2,8,86.99
2026-08-20,Humira,15.36,14:12:23,2,8,87.0
2026-08-20,Humira,5.8,14:12:53,2,8,0.0
2026-08-20,Humira,12.61,14:13:23,2,8,87.02
2026-08-20,Humira,16.3,14:13:53,2,8,87.04
2026-08-20,Humira,6.1,14:14:23,2,8,0.0
2026-08-20,Humira,13.02,14:14:53,2,8,87.06
2026-08-20,Humira,6.86,14:15:23,2,8,0.0
2026-08-20,Humira,4.23,14:15:53,2,8,0.0
2026-08-20,Humira,11.19,14:16:23,2,8,87.09
2026-08-20,Humira,9.53,14:16:53,2,8,87.1
2026-08-20,Humira,16.36,14:17:23,2,8,87.11
2026-08-20,Humira,11.31,14:17:53,2,8,87.12
2026-08-20,Humira,10.07,14:18:23,2,8,87.13
2026-08-20,Humira,2.01,14:18:53,2,8,0.0
2026-08-20,Humira,13.97,14:19:23,2,8,87.15
2026-08-20,Humira,2.62,14:19:53,2,8,0.0
2026-08-20,Humira,12.5,14:20:23,2,8,87.18
2026-08-20,Humira,2.4,14:20:53,2,8,0.0
2026-08-20,Humira,14.59,14:21:23,2,8,87.2
2026-08-20,Humira,7.86,14:21:53,2,8,0.0
2026-08-20,Humira,15.29,14:22:23,2,8,87.22
2026-08-20,Humira,10.22,14:22:53,2,8,87.23
2026-08-20,Humira,17.57,14:23:23,2,8,87.24
2026-08-20,Humira,5.18,14:23:53,2,8,0.0
2026-08-20,Humira,15.1,14:24:23,2,8,87.26
2026-08-20,Humira,3.13,14:24:53,2,8,0.0
2026-08-20,Humira,9.4,14:25:23,2,8,87.28
2026-08-20,Humira,9.42,14:25:53,2,8,87.3
2026-08-20,Humira,5.28,14:26:23,2,8,0.0
2026-08-20,Humira,2.52,14:26:53,2,8,0.0
2026-08-20,Humira,12.94,14:27:23,2,8,87.33
2026-08-20,Humira,11.92,14:27:53,2,8,87.34
2026-08-20,Humira,4.75,14:28:23,2,8,0.0
2026-08-20,Humira,14.47,14:28:53,2,8,87.36
2026-08-20,Humira,11.2,14:29:23,2,8,87.37
2026-08-20,Humira,14.06,14:29:53,2,8,87.38
2026-08-20,Humira,3.29,14:30:23,2,8,0.0
2026-08-20,Humira,5.11,14:30:53,2,8,0.0
2026-08-20,Humira,17.02,14:31:23,2,8,87.41
2026-08-20,Humira,2.5,14:31:53,2,8,0.0
2026-08-20,Humira,3.4,14:32:23,2,8,0.0
2026-08-20,Humira,3.57,14:32:53,2,8,0.0
2026-08-20,Humira,11.69,14:33:23,2,8,87.46
2026-08-20,Humira,7.35,14:33:53,2,8,0.0
2026-08-20,Humira,16.0,14:34:23,2,8,87.48
2026-08-20,Humira,15.33,14:34:53,2,8,87.49
2026-08-20,Humira,12.71,14:35:23,2,8,87.5
2026-08-20,Humira,17.01,14:35:53,2,8,87.51
2026-08-20,Humira,17.48,14:36:23,2,8,87.52
2026-08-20,Humira,9.46,14:36:53,2,8,87.53
2026-08-20,Humira,11.16,14:37:23,2,8,87.54
2026-08-20,Humira,16.49,14:37:53,2,8,87.55
2026-08-20,Humira,9.46,14:38:23,2,8,87.57
2026-08-20,Humira,9.22,14:38:53,2,8,87.58
2026-08-20,Humira,9.15,14:39:23,2,8,87.59
2026-08-20,Humira,3.27,14:39:53,2,8,0.0
2026-08-20,Humira,14.69,14:40:23,2,8,87.61
2026-08-20,Humira,12.1,14:40:53,2,8,87.62
2026-08-20,Humira,6.31,14:41:23,2,8,0.0
2026-08-20,Humira,9.77,14:41:53,2,8,87.64
2026-08-20,Humira,16.93,14:42:23,2,8,87.65
2026-08-20,Humira,12.08,14:42:53,2,8,87.66
2026-08-20,Humira,15.22,14:43:23,2,8,87.67
2026-08-20,Humira,4.28,14:43:53,2,8,0.0
2026-08-20,Humira,17.19,14:44:23,2,8,87.7
2026-08-20,Humira,2.86,14:44:53,2,8,0.0
2026-08-20,Humira,9.1,14:45:23,2,8,87.72
2026-08-20,Humira,7.86,14:45:53,2,8,0.0
2026-08-20,Humira,2.2,14:46:23,2,8,0.0
2026-08-20,Humira,4.88,14:46:53,2,8,0.0
2026-08-20,Humira,15.61,14:47:23,2,8,87.76
2026-08-20,Humira,15.39,14:47:53,2,8,87.77
2026-08-20,Humira,2.65,14:48:23,2,8,0.0
2026-08-20,Humira,11.91,14:48:53,2,8,87.79
2026-08-20,Humira,9.74,14:49:23,2,8,87.8
2026-08-20,Humira,12.29,14:49:53,2,8,87.81
2026-08-20,Humira,2.8,14:50:23,2,8,0.0
2026-08-20,Humira,12.69,14:50:53,2,8,87.84
2026-08-20,Humira,10.31,14:51:23,2,8,87.85
2026-08-20,Humira,7.05,14:51:53,2,8,0.0
2026-08-20,Humira,4.38,14:52:23,2,8,0.0
2026-08-20,Humira,14.24,14:52:53,2,8,87.88
2026-08-20,Humira,4.41,14:53:23,2,8,0.0
2026-08-20,Humira,17.92,14:53:53,2,8,87.9
2026-08-20,Humira,13.03,14:54:23,2,8,87.91
2026-08-20,Humira,5.08,14:54:53,2,8,0.0
2026-08-20,Humira,6.77,14:55:23,2,8,0.0
2026-08-20,Humira,17.82,14:55:53,2,8,87.95
2026-08-20,Humira,16.6,14:56:23,2,8,87.96
2026-08-20,Humira,9.93,14:56:53,2,8,87.97
2026-08-20,Humira,13.93,14:57:23,2,8,87.98
2026-08-20,Humira,2.42,14:57:53,2,8,0.0
2026-08-20,Humira,2.47,14:58:23,2,8,0.0
2026-08-20,Humira,15.4,14:58:53,2,8,88.01
2026-08-20,Humira,17.47,14:59:23,2,8,88.02
2026-08-20,Humira,9.78,14:59:53,2,8,88.03
2026-08-20,Humira,11.59,15:00:23,2,8,88.04
2026-08-20,Humira,11.74,15:00:53,2,8,88.05
2026-08-20,Humira,13.62,15:01:23,2,8,88.06
2026-08-20,Humira,16.28,15:01:53,2,8,88.08
2026-08-20,Humira,3.37,15:02:23,2,8,0.0
2026-08-20,Humira,9.2,15:02:53,2,8,88.1
2026-08-20,Humira,5.86,15:03:23,2,8,0.0
2026-08-20,Humira,2.8,15:03:53,2,8,0.0
2026-08-20,Humira,11.48,15:04:23,2,8,88.13
2026-08-20,Humira,13.64,15:04:53,2,8,88.14
2026-08-20,Humira,14.3,15:05:23,2,8,88.15
2026-08-20,Humira,12.35,15:05:53,2,8,88.16
2026-08-20,Humira,6.53,15:06:23,2,8,0.0
2026-08-20,Humira,11.13,15:06:53,2,8,88.18
2026-08-20,Humira,5.73,15:07:23,2,8,0.0
2026-08-20,Humira,2.44,15:07:53,2,8,0.0
2026-08-20,Humira,16.69,15:08:23,2,8,88.22
2026-08-20,Humira,10.16,15:08:53,2,8,88.23
2026-08-20,Humira,7.84,15:09:23,2,8,0.0
2026-08-20,Humira,14.2,15:09:53,2,8,88.25
2026-08-20,Humira,17.44,15:10:23,2,8,88.26
2026-08-20,Humira,15.52,15:10:53,2,8,88.27
2026-08-20,Humira,4.53,15:11:23,2,8,0.0
2026-08-20,Humira,12.78,15:11:53,2,8,88.29
2026-08-20,Humira,6.8,15:12:23,2,8,0.0
2026-08-20,Humira,7.77,15:12:53,2,8,0.0
2026-08-20,Humira,7.19,15:13:23,2,8,0.0
2026-08-20,Humira,3.91,15:13:53,2,8,0.0
2026-08-20,Humira,5.14,15:14:23,2,8,0.0
2026-08-20,Humira,3.09,15:14:53,2,8,0.0
2026-08-20,Humira,13.58,15:15:23,2,8,88.37
2026-08-20,Humira,12.04,15:15:53,2,8,88.38
2026-08-20,Humira,11.17,15:16:23,2,8,88.39
2026-08-20,Humira,2.64,15:16:53,2,8,0.0
2026-08-20,Humira,17.96,15:17:23,2,8,88.41
2026-08-20,Humira,13.11,15:17:53,2,8,88.42
2026-08-20,Humira,2.39,15:18:23,2,8,0.0
2026-08-20,Humira,4.18,15:18:53,2,8,0.0
2026-08-20,Humira,5.94,15:19:23,2,8,0.0
2026-08-20,Humira,7.24,15:19:53,2,8,0.0
2026-08-20,Humira,9.85,15:20:23,2,8,88.48
2026-08-20,Humira,5.21,15:20:53,2,8,0.0
2026-08-20,Humira,7.82,15:21:23,2,8,0.0
2026-08-20,Humira,12.03,15:21:53,2,8,88.51
2026-08-20,Humira,13.52,15:22:23,2,8,88.52
2026-08-20,Humira,5.39,15:22:53,2,8,0.0
2026-08-20,Humira,16.54,15:23:23,2,8,88.54
2026-08-20,Humira,3.81,15:23:53,2,8,0.0
2026-08-20,Humira,10.06,15:24:23,2,8,88.56
2026-08-20,Humira,12.02,15:24:53,2,8,88.57
2026-08-20,Humira,9.78,15:25:23,2,8,88.58
2026-08-20,Humira,4.28,15:25:53,2,8,0.0
2026-08-20,Humira,6.64,15:26:23,2,8,0.0
2026-08-20,Humira,7.45,15:26:53,2,8,0.0
2026-08-20,Humira,17.78,15:27:23,2,8,88.63
2026-08-20,Humira,17.72,15:27:53,2,8,88.64
2026-08-20,Humira,10.69,15:28:23,2,8,88.65
2026-08-20,Humira,2.98,15:28:53,2,8,0.0
2026-08-20,Humira,14.12,15:29:23,2,8,88.67
2026-08-20,Humira,3.39,15:29:53,2,8,0.0
2026-08-20,Humira,5.61,15:30:23,2,8,0.0
2026-08-20,Humira,5.43,15:30:53,2,8,0.0
2026-08-20,Humira,6.89,15:31:23,2,8,0.0
2026-08-20,Humira,5.28,15:31:53,2,8,0.0
2026-08-20,Humira,11.17,15:32:23,2,8,88.74
2026-08-20,Humira,12.97,15:32:53,2,8,88.75
2026-08-20,Humira,17.91,15:33:23,2,8,88.76
2026-08-20,Humira,13.77,15:33:53,2,8,88.77
2026-08-20,Humira,17.59,15:34:23,2,8,88.78
2026-08-20,Humira,17.08,15:34:53,2,8,88.79
2026-08-20,Humira,5.5,15:35:23,2,8,0.0
2026-08-20,Humira,11.96,15:35:53,2,8,88.81
2026-08-20,Humira,14.58,15:36:23,2,8,88.82
2026-08-20,Humira,14.94,15:36:53,2,8,88.83
2026-08-20,Humira,15.54,15:37:23,2,8,88.84
2026-08-20,Humira,15.05,15:37:53,2,8,88.85
2026-08-20,Humira,4.98,15:38:23,2,8,0.0
2026-08-20,Humira,7.52,15:38:53,2,8,0.0
2026-08-20,Humira,11.67,15:39:23,2,8,88.89
2026-08-20,Humira,10.93,15:39:53,2,8,88.9
2026-08-20,Humira,12.64,15:40:23,2,8,88.91
2026-08-20,Humira,14.17,15:40:53,2,8,88.92
2026-08-20,Humira,5.45,15:41:23,2,8,0.0
2026-08-20,Humira,16.81,15:41:53,2,8,88.94
2026-08-20,Humira,13.45,15:42:23,2,8,88.95
2026-08-20,Humira,2.9,15:42:53,2,8,0.0
2026-08-20,Humira,2.95,15:43:23,2,8,0.0
2026-08-20,Humira,4.0,15:43:53,2,8,0.0
2026-08-20,Humira,17.38,15:44:23,2,8,89.0
2026-08-20,Humira,9.19,15:44:53,2,8,89.01
2026-08-20,Humira,10.5,15:45:23,2,8,89.02
2026-08-20,Humira,2.21,15:45:53,2,8,0.0
2026-08-20,Humira,15.98,15:46:23,2,8,89.04
2026-08-20,Humira,16.87,15:46:53,2,8,89.05
2026-08-20,Humira,6.05,15:47:23,2,8,0.0
2026-08-20,Humira,13.18,15:47:53,2,8,89.07
2026-08-20,Humira,10.63,15:48:23,2,8,89.08
2026-08-20,Humira,14.33,15:48:53,2,8,89.09
2026-08-20,Humira,14.83,15:49:23,2,8,89.1
2026-08-20,Humira,15.01,15:49:53,2,8,89.11
2026-08-20,Humira,17.71,15:50:23,2,8,89.13
2026-08-20,Humira,3.77,15:50:53,2,8,0.0
2026-08-20,Humira,2.13,15:51:23,2,8,0.0
2026-08-20,Humira,2.83,15:51:53,2,8,0.0
2026-08-20,Humira,16.57,15:52:23,2,8,89.17
2026-08-20,Humira,3.94,15:52:53,2,8,0.0
2026-08-20,Humira,12.43,15:53:23,2,8,89.19
2026-08-20,Humira,13.52,15:53:53,2,8,89.2
2026-08-20,Humira,15.91,15:54:23,2,8,89.21
2026-08-20,Humira,7.96,15:54:53,2,8,0.0
2026-08-20,Humira,10.28,15:55:23,2,8,89.23
2026-08-20,Humira,10.48,15:55:53,2,8,89.25
2026-08-20,Humira,10.48,15:56:23,2,8,89.26
2026-08-20,Humira,3.68,15:56:53,2,8,0.0
2026-08-20,Humira,3.71,15:57:23,2,8,0.0
2026-08-20,Humira,2.98,15:57:53,2,8,0.0
2026-08-20,Humira,2.71,15:58:23,2,8,0.0
2026-08-20,Humira,6.31,15:58:53,2,8,0.0
2026-08-20,Humira,6.89,15:59:23,2,8,0.0
2026-08-20,Humira,3.71,15:59:53,2,8,0.0
2026-08-20,Humira,3.82,16:00:23,2,8,0.0
2026-08-20,Humira,13.47,16:00:53,2,8,89.35
2026-08-20,Humira,7.58,16:01:23,2,8,0.0
2026-08-20,Humira,15.61,16:01:53,2,8,89.38
2026-08-20,Humira,10.07,16:02:23,2,8,89.39
2026-08-20,Humira,15.24,16:02:53,2,8,89.4
2026-08-20,Humira,2.47,16:03:23,2,8,0.0
2026-08-20,Humira,11.71,16:03:53,2,8,89.42
2026-08-20,Humira,5.05,16:04:23,2,8,0.0
2026-08-20,Humira,16.7,16:04:53,2,8,89.44
2026-08-20,Humira,16.27,16:05:23,2,8,89.45
2026-08-20,Humira,3.06,16:05:53,2,8,0.0
2026-08-20,Humira,2.15,16:06:23,2,8,0.0
2026-08-20,Humira,3.74,16:06:53,2,8,0.0
2026-08-20,Humira,3.63,16:07:23,2,8,0.0
2026-08-20,Humira,12.9,16:07:53,2,8,89.5
2026-08-20,Humira,13.36,16:08:23,2,8,89.52
2026-08-20,Humira,12.54,16:08:53,2,8,89.53
2026-08-20,Humira,4.0,16:09:23,2,8,0.0
2026-08-20,Humira,5.47,16:09:53,2,8,0.0
2026-08-20,Humira,3.63,16:10:23,2,8,0.0
2026-08-20,Humira,17.56,16:10:53,2,8,89.57
2026-08-20,Humira,7.41,16:11:23,2,8,0.0
2026-08-20,Humira,16.12,16:11:53,2,8,89.59
2026-08-20,Humira,5.02,16:12:23,2,8,0.0
2026-08-20,Humira,10.64,16:12:53,2,8,89.61
2026-08-20,Humira,2.37,16:13:23,2,8,0.0
2026-08-20,Humira,11.61,16:13:53,2,8,89.64
2026-08-20,Humira,6.8,16:14:23,2,8,0.0
2026-08-20,Humira,9.24,16:14:53,2,8,89.66
2026-08-20,Humira,2.76,16:15:23,2,8,0.0
2026-08-20,Humira,10.32,16:15:53,2,8,89.68
2026-08-20,Humira,16.76,16:16:23,2,8,89.69
2026-08-20,Humira,2.21,16:16:53,2,8,0.0
2026-08-20,Humira,15.75,16:17:23,2,8,89.71
2026-08-20,Humira,12.41,16:17:53,2,8,89.72
2026-08-20,Humira,10.97,16:18:23,2,8,89.73
2026-08-20,Humira,12.64,16:18:53,2,8,89.74
2026-08-20,Humira,10.48,16:19:23,2,8,89.75
2026-08-20,Humira,12.94,16:19:53,2,8,89.77
2026-08-20,Humira,14.42,16:20:23,2,8,89.78
2026-08-20,Humira,5.85,16:20:53,2,8,0.0
2026-08-20,Humira,16.64,16:21:23,2,8,89.8
2026-08-20,Humira,6.13,16:21:53,2,8,0.0
2026-08-20,Humira,11.38,16:22:23,2,8,89.82
2026-08-20,Humira,15.84,16:22:53,2,8,89.83
2026-08-20,Humira,9.76,16:23:23,2,8,89.84
2026-08-20,Humira,16.19,16:23:53,2,8,89.85
2026-08-20,Humira,9.62,16:24:23,2,8,89.86
2026-08-20,Humira,6.87,16:24:53,2,8,0.0
2026-08-20,Humira,14.82,16:25:23,2,8,89.88
2026-08-20,Humira,2.24,16:25:53,2,8,0.0
2026-08-20,Humira,10.81,16:26:23,2,8,89.91
2026-08-20,Humira,10.32,16:26:53,2,8,89.92
2026-08-20,Humira,16.5,16:27:23,2,8,89.93
2026-08-20,Humira,10.92,16:27:53,2,8,89.94
2026-08-20,Humira,9.96,16:28:23,2,8,89.95
2026-08-20,Humira,6.11,16:28:53,2,8,0.0
2026-08-20,Humira,6.52,16:29:23,2,8,0.0
2026-08-20,Humira,16.98,16:29:53,2,8,89.98
2026-08-20,Humira,4.31,16:30:23,2,8,0.0
2026-08-20,Humira,13.65,16:30:53,2,8,90.0
2026-08-20,Humira,13.75,16:31:23,2,8,90.01
2026-08-20,Humira,4.06,16:31:53,2,8,0.0
2026-08-20,Humira,11.46,16:32:23,2,8,90.04
2026-08-20,Humira,17.43,16:32:53,2,8,90.05
2026-08-20,Humira,9.51,16:33:23,2,8,90.06
2026-08-20,Humira,9.43,16:33:53,2,8,90.07
2026-08-20,Humira,10.22,16:34:23,2,8,90.08
2026-08-20,Humira,5.39,16:34:53,2,8,0.0
2026-08-20,Humira,11.26,16:35:23,2,8,90.1
2026-08-20,Humira,6.82,16:35:53,2,8,0.0
2026-08-20,Humira,16.02,16:36:23,2,8,90.12
2026-08-20,Humira,15.73,16:36:53,2,8,90.13
2026-08-20,Humira,15.49,16:37:23,2,8,90.14
2026-08-20,Humira,4.13,16:37:53,2,8,0.0
2026-08-20,Humira,12.33,16:38:23,2,8,90.17
2026-08-20,Humira,12.21,16:38:53,2,8,90.18
2026-08-20,Humira,12.95,16:39:23,2,8,90.19
2026-08-20,Humira,16.2,16:39:53,2,8,90.2
2026-08-20,Humira,11.25,16:40:23,2,8,90.21
2026-08-20,Humira,10.68,16:40:53,2,8,90.22
2026-08-20,Humira,13.93,16:41:23,2,8,90.23
2026-08-20,Humira,6.59,16:41:53,2,8,0.0
2026-08-20,Humira,2.94,16:42:23,2,8,0.0
2026-08-20,Humira,5.7,16:42:53,2,8,0.0
2026-08-20,Humira,13.19,16:43:23,2,8,90.27
2026-08-20,Humira,12.05,16:43:53,2,8,90.29
2026-08-20,Humira,6.94,16:44:23,2,8,0.0
2026-08-20,Humira,15.76,16:44:53,2,8,90.31
2026-08-20,Humira,4.16,16:45:23,2,8,0.0
2026-08-20,Humira,10.21,16:45:53,2,8,90.33
2026-08-20,Humira,3.19,16:46:23,2,8,0.0
2026-08-20,Humira,16.94,16:46:53,2,8,90.35
2026-08-20,Humira,10.1,16:47:23,2,8,90.36
2026-08-20,Humira,17.4,16:47:53,2,8,90.37
2026-08-20,Humira,15.09,16:48:23,2,8,90.38
2026-08-20,Humira,13.97,16:48:53,2,8,90.39
2026-08-20,Humira,7.93,16:49:23,2,8,0.0
2026-08-20,Humira,10.61,16:49:53,2,8,90.42
2026-08-20,Humira,14.45,16:50:23,2,8,90.43
2026-08-20,Humira,12.69,16:50:53,2,8,90.44
2026-08-20,Humira,14.58,16:51:23,2,8,90.45
2026-08-20,Humira,3.7,16:51:53,2,8,0.0
2026-08-20,Humira,11.41,16:52:23,2,8,90.47
2026-08-20,Humira,15.58,16:52:53,2,8,90.48
2026-08-20,Humira,13.3,16:53:23,2,8,90.49
2026-08-20,Humira,15.14,16:53:53,2,8,90.5
2026-08-20,Humira,7.46,16:54:23,2,8,0.0
2026-08-20,Humira,10.98,16:54:53,2,8,90.52
2026-08-20,Humira,4.32,16:55:23,2,8,0.0
2026-08-20,Humira,15.46,16:55:53,2,8,90.55
2026-08-20,Humira,2.83,16:56:23,2,8,0.0
2026-08-20,Humira,11.32,16:56:53,2,8,90.57
2026-08-20,Humira,17.28,16:57:23,2,8,90.58
2026-08-20,Humira,12.53,16:57:53,2,8,90.59
2026-08-20,Humira,17.33,16:58:23,2,8,90.6
2026-08-20,Humira,13.8,16:58:53,2,8,90.61
2026-08-20,Humira,9.07,16:59:23,2,8,90.62
2026-08-20,Humira,14.76,16:59:53,2,8,90.63
2026-08-20,Humira,13.25,17:00:23,2,8,90.64
2026-08-20,Humira,10.26,17:00:53,2,8,90.65
2026-08-20,Humira,12.95,17:01:23,2,8,90.66
2026-08-20,Humira,16.34,17:01:53,2,8,90.67
2026-08-20,Humira,15.13,17:02:23,2,8,90.69
2026-08-20,Humira,7.38,17:02:53,2,8,0.0
2026-08-20,Humira,13.51,17:03:23,2,8,90.71
2026-08-20,Humira,11.76,17:03:53,2,8,90.72
2026-08-20,Humira,6.84,17:04:23,2,8,0.0
2026-08-20,Humira,10.68,17:04:53,2,8,90.74
2026-08-20,Humira,13.54,17:05:23,2,8,90.75
2026-08-20,Humira,7.3,17:05:53,2,8,0.0
2026-08-20,Humira,16.98,17:06:23,2,8,90.77
2026-08-20,Humira,2.59,17:06:53,2,8,0.0
2026-08-20,Humira,17.8,17:07:23,2,8,90.79
2026-08-20,Humira,7.36,17:07:53,2,8,0.0
2026-08-20,Humira,6.02,17:08:23,2,8,0.0
2026-08-20,Humira,9.52,17:08:53,2,8,90.83
2026-08-20,Humira,14.14,17:09:23,2,8,90.84
2026-08-20,Humira,16.72,17:09:53,2,8,90.85
2026-08-20,Humira,9.73,17:10:23,2,8,90.86
2026-08-20,Humira,9.61,17:10:53,2,8,90.87
2026-08-20,Humira,12.18,17:11:23,2,8,90.88
2026-08-20,Humira,3.18,17:11:53,2,8,0.0
2026-08-20,Humira,14.75,17:12:23,2,8,90.9
2026-08-20,Humira,14.56,17:12:53,2,8,90.91
2026-08-20,Humira,16.44,17:13:23,2,8,90.92
2026-08-20,Humira,12.04,17:13:53,2,8,90.94
2026-08-20,Humira,4.42,17:14:23,2,8,0.0
2026-08-20,Humira,11.87,17:14:53,2,8,90.96
2026-08-20,Humira,18.0,17:15:23,2,8,90.97
2026-08-20,Humira,10.0,17:15:53,2,8,90.98
2026-08-20,Humira,13.17,17:16:23,2,8,90.99
2026-08-20,Humira,12.45,17:16:53,2,8,91.0
2026-08-20,Humira,17.22,17:17:23,2,8,91.01
2026-08-20,Humira,4.99,17:17:53,2,8,0.0
2026-08-20,Humira,7.61,17:18:23,2,8,0.0
2026-08-20,Humira,2.02,17:18:53,2,8,0.0
2026-08-20,Humira,12.31,17:19:23,2,8,91.05
2026-08-20,Humira,5.01,17:19:53,2,8,0.0
2026-08-20,Humira,9.2,17:20:23,2,8,91.08
2026-08-20,Humira,17.32,17:20:53,2,8,91.09
2026-08-20,Humira,16.32,17:21:23,2,8,91.1
2026-08-20,Humira,3.69,17:21:53,2,8,0.0
2026-08-20,Humira,13.76,17:22:23,2,8,91.12
2026-08-20,Humira,5.43,17:22:53,2,8,0.0
2026-08-20,Humira,7.23,17:23:23,2,8,0.0
2026-08-20,Humira,15.55,17:23:53,2,8,91.15
2026-08-20,Humira,6.13,17:24:23,2,8,0.0
2026-08-20,Humira,16.84,17:24:53,2,8,91.17
2026-08-20,Humira,16.79,17:25:23,2,8,91.18
2026-08-20,Humira,2.99,17:25:53,2,8,0.0
2026-08-20,Humira,14.46,17:26:23,2,8,91.21
2026-08-20,Humira,12.28,17:26:53,2,8,91.22
2026-08-20,Humira,14.01,17:27:23,2,8,91.23
2026-08-20,Humira,11.89,17:27:53,2,8,91.24
2026-08-20,Humira,7.06,17:28:23,2,8,0.0
2026-08-20,Humira,9.79,17:28:53,2,8,91.26
2026-08-20,Humira,3.93,17:29:23,2,8,0.0
2026-08-20,Humira,2.19,17:29:53,2,8,0.0
2026-08-20,Humira,9.09,17:30:23,2,8,91.29
2026-08-20,Humira,11.29,17:30:53,2,8,91.3
2026-08-20,Humira,11.66,17:31:23,2,8,91.31
2026-08-20,Humira,2.63,17:31:53,2,8,0.0
2026-08-20,Humira,15.03,17:32:23,2,8,91.34
2026-08-20,Humira,16.64,17:32:53,2,8,91.35
2026-08-20,Humira,15.28,17:33:23,2,8,91.36
2026-08-20,Humira,14.84,17:33:53,2,8,91.37
2026-08-20,Humira,14.32,17:34:23,2,8,91.38
2026-08-20,Humira,7.81,17:34:53,2,8,0.0
2026-08-20,Humira,17.94,17:35:23,2,8,91.4
2026-08-20,Humira,10.85,17:35:53,2,8,91.41
2026-08-20,Humira,14.6,17:36:23,2,8,91.42
2026-08-20,Humira,16.94,17:36:53,2,8,91.43
2026-08-20,Humira,16.97,17:37:23,2,8,91.44
2026-08-20,Humira,9.06,17:37:53,2,8,91.45
2026-08-20,Humira,15.33,17:38:23,2,8,91.47
2026-08-20,Humira,15.28,17:38:53,2,8,91.48
2026-08-20,Humira,2.8,17:39:23,2,8,0.0
2026-08-20,Humira,4.48,17:39:53,2,8,0.0
2026-08-20,Humira,17.49,17:40:23,2,8,91.51
2026-08-20,Humira,4.52,17:40:53,2,8,0.0
2026-08-20,Humira,16.46,17:41:23,2,8,91.53
2026-08-20,Humira,15.48,17:41:53,2,8,91.54
2026-08-20,Humira,2.44,17:42:23,2,8,0.0
2026-08-20,Humira,2.17,17:42:53,2,8,0.0
2026-08-20,Humira,3.91,17:43:23,2,8,0.0
2026-08-20,Humira,11.0,17:43:53,2,8,91.59
2026-08-20,Humira,6.72,17:44:23,2,8,0.0
2026-08-20,Humira,6.31,17:44:53,2,8,0.0
2026-08-20,Humira,3.42,17:45:23,2,8,0.0
2026-08-20,Humira,10.48,17:45:53,2,8,91.63
2026-08-20,Humira,9.13,17:46:23,2,8,91.64
2026-08-20,Humira,16.38,17:46:53,2,8,91.65
2026-08-20,Humira,16.47,17:47:23,2,8,91.66
2026-08-20,Humira,9.07,17:47:53,2,8,91.67
2026-08-20,Humira,12.18,17:48:23,2,8,91.68
2026-08-20,Humira,14.71,17:48:53,2,8,91.69
2026-08-20,Humira,10.84,17:49:23,2,8,91.7
2026-08-20,Humira,7.73,17:49:53,2,8,0.0
2026-08-20,Humira,11.01,17:50:23,2,8,91.73
2026-08-20,Humira,10.33,17:50:53,2,8,91.74
2026-08-20,Humira,13.08,17:51:23,2,8,91.75
2026-08-20,Humira,10.03,17:51:53,2,8,91.76
2026-08-20,Humira,10.93,17:52:23,2,8,91.77
2026-08-20,Humira,15.37,17:52:53,2,8,91.78
2026-08-20,Humira,13.62,17:53:23,2,8,91.79
2026-08-20,Humira,17.88,17:53:53,2,8,91.8
2026-08-20,Humira,7.63,17:54:23,2,8,0.0
2026-08-20,Humira,2.71,17:54:53,2,8,0.0
2026-08-20,Humira,4.55,17:55:23,2,8,0.0
2026-08-20,Humira,3.4,17:55:53,2,8,0.0
2026-08-20,Humira,13.06,17:56:23,2,8,91.86
2026-08-20,Humira,15.11,17:56:53,2,8,91.87
2026-08-20,Humira,5.75,17:57:23,2,8,0.0
2026-08-20,Humira,14.01,17:57:53,2,8,91.89
2026-08-20,Humira,11.21,17:58:23,2,8,91.9
2026-08-20,Humira,11.22,17:58:53,2,8,91.91
2026-08-20,Humira,11.99,17:59:23,2,8,91.92
2026-08-20,Humira,15.06,17:59:53,2,8,91.93
2026-08-20,Humira,5.77,18:00:23,2,8,0.0
2026-08-20,Humira,17.58,18:00:53,2,8,91.95
2026-08-20,Humira,17.37,18:01:23,2,8,91.96
2026-08-20,Humira,11.45,18:01:53,2,8,91.98
2026-08-20,Humira,6.78,18:02:23,2,8,0.0
2026-08-20,Humira,11.56,18:02:53,2,8,92.0
2026-08-20,Humira,9.09,18:03:23,2,8,92.01
2026-08-20,Humira,12.33,18:03:53,2,8,92.02
2026-08-20,Humira,9.32,18:04:23,2,8,92.03
2026-08-20,Humira,16.18,18:04:53,2,8,92.04
2026-08-20,Humira,11.78,18:05:23,2,8,92.05
2026-08-20,Humira,14.84,18:05:53,2,8,92.06
2026-08-20,Humira,4.74,18:06:23,2,8,0.0
2026-08-20,Humira,15.67,18:06:53,2,8,92.08
2026-08-20,Humira,4.47,18:07:23,2,8,0.0
2026-08-20,Humira,10.59,18:07:53,2,8,92.1
2026-08-20,Humira,7.63,18:08:23,2,8,0.0
2026-08-20,Humira,12.85,18:08:53,2,8,92.13
2026-08-20,Humira,4.14,18:09:23,2,8,0.0
2026-08-20,Humira,7.09,18:09:53,2,8,0.0
2026-08-20,Humira,15.6,18:10:23,2,8,92.16
2026-08-20,Humira,12.51,18:10:53,2,8,92.17
2026-08-20,Humira,12.87,18:11:23,2,8,92.18
2026-08-20,Humira,12.53,18:11:53,2,8,92.19
2026-08-20,Humira,12.96,18:12:23,2,8,92.2
2026-08-20,Humira,15.35,18:12:53,2,8,92.21
2026-08-20,Humira,16.07,18:13:23,2,8,92.22
2026-08-20,Humira,13.27,18:13:53,2,8,92.24
2026-08-20,Humira,4.59,18:14:23,2,8,0.0
2026-08-20,Humira,4.85,18:14:53,2,8,0.0
2026-08-20,Humira,14.36,18:15:23,2,8,92.27
2026-08-20,Humira,14.24,18:15:53,2,8,92.28
2026-08-20,Humira,16.08,18:16:23,2,8,92.29
2026-08-20,Humira,7.43,18:16:53,2,8,0.0
2026-08-20,Humira,4.68,18:17:23,2,8,0.0
2026-08-20,Humira,4.29,18:17:53,2,8,0.0
2026-08-20,Humira,14.26,18:18:23,2,8,92.33
2026-08-20,Humira,17.38,18:18:53,2,8,92.34
2026-08-20,Humira,3.71,18:19:23,2,8,0.0
2026-08-20,Humira,11.13,18:19:53,2,8,92.36
2026-08-20,Humira,3.97,18:20:23,2,8,0.0
2026-08-20,Humira,11.23,18:20:53,2,8,92.39
2026-08-20,Humira,9.31,18:21:23,2,8,92.4
2026-08-20,Humira,11.67,18:21:53,2,8,92.41
2026-08-20,Humira,4.38,18:22:23,2,8,0.0
2026-08-20,Humira,6.6,18:22:53,2,8,0.0
2026-08-20,Humira,16.75,18:23:23,2,8,92.44
2026-08-20,Humira,16.37,18:23:53,2,8,92.45
2026-08-20,Humira,14.84,18:24:23,2,8,92.46
2026-08-20,Humira,12.98,18:24:53,2,8,92.47
2026-08-20,Humira,15.3,18:25:23,2,8,92.48
2026-08-20,Humira,14.03,18:25:53,2,8,92.5
2026-08-20,Humira,15.55,18:26:23,2,8,92.51
2026-08-20,Humira,16.72,18:26:53,2,8,92.52
2026-08-20,Humira,4.01,18:27:23,2,8,0.0
2026-08-20,Humira,5.85,18:27:53,2,8,0.0
2026-08-20,Humira,6.05,18:28:23,2,8,0.0
2026-08-20,Humira,17.35,18:28:53,2,8,92.56
2026-08-20,Humira,5.9,18:29:23,2,8,0.0
2026-08-20,Humira,10.48,18:29:53,2,8,92.58
2026-08-20,Humira,17.25,18:30:23,2,8,92.59
2026-08-20,Humira,17.53,18:30:53,2,8,92.6
2026-08-20,Humira,3.67,18:31:23,2,8,0.0
2026-08-20,Humira,12.78,18:31:53,2,8,92.62
2026-08-20,Humira,13.47,18:32:23,2,8,92.64
2026-08-20,Humira,9.72,18:32:53,2,8,92.65
2026-08-20,Humira,9.09,18:33:23,2,8,92.66
2026-08-20,Humira,12.47,18:33:53,2,8,92.67
2026-08-20,Humira,17.42,18:34:23,2,8,92.68
2026-08-20,Humira,15.75,18:34:53,2,8,92.69
2026-08-20,Humira,10.44,18:35:23,2,8,92.7
2026-08-20,Humira,2.21,18:35:53,2,8,0.0
2026-08-20,Humira,10.22,18:36:23,2,8,92.72
2026-08-20,Humira,16.98,18:36:53,2,8,92.73
2026-08-20,Humira,2.22,18:37:23,2,8,0.0
2026-08-20,Humira,6.36,18:37:53,2,8,0.0
2026-08-20,Humira,2.96,18:38:23,2,8,0.0
2026-08-20,Humira,7.56,18:38:53,2,8,0.0
2026-08-20,Humira,7.21,18:39:23,2,8,0.0
2026-08-20,Humira,5.93,18:39:53,2,8,0.0
2026-08-20,Humira,4.34,18:40:23,2,8,0.0
2026-08-20,Humira,11.58,18:40:53,2,8,92.82
2026-08-20,Humira,16.85,18:41:23,2,8,92.83
2026-08-20,Humira,11.53,18:41:53,2,8,92.84
2026-08-20,Humira,12.52,18:42:23,2,8,92.85
2026-08-20,Humira,7.16,18:42:53,2,8,0.0
2026-08-20,Humira,7.2,18:43:23,2,8,0.0
2026-08-20,Humira,13.06,18:43:53,2,8,92.89
2026-08-20,Humira,14.74,18:44:23,2,8,92.9
2026-08-20,Humira,12.4,18:44:53,2,8,92.91
2026-08-20,Humira,16.49,18:45:23,2,8,92.92
2026-08-20,Humira,10.01,18:45:53,2,8,92.93
2026-08-20,Humira,6.09,18:46:23,2,8,0.0
2026-08-20,Humira,2.81,18:46:53,2,8,0.0
2026-08-20,Humira,12.17,18:47:23,2,8,92.96
2026-08-20,Humira,16.55,18:47:53,2,8,92.97
2026-08-20,Humira,11.98,18:48:23,2,8,92.98
2026-08-20,Humira,10.74,18:48:53,2,8,92.99
2026-08-20,Humira,5.74,18:49:23,2,8,0.0
2026-08-20,Humira,17.78,18:49:53,2,8,93.02
2026-08-20,Humira,15.99,18:50:23,2,8,93.03
2026-08-20,Humira,7.69,18:50:53,2,8,0.0
2026-08-20,Humira,11.79,18:51:23,2,8,93.05
2026-08-20,Humira,9.8,18:51:53,2,8,93.06
2026-08-20,Humira,9.91,18:52:23,2,8,93.07
2026-08-20,Humira,4.71,18:52:53,2,8,0.0
2026-08-20,Humira,14.32,18:53:23,2,8,93.09
2026-08-20,Humira,14.28,18:53:53,2,8,93.1
2026-08-20,Humira,15.29,18:54:23,2,8,93.11
2026-08-20,Humira,14.3,18:54:53,2,8,93.12
2026-08-20,Humira,11.19,18:55:23,2,8,93.13
2026-08-20,Humira,13.72,18:55:53,2,8,93.15
2026-08-20,Humira,3.86,18:56:23,2,8,0.0
2026-08-20,Humira,2.94,18:56:53,2,8,0.0
2026-08-20,Humira,7.61,18:57:23,2,8,0.0
2026-08-20,Humira,2.37,18:57:53,2,8,0.0
2026-08-20,Humira,5.26,18:58:23,2,8,0.0
2026-08-20,Humira,12.6,18:58:53,2,8,93.21
2026-08-20,Humira,7.19,18:59:23,2,8,0.0
2026-08-20,Humira,11.72,18:59:53,2,8,93.23
2026-08-20,Humira,15.28,19:00:23,2,8,93.24
2026-08-20,Humira,6.05,19:00:53,2,8,0.0
2026-08-20,Humira,2.9,19:01:23,2,8,0.0
2026-08-20,Humira,10.16,19:01:53,2,8,93.28
2026-08-20,Humira,5.37,19:02:23,2,8,0.0
2026-08-20,Humira,6.63,19:02:53,2,8,0.0
2026-08-20,Humira,12.11,19:03:23,2,8,93.31
2026-08-20,Humira,16.77,19:03:53,2,8,93.32
2026-08-20,Humira,7.45,19:04:23,2,8,0.0
2026-08-20,Humira,9.53,19:04:53,2,8,93.34
2026-08-20,Humira,17.95,19:05:23,2,8,93.35
2026-08-20,Humira,11.73,19:05:53,2,8,93.36
2026-08-20,Humira,17.51,19:06:23,2,8,93.37
2026-08-20,Humira,2.04,19:06:53,2,8,0.0
2026-08-20,Humira,13.4,19:07:23,2,8,93.39
2026-08-20,Humira,15.64,19:07:53,2,8,93.41
2026-08-20,Humira,5.51,19:08:23,2,8,0.0
2026-08-20,Humira,5.41,19:08:53,2,8,0.0
2026-08-20,Humira,5.11,19:09:23,2,8,0.0
2026-08-20,Humira,14.39,19:09:53,2,8,93.45
2026-08-20,Humira,13.53,19:10:23,2,8,93.46
2026-08-20,Humira,6.45,19:10:53,2,8,0.0
2026-08-20,Humira,17.85,19:11:23,2,8,93.48
2026-08-20,Humira,17.57,19:11:53,2,8,93.49
2026-08-20,Humira,15.45,19:12:23,2,8,93.5
2026-08-20,Humira,7.89,19:12:53,2,8,0.0
2026-08-20,Humira,9.21,19:13:23,2,8,93.52
2026-08-20,Humira,11.17,19:13:53,2,8,93.54
2026-08-20,Humira,16.95,19:14:23,2,8,93.55
2026-08-20,Humira,13.89,19:14:53,2,8,93.56
2026-08-20,Humira,12.16,19:15:23,2,8,93.57
2026-08-20,Humira,12.95,19:15:53,2,8,93.58
2026-08-20,Humira,17.2,19:16:23,2,8,93.59
2026-08-20,Humira,7.18,19:16:53,2,8,0.0
2026-08-20,Humira,10.82,19:17:23,2,8,93.61
2026-08-20,Humira,10.76,19:17:53,2,8,93.62
2026-08-20,Humira,4.93,19:18:23,2,8,0.0
2026-08-20,Humira,17.05,19:18:53,2,8,93.64
2026-08-20,Humira,14.8,19:19:23,2,8,93.65
2026-08-20,Humira,13.01,19:19:53,2,8,93.67
2026-08-20,Humira,11.62,19:20:23,2,8,93.68
2026-08-20,Humira,3.47,19:20:53,2,8,0.0
2026-08-20,Humira,17.42,19:21:23,2,8,93.7
2026-08-20,Humira,12.15,19:21:53,2,8,93.71
2026-08-20,Humira,3.53,19:22:23,2,8,0.0
2026-08-20,Humira,10.55,19:22:53,2,8,93.73
2026-08-20,Humira,17.9,19:23:23,2,8,93.74
2026-08-20,Humira,2.67,19:23:53,2,8,0.0
2026-08-20,Humira,15.93,19:24:23,2,8,93.76
2026-08-20,Humira,5.09,19:24:53,2,8,0.0
2026-08-20,Humira,6.88,19:25:23,2,8,0.0
2026-08-20,Humira,14.05,19:25:53,2,8,93.8
2026-08-20,Humira,16.77,19:26:23,2,8,93.81
2026-08-20,Humira,16.7,19:26:53,2,8,93.82
2026-08-20,Humira,12.14,19:27:23,2,8,93.83
2026-08-20,Humira,12.59,19:27:53,2,8,93.84
2026-08-20,Humira,12.42,19:28:23,2,8,93.85
2026-08-20,Humira,5.89,19:28:53,2,8,0.0
2026-08-20,Humira,17.75,19:29:23,2,8,93.87
2026-08-20,Humira,10.27,19:29:53,2,8,93.88
2026-08-20,Humira,5.5,19:30:23,2,8,0.0
2026-08-20,Humira,10.43,19:30:53,2,8,93.9
2026-08-20,Humira,5.58,19:31:23,2,8,0.0
2026-08-20,Humira,9.75,19:31:53,2,8,93.92
2026-08-20,Humira,12.81,19:32:23,2,8,93.94
2026-08-20,Humira,10.98,19:32:53,2,8,93.95
2026-08-20,Humira,17.77,19:33:23,2,8,93.96
2026-08-20,Humira,9.37,19:33:53,2,8,93.97
2026-08-20,Humira,11.67,19:34:23,2,8,93.98
2026-08-20,Humira,17.11,19:34:53,2,8,93.99
2026-08-20,Humira,14.96,19:35:23,2,8,94.0
2026-08-20,Humira,14.28,19:35:53,2,8,94.01
2026-08-20,Humira,4.72,19:36:23,2,8,0.0
2026-08-20,Humira,17.29,19:36:53,2,8,94.03
2026-08-20,Humira,17.79,19:37:23,2,8,94.04
2026-08-20,Humira,3.23,19:37:53,2,8,0.0
2026-08-20,Humira,3.08,19:38:23,2,8,0.0
2026-08-20,Humira,16.99,19:38:53,2,8,94.08
2026-08-20,Humira,11.06,19:39:23,2,8,94.09
2026-08-20,Humira,12.32,19:39:53,2,8,94.1
2026-08-20,Humira,5.38,19:40:23,2,8,0.0
2026-08-20,Humira,3.96,19:40:53,2,8,0.0
2026-08-20,Humira,16.72,19:41:23,2,8,94.13
2026-08-20,Humira,7.16,19:41:53,2,8,0.0
2026-08-20,Humira,13.73,19:42:23,2,8,94.15
2026-08-20,Humira,15.5,19:42:53,2,8,94.16
2026-08-20,Humira,9.42,19:43:23,2,8,94.17
2026-08-20,Humira,14.72,19:43:53,2,8,94.19
2026-08-20,Humira,11.21,19:44:23,2,8,94.2
2026-08-20,Humira,3.07,19:44:53,2,8,0.0
2026-08-20,Humira,5.22,19:45:23,2,8,0.0
2026-08-20,Humira,6.65,19:45:53,2,8,0.0
2026-08-20,Humira,16.96,19:46:23,2,8,94.24
2026-08-20,Humira,13.77,19:46:53,2,8,94.25
2026-08-20,Humira,11.78,19:47:23,2,8,94.26
2026-08-20,Humira,10.39,19:47:53,2,8,94.27
2026-08-20,Humira,17.56,19:48:23,2,8,94.28
2026-08-20,Humira,12.43,19:48:53,2,8,94.29
2026-08-20,Humira,9.43,19:49:23,2,8,94.3
2026-08-20,Humira,13.75,19:49:53,2,8,94.31
2026-08-20,Humira,11.25,19:50:23,2,8,94.33
2026-08-20,Humira,4.62,19:50:53,2,8,0.0
2026-08-20,Humira,15.25,19:51:23,2,8,94.35
2026-08-20,Humira,7.87,19:51:53,2,8,0.0
2026-08-20,Humira,2.95,19:52:23,2,8,0.0
2026-08-20,Humira,10.22,19:52:53,2,8,94.38
2026-08-20,Humira,13.2,19:53:23,2,8,94.39
2026-08-20,Humira,14.26,19:53:53,2,8,94.4
2026-08-20,Humira,5.39,19:54:23,2,8,0.0
2026-08-20,Humira,15.36,19:54:53,2,8,94.42
2026-08-20,Humira,9.45,19:55:23,2,8,94.43
2026-08-20,Humira,12.82,19:55:53,2,8,94.45
2026-08-20,Humira,10.73,19:56:23,2,8,94.46
2026-08-20,Humira,5.73,19:56:53,2,8,0.0
2026-08-20,Humira,3.7,19:57:23,2,8,0.0
2026-08-20,Humira,16.35,19:57:53,2,8,94.49
2026-08-20,Humira,12.29,19:58:23,2,8,94.5
2026-08-20,Humira,14.92,19:58:53,2,8,94.51
2026-08-20,Humira,9.72,19:59:23,2,8,94.52
2026-08-20,Humira,15.18,19:59:53,2,8,94.53
2026-08-20,Humira,17.61,20:00:23,2,8,94.54
2026-08-20,Humira,11.64,20:00:53,2,8,94.55
2026-08-20,Humira,4.56,20:01:23,2,8,0.0
2026-08-20,Humira,16.8,20:01:53,2,8,94.58
2026-08-20,Humira,16.6,20:02:23,2,8,94.59
2026-08-20,Humira,13.62,20:02:53,2,8,94.6
2026-08-20,Humira,12.24,20:03:23,2,8,94.61
2026-08-20,Humira,14.95,20:03:53,2,8,94.62
2026-08-20,Humira,12.11,20:04:23,2,8,94.63
2026-08-20,Humira,17.74,20:04:53,2,8,94.64
2026-08-20,Humira,11.8,20:05:23,2,8,94.65
2026-08-20,Humira,2.46,20:05:53,2,8,0.0
2026-08-20,Humira,3.83,20:06:23,2,8,0.0
2026-08-20,Humira,15.5,20:06:53,2,8,94.68
2026-08-20,Humira,9.32,20:07:23,2,8,94.69
2026-08-20,Humira,5.93,20:07:53,2,8,0.0
2026-08-20,Humira,11.23,20:08:23,2,8,94.72
2026-08-20,Humira,16.17,20:08:53,2,8,94.73
2026-08-20,Humira,10.63,20:09:23,2,8,94.74
2026-08-20,Humira,16.87,20:09:53,2,8,94.75
2026-08-20,Humira,11.59,20:10:23,2,8,94.76
2026-08-20,Humira,10.87,20:10:53,2,8,94.77
2026-08-20,Humira,13.49,20:11:23,2,8,94.78
2026-08-20,Humira,16.36,20:11:53,2,8,94.79
2026-08-20,Humira,5.89,20:12:23,2,8,0.0
2026-08-20,Humira,15.02,20:12:53,2,8,94.81
2026-08-20,Humira,11.81,20:13:23,2,8,94.82
2026-08-20,Humira,2.0,20:13:53,2,8,0.0
2026-08-20,Humira,10.85,20:14:23,2,8,94.85
2026-08-20,Humira,10.23,20:14:53,2,8,94.86
2026-08-20,Humira,11.03,20:15:23,2,8,94.87
2026-08-20,Humira,11.06,20:15:53,2,8,94.88
2026-08-20,Humira,11.49,20:16:23,2,8,94.89
2026-08-20,Humira,6.85,20:16:53,2,8,0.0
2026-08-20,Humira,13.72,20:17:23,2,8,94.91
2026-08-20,Humira,5.03,20:17:53,2,8,0.0
2026-08-20,Humira,7.69,20:18:23,2,8,0.0
2026-08-20,Humira,9.78,20:18:53,2,8,94.94
2026-08-20,Humira,6.51,20:19:23,2,8,0.0
2026-08-20,Humira,17.57,20:19:53,2,8,94.97
2026-08-20,Humira,14.2,20:20:23,2,8,94.98
2026-08-20,Humira,11.91,20:20:53,2,8,94.99
2026-08-20,Humira,7.28,20:21:23,2,8,0.0
2026-08-20,Humira,7.93,20:21:53,2,8,0.0
2026-08-20,Humira,9.9,20:22:23,2,8,95.02
2026-08-20,Humira,10.42,20:22:53,2,8,95.03
2026-08-20,Humira,16.33,20:23:23,2,8,95.04
2026-08-20,Humira,10.69,20:23:53,2,8,95.05
2026-08-20,Humira,12.37,20:24:23,2,8,95.06
2026-08-20,Humira,12.6,20:24:53,2,8,95.07
2026-08-20,Humira,6.07,20:25:23,2,8,0.0
2026-08-20,Humira,11.13,20:25:53,2,8,95.1
2026-08-20,Humira,9.06,20:26:23,2,8,95.11
2026-08-20,Humira,6.2,20:26:53,2,8,0.0
2026-08-20,Humira,15.21,20:27:23,2,8,95.13
2026-08-20,Humira,15.61,20:27:53,2,8,95.14
2026-08-20,Humira,13.01,20:28:23,2,8,95.15
2026-08-20,Humira,9.62,20:28:53,2,8,95.16
2026-08-20,Humira,5.44,20:29:23,2,8,0.0
2026-08-20,Humira,15.71,20:29:53,2,8,95.18
2026-08-20,Humira,15.47,20:30:23,2,8,95.19
2026-08-20,Humira,11.36,20:30:53,2,8,95.2
2026-08-20,Humira,7.73,20:31:23,2,8,0.0
2026-08-20,Humira,14.9,20:31:53,2,8,95.23
2026-08-20,Humira,6.03,20:32:23,2,8,0.0
2026-08-20,Humira,12.37,20:32:53,2,8,95.25
2026-08-20,Humira,13.7,20:33:23,2,8,95.26
2026-08-20,Humira,16.26,20:33:53,2,8,95.27
2026-08-20,Humira,6.75,20:34:23,2,8,0.0
2026-08-20,Humira,14.84,20:34:53,2,8,95.29
2026-08-20,Humira,4.26,20:35:23,2,8,0.0
2026-08-20,Humira,9.52,20:35:53,2,8,95.31
2026-08-20,Humira,12.87,20:36:23,2,8,95.32
2026-08-20,Humira,12.89,20:36:53,2,8,95.33
2026-08-20,Humira,18.0,20:37:23,2,8,95.34
2026-08-20,Humira,11.81,20:37:53,2,8,95.35
2026-08-20,Humira,3.47,20:38:23,2,8,0.0
2026-08-20,Humira,13.09,20:38:53,2,8,95.38
2026-08-20,Humira,3.65,20:39:23,2,8,0.0
2026-08-20,Humira,3.86,20:39:53,2,8,0.0
2026-08-20,Humira,7.49,20:40:23,2,8,0.0
2026-08-20,Humira,15.71,20:40:53,2,8,95.42
2026-08-20,Humira,10.8,20:41:23,2,8,95.43
2026-08-20,Humira,10.47,20:41:53,2,8,95.44
2026-08-20,Humira,6.41,20:42:23,2,8,0.0
2026-08-20,Humira,10.67,20:42:53,2,8,95.46
2026-08-20,Humira,3.94,20:43:23,2,8,0.0
2026-08-20,Humira,6.81,20:43:53,2,8,0.0
2026-08-20,Humira,14.59,20:44:23,2,8,95.5
2026-08-20,Humira,11.93,20:44:53,2,8,95.51
2026-08-20,Humira,14.75,20:45:23,2,8,95.52
2026-08-20,Humira,9.04,20:45:53,2,8,95.53
2026-08-20,Humira,12.65,20:46:23,2,8,95.54
2026-08-20,Humira,16.02,20:46:53,2,8,95.55
2026-08-20,Humira,14.11,20:47:23,2,8,95.56
2026-08-20,Humira,3.01,20:47:53,2,8,0.0
2026-08-20,Humira,17.08,20:48:23,2,8,95.58
2026-08-20,Humira,7.88,20:48:53,2,8,0.0
2026-08-20,Humira,6.94,20:49:23,2,8,0.0
2026-08-20,Humira,6.84,20:49:53,2,8,0.0
2026-08-20,Humira,5.53,20:50:23,2,8,0.0
2026-08-20,Humira,16.26,20:50:53,2,8,95.64
2026-08-20,Humira,13.05,20:51:23,2,8,95.65
2026-08-20,Humira,13.31,20:51:53,2,8,95.66
2026-08-20,Humira,14.71,20:52:23,2,8,95.67
2026-08-20,Humira,7.99,20:52:53,2,8,0.0
2026-08-20,Humira,16.5,20:53:23,2,8,95.69
2026-08-20,Humira,3.8,20:53:53,2,8,0.0
2026-08-20,Humira,7.48,20:54:23,2,8,0.0
2026-08-20,Humira,17.85,20:54:53,2,8,95.72
2026-08-20,Humira,6.95,20:55:23,2,8,0.0
2026-08-20,Humira,16.53,20:55:53,2,8,95.75
2026-08-20,Humira,13.74,20:56:23,2,8,95.76
2026-08-20,Humira,13.07,20:56:53,2,8,95.77
2026-08-20,Humira,15.45,20:57:23,2,8,95.78
2026-08-20,Humira,16.61,20:57:53,2,8,95.79
2026-08-20,Humira,5.12,20:58:23,2,8,0.0
2026-08-20,Humira,13.32,20:58:53,2,8,95.81
2026-08-20,Humira,12.08,20:59:23,2,8,95.82
2026-08-20,Humira,10.31,20:59:53,2,8,95.83
2026-08-20,Humira,3.05,21:00:23,2,8,0.0
2026-08-20,Humira,11.88,21:00:53,2,8,95.85
2026-08-20,Humira,14.25,21:01:23,2,8,95.86
2026-08-20,Humira,7.67,21:01:53,2,8,0.0
2026-08-20,Humira,10.44,21:02:23,2,8,95.89
2026-08-20,Humira,16.37,21:02:53,2,8,95.9
2026-08-20,Humira,13.08,21:03:23,2,8,95.91
2026-08-20,Humira,10.12,21:03:53,2,8,95.92
2026-08-20,Humira,9.39,21:04:23,2,8,95.93
2026-08-20,Humira,15.34,21:04:53,2,8,95.94
2026-08-20,Humira,10.73,21:05:23,2,8,95.95
2026-08-20,Humira,11.72,21:05:53,2,8,95.96
2026-08-20,Humira,13.78,21:06:23,2,8,95.97
2026-08-20,Humira,7.99,21:06:53,2,8,0.0
2026-08-20,Humira,15.7,21:07:23,2,8,95.99
2026-08-20,Humira,4.82,21:07:53,2,8,0.0
2026-08-20,Humira,13.57,21:08:23,2,8,96.02
2026-08-20,Humira,13.99,21:08:53,2,8,96.03
2026-08-20,Humira,17.33,21:09:23,2,8,96.04
2026-08-20,Humira,6.28,21:09:53,2,8,0.0
2026-08-20,Humira,10.41,21:10:23,2,8,96.06
2026-08-20,Humira,14.14,21:10:53,2,8,96.07
2026-08-20,Humira,12.19,21:11:23,2,8,96.08
2026-08-20,Humira,16.8,21:11:53,2,8,96.09
2026-08-20,Humira,9.38,21:12:23,2,8,96.1
2026-08-20,Humira,15.97,21:12:53,2,8,96.11
2026-08-20,Humira,5.92,21:13:23,2,8,0.0
2026-08-20,Humira,11.73,21:13:53,2,8,96.14
2026-08-20,Humira,12.9,21:14:23,2,8,96.15
2026-08-20,Humira,15.82,21:14:53,2,8,96.16
2026-08-20,Humira,11.56,21:15:23,2,8,96.17
2026-08-20,Humira,11.49,21:15:53,2,8,96.18
2026-08-20,Humira,7.26,21:16:23,2,8,0.0
2026-08-20,Humira,7.3,21:16:53,2,8,0.0
2026-08-20,Humira,6.21,21:17:23,2,8,0.0
2026-08-20,Humira,13.03,21:17:53,2,8,96.22
2026-08-20,Humira,3.48,21:18:23,2,8,0.0
2026-08-20,Humira,2.57,21:18:53,2,8,0.0
2026-08-20,Humira,6.67,21:19:23,2,8,0.0
2026-08-20,Humira,12.06,21:19:53,2,8,96.27
2026-08-20,Humira,4.87,21:20:23,2,8,0.0
2026-08-20,Humira,7.11,21:20:53,2,8,0.0
2026-08-20,Humira,11.34,21:21:23,2,8,96.3
2026-08-20,Humira,11.16,21:21:53,2,8,96.31
2026-08-20,Humira,4.85,21:22:23,2,8,0.0
2026-08-20,Humira,12.83,21:22:53,2,8,96.33
2026-08-20,Humira,3.48,21:23:23,2,8,0.0
2026-08-20,Humira,9.93,21:23:53,2,8,96.35
2026-08-20,Humira,3.28,21:24:23,2,8,0.0
2026-08-20,Humira,10.34,21:24:53,2,8,96.37
2026-08-20,Humira,12.81,21:25:23,2,8,96.38
2026-08-20,Humira,16.64,21:25:53,2,8,96.4
2026-08-20,Humira,6.93,21:26:23,2,8,0.0
2026-08-20,Humira,12.0,21:26:53,2,8,96.42
2026-08-20,Humira,11.94,21:27:23,2,8,96.43
2026-08-20,Humira,5.96,21:27:53,2,8,0.0
2026-08-20,Humira,12.71,21:28:23,2,8,96.45
2026-08-20,Humira,15.39,21:28:53,2,8,96.46
2026-08-20,Humira,14.37,21:29:23,2,8,96.47
2026-08-20,Humira,6.32,21:29:53,2,8,0.0
2026-08-20,Humira,3.5,21:30:23,2,8,0.0
2026-08-20,Humira,14.64,21:30:53,2,8,96.5
2026-08-20,Humira,5.17,21:31:23,2,8,0.0
2026-08-20,Humira,7.31,21:31:53,2,8,0.0
2026-08-20,Humira,11.02,21:32:23,2,8,96.54
2026-08-20,Humira,13.52,21:32:53,2,8,96.55
2026-08-20,Humira,14.83,21:33:23,2,8,96.56
2026-08-20,Humira,10.86,21:33:53,2,8,96.57
2026-08-20,Humira,3.05,21:34:23,2,8,0.0
2026-08-20,Humira,6.98,21:34:53,2,8,0.0
2026-08-20,Humira,2.48,21:35:23,2,8,0.0
2026-08-20,Humira,17.89,21:35:53,2,8,96.61
2026-08-20,Humira,5.29,21:36:23,2,8,0.0
2026-08-20,Humira,16.25,21:36:53,2,8,96.63
2026-08-20,Humira,11.97,21:37:23,2,8,96.64
2026-08-20,Humira,16.82,21:37:53,2,8,96.66
2026-08-20,Humira,6.33,21:38:23,2,8,0.0
2026-08-20,Humira,4.51,21:38:53,2,8,0.0
2026-08-20,Humira,17.29,21:39:23,2,8,96.69
2026-08-20,Humira,6.42,21:39:53,2,8,0.0
2026-08-20,Humira,7.51,21:40:23,2,8,0.0
2026-08-20,Humira,17.17,21:40:53,2,8,96.72
2026-08-20,Humira,5.82,21:41:23,2,8,0.0
2026-08-20,Humira,16.63,21:41:53,2,8,96.74
2026-08-20,Humira,6.53,21:42:23,2,8,0.0
2026-08-20,Humira,14.47,21:42:53,2,8,96.76
2026-08-20,Humira,2.34,21:43:23,2,8,0.0
2026-08-20,Humira,15.25,21:43:53,2,8,96.79
2026-08-20,Humira,9.76,21:44:23,2,8,96.8
2026-08-20,Humira,16.8,21:44:53,2,8,96.81
2026-08-20,Humira,17.56,21:45:23,2,8,96.82
2026-08-20,Humira,15.69,21:45:53,2,8,96.83
2026-08-20,Humira,7.48,21:46:23,2,8,0.0
2026-08-20,Humira,4.77,21:46:53,2,8,0.0
2026-08-20,Humira,3.6,21:47:23,2,8,0.0
2026-08-20,Humira,7.07,21:47:53,2,8,0.0
2026-08-20,Humira,16.56,21:48:23,2,8,96.88
2026-08-20,Humira,7.38,21:48:53,2,8,0.0
2026-08-20,Humira,5.15,21:49:23,2,8,0.0
2026-08-20,Humira,2.6,21:49:53,2,8,0.0
2026-08-20,Humira,11.79,21:50:23,2,8,96.93
2026-08-20,Humira,17.67,21:50:53,2,8,96.94
2026-08-20,Humira,5.41,21:51:23,2,8,0.0
2026-08-20,Humira,17.86,21:51:53,2,8,96.96
2026-08-20,Humira,2.11,21:52:23,2,8,0.0
2026-08-20,Humira,15.35,21:52:53,2,8,96.98
2026-08-20,Humira,10.75,21:53:23,2,8,96.99
2026-08-20,Humira,4.77,21:53:53,2,8,0.0
2026-08-20,Humira,15.89,21:54:23,2,8,97.01
2026-08-20,Humira,12.12,21:54:53,2,8,97.02
2026-08-20,Humira,13.4,21:55:23,2,8,97.03
2026-08-20,Humira,7.86,21:55:53,2,8,0.0
2026-08-20,Humira,16.05,21:56:23,2,8,97.06
2026-08-20,Humira,5.94,21:56:53,2,8,0.0
2026-08-20,Humira,12.84,21:57:23,2,8,97.08
2026-08-20,Humira,16.49,21:57:53,2,8,97.09
2026-08-20,Humira,10.36,21:58:23,2,8,97.1
2026-08-20,Humira,6.24,21:58:53,2,8,0.0
2026-08-20,Humira,10.49,21:59:23,2,8,97.12
2026-08-20,Humira,9.19,21:59:53,2,8,97.13
2026-08-20,Humira,16.44,22:00:23,2,8,97.14
2026-08-20,Humira,16.13,22:00:53,2,8,97.15
2026-08-20,Humira,2.59,22:01:23,2,8,0.0
2026-08-20,Humira,6.52,22:01:53,2,8,0.0
2026-08-20,Humira,7.24,22:02:23,2,8,0.0
2026-08-20,Humira,11.32,22:02:53,2,8,97.2
2026-08-20,Humira,14.56,22:03:23,2,8,97.21
2026-08-20,Humira,14.02,22:03:53,2,8,97.22
2026-08-20,Humira,6.2,22:04:23,2,8,0.0
2026-08-20,Humira,15.28,22:04:53,2,8,97.24
2026-08-20,Humira,2.75,22:05:23,2,8,0.0
2026-08-20,Humira,17.2,22:05:53,2,8,97.26
2026-08-20,Humira,6.85,22:06:23,2,8,0.0
2026-08-20,Humira,9.44,22:06:53,2,8,97.28
2026-08-20,Humira,9.13,22:07:23,2,8,97.29
2026-08-20,Humira,14.33,22:07:53,2,8,97.3
2026-08-20,Humira,14.75,22:08:23,2,8,97.32
2026-08-20,Humira,14.8,22:08:53,2,8,97.33
2026-08-20,Humira,10.86,22:09:23,2,8,97.34
2026-08-20,Humira,7.31,22:09:53,2,8,0.0
2026-08-20,Humira,10.61,22:10:23,2,8,97.36
2026-08-20,Humira,11.22,22:10:53,2,8,97.37
2026-08-20,Humira,15.04,22:11:23,2,8,97.38
2026-08-20,Humira,6.49,22:11:53,2,8,0.0
2026-08-20,Humira,17.22,22:12:23,2,8,97.4
2026-08-20,Humira,4.66,22:12:53,2,8,0.0
2026-08-20,Humira,9.64,22:13:23,2,8,97.42
2026-08-20,Humira,14.19,22:13:53,2,8,97.44
2026-08-20,Humira,13.41,22:14:23,2,8,97.45
2026-08-20,Humira,12.5,22:14:53,2,8,97.46
2026-08-20,Humira,17.82,22:15:23,2,8,97.47
2026-08-20,Humira,12.76,22:15:53,2,8,97.48
2026-08-20,Humira,14.33,22:16:23,2,8,97.49
2026-08-20,Humira,13.22,22:16:53,2,8,97.5
2026-08-20,Humira,4.65,22:17:23,2,8,0.0
2026-08-20,Humira,13.86,22:17:53,2,8,97.52
2026-08-20,Humira,9.08,22:18:23,2,8,97.53
2026-08-20,Humira,10.38,22:18:53,2,8,97.54
2026-08-20,Humira,17.75,22:19:23,2,8,97.55
2026-08-20,Humira,16.0,22:19:53,2,8,97.56
2026-08-20,Humira,14.1,22:20:23,2,8,97.58
2026-08-20,Humira,3.37,22:20:53,2,8,0.0
2026-08-20,Humira,12.44,22:21:23,2,8,97.6
2026-08-20,Humira,16.45,22:21:53,2,8,97.61
2026-08-20,Humira,10.32,22:22:23,2,8,97.62
2026-08-20,Humira,6.02,22:22:53,2,8,0.0
2026-08-20,Humira,15.95,22:23:23,2,8,97.64
2026-08-20,Humira,11.35,22:23:53,2,8,97.65
2026-08-20,Humira,16.66,22:24:23,2,8,97.66
2026-08-20,Humira,4.61,22:24:53,2,8,0.0
2026-08-20,Humira,17.46,22:25:23,2,8,97.68
2026-08-20,Humira,7.55,22:25:53,2,8,0.0
2026-08-20,Humira,12.94,22:26:23,2,8,97.71
2026-08-20,Humira,16.73,22:26:53,2,8,97.72
2026-08-20,Humira,16.34,22:27:23,2,8,97.73
2026-08-20,Humira,14.85,22:27:53,2,8,97.74
2026-08-20,Humira,13.15,22:28:23,2,8,97.75
2026-08-20,Humira,13.36,22:28:53,2,8,97.76
2026-08-20,Humira,4.95,22:29:23,2,8,0.0
2026-08-20,Humira,4.21,22:29:53,2,8,0.0
2026-08-20,Humira,12.72,22:30:23,2,8,97.79
2026-08-20,Humira,2.06,22:30:53,2,8,0.0
2026-08-20,Humira,6.2,22:31:23,2,8,0.0
2026-08-20,Humira,2.7,22:31:53,2,8,0.0
2026-08-20,Humira,16.75,22:32:23,2,8,97.84
2026-08-20,Humira,5.76,22:32:53,2,8,0.0
2026-08-20,Humira,10.81,22:33:23,2,8,97.86
2026-08-20,Humira,2.57,22:33:53,2,8,0.0
2026-08-20,Humira,10.17,22:34:23,2,8,97.88
2026-08-20,Humira,5.44,22:34:53,2,8,0.0
2026-08-20,Humira,9.1,22:35:23,2,8,97.9
2026-08-20,Humira,14.13,22:35:53,2,8,97.91
2026-08-20,Humira,3.43,22:36:23,2,8,0.0
2026-08-20,Humira,4.89,22:36:53,2,8,0.0
2026-08-20,Humira,6.68,22:37:23,2,8,0.0
2026-08-20,Humira,16.55,22:37:53,2,8,97.95
2026-08-20,Humira,7.99,22:38:23,2,8,0.0
2026-08-20,Humira,5.81,22:38:53,2,8,0.0
2026-08-20,Humira,12.19,22:39:23,2,8,97.99
2026-08-20,Humira,17.57,22:39:53,2,8,98.0
2026-08-20,Humira,10.6,22:40:23,2,8,98.01
2026-08-20,Humira,3.75,22:40:53,2,8,0.0
2026-08-20,Humira,4.87,22:41:23,2,8,0.0
2026-08-20,Humira,10.08,22:41:53,2,8,98.04
2026-08-20,Humira,16.61,22:42:23,2,8,98.05
2026-08-20,Humira,6.04,22:42:53,2,8,0.0
2026-08-20,Humira,3.16,22:43:23,2,8,0.0
2026-08-20,Humira,12.86,22:43:53,2,8,98.09
2026-08-20,Humira,9.53,22:44:23,2,8,98.1
2026-08-20,Humira,17.06,22:44:53,2,8,98.11
2026-08-20,Humira,15.38,22:45:23,2,8,98.12
2026-08-20,Humira,15.63,22:45:53,2,8,98.13
2026-08-20,Humira,6.26,22:46:23,2,8,0.0
2026-08-20,Humira,2.09,22:46:53,2,8,0.0
2026-08-20,Humira,5.65,22:47:23,2,8,0.0
2026-08-20,Humira,2.65,22:47:53,2,8,0.0
2026-08-20,Humira,3.96,22:48:23,2,8,0.0
2026-08-20,Humira,11.54,22:48:53,2,8,98.19
2026-08-20,Humira,12.73,22:49:23,2,8,98.2
2026-08-20,Humira,7.36,22:49:53,2,8,0.0
2026-08-20,Humira,16.42,22:50:23,2,8,98.23
2026-08-20,Humira,11.95,22:50:53,2,8,98.24
2026-08-20,Humira,15.18,22:51:23,2,8,98.25
2026-08-20,Humira,10.26,22:51:53,2,8,98.26
2026-08-20,Humira,16.23,22:52:23,2,8,98.27
2026-08-20,Humira,11.2,22:52:53,2,8,98.28
2026-08-20,Humira,14.66,22:53:23,2,8,98.29
2026-08-20,Humira,4.85,22:53:53,2,8,0.0
2026-08-20,Humira,16.45,22:54:23,2,8,98.31
2026-08-20,Humira,9.92,22:54:53,2,8,98.32
2026-08-20,Humira,5.44,22:55:23,2,8,0.0
2026-08-20,Humira,5.05,22:55:53,2,8,0.0
2026-08-20,Humira,12.0,22:56:23,2,8,98.36
2026-08-20,Humira,5.19,22:56:53,2,8,0.0
2026-08-20,Humira,13.42,22:57:23,2,8,98.38
2026-08-20,Humira,13.62,22:57:53,2,8,98.39
2026-08-20,Humira,4.32,22:58:23,2,8,0.0
2026-08-20,Humira,17.08,22:58:53,2,8,98.41
2026-08-20,Humira,17.36,22:59:23,2,8,98.42
2026-08-20,Humira,11.42,22:59:53,2,8,98.43
2026-08-20,Humira,16.1,23:00:23,2,8,98.44
2026-08-20,Humira,9.57,23:00:53,2,8,98.45
2026-08-20,Humira,15.91,23:01:23,2,8,98.46
2026-08-20,Humira,3.18,23:01:53,2,8,0.0
2026-08-20,Humira,2.67,23:02:23,2,8,0.0
2026-08-20,Humira,9.42,23:02:53,2,8,98.5
2026-08-20,Humira,12.26,23:03:23,2,8,98.51
2026-08-20,Humira,14.15,23:03:53,2,8,98.52
2026-08-20,Humira,16.39,23:04:23,2,8,98.53
2026-08-20,Humira,10.88,23:04:53,2,8,98.54
2026-08-20,Humira,7.4,23:05:23,2,8,0.0
2026-08-20,Humira,7.1,23:05:53,2,8,0.0
2026-08-20,Humira,7.64,23:06:23,2,8,0.0
2026-08-20,Humira,4.37,23:06:53,2,8,0.0
2026-08-20,Humira,12.14,23:07:23,2,8,98.59
2026-08-20,Humira,3.08,23:07:53,2,8,0.0
2026-08-20,Humira,6.1,23:08:23,2,8,0.0
2026-08-20,Humira,12.47,23:08:53,2,8,98.63
2026-08-20,Humira,15.04,23:09:23,2,8,98.64
2026-08-20,Humira,11.42,23:09:53,2,8,98.65
2026-08-20,Humira,15.84,23:10:23,2,8,98.66
2026-08-20,Humira,16.42,23:10:53,2,8,98.67
2026-08-20,Humira,12.57,23:11:23,2,8,98.68
2026-08-20,Humira,6.18,23:11:53,2,8,0.0
2026-08-20,Humira,16.92,23:12:23,2,8,98.7
2026-08-20,Humira,9.53,23:12:53,2,8,98.71
2026-08-20,Humira,14.46,23:13:23,2,8,98.72
2026-08-20,Humira,6.91,23:13:53,2,8,0.0
2026-08-20,Humira,15.65,23:14:23,2,8,98.75
2026-08-20,Humira,12.09,23:14:53,2,8,98.76
2026-08-20,Humira,9.96,23:15:23,2,8,98.77
2026-08-20,Humira,2.9,23:15:53,2,8,0.0
2026-08-20,Humira,4.0,23:16:23,2,8,0.0
2026-08-20,Humira,15.02,23:16:53,2,8,98.8
2026-08-20,Humira,16.38,23:17:23,2,8,98.81
2026-08-20,Humira,16.44,23:17:53,2,8,98.82
2026-08-20,Humira,17.36,23:18:23,2,8,98.83
2026-08-20,Humira,17.41,23:18:53,2,8,98.84
2026-08-20,Humira,7.01,23:19:23,2,8,0.0
2026-08-20,Humira,7.26,23:19:53,2,8,0.0
2026-08-20,Humira,10.65,23:20:23,2,8,98.88
2026-08-20,Humira,15.65,23:20:53,2,8,98.89
2026-08-20,Humira,17.22,23:21:23,2,8,98.9
2026-08-20,Humira,3.76,23:21:53,2,8,0.0
2026-08-20,Humira,14.21,23:22:23,2,8,98.92
2026-08-20,Humira,16.94,23:22:53,2,8,98.93
2026-08-20,Humira,15.7,23:23:23,2,8,98.94
2026-08-20,Humira,3.39,23:23:53,2,8,0.0
2026-08-20,Humira,6.94,23:24:23,2,8,0.0
2026-08-20,Humira,3.84,23:24:53,2,8,0.0
2026-08-20,Humira,4.23,23:25:23,2,8,0.0
2026-08-20,Humira,9.81,23:25:53,2,8,99.0
2026-08-20,Humira,15.83,23:26:23,2,8,99.01
2026-08-20,Humira,6.91,23:26:53,2,8,0.0
2026-08-20,Humira,17.84,23:27:23,2,8,99.03
2026-08-20,Humira,16.03,23:27:53,2,8,99.04
2026-08-20,Humira,12.82,23:28:23,2,8,99.05
2026-08-20,Humira,4.93,23:28:53,2,8,0.0
2026-08-20,Humira,13.52,23:29:23,2,8,99.07
2026-08-20,Humira,6.64,23:29:53,2,8,0.0
2026-08-20,Humira,16.81,23:30:23,2,8,99.09
2026-08-20,Humira,11.43,23:30:53,2,8,99.1
2026-08-20,Humira,3.66,23:31:23,2,8,0.0
2026-08-20,Humira,13.34,23:31:53,2,8,99.12
2026-08-20,Humira,15.18,23:32:23,2,8,99.14
2026-08-20,Humira,17.53,23:32:53,2,8,99.15
2026-08-20,Humira,6.61,23:33:23,2,8,0.0
2026-08-20,Humira,2.02,23:33:53,2,8,0.0
2026-08-20,Humira,7.11,23:34:23,2,8,0.0
2026-08-20,Humira,11.92,23:34:53,2,8,99.19
2026-08-20,Humira,2.57,23:35:23,2,8,0.0
2026-08-20,Humira,3.77,23:35:53,2,8,0.0
2026-08-20,Humira,6.52,23:36:23,2,8,0.0
2026-08-20,Humira,14.91,23:36:53,2,8,99.23
2026-08-20,Humira,12.17,23:37:23,2,8,99.24
2026-08-20,Humira,6.22,23:37:53,2,8,0.0
2026-08-20,Humira,15.17,23:38:23,2,8,99.27
2026-08-20,Humira,11.66,23:38:53,2,8,99.28
2026-08-20,Humira,14.89,23:39:23,2,8,99.29
2026-08-20,Humira,14.66,23:39:53,2,8,99.3
2026-08-20,Humira,11.96,23:40:23,2,8,99.31
2026-08-20,Humira,15.69,23:40:53,2,8,99.32
2026-08-20,Humira,4.53,23:41:23,2,8,0.0
2026-08-20,Humira,4.55,23:41:53,2,8,0.0
2026-08-20,Humira,7.32,23:42:23,2,8,0.0
2026-08-20,Humira,4.43,23:42:53,2,8,0.0
2026-08-20,Humira,7.03,23:43:23,2,8,0.0
2026-08-20,Humira,11.66,23:43:53,2,8,99.39
2026-08-20,Humira,2.96,23:44:23,2,8,0.0
2026-08-20,Humira,4.43,23:44:53,2,8,0.0
2026-08-20,Humira,12.9,23:45:23,2,8,99.42
2026-08-20,Humira,7.22,23:45:53,2,8,0.0
2026-08-20,Humira,9.36,23:46:23,2,8,99.44
2026-08-20,Humira,5.45,23:46:53,2,8,0.0
2026-08-20,Humira,14.32,23:47:23,2,8,99.46
2026-08-20,Humira,11.12,23:47:53,2,8,99.47
2026-08-20,Humira,12.09,23:48:23,2,8,99.48
2026-08-20,Humira,16.01,23:48:53,2,8,99.49
2026-08-20,Humira,13.32,23:49:23,2,8,99.5
2026-08-20,Humira,12.09,23:49:53,2,8,99.52
2026-08-20,Humira,12.63,23:50:23,2,8,99.53
2026-08-20,Humira,12.57,23:50:53,2,8,99.54
2026-08-20,Humira,12.06,23:51:23,2,8,99.55
2026-08-20,Humira,13.83,23:51:53,2,8,99.56
2026-08-20,Humira,5.81,23:52:23,2,8,0.0
2026-08-20,Humira,5.65,23:52:53,2,8,0.0
2026-08-20,Humira,14.53,23:53:23,2,8,99.59
2026-08-20,Humira,11.85,23:53:53,2,8,99.6
2026-08-20,Humira,10.21,23:54:23,2,8,99.61
2026-08-20,Humira,9.18,23:54:53,2,8,99.62
2026-08-20,Humira,6.68,23:55:23,2,8,0.0
2026-08-20,Humira,10.64,23:55:53,2,8,99.65
2026-08-20,Humira,10.89,23:56:23,2,8,99.66
2026-08-20,Humira,16.94,23:56:53,2,8,99.67
2026-08-20,Humira,10.09,23:57:23,2,8,99.68
2026-08-20,Humira,15.3,23:57:53,2,8,99.69
2026-08-20,Humira,13.11,23:58:23,2,8,99.7
2026-08-20,Humira,14.32,23:58:53,2,8,99.71
2026-08-20,Humira,14.84,23:59:23,2,8,99.72
2026-08-20,Humira,5.1,23:59:53,2,8,0.0
2026-08-20,Humira,15.02,00:00:23,2,8,99.74
2026-08-20,Humira,9.12,00:00:53,2,8,99.75
2026-08-20,Humira,7.86,00:01:23,2,8,0.0
2026-08-20,Humira,5.62,00:01:53,2,8,0.0
2026-08-20,Humira,5.44,00:02:23,2,8,0.0
2026-08-20,Humira,4.6,00:02:53,2,8,0.0
2026-08-20,Humira,10.9,00:03:23,2,8,99.81
2026-08-20,Humira,5.0,00:03:53,2,8,0.0
2026-08-20,Humira,4.5,00:04:23,2,8,0.0
2026-08-20,Humira,2.34,00:04:53,2,8,0.0
2026-08-20,Humira,10.84,00:05:23,2,8,99.85
2026-08-20,Humira,9.9,00:05:53,2,8,99.86
2026-08-20,Humira,10.81,00:06:23,2,8,99.87
2026-08-20,Humira,15.84,00:06:53,2,8,99.88
2026-08-20,Humira,15.95,00:07:23,2,8,99.89
2026-08-20,Humira,3.03,00:07:53,2,8,0.0
2026-08-20,Humira,15.76,00:08:23,2,8,99.92
2026-08-20,Humira,4.89,00:08:53,2,8,0.0
2026-08-20,Humira,9.01,00:09:23,2,8,99.94
2026-08-20,Humira,11.4,00:09:53,2,8,99.95
2026-08-20,Humira,3.71,00:10:23,2,8,0.0
2026-08-20,Humira,6.25,00:10:53,2,8,0.0
2026-08-20,Humira,17.54,00:11:23,2,8,99.98
2026-08-20,Humira,17.34,00:11:53,2,8,99.99
2026-08-20,Humira,14.6,00:12:23,2,8,100.0
2026-08-20,Humira,14.1,00:12:53,2,8,100.01
2026-08-20,Humira,17.15,00:13:23,2,8,100.02
2026-08-20,Humira,13.34,00:13:53,2,8,100.04
2026-08-20,Humira,11.76,00:14:23,2,8,100.05
2026-08-20,Humira,12.19,00:14:53,2,8,100.06
2026-08-20,Humira,3.6,00:15:23,2,8,0.0
2026-08-20,Humira,5.78,00:15:53,2,8,0.0
2026-08-20,Humira,16.92,00:16:23,2,8,100.09
2026-08-20,Humira,16.08,00:16:53,2,8,100.1
2026-08-20,Humira,4.04,00:17:23,2,8,0.0
2026-08-20,Humira,5.08,00:17:53,2,8,0.0
2026-08-20,Humira,7.92,00:18:23,2,8,0.0
2026-08-20,Humira,10.19,00:18:53,2,8,100.14
2026-08-20,Humira,16.88,00:19:23,2,8,100.15
2026-08-20,Humira,9.32,00:19:53,2,8,100.17
2026-08-20,Humira,10.02,00:20:23,2,8,100.18
2026-08-20,Humira,7.57,00:20:53,2,8,0.0
2026-08-20,Humira,4.79,00:21:23,2,8,0.0
2026-08-20,Humira,14.56,00:21:53,2,8,100.21
2026-08-20,Humira,7.43,00:22:23,2,8,0.0
2026-08-20,Humira,5.54,00:22:53,2,8,0.0
2026-08-20,Humira,5.71,00:23:23,2,8,0.0
2026-08-20,Humira,15.69,00:23:53,2,8,100.25
2026-08-20,Humira,13.12,00:24:23,2,8,100.26
2026-08-20,Humira,11.98,00:24:53,2,8,100.27
2026-08-20,Humira,2.99,00:25:23,2,8,0.0
2026-08-20,Humira,14.64,00:25:53,2,8,100.3
2026-08-20,Humira,6.13,00:26:23,2,8,0.0
2026-08-20,Humira,10.27,00:26:53,2,8,100.32
2026-08-20,Humira,15.11,00:27:23,2,8,100.33
2026-08-20,Humira,15.01,00:27:53,2,8,100.34
2026-08-20,Humira,2.16,00:28:23,2,8,0.0
2026-08-20,Humira,7.38,00:28:53,2,8,0.0
2026-08-20,Humira,13.68,00:29:23,2,8,100.37
2026-08-20,Humira,4.42,00:29:53,2,8,0.0
2026-08-20,Humira,14.48,00:30:23,2,8,100.39
2026-08-20,Humira,15.01,00:30:53,2,8,100.4
2026-08-20,Humira,2.99,00:31:23,2,8,0.0
2026-08-20,Humira,2.57,00:31:53,2,8,0.0
2026-08-20,Humira,12.41,00:32:23,2,8,100.44
2026-08-20,Humira,10.61,00:32:53,2,8,100.45
2026-08-20,Humira,14.51,00:33:23,2,8,100.46
2026-08-20,Humira,11.06,00:33:53,2,8,100.47
2026-08-20,Humira,2.4,00:34:23,2,8,0.0
2026-08-20,Humira,13.64,00:34:53,2,8,100.49
2026-08-20,Humira,15.48,00:35:23,2,8,100.5
2026-08-20,Humira,17.96,00:35:53,2,8,100.51
2026-08-20,Humira,14.41,00:36:23,2,8,100.52
2026-08-20,Humira,13.77,00:36:53,2,8,100.53
2026-08-20,Humira,16.42,00:37:23,2,8,100.54
2026-08-20,Humira,14.82,00:37:53,2,8,100.55
2026-08-20,Humira,13.69,00:38:23,2,8,100.57
2026-08-20,Humira,11.49,00:38:53,2,8,100.58
2026-08-20,Humira,15.83,00:39:23,2,8,100.59
2026-08-20,Humira,8.0,00:39:53,2,8,0.0
2026-08-20,Humira,12.92,00:40:23,2,8,100.61
2026-08-20,Humira,5.4,00:40:53,2,8,0.0
2026-08-20,Humira,10.27,00:41:23,2,8,100.63
2026-08-20,Humira,14.66,00:41:53,2,8,100.64
2026-08-20,Humira,13.34,00:42:23,2,8,100.65
2026-08-20,Humira,15.29,00:42:53,2,8,100.66
2026-08-20,Humira,15.52,00:43:23,2,8,100.67
2026-08-20,Humira,11.11,00:43:53,2,8,100.69
2026-08-20,Humira,11.85,00:44:23,2,8,100.7
2026-08-20,Humira,6.54,00:44:53,2,8,0.0
2026-08-20,Humira,13.02,00:45:23,2,8,100.72
2026-08-20,Humira,15.32,00:45:53,2,8,100.73
2026-08-20,Humira,12.58,00:46:23,2,8,100.74
2026-08-20,Humira,4.53,00:46:53,2,8,0.0
2026-08-20,Humira,5.17,00:47:23,2,8,0.0
2026-08-20,Humira,14.47,00:47:53,2,8,100.77
2026-08-20,Humira,2.99,00:48:23,2,8,0.0
2026-08-20,Humira,11.26,00:48:53,2,8,100.79
2026-08-20,Humira,2.46,00:49:23,2,8,0.0
2026-08-20,Humira,5.4,00:49:53,2,8,0.0
2026-08-20,Humira,16.39,00:50:23,2,8,100.83
2026-08-20,Humira,12.84,00:50:53,2,8,100.84
2026-08-20,Humira,5.83,00:51:23,2,8,0.0
2026-08-20,Humira,14.62,00:51:53,2,8,100.86
2026-08-20,Humira,13.05,00:52:23,2,8,100.87
2026-08-20,Humira,3.72,00:52:53,2,8,0.0
2026-08-20,Humira,10.09,00:53:23,2,8,100.89
2026-08-20,Humira,7.32,00:53:53,2,8,0.0
2026-08-20,Humira,16.08,00:54:23,2,8,100.91
2026-08-20,Humira,12.53,00:54:53,2,8,100.92
2026-08-20,Humira,13.43,00:55:23,2,8,100.93
2026-08-20,Humira,4.38,00:55:53,2,8,0.0
2026-08-20,Humira,16.5,00:56:23,2,8,100.96
2026-08-20,Humira,3.97,00:56:53,2,8,0.0
2026-08-20,Humira,7.91,00:57:23,2,8,0.0
2026-08-20,Humira,17.21,00:57:53,2,8,100.99
2026-08-20,Humira,11.16,00:58:23,2,8,101.0
2026-08-20,Humira,4.36,00:58:53,2,8,0.0
2026-08-20,Humira,17.14,00:59:23,2,8,101.02
2026-08-20,Humira,7.01,00:59:53,2,8,0.0
2026-08-20,Humira,7.22,01:00:23,2,8,0.0
2026-08-20,Humira,12.25,01:00:53,2,8,101.05
2026-08-20,Humira,10.64,01:01:23,2,8,101.06
2026-08-20,Humira,15.17,01:01:53,2,8,101.08
2026-08-20,Humira,13.25,01:02:23,2,8,101.09
2026-08-20,Humira,7.29,01:02:53,2,8,0.0
2026-08-20,Humira,11.27,01:03:23,2,8,101.11
2026-08-20,Humira,11.05,01:03:53,2,8,101.12
2026-08-20,Humira,9.44,01:04:23,2,8,101.13
2026-08-20,Humira,16.73,01:04:53,2,8,101.14
2026-08-20,Humira,14.38,01:05:23,2,8,101.15
2026-08-20,Humira,10.35,01:05:53,2,8,101.16
2026-08-20,Humira,4.7,01:06:23,2,8,0.0
2026-08-20,Humira,2.91,01:06:53,2,8,0.0
2026-08-20,Humira,7.59,01:07:23,2,8,0.0
2026-08-20,Humira,7.62,01:07:53,2,8,0.0
2026-08-20,Humira,5.74,01:08:23,2,8,0.0
2026-08-20,Humira,10.2,01:08:53,2,8,101.23
2026-08-20,Humira,3.77,01:09:23,2,8,0.0
2026-08-20,Humira,9.95,01:09:53,2,8,101.25
2026-08-20,Humira,12.18,01:10:23,2,8,101.26
2026-08-20,Humira,4.46,01:10:53,2,8,0.0
2026-08-20,Humira,5.22,01:11:23,2,8,0.0
2026-08-20,Humira,17.81,01:11:53,2,8,101.29
2026-08-20,Humira,5.24,01:12:23,2,8,0.0
2026-08-20,Humira,4.67,01:12:53,2,8,0.0
2026-08-20,Humira,7.09,01:13:23,2,8,0.0
2026-08-20,Humira,5.03,01:13:53,2,8,0.0
2026-08-20,Humira,13.87,01:14:23,2,8,101.35
2026-08-20,Humira,16.71,01:14:53,2,8,101.36
2026-08-20,Humira,14.44,01:15:23,2,8,101.37
2026-08-20,Humira,5.13,01:15:53,2,8,0.0
2026-08-20,Humira,17.05,01:16:23,2,8,101.39
2026-08-20,Humira,9.96,01:16:53,2,8,101.4
2026-08-20,Humira,7.36,01:17:23,2,8,0.0
2026-08-20,Humira,12.52,01:17:53,2,8,101.42
2026-08-20,Humira,15.17,01:18:23,2,8,101.43
2026-08-20,Humira,3.63,01:18:53,2,8,0.0
2026-08-20,Humira,17.4,01:19:23,2,8,101.45
2026-08-20,Humira,12.48,01:19:53,2,8,101.47
2026-08-20,Humira,5.06,01:20:23,2,8,0.0
2026-08-20,Humira,13.49,01:20:53,2,8,101.49
2026-08-20,Humira,3.75,01:21:23,2,8,0.0
2026-08-20,Humira,16.19,01:21:53,2,8,101.51
2026-08-20,Humira,12.47,01:22:23,2,8,101.52
2026-08-20,Humira,13.07,01:22:53,2,8,101.53
2026-08-20,Humira,14.76,01:23:23,2,8,101.54
2026-08-20,Humira,7.61,01:23:53,2,8,0.0
2026-08-20,Humira,15.91,01:24:23,2,8,101.56
2026-08-20,Humira,3.76,01:24:53,2,8,0.0
2026-08-20,Humira,4.6,01:25:23,2,8,0.0
2026-08-20,Humira,13.18,01:25:53,2,8,101.6
2026-08-20,Humira,2.02,01:26:23,2,8,0.0
2026-08-20,Humira,13.54,01:26:53,2,8,101.62
2026-08-20,Humira,3.21,01:27:23,2,8,0.0
2026-08-20,Humira,16.15,01:27:53,2,8,101.64
2026-08-20,Humira,12.46,01:28:23,2,8,101.65
2026-08-20,Humira,11.72,01:28:53,2,8,101.66
2026-08-20,Humira,13.33,01:29:23,2,8,101.67
2026-08-20,Humira,4.02,01:29:53,2,8,0.0
2026-08-20,Humira,2.9,01:30:23,2,8,0.0
2026-08-20,Humira,12.65,01:30:53,2,8,101.7
2026-08-20,Humira,7.49,01:31:23,2,8,0.0
2026-08-20,Humira,13.15,01:31:53,2,8,101.73
2026-08-20,Humira,17.07,01:32:23,2,8,101.74
2026-08-20,Humira,7.4,01:32:53,2,8,0.0
2026-08-20,Humira,13.99,01:33:23,2,8,101.76
2026-08-20,Humira,16.31,01:33:53,2,8,101.77
2026-08-20,Humira,5.54,01:34:23,2,8,0.0
2026-08-20,Humira,16.93,01:34:53,2,8,101.79
2026-08-20,Humira,16.42,01:35:23,2,8,101.8
2026-08-20,Humira,6.18,01:35:53,2,8,0.0
2026-08-20,Humira,6.14,01:36:23,2,8,0.0
2026-08-20,Humira,2.22,01:36:53,2,8,0.0
2026-08-20,Humira,12.0,01:37:23,2,8,101.84
2026-08-20,Humira,12.29,01:37:53,2,8,101.85
2026-08-20,Humira,4.69,01:38:23,2,8,0.0
2026-08-20,Humira,13.79,01:38:53,2,8,101.88
2026-08-20,Humira,2.36,01:39:23,2,8,0.0
2026-08-20,Humira,10.34,01:39:53,2,8,101.9
2026-08-20,Humira,4.04,01:40:23,2,8,0.0
2026-08-20,Humira,10.34,01:40:53,2,8,101.92
2026-08-20,Humira,13.57,01:41:23,2,8,101.93
2026-08-20,Humira,2.31,01:41:53,2,8,0.0
2026-08-20,Humira,7.23,01:42:23,2,8,0.0
2026-08-20,Humira,10.17,01:42:53,2,8,101.96
2026-08-20,Humira,14.79,01:43:23,2,8,101.97
2026-08-20,Humira,14.52,01:43:53,2,8,101.99
2026-08-20,Humira,12.0,01:44:23,2,8,102.0
2026-08-20,Humira,3.38,01:44:53,2,8,0.0
2026-08-20,Humira,11.84,01:45:23,2,8,102.02
2026-08-20,Humira,11.39,01:45:53,2,8,102.03
2026-08-20,Humira,9.1,01:46:23,2,8,102.04
2026-08-20,Humira,6.23,01:46:53,2,8,0.0
2026-08-20,Humira,15.25,01:47:23,2,8,102.06
2026-08-20,Humira,3.04,01:47:53,2,8,0.0
2026-08-20,Humira,12.51,01:48:23,2,8,102.08
2026-08-20,Humira,13.11,01:48:53,2,8,102.09
2026-08-20,Humira,2.9,01:49:23,2,8,0.0
2026-08-20,Humira,4.69,01:49:53,2,8,0.0
2026-08-20,Humira,4.99,01:50:23,2,8,0.0
2026-08-20,Humira,17.04,01:50:53,2,8,102.14
2026-08-20,Humira,3.51,01:51:23,2,8,0.0
2026-08-20,Humira,14.0,01:51:53,2,8,102.16
2026-08-20,Humira,14.88,01:52:23,2,8,102.17
2026-08-20,Humira,11.6,01:52:53,2,8,102.18
2026-08-20,Humira,6.16,01:53:23,2,8,0.0
2026-08-20,Humira,15.0,01:53:53,2,8,102.2
2026-08-20,Humira,17.91,01:54:23,2,8,102.21
2026-08-20,Humira,17.4,01:54:53,2,8,102.22
2026-08-20,Humira,16.36,01:55:23,2,8,102.23
2026-08-20,Humira,11.43,01:55:53,2,8,102.25
2026-08-20,Humira,14.6,01:56:23,2,8,102.26
2026-08-20,Humira,15.22,01:56:53,2,8,102.27
2026-08-20,Humira,14.92,01:57:23,2,8,102.28
2026-08-20,Humira,17.61,01:57:53,2,8,102.29
2026-08-20,Humira,11.11,01:58:23,2,8,102.3
2026-08-20,Humira,9.49,01:58:53,2,8,102.31
2026-08-20,Humira,5.84,01:59:23,2,8,0.0
2026-08-20,Humira,12.86,01:59:53,2,8,102.33
2026-08-20,Humira,15.46,02:00:23,2,8,102.34
2026-08-20,Humira,15.41,02:00:53,2,8,102.35
2026-08-20,Humira,14.41,02:01:23,2,8,102.36
2026-08-20,Humira,10.15,02:01:53,2,8,102.38
2026-08-20,Humira,14.22,02:02:23,2,8,102.39
2026-08-20,Humira,11.48,02:02:53,2,8,102.4
2026-08-20,Humira,17.87,02:03:23,2,8,102.41
2026-08-20,Humira,4.93,02:03:53,2,8,0.0
2026-08-20,Humira,17.47,02:04:23,2,8,102.43
2026-08-20,Humira,10.27,02:04:53,2,8,102.44
2026-08-20,Humira,12.43,02:05:23,2,8,102.45
2026-08-20,Humira,2.45,02:05:53,2,8,0.0
2026-08-20,Humira,11.88,02:06:23,2,8,102.47
2026-08-20,Humira,11.77,02:06:53,2,8,102.48
2026-08-20,Humira,6.27,02:07:23,2,8,0.0
2026-08-20,Humira,2.8,02:07:53,2,8,0.0
2026-08-20,Humira,17.91,02:08:23,2,8,102.52
2026-08-20,Humira,7.73,02:08:53,2,8,0.0
2026-08-20,Humira,6.0,02:09:23,2,8,0.0
2026-08-20,Humira,5.91,02:09:53,2,8,0.0
2026-08-20,Humira,17.32,02:10:23,2,8,102.56
2026-08-20,Humira,13.03,02:10:53,2,8,102.57
2026-08-20,Humira,3.86,02:11:23,2,8,0.0
2026-08-20,Humira,7.18,02:11:53,2,8,0.0
2026-08-20,Humira,16.59,02:12:23,2,8,102.6
2026-08-20,Humira,4.56,02:12:53,2,8,0.0
2026-08-20,Humira,17.0,02:13:23,2,8,102.62
2026-08-20,Humira,12.34,02:13:53,2,8,102.64
2026-08-20,Humira,13.01,02:14:23,2,8,102.65
2026-08-20,Humira,15.62,02:14:53,2,8,102.66
2026-08-20,Humira,15.84,02:15:23,2,8,102.67
2026-08-20,Humira,9.44,02:15:53,2,8,102.68
2026-08-20,Humira,9.39,02:16:23,2,8,102.69
2026-08-20,Humira,2.23,02:16:53,2,8,0.0
2026-08-20,Humira,11.3,02:17:23,2,8,102.71
2026-08-20,Humira,9.31,02:17:53,2,8,102.72
2026-08-20,Humira,7.25,02:18:23,2,8,0.0
2026-08-20,Humira,13.22,02:18:53,2,8,102.74
2026-08-20,Humira,11.84,02:19:23,2,8,102.75
2026-08-20,Humira,16.58,02:19:53,2,8,102.77
2026-08-20,Humira,14.46,02:20:23,2,8,102.78
2026-08-20,Humira,17.39,02:20:53,2,8,102.79
2026-08-20,Humira,7.5,02:21:23,2,8,0.0
2026-08-20,Humira,17.58,02:21:53,2,8,102.81
2026-08-20,Humira,5.53,02:22:23,2,8,0.0
2026-08-20,Humira,7.64,02:22:53,2,8,0.0
2026-08-20,Humira,13.97,02:23:23,2,8,102.84
2026-08-20,Humira,12.79,02:23:53,2,8,102.85
2026-08-20,Humira,10.93,02:24:23,2,8,102.86
2026-08-20,Humira,6.86,02:24:53,2,8,0.0
2026-08-20,Humira,17.65,02:25:23,2,8,102.88
2026-08-20,Humira,12.24,02:25:53,2,8,102.9
2026-08-20,Humira,6.12,02:26:23,2,8,0.0
2026-08-20,Humira,17.01,02:26:53,2,8,102.92
2026-08-20,Humira,10.78,02:27:23,2,8,102.93
2026-08-20,Humira,6.24,02:27:53,2,8,0.0
2026-08-20,Humira,4.69,02:28:23,2,8,0.0
2026-08-20,Humira,17.66,02:28:53,2,8,102.96
2026-08-20,Humira,9.54,02:29:23,2,8,102.97
2026-08-20,Humira,6.18,02:29:53,2,8,0.0
2026-08-20,Humira,15.39,02:30:23,2,8,102.99
2026-08-20,Humira,9.79,02:30:53,2,8,103.0
2026-08-20,Humira,13.11,02:31:23,2,8,103.01
2026-08-20,Humira,9.15,02:31:53,2,8,103.03
2026-08-20,Humira,12.89,02:32:23,2,8,103.04
2026-08-20,Humira,10.49,02:32:53,2,8,103.05
2026-08-20,Humira,7.25,02:33:23,2,8,0.0
2026-08-20,Humira,4.19,02:33:53,2,8,0.0
2026-08-20,Humira,4.3,02:34:23,2,8,0.0
2026-08-20,Humira,11.95,02:34:53,2,8,103.09
2026-08-20,Humira,2.75,02:35:23,2,8,0.0
2026-08-20,Humira,3.13,02:35:53,2,8,0.0
2026-08-20,Humira,2.61,02:36:23,2,8,0.0
2026-08-20,Humira,17.72,02:36:53,2,8,103.13
2026-08-20,Humira,4.95,02:37:23,2,8,0.0
2026-08-20,Humira,10.24,02:37:53,2,8,103.16
2026-08-20,Humira,16.99,02:38:23,2,8,103.17
2026-08-20,Humira,12.67,02:38:53,2,8,103.18
2026-08-20,Humira,10.25,02:39:23,2,8,103.19
2026-08-20,Humira,3.1,02:39:53,2,8,0.0
2026-08-20,Humira,7.23,02:40:23,2,8,0.0
2026-08-20,Humira,16.31,02:40:53,2,8,103.22
2026-08-20,Humira,16.24,02:41:23,2,8,103.23
2026-08-20,Humira,5.85,02:41:53,2,8,0.0
2026-08-20,Humira,13.64,02:42:23,2,8,103.25
2026-08-20,Humira,17.56,02:42:53,2,8,103.26
2026-08-20,Humira,15.17,02:43:23,2,8,103.27
2026-08-20,Humira,10.73,02:43:53,2,8,103.29
2026-08-20,Humira,12.38,02:44:23,2,8,103.3
2026-08-20,Humira,4.45,02:44:53,2,8,0.0
2026-08-20,Humira,11.6,02:45:23,2,8,103.32
2026-08-20,Humira,16.58,02:45:53,2,8,103.33
2026-08-20,Humira,15.27,02:46:23,2,8,103.34
2026-08-20,Humira,12.2,02:46:53,2,8,103.35
2026-08-20,Humira,6.5,02:47:23,2,8,0.0
2026-08-20,Humira,9.34,02:47:53,2,8,103.37
2026-08-20,Humira,3.19,02:48:23,2,8,0.0
2026-08-20,Humira,2.07,02:48:53,2,8,0.0
2026-08-20,Humira,9.44,02:49:23,2,8,103.4
2026-08-20,Humira,13.71,02:49:53,2,8,103.42
2026-08-20,Humira,7.91,02:50:23,2,8,0.0
2026-08-20,Humira,7.1,02:50:53,2,8,0.0
2026-08-20,Humira,11.76,02:51:23,2,8,103.45
2026-08-20,Humira,2.29,02:51:53,2,8,0.0
2026-08-20,Humira,2.43,02:52:23,2,8,0.0
2026-08-20,Humira,11.94,02:52:53,2,8,103.48
2026-08-20,Humira,14.89,02:53:23,2,8,103.49
2026-08-20,Humira,12.29,02:53:53,2,8,103.5
2026-08-20,Humira,15.9,02:54:23,2,8,103.51
2026-08-20,Humira,10.52,02:54:53,2,8,103.52
2026-08-20,Humira,16.74,02:55:23,2,8,103.53
2026-08-20,Humira,11.69,02:55:53,2,8,103.55
2026-08-20,Humira,17.32,02:56:23,2,8,103.56
2026-08-20,Humira,7.04,02:56:53,2,8,0.0
2026-08-20,Humira,14.37,02:57:23,2,8,103.58
2026-08-20,Humira,17.45,02:57:53,2,8,103.59
2026-08-20,Humira,7.76,02:58:23,2,8,0.0
2026-08-20,Humira,17.28,02:58:53,2,8,103.61
2026-08-20,Humira,16.45,02:59:23,2,8,103.62
2026-08-20,Humira,13.75,02:59:53,2,8,103.63
2026-08-20,Humira,9.39,03:00:23,2,8,103.64
2026-08-20,Humira,14.83,03:00:53,2,8,103.65
2026-08-20,Humira,5.78,03:01:23,2,8,0.0
2026-08-20,Humira,2.02,03:01:53,2,8,0.0
2026-08-20,Humira,17.8,03:02:23,2,8,103.69
2026-08-20,Humira,12.47,03:02:53,2,8,103.7
2026-08-20,Humira,9.97,03:03:23,2,8,103.71
2026-08-20,Humira,4.43,03:03:53,2,8,0.0
2026-08-20,Humira,10.74,03:04:23,2,8,103.73
2026-08-20,Humira,4.48,03:04:53,2,8,0.0
2026-08-20,Humira,17.77,03:05:23,2,8,103.75
2026-08-20,Humira,7.41,03:05:53,2,8,0.0
2026-08-20,Humira,16.85,03:06:23,2,8,103.77
2026-08-20,Humira,5.0,03:06:53,2,8,0.0
2026-08-20,Humira,12.99,03:07:23,2,8,103.79
2026-08-20,Humira,10.94,03:07:53,2,8,103.8
2026-08-20,Humira,17.78,03:08:23,2,8,103.82
2026-08-20,Humira,5.41,03:08:53,2,8,0.0
2026-08-20,Humira,12.25,03:09:23,2,8,103.84
2026-08-20,Humira,9.67,03:09:53,2,8,103.85
2026-08-20,Humira,2.26,03:10:23,2,8,0.0
2026-08-20,Humira,10.29,03:10:53,2,8,103.87
2026-08-20,Humira,16.16,03:11:23,2,8,103.88
2026-08-20,Humira,7.93,03:11:53,2,8,0.0
2026-08-20,Humira,4.33,03:12:23,2,8,0.0
2026-08-20,Humira,4.72,03:12:53,2,8,0.0
2026-08-20,Humira,9.81,03:13:23,2,8,103.92
2026-08-20,Humira,6.82,03:13:53,2,8,0.0
2026-08-20,Humira,14.92,03:14:23,2,8,103.95
2026-08-20,Humira,2.31,03:14:53,2,8,0.0
2026-08-20,Humira,10.32,03:15:23,2,8,103.97
2026-08-20,Humira,5.38,03:15:53,2,8,0.0
2026-08-20,Humira,11.27,03:16:23,2,8,103.99
2026-08-20,Humira,11.56,03:16:53,2,8,104.0
2026-08-20,Humira,15.85,03:17:23,2,8,104.01
2026-08-20,Humira,11.53,03:17:53,2,8,104.02
2026-08-20,Humira,10.21,03:18:23,2,8,104.03
2026-08-20,Humira,9.45,03:18:53,2,8,104.04
2026-08-20,Humira,17.92,03:19:23,2,8,104.05
2026-08-20,Humira,11.63,03:19:53,2,8,104.06
2026-08-20,Humira,3.99,03:20:23,2,8,0.0
2026-08-20,Humira,16.1,03:20:53,2,8,104.09
2026-08-20,Humira,2.27,03:21:23,2,8,0.0
2026-08-20,Humira,15.68,03:21:53,2,8,104.11
2026-08-20,Humira,17.29,03:22:23,2,8,104.12
2026-08-20,Humira,3.95,03:22:53,2,8,0.0
2026-08-20,Humira,5.95,03:23:23,2,8,0.0
2026-08-20,Humira,11.45,03:23:53,2,8,104.15
2026-08-20,Humira,15.28,03:24:23,2,8,104.16
2026-08-20,Humira,9.85,03:24:53,2,8,104.17
2026-08-20,Humira,14.34,03:25:23,2,8,104.18
2026-08-20,Humira,2.67,03:25:53,2,8,0.0
2026-08-20,Humira,7.35,03:26:23,2,8,0.0
2026-08-20,Humira,12.24,03:26:53,2,8,104.22
2026-08-20,Humira,9.48,03:27:23,2,8,104.23
2026-08-20,Humira,14.3,03:27:53,2,8,104.24
2026-08-20,Humira,13.84,03:28:23,2,8,104.25
2026-08-20,Humira,14.71,03:28:53,2,8,104.26
2026-08-20,Humira,16.74,03:29:23,2,8,104.27
2026-08-20,Humira,5.77,03:29:53,2,8,0.0
2026-08-20,Humira,12.1,03:30:23,2,8,104.29
2026-08-20,Humira,15.76,03:30:53,2,8,104.3
2026-08-20,Humira,11.6,03:31:23,2,8,104.31
2026-08-20,Humira,17.66,03:31:53,2,8,104.33
2026-08-20,Humira,3.96,03:32:23,2,8,0.0
2026-08-20,Humira,2.99,03:32:53,2,8,0.0
2026-08-20,Humira,17.52,03:33:23,2,8,104.36
2026-08-20,Humira,15.53,03:33:53,2,8,104.37
2026-08-20,Humira,14.23,03:34:23,2,8,104.38
2026-08-20,Humira,15.15,03:34:53,2,8,104.39
2026-08-20,Humira,4.38,03:35:23,2,8,0.0
2026-08-20,Humira,4.24,03:35:53,2,8,0.0
2026-08-20,Humira,14.18,03:36:23,2,8,104.42
2026-08-20,Humira,11.95,03:36:53,2,8,104.43
2026-08-20,Humira,6.16,03:37:23,2,8,0.0
2026-08-20,Humira,9.01,03:37:53,2,8,104.45
2026-08-20,Humira,15.19,03:38:23,2,8,104.47
2026-08-20,Humira,7.14,03:38:53,2,8,0.0
2026-08-20,Humira,7.14,03:39:23,2,8,0.0
2026-08-20,Humira,17.98,03:39:53,2,8,104.5
2026-08-20,Humira,2.82,03:40:23,2,8,0.0
2026-08-20,Humira,5.11,03:40:53,2,8,0.0
2026-08-20,Humira,16.82,03:41:23,2,8,104.53
2026-08-20,Humira,16.56,03:41:53,2,8,104.54
2026-08-20,Humira,16.38,03:42:23,2,8,104.55
2026-08-20,Humira,14.72,03:42:53,2,8,104.56
2026-08-20,Humira,13.98,03:43:23,2,8,104.57
2026-08-20,Humira,15.68,03:43:53,2,8,104.59
2026-08-20,Humira,13.81,03:44:23,2,8,104.6
2026-08-20,Humira,14.58,03:44:53,2,8,104.61
2026-08-20,Humira,4.74,03:45:23,2,8,0.0
2026-08-20,Humira,17.26,03:45:53,2,8,104.63
2026-08-20,Humira,12.29,03:46:23,2,8,104.64
2026-08-20,Humira,15.08,03:46:53,2,8,104.65
2026-08-20,Humira,9.99,03:47:23,2,8,104.66
2026-08-20,Humira,16.33,03:47:53,2,8,104.67
2026-08-20,Humira,5.84,03:48:23,2,8,0.0
2026-08-20,Humira,2.09,03:48:53,2,8,0.0
2026-08-20,Humira,11.14,03:49:23,2,8,104.7
2026-08-20,Humira,15.65,03:49:53,2,8,104.72
2026-08-20,Humira,17.76,03:50:23,2,8,104.73
2026-08-20,Humira,4.22,03:50:53,2,8,0.0
2026-08-20,Humira,9.78,03:51:23,2,8,104.75
2026-08-20,Humira,13.77,03:51:53,2,8,104.76
2026-08-20,Humira,16.36,03:52:23,2,8,104.77
2026-08-20,Humira,9.85,03:52:53,2,8,104.78
2026-08-20,Humira,13.05,03:53:23,2,8,104.79
2026-08-20,Humira,9.74,03:53:53,2,8,104.8
2026-08-20,Humira,4.98,03:54:23,2,8,0.0
2026-08-20,Humira,6.82,03:54:53,2,8,0.0
2026-08-20,Humira,3.47,03:55:23,2,8,0.0
2026-08-20,Humira,5.04,03:55:53,2,8,0.0
2026-08-20,Humira,10.06,03:56:23,2,8,104.86
2026-08-20,Humira,3.29,03:56:53,2,8,0.0
2026-08-20,Humira,17.44,03:57:23,2,8,104.88
2026-08-20,Humira,12.27,03:57:53,2,8,104.89
2026-08-20,Humira,3.95,03:58:23,2,8,0.0
2026-08-20,Humira,9.98,03:58:53,2,8,104.91
2026-08-20,Humira,10.09,03:59:23,2,8,104.92
2026-08-20,Humira,13.83,03:59:53,2,8,104.93
2026-08-20,Humira,16.71,04:00:23,2,8,104.94
2026-08-20,Humira,16.77,04:00:53,2,8,104.95
2026-08-20,Humira,7.53,04:01:23,2,8,0.0
2026-08-20,Humira,13.13,04:01:53,2,8,104.98
2026-08-20,Humira,15.8,04:02:23,2,8,104.99
2026-08-20,Humira,12.67,04:02:53,2,8,105.0
2026-08-20,Humira,9.36,04:03:23,2,8,105.01
2026-08-20,Humira,16.95,04:03:53,2,8,105.02
2026-08-20,Humira,13.18,04:04:23,2,8,105.03
2026-08-20,Humira,13.71,04:04:53,2,8,105.04
2026-08-20,Humira,2.07,04:05:23,2,8,0.0
2026-08-20,Humira,2.91,04:05:53,2,8,0.0
2026-08-20,Humira,4.8,04:06:23,2,8,0.0
2026-08-20,Humira,3.4,04:06:53,2,8,0.0
2026-08-20,Humira,9.37,04:07:23,2,8,105.09
2026-08-20,Humira,11.39,04:07:53,2,8,105.1
2026-08-20,Humira,3.85,04:08:23,2,8,0.0
2026-08-20,Humira,5.66,04:08:53,2,8,0.0
2026-08-20,Humira,14.04,04:09:23,2,8,105.14
2026-08-20,Humira,15.38,04:09:53,2,8,105.15
2026-08-20,Humira,2.9,04:10:23,2,8,0.0
2026-08-20,Humira,9.7,04:10:53,2,8,105.17
2026-08-20,Humira,16.63,04:11:23,2,8,105.18
2026-08-20,Humira,16.69,04:11:53,2,8,105.19
2026-08-20,Humira,15.46,04:12:23,2,8,105.2
2026-08-20,Humira,9.39,04:12:53,2,8,105.21
2026-08-20,Humira,14.57,04:13:23,2,8,105.22
2026-08-20,Humira,7.51,04:13:53,2,8,0.0
2026-08-20,Humira,14.48,04:14:23,2,8,105.25
2026-08-20,Humira,10.7,04:14:53,2,8,105.26
2026-08-20,Humira,15.73,04:15:23,2,8,105.27
2026-08-20,Humira,10.42,04:15:53,2,8,105.28
2026-08-20,Humira,11.94,04:16:23,2,8,105.29
2026-08-20,Humira,17.54,04:16:53,2,8,105.3
2026-08-20,Humira,2.25,04:17:23,2,8,0.0
2026-08-20,Humira,12.4,04:17:53,2,8,105.32
2026-08-20,Humira,10.39,04:18:23,2,8,105.33
2026-08-20,Humira,17.5,04:18:53,2,8,105.34
2026-08-20,Humira,15.56,04:19:23,2,8,105.35
2026-08-20,Humira,16.12,04:19:53,2,8,105.36
2026-08-20,Humira,6.57,04:20:23,2,8,0.0
2026-08-20,Humira,12.53,04:20:53,2,8,105.39
2026-08-20,Humira,6.07,04:21:23,2,8,0.0
2026-08-20,Humira,12.11,04:21:53,2,8,105.41
2026-08-20,Humira,3.3,04:22:23,2,8,0.0
2026-08-20,Humira,15.32,04:22:53,2,8,105.43
2026-08-20,Humira,17.78,04:23:23,2,8,105.44
2026-08-20,Humira,16.79,04:23:53,2,8,105.45
2026-08-20,Humira,12.33,04:24:23,2,8,105.46
2026-08-20,Humira,7.89,04:24:53,2,8,0.0
2026-08-20,Humira,5.94,04:25:23,2,8,0.0
2026-08-20,Humira,11.3,04:25:53,2,8,105.5
2026-08-20,Humira,5.24,04:26:23,2,8,0.0
2026-08-20,Humira,4.83,04:26:53,2,8,0.0
2026-08-20,Humira,2.32,04:27:23,2,8,0.0
2026-08-20,Humira,15.55,04:27:53,2,8,105.54
2026-08-20,Humira,17.86,04:28:23,2,8,105.55
2026-08-20,Humira,13.55,04:28:53,2,8,105.56
2026-08-20,Humira,15.3,04:29:23,2,8,105.57
2026-08-20,Humira,10.54,04:29:53,2,8,105.58
2026-08-20,Humira,14.28,04:30:23,2,8,105.59
2026-08-20,Humira,17.51,04:30:53,2,8,105.6
2026-08-20,Humira,3.08,04:31:23,2,8,0.0
2026-08-20,Humira,3.66,04:31:53,2,8,0.0
2026-08-20,Humira,15.12,04:32:23,2,8,105.64
2026-08-20,Humira,12.74,04:32:53,2,8,105.65
2026-08-20,Humira,3.81,04:33:23,2,8,0.0
2026-08-20,Humira,6.23,04:33:53,2,8,0.0
2026-08-20,Humira,4.32,04:34:23,2,8,0.0
2026-08-20,Humira,9.07,04:34:53,2,8,105.69
2026-08-20,Humira,14.31,04:35:23,2,8,105.7
2026-08-20,Humira,3.93,04:35:53,2,8,0.0
2026-08-20,Humira,10.82,04:36:23,2,8,105.72
2026-08-20,Humira,17.85,04:36:53,2,8,105.73
2026-08-20,Humira,12.03,04:37:23,2,8,105.74
2026-08-20,Humira,15.9,04:37:53,2,8,105.75
2026-08-20,Humira,4.66,04:38:23,2,8,0.0
2026-08-20,Humira,10.33,04:38:53,2,8,105.78
2026-08-20,Humira,13.34,04:39:23,2,8,105.79
2026-08-20,Humira,15.38,04:39:53,2,8,105.8
2026-08-20,Humira,11.93,04:40:23,2,8,105.81
2026-08-20,Humira,14.25,04:40:53,2,8,105.82
2026-08-20,Humira,10.52,04:41:23,2,8,105.83
2026-08-20,Humira,16.66,04:41:53,2,8,105.84
2026-08-20,Humira,3.86,04:42:23,2,8,0.0
2026-08-20,Humira,9.53,04:42:53,2,8,105.86
2026-08-20,Humira,4.56,04:43:23,2,8,0.0
2026-08-20,Humira,7.98,04:43:53,2,8,0.0
2026-08-20,Humira,12.43,04:44:23,2,8,105.9
2026-08-20,Humira,14.26,04:44:53,2,8,105.91
2026-08-20,Humira,12.99,04:45:23,2,8,105.92
2026-08-20,Humira,10.84,04:45:53,2,8,105.93
2026-08-20,Humira,16.63,04:46:23,2,8,105.94
2026-08-20,Humira,12.56,04:46:53,2,8,105.95
2026-08-20,Humira,11.47,04:47:23,2,8,105.96
2026-08-20,Humira,3.86,04:47:53,2,8,0.0
2026-08-20,Humira,6.78,04:48:23,2,8,0.0
2026-08-20,Humira,6.87,04:48:53,2,8,0.0
2026-08-20,Humira,15.56,04:49:23,2,8,106.0
2026-08-20,Humira,13.9,04:49:53,2,8,106.02
2026-08-20,Humira,15.43,04:50:23,2,8,106.03
2026-08-20,Humira,15.88,04:50:53,2,8,106.04
2026-08-20,Humira,5.31,04:51:23,2,8,0.0
2026-08-20,Humira,2.25,04:51:53,2,8,0.0
2026-08-20,Humira,15.29,04:52:23,2,8,106.07
2026-08-20,Humira,7.95,04:52:53,2,8,0.0
2026-08-20,Humira,16.34,04:53:23,2,8,106.09
2026-08-20,Humira,11.97,04:53:53,2,8,106.1
2026-08-20,Humira,14.76,04:54:23,2,8,106.11
2026-08-20,Humira,2.31,04:54:53,2,8,0.0
2026-08-20,Humira,5.1,04:55:23,2,8,0.0
2026-08-20,Humira,16.46,04:55:53,2,8,106.15
2026-08-20,Humira,4.17,04:56:23,2,8,0.0
2026-08-20,Humira,15.31,04:56:53,2,8,106.17
2026-08-20,Humira,3.67,04:57:23,2,8,0.0
2026-08-20,Humira,17.84,04:57:53,2,8,106.19
2026-08-20,Humira,9.28,04:58:23,2,8,106.2
2026-08-20,Humira,11.31,04:58:53,2,8,106.21
2026-08-20,Humira,5.57,04:59:23,2,8,0.0
2026-08-20,Humira,12.68,04:59:53,2,8,106.23
2026-08-20,Humira,9.79,05:00:23,2,8,106.24
2026-08-20,Humira,15.06,05:00:53,2,8,106.25
2026-08-20,Humira,7.25,05:01:23,2,8,0.0
2026-08-20,Humira,10.9,05:01:53,2,8,106.28
2026-08-20,Humira,16.35,05:02:23,2,8,106.29
2026-08-20,Humira,13.1,05:02:53,2,8,106.3
2026-08-20,Humira,12.56,05:03:23,2,8,106.31
2026-08-20,Humira,7.94,05:03:53,2,8,0.0
2026-08-20,Humira,3.87,05:04:23,2,8,0.0
2026-08-20,Humira,13.48,05:04:53,2,8,106.34
2026-08-20,Humira,9.85,05:05:23,2,8,106.35
2026-08-20,Humira,4.08,05:05:53,2,8,0.0
2026-08-20,Humira,12.62,05:06:23,2,8,106.37
2026-08-20,Humira,12.85,05:06:53,2,8,106.38
2026-08-20,Humira,4.57,05:07:23,2,8,0.0
2026-08-20,Humira,12.94,05:07:53,2,8,106.41
2026-08-20,Humira,15.19,05:08:23,2,8,106.42
2026-08-20,Humira,3.03,05:08:53,2,8,0.0
2026-08-20,Humira,7.38,05:09:23,2,8,0.0
2026-08-20,Humira,11.76,05:09:53,2,8,106.45
2026-08-20,Humira,10.33,05:10:23,2,8,106.46
2026-08-20,Humira,16.21,05:10:53,2,8,106.47
2026-08-20,Humira,3.47,05:11:23,2,8,0.0
2026-08-20,Humira,12.07,05:11:53,2,8,106.49
2026-08-20,Humira,14.12,05:12:23,2,8,106.5
2026-08-20,Humira,10.41,05:12:53,2,8,106.51
2026-08-20,Humira,7.77,05:13:23,2,8,0.0
2026-08-20,Humira,15.8,05:13:53,2,8,106.54
2026-08-20,Humira,2.26,05:14:23,2,8,0.0
2026-08-20,Humira,7.89,05:14:53,2,8,0.0
2026-08-20,Humira,3.3,05:15:23,2,8,0.0
2026-08-20,Humira,9.53,05:15:53,2,8,106.58
2026-08-20,Humira,7.95,05:16:23,2,8,0.0
2026-08-20,Humira,3.94,05:16:53,2,8,0.0
2026-08-20,Humira,15.19,05:17:23,2,8,106.61
2026-08-20,Humira,17.86,05:17:53,2,8,106.62
2026-08-20,Humira,15.14,05:18:23,2,8,106.63
2026-08-20,Humira,5.87,05:18:53,2,8,0.0
2026-08-20,Humira,3.61,05:19:23,2,8,0.0
2026-08-20,Humira,12.76,05:19:53,2,8,106.67
2026-08-20,Humira,6.86,05:20:23,2,8,0.0
2026-08-20,Humira,7.19,05:20:53,2,8,0.0
2026-08-20,Humira,13.4,05:21:23,2,8,106.7
2026-08-20,Humira,7.73,05:21:53,2,8,0.0
2026-08-20,Humira,17.01,05:22:23,2,8,106.72
2026-08-20,Humira,4.25,05:22:53,2,8,0.0
2026-08-20,Humira,2.48,05:23:23,2,8,0.0
2026-08-20,Humira,10.93,05:23:53,2,8,106.75
2026-08-20,Humira,17.16,05:24:23,2,8,106.76
2026-08-20,Humira,15.69,05:24:53,2,8,106.77
2026-08-20,Humira,3.69,05:25:23,2,8,0.0
2026-08-20,Humira,11.08,05:25:53,2,8,106.8
2026-08-20,Humira,7.41,05:26:23,2,8,0.0
2026-08-20,Humira,5.62,05:26:53,2,8,0.0
2026-08-20,Humira,17.47,05:27:23,2,8,106.83
2026-08-20,Humira,16.06,05:27:53,2,8,106.84
2026-08-20,Humira,14.65,05:28:23,2,8,106.85
2026-08-20,Humira,5.43,05:28:53,2,8,0.0
2026-08-20,Humira,4.82,05:29:23,2,8,0.0
2026-08-20,Humira,10.55,05:29:53,2,8,106.88
2026-08-20,Humira,10.02,05:30:23,2,8,106.89
2026-08-20,Humira,12.74,05:30:53,2,8,106.9
2026-08-20,Humira,3.92,05:31:23,2,8,0.0
2026-08-20,Humira,5.57,05:31:53,2,8,0.0
2026-08-20,Humira,9.44,05:32:23,2,8,106.94
2026-08-20,Humira,4.86,05:32:53,2,8,0.0
2026-08-20,Humira,6.35,05:33:23,2,8,0.0
2026-08-20,Humira,3.0,05:33:53,2,8,0.0
2026-08-20,Humira,2.45,05:34:23,2,8,0.0
2026-08-20,Humira,4.85,05:34:53,2,8,0.0
2026-08-20,Humira,12.11,05:35:23,2,8,107.0
2026-08-20,Humira,14.85,05:35:53,2,8,107.01
2026-08-20,Humira,4.08,05:36:23,2,8,0.0
2026-08-20,Humira,14.1,05:36:53,2,8,107.03
2026-08-20,Humira,15.23,05:37:23,2,8,107.04
2026-08-20,Humira,10.95,05:37:53,2,8,107.05
2026-08-20,Humira,4.69,05:38:23,2,8,0.0
2026-08-20,Humira,15.91,05:38:53,2,8,107.08
2026-08-20,Humira,17.45,05:39:23,2,8,107.09
2026-08-20,Humira,16.35,05:39:53,2,8,107.1
2026-08-20,Humira,16.15,05:40:23,2,8,107.11
2026-08-20,Humira,7.7,05:40:53,2,8,0.0
2026-08-20,Humira,3.34,05:41:23,2,8,0.0
2026-08-20,Humira,14.02,05:41:53,2,8,107.14
2026-08-20,Humira,14.66,05:42:23,2,8,107.15
2026-08-20,Humira,4.79,05:42:53,2,8,0.0
2026-08-20,Humira,11.97,05:43:23,2,8,107.17
2026-08-20,Humira,14.91,05:43:53,2,8,107.19
2026-08-20,Humira,11.03,05:44:23,2,8,107.2
2026-08-20,Humira,2.55,05:44:53,2,8,0.0
2026-08-20,Humira,14.05,05:45:23,2,8,107.22
2026-08-20,Humira,2.28,05:45:53,2,8,0.0
2026-08-20,Humira,7.58,05:46:23,2,8,0.0
2026-08-20,Humira,11.35,05:46:53,2,8,107.25
2026-08-20,Humira,12.41,05:47:23,2,8,107.26
2026-08-20,Humira,14.7,05:47:53,2,8,107.27
2026-08-20,Humira,2.36,05:48:23,2,8,0.0
2026-08-20,Humira,5.44,05:48:53,2,8,0.0
2026-08-20,Humira,11.14,05:49:23,2,8,107.3
2026-08-20,Humira,16.51,05:49:53,2,8,107.31
2026-08-20,Humira,2.06,05:50:23,2,8,0.0
2026-08-20,Humira,2.84,05:50:53,2,8,0.0
2026-08-20,Humira,3.83,05:51:23,2,8,0.0
2026-08-20,Humira,9.73,05:51:53,2,8,107.36
2026-08-20,Humira,14.61,05:52:23,2,8,107.37
2026-08-20,Humira,13.82,05:52:53,2,8,107.38
2026-08-20,Humira,17.12,05:53:23,2,8,107.39
2026-08-20,Humira,11.99,05:53:53,2,8,107.4
2026-08-20,Humira,16.69,05:54:23,2,8,107.41
2026-08-20,Humira,16.78,05:54:53,2,8,107.42
2026-08-20,Humira,17.98,05:55:23,2,8,107.43
2026-08-20,Humira,13.05,05:55:53,2,8,107.45
2026-08-20,Humira,4.24,05:56:23,2,8,0.0
2026-08-20,Humira,6.02,05:56:53,2,8,0.0
2026-08-20,Humira,7.69,05:57:23,2,8,0.0
2026-08-20,Humira,13.74,05:57:53,2,8,107.49
2026-08-20,Humira,9.8,05:58:23,2,8,107.5
2026-08-20,Humira,3.17,05:58:53,2,8,0.0
2026-08-20,Humira,13.34,05:59:23,2,8,107.52
2026-08-20,Humira,4.26,05:59:53,2,8,0.0
2026-08-20,Humira,17.87,06:00:23,2,8,107.54
2026-08-20,Humira,10.76,06:00:53,2,8,107.55
2026-08-20,Humira,17.81,06:01:23,2,8,107.56
2026-08-20,Humira,10.29,06:01:53,2,8,107.58
2026-08-20,Humira,10.46,06:02:23,2,8,107.59
2026-08-20,Humira,10.93,06:02:53,2,8,107.6
2026-08-20,Humira,5.42,06:03:23,2,8,0.0
2026-08-20,Humira,14.06,06:03:53,2,8,107.62
2026-08-20,Humira,11.62,06:04:23,2,8,107.63
2026-08-20,Humira,5.44,06:04:53,2,8,0.0
2026-08-20,Humira,15.47,06:05:23,2,8,107.65
2026-08-20,Humira,5.11,06:05:53,2,8,0.0
2026-08-20,Humira,14.06,06:06:23,2,8,107.67
2026-08-20,Humira,7.81,06:06:53,2,8,0.0
2026-08-20,Humira,3.12,06:07:23,2,8,0.0
2026-08-20,Humira,12.44,06:07:53,2,8,107.7
2026-08-20,Humira,5.0,06:08:23,2,8,0.0
2026-08-20,Humira,2.07,06:08:53,2,8,0.0
2026-08-20,Humira,7.25,06:09:23,2,8,0.0
2026-08-20,Humira,3.81,06:09:53,2,8,0.0
2026-08-20,Humira,14.07,06:10:23,2,8,107.76
2026-08-20,Humira,14.79,06:10:53,2,8,107.77
2026-08-20,Humira,15.81,06:11:23,2,8,107.78
2026-08-20,Humira,3.93,06:11:53,2,8,0.0
2026-08-20,Humira,3.66,06:12:23,2,8,0.0
2026-08-20,Humira,10.47,06:12:53,2,8,107.81
2026-08-20,Humira,15.88,06:13:23,2,8,107.82
2026-08-20,Humira,6.25,06:13:53,2,8,0.0
2026-08-20,Humira,9.08,06:14:23,2,8,107.85
2026-08-20,Humira,14.65,06:14:53,2,8,107.86
2026-08-20,Humira,10.68,06:15:23,2,8,107.87
2026-08-20,Humira,3.1,06:15:53,2,8,0.0
2026-08-20,Humira,2.28,06:16:23,2,8,0.0
2026-08-20,Humira,11.55,06:16:53,2,8,107.9
2026-08-20,Humira,7.23,06:17:23,2,8,0.0
2026-08-20,Humira,12.44,06:17:53,2,8,107.92
2026-08-20,Humira,15.73,06:18:23,2,8,107.93
2026-08-20,Humira,3.19,06:18:53,2,8,0.0
2026-08-20,Humira,17.15,06:19:23,2,8,107.95
2026-08-20,Humira,13.03,06:19:53,2,8,107.97
2026-08-20,Humira,16.28,06:20:23,2,8,107.98
2026-08-20,Humira,16.34,06:20:53,2,8,107.99
2026-08-20,Humira,3.69,06:21:23,2,8,0.0
2026-08-20,Humira,11.79,06:21:53,2,8,108.01
2026-08-20,Humira,6.52,06:22:23,2,8,0.0
2026-08-20,Humira,14.46,06:22:53,2,8,108.03
2026-08-20,Humira,12.29,06:23:23,2,8,108.04
2026-08-20,Humira,17.5,06:23:53,2,8,108.05
2026-08-20,Humira,9.14,06:24:23,2,8,108.06
2026-08-20,Humira,15.55,06:24:53,2,8,108.07
2026-08-20,Humira,12.59,06:25:23,2,8,108.08
2026-08-20,Humira,15.39,06:25:53,2,8,108.1
2026-08-20,Humira,11.73,06:26:23,2,8,108.11
2026-08-20,Humira,12.95,06:26:53,2,8,108.12
2026-08-20,Humira,10.09,06:27:23,2,8,108.13
2026-08-20,Humira,10.77,06:27:53,2,8,108.14
2026-08-20,Humira,15.81,06:28:23,2,8,108.15
2026-08-20,Humira,9.37,06:28:53,2,8,108.16
2026-08-20,Humira,17.96,06:29:23,2,8,108.17
2026-08-20,Humira,16.9,06:29:53,2,8,108.18
2026-08-20,Humira,4.9,06:30:23,2,8,0.0
2026-08-20,Humira,16.15,06:30:53,2,8,108.2
2026-08-20,Humira,14.82,06:31:23,2,8,108.21
2026-08-20,Humira,9.96,06:31:53,2,8,108.23
2026-08-20,Humira,16.5,06:32:23,2,8,108.24
2026-08-20,Humira,11.17,06:32:53,2,8,108.25
2026-08-20,Humira,10.3,06:33:23,2,8,108.26
2026-08-20,Humira,5.32,06:33:53,2,8,0.0
2026-08-20,Humira,16.85,06:34:23,2,8,108.28
2026-08-20,Humira,3.67,06:34:53,2,8,0.0
2026-08-20,Humira,10.39,06:35:23,2,8,108.3
2026-08-20,Humira,10.29,06:35:53,2,8,108.31
2026-08-20,Humira,2.42,06:36:23,2,8,0.0
2026-08-20,Humira,2.64,06:36:53,2,8,0.0
2026-08-20,Humira,11.95,06:37:23,2,8,108.34
2026-08-20,Humira,2.17,06:37:53,2,8,0.0
2026-08-20,Humira,14.14,06:38:23,2,8,108.37
2026-08-20,Humira,11.64,06:38:53,2,8,108.38
2026-08-20,Humira,13.66,06:39:23,2,8,108.39
2026-08-20,Humira,16.99,06:39:53,2,8,108.4
2026-08-20,Humira,2.88,06:40:23,2,8,0.0
2026-08-20,Humira,15.2,06:40:53,2,8,108.42
2026-08-20,Humira,16.08,06:41:23,2,8,108.43
2026-08-20,Humira,11.91,06:41:53,2,8,108.44
2026-08-20,Humira,3.25,06:42:23,2,8,0.0
2026-08-20,Humira,7.28,06:42:53,2,8,0.0
2026-08-20,Humira,16.96,06:43:23,2,8,108.47
2026-08-20,Humira,6.4,06:43:53,2,8,0.0
2026-08-20,Humira,15.55,06:44:23,2,8,108.5
2026-08-20,Humira,12.51,06:44:53,2,8,108.51
2026-08-20,Humira,7.84,06:45:23,2,8,0.0
2026-08-20,Humira,3.06,06:45:53,2,8,0.0
2026-08-20,Humira,7.36,06:46:23,2,8,0.0
2026-08-20,Humira,5.32,06:46:53,2,8,0.0
2026-08-20,Humira,7.02,06:47:23,2,8,0.0
2026-08-20,Humira,6.27,06:47:53,2,8,0.0
2026-08-20,Humira,15.13,06:48:23,2,8,108.58
2026-08-20,Humira,16.06,06:48:53,2,8,108.59
2026-08-20,Humira,2.27,06:49:23,2,8,0.0
2026-08-20,Humira,13.24,06:49:53,2,8,108.61
2026-08-20,Humira,12.51,06:50:23,2,8,108.63
2026-08-20,Humira,13.85,06:50:53,2,8,108.64
2026-08-20,Humira,16.75,06:51:23,2,8,108.65
2026-08-20,Humira,17.36,06:51:53,2,8,108.66
2026-08-20,Humira,7.82,06:52:23,2,8,0.0
2026-08-20,Humira,11.26,06:52:53,2,8,108.68
2026-08-20,Humira,13.44,06:53:23,2,8,108.69
2026-08-20,Humira,12.9,06:53:53,2,8,108.7
2026-08-20,Humira,4.39,06:54:23,2,8,0.0
2026-08-20,Humira,9.98,06:54:53,2,8,108.72
2026-08-20,Humira,10.04,06:55:23,2,8,108.73
2026-08-20,Humira,7.48,06:55:53,2,8,0.0
2026-08-20,Humira,6.17,06:56:23,2,8,0.0
2026-08-20,Humira,12.88,06:56:53,2,8,108.77
2026-08-20,Humira,16.11,06:57:23,2,8,108.78
2026-08-20,Humira,15.01,06:57:53,2,8,108.79
2026-08-20,Humira,16.8,06:58:23,2,8,108.8
2026-08-20,Humira,12.87,06:58:53,2,8,108.81
2026-08-20,Humira,2.9,06:59:23,2,8,0.0
2026-08-20,Humira,2.14,06:59:53,2,8,0.0
2026-08-20,Humira,17.83,07:00:23,2,8,108.84
2026-08-20,Humira,7.61,07:00:53,2,8,0.0
2026-08-20,Humira,14.33,07:01:23,2,8,108.86
2026-08-20,Humira,13.66,07:01:53,2,8,108.88
2026-08-20,Humira,6.19,07:02:23,2,8,0.0
2026-08-20,Humira,15.17,07:02:53,2,8,108.9
2026-08-20,Humira,13.3,07:03:23,2,8,108.91
2026-08-20,Humira,15.78,07:03:53,2,8,108.92
2026-08-20,Humira,15.04,07:04:23,2,8,108.93
2026-08-20,Humira,3.98,07:04:53,2,8,0.0
2026-08-20,Humira,17.27,07:05:23,2,8,108.95
2026-08-20,Humira,15.09,07:05:53,2,8,108.96
2026-08-20,Humira,2.18,07:06:23,2,8,0.0
2026-08-20,Humira,14.8,07:06:53,2,8,108.98
2026-08-20,Humira,15.35,07:07:23,2,8,108.99
2026-08-20,Humira,4.43,07:07:53,2,8,0.0
2026-08-20,Humira,15.59,07:08:23,2,8,109.02
2026-08-20,Humira,11.18,07:08:53,2,8,109.03
2026-08-20,Humira,13.21,07:09:23,2,8,109.04
2026-08-20,Humira,10.32,07:09:53,2,8,109.05
2026-08-20,Humira,2.22,07:10:23,2,8,0.0
2026-08-20,Humira,4.0,07:10:53,2,8,0.0
2026-08-20,Humira,16.93,07:11:23,2,8,109.08
2026-08-20,Humira,16.59,07:11:53,2,8,109.09
2026-08-20,Humira,7.46,07:12:23,2,8,0.0
2026-08-20,Humira,17.38,07:12:53,2,8,109.11
2026-08-20,Humira,13.88,07:13:23,2,8,109.12
2026-08-20,Humira,16.51,07:13:53,2,8,109.14
2026-08-20,Humira,15.74,07:14:23,2,8,109.15
2026-08-20,Humira,17.93,07:14:53,2,8,109.16
2026-08-20,Humira,15.14,07:15:23,2,8,109.17
2026-08-20,Humira,13.88,07:15:53,2,8,109.18
2026-08-20,Humira,17.57,07:16:23,2,8,109.19
2026-08-20,Humira,15.73,07:16:53,2,8,109.2
2026-08-20,Humira,5.38,07:17:23,2,8,0.0
2026-08-20,Humira,5.12,07:17:53,2,8,0.0
2026-08-20,Humira,2.48,07:18:23,2,8,0.0
2026-08-20,Humira,17.64,07:18:53,2,8,109.24
2026-08-20,Humira,17.2,07:19:23,2,8,109.25
2026-08-20,Humira,4.73,07:19:53,2,8,0.0
2026-08-20,Humira,15.42,07:20:23,2,8,109.28
2026-08-20,Humira,9.32,07:20:53,2,8,109.29
2026-08-20,Humira,9.43,07:21:23,2,8,109.3
2026-08-20,Humira,12.56,07:21:53,2,8,109.31
2026-08-20,Humira,12.49,07:22:23,2,8,109.32
2026-08-20,Humira,10.96,07:22:53,2,8,109.33
2026-08-20,Humira,9.0,07:23:23,2,8,109.34
2026-08-20,Humira,17.67,07:23:53,2,8,109.35
2026-08-20,Humira,5.84,07:24:23,2,8,0.0
2026-08-20,Humira,15.07,07:24:53,2,8,109.37
2026-08-20,Humira,14.41,07:25:23,2,8,109.38
2026-08-20,Humira,17.85,07:25:53,2,8,109.4
2026-08-20,Humira,7.97,07:26:23,2,8,0.0
2026-08-20,Humira,13.27,07:26:53,2,8,109.42
2026-08-20,Humira,11.55,07:27:23,2,8,109.43
2026-08-20,Humira,17.92,07:27:53,2,8,109.44
2026-08-20,Humira,9.11,07:28:23,2,8,109.45
2026-08-20,Humira,13.17,07:28:53,2,8,109.46
2026-08-20,Humira,6.09,07:29:23,2,8,0.0
2026-08-20,Humira,13.19,07:29:53,2,8,109.48
2026-08-20,Humira,12.97,07:30:23,2,8,109.49
2026-08-20,Humira,16.77,07:30:53,2,8,109.5
2026-08-20,Humira,6.17,07:31:23,2,8,0.0
2026-08-20,Humira,16.25,07:31:53,2,8,109.53
2026-08-20,Humira,11.28,07:32:23,2,8,109.54
2026-08-20,Humira,15.55,07:32:53,2,8,109.55
2026-08-20,Humira,3.85,07:33:23,2,8,0.0
2026-08-20,Humira,16.63,07:33:53,2,8,109.57
2026-08-20,Humira,6.87,07:34:23,2,8,0.0
2026-08-20,Humira,16.76,07:34:53,2,8,109.59
2026-08-20,Humira,3.46,07:35:23,2,8,0.0
2026-08-20,Humira,12.32,07:35:53,2,8,109.61
2026-08-20,Humira,17.17,07:36:23,2,8,109.62
2026-08-20,Humira,7.49,07:36:53,2,8,0.0
2026-08-20,Humira,14.25,07:37:23,2,8,109.64
2026-08-20,Humira,12.72,07:37:53,2,8,109.66
2026-08-20,Humira,16.82,07:38:23,2,8,109.67
2026-08-20,Humira,12.45,07:38:53,2,8,109.68
2026-08-20,Humira,4.84,07:39:23,2,8,0.0
2026-08-20,Humira,12.25,07:39:53,2,8,109.7
2026-08-20,Humira,5.24,07:40:23,2,8,0.0
2026-08-20,Humira,11.97,07:40:53,2,8,109.72
2026-08-20,Humira,13.27,07:41:23,2,8,109.73
2026-08-20,Humira,11.51,07:41:53,2,8,109.74
2026-08-20,Humira,9.99,07:42:23,2,8,109.75
2026-08-20,Humira,12.5,07:42:53,2,8,109.76
2026-08-20,Humira,4.66,07:43:23,2,8,0.0
2026-08-20,Humira,5.57,07:43:53,2,8,0.0
2026-08-20,Humira,11.1,07:44:23,2,8,109.8
2026-08-20,Humira,17.1,07:44:53,2,8,109.81
2026-08-20,Humira,9.11,07:45:23,2,8,109.82
2026-08-20,Humira,13.93,07:45:53,2,8,109.83
2026-08-20,Humira,12.14,07:46:23,2,8,109.84
2026-08-20,Humira,14.94,07:46:53,2,8,109.85
2026-08-20,Humira,5.08,07:47:23,2,8,0.0
2026-08-20,Humira,14.67,07:47:53,2,8,109.87
2026-08-20,Humira,12.38,07:48:23,2,8,109.88
2026-08-20,Humira,10.27,07:48:53,2,8,109.89
2026-08-20,Humira,9.06,07:49:23,2,8,109.9
2026-08-20,Humira,11.3,07:49:53,2,8,109.92
2026-08-20,Humira,15.57,07:50:23,2,8,109.93
2026-08-20,Humira,7.23,07:50:53,2,8,0.0
2026-08-20,Humira,16.55,07:51:23,2,8,109.95
2026-08-20,Humira,5.51,07:51:53,2,8,0.0
2026-08-20,Humira,15.06,07:52:23,2,8,109.97
2026-08-20,Humira,9.75,07:52:53,2,8,109.98
2026-08-20,Humira,14.4,07:53:23,2,8,109.99
2026-08-20,Humira,9.77,07:53:53,2,8,110.0
2026-08-20,Humira,15.74,07:54:23,2,8,110.01
2026-08-20,Humira,11.96,07:54:53,2,8,110.02
2026-08-20,Humira,13.62,07:55:23,2,8,110.03
2026-08-20,Humira,10.15,07:55:53,2,8,110.05
2026-08-20,Humira,5.47,07:56:23,2,8,0.0
2026-08-20,Humira,10.24,07:56:53,2,8,110.07
2026-08-20,Humira,14.06,07:57:23,2,8,110.08
2026-08-20,Humira,7.58,07:57:53,2,8,0.0
2026-08-20,Humira,6.46,07:58:23,2,8,0.0
2026-08-20,Humira,17.97,07:58:53,2,8,110.11
2026-08-20,Humira,15.86,07:59:23,2,8,110.12
2026-08-20,Humira,10.83,07:59:53,2,8,110.13
2026-08-20,Humira,10.39,08:00:23,2,8,110.14
2026-08-20,Humira,10.41,08:00:53,2,8,110.15
2026-08-20,Humira,13.94,08:01:23,2,8,110.16
2026-08-20,Humira,6.38,08:01:53,2,8,0.0
2026-08-20,Humira,12.15,08:02:23,2,8,110.19
2026-08-20,Humira,4.65,08:02:53,2,8,0.0
2026-08-20,Humira,12.58,08:03:23,2,8,110.21
2026-08-20,Humira,16.63,08:03:53,2,8,110.22
2026-08-20,Humira,15.82,08:04:23,2,8,110.23
2026-08-20,Humira,9.34,08:04:53,2,8,110.24
2026-08-20,Humira,9.04,08:05:23,2,8,110.25
2026-08-20,Humira,16.91,08:05:53,2,8,110.26
2026-08-20,Humira,10.5,08:06:23,2,8,110.27
2026-08-20,Humira,10.32,08:06:53,2,8,110.28
2026-08-20,Humira,16.64,08:07:23,2,8,110.29
2026-08-20,Humira,16.12,08:07:53,2,8,110.3
2026-08-20,Humira,6.21,08:08:23,2,8,0.0
2026-08-20,Humira,14.25,08:08:53,2,8,110.33
2026-08-20,Humira,3.04,08:09:23,2,8,0.0
2026-08-20,Humira,4.72,08:09:53,2,8,0.0
2026-08-20,Humira,5.67,08:10:23,2,8,0.0
2026-08-20,Humira,7.44,08:10:53,2,8,0.0
2026-08-20,Humira,17.73,08:11:23,2,8,110.38
2026-08-20,Humira,16.46,08:11:53,2,8,110.39
2026-08-20,Humira,17.42,08:12:23,2,8,110.4
2026-08-20,Humira,17.63,08:12:53,2,8,110.41
2026-08-20,Humira,16.73,08:13:23,2,8,110.42
2026-08-20,Humira,5.9,08:13:53,2,8,0.0
2026-08-20,Humira,6.25,08:14:23,2,8,0.0
2026-08-20,Humira,9.12,08:14:53,2,8,110.46
2026-08-20,Humira,12.26,08:15:23,2,8,110.47
2026-08-20,Humira,17.54,08:15:53,2,8,110.48
2026-08-20,Humira,11.3,08:16:23,2,8,110.49
2026-08-20,Humira,16.75,08:16:53,2,8,110.5
2026-08-20,Humira,5.26,08:17:23,2,8,0.0
2026-08-20,Humira,16.79,08:17:53,2,8,110.52
2026-08-20,Humira,11.61,08:18:23,2,8,110.53
2026-08-20,Humira,3.73,08:18:53,2,8,0.0
2026-08-20,Humira,15.31,08:19:23,2,8,110.55
2026-08-20,Humira,16.08,08:19:53,2,8,110.56
2026-08-20,Humira,11.31,08:20:23,2,8,110.58
2026-08-20,Humira,12.91,08:20:53,2,8,110.59
2026-08-20,Humira,3.0,08:21:23,2,8,0.0
2026-08-20,Humira,10.23,08:21:53,2,8,110.61
2026-08-20,Humira,13.42,08:22:23,2,8,110.62
2026-08-20,Humira,15.72,08:22:53,2,8,110.63
2026-08-20,Humira,16.14,08:23:23,2,8,110.64
2026-08-20,Humira,7.82,08:23:53,2,8,0.0
2026-08-20,Humira,16.16,08:24:23,2,8,110.66
2026-08-20,Humira,11.38,08:24:53,2,8,110.67
2026-08-20,Humira,16.57,08:25:23,2,8,110.68
2026-08-20,Humira,7.68,08:25:53,2,8,0.0
2026-08-20,Humira,13.97,08:26:23,2,8,110.71
2026-08-20,Humira,16.28,08:26:53,2,8,110.72
2026-08-20,Humira,2.42,08:27:23,2,8,0.0
2026-08-20,Humira,3.32,08:27:53,2,8,0.0
2026-08-20,Humira,13.69,08:28:23,2,8,110.75
2026-08-20,Humira,5.6,08:28:53,2,8,0.0
2026-08-20,Humira,17.86,08:29:23,2,8,110.77
2026-08-20,Humira,3.88,08:29:53,2,8,0.0
2026-08-20,Humira,4.47,08:30:23,2,8,0.0
2026-08-20,Humira,7.54,08:30:53,2,8,0.0
2026-08-20,Humira,6.67,08:31:23,2,8,0.0
2026-08-20,Humira,6.65,08:31:53,2,8,0.0
2026-08-20,Humira,16.21,08:32:23,2,8,110.84
2026-08-20,Humira,6.59,08:32:53,2,8,0.0
2026-08-20,Humira,15.26,08:33:23,2,8,110.86
2026-08-20,Humira,14.75,08:33:53,2,8,110.87
2026-08-20,Humira,7.17,08:34:23,2,8,0.0
2026-08-20,Humira,2.23,08:34:53,2,8,0.0
2026-08-20,Humira,16.0,08:35:23,2,8,110.9
2026-08-20,Humira,4.33,08:35:53,2,8,0.0
2026-08-20,Humira,2.13,08:36:23,2,8,0.0
2026-08-20,Humira,2.58,08:36:53,2,8,0.0
2026-08-20,Humira,2.4,08:37:23,2,8,0.0
2026-08-20,Humira,9.78,08:37:53,2,8,110.95
2026-08-20,Humira,15.15,08:38:23,2,8,110.97
2026-08-20,Humira,9.02,08:38:53,2,8,110.98
2026-08-20,Humira,12.06,08:39:23,2,8,110.99
2026-08-20,Humira,3.29,08:39:53,2,8,0.0
2026-08-20,Humira,4.22,08:40:23,2,8,0.0
2026-08-20,Humira,11.32,08:40:53,2,8,111.02
2026-08-20,Humira,6.85,08:41:23,2,8,0.0
2026-08-20,Humira,14.99,08:41:53,2,8,111.04
2026-08-20,Humira,10.86,08:42:23,2,8,111.05
2026-08-20,Humira,4.82,08:42:53,2,8,0.0
2026-08-20,Humira,10.33,08:43:23,2,8,111.07
2026-08-20,Humira,11.23,08:43:53,2,8,111.09
2026-08-20,Humira,4.28,08:44:23,2,8,0.0
2026-08-20,Humira,10.58,08:44:53,2,8,111.11
2026-08-20,Humira,3.77,08:45:23,2,8,0.0
2026-08-20,Humira,3.04,08:45:53,2,8,0.0
2026-08-20,Humira,12.51,08:46:23,2,8,111.14
2026-08-20,Humira,15.12,08:46:53,2,8,111.15
2026-08-20,Humira,3.64,08:47:23,2,8,0.0
2026-08-20,Humira,9.52,08:47:53,2,8,111.17
2026-08-20,Humira,11.71,08:48:23,2,8,111.18
2026-08-20,Humira,10.83,08:48:53,2,8,111.19
2026-08-20,Humira,7.71,08:49:23,2,8,0.0
2026-08-20,Humira,4.02,08:49:53,2,8,0.0
2026-08-20,Humira,17.75,08:50:23,2,8,111.23
2026-08-20,Humira,13.67,08:50:53,2,8,111.24
2026-08-20,Humira,16.8,08:51:23,2,8,111.25
2026-08-20,Humira,15.95,08:51:53,2,8,111.26
2026-08-20,Humira,17.53,08:52:23,2,8,111.27
2026-08-20,Humira,12.38,08:52:53,2,8,111.28
2026-08-20,Humira,13.85,08:53:23,2,8,111.29
2026-08-20,Humira,14.0,08:53:53,2,8,111.3
2026-08-20,Humira,10.1,08:54:23,2,8,111.31
2026-08-20,Humira,4.13,08:54:53,2,8,0.0
2026-08-20,Humira,12.31,08:55:23,2,8,111.33
2026-08-20,Humira,9.49,08:55:53,2,8,111.35
2026-08-20,Humira,7.37,08:56:23,2,8,0.0
2026-08-20,Humira,16.66,08:56:53,2,8,111.37
2026-08-20,Humira,3.11,08:57:23,2,8,0.0
2026-08-20,Humira,15.38,08:57:53,2,8,111.39
2026-08-20,Humira,9.26,08:58:23,2,8,111.4
2026-08-20,Humira,7.81,08:58:53,2,8,0.0
2026-08-20,Humira,12.52,08:59:23,2,8,111.42
2026-08-20,Humira,17.15,08:59:53,2,8,111.43
2026-08-20,Humira,12.65,09:00:23,2,8,111.44
2026-08-20,Humira,16.42,09:00:53,2,8,111.45
2026-08-20,Humira,12.57,09:01:23,2,8,111.46
2026-08-20,Humira,17.44,09:01:53,2,8,111.48
2026-08-20,Humira,7.84,09:02:23,2,8,0.0
2026-08-20,Humira,3.61,09:02:53,2,8,0.0
2026-08-20,Humira,12.47,09:03:23,2,8,111.51
2026-08-20,Humira,16.54,09:03:53,2,8,111.52
2026-08-20,Humira,16.19,09:04:23,2,8,111.53
2026-08-20,Humira,14.72,09:04:53,2,8,111.54
2026-08-20,Humira,12.81,09:05:23,2,8,111.55
2026-08-20,Humira,12.11,09:05:53,2,8,111.56
2026-08-20,Humira,12.4,09:06:23,2,8,111.57
2026-08-20,Humira,14.02,09:06:53,2,8,111.58
2026-08-20,Humira,4.31,09:07:23,2,8,0.0
2026-08-20,Humira,16.64,09:07:53,2,8,111.6
2026-08-20,Humira,15.6,09:08:23,2,8,111.62
2026-08-20,Humira,14.87,09:08:53,2,8,111.63
2026-08-20,Humira,4.2,09:09:23,2,8,0.0
2026-08-20,Humira,11.93,09:09:53,2,8,111.65
2026-08-20,Humira,7.6,09:10:23,2,8,0.0
2026-08-20,Humira,4.61,09:10:53,2,8,0.0
2026-08-20,Humira,9.22,09:11:23,2,8,111.68
2026-08-20,Humira,5.71,09:11:53,2,8,0.0
2026-08-20,Humira,10.93,09:12:23,2,8,111.7
2026-08-20,Humira,9.41,09:12:53,2,8,111.71
2026-08-20,Humira,14.84,09:13:23,2,8,111.72
2026-08-20,Humira,6.3,09:13:53,2,8,0.0
2026-08-20,Humira,17.42,09:14:23,2,8,111.75
2026-08-20,Humira,6.27,09:14:53,2,8,0.0
2026-08-20,Humira,5.65,09:15:23,2,8,0.0
2026-08-20,Humira,5.2,09:15:53,2,8,0.0
2026-08-20,Humira,5.72,09:16:23,2,8,0.0
2026-08-20,Humira,11.39,09:16:53,2,8,111.8
2026-08-20,Humira,4.62,09:17:23,2,8,0.0
2026-08-20,Humira,14.52,09:17:53,2,8,111.82
2026-08-20,Humira,12.24,09:18:23,2,8,111.83
2026-08-20,Humira,15.14,09:18:53,2,8,111.84
2026-08-20,Humira,12.06,09:19:23,2,8,111.85
2026-08-20,Humira,10.12,09:19:53,2,8,111.86
2026-08-20,Humira,10.31,09:20:23,2,8,111.88
2026-08-20,Humira,10.93,09:20:53,2,8,111.89
2026-08-20,Humira,15.29,09:21:23,2,8,111.9
2026-08-20,Humira,9.5,09:21:53,2,8,111.91
2026-08-20,Humira,14.5,09:22:23,2,8,111.92
2026-08-20,Humira,7.38,09:22:53,2,8,0.0
2026-08-20,Humira,17.73,09:23:23,2,8,111.94
2026-08-20,Humira,15.93,09:23:53,2,8,111.95
2026-08-20,Humira,11.58,09:24:23,2,8,111.96
2026-08-20,Humira,16.04,09:24:53,2,8,111.97
2026-08-20,Humira,15.21,09:25:23,2,8,111.98
2026-08-20,Humira,15.85,09:25:53,2,8,112.0
2026-08-20,Humira,13.82,09:26:23,2,8,112.01
2026-08-20,Humira,2.1,09:26:53,2,8,0.0
2026-08-20,Humira,11.93,09:27:23,2,8,112.03
2026-08-20,Humira,9.48,09:27:53,2,8,112.04
2026-08-20,Humira,9.75,09:28:23,2,8,112.05
2026-08-20,Humira,7.73,09:28:53,2,8,0.0
2026-08-20,Humira,15.06,09:29:23,2,8,112.07
2026-08-20,Humira,3.71,09:29:53,2,8,0.0
2026-08-20,Humira,13.62,09:30:23,2,8,112.09
2026-08-20,Humira,11.43,09:30:53,2,8,112.1
2026-08-20,Humira,16.51,09:31:23,2,8,112.11
2026-08-20,Humira,15.34,09:31:53,2,8,112.12
2026-08-20,Humira,5.18,09:32:23,2,8,0.0
2026-08-20,Humira,17.8,09:32:53,2,8,112.15
2026-08-20,Humira,4.73,09:33:23,2,8,0.0
2026-08-20,Humira,4.95,09:33:53,2,8,0.0
2026-08-20,Humira,5.72,09:34:23,2,8,0.0
2026-08-20,Humira,17.85,09:34:53,2,8,112.19
2026-08-20,Humira,6.78,09:35:23,2,8,0.0
2026-08-20,Humira,2.73,09:35:53,2,8,0.0
2026-08-20,Humira,17.53,09:36:23,2,8,112.22
2026-08-20,Humira,6.88,09:36:53,2,8,0.0
2026-08-20,Humira,14.38,09:37:23,2,8,112.24
2026-08-20,Humira,3.16,09:37:53,2,8,0.0
2026-08-20,Humira,6.2,09:38:23,2,8,0.0
2026-08-20,Humira,13.68,09:38:53,2,8,112.28
2026-08-20,Humira,3.44,09:39:23,2,8,0.0
2026-08-20,Humira,11.93,09:39:53,2,8,112.3
2026-08-20,Humira,16.83,09:40:23,2,8,112.31
2026-08-20,Humira,9.77,09:40:53,2,8,112.32
2026-08-20,Humira,3.22,09:41:23,2,8,0.0
2026-08-20,Humira,12.1,09:41:53,2,8,112.34
2026-08-20,Humira,17.86,09:42:23,2,8,112.35
2026-08-20,Humira,3.83,09:42:53,2,8,0.0
2026-08-20,Humira,13.39,09:43:23,2,8,112.37
2026-08-20,Humira,2.94,09:43:53,2,8,0.0
2026-08-20,Humira,6.57,09:44:23,2,8,0.0
2026-08-20,Humira,5.6,09:44:53,2,8,0.0
2026-08-20,Humira,11.7,09:45:23,2,8,112.42
2026-08-20,Humira,14.46,09:45:53,2,8,112.43
2026-08-20,Humira,4.94,09:46:23,2,8,0.0
2026-08-20,Humira,16.74,09:46:53,2,8,112.45
2026-08-20,Humira,16.07,09:47:23,2,8,112.46
2026-08-20,Humira,4.89,09:47:53,2,8,0.0
2026-08-20,Humira,9.93,09:48:23,2,8,112.48
2026-08-20,Humira,4.0,09:48:53,2,8,0.0
2026-08-20,Humira,15.97,09:49:23,2,8,112.5
2026-08-20,Humira,14.42,09:49:53,2,8,112.52
2026-08-20,Humira,4.51,09:50:23,2,8,0.0
2026-08-20,Humira,12.86,09:50:53,2,8,112.54
2026-08-20,Humira,9.44,09:51:23,2,8,112.55
2026-08-20,Humira,7.41,09:51:53,2,8,0.0
2026-08-20,Humira,4.59,09:52:23,2,8,0.0
2026-08-20,Humira,15.71,09:52:53,2,8,112.58
2026-08-20,Humira,4.15,09:53:23,2,8,0.0
2026-08-20,Humira,16.28,09:53:53,2,8,112.6
2026-08-20,Humira,11.36,09:54:23,2,8,112.61
2026-08-20,Humira,7.18,09:54:53,2,8,0.0
2026-08-20,Humira,14.87,09:55:23,2,8,112.63
2026-08-20,Humira,9.83,09:55:53,2,8,112.65
2026-08-20,Humira,5.65,09:56:23,2,8,0.0
2026-08-20,Humira,4.7,09:56:53,2,8,0.0
2026-08-20,Humira,10.85,09:57:23,2,8,112.68
2026-08-20,Humira,9.73,09:57:53,2,8,112.69
2026-08-20,Humira,13.07,09:58:23,2,8,112.7
2026-08-20,Humira,7.21,09:58:53,2,8,0.0
2026-08-20,Humira,17.69,09:59:23,2,8,112.72
2026-08-20,Humira,3.18,09:59:53,2,8,0.0
2026-08-20,Humira,17.94,10:00:23,2,8,112.74
2026-08-20,Humira,13.99,10:00:53,2,8,112.75
2026-08-20,Humira,7.81,10:01:23,2,8,0.0
2026-08-20,Humira,7.76,10:01:53,2,8,0.0
2026-08-20,Humira,12.61,10:02:23,2,8,112.79
2026-08-20,Humira,15.05,10:02:53,2,8,112.8
2026-08-20,Humira,4.85,10:03:23,2,8,0.0
2026-08-20,Humira,14.32,10:03:53,2,8,112.82
2026-08-20,Humira,11.54,10:04:23,2,8,112.83
2026-08-20,Humira,15.1,10:04:53,2,8,112.84
2026-08-20,Humira,3.92,10:05:23,2,8,0.0
2026-08-20,Humira,16.45,10:05:53,2,8,112.86
2026-08-20,Humira,17.15,10:06:23,2,8,112.87
2026-08-20,Humira,12.23,10:06:53,2,8,112.88
2026-08-20,Humira,7.4,10:07:23,2,8,0.0
2026-08-20,Humira,3.86,10:07:53,2,8,0.0
2026-08-20,Humira,2.85,10:08:23,2,8,0.0
2026-08-20,Humira,12.45,10:08:53,2,8,112.93
2026-08-20,Humira,11.9,10:09:23,2,8,112.94
2026-08-20,Humira,9.32,10:09:53,2,8,112.95
2026-08-20,Humira,12.8,10:10:23,2,8,112.96
2026-08-20,Humira,4.87,10:10:53,2,8,0.0
2026-08-20,Humira,13.25,10:11:23,2,8,112.98
2026-08-20,Humira,17.17,10:11:53,2,8,112.99
2026-08-20,Humira,4.92,10:12:23,2,8,0.0
2026-08-20,Humira,12.79,10:12:53,2,8,113.01
2026-08-20,Humira,7.05,10:13:23,2,8,0.0
2026-08-20,Humira,5.27,10:13:53,2,8,0.0
2026-08-20,Humira,3.13,10:14:23,2,8,0.0
2026-08-20,Humira,15.57,10:14:53,2,8,113.06
2026-08-20,Humira,4.92,10:15:23,2,8,0.0
2026-08-20,Humira,14.7,10:15:53,2,8,113.08
2026-08-20,Humira,11.82,10:16:23,2,8,113.09
2026-08-20,Humira,2.4,10:16:53,2,8,0.0
2026-08-20,Humira,17.47,10:17:23,2,8,113.11
2026-08-20,Humira,2.29,10:17:53,2,8,0.0
2026-08-20,Humira,15.24,10:18:23,2,8,113.13
2026-08-20,Humira,3.46,10:18:53,2,8,0.0
2026-08-20,Humira,2.88,10:19:23,2,8,0.0
2026-08-20,Humira,13.28,10:19:53,2,8,113.17
2026-08-20,Humira,5.5,10:20:23,2,8,0.0
2026-08-20,Humira,14.73,10:20:53,2,8,113.19
2026-08-20,Humira,6.17,10:21:23,2,8,0.0
2026-08-20,Humira,13.06,10:21:53,2,8,113.21
2026-08-20,Humira,14.62,10:22:23,2,8,113.22
2026-08-20,Humira,10.96,10:22:53,2,8,113.23
2026-08-20,Humira,9.51,10:23:23,2,8,113.24
2026-08-20,Humira,10.74,10:23:53,2,8,113.25
2026-08-20,Humira,11.95,10:24:23,2,8,113.26
2026-08-20,Humira,15.36,10:24:53,2,8,113.27
2026-08-20,Humira,16.9,10:25:23,2,8,113.28
2026-08-20,Humira,15.52,10:25:53,2,8,113.3
2026-08-20,Humira,12.7,10:26:23,2,8,113.31
2026-08-20,Humira,10.34,10:26:53,2,8,113.32
2026-08-20,Humira,17.96,10:27:23,2,8,113.33
2026-08-20,Humira,12.34,10:27:53,2,8,113.34
2026-08-20,Humira,10.46,10:28:23,2,8,113.35
2026-08-20,Humira,15.02,10:28:53,2,8,113.36
2026-08-20,Humira,7.77,10:29:23,2,8,0.0
2026-08-20,Humira,2.9,10:29:53,2,8,0.0
2026-08-20,Humira,10.88,10:30:23,2,8,113.39
2026-08-20,Humira,11.8,10:30:53,2,8,113.4
2026-08-20,Humira,6.0,10:31:23,2,8,0.0
2026-08-20,Humira,9.06,10:31:53,2,8,113.42
2026-08-20,Humira,16.57,10:32:23,2,8,113.44
2026-08-20,Humira,14.59,10:32:53,2,8,113.45
2026-08-20,Humira,6.26,10:33:23,2,8,0.0
2026-08-20,Humira,12.76,10:33:53,2,8,113.47
2026-08-20,Humira,12.88,10:34:23,2,8,113.48
2026-08-20,Humira,3.21,10:34:53,2,8,0.0
2026-08-20,Humira,12.36,10:35:23,2,8,113.5
2026-08-20,Humira,14.84,10:35:53,2,8,113.51
2026-08-20,Humira,17.21,10:36:23,2,8,113.52
2026-08-20,Humira,9.47,10:36:53,2,8,113.53
2026-08-20,Humira,5.57,10:37:23,2,8,0.0
2026-08-20,Humira,5.97,10:37:53,2,8,0.0
2026-08-20,Humira,16.96,10:38:23,2,8,113.57
2026-08-20,Humira,14.95,10:38:53,2,8,113.58
2026-08-20,Humira,12.05,10:39:23,2,8,113.59
2026-08-20,Humira,13.97,10:39:53,2,8,113.6
2026-08-20,Humira,7.9,10:40:23,2,8,0.0
2026-08-20,Humira,2.27,10:40:53,2,8,0.0
2026-08-20,Humira,3.32,10:41:23,2,8,0.0
2026-08-20,Humira,5.04,10:41:53,2,8,0.0
2026-08-20,Humira,7.87,10:42:23,2,8,0.0
2026-08-20,Humira,3.27,10:42:53,2,8,0.0
2026-08-20,Humira,2.18,10:43:23,2,8,0.0
2026-08-20,Humira,15.11,10:43:53,2,8,113.69
2026-08-20,Humira,11.56,10:44:23,2,8,113.7
2026-08-20,Humira,17.08,10:44:53,2,8,113.71
2026-08-20,Humira,5.46,10:45:23,2,8,0.0
2026-08-20,Humira,5.57,10:45:53,2,8,0.0
2026-08-20,Humira,6.53,10:46:23,2,8,0.0
2026-08-20,Humira,3.09,10:46:53,2,8,0.0
2026-08-20,Humira,13.33,10:47:23,2,8,113.76
2026-08-20,Humira,17.35,10:47:53,2,8,113.77
2026-08-20,Humira,5.64,10:48:23,2,8,0.0
2026-08-20,Humira,3.16,10:48:53,2,8,0.0
2026-08-20,Humira,16.47,10:49:23,2,8,113.8
2026-08-20,Humira,2.44,10:49:53,2,8,0.0
2026-08-20,Humira,6.79,10:50:23,2,8,0.0
2026-08-20,Humira,2.78,10:50:53,2,8,0.0
2026-08-20,Humira,16.96,10:51:23,2,8,113.85
2026-08-20,Humira,11.17,10:51:53,2,8,113.86
2026-08-20,Humira,5.59,10:52:23,2,8,0.0
2026-08-20,Humira,17.84,10:52:53,2,8,113.88
2026-08-20,Humira,2.04,10:53:23,2,8,0.0
2026-08-20,Humira,7.59,10:53:53,2,8,0.0
2026-08-20,Humira,10.08,10:54:23,2,8,113.91
2026-08-20,Humira,15.19,10:54:53,2,8,113.92
2026-08-20,Humira,9.71,10:55:23,2,8,113.93
2026-08-20,Humira,13.57,10:55:53,2,8,113.95
2026-08-20,Humira,14.56,10:56:23,2,8,113.96
2026-08-20,Humira,6.95,10:56:53,2,8,0.0
2026-08-20,Humira,5.07,10:57:23,2,8,0.0
2026-08-20,Humira,15.24,10:57:53,2,8,113.99
2026-08-20,Humira,16.48,10:58:23,2,8,114.0
2026-08-20,Humira,10.37,10:58:53,2,8,114.01
2026-08-20,Humira,13.43,10:59:23,2,8,114.02
2026-08-20,Humira,11.89,10:59:53,2,8,114.03
2026-08-20,Humira,5.37,11:00:23,2,8,0.0
2026-08-20,Humira,4.95,11:00:53,2,8,0.0
2026-08-20,Humira,12.74,11:01:23,2,8,114.06
2026-08-20,Humira,14.55,11:01:53,2,8,114.08
2026-08-20,Humira,5.57,11:02:23,2,8,0.0
2026-08-20,Humira,7.3,11:02:53,2,8,0.0
2026-08-20,Humira,5.24,11:03:23,2,8,0.0
2026-08-20,Humira,11.35,11:03:53,2,8,114.12
2026-08-20,Humira,14.15,11:04:23,2,8,114.13
2026-08-20,Humira,4.75,11:04:53,2,8,0.0
2026-08-20,Humira,5.72,11:05:23,2,8,0.0
2026-08-20,Humira,17.85,11:05:53,2,8,114.16
2026-08-20,Humira,17.91,11:06:23,2,8,114.17
2026-08-20,Humira,3.67,11:06:53,2,8,0.0
2026-08-20,Humira,9.72,11:07:23,2,8,114.19
2026-08-20,Humira,6.2,11:07:53,2,8,0.0
2026-08-20,Humira,13.38,11:08:23,2,8,114.22
2026-08-20,Humira,11.74,11:08:53,2,8,114.23
2026-08-20,Humira,6.21,11:09:23,2,8,0.0
2026-08-20,Humira,17.29,11:09:53,2,8,114.25
2026-08-20,Humira,10.94,11:10:23,2,8,114.26
2026-08-20,Humira,16.56,11:10:53,2,8,114.27
2026-08-20,Humira,17.64,11:11:23,2,8,114.28
2026-08-20,Humira,5.08,11:11:53,2,8,0.0
2026-08-20,Humira,17.35,11:12:23,2,8,114.3
2026-08-20,Humira,4.28,11:12:53,2,8,0.0
2026-08-20,Humira,2.03,11:13:23,2,8,0.0
2026-08-20,Humira,15.06,11:13:53,2,8,114.34
2026-08-20,Humira,6.9,11:14:23,2,8,0.0
2026-08-20,Humira,3.82,11:14:53,2,8,0.0
2026-08-20,Humira,4.1,11:15:23,2,8,0.0
2026-08-20,Humira,3.22,11:15:53,2,8,0.0
2026-08-20,Humira,10.21,11:16:23,2,8,114.39
2026-08-20,Humira,14.25,11:16:53,2,8,114.4
2026-08-20,Humira,15.97,11:17:23,2,8,114.41
2026-08-20,Humira,3.98,11:17:53,2,8,0.0
2026-08-20,Humira,7.14,11:18:23,2,8,0.0
2026-08-20,Humira,12.8,11:18:53,2,8,114.44
2026-08-20,Humira,15.13,11:19:23,2,8,114.45
2026-08-20,Humira,6.81,11:19:53,2,8,0.0
2026-08-20,Humira,4.91,11:20:23,2,8,0.0
2026-08-20,Humira,9.74,11:20:53,2,8,114.49
2026-08-20,Humira,14.15,11:21:23,2,8,114.5
2026-08-20,Humira,9.37,11:21:53,2,8,114.51
2026-08-20,Humira,10.09,11:22:23,2,8,114.52
2026-08-20,Humira,14.34,11:22:53,2,8,114.53
2026-08-20,Humira,10.63,11:23:23,2,8,114.54
2026-08-20,Humira,5.05,11:23:53,2,8,0.0
2026-08-20,Humira,7.68,11:24:23,2,8,0.0
2026-08-20,Humira,17.23,11:24:53,2,8,114.57
2026-08-20,Humira,15.43,11:25:23,2,8,114.58
2026-08-20,Humira,16.98,11:25:53,2,8,114.6
2026-08-20,Humira,7.86,11:26:23,2,8,0.0
2026-08-20,Humira,11.99,11:26:53,2,8,114.62
2026-08-20,Humira,10.38,11:27:23,2,8,114.63
2026-08-20,Humira,3.08,11:27:53,2,8,0.0
2026-08-20,Humira,7.02,11:28:23,2,8,0.0
2026-08-20,Humira,12.48,11:28:53,2,8,114.66
2026-08-20,Humira,9.13,11:29:23,2,8,114.67
2026-08-20,Humira,16.18,11:29:53,2,8,114.68
2026-08-20,Humira,5.02,11:30:23,2,8,0.0
2026-08-20,Humira,2.83,11:30:53,2,8,0.0
2026-08-20,Humira,14.94,11:31:23,2,8,114.71
2026-08-20,Humira,16.45,11:31:53,2,8,114.73
2026-08-20,Humira,7.01,11:32:23,2,8,0.0
2026-08-20,Humira,4.81,11:32:53,2,8,0.0
2026-08-20,Humira,7.66,11:33:23,2,8,0.0
2026-08-20,Humira,13.28,11:33:53,2,8,114.77
2026-08-20,Humira,2.98,11:34:23,2,8,0.0
2026-08-20,Humira,16.67,11:34:53,2,8,114.79
2026-08-20,Humira,7.62,11:35:23,2,8,0.0
2026-08-20,Humira,14.18,11:35:53,2,8,114.81
2026-08-20,Humira,9.32,11:36:23,2,8,114.82
2026-08-20,Humira,14.6,11:36:53,2,8,114.83
2026-08-20,Humira,4.66,11:37:23,2,8,0.0
2026-08-20,Humira,11.31,11:37:53,2,8,114.85
2026-08-20,Humira,12.65,11:38:23,2,8,114.87
2026-08-20,Humira,11.88,11:38:53,2,8,114.88
2026-08-20,Humira,13.24,11:39:23,2,8,114.89
2026-08-20,Humira,4.74,11:39:53,2,8,0.0
2026-08-20,Humira,2.14,11:40:23,2,8,0.0
2026-08-20,Humira,3.13,11:40:53,2,8,0.0
2026-08-20,Humira,2.72,11:41:23,2,8,0.0
2026-08-20,Humira,10.64,11:41:53,2,8,114.94
2026-08-20,Humira,2.12,11:42:23,2,8,0.0
2026-08-20,Humira,16.49,11:42:53,2,8,114.96
2026-08-20,Humira,11.13,11:43:23,2,8,114.97
2026-08-20,Humira,3.04,11:43:53,2,8,0.0
2026-08-20,Humira,16.8,11:44:23,2,8,115.0
2026-08-20,Humira,17.63,11:44:53,2,8,115.01
2026-08-20,Humira,10.83,11:45:23,2,8,115.02
2026-08-20,Humira,16.06,11:45:53,2,8,115.03
2026-08-20,Humira,9.26,11:46:23,2,8,115.04
2026-08-20,Humira,5.58,11:46:53,2,8,0.0
2026-08-20,Humira,13.0,11:47:23,2,8,115.06
2026-08-20,Humira,16.92,11:47:53,2,8,115.07
2026-08-20,Humira,12.01,11:48:23,2,8,115.08
2026-08-20,Humira,16.67,11:48:53,2,8,115.09
2026-08-20,Humira,7.63,11:49:23,2,8,0.0
2026-08-20,Humira,14.97,11:49:53,2,8,115.11
2026-08-20,Humira,12.84,11:50:23,2,8,115.13
2026-08-20,Humira,9.45,11:50:53,2,8,115.14
2026-08-20,Humira,10.45,11:51:23,2,8,115.15
2026-08-20,Humira,14.45,11:51:53,2,8,115.16
2026-08-20,Humira,6.29,11:52:23,2,8,0.0
2026-08-20,Humira,5.5,11:52:53,2,8,0.0
2026-08-20,Humira,4.2,11:53:23,2,8,0.0
2026-08-20,Humira,16.53,11:53:53,2,8,115.2
2026-08-20,Humira,2.39,11:54:23,2,8,0.0
2026-08-20,Humira,16.11,11:54:53,2,8,115.22
2026-08-20,Humira,7.17,11:55:23,2,8,0.0
2026-08-20,Humira,5.24,11:55:53,2,8,0.0
2026-08-20,Humira,16.25,11:56:23,2,8,115.26
2026-08-20,Humira,12.71,11:56:53,2,8,115.27
2026-08-20,Humira,9.09,11:57:23,2,8,115.28
2026-08-20,Humira,11.83,11:57:53,2,8,115.29
2026-08-20,Humira,2.08,11:58:23,2,8,0.0
2026-08-20,Humira,15.17,11:58:53,2,8,115.31
2026-08-20,Humira,13.16,11:59:23,2,8,115.32
2026-08-20,Humira,6.27,11:59:53,2,8,0.0
2026-08-20,Humira,4.93,12:00:23,2,8,0.0
2026-08-20,Humira,10.48,12:00:53,2,8,115.35
2026-08-20,Humira,17.33,12:01:23,2,8,115.36
2026-08-20,Humira,13.11,12:01:53,2,8,115.38
2026-08-20,Humira,5.79,12:02:23,2,8,0.0
2026-08-20,Humira,16.44,12:02:53,2,8,115.4
2026-08-20,Humira,15.76,12:03:23,2,8,115.41
2026-08-20,Humira,10.94,12:03:53,2,8,115.42
2026-08-20,Humira,15.63,12:04:23,2,8,115.43
2026-08-20,Humira,3.02,12:04:53,2,8,0.0
2026-08-20,Humira,9.94,12:05:23,2,8,115.45
2026-08-20,Humira,10.35,12:05:53,2,8,115.46
2026-08-20,Humira,4.49,12:06:23,2,8,0.0
2026-08-20,Humira,14.87,12:06:53,2,8,115.48
2026-08-20,Humira,17.47,12:07:23,2,8,115.49
2026-08-20,Humira,13.96,12:07:53,2,8,115.5
2026-08-20,Humira,14.08,12:08:23,2,8,115.52
2026-08-20,Humira,9.86,12:08:53,2,8,115.53
2026-08-20,Humira,13.49,12:09:23,2,8,115.54
2026-08-20,Humira,14.01,12:09:53,2,8,115.55
2026-08-20,Humira,7.36,12:10:23,2,8,0.0
2026-08-20,Humira,15.36,12:10:53,2,8,115.57
2026-08-20,Humira,11.13,12:11:23,2,8,115.58
2026-08-20,Humira,13.01,12:11:53,2,8,115.59
2026-08-20,Humira,14.02,12:12:23,2,8,115.6
2026-08-20,Humira,9.98,12:12:53,2,8,115.61
2026-08-20,Humira,3.74,12:13:23,2,8,0.0
2026-08-20,Humira,3.62,12:13:53,2,8,0.0
2026-08-20,Humira,7.11,12:14:23,2,8,0.0
2026-08-20,Humira,17.25,12:14:53,2,8,115.66
2026-08-20,Humira,14.74,12:15:23,2,8,115.67
2026-08-20,Humira,3.27,12:15:53,2,8,0.0
2026-08-20,Humira,6.1,12:16:23,2,8,0.0
2026-08-20,Humira,10.98,12:16:53,2,8,115.7
2026-08-20,Humira,13.68,12:17:23,2,8,115.71
2026-08-20,Humira,2.32,12:17:53,2,8,0.0
2026-08-20,Humira,12.91,12:18:23,2,8,115.73
2026-08-20,Humira,17.3,12:18:53,2,8,115.74
2026-08-20,Humira,17.71,12:19:23,2,8,115.75
2026-08-20,Humira,6.66,12:19:53,2,8,0.0
2026-08-20,Humira,14.82,12:20:23,2,8,115.78
2026-08-20,Humira,7.2,12:20:53,2,8,0.0
2026-08-20,Humira,17.76,12:21:23,2,8,115.8
2026-08-20,Humira,15.47,12:21:53,2,8,115.81
2026-08-20,Humira,9.97,12:22:23,2,8,115.82
2026-08-20,Humira,10.03,12:22:53,2,8,115.83
2026-08-20,Humira,16.37,12:23:23,2,8,115.84
2026-08-20,Humira,10.97,12:23:53,2,8,115.85
2026-08-20,Humira,17.62,12:24:23,2,8,115.86
2026-08-20,Humira,6.17,12:24:53,2,8,0.0
2026-08-20,Humira,7.91,12:25:23,2,8,0.0
2026-08-20,Humira,14.61,12:25:53,2,8,115.9
2026-08-20,Humira,5.02,12:26:23,2,8,0.0
2026-08-20,Humira,11.43,12:26:53,2,8,115.92
2026-08-20,Humira,14.61,12:27:23,2,8,115.93
2026-08-20,Humira,11.67,12:27:53,2,8,115.94
2026-08-20,Humira,10.01,12:28:23,2,8,115.95
2026-08-20,Humira,7.96,12:28:53,2,8,0.0
2026-08-20,Humira,9.29,12:29:23,2,8,115.97
2026-08-20,Humira,4.26,12:29:53,2,8,0.0
2026-08-20,Humira,11.45,12:30:23,2,8,115.99
2026-08-20,Humira,2.96,12:30:53,2,8,0.0
2026-08-20,Humira,15.26,12:31:23,2,8,116.01
2026-08-20,Humira,16.76,12:31:53,2,8,116.03
2026-08-20,Humira,16.13,12:32:23,2,8,116.04
2026-08-20,Humira,14.75,12:32:53,2,8,116.05
2026-08-20,Humira,15.11,12:33:23,2,8,116.06
2026-08-20,Humira,11.08,12:33:53,2,8,116.07
2026-08-20,Humira,3.29,12:34:23,2,8,0.0
2026-08-20,Humira,10.29,12:34:53,2,8,116.09
2026-08-20,Humira,15.47,12:35:23,2,8,116.1
2026-08-20,Humira,12.63,12:35:53,2,8,116.11
2026-08-20,Humira,17.42,12:36:23,2,8,116.12
2026-08-20,Humira,16.78,12:36:53,2,8,116.13
2026-08-20,Humira,9.94,12:37:23,2,8,116.14
2026-08-20,Humira,15.29,12:37:53,2,8,116.16
2026-08-20,Humira,15.79,12:38:23,2,8,116.17
2026-08-20,Humira,10.14,12:38:53,2,8,116.18
2026-08-20,Humira,14.73,12:39:23,2,8,116.19
2026-08-20,Humira,3.34,12:39:53,2,8,0.0
2026-08-20,Humira,16.72,12:40:23,2,8,116.21
2026-08-20,Humira,4.55,12:40:53,2,8,0.0
2026-08-20,Humira,13.6,12:41:23,2,8,116.23
2026-08-20,Humira,14.19,12:41:53,2,8,116.24
2026-08-20,Humira,7.47,12:42:23,2,8,0.0
2026-08-20,Humira,9.96,12:42:53,2,8,116.26
2026-08-20,Humira,7.41,12:43:23,2,8,0.0
2026-08-20,Humira,9.46,12:43:53,2,8,116.29
2026-08-20,Humira,15.18,12:44:23,2,8,116.3
2026-08-20,Humira,3.98,12:44:53,2,8,0.0
2026-08-20,Humira,10.14,12:45:23,2,8,116.32
2026-08-20,Humira,7.35,12:45:53,2,8,0.0
2026-08-20,Humira,4.31,12:46:23,2,8,0.0
2026-08-20,Humira,16.31,12:46:53,2,8,116.35
2026-08-20,Humira,16.75,12:47:23,2,8,116.36
2026-08-20,Humira,3.15,12:47:53,2,8,0.0
2026-08-20,Humira,11.84,12:48:23,2,8,116.38
2026-08-20,Humira,14.2,12:48:53,2,8,116.39
2026-08-20,Humira,6.11,12:49:23,2,8,0.0
2026-08-20,Humira,14.09,12:49:53,2,8,116.42
2026-08-20,Humira,3.39,12:50:23,2,8,0.0
2026-08-20,Humira,12.6,12:50:53,2,8,116.44
2026-08-20,Humira,3.84,12:51:23,2,8,0.0
2026-08-20,Humira,16.12,12:51:53,2,8,116.46
2026-08-20,Humira,7.98,12:52:23,2,8,0.0
2026-08-20,Humira,13.07,12:52:53,2,8,116.48
2026-08-20,Humira,16.03,12:53:23,2,8,116.49
2026-08-20,Humira,15.53,12:53:53,2,8,116.5
2026-08-20,Humira,16.96,12:54:23,2,8,116.51
2026-08-20,Humira,7.31,12:54:53,2,8,0.0
2026-08-20,Humira,10.39,12:55:23,2,8,116.53
2026-08-20,Humira,9.63,12:55:53,2,8,116.55
2026-08-20,Humira,17.84,12:56:23,2,8,116.56
2026-08-20,Humira,15.97,12:56:53,2,8,116.57
2026-08-20,Humira,16.3,12:57:23,2,8,116.58
2026-08-20,Humira,11.48,12:57:53,2,8,116.59
2026-08-20,Humira,13.05,12:58:23,2,8,116.6
2026-08-20,Humira,5.25,12:58:53,2,8,0.0
2026-08-20,Humira,9.83,12:59:23,2,8,116.62
2026-08-20,Humira,16.83,12:59:53,2,8,116.63
2026-08-20,Humira,14.43,13:00:23,2,8,116.64
2026-08-20,Humira,13.35,13:00:53,2,8,116.65
2026-08-20,Humira,11.52,13:01:23,2,8,116.66
2026-08-20,Humira,3.27,13:01:53,2,8,0.0
2026-08-20,Humira,13.66,13:02:23,2,8,116.69
2026-08-20,Humira,6.01,13:02:53,2,8,0.0
2026-08-20,Humira,15.92,13:03:23,2,8,116.71
2026-08-20,Humira,6.44,13:03:53,2,8,0.0
2026-08-20,Humira,17.84,13:04:23,2,8,116.73
2026-08-20,Humira,10.62,13:04:53,2,8,116.74
2026-08-20,Humira,5.64,13:05:23,2,8,0.0
2026-08-20,Humira,3.71,13:05:53,2,8,0.0
2026-08-20,Humira,2.82,13:06:23,2,8,0.0
2026-08-20,Humira,13.59,13:06:53,2,8,116.78
2026-08-20,Humira,14.68,13:07:23,2,8,116.79
2026-08-20,Humira,11.58,13:07:53,2,8,116.8
2026-08-20,Humira,7.36,13:08:23,2,8,0.0
2026-08-20,Humira,14.88,13:08:53,2,8,116.83
2026-08-20,Humira,6.97,13:09:23,2,8,0.0
2026-08-20,Humira,17.57,13:09:53,2,8,116.85
2026-08-20,Humira,14.01,13:10:23,2,8,116.86
2026-08-20,Humira,2.94,13:10:53,2,8,0.0
2026-08-20,Humira,17.72,13:11:23,2,8,116.88
2026-08-20,Humira,13.92,13:11:53,2,8,116.89
2026-08-20,Humira,11.4,13:12:23,2,8,116.9
2026-08-20,Humira,4.08,13:12:53,2,8,0.0
2026-08-20,Humira,2.55,13:13:23,2,8,0.0
2026-08-20,Humira,7.76,13:13:53,2,8,0.0
2026-08-20,Humira,16.82,13:14:23,2,8,116.95
2026-08-20,Humira,14.48,13:14:53,2,8,116.96
2026-08-20,Humira,11.91,13:15:23,2,8,116.97
2026-08-20,Humira,16.42,13:15:53,2,8,116.98
2026-08-20,Humira,4.79,13:16:23,2,8,0.0
2026-08-20,Humira,5.79,13:16:53,2,8,0.0
2026-08-20,Humira,13.83,13:17:23,2,8,117.01
2026-08-20,Humira,10.3,13:17:53,2,8,117.02
2026-08-20,Humira,11.39,13:18:23,2,8,117.03
2026-08-20,Humira,5.43,13:18:53,2,8,0.0
2026-08-20,Humira,7.61,13:19:23,2,8,0.0
2026-08-20,Humira,12.84,13:19:53,2,8,117.06
2026-08-20,Humira,11.01,13:20:23,2,8,117.08
2026-08-20,Humira,4.69,13:20:53,2,8,0.0
2026-08-20,Humira,16.15,13:21:23,2,8,117.1
2026-08-20,Humira,4.88,13:21:53,2,8,0.0
2026-08-20,Humira,4.24,13:22:23,2,8,0.0
2026-08-20,Humira,5.64,13:22:53,2,8,0.0
2026-08-20,Humira,4.17,13:23:23,2,8,0.0
2026-08-20,Humira,11.12,13:23:53,2,8,117.15
2026-08-20,Humira,6.29,13:24:23,2,8,0.0
2026-08-20,Humira,15.26,13:24:53,2,8,117.17
2026-08-20,Humira,3.93,13:25:23,2,8,0.0
2026-08-20,Humira,3.07,13:25:53,2,8,0.0
2026-08-20,Humira,5.91,13:26:23,2,8,0.0
2026-08-20,Humira,12.26,13:26:53,2,8,117.22
2026-08-20,Humira,16.14,13:27:23,2,8,117.23
2026-08-20,Humira,16.12,13:27:53,2,8,117.24
2026-08-20,Humira,13.87,13:28:23,2,8,117.25
2026-08-20,Humira,13.16,13:28:53,2,8,117.26
2026-08-20,Humira,9.92,13:29:23,2,8,117.27
2026-08-20,Humira,2.18,13:29:53,2,8,0.0
2026-08-20,Humira,2.15,13:30:23,2,8,0.0
2026-08-20,Humira,11.02,13:30:53,2,8,117.3
2026-08-20,Humira,11.96,13:31:23,2,8,117.31
2026-08-20,Humira,2.97,13:31:53,2,8,0.0
2026-08-20,Humira,4.45,13:32:23,2,8,0.0
2026-08-20,Humira,17.0,13:32:53,2,8,117.35
2026-08-20,Humira,6.66,13:33:23,2,8,0.0
2026-08-20,Humira,10.01,13:33:53,2,8,117.37
2026-08-20,Humira,7.58,13:34:23,2,8,0.0
2026-08-20,Humira,5.23,13:34:53,2,8,0.0
2026-08-20,Humira,7.52,13:35:23,2,8,0.0
2026-08-20,Humira,10.43,13:35:53,2,8,117.41
2026-08-20,Humira,2.93,13:36:23,2,8,0.0
2026-08-20,Humira,10.58,13:36:53,2,8,117.43
2026-08-20,Humira,11.93,13:37:23,2,8,117.44
2026-08-20,Humira,5.26,13:37:53,2,8,0.0
2026-08-20,Humira,11.16,13:38:23,2,8,117.47
2026-08-20,Humira,4.48,13:38:53,2,8,0.0
2026-08-20,Humira,5.73,13:39:23,2,8,0.0
2026-08-20,Humira,2.3,13:39:53,2,8,0.0
2026-08-20,Humira,3.03,13:40:23,2,8,0.0
2026-08-20,Humira,10.5,13:40:53,2,8,117.52
2026-08-20,Humira,15.99,13:41:23,2,8,117.53
2026-08-20,Humira,2.61,13:41:53,2,8,0.0
2026-08-20,Humira,16.92,13:42:23,2,8,117.55
2026-08-20,Humira,11.32,13:42:53,2,8,117.56
2026-08-20,Humira,12.97,13:43:23,2,8,117.57
2026-08-20,Humira,9.08,13:43:53,2,8,117.59
2026-08-20,Humira,6.25,13:44:23,2,8,0.0
2026-08-20,Humira,3.03,13:44:53,2,8,0.0
2026-08-20,Humira,7.11,13:45:23,2,8,0.0
2026-08-20,Humira,5.48,13:45:53,2,8,0.0
2026-08-20,Humira,12.5,13:46:23,2,8,117.64
2026-08-20,Humira,9.04,13:46:53,2,8,117.65
2026-08-20,Humira,3.92,13:47:23,2,8,0.0
2026-08-20,Humira,13.84,13:47:53,2,8,117.67
2026-08-20,Humira,15.36,13:48:23,2,8,117.68
2026-08-20,Humira,11.31,13:48:53,2,8,117.69
2026-08-20,Humira,16.68,13:49:23,2,8,117.7
2026-08-20,Humira,2.63,13:49:53,2,8,0.0
2026-08-20,Humira,9.12,13:50:23,2,8,117.73
2026-08-20,Humira,17.56,13:50:53,2,8,117.74
2026-08-20,Humira,13.25,13:51:23,2,8,117.75
2026-08-20,Humira,12.38,13:51:53,2,8,117.76
2026-08-20,Humira,5.62,13:52:23,2,8,0.0
2026-08-20,Humira,16.55,13:52:53,2,8,117.78
2026-08-20,Humira,15.24,13:53:23,2,8,117.79
2026-08-20,Humira,13.63,13:53:53,2,8,117.8
2026-08-20,Humira,16.01,13:54:23,2,8,117.81
2026-08-20,Humira,15.14,13:54:53,2,8,117.82
2026-08-20,Humira,11.11,13:55:23,2,8,117.83
2026-08-20,Humira,17.99,13:55:53,2,8,117.85
2026-08-20,Humira,10.82,13:56:23,2,8,117.86
2026-08-20,Humira,11.01,13:56:53,2,8,117.87
2026-08-20,Humira,17.07,13:57:23,2,8,117.88
2026-08-20,Humira,11.85,13:57:53,2,8,117.89
2026-08-20,Humira,7.91,13:58:23,2,8,0.0
2026-08-20,Humira,6.74,13:58:53,2,8,0.0
2026-08-20,Humira,11.22,13:59:23,2,8,117.92
2026-08-20,Humira,9.51,13:59:53,2,8,117.93
2026-08-20,Humira,4.9,14:00:23,2,8,0.0
2026-08-20,Humira,14.6,14:00:53,2,8,117.95
2026-08-20,Humira,5.66,14:01:23,2,8,0.0
2026-08-20,Humira,15.48,14:01:53,2,8,117.98
2026-08-20,Humira,16.66,14:02:23,2,8,117.99
2026-08-20,Humira,17.85,14:02:53,2,8,118.0
2026-08-20,Humira,9.41,14:03:23,2,8,118.01
2026-08-20,Humira,14.48,14:03:53,2,8,118.02
2026-08-20,Humira,9.06,14:04:23,2,8,118.03
2026-08-20,Humira,12.47,14:04:53,2,8,118.04
2026-08-20,Humira,10.6,14:05:23,2,8,118.05
2026-08-20,Humira,14.2,14:05:53,2,8,118.06
2026-08-20,Humira,4.83,14:06:23,2,8,0.0
2026-08-20,Humira,11.52,14:06:53,2,8,118.08
2026-08-20,Humira,15.41,14:07:23,2,8,118.09
2026-08-20,Humira,11.61,14:07:53,2,8,118.1
2026-08-20,Humira,17.39,14:08:23,2,8,118.12
2026-08-20,Humira,9.6,14:08:53,2,8,118.13
2026-08-20,Humira,16.18,14:09:23,2,8,118.14
2026-08-20,Humira,4.38,14:09:53,2,8,0.0
2026-08-20,Humira,14.73,14:10:23,2,8,118.16
2026-08-20,Humira,9.04,14:10:53,2,8,118.17
2026-08-20,Humira,5.81,14:11:23,2,8,0.0
2026-08-20,Humira,5.07,14:11:53,2,8,0.0
2026-08-20,Humira,5.08,14:12:23,2,8,0.0
2026-08-20,Humira,17.19,14:12:53,2,8,118.21
2026-08-20,Humira,10.78,14:13:23,2,8,118.22
2026-08-20,Humira,14.43,14:13:53,2,8,118.24
2026-08-20,Humira,9.32,14:14:23,2,8,118.25
2026-08-20,Humira,3.67,14:14:53,2,8,0.0
2026-08-20,Humira,15.51,14:15:23,2,8,118.27
2026-08-20,Humira,2.16,14:15:53,2,8,0.0
2026-08-20,Humira,10.27,14:16:23,2,8,118.29
2026-08-20,Humira,11.11,14:16:53,2,8,118.3
2026-08-20,Humira,5.4,14:17:23,2,8,0.0
2026-08-20,Humira,9.71,14:17:53,2,8,118.32
2026-08-20,Humira,2.14,14:18:23,2,8,0.0
2026-08-20,Humira,3.41,14:18:53,2,8,0.0
2026-08-20,Humira,11.54,14:19:23,2,8,118.35
2026-08-20,Humira,15.46,14:19:53,2,8,118.36
2026-08-20,Humira,6.51,14:20:23,2,8,0.0
2026-08-20,Humira,11.89,14:20:53,2,8,118.39
2026-08-20,Humira,9.82,14:21:23,2,8,118.4
2026-08-20,Humira,14.04,14:21:53,2,8,118.41
2026-08-20,Humira,10.8,14:22:23,2,8,118.42
2026-08-20,Humira,10.48,14:22:53,2,8,118.43
2026-08-20,Humira,13.33,14:23:23,2,8,118.44
2026-08-20,Humira,7.15,14:23:53,2,8,0.0
2026-08-20,Humira,13.69,14:24:23,2,8,118.46
2026-08-20,Humira,13.05,14:24:53,2,8,118.47
2026-08-20,Humira,15.58,14:25:23,2,8,118.48
2026-08-20,Humira,13.55,14:25:53,2,8,118.5
2026-08-20,Humira,16.26,14:26:23,2,8,118.51
2026-08-20,Humira,6.67,14:26:53,2,8,0.0
2026-08-20,Humira,7.75,14:27:23,2,8,0.0
2026-08-20,Humira,4.83,14:27:53,2,8,0.0
2026-08-20,Humira,13.52,14:28:23,2,8,118.55
2026-08-20,Humira,7.56,14:28:53,2,8,0.0
2026-08-20,Humira,6.44,14:29:23,2,8,0.0
2026-08-20,Humira,15.43,14:29:53,2,8,118.58
2026-08-20,Humira,12.42,14:30:23,2,8,118.59
2026-08-20,Humira,16.29,14:30:53,2,8,118.6
2026-08-20,Humira,12.91,14:31:23,2,8,118.61
2026-08-20,Humira,15.24,14:31:53,2,8,118.62
2026-08-20,Humira,3.7,14:32:23,2,8,0.0
2026-08-20,Humira,10.78,14:32:53,2,8,118.65
2026-08-20,Humira,15.3,14:33:23,2,8,118.66
2026-08-20,Humira,12.33,14:33:53,2,8,118.67
2026-08-20,Humira,10.64,14:34:23,2,8,118.68
2026-08-20,Humira,13.58,14:34:53,2,8,118.69
2026-08-20,Humira,10.21,14:35:23,2,8,118.7
2026-08-20,Humira,16.91,14:35:53,2,8,118.71
2026-08-20,Humira,7.05,14:36:23,2,8,0.0
2026-08-20,Humira,9.79,14:36:53,2,8,118.73
2026-08-20,Humira,3.73,14:37:23,2,8,0.0
2026-08-20,Humira,13.93,14:37:53,2,8,118.75
2026-08-20,Humira,6.73,14:38:23,2,8,0.0
2026-08-20,Humira,6.1,14:38:53,2,8,0.0
2026-08-20,Humira,12.31,14:39:23,2,8,118.79
2026-08-20,Humira,3.68,14:39:53,2,8,0.0
2026-08-20,Humira,9.78,14:40:23,2,8,118.81
2026-08-20,Humira,17.75,14:40:53,2,8,118.82
2026-08-20,Humira,17.11,14:41:23,2,8,118.83
2026-08-20,Humira,2.9,14:41:53,2,8,0.0
2026-08-20,Humira,10.99,14:42:23,2,8,118.85
2026-08-20,Humira,15.39,14:42:53,2,8,118.86
2026-08-20,Humira,2.22,14:43:23,2,8,0.0
2026-08-20,Humira,2.93,14:43:53,2,8,0.0
2026-08-20,Humira,12.43,14:44:23,2,8,118.9
2026-08-20,Humira,14.07,14:44:53,2,8,118.91
2026-08-20,Humira,3.14,14:45:23,2,8,0.0
2026-08-20,Humira,7.8,14:45:53,2,8,0.0
2026-08-20,Humira,16.5,14:46:23,2,8,118.94
2026-08-20,Humira,6.42,14:46:53,2,8,0.0
2026-08-20,Humira,4.47,14:47:23,2,8,0.0
2026-08-20,Humira,9.07,14:47:53,2,8,118.97
2026-08-20,Humira,11.93,14:48:23,2,8,118.98
2026-08-20,Humira,6.66,14:48:53,2,8,0.0
2026-08-20,Humira,12.65,14:49:23,2,8,119.0
2026-08-20,Humira,4.11,14:49:53,2,8,0.0
2026-08-20,Humira,10.1,14:50:23,2,8,119.03
2026-08-20,Humira,17.66,14:50:53,2,8,119.04
2026-08-20,Humira,11.53,14:51:23,2,8,119.05
2026-08-20,Humira,5.25,14:51:53,2,8,0.0
2026-08-20,Humira,16.17,14:52:23,2,8,119.07
2026-08-20,Humira,6.87,14:52:53,2,8,0.0
2026-08-20,Humira,16.25,14:53:23,2,8,119.09
2026-08-20,Humira,10.14,14:53:53,2,8,119.1
2026-08-20,Humira,9.03,14:54:23,2,8,119.11
2026-08-20,Humira,17.17,14:54:53,2,8,119.12
2026-08-20,Humira,17.15,14:55:23,2,8,119.13
2026-08-20,Humira,5.38,14:55:53,2,8,0.0
2026-08-20,Humira,13.3,14:56:23,2,8,119.16
2026-08-20,Humira,12.61,14:56:53,2,8,119.17
2026-08-20,Humira,16.81,14:57:23,2,8,119.18
2026-08-20,Humira,10.14,14:57:53,2,8,119.19
2026-08-20,Humira,6.34,14:58:23,2,8,0.0
2026-08-20,Humira,4.62,14:58:53,2,8,0.0
2026-08-20,Humira,3.73,14:59:23,2,8,0.0
2026-08-20,Humira,2.61,14:59:53,2,8,0.0
2026-08-20,Humira,13.54,15:00:23,2,8,119.24
2026-08-20,Humira,3.27,15:00:53,2,8,0.0
2026-08-20,Humira,9.06,15:01:23,2,8,119.26
2026-08-20,Humira,15.21,15:01:53,2,8,119.28
2026-08-20,Humira,12.22,15:02:23,2,8,119.29
2026-08-20,Humira,9.53,15:02:53,2,8,119.3
2026-08-20,Humira,9.12,15:03:23,2,8,119.31
2026-08-20,Humira,7.2,15:03:53,2,8,0.0
2026-08-20,Humira,3.64,15:04:23,2,8,0.0
2026-08-20,Humira,15.31,15:04:53,2,8,119.34
2026-08-20,Humira,14.47,15:05:23,2,8,119.35
2026-08-20,Humira,17.86,15:05:53,2,8,119.36
2026-08-20,Humira,11.6,15:06:23,2,8,119.37
2026-08-20,Humira,11.36,15:06:53,2,8,119.38
2026-08-20,Humira,11.81,15:07:23,2,8,119.39
2026-08-20,Humira,12.42,15:07:53,2,8,119.41
2026-08-20,Humira,9.9,15:08:23,2,8,119.42
2026-08-20,Humira,9.98,15:08:53,2,8,119.43
2026-08-20,Humira,6.86,15:09:23,2,8,0.0
2026-08-20,Humira,4.08,15:09:53,2,8,0.0
2026-08-20,Humira,2.88,15:10:23,2,8,0.0
2026-08-20,Humira,14.29,15:10:53,2,8,119.47
2026-08-20,Humira,6.46,15:11:23,2,8,0.0
2026-08-20,Humira,17.92,15:11:53,2,8,119.49
2026-08-20,Humira,16.44,15:12:23,2,8,119.5
2026-08-20,Humira,9.46,15:12:53,2,8,119.51
2026-08-20,Humira,15.78,15:13:23,2,8,119.52
2026-08-20,Humira,12.49,15:13:53,2,8,119.54
2026-08-20,Humira,11.82,15:14:23,2,8,119.55
2026-08-20,Humira,9.74,15:14:53,2,8,119.56
2026-08-20,Humira,17.97,15:15:23,2,8,119.57
2026-08-20,Humira,2.43,15:15:53,2,8,0.0
2026-08-20,Humira,14.15,15:16:23,2,8,119.59
2026-08-20,Humira,4.2,15:16:53,2,8,0.0
2026-08-20,Humira,6.21,15:17:23,2,8,0.0
2026-08-20,Humira,12.57,15:17:53,2,8,119.62
2026-08-20,Humira,14.34,15:18:23,2,8,119.63
2026-08-20,Humira,4.99,15:18:53,2,8,0.0
2026-08-20,Humira,5.64,15:19:23,2,8,0.0
2026-08-20,Humira,10.51,15:19:53,2,8,119.67
2026-08-20,Humira,9.49,15:20:23,2,8,119.68
2026-08-20,Humira,4.51,15:20:53,2,8,0.0
2026-08-20,Humira,16.48,15:21:23,2,8,119.7
2026-08-20,Humira,6.27,15:21:53,2,8,0.0
2026-08-20,Humira,2.59,15:22:23,2,8,0.0
2026-08-20,Humira,3.57,15:22:53,2,8,0.0
2026-08-20,Humira,10.16,15:23:23,2,8,119.74
2026-08-20,Humira,14.24,15:23:53,2,8,119.75
2026-08-20,Humira,9.27,15:24:23,2,8,119.76
2026-08-20,Humira,12.34,15:24:53,2,8,119.77
2026-08-20,Humira,15.28,15:25:23,2,8,119.78
2026-08-20,Humira,16.71,15:25:53,2,8,119.8
2026-08-20,Humira,10.3,15:26:23,2,8,119.81
2026-08-20,Humira,5.24,15:26:53,2,8,0.0
2026-08-20,Humira,7.21,15:27:23,2,8,0.0
2026-08-20,Humira,13.7,15:27:53,2,8,119.84
2026-08-20,Humira,16.04,15:28:23,2,8,119.85
2026-08-20,Humira,12.52,15:28:53,2,8,119.86
2026-08-20,Humira,10.71,15:29:23,2,8,119.87
2026-08-20,Humira,5.45,15:29:53,2,8,0.0
2026-08-20,Humira,2.53,15:30:23,2,8,0.0
2026-08-20,Humira,7.82,15:30:53,2,8,0.0
2026-08-20,Humira,5.49,15:31:23,2,8,0.0
2026-08-20,Humira,15.73,15:31:53,2,8,119.92
2026-08-20,Humira,15.63,15:32:23,2,8,119.94
2026-08-20,Humira,12.55,15:32:53,2,8,119.95
2026-08-20,Humira,11.65,15:33:23,2,8,119.96
2026-08-20,Humira,12.9,15:33:53,2,8,119.97
2026-08-20,Humira,4.11,15:34:23,2,8,0.0
2026-08-20,Humira,11.74,15:34:53,2,8,119.99
2026-08-20,Humira,7.64,15:35:23,2,8,0.0
2026-08-20,Humira,4.72,15:35:53,2,8,0.0
2026-08-20,Humira,10.24,15:36:23,2,8,120.02
2026-08-20,Humira,11.66,15:36:53,2,8,120.03
2026-08-20,Humira,2.13,15:37:23,2,8,0.0
2026-08-20,Humira,3.49,15:37:53,2,8,0.0
2026-08-20,Humira,9.46,15:38:23,2,8,120.07
2026-08-20,Humira,16.98,15:38:53,2,8,120.08
2026-08-20,Humira,17.84,15:39:23,2,8,120.09
2026-08-20,Humira,2.92,15:39:53,2,8,0.0
2026-08-20,Humira,11.44,15:40:23,2,8,120.11
2026-08-20,Humira,13.14,15:40:53,2,8,120.12
2026-08-20,Humira,5.47,15:41:23,2,8,0.0
2026-08-20,Humira,9.15,15:41:53,2,8,120.14
2026-08-20,Humira,12.48,15:42:23,2,8,120.15
2026-08-20,Humira,15.73,15:42:53,2,8,120.16
2026-08-20,Humira,3.89,15:43:23,2,8,0.0
2026-08-20,Humira,6.63,15:43:53,2,8,0.0
2026-08-20,Humira,10.46,15:44:23,2,8,120.2
2026-08-20,Humira,7.88,15:44:53,2,8,0.0
2026-08-20,Humira,13.56,15:45:23,2,8,120.22
2026-08-20,Humira,9.74,15:45:53,2,8,120.23
2026-08-20,Humira,11.1,15:46:23,2,8,120.24
2026-08-20,Humira,14.97,15:46:53,2,8,120.25
2026-08-20,Humira,3.59,15:47:23,2,8,0.0
2026-08-20,Humira,5.06,15:47:53,2,8,0.0
2026-08-20,Humira,11.44,15:48:23,2,8,120.28
2026-08-20,Humira,11.35,15:48:53,2,8,120.29
2026-08-20,Humira,17.28,15:49:23,2,8,120.3
2026-08-20,Humira,3.38,15:49:53,2,8,0.0
2026-08-20,Humira,11.73,15:50:23,2,8,120.33
2026-08-20,Humira,2.92,15:50:53,2,8,0.0
2026-08-20,Humira,9.31,15:51:23,2,8,120.35
2026-08-20,Humira,11.76,15:51:53,2,8,120.36
2026-08-20,Humira,4.63,15:52:23,2,8,0.0
2026-08-20,Humira,14.45,15:52:53,2,8,120.38
2026-08-20,Humira,2.53,15:53:23,2,8,0.0
2026-08-20,Humira,11.25,15:53:53,2,8,120.4
2026-08-20,Humira,10.17,15:54:23,2,8,120.41
2026-08-20,Humira,11.9,15:54:53,2,8,120.42
2026-08-20,Humira,5.36,15:55:23,2,8,0.0
2026-08-20,Humira,10.13,15:55:53,2,8,120.45
2026-08-20,Humira,9.3,15:56:23,2,8,120.46
2026-08-20,Humira,13.24,15:56:53,2,8,120.47
2026-08-20,Humira,13.84,15:57:23,2,8,120.48
2026-08-20,Humira,11.42,15:57:53,2,8,120.49
2026-08-20,Humira,2.36,15:58:23,2,8,0.0
2026-08-20,Humira,6.09,15:58:53,2,8,0.0
2026-08-20,Humira,9.24,15:59:23,2,8,120.52
2026-08-20,Humira,14.56,15:59:53,2,8,120.53
2026-08-20,Humira,9.88,16:00:23,2,8,120.54
2026-08-20,Humira,10.75,16:00:53,2,8,120.55
2026-08-20,Humira,12.57,16:01:23,2,8,120.56
2026-08-20,Humira,13.77,16:01:53,2,8,120.58
2026-08-20,Humira,2.6,16:02:23,2,8,0.0
2026-08-20,Humira,11.69,16:02:53,2,8,120.6
2026-08-20,Humira,14.17,16:03:23,2,8,120.61
2026-08-20,Humira,10.14,16:03:53,2,8,120.62
2026-08-20,Humira,4.73,16:04:23,2,8,0.0
2026-08-20,Humira,6.15,16:04:53,2,8,0.0
2026-08-20,Humira,6.54,16:05:23,2,8,0.0
2026-08-20,Humira,6.47,16:05:53,2,8,0.0
2026-08-20,Humira,4.41,16:06:23,2,8,0.0
2026-08-20,Humira,15.59,16:06:53,2,8,120.68
2026-08-20,Humira,5.39,16:07:23,2,8,0.0
2026-08-20,Humira,5.44,16:07:53,2,8,0.0
2026-08-20,Humira,9.97,16:08:23,2,8,120.72
2026-08-20,Humira,4.16,16:08:53,2,8,0.0
2026-08-20,Humira,2.42,16:09:23,2,8,0.0
2026-08-20,Humira,9.0,16:09:53,2,8,120.75
2026-08-20,Humira,7.55,16:10:23,2,8,0.0
2026-08-20,Humira,15.08,16:10:53,2,8,120.77
2026-08-20,Humira,11.97,16:11:23,2,8,120.78
2026-08-20,Humira,11.24,16:11:53,2,8,120.79
2026-08-20,Humira,15.34,16:12:23,2,8,120.8
2026-08-20,Humira,4.77,16:12:53,2,8,0.0
2026-08-20,Humira,17.6,16:13:23,2,8,120.82
2026-08-20,Humira,13.49,16:13:53,2,8,120.84
2026-08-20,Humira,16.41,16:14:23,2,8,120.85
2026-08-20,Humira,3.28,16:14:53,2,8,0.0
2026-08-20,Humira,3.79,16:15:23,2,8,0.0
2026-08-20,Humira,9.09,16:15:53,2,8,120.88
2026-08-20,Humira,17.9,16:16:23,2,8,120.89
2026-08-20,Humira,10.01,16:16:53,2,8,120.9
2026-08-20,Humira,5.41,16:17:23,2,8,0.0
2026-08-20,Humira,4.01,16:17:53,2,8,0.0
2026-08-20,Humira,9.11,16:18:23,2,8,120.93
2026-08-20,Humira,10.34,16:18:53,2,8,120.94
2026-08-20,Humira,4.66,16:19:23,2,8,0.0
2026-08-20,Humira,9.21,16:19:53,2,8,120.97
2026-08-20,Humira,15.64,16:20:23,2,8,120.98
2026-08-20,Humira,14.6,16:20:53,2,8,120.99
2026-08-20,Humira,6.34,16:21:23,2,8,0.0
2026-08-20,Humira,11.97,16:21:53,2,8,121.01
2026-08-20,Humira,5.67,16:22:23,2,8,0.0
2026-08-20,Humira,3.54,16:22:53,2,8,0.0
2026-08-20,Humira,4.44,16:23:23,2,8,0.0
2026-08-20,Humira,3.66,16:23:53,2,8,0.0
2026-08-20,Humira,15.71,16:24:23,2,8,121.06
2026-08-20,Humira,12.18,16:24:53,2,8,121.07
2026-08-20,Humira,12.61,16:25:23,2,8,121.08
2026-08-20,Humira,2.25,16:25:53,2,8,0.0
2026-08-20,Humira,16.91,16:26:23,2,8,121.11
2026-08-20,Humira,3.12,16:26:53,2,8,0.0
2026-08-20,Humira,9.05,16:27:23,2,8,121.13
2026-08-20,Humira,5.66,16:27:53,2,8,0.0
2026-08-20,Humira,9.32,16:28:23,2,8,121.15
2026-08-20,Humira,3.01,16:28:53,2,8,0.0
2026-08-20,Humira,16.13,16:29:23,2,8,121.17
2026-08-20,Humira,2.71,16:29:53,2,8,0.0
2026-08-20,Humira,5.06,16:30:23,2,8,0.0
2026-08-20,Humira,13.23,16:30:53,2,8,121.2
2026-08-20,Humira,17.68,16:31:23,2,8,121.21
2026-08-20,Humira,11.31,16:31:53,2,8,121.23
2026-08-20,Humira,15.09,16:32:23,2,8,121.24
2026-08-20,Humira,9.98,16:32:53,2,8,121.25
2026-08-20,Humira,11.97,16:33:23,2,8,121.26
2026-08-20,Humira,10.39,16:33:53,2,8,121.27
2026-08-20,Humira,17.29,16:34:23,2,8,121.28
2026-08-20,Humira,9.15,16:34:53,2,8,121.29
2026-08-20,Humira,4.39,16:35:23,2,8,0.0
2026-08-20,Humira,3.3,16:35:53,2,8,0.0
2026-08-20,Humira,13.18,16:36:23,2,8,121.32
2026-08-20,Humira,5.53,16:36:53,2,8,0.0
2026-08-20,Humira,11.42,16:37:23,2,8,121.34
2026-08-20,Humira,12.85,16:37:53,2,8,121.35
2026-08-20,Humira,6.05,16:38:23,2,8,0.0
2026-08-20,Humira,11.55,16:38:53,2,8,121.38
2026-08-20,Humira,14.7,16:39:23,2,8,121.39
2026-08-20,Humira,15.9,16:39:53,2,8,121.4
2026-08-20,Humira,3.53,16:40:23,2,8,0.0
2026-08-20,Humira,14.08,16:40:53,2,8,121.42
2026-08-20,Humira,16.21,16:41:23,2,8,121.43
2026-08-20,Humira,6.04,16:41:53,2,8,0.0
2026-08-20,Humira,5.75,16:42:23,2,8,0.0
2026-08-20,Humira,9.73,16:42:53,2,8,121.46
2026-08-20,Humira,2.14,16:43:23,2,8,0.0
2026-08-20,Humira,9.65,16:43:53,2,8,121.49
2026-08-20,Humira,12.85,16:44:23,2,8,121.5
2026-08-20,Humira,2.11,16:44:53,2,8,0.0
2026-08-20,Humira,2.13,16:45:23,2,8,0.0
2026-08-20,Humira,14.73,16:45:53,2,8,121.53
2026-08-20,Humira,13.29,16:46:23,2,8,121.54
2026-08-20,Humira,15.8,16:46:53,2,8,121.55
2026-08-20,Humira,14.31,16:47:23,2,8,121.56
2026-08-20,Humira,12.73,16:47:53,2,8,121.57
2026-08-20,Humira,4.61,16:48:23,2,8,0.0
2026-08-20,Humira,11.77,16:48:53,2,8,121.59
2026-08-20,Humira,9.5,16:49:23,2,8,121.6
2026-08-20,Humira,10.35,16:49:53,2,8,121.61
2026-08-20,Humira,12.24,16:50:23,2,8,121.63
2026-08-20,Humira,2.68,16:50:53,2,8,0.0
2026-08-20,Humira,3.31,16:51:23,2,8,0.0
2026-08-20,Humira,9.69,16:51:53,2,8,121.66
2026-08-20,Humira,16.72,16:52:23,2,8,121.67
2026-08-20,Humira,12.33,16:52:53,2,8,121.68
2026-08-20,Humira,13.96,16:53:23,2,8,121.69
2026-08-20,Humira,7.85,16:53:53,2,8,0.0
2026-08-20,Humira,13.47,16:54:23,2,8,121.71
2026-08-20,Humira,9.86,16:54:53,2,8,121.72
2026-08-20,Humira,7.93,16:55:23,2,8,0.0
2026-08-20,Humira,17.74,16:55:53,2,8,121.75
2026-08-20,Humira,3.24,16:56:23,2,8,0.0
2026-08-20,Humira,14.85,16:56:53,2,8,121.77
2026-08-20,Humira,7.66,16:57:23,2,8,0.0
2026-08-20,Humira,17.98,16:57:53,2,8,121.79
2026-08-20,Humira,5.5,16:58:23,2,8,0.0
2026-08-20,Humira,11.32,16:58:53,2,8,121.81
2026-08-20,Humira,9.76,16:59:23,2,8,121.82
2026-08-20,Humira,6.93,16:59:53,2,8,0.0
2026-08-20,Humira,12.13,17:00:23,2,8,121.84
2026-08-20,Humira,9.66,17:00:53,2,8,121.85
2026-08-20,Humira,2.38,17:01:23,2,8,0.0
2026-08-20,Humira,4.19,17:01:53,2,8,0.0
2026-08-20,Humira,9.1,17:02:23,2,8,121.89
2026-08-20,Humira,13.68,17:02:53,2,8,121.9
2026-08-20,Humira,2.19,17:03:23,2,8,0.0
2026-08-20,Humira,6.35,17:03:53,2,8,0.0
2026-08-20,Humira,2.95,17:04:23,2,8,0.0
2026-08-20,Humira,5.04,17:04:53,2,8,0.0
2026-08-20,Humira,7.94,17:05:23,2,8,0.0
2026-08-20,Humira,12.21,17:05:53,2,8,121.96
2026-08-20,Humira,10.13,17:06:23,2,8,121.97
2026-08-20,Humira,11.43,17:06:53,2,8,121.98
2026-08-20,Humira,10.4,17:07:23,2,8,121.99
2026-08-20,Humira,12.07,17:07:53,2,8,122.0
2026-08-20,Humira,5.5,17:08:23,2,8,0.0
2026-08-20,Humira,16.13,17:08:53,2,8,122.03
2026-08-20,Humira,15.69,17:09:23,2,8,122.04
2026-08-20,Humira,10.58,17:09:53,2,8,122.05
2026-08-20,Humira,17.21,17:10:23,2,8,122.06
2026-08-20,Humira,2.04,17:10:53,2,8,0.0
2026-08-20,Humira,14.99,17:11:23,2,8,122.08
2026-08-20,Humira,5.47,17:11:53,2,8,0.0
2026-08-20,Humira,9.25,17:12:23,2,8,122.1
2026-08-20,Humira,12.37,17:12:53,2,8,122.11
2026-08-20,Humira,6.15,17:13:23,2,8,0.0
2026-08-20,Humira,2.42,17:13:53,2,8,0.0
2026-08-20,Humira,11.68,17:14:23,2,8,122.15
2026-08-20,Humira,16.21,17:14:53,2,8,122.16
2026-08-20,Humira,15.43,17:15:23,2,8,122.17
2026-08-20,Humira,4.4,17:15:53,2,8,0.0
2026-08-20,Humira,6.23,17:16:23,2,8,0.0
2026-08-20,Humira,11.89,17:16:53,2,8,122.2
2026-08-20,Humira,14.84,17:17:23,2,8,122.21
2026-08-20,Humira,12.05,17:17:53,2,8,122.22
2026-08-20,Humira,14.36,17:18:23,2,8,122.23
2026-08-20,Humira,5.21,17:18:53,2,8,0.0
2026-08-20,Humira,9.67,17:19:23,2,8,122.25
2026-08-20,Humira,12.25,17:19:53,2,8,122.27
2026-08-20,Humira,15.81,17:20:23,2,8,122.28
2026-08-20,Humira,3.96,17:20:53,2,8,0.0
2026-08-20,Humira,14.93,17:21:23,2,8,122.3
2026-08-20,Humira,14.62,17:21:53,2,8,122.31
2026-08-20,Humira,11.45,17:22:23,2,8,122.32
2026-08-20,Humira,6.22,17:22:53,2,8,0.0
2026-08-20,Humira,7.1,17:23:23,2,8,0.0
2026-08-20,Humira,16.78,17:23:53,2,8,122.35
2026-08-20,Humira,7.23,17:24:23,2,8,0.0
2026-08-20,Humira,10.36,17:24:53,2,8,122.37
2026-08-20,Humira,13.72,17:25:23,2,8,122.38
2026-08-20,Humira,14.79,17:25:53,2,8,122.4
2026-08-20,Humira,12.99,17:26:23,2,8,122.41
2026-08-20,Humira,17.01,17:26:53,2,8,122.42
2026-08-20,Humira,11.67,17:27:23,2,8,122.43
2026-08-20,Humira,10.41,17:27:53,2,8,122.44
2026-08-20,Humira,2.99,17:28:23,2,8,0.0
2026-08-20,Humira,17.65,17:28:53,2,8,122.46
2026-08-20,Humira,12.47,17:29:23,2,8,122.47
2026-08-20,Humira,12.51,17:29:53,2,8,122.48
2026-08-20,Humira,15.66,17:30:23,2,8,122.49
2026-08-20,Humira,6.17,17:30:53,2,8,0.0
2026-08-20,Humira,14.34,17:31:23,2,8,122.51
2026-08-20,Humira,9.32,17:31:53,2,8,122.53
2026-08-20,Humira,11.66,17:32:23,2,8,122.54
2026-08-20,Humira,3.97,17:32:53,2,8,0.0
2026-08-20,Humira,14.4,17:33:23,2,8,122.56
2026-08-20,Humira,10.21,17:33:53,2,8,122.57
2026-08-20,Humira,9.41,17:34:23,2,8,122.58
2026-08-20,Humira,10.85,17:34:53,2,8,122.59
2026-08-20,Humira,12.72,17:35:23,2,8,122.6
2026-08-20,Humira,6.59,17:35:53,2,8,0.0
2026-08-20,Humira,10.15,17:36:23,2,8,122.62
2026-08-20,Humira,10.58,17:36:53,2,8,122.63
2026-08-20,Humira,3.04,17:37:23,2,8,0.0
2026-08-20,Humira,10.26,17:37:53,2,8,122.66
2026-08-20,Humira,9.81,17:38:23,2,8,122.67
2026-08-20,Humira,4.36,17:38:53,2,8,0.0
2026-08-20,Humira,11.05,17:39:23,2,8,122.69
2026-08-20,Humira,14.24,17:39:53,2,8,122.7
2026-08-20,Humira,7.45,17:40:23,2,8,0.0
2026-08-20,Humira,2.0,17:40:53,2,8,0.0
2026-08-20,Humira,10.67,17:41:23,2,8,122.73
2026-08-20,Humira,12.58,17:41:53,2,8,122.74
2026-08-20,Humira,13.49,17:42:23,2,8,122.75
2026-08-20,Humira,13.94,17:42:53,2,8,122.76
2026-08-20,Humira,15.34,17:43:23,2,8,122.77
2026-08-20,Humira,9.87,17:43:53,2,8,122.79
2026-08-20,Humira,14.59,17:44:23,2,8,122.8
2026-08-20,Humira,11.23,17:44:53,2,8,122.81
2026-08-20,Humira,2.3,17:45:23,2,8,0.0
2026-08-20,Humira,9.74,17:45:53,2,8,122.83
2026-08-20,Humira,11.99,17:46:23,2,8,122.84
2026-08-20,Humira,9.41,17:46:53,2,8,122.85
2026-08-20,Humira,16.02,17:47:23,2,8,122.86
2026-08-20,Humira,10.62,17:47:53,2,8,122.87
2026-08-20,Humira,11.7,17:48:23,2,8,122.88
2026-08-20,Humira,6.92,17:48:53,2,8,0.0
2026-08-20,Humira,13.12,17:49:23,2,8,122.9
2026-08-20,Humira,15.22,17:49:53,2,8,122.92
2026-08-20,Humira,10.41,17:50:23,2,8,122.93
2026-08-20,Humira,15.54,17:50:53,2,8,122.94
2026-08-20,Humira,3.76,17:51:23,2,8,0.0
2026-08-20,Humira,2.98,17:51:53,2,8,0.0
2026-08-20,Humira,17.91,17:52:23,2,8,122.97
2026-08-20,Humira,6.52,17:52:53,2,8,0.0
2026-08-20,Humira,4.09,17:53:23,2,8,0.0
2026-08-20,Humira,4.71,17:53:53,2,8,0.0
2026-08-20,Humira,17.54,17:54:23,2,8,123.01
2026-08-20,Humira,4.34,17:54:53,2,8,0.0
2026-08-20,Humira,15.75,17:55:23,2,8,123.03
2026-08-20,Humira,13.96,17:55:53,2,8,123.05
2026-08-20,Humira,7.66,17:56:23,2,8,0.0
2026-08-20,Humira,3.4,17:56:53,2,8,0.0
2026-08-20,Humira,12.67,17:57:23,2,8,123.08
2026-08-20,Humira,6.52,17:57:53,2,8,0.0
2026-08-20,Humira,17.33,17:58:23,2,8,123.1
2026-08-20,Humira,6.55,17:58:53,2,8,0.0
2026-08-20,Humira,13.35,17:59:23,2,8,123.12
2026-08-20,Humira,7.88,17:59:53,2,8,0.0
2026-08-20,Humira,9.26,18:00:23,2,8,123.14
2026-08-20,Humira,11.25,18:00:53,2,8,123.15
2026-08-20,Humira,11.87,18:01:23,2,8,123.16
2026-08-20,Humira,5.14,18:01:53,2,8,0.0
2026-08-20,Humira,17.24,18:02:23,2,8,123.19
2026-08-20,Humira,5.03,18:02:53,2,8,0.0
2026-08-20,Humira,16.28,18:03:23,2,8,123.21
2026-08-20,Humira,14.64,18:03:53,2,8,123.22
2026-08-20,Humira,7.19,18:04:23,2,8,0.0
2026-08-20,Humira,15.44,18:04:53,2,8,123.24
2026-08-20,Humira,16.96,18:05:23,2,8,123.25
2026-08-20,Humira,2.19,18:05:53,2,8,0.0
2026-08-20,Humira,10.3,18:06:23,2,8,123.27
2026-08-20,Humira,17.75,18:06:53,2,8,123.28
2026-08-20,Humira,17.38,18:07:23,2,8,123.29
2026-08-20,Humira,14.97,18:07:53,2,8,123.3
2026-08-20,Humira,16.25,18:08:23,2,8,123.32
2026-08-20,Humira,11.94,18:08:53,2,8,123.33
2026-08-20,Humira,7.89,18:09:23,2,8,0.0
2026-08-20,Humira,3.11,18:09:53,2,8,0.0
2026-08-20,Humira,14.89,18:10:23,2,8,123.36
2026-08-20,Humira,17.13,18:10:53,2,8,123.37
2026-08-20,Humira,17.31,18:11:23,2,8,123.38
2026-08-20,Humira,12.11,18:11:53,2,8,123.39
2026-08-20,Humira,2.4,18:12:23,2,8,0.0
2026-08-20,Humira,12.25,18:12:53,2,8,123.41
2026-08-20,Humira,9.78,18:13:23,2,8,123.42
2026-08-20,Humira,14.02,18:13:53,2,8,123.44
2026-08-20,Humira,15.1,18:14:23,2,8,123.45
2026-08-20,Humira,4.61,18:14:53,2,8,0.0
2026-08-20,Humira,17.26,18:15:23,2,8,123.47
2026-08-20,Humira,10.75,18:15:53,2,8,123.48
2026-08-20,Humira,15.38,18:16:23,2,8,123.49
2026-08-20,Humira,11.69,18:16:53,2,8,123.5
2026-08-20,Humira,10.33,18:17:23,2,8,123.51
2026-08-20,Humira,5.99,18:17:53,2,8,0.0
2026-08-20,Humira,11.14,18:18:23,2,8,123.53
2026-08-20,Humira,5.09,18:18:53,2,8,0.0
2026-08-20,Humira,2.78,18:19:23,2,8,0.0
2026-08-20,Humira,5.06,18:19:53,2,8,0.0
2026-08-20,Humira,9.55,18:20:23,2,8,123.58
2026-08-20,Humira,16.01,18:20:53,2,8,123.59
2026-08-20,Humira,15.39,18:21:23,2,8,123.6
2026-08-20,Humira,15.19,18:21:53,2,8,123.61
2026-08-20,Humira,15.26,18:22:23,2,8,123.62
2026-08-20,Humira,14.25,18:22:53,2,8,123.63
2026-08-20,Humira,10.79,18:23:23,2,8,123.64
2026-08-20,Humira,16.26,18:23:53,2,8,123.65
2026-08-20,Humira,16.79,18:24:23,2,8,123.66
2026-08-20,Humira,11.26,18:24:53,2,8,123.67
2026-08-20,Humira,10.99,18:25:23,2,8,123.68
2026-08-20,Humira,15.76,18:25:53,2,8,123.7
2026-08-20,Humira,12.48,18:26:23,2,8,123.71
2026-08-20,Humira,7.61,18:26:53,2,8,0.0
2026-08-20,Humira,3.18,18:27:23,2,8,0.0
2026-08-20,Humira,13.97,18:27:53,2,8,123.74
2026-08-20,Humira,4.44,18:28:23,2,8,0.0
2026-08-20,Humira,2.6,18:28:53,2,8,0.0
2026-08-20,Humira,17.9,18:29:23,2,8,123.77
2026-08-20,Humira,4.76,18:29:53,2,8,0.0
2026-08-20,Humira,17.82,18:30:23,2,8,123.79
2026-08-20,Humira,16.51,18:30:53,2,8,123.8
2026-08-20,Humira,4.65,18:31:23,2,8,0.0
2026-08-20,Humira,12.91,18:31:53,2,8,123.83
2026-08-20,Humira,4.33,18:32:23,2,8,0.0
2026-08-20,Humira,10.27,18:32:53,2,8,123.85
2026-08-20,Humira,4.48,18:33:23,2,8,0.0
2026-08-20,Humira,17.42,18:33:53,2,8,123.87
2026-08-20,Humira,6.68,18:34:23,2,8,0.0
2026-08-20,Humira,7.89,18:34:53,2,8,0.0
2026-08-20,Humira,5.88,18:35:23,2,8,0.0
2026-08-20,Humira,12.32,18:35:53,2,8,123.91
2026-08-20,Humira,5.03,18:36:23,2,8,0.0
2026-08-20,Humira,7.88,18:36:53,2,8,0.0
2026-08-20,Humira,2.32,18:37:23,2,8,0.0
2026-08-20,Humira,3.8,18:37:53,2,8,0.0
2026-08-20,Humira,13.94,18:38:23,2,8,123.97
2026-08-20,Humira,16.95,18:38:53,2,8,123.98
2026-08-20,Humira,12.27,18:39:23,2,8,123.99
2026-08-20,Humira,13.03,18:39:53,2,8,124.0
2026-08-20,Humira,4.0,18:40:23,2,8,0.0
2026-08-20,Humira,11.66,18:40:53,2,8,124.02
2026-08-20,Humira,5.3,18:41:23,2,8,0.0
2026-08-20,Humira,10.61,18:41:53,2,8,124.04
2026-08-20,Humira,3.87,18:42:23,2,8,0.0
2026-08-20,Humira,14.67,18:42:53,2,8,124.06
2026-08-20,Humira,17.07,18:43:23,2,8,124.07
2026-08-20,Humira,4.34,18:43:53,2,8,0.0
2026-08-20,Humira,17.11,18:44:23,2,8,124.1
2026-08-20,Humira,2.46,18:44:53,2,8,0.0
2026-08-20,Humira,15.31,18:45:23,2,8,124.12
2026-08-20,Humira,14.45,18:45:53,2,8,124.13
2026-08-20,Humira,9.96,18:46:23,2,8,124.14
2026-08-20,Humira,2.68,18:46:53,2,8,0.0
2026-08-20,Humira,13.59,18:47:23,2,8,124.16
2026-08-20,Humira,15.53,18:47:53,2,8,124.17
2026-08-20,Humira,2.65,18:48:23,2,8,0.0
2026-08-20,Humira,16.6,18:48:53,2,8,124.19
2026-08-20,Humira,13.6,18:49:23,2,8,124.2
2026-08-20,Humira,13.84,18:49:53,2,8,124.22
2026-08-20,Humira,4.17,18:50:23,2,8,0.0
2026-08-20,Humira,9.22,18:50:53,2,8,124.24
2026-08-20,Humira,17.1,18:51:23,2,8,124.25
2026-08-20,Humira,10.32,18:51:53,2,8,124.26
2026-08-20,Humira,7.1,18:52:23,2,8,0.0
2026-08-20,Humira,4.79,18:52:53,2,8,0.0
2026-08-20,Humira,13.07,18:53:23,2,8,124.29
2026-08-20,Humira,12.3,18:53:53,2,8,124.3
2026-08-20,Humira,6.27,18:54:23,2,8,0.0
2026-08-20,Humira,2.99,18:54:53,2,8,0.0
2026-08-20,Humira,17.96,18:55:23,2,8,124.33
2026-08-20,Humira,13.93,18:55:53,2,8,124.35
2026-08-20,Humira,11.7,18:56:23,2,8,124.36
2026-08-20,Humira,12.27,18:56:53,2,8,124.37
2026-08-20,Humira,7.2,18:57:23,2,8,0.0
2026-08-20,Humira,12.46,18:57:53,2,8,124.39
2026-08-20,Humira,5.87,18:58:23,2,8,0.0
2026-08-20,Humira,2.35,18:58:53,2,8,0.0
2026-08-20,Humira,12.1,18:59:23,2,8,124.42
2026-08-20,Humira,9.83,18:59:53,2,8,124.43
2026-08-20,Humira,7.36,19:00:23,2,8,0.0
2026-08-20,Humira,11.97,19:00:53,2,8,124.45
2026-08-20,Humira,7.65,19:01:23,2,8,0.0
2026-08-20,Humira,10.96,19:01:53,2,8,124.48
2026-08-20,Humira,15.35,19:02:23,2,8,124.49
2026-08-20,Humira,17.72,19:02:53,2,8,124.5
2026-08-20,Humira,9.47,19:03:23,2,8,124.51
2026-08-20,Humira,6.99,19:03:53,2,8,0.0
2026-08-20,Humira,4.35,19:04:23,2,8,0.0
2026-08-20,Humira,4.98,19:04:53,2,8,0.0
2026-08-20,Humira,12.31,19:05:23,2,8,124.55
2026-08-20,Humira,12.79,19:05:53,2,8,124.56
2026-08-20,Humira,16.65,19:06:23,2,8,124.57
2026-08-20,Humira,17.85,19:06:53,2,8,124.58
2026-08-20,Humira,14.64,19:07:23,2,8,124.59
2026-08-20,Humira,7.26,19:07:53,2,8,0.0
2026-08-20,Humira,16.44,19:08:23,2,8,124.62
2026-08-20,Humira,4.43,19:08:53,2,8,0.0
2026-08-20,Humira,5.16,19:09:23,2,8,0.0
2026-08-20,Humira,7.15,19:09:53,2,8,0.0
2026-08-20,Humira,17.01,19:10:23,2,8,124.66
2026-08-20,Humira,14.78,19:10:53,2,8,124.67
2026-08-20,Humira,17.75,19:11:23,2,8,124.68
2026-08-20,Humira,11.08,19:11:53,2,8,124.69
2026-08-20,Humira,5.8,19:12:23,2,8,0.0
2026-08-20,Humira,16.34,19:12:53,2,8,124.71
2026-08-20,Humira,11.65,19:13:23,2,8,124.72
2026-08-20,Humira,4.98,19:13:53,2,8,0.0
2026-08-20,Humira,10.52,19:14:23,2,8,124.75
2026-08-20,Humira,12.19,19:14:53,2,8,124.76
2026-08-20,Humira,2.51,19:15:23,2,8,0.0
2026-08-20,Humira,12.22,19:15:53,2,8,124.78
2026-08-20,Humira,10.73,19:16:23,2,8,124.79
2026-08-20,Humira,4.25,19:16:53,2,8,0.0
2026-08-20,Humira,15.34,19:17:23,2,8,124.81
2026-08-20,Humira,16.4,19:17:53,2,8,124.82
2026-08-20,Humira,4.72,19:18:23,2,8,0.0
2026-08-20,Humira,7.04,19:18:53,2,8,0.0
2026-08-20,Humira,14.24,19:19:23,2,8,124.85
2026-08-20,Humira,17.23,19:19:53,2,8,124.86
2026-08-20,Humira,10.98,19:20:23,2,8,124.88
2026-08-20,Humira,12.5,19:20:53,2,8,124.89
2026-08-20,Humira,10.18,19:21:23,2,8,124.9
2026-08-20,Humira,17.61,19:21:53,2,8,124.91
2026-08-20,Humira,15.44,19:22:23,2,8,124.92
2026-08-20,Humira,15.17,19:22:53,2,8,124.93
2026-08-20,Humira,12.94,19:23:23,2,8,124.94
2026-08-20,Humira,2.86,19:23:53,2,8,0.0
2026-08-20,Humira,15.03,19:24:23,2,8,124.96
2026-08-20,Humira,17.9,19:24:53,2,8,124.97
2026-08-20,Humira,15.1,19:25:23,2,8,124.98
2026-08-20,Humira,14.65,19:25:53,2,8,125.0
2026-08-20,Humira,12.79,19:26:23,2,8,125.01
2026-08-20,Humira,3.37,19:26:53,2,8,0.0
2026-08-20,Humira,3.32,19:27:23,2,8,0.0
2026-08-20,Humira,13.87,19:27:53,2,8,125.04
2026-08-20,Humira,13.69,19:28:23,2,8,125.05
2026-08-20,Humira,4.12,19:28:53,2,8,0.0
2026-08-20,Humira,3.57,19:29:23,2,8,0.0
2026-08-20,Humira,2.03,19:29:53,2,8,0.0
2026-08-20,Humira,9.75,19:30:23,2,8,125.09
2026-08-20,Humira,16.85,19:30:53,2,8,125.1
2026-08-20,Humira,4.32,19:31:23,2,8,0.0
2026-08-20,Humira,9.98,19:31:53,2,8,125.12
2026-08-20,Humira,6.34,19:32:23,2,8,0.0
2026-08-20,Humira,10.32,19:32:53,2,8,125.15
2026-08-20,Humira,17.81,19:33:23,2,8,125.16
2026-08-20,Humira,9.02,19:33:53,2,8,125.17
2026-08-20,Humira,10.41,19:34:23,2,8,125.18
2026-08-20,Humira,6.82,19:34:53,2,8,0.0
2026-08-20,Humira,12.17,19:35:23,2,8,125.2
2026-08-20,Humira,4.15,19:35:53,2,8,0.0
2026-08-20,Humira,5.66,19:36:23,2,8,0.0
2026-08-20,Humira,16.62,19:36:53,2,8,125.23
2026-08-20,Humira,16.12,19:37:23,2,8,125.24
2026-08-20,Humira,14.46,19:37:53,2,8,125.25
2026-08-20,Humira,5.68,19:38:23,2,8,0.0
2026-08-20,Humira,5.07,19:38:53,2,8,0.0
2026-08-20,Humira,7.64,19:39:23,2,8,0.0
2026-08-20,Humira,10.16,19:39:53,2,8,125.3
2026-08-20,Humira,13.14,19:40:23,2,8,125.31
2026-08-20,Humira,16.39,19:40:53,2,8,125.32
2026-08-20,Humira,14.53,19:41:23,2,8,125.33
2026-08-20,Humira,9.09,19:41:53,2,8,125.34
2026-08-20,Humira,6.9,19:42:23,2,8,0.0
2026-08-20,Humira,17.55,19:42:53,2,8,125.36
2026-08-20,Humira,5.88,19:43:23,2,8,0.0
2026-08-20,Humira,15.55,19:43:53,2,8,125.39
2026-08-20,Humira,15.63,19:44:23,2,8,125.4
2026-08-20,Humira,5.39,19:44:53,2,8,0.0
2026-08-20,Humira,11.79,19:45:23,2,8,125.42
2026-08-20,Humira,2.65,19:45:53,2,8,0.0
2026-08-20,Humira,5.76,19:46:23,2,8,0.0
2026-08-20,Humira,4.92,19:46:53,2,8,0.0
2026-08-20,Humira,10.87,19:47:23,2,8,125.46
2026-08-20,Humira,4.98,19:47:53,2,8,0.0
2026-08-20,Humira,7.06,19:48:23,2,8,0.0
2026-08-20,Humira,14.42,19:48:53,2,8,125.49
2026-08-20,Humira,15.71,19:49:23,2,8,125.5
2026-08-20,Humira,4.65,19:49:53,2,8,0.0
2026-08-20,Humira,17.18,19:50:23,2,8,125.53
2026-08-20,Humira,16.64,19:50:53,2,8,125.54
2026-08-20,Humira,16.26,19:51:23,2,8,125.55
2026-08-20,Humira,2.1,19:51:53,2,8,0.0
2026-08-20,Humira,7.91,19:52:23,2,8,0.0
2026-08-20,Humira,17.01,19:52:53,2,8,125.58
2026-08-20,Humira,9.09,19:53:23,2,8,125.59
2026-08-20,Humira,9.28,19:53:53,2,8,125.6
2026-08-20,Humira,4.85,19:54:23,2,8,0.0
2026-08-20,Humira,10.31,19:54:53,2,8,125.62
2026-08-20,Humira,6.11,19:55:23,2,8,0.0
2026-08-20,Humira,3.41,19:55:53,2,8,0.0
2026-08-20,Humira,15.85,19:56:23,2,8,125.66
2026-08-20,Humira,6.81,19:56:53,2,8,0.0
2026-08-20,Humira,16.47,19:57:23,2,8,125.68
2026-08-20,Humira,15.83,19:57:53,2,8,125.69
2026-08-20,Humira,13.57,19:58:23,2,8,125.7
2026-08-20,Humira,17.25,19:58:53,2,8,125.71
2026-08-20,Humira,12.64,19:59:23,2,8,125.72
2026-08-20,Humira,16.08,19:59:53,2,8,125.73
2026-08-20,Humira,10.02,20:00:23,2,8,125.74
2026-08-20,Humira,14.23,20:00:53,2,8,125.75
2026-08-20,Humira,16.69,20:01:23,2,8,125.76
2026-08-20,Humira,4.51,20:01:53,2,8,0.0
2026-08-20,Humira,15.48,20:02:23,2,8,125.79
2026-08-20,Humira,17.31,20:02:53,2,8,125.8
2026-08-20,Humira,9.7,20:03:23,2,8,125.81
2026-08-20,Humira,9.1,20:03:53,2,8,125.82
2026-08-20,Humira,6.53,20:04:23,2,8,0.0
2026-08-20,Humira,10.88,20:04:53,2,8,125.84
2026-08-20,Humira,10.51,20:05:23,2,8,125.85
2026-08-20,Humira,14.43,20:05:53,2,8,125.86
2026-08-20,Humira,14.34,20:06:23,2,8,125.87
2026-08-20,Humira,11.62,20:06:53,2,8,125.88
2026-08-20,Humira,7.68,20:07:23,2,8,0.0
2026-08-20,Humira,6.12,20:07:53,2,8,0.0
2026-08-20,Humira,17.25,20:08:23,2,8,125.92
2026-08-20,Humira,6.71,20:08:53,2,8,0.0
2026-08-20,Humira,11.71,20:09:23,2,8,125.94
2026-08-20,Humira,11.05,20:09:53,2,8,125.95
2026-08-20,Humira,9.61,20:10:23,2,8,125.96
2026-08-20,Humira,2.33,20:10:53,2,8,0.0
2026-08-20,Humira,6.79,20:11:23,2,8,0.0
2026-08-20,Humira,3.45,20:11:53,2,8,0.0
2026-08-20,Humira,11.61,20:12:23,2,8,126.0
2026-08-20,Humira,15.66,20:12:53,2,8,126.01
2026-08-20,Humira,12.7,20:13:23,2,8,126.02
2026-08-20,Humira,14.07,20:13:53,2,8,126.04
2026-08-20,Humira,10.16,20:14:23,2,8,126.05
2026-08-20,Humira,15.32,20:14:53,2,8,126.06
2026-08-20,Humira,5.65,20:15:23,2,8,0.0
2026-08-20,Humira,13.13,20:15:53,2,8,126.08
2026-08-20,Humira,4.81,20:16:23,2,8,0.0
2026-08-20,Humira,17.8,20:16:53,2,8,126.1
2026-08-20,Humira,3.8,20:17:23,2,8,0.0
2026-08-20,Humira,2.21,20:17:53,2,8,0.0
2026-08-20,Humira,13.14,20:18:23,2,8,126.13
2026-08-20,Humira,10.28,20:18:53,2,8,126.14
2026-08-20,Humira,11.56,20:19:23,2,8,126.15
2026-08-20,Humira,13.3,20:19:53,2,8,126.17
2026-08-20,Humira,13.67,20:20:23,2,8,126.18
2026-08-20,Humira,16.33,20:20:53,2,8,126.19
2026-08-20,Humira,13.02,20:21:23,2,8,126.2
2026-08-20,Humira,12.22,20:21:53,2,8,126.21
2026-08-20,Humira,3.77,20:22:23,2,8,0.0
2026-08-20,Humira,12.61,20:22:53,2,8,126.23
2026-08-20,Humira,5.28,20:23:23,2,8,0.0
2026-08-20,Humira,6.84,20:23:53,2,8,0.0
2026-08-20,Humira,12.35,20:24:23,2,8,126.26
2026-08-20,Humira,4.86,20:24:53,2,8,0.0
2026-08-20,Humira,3.49,20:25:23,2,8,0.0
2026-08-20,Humira,14.2,20:25:53,2,8,126.3
2026-08-20,Humira,11.45,20:26:23,2,8,126.31
2026-08-20,Humira,12.11,20:26:53,2,8,126.32
2026-08-20,Humira,13.12,20:27:23,2,8,126.33
2026-08-20,Humira,7.47,20:27:53,2,8,0.0
2026-08-20,Humira,11.36,20:28:23,2,8,126.35
2026-08-20,Humira,16.89,20:28:53,2,8,126.36
2026-08-20,Humira,9.3,20:29:23,2,8,126.37
2026-08-20,Humira,12.46,20:29:53,2,8,126.38
2026-08-20,Humira,7.2,20:30:23,2,8,0.0
2026-08-20,Humira,5.72,20:30:53,2,8,0.0
2026-08-20,Humira,4.66,20:31:23,2,8,0.0
2026-08-20,Humira,13.83,20:31:53,2,8,126.43
2026-08-20,Humira,4.26,20:32:23,2,8,0.0
2026-08-20,Humira,2.04,20:32:53,2,8,0.0
2026-08-20,Humira,13.32,20:33:23,2,8,126.46
2026-08-20,Humira,15.28,20:33:53,2,8,126.47
2026-08-20,Humira,15.08,20:34:23,2,8,126.48
2026-08-20,Humira,12.31,20:34:53,2,8,126.49
2026-08-20,Humira,2.55,20:35:23,2,8,0.0
2026-08-20,Humira,15.09,20:35:53,2,8,126.51
2026-08-20,Humira,9.67,20:36:23,2,8,126.52
2026-08-20,Humira,12.02,20:36:53,2,8,126.53
2026-08-20,Humira,12.81,20:37:23,2,8,126.54
2026-08-20,Humira,10.48,20:37:53,2,8,126.55
2026-08-20,Humira,16.52,20:38:23,2,8,126.57
2026-08-20,Humira,5.41,20:38:53,2,8,0.0
2026-08-20,Humira,12.12,20:39:23,2,8,126.59
2026-08-20,Humira,12.11,20:39:53,2,8,126.6
2026-08-20,Humira,13.25,20:40:23,2,8,126.61
2026-08-20,Humira,5.69,20:40:53,2,8,0.0
2026-08-20,Humira,16.13,20:41:23,2,8,126.63
2026-08-20,Humira,17.51,20:41:53,2,8,126.64
2026-08-20,Humira,3.0,20:42:23,2,8,0.0
2026-08-20,Humira,11.16,20:42:53,2,8,126.66
2026-08-20,Humira,9.22,20:43:23,2,8,126.67
2026-08-20,Humira,11.48,20:43:53,2,8,126.69
2026-08-20,Humira,13.25,20:44:23,2,8,126.7
2026-08-20,Humira,6.53,20:44:53,2,8,0.0
2026-08-20,Humira,13.97,20:45:23,2,8,126.72
2026-08-20,Humira,9.19,20:45:53,2,8,126.73
2026-08-20,Humira,7.06,20:46:23,2,8,0.0
2026-08-20,Humira,6.44,20:46:53,2,8,0.0
2026-08-20,Humira,7.35,20:47:23,2,8,0.0
2026-08-20,Humira,11.39,20:47:53,2,8,126.77
2026-08-20,Humira,2.53,20:48:23,2,8,0.0
2026-08-20,Humira,5.59,20:48:53,2,8,0.0
2026-08-20,Humira,7.44,20:49:23,2,8,0.0
2026-08-20,Humira,16.66,20:49:53,2,8,126.81
2026-08-20,Humira,9.88,20:50:23,2,8,126.83
2026-08-20,Humira,10.1,20:50:53,2,8,126.84
2026-08-20,Humira,12.03,20:51:23,2,8,126.85
2026-08-20,Humira,4.42,20:51:53,2,8,0.0
2026-08-20,Humira,5.76,20:52:23,2,8,0.0
2026-08-20,Humira,9.04,20:52:53,2,8,126.88
2026-08-20,Humira,15.62,20:53:23,2,8,126.89
2026-08-20,Humira,10.9,20:53:53,2,8,126.9
2026-08-20,Humira,6.01,20:54:23,2,8,0.0
2026-08-20,Humira,14.87,20:54:53,2,8,126.92
2026-08-20,Humira,4.22,20:55:23,2,8,0.0
2026-08-20,Humira,12.63,20:55:53,2,8,126.95
2026-08-20,Humira,10.82,20:56:23,2,8,126.96
2026-08-20,Humira,12.17,20:56:53,2,8,126.97
2026-08-20,Humira,2.61,20:57:23,2,8,0.0
2026-08-20,Humira,15.53,20:57:53,2,8,126.99
2026-08-20,Humira,11.62,20:58:23,2,8,127.0
2026-08-20,Humira,4.45,20:58:53,2,8,0.0
2026-08-20,Humira,4.62,20:59:23,2,8,0.0
2026-08-20,Humira,17.39,20:59:53,2,8,127.03
2026-08-20,Humira,14.82,21:00:23,2,8,127.04
2026-08-20,Humira,3.58,21:00:53,2,8,0.0
2026-08-20,Humira,6.02,21:01:23,2,8,0.0
2026-08-20,Humira,13.25,21:01:53,2,8,127.08
2026-08-20,Humira,16.15,21:02:23,2,8,127.09
2026-08-20,Humira,13.8,21:02:53,2,8,127.1
2026-08-20,Humira,14.18,21:03:23,2,8,127.11
2026-08-20,Humira,14.78,21:03:53,2,8,127.12
2026-08-20,Humira,2.15,21:04:23,2,8,0.0
2026-08-20,Humira,15.62,21:04:53,2,8,127.14
2026-08-20,Humira,11.3,21:05:23,2,8,127.15
2026-08-20,Humira,3.52,21:05:53,2,8,0.0
2026-08-20,Humira,3.63,21:06:23,2,8,0.0
2026-08-20,Humira,17.24,21:06:53,2,8,127.18
2026-08-20,Humira,12.7,21:07:23,2,8,127.19
2026-08-20,Humira,9.86,21:07:53,2,8,127.2
2026-08-20,Humira,14.23,21:08:23,2,8,127.22
2026-08-20,Humira,5.26,21:08:53,2,8,0.0
2026-08-20,Humira,3.93,21:09:23,2,8,0.0
2026-08-20,Humira,13.6,21:09:53,2,8,127.25
2026-08-20,Humira,12.57,21:10:23,2,8,127.26
2026-08-20,Humira,15.8,21:10:53,2,8,127.27
2026-08-20,Humira,6.07,21:11:23,2,8,0.0
2026-08-20,Humira,2.4,21:11:53,2,8,0.0
2026-08-20,Humira,13.97,21:12:23,2,8,127.3
2026-08-20,Humira,3.63,21:12:53,2,8,0.0
2026-08-20,Humira,3.99,21:13:23,2,8,0.0
2026-08-20,Humira,6.75,21:13:53,2,8,0.0
2026-08-20,Humira,7.48,21:14:23,2,8,0.0
2026-08-20,Humira,17.55,21:14:53,2,8,127.36
2026-08-20,Humira,9.42,21:15:23,2,8,127.37
2026-08-20,Humira,9.06,21:15:53,2,8,127.38
2026-08-20,Humira,4.12,21:16:23,2,8,0.0
2026-08-20,Humira,9.31,21:16:53,2,8,127.4
2026-08-20,Humira,5.29,21:17:23,2,8,0.0
2026-08-20,Humira,2.68,21:17:53,2,8,0.0
2026-08-20,Humira,11.9,21:18:23,2,8,127.43
2026-08-20,Humira,9.72,21:18:53,2,8,127.44
2026-08-20,Humira,14.54,21:19:23,2,8,127.45
2026-08-20,Humira,13.88,21:19:53,2,8,127.47
2026-08-20,Humira,6.75,21:20:23,2,8,0.0
2026-08-20,Humira,13.39,21:20:53,2,8,127.49
2026-08-20,Humira,5.46,21:21:23,2,8,0.0
2026-08-20,Humira,14.28,21:21:53,2,8,127.51
2026-08-20,Humira,6.47,21:22:23,2,8,0.0
2026-08-20,Humira,9.55,21:22:53,2,8,127.53
2026-08-20,Humira,4.56,21:23:23,2,8,0.0
2026-08-20,Humira,13.55,21:23:53,2,8,127.55
2026-08-20,Humira,7.22,21:24:23,2,8,0.0
2026-08-20,Humira,10.98,21:24:53,2,8,127.57
2026-08-20,Humira,13.11,21:25:23,2,8,127.58
2026-08-20,Humira,13.76,21:25:53,2,8,127.6
2026-08-20,Humira,4.84,21:26:23,2,8,0.0
2026-08-20,Humira,17.49,21:26:53,2,8,127.62
2026-08-20,Humira,3.58,21:27:23,2,8,0.0
2026-08-20,Humira,6.09,21:27:53,2,8,0.0
2026-08-20,Humira,12.71,21:28:23,2,8,127.65
2026-08-20,Humira,9.03,21:28:53,2,8,127.66
2026-08-20,Humira,7.79,21:29:23,2,8,0.0
2026-08-20,Humira,13.49,21:29:53,2,8,127.68
2026-08-20,Humira,10.29,21:30:23,2,8,127.69
2026-08-20,Humira,6.07,21:30:53,2,8,0.0
2026-08-20,Humira,13.76,21:31:23,2,8,127.71
2026-08-20,Humira,3.3,21:31:53,2,8,0.0
2026-08-20,Humira,9.98,21:32:23,2,8,127.74
2026-08-20,Humira,17.79,21:32:53,2,8,127.75
2026-08-20,Humira,4.61,21:33:23,2,8,0.0
2026-08-20,Humira,17.83,21:33:53,2,8,127.77
2026-08-20,Humira,17.11,21:34:23,2,8,127.78
2026-08-20,Humira,2.31,21:34:53,2,8,0.0
2026-08-20,Humira,5.97,21:35:23,2,8,0.0
2026-08-20,Humira,4.98,21:35:53,2,8,0.0
2026-08-20,Humira,7.15,21:36:23,2,8,0.0
2026-08-20,Humira,15.45,21:36:53,2,8,127.83
2026-08-20,Humira,7.06,21:37:23,2,8,0.0
2026-08-20,Humira,13.47,21:37:53,2,8,127.86
2026-08-20,Humira,14.29,21:38:23,2,8,127.87
2026-08-20,Humira,13.17,21:38:53,2,8,127.88
2026-08-20,Humira,3.65,21:39:23,2,8,0.0
2026-08-20,Humira,5.15,21:39:53,2,8,0.0
2026-08-20,Humira,13.24,21:40:23,2,8,127.91
2026-08-20,Humira,5.19,21:40:53,2,8,0.0
2026-08-20,Humira,2.05,21:41:23,2,8,0.0
2026-08-20,Humira,15.45,21:41:53,2,8,127.94
2026-08-20,Humira,4.89,21:42:23,2,8,0.0
2026-08-20,Humira,10.34,21:42:53,2,8,127.96
2026-08-20,Humira,6.53,21:43:23,2,8,0.0
2026-08-20,Humira,6.96,21:43:53,2,8,0.0
2026-08-20,Humira,15.82,21:44:23,2,8,128.0
2026-08-20,Humira,15.99,21:44:53,2,8,128.01
2026-08-20,Humira,2.24,21:45:23,2,8,0.0
2026-08-20,Humira,17.48,21:45:53,2,8,128.03
2026-08-20,Humira,7.83,21:46:23,2,8,0.0
2026-08-20,Humira,16.11,21:46:53,2,8,128.05
2026-08-20,Humira,11.11,21:47:23,2,8,128.06
2026-08-20,Humira,6.84,21:47:53,2,8,0.0
2026-08-20,Humira,2.42,21:48:23,2,8,0.0
2026-08-20,Humira,6.75,21:48:53,2,8,0.0
2026-08-20,Humira,12.11,21:49:23,2,8,128.1
2026-08-20,Humira,5.11,21:49:53,2,8,0.0
2026-08-20,Humira,10.6,21:50:23,2,8,128.13
2026-08-20,Humira,14.62,21:50:53,2,8,128.14
2026-08-20,Humira,3.48,21:51:23,2,8,0.0
2026-08-20,Humira,16.66,21:51:53,2,8,128.16
2026-08-20,Humira,3.3,21:52:23,2,8,0.0
2026-08-20,Humira,10.21,21:52:53,2,8,128.18
2026-08-20,Humira,6.72,21:53:23,2,8,0.0
2026-08-20,Humira,4.67,21:53:53,2,8,0.0
2026-08-20,Humira,17.26,21:54:23,2,8,128.21
2026-08-20,Humira,16.03,21:54:53,2,8,128.22
2026-08-20,Humira,9.62,21:55:23,2,8,128.23
2026-08-20,Humira,4.82,21:55:53,2,8,0.0
2026-08-20,Humira,4.01,21:56:23,2,8,0.0
2026-08-20,Humira,5.27,21:56:53,2,8,0.0
2026-08-20,Humira,16.23,21:57:23,2,8,128.28
2026-08-20,Humira,5.94,21:57:53,2,8,0.0
2026-08-20,Humira,4.83,21:58:23,2,8,0.0
2026-08-20,Humira,16.29,21:58:53,2,8,128.31
2026-08-20,Humira,12.6,21:59:23,2,8,128.32
2026-08-20,Humira,11.26,21:59:53,2,8,128.33
2026-08-20,Humira,11.5,22:00:23,2,8,128.34
2026-08-20,Humira,12.56,22:00:53,2,8,128.35
2026-08-20,Humira,4.83,22:01:23,2,8,0.0
2026-08-20,Humira,2.88,22:01:53,2,8,0.0
2026-08-20,Humira,16.97,22:02:23,2,8,128.39
2026-08-20,Humira,9.89,22:02:53,2,8,128.4
2026-08-20,Humira,16.4,22:03:23,2,8,128.41
2026-08-20,Humira,5.9,22:03:53,2,8,0.0
2026-08-20,Humira,13.1,22:04:23,2,8,128.43
2026-08-20,Humira,5.69,22:04:53,2,8,0.0
2026-08-20,Humira,14.57,22:05:23,2,8,128.45
2026-08-20,Humira,12.93,22:05:53,2,8,128.46
2026-08-20,Humira,5.93,22:06:23,2,8,0.0
2026-08-20,Humira,12.68,22:06:53,2,8,128.48
2026-08-20,Humira,3.6,22:07:23,2,8,0.0
2026-08-20,Humira,16.55,22:07:53,2,8,128.5
2026-08-20,Humira,12.07,22:08:23,2,8,128.52
2026-08-20,Humira,9.12,22:08:53,2,8,128.53
2026-08-20,Humira,16.45,22:09:23,2,8,128.54
2026-08-20,Humira,4.76,22:09:53,2,8,0.0
2026-08-20,Humira,5.76,22:10:23,2,8,0.0
2026-08-20,Humira,13.06,22:10:53,2,8,128.57
2026-08-20,Humira,16.17,22:11:23,2,8,128.58
2026-08-20,Humira,15.26,22:11:53,2,8,128.59
2026-08-20,Humira,11.03,22:12:23,2,8,128.6
2026-08-20,Humira,12.85,22:12:53,2,8,128.61
2026-08-20,Humira,17.08,22:13:23,2,8,128.62
2026-08-20,Humira,4.55,22:13:53,2,8,0.0
2026-08-20,Humira,6.9,22:14:23,2,8,0.0
2026-08-20,Humira,16.91,22:14:53,2,8,128.66
2026-08-20,Humira,4.39,22:15:23,2,8,0.0
2026-08-20,Humira,13.26,22:15:53,2,8,128.68
2026-08-20,Humira,5.43,22:16:23,2,8,0.0
2026-08-20,Humira,7.38,22:16:53,2,8,0.0
2026-08-20,Humira,13.35,22:17:23,2,8,128.71
2026-08-20,Humira,16.69,22:17:53,2,8,128.72
2026-08-20,Humira,11.88,22:18:23,2,8,128.73
2026-08-20,Humira,5.05,22:18:53,2,8,0.0
2026-08-20,Humira,9.77,22:19:23,2,8,128.75
2026-08-20,Humira,14.09,22:19:53,2,8,128.77
2026-08-20,Humira,7.27,22:20:23,2,8,0.0
2026-08-20,Humira,7.49,22:20:53,2,8,0.0
2026-08-20,Humira,5.64,22:21:23,2,8,0.0
2026-08-20,Humira,3.47,22:21:53,2,8,0.0
2026-08-20,Humira,15.59,22:22:23,2,8,128.82
2026-08-20,Humira,12.63,22:22:53,2,8,128.83
2026-08-20,Humira,16.19,22:23:23,2,8,128.84
2026-08-20,Humira,3.56,22:23:53,2,8,0.0
2026-08-20,Humira,13.22,22:24:23,2,8,128.86
2026-08-20,Humira,6.37,22:24:53,2,8,0.0
2026-08-20,Humira,12.42,22:25:23,2,8,128.88
2026-08-20,Humira,13.07,22:25:53,2,8,128.9
2026-08-20,Humira,15.81,22:26:23,2,8,128.91
2026-08-20,Humira,17.76,22:26:53,2,8,128.92
2026-08-20,Humira,17.94,22:27:23,2,8,128.93
2026-08-20,Humira,7.82,22:27:53,2,8,0.0
2026-08-20,Humira,16.35,22:28:23,2,8,128.95
2026-08-20,Humira,10.34,22:28:53,2,8,128.96
2026-08-20,Humira,11.33,22:29:23,2,8,128.97
2026-08-20,Humira,10.1,22:29:53,2,8,128.98
2026-08-20,Humira,10.4,22:30:23,2,8,128.99
2026-08-20,Humira,13.74,22:30:53,2,8,129.0
2026-08-20,Humira,3.49,22:31:23,2,8,0.0
2026-08-20,Humira,7.86,22:31:53,2,8,0.0
2026-08-20,Humira,10.47,22:32:23,2,8,129.04
2026-08-20,Humira,14.59,22:32:53,2,8,129.05
2026-08-20,Humira,12.01,22:33:23,2,8,129.06
2026-08-20,Humira,3.31,22:33:53,2,8,0.0
2026-08-20,Humira,9.29,22:34:23,2,8,129.08
2026-08-20,Humira,2.56,22:34:53,2,8,0.0
2026-08-20,Humira,3.11,22:35:23,2,8,0.0
2026-08-20,Humira,16.17,22:35:53,2,8,129.11
2026-08-20,Humira,2.19,22:36:23,2,8,0.0
2026-08-20,Humira,4.15,22:36:53,2,8,0.0
2026-08-20,Humira,7.93,22:37:23,2,8,0.0
2026-08-20,Humira,10.99,22:37:53,2,8,129.16
2026-08-20,Humira,15.0,22:38:23,2,8,129.17
2026-08-20,Humira,10.18,22:38:53,2,8,129.18
2026-08-20,Humira,16.23,22:39:23,2,8,129.19
2026-08-20,Humira,11.39,22:39:53,2,8,129.2
2026-08-20,Humira,17.17,22:40:23,2,8,129.21
2026-08-20,Humira,6.69,22:40:53,2,8,0.0
2026-08-20,Humira,13.48,22:41:23,2,8,129.23
2026-08-20,Humira,9.15,22:41:53,2,8,129.24
2026-08-20,Humira,12.56,22:42:23,2,8,129.25
2026-08-20,Humira,15.48,22:42:53,2,8,129.26
2026-08-20,Humira,14.53,22:43:23,2,8,129.27
2026-08-20,Humira,11.62,22:43:53,2,8,129.28
2026-08-20,Humira,11.47,22:44:23,2,8,129.3
2026-08-20,Humira,9.55,22:44:53,2,8,129.31
2026-08-20,Humira,16.91,22:45:23,2,8,129.32
2026-08-20,Humira,6.78,22:45:53,2,8,0.0
2026-08-20,Humira,10.12,22:46:23,2,8,129.34
2026-08-20,Humira,5.17,22:46:53,2,8,0.0
2026-08-20,Humira,17.04,22:47:23,2,8,129.36
2026-08-20,Humira,15.72,22:47:53,2,8,129.37
2026-08-20,Humira,12.27,22:48:23,2,8,129.38
2026-08-20,Humira,15.83,22:48:53,2,8,129.39
2026-08-20,Humira,7.06,22:49:23,2,8,0.0
2026-08-20,Humira,11.76,22:49:53,2,8,129.41
2026-08-20,Humira,2.64,22:50:23,2,8,0.0
2026-08-20,Humira,16.5,22:50:53,2,8,129.44
2026-08-20,Humira,5.05,22:51:23,2,8,0.0
2026-08-20,Humira,9.3,22:51:53,2,8,129.46
2026-08-20,Humira,3.48,22:52:23,2,8,0.0
2026-08-20,Humira,16.15,22:52:53,2,8,129.48
2026-08-20,Humira,13.76,22:53:23,2,8,129.49
2026-08-20,Humira,15.59,22:53:53,2,8,129.5
2026-08-20,Humira,16.12,22:54:23,2,8,129.51
2026-08-20,Humira,10.07,22:54:53,2,8,129.52
2026-08-20,Humira,7.96,22:55:23,2,8,0.0
2026-08-20,Humira,10.6,22:55:53,2,8,129.55
2026-08-20,Humira,4.31,22:56:23,2,8,0.0
2026-08-20,Humira,7.74,22:56:53,2,8,0.0
2026-08-20,Humira,14.46,22:57:23,2,8,129.58
2026-08-20,Humira,15.75,22:57:53,2,8,129.59
2026-08-20,Humira,6.65,22:58:23,2,8,0.0
2026-08-20,Humira,16.97,22:58:53,2,8,129.61
2026-08-20,Humira,17.54,22:59:23,2,8,129.62
2026-08-20,Humira,5.94,22:59:53,2,8,0.0
2026-08-20,Humira,16.65,23:00:23,2,8,129.64
2026-08-20,Humira,6.43,23:00:53,2,8,0.0
2026-08-20,Humira,13.81,23:01:23,2,8,129.66
2026-08-20,Humira,7.05,23:01:53,2,8,0.0
2026-08-20,Humira,13.7,23:02:23,2,8,129.69
2026-08-20,Humira,4.43,23:02:53,2,8,0.0
2026-08-20,Humira,15.69,23:03:23,2,8,129.71
2026-08-20,Humira,5.99,23:03:53,2,8,0.0
2026-08-20,Humira,4.73,23:04:23,2,8,0.0
2026-08-20,Humira,15.91,23:04:53,2,8,129.74
2026-08-20,Humira,3.56,23:05:23,2,8,0.0
2026-08-20,Humira,17.93,23:05:53,2,8,129.76
2026-08-20,Humira,8.0,23:06:23,2,8,0.0
2026-08-20,Humira,9.83,23:06:53,2,8,129.78
2026-08-20,Humira,6.11,23:07:23,2,8,0.0
2026-08-20,Humira,11.68,23:07:53,2,8,129.81
2026-08-20,Humira,15.93,23:08:23,2,8,129.82
2026-08-20,Humira,4.43,23:08:53,2,8,0.0
2026-08-20,Humira,3.87,23:09:23,2,8,0.0
2026-08-20,Humira,12.38,23:09:53,2,8,129.85
2026-08-20,Humira,17.73,23:10:23,2,8,129.86
2026-08-20,Humira,9.26,23:10:53,2,8,129.87
2026-08-20,Humira,16.26,23:11:23,2,8,129.88
2026-08-20,Humira,12.62,23:11:53,2,8,129.89
2026-08-20,Humira,10.63,23:12:23,2,8,129.9
2026-08-20,Humira,9.5,23:12:53,2,8,129.91
2026-08-20,Humira,16.12,23:13:23,2,8,129.92
2026-08-20,Humira,15.54,23:13:53,2,8,129.94
2026-08-20,Humira,15.68,23:14:23,2,8,129.95
2026-08-20,Humira,2.1,23:14:53,2,8,0.0
2026-08-20,Humira,4.59,23:15:23,2,8,0.0
2026-08-20,Humira,14.23,23:15:53,2,8,129.98
2026-08-20,Humira,7.35,23:16:23,2,8,0.0
2026-08-20,Humira,2.31,23:16:53,2,8,0.0
2026-08-20,Humira,9.2,23:17:23,2,8,130.01
2026-08-20,Humira,2.13,23:17:53,2,8,0.0
2026-08-20,Humira,11.99,23:18:23,2,8,130.03
2026-08-20,Humira,6.04,23:18:53,2,8,0.0
2026-08-20,Humira,16.17,23:19:23,2,8,130.05
2026-08-20,Humira,7.78,23:19:53,2,8,0.0
2026-08-20,Humira,9.21,23:20:23,2,8,130.08
2026-08-20,Humira,9.03,23:20:53,2,8,130.09
2026-08-20,Humira,9.39,23:21:23,2,8,130.1
2026-08-20,Humira,14.51,23:21:53,2,8,130.11
2026-08-20,Humira,6.04,23:22:23,2,8,0.0
2026-08-20,Humira,10.86,23:22:53,2,8,130.13
2026-08-20,Humira,10.42,23:23:23,2,8,130.14
2026-08-20,Humira,6.23,23:23:53,2,8,0.0
2026-08-20,Humira,10.34,23:24:23,2,8,130.16
2026-08-20,Humira,5.93,23:24:53,2,8,0.0
2026-08-20,Humira,11.8,23:25:23,2,8,130.18
2026-08-20,Humira,15.87,23:25:53,2,8,130.2
2026-08-20,Humira,5.49,23:26:23,2,8,0.0
2026-08-20,Humira,11.33,23:26:53,2,8,130.22
2026-08-20,Humira,15.2,23:27:23,2,8,130.23
2026-08-20,Humira,17.55,23:27:53,2,8,130.24
2026-08-20,Humira,10.09,23:28:23,2,8,130.25
2026-08-20,Humira,7.84,23:28:53,2,8,0.0
2026-08-20,Humira,9.1,23:29:23,2,8,130.27
2026-08-20,Humira,7.26,23:29:53,2,8,0.0
2026-08-20,Humira,9.86,23:30:23,2,8,130.29
2026-08-20,Humira,14.54,23:30:53,2,8,130.3
2026-08-20,Humira,3.05,23:31:23,2,8,0.0
2026-08-20,Humira,16.23,23:31:53,2,8,130.33
2026-08-20,Humira,10.77,23:32:23,2,8,130.34
2026-08-20,Humira,2.02,23:32:53,2,8,0.0
2026-08-20,Humira,3.1,23:33:23,2,8,0.0
2026-08-20,Humira,9.63,23:33:53,2,8,130.37
2026-08-20,Humira,15.6,23:34:23,2,8,130.38
2026-08-20,Humira,6.87,23:34:53,2,8,0.0
2026-08-20,Humira,11.87,23:35:23,2,8,130.4
2026-08-20,Humira,15.7,23:35:53,2,8,130.41
2026-08-20,Humira,12.65,23:36:23,2,8,130.42
2026-08-20,Humira,11.81,23:36:53,2,8,130.43
2026-08-20,Humira,16.23,23:37:23,2,8,130.44
2026-08-20,Humira,15.62,23:37:53,2,8,130.45
2026-08-20,Humira,11.32,23:38:23,2,8,130.47
2026-08-20,Humira,16.68,23:38:53,2,8,130.48
2026-08-20,Humira,9.5,23:39:23,2,8,130.49
2026-08-20,Humira,3.05,23:39:53,2,8,0.0
2026-08-20,Humira,15.98,23:40:23,2,8,130.51
2026-08-20,Humira,13.1,23:40:53,2,8,130.52
2026-08-20,Humira,10.45,23:41:23,2,8,130.53
2026-08-20,Humira,14.25,23:41:53,2,8,130.54
2026-08-20,Humira,13.05,23:42:23,2,8,130.55
2026-08-20,Humira,6.11,23:42:53,2,8,0.0
2026-08-20,Humira,17.38,23:43:23,2,8,130.57
2026-08-20,Humira,16.19,23:43:53,2,8,130.59
2026-08-20,Humira,15.58,23:44:23,2,8,130.6
2026-08-20,Humira,12.78,23:44:53,2,8,130.61
2026-08-20,Humira,6.79,23:45:23,2,8,0.0
2026-08-20,Humira,4.22,23:45:53,2,8,0.0
2026-08-20,Humira,12.55,23:46:23,2,8,130.64
2026-08-20,Humira,13.46,23:46:53,2,8,130.65
2026-08-20,Humira,12.47,23:47:23,2,8,130.66
2026-08-20,Humira,11.91,23:47:53,2,8,130.67
2026-08-20,Humira,10.18,23:48:23,2,8,130.68
2026-08-20,Humira,11.68,23:48:53,2,8,130.69
2026-08-20,Humira,11.1,23:49:23,2,8,130.7
2026-08-20,Humira,11.44,23:49:53,2,8,130.72
2026-08-20,Humira,5.29,23:50:23,2,8,0.0
2026-08-20,Humira,10.46,23:50:53,2,8,130.74
2026-08-20,Humira,7.29,23:51:23,2,8,0.0
2026-08-20,Humira,6.78,23:51:53,2,8,0.0
2026-08-20,Humira,3.73,23:52:23,2,8,0.0
2026-08-20,Humira,10.34,23:52:53,2,8,130.78
2026-08-20,Humira,11.42,23:53:23,2,8,130.79
2026-08-20,Humira,13.95,23:53:53,2,8,130.8
2026-08-20,Humira,9.83,23:54:23,2,8,130.81
2026-08-20,Humira,6.08,23:54:53,2,8,0.0
2026-08-20,Humira,17.6,23:55:23,2,8,130.83
2026-08-20,Humira,14.05,23:55:53,2,8,130.84
2026-08-20,Humira,3.05,23:56:23,2,8,0.0
2026-08-20,Humira,16.04,23:56:53,2,8,130.87
2026-08-20,Humira,6.89,23:57:23,2,8,0.0
2026-08-20,Humira,4.94,23:57:53,2,8,0.0
2026-08-20,Humira,6.16,23:58:23,2,8,0.0
2026-08-20,Humira,3.51,23:58:53,2,8,0.0
2026-08-20,Humira,14.93,23:59:23,2,8,130.92
2026-08-20,Humira,14.8,23:59:53,2,8,130.93
2026-08-20,Humira,9.18,00:00:23,2,8,130.94
2026-08-20,Humira,16.33,00:00:53,2,8,130.95
2026-08-20,Humira,7.59,00:01:23,2,8,0.0
2026-08-20,Humira,11.76,00:01:53,2,8,130.97
2026-08-20,Humira,9.21,00:02:23,2,8,130.99
2026-08-20,Humira,16.92,00:02:53,2,8,131.0
2026-08-20,Humira,2.95,00:03:23,2,8,0.0
2026-08-20,Humira,14.26,00:03:53,2,8,131.02
2026-08-20,Humira,10.44,00:04:23,2,8,131.03
2026-08-20,Humira,12.72,00:04:53,2,8,131.04
2026-08-20,Humira,2.11,00:05:23,2,8,0.0
2026-08-20,Humira,10.54,00:05:53,2,8,131.06
2026-08-20,Humira,6.96,00:06:23,2,8,0.0
2026-08-20,Humira,15.57,00:06:53,2,8,131.08
2026-08-20,Humira,7.78,00:07:23,2,8,0.0
2026-08-20,Humira,3.39,00:07:53,2,8,0.0
2026-08-20,Humira,5.08,00:08:23,2,8,0.0
2026-08-20,Humira,3.12,00:08:53,2,8,0.0
2026-08-20,Humira,4.09,00:09:23,2,8,0.0
2026-08-20,Humira,14.52,00:09:53,2,8,131.15
2026-08-20,Humira,4.23,00:10:23,2,8,0.0
2026-08-20,Humira,17.73,00:10:53,2,8,131.17
2026-08-20,Humira,2.32,00:11:23,2,8,0.0
2026-08-20,Humira,10.05,00:11:53,2,8,131.19
2026-08-20,Humira,11.92,00:12:23,2,8,131.2
2026-08-20,Humira,3.16,00:12:53,2,8,0.0
2026-08-20,Humira,7.73,00:13:23,2,8,0.0
2026-08-20,Humira,10.98,00:13:53,2,8,131.24
2026-08-20,Humira,12.23,00:14:23,2,8,131.25
2026-08-20,Humira,10.94,00:14:53,2,8,131.26
2026-08-20,Humira,11.19,00:15:23,2,8,131.27
2026-08-20,Humira,9.71,00:15:53,2,8,131.28
2026-08-20,Humira,9.17,00:16:23,2,8,131.29
2026-08-20,Humira,7.16,00:16:53,2,8,0.0
2026-08-20,Humira,11.14,00:17:23,2,8,131.31
2026-08-20,Humira,4.6,00:17:53,2,8,0.0
2026-08-20,Humira,13.62,00:18:23,2,8,131.33
2026-08-20,Humira,3.97,00:18:53,2,8,0.0
2026-08-20,Humira,12.78,00:19:23,2,8,131.35
2026-08-20,Humira,13.75,00:19:53,2,8,131.37
2026-08-20,Humira,9.3,00:20:23,2,8,131.38
2026-08-20,Humira,13.94,00:20:53,2,8,131.39
2026-08-20,Humira,13.59,00:21:23,2,8,131.4
2026-08-20,Humira,17.44,00:21:53,2,8,131.41
2026-08-20,Humira,4.66,00:22:23,2,8,0.0
2026-08-20,Humira,3.97,00:22:53,2,8,0.0
2026-08-20,Humira,2.11,00:23:23,2,8,0.0
2026-08-20,Humira,12.32,00:23:53,2,8,131.45
2026-08-20,Humira,7.75,00:24:23,2,8,0.0
2026-08-20,Humira,7.02,00:24:53,2,8,0.0
2026-08-20,Humira,17.74,00:25:23,2,8,131.48
2026-08-20,Humira,2.2,00:25:53,2,8,0.0
2026-08-20,Humira,13.47,00:26:23,2,8,131.51
2026-08-20,Humira,14.8,00:26:53,2,8,131.52
2026-08-20,Humira,2.65,00:27:23,2,8,0.0
2026-08-20,Humira,6.67,00:27:53,2,8,0.0
2026-08-20,Humira,15.6,00:28:23,2,8,131.55
2026-08-20,Humira,13.99,00:28:53,2,8,131.56
2026-08-20,Humira,17.57,00:29:23,2,8,131.57
2026-08-20,Humira,2.3,00:29:53,2,8,0.0
2026-08-20,Humira,3.66,00:30:23,2,8,0.0
2026-08-20,Humira,5.63,00:30:53,2,8,0.0
2026-08-20,Humira,15.45,00:31:23,2,8,131.61
2026-08-20,Humira,11.87,00:31:53,2,8,131.62
2026-08-20,Humira,15.98,00:32:23,2,8,131.64
2026-08-20,Humira,9.99,00:32:53,2,8,131.65
2026-08-20,Humira,10.89,00:33:23,2,8,131.66
2026-08-20,Humira,4.77,00:33:53,2,8,0.0
2026-08-20,Humira,5.22,00:34:23,2,8,0.0
2026-08-20,Humira,3.59,00:34:53,2,8,0.0
2026-08-20,Humira,10.57,00:35:23,2,8,131.7
2026-08-20,Humira,7.79,00:35:53,2,8,0.0
2026-08-20,Humira,6.21,00:36:23,2,8,0.0
2026-08-20,Humira,4.32,00:36:53,2,8,0.0
2026-08-20,Humira,6.48,00:37:23,2,8,0.0
2026-08-20,Humira,16.43,00:37:53,2,8,131.75
2026-08-20,Humira,16.4,00:38:23,2,8,131.77
2026-08-20,Humira,16.87,00:38:53,2,8,131.78
2026-08-20,Humira,17.63,00:39:23,2,8,131.79
2026-08-20,Humira,6.56,00:39:53,2,8,0.0
2026-08-20,Humira,13.98,00:40:23,2,8,131.81
2026-08-20,Humira,10.52,00:40:53,2,8,131.82
2026-08-20,Humira,16.94,00:41:23,2,8,131.83
2026-08-20,Humira,13.21,00:41:53,2,8,131.84
2026-08-20,Humira,3.57,00:42:23,2,8,0.0
2026-08-20,Humira,13.04,00:42:53,2,8,131.86
2026-08-20,Humira,2.05,00:43:23,2,8,0.0
2026-08-20,Humira,10.4,00:43:53,2,8,131.89
2026-08-20,Humira,14.43,00:44:23,2,8,131.9
2026-08-20,Humira,12.87,00:44:53,2,8,131.91
2026-08-20,Humira,6.98,00:45:23,2,8,0.0
2026-08-20,Humira,17.4,00:45:53,2,8,131.93
2026-08-20,Humira,5.57,00:46:23,2,8,0.0
2026-08-20,Humira,16.88,00:46:53,2,8,131.95
2026-08-20,Humira,12.79,00:47:23,2,8,131.96
2026-08-20,Humira,4.27,00:47:53,2,8,0.0
2026-08-20,Humira,14.61,00:48:23,2,8,131.98
2026-08-20,Humira,16.68,00:48:53,2,8,131.99
2026-08-20,Humira,7.26,00:49:23,2,8,0.0
2026-08-20,Humira,3.92,00:49:53,2,8,0.0
2026-08-20,Humira,9.29,00:50:23,2,8,132.03
2026-08-20,Humira,10.73,00:50:53,2,8,132.04
2026-08-20,Humira,14.33,00:51:23,2,8,132.05
2026-08-20,Humira,3.43,00:51:53,2,8,0.0
2026-08-20,Humira,3.38,00:52:23,2,8,0.0
2026-08-20,Humira,5.28,00:52:53,2,8,0.0
2026-08-20,Humira,13.82,00:53:23,2,8,132.09
2026-08-20,Humira,3.14,00:53:53,2,8,0.0
2026-08-20,Humira,13.73,00:54:23,2,8,132.11
2026-08-20,Humira,17.71,00:54:53,2,8,132.12
2026-08-20,Humira,16.55,00:55:23,2,8,132.13
2026-08-20,Humira,15.81,00:55:53,2,8,132.15
2026-08-20,Humira,5.53,00:56:23,2,8,0.0
2026-08-20,Humira,16.8,00:56:53,2,8,132.17
2026-08-20,Humira,10.56,00:57:23,2,8,132.18
2026-08-20,Humira,7.78,00:57:53,2,8,0.0
2026-08-20,Humira,15.96,00:58:23,2,8,132.2
2026-08-20,Humira,10.48,00:58:53,2,8,132.21
2026-08-20,Humira,9.58,00:59:23,2,8,132.22
2026-08-20,Humira,14.09,00:59:53,2,8,132.23
2026-08-20,Humira,11.72,01:00:23,2,8,132.24
2026-08-20,Humira,17.66,01:00:53,2,8,132.25
2026-08-20,Humira,7.57,01:01:23,2,8,0.0
2026-08-20,Humira,2.44,01:01:53,2,8,0.0
2026-08-20,Humira,2.44,01:02:23,2,8,0.0
2026-08-20,Humira,16.01,01:02:53,2,8,132.3
2026-08-20,Humira,16.91,01:03:23,2,8,132.31
2026-08-20,Humira,6.08,01:03:53,2,8,0.0
2026-08-20,Humira,12.9,01:04:23,2,8,132.33
2026-08-20,Humira,7.05,01:04:53,2,8,0.0
2026-08-20,Humira,7.04,01:05:23,2,8,0.0
2026-08-20,Humira,17.59,01:05:53,2,8,132.36
2026-08-20,Humira,14.94,01:06:23,2,8,132.37
2026-08-20,Humira,4.68,01:06:53,2,8,0.0
2026-08-20,Humira,15.04,01:07:23,2,8,132.39
2026-08-20,Humira,15.54,01:07:53,2,8,132.41
2026-08-20,Humira,17.22,01:08:23,2,8,132.42
2026-08-20,Humira,5.41,01:08:53,2,8,0.0
2026-08-20,Humira,6.75,01:09:23,2,8,0.0
2026-08-20,Humira,6.8,01:09:53,2,8,0.0
2026-08-20,Humira,9.16,01:10:23,2,8,132.46
2026-08-20,Humira,2.7,01:10:53,2,8,0.0
2026-08-20,Humira,14.21,01:11:23,2,8,132.48
2026-08-20,Humira,9.38,01:11:53,2,8,132.49
2026-08-20,Humira,13.57,01:12:23,2,8,132.5
2026-08-20,Humira,3.1,01:12:53,2,8,0.0
2026-08-20,Humira,15.39,01:13:23,2,8,132.52
2026-08-20,Humira,5.74,01:13:53,2,8,0.0
2026-08-20,Humira,6.78,01:14:23,2,8,0.0
2026-08-20,Humira,2.97,01:14:53,2,8,0.0
2026-08-20,Humira,12.42,01:15:23,2,8,132.57
2026-08-20,Humira,13.6,01:15:53,2,8,132.58
2026-08-20,Humira,6.56,01:16:23,2,8,0.0
2026-08-20,Humira,15.5,01:16:53,2,8,132.6
2026-08-20,Humira,6.5,01:17:23,2,8,0.0
2026-08-20,Humira,15.04,01:17:53,2,8,132.62
2026-08-20,Humira,10.23,01:18:23,2,8,132.63
2026-08-20,Humira,5.3,01:18:53,2,8,0.0
2026-08-20,Humira,9.56,01:19:23,2,8,132.65
2026-08-20,Humira,15.67,01:19:53,2,8,132.66
2026-08-20,Humira,4.2,01:20:23,2,8,0.0
2026-08-20,Humira,10.21,01:20:53,2,8,132.69
2026-08-20,Humira,17.46,01:21:23,2,8,132.7
2026-08-20,Humira,3.29,01:21:53,2,8,0.0
2026-08-20,Humira,11.36,01:22:23,2,8,132.72
2026-08-20,Humira,13.27,01:22:53,2,8,132.73
2026-08-20,Humira,9.2,01:23:23,2,8,132.74
2026-08-20,Humira,7.95,01:23:53,2,8,0.0
2026-08-20,Humira,17.14,01:24:23,2,8,132.76
2026-08-20,Humira,4.44,01:24:53,2,8,0.0
2026-08-20,Humira,7.42,01:25:23,2,8,0.0
2026-08-20,Humira,3.79,01:25:53,2,8,0.0
2026-08-20,Humira,17.29,01:26:23,2,8,132.81
2026-08-20,Humira,15.4,01:26:53,2,8,132.82
2026-08-20,Humira,11.16,01:27:23,2,8,132.83
2026-08-20,Humira,6.98,01:27:53,2,8,0.0
2026-08-20,Humira,4.67,01:28:23,2,8,0.0
2026-08-20,Humira,5.49,01:28:53,2,8,0.0
2026-08-20,Humira,9.46,01:29:23,2,8,132.87
2026-08-20,Humira,15.6,01:29:53,2,8,132.88
2026-08-20,Humira,12.41,01:30:23,2,8,132.89
2026-08-20,Humira,13.84,01:30:53,2,8,132.9
2026-08-20,Humira,10.8,01:31:23,2,8,132.91
2026-08-20,Humira,3.77,01:31:53,2,8,0.0
2026-08-20,Humira,11.63,01:32:23,2,8,132.94
2026-08-20,Humira,5.98,01:32:53,2,8,0.0
2026-08-20,Humira,12.5,01:33:23,2,8,132.96
2026-08-20,Humira,13.99,01:33:53,2,8,132.97
2026-08-20,Humira,5.09,01:34:23,2,8,0.0
2026-08-20,Humira,17.41,01:34:53,2,8,132.99
2026-08-20,Humira,3.93,01:35:23,2,8,0.0
2026-08-20,Humira,12.01,01:35:53,2,8,133.01
2026-08-20,Humira,10.18,01:36:23,2,8,133.02
2026-08-20,Humira,16.28,01:36:53,2,8,133.03
2026-08-20,Humira,10.19,01:37:23,2,8,133.04
2026-08-20,Humira,2.79,01:37:53,2,8,0.0
2026-08-20,Humira,14.16,01:38:23,2,8,133.07
2026-08-20,Humira,4.09,01:38:53,2,8,0.0
2026-08-20,Humira,2.21,01:39:23,2,8,0.0
2026-08-20,Humira,7.64,01:39:53,2,8,0.0
2026-08-20,Humira,5.81,01:40:23,2,8,0.0
2026-08-20,Humira,2.43,01:40:53,2,8,0.0
2026-08-20,Humira,2.14,01:41:23,2,8,0.0
2026-08-20,Humira,10.21,01:41:53,2,8,133.14
2026-08-20,Humira,9.23,01:42:23,2,8,133.15
2026-08-20,Humira,14.81,01:42:53,2,8,133.16
2026-08-20,Humira,5.77,01:43:23,2,8,0.0
2026-08-20,Humira,6.78,01:43:53,2,8,0.0
2026-08-20,Humira,12.89,01:44:23,2,8,133.2
2026-08-20,Humira,16.26,01:44:53,2,8,133.21
2026-08-20,Humira,10.35,01:45:23,2,8,133.22
2026-08-20,Humira,9.24,01:45:53,2,8,133.23
2026-08-20,Humira,17.27,01:46:23,2,8,133.24
2026-08-20,Humira,11.32,01:46:53,2,8,133.25
2026-08-20,Humira,15.15,01:47:23,2,8,133.26
2026-08-20,Humira,10.18,01:47:53,2,8,133.27
2026-08-20,Humira,16.43,01:48:23,2,8,133.28
2026-08-20,Humira,9.94,01:48:53,2,8,133.29
2026-08-20,Humira,6.05,01:49:23,2,8,0.0
2026-08-20,Humira,3.91,01:49:53,2,8,0.0
2026-08-20,Humira,15.14,01:50:23,2,8,133.33
2026-08-20,Humira,4.2,01:50:53,2,8,0.0
2026-08-20,Humira,9.04,01:51:23,2,8,133.35
2026-08-20,Humira,16.19,01:51:53,2,8,133.36
2026-08-20,Humira,14.44,01:52:23,2,8,133.37
2026-08-20,Humira,10.22,01:52:53,2,8,133.38
2026-08-20,Humira,11.24,01:53:23,2,8,133.39
2026-08-20,Humira,14.93,01:53:53,2,8,133.4
2026-08-20,Humira,4.09,01:54:23,2,8,0.0
2026-08-20,Humira,9.87,01:54:53,2,8,133.42
2026-08-20,Humira,7.97,01:55:23,2,8,0.0
2026-08-20,Humira,11.86,01:55:53,2,8,133.45
2026-08-20,Humira,12.14,01:56:23,2,8,133.46
2026-08-20,Humira,10.52,01:56:53,2,8,133.47
2026-08-20,Humira,16.42,01:57:23,2,8,133.48
2026-08-20,Humira,6.13,01:57:53,2,8,0.0
2026-08-20,Humira,9.48,01:58:23,2,8,133.5
2026-08-20,Humira,17.23,01:58:53,2,8,133.51
2026-08-20,Humira,9.36,01:59:23,2,8,133.52
2026-08-20,Humira,14.63,01:59:53,2,8,133.53
2026-08-20,Humira,9.8,02:00:23,2,8,133.54
2026-08-20,Humira,17.72,02:00:53,2,8,133.55
2026-08-20,Humira,17.38,02:01:23,2,8,133.56
2026-08-20,Humira,2.11,02:01:53,2,8,0.0
2026-08-20,Humira,16.18,02:02:23,2,8,133.59
2026-08-20,Humira,16.16,02:02:53,2,8,133.6
2026-08-20,Humira,6.34,02:03:23,2,8,0.0
2026-08-20,Humira,16.11,02:03:53,2,8,133.62
2026-08-20,Humira,11.39,02:04:23,2,8,133.63
2026-08-20,Humira,11.89,02:04:53,2,8,133.64
2026-08-20,Humira,16.73,02:05:23,2,8,133.65
2026-08-20,Humira,11.51,02:05:53,2,8,133.66
2026-08-20,Humira,6.42,02:06:23,2,8,0.0
2026-08-20,Humira,10.48,02:06:53,2,8,133.68
2026-08-20,Humira,16.47,02:07:23,2,8,133.69
2026-08-20,Humira,9.2,02:07:53,2,8,133.7
2026-08-20,Humira,3.06,02:08:23,2,8,0.0
2026-08-20,Humira,16.26,02:08:53,2,8,133.73
2026-08-20,Humira,4.13,02:09:23,2,8,0.0
2026-08-20,Humira,7.23,02:09:53,2,8,0.0
2026-08-20,Humira,4.68,02:10:23,2,8,0.0
2026-08-20,Humira,9.45,02:10:53,2,8,133.77
2026-08-20,Humira,7.46,02:11:23,2,8,0.0
2026-08-20,Humira,9.94,02:11:53,2,8,133.79
2026-08-20,Humira,17.19,02:12:23,2,8,133.8
2026-08-20,Humira,17.89,02:12:53,2,8,133.81
2026-08-20,Humira,15.08,02:13:23,2,8,133.82
2026-08-20,Humira,3.24,02:13:53,2,8,0.0
2026-08-20,Humira,12.94,02:14:23,2,8,133.85
2026-08-20,Humira,2.8,02:14:53,2,8,0.0
2026-08-20,Humira,4.51,02:15:23,2,8,0.0
2026-08-20,Humira,7.24,02:15:53,2,8,0.0
2026-08-20,Humira,5.76,02:16:23,2,8,0.0
2026-08-20,Humira,2.25,02:16:53,2,8,0.0
2026-08-20,Humira,10.81,02:17:23,2,8,133.91
2026-08-20,Humira,7.59,02:17:53,2,8,0.0
2026-08-20,Humira,7.28,02:18:23,2,8,0.0
2026-08-20,Humira,13.9,02:18:53,2,8,133.94
2026-08-20,Humira,17.33,02:19:23,2,8,133.95
2026-08-20,Humira,11.78,02:19:53,2,8,133.97
2026-08-20,Humira,12.3,02:20:23,2,8,133.98
2026-08-20,Humira,2.73,02:20:53,2,8,0.0
2026-08-20,Humira,16.12,02:21:23,2,8,134.0
2026-08-20,Humira,9.05,02:21:53,2,8,134.01
2026-08-20,Humira,4.1,02:22:23,2,8,0.0
2026-08-20,Humira,10.92,02:22:53,2,8,134.03
2026-08-20,Humira,12.49,02:23:23,2,8,134.04
2026-08-20,Humira,13.92,02:23:53,2,8,134.05
2026-08-20,Humira,11.87,02:24:23,2,8,134.06
2026-08-20,Humira,4.66,02:24:53,2,8,0.0
2026-08-20,Humira,4.35,02:25:23,2,8,0.0
2026-08-20,Humira,9.34,02:25:53,2,8,134.09
2026-08-20,Humira,9.35,02:26:23,2,8,134.11
2026-08-20,Humira,15.06,02:26:53,2,8,134.12
2026-08-20,Humira,17.63,02:27:23,2,8,134.13
2026-08-20,Humira,13.28,02:27:53,2,8,134.14
2026-08-20,Humira,12.52,02:28:23,2,8,134.15
2026-08-20,Humira,11.57,02:28:53,2,8,134.16
2026-08-20,Humira,7.19,02:29:23,2,8,0.0
2026-08-20,Humira,14.45,02:29:53,2,8,134.18
2026-08-20,Humira,2.23,02:30:23,2,8,0.0
2026-08-20,Humira,15.61,02:30:53,2,8,134.2
2026-08-20,Humira,17.71,02:31:23,2,8,134.21
2026-08-20,Humira,9.54,02:31:53,2,8,134.22
2026-08-20,Humira,3.4,02:32:23,2,8,0.0
2026-08-20,Humira,12.11,02:32:53,2,8,134.25
2026-08-20,Humira,4.46,02:33:23,2,8,0.0
2026-08-20,Humira,16.12,02:33:53,2,8,134.27
2026-08-20,Humira,10.43,02:34:23,2,8,134.28
2026-08-20,Humira,9.16,02:34:53,2,8,134.29
2026-08-20,Humira,9.02,02:35:23,2,8,134.3
2026-08-20,Humira,16.17,02:35:53,2,8,134.31
2026-08-20,Humira,7.34,02:36:23,2,8,0.0
2026-08-20,Humira,17.34,02:36:53,2,8,134.33
2026-08-20,Humira,4.28,02:37:23,2,8,0.0
2026-08-20,Humira,15.57,02:37:53,2,8,134.35
2026-08-20,Humira,5.95,02:38:23,2,8,0.0
2026-08-20,Humira,15.01,02:38:53,2,8,134.38
2026-08-20,Humira,10.35,02:39:23,2,8,134.39
2026-08-20,Humira,9.19,02:39:53,2,8,134.4
2026-08-20,Humira,3.1,02:40:23,2,8,0.0
2026-08-20,Humira,7.75,02:40:53,2,8,0.0
2026-08-20,Humira,10.25,02:41:23,2,8,134.43
2026-08-20,Humira,9.4,02:41:53,2,8,134.44
2026-08-20,Humira,16.98,02:42:23,2,8,134.45
2026-08-20,Humira,12.62,02:42:53,2,8,134.46
2026-08-20,Humira,12.2,02:43:23,2,8,134.47
2026-08-20,Humira,12.83,02:43:53,2,8,134.49
2026-08-20,Humira,14.78,02:44:23,2,8,134.5
2026-08-20,Humira,7.43,02:44:53,2,8,0.0
2026-08-20,Humira,14.86,02:45:23,2,8,134.52
2026-08-20,Humira,9.14,02:45:53,2,8,134.53
2026-08-20,Humira,12.03,02:46:23,2,8,134.54
2026-08-20,Humira,14.69,02:46:53,2,8,134.55
2026-08-20,Humira,4.6,02:47:23,2,8,0.0
2026-08-20,Humira,5.35,02:47:53,2,8,0.0
2026-08-20,Humira,4.48,02:48:23,2,8,0.0
2026-08-20,Humira,5.69,02:48:53,2,8,0.0
2026-08-20,Humira,6.65,02:49:23,2,8,0.0
2026-08-20,Humira,16.74,02:49:53,2,8,134.62
2026-08-20,Humira,13.21,02:50:23,2,8,134.63
2026-08-20,Humira,10.32,02:50:53,2,8,134.64
2026-08-20,Humira,16.63,02:51:23,2,8,134.65
2026-08-20,Humira,16.69,02:51:53,2,8,134.66
2026-08-20,Humira,10.79,02:52:23,2,8,134.67
2026-08-20,Humira,13.95,02:52:53,2,8,134.68
2026-08-20,Humira,7.04,02:53:23,2,8,0.0
2026-08-20,Humira,13.01,02:53:53,2,8,134.7
2026-08-20,Humira,9.5,02:54:23,2,8,134.71
2026-08-20,Humira,14.11,02:54:53,2,8,134.72
2026-08-20,Humira,16.28,02:55:23,2,8,134.73
2026-08-20,Humira,11.18,02:55:53,2,8,134.75
2026-08-20,Humira,3.21,02:56:23,2,8,0.0
2026-08-20,Humira,15.81,02:56:53,2,8,134.77
2026-08-20,Humira,6.8,02:57:23,2,8,0.0
2026-08-20,Humira,14.79,02:57:53,2,8,134.79
2026-08-20,Humira,12.41,02:58:23,2,8,134.8
2026-08-20,Humira,11.74,02:58:53,2,8,134.81
2026-08-20,Humira,16.82,02:59:23,2,8,134.82
2026-08-20,Humira,14.96,02:59:53,2,8,134.83
2026-08-20,Humira,11.56,03:00:23,2,8,134.84
2026-08-20,Humira,7.72,03:00:53,2,8,0.0
2026-08-20,Humira,13.02,03:01:23,2,8,134.86
2026-08-20,Humira,7.89,03:01:53,2,8,0.0
2026-08-20,Humira,17.19,03:02:23,2,8,134.89
2026-08-20,Humira,14.58,03:02:53,2,8,134.9
2026-08-20,Humira,14.15,03:03:23,2,8,134.91
2026-08-20,Humira,9.4,03:03:53,2,8,134.92
2026-08-20,Humira,11.4,03:04:23,2,8,134.93
2026-08-20,Humira,14.87,03:04:53,2,8,134.94
2026-08-20,Humira,10.15,03:05:23,2,8,134.95
2026-08-20,Humira,13.91,03:05:53,2,8,134.96
2026-08-20,Humira,5.37,03:06:23,2,8,0.0
2026-08-20,Humira,7.93,03:06:53,2,8,0.0
2026-08-20,Humira,15.56,03:07:23,2,8,134.99
2026-08-20,Humira,10.2,03:07:53,2,8,135.0
2026-08-20,Humira,7.89,03:08:23,2,8,0.0
2026-08-20,Humira,5.01,03:08:53,2,8,0.0
2026-08-20,Humira,9.01,03:09:23,2,8,135.04
2026-08-20,Humira,12.06,03:09:53,2,8,135.05
2026-08-20,Humira,10.68,03:10:23,2,8,135.06
2026-08-20,Humira,12.4,03:10:53,2,8,135.07
2026-08-20,Humira,3.81,03:11:23,2,8,0.0
2026-08-20,Humira,11.85,03:11:53,2,8,135.09
2026-08-20,Humira,17.56,03:12:23,2,8,135.1
2026-08-20,Humira,9.13,03:12:53,2,8,135.11
2026-08-20,Humira,2.75,03:13:23,2,8,0.0
2026-08-20,Humira,10.84,03:13:53,2,8,135.14
2026-08-20,Humira,6.22,03:14:23,2,8,0.0
2026-08-20,Humira,5.98,03:14:53,2,8,0.0
2026-08-20,Humira,2.1,03:15:23,2,8,0.0
2026-08-20,Humira,7.96,03:15:53,2,8,0.0
2026-08-20,Humira,9.44,03:16:23,2,8,135.19
2026-08-20,Humira,13.06,03:16:53,2,8,135.2
2026-08-20,Humira,4.76,03:17:23,2,8,0.0
2026-08-20,Humira,11.73,03:17:53,2,8,135.22
2026-08-20,Humira,15.07,03:18:23,2,8,135.23
2026-08-20,Humira,17.51,03:18:53,2,8,135.24
2026-08-20,Humira,10.9,03:19:23,2,8,135.25
2026-08-20,Humira,9.07,03:19:53,2,8,135.27
2026-08-20,Humira,15.81,03:20:23,2,8,135.28
2026-08-20,Humira,17.61,03:20:53,2,8,135.29
2026-08-20,Humira,12.39,03:21:23,2,8,135.3
2026-08-20,Humira,13.0,03:21:53,2,8,135.31
2026-08-20,Humira,17.15,03:22:23,2,8,135.32
2026-08-20,Humira,4.84,03:22:53,2,8,0.0
2026-08-20,Humira,9.55,03:23:23,2,8,135.34
2026-08-20,Humira,13.96,03:23:53,2,8,135.35
2026-08-20,Humira,11.11,03:24:23,2,8,135.36
2026-08-20,Humira,7.97,03:24:53,2,8,0.0
2026-08-20,Humira,10.24,03:25:23,2,8,135.38
2026-08-20,Humira,14.1,03:25:53,2,8,135.4
2026-08-20,Humira,15.56,03:26:23,2,8,135.41
2026-08-20,Humira,9.91,03:26:53,2,8,135.42
2026-08-20,Humira,2.28,03:27:23,2,8,0.0
2026-08-20,Humira,15.81,03:27:53,2,8,135.44
2026-08-20,Humira,4.72,03:28:23,2,8,0.0
2026-08-20,Humira,5.23,03:28:53,2,8,0.0
2026-08-20,Humira,9.44,03:29:23,2,8,135.47
2026-08-20,Humira,7.22,03:29:53,2,8,0.0
2026-08-20,Humira,15.38,03:30:23,2,8,135.49
2026-08-20,Humira,2.31,03:30:53,2,8,0.0
2026-08-20,Humira,10.19,03:31:23,2,8,135.51
2026-08-20,Humira,13.95,03:31:53,2,8,135.53
2026-08-20,Humira,11.71,03:32:23,2,8,135.54
2026-08-20,Humira,17.41,03:32:53,2,8,135.55
2026-08-20,Humira,6.43,03:33:23,2,8,0.0
2026-08-20,Humira,11.95,03:33:53,2,8,135.57
2026-08-20,Humira,7.59,03:34:23,2,8,0.0
2026-08-20,Humira,16.92,03:34:53,2,8,135.59
2026-08-20,Humira,16.23,03:35:23,2,8,135.6
2026-08-20,Humira,5.62,03:35:53,2,8,0.0
2026-08-20,Humira,17.91,03:36:23,2,8,135.62
2026-08-20,Humira,5.79,03:36:53,2,8,0.0
2026-08-20,Humira,2.85,03:37:23,2,8,0.0
2026-08-20,Humira,13.1,03:37:53,2,8,135.66
2026-08-20,Humira,14.75,03:38:23,2,8,135.67
2026-08-20,Humira,13.33,03:38:53,2,8,135.68
2026-08-20,Humira,7.83,03:39:23,2,8,0.0
2026-08-20,Humira,17.83,03:39:53,2,8,135.7
2026-08-20,Humira,11.34,03:40:23,2,8,135.71
2026-08-20,Humira,9.9,03:40:53,2,8,135.72
2026-08-20,Humira,6.05,03:41:23,2,8,0.0
2026-08-20,Humira,17.73,03:41:53,2,8,135.74
2026-08-20,Humira,7.0,03:42:23,2,8,0.0
2026-08-20,Humira,15.82,03:42:53,2,8,135.76
2026-08-20,Humira,17.39,03:43:23,2,8,135.77
2026-08-20,Humira,17.19,03:43:53,2,8,135.78
2026-08-20,Humira,17.4,03:44:23,2,8,135.8
2026-08-20,Humira,5.93,03:44:53,2,8,0.0
2026-08-20,Humira,11.22,03:45:23,2,8,135.82
2026-08-20,Humira,9.72,03:45:53,2,8,135.83
2026-08-20,Humira,12.34,03:46:23,2,8,135.84
2026-08-20,Humira,12.29,03:46:53,2,8,135.85
2026-08-20,Humira,15.82,03:47:23,2,8,135.86
2026-08-20,Humira,15.56,03:47:53,2,8,135.87
2026-08-20,Humira,4.62,03:48:23,2,8,0.0
2026-08-20,Humira,14.25,03:48:53,2,8,135.89
2026-08-20,Humira,17.53,03:49:23,2,8,135.9
2026-08-20,Humira,17.44,03:49:53,2,8,135.91
2026-08-20,Humira,11.21,03:50:23,2,8,135.93
2026-08-20,Humira,4.27,03:50:53,2,8,0.0
2026-08-20,Humira,13.1,03:51:23,2,8,135.95
2026-08-20,Humira,4.2,03:51:53,2,8,0.0
2026-08-20,Humira,14.31,03:52:23,2,8,135.97
2026-08-20,Humira,14.4,03:52:53,2,8,135.98
2026-08-20,Humira,11.59,03:53:23,2,8,135.99
2026-08-20,Humira,17.0,03:53:53,2,8,136.0
2026-08-20,Humira,10.91,03:54:23,2,8,136.01
2026-08-20,Humira,16.47,03:54:53,2,8,136.02
2026-08-20,Humira,10.69,03:55:23,2,8,136.03
2026-08-20,Humira,9.85,03:55:53,2,8,136.05
2026-08-20,Humira,2.69,03:56:23,2,8,0.0
2026-08-20,Humira,7.2,03:56:53,2,8,0.0
2026-08-20,Humira,5.64,03:57:23,2,8,0.0
2026-08-20,Humira,7.28,03:57:53,2,8,0.0
2026-08-20,Humira,15.33,03:58:23,2,8,136.1
2026-08-20,Humira,12.52,03:58:53,2,8,136.11
2026-08-20,Humira,15.12,03:59:23,2,8,136.12
2026-08-20,Humira,6.01,03:59:53,2,8,0.0
2026-08-20,Humira,15.55,04:00:23,2,8,136.14
2026-08-20,Humira,4.26,04:00:53,2,8,0.0
2026-08-20,Humira,7.63,04:01:23,2,8,0.0
2026-08-20,Humira,5.26,04:01:53,2,8,0.0
2026-08-20,Humira,16.66,04:02:23,2,8,136.19
2026-08-20,Humira,13.3,04:02:53,2,8,136.2
2026-08-20,Humira,14.06,04:03:23,2,8,136.21
2026-08-20,Humira,9.82,04:03:53,2,8,136.22
2026-08-20,Humira,13.0,04:04:23,2,8,136.23
2026-08-20,Humira,12.96,04:04:53,2,8,136.24
2026-08-20,Humira,5.01,04:05:23,2,8,0.0
2026-08-20,Humira,10.85,04:05:53,2,8,136.26
2026-08-20,Humira,14.32,04:06:23,2,8,136.27
2026-08-20,Humira,16.55,04:06:53,2,8,136.28
2026-08-20,Humira,12.12,04:07:23,2,8,136.29
2026-08-20,Humira,15.48,04:07:53,2,8,136.31
2026-08-20,Humira,2.76,04:08:23,2,8,0.0
2026-08-20,Humira,9.28,04:08:53,2,8,136.33
2026-08-20,Humira,6.61,04:09:23,2,8,0.0
2026-08-20,Humira,9.07,04:09:53,2,8,136.35
2026-08-20,Humira,17.0,04:10:23,2,8,136.36
2026-08-20,Humira,14.23,04:10:53,2,8,136.37
2026-08-20,Humira,12.34,04:11:23,2,8,136.38
2026-08-20,Humira,5.79,04:11:53,2,8,0.0
2026-08-20,Humira,2.13,04:12:23,2,8,0.0
2026-08-20,Humira,16.71,04:12:53,2,8,136.41
2026-08-20,Humira,4.1,04:13:23,2,8,0.0
2026-08-20,Humira,15.79,04:13:53,2,8,136.44
2026-08-20,Humira,6.56,04:14:23,2,8,0.0
2026-08-20,Humira,7.67,04:14:53,2,8,0.0
2026-08-20,Humira,13.09,04:15:23,2,8,136.47
2026-08-20,Humira,14.37,04:15:53,2,8,136.48
2026-08-20,Humira,16.41,04:16:23,2,8,136.49
2026-08-20,Humira,11.02,04:16:53,2,8,136.5
2026-08-20,Humira,12.33,04:17:23,2,8,136.51
2026-08-20,Humira,11.67,04:17:53,2,8,136.52
2026-08-20,Humira,15.59,04:18:23,2,8,136.53
2026-08-20,Humira,10.22,04:18:53,2,8,136.54
2026-08-20,Humira,9.96,04:19:23,2,8,136.55
2026-08-20,Humira,6.03,04:19:53,2,8,0.0
2026-08-20,Humira,17.54,04:20:23,2,8,136.58
2026-08-20,Humira,11.87,04:20:53,2,8,136.59
2026-08-20,Humira,12.4,04:21:23,2,8,136.6
2026-08-20,Humira,13.0,04:21:53,2,8,136.61
2026-08-20,Humira,14.73,04:22:23,2,8,136.62
2026-08-20,Humira,5.62,04:22:53,2,8,0.0
2026-08-20,Humira,3.32,04:23:23,2,8,0.0
2026-08-20,Humira,6.39,04:23:53,2,8,0.0
2026-08-20,Humira,15.4,04:24:23,2,8,136.66
2026-08-20,Humira,15.4,04:24:53,2,8,136.67
2026-08-20,Humira,7.11,04:25:23,2,8,0.0
2026-08-20,Humira,4.89,04:25:53,2,8,0.0
2026-08-20,Humira,10.85,04:26:23,2,8,136.71
2026-08-20,Humira,2.65,04:26:53,2,8,0.0
2026-08-20,Humira,2.62,04:27:23,2,8,0.0
2026-08-20,Humira,14.47,04:27:53,2,8,136.74
2026-08-20,Humira,2.89,04:28:23,2,8,0.0
2026-08-20,Humira,14.53,04:28:53,2,8,136.76
2026-08-20,Humira,3.29,04:29:23,2,8,0.0
2026-08-20,Humira,3.28,04:29:53,2,8,0.0
2026-08-20,Humira,2.08,04:30:23,2,8,0.0
2026-08-20,Humira,10.88,04:30:53,2,8,136.8
2026-08-20,Humira,3.18,04:31:23,2,8,0.0
2026-08-20,Humira,10.5,04:31:53,2,8,136.83
2026-08-20,Humira,3.7,04:32:23,2,8,0.0
2026-08-20,Humira,2.25,04:32:53,2,8,0.0
2026-08-20,Humira,13.96,04:33:23,2,8,136.86
2026-08-20,Humira,10.98,04:33:53,2,8,136.87
2026-08-20,Humira,11.04,04:34:23,2,8,136.88
2026-08-20,Humira,17.75,04:34:53,2,8,136.89
2026-08-20,Humira,17.02,04:35:23,2,8,136.9
2026-08-20,Humira,2.86,04:35:53,2,8,0.0
2026-08-20,Humira,17.36,04:36:23,2,8,136.92
2026-08-20,Humira,6.94,04:36:53,2,8,0.0
2026-08-20,Humira,3.42,04:37:23,2,8,0.0
2026-08-20,Humira,5.27,04:37:53,2,8,0.0
2026-08-20,Humira,17.66,04:38:23,2,8,136.97
2026-08-20,Humira,4.69,04:38:53,2,8,0.0
2026-08-20,Humira,9.53,04:39:23,2,8,136.99
2026-08-20,Humira,3.82,04:39:53,2,8,0.0
2026-08-20,Humira,6.11,04:40:23,2,8,0.0
2026-08-20,Humira,17.77,04:40:53,2,8,137.02
2026-08-20,Humira,2.17,04:41:23,2,8,0.0
2026-08-20,Humira,5.34,04:41:53,2,8,0.0
2026-08-20,Humira,9.59,04:42:23,2,8,137.05
2026-08-20,Humira,4.59,04:42:53,2,8,0.0
2026-08-20,Humira,14.33,04:43:23,2,8,137.07
2026-08-20,Humira,6.89,04:43:53,2,8,0.0
2026-08-20,Humira,7.81,04:44:23,2,8,0.0
2026-08-20,Humira,17.52,04:44:53,2,8,137.11
2026-08-20,Humira,11.85,04:45:23,2,8,137.12
2026-08-20,Humira,2.54,04:45:53,2,8,0.0
2026-08-20,Humira,6.98,04:46:23,2,8,0.0
2026-08-20,Humira,4.5,04:46:53,2,8,0.0
2026-08-20,Humira,12.08,04:47:23,2,8,137.16
2026-08-20,Humira,9.29,04:47:53,2,8,137.17
2026-08-20,Humira,14.54,04:48:23,2,8,137.18
2026-08-20,Humira,12.56,04:48:53,2,8,137.19
2026-08-20,Humira,11.74,04:49:23,2,8,137.2
2026-08-20,Humira,10.61,04:49:53,2,8,137.22
2026-08-20,Humira,9.79,04:50:23,2,8,137.23
2026-08-20,Humira,14.62,04:50:53,2,8,137.24
2026-08-20,Humira,7.99,04:51:23,2,8,0.0
2026-08-20,Humira,2.67,04:51:53,2,8,0.0
2026-08-20,Humira,10.82,04:52:23,2,8,137.27
2026-08-20,Humira,6.87,04:52:53,2,8,0.0
2026-08-20,Humira,15.12,04:53:23,2,8,137.29
2026-08-20,Humira,3.91,04:53:53,2,8,0.0
2026-08-20,Humira,12.21,04:54:23,2,8,137.31
2026-08-20,Humira,5.92,04:54:53,2,8,0.0
2026-08-20,Humira,14.19,04:55:23,2,8,137.33
2026-08-20,Humira,12.96,04:55:53,2,8,137.34
2026-08-20,Humira,6.08,04:56:23,2,8,0.0
2026-08-20,Humira,9.49,04:56:53,2,8,137.37
2026-08-20,Humira,16.28,04:57:23,2,8,137.38
2026-08-20,Humira,12.92,04:57:53,2,8,137.39
2026-08-20,Humira,13.12,04:58:23,2,8,137.4
2026-08-20,Humira,11.63,04:58:53,2,8,137.41
2026-08-20,Humira,5.76,04:59:23,2,8,0.0
2026-08-20,Humira,14.6,04:59:53,2,8,137.43
2026-08-20,Humira,14.63,05:00:23,2,8,137.44
2026-08-20,Humira,3.32,05:00:53,2,8,0.0
2026-08-20,Humira,15.38,05:01:23,2,8,137.46
2026-08-20,Humira,10.06,05:01:53,2,8,137.47
2026-08-20,Humira,10.11,05:02:23,2,8,137.49
2026-08-20,Humira,16.6,05:02:53,2,8,137.5
2026-08-20,Humira,11.7,05:03:23,2,8,137.51
2026-08-20,Humira,6.7,05:03:53,2,8,0.0
2026-08-20,Humira,13.2,05:04:23,2,8,137.53
2026-08-20,Humira,10.38,05:04:53,2,8,137.54
2026-08-20,Humira,4.62,05:05:23,2,8,0.0
2026-08-20,Humira,13.13,05:05:53,2,8,137.56
2026-08-20,Humira,16.78,05:06:23,2,8,137.57
2026-08-20,Humira,13.95,05:06:53,2,8,137.58
2026-08-20,Humira,5.29,05:07:23,2,8,0.0
2026-08-20,Humira,7.82,05:07:53,2,8,0.0
2026-08-20,Humira,15.95,05:08:23,2,8,137.62
2026-08-20,Humira,3.4,05:08:53,2,8,0.0
2026-08-20,Humira,16.85,05:09:23,2,8,137.64
2026-08-20,Humira,10.87,05:09:53,2,8,137.65
2026-08-20,Humira,12.61,05:10:23,2,8,137.66
2026-08-20,Humira,3.47,05:10:53,2,8,0.0
2026-08-20,Humira,2.27,05:11:23,2,8,0.0
2026-08-20,Humira,5.92,05:11:53,2,8,0.0
2026-08-20,Humira,17.57,05:12:23,2,8,137.7
2026-08-20,Humira,17.16,05:12:53,2,8,137.71
2026-08-20,Humira,16.17,05:13:23,2,8,137.72
2026-08-20,Humira,10.86,05:13:53,2,8,137.74
2026-08-20,Humira,16.16,05:14:23,2,8,137.75
2026-08-20,Humira,2.5,05:14:53,2,8,0.0
2026-08-20,Humira,11.51,05:15:23,2,8,137.77
2026-08-20,Humira,12.86,05:15:53,2,8,137.78
2026-08-20,Humira,17.75,05:16:23,2,8,137.79
2026-08-20,Humira,11.91,05:16:53,2,8,137.8
2026-08-20,Humira,9.4,05:17:23,2,8,137.81
2026-08-20,Humira,6.94,05:17:53,2,8,0.0
2026-08-20,Humira,15.7,05:18:23,2,8,137.83
2026-08-20,Humira,6.11,05:18:53,2,8,0.0
2026-08-20,Humira,14.97,05:19:23,2,8,137.85
2026-08-20,Humira,12.67,05:19:53,2,8,137.87
2026-08-20,Humira,12.9,05:20:23,2,8,137.88
2026-08-20,Humira,7.74,05:20:53,2,8,0.0
2026-08-20,Humira,7.98,05:21:23,2,8,0.0
2026-08-20,Humira,12.92,05:21:53,2,8,137.91
2026-08-20,Humira,11.0,05:22:23,2,8,137.92
2026-08-20,Humira,12.83,05:22:53,2,8,137.93
2026-08-20,Humira,13.88,05:23:23,2,8,137.94
2026-08-20,Humira,13.52,05:23:53,2,8,137.95
2026-08-20,Humira,4.95,05:24:23,2,8,0.0
2026-08-20,Humira,12.92,05:24:53,2,8,137.97
2026-08-20,Humira,10.28,05:25:23,2,8,137.98
2026-08-20,Humira,9.43,05:25:53,2,8,138.0
2026-08-20,Humira,7.11,05:26:23,2,8,0.0
2026-08-20,Humira,7.46,05:26:53,2,8,0.0
2026-08-20,Humira,10.21,05:27:23,2,8,138.03
2026-08-20,Humira,11.03,05:27:53,2,8,138.04
2026-08-20,Humira,10.68,05:28:23,2,8,138.05
2026-08-20,Humira,11.47,05:28:53,2,8,138.06
2026-08-20,Humira,2.8,05:29:23,2,8,0.0
2026-08-20,Humira,3.11,05:29:53,2,8,0.0
2026-08-20,Humira,9.51,05:30:23,2,8,138.09
2026-08-20,Humira,12.23,05:30:53,2,8,138.1
2026-08-20,Humira,10.3,05:31:23,2,8,138.11
2026-08-20,Humira,9.41,05:31:53,2,8,138.12
2026-08-20,Humira,13.24,05:32:23,2,8,138.14
2026-08-20,Humira,7.71,05:32:53,2,8,0.0
2026-08-20,Humira,11.95,05:33:23,2,8,138.16
2026-08-20,Humira,7.87,05:33:53,2,8,0.0
2026-08-20,Humira,7.94,05:34:23,2,8,0.0
2026-08-20,Humira,17.34,05:34:53,2,8,138.19
2026-08-20,Humira,15.78,05:35:23,2,8,138.2
2026-08-20,Humira,17.47,05:35:53,2,8,138.21
2026-08-20,Humira,16.0,05:36:23,2,8,138.22
2026-08-20,Humira,12.79,05:36:53,2,8,138.23
2026-08-20,Humira,4.67,05:37:23,2,8,0.0
2026-08-20,Humira,15.61,05:37:53,2,8,138.25
2026-08-20,Humira,6.18,05:38:23,2,8,0.0
2026-08-20,Humira,16.04,05:38:53,2,8,138.28
2026-08-20,Humira,7.86,05:39:23,2,8,0.0
2026-08-20,Humira,13.5,05:39:53,2,8,138.3
2026-08-20,Humira,14.55,05:40:23,2,8,138.31
2026-08-20,Humira,17.61,05:40:53,2,8,138.32
2026-08-20,Humira,17.97,05:41:23,2,8,138.33
2026-08-20,Humira,11.26,05:41:53,2,8,138.34
2026-08-20,Humira,5.39,05:42:23,2,8,0.0
2026-08-20,Humira,2.03,05:42:53,2,8,0.0
2026-08-20,Humira,13.11,05:43:23,2,8,138.37
2026-08-20,Humira,4.73,05:43:53,2,8,0.0
2026-08-20,Humira,6.0,05:44:23,2,8,0.0
2026-08-20,Humira,16.31,05:44:53,2,8,138.41
2026-08-20,Humira,17.55,05:45:23,2,8,138.42
2026-08-20,Humira,10.43,05:45:53,2,8,138.43
2026-08-20,Humira,9.16,05:46:23,2,8,138.44
2026-08-20,Humira,15.03,05:46:53,2,8,138.45
2026-08-20,Humira,13.27,05:47:23,2,8,138.46
2026-08-20,Humira,7.58,05:47:53,2,8,0.0
2026-08-20,Humira,3.71,05:48:23,2,8,0.0
2026-08-20,Humira,6.75,05:48:53,2,8,0.0
2026-08-20,Humira,4.67,05:49:23,2,8,0.0
2026-08-20,Humira,14.19,05:49:53,2,8,138.52
2026-08-20,Humira,10.97,05:50:23,2,8,138.53
2026-08-20,Humira,17.37,05:50:53,2,8,138.54
2026-08-20,Humira,17.73,05:51:23,2,8,138.55
2026-08-20,Humira,9.08,05:51:53,2,8,138.56
2026-08-20,Humira,12.09,05:52:23,2,8,138.57
2026-08-20,Humira,13.43,05:52:53,2,8,138.58
2026-08-20,Humira,15.31,05:53:23,2,8,138.59
2026-08-20,Humira,9.38,05:53:53,2,8,138.6
2026-08-20,Humira,16.07,05:54:23,2,8,138.61
2026-08-20,Humira,4.24,05:54:53,2,8,0.0
2026-08-20,Humira,10.22,05:55:23,2,8,138.63
2026-08-20,Humira,2.28,05:55:53,2,8,0.0
2026-08-20,Humira,16.63,05:56:23,2,8,138.66
2026-08-20,Humira,7.49,05:56:53,2,8,0.0
2026-08-20,Humira,17.99,05:57:23,2,8,138.68
2026-08-20,Humira,10.2,05:57:53,2,8,138.69
2026-08-20,Humira,13.39,05:58:23,2,8,138.7
2026-08-20,Humira,16.14,05:58:53,2,8,138.71
2026-08-20,Humira,15.85,05:59:23,2,8,138.72
2026-08-20,Humira,2.3,05:59:53,2,8,0.0
2026-08-20,Humira,6.21,06:00:23,2,8,0.0
2026-08-20,Humira,17.48,06:00:53,2,8,138.75
2026-08-20,Humira,16.59,06:01:23,2,8,138.76
2026-08-20,Humira,2.02,06:01:53,2,8,0.0
2026-08-20,Humira,4.82,06:02:23,2,8,0.0
2026-08-20,Humira,13.8,06:02:53,2,8,138.8
2026-08-20,Humira,5.62,06:03:23,2,8,0.0
2026-08-20,Humira,10.02,06:03:53,2,8,138.82
2026-08-20,Humira,3.44,06:04:23,2,8,0.0
2026-08-20,Humira,14.82,06:04:53,2,8,138.84
2026-08-20,Humira,11.52,06:05:23,2,8,138.85
2026-08-20,Humira,3.61,06:05:53,2,8,0.0
2026-08-20,Humira,10.53,06:06:23,2,8,138.87
2026-08-20,Humira,12.05,06:06:53,2,8,138.88
2026-08-20,Humira,14.71,06:07:23,2,8,138.89
2026-08-20,Humira,3.8,06:07:53,2,8,0.0
2026-08-20,Humira,13.94,06:08:23,2,8,138.92
2026-08-20,Humira,14.43,06:08:53,2,8,138.93
2026-08-20,Humira,17.56,06:09:23,2,8,138.94
2026-08-20,Humira,15.47,06:09:53,2,8,138.95
2026-08-20,Humira,17.3,06:10:23,2,8,138.96
2026-08-20,Humira,14.46,06:10:53,2,8,138.97
2026-08-20,Humira,5.45,06:11:23,2,8,0.0
2026-08-20,Humira,9.55,06:11:53,2,8,138.99
2026-08-20,Humira,4.28,06:12:23,2,8,0.0
2026-08-20,Humira,5.58,06:12:53,2,8,0.0
2026-08-20,Humira,13.85,06:13:23,2,8,139.02
2026-08-20,Humira,15.09,06:13:53,2,8,139.03
2026-08-20,Humira,9.23,06:14:23,2,8,139.05
2026-08-20,Humira,6.34,06:14:53,2,8,0.0
2026-08-20,Humira,7.52,06:15:23,2,8,0.0
2026-08-20,Humira,13.84,06:15:53,2,8,139.08
2026-08-20,Humira,11.96,06:16:23,2,8,139.09
2026-08-20,Humira,10.93,06:16:53,2,8,139.1
2026-08-20,Humira,12.9,06:17:23,2,8,139.11
2026-08-20,Humira,3.85,06:17:53,2,8,0.0
2026-08-20,Humira,4.68,06:18:23,2,8,0.0
2026-08-20,Humira,15.74,06:18:53,2,8,139.14
2026-08-20,Humira,17.45,06:19:23,2,8,139.15
2026-08-20,Humira,14.13,06:19:53,2,8,139.16
2026-08-20,Humira,7.34,06:20:23,2,8,0.0
2026-08-20,Humira,16.05,06:20:53,2,8,139.19
2026-08-20,Humira,9.67,06:21:23,2,8,139.2
2026-08-20,Humira,17.04,06:21:53,2,8,139.21
2026-08-20,Humira,14.81,06:22:23,2,8,139.22
2026-08-20,Humira,10.62,06:22:53,2,8,139.23
2026-08-20,Humira,7.92,06:23:23,2,8,0.0
2026-08-20,Humira,16.32,06:23:53,2,8,139.25
2026-08-20,Humira,13.96,06:24:23,2,8,139.26
2026-08-20,Humira,2.98,06:24:53,2,8,0.0
2026-08-20,Humira,10.78,06:25:23,2,8,139.28
2026-08-20,Humira,3.25,06:25:53,2,8,0.0
2026-08-20,Humira,6.03,06:26:23,2,8,0.0
2026-08-20,Humira,16.16,06:26:53,2,8,139.32
2026-08-20,Humira,15.79,06:27:23,2,8,139.33
2026-08-20,Humira,16.33,06:27:53,2,8,139.34
2026-08-20,Humira,3.2,06:28:23,2,8,0.0
2026-08-20,Humira,11.34,06:28:53,2,8,139.36
2026-08-20,Humira,13.14,06:29:23,2,8,139.37
2026-08-20,Humira,2.5,06:29:53,2,8,0.0
2026-08-20,Humira,10.71,06:30:23,2,8,139.39
2026-08-20,Humira,7.78,06:30:53,2,8,0.0
2026-08-20,Humira,14.29,06:31:23,2,8,139.41
2026-08-20,Humira,17.53,06:31:53,2,8,139.43
2026-08-20,Humira,5.24,06:32:23,2,8,0.0
2026-08-20,Humira,14.46,06:32:53,2,8,139.45
2026-08-20,Humira,13.2,06:33:23,2,8,139.46
2026-08-20,Humira,6.74,06:33:53,2,8,0.0
2026-08-20,Humira,3.24,06:34:23,2,8,0.0
2026-08-20,Humira,17.26,06:34:53,2,8,139.49
2026-08-20,Humira,10.76,06:35:23,2,8,139.5
2026-08-20,Humira,14.51,06:35:53,2,8,139.51
2026-08-20,Humira,2.94,06:36:23,2,8,0.0
2026-08-20,Humira,5.64,06:36:53,2,8,0.0
2026-08-20,Humira,9.22,06:37:23,2,8,139.54
2026-08-20,Humira,2.71,06:37:53,2,8,0.0
2026-08-20,Humira,14.73,06:38:23,2,8,139.57
2026-08-20,Humira,17.8,06:38:53,2,8,139.58
2026-08-20,Humira,11.79,06:39:23,2,8,139.59
2026-08-20,Humira,11.12,06:39:53,2,8,139.6
2026-08-20,Humira,15.22,06:40:23,2,8,139.61
2026-08-20,Humira,6.76,06:40:53,2,8,0.0
2026-08-20,Humira,9.25,06:41:23,2,8,139.63
2026-08-20,Humira,4.73,06:41:53,2,8,0.0
2026-08-20,Humira,7.78,06:42:23,2,8,0.0
2026-08-20,Humira,13.95,06:42:53,2,8,139.66
2026-08-20,Humira,9.61,06:43:23,2,8,139.67
2026-08-20,Humira,3.72,06:43:53,2,8,0.0
2026-08-20,Humira,13.16,06:44:23,2,8,139.7
2026-08-20,Humira,14.12,06:44:53,2,8,139.71
2026-08-20,Humira,5.12,06:45:23,2,8,0.0
2026-08-20,Humira,13.92,06:45:53,2,8,139.73
2026-08-20,Humira,11.82,06:46:23,2,8,139.74
2026-08-20,Humira,9.15,06:46:53,2,8,139.75
2026-08-20,Humira,9.37,06:47:23,2,8,139.76
2026-08-20,Humira,2.14,06:47:53,2,8,0.0
2026-08-20,Humira,9.7,06:48:23,2,8,139.78
2026-08-20,Humira,12.26,06:48:53,2,8,139.79
2026-08-20,Humira,10.36,06:49:23,2,8,139.8
2026-08-20,Humira,9.09,06:49:53,2,8,139.81
2026-08-20,Humira,17.56,06:50:23,2,8,139.83
2026-08-20,Humira,5.46,06:50:53,2,8,0.0
2026-08-20,Humira,2.27,06:51:23,2,8,0.0
2026-08-20,Humira,6.77,06:51:53,2,8,0.0
2026-08-20,Humira,4.34,06:52:23,2,8,0.0
2026-08-20,Humira,12.95,06:52:53,2,8,139.88
2026-08-20,Humira,3.55,06:53:23,2,8,0.0
2026-08-20,Humira,9.44,06:53:53,2,8,139.9
2026-08-20,Humira,17.53,06:54:23,2,8,139.91
2026-08-20,Humira,14.31,06:54:53,2,8,139.92
2026-08-20,Humira,6.61,06:55:23,2,8,0.0
2026-08-20,Humira,7.76,06:55:53,2,8,0.0
2026-08-20,Humira,17.34,06:56:23,2,8,139.96
2026-08-20,Humira,2.73,06:56:53,2,8,0.0
2026-08-20,Humira,16.22,06:57:23,2,8,139.98
2026-08-20,Humira,17.62,06:57:53,2,8,139.99
2026-08-20,Humira,4.89,06:58:23,2,8,0.0
2026-08-20,Humira,13.07,06:58:53,2,8,140.01
2026-08-20,Humira,4.06,06:59:23,2,8,0.0
2026-08-20,Humira,12.16,06:59:53,2,8,140.03
2026-08-20,Humira,13.98,07:00:23,2,8,140.04
2026-08-20,Humira,12.89,07:00:53,2,8,140.05
2026-08-20,Humira,7.49,07:01:23,2,8,0.0
2026-08-20,Humira,2.31,07:01:53,2,8,0.0
2026-08-20,Humira,14.5,07:02:23,2,8,140.09
2026-08-20,Humira,16.67,07:02:53,2,8,140.1
2026-08-20,Humira,10.36,07:03:23,2,8,140.11
2026-08-20,Humira,10.85,07:03:53,2,8,140.12
2026-08-20,Humira,17.39,07:04:23,2,8,140.13
2026-08-20,Humira,7.17,07:04:53,2,8,0.0
2026-08-20,Humira,15.58,07:05:23,2,8,140.15
2026-08-20,Humira,9.34,07:05:53,2,8,140.16
2026-08-20,Humira,15.21,07:06:23,2,8,140.17
2026-08-20,Humira,2.41,07:06:53,2,8,0.0
2026-08-20,Humira,17.68,07:07:23,2,8,140.19
2026-08-20,Humira,15.19,07:07:53,2,8,140.2
2026-08-20,Humira,7.22,07:08:23,2,8,0.0
2026-08-20,Humira,10.27,07:08:53,2,8,140.23
2026-08-20,Humira,15.41,07:09:23,2,8,140.24
2026-08-20,Humira,17.27,07:09:53,2,8,140.25
2026-08-20,Humira,9.43,07:10:23,2,8,140.26
2026-08-20,Humira,3.66,07:10:53,2,8,0.0
2026-08-20,Humira,14.25,07:11:23,2,8,140.28
2026-08-20,Humira,2.19,07:11:53,2,8,0.0
2026-08-20,Humira,9.43,07:12:23,2,8,140.3
2026-08-20,Humira,12.09,07:12:53,2,8,140.31
2026-08-20,Humira,4.17,07:13:23,2,8,0.0
2026-08-20,Humira,6.6,07:13:53,2,8,0.0
2026-08-20,Humira,11.96,07:14:23,2,8,140.35
2026-08-20,Humira,14.39,07:14:53,2,8,140.36
2026-08-20,Humira,7.09,07:15:23,2,8,0.0
2026-08-20,Humira,14.06,07:15:53,2,8,140.38
2026-08-20,Humira,15.21,07:16:23,2,8,140.39
2026-08-20,Humira,2.36,07:16:53,2,8,0.0
2026-08-20,Humira,13.25,07:17:23,2,8,140.41
2026-08-20,Humira,13.37,07:17:53,2,8,140.42
2026-08-20,Humira,16.07,07:18:23,2,8,140.43
2026-08-20,Humira,9.83,07:18:53,2,8,140.44
2026-08-20,Humira,13.56,07:19:23,2,8,140.45
2026-08-20,Humira,12.91,07:19:53,2,8,140.47
2026-08-20,Humira,14.53,07:20:23,2,8,140.48
2026-08-20,Humira,11.02,07:20:53,2,8,140.49
2026-08-20,Humira,5.01,07:21:23,2,8,0.0
2026-08-20,Humira,7.27,07:21:53,2,8,0.0
2026-08-20,Humira,10.87,07:22:23,2,8,140.52
2026-08-20,Humira,14.32,07:22:53,2,8,140.53
2026-08-20,Humira,5.92,07:23:23,2,8,0.0
2026-08-20,Humira,16.37,07:23:53,2,8,140.55
2026-08-20,Humira,17.63,07:24:23,2,8,140.56
2026-08-20,Humira,4.56,07:24:53,2,8,0.0
2026-08-20,Humira,12.58,07:25:23,2,8,140.58
2026-08-20,Humira,15.14,07:25:53,2,8,140.59
2026-08-20,Humira,14.93,07:26:23,2,8,140.61
2026-08-20,Humira,17.09,07:26:53,2,8,140.62
2026-08-20,Humira,6.95,07:27:23,2,8,0.0
2026-08-20,Humira,10.45,07:27:53,2,8,140.64
2026-08-20,Humira,17.79,07:28:23,2,8,140.65
2026-08-20,Humira,12.09,07:28:53,2,8,140.66
2026-08-20,Humira,14.02,07:29:23,2,8,140.67
2026-08-20,Humira,10.07,07:29:53,2,8,140.68
2026-08-20,Humira,4.82,07:30:23,2,8,0.0
2026-08-20,Humira,13.19,07:30:53,2,8,140.7
2026-08-20,Humira,4.77,07:31:23,2,8,0.0
2026-08-20,Humira,6.17,07:31:53,2,8,0.0
2026-08-20,Humira,14.74,07:32:23,2,8,140.74
2026-08-20,Humira,15.13,07:32:53,2,8,140.75
2026-08-20,Humira,6.35,07:33:23,2,8,0.0
2026-08-20,Humira,5.81,07:33:53,2,8,0.0
2026-08-20,Humira,13.16,07:34:23,2,8,140.78
2026-08-20,Humira,15.98,07:34:53,2,8,140.79
2026-08-20,Humira,9.97,07:35:23,2,8,140.8
2026-08-20,Humira,11.9,07:35:53,2,8,140.81
2026-08-20,Humira,16.53,07:36:23,2,8,140.82
2026-08-20,Humira,13.22,07:36:53,2,8,140.83
2026-08-20,Humira,11.37,07:37:23,2,8,140.84
2026-08-20,Humira,5.66,07:37:53,2,8,0.0
2026-08-20,Humira,9.49,07:38:23,2,8,140.87
2026-08-20,Humira,14.59,07:38:53,2,8,140.88
2026-08-20,Humira,12.76,07:39:23,2,8,140.89
2026-08-20,Humira,12.49,07:39:53,2,8,140.9
2026-08-20,Humira,15.6,07:40:23,2,8,140.91
2026-08-20,Humira,11.91,07:40:53,2,8,140.92
2026-08-20,Humira,4.38,07:41:23,2,8,0.0
2026-08-20,Humira,5.58,07:41:53,2,8,0.0
2026-08-20,Humira,17.31,07:42:23,2,8,140.95
2026-08-20,Humira,13.54,07:42:53,2,8,140.96
2026-08-20,Humira,15.48,07:43:23,2,8,140.97
2026-08-20,Humira,14.79,07:43:53,2,8,140.99
2026-08-20,Humira,13.9,07:44:23,2,8,141.0
2026-08-20,Humira,9.47,07:44:53,2,8,141.01
2026-08-20,Humira,5.97,07:45:23,2,8,0.0
2026-08-20,Humira,14.85,07:45:53,2,8,141.03
2026-08-20,Humira,9.39,07:46:23,2,8,141.04
2026-08-20,Humira,13.42,07:46:53,2,8,141.05
2026-08-20,Humira,15.62,07:47:23,2,8,141.06
2026-08-20,Humira,3.51,07:47:53,2,8,0.0
2026-08-20,Humira,4.44,07:48:23,2,8,0.0
2026-08-20,Humira,10.67,07:48:53,2,8,141.09
2026-08-20,Humira,5.34,07:49:23,2,8,0.0
2026-08-20,Humira,10.38,07:49:53,2,8,141.12
2026-08-20,Humira,4.6,07:50:23,2,8,0.0
2026-08-20,Humira,2.2,07:50:53,2,8,0.0
2026-08-20,Humira,3.04,07:51:23,2,8,0.0
2026-08-20,Humira,15.87,07:51:53,2,8,141.16
2026-08-20,Humira,13.98,07:52:23,2,8,141.17
2026-08-20,Humira,14.16,07:52:53,2,8,141.18
2026-08-20,Humira,12.06,07:53:23,2,8,141.19
2026-08-20,Humira,10.21,07:53:53,2,8,141.2
2026-08-20,Humira,10.87,07:54:23,2,8,141.21
2026-08-20,Humira,17.37,07:54:53,2,8,141.22
2026-08-20,Humira,7.67,07:55:23,2,8,0.0
2026-08-20,Humira,16.84,07:55:53,2,8,141.25
2026-08-20,Humira,12.32,07:56:23,2,8,141.26
2026-08-20,Humira,13.23,07:56:53,2,8,141.27
2026-08-20,Humira,10.87,07:57:23,2,8,141.28
2026-08-20,Humira,11.56,07:57:53,2,8,141.29
2026-08-20,Humira,4.19,07:58:23,2,8,0.0
2026-08-20,Humira,13.19,07:58:53,2,8,141.31
2026-08-20,Humira,4.03,07:59:23,2,8,0.0
2026-08-20,Humira,14.95,07:59:53,2,8,141.33
2026-08-20,Humira,12.51,08:00:23,2,8,141.34
2026-08-20,Humira,12.14,08:00:53,2,8,141.35
2026-08-20,Humira,5.18,08:01:23,2,8,0.0
2026-08-20,Humira,13.28,08:01:53,2,8,141.38
2026-08-20,Humira,7.22,08:02:23,2,8,0.0
2026-08-20,Humira,2.54,08:02:53,2,8,0.0
2026-08-20,Humira,14.67,08:03:23,2,8,141.41
2026-08-20,Humira,15.88,08:03:53,2,8,141.42
2026-08-20,Humira,6.2,08:04:23,2,8,0.0
2026-08-20,Humira,9.24,08:04:53,2,8,141.44
2026-08-20,Humira,16.97,08:05:23,2,8,141.45
2026-08-20,Humira,6.79,08:05:53,2,8,0.0
2026-08-20,Humira,4.6,08:06:23,2,8,0.0
2026-08-20,Humira,15.64,08:06:53,2,8,141.48
2026-08-20,Humira,5.25,08:07:23,2,8,0.0
2026-08-20,Humira,13.23,08:07:53,2,8,141.5
2026-08-20,Humira,16.5,08:08:23,2,8,141.52
2026-08-20,Humira,6.18,08:08:53,2,8,0.0
2026-08-20,Humira,14.32,08:09:23,2,8,141.54
2026-08-20,Humira,14.63,08:09:53,2,8,141.55
2026-08-20,Humira,9.26,08:10:23,2,8,141.56
2026-08-20,Humira,12.46,08:10:53,2,8,141.57
2026-08-20,Humira,2.49,08:11:23,2,8,0.0
2026-08-20,Humira,11.73,08:11:53,2,8,141.59
2026-08-20,Humira,6.67,08:12:23,2,8,0.0
2026-08-20,Humira,15.89,08:12:53,2,8,141.61
2026-08-20,Humira,6.68,08:13:23,2,8,0.0
2026-08-20,Humira,2.19,08:13:53,2,8,0.0
2026-08-20,Humira,2.78,08:14:23,2,8,0.0
2026-08-20,Humira,4.2,08:14:53,2,8,0.0
2026-08-20,Humira,14.45,08:15:23,2,8,141.67
2026-08-20,Humira,3.04,08:15:53,2,8,0.0
2026-08-20,Humira,9.7,08:16:23,2,8,141.69
2026-08-20,Humira,9.28,08:16:53,2,8,141.7
2026-08-20,Humira,6.73,08:17:23,2,8,0.0
2026-08-20,Humira,13.87,08:17:53,2,8,141.72
2026-08-20,Humira,3.27,08:18:23,2,8,0.0
2026-08-20,Humira,4.87,08:18:53,2,8,0.0
2026-08-20,Humira,12.83,08:19:23,2,8,141.75
2026-08-20,Humira,6.06,08:19:53,2,8,0.0
2026-08-20,Humira,12.4,08:20:23,2,8,141.78
2026-08-20,Humira,10.4,08:20:53,2,8,141.79
2026-08-20,Humira,3.56,08:21:23,2,8,0.0
2026-08-20,Humira,16.36,08:21:53,2,8,141.81
2026-08-20,Humira,11.62,08:22:23,2,8,141.82
2026-08-20,Humira,10.69,08:22:53,2,8,141.83
2026-08-20,Humira,4.24,08:23:23,2,8,0.0
2026-08-20,Humira,11.22,08:23:53,2,8,141.85
2026-08-20,Humira,9.92,08:24:23,2,8,141.86
2026-08-20,Humira,15.4,08:24:53,2,8,141.87
2026-08-20,Humira,16.35,08:25:23,2,8,141.88
2026-08-20,Humira,10.23,08:25:53,2,8,141.9
2026-08-20,Humira,5.1,08:26:23,2,8,0.0
2026-08-20,Humira,17.98,08:26:53,2,8,141.92
2026-08-20,Humira,15.94,08:27:23,2,8,141.93
2026-08-20,Humira,15.55,08:27:53,2,8,141.94
2026-08-20,Humira,11.51,08:28:23,2,8,141.95
2026-08-20,Humira,13.65,08:28:53,2,8,141.96
2026-08-20,Humira,10.32,08:29:23,2,8,141.97
2026-08-20,Humira,17.7,08:29:53,2,8,141.98
2026-08-20,Humira,11.36,08:30:23,2,8,141.99
2026-08-20,Humira,16.23,08:30:53,2,8,142.0
2026-08-20,Humira,14.97,08:31:23,2,8,142.01
2026-08-20,Humira,10.09,08:31:53,2,8,142.03
2026-08-20,Humira,10.76,08:32:23,2,8,142.04
2026-08-20,Humira,14.72,08:32:53,2,8,142.05
2026-08-20,Humira,3.23,08:33:23,2,8,0.0
2026-08-20,Humira,12.46,08:33:53,2,8,142.07
2026-08-20,Humira,15.04,08:34:23,2,8,142.08
2026-08-20,Humira,4.36,08:34:53,2,8,0.0
2026-08-20,Humira,3.16,08:35:23,2,8,0.0
2026-08-20,Humira,16.03,08:35:53,2,8,142.11
2026-08-20,Humira,15.53,08:36:23,2,8,142.12
2026-08-20,Humira,11.26,08:36:53,2,8,142.13
2026-08-20,Humira,12.11,08:37:23,2,8,142.14
2026-08-20,Humira,2.1,08:37:53,2,8,0.0
2026-08-20,Humira,6.95,08:38:23,2,8,0.0
2026-08-20,Humira,17.11,08:38:53,2,8,142.18
2026-08-20,Humira,14.59,08:39:23,2,8,142.19
2026-08-20,Humira,3.44,08:39:53,2,8,0.0
2026-08-20,Humira,9.15,08:40:23,2,8,142.21
2026-08-20,Humira,16.68,08:40:53,2,8,142.22
2026-08-20,Humira,13.0,08:41:23,2,8,142.23
2026-08-20,Humira,17.51,08:41:53,2,8,142.24
2026-08-20,Humira,14.94,08:42:23,2,8,142.25
2026-08-20,Humira,3.42,08:42:53,2,8,0.0
2026-08-20,Humira,16.52,08:43:23,2,8,142.27
2026-08-20,Humira,7.92,08:43:53,2,8,0.0
2026-08-20,Humira,4.86,08:44:23,2,8,0.0
2026-08-20,Humira,6.24,08:44:53,2,8,0.0
2026-08-20,Humira,9.69,08:45:23,2,8,142.32
2026-08-20,Humira,14.73,08:45:53,2,8,142.33
2026-08-20,Humira,16.02,08:46:23,2,8,142.34
2026-08-20,Humira,11.67,08:46:53,2,8,142.35
2026-08-20,Humira,14.46,08:47:23,2,8,142.36
2026-08-20,Humira,16.45,08:47:53,2,8,142.37
2026-08-20,Humira,12.85,08:48:23,2,8,142.38
2026-08-20,Humira,9.37,08:48:53,2,8,142.39
2026-08-20,Humira,14.57,08:49:23,2,8,142.4
2026-08-20,Humira,12.92,08:49:53,2,8,142.41
2026-08-20,Humira,4.65,08:50:23,2,8,0.0
2026-08-20,Humira,4.36,08:50:53,2,8,0.0
2026-08-20,Humira,14.6,08:51:23,2,8,142.45
2026-08-20,Humira,3.06,08:51:53,2,8,0.0
2026-08-20,Humira,5.23,08:52:23,2,8,0.0
2026-08-20,Humira,3.16,08:52:53,2,8,0.0
2026-08-20,Humira,16.21,08:53:23,2,8,142.49
2026-08-20,Humira,6.73,08:53:53,2,8,0.0
2026-08-20,Humira,2.06,08:54:23,2,8,0.0
2026-08-20,Humira,15.76,08:54:53,2,8,142.52
2026-08-20,Humira,16.64,08:55:23,2,8,142.53
2026-08-20,Humira,12.98,08:55:53,2,8,142.55
2026-08-20,Humira,10.58,08:56:23,2,8,142.56
2026-08-20,Humira,13.75,08:56:53,2,8,142.57
2026-08-20,Humira,2.58,08:57:23,2,8,0.0
2026-08-20,Humira,7.2,08:57:53,2,8,0.0
2026-08-20,Humira,12.65,08:58:23,2,8,142.6
2026-08-20,Humira,15.97,08:58:53,2,8,142.61
2026-08-20,Humira,6.13,08:59:23,2,8,0.0
2026-08-20,Humira,3.35,08:59:53,2,8,0.0
2026-08-20,Humira,17.23,09:00:23,2,8,142.64
2026-08-20,Humira,16.97,09:00:53,2,8,142.65
2026-08-20,Humira,13.25,09:01:23,2,8,142.66
2026-08-20,Humira,2.66,09:01:53,2,8,0.0
2026-08-20,Humira,4.55,09:02:23,2,8,0.0
2026-08-20,Humira,6.44,09:02:53,2,8,0.0
2026-08-20,Humira,10.74,09:03:23,2,8,142.71
2026-08-20,Humira,10.96,09:03:53,2,8,142.72
2026-08-20,Humira,11.18,09:04:23,2,8,142.73
2026-08-20,Humira,17.03,09:04:53,2,8,142.74
2026-08-20,Humira,10.35,09:05:23,2,8,142.75
2026-08-20,Humira,16.24,09:05:53,2,8,142.76
2026-08-20,Humira,14.76,09:06:23,2,8,142.77
2026-08-20,Humira,12.23,09:06:53,2,8,142.78
2026-08-20,Humira,17.92,09:07:23,2,8,142.79
2026-08-20,Humira,15.68,09:07:53,2,8,142.81
2026-08-20,Humira,7.42,09:08:23,2,8,0.0
2026-08-20,Humira,9.43,09:08:53,2,8,142.83
2026-08-20,Humira,3.86,09:09:23,2,8,0.0
2026-08-20,Humira,14.14,09:09:53,2,8,142.85
2026-08-20,Humira,7.39,09:10:23,2,8,0.0
2026-08-20,Humira,15.17,09:10:53,2,8,142.87
2026-08-20,Humira,13.31,09:11:23,2,8,142.88
2026-08-20,Humira,12.32,09:11:53,2,8,142.89
2026-08-20,Humira,5.96,09:12:23,2,8,0.0
2026-08-20,Humira,7.15,09:12:53,2,8,0.0
2026-08-20,Humira,13.0,09:13:23,2,8,142.92
2026-08-20,Humira,12.08,09:13:53,2,8,142.94
2026-08-20,Humira,13.44,09:14:23,2,8,142.95
2026-08-20,Humira,14.66,09:14:53,2,8,142.96
2026-08-20,Humira,2.31,09:15:23,2,8,0.0
2026-08-20,Humira,4.31,09:15:53,2,8,0.0
2026-08-20,Humira,5.98,09:16:23,2,8,0.0
2026-08-20,Humira,10.68,09:16:53,2,8,143.0
2026-08-20,Humira,9.18,09:17:23,2,8,143.01
2026-08-20,Humira,2.4,09:17:53,2,8,0.0
2026-08-20,Humira,2.4,09:18:23,2,8,0.0
2026-08-20,Humira,17.78,09:18:53,2,8,143.04
2026-08-20,Humira,3.0,09:19:23,2,8,0.0
2026-08-20,Humira,3.81,09:19:53,2,8,0.0
2026-08-20,Humira,9.4,09:20:23,2,8,143.08
2026-08-20,Humira,9.81,09:20:53,2,8,143.09
2026-08-20,Humira,12.63,09:21:23,2,8,143.1
2026-08-20,Humira,7.73,09:21:53,2,8,0.0
2026-08-20,Humira,11.76,09:22:23,2,8,143.12
2026-08-20,Humira,15.84,09:22:53,2,8,143.13
2026-08-20,Humira,12.99,09:23:23,2,8,143.14
2026-08-20,Humira,13.66,09:23:53,2,8,143.15
2026-08-20,Humira,9.84,09:24:23,2,8,143.16
2026-08-20,Humira,10.88,09:24:53,2,8,143.17
2026-08-20,Humira,7.72,09:25:23,2,8,0.0
2026-08-20,Humira,13.24,09:25:53,2,8,143.2
2026-08-20,Humira,7.17,09:26:23,2,8,0.0
2026-08-20,Humira,10.54,09:26:53,2,8,143.22
2026-08-20,Humira,5.49,09:27:23,2,8,0.0
2026-08-20,Humira,10.56,09:27:53,2,8,143.24
2026-08-20,Humira,16.48,09:28:23,2,8,143.25
2026-08-20,Humira,5.3,09:28:53,2,8,0.0
2026-08-20,Humira,9.69,09:29:23,2,8,143.27
2026-08-20,Humira,4.4,09:29:53,2,8,0.0
2026-08-20,Humira,15.08,09:30:23,2,8,143.29
2026-08-20,Humira,11.72,09:30:53,2,8,143.3
2026-08-20,Humira,5.08,09:31:23,2,8,0.0
2026-08-20,Humira,11.99,09:31:53,2,8,143.33
2026-08-20,Humira,16.21,09:32:23,2,8,143.34
2026-08-20,Humira,11.16,09:32:53,2,8,143.35
2026-08-20,Humira,15.71,09:33:23,2,8,143.36
2026-08-20,Humira,16.82,09:33:53,2,8,143.37
2026-08-20,Humira,6.38,09:34:23,2,8,0.0
2026-08-20,Humira,5.98,09:34:53,2,8,0.0
2026-08-20,Humira,10.8,09:35:23,2,8,143.4
2026-08-20,Humira,10.49,09:35:53,2,8,143.41
2026-08-20,Humira,14.39,09:36:23,2,8,143.42
2026-08-20,Humira,11.08,09:36:53,2,8,143.43
2026-08-20,Humira,7.54,09:37:23,2,8,0.0
2026-08-20,Humira,12.69,09:37:53,2,8,143.45
2026-08-20,Humira,14.57,09:38:23,2,8,143.47
2026-08-20,Humira,13.98,09:38:53,2,8,143.48
2026-08-20,Humira,7.15,09:39:23,2,8,0.0
2026-08-20,Humira,12.45,09:39:53,2,8,143.5
2026-08-20,Humira,12.76,09:40:23,2,8,143.51
2026-08-20,Humira,7.37,09:40:53,2,8,0.0
2026-08-20,Humira,7.67,09:41:23,2,8,0.0
2026-08-20,Humira,13.27,09:41:53,2,8,143.54
2026-08-20,Humira,9.98,09:42:23,2,8,143.55
2026-08-20,Humira,2.84,09:42:53,2,8,0.0
2026-08-20,Humira,15.54,09:43:23,2,8,143.57
2026-08-20,Humira,7.51,09:43:53,2,8,0.0
2026-08-20,Humira,9.4,09:44:23,2,8,143.6
2026-08-20,Humira,10.74,09:44:53,2,8,143.61
2026-08-20,Humira,4.73,09:45:23,2,8,0.0
2026-08-20,Humira,4.02,09:45:53,2,8,0.0
2026-08-20,Humira,9.09,09:46:23,2,8,143.64
2026-08-20,Humira,2.04,09:46:53,2,8,0.0
2026-08-20,Humira,12.59,09:47:23,2,8,143.66
2026-08-20,Humira,7.96,09:47:53,2,8,0.0
2026-08-20,Humira,14.3,09:48:23,2,8,143.68
2026-08-20,Humira,17.39,09:48:53,2,8,143.69
2026-08-20,Humira,13.86,09:49:23,2,8,143.7
2026-08-20,Humira,17.29,09:49:53,2,8,143.72
2026-08-20,Humira,6.94,09:50:23,2,8,0.0
2026-08-20,Humira,9.51,09:50:53,2,8,143.74
2026-08-20,Humira,5.29,09:51:23,2,8,0.0
2026-08-20,Humira,5.77,09:51:53,2,8,0.0
2026-08-20,Humira,11.78,09:52:23,2,8,143.77
2026-08-20,Humira,14.85,09:52:53,2,8,143.78
2026-08-20,Humira,15.6,09:53:23,2,8,143.79
2026-08-20,Humira,9.08,09:53:53,2,8,143.8
2026-08-20,Humira,15.26,09:54:23,2,8,143.81
2026-08-20,Humira,15.98,09:54:53,2,8,143.82
2026-08-20,Humira,7.73,09:55:23,2,8,0.0
2026-08-20,Humira,12.35,09:55:53,2,8,143.84
2026-08-20,Humira,10.69,09:56:23,2,8,143.86
2026-08-20,Humira,6.95,09:56:53,2,8,0.0
2026-08-20,Humira,2.5,09:57:23,2,8,0.0
2026-08-20,Humira,10.7,09:57:53,2,8,143.89
2026-08-20,Humira,10.19,09:58:23,2,8,143.9
2026-08-20,Humira,17.44,09:58:53,2,8,143.91
2026-08-20,Humira,12.75,09:59:23,2,8,143.92
2026-08-20,Humira,13.99,09:59:53,2,8,143.93
2026-08-20,Humira,12.95,10:00:23,2,8,143.94
2026-08-20,Humira,15.9,10:00:53,2,8,143.95
2026-08-20,Humira,16.0,10:01:23,2,8,143.96
2026-08-20,Humira,7.44,10:01:53,2,8,0.0
2026-08-20,Humira,4.84,10:02:23,2,8,0.0
2026-08-20,Humira,6.41,10:02:53,2,8,0.0
2026-08-20,Humira,2.69,10:03:23,2,8,0.0
2026-08-20,Humira,13.41,10:03:53,2,8,144.02
2026-08-20,Humira,16.7,10:04:23,2,8,144.03
2026-08-20,Humira,7.05,10:04:53,2,8,0.0
2026-08-20,Humira,4.08,10:05:23,2,8,0.0
2026-08-20,Humira,13.73,10:05:53,2,8,144.06
2026-08-20,Humira,5.88,10:06:23,2,8,0.0
2026-08-20,Humira,2.16,10:06:53,2,8,0.0
2026-08-20,Humira,7.02,10:07:23,2,8,0.0
2026-08-20,Humira,12.67,10:07:53,2,8,144.1
2026-08-20,Humira,17.02,10:08:23,2,8,144.12
2026-08-20,Humira,5.87,10:08:53,2,8,0.0
2026-08-20,Humira,15.66,10:09:23,2,8,144.14
2026-08-20,Humira,9.79,10:09:53,2,8,144.15
2026-08-20,Humira,9.69,10:10:23,2,8,144.16
2026-08-20,Humira,10.43,10:10:53,2,8,144.17
2026-08-20,Humira,12.11,10:11:23,2,8,144.18
2026-08-20,Humira,6.39,10:11:53,2,8,0.0
2026-08-20,Humira,10.52,10:12:23,2,8,144.2
2026-08-20,Humira,17.37,10:12:53,2,8,144.21
2026-08-20,Humira,6.87,10:13:23,2,8,0.0
2026-08-20,Humira,13.85,10:13:53,2,8,144.24
2026-08-20,Humira,10.0,10:14:23,2,8,144.25
2026-08-20,Humira,9.03,10:14:53,2,8,144.26
2026-08-20,Humira,6.75,10:15:23,2,8,0.0
2026-08-20,Humira,17.86,10:15:53,2,8,144.28
2026-08-20,Humira,10.65,10:16:23,2,8,144.29
2026-08-20,Humira,3.15,10:16:53,2,8,0.0
2026-08-20,Humira,3.17,10:17:23,2,8,0.0
2026-08-20,Humira,12.8,10:17:53,2,8,144.32
2026-08-20,Humira,16.46,10:18:23,2,8,144.33
2026-08-20,Humira,13.87,10:18:53,2,8,144.34
2026-08-20,Humira,7.07,10:19:23,2,8,0.0
2026-08-20,Humira,7.74,10:19:53,2,8,0.0
2026-08-20,Humira,12.13,10:20:23,2,8,144.38
2026-08-20,Humira,11.5,10:20:53,2,8,144.39
2026-08-20,Humira,13.96,10:21:23,2,8,144.4
2026-08-20,Humira,2.57,10:21:53,2,8,0.0
2026-08-20,Humira,13.48,10:22:23,2,8,144.42
2026-08-20,Humira,13.49,10:22:53,2,8,144.43
2026-08-20,Humira,13.7,10:23:23,2,8,144.44
2026-08-20,Humira,9.35,10:23:53,2,8,144.45
2026-08-20,Humira,9.19,10:24:23,2,8,144.46
2026-08-20,Humira,13.74,10:24:53,2,8,144.47
2026-08-20,Humira,3.76,10:25:23,2,8,0.0
2026-08-20,Humira,7.17,10:25:53,2,8,0.0
2026-08-20,Humira,6.23,10:26:23,2,8,0.0
2026-08-20,Humira,5.74,10:26:53,2,8,0.0
2026-08-20,Humira,12.02,10:27:23,2,8,144.53
2026-08-20,Humira,2.79,10:27:53,2,8,0.0
2026-08-20,Humira,6.36,10:28:23,2,8,0.0
2026-08-20,Humira,13.0,10:28:53,2,8,144.56
2026-08-20,Humira,9.9,10:29:23,2,8,144.57
2026-08-20,Humira,2.24,10:29:53,2,8,0.0
2026-08-20,Humira,10.82,10:30:23,2,8,144.59
2026-08-20,Humira,5.65,10:30:53,2,8,0.0
2026-08-20,Humira,6.33,10:31:23,2,8,0.0
2026-08-20,Humira,4.72,10:31:53,2,8,0.0
2026-08-20,Humira,9.6,10:32:23,2,8,144.64
2026-08-20,Humira,10.26,10:32:53,2,8,144.65
2026-08-20,Humira,2.15,10:33:23,2,8,0.0
2026-08-20,Humira,11.09,10:33:53,2,8,144.67
2026-08-20,Humira,2.12,10:34:23,2,8,0.0
2026-08-20,Humira,13.61,10:34:53,2,8,144.69
2026-08-20,Humira,16.87,10:35:23,2,8,144.7
2026-08-20,Humira,14.34,10:35:53,2,8,144.71
2026-08-20,Humira,15.13,10:36:23,2,8,144.72
2026-08-20,Humira,12.45,10:36:53,2,8,144.73
2026-08-20,Humira,2.14,10:37:23,2,8,0.0
2026-08-20,Humira,14.61,10:37:53,2,8,144.75
2026-08-20,Humira,4.28,10:38:23,2,8,0.0
2026-08-20,Humira,6.81,10:38:53,2,8,0.0
2026-08-20,Humira,9.99,10:39:23,2,8,144.79
2026-08-20,Humira,6.28,10:39:53,2,8,0.0
2026-08-20,Humira,14.31,10:40:23,2,8,144.81
2026-08-20,Humira,5.88,10:40:53,2,8,0.0
2026-08-20,Humira,12.02,10:41:23,2,8,144.83
2026-08-20,Humira,16.56,10:41:53,2,8,144.84
2026-08-20,Humira,10.86,10:42:23,2,8,144.85
2026-08-20,Humira,4.85,10:42:53,2,8,0.0
2026-08-20,Humira,11.51,10:43:23,2,8,144.87
2026-08-20,Humira,4.29,10:43:53,2,8,0.0
2026-08-20,Humira,14.25,10:44:23,2,8,144.9
2026-08-20,Humira,7.25,10:44:53,2,8,0.0
2026-08-20,Humira,10.52,10:45:23,2,8,144.92
2026-08-20,Humira,10.32,10:45:53,2,8,144.93
2026-08-20,Humira,10.91,10:46:23,2,8,144.94
2026-08-20,Humira,15.23,10:46:53,2,8,144.95
2026-08-20,Humira,6.98,10:47:23,2,8,0.0
2026-08-20,Humira,3.59,10:47:53,2,8,0.0
2026-08-20,Humira,12.64,10:48:23,2,8,144.98
2026-08-20,Humira,11.98,10:48:53,2,8,144.99
2026-08-20,Humira,13.99,10:49:23,2,8,145.0
2026-08-20,Humira,15.23,10:49:53,2,8,145.02
2026-08-20,Humira,9.84,10:50:23,2,8,145.03
2026-08-20,Humira,9.35,10:50:53,2,8,145.04
2026-08-20,Humira,3.52,10:51:23,2,8,0.0
2026-08-20,Humira,7.92,10:51:53,2,8,0.0
2026-08-20,Humira,2.95,10:52:23,2,8,0.0
2026-08-20,Humira,5.6,10:52:53,2,8,0.0
2026-08-20,Humira,11.62,10:53:23,2,8,145.09
2026-08-20,Humira,15.07,10:53:53,2,8,145.1
2026-08-20,Humira,10.52,10:54:23,2,8,145.11
2026-08-20,Humira,15.25,10:54:53,2,8,145.12
2026-08-20,Humira,5.96,10:55:23,2,8,0.0
2026-08-20,Humira,16.03,10:55:53,2,8,145.15
2026-08-20,Humira,5.08,10:56:23,2,8,0.0
2026-08-20,Humira,11.03,10:56:53,2,8,145.17
2026-08-20,Humira,6.09,10:57:23,2,8,0.0
2026-08-20,Humira,14.0,10:57:53,2,8,145.19
2026-08-20,Humira,17.9,10:58:23,2,8,145.2
2026-08-20,Humira,9.64,10:58:53,2,8,145.21
2026-08-20,Humira,3.56,10:59:23,2,8,0.0
2026-08-20,Humira,13.34,10:59:53,2,8,145.23
2026-08-20,Humira,6.97,11:00:23,2,8,0.0
2026-08-20,Humira,12.07,11:00:53,2,8,145.25
2026-08-20,Humira,11.6,11:01:23,2,8,145.26
2026-08-20,Humira,7.83,11:01:53,2,8,0.0
2026-08-20,Humira,7.36,11:02:23,2,8,0.0
2026-08-20,Humira,14.53,11:02:53,2,8,145.3
2026-08-20,Humira,2.05,11:03:23,2,8,0.0
2026-08-20,Humira,6.07,11:03:53,2,8,0.0
2026-08-20,Humira,4.02,11:04:23,2,8,0.0
2026-08-20,Humira,10.71,11:04:53,2,8,145.34
2026-08-20,Humira,10.14,11:05:23,2,8,145.35
2026-08-20,Humira,12.66,11:05:53,2,8,145.36
2026-08-20,Humira,2.18,11:06:23,2,8,0.0
2026-08-20,Humira,16.87,11:06:53,2,8,145.38
2026-08-20,Humira,14.69,11:07:23,2,8,145.39
2026-08-20,Humira,5.81,11:07:53,2,8,0.0
2026-08-20,Humira,17.78,11:08:23,2,8,145.42
2026-08-20,Humira,14.44,11:08:53,2,8,145.43
2026-08-20,Humira,11.89,11:09:23,2,8,145.44
2026-08-20,Humira,5.31,11:09:53,2,8,0.0
2026-08-20,Humira,9.71,11:10:23,2,8,145.46
2026-08-20,Humira,12.9,11:10:53,2,8,145.47
2026-08-20,Humira,12.82,11:11:23,2,8,145.48
2026-08-20,Humira,10.48,11:11:53,2,8,145.49
2026-08-20,Humira,4.4,11:12:23,2,8,0.0
2026-08-20,Humira,14.42,11:12:53,2,8,145.51
2026-08-20,Humira,13.3,11:13:23,2,8,145.52
2026-08-20,Humira,7.87,11:13:53,2,8,0.0
2026-08-20,Humira,5.38,11:14:23,2,8,0.0
2026-08-20,Humira,3.22,11:14:53,2,8,0.0
2026-08-20,Humira,7.07,11:15:23,2,8,0.0
2026-08-20,Humira,10.62,11:15:53,2,8,145.58
2026-08-20,Humira,9.34,11:16:23,2,8,145.59
2026-08-20,Humira,2.31,11:16:53,2,8,0.0
2026-08-20,Humira,3.85,11:17:23,2,8,0.0
2026-08-20,Humira,2.57,11:17:53,2,8,0.0
2026-08-20,Humira,11.67,11:18:23,2,8,145.63
2026-08-20,Humira,11.99,11:18:53,2,8,145.64
2026-08-20,Humira,9.29,11:19:23,2,8,145.65
2026-08-20,Humira,14.59,11:19:53,2,8,145.66
2026-08-20,Humira,10.25,11:20:23,2,8,145.68
2026-08-20,Humira,4.11,11:20:53,2,8,0.0
2026-08-20,Humira,5.63,11:21:23,2,8,0.0
2026-08-20,Humira,14.07,11:21:53,2,8,145.71
2026-08-20,Humira,4.09,11:22:23,2,8,0.0
2026-08-20,Humira,17.53,11:22:53,2,8,145.73
2026-08-20,Humira,5.58,11:23:23,2,8,0.0
2026-08-20,Humira,11.35,11:23:53,2,8,145.75
2026-08-20,Humira,11.9,11:24:23,2,8,145.76
2026-08-20,Humira,12.08,11:24:53,2,8,145.77
2026-08-20,Humira,6.59,11:25:23,2,8,0.0
2026-08-20,Humira,17.2,11:25:53,2,8,145.8
2026-08-20,Humira,16.39,11:26:23,2,8,145.81
2026-08-20,Humira,5.95,11:26:53,2,8,0.0
2026-08-20,Humira,4.94,11:27:23,2,8,0.0
2026-08-20,Humira,5.96,11:27:53,2,8,0.0
2026-08-20,Humira,12.65,11:28:23,2,8,145.85
2026-08-20,Humira,9.86,11:28:53,2,8,145.86
2026-08-20,Humira,15.14,11:29:23,2,8,145.87
2026-08-20,Humira,10.5,11:29:53,2,8,145.88
2026-08-20,Humira,16.03,11:30:23,2,8,145.89
2026-08-20,Humira,16.81,11:30:53,2,8,145.9
2026-08-20,Humira,9.05,11:31:23,2,8,145.91
2026-08-20,Humira,6.0,11:31:53,2,8,0.0
2026-08-20,Humira,9.01,11:32:23,2,8,145.94
2026-08-20,Humira,5.22,11:32:53,2,8,0.0
2026-08-20,Humira,4.28,11:33:23,2,8,0.0
2026-08-20,Humira,15.66,11:33:53,2,8,145.97
2026-08-20,Humira,11.06,11:34:23,2,8,145.98
2026-08-20,Humira,14.64,11:34:53,2,8,145.99
2026-08-20,Humira,14.96,11:35:23,2,8,146.0
2026-08-20,Humira,2.89,11:35:53,2,8,0.0
2026-08-20,Humira,6.49,11:36:23,2,8,0.0
2026-08-20,Humira,4.5,11:36:53,2,8,0.0
2026-08-20,Humira,4.82,11:37:23,2,8,0.0
2026-08-20,Humira,12.33,11:37:53,2,8,146.06
2026-08-20,Humira,17.0,11:38:23,2,8,146.07
2026-08-20,Humira,15.26,11:38:53,2,8,146.08
2026-08-20,Humira,17.65,11:39:23,2,8,146.09
2026-08-20,Humira,11.12,11:39:53,2,8,146.1
2026-08-20,Humira,14.73,11:40:23,2,8,146.11
2026-08-20,Humira,13.28,11:40:53,2,8,146.12
2026-08-20,Humira,3.41,11:41:23,2,8,0.0
2026-08-20,Humira,6.95,11:41:53,2,8,0.0
2026-08-20,Humira,2.09,11:42:23,2,8,0.0
2026-08-20,Humira,12.7,11:42:53,2,8,146.16
2026-08-20,Humira,16.83,11:43:23,2,8,146.17
2026-08-20,Humira,3.77,11:43:53,2,8,0.0
2026-08-20,Humira,11.41,11:44:23,2,8,146.2
2026-08-20,Humira,12.09,11:44:53,2,8,146.21
2026-08-20,Humira,7.67,11:45:23,2,8,0.0
2026-08-20,Humira,3.23,11:45:53,2,8,0.0
2026-08-20,Humira,4.65,11:46:23,2,8,0.0
2026-08-20,Humira,14.46,11:46:53,2,8,146.25
2026-08-20,Humira,15.3,11:47:23,2,8,146.26
2026-08-20,Humira,10.52,11:47:53,2,8,146.27
2026-08-20,Humira,5.22,11:48:23,2,8,0.0
2026-08-20,Humira,17.87,11:48:53,2,8,146.29
2026-08-20,Humira,16.75,11:49:23,2,8,146.3
2026-08-20,Humira,6.83,11:49:53,2,8,0.0
2026-08-20,Humira,12.33,11:50:23,2,8,146.33
2026-08-20,Humira,16.26,11:50:53,2,8,146.34
2026-08-20,Humira,13.86,11:51:23,2,8,146.35
2026-08-20,Humira,14.73,11:51:53,2,8,146.36
2026-08-20,Humira,4.99,11:52:23,2,8,0.0
2026-08-20,Humira,15.13,11:52:53,2,8,146.38
2026-08-20,Humira,11.63,11:53:23,2,8,146.39
2026-08-20,Humira,9.8,11:53:53,2,8,146.4
2026-08-20,Humira,17.65,11:54:23,2,8,146.41
2026-08-20,Humira,14.15,11:54:53,2,8,146.42
2026-08-20,Humira,14.4,11:55:23,2,8,146.43
2026-08-20,Humira,17.74,11:55:53,2,8,146.45
2026-08-20,Humira,15.12,11:56:23,2,8,146.46
2026-08-20,Humira,4.51,11:56:53,2,8,0.0
2026-08-20,Humira,3.45,11:57:23,2,8,0.0
2026-08-20,Humira,12.99,11:57:53,2,8,146.49
2026-08-20,Humira,11.09,11:58:23,2,8,146.5
2026-08-20,Humira,2.19,11:58:53,2,8,0.0
2026-08-20,Humira,6.72,11:59:23,2,8,0.0
2026-08-20,Humira,5.31,11:59:53,2,8,0.0
2026-08-20,Humira,7.25,12:00:23,2,8,0.0
2026-08-20,Humira,3.67,12:00:53,2,8,0.0
2026-08-20,Humira,4.09,12:01:23,2,8,0.0
2026-08-20,Humira,15.96,12:01:53,2,8,146.58
2026-08-20,Humira,14.66,12:02:23,2,8,146.59
2026-08-20,Humira,10.2,12:02:53,2,8,146.6
2026-08-20,Humira,6.07,12:03:23,2,8,0.0
2026-08-20,Humira,17.31,12:03:53,2,8,146.62
2026-08-20,Humira,2.52,12:04:23,2,8,0.0
2026-08-20,Humira,4.49,12:04:53,2,8,0.0
2026-08-20,Humira,11.01,12:05:23,2,8,146.65
2026-08-20,Humira,6.24,12:05:53,2,8,0.0
2026-08-20,Humira,6.92,12:06:23,2,8,0.0
2026-08-20,Humira,16.99,12:06:53,2,8,146.68
2026-08-20,Humira,14.27,12:07:23,2,8,146.69
2026-08-20,Humira,13.99,12:07:53,2,8,146.7
2026-08-20,Humira,16.15,12:08:23,2,8,146.72
2026-08-20,Humira,3.01,12:08:53,2,8,0.0
2026-08-20,Humira,7.83,12:09:23,2,8,0.0
2026-08-20,Humira,12.31,12:09:53,2,8,146.75
2026-08-20,Humira,9.32,12:10:23,2,8,146.76
2026-08-20,Humira,12.18,12:10:53,2,8,146.77
2026-08-20,Humira,6.48,12:11:23,2,8,0.0
2026-08-20,Humira,2.89,12:11:53,2,8,0.0
2026-08-20,Humira,6.7,12:12:23,2,8,0.0
2026-08-20,Humira,15.27,12:12:53,2,8,146.81
2026-08-20,Humira,16.13,12:13:23,2,8,146.82
2026-08-20,Humira,3.44,12:13:53,2,8,0.0
2026-08-20,Humira,4.08,12:14:23,2,8,0.0
2026-08-20,Humira,16.33,12:14:53,2,8,146.86
2026-08-20,Humira,6.6,12:15:23,2,8,0.0
2026-08-20,Humira,13.36,12:15:53,2,8,146.88
2026-08-20,Humira,5.82,12:16:23,2,8,0.0
2026-08-20,Humira,15.36,12:16:53,2,8,146.9
2026-08-20,Humira,16.98,12:17:23,2,8,146.91
2026-08-20,Humira,3.89,12:17:53,2,8,0.0
2026-08-20,Humira,5.78,12:18:23,2,8,0.0
2026-08-20,Humira,3.71,12:18:53,2,8,0.0
2026-08-20,Humira,14.05,12:19:23,2,8,146.95
2026-08-20,Humira,9.61,12:19:53,2,8,146.97
2026-08-20,Humira,4.39,12:20:23,2,8,0.0
2026-08-20,Humira,14.86,12:20:53,2,8,146.99
2026-08-20,Humira,10.37,12:21:23,2,8,147.0
2026-08-20,Humira,3.34,12:21:53,2,8,0.0
2026-08-20,Humira,13.15,12:22:23,2,8,147.02
2026-08-20,Humira,13.04,12:22:53,2,8,147.03
2026-08-20,Humira,10.43,12:23:23,2,8,147.04
2026-08-20,Humira,11.54,12:23:53,2,8,147.05
2026-08-20,Humira,5.21,12:24:23,2,8,0.0
2026-08-20,Humira,14.08,12:24:53,2,8,147.07
2026-08-20,Humira,10.15,12:25:23,2,8,147.08
2026-08-20,Humira,15.86,12:25:53,2,8,147.09
2026-08-20,Humira,12.83,12:26:23,2,8,147.11
2026-08-20,Humira,14.4,12:26:53,2,8,147.12
2026-08-20,Humira,12.42,12:27:23,2,8,147.13
2026-08-20,Humira,13.09,12:27:53,2,8,147.14
2026-08-20,Humira,10.92,12:28:23,2,8,147.15
2026-08-20,Humira,13.87,12:28:53,2,8,147.16
2026-08-20,Humira,7.21,12:29:23,2,8,0.0
2026-08-20,Humira,6.66,12:29:53,2,8,0.0
2026-08-20,Humira,6.61,12:30:23,2,8,0.0
2026-08-20,Humira,16.98,12:30:53,2,8,147.2
2026-08-20,Humira,14.87,12:31:23,2,8,147.21
2026-08-20,Humira,16.1,12:31:53,2,8,147.22
2026-08-20,Humira,11.13,12:32:23,2,8,147.24
2026-08-20,Humira,9.62,12:32:53,2,8,147.25
2026-08-20,Humira,3.8,12:33:23,2,8,0.0
2026-08-20,Humira,11.85,12:33:53,2,8,147.27
2026-08-20,Humira,17.81,12:34:23,2,8,147.28
2026-08-20,Humira,4.1,12:34:53,2,8,0.0
2026-08-20,Humira,12.78,12:35:23,2,8,147.3
2026-08-20,Humira,9.59,12:35:53,2,8,147.31
2026-08-20,Humira,13.95,12:36:23,2,8,147.32
2026-08-20,Humira,5.84,12:36:53,2,8,0.0
2026-08-20,Humira,6.32,12:37:23,2,8,0.0
2026-08-20,Humira,16.1,12:37:53,2,8,147.35
2026-08-20,Humira,6.99,12:38:23,2,8,0.0
2026-08-20,Humira,7.65,12:38:53,2,8,0.0
2026-08-20,Humira,10.33,12:39:23,2,8,147.39
2026-08-20,Humira,6.1,12:39:53,2,8,0.0
2026-08-20,Humira,4.25,12:40:23,2,8,0.0
2026-08-20,Humira,15.35,12:40:53,2,8,147.42
2026-08-20,Humira,13.18,12:41:23,2,8,147.43
2026-08-20,Humira,2.12,12:41:53,2,8,0.0
2026-08-20,Humira,6.18,12:42:23,2,8,0.0
2026-08-20,Humira,9.43,12:42:53,2,8,147.46
2026-08-20,Humira,3.18,12:43:23,2,8,0.0
2026-08-20,Humira,2.93,12:43:53,2,8,0.0
2026-08-20,Humira,2.19,12:44:23,2,8,0.0
2026-08-20,Humira,16.96,12:44:53,2,8,147.51
2026-08-20,Humira,9.94,12:45:23,2,8,147.52
2026-08-20,Humira,6.45,12:45:53,2,8,0.0
2026-08-20,Humira,17.22,12:46:23,2,8,147.54
2026-08-20,Humira,14.65,12:46:53,2,8,147.55
2026-08-20,Humira,13.28,12:47:23,2,8,147.56
2026-08-20,Humira,10.86,12:47:53,2,8,147.57
2026-08-20,Humira,16.88,12:48:23,2,8,147.58
2026-08-20,Humira,16.46,12:48:53,2,8,147.59
2026-08-20,Humira,7.81,12:49:23,2,8,0.0
2026-08-20,Humira,6.84,12:49:53,2,8,0.0
2026-08-20,Humira,15.54,12:50:23,2,8,147.63
2026-08-20,Humira,7.42,12:50:53,2,8,0.0
2026-08-20,Humira,9.41,12:51:23,2,8,147.65
2026-08-20,Humira,15.73,12:51:53,2,8,147.66
2026-08-20,Humira,7.31,12:52:23,2,8,0.0
2026-08-20,Humira,2.36,12:52:53,2,8,0.0
2026-08-20,Humira,12.21,12:53:23,2,8,147.69
2026-08-20,Humira,5.07,12:53:53,2,8,0.0
2026-08-20,Humira,10.0,12:54:23,2,8,147.71
2026-08-20,Humira,3.18,12:54:53,2,8,0.0
2026-08-20,Humira,14.08,12:55:23,2,8,147.73
2026-08-20,Humira,7.91,12:55:53,2,8,0.0
2026-08-20,Humira,11.29,12:56:23,2,8,147.76
2026-08-20,Humira,14.29,12:56:53,2,8,147.77
2026-08-20,Humira,13.62,12:57:23,2,8,147.78
2026-08-20,Humira,14.59,12:57:53,2,8,147.79
2026-08-20,Humira,17.56,12:58:23,2,8,147.8
2026-08-20,Humira,14.79,12:58:53,2,8,147.81
2026-08-20,Humira,7.7,12:59:23,2,8,0.0
2026-08-20,Humira,16.75,12:59:53,2,8,147.83
2026-08-20,Humira,15.42,13:00:23,2,8,147.84
2026-08-20,Humira,5.71,13:00:53,2,8,0.0
2026-08-20,Humira,9.78,13:01:23,2,8,147.86
2026-08-20,Humira,2.16,13:01:53,2,8,0.0
2026-08-20,Humira,9.92,13:02:23,2,8,147.89
2026-08-20,Humira,17.52,13:02:53,2,8,147.9
2026-08-20,Humira,17.98,13:03:23,2,8,147.91
2026-08-20,Humira,2.86,13:03:53,2,8,0.0
2026-08-20,Humira,15.18,13:04:23,2,8,147.93
2026-08-20,Humira,4.19,13:04:53,2,8,0.0
2026-08-20,Humira,10.65,13:05:23,2,8,147.95
2026-08-20,Humira,17.97,13:05:53,2,8,147.96
2026-08-20,Humira,9.26,13:06:23,2,8,147.97
2026-08-20,Humira,2.32,13:06:53,2,8,0.0
2026-08-20,Humira,2.39,13:07:23,2,8,0.0
2026-08-20,Humira,15.49,13:07:53,2,8,148.0
2026-08-20,Humira,15.18,13:08:23,2,8,148.02
2026-08-20,Humira,16.39,13:08:53,2,8,148.03
2026-08-20,Humira,16.65,13:09:23,2,8,148.04
2026-08-20,Humira,15.57,13:09:53,2,8,148.05
2026-08-20,Humira,11.92,13:10:23,2,8,148.06
2026-08-20,Humira,11.08,13:10:53,2,8,148.07
2026-08-20,Humira,17.19,13:11:23,2,8,148.08
2026-08-20,Humira,13.85,13:11:53,2,8,148.09
2026-08-20,Humira,10.5,13:12:23,2,8,148.1
2026-08-20,Humira,7.23,13:12:53,2,8,0.0
2026-08-20,Humira,3.29,13:13:23,2,8,0.0
2026-08-20,Humira,10.19,13:13:53,2,8,148.14
2026-08-20,Humira,4.98,13:14:23,2,8,0.0
2026-08-20,Humira,15.34,13:14:53,2,8,148.16
2026-08-20,Humira,11.65,13:15:23,2,8,148.17
2026-08-20,Humira,7.5,13:15:53,2,8,0.0
2026-08-20,Humira,13.05,13:16:23,2,8,148.19
2026-08-20,Humira,15.92,13:16:53,2,8,148.2
2026-08-20,Humira,6.96,13:17:23,2,8,0.0
2026-08-20,Humira,14.75,13:17:53,2,8,148.22
2026-08-20,Humira,11.68,13:18:23,2,8,148.23
2026-08-20,Humira,17.05,13:18:53,2,8,148.24
2026-08-20,Humira,12.48,13:19:23,2,8,148.25
2026-08-20,Humira,16.5,13:19:53,2,8,148.27
2026-08-20,Humira,5.45,13:20:23,2,8,0.0
2026-08-20,Humira,3.09,13:20:53,2,8,0.0
2026-08-20,Humira,12.56,13:21:23,2,8,148.3
2026-08-20,Humira,10.48,13:21:53,2,8,148.31
2026-08-20,Humira,16.89,13:22:23,2,8,148.32
2026-08-20,Humira,11.34,13:22:53,2,8,148.33
2026-08-20,Humira,5.98,13:23:23,2,8,0.0
2026-08-20,Humira,4.16,13:23:53,2,8,0.0
2026-08-20,Humira,2.56,13:24:23,2,8,0.0
2026-08-20,Humira,9.46,13:24:53,2,8,148.37
2026-08-20,Humira,9.92,13:25:23,2,8,148.38
2026-08-20,Humira,6.05,13:25:53,2,8,0.0
2026-08-20,Humira,13.62,13:26:23,2,8,148.41
2026-08-20,Humira,13.55,13:26:53,2,8,148.42
2026-08-20,Humira,2.49,13:27:23,2,8,0.0
2026-08-20,Humira,7.24,13:27:53,2,8,0.0
2026-08-20,Humira,6.69,13:28:23,2,8,0.0
2026-08-20,Humira,5.43,13:28:53,2,8,0.0
2026-08-20,Humira,12.28,13:29:23,2,8,148.47
2026-08-20,Humira,6.47,13:29:53,2,8,0.0
2026-08-20,Humira,14.87,13:30:23,2,8,148.49
2026-08-20,Humira,11.41,13:30:53,2,8,148.5
2026-08-20,Humira,6.94,13:31:23,2,8,0.0
2026-08-20,Humira,3.89,13:31:53,2,8,0.0
2026-08-20,Humira,11.07,13:32:23,2,8,148.54
2026-08-20,Humira,15.21,13:32:53,2,8,148.55
2026-08-20,Humira,16.13,13:33:23,2,8,148.56
2026-08-20,Humira,4.09,13:33:53,2,8,0.0
2026-08-20,Humira,13.16,13:34:23,2,8,148.58
2026-08-20,Humira,2.61,13:34:53,2,8,0.0
2026-08-20,Humira,13.83,13:35:23,2,8,148.6
2026-08-20,Humira,3.83,13:35:53,2,8,0.0
2026-08-20,Humira,14.61,13:36:23,2,8,148.62
2026-08-20,Humira,12.31,13:36:53,2,8,148.63
2026-08-20,Humira,13.58,13:37:23,2,8,148.64
2026-08-20,Humira,17.13,13:37:53,2,8,148.66
2026-08-20,Humira,13.44,13:38:23,2,8,148.67
2026-08-20,Humira,5.06,13:38:53,2,8,0.0
2026-08-20,Humira,16.44,13:39:23,2,8,148.69
2026-08-20,Humira,15.52,13:39:53,2,8,148.7
2026-08-20,Humira,17.44,13:40:23,2,8,148.71
2026-08-20,Humira,12.49,13:40:53,2,8,148.72
2026-08-20,Humira,7.15,13:41:23,2,8,0.0
2026-08-20,Humira,9.07,13:41:53,2,8,148.74
2026-08-20,Humira,3.14,13:42:23,2,8,0.0
2026-08-20,Humira,13.48,13:42:53,2,8,148.76
2026-08-20,Humira,6.35,13:43:23,2,8,0.0
2026-08-20,Humira,5.33,13:43:53,2,8,0.0
2026-08-20,Humira,13.0,13:44:23,2,8,148.8
2026-08-20,Humira,15.31,13:44:53,2,8,148.81
2026-08-20,Humira,2.75,13:45:23,2,8,0.0
2026-08-20,Humira,11.61,13:45:53,2,8,148.83
2026-08-20,Humira,4.92,13:46:23,2,8,0.0
2026-08-20,Humira,16.9,13:46:53,2,8,148.85
2026-08-20,Humira,13.79,13:47:23,2,8,148.86
2026-08-20,Humira,2.91,13:47:53,2,8,0.0
2026-08-20,Humira,10.52,13:48:23,2,8,148.88
2026-08-20,Humira,15.92,13:48:53,2,8,148.89
2026-08-20,Humira,10.17,13:49:23,2,8,148.9
2026-08-20,Humira,4.08,13:49:53,2,8,0.0
2026-08-20,Humira,12.19,13:50:23,2,8,148.93
2026-08-20,Humira,12.57,13:50:53,2,8,148.94
2026-08-20,Humira,14.67,13:51:23,2,8,148.95
2026-08-20,Humira,2.96,13:51:53,2,8,0.0
2026-08-20,Humira,15.15,13:52:23,2,8,148.97
2026-08-20,Humira,9.75,13:52:53,2,8,148.98
2026-08-20,Humira,7.26,13:53:23,2,8,0.0
2026-08-20,Humira,13.21,13:53:53,2,8,149.0
2026-08-20,Humira,6.93,13:54:23,2,8,0.0
2026-08-20,Humira,17.28,13:54:53,2,8,149.02
2026-08-20,Humira,14.1,13:55:23,2,8,149.03
2026-08-20,Humira,17.56,13:55:53,2,8,149.05
2026-08-20,Humira,16.2,13:56:23,2,8,149.06
2026-08-20,Humira,16.74,13:56:53,2,8,149.07
2026-08-20,Humira,13.74,13:57:23,2,8,149.08
2026-08-20,Humira,5.05,13:57:53,2,8,0.0
2026-08-20,Humira,4.14,13:58:23,2,8,0.0
2026-08-20,Humira,6.1,13:58:53,2,8,0.0
2026-08-20,Humira,12.76,13:59:23,2,8,149.12
2026-08-20,Humira,6.03,13:59:53,2,8,0.0
2026-08-20,Humira,9.24,14:00:23,2,8,149.14
2026-08-20,Humira,2.74,14:00:53,2,8,0.0
2026-08-20,Humira,6.87,14:01:23,2,8,0.0
2026-08-20,Humira,9.1,14:01:53,2,8,149.18
2026-08-20,Humira,12.8,14:02:23,2,8,149.19
2026-08-20,Humira,9.82,14:02:53,2,8,149.2
2026-08-20,Humira,13.64,14:03:23,2,8,149.21
2026-08-20,Humira,15.41,14:03:53,2,8,149.22
2026-08-20,Humira,12.63,14:04:23,2,8,149.23
2026-08-20,Humira,3.27,14:04:53,2,8,0.0
2026-08-20,Humira,9.03,14:05:23,2,8,149.25
2026-08-20,Humira,14.88,14:05:53,2,8,149.26
2026-08-20,Humira,13.73,14:06:23,2,8,149.27
2026-08-20,Humira,11.39,14:06:53,2,8,149.28
2026-08-20,Humira,17.02,14:07:23,2,8,149.29
2026-08-20,Humira,16.02,14:07:53,2,8,149.31
2026-08-20,Humira,9.69,14:08:23,2,8,149.32
2026-08-20,Humira,10.8,14:08:53,2,8,149.33
2026-08-20,Humira,3.47,14:09:23,2,8,0.0
2026-08-20,Humira,6.32,14:09:53,2,8,0.0
2026-08-20,Humira,9.31,14:10:23,2,8,149.36
2026-08-20,Humira,14.94,14:10:53,2,8,149.37
2026-08-20,Humira,11.2,14:11:23,2,8,149.38
2026-08-20,Humira,16.42,14:11:53,2,8,149.39
2026-08-20,Humira,9.58,14:12:23,2,8,149.4
2026-08-20,Humira,2.84,14:12:53,2,8,0.0
2026-08-20,Humira,10.51,14:13:23,2,8,149.42
2026-08-20,Humira,7.87,14:13:53,2,8,0.0
2026-08-20,Humira,2.61,14:14:23,2,8,0.0
2026-08-20,Humira,14.97,14:14:53,2,8,149.46
2026-08-20,Humira,14.3,14:15:23,2,8,149.47
2026-08-20,Humira,5.07,14:15:53,2,8,0.0
2026-08-20,Humira,11.25,14:16:23,2,8,149.49
2026-08-20,Humira,7.11,14:16:53,2,8,0.0
2026-08-20,Humira,10.0,14:17:23,2,8,149.51
2026-08-20,Humira,9.56,14:17:53,2,8,149.52
2026-08-20,Humira,7.36,14:18:23,2,8,0.0
2026-08-20,Humira,10.99,14:18:53,2,8,149.54
2026-08-20,Humira,11.96,14:19:23,2,8,149.55
2026-08-20,Humira,16.46,14:19:53,2,8,149.56
2026-08-20,Humira,2.97,14:20:23,2,8,0.0
2026-08-20,Humira,15.92,14:20:53,2,8,149.59
2026-08-20,Humira,3.85,14:21:23,2,8,0.0
2026-08-20,Humira,13.33,14:21:53,2,8,149.61
2026-08-20,Humira,7.2,14:22:23,2,8,0.0
2026-08-20,Humira,3.1,14:22:53,2,8,0.0
2026-08-20,Humira,11.51,14:23:23,2,8,149.64
2026-08-20,Humira,3.23,14:23:53,2,8,0.0
2026-08-20,Humira,16.21,14:24:23,2,8,149.66
2026-08-20,Humira,17.15,14:24:53,2,8,149.67
2026-08-20,Humira,16.72,14:25:23,2,8,149.68
2026-08-20,Humira,3.17,14:25:53,2,8,0.0
2026-08-20,Humira,16.78,14:26:23,2,8,149.71
2026-08-20,Humira,13.26,14:26:53,2,8,149.72
2026-08-20,Humira,14.56,14:27:23,2,8,149.73
2026-08-20,Humira,13.79,14:27:53,2,8,149.74
2026-08-20,Humira,5.22,14:28:23,2,8,0.0
2026-08-20,Humira,15.81,14:28:53,2,8,149.76
2026-08-20,Humira,7.06,14:29:23,2,8,0.0
2026-08-20,Humira,15.93,14:29:53,2,8,149.78
2026-08-20,Humira,12.19,14:30:23,2,8,149.79
2026-08-20,Humira,9.7,14:30:53,2,8,149.8
2026-08-20,Humira,13.06,14:31:23,2,8,149.81
2026-08-20,Humira,11.11,14:31:53,2,8,149.83
2026-08-20,Humira,2.29,14:32:23,2,8,0.0
2026-08-20,Humira,2.11,14:32:53,2,8,0.0
2026-08-20,Humira,7.06,14:33:23,2,8,0.0
2026-08-20,Humira,12.87,14:33:53,2,8,149.87
2026-08-20,Humira,2.34,14:34:23,2,8,0.0
2026-08-20,Humira,11.38,14:34:53,2,8,149.89
2026-08-20,Humira,4.5,14:35:23,2,8,0.0
2026-08-20,Humira,13.24,14:35:53,2,8,149.91
2026-08-20,Humira,10.49,14:36:23,2,8,149.92
2026-08-20,Humira,5.82,14:36:53,2,8,0.0
2026-08-20,Humira,11.13,14:37:23,2,8,149.94
2026-08-20,Humira,15.91,14:37:53,2,8,149.95
2026-08-20,Humira,7.75,14:38:23,2,8,0.0
2026-08-20,Humira,15.91,14:38:53,2,8,149.98
2026-08-20,Humira,14.93,14:39:23,2,8,149.99
2026-08-20,Humira,13.85,14:39:53,2,8,150.0
2026-08-20,Humira,13.18,14:40:23,2,8,150.01
2026-08-20,Humira,15.94,14:40:53,2,8,150.02
2026-08-20,Humira,11.06,14:41:23,2,8,150.03
2026-08-20,Humira,11.5,14:41:53,2,8,150.04
2026-08-20,Humira,5.82,14:42:23,2,8,0.0
2026-08-20,Humira,14.79,14:42:53,2,8,150.06
2026-08-20,Humira,2.09,14:43:23,2,8,0.0
2026-08-20,Humira,2.97,14:43:53,2,8,0.0
2026-08-20,Humira,14.73,14:44:23,2,8,150.1
2026-08-20,Humira,14.03,14:44:53,2,8,150.11
2026-08-20,Humira,4.69,14:45:23,2,8,0.0
2026-08-20,Humira,4.06,14:45:53,2,8,0.0
2026-08-20,Humira,14.33,14:46:23,2,8,150.14
2026-08-20,Humira,4.43,14:46:53,2,8,0.0
2026-08-20,Humira,13.29,14:47:23,2,8,150.16
2026-08-20,Humira,11.13,14:47:53,2,8,150.17
2026-08-20,Humira,13.84,14:48:23,2,8,150.18
2026-08-20,Humira,10.04,14:48:53,2,8,150.19
2026-08-20,Humira,14.35,14:49:23,2,8,150.2
2026-08-20,Humira,11.99,14:49:53,2,8,150.22
2026-08-20,Humira,11.89,14:50:23,2,8,150.23
2026-08-20,Humira,6.06,14:50:53,2,8,0.0
2026-08-20,Humira,2.93,14:51:23,2,8,0.0
2026-08-20,Humira,11.31,14:51:53,2,8,150.26
2026-08-20,Humira,14.83,14:52:23,2,8,150.27
2026-08-20,Humira,11.21,14:52:53,2,8,150.28
2026-08-20,Humira,9.54,14:53:23,2,8,150.29
2026-08-20,Humira,3.17,14:53:53,2,8,0.0
2026-08-20,Humira,5.42,14:54:23,2,8,0.0
2026-08-20,Humira,14.0,14:54:53,2,8,150.32
2026-08-20,Humira,16.92,14:55:23,2,8,150.33
2026-08-20,Humira,6.48,14:55:53,2,8,0.0
2026-08-20,Humira,12.65,14:56:23,2,8,150.36
2026-08-20,Humira,14.1,14:56:53,2,8,150.37
2026-08-20,Humira,4.67,14:57:23,2,8,0.0
2026-08-20,Humira,7.55,14:57:53,2,8,0.0
2026-08-20,Humira,16.13,14:58:23,2,8,150.4
2026-08-20,Humira,14.94,14:58:53,2,8,150.41
2026-08-20,Humira,11.4,14:59:23,2,8,150.42
2026-08-20,Humira,14.75,14:59:53,2,8,150.43
2026-08-20,Humira,14.46,15:00:23,2,8,150.44
2026-08-20,Humira,15.52,15:00:53,2,8,150.45
2026-08-20,Humira,11.89,15:01:23,2,8,150.46
2026-08-20,Humira,10.08,15:01:53,2,8,150.47
2026-08-20,Humira,12.83,15:02:23,2,8,150.49
2026-08-20,Humira,9.55,15:02:53,2,8,150.5
2026-08-20,Humira,11.5,15:03:23,2,8,150.51
2026-08-20,Humira,9.22,15:03:53,2,8,150.52
2026-08-20,Humira,11.54,15:04:23,2,8,150.53
2026-08-20,Humira,14.51,15:04:53,2,8,150.54
2026-08-20,Humira,17.32,15:05:23,2,8,150.55
2026-08-20,Humira,2.51,15:05:53,2,8,0.0
2026-08-20,Humira,10.53,15:06:23,2,8,150.57
2026-08-20,Humira,3.99,15:06:53,2,8,0.0
2026-08-20,Humira,5.14,15:07:23,2,8,0.0
2026-08-20,Humira,16.82,15:07:53,2,8,150.6
2026-08-20,Humira,7.24,15:08:23,2,8,0.0
2026-08-20,Humira,15.95,15:08:53,2,8,150.63
2026-08-20,Humira,5.94,15:09:23,2,8,0.0
2026-08-20,Humira,6.79,15:09:53,2,8,0.0
2026-08-20,Humira,15.81,15:10:23,2,8,150.66
2026-08-20,Humira,6.69,15:10:53,2,8,0.0
2026-08-20,Humira,17.31,15:11:23,2,8,150.68
2026-08-20,Humira,6.89,15:11:53,2,8,0.0
2026-08-20,Humira,4.99,15:12:23,2,8,0.0
2026-08-20,Humira,9.51,15:12:53,2,8,150.71
2026-08-20,Humira,14.98,15:13:23,2,8,150.72
2026-08-20,Humira,10.36,15:13:53,2,8,150.74
2026-08-20,Humira,16.82,15:14:23,2,8,150.75
2026-08-20,Humira,2.19,15:14:53,2,8,0.0
2026-08-20,Humira,4.28,15:15:23,2,8,0.0
2026-08-20,Humira,14.01,15:15:53,2,8,150.78
2026-08-20,Humira,3.41,15:16:23,2,8,0.0
2026-08-20,Humira,2.21,15:16:53,2,8,0.0
2026-08-20,Humira,3.62,15:17:23,2,8,0.0
2026-08-20,Humira,6.32,15:17:53,2,8,0.0
2026-08-20,Humira,11.16,15:18:23,2,8,150.83
2026-08-20,Humira,16.61,15:18:53,2,8,150.84
2026-08-20,Humira,16.69,15:19:23,2,8,150.85
2026-08-20,Humira,3.7,15:19:53,2,8,0.0
2026-08-20,Humira,17.78,15:20:23,2,8,150.88
2026-08-20,Humira,9.73,15:20:53,2,8,150.89
2026-08-20,Humira,11.41,15:21:23,2,8,150.9
2026-08-20,Humira,14.51,15:21:53,2,8,150.91
2026-08-20,Humira,14.03,15:22:23,2,8,150.92
2026-08-20,Humira,14.33,15:22:53,2,8,150.93
2026-08-20,Humira,16.66,15:23:23,2,8,150.94
2026-08-20,Humira,10.55,15:23:53,2,8,150.95
2026-08-20,Humira,17.12,15:24:23,2,8,150.96
2026-08-20,Humira,11.4,15:24:53,2,8,150.97
2026-08-20,Humira,10.18,15:25:23,2,8,150.98
2026-08-20,Humira,13.95,15:25:53,2,8,151.0
2026-08-20,Humira,12.22,15:26:23,2,8,151.01
2026-08-20,Humira,9.78,15:26:53,2,8,151.02
2026-08-20,Humira,4.75,15:27:23,2,8,0.0
2026-08-20,Humira,12.92,15:27:53,2,8,151.04
2026-08-20,Humira,12.1,15:28:23,2,8,151.05
2026-08-20,Humira,13.73,15:28:53,2,8,151.06
2026-08-20,Humira,11.81,15:29:23,2,8,151.07
2026-08-20,Humira,12.3,15:29:53,2,8,151.08
2026-08-20,Humira,11.04,15:30:23,2,8,151.09
2026-08-20,Humira,4.9,15:30:53,2,8,0.0
2026-08-20,Humira,16.31,15:31:23,2,8,151.11
2026-08-20,Humira,14.13,15:31:53,2,8,151.12
2026-08-20,Humira,10.13,15:32:23,2,8,151.14
2026-08-20,Humira,4.25,15:32:53,2,8,0.0
2026-08-20,Humira,2.96,15:33:23,2,8,0.0
2026-08-20,Humira,11.53,15:33:53,2,8,151.17
2026-08-20,Humira,6.0,15:34:23,2,8,0.0
2026-08-20,Humira,14.52,15:34:53,2,8,151.19
2026-08-20,Humira,10.29,15:35:23,2,8,151.2
2026-08-20,Humira,10.39,15:35:53,2,8,151.21
2026-08-20,Humira,11.71,15:36:23,2,8,151.22
2026-08-20,Humira,4.84,15:36:53,2,8,0.0
2026-08-20,Humira,5.95,15:37:23,2,8,0.0
2026-08-20,Humira,5.03,15:37:53,2,8,0.0
2026-08-20,Humira,2.04,15:38:23,2,8,0.0
2026-08-20,Humira,17.43,15:38:53,2,8,151.28
2026-08-20,Humira,7.7,15:39:23,2,8,0.0
2026-08-20,Humira,9.99,15:39:53,2,8,151.3
2026-08-20,Humira,11.68,15:40:23,2,8,151.31
2026-08-20,Humira,11.18,15:40:53,2,8,151.32
2026-08-20,Humira,5.4,15:41:23,2,8,0.0
2026-08-20,Humira,9.91,15:41:53,2,8,151.34
2026-08-20,Humira,12.73,15:42:23,2,8,151.35
2026-08-20,Humira,2.63,15:42:53,2,8,0.0
2026-08-20,Humira,12.85,15:43:23,2,8,151.37
2026-08-20,Humira,12.42,15:43:53,2,8,151.39
2026-08-20,Humira,16.08,15:44:23,2,8,151.4
2026-08-20,Humira,4.05,15:44:53,2,8,0.0
2026-08-20,Humira,2.49,15:45:23,2,8,0.0
2026-08-20,Humira,17.05,15:45:53,2,8,151.43
2026-08-20,Humira,2.79,15:46:23,2,8,0.0
2026-08-20,Humira,9.92,15:46:53,2,8,151.45
2026-08-20,Humira,11.15,15:47:23,2,8,151.46
2026-08-20,Humira,16.26,15:47:53,2,8,151.47
2026-08-20,Humira,11.05,15:48:23,2,8,151.48
2026-08-20,Humira,11.06,15:48:53,2,8,151.49
2026-08-20,Humira,4.12,15:49:23,2,8,0.0
2026-08-20,Humira,15.3,15:49:53,2,8,151.52
2026-08-20,Humira,11.09,15:50:23,2,8,151.53
2026-08-20,Humira,17.15,15:50:53,2,8,151.54
2026-08-20,Humira,6.42,15:51:23,2,8,0.0
2026-08-20,Humira,7.95,15:51:53,2,8,0.0
2026-08-20,Humira,17.04,15:52:23,2,8,151.57
2026-08-20,Humira,4.88,15:52:53,2,8,0.0
2026-08-20,Humira,17.7,15:53:23,2,8,151.59
2026-08-20,Humira,9.29,15:53:53,2,8,151.6
2026-08-20,Humira,17.01,15:54:23,2,8,151.61
2026-08-20,Humira,15.53,15:54:53,2,8,151.62
2026-08-20,Humira,2.64,15:55:23,2,8,0.0
2026-08-20,Humira,15.91,15:55:53,2,8,151.65
2026-08-20,Humira,7.53,15:56:23,2,8,0.0
2026-08-20,Humira,5.19,15:56:53,2,8,0.0
2026-08-20,Humira,15.16,15:57:23,2,8,151.68
2026-08-20,Humira,2.73,15:57:53,2,8,0.0
2026-08-20,Humira,9.47,15:58:23,2,8,151.7
2026-08-20,Humira,16.57,15:58:53,2,8,151.71
2026-08-20,Humira,4.08,15:59:23,2,8,0.0
2026-08-20,Humira,14.33,15:59:53,2,8,151.73
2026-08-20,Humira,15.33,16:00:23,2,8,151.74
2026-08-20,Humira,10.53,16:00:53,2,8,151.75
2026-08-20,Humira,13.17,16:01:23,2,8,151.76
2026-08-20,Humira,11.78,16:01:53,2,8,151.78
2026-08-20,Humira,10.24,16:02:23,2,8,151.79
2026-08-20,Humira,4.44,16:02:53,2,8,0.0
2026-08-20,Humira,16.89,16:03:23,2,8,151.81
2026-08-20,Humira,15.64,16:03:53,2,8,151.82
2026-08-20,Humira,11.37,16:04:23,2,8,151.83
2026-08-20,Humira,15.53,16:04:53,2,8,151.84
2026-08-20,Humira,7.19,16:05:23,2,8,0.0
2026-08-20,Humira,16.4,16:05:53,2,8,151.86
2026-08-20,Humira,14.76,16:06:23,2,8,151.87
2026-08-20,Humira,2.69,16:06:53,2,8,0.0
2026-08-20,Humira,11.93,16:07:23,2,8,151.89
2026-08-20,Humira,15.82,16:07:53,2,8,151.91
2026-08-20,Humira,6.27,16:08:23,2,8,0.0
2026-08-20,Humira,11.82,16:08:53,2,8,151.93
2026-08-20,Humira,10.81,16:09:23,2,8,151.94
2026-08-20,Humira,16.96,16:09:53,2,8,151.95
2026-08-20,Humira,9.64,16:10:23,2,8,151.96
2026-08-20,Humira,6.57,16:10:53,2,8,0.0
2026-08-20,Humira,10.56,16:11:23,2,8,151.98
2026-08-20,Humira,14.31,16:11:53,2,8,151.99
2026-08-20,Humira,5.61,16:12:23,2,8,0.0
2026-08-20,Humira,3.55,16:12:53,2,8,0.0
2026-08-20,Humira,6.13,16:13:23,2,8,0.0
2026-08-20,Humira,10.61,16:13:53,2,8,152.03
2026-08-20,Humira,14.7,16:14:23,2,8,152.05
2026-08-20,Humira,12.1,16:14:53,2,8,152.06
2026-08-20,Humira,6.26,16:15:23,2,8,0.0
2026-08-20,Humira,12.22,16:15:53,2,8,152.08
2026-08-20,Humira,17.6,16:16:23,2,8,152.09
2026-08-20,Humira,12.23,16:16:53,2,8,152.1
2026-08-20,Humira,13.58,16:17:23,2,8,152.11
2026-08-20,Humira,12.74,16:17:53,2,8,152.12
2026-08-20,Humira,7.18,16:18:23,2,8,0.0
2026-08-20,Humira,3.76,16:18:53,2,8,0.0
2026-08-20,Humira,9.11,16:19:23,2,8,152.15
2026-08-20,Humira,5.57,16:19:53,2,8,0.0
2026-08-20,Humira,12.74,16:20:23,2,8,152.18
2026-08-20,Humira,10.1,16:20:53,2,8,152.19
2026-08-20,Humira,3.05,16:21:23,2,8,0.0
2026-08-20,Humira,3.91,16:21:53,2,8,0.0
2026-08-20,Humira,11.74,16:22:23,2,8,152.22
2026-08-20,Humira,3.68,16:22:53,2,8,0.0
2026-08-20,Humira,16.32,16:23:23,2,8,152.24
2026-08-20,Humira,9.93,16:23:53,2,8,152.25
2026-08-20,Humira,12.11,16:24:23,2,8,152.26
2026-08-20,Humira,3.69,16:24:53,2,8,0.0
2026-08-20,Humira,10.34,16:25:23,2,8,152.28
2026-08-20,Humira,13.94,16:25:53,2,8,152.3
2026-08-20,Humira,2.56,16:26:23,2,8,0.0
2026-08-20,Humira,6.74,16:26:53,2,8,0.0
2026-08-20,Humira,9.95,16:27:23,2,8,152.33
2026-08-20,Humira,10.42,16:27:53,2,8,152.34
2026-08-20,Humira,13.27,16:28:23,2,8,152.35
2026-08-20,Humira,15.81,16:28:53,2,8,152.36
2026-08-20,Humira,13.28,16:29:23,2,8,152.37
2026-08-20,Humira,11.27,16:29:53,2,8,152.38
2026-08-20,Humira,11.67,16:30:23,2,8,152.39
2026-08-20,Humira,17.47,16:30:53,2,8,152.4
2026-08-20,Humira,7.2,16:31:23,2,8,0.0
2026-08-20,Humira,5.58,16:31:53,2,8,0.0
2026-08-20,Humira,10.39,16:32:23,2,8,152.44
2026-08-20,Humira,5.35,16:32:53,2,8,0.0
2026-08-20,Humira,13.01,16:33:23,2,8,152.46
2026-08-20,Humira,7.01,16:33:53,2,8,0.0
2026-08-20,Humira,3.3,16:34:23,2,8,0.0
2026-08-20,Humira,17.58,16:34:53,2,8,152.49
2026-08-20,Humira,3.74,16:35:23,2,8,0.0
2026-08-20,Humira,11.48,16:35:53,2,8,152.51
2026-08-20,Humira,13.81,16:36:23,2,8,152.52
2026-08-20,Humira,16.34,16:36:53,2,8,152.53
2026-08-20,Humira,17.41,16:37:23,2,8,152.54
2026-08-20,Humira,14.56,16:37:53,2,8,152.56
2026-08-20,Humira,5.92,16:38:23,2,8,0.0
2026-08-20,Humira,2.65,16:38:53,2,8,0.0
2026-08-20,Humira,11.72,16:39:23,2,8,152.59
2026-08-20,Humira,16.54,16:39:53,2,8,152.6
2026-08-20,Humira,7.31,16:40:23,2,8,0.0
2026-08-20,Humira,2.91,16:40:53,2,8,0.0
2026-08-20,Humira,16.12,16:41:23,2,8,152.63
2026-08-20,Humira,6.72,16:41:53,2,8,0.0
2026-08-20,Humira,17.18,16:42:23,2,8,152.65
2026-08-20,Humira,11.99,16:42:53,2,8,152.66
2026-08-20,Humira,17.17,16:43:23,2,8,152.67
2026-08-20,Humira,11.4,16:43:53,2,8,152.69
2026-08-20,Humira,11.07,16:44:23,2,8,152.7
2026-08-20,Humira,9.16,16:44:53,2,8,152.71
2026-08-20,Humira,11.26,16:45:23,2,8,152.72
2026-08-20,Humira,15.65,16:45:53,2,8,152.73
2026-08-20,Humira,12.88,16:46:23,2,8,152.74
2026-08-20,Humira,13.39,16:46:53,2,8,152.75
2026-08-20,Humira,13.71,16:47:23,2,8,152.76
2026-08-20,Humira,9.46,16:47:53,2,8,152.77
2026-08-20,Humira,16.92,16:48:23,2,8,152.78
2026-08-20,Humira,6.8,16:48:53,2,8,0.0
2026-08-20,Humira,17.4,16:49:23,2,8,152.8
2026-08-20,Humira,12.56,16:49:53,2,8,152.81
2026-08-20,Humira,6.98,16:50:23,2,8,0.0
2026-08-20,Humira,10.33,16:50:53,2,8,152.84
2026-08-20,Humira,5.92,16:51:23,2,8,0.0
2026-08-20,Humira,17.49,16:51:53,2,8,152.86
2026-08-20,Humira,11.42,16:52:23,2,8,152.87
2026-08-20,Humira,10.51,16:52:53,2,8,152.88
2026-08-20,Humira,6.4,16:53:23,2,8,0.0
2026-08-20,Humira,5.52,16:53:53,2,8,0.0
2026-08-20,Humira,15.16,16:54:23,2,8,152.91
2026-08-20,Humira,4.13,16:54:53,2,8,0.0
2026-08-20,Humira,6.16,16:55:23,2,8,0.0
2026-08-20,Humira,3.34,16:55:53,2,8,0.0
2026-08-20,Humira,9.74,16:56:23,2,8,152.96
2026-08-20,Humira,16.32,16:56:53,2,8,152.97
2026-08-20,Humira,14.35,16:57:23,2,8,152.98
2026-08-20,Humira,2.4,16:57:53,2,8,0.0
2026-08-20,Humira,17.4,16:58:23,2,8,153.0
2026-08-20,Humira,15.17,16:58:53,2,8,153.01
2026-08-20,Humira,10.37,16:59:23,2,8,153.02
2026-08-20,Humira,9.3,16:59:53,2,8,153.03
2026-08-20,Humira,3.81,17:00:23,2,8,0.0
2026-08-20,Humira,13.85,17:00:53,2,8,153.05
2026-08-20,Humira,17.83,17:01:23,2,8,153.06
2026-08-20,Humira,9.2,17:01:53,2,8,153.08
2026-08-20,Humira,13.51,17:02:23,2,8,153.09
2026-08-20,Humira,2.25,17:02:53,2,8,0.0
2026-08-20,Humira,10.03,17:03:23,2,8,153.11
2026-08-20,Humira,11.31,17:03:53,2,8,153.12
2026-08-20,Humira,13.47,17:04:23,2,8,153.13
2026-08-20,Humira,13.35,17:04:53,2,8,153.14
2026-08-20,Humira,6.46,17:05:23,2,8,0.0
2026-08-20,Humira,15.85,17:05:53,2,8,153.16
2026-08-20,Humira,5.14,17:06:23,2,8,0.0
2026-08-20,Humira,14.76,17:06:53,2,8,153.18
2026-08-20,Humira,15.83,17:07:23,2,8,153.19
2026-08-20,Humira,16.87,17:07:53,2,8,153.2
2026-08-20,Humira,4.54,17:08:23,2,8,0.0
2026-08-20,Humira,15.79,17:08:53,2,8,153.23
2026-08-20,Humira,14.05,17:09:23,2,8,153.24
2026-08-20,Humira,10.0,17:09:53,2,8,153.25
2026-08-20,Humira,13.08,17:10:23,2,8,153.26
2026-08-20,Humira,17.13,17:10:53,2,8,153.27
2026-08-20,Humira,6.26,17:11:23,2,8,0.0
2026-08-20,Humira,9.21,17:11:53,2,8,153.29
2026-08-20,Humira,12.36,17:12:23,2,8,153.3
2026-08-20,Humira,16.14,17:12:53,2,8,153.31
2026-08-20,Humira,5.02,17:13:23,2,8,0.0
2026-08-20,Humira,2.39,17:13:53,2,8,0.0
2026-08-20,Humira,4.25,17:14:23,2,8,0.0
2026-08-20,Humira,16.65,17:14:53,2,8,153.36
2026-08-20,Humira,17.28,17:15:23,2,8,153.37
2026-08-20,Humira,7.65,17:15:53,2,8,0.0
2026-08-20,Humira,6.3,17:16:23,2,8,0.0
2026-08-20,Humira,16.37,17:16:53,2,8,153.4
2026-08-20,Humira,13.96,17:17:23,2,8,153.41
2026-08-20,Humira,6.94,17:17:53,2,8,0.0
2026-08-20,Humira,15.33,17:18:23,2,8,153.43
2026-08-20,Humira,6.69,17:18:53,2,8,0.0
2026-08-20,Humira,16.56,17:19:23,2,8,153.45
2026-08-20,Humira,12.32,17:19:53,2,8,153.47
2026-08-20,Humira,9.64,17:20:23,2,8,153.48
2026-08-20,Humira,4.49,17:20:53,2,8,0.0
2026-08-20,Humira,12.92,17:21:23,2,8,153.5
2026-08-20,Humira,15.35,17:21:53,2,8,153.51
2026-08-20,Humira,4.56,17:22:23,2,8,0.0
2026-08-20,Humira,17.17,17:22:53,2,8,153.53
2026-08-20,Humira,10.68,17:23:23,2,8,153.54
2026-08-20,Humira,13.24,17:23:53,2,8,153.55
2026-08-20,Humira,16.65,17:24:23,2,8,153.56
2026-08-20,Humira,5.73,17:24:53,2,8,0.0
2026-08-20,Humira,3.92,17:25:23,2,8,0.0
2026-08-20,Humira,14.32,17:25:53,2,8,153.59
2026-08-20,Humira,3.57,17:26:23,2,8,0.0
2026-08-20,Humira,6.85,17:26:53,2,8,0.0
2026-08-20,Humira,2.84,17:27:23,2,8,0.0
2026-08-20,Humira,16.7,17:27:53,2,8,153.64
2026-08-20,Humira,12.23,17:28:23,2,8,153.65
2026-08-20,Humira,4.44,17:28:53,2,8,0.0
2026-08-20,Humira,4.74,17:29:23,2,8,0.0
2026-08-20,Humira,11.44,17:29:53,2,8,153.68
2026-08-20,Humira,16.83,17:30:23,2,8,153.69
2026-08-20,Humira,6.2,17:30:53,2,8,0.0
2026-08-20,Humira,12.45,17:31:23,2,8,153.71
2026-08-20,Humira,14.69,17:31:53,2,8,153.72
2026-08-20,Humira,9.53,17:32:23,2,8,153.74
2026-08-20,Humira,15.23,17:32:53,2,8,153.75
2026-08-20,Humira,5.99,17:33:23,2,8,0.0
2026-08-20,Humira,12.07,17:33:53,2,8,153.77
2026-08-20,Humira,16.37,17:34:23,2,8,153.78
2026-08-20,Humira,16.85,17:34:53,2,8,153.79
2026-08-20,Humira,11.24,17:35:23,2,8,153.8
2026-08-20,Humira,17.74,17:35:53,2,8,153.81
2026-08-20,Humira,13.92,17:36:23,2,8,153.82
2026-08-20,Humira,12.68,17:36:53,2,8,153.83
2026-08-20,Humira,14.84,17:37:23,2,8,153.84
2026-08-20,Humira,4.08,17:37:53,2,8,0.0
2026-08-20,Humira,9.86,17:38:23,2,8,153.87
2026-08-20,Humira,6.32,17:38:53,2,8,0.0
2026-08-20,Humira,9.67,17:39:23,2,8,153.89
2026-08-20,Humira,3.96,17:39:53,2,8,0.0
2026-08-20,Humira,15.17,17:40:23,2,8,153.91
2026-08-20,Humira,17.09,17:40:53,2,8,153.92
2026-08-20,Humira,10.02,17:41:23,2,8,153.93
2026-08-20,Humira,11.4,17:41:53,2,8,153.94
2026-08-20,Humira,12.81,17:42:23,2,8,153.95
2026-08-20,Humira,15.29,17:42:53,2,8,153.96
2026-08-20,Humira,14.21,17:43:23,2,8,153.97
2026-08-20,Humira,4.76,17:43:53,2,8,0.0
2026-08-20,Humira,9.01,17:44:23,2,8,154.0
2026-08-20,Humira,5.47,17:44:53,2,8,0.0
2026-08-20,Humira,15.53,17:45:23,2,8,154.02
2026-08-20,Humira,12.03,17:45:53,2,8,154.03
2026-08-20,Humira,13.64,17:46:23,2,8,154.04
2026-08-20,Humira,2.3,17:46:53,2,8,0.0
2026-08-20,Humira,11.69,17:47:23,2,8,154.06
2026-08-20,Humira,14.72,17:47:53,2,8,154.07
2026-08-20,Humira,4.56,17:48:23,2,8,0.0
2026-08-20,Humira,5.73,17:48:53,2,8,0.0
2026-08-20,Humira,17.43,17:49:23,2,8,154.1
2026-08-20,Humira,12.0,17:49:53,2,8,154.12
2026-08-20,Humira,3.67,17:50:23,2,8,0.0
2026-08-20,Humira,9.08,17:50:53,2,8,154.14
2026-08-20,Humira,6.81,17:51:23,2,8,0.0
2026-08-20,Humira,15.94,17:51:53,2,8,154.16
2026-08-20,Humira,3.85,17:52:23,2,8,0.0
2026-08-20,Humira,17.37,17:52:53,2,8,154.18
2026-08-20,Humira,11.34,17:53:23,2,8,154.19
2026-08-20,Humira,9.54,17:53:53,2,8,154.2
2026-08-20,Humira,13.81,17:54:23,2,8,154.21
2026-08-20,Humira,16.35,17:54:53,2,8,154.22
2026-08-20,Humira,12.37,17:55:23,2,8,154.23
2026-08-20,Humira,10.95,17:55:53,2,8,154.25
2026-08-20,Humira,7.03,17:56:23,2,8,0.0
2026-08-20,Humira,10.87,17:56:53,2,8,154.27
2026-08-20,Humira,6.1,17:57:23,2,8,0.0
2026-08-20,Humira,4.36,17:57:53,2,8,0.0
2026-08-20,Humira,14.18,17:58:23,2,8,154.3
2026-08-20,Humira,9.16,17:58:53,2,8,154.31
2026-08-20,Humira,15.97,17:59:23,2,8,154.32
2026-08-20,Humira,17.11,17:59:53,2,8,154.33
2026-08-20,Humira,12.72,18:00:23,2,8,154.34
2026-08-20,Humira,16.95,18:00:53,2,8,154.35
2026-08-20,Humira,3.21,18:01:23,2,8,0.0
2026-08-20,Humira,9.11,18:01:53,2,8,154.38
2026-08-20,Humira,2.61,18:02:23,2,8,0.0
2026-08-20,Humira,4.91,18:02:53,2,8,0.0
2026-08-20,Humira,2.01,18:03:23,2,8,0.0
2026-08-20,Humira,14.27,18:03:53,2,8,154.42
2026-08-20,Humira,14.87,18:04:23,2,8,154.43
2026-08-20,Humira,12.69,18:04:53,2,8,154.44
2026-08-20,Humira,14.51,18:05:23,2,8,154.45
2026-08-20,Humira,16.21,18:05:53,2,8,154.46
2026-08-20,Humira,11.3,18:06:23,2,8,154.47
2026-08-20,Humira,12.12,18:06:53,2,8,154.48
2026-08-20,Humira,10.41,18:07:23,2,8,154.49
2026-08-20,Humira,13.94,18:07:53,2,8,154.5
2026-08-20,Humira,13.83,18:08:23,2,8,154.52
2026-08-20,Humira,17.69,18:08:53,2,8,154.53
2026-08-20,Humira,17.09,18:09:23,2,8,154.54
2026-08-20,Humira,5.39,18:09:53,2,8,0.0
2026-08-20,Humira,15.92,18:10:23,2,8,154.56
2026-08-20,Humira,17.78,18:10:53,2,8,154.57
2026-08-20,Humira,12.97,18:11:23,2,8,154.58
2026-08-20,Humira,15.95,18:11:53,2,8,154.59
2026-08-20,Humira,3.11,18:12:23,2,8,0.0
2026-08-20,Humira,10.74,18:12:53,2,8,154.61
2026-08-20,Humira,10.76,18:13:23,2,8,154.62
2026-08-20,Humira,14.54,18:13:53,2,8,154.64
2026-08-20,Humira,5.39,18:14:23,2,8,0.0
2026-08-20,Humira,14.18,18:14:53,2,8,154.66
2026-08-20,Humira,2.24,18:15:23,2,8,0.0
2026-08-20,Humira,9.33,18:15:53,2,8,154.68
2026-08-20,Humira,15.42,18:16:23,2,8,154.69
2026-08-20,Humira,3.43,18:16:53,2,8,0.0
2026-08-20,Humira,12.65,18:17:23,2,8,154.71
2026-08-20,Humira,5.97,18:17:53,2,8,0.0
2026-08-20,Humira,10.53,18:18:23,2,8,154.73
2026-08-20,Humira,12.26,18:18:53,2,8,154.74
2026-08-20,Humira,3.98,18:19:23,2,8,0.0
2026-08-20,Humira,7.16,18:19:53,2,8,0.0
2026-08-20,Humira,13.96,18:20:23,2,8,154.78
2026-08-20,Humira,4.38,18:20:53,2,8,0.0
2026-08-20,Humira,10.3,18:21:23,2,8,154.8
2026-08-20,Humira,10.76,18:21:53,2,8,154.81
2026-08-20,Humira,5.3,18:22:23,2,8,0.0
2026-08-20,Humira,2.32,18:22:53,2,8,0.0
2026-08-20,Humira,13.87,18:23:23,2,8,154.84
2026-08-20,Humira,17.4,18:23:53,2,8,154.85
2026-08-20,Humira,5.06,18:24:23,2,8,0.0
2026-08-20,Humira,13.41,18:24:53,2,8,154.87
2026-08-20,Humira,12.71,18:25:23,2,8,154.88
2026-08-20,Humira,11.2,18:25:53,2,8,154.9
2026-08-20,Humira,15.07,18:26:23,2,8,154.91
2026-08-20,Humira,14.75,18:26:53,2,8,154.92
2026-08-20,Humira,6.83,18:27:23,2,8,0.0
2026-08-20,Humira,2.55,18:27:53,2,8,0.0
2026-08-20,Humira,17.45,18:28:23,2,8,154.95
2026-08-20,Humira,9.55,18:28:53,2,8,154.96
2026-08-20,Humira,4.15,18:29:23,2,8,0.0
2026-08-20,Humira,16.07,18:29:53,2,8,154.98
2026-08-20,Humira,9.67,18:30:23,2,8,154.99
2026-08-20,Humira,17.18,18:30:53,2,8,155.0
2026-08-20,Humira,12.06,18:31:23,2,8,155.01
2026-08-20,Humira,9.71,18:31:53,2,8,155.03
2026-08-20,Humira,12.45,18:32:23,2,8,155.04
2026-08-20,Humira,2.93,18:32:53,2,8,0.0
2026-08-20,Humira,4.71,18:33:23,2,8,0.0
2026-08-20,Humira,4.97,18:33:53,2,8,0.0
2026-08-20,Humira,7.62,18:34:23,2,8,0.0
2026-08-20,Humira,12.08,18:34:53,2,8,155.09
2026-08-20,Humira,11.78,18:35:23,2,8,155.1
2026-08-20,Humira,16.32,18:35:53,2,8,155.11
2026-08-20,Humira,14.32,18:36:23,2,8,155.12
2026-08-20,Humira,11.14,18:36:53,2,8,155.13
2026-08-20,Humira,13.01,18:37:23,2,8,155.14
2026-08-20,Humira,5.94,18:37:53,2,8,0.0
2026-08-20,Humira,14.72,18:38:23,2,8,155.17
2026-08-20,Humira,4.83,18:38:53,2,8,0.0
2026-08-20,Humira,12.31,18:39:23,2,8,155.19
2026-08-20,Humira,13.22,18:39:53,2,8,155.2
2026-08-20,Humira,9.38,18:40:23,2,8,155.21
2026-08-20,Humira,11.19,18:40:53,2,8,155.22
2026-08-20,Humira,15.51,18:41:23,2,8,155.23
2026-08-20,Humira,3.76,18:41:53,2,8,0.0
2026-08-20,Humira,12.92,18:42:23,2,8,155.25
2026-08-20,Humira,17.86,18:42:53,2,8,155.26
2026-08-20,Humira,10.15,18:43:23,2,8,155.27
2026-08-20,Humira,3.84,18:43:53,2,8,0.0
2026-08-20,Humira,6.18,18:44:23,2,8,0.0
2026-08-20,Humira,9.83,18:44:53,2,8,155.31
2026-08-20,Humira,13.12,18:45:23,2,8,155.32
2026-08-20,Humira,15.66,18:45:53,2,8,155.33
2026-08-20,Humira,13.76,18:46:23,2,8,155.34
2026-08-20,Humira,16.42,18:46:53,2,8,155.35
2026-08-20,Humira,2.82,18:47:23,2,8,0.0
2026-08-20,Humira,15.82,18:47:53,2,8,155.37
2026-08-20,Humira,16.07,18:48:23,2,8,155.38
2026-08-20,Humira,12.08,18:48:53,2,8,155.39
2026-08-20,Humira,5.06,18:49:23,2,8,0.0
2026-08-20,Humira,13.47,18:49:53,2,8,155.41
2026-08-20,Humira,15.58,18:50:23,2,8,155.43
2026-08-20,Humira,13.64,18:50:53,2,8,155.44
2026-08-20,Humira,4.03,18:51:23,2,8,0.0
2026-08-20,Humira,2.88,18:51:53,2,8,0.0
2026-08-20,Humira,17.73,18:52:23,2,8,155.47
2026-08-20,Humira,5.71,18:52:53,2,8,0.0
2026-08-20,Humira,2.44,18:53:23,2,8,0.0
2026-08-20,Humira,16.75,18:53:53,2,8,155.5
2026-08-20,Humira,5.09,18:54:23,2,8,0.0
2026-08-20,Humira,5.36,18:54:53,2,8,0.0
2026-08-20,Humira,11.24,18:55:23,2,8,155.53
2026-08-20,Humira,13.2,18:55:53,2,8,155.55
2026-08-20,Humira,14.39,18:56:23,2,8,155.56
2026-08-20,Humira,2.13,18:56:53,2,8,0.0
2026-08-20,Humira,16.95,18:57:23,2,8,155.58
2026-08-20,Humira,3.85,18:57:53,2,8,0.0
2026-08-20,Humira,5.33,18:58:23,2,8,0.0
2026-08-20,Humira,17.21,18:58:53,2,8,155.61
2026-08-20,Humira,13.66,18:59:23,2,8,155.62
2026-08-20,Humira,17.88,18:59:53,2,8,155.63
2026-08-20,Humira,11.73,19:00:23,2,8,155.64
2026-08-20,Humira,9.04,19:00:53,2,8,155.65
2026-08-20,Humira,3.8,19:01:23,2,8,0.0
2026-08-20,Humira,6.87,19:01:53,2,8,0.0
2026-08-20,Humira,12.15,19:02:23,2,8,155.69
2026-08-20,Humira,4.95,19:02:53,2,8,0.0
2026-08-20,Humira,9.18,19:03:23,2,8,155.71
2026-08-20,Humira,2.92,19:03:53,2,8,0.0
2026-08-20,Humira,11.11,19:04:23,2,8,155.73
2026-08-20,Humira,3.5,19:04:53,2,8,0.0
2026-08-20,Humira,11.76,19:05:23,2,8,155.75
2026-08-20,Humira,14.84,19:05:53,2,8,155.76
2026-08-20,Humira,5.37,19:06:23,2,8,0.0
2026-08-20,Humira,16.99,19:06:53,2,8,155.78
2026-08-20,Humira,14.57,19:07:23,2,8,155.79
2026-08-20,Humira,11.32,19:07:53,2,8,155.81
2026-08-20,Humira,6.63,19:08:23,2,8,0.0
2026-08-20,Humira,9.84,19:08:53,2,8,155.83
2026-08-20,Humira,17.05,19:09:23,2,8,155.84
2026-08-20,Humira,15.49,19:09:53,2,8,155.85
2026-08-20,Humira,16.88,19:10:23,2,8,155.86
2026-08-20,Humira,17.85,19:10:53,2,8,155.87
2026-08-20,Humira,12.07,19:11:23,2,8,155.88
2026-08-20,Humira,16.44,19:11:53,2,8,155.89
2026-08-20,Humira,13.53,19:12:23,2,8,155.9
2026-08-20,Humira,10.29,19:12:53,2,8,155.91
2026-08-20,Humira,11.16,19:13:23,2,8,155.92
2026-08-20,Humira,3.44,19:13:53,2,8,0.0
2026-08-20,Humira,13.82,19:14:23,2,8,155.95
2026-08-20,Humira,2.88,19:14:53,2,8,0.0
2026-08-20,Humira,6.11,19:15:23,2,8,0.0
2026-08-20,Humira,12.61,19:15:53,2,8,155.98
2026-08-20,Humira,10.91,19:16:23,2,8,155.99
2026-08-20,Humira,17.91,19:16:53,2,8,156.0
2026-08-20,Humira,14.78,19:17:23,2,8,156.01
2026-08-20,Humira,16.79,19:17:53,2,8,156.02
2026-08-20,Humira,5.44,19:18:23,2,8,0.0
2026-08-20,Humira,17.43,19:18:53,2,8,156.04
2026-08-20,Humira,16.85,19:19:23,2,8,156.05
2026-08-20,Humira,10.3,19:19:53,2,8,156.06
2026-08-20,Humira,12.83,19:20:23,2,8,156.08
2026-08-20,Humira,13.24,19:20:53,2,8,156.09
2026-08-20,Humira,10.73,19:21:23,2,8,156.1
2026-08-20,Humira,5.98,19:21:53,2,8,0.0
2026-08-20,Humira,13.65,19:22:23,2,8,156.12
2026-08-20,Humira,9.36,19:22:53,2,8,156.13
2026-08-20,Humira,7.37,19:23:23,2,8,0.0
2026-08-20,Humira,6.35,19:23:53,2,8,0.0
2026-08-20,Humira,7.81,19:24:23,2,8,0.0
2026-08-20,Humira,16.6,19:24:53,2,8,156.17
2026-08-20,Humira,5.85,19:25:23,2,8,0.0
2026-08-20,Humira,15.37,19:25:53,2,8,156.2
2026-08-20,Humira,7.93,19:26:23,2,8,0.0
2026-08-20,Humira,16.31,19:26:53,2,8,156.22
2026-08-20,Humira,10.84,19:27:23,2,8,156.23
2026-08-20,Humira,6.53,19:27:53,2,8,0.0
2026-08-20,Humira,10.9,19:28:23,2,8,156.25
2026-08-20,Humira,11.62,19:28:53,2,8,156.26
2026-08-20,Humira,2.01,19:29:23,2,8,0.0
2026-08-20,Humira,15.19,19:29:53,2,8,156.28
2026-08-20,Humira,4.05,19:30:23,2,8,0.0
2026-08-20,Humira,16.82,19:30:53,2,8,156.3
2026-08-20,Humira,10.11,19:31:23,2,8,156.31
2026-08-20,Humira,3.29,19:31:53,2,8,0.0
2026-08-20,Humira,17.41,19:32:23,2,8,156.34
2026-08-20,Humira,14.95,19:32:53,2,8,156.35
2026-08-20,Humira,2.13,19:33:23,2,8,0.0
2026-08-20,Humira,15.64,19:33:53,2,8,156.37
2026-08-20,Humira,11.24,19:34:23,2,8,156.38
2026-08-20,Humira,15.72,19:34:53,2,8,156.39
2026-08-20,Humira,10.26,19:35:23,2,8,156.4
2026-08-20,Humira,5.36,19:35:53,2,8,0.0
2026-08-20,Humira,17.43,19:36:23,2,8,156.42
2026-08-20,Humira,3.88,19:36:53,2,8,0.0
2026-08-20,Humira,9.48,19:37:23,2,8,156.44
2026-08-20,Humira,15.22,19:37:53,2,8,156.45
2026-08-20,Humira,6.44,19:38:23,2,8,0.0
2026-08-20,Humira,16.42,19:38:53,2,8,156.48
2026-08-20,Humira,17.79,19:39:23,2,8,156.49
2026-08-20,Humira,17.36,19:39:53,2,8,156.5
2026-08-20,Humira,3.8,19:40:23,2,8,0.0
2026-08-20,Humira,7.69,19:40:53,2,8,0.0
2026-08-20,Humira,9.85,19:41:23,2,8,156.53
2026-08-20,Humira,11.3,19:41:53,2,8,156.54
2026-08-20,Humira,15.2,19:42:23,2,8,156.55
2026-08-20,Humira,7.23,19:42:53,2,8,0.0
2026-08-20,Humira,14.26,19:43:23,2,8,156.57
2026-08-20,Humira,9.72,19:43:53,2,8,156.59
2026-08-20,Humira,13.96,19:44:23,2,8,156.6
2026-08-20,Humira,6.86,19:44:53,2,8,0.0
2026-08-20,Humira,15.66,19:45:23,2,8,156.62
2026-08-20,Humira,9.77,19:45:53,2,8,156.63
2026-08-20,Humira,6.51,19:46:23,2,8,0.0
2026-08-20,Humira,13.69,19:46:53,2,8,156.65
2026-08-20,Humira,13.66,19:47:23,2,8,156.66
2026-08-20,Humira,13.5,19:47:53,2,8,156.67
2026-08-20,Humira,13.69,19:48:23,2,8,156.68
2026-08-20,Humira,13.18,19:48:53,2,8,156.69
2026-08-20,Humira,16.07,19:49:23,2,8,156.7
2026-08-20,Humira,9.21,19:49:53,2,8,156.72
2026-08-20,Humira,7.32,19:50:23,2,8,0.0
2026-08-20,Humira,11.96,19:50:53,2,8,156.74
2026-08-20,Humira,2.74,19:51:23,2,8,0.0
2026-08-20,Humira,4.19,19:51:53,2,8,0.0
2026-08-20,Humira,14.09,19:52:23,2,8,156.77
2026-08-20,Humira,17.37,19:52:53,2,8,156.78
2026-08-20,Humira,16.81,19:53:23,2,8,156.79
2026-08-20,Humira,15.25,19:53:53,2,8,156.8
2026-08-20,Humira,11.89,19:54:23,2,8,156.81
2026-08-20,Humira,3.31,19:54:53,2,8,0.0
2026-08-20,Humira,16.24,19:55:23,2,8,156.83
2026-08-20,Humira,10.86,19:55:53,2,8,156.84
2026-08-20,Humira,9.44,19:56:23,2,8,156.86
2026-08-20,Humira,3.2,19:56:53,2,8,0.0
2026-08-20,Humira,2.53,19:57:23,2,8,0.0
2026-08-20,Humira,12.15,19:57:53,2,8,156.89
2026-08-20,Humira,15.86,19:58:23,2,8,156.9
2026-08-20,Humira,17.58,19:58:53,2,8,156.91
2026-08-20,Humira,9.67,19:59:23,2,8,156.92
2026-08-20,Humira,10.35,19:59:53,2,8,156.93
2026-08-20,Humira,10.2,20:00:23,2,8,156.94
2026-08-20,Humira,10.63,20:00:53,2,8,156.95
2026-08-20,Humira,17.02,20:01:23,2,8,156.96
2026-08-20,Humira,6.36,20:01:53,2,8,0.0
2026-08-20,Humira,4.5,20:02:23,2,8,0.0
2026-08-20,Humira,10.66,20:02:53,2,8,157.0
2026-08-20,Humira,15.72,20:03:23,2,8,157.01
2026-08-20,Humira,15.31,20:03:53,2,8,157.02
2026-08-20,Humira,3.69,20:04:23,2,8,0.0
2026-08-20,Humira,11.65,20:04:53,2,8,157.04
2026-08-20,Humira,7.95,20:05:23,2,8,0.0
2026-08-20,Humira,17.67,20:05:53,2,8,157.06
2026-08-20,Humira,17.58,20:06:23,2,8,157.07
2026-08-20,Humira,3.52,20:06:53,2,8,0.0
2026-08-20,Humira,11.25,20:07:23,2,8,157.09
2026-08-20,Humira,17.26,20:07:53,2,8,157.1
2026-08-20,Humira,9.2,20:08:23,2,8,157.12
2026-08-20,Humira,16.06,20:08:53,2,8,157.13
2026-08-20,Humira,10.34,20:09:23,2,8,157.14
2026-08-20,Humira,9.3,20:09:53,2,8,157.15
2026-08-20,Humira,17.88,20:10:23,2,8,157.16
2026-08-20,Humira,12.47,20:10:53,2,8,157.17
2026-08-20,Humira,14.92,20:11:23,2,8,157.18
2026-08-20,Humira,12.68,20:11:53,2,8,157.19
2026-08-20,Humira,17.39,20:12:23,2,8,157.2
2026-08-20,Humira,6.59,20:12:53,2,8,0.0
2026-08-20,Humira,14.55,20:13:23,2,8,157.22
2026-08-20,Humira,13.36,20:13:53,2,8,157.24
2026-08-20,Humira,4.13,20:14:23,2,8,0.0
2026-08-20,Humira,13.69,20:14:53,2,8,157.26
2026-08-20,Humira,10.88,20:15:23,2,8,157.27
2026-08-20,Humira,6.44,20:15:53,2,8,0.0
2026-08-20,Humira,9.97,20:16:23,2,8,157.29
2026-08-20,Humira,6.51,20:16:53,2,8,0.0
2026-08-20,Humira,11.69,20:17:23,2,8,157.31
2026-08-20,Humira,10.45,20:17:53,2,8,157.32
2026-08-20,Humira,17.68,20:18:23,2,8,157.33
2026-08-20,Humira,11.05,20:18:53,2,8,157.34
2026-08-20,Humira,7.46,20:19:23,2,8,0.0
2026-08-20,Humira,11.96,20:19:53,2,8,157.37
2026-08-20,Humira,11.32,20:20:23,2,8,157.38
2026-08-20,Humira,4.57,20:20:53,2,8,0.0
2026-08-20,Humira,3.29,20:21:23,2,8,0.0
2026-08-20,Humira,6.8,20:21:53,2,8,0.0
2026-08-20,Humira,10.77,20:22:23,2,8,157.42
2026-08-20,Humira,6.87,20:22:53,2,8,0.0
2026-08-20,Humira,5.71,20:23:23,2,8,0.0
2026-08-20,Humira,15.04,20:23:53,2,8,157.45
2026-08-20,Humira,17.73,20:24:23,2,8,157.46
2026-08-20,Humira,17.88,20:24:53,2,8,157.47
2026-08-20,Humira,14.21,20:25:23,2,8,157.48
2026-08-20,Humira,16.77,20:25:53,2,8,157.5
2026-08-20,Humira,17.92,20:26:23,2,8,157.51
2026-08-20,Humira,5.81,20:26:53,2,8,0.0
2026-08-20,Humira,3.98,20:27:23,2,8,0.0
2026-08-20,Humira,11.08,20:27:53,2,8,157.54
2026-08-20,Humira,4.73,20:28:23,2,8,0.0
2026-08-20,Humira,10.3,20:28:53,2,8,157.56
2026-08-20,Humira,9.39,20:29:23,2,8,157.57
2026-08-20,Humira,16.82,20:29:53,2,8,157.58
2026-08-20,Humira,3.32,20:30:23,2,8,0.0
2026-08-20,Humira,13.28,20:30:53,2,8,157.6
2026-08-20,Humira,17.34,20:31:23,2,8,157.61
2026-08-20,Humira,3.11,20:31:53,2,8,0.0
2026-08-20,Humira,16.78,20:32:23,2,8,157.64
2026-08-20,Humira,12.81,20:32:53,2,8,157.65
2026-08-20,Humira,13.92,20:33:23,2,8,157.66
2026-08-20,Humira,14.34,20:33:53,2,8,157.67
2026-08-20,Humira,11.04,20:34:23,2,8,157.68
2026-08-20,Humira,2.61,20:34:53,2,8,0.0
2026-08-20,Humira,10.16,20:35:23,2,8,157.7
2026-08-20,Humira,13.45,20:35:53,2,8,157.71
2026-08-20,Humira,5.43,20:36:23,2,8,0.0
2026-08-20,Humira,9.5,20:36:53,2,8,157.73
2026-08-20,Humira,9.88,20:37:23,2,8,157.74
2026-08-20,Humira,10.02,20:37:53,2,8,157.75
2026-08-20,Humira,3.6,20:38:23,2,8,0.0
2026-08-20,Humira,12.26,20:38:53,2,8,157.78
2026-08-20,Humira,4.82,20:39:23,2,8,0.0
2026-08-20,Humira,12.42,20:39:53,2,8,157.8
2026-08-20,Humira,9.73,20:40:23,2,8,157.81
2026-08-20,Humira,9.99,20:40:53,2,8,157.82
2026-08-20,Humira,2.03,20:41:23,2,8,0.0
2026-08-20,Humira,12.54,20:41:53,2,8,157.84
2026-08-20,Humira,17.81,20:42:23,2,8,157.85
2026-08-20,Humira,16.66,20:42:53,2,8,157.86
2026-08-20,Humira,16.87,20:43:23,2,8,157.87
2026-08-20,Humira,9.6,20:43:53,2,8,157.89
2026-08-20,Humira,2.92,20:44:23,2,8,0.0
2026-08-20,Humira,11.7,20:44:53,2,8,157.91
2026-08-20,Humira,12.21,20:45:23,2,8,157.92
2026-08-20,Humira,15.49,20:45:53,2,8,157.93
2026-08-20,Humira,9.58,20:46:23,2,8,157.94
2026-08-20,Humira,17.06,20:46:53,2,8,157.95
2026-08-20,Humira,2.52,20:47:23,2,8,0.0
2026-08-20,Humira,15.09,20:47:53,2,8,157.97
2026-08-20,Humira,5.63,20:48:23,2,8,0.0
2026-08-20,Humira,4.45,20:48:53,2,8,0.0
2026-08-20,Humira,4.83,20:49:23,2,8,0.0
2026-08-20,Humira,9.74,20:49:53,2,8,158.02
2026-08-20,Humira,7.59,20:50:23,2,8,0.0
2026-08-20,Humira,2.99,20:50:53,2,8,0.0
2026-08-20,Humira,12.72,20:51:23,2,8,158.05
2026-08-20,Humira,17.43,20:51:53,2,8,158.06
2026-08-20,Humira,17.92,20:52:23,2,8,158.07
2026-08-20,Humira,2.42,20:52:53,2,8,0.0
2026-08-20,Humira,7.28,20:53:23,2,8,0.0
2026-08-20,Humira,14.64,20:53:53,2,8,158.1
2026-08-20,Humira,17.67,20:54:23,2,8,158.11
2026-08-20,Humira,17.79,20:54:53,2,8,158.12
2026-08-20,Humira,14.96,20:55:23,2,8,158.13
2026-08-20,Humira,6.31,20:55:53,2,8,0.0
2026-08-20,Humira,10.87,20:56:23,2,8,158.16
2026-08-20,Humira,3.34,20:56:53,2,8,0.0
2026-08-20,Humira,3.49,20:57:23,2,8,0.0
2026-08-20,Humira,11.9,20:57:53,2,8,158.19
2026-08-20,Humira,4.29,20:58:23,2,8,0.0
2026-08-20,Humira,4.77,20:58:53,2,8,0.0
2026-08-20,Humira,16.9,20:59:23,2,8,158.22
2026-08-20,Humira,10.71,20:59:53,2,8,158.23
2026-08-20,Humira,7.81,21:00:23,2,8,0.0
2026-08-20,Humira,12.36,21:00:53,2,8,158.25
2026-08-20,Humira,13.49,21:01:23,2,8,158.26
2026-08-20,Humira,4.03,21:01:53,2,8,0.0
2026-08-20,Humira,16.64,21:02:23,2,8,158.29
2026-08-20,Humira,16.04,21:02:53,2,8,158.3
2026-08-20,Humira,9.43,21:03:23,2,8,158.31
2026-08-20,Humira,3.78,21:03:53,2,8,0.0
2026-08-20,Humira,7.55,21:04:23,2,8,0.0
2026-08-20,Humira,14.9,21:04:53,2,8,158.34
2026-08-20,Humira,5.53,21:05:23,2,8,0.0
2026-08-20,Humira,15.68,21:05:53,2,8,158.36
2026-08-20,Humira,6.81,21:06:23,2,8,0.0
2026-08-20,Humira,10.87,21:06:53,2,8,158.38
2026-08-20,Humira,7.47,21:07:23,2,8,0.0
2026-08-20,Humira,10.23,21:07:53,2,8,158.41
2026-08-20,Humira,5.61,21:08:23,2,8,0.0
2026-08-20,Humira,7.95,21:08:53,2,8,0.0
2026-08-20,Humira,15.82,21:09:23,2,8,158.44
2026-08-20,Humira,7.33,21:09:53,2,8,0.0
2026-08-20,Humira,4.12,21:10:23,2,8,0.0
2026-08-20,Humira,14.87,21:10:53,2,8,158.47
2026-08-20,Humira,10.21,21:11:23,2,8,158.48
2026-08-20,Humira,13.06,21:11:53,2,8,158.49
2026-08-20,Humira,9.96,21:12:23,2,8,158.5
2026-08-20,Humira,9.93,21:12:53,2,8,158.51
2026-08-20,Humira,14.91,21:13:23,2,8,158.52
2026-08-20,Humira,3.13,21:13:53,2,8,0.0
2026-08-20,Humira,16.87,21:14:23,2,8,158.55
2026-08-20,Humira,9.8,21:14:53,2,8,158.56
2026-08-20,Humira,10.42,21:15:23,2,8,158.57
2026-08-20,Humira,13.79,21:15:53,2,8,158.58
2026-08-20,Humira,17.19,21:16:23,2,8,158.59
2026-08-20,Humira,9.75,21:16:53,2,8,158.6
2026-08-20,Humira,3.41,21:17:23,2,8,0.0
2026-08-20,Humira,4.33,21:17:53,2,8,0.0
2026-08-20,Humira,12.8,21:18:23,2,8,158.63
2026-08-20,Humira,10.51,21:18:53,2,8,158.64
2026-08-20,Humira,9.57,21:19:23,2,8,158.65
2026-08-20,Humira,2.56,21:19:53,2,8,0.0
2026-08-20,Humira,11.35,21:20:23,2,8,158.68
2026-08-20,Humira,9.22,21:20:53,2,8,158.69
2026-08-20,Humira,17.46,21:21:23,2,8,158.7
2026-08-20,Humira,11.52,21:21:53,2,8,158.71
2026-08-20,Humira,12.31,21:22:23,2,8,158.72
2026-08-20,Humira,10.43,21:22:53,2,8,158.73
2026-08-20,Humira,16.0,21:23:23,2,8,158.74
2026-08-20,Humira,2.4,21:23:53,2,8,0.0
2026-08-20,Humira,14.92,21:24:23,2,8,158.76
2026-08-20,Humira,4.23,21:24:53,2,8,0.0
2026-08-20,Humira,13.47,21:25:23,2,8,158.78
2026-08-20,Humira,13.31,21:25:53,2,8,158.8
2026-08-20,Humira,11.71,21:26:23,2,8,158.81
2026-08-20,Humira,9.55,21:26:53,2,8,158.82
2026-08-20,Humira,7.95,21:27:23,2,8,0.0
2026-08-20,Humira,10.72,21:27:53,2,8,158.84
2026-08-20,Humira,9.34,21:28:23,2,8,158.85
2026-08-20,Humira,11.47,21:28:53,2,8,158.86
2026-08-20,Humira,5.36,21:29:23,2,8,0.0
2026-08-20,Humira,9.58,21:29:53,2,8,158.88
2026-08-20,Humira,4.61,21:30:23,2,8,0.0
2026-08-20,Humira,3.36,21:30:53,2,8,0.0
2026-08-20,Humira,9.23,21:31:23,2,8,158.91
2026-08-20,Humira,14.04,21:31:53,2,8,158.93
2026-08-20,Humira,16.57,21:32:23,2,8,158.94
2026-08-20,Humira,12.32,21:32:53,2,8,158.95
2026-08-20,Humira,11.22,21:33:23,2,8,158.96
2026-08-20,Humira,13.5,21:33:53,2,8,158.97
2026-08-20,Humira,14.16,21:34:23,2,8,158.98
2026-08-20,Humira,13.2,21:34:53,2,8,158.99
2026-08-20,Humira,12.7,21:35:23,2,8,159.0
2026-08-20,Humira,13.76,21:35:53,2,8,159.01
2026-08-20,Humira,3.17,21:36:23,2,8,0.0
2026-08-20,Humira,10.94,21:36:53,2,8,159.03
2026-08-20,Humira,14.72,21:37:23,2,8,159.04
2026-08-20,Humira,4.08,21:37:53,2,8,0.0
2026-08-20,Humira,12.83,21:38:23,2,8,159.07
2026-08-20,Humira,13.76,21:38:53,2,8,159.08
2026-08-20,Humira,9.43,21:39:23,2,8,159.09
2026-08-20,Humira,17.39,21:39:53,2,8,159.1
2026-08-20,Humira,6.4,21:40:23,2,8,0.0
2026-08-20,Humira,9.9,21:40:53,2,8,159.12
2026-08-20,Humira,13.34,21:41:23,2,8,159.13
2026-08-20,Humira,12.15,21:41:53,2,8,159.14
2026-08-20,Humira,15.94,21:42:23,2,8,159.15
2026-08-20,Humira,17.13,21:42:53,2,8,159.16
2026-08-20,Humira,9.37,21:43:23,2,8,159.17
2026-08-20,Humira,17.49,21:43:53,2,8,159.19
2026-08-20,Humira,10.32,21:44:23,2,8,159.2
2026-08-20,Humira,10.8,21:44:53,2,8,159.21
2026-08-20,Humira,9.18,21:45:23,2,8,159.22
2026-08-20,Humira,14.42,21:45:53,2,8,159.23
2026-08-20,Humira,4.66,21:46:23,2,8,0.0
2026-08-20,Humira,12.74,21:46:53,2,8,159.25
2026-08-20,Humira,13.27,21:47:23,2,8,159.26
2026-08-20,Humira,10.07,21:47:53,2,8,159.27
2026-08-20,Humira,11.62,21:48:23,2,8,159.28
2026-08-20,Humira,11.01,21:48:53,2,8,159.29
2026-08-20,Humira,3.15,21:49:23,2,8,0.0
2026-08-20,Humira,14.63,21:49:53,2,8,159.31
2026-08-20,Humira,2.98,21:50:23,2,8,0.0
2026-08-20,Humira,13.87,21:50:53,2,8,159.34
2026-08-20,Humira,17.91,21:51:23,2,8,159.35
2026-08-20,Humira,12.86,21:51:53,2,8,159.36
2026-08-20,Humira,9.19,21:52:23,2,8,159.37
2026-08-20,Humira,17.15,21:52:53,2,8,159.38
2026-08-20,Humira,2.35,21:53:23,2,8,0.0
2026-08-20,Humira,3.28,21:53:53,2,8,0.0
2026-08-20,Humira,13.04,21:54:23,2,8,159.41
2026-08-20,Humira,2.89,21:54:53,2,8,0.0
2026-08-20,Humira,14.35,21:55:23,2,8,159.43
2026-08-20,Humira,11.45,21:55:53,2,8,159.45
2026-08-20,Humira,4.55,21:56:23,2,8,0.0
2026-08-20,Humira,13.87,21:56:53,2,8,159.47
2026-08-20,Humira,4.05,21:57:23,2,8,0.0
2026-08-20,Humira,13.13,21:57:53,2,8,159.49
2026-08-20,Humira,13.0,21:58:23,2,8,159.5
2026-08-20,Humira,7.17,21:58:53,2,8,0.0
2026-08-20,Humira,9.75,21:59:23,2,8,159.52
2026-08-20,Humira,2.56,21:59:53,2,8,0.0
2026-08-20,Humira,2.99,22:00:23,2,8,0.0
2026-08-20,Humira,3.02,22:00:53,2,8,0.0
2026-08-20,Humira,11.81,22:01:23,2,8,159.56
2026-08-20,Humira,4.01,22:01:53,2,8,0.0
2026-08-20,Humira,17.22,22:02:23,2,8,159.59
2026-08-20,Humira,15.37,22:02:53,2,8,159.6
2026-08-20,Humira,15.92,22:03:23,2,8,159.61
2026-08-20,Humira,15.19,22:03:53,2,8,159.62
2026-08-20,Humira,2.66,22:04:23,2,8,0.0
2026-08-20,Humira,11.1,22:04:53,2,8,159.64
2026-08-20,Humira,11.53,22:05:23,2,8,159.65
2026-08-20,Humira,5.66,22:05:53,2,8,0.0
2026-08-20,Humira,3.6,22:06:23,2,8,0.0
2026-08-20,Humira,2.76,22:06:53,2,8,0.0
2026-08-20,Humira,10.7,22:07:23,2,8,159.69
2026-08-20,Humira,11.14,22:07:53,2,8,159.7
2026-08-20,Humira,3.5,22:08:23,2,8,0.0
2026-08-20,Humira,3.18,22:08:53,2,8,0.0
2026-08-20,Humira,14.41,22:09:23,2,8,159.74
2026-08-20,Humira,10.63,22:09:53,2,8,159.75
2026-08-20,Humira,14.54,22:10:23,2,8,159.76
2026-08-20,Humira,17.39,22:10:53,2,8,159.77
2026-08-20,Humira,4.56,22:11:23,2,8,0.0
2026-08-20,Humira,14.16,22:11:53,2,8,159.79
2026-08-20,Humira,12.27,22:12:23,2,8,159.8
2026-08-20,Humira,11.45,22:12:53,2,8,159.81
2026-08-20,Humira,4.15,22:13:23,2,8,0.0
2026-08-20,Humira,3.79,22:13:53,2,8,0.0
2026-08-20,Humira,13.06,22:14:23,2,8,159.85
2026-08-20,Humira,15.32,22:14:53,2,8,159.86
2026-08-20,Humira,12.57,22:15:23,2,8,159.87
2026-08-20,Humira,9.82,22:15:53,2,8,159.88
2026-08-20,Humira,6.12,22:16:23,2,8,0.0
2026-08-20,Humira,16.71,22:16:53,2,8,159.9
2026-08-20,Humira,16.87,22:17:23,2,8,159.91
2026-08-20,Humira,17.81,22:17:53,2,8,159.92
2026-08-20,Humira,3.92,22:18:23,2,8,0.0
2026-08-20,Humira,15.13,22:18:53,2,8,159.94
2026-08-20,Humira,9.37,22:19:23,2,8,159.95
2026-08-20,Humira,9.09,22:19:53,2,8,159.97
2026-08-20,Humira,16.57,22:20:23,2,8,159.98
2026-08-20,Humira,12.41,22:20:53,2,8,159.99
2026-08-20,Humira,5.34,22:21:23,2,8,0.0
2026-08-20,Humira,6.47,22:21:53,2,8,0.0
2026-08-20,Humira,16.59,22:22:23,2,8,160.02
2026-08-20,Humira,2.46,22:22:53,2,8,0.0
2026-08-20,Humira,5.7,22:23:23,2,8,0.0
2026-08-20,Humira,4.65,22:23:53,2,8,0.0
2026-08-20,Humira,9.63,22:24:23,2,8,160.06
2026-08-20,Humira,13.43,22:24:53,2,8,160.07
2026-08-20,Humira,2.7,22:25:23,2,8,0.0
2026-08-20,Humira,11.79,22:25:53,2,8,160.09
2026-08-20,Humira,10.57,22:26:23,2,8,160.11
2026-08-20,Humira,10.75,22:26:53,2,8,160.12
2026-08-20,Humira,10.42,22:27:23,2,8,160.13
2026-08-20,Humira,9.1,22:27:53,2,8,160.14
2026-08-20,Humira,7.66,22:28:23,2,8,0.0
2026-08-20,Humira,4.61,22:28:53,2,8,0.0
2026-08-20,Humira,3.42,22:29:23,2,8,0.0
2026-08-20,Humira,15.07,22:29:53,2,8,160.18
2026-08-20,Humira,5.66,22:30:23,2,8,0.0
2026-08-20,Humira,3.36,22:30:53,2,8,0.0
2026-08-20,Humira,15.14,22:31:23,2,8,160.21
2026-08-20,Humira,17.15,22:31:53,2,8,160.22
2026-08-20,Humira,12.26,22:32:23,2,8,160.24
2026-08-20,Humira,14.57,22:32:53,2,8,160.25
2026-08-20,Humira,6.9,22:33:23,2,8,0.0
2026-08-20,Humira,14.55,22:33:53,2,8,160.27
2026-08-20,Humira,12.01,22:34:23,2,8,160.28
2026-08-20,Humira,3.24,22:34:53,2,8,0.0
2026-08-20,Humira,14.15,22:35:23,2,8,160.3
2026-08-20,Humira,15.41,22:35:53,2,8,160.31
2026-08-20,Humira,14.95,22:36:23,2,8,160.32
2026-08-20,Humira,3.08,22:36:53,2,8,0.0
2026-08-20,Humira,14.35,22:37:23,2,8,160.34
2026-08-20,Humira,2.49,22:37:53,2,8,0.0
2026-08-20,Humira,6.87,22:38:23,2,8,0.0
2026-08-20,Humira,4.82,22:38:53,2,8,0.0
2026-08-20,Humira,15.74,22:39:23,2,8,160.39
2026-08-20,Humira,2.92,22:39:53,2,8,0.0
2026-08-20,Humira,6.52,22:40:23,2,8,0.0
2026-08-20,Humira,11.05,22:40:53,2,8,160.42
2026-08-20,Humira,9.06,22:41:23,2,8,160.43
2026-08-20,Humira,7.67,22:41:53,2,8,0.0
2026-08-20,Humira,11.06,22:42:23,2,8,160.45
2026-08-20,Humira,10.49,22:42:53,2,8,160.46
2026-08-20,Humira,5.98,22:43:23,2,8,0.0
2026-08-20,Humira,17.44,22:43:53,2,8,160.49
2026-08-20,Humira,13.06,22:44:23,2,8,160.5
2026-08-20,Humira,2.37,22:44:53,2,8,0.0
2026-08-20,Humira,15.71,22:45:23,2,8,160.52
2026-08-20,Humira,7.77,22:45:53,2,8,0.0
2026-08-20,Humira,5.96,22:46:23,2,8,0.0
2026-08-20,Humira,12.01,22:46:53,2,8,160.55
2026-08-20,Humira,4.16,22:47:23,2,8,0.0
2026-08-20,Humira,2.17,22:47:53,2,8,0.0
2026-08-20,Humira,12.1,22:48:23,2,8,160.58
2026-08-20,Humira,9.16,22:48:53,2,8,160.59
2026-08-20,Humira,13.52,22:49:23,2,8,160.6
2026-08-20,Humira,7.09,22:49:53,2,8,0.0
2026-08-20,Humira,17.38,22:50:23,2,8,160.63
2026-08-20,Humira,7.51,22:50:53,2,8,0.0
2026-08-20,Humira,16.63,22:51:23,2,8,160.65
2026-08-20,Humira,11.49,22:51:53,2,8,160.66
2026-08-20,Humira,14.54,22:52:23,2,8,160.67
2026-08-20,Humira,5.17,22:52:53,2,8,0.0
2026-08-20,Humira,13.41,22:53:23,2,8,160.69
2026-08-20,Humira,9.8,22:53:53,2,8,160.7
2026-08-20,Humira,17.05,22:54:23,2,8,160.71
2026-08-20,Humira,16.44,22:54:53,2,8,160.72
2026-08-20,Humira,5.47,22:55:23,2,8,0.0
2026-08-20,Humira,11.03,22:55:53,2,8,160.75
2026-08-20,Humira,2.85,22:56:23,2,8,0.0
2026-08-20,Humira,4.67,22:56:53,2,8,0.0
2026-08-20,Humira,6.5,22:57:23,2,8,0.0
2026-08-20,Humira,11.53,22:57:53,2,8,160.79
2026-08-20,Humira,17.29,22:58:23,2,8,160.8
2026-08-20,Humira,13.29,22:58:53,2,8,160.81
2026-08-20,Humira,2.93,22:59:23,2,8,0.0
2026-08-20,Humira,13.32,22:59:53,2,8,160.83
2026-08-20,Humira,10.0,23:00:23,2,8,160.84
2026-08-20,Humira,9.41,23:00:53,2,8,160.85
2026-08-20,Humira,16.93,23:01:23,2,8,160.86
2026-08-20,Humira,7.33,23:01:53,2,8,0.0
2026-08-20,Humira,15.76,23:02:23,2,8,160.89
2026-08-20,Humira,16.79,23:02:53,2,8,160.9
2026-08-20,Humira,16.54,23:03:23,2,8,160.91
2026-08-20,Humira,5.63,23:03:53,2,8,0.0
2026-08-20,Humira,17.09,23:04:23,2,8,160.93
2026-08-20,Humira,4.4,23:04:53,2,8,0.0
2026-08-20,Humira,7.07,23:05:23,2,8,0.0
2026-08-20,Humira,17.73,23:05:53,2,8,160.96
2026-08-20,Humira,5.14,23:06:23,2,8,0.0
2026-08-20,Humira,2.52,23:06:53,2,8,0.0
2026-08-20,Humira,4.11,23:07:23,2,8,0.0
2026-08-20,Humira,17.29,23:07:53,2,8,161.0
2026-08-20,Humira,5.54,23:08:23,2,8,0.0
2026-08-20,Humira,11.0,23:08:53,2,8,161.03
2026-08-20,Humira,3.6,23:09:23,2,8,0.0
2026-08-20,Humira,4.59,23:09:53,2,8,0.0
2026-08-20,Humira,12.07,23:10:23,2,8,161.06
2026-08-20,Humira,16.63,23:10:53,2,8,161.07
2026-08-20,Humira,6.9,23:11:23,2,8,0.0
2026-08-20,Humira,10.96,23:11:53,2,8,161.09
2026-08-20,Humira,6.85,23:12:23,2,8,0.0
2026-08-20,Humira,10.78,23:12:53,2,8,161.11
2026-08-20,Humira,12.02,23:13:23,2,8,161.12
2026-08-20,Humira,14.35,23:13:53,2,8,161.14
2026-08-20,Humira,16.42,23:14:23,2,8,161.15
2026-08-20,Humira,16.29,23:14:53,2,8,161.16
2026-08-20,Humira,15.83,23:15:23,2,8,161.17
2026-08-20,Humira,13.45,23:15:53,2,8,161.18
2026-08-20,Humira,3.53,23:16:23,2,8,0.0
2026-08-20,Humira,13.16,23:16:53,2,8,161.2
2026-08-20,Humira,6.15,23:17:23,2,8,0.0
2026-08-20,Humira,3.4,23:17:53,2,8,0.0
2026-08-20,Humira,6.28,23:18:23,2,8,0.0
2026-08-20,Humira,3.25,23:18:53,2,8,0.0
2026-08-20,Humira,13.69,23:19:23,2,8,161.25
2026-08-20,Humira,3.41,23:19:53,2,8,0.0
2026-08-20,Humira,12.73,23:20:23,2,8,161.28
2026-08-20,Humira,7.32,23:20:53,2,8,0.0
2026-08-20,Humira,10.56,23:21:23,2,8,161.3
2026-08-20,Humira,16.87,23:21:53,2,8,161.31
2026-08-20,Humira,11.82,23:22:23,2,8,161.32
2026-08-20,Humira,6.21,23:22:53,2,8,0.0
2026-08-20,Humira,2.18,23:23:23,2,8,0.0
2026-08-20,Humira,10.72,23:23:53,2,8,161.35
2026-08-20,Humira,5.63,23:24:23,2,8,0.0
2026-08-20,Humira,3.89,23:24:53,2,8,0.0
2026-08-20,Humira,16.66,23:25:23,2,8,161.38
2026-08-20,Humira,9.64,23:25:53,2,8,161.4
2026-08-20,Humira,12.93,23:26:23,2,8,161.41
2026-08-20,Humira,9.65,23:26:53,2,8,161.42
2026-08-20,Humira,3.43,23:27:23,2,8,0.0
2026-08-20,Humira,12.12,23:27:53,2,8,161.44
2026-08-20,Humira,10.15,23:28:23,2,8,161.45
2026-08-20,Humira,11.0,23:28:53,2,8,161.46
2026-08-20,Humira,12.86,23:29:23,2,8,161.47
2026-08-20,Humira,14.68,23:29:53,2,8,161.48
2026-08-20,Humira,14.71,23:30:23,2,8,161.49
2026-08-20,Humira,12.37,23:30:53,2,8,161.5
2026-08-20,Humira,5.97,23:31:23,2,8,0.0
2026-08-20,Humira,6.83,23:31:53,2,8,0.0
2026-08-20,Humira,17.34,23:32:23,2,8,161.54
2026-08-20,Humira,11.24,23:32:53,2,8,161.55
2026-08-20,Humira,11.09,23:33:23,2,8,161.56
2026-08-20,Humira,13.18,23:33:53,2,8,161.57
2026-08-20,Humira,12.42,23:34:23,2,8,161.58
2026-08-20,Humira,7.51,23:34:53,2,8,0.0
2026-08-20,Humira,13.19,23:35:23,2,8,161.6
2026-08-20,Humira,15.14,23:35:53,2,8,161.61
2026-08-20,Humira,10.69,23:36:23,2,8,161.62
2026-08-20,Humira,17.31,23:36:53,2,8,161.63
2026-08-20,Humira,9.87,23:37:23,2,8,161.64
2026-08-20,Humira,17.15,23:37:53,2,8,161.66
2026-08-20,Humira,5.23,23:38:23,2,8,0.0
2026-08-20,Humira,17.9,23:38:53,2,8,161.68
2026-08-20,Humira,15.51,23:39:23,2,8,161.69
2026-08-20,Humira,16.25,23:39:53,2,8,161.7
2026-08-20,Humira,3.46,23:40:23,2,8,0.0
2026-08-20,Humira,7.18,23:40:53,2,8,0.0
2026-08-20,Humira,5.63,23:41:23,2,8,0.0
2026-08-20,Humira,10.98,23:41:53,2,8,161.74
2026-08-20,Humira,5.0,23:42:23,2,8,0.0
2026-08-20,Humira,10.32,23:42:53,2,8,161.76
2026-08-20,Humira,11.17,23:43:23,2,8,161.77
2026-08-20,Humira,6.66,23:43:53,2,8,0.0
2026-08-20,Humira,9.27,23:44:23,2,8,161.8
2026-08-20,Humira,17.93,23:44:53,2,8,161.81
2026-08-20,Humira,11.5,23:45:23,2,8,161.82
2026-08-20,Humira,4.16,23:45:53,2,8,0.0
2026-08-20,Humira,7.85,23:46:23,2,8,0.0
2026-08-20,Humira,12.12,23:46:53,2,8,161.85
2026-08-20,Humira,9.34,23:47:23,2,8,161.86
2026-08-20,Humira,7.26,23:47:53,2,8,0.0
2026-08-20,Humira,7.95,23:48:23,2,8,0.0
2026-08-20,Humira,3.35,23:48:53,2,8,0.0
2026-08-20,Humira,10.08,23:49:23,2,8,161.9
2026-08-20,Humira,14.02,23:49:53,2,8,161.91
2026-08-20,Humira,5.26,23:50:23,2,8,0.0
2026-08-20,Humira,17.94,23:50:53,2,8,161.94
2026-08-20,Humira,6.56,23:51:23,2,8,0.0
2026-08-20,Humira,10.04,23:51:53,2,8,161.96
2026-08-20,Humira,14.55,23:52:23,2,8,161.97
2026-08-20,Humira,15.35,23:52:53,2,8,161.98
2026-08-20,Humira,14.12,23:53:23,2,8,161.99
2026-08-20,Humira,15.36,23:53:53,2,8,162.0
2026-08-20,Humira,16.08,23:54:23,2,8,162.01
2026-08-20,Humira,2.96,23:54:53,2,8,0.0
2026-08-20,Humira,16.91,23:55:23,2,8,162.03
2026-08-20,Humira,14.77,23:55:53,2,8,162.05
2026-08-20,Humira,16.91,23:56:23,2,8,162.06
2026-08-20,Humira,12.68,23:56:53,2,8,162.07
2026-08-20,Humira,2.84,23:57:23,2,8,0.0
2026-08-20,Humira,5.74,23:57:53,2,8,0.0
2026-08-20,Humira,6.69,23:58:23,2,8,0.0
2026-08-20,Humira,17.3,23:58:53,2,8,162.11
2026-08-20,Humira,2.72,23:59:23,2,8,0.0
2026-08-20,Humira,12.96,23:59:53,2,8,162.13
2026-08-20,Humira,9.73,00:00:23,2,8,162.14
2026-08-20,Humira,5.41,00:00:53,2,8,0.0
2026-08-20,Humira,17.94,00:01:23,2,8,162.16
2026-08-20,Humira,13.32,00:01:53,2,8,162.18
2026-08-20,Humira,9.06,00:02:23,2,8,162.19
2026-08-20,Humira,2.35,00:02:53,2,8,0.0
2026-08-20,Humira,13.41,00:03:23,2,8,162.21
2026-08-20,Humira,5.07,00:03:53,2,8,0.0
2026-08-20,Humira,16.52,00:04:23,2,8,162.23
2026-08-20,Humira,17.54,00:04:53,2,8,162.24
2026-08-20,Humira,3.72,00:05:23,2,8,0.0
2026-08-20,Humira,3.12,00:05:53,2,8,0.0
2026-08-20,Humira,3.85,00:06:23,2,8,0.0
2026-08-20,Humira,17.38,00:06:53,2,8,162.28
2026-08-20,Humira,16.39,00:07:23,2,8,162.29
2026-08-20,Humira,4.62,00:07:53,2,8,0.0
2026-08-20,Humira,11.25,00:08:23,2,8,162.32
2026-08-20,Humira,2.53,00:08:53,2,8,0.0
2026-08-20,Humira,4.34,00:09:23,2,8,0.0
2026-08-20,Humira,14.28,00:09:53,2,8,162.35
2026-08-20,Humira,17.06,00:10:23,2,8,162.36
2026-08-20,Humira,3.09,00:10:53,2,8,0.0
2026-08-20,Humira,7.39,00:11:23,2,8,0.0
2026-08-20,Humira,11.21,00:11:53,2,8,162.39
2026-08-20,Humira,11.61,00:12:23,2,8,162.4
2026-08-20,Humira,16.47,00:12:53,2,8,162.41
2026-08-20,Humira,7.35,00:13:23,2,8,0.0
2026-08-20,Humira,15.21,00:13:53,2,8,162.44
2026-08-20,Humira,17.66,00:14:23,2,8,162.45
2026-08-20,Humira,14.88,00:14:53,2,8,162.46
2026-08-20,Humira,13.59,00:15:23,2,8,162.47
2026-08-20,Humira,15.78,00:15:53,2,8,162.48
2026-08-20,Humira,16.05,00:16:23,2,8,162.49
2026-08-20,Humira,11.85,00:16:53,2,8,162.5
2026-08-20,Humira,12.24,00:17:23,2,8,162.51
2026-08-20,Humira,13.73,00:17:53,2,8,162.52
2026-08-20,Humira,5.86,00:18:23,2,8,0.0
2026-08-20,Humira,17.22,00:18:53,2,8,162.54
2026-08-20,Humira,7.61,00:19:23,2,8,0.0
2026-08-20,Humira,7.87,00:19:53,2,8,0.0
2026-08-20,Humira,11.43,00:20:23,2,8,162.58
2026-08-20,Humira,13.01,00:20:53,2,8,162.59
2026-08-20,Humira,17.96,00:21:23,2,8,162.6
2026-08-20,Humira,17.58,00:21:53,2,8,162.61
2026-08-20,Humira,14.01,00:22:23,2,8,162.62
2026-08-20,Humira,7.29,00:22:53,2,8,0.0
2026-08-20,Humira,16.5,00:23:23,2,8,162.64
2026-08-20,Humira,2.78,00:23:53,2,8,0.0
2026-08-20,Humira,2.26,00:24:23,2,8,0.0
2026-08-20,Humira,4.25,00:24:53,2,8,0.0
2026-08-20,Humira,6.07,00:25:23,2,8,0.0
2026-08-20,Humira,16.27,00:25:53,2,8,162.7
2026-08-20,Humira,7.7,00:26:23,2,8,0.0
2026-08-20,Humira,4.69,00:26:53,2,8,0.0
2026-08-20,Humira,14.46,00:27:23,2,8,162.73
2026-08-20,Humira,17.62,00:27:53,2,8,162.74
2026-08-20,Humira,13.03,00:28:23,2,8,162.75
2026-08-20,Humira,3.4,00:28:53,2,8,0.0
2026-08-20,Humira,5.33,00:29:23,2,8,0.0
2026-08-20,Humira,14.39,00:29:53,2,8,162.78
2026-08-20,Humira,3.88,00:30:23,2,8,0.0
2026-08-20,Humira,2.58,00:30:53,2,8,0.0
2026-08-20,Humira,7.47,00:31:23,2,8,0.0
2026-08-20,Humira,10.64,00:31:53,2,8,162.83
2026-08-20,Humira,3.87,00:32:23,2,8,0.0
2026-08-20,Humira,5.71,00:32:53,2,8,0.0
2026-08-20,Humira,13.35,00:33:23,2,8,162.86
2026-08-20,Humira,14.81,00:33:53,2,8,162.87
2026-08-20,Humira,11.47,00:34:23,2,8,162.88
2026-08-20,Humira,9.89,00:34:53,2,8,162.89
2026-08-20,Humira,16.21,00:35:23,2,8,162.9
2026-08-20,Humira,16.11,00:35:53,2,8,162.91
2026-08-20,Humira,11.76,00:36:23,2,8,162.92
2026-08-20,Humira,9.44,00:36:53,2,8,162.93
2026-08-20,Humira,5.19,00:37:23,2,8,0.0
2026-08-20,Humira,11.79,00:37:53,2,8,162.95
2026-08-20,Humira,7.16,00:38:23,2,8,0.0
2026-08-20,Humira,7.93,00:38:53,2,8,0.0
2026-08-20,Humira,13.9,00:39:23,2,8,162.99
2026-08-20,Humira,10.01,00:39:53,2,8,163.0
2026-08-20,Humira,16.2,00:40:23,2,8,163.01
2026-08-20,Humira,2.25,00:40:53,2,8,0.0
2026-08-20,Humira,7.37,00:41:23,2,8,0.0
2026-08-20,Humira,10.81,00:41:53,2,8,163.04
2026-08-20,Humira,13.85,00:42:23,2,8,163.05
2026-08-20,Humira,7.57,00:42:53,2,8,0.0
2026-08-20,Humira,14.27,00:43:23,2,8,163.07
2026-08-20,Humira,7.78,00:43:53,2,8,0.0
2026-08-20,Humira,7.57,00:44:23,2,8,0.0
2026-08-20,Humira,2.11,00:44:53,2,8,0.0
2026-08-20,Humira,9.21,00:45:23,2,8,163.12
2026-08-20,Humira,17.35,00:45:53,2,8,163.13
2026-08-20,Humira,5.15,00:46:23,2,8,0.0
2026-08-20,Humira,16.48,00:46:53,2,8,163.15
2026-08-20,Humira,4.71,00:47:23,2,8,0.0
2026-08-20,Humira,6.45,00:47:53,2,8,0.0
2026-08-20,Humira,17.38,00:48:23,2,8,163.18
2026-08-20,Humira,3.89,00:48:53,2,8,0.0
2026-08-20,Humira,3.35,00:49:23,2,8,0.0
2026-08-20,Humira,6.76,00:49:53,2,8,0.0
2026-08-20,Humira,11.08,00:50:23,2,8,163.23
2026-08-20,Humira,14.9,00:50:53,2,8,163.24
2026-08-20,Humira,12.94,00:51:23,2,8,163.25
2026-08-20,Humira,4.99,00:51:53,2,8,0.0
2026-08-20,Humira,12.67,00:52:23,2,8,163.27
2026-08-20,Humira,14.56,00:52:53,2,8,163.28
2026-08-20,Humira,5.93,00:53:23,2,8,0.0
2026-08-20,Humira,4.79,00:53:53,2,8,0.0
2026-08-20,Humira,14.78,00:54:23,2,8,163.31
2026-08-20,Humira,13.72,00:54:53,2,8,163.32
2026-08-20,Humira,2.14,00:55:23,2,8,0.0
2026-08-20,Humira,14.01,00:55:53,2,8,163.34
2026-08-20,Humira,11.03,00:56:23,2,8,163.36
2026-08-20,Humira,2.19,00:56:53,2,8,0.0
2026-08-20,Humira,15.58,00:57:23,2,8,163.38
2026-08-20,Humira,12.23,00:57:53,2,8,163.39
2026-08-20,Humira,3.11,00:58:23,2,8,0.0
2026-08-20,Humira,17.22,00:58:53,2,8,163.41
2026-08-20,Humira,13.25,00:59:23,2,8,163.42
2026-08-20,Humira,14.31,00:59:53,2,8,163.43
2026-08-20,Humira,4.89,01:00:23,2,8,0.0
2026-08-20,Humira,12.09,01:00:53,2,8,163.45
2026-08-20,Humira,9.43,01:01:23,2,8,163.46
2026-08-20,Humira,17.04,01:01:53,2,8,163.47
2026-08-20,Humira,4.0,01:02:23,2,8,0.0
2026-08-20,Humira,3.51,01:02:53,2,8,0.0
2026-08-20,Humira,10.36,01:03:23,2,8,163.51
2026-08-20,Humira,3.72,01:03:53,2,8,0.0
2026-08-20,Humira,14.31,01:04:23,2,8,163.53
2026-08-20,Humira,16.5,01:04:53,2,8,163.54
2026-08-20,Humira,14.79,01:05:23,2,8,163.55
2026-08-20,Humira,10.98,01:05:53,2,8,163.56
2026-08-20,Humira,2.95,01:06:23,2,8,0.0
2026-08-20,Humira,11.18,01:06:53,2,8,163.58
2026-08-20,Humira,17.17,01:07:23,2,8,163.59
2026-08-20,Humira,5.19,01:07:53,2,8,0.0
2026-08-20,Humira,10.58,01:08:23,2,8,163.62
2026-08-20,Humira,3.11,01:08:53,2,8,0.0
2026-08-20,Humira,5.01,01:09:23,2,8,0.0
2026-08-20,Humira,15.7,01:09:53,2,8,163.65
2026-08-20,Humira,16.92,01:10:23,2,8,163.66
2026-08-20,Humira,11.61,01:10:53,2,8,163.67
2026-08-20,Humira,4.26,01:11:23,2,8,0.0
2026-08-20,Humira,14.3,01:11:53,2,8,163.69
2026-08-20,Humira,9.27,01:12:23,2,8,163.7
2026-08-20,Humira,13.06,01:12:53,2,8,163.71
2026-08-20,Humira,13.45,01:13:23,2,8,163.72
2026-08-20,Humira,5.39,01:13:53,2,8,0.0
2026-08-20,Humira,9.83,01:14:23,2,8,163.75
2026-08-20,Humira,16.37,01:14:53,2,8,163.76
2026-08-20,Humira,11.77,01:15:23,2,8,163.77
2026-08-20,Humira,11.18,01:15:53,2,8,163.78
2026-08-20,Humira,13.39,01:16:23,2,8,163.79
2026-08-20,Humira,13.16,01:16:53,2,8,163.8
2026-08-20,Humira,16.28,01:17:23,2,8,163.81
2026-08-20,Humira,17.12,01:17:53,2,8,163.82
2026-08-20,Humira,7.32,01:18:23,2,8,0.0
2026-08-20,Humira,7.28,01:18:53,2,8,0.0
2026-08-20,Humira,15.13,01:19:23,2,8,163.85
2026-08-20,Humira,15.22,01:19:53,2,8,163.87
2026-08-20,Humira,16.88,01:20:23,2,8,163.88
2026-08-20,Humira,5.7,01:20:53,2,8,0.0
2026-08-20,Humira,14.67,01:21:23,2,8,163.9
2026-08-20,Humira,11.47,01:21:53,2,8,163.91
2026-08-20,Humira,10.29,01:22:23,2,8,163.92
2026-08-20,Humira,2.58,01:22:53,2,8,0.0
2026-08-20,Humira,4.27,01:23:23,2,8,0.0
2026-08-20,Humira,16.51,01:23:53,2,8,163.95
2026-08-20,Humira,15.5,01:24:23,2,8,163.96
2026-08-20,Humira,14.06,01:24:53,2,8,163.97
2026-08-20,Humira,16.8,01:25:23,2,8,163.98
2026-08-20,Humira,5.09,01:25:53,2,8,0.0
2026-08-20,Humira,14.15,01:26:23,2,8,164.01
2026-08-20,Humira,16.78,01:26:53,2,8,164.02
2026-08-20,Humira,6.68,01:27:23,2,8,0.0
2026-08-20,Humira,15.24,01:27:53,2,8,164.04
2026-08-20,Humira,7.24,01:28:23,2,8,0.0
2026-08-20,Humira,15.81,01:28:53,2,8,164.06
2026-08-20,Humira,12.2,01:29:23,2,8,164.07
2026-08-20,Humira,3.04,01:29:53,2,8,0.0
2026-08-20,Humira,10.23,01:30:23,2,8,164.09
2026-08-20,Humira,13.88,01:30:53,2,8,164.1
2026-08-20,Humira,2.42,01:31:23,2,8,0.0
2026-08-20,Humira,13.55,01:31:53,2,8,164.12
2026-08-20,Humira,11.78,01:32:23,2,8,164.14
2026-08-20,Humira,5.78,01:32:53,2,8,0.0
2026-08-20,Humira,6.46,01:33:23,2,8,0.0
2026-08-20,Humira,12.26,01:33:53,2,8,164.17
2026-08-20,Humira,4.43,01:34:23,2,8,0.0
2026-08-20,Humira,11.57,01:34:53,2,8,164.19
2026-08-20,Humira,6.42,01:35:23,2,8,0.0
2026-08-20,Humira,14.34,01:35:53,2,8,164.21
2026-08-20,Humira,12.27,01:36:23,2,8,164.22
2026-08-20,Humira,9.05,01:36:53,2,8,164.23
2026-08-20,Humira,11.14,01:37:23,2,8,164.24
2026-08-20,Humira,17.13,01:37:53,2,8,164.25
2026-08-20,Humira,7.83,01:38:23,2,8,0.0
2026-08-20,Humira,7.29,01:38:53,2,8,0.0
2026-08-20,Humira,2.01,01:39:23,2,8,0.0
2026-08-20,Humira,9.28,01:39:53,2,8,164.3
2026-08-20,Humira,13.14,01:40:23,2,8,164.31
2026-08-20,Humira,2.46,01:40:53,2,8,0.0
2026-08-20,Humira,10.96,01:41:23,2,8,164.33
2026-08-20,Humira,15.88,01:41:53,2,8,164.34
2026-08-20,Humira,10.61,01:42:23,2,8,164.35
2026-08-20,Humira,16.3,01:42:53,2,8,164.36
2026-08-20,Humira,5.13,01:43:23,2,8,0.0
2026-08-20,Humira,6.52,01:43:53,2,8,0.0
2026-08-20,Humira,11.79,01:44:23,2,8,164.4
2026-08-20,Humira,11.76,01:44:53,2,8,164.41
2026-08-20,Humira,13.92,01:45:23,2,8,164.42
2026-08-20,Humira,7.09,01:45:53,2,8,0.0
2026-08-20,Humira,14.4,01:46:23,2,8,164.44
2026-08-20,Humira,13.92,01:46:53,2,8,164.45
2026-08-20,Humira,6.94,01:47:23,2,8,0.0
2026-08-20,Humira,4.15,01:47:53,2,8,0.0
2026-08-20,Humira,9.58,01:48:23,2,8,164.48
2026-08-20,Humira,12.03,01:48:53,2,8,164.49
2026-08-20,Humira,12.42,01:49:23,2,8,164.5
2026-08-20,Humira,12.81,01:49:53,2,8,164.52
2026-08-20,Humira,16.12,01:50:23,2,8,164.53
2026-08-20,Humira,6.05,01:50:53,2,8,0.0
2026-08-20,Humira,11.76,01:51:23,2,8,164.55
2026-08-20,Humira,13.07,01:51:53,2,8,164.56
2026-08-20,Humira,2.05,01:52:23,2,8,0.0
2026-08-20,Humira,2.2,01:52:53,2,8,0.0
2026-08-20,Humira,13.5,01:53:23,2,8,164.59
2026-08-20,Humira,12.17,01:53:53,2,8,164.6
2026-08-20,Humira,5.82,01:54:23,2,8,0.0
2026-08-20,Humira,3.5,01:54:53,2,8,0.0
2026-08-20,Humira,15.5,01:55:23,2,8,164.63
2026-08-20,Humira,2.47,01:55:53,2,8,0.0
2026-08-20,Humira,9.72,01:56:23,2,8,164.66
2026-08-20,Humira,4.61,01:56:53,2,8,0.0
2026-08-20,Humira,2.31,01:57:23,2,8,0.0
2026-08-20,Humira,14.39,01:57:53,2,8,164.69
2026-08-20,Humira,17.88,01:58:23,2,8,164.7
2026-08-20,Humira,11.84,01:58:53,2,8,164.71
2026-08-20,Humira,5.45,01:59:23,2,8,0.0
2026-08-20,Humira,9.65,01:59:53,2,8,164.73
2026-08-20,Humira,11.35,02:00:23,2,8,164.74
2026-08-20,Humira,4.81,02:00:53,2,8,0.0
2026-08-20,Humira,12.63,02:01:23,2,8,164.76
2026-08-20,Humira,14.93,02:01:53,2,8,164.78
2026-08-20,Humira,12.19,02:02:23,2,8,164.79
2026-08-20,Humira,10.21,02:02:53,2,8,164.8
2026-08-20,Humira,7.69,02:03:23,2,8,0.0
2026-08-20,Humira,15.26,02:03:53,2,8,164.82
2026-08-20,Humira,5.85,02:04:23,2,8,0.0
2026-08-20,Humira,10.67,02:04:53,2,8,164.84
2026-08-20,Humira,9.13,02:05:23,2,8,164.85
2026-08-20,Humira,9.38,02:05:53,2,8,164.86
2026-08-20,Humira,14.18,02:06:23,2,8,164.87
2026-08-20,Humira,15.4,02:06:53,2,8,164.88
2026-08-20,Humira,10.63,02:07:23,2,8,164.89
2026-08-20,Humira,13.22,02:07:53,2,8,164.91
2026-08-20,Humira,11.91,02:08:23,2,8,164.92
2026-08-20,Humira,3.61,02:08:53,2,8,0.0
2026-08-20,Humira,14.71,02:09:23,2,8,164.94
2026-08-20,Humira,12.44,02:09:53,2,8,164.95
2026-08-20,Humira,2.18,02:10:23,2,8,0.0
2026-08-20,Humira,7.53,02:10:53,2,8,0.0
2026-08-20,Humira,11.23,02:11:23,2,8,164.98
2026-08-20,Humira,10.68,02:11:53,2,8,164.99
2026-08-20,Humira,16.82,02:12:23,2,8,165.0
2026-08-20,Humira,11.0,02:12:53,2,8,165.01
2026-08-20,Humira,4.85,02:13:23,2,8,0.0
2026-08-20,Humira,17.24,02:13:53,2,8,165.03
2026-08-20,Humira,3.53,02:14:23,2,8,0.0
2026-08-20,Humira,14.47,02:14:53,2,8,165.06
2026-08-20,Humira,15.58,02:15:23,2,8,165.07
2026-08-20,Humira,13.84,02:15:53,2,8,165.08
2026-08-20,Humira,3.38,02:16:23,2,8,0.0
2026-08-20,Humira,4.72,02:16:53,2,8,0.0
2026-08-20,Humira,9.36,02:17:23,2,8,165.11
2026-08-20,Humira,9.64,02:17:53,2,8,165.12
2026-08-20,Humira,15.73,02:18:23,2,8,165.13
2026-08-20,Humira,9.74,02:18:53,2,8,165.14
2026-08-20,Humira,4.86,02:19:23,2,8,0.0
2026-08-20,Humira,12.75,02:19:53,2,8,165.16
2026-08-20,Humira,2.13,02:20:23,2,8,0.0
2026-08-20,Humira,7.29,02:20:53,2,8,0.0
2026-08-20,Humira,2.3,02:21:23,2,8,0.0
2026-08-20,Humira,17.54,02:21:53,2,8,165.21
2026-08-20,Humira,10.31,02:22:23,2,8,165.22
2026-08-20,Humira,6.4,02:22:53,2,8,0.0
2026-08-20,Humira,7.75,02:23:23,2,8,0.0
2026-08-20,Humira,5.77,02:23:53,2,8,0.0
2026-08-20,Humira,11.42,02:24:23,2,8,165.26
2026-08-20,Humira,15.62,02:24:53,2,8,165.27
2026-08-20,Humira,9.05,02:25:23,2,8,165.28
2026-08-20,Humira,11.96,02:25:53,2,8,165.3
2026-08-20,Humira,17.53,02:26:23,2,8,165.31
2026-08-20,Humira,2.54,02:26:53,2,8,0.0
2026-08-20,Humira,10.39,02:27:23,2,8,165.33
2026-08-20,Humira,16.47,02:27:53,2,8,165.34
2026-08-20,Humira,10.74,02:28:23,2,8,165.35
2026-08-20,Humira,15.17,02:28:53,2,8,165.36
2026-08-20,Humira,11.1,02:29:23,2,8,165.37
2026-08-20,Humira,17.19,02:29:53,2,8,165.38
2026-08-20,Humira,2.91,02:30:23,2,8,0.0
2026-08-20,Humira,12.22,02:30:53,2,8,165.4
2026-08-20,Humira,3.34,02:31:23,2,8,0.0
2026-08-20,Humira,17.67,02:31:53,2,8,165.43
2026-08-20,Humira,13.43,02:32:23,2,8,165.44
2026-08-20,Humira,14.47,02:32:53,2,8,165.45
2026-08-20,Humira,15.32,02:33:23,2,8,165.46
2026-08-20,Humira,14.73,02:33:53,2,8,165.47
2026-08-20,Humira,4.66,02:34:23,2,8,0.0
2026-08-20,Humira,7.37,02:34:53,2,8,0.0
2026-08-20,Humira,7.7,02:35:23,2,8,0.0
2026-08-20,Humira,7.66,02:35:53,2,8,0.0
2026-08-20,Humira,4.78,02:36:23,2,8,0.0
2026-08-20,Humira,16.41,02:36:53,2,8,165.53
2026-08-20,Humira,17.94,02:37:23,2,8,165.54
2026-08-20,Humira,16.32,02:37:53,2,8,165.56
2026-08-20,Humira,14.84,02:38:23,2,8,165.57
2026-08-20,Humira,9.8,02:38:53,2,8,165.58
2026-08-20,Humira,10.48,02:39:23,2,8,165.59
2026-08-20,Humira,2.91,02:39:53,2,8,0.0
2026-08-20,Humira,7.32,02:40:23,2,8,0.0
2026-08-20,Humira,10.63,02:40:53,2,8,165.62
2026-08-20,Humira,15.89,02:41:23,2,8,165.63
2026-08-20,Humira,5.92,02:41:53,2,8,0.0
2026-08-20,Humira,15.93,02:42:23,2,8,165.65
2026-08-20,Humira,2.96,02:42:53,2,8,0.0
2026-08-20,Humira,9.39,02:43:23,2,8,165.67
2026-08-20,Humira,12.54,02:43:53,2,8,165.69
2026-08-20,Humira,6.2,02:44:23,2,8,0.0
2026-08-20,Humira,6.32,02:44:53,2,8,0.0
2026-08-20,Humira,4.03,02:45:23,2,8,0.0
2026-08-20,Humira,7.18,02:45:53,2,8,0.0
2026-08-20,Humira,6.82,02:46:23,2,8,0.0
2026-08-20,Humira,5.26,02:46:53,2,8,0.0
2026-08-20,Humira,13.52,02:47:23,2,8,165.76
2026-08-20,Humira,17.15,02:47:53,2,8,165.77
2026-08-20,Humira,16.21,02:48:23,2,8,165.78
2026-08-20,Humira,16.2,02:48:53,2,8,165.79
2026-08-20,Humira,12.61,02:49:23,2,8,165.8
2026-08-20,Humira,2.36,02:49:53,2,8,0.0
2026-08-20,Humira,15.95,02:50:23,2,8,165.83
2026-08-20,Humira,11.69,02:50:53,2,8,165.84
2026-08-20,Humira,16.18,02:51:23,2,8,165.85
2026-08-20,Humira,2.23,02:51:53,2,8,0.0
2026-08-20,Humira,10.03,02:52:23,2,8,165.87
2026-08-20,Humira,5.76,02:52:53,2,8,0.0
2026-08-20,Humira,6.9,02:53:23,2,8,0.0
2026-08-20,Humira,6.71,02:53:53,2,8,0.0
2026-08-20,Humira,14.22,02:54:23,2,8,165.91
2026-08-20,Humira,6.02,02:54:53,2,8,0.0
2026-08-20,Humira,15.0,02:55:23,2,8,165.93
2026-08-20,Humira,10.51,02:55:53,2,8,165.95
2026-08-20,Humira,12.05,02:56:23,2,8,165.96
2026-08-20,Humira,4.39,02:56:53,2,8,0.0
2026-08-20,Humira,15.26,02:57:23,2,8,165.98
2026-08-20,Humira,12.69,02:57:53,2,8,165.99
2026-08-20,Humira,13.92,02:58:23,2,8,166.0
2026-08-20,Humira,4.08,02:58:53,2,8,0.0
2026-08-20,Humira,16.6,02:59:23,2,8,166.02
2026-08-20,Humira,13.12,02:59:53,2,8,166.03
2026-08-20,Humira,6.41,03:00:23,2,8,0.0
2026-08-20,Humira,3.87,03:00:53,2,8,0.0
2026-08-20,Humira,10.43,03:01:23,2,8,166.06
2026-08-20,Humira,13.73,03:01:53,2,8,166.08
2026-08-20,Humira,7.93,03:02:23,2,8,0.0
2026-08-20,Humira,9.51,03:02:53,2,8,166.1
2026-08-20,Humira,3.76,03:03:23,2,8,0.0
2026-08-20,Humira,16.45,03:03:53,2,8,166.12
2026-08-20,Humira,10.75,03:04:23,2,8,166.13
2026-08-20,Humira,12.22,03:04:53,2,8,166.14
2026-08-20,Humira,6.81,03:05:23,2,8,0.0
2026-08-20,Humira,15.35,03:05:53,2,8,166.16
2026-08-20,Humira,11.67,03:06:23,2,8,166.17
2026-08-20,Humira,2.54,03:06:53,2,8,0.0
2026-08-20,Humira,14.82,03:07:23,2,8,166.19
2026-08-20,Humira,14.77,03:07:53,2,8,166.2
2026-08-20,Humira,15.22,03:08:23,2,8,166.22
2026-08-20,Humira,6.39,03:08:53,2,8,0.0
2026-08-20,Humira,6.25,03:09:23,2,8,0.0
2026-08-20,Humira,9.43,03:09:53,2,8,166.25
2026-08-20,Humira,9.66,03:10:23,2,8,166.26
2026-08-20,Humira,17.93,03:10:53,2,8,166.27
2026-08-20,Humira,7.26,03:11:23,2,8,0.0
2026-08-20,Humira,11.14,03:11:53,2,8,166.29
2026-08-20,Humira,16.8,03:12:23,2,8,166.3
2026-08-20,Humira,2.28,03:12:53,2,8,0.0
2026-08-20,Humira,9.96,03:13:23,2,8,166.32
2026-08-20,Humira,5.31,03:13:53,2,8,0.0
2026-08-20,Humira,10.03,03:14:23,2,8,166.35
2026-08-20,Humira,15.15,03:14:53,2,8,166.36
2026-08-20,Humira,16.86,03:15:23,2,8,166.37
2026-08-20,Humira,4.7,03:15:53,2,8,0.0
2026-08-20,Humira,13.5,03:16:23,2,8,166.39
2026-08-20,Humira,10.88,03:16:53,2,8,166.4
2026-08-20,Humira,4.64,03:17:23,2,8,0.0
2026-08-20,Humira,5.34,03:17:53,2,8,0.0
2026-08-20,Humira,2.01,03:18:23,2,8,0.0
2026-08-20,Humira,10.21,03:18:53,2,8,166.44
2026-08-20,Humira,12.3,03:19:23,2,8,166.45
2026-08-20,Humira,5.92,03:19:53,2,8,0.0
2026-08-20,Humira,10.65,03:20:23,2,8,166.48
2026-08-20,Humira,17.59,03:20:53,2,8,166.49
2026-08-20,Humira,16.45,03:21:23,2,8,166.5
2026-08-20,Humira,9.55,03:21:53,2,8,166.51
2026-08-20,Humira,4.1,03:22:23,2,8,0.0
2026-08-20,Humira,10.32,03:22:53,2,8,166.53
2026-08-20,Humira,13.08,03:23:23,2,8,166.54
2026-08-20,Humira,14.12,03:23:53,2,8,166.55
2026-08-20,Humira,3.07,03:24:23,2,8,0.0
2026-08-20,Humira,7.51,03:24:53,2,8,0.0
2026-08-20,Humira,7.3,03:25:23,2,8,0.0
2026-08-20,Humira,14.32,03:25:53,2,8,166.6
2026-08-20,Humira,2.51,03:26:23,2,8,0.0
2026-08-20,Humira,4.32,03:26:53,2,8,0.0
2026-08-20,Humira,11.87,03:27:23,2,8,166.63
2026-08-20,Humira,13.68,03:27:53,2,8,166.64
2026-08-20,Humira,16.21,03:28:23,2,8,166.65
2026-08-20,Humira,9.93,03:28:53,2,8,166.66
2026-08-20,Humira,5.28,03:29:23,2,8,0.0
2026-08-20,Humira,10.34,03:29:53,2,8,166.68
2026-08-20,Humira,17.44,03:30:23,2,8,166.69
2026-08-20,Humira,17.53,03:30:53,2,8,166.7
2026-08-20,Humira,13.97,03:31:23,2,8,166.71
2026-08-20,Humira,9.22,03:31:53,2,8,166.72
2026-08-20,Humira,12.82,03:32:23,2,8,166.74
2026-08-20,Humira,6.17,03:32:53,2,8,0.0
2026-08-20,Humira,6.74,03:33:23,2,8,0.0
2026-08-20,Humira,2.69,03:33:53,2,8,0.0
2026-08-20,Humira,10.76,03:34:23,2,8,166.78
2026-08-20,Humira,15.77,03:34:53,2,8,166.79
2026-08-20,Humira,10.45,03:35:23,2,8,166.8
2026-08-20,Humira,11.08,03:35:53,2,8,166.81
2026-08-20,Humira,10.69,03:36:23,2,8,166.82
2026-08-20,Humira,11.89,03:36:53,2,8,166.83
2026-08-20,Humira,4.56,03:37:23,2,8,0.0
2026-08-20,Humira,6.27,03:37:53,2,8,0.0
2026-08-20,Humira,13.46,03:38:23,2,8,166.87
2026-08-20,Humira,2.89,03:38:53,2,8,0.0
2026-08-20,Humira,17.85,03:39:23,2,8,166.89
2026-08-20,Humira,10.63,03:39:53,2,8,166.9
2026-08-20,Humira,9.57,03:40:23,2,8,166.91
2026-08-20,Humira,6.15,03:40:53,2,8,0.0
2026-08-20,Humira,11.8,03:41:23,2,8,166.93
2026-08-20,Humira,6.18,03:41:53,2,8,0.0
2026-08-20,Humira,5.16,03:42:23,2,8,0.0
2026-08-20,Humira,7.26,03:42:53,2,8,0.0
2026-08-20,Humira,9.03,03:43:23,2,8,166.97
2026-08-20,Humira,4.36,03:43:53,2,8,0.0
2026-08-20,Humira,17.49,03:44:23,2,8,167.0
2026-08-20,Humira,14.48,03:44:53,2,8,167.01
2026-08-20,Humira,16.63,03:45:23,2,8,167.02
2026-08-20,Humira,14.58,03:45:53,2,8,167.03
2026-08-20,Humira,12.83,03:46:23,2,8,167.04
2026-08-20,Humira,12.72,03:46:53,2,8,167.05
2026-08-20,Humira,13.02,03:47:23,2,8,167.06
2026-08-20,Humira,10.74,03:47:53,2,8,167.07
2026-08-20,Humira,7.14,03:48:23,2,8,0.0
2026-08-20,Humira,2.14,03:48:53,2,8,0.0
2026-08-20,Humira,12.39,03:49:23,2,8,167.1
2026-08-20,Humira,6.4,03:49:53,2,8,0.0
2026-08-20,Humira,16.52,03:50:23,2,8,167.13
2026-08-20,Humira,10.98,03:50:53,2,8,167.14
2026-08-20,Humira,5.46,03:51:23,2,8,0.0
2026-08-20,Humira,15.44,03:51:53,2,8,167.16
2026-08-20,Humira,15.63,03:52:23,2,8,167.17
2026-08-20,Humira,11.88,03:52:53,2,8,167.18
2026-08-20,Humira,10.33,03:53:23,2,8,167.19
2026-08-20,Humira,14.29,03:53:53,2,8,167.2
2026-08-20,Humira,16.94,03:54:23,2,8,167.21
2026-08-20,Humira,5.29,03:54:53,2,8,0.0
2026-08-20,Humira,9.43,03:55:23,2,8,167.23
2026-08-20,Humira,17.08,03:55:53,2,8,167.25
2026-08-20,Humira,17.25,03:56:23,2,8,167.26
2026-08-20,Humira,5.59,03:56:53,2,8,0.0
2026-08-20,Humira,12.84,03:57:23,2,8,167.28
2026-08-20,Humira,3.84,03:57:53,2,8,0.0
2026-08-20,Humira,17.75,03:58:23,2,8,167.3
2026-08-20,Humira,14.01,03:58:53,2,8,167.31
2026-08-20,Humira,6.56,03:59:23,2,8,0.0
2026-08-20,Humira,15.7,03:59:53,2,8,167.33
2026-08-20,Humira,13.98,04:00:23,2,8,167.34
2026-08-20,Humira,11.03,04:00:53,2,8,167.35
2026-08-20,Humira,16.79,04:01:23,2,8,167.36
2026-08-20,Humira,3.72,04:01:53,2,8,0.0
2026-08-20,Humira,7.52,04:02:23,2,8,0.0
2026-08-20,Humira,3.18,04:02:53,2,8,0.0
2026-08-20,Humira,10.33,04:03:23,2,8,167.41
2026-08-20,Humira,3.62,04:03:53,2,8,0.0
2026-08-20,Humira,14.63,04:04:23,2,8,167.43
2026-08-20,Humira,4.79,04:04:53,2,8,0.0
2026-08-20,Humira,13.63,04:05:23,2,8,167.45
2026-08-20,Humira,3.07,04:05:53,2,8,0.0
2026-08-20,Humira,13.43,04:06:23,2,8,167.47
2026-08-20,Humira,14.11,04:06:53,2,8,167.48
2026-08-20,Humira,15.74,04:07:23,2,8,167.49
2026-08-20,Humira,15.13,04:07:53,2,8,167.5
2026-08-20,Humira,2.62,04:08:23,2,8,0.0
2026-08-20,Humira,11.08,04:08:53,2,8,167.53
2026-08-20,Humira,16.36,04:09:23,2,8,167.54
2026-08-20,Humira,11.71,04:09:53,2,8,167.55
2026-08-20,Humira,9.44,04:10:23,2,8,167.56
2026-08-20,Humira,7.28,04:10:53,2,8,0.0
2026-08-20,Humira,6.07,04:11:23,2,8,0.0
2026-08-20,Humira,5.66,04:11:53,2,8,0.0
2026-08-20,Humira,10.54,04:12:23,2,8,167.6
2026-08-20,Humira,13.66,04:12:53,2,8,167.61
2026-08-20,Humira,16.44,04:13:23,2,8,167.62
2026-08-20,Humira,4.46,04:13:53,2,8,0.0
2026-08-20,Humira,2.4,04:14:23,2,8,0.0
2026-08-20,Humira,2.98,04:14:53,2,8,0.0
2026-08-20,Humira,9.88,04:15:23,2,8,167.67
2026-08-20,Humira,3.19,04:15:53,2,8,0.0
2026-08-20,Humira,13.75,04:16:23,2,8,167.69
2026-08-20,Humira,5.77,04:16:53,2,8,0.0
2026-08-20,Humira,13.84,04:17:23,2,8,167.71
2026-08-20,Humira,15.7,04:17:53,2,8,167.72
2026-08-20,Humira,6.84,04:18:23,2,8,0.0
2026-08-20,Humira,14.25,04:18:53,2,8,167.74
2026-08-20,Humira,14.7,04:19:23,2,8,167.75
2026-08-20,Humira,5.28,04:19:53,2,8,0.0
2026-08-20,Humira,15.71,04:20:23,2,8,167.78
2026-08-20,Humira,5.14,04:20:53,2,8,0.0
2026-08-20,Humira,2.59,04:21:23,2,8,0.0
2026-08-20,Humira,14.26,04:21:53,2,8,167.81
2026-08-20,Humira,11.27,04:22:23,2,8,167.82
2026-08-20,Humira,2.27,04:22:53,2,8,0.0
2026-08-20,Humira,17.01,04:23:23,2,8,167.84
2026-08-20,Humira,4.82,04:23:53,2,8,0.0
2026-08-20,Humira,13.87,04:24:23,2,8,167.86
2026-08-20,Humira,2.56,04:24:53,2,8,0.0
2026-08-20,Humira,11.26,04:25:23,2,8,167.88
2026-08-20,Humira,5.33,04:25:53,2,8,0.0
2026-08-20,Humira,11.86,04:26:23,2,8,167.91
2026-08-20,Humira,5.67,04:26:53,2,8,0.0
2026-08-20,Humira,9.45,04:27:23,2,8,167.93
2026-08-20,Humira,13.23,04:27:53,2,8,167.94
2026-08-20,Humira,10.36,04:28:23,2,8,167.95
2026-08-20,Humira,11.77,04:28:53,2,8,167.96
2026-08-20,Humira,5.81,04:29:23,2,8,0.0
2026-08-20,Humira,16.39,04:29:53,2,8,167.98
2026-08-20,Humira,15.05,04:30:23,2,8,167.99
2026-08-20,Humira,6.35,04:30:53,2,8,0.0
2026-08-20,Humira,15.95,04:31:23,2,8,168.01
2026-08-20,Humira,11.15,04:31:53,2,8,168.03
2026-08-20,Humira,16.48,04:32:23,2,8,168.04
2026-08-20,Humira,2.77,04:32:53,2,8,0.0
2026-08-20,Humira,11.32,04:33:23,2,8,168.06
2026-08-20,Humira,7.07,04:33:53,2,8,0.0
2026-08-20,Humira,10.91,04:34:23,2,8,168.08
2026-08-20,Humira,17.86,04:34:53,2,8,168.09
2026-08-20,Humira,4.24,04:35:23,2,8,0.0
2026-08-20,Humira,14.01,04:35:53,2,8,168.11
2026-08-20,Humira,6.48,04:36:23,2,8,0.0
2026-08-20,Humira,3.45,04:36:53,2,8,0.0
2026-08-20,Humira,6.32,04:37:23,2,8,0.0
2026-08-20,Humira,16.81,04:37:53,2,8,168.16
2026-08-20,Humira,17.26,04:38:23,2,8,168.17
2026-08-20,Humira,16.72,04:38:53,2,8,168.18
2026-08-20,Humira,12.19,04:39:23,2,8,168.19
2026-08-20,Humira,4.94,04:39:53,2,8,0.0
2026-08-20,Humira,13.75,04:40:23,2,8,168.21
2026-08-20,Humira,12.25,04:40:53,2,8,168.22
2026-08-20,Humira,3.71,04:41:23,2,8,0.0
2026-08-20,Humira,16.29,04:41:53,2,8,168.24
2026-08-20,Humira,12.31,04:42:23,2,8,168.25
2026-08-20,Humira,2.75,04:42:53,2,8,0.0
2026-08-20,Humira,6.69,04:43:23,2,8,0.0
2026-08-20,Humira,14.54,04:43:53,2,8,168.28
2026-08-20,Humira,5.01,04:44:23,2,8,0.0
2026-08-20,Humira,13.56,04:44:53,2,8,168.31
2026-08-20,Humira,2.26,04:45:23,2,8,0.0
2026-08-20,Humira,17.03,04:45:53,2,8,168.33
2026-08-20,Humira,6.14,04:46:23,2,8,0.0
2026-08-20,Humira,12.23,04:46:53,2,8,168.35
2026-08-20,Humira,14.9,04:47:23,2,8,168.36
2026-08-20,Humira,17.46,04:47:53,2,8,168.37
2026-08-20,Humira,10.75,04:48:23,2,8,168.38
2026-08-20,Humira,3.69,04:48:53,2,8,0.0
2026-08-20,Humira,4.34,04:49:23,2,8,0.0
2026-08-20,Humira,5.94,04:49:53,2,8,0.0
2026-08-20,Humira,16.69,04:50:23,2,8,168.43
2026-08-20,Humira,16.74,04:50:53,2,8,168.44
2026-08-20,Humira,13.64,04:51:23,2,8,168.45
2026-08-20,Humira,11.02,04:51:53,2,8,168.46
2026-08-20,Humira,14.35,04:52:23,2,8,168.47
2026-08-20,Humira,7.44,04:52:53,2,8,0.0
2026-08-20,Humira,10.01,04:53:23,2,8,168.49
2026-08-20,Humira,9.48,04:53:53,2,8,168.5
2026-08-20,Humira,7.52,04:54:23,2,8,0.0
2026-08-20,Humira,2.69,04:54:53,2,8,0.0
2026-08-20,Humira,7.06,04:55:23,2,8,0.0
2026-08-20,Humira,15.26,04:55:53,2,8,168.55
2026-08-20,Humira,17.42,04:56:23,2,8,168.56
2026-08-20,Humira,14.21,04:56:53,2,8,168.57
2026-08-20,Humira,15.29,04:57:23,2,8,168.58
2026-08-20,Humira,14.04,04:57:53,2,8,168.59
2026-08-20,Humira,11.78,04:58:23,2,8,168.6
2026-08-20,Humira,3.29,04:58:53,2,8,0.0
2026-08-20,Humira,12.42,04:59:23,2,8,168.62
2026-08-20,Humira,12.58,04:59:53,2,8,168.63
2026-08-20,Humira,13.68,05:00:23,2,8,168.64
2026-08-20,Humira,12.12,05:00:53,2,8,168.65
2026-08-20,Humira,6.95,05:01:23,2,8,0.0
2026-08-20,Humira,11.99,05:01:53,2,8,168.68
2026-08-20,Humira,17.33,05:02:23,2,8,168.69
2026-08-20,Humira,5.76,05:02:53,2,8,0.0
2026-08-20,Humira,14.55,05:03:23,2,8,168.71
2026-08-20,Humira,17.62,05:03:53,2,8,168.72
2026-08-20,Humira,13.72,05:04:23,2,8,168.73
2026-08-20,Humira,16.76,05:04:53,2,8,168.74
2026-08-20,Humira,14.26,05:05:23,2,8,168.75
2026-08-20,Humira,7.08,05:05:53,2,8,0.0
2026-08-20,Humira,14.36,05:06:23,2,8,168.77
2026-08-20,Humira,7.31,05:06:53,2,8,0.0
2026-08-20,Humira,15.9,05:07:23,2,8,168.79
2026-08-20,Humira,15.29,05:07:53,2,8,168.81
2026-08-20,Humira,5.88,05:08:23,2,8,0.0
2026-08-20,Humira,16.88,05:08:53,2,8,168.83
2026-08-20,Humira,14.47,05:09:23,2,8,168.84
2026-08-20,Humira,7.1,05:09:53,2,8,0.0
2026-08-20,Humira,15.07,05:10:23,2,8,168.86
2026-08-20,Humira,16.32,05:10:53,2,8,168.87
2026-08-20,Humira,5.12,05:11:23,2,8,0.0
2026-08-20,Humira,5.14,05:11:53,2,8,0.0
2026-08-20,Humira,3.9,05:12:23,2,8,0.0
2026-08-20,Humira,15.42,05:12:53,2,8,168.91
2026-08-20,Humira,3.32,05:13:23,2,8,0.0
2026-08-20,Humira,3.58,05:13:53,2,8,0.0
2026-08-20,Humira,5.51,05:14:23,2,8,0.0
2026-08-20,Humira,7.45,05:14:53,2,8,0.0
2026-08-20,Humira,9.62,05:15:23,2,8,168.97
2026-08-20,Humira,14.78,05:15:53,2,8,168.98
2026-08-20,Humira,11.87,05:16:23,2,8,168.99
2026-08-20,Humira,15.47,05:16:53,2,8,169.0
2026-08-20,Humira,5.9,05:17:23,2,8,0.0
2026-08-20,Humira,13.79,05:17:53,2,8,169.02
2026-08-20,Humira,5.22,05:18:23,2,8,0.0
2026-08-20,Humira,2.21,05:18:53,2,8,0.0
2026-08-20,Humira,5.22,05:19:23,2,8,0.0
2026-08-20,Humira,2.95,05:19:53,2,8,0.0
2026-08-20,Humira,2.88,05:20:23,2,8,0.0
2026-08-20,Humira,6.5,05:20:53,2,8,0.0
2026-08-20,Humira,17.93,05:21:23,2,8,169.1
2026-08-20,Humira,16.18,05:21:53,2,8,169.11
2026-08-20,Humira,12.95,05:22:23,2,8,169.12
2026-08-20,Humira,13.36,05:22:53,2,8,169.13
2026-08-20,Humira,9.73,05:23:23,2,8,169.14
2026-08-20,Humira,13.59,05:23:53,2,8,169.15
2026-08-20,Humira,12.78,05:24:23,2,8,169.16
2026-08-20,Humira,12.1,05:24:53,2,8,169.17
2026-08-20,Humira,10.29,05:25:23,2,8,169.18
2026-08-20,Humira,17.96,05:25:53,2,8,169.2
2026-08-20,Humira,12.35,05:26:23,2,8,169.21
2026-08-20,Humira,13.65,05:26:53,2,8,169.22
2026-08-20,Humira,3.26,05:27:23,2,8,0.0
2026-08-20,Humira,5.41,05:27:53,2,8,0.0
2026-08-20,Humira,10.63,05:28:23,2,8,169.25
2026-08-20,Humira,5.96,05:28:53,2,8,0.0
2026-08-20,Humira,17.82,05:29:23,2,8,169.27
2026-08-20,Humira,5.63,05:29:53,2,8,0.0
2026-08-20,Humira,15.91,05:30:23,2,8,169.29
2026-08-20,Humira,17.71,05:30:53,2,8,169.3
2026-08-20,Humira,13.87,05:31:23,2,8,169.31
2026-08-20,Humira,13.98,05:31:53,2,8,169.33
2026-08-20,Humira,9.2,05:32:23,2,8,169.34
2026-08-20,Humira,7.88,05:32:53,2,8,0.0
2026-08-20,Humira,3.4,05:33:23,2,8,0.0
2026-08-20,Humira,10.22,05:33:53,2,8,169.37
2026-08-20,Humira,12.65,05:34:23,2,8,169.38
2026-08-20,Humira,17.43,05:34:53,2,8,169.39
2026-08-20,Humira,10.06,05:35:23,2,8,169.4
2026-08-20,Humira,15.49,05:35:53,2,8,169.41
2026-08-20,Humira,14.41,05:36:23,2,8,169.42
2026-08-20,Humira,11.32,05:36:53,2,8,169.43
2026-08-20,Humira,9.72,05:37:23,2,8,169.44
2026-08-20,Humira,9.44,05:37:53,2,8,169.46
2026-08-20,Humira,13.31,05:38:23,2,8,169.47
2026-08-20,Humira,12.56,05:38:53,2,8,169.48
2026-08-20,Humira,13.31,05:39:23,2,8,169.49
2026-08-20,Humira,9.61,05:39:53,2,8,169.5
2026-08-20,Humira,16.9,05:40:23,2,8,169.51
2026-08-20,Humira,7.82,05:40:53,2,8,0.0
2026-08-20,Humira,17.32,05:41:23,2,8,169.53
2026-08-20,Humira,5.9,05:41:53,2,8,0.0
2026-08-20,Humira,16.74,05:42:23,2,8,169.55
2026-08-20,Humira,15.4,05:42:53,2,8,169.56
2026-08-20,Humira,4.45,05:43:23,2,8,0.0
2026-08-20,Humira,16.42,05:43:53,2,8,169.58
2026-08-20,Humira,14.85,05:44:23,2,8,169.6
2026-08-20,Humira,17.94,05:44:53,2,8,169.61
2026-08-20,Humira,6.05,05:45:23,2,8,0.0
2026-08-20,Humira,10.86,05:45:53,2,8,169.63
2026-08-20,Humira,9.1,05:46:23,2,8,169.64
2026-08-20,Humira,17.62,05:46:53,2,8,169.65
2026-08-20,Humira,4.87,05:47:23,2,8,0.0
2026-08-20,Humira,3.69,05:47:53,2,8,0.0
2026-08-20,Humira,16.03,05:48:23,2,8,169.68
2026-08-20,Humira,6.31,05:48:53,2,8,0.0
2026-08-20,Humira,5.27,05:49:23,2,8,0.0
2026-08-20,Humira,17.84,05:49:53,2,8,169.72
2026-08-20,Humira,12.15,05:50:23,2,8,169.73
2026-08-20,Humira,17.55,05:50:53,2,8,169.74
2026-08-20,Humira,10.41,05:51:23,2,8,169.75
2026-08-20,Humira,7.88,05:51:53,2,8,0.0
2026-08-20,Humira,17.39,05:52:23,2,8,169.77
2026-08-20,Humira,17.94,05:52:53,2,8,169.78
2026-08-20,Humira,7.44,05:53:23,2,8,0.0
2026-08-20,Humira,15.85,05:53:53,2,8,169.8
2026-08-20,Humira,10.11,05:54:23,2,8,169.81
2026-08-20,Humira,5.96,05:54:53,2,8,0.0
2026-08-20,Humira,4.33,05:55:23,2,8,0.0
2026-08-20,Humira,2.21,05:55:53,2,8,0.0
2026-08-20,Humira,13.91,05:56:23,2,8,169.86
2026-08-20,Humira,11.01,05:56:53,2,8,169.87
2026-08-20,Humira,12.99,05:57:23,2,8,169.88
2026-08-20,Humira,6.03,05:57:53,2,8,0.0
2026-08-20,Humira,13.76,05:58:23,2,8,169.9
2026-08-20,Humira,10.16,05:58:53,2,8,169.91
2026-08-20,Humira,4.65,05:59:23,2,8,0.0
2026-08-20,Humira,15.67,05:59:53,2,8,169.93
2026-08-20,Humira,11.51,06:00:23,2,8,169.94
2026-08-20,Humira,10.99,06:00:53,2,8,169.95
2026-08-20,Humira,16.96,06:01:23,2,8,169.96
2026-08-20,Humira,10.28,06:01:53,2,8,169.97
2026-08-20,Humira,10.65,06:02:23,2,8,169.99
2026-08-20,Humira,6.98,06:02:53,2,8,0.0
2026-08-20,Humira,17.2,06:03:23,2,8,170.01
2026-08-20,Humira,12.26,06:03:53,2,8,170.02
2026-08-20,Humira,7.7,06:04:23,2,8,0.0
2026-08-20,Humira,2.55,06:04:53,2,8,0.0
2026-08-20,Humira,9.75,06:05:23,2,8,170.05
2026-08-20,Humira,5.25,06:05:53,2,8,0.0
2026-08-20,Humira,13.6,06:06:23,2,8,170.07
2026-08-20,Humira,10.77,06:06:53,2,8,170.08
2026-08-20,Humira,6.97,06:07:23,2,8,0.0
2026-08-20,Humira,14.25,06:07:53,2,8,170.1
2026-08-20,Humira,11.78,06:08:23,2,8,170.12
2026-08-20,Humira,10.28,06:08:53,2,8,170.13
2026-08-20,Humira,3.34,06:09:23,2,8,0.0
2026-08-20,Humira,2.22,06:09:53,2,8,0.0
2026-08-20,Humira,14.53,06:10:23,2,8,170.16
2026-08-20,Humira,11.64,06:10:53,2,8,170.17
2026-08-20,Humira,7.39,06:11:23,2,8,0.0
2026-08-20,Humira,2.28,06:11:53,2,8,0.0
2026-08-20,Humira,14.9,06:12:23,2,8,170.2
2026-08-20,Humira,17.17,06:12:53,2,8,170.21
2026-08-20,Humira,12.74,06:13:23,2,8,170.22
2026-08-20,Humira,11.01,06:13:53,2,8,170.23
2026-08-20,Humira,15.87,06:14:23,2,8,170.25
2026-08-20,Humira,7.1,06:14:53,2,8,0.0
2026-08-20,Humira,12.44,06:15:23,2,8,170.27
2026-08-20,Humira,4.33,06:15:53,2,8,0.0
2026-08-20,Humira,17.48,06:16:23,2,8,170.29
2026-08-20,Humira,4.51,06:16:53,2,8,0.0
2026-08-20,Humira,12.93,06:17:23,2,8,170.31
2026-08-20,Humira,3.36,06:17:53,2,8,0.0
2026-08-20,Humira,5.18,06:18:23,2,8,0.0
2026-08-20,Humira,3.19,06:18:53,2,8,0.0
2026-08-20,Humira,13.0,06:19:23,2,8,170.35
2026-08-20,Humira,11.46,06:19:53,2,8,170.37
2026-08-20,Humira,15.99,06:20:23,2,8,170.38
2026-08-20,Humira,7.44,06:20:53,2,8,0.0
2026-08-20,Humira,17.91,06:21:23,2,8,170.4
2026-08-20,Humira,10.74,06:21:53,2,8,170.41
2026-08-20,Humira,13.41,06:22:23,2,8,170.42
2026-08-20,Humira,11.73,06:22:53,2,8,170.43
2026-08-20,Humira,17.28,06:23:23,2,8,170.44
2026-08-20,Humira,13.03,06:23:53,2,8,170.45
2026-08-20,Humira,12.45,06:24:23,2,8,170.46
2026-08-20,Humira,14.93,06:24:53,2,8,170.47
2026-08-20,Humira,11.48,06:25:23,2,8,170.48
2026-08-20,Humira,10.65,06:25:53,2,8,170.5
2026-08-20,Humira,11.01,06:26:23,2,8,170.51
2026-08-20,Humira,13.41,06:26:53,2,8,170.52
2026-08-20,Humira,11.23,06:27:23,2,8,170.53
2026-08-20,Humira,11.81,06:27:53,2,8,170.54
2026-08-20,Humira,3.15,06:28:23,2,8,0.0
2026-08-20,Humira,3.81,06:28:53,2,8,0.0
2026-08-20,Humira,3.76,06:29:23,2,8,0.0
2026-08-20,Humira,12.09,06:29:53,2,8,170.58
2026-08-20,Humira,2.42,06:30:23,2,8,0.0
2026-08-20,Humira,12.81,06:30:53,2,8,170.6
2026-08-20,Humira,5.35,06:31:23,2,8,0.0
2026-08-20,Humira,4.37,06:31:53,2,8,0.0
2026-08-20,Humira,13.73,06:32:23,2,8,170.64
2026-08-20,Humira,15.27,06:32:53,2,8,170.65
2026-08-20,Humira,16.74,06:33:23,2,8,170.66
2026-08-20,Humira,14.76,06:33:53,2,8,170.67
2026-08-20,Humira,15.56,06:34:23,2,8,170.68
2026-08-20,Humira,3.4,06:34:53,2,8,0.0
2026-08-20,Humira,6.25,06:35:23,2,8,0.0
2026-08-20,Humira,12.71,06:35:53,2,8,170.71
2026-08-20,Humira,13.62,06:36:23,2,8,170.72
2026-08-20,Humira,10.83,06:36:53,2,8,170.73
2026-08-20,Humira,7.61,06:37:23,2,8,0.0
2026-08-20,Humira,6.79,06:37:53,2,8,0.0
2026-08-20,Humira,7.29,06:38:23,2,8,0.0
2026-08-20,Humira,14.63,06:38:53,2,8,170.78
2026-08-20,Humira,16.42,06:39:23,2,8,170.79
2026-08-20,Humira,2.89,06:39:53,2,8,0.0
2026-08-20,Humira,4.39,06:40:23,2,8,0.0
2026-08-20,Humira,12.53,06:40:53,2,8,170.82
2026-08-20,Humira,17.98,06:41:23,2,8,170.83
2026-08-20,Humira,9.8,06:41:53,2,8,170.84
2026-08-20,Humira,12.6,06:42:23,2,8,170.85
2026-08-20,Humira,16.63,06:42:53,2,8,170.86
2026-08-20,Humira,7.02,06:43:23,2,8,0.0
2026-08-20,Humira,9.31,06:43:53,2,8,170.88
2026-08-20,Humira,7.51,06:44:23,2,8,0.0
2026-08-20,Humira,13.31,06:44:53,2,8,170.91
2026-08-20,Humira,3.63,06:45:23,2,8,0.0
2026-08-20,Humira,11.04,06:45:53,2,8,170.93
2026-08-20,Humira,9.0,06:46:23,2,8,170.94
2026-08-20,Humira,5.34,06:46:53,2,8,0.0
2026-08-20,Humira,13.98,06:47:23,2,8,170.96
2026-08-20,Humira,5.28,06:47:53,2,8,0.0
2026-08-20,Humira,16.98,06:48:23,2,8,170.98
2026-08-20,Humira,4.22,06:48:53,2,8,0.0
2026-08-20,Humira,3.06,06:49:23,2,8,0.0
2026-08-20,Humira,11.48,06:49:53,2,8,171.02
2026-08-20,Humira,14.96,06:50:23,2,8,171.03
2026-08-20,Humira,17.03,06:50:53,2,8,171.04
2026-08-20,Humira,15.07,06:51:23,2,8,171.05
2026-08-20,Humira,13.35,06:51:53,2,8,171.06
2026-08-20,Humira,14.53,06:52:23,2,8,171.07
2026-08-20,Humira,9.5,06:52:53,2,8,171.08
2026-08-20,Humira,6.01,06:53:23,2,8,0.0
2026-08-20,Humira,9.47,06:53:53,2,8,171.1
2026-08-20,Humira,6.5,06:54:23,2,8,0.0
2026-08-20,Humira,11.58,06:54:53,2,8,171.12
2026-08-20,Humira,3.62,06:55:23,2,8,0.0
2026-08-20,Humira,11.03,06:55:53,2,8,171.15
2026-08-20,Humira,10.95,06:56:23,2,8,171.16
2026-08-20,Humira,10.74,06:56:53,2,8,171.17
2026-08-20,Humira,12.2,06:57:23,2,8,171.18
2026-08-20,Humira,15.31,06:57:53,2,8,171.19
2026-08-20,Humira,3.25,06:58:23,2,8,0.0
2026-08-20,Humira,4.03,06:58:53,2,8,0.0
2026-08-20,Humira,11.04,06:59:23,2,8,171.22
2026-08-20,Humira,11.05,06:59:53,2,8,171.23
2026-08-20,Humira,12.94,07:00:23,2,8,171.24
2026-08-20,Humira,9.24,07:00:53,2,8,171.25
2026-08-20,Humira,12.48,07:01:23,2,8,171.26
2026-08-20,Humira,13.93,07:01:53,2,8,171.28
2026-08-20,Humira,11.78,07:02:23,2,8,171.29
2026-08-20,Humira,15.31,07:02:53,2,8,171.3
2026-08-20,Humira,11.58,07:03:23,2,8,171.31
2026-08-20,Humira,13.41,07:03:53,2,8,171.32
2026-08-20,Humira,10.38,07:04:23,2,8,171.33
2026-08-20,Humira,5.48,07:04:53,2,8,0.0
2026-08-20,Humira,11.41,07:05:23,2,8,171.35
2026-08-20,Humira,14.76,07:05:53,2,8,171.36
2026-08-20,Humira,3.94,07:06:23,2,8,0.0
2026-08-20,Humira,4.96,07:06:53,2,8,0.0
2026-08-20,Humira,2.81,07:07:23,2,8,0.0
2026-08-20,Humira,13.97,07:07:53,2,8,171.41
2026-08-20,Humira,6.49,07:08:23,2,8,0.0
2026-08-20,Humira,15.28,07:08:53,2,8,171.43
2026-08-20,Humira,13.38,07:09:23,2,8,171.44
2026-08-20,Humira,5.01,07:09:53,2,8,0.0
2026-08-20,Humira,2.73,07:10:23,2,8,0.0
2026-08-20,Humira,17.06,07:10:53,2,8,171.47
2026-08-20,Humira,15.75,07:11:23,2,8,171.48
2026-08-20,Humira,5.36,07:11:53,2,8,0.0
2026-08-20,Humira,11.18,07:12:23,2,8,171.5
2026-08-20,Humira,15.66,07:12:53,2,8,171.51
2026-08-20,Humira,3.96,07:13:23,2,8,0.0
2026-08-20,Humira,14.96,07:13:53,2,8,171.53
2026-08-20,Humira,7.31,07:14:23,2,8,0.0
2026-08-20,Humira,15.36,07:14:53,2,8,171.56
2026-08-20,Humira,5.36,07:15:23,2,8,0.0
2026-08-20,Humira,5.31,07:15:53,2,8,0.0
2026-08-20,Humira,2.15,07:16:23,2,8,0.0
2026-08-20,Humira,7.71,07:16:53,2,8,0.0
2026-08-20,Humira,5.75,07:17:23,2,8,0.0
2026-08-20,Humira,13.04,07:17:53,2,8,171.62
2026-08-20,Humira,3.75,07:18:23,2,8,0.0
2026-08-20,Humira,7.73,07:18:53,2,8,0.0
2026-08-20,Humira,7.14,07:19:23,2,8,0.0
2026-08-20,Humira,4.05,07:19:53,2,8,0.0
2026-08-20,Humira,16.55,07:20:23,2,8,171.68
2026-08-20,Humira,10.26,07:20:53,2,8,171.69
2026-08-20,Humira,15.73,07:21:23,2,8,171.7
2026-08-20,Humira,11.4,07:21:53,2,8,171.71
2026-08-20,Humira,13.0,07:22:23,2,8,171.72
2026-08-20,Humira,15.22,07:22:53,2,8,171.73
2026-08-20,Humira,14.2,07:23:23,2,8,171.74
2026-08-20,Humira,11.07,07:23:53,2,8,171.75
2026-08-20,Humira,5.43,07:24:23,2,8,0.0
2026-08-20,Humira,11.05,07:24:53,2,8,171.77
2026-08-20,Humira,13.73,07:25:23,2,8,171.78
2026-08-20,Humira,10.04,07:25:53,2,8,171.8
2026-08-20,Humira,6.48,07:26:23,2,8,0.0
2026-08-20,Humira,9.86,07:26:53,2,8,171.82
2026-08-20,Humira,13.76,07:27:23,2,8,171.83
2026-08-20,Humira,13.05,07:27:53,2,8,171.84
2026-08-20,Humira,14.64,07:28:23,2,8,171.85
2026-08-20,Humira,2.35,07:28:53,2,8,0.0
2026-08-20,Humira,4.82,07:29:23,2,8,0.0
2026-08-20,Humira,3.39,07:29:53,2,8,0.0
2026-08-20,Humira,4.21,07:30:23,2,8,0.0
2026-08-20,Humira,3.64,07:30:53,2,8,0.0
2026-08-20,Humira,14.77,07:31:23,2,8,171.91
2026-08-20,Humira,2.86,07:31:53,2,8,0.0
2026-08-20,Humira,14.59,07:32:23,2,8,171.94
2026-08-20,Humira,17.24,07:32:53,2,8,171.95
2026-08-20,Humira,2.47,07:33:23,2,8,0.0
2026-08-20,Humira,11.9,07:33:53,2,8,171.97
2026-08-20,Humira,12.35,07:34:23,2,8,171.98
2026-08-20,Humira,11.67,07:34:53,2,8,171.99
2026-08-20,Humira,10.75,07:35:23,2,8,172.0
2026-08-20,Humira,9.32,07:35:53,2,8,172.01
2026-08-20,Humira,16.27,07:36:23,2,8,172.02
2026-08-20,Humira,11.83,07:36:53,2,8,172.03
2026-08-20,Humira,17.92,07:37:23,2,8,172.04
2026-08-20,Humira,10.21,07:37:53,2,8,172.06
2026-08-20,Humira,3.48,07:38:23,2,8,0.0
2026-08-20,Humira,9.21,07:38:53,2,8,172.08
2026-08-20,Humira,14.48,07:39:23,2,8,172.09
2026-08-20,Humira,6.2,07:39:53,2,8,0.0
2026-08-20,Humira,9.02,07:40:23,2,8,172.11
2026-08-20,Humira,6.6,07:40:53,2,8,0.0
2026-08-20,Humira,3.5,07:41:23,2,8,0.0
2026-08-20,Humira,7.23,07:41:53,2,8,0.0
2026-08-20,Humira,11.4,07:42:23,2,8,172.15
2026-08-20,Humira,10.01,07:42:53,2,8,172.16
2026-08-20,Humira,13.2,07:43:23,2,8,172.17
2026-08-20,Humira,7.11,07:43:53,2,8,0.0
2026-08-20,Humira,4.26,07:44:23,2,8,0.0
2026-08-20,Humira,3.72,07:44:53,2,8,0.0
2026-08-20,Humira,4.22,07:45:23,2,8,0.0
2026-08-20,Humira,3.06,07:45:53,2,8,0.0
2026-08-20,Humira,14.11,07:46:23,2,8,172.24
2026-08-20,Humira,5.25,07:46:53,2,8,0.0
2026-08-20,Humira,12.95,07:47:23,2,8,172.26
2026-08-20,Humira,16.56,07:47:53,2,8,172.27
2026-08-20,Humira,17.6,07:48:23,2,8,172.28
2026-08-20,Humira,4.47,07:48:53,2,8,0.0
2026-08-20,Humira,7.88,07:49:23,2,8,0.0
2026-08-20,Humira,10.59,07:49:53,2,8,172.32
2026-08-20,Humira,9.8,07:50:23,2,8,172.33
2026-08-20,Humira,10.54,07:50:53,2,8,172.34
2026-08-20,Humira,9.19,07:51:23,2,8,172.35
2026-08-20,Humira,3.22,07:51:53,2,8,0.0
2026-08-20,Humira,16.04,07:52:23,2,8,172.37
2026-08-20,Humira,17.53,07:52:53,2,8,172.38
2026-08-20,Humira,14.69,07:53:23,2,8,172.39
2026-08-20,Humira,5.64,07:53:53,2,8,0.0
2026-08-20,Humira,12.92,07:54:23,2,8,172.41
2026-08-20,Humira,6.61,07:54:53,2,8,0.0
2026-08-20,Humira,2.43,07:55:23,2,8,0.0
2026-08-20,Humira,6.11,07:55:53,2,8,0.0
2026-08-20,Humira,16.75,07:56:23,2,8,172.46
2026-08-20,Humira,9.41,07:56:53,2,8,172.47
2026-08-20,Humira,5.65,07:57:23,2,8,0.0
2026-08-20,Humira,6.61,07:57:53,2,8,0.0
2026-08-20,Humira,2.19,07:58:23,2,8,0.0
2026-08-20,Humira,3.02,07:58:53,2,8,0.0
2026-08-20,Humira,3.57,07:59:23,2,8,0.0
2026-08-20,Humira,6.05,07:59:53,2,8,0.0
2026-08-20,Humira,5.59,08:00:23,2,8,0.0
2026-08-20,Humira,5.81,08:00:53,2,8,0.0
2026-08-20,Humira,16.83,08:01:23,2,8,172.56
2026-08-20,Humira,13.88,08:01:53,2,8,172.58
2026-08-20,Humira,16.04,08:02:23,2,8,172.59
2026-08-20,Humira,14.98,08:02:53,2,8,172.6
2026-08-20,Humira,3.25,08:03:23,2,8,0.0
2026-08-20,Humira,15.58,08:03:53,2,8,172.62
2026-08-20,Humira,10.04,08:04:23,2,8,172.63
2026-08-20,Humira,2.29,08:04:53,2,8,0.0
2026-08-20,Humira,17.97,08:05:23,2,8,172.65
2026-08-20,Humira,16.53,08:05:53,2,8,172.66
2026-08-20,Humira,7.88,08:06:23,2,8,0.0
2026-08-20,Humira,5.53,08:06:53,2,8,0.0
2026-08-20,Humira,4.51,08:07:23,2,8,0.0
2026-08-20,Humira,6.81,08:07:53,2,8,0.0
2026-08-20,Humira,13.67,08:08:23,2,8,172.72
2026-08-20,Humira,13.98,08:08:53,2,8,172.73
2026-08-20,Humira,17.72,08:09:23,2,8,172.74
2026-08-20,Humira,11.17,08:09:53,2,8,172.75
2026-08-20,Humira,10.75,08:10:23,2,8,172.76
2026-08-20,Humira,3.03,08:10:53,2,8,0.0
2026-08-20,Humira,5.47,08:11:23,2,8,0.0
2026-08-20,Humira,17.63,08:11:53,2,8,172.79
2026-08-20,Humira,15.27,08:12:23,2,8,172.8
2026-08-20,Humira,14.53,08:12:53,2,8,172.81
2026-08-20,Humira,14.74,08:13:23,2,8,172.82
2026-08-20,Humira,10.76,08:13:53,2,8,172.83
2026-08-20,Humira,6.4,08:14:23,2,8,0.0
2026-08-20,Humira,14.85,08:14:53,2,8,172.86
2026-08-20,Humira,15.9,08:15:23,2,8,172.87
2026-08-20,Humira,4.55,08:15:53,2,8,0.0
2026-08-20,Humira,3.01,08:16:23,2,8,0.0
2026-08-20,Humira,5.98,08:16:53,2,8,0.0
2026-08-20,Humira,17.69,08:17:23,2,8,172.91
2026-08-20,Humira,11.65,08:17:53,2,8,172.92
2026-08-20,Humira,5.49,08:18:23,2,8,0.0
2026-08-20,Humira,10.06,08:18:53,2,8,172.94
2026-08-20,Humira,15.12,08:19:23,2,8,172.95
2026-08-20,Humira,13.6,08:19:53,2,8,172.97
2026-08-20,Humira,3.65,08:20:23,2,8,0.0
2026-08-20,Humira,16.61,08:20:53,2,8,172.99
2026-08-20,Humira,3.85,08:21:23,2,8,0.0
2026-08-20,Humira,14.53,08:21:53,2,8,173.01
2026-08-20,Humira,13.94,08:22:23,2,8,173.02
2026-08-20,Humira,6.81,08:22:53,2,8,0.0
2026-08-20,Humira,9.07,08:23:23,2,8,173.04
2026-08-20,Humira,11.17,08:23:53,2,8,173.05
2026-08-20,Humira,11.38,08:24:23,2,8,173.06
2026-08-20,Humira,6.69,08:24:53,2,8,0.0
2026-08-20,Humira,17.97,08:25:23,2,8,173.08
2026-08-20,Humira,14.59,08:25:53,2,8,173.1
2026-08-20,Humira,13.03,08:26:23,2,8,173.11
2026-08-20,Humira,9.6,08:26:53,2,8,173.12
2026-08-20,Humira,6.85,08:27:23,2,8,0.0
2026-08-20,Humira,7.13,08:27:53,2,8,0.0
2026-08-20,Humira,9.73,08:28:23,2,8,173.15
2026-08-20,Humira,17.22,08:28:53,2,8,173.16
2026-08-20,Humira,16.07,08:29:23,2,8,173.17
2026-08-20,Humira,7.52,08:29:53,2,8,0.0
2026-08-20,Humira,16.99,08:30:23,2,8,173.19
2026-08-20,Humira,17.18,08:30:53,2,8,173.2
2026-08-20,Humira,17.96,08:31:23,2,8,173.21
2026-08-20,Humira,16.71,08:31:53,2,8,173.22
2026-08-20,Humira,16.58,08:32:23,2,8,173.24
2026-08-20,Humira,14.7,08:32:53,2,8,173.25
2026-08-20,Humira,7.25,08:33:23,2,8,0.0
2026-08-20,Humira,15.74,08:33:53,2,8,173.27
2026-08-20,Humira,14.42,08:34:23,2,8,173.28
2026-08-20,Humira,14.61,08:34:53,2,8,173.29
2026-08-20,Humira,13.53,08:35:23,2,8,173.3
2026-08-20,Humira,2.89,08:35:53,2,8,0.0
2026-08-20,Humira,3.83,08:36:23,2,8,0.0
2026-08-20,Humira,9.92,08:36:53,2,8,173.33
2026-08-20,Humira,13.47,08:37:23,2,8,173.34
2026-08-20,Humira,5.52,08:37:53,2,8,0.0
2026-08-20,Humira,13.96,08:38:23,2,8,173.37
2026-08-20,Humira,15.58,08:38:53,2,8,173.38
2026-08-20,Humira,6.81,08:39:23,2,8,0.0
2026-08-20,Humira,17.49,08:39:53,2,8,173.4
2026-08-20,Humira,12.81,08:40:23,2,8,173.41
2026-08-20,Humira,17.89,08:40:53,2,8,173.42
2026-08-20,Humira,10.41,08:41:23,2,8,173.43
2026-08-20,Humira,11.52,08:41:53,2,8,173.44
2026-08-20,Humira,6.52,08:42:23,2,8,0.0
2026-08-20,Humira,14.34,08:42:53,2,8,173.46
2026-08-20,Humira,6.38,08:43:23,2,8,0.0
2026-08-20,Humira,16.41,08:43:53,2,8,173.48
2026-08-20,Humira,4.39,08:44:23,2,8,0.0
2026-08-20,Humira,6.32,08:44:53,2,8,0.0
2026-08-20,Humira,5.96,08:45:23,2,8,0.0
2026-08-20,Humira,16.12,08:45:53,2,8,173.53
2026-08-20,Humira,7.65,08:46:23,2,8,0.0
2026-08-20,Humira,10.84,08:46:53,2,8,173.55
2026-08-20,Humira,14.08,08:47:23,2,8,173.56
2026-08-20,Humira,11.33,08:47:53,2,8,173.57
2026-08-20,Humira,6.04,08:48:23,2,8,0.0
2026-08-20,Humira,17.81,08:48:53,2,8,173.59
2026-08-20,Humira,16.8,08:49:23,2,8,173.6
2026-08-20,Humira,16.84,08:49:53,2,8,173.62
2026-08-20,Humira,4.76,08:50:23,2,8,0.0
2026-08-20,Humira,9.53,08:50:53,2,8,173.64
2026-08-20,Humira,10.4,08:51:23,2,8,173.65
2026-08-20,Humira,13.04,08:51:53,2,8,173.66
2026-08-20,Humira,5.91,08:52:23,2,8,0.0
2026-08-20,Humira,4.87,08:52:53,2,8,0.0
2026-08-20,Humira,4.29,08:53:23,2,8,0.0
2026-08-20,Humira,17.5,08:53:53,2,8,173.7
2026-08-20,Humira,7.05,08:54:23,2,8,0.0
2026-08-20,Humira,12.73,08:54:53,2,8,173.72
2026-08-20,Humira,14.73,08:55:23,2,8,173.73
2026-08-20,Humira,17.22,08:55:53,2,8,173.75
2026-08-20,Humira,5.68,08:56:23,2,8,0.0
2026-08-20,Humira,10.96,08:56:53,2,8,173.77
2026-08-20,Humira,5.58,08:57:23,2,8,0.0
2026-08-20,Humira,17.6,08:57:53,2,8,173.79
2026-08-20,Humira,4.86,08:58:23,2,8,0.0
2026-08-20,Humira,9.46,08:58:53,2,8,173.81
2026-08-20,Humira,9.26,08:59:23,2,8,173.82
2026-08-20,Humira,14.45,08:59:53,2,8,173.83
2026-08-20,Humira,16.73,09:00:23,2,8,173.84
2026-08-20,Humira,14.83,09:00:53,2,8,173.85
2026-08-20,Humira,3.21,09:01:23,2,8,0.0
2026-08-20,Humira,15.84,09:01:53,2,8,173.88
2026-08-20,Humira,10.94,09:02:23,2,8,173.89
2026-08-20,Humira,12.5,09:02:53,2,8,173.9
2026-08-20,Humira,4.29,09:03:23,2,8,0.0
2026-08-20,Humira,11.52,09:03:53,2,8,173.92
2026-08-20,Humira,2.99,09:04:23,2,8,0.0
2026-08-20,Humira,17.44,09:04:53,2,8,173.94
2026-08-20,Humira,10.66,09:05:23,2,8,173.95
2026-08-20,Humira,11.39,09:05:53,2,8,173.96
2026-08-20,Humira,12.14,09:06:23,2,8,173.97
2026-08-20,Humira,15.84,09:06:53,2,8,173.98
2026-08-20,Humira,16.0,09:07:23,2,8,173.99
2026-08-20,Humira,14.34,09:07:53,2,8,174.0
2026-08-20,Humira,15.5,09:08:23,2,8,174.02
2026-08-20,Humira,17.44,09:08:53,2,8,174.03
2026-08-20,Humira,2.29,09:09:23,2,8,0.0
2026-08-20,Humira,16.18,09:09:53,2,8,174.05
2026-08-20,Humira,12.11,09:10:23,2,8,174.06
2026-08-20,Humira,9.7,09:10:53,2,8,174.07
2026-08-20,Humira,9.6,09:11:23,2,8,174.08
2026-08-20,Humira,17.0,09:11:53,2,8,174.09
2026-08-20,Humira,4.43,09:12:23,2,8,0.0
2026-08-20,Humira,17.42,09:12:53,2,8,174.11
2026-08-20,Humira,14.79,09:13:23,2,8,174.12
2026-08-20,Humira,3.24,09:13:53,2,8,0.0
2026-08-20,Humira,4.7,09:14:23,2,8,0.0
2026-08-20,Humira,3.93,09:14:53,2,8,0.0
2026-08-20,Humira,5.32,09:15:23,2,8,0.0
2026-08-20,Humira,14.79,09:15:53,2,8,174.18
2026-08-20,Humira,7.48,09:16:23,2,8,0.0
2026-08-20,Humira,14.17,09:16:53,2,8,174.2
2026-08-20,Humira,5.01,09:17:23,2,8,0.0
2026-08-20,Humira,4.16,09:17:53,2,8,0.0
2026-08-20,Humira,6.52,09:18:23,2,8,0.0
2026-08-20,Humira,9.86,09:18:53,2,8,174.24
2026-08-20,Humira,9.87,09:19:23,2,8,174.25
2026-08-20,Humira,17.3,09:19:53,2,8,174.27
2026-08-20,Humira,7.11,09:20:23,2,8,0.0
2026-08-20,Humira,7.3,09:20:53,2,8,0.0
2026-08-20,Humira,10.38,09:21:23,2,8,174.3
2026-08-20,Humira,16.29,09:21:53,2,8,174.31
2026-08-20,Humira,4.93,09:22:23,2,8,0.0
2026-08-20,Humira,4.02,09:22:53,2,8,0.0
2026-08-20,Humira,9.84,09:23:23,2,8,174.34
2026-08-20,Humira,15.63,09:23:53,2,8,174.35
2026-08-20,Humira,17.28,09:24:23,2,8,174.36
2026-08-20,Humira,2.8,09:24:53,2,8,0.0
2026-08-20,Humira,16.89,09:25:23,2,8,174.38
2026-08-20,Humira,7.43,09:25:53,2,8,0.0
2026-08-20,Humira,17.08,09:26:23,2,8,174.41
2026-08-20,Humira,16.52,09:26:53,2,8,174.42
2026-08-20,Humira,7.85,09:27:23,2,8,0.0
2026-08-20,Humira,17.95,09:27:53,2,8,174.44
2026-08-20,Humira,7.43,09:28:23,2,8,0.0
2026-08-20,Humira,16.44,09:28:53,2,8,174.46
2026-08-20,Humira,11.04,09:29:23,2,8,174.47
2026-08-20,Humira,6.78,09:29:53,2,8,0.0
2026-08-20,Humira,5.26,09:30:23,2,8,0.0
2026-08-20,Humira,15.36,09:30:53,2,8,174.5
2026-08-20,Humira,10.14,09:31:23,2,8,174.51
2026-08-20,Humira,7.26,09:31:53,2,8,0.0
2026-08-20,Humira,11.31,09:32:23,2,8,174.54
2026-08-20,Humira,11.6,09:32:53,2,8,174.55
2026-08-20,Humira,17.62,09:33:23,2,8,174.56
2026-08-20,Humira,3.26,09:33:53,2,8,0.0
2026-08-20,Humira,3.6,09:34:23,2,8,0.0
2026-08-20,Humira,11.49,09:34:53,2,8,174.59
2026-08-20,Humira,16.52,09:35:23,2,8,174.6
2026-08-20,Humira,9.72,09:35:53,2,8,174.61
2026-08-20,Humira,6.09,09:36:23,2,8,0.0
2026-08-20,Humira,9.42,09:36:53,2,8,174.63
2026-08-20,Humira,7.77,09:37:23,2,8,0.0
2026-08-20,Humira,15.09,09:37:53,2,8,174.66
2026-08-20,Humira,13.64,09:38:23,2,8,174.67
2026-08-20,Humira,12.61,09:38:53,2,8,174.68
2026-08-20,Humira,3.71,09:39:23,2,8,0.0
2026-08-20,Humira,14.04,09:39:53,2,8,174.7
2026-08-20,Humira,9.09,09:40:23,2,8,174.71
2026-08-20,Humira,12.34,09:40:53,2,8,174.72
2026-08-20,Humira,3.48,09:41:23,2,8,0.0
2026-08-20,Humira,16.8,09:41:53,2,8,174.74
2026-08-20,Humira,13.38,09:42:23,2,8,174.75
2026-08-20,Humira,10.1,09:42:53,2,8,174.76
2026-08-20,Humira,12.16,09:43:23,2,8,174.77
2026-08-20,Humira,16.81,09:43:53,2,8,174.78
2026-08-20,Humira,10.98,09:44:23,2,8,174.8
2026-08-20,Humira,11.83,09:44:53,2,8,174.81
2026-08-20,Humira,9.07,09:45:23,2,8,174.82
2026-08-20,Humira,5.9,09:45:53,2,8,0.0
2026-08-20,Humira,12.0,09:46:23,2,8,174.84
2026-08-20,Humira,13.36,09:46:53,2,8,174.85
2026-08-20,Humira,15.07,09:47:23,2,8,174.86
2026-08-20,Humira,3.75,09:47:53,2,8,0.0
2026-08-20,Humira,16.37,09:48:23,2,8,174.88
2026-08-20,Humira,12.29,09:48:53,2,8,174.89
2026-08-20,Humira,4.9,09:49:23,2,8,0.0
2026-08-20,Humira,4.48,09:49:53,2,8,0.0
2026-08-20,Humira,5.56,09:50:23,2,8,0.0
2026-08-20,Humira,5.46,09:50:53,2,8,0.0
2026-08-20,Humira,15.17,09:51:23,2,8,174.95
2026-08-20,Humira,15.28,09:51:53,2,8,174.96
2026-08-20,Humira,16.94,09:52:23,2,8,174.97
2026-08-20,Humira,16.66,09:52:53,2,8,174.98
2026-08-20,Humira,12.04,09:53:23,2,8,174.99
2026-08-20,Humira,4.36,09:53:53,2,8,0.0
2026-08-20,Humira,17.56,09:54:23,2,8,175.01
2026-08-20,Humira,12.96,09:54:53,2,8,175.02
2026-08-20,Humira,5.72,09:55:23,2,8,0.0
2026-08-20,Humira,17.41,09:55:53,2,8,175.05
2026-08-20,Humira,4.7,09:56:23,2,8,0.0
2026-08-20,Humira,14.46,09:56:53,2,8,175.07
2026-08-20,Humira,5.97,09:57:23,2,8,0.0
2026-08-20,Humira,12.57,09:57:53,2,8,175.09
2026-08-20,Humira,2.59,09:58:23,2,8,0.0
2026-08-20,Humira,11.14,09:58:53,2,8,175.11
2026-08-20,Humira,15.18,09:59:23,2,8,175.12
2026-08-20,Humira,10.69,09:59:53,2,8,175.13
2026-08-20,Humira,11.84,10:00:23,2,8,175.14
2026-08-20,Humira,12.13,10:00:53,2,8,175.15
2026-08-20,Humira,3.06,10:01:23,2,8,0.0
2026-08-20,Humira,13.9,10:01:53,2,8,175.18
2026-08-20,Humira,3.25,10:02:23,2,8,0.0
2026-08-20,Humira,11.38,10:02:53,2,8,175.2
2026-08-20,Humira,10.34,10:03:23,2,8,175.21
2026-08-20,Humira,16.48,10:03:53,2,8,175.22
2026-08-20,Humira,2.82,10:04:23,2,8,0.0
2026-08-20,Humira,12.46,10:04:53,2,8,175.24
2026-08-20,Humira,5.89,10:05:23,2,8,0.0
2026-08-20,Humira,12.23,10:05:53,2,8,175.26
2026-08-20,Humira,9.96,10:06:23,2,8,175.27
2026-08-20,Humira,3.24,10:06:53,2,8,0.0
2026-08-20,Humira,2.23,10:07:23,2,8,0.0
2026-08-20,Humira,2.1,10:07:53,2,8,0.0
2026-08-20,Humira,13.09,10:08:23,2,8,175.32
2026-08-20,Humira,4.36,10:08:53,2,8,0.0
2026-08-20,Humira,17.17,10:09:23,2,8,175.34
2026-08-20,Humira,7.48,10:09:53,2,8,0.0
2026-08-20,Humira,9.88,10:10:23,2,8,175.36
2026-08-20,Humira,17.19,10:10:53,2,8,175.37
2026-08-20,Humira,4.9,10:11:23,2,8,0.0
2026-08-20,Humira,13.25,10:11:53,2,8,175.39
2026-08-20,Humira,6.8,10:12:23,2,8,0.0
2026-08-20,Humira,7.43,10:12:53,2,8,0.0
2026-08-20,Humira,13.72,10:13:23,2,8,175.42
2026-08-20,Humira,11.91,10:13:53,2,8,175.44
2026-08-20,Humira,16.82,10:14:23,2,8,175.45
2026-08-20,Humira,3.11,10:14:53,2,8,0.0
2026-08-20,Humira,17.84,10:15:23,2,8,175.47
2026-08-20,Humira,17.06,10:15:53,2,8,175.48
2026-08-20,Humira,4.48,10:16:23,2,8,0.0
2026-08-20,Humira,11.54,10:16:53,2,8,175.5
2026-08-20,Humira,12.15,10:17:23,2,8,175.51
2026-08-20,Humira,2.06,10:17:53,2,8,0.0
2026-08-20,Humira,13.97,10:18:23,2,8,175.53
2026-08-20,Humira,3.48,10:18:53,2,8,0.0
2026-08-20,Humira,12.42,10:19:23,2,8,175.55
2026-08-20,Humira,5.41,10:19:53,2,8,0.0
2026-08-20,Humira,4.05,10:20:23,2,8,0.0
2026-08-20,Humira,10.8,10:20:53,2,8,175.59
2026-08-20,Humira,11.04,10:21:23,2,8,175.6
2026-08-20,Humira,16.02,10:21:53,2,8,175.61
2026-08-20,Humira,10.5,10:22:23,2,8,175.62
2026-08-20,Humira,5.19,10:22:53,2,8,0.0
2026-08-20,Humira,5.43,10:23:23,2,8,0.0
2026-08-20,Humira,6.0,10:23:53,2,8,0.0
2026-08-20,Humira,7.24,10:24:23,2,8,0.0
2026-08-20,Humira,15.05,10:24:53,2,8,175.67
2026-08-20,Humira,10.97,10:25:23,2,8,175.68
2026-08-20,Humira,7.23,10:25:53,2,8,0.0
2026-08-20,Humira,15.33,10:26:23,2,8,175.71
2026-08-20,Humira,3.39,10:26:53,2,8,0.0
2026-08-20,Humira,11.22,10:27:23,2,8,175.73
2026-08-20,Humira,16.75,10:27:53,2,8,175.74
2026-08-20,Humira,10.25,10:28:23,2,8,175.75
2026-08-20,Humira,13.93,10:28:53,2,8,175.76
2026-08-20,Humira,17.46,10:29:23,2,8,175.77
2026-08-20,Humira,14.62,10:29:53,2,8,175.78
2026-08-20,Humira,17.64,10:30:23,2,8,175.79
2026-08-20,Humira,5.98,10:30:53,2,8,0.0
2026-08-20,Humira,14.75,10:31:23,2,8,175.81
2026-08-20,Humira,6.63,10:31:53,2,8,0.0
2026-08-20,Humira,2.61,10:32:23,2,8,0.0
2026-08-20,Humira,5.14,10:32:53,2,8,0.0
2026-08-20,Humira,2.69,10:33:23,2,8,0.0
2026-08-20,Humira,2.3,10:33:53,2,8,0.0
2026-08-20,Humira,10.08,10:34:23,2,8,175.88
2026-08-20,Humira,4.2,10:34:53,2,8,0.0
2026-08-20,Humira,12.68,10:35:23,2,8,175.9
2026-08-20,Humira,17.09,10:35:53,2,8,175.91
2026-08-20,Humira,10.99,10:36:23,2,8,175.92
2026-08-20,Humira,17.86,10:36:53,2,8,175.93
2026-08-20,Humira,9.62,10:37:23,2,8,175.94
2026-08-20,Humira,10.08,10:37:53,2,8,175.96
2026-08-20,Humira,4.85,10:38:23,2,8,0.0
2026-08-20,Humira,9.9,10:38:53,2,8,175.98
2026-08-20,Humira,2.7,10:39:23,2,8,0.0
2026-08-20,Humira,14.99,10:39:53,2,8,176.0
2026-08-20,Humira,15.57,10:40:23,2,8,176.01
2026-08-20,Humira,9.44,10:40:53,2,8,176.02
2026-08-20,Humira,2.24,10:41:23,2,8,0.0
2026-08-20,Humira,7.83,10:41:53,2,8,0.0
2026-08-20,Humira,5.53,10:42:23,2,8,0.0
2026-08-20,Humira,15.28,10:42:53,2,8,176.06
2026-08-20,Humira,3.58,10:43:23,2,8,0.0
2026-08-20,Humira,9.81,10:43:53,2,8,176.08
2026-08-20,Humira,6.93,10:44:23,2,8,0.0
2026-08-20,Humira,16.84,10:44:53,2,8,176.11
2026-08-20,Humira,2.73,10:45:23,2,8,0.0
2026-08-20,Humira,9.55,10:45:53,2,8,176.13
2026-08-20,Humira,11.1,10:46:23,2,8,176.14
2026-08-20,Humira,16.36,10:46:53,2,8,176.15
2026-08-20,Humira,16.27,10:47:23,2,8,176.16
2026-08-20,Humira,7.9,10:47:53,2,8,0.0
2026-08-20,Humira,10.11,10:48:23,2,8,176.18
2026-08-20,Humira,17.03,10:48:53,2,8,176.19
2026-08-20,Humira,15.23,10:49:23,2,8,176.2
2026-08-20,Humira,9.04,10:49:53,2,8,176.22
2026-08-20,Humira,13.54,10:50:23,2,8,176.23
2026-08-20,Humira,11.04,10:50:53,2,8,176.24
2026-08-20,Humira,16.77,10:51:23,2,8,176.25
2026-08-20,Humira,15.8,10:51:53,2,8,176.26
2026-08-20,Humira,9.48,10:52:23,2,8,176.27
2026-08-20,Humira,12.34,10:52:53,2,8,176.28
2026-08-20,Humira,7.75,10:53:23,2,8,0.0
2026-08-20,Humira,17.41,10:53:53,2,8,176.3
2026-08-20,Humira,3.14,10:54:23,2,8,0.0
2026-08-20,Humira,10.99,10:54:53,2,8,176.32
2026-08-20,Humira,15.22,10:55:23,2,8,176.33
2026-08-20,Humira,11.0,10:55:53,2,8,176.35
2026-08-20,Humira,4.47,10:56:23,2,8,0.0
2026-08-20,Humira,6.05,10:56:53,2,8,0.0
2026-08-20,Humira,9.17,10:57:23,2,8,176.38
2026-08-20,Humira,2.08,10:57:53,2,8,0.0
2026-08-20,Humira,12.18,10:58:23,2,8,176.4
2026-08-20,Humira,3.53,10:58:53,2,8,0.0
2026-08-20,Humira,3.94,10:59:23,2,8,0.0
2026-08-20,Humira,6.29,10:59:53,2,8,0.0
2026-08-20,Humira,12.83,11:00:23,2,8,176.44
2026-08-20,Humira,11.42,11:00:53,2,8,176.45
2026-08-20,Humira,6.44,11:01:23,2,8,0.0
2026-08-20,Humira,9.78,11:01:53,2,8,176.47
2026-08-20,Humira,11.49,11:02:23,2,8,176.49
2026-08-20,Humira,13.5,11:02:53,2,8,176.5
2026-08-20,Humira,10.78,11:03:23,2,8,176.51
2026-08-20,Humira,4.39,11:03:53,2,8,0.0
2026-08-20,Humira,11.55,11:04:23,2,8,176.53
2026-08-20,Humira,11.69,11:04:53,2,8,176.54
2026-08-20,Humira,14.38,11:05:23,2,8,176.55
2026-08-20,Humira,13.37,11:05:53,2,8,176.56
2026-08-20,Humira,4.39,11:06:23,2,8,0.0
2026-08-20,Humira,10.38,11:06:53,2,8,176.58
2026-08-20,Humira,16.74,11:07:23,2,8,176.59
2026-08-20,Humira,7.94,11:07:53,2,8,0.0
2026-08-20,Humira,2.72,11:08:23,2,8,0.0
2026-08-20,Humira,10.09,11:08:53,2,8,176.63
2026-08-20,Humira,4.29,11:09:23,2,8,0.0
2026-08-20,Humira,3.77,11:09:53,2,8,0.0
2026-08-20,Humira,2.48,11:10:23,2,8,0.0
2026-08-20,Humira,17.47,11:10:53,2,8,176.67
2026-08-20,Humira,17.67,11:11:23,2,8,176.68
2026-08-20,Humira,14.43,11:11:53,2,8,176.69
2026-08-20,Humira,6.21,11:12:23,2,8,0.0
2026-08-20,Humira,3.58,11:12:53,2,8,0.0
2026-08-20,Humira,13.65,11:13:23,2,8,176.72
2026-08-20,Humira,15.38,11:13:53,2,8,176.73
2026-08-20,Humira,7.39,11:14:23,2,8,0.0
2026-08-20,Humira,7.78,11:14:53,2,8,0.0
2026-08-20,Humira,2.72,11:15:23,2,8,0.0
2026-08-20,Humira,14.84,11:15:53,2,8,176.78
2026-08-20,Humira,2.13,11:16:23,2,8,0.0
2026-08-20,Humira,11.64,11:16:53,2,8,176.8
2026-08-20,Humira,11.41,11:17:23,2,8,176.81
2026-08-20,Humira,11.9,11:17:53,2,8,176.82
2026-08-20,Humira,13.13,11:18:23,2,8,176.83
2026-08-20,Humira,3.1,11:18:53,2,8,0.0
2026-08-20,Humira,13.11,11:19:23,2,8,176.85
2026-08-20,Humira,3.44,11:19:53,2,8,0.0
2026-08-20,Humira,4.63,11:20:23,2,8,0.0
2026-08-20,Humira,4.81,11:20:53,2,8,0.0
2026-08-20,Humira,2.34,11:21:23,2,8,0.0
2026-08-20,Humira,3.67,11:21:53,2,8,0.0
2026-08-20,Humira,9.47,11:22:23,2,8,176.92
2026-08-20,Humira,10.87,11:22:53,2,8,176.93
2026-08-20,Humira,10.0,11:23:23,2,8,176.94
2026-08-20,Humira,2.54,11:23:53,2,8,0.0
2026-08-20,Humira,3.21,11:24:23,2,8,0.0
2026-08-20,Humira,11.03,11:24:53,2,8,176.97
2026-08-20,Humira,17.49,11:25:23,2,8,176.98
2026-08-20,Humira,13.51,11:25:53,2,8,177.0
2026-08-20,Humira,13.54,11:26:23,2,8,177.01
2026-08-20,Humira,5.07,11:26:53,2,8,0.0
2026-08-20,Humira,5.16,11:27:23,2,8,0.0
2026-08-20,Humira,13.95,11:27:53,2,8,177.04
2026-08-20,Humira,2.51,11:28:23,2,8,0.0
2026-08-20,Humira,3.65,11:28:53,2,8,0.0
2026-08-20,Humira,15.52,11:29:23,2,8,177.07
2026-08-20,Humira,14.62,11:29:53,2,8,177.08
2026-08-20,Humira,13.57,11:30:23,2,8,177.09
2026-08-20,Humira,17.92,11:30:53,2,8,177.1
2026-08-20,Humira,16.93,11:31:23,2,8,177.11
2026-08-20,Humira,2.36,11:31:53,2,8,0.0
2026-08-20,Humira,16.09,11:32:23,2,8,177.14
2026-08-20,Humira,16.7,11:32:53,2,8,177.15
2026-08-20,Humira,15.74,11:33:23,2,8,177.16
2026-08-20,Humira,6.42,11:33:53,2,8,0.0
2026-08-20,Humira,2.18,11:34:23,2,8,0.0
2026-08-20,Humira,16.27,11:34:53,2,8,177.19
2026-08-20,Humira,13.22,11:35:23,2,8,177.2
2026-08-20,Humira,11.28,11:35:53,2,8,177.21
2026-08-20,Humira,17.71,11:36:23,2,8,177.22
2026-08-20,Humira,9.39,11:36:53,2,8,177.23
2026-08-20,Humira,3.14,11:37:23,2,8,0.0
2026-08-20,Humira,11.91,11:37:53,2,8,177.25
2026-08-20,Humira,16.8,11:38:23,2,8,177.27
2026-08-20,Humira,11.0,11:38:53,2,8,177.28
2026-08-20,Humira,10.73,11:39:23,2,8,177.29
2026-08-20,Humira,10.66,11:39:53,2,8,177.3
2026-08-20,Humira,3.22,11:40:23,2,8,0.0
2026-08-20,Humira,2.19,11:40:53,2,8,0.0
2026-08-20,Humira,11.09,11:41:23,2,8,177.33
2026-08-20,Humira,14.07,11:41:53,2,8,177.34
2026-08-20,Humira,16.8,11:42:23,2,8,177.35
2026-08-20,Humira,2.59,11:42:53,2,8,0.0
2026-08-20,Humira,11.34,11:43:23,2,8,177.37
2026-08-20,Humira,15.83,11:43:53,2,8,177.38
2026-08-20,Humira,10.37,11:44:23,2,8,177.4
2026-08-20,Humira,7.69,11:44:53,2,8,0.0
2026-08-20,Humira,12.62,11:45:23,2,8,177.42
2026-08-20,Humira,7.94,11:45:53,2,8,0.0
2026-08-20,Humira,4.88,11:46:23,2,8,0.0
2026-08-20,Humira,11.19,11:46:53,2,8,177.45
2026-08-20,Humira,9.92,11:47:23,2,8,177.46
2026-08-20,Humira,2.49,11:47:53,2,8,0.0
2026-08-20,Humira,16.0,11:48:23,2,8,177.48
2026-08-20,Humira,12.76,11:48:53,2,8,177.49
2026-08-20,Humira,9.75,11:49:23,2,8,177.5
2026-08-20,Humira,4.08,11:49:53,2,8,0.0
2026-08-20,Humira,6.03,11:50:23,2,8,0.0
2026-08-20,Humira,13.02,11:50:53,2,8,177.54
2026-08-20,Humira,3.67,11:51:23,2,8,0.0
2026-08-20,Humira,10.48,11:51:53,2,8,177.56
2026-08-20,Humira,12.6,11:52:23,2,8,177.57
2026-08-20,Humira,14.02,11:52:53,2,8,177.58
2026-08-20,Humira,16.19,11:53:23,2,8,177.59
2026-08-20,Humira,17.25,11:53:53,2,8,177.6
2026-08-20,Humira,10.01,11:54:23,2,8,177.61
2026-08-20,Humira,14.63,11:54:53,2,8,177.62
2026-08-20,Humira,5.73,11:55:23,2,8,0.0
2026-08-20,Humira,7.5,11:55:53,2,8,0.0
2026-08-20,Humira,14.57,11:56:23,2,8,177.66
2026-08-20,Humira,7.07,11:56:53,2,8,0.0
2026-08-20,Humira,15.36,11:57:23,2,8,177.68
2026-08-20,Humira,2.17,11:57:53,2,8,0.0
2026-08-20,Humira,17.19,11:58:23,2,8,177.7
2026-08-20,Humira,3.66,11:58:53,2,8,0.0
2026-08-20,Humira,13.45,11:59:23,2,8,177.72
2026-08-20,Humira,14.13,11:59:53,2,8,177.73
2026-08-20,Humira,6.86,12:00:23,2,8,0.0
2026-08-20,Humira,16.93,12:00:53,2,8,177.75
2026-08-20,Humira,10.39,12:01:23,2,8,177.76
2026-08-20,Humira,11.31,12:01:53,2,8,177.78
2026-08-20,Humira,7.71,12:02:23,2,8,0.0
2026-08-20,Humira,7.98,12:02:53,2,8,0.0
2026-08-20,Humira,17.35,12:03:23,2,8,177.81
2026-08-20,Humira,4.24,12:03:53,2,8,0.0
2026-08-20,Humira,17.72,12:04:23,2,8,177.83
2026-08-20,Humira,17.14,12:04:53,2,8,177.84
2026-08-20,Humira,15.37,12:05:23,2,8,177.85
2026-08-20,Humira,15.64,12:05:53,2,8,177.86
2026-08-20,Humira,12.6,12:06:23,2,8,177.87
2026-08-20,Humira,5.87,12:06:53,2,8,0.0
2026-08-20,Humira,16.8,12:07:23,2,8,177.89
2026-08-20,Humira,15.57,12:07:53,2,8,177.91
2026-08-20,Humira,7.17,12:08:23,2,8,0.0
2026-08-20,Humira,5.32,12:08:53,2,8,0.0
2026-08-20,Humira,9.13,12:09:23,2,8,177.94
2026-08-20,Humira,14.09,12:09:53,2,8,177.95
2026-08-20,Humira,11.27,12:10:23,2,8,177.96
2026-08-20,Humira,3.82,12:10:53,2,8,0.0
2026-08-20,Humira,17.46,12:11:23,2,8,177.98
2026-08-20,Humira,6.68,12:11:53,2,8,0.0
2026-08-20,Humira,12.62,12:12:23,2,8,178.0
2026-08-20,Humira,10.93,12:12:53,2,8,178.01
2026-08-20,Humira,11.92,12:13:23,2,8,178.02
2026-08-20,Humira,17.38,12:13:53,2,8,178.03
2026-08-20,Humira,12.26,12:14:23,2,8,178.05
2026-08-20,Humira,10.47,12:14:53,2,8,178.06
2026-08-20,Humira,10.18,12:15:23,2,8,178.07
2026-08-20,Humira,11.48,12:15:53,2,8,178.08
2026-08-20,Humira,9.52,12:16:23,2,8,178.09
2026-08-20,Humira,13.68,12:16:53,2,8,178.1
2026-08-20,Humira,17.69,12:17:23,2,8,178.11
2026-08-20,Humira,16.71,12:17:53,2,8,178.12
2026-08-20,Humira,11.01,12:18:23,2,8,178.13
2026-08-20,Humira,9.14,12:18:53,2,8,178.14
2026-08-20,Humira,13.48,12:19:23,2,8,178.15
2026-08-20,Humira,4.98,12:19:53,2,8,0.0
2026-08-20,Humira,11.26,12:20:23,2,8,178.18
2026-08-20,Humira,17.13,12:20:53,2,8,178.19
2026-08-20,Humira,3.52,12:21:23,2,8,0.0
2026-08-20,Humira,4.78,12:21:53,2,8,0.0
2026-08-20,Humira,7.1,12:22:23,2,8,0.0
2026-08-20,Humira,10.23,12:22:53,2,8,178.23
2026-08-20,Humira,12.02,12:23:23,2,8,178.24
2026-08-20,Humira,14.55,12:23:53,2,8,178.25
2026-08-20,Humira,10.17,12:24:23,2,8,178.26
2026-08-20,Humira,14.23,12:24:53,2,8,178.27
2026-08-20,Humira,15.19,12:25:23,2,8,178.28
2026-08-20,Humira,7.63,12:25:53,2,8,0.0
2026-08-20,Humira,2.23,12:26:23,2,8,0.0
2026-08-20,Humira,15.03,12:26:53,2,8,178.32
2026-08-20,Humira,3.75,12:27:23,2,8,0.0
2026-08-20,Humira,16.54,12:27:53,2,8,178.34
2026-08-20,Humira,15.32,12:28:23,2,8,178.35
2026-08-20,Humira,4.69,12:28:53,2,8,0.0
2026-08-20,Humira,7.9,12:29:23,2,8,0.0
2026-08-20,Humira,9.19,12:29:53,2,8,178.38
2026-08-20,Humira,9.72,12:30:23,2,8,178.39
2026-08-20,Humira,10.64,12:30:53,2,8,178.4
2026-08-20,Humira,15.47,12:31:23,2,8,178.41
2026-08-20,Humira,6.78,12:31:53,2,8,0.0
2026-08-20,Humira,3.03,12:32:23,2,8,0.0
2026-08-20,Humira,12.8,12:32:53,2,8,178.45
2026-08-20,Humira,14.36,12:33:23,2,8,178.46
2026-08-20,Humira,17.19,12:33:53,2,8,178.47
2026-08-20,Humira,12.18,12:34:23,2,8,178.48
2026-08-20,Humira,10.58,12:34:53,2,8,178.49
2026-08-20,Humira,5.59,12:35:23,2,8,0.0
2026-08-20,Humira,17.06,12:35:53,2,8,178.51
2026-08-20,Humira,11.7,12:36:23,2,8,178.52
2026-08-20,Humira,17.47,12:36:53,2,8,178.53
2026-08-20,Humira,4.09,12:37:23,2,8,0.0
2026-08-20,Humira,15.69,12:37:53,2,8,178.56
2026-08-20,Humira,7.51,12:38:23,2,8,0.0
2026-08-20,Humira,16.56,12:38:53,2,8,178.58
2026-08-20,Humira,11.72,12:39:23,2,8,178.59
2026-08-20,Humira,7.93,12:39:53,2,8,0.0
2026-08-20,Humira,16.15,12:40:23,2,8,178.61
2026-08-20,Humira,5.24,12:40:53,2,8,0.0
2026-08-20,Humira,12.44,12:41:23,2,8,178.63
2026-08-20,Humira,7.69,12:41:53,2,8,0.0
2026-08-20,Humira,14.81,12:42:23,2,8,178.65
2026-08-20,Humira,9.44,12:42:53,2,8,178.66
2026-08-20,Humira,12.11,12:43:23,2,8,178.67
2026-08-20,Humira,17.15,12:43:53,2,8,178.69
2026-08-20,Humira,4.74,12:44:23,2,8,0.0
2026-08-20,Humira,13.4,12:44:53,2,8,178.71
2026-08-20,Humira,14.92,12:45:23,2,8,178.72
2026-08-20,Humira,6.28,12:45:53,2,8,0.0
2026-08-20,Humira,16.3,12:46:23,2,8,178.74
2026-08-20,Humira,11.02,12:46:53,2,8,178.75
2026-08-20,Humira,17.46,12:47:23,2,8,178.76
2026-08-20,Humira,17.08,12:47:53,2,8,178.77
2026-08-20,Humira,17.01,12:48:23,2,8,178.78
2026-08-20,Humira,11.66,12:48:53,2,8,178.79
2026-08-20,Humira,9.8,12:49:23,2,8,178.8
2026-08-20,Humira,16.53,12:49:53,2,8,178.82
2026-08-20,Humira,14.4,12:50:23,2,8,178.83
2026-08-20,Humira,4.05,12:50:53,2,8,0.0
2026-08-20,Humira,11.64,12:51:23,2,8,178.85
2026-08-20,Humira,16.64,12:51:53,2,8,178.86
2026-08-20,Humira,16.76,12:52:23,2,8,178.87
2026-08-20,Humira,14.26,12:52:53,2,8,178.88
2026-08-20,Humira,17.41,12:53:23,2,8,178.89
2026-08-20,Humira,12.38,12:53:53,2,8,178.9
2026-08-20,Humira,15.37,12:54:23,2,8,178.91
2026-08-20,Humira,9.82,12:54:53,2,8,178.92
2026-08-20,Humira,12.18,12:55:23,2,8,178.93
2026-08-20,Humira,10.3,12:55:53,2,8,178.95
2026-08-20,Humira,9.49,12:56:23,2,8,178.96
2026-08-20,Humira,9.04,12:56:53,2,8,178.97
2026-08-20,Humira,13.46,12:57:23,2,8,178.98
2026-08-20,Humira,16.03,12:57:53,2,8,178.99
2026-08-20,Humira,2.06,12:58:23,2,8,0.0
2026-08-20,Humira,14.52,12:58:53,2,8,179.01
2026-08-20,Humira,12.67,12:59:23,2,8,179.02
2026-08-20,Humira,15.4,12:59:53,2,8,179.03
2026-08-20,Humira,5.18,13:00:23,2,8,0.0
2026-08-20,Humira,15.54,13:00:53,2,8,179.05
2026-08-20,Humira,14.83,13:01:23,2,8,179.06
2026-08-20,Humira,6.06,13:01:53,2,8,0.0
2026-08-20,Humira,13.21,13:02:23,2,8,179.09
2026-08-20,Humira,10.16,13:02:53,2,8,179.1
2026-08-20,Humira,6.05,13:03:23,2,8,0.0
2026-08-20,Humira,4.84,13:03:53,2,8,0.0
2026-08-20,Humira,4.97,13:04:23,2,8,0.0
2026-08-20,Humira,9.29,13:04:53,2,8,179.14
2026-08-20,Humira,15.11,13:05:23,2,8,179.15
2026-08-20,Humira,9.86,13:05:53,2,8,179.16
2026-08-20,Humira,2.33,13:06:23,2,8,0.0
2026-08-20,Humira,14.42,13:06:53,2,8,179.18
2026-08-20,Humira,15.58,13:07:23,2,8,179.19
2026-08-20,Humira,11.42,13:07:53,2,8,179.21
2026-08-20,Humira,10.08,13:08:23,2,8,179.22
2026-08-20,Humira,16.29,13:08:53,2,8,179.23
2026-08-20,Humira,14.31,13:09:23,2,8,179.24
2026-08-20,Humira,15.31,13:09:53,2,8,179.25
2026-08-20,Humira,5.9,13:10:23,2,8,0.0
2026-08-20,Humira,12.2,13:10:53,2,8,179.27
2026-08-20,Humira,12.46,13:11:23,2,8,179.28
2026-08-20,Humira,6.52,13:11:53,2,8,0.0
2026-08-20,Humira,2.18,13:12:23,2,8,0.0
2026-08-20,Humira,15.83,13:12:53,2,8,179.31
2026-08-20,Humira,10.39,13:13:23,2,8,179.32
2026-08-20,Humira,7.13,13:13:53,2,8,0.0
2026-08-20,Humira,16.91,13:14:23,2,8,179.35
2026-08-20,Humira,4.11,13:14:53,2,8,0.0
2026-08-20,Humira,7.1,13:15:23,2,8,0.0
2026-08-20,Humira,15.22,13:15:53,2,8,179.38
2026-08-20,Humira,17.6,13:16:23,2,8,179.39
2026-08-20,Humira,3.07,13:16:53,2,8,0.0
2026-08-20,Humira,7.38,13:17:23,2,8,0.0
2026-08-20,Humira,10.45,13:17:53,2,8,179.42
2026-08-20,Humira,15.52,13:18:23,2,8,179.43
2026-08-20,Humira,3.59,13:18:53,2,8,0.0
2026-08-20,Humira,6.11,13:19:23,2,8,0.0
2026-08-20,Humira,3.37,13:19:53,2,8,0.0
2026-08-20,Humira,2.51,13:20:23,2,8,0.0
2026-08-20,Humira,4.27,13:20:53,2,8,0.0
2026-08-20,Humira,11.49,13:21:23,2,8,179.5
2026-08-20,Humira,9.62,13:21:53,2,8,179.51
2026-08-20,Humira,15.22,13:22:23,2,8,179.52
2026-08-20,Humira,14.96,13:22:53,2,8,179.53
2026-08-20,Humira,11.88,13:23:23,2,8,179.54
2026-08-20,Humira,16.25,13:23:53,2,8,179.55
2026-08-20,Humira,9.96,13:24:23,2,8,179.56
2026-08-20,Humira,16.35,13:24:53,2,8,179.57
2026-08-20,Humira,9.06,13:25:23,2,8,179.58
2026-08-20,Humira,4.12,13:25:53,2,8,0.0
2026-08-20,Humira,10.57,13:26:23,2,8,179.61
2026-08-20,Humira,14.48,13:26:53,2,8,179.62
2026-08-20,Humira,12.09,13:27:23,2,8,179.63
2026-08-20,Humira,17.39,13:27:53,2,8,179.64
2026-08-20,Humira,3.36,13:28:23,2,8,0.0
2026-08-20,Humira,11.03,13:28:53,2,8,179.66
2026-08-20,Humira,7.26,13:29:23,2,8,0.0
2026-08-20,Humira,10.89,13:29:53,2,8,179.68
2026-08-20,Humira,6.81,13:30:23,2,8,0.0
2026-08-20,Humira,12.33,13:30:53,2,8,179.7
2026-08-20,Humira,4.24,13:31:23,2,8,0.0
2026-08-20,Humira,13.49,13:31:53,2,8,179.72
2026-08-20,Humira,14.1,13:32:23,2,8,179.74
2026-08-20,Humira,10.54,13:32:53,2,8,179.75
2026-08-20,Humira,17.36,13:33:23,2,8,179.76
2026-08-20,Humira,10.63,13:33:53,2,8,179.77
2026-08-20,Humira,12.12,13:34:23,2,8,179.78
2026-08-20,Humira,17.29,13:34:53,2,8,179.79
2026-08-20,Humira,9.39,13:35:23,2,8,179.8
2026-08-20,Humira,6.21,13:35:53,2,8,0.0
2026-08-20,Humira,17.77,13:36:23,2,8,179.82
2026-08-20,Humira,9.6,13:36:53,2,8,179.83
2026-08-20,Humira,15.88,13:37:23,2,8,179.84
2026-08-20,Humira,15.56,13:37:53,2,8,179.85
2026-08-20,Humira,13.63,13:38:23,2,8,179.87
2026-08-20,Humira,11.51,13:38:53,2,8,179.88
2026-08-20,Humira,13.55,13:39:23,2,8,179.89
2026-08-20,Humira,12.26,13:39:53,2,8,179.9
2026-08-20,Humira,4.53,13:40:23,2,8,0.0
2026-08-20,Humira,14.41,13:40:53,2,8,179.92
2026-08-20,Humira,12.75,13:41:23,2,8,179.93
2026-08-20,Humira,14.61,13:41:53,2,8,179.94
2026-08-20,Humira,3.14,13:42:23,2,8,0.0
2026-08-20,Humira,10.19,13:42:53,2,8,179.96
2026-08-20,Humira,11.67,13:43:23,2,8,179.97
2026-08-20,Humira,14.01,13:43:53,2,8,179.98
2026-08-20,Humira,12.01,13:44:23,2,8,180.0
2026-08-20,Humira,3.68,13:44:53,2,8,0.0
2026-08-20,Humira,4.43,13:45:23,2,8,0.0
2026-08-20,Humira,6.66,13:45:53,2,8,0.0
2026-08-20,Humira,7.82,13:46:23,2,8,0.0
2026-08-20,Humira,4.93,13:46:53,2,8,0.0
2026-08-20,Humira,7.6,13:47:23,2,8,0.0
2026-08-20,Humira,15.98,13:47:53,2,8,180.07
2026-08-20,Humira,13.33,13:48:23,2,8,180.08
2026-08-20,Humira,16.0,13:48:53,2,8,180.09
2026-08-20,Humira,14.36,13:49:23,2,8,180.1
2026-08-20,Humira,13.34,13:49:53,2,8,180.12
2026-08-20,Humira,17.41,13:50:23,2,8,180.13
2026-08-20,Humira,3.54,13:50:53,2,8,0.0
2026-08-20,Humira,6.0,13:51:23,2,8,0.0
2026-08-20,Humira,4.58,13:51:53,2,8,0.0
2026-08-20,Humira,14.44,13:52:23,2,8,180.17
2026-08-20,Humira,2.18,13:52:53,2,8,0.0
2026-08-20,Humira,15.01,13:53:23,2,8,180.19
2026-08-20,Humira,5.41,13:53:53,2,8,0.0
2026-08-20,Humira,5.6,13:54:23,2,8,0.0
2026-08-20,Humira,16.09,13:54:53,2,8,180.22
2026-08-20,Humira,7.01,13:55:23,2,8,0.0
2026-08-20,Humira,13.82,13:55:53,2,8,180.25
2026-08-20,Humira,10.36,13:56:23,2,8,180.26
2026-08-20,Humira,7.77,13:56:53,2,8,0.0
2026-08-20,Humira,11.62,13:57:23,2,8,180.28
2026-08-20,Humira,9.58,13:57:53,2,8,180.29
2026-08-20,Humira,15.93,13:58:23,2,8,180.3
2026-08-20,Humira,13.25,13:58:53,2,8,180.31
2026-08-20,Humira,2.78,13:59:23,2,8,0.0
2026-08-20,Humira,2.53,13:59:53,2,8,0.0
2026-08-20,Humira,12.83,14:00:23,2,8,180.34
2026-08-20,Humira,15.6,14:00:53,2,8,180.35
2026-08-20,Humira,5.37,14:01:23,2,8,0.0
2026-08-20,Humira,7.82,14:01:53,2,8,0.0
2026-08-20,Humira,15.42,14:02:23,2,8,180.39
2026-08-20,Humira,4.21,14:02:53,2,8,0.0
2026-08-20,Humira,4.35,14:03:23,2,8,0.0
2026-08-20,Humira,5.14,14:03:53,2,8,0.0
2026-08-20,Humira,17.39,14:04:23,2,8,180.43
2026-08-20,Humira,10.36,14:04:53,2,8,180.44
2026-08-20,Humira,17.57,14:05:23,2,8,180.45
2026-08-20,Humira,17.35,14:05:53,2,8,180.46
2026-08-20,Humira,9.37,14:06:23,2,8,180.47
2026-08-20,Humira,17.06,14:06:53,2,8,180.48
2026-08-20,Humira,4.76,14:07:23,2,8,0.0
2026-08-20,Humira,16.38,14:07:53,2,8,180.5
2026-08-20,Humira,16.67,14:08:23,2,8,180.52
2026-08-20,Humira,16.74,14:08:53,2,8,180.53
2026-08-20,Humira,16.58,14:09:23,2,8,180.54
2026-08-20,Humira,13.45,14:09:53,2,8,180.55
2026-08-20,Humira,13.86,14:10:23,2,8,180.56
2026-08-20,Humira,12.56,14:10:53,2,8,180.57
2026-08-20,Humira,3.48,14:11:23,2,8,0.0
2026-08-20,Humira,16.62,14:11:53,2,8,180.59
2026-08-20,Humira,3.98,14:12:23,2,8,0.0
2026-08-20,Humira,16.13,14:12:53,2,8,180.61
2026-08-20,Humira,7.89,14:13:23,2,8,0.0
2026-08-20,Humira,12.1,14:13:53,2,8,180.63
2026-08-20,Humira,4.44,14:14:23,2,8,0.0
2026-08-20,Humira,17.63,14:14:53,2,8,180.66
2026-08-20,Humira,12.59,14:15:23,2,8,180.67
2026-08-20,Humira,4.06,14:15:53,2,8,0.0
2026-08-20,Humira,7.95,14:16:23,2,8,0.0
2026-08-20,Humira,10.69,14:16:53,2,8,180.7
2026-08-20,Humira,16.77,14:17:23,2,8,180.71
2026-08-20,Humira,3.7,14:17:53,2,8,0.0
2026-08-20,Humira,14.15,14:18:23,2,8,180.73
2026-08-20,Humira,7.47,14:18:53,2,8,0.0
2026-08-20,Humira,3.81,14:19:23,2,8,0.0
2026-08-20,Humira,2.35,14:19:53,2,8,0.0
2026-08-20,Humira,10.3,14:20:23,2,8,180.78
2026-08-20,Humira,12.66,14:20:53,2,8,180.79
2026-08-20,Humira,11.73,14:21:23,2,8,180.8
2026-08-20,Humira,7.6,14:21:53,2,8,0.0
2026-08-20,Humira,3.75,14:22:23,2,8,0.0
2026-08-20,Humira,5.24,14:22:53,2,8,0.0
2026-08-20,Humira,15.91,14:23:23,2,8,180.84
2026-08-20,Humira,16.7,14:23:53,2,8,180.85
2026-08-20,Humira,5.91,14:24:23,2,8,0.0
2026-08-20,Humira,9.4,14:24:53,2,8,180.87
2026-08-20,Humira,9.45,14:25:23,2,8,180.88
2026-08-20,Humira,16.3,14:25:53,2,8,180.9
2026-08-20,Humira,12.69,14:26:23,2,8,180.91
2026-08-20,Humira,11.71,14:26:53,2,8,180.92
2026-08-20,Humira,5.3,14:27:23,2,8,0.0
2026-08-20,Humira,16.03,14:27:53,2,8,180.94
2026-08-20,Humira,15.14,14:28:23,2,8,180.95
2026-08-20,Humira,11.84,14:28:53,2,8,180.96
2026-08-20,Humira,7.27,14:29:23,2,8,0.0
2026-08-20,Humira,16.53,14:29:53,2,8,180.98
2026-08-20,Humira,10.86,14:30:23,2,8,180.99
2026-08-20,Humira,16.5,14:30:53,2,8,181.0
2026-08-20,Humira,14.38,14:31:23,2,8,181.01
2026-08-20,Humira,2.77,14:31:53,2,8,0.0
2026-08-20,Humira,7.6,14:32:23,2,8,0.0
2026-08-20,Humira,15.06,14:32:53,2,8,181.05
2026-08-20,Humira,15.82,14:33:23,2,8,181.06
2026-08-20,Humira,14.18,14:33:53,2,8,181.07
2026-08-20,Humira,2.75,14:34:23,2,8,0.0
2026-08-20,Humira,15.16,14:34:53,2,8,181.09
2026-08-20,Humira,7.45,14:35:23,2,8,0.0
2026-08-20,Humira,6.47,14:35:53,2,8,0.0
2026-08-20,Humira,15.71,14:36:23,2,8,181.12
2026-08-20,Humira,11.42,14:36:53,2,8,181.13
2026-08-20,Humira,13.55,14:37:23,2,8,181.14
2026-08-20,Humira,17.47,14:37:53,2,8,181.16
2026-08-20,Humira,12.95,14:38:23,2,8,181.17
2026-08-20,Humira,13.68,14:38:53,2,8,181.18
2026-08-20,Humira,13.22,14:39:23,2,8,181.19
2026-08-20,Humira,5.55,14:39:53,2,8,0.0
2026-08-20,Humira,11.6,14:40:23,2,8,181.21
2026-08-20,Humira,16.08,14:40:53,2,8,181.22
2026-08-20,Humira,7.25,14:41:23,2,8,0.0
2026-08-20,Humira,7.69,14:41:53,2,8,0.0
2026-08-20,Humira,13.42,14:42:23,2,8,181.25
2026-08-20,Humira,7.71,14:42:53,2,8,0.0
2026-08-20,Humira,10.9,14:43:23,2,8,181.27
2026-08-20,Humira,3.94,14:43:53,2,8,0.0
2026-08-20,Humira,9.66,14:44:23,2,8,181.3
2026-08-20,Humira,7.56,14:44:53,2,8,0.0
2026-08-20,Humira,2.2,14:45:23,2,8,0.0
2026-08-20,Humira,16.17,14:45:53,2,8,181.33
2026-08-20,Humira,16.39,14:46:23,2,8,181.34
2026-08-20,Humira,5.75,14:46:53,2,8,0.0
2026-08-20,Humira,17.56,14:47:23,2,8,181.36
2026-08-20,Humira,3.35,14:47:53,2,8,0.0
2026-08-20,Humira,14.72,14:48:23,2,8,181.38
2026-08-20,Humira,6.28,14:48:53,2,8,0.0
2026-08-20,Humira,2.03,14:49:23,2,8,0.0
2026-08-20,Humira,9.68,14:49:53,2,8,181.42
2026-08-20,Humira,3.0,14:50:23,2,8,0.0
2026-08-20,Humira,14.16,14:50:53,2,8,181.44
2026-08-20,Humira,4.95,14:51:23,2,8,0.0
2026-08-20,Humira,14.14,14:51:53,2,8,181.46
2026-08-20,Humira,10.0,14:52:23,2,8,181.47
2026-08-20,Humira,2.24,14:52:53,2,8,0.0
2026-08-20,Humira,5.27,14:53:23,2,8,0.0
2026-08-20,Humira,17.86,14:53:53,2,8,181.5
2026-08-20,Humira,16.33,14:54:23,2,8,181.51
2026-08-20,Humira,9.27,14:54:53,2,8,181.52
2026-08-20,Humira,15.7,14:55:23,2,8,181.53
2026-08-20,Humira,9.24,14:55:53,2,8,181.55
2026-08-20,Humira,5.99,14:56:23,2,8,0.0
2026-08-20,Humira,9.78,14:56:53,2,8,181.57
2026-08-20,Humira,14.22,14:57:23,2,8,181.58
2026-08-20,Humira,6.92,14:57:53,2,8,0.0
2026-08-20,Humira,13.88,14:58:23,2,8,181.6
2026-08-20,Humira,14.39,14:58:53,2,8,181.61
2026-08-20,Humira,14.19,14:59:23,2,8,181.62
2026-08-20,Humira,7.37,14:59:53,2,8,0.0
2026-08-20,Humira,13.88,15:00:23,2,8,181.64
2026-08-20,Humira,7.59,15:00:53,2,8,0.0
2026-08-20,Humira,5.89,15:01:23,2,8,0.0
2026-08-20,Humira,12.32,15:01:53,2,8,181.68
2026-08-20,Humira,10.85,15:02:23,2,8,181.69
2026-08-20,Humira,13.4,15:02:53,2,8,181.7
2026-08-20,Humira,13.25,15:03:23,2,8,181.71
2026-08-20,Humira,3.45,15:03:53,2,8,0.0
2026-08-20,Humira,9.48,15:04:23,2,8,181.73
2026-08-20,Humira,4.59,15:04:53,2,8,0.0
2026-08-20,Humira,16.27,15:05:23,2,8,181.75
2026-08-20,Humira,7.06,15:05:53,2,8,0.0
2026-08-20,Humira,15.85,15:06:23,2,8,181.77
2026-08-20,Humira,5.35,15:06:53,2,8,0.0
2026-08-20,Humira,9.52,15:07:23,2,8,181.79
2026-08-20,Humira,10.92,15:07:53,2,8,181.81
2026-08-20,Humira,10.12,15:08:23,2,8,181.82
2026-08-20,Humira,12.19,15:08:53,2,8,181.83
2026-08-20,Humira,16.51,15:09:23,2,8,181.84
2026-08-20,Humira,10.21,15:09:53,2,8,181.85
2026-08-20,Humira,6.6,15:10:23,2,8,0.0
2026-08-20,Humira,14.09,15:10:53,2,8,181.87
2026-08-20,Humira,6.95,15:11:23,2,8,0.0
2026-08-20,Humira,6.98,15:11:53,2,8,0.0
2026-08-20,Humira,13.98,15:12:23,2,8,181.9
2026-08-20,Humira,4.92,15:12:53,2,8,0.0
2026-08-20,Humira,15.54,15:13:23,2,8,181.92
2026-08-20,Humira,11.29,15:13:53,2,8,181.94
2026-08-20,Humira,12.27,15:14:23,2,8,181.95
2026-08-20,Humira,7.64,15:14:53,2,8,0.0
2026-08-20,Humira,2.96,15:15:23,2,8,0.0
2026-08-20,Humira,10.37,15:15:53,2,8,181.98
2026-08-20,Humira,17.04,15:16:23,2,8,181.99
2026-08-20,Humira,9.27,15:16:53,2,8,182.0
2026-08-20,Humira,16.12,15:17:23,2,8,182.01
2026-08-20,Humira,2.04,15:17:53,2,8,0.0
2026-08-20,Humira,14.8,15:18:23,2,8,182.03
2026-08-20,Humira,16.71,15:18:53,2,8,182.04
2026-08-20,Humira,15.99,15:19:23,2,8,182.05
2026-08-20,Humira,14.12,15:19:53,2,8,182.07
2026-08-20,Humira,16.99,15:20:23,2,8,182.08
2026-08-20,Humira,10.34,15:20:53,2,8,182.09
2026-08-20,Humira,7.33,15:21:23,2,8,0.0
2026-08-20,Humira,15.07,15:21:53,2,8,182.11
2026-08-20,Humira,10.99,15:22:23,2,8,182.12
2026-08-20,Humira,6.95,15:22:53,2,8,0.0
2026-08-20,Humira,14.38,15:23:23,2,8,182.14
2026-08-20,Humira,13.06,15:23:53,2,8,182.15
2026-08-20,Humira,7.9,15:24:23,2,8,0.0
2026-08-20,Humira,10.72,15:24:53,2,8,182.17
2026-08-20,Humira,2.74,15:25:23,2,8,0.0
2026-08-20,Humira,4.15,15:25:53,2,8,0.0
2026-08-20,Humira,17.97,15:26:23,2,8,182.21
2026-08-20,Humira,10.19,15:26:53,2,8,182.22
2026-08-20,Humira,7.93,15:27:23,2,8,0.0
2026-08-20,Humira,5.06,15:27:53,2,8,0.0
2026-08-20,Humira,10.3,15:28:23,2,8,182.25
2026-08-20,Humira,7.23,15:28:53,2,8,0.0
2026-08-20,Humira,5.85,15:29:23,2,8,0.0
2026-08-20,Humira,6.67,15:29:53,2,8,0.0
2026-08-20,Humira,10.1,15:30:23,2,8,182.29
2026-08-20,Humira,5.67,15:30:53,2,8,0.0
2026-08-20,Humira,12.56,15:31:23,2,8,182.31
2026-08-20,Humira,15.17,15:31:53,2,8,182.33
2026-08-20,Humira,7.78,15:32:23,2,8,0.0
2026-08-20,Humira,16.97,15:32:53,2,8,182.35
2026-08-20,Humira,13.18,15:33:23,2,8,182.36
2026-08-20,Humira,10.78,15:33:53,2,8,182.37
2026-08-20,Humira,17.24,15:34:23,2,8,182.38
2026-08-20,Humira,11.16,15:34:53,2,8,182.39
2026-08-20,Humira,15.21,15:35:23,2,8,182.4
2026-08-20,Humira,15.23,15:35:53,2,8,182.41
2026-08-20,Humira,12.63,15:36:23,2,8,182.42
2026-08-20,Humira,17.16,15:36:53,2,8,182.43
2026-08-20,Humira,12.49,15:37:23,2,8,182.44
2026-08-20,Humira,7.71,15:37:53,2,8,0.0
2026-08-20,Humira,17.37,15:38:23,2,8,182.47
2026-08-20,Humira,4.94,15:38:53,2,8,0.0
2026-08-20,Humira,6.91,15:39:23,2,8,0.0
2026-08-20,Humira,9.97,15:39:53,2,8,182.5
2026-08-20,Humira,9.71,15:40:23,2,8,182.51
2026-08-20,Humira,16.26,15:40:53,2,8,182.52
2026-08-20,Humira,13.23,15:41:23,2,8,182.53
2026-08-20,Humira,5.34,15:41:53,2,8,0.0
2026-08-20,Humira,12.29,15:42:23,2,8,182.55
2026-08-20,Humira,10.29,15:42:53,2,8,182.56
2026-08-20,Humira,6.29,15:43:23,2,8,0.0
2026-08-20,Humira,9.07,15:43:53,2,8,182.58
2026-08-20,Humira,17.83,15:44:23,2,8,182.6
2026-08-20,Humira,11.69,15:44:53,2,8,182.61
2026-08-20,Humira,11.4,15:45:23,2,8,182.62
2026-08-20,Humira,16.48,15:45:53,2,8,182.63
2026-08-20,Humira,16.16,15:46:23,2,8,182.64
2026-08-20,Humira,14.52,15:46:53,2,8,182.65
2026-08-20,Humira,5.35,15:47:23,2,8,0.0
2026-08-20,Humira,6.4,15:47:53,2,8,0.0
2026-08-20,Humira,5.0,15:48:23,2,8,0.0
2026-08-20,Humira,16.71,15:48:53,2,8,182.69
2026-08-20,Humira,17.51,15:49:23,2,8,182.7
2026-08-20,Humira,4.69,15:49:53,2,8,0.0
2026-08-20,Humira,12.44,15:50:23,2,8,182.73
2026-08-20,Humira,14.8,15:50:53,2,8,182.74
2026-08-20,Humira,13.68,15:51:23,2,8,182.75
2026-08-20,Humira,16.96,15:51:53,2,8,182.76
2026-08-20,Humira,17.91,15:52:23,2,8,182.77
2026-08-20,Humira,10.73,15:52:53,2,8,182.78
2026-08-20,Humira,4.03,15:53:23,2,8,0.0
2026-08-20,Humira,12.48,15:53:53,2,8,182.8
2026-08-20,Humira,6.54,15:54:23,2,8,0.0
2026-08-20,Humira,16.66,15:54:53,2,8,182.82
2026-08-20,Humira,6.32,15:55:23,2,8,0.0
2026-08-20,Humira,5.34,15:55:53,2,8,0.0
2026-08-20,Humira,3.84,15:56:23,2,8,0.0
2026-08-20,Humira,5.6,15:56:53,2,8,0.0
2026-08-20,Humira,5.04,15:57:23,2,8,0.0
2026-08-20,Humira,6.72,15:57:53,2,8,0.0
2026-08-20,Humira,11.26,15:58:23,2,8,182.9
2026-08-20,Humira,12.58,15:58:53,2,8,182.91
2026-08-20,Humira,9.29,15:59:23,2,8,182.92
2026-08-20,Humira,2.19,15:59:53,2,8,0.0
2026-08-20,Humira,13.55,16:00:23,2,8,182.94
2026-08-20,Humira,7.9,16:00:53,2,8,0.0
2026-08-20,Humira,17.74,16:01:23,2,8,182.96
2026-08-20,Humira,11.66,16:01:53,2,8,182.97
2026-08-20,Humira,15.93,16:02:23,2,8,182.99
2026-08-20,Humira,14.87,16:02:53,2,8,183.0
2026-08-20,Humira,11.44,16:03:23,2,8,183.01
2026-08-20,Humira,16.01,16:03:53,2,8,183.02
2026-08-20,Humira,9.26,16:04:23,2,8,183.03
2026-08-20,Humira,2.74,16:04:53,2,8,0.0
2026-08-20,Humira,3.42,16:05:23,2,8,0.0
2026-08-20,Humira,15.38,16:05:53,2,8,183.06
2026-08-20,Humira,17.8,16:06:23,2,8,183.07
2026-08-20,Humira,4.6,16:06:53,2,8,0.0
2026-08-20,Humira,5.66,16:07:23,2,8,0.0
2026-08-20,Humira,12.24,16:07:53,2,8,183.1
2026-08-20,Humira,17.78,16:08:23,2,8,183.12
2026-08-20,Humira,9.91,16:08:53,2,8,183.13
2026-08-20,Humira,13.07,16:09:23,2,8,183.14
2026-08-20,Humira,5.49,16:09:53,2,8,0.0
2026-08-20,Humira,15.34,16:10:23,2,8,183.16
2026-08-20,Humira,16.06,16:10:53,2,8,183.17
2026-08-20,Humira,6.07,16:11:23,2,8,0.0
2026-08-20,Humira,5.91,16:11:53,2,8,0.0
2026-08-20,Humira,13.23,16:12:23,2,8,183.2
2026-08-20,Humira,6.48,16:12:53,2,8,0.0
2026-08-20,Humira,16.04,16:13:23,2,8,183.22
2026-08-20,Humira,6.13,16:13:53,2,8,0.0
2026-08-20,Humira,4.37,16:14:23,2,8,0.0
2026-08-20,Humira,5.85,16:14:53,2,8,0.0
2026-08-20,Humira,4.08,16:15:23,2,8,0.0
2026-08-20,Humira,9.17,16:15:53,2,8,183.28
2026-08-20,Humira,14.73,16:16:23,2,8,183.29
2026-08-20,Humira,9.21,16:16:53,2,8,183.3
2026-08-20,Humira,16.67,16:17:23,2,8,183.31
2026-08-20,Humira,3.62,16:17:53,2,8,0.0
2026-08-20,Humira,16.88,16:18:23,2,8,183.33
2026-08-20,Humira,15.08,16:18:53,2,8,183.34
2026-08-20,Humira,10.85,16:19:23,2,8,183.35
2026-08-20,Humira,5.64,16:19:53,2,8,0.0
2026-08-20,Humira,16.08,16:20:23,2,8,183.38
2026-08-20,Humira,11.51,16:20:53,2,8,183.39
2026-08-20,Humira,13.91,16:21:23,2,8,183.4
2026-08-20,Humira,2.66,16:21:53,2,8,0.0
2026-08-20,Humira,10.85,16:22:23,2,8,183.42
2026-08-20,Humira,17.54,16:22:53,2,8,183.43
2026-08-20,Humira,9.6,16:23:23,2,8,183.44
2026-08-20,Humira,6.63,16:23:53,2,8,0.0
2026-08-20,Humira,14.84,16:24:23,2,8,183.46
2026-08-20,Humira,10.95,16:24:53,2,8,183.47
2026-08-20,Humira,16.53,16:25:23,2,8,183.48
2026-08-20,Humira,17.92,16:25:53,2,8,183.5
2026-08-20,Humira,10.87,16:26:23,2,8,183.51
2026-08-20,Humira,17.64,16:26:53,2,8,183.52
2026-08-20,Humira,2.14,16:27:23,2,8,0.0
2026-08-20,Humira,9.97,16:27:53,2,8,183.54
2026-08-20,Humira,14.8,16:28:23,2,8,183.55
2026-08-20,Humira,10.98,16:28:53,2,8,183.56
2026-08-20,Humira,17.1,16:29:23,2,8,183.57
2026-08-20,Humira,10.89,16:29:53,2,8,183.58
2026-08-20,Humira,13.23,16:30:23,2,8,183.59
2026-08-20,Humira,11.16,16:30:53,2,8,183.6
2026-08-20,Humira,13.8,16:31:23,2,8,183.61
2026-08-20,Humira,2.11,16:31:53,2,8,0.0
2026-08-20,Humira,9.54,16:32:23,2,8,183.64
2026-08-20,Humira,3.67,16:32:53,2,8,0.0
2026-08-20,Humira,7.18,16:33:23,2,8,0.0
2026-08-20,Humira,9.95,16:33:53,2,8,183.67
2026-08-20,Humira,4.52,16:34:23,2,8,0.0
2026-08-20,Humira,15.78,16:34:53,2,8,183.69
2026-08-20,Humira,15.28,16:35:23,2,8,183.7
2026-08-20,Humira,10.22,16:35:53,2,8,183.71
2026-08-20,Humira,2.98,16:36:23,2,8,0.0
2026-08-20,Humira,17.88,16:36:53,2,8,183.73
2026-08-20,Humira,2.93,16:37:23,2,8,0.0
2026-08-20,Humira,16.97,16:37:53,2,8,183.75
2026-08-20,Humira,14.48,16:38:23,2,8,183.77
2026-08-20,Humira,2.75,16:38:53,2,8,0.0
2026-08-20,Humira,17.68,16:39:23,2,8,183.79
2026-08-20,Humira,11.58,16:39:53,2,8,183.8
2026-08-20,Humira,12.99,16:40:23,2,8,183.81
2026-08-20,Humira,3.7,16:40:53,2,8,0.0
2026-08-20,Humira,12.7,16:41:23,2,8,183.83
2026-08-20,Humira,6.55,16:41:53,2,8,0.0
2026-08-20,Humira,17.94,16:42:23,2,8,183.85
2026-08-20,Humira,11.93,16:42:53,2,8,183.86
2026-08-20,Humira,12.36,16:43:23,2,8,183.87
2026-08-20,Humira,2.28,16:43:53,2,8,0.0
2026-08-20,Humira,6.48,16:44:23,2,8,0.0
2026-08-20,Humira,6.3,16:44:53,2,8,0.0
2026-08-20,Humira,11.8,16:45:23,2,8,183.92
2026-08-20,Humira,13.97,16:45:53,2,8,183.93
2026-08-20,Humira,3.73,16:46:23,2,8,0.0
2026-08-20,Humira,3.6,16:46:53,2,8,0.0
2026-08-20,Humira,2.85,16:47:23,2,8,0.0
2026-08-20,Humira,5.29,16:47:53,2,8,0.0
2026-08-20,Humira,17.46,16:48:23,2,8,183.98
2026-08-20,Humira,12.11,16:48:53,2,8,183.99
2026-08-20,Humira,6.57,16:49:23,2,8,0.0
2026-08-20,Humira,10.51,16:49:53,2,8,184.02
2026-08-20,Humira,3.49,16:50:23,2,8,0.0
2026-08-20,Humira,3.94,16:50:53,2,8,0.0
2026-08-20,Humira,14.01,16:51:23,2,8,184.05
2026-08-20,Humira,3.47,16:51:53,2,8,0.0
2026-08-20,Humira,10.85,16:52:23,2,8,184.07
2026-08-20,Humira,5.85,16:52:53,2,8,0.0
2026-08-20,Humira,7.35,16:53:23,2,8,0.0
2026-08-20,Humira,16.22,16:53:53,2,8,184.1
2026-08-20,Humira,4.97,16:54:23,2,8,0.0
2026-08-20,Humira,7.15,16:54:53,2,8,0.0
2026-08-20,Humira,4.31,16:55:23,2,8,0.0
2026-08-20,Humira,7.47,16:55:53,2,8,0.0
2026-08-20,Humira,5.17,16:56:23,2,8,0.0
2026-08-20,Humira,16.3,16:56:53,2,8,184.17
2026-08-20,Humira,16.68,16:57:23,2,8,184.18
2026-08-20,Humira,12.62,16:57:53,2,8,184.19
2026-08-20,Humira,15.03,16:58:23,2,8,184.2
2026-08-20,Humira,14.36,16:58:53,2,8,184.21
2026-08-20,Humira,2.1,16:59:23,2,8,0.0
2026-08-20,Humira,5.58,16:59:53,2,8,0.0
2026-08-20,Humira,16.09,17:00:23,2,8,184.24
2026-08-20,Humira,9.29,17:00:53,2,8,184.25
2026-08-20,Humira,9.21,17:01:23,2,8,184.26
2026-08-20,Humira,7.02,17:01:53,2,8,0.0
2026-08-20,Humira,10.98,17:02:23,2,8,184.29
2026-08-20,Humira,3.0,17:02:53,2,8,0.0
2026-08-20,Humira,13.06,17:03:23,2,8,184.31
2026-08-20,Humira,15.94,17:03:53,2,8,184.32
2026-08-20,Humira,9.13,17:04:23,2,8,184.33
2026-08-20,Humira,13.33,17:04:53,2,8,184.34
2026-08-20,Humira,11.42,17:05:23,2,8,184.35
2026-08-20,Humira,13.89,17:05:53,2,8,184.36
2026-08-20,Humira,3.54,17:06:23,2,8,0.0
2026-08-20,Humira,9.74,17:06:53,2,8,184.38
2026-08-20,Humira,7.41,17:07:23,2,8,0.0
2026-08-20,Humira,13.11,17:07:53,2,8,184.41
2026-08-20,Humira,15.47,17:08:23,2,8,184.42
2026-08-20,Humira,9.25,17:08:53,2,8,184.43
2026-08-20,Humira,9.42,17:09:23,2,8,184.44
2026-08-20,Humira,12.31,17:09:53,2,8,184.45
2026-08-20,Humira,17.74,17:10:23,2,8,184.46
2026-08-20,Humira,2.37,17:10:53,2,8,0.0
2026-08-20,Humira,7.94,17:11:23,2,8,0.0
2026-08-20,Humira,18.0,17:11:53,2,8,184.49
2026-08-20,Humira,12.86,17:12:23,2,8,184.5
2026-08-20,Humira,15.9,17:12:53,2,8,184.51
2026-08-20,Humira,6.87,17:13:23,2,8,0.0
2026-08-20,Humira,13.94,17:13:53,2,8,184.53
2026-08-20,Humira,3.48,17:14:23,2,8,0.0
2026-08-20,Humira,14.75,17:14:53,2,8,184.56
2026-08-20,Humira,2.27,17:15:23,2,8,0.0
2026-08-20,Humira,14.92,17:15:53,2,8,184.58
2026-08-20,Humira,13.67,17:16:23,2,8,184.59
2026-08-20,Humira,13.9,17:16:53,2,8,184.6
2026-08-20,Humira,12.76,17:17:23,2,8,184.61
2026-08-20,Humira,14.41,17:17:53,2,8,184.62
2026-08-20,Humira,14.74,17:18:23,2,8,184.63
2026-08-20,Humira,6.84,17:18:53,2,8,0.0
2026-08-20,Humira,16.17,17:19:23,2,8,184.65
2026-08-20,Humira,13.21,17:19:53,2,8,184.67
2026-08-20,Humira,7.49,17:20:23,2,8,0.0
2026-08-20,Humira,13.75,17:20:53,2,8,184.69
2026-08-20,Humira,10.16,17:21:23,2,8,184.7
2026-08-20,Humira,5.49,17:21:53,2,8,0.0
2026-08-20,Humira,9.19,17:22:23,2,8,184.72
2026-08-20,Humira,14.01,17:22:53,2,8,184.73
2026-08-20,Humira,16.31,17:23:23,2,8,184.74
2026-08-20,Humira,13.34,17:23:53,2,8,184.75
2026-08-20,Humira,16.18,17:24:23,2,8,184.76
2026-08-20,Humira,9.81,17:24:53,2,8,184.77
2026-08-20,Humira,5.7,17:25:23,2,8,0.0
2026-08-20,Humira,9.89,17:25:53,2,8,184.8
2026-08-20,Humira,15.48,17:26:23,2,8,184.81
2026-08-20,Humira,6.02,17:26:53,2,8,0.0
2026-08-20,Humira,14.71,17:27:23,2,8,184.83
2026-08-20,Humira,12.83,17:27:53,2,8,184.84
2026-08-20,Humira,6.89,17:28:23,2,8,0.0
2026-08-20,Humira,4.43,17:28:53,2,8,0.0
2026-08-20,Humira,15.06,17:29:23,2,8,184.87
2026-08-20,Humira,4.32,17:29:53,2,8,0.0
2026-08-20,Humira,17.45,17:30:23,2,8,184.89
2026-08-20,Humira,2.12,17:30:53,2,8,0.0
2026-08-20,Humira,6.44,17:31:23,2,8,0.0
2026-08-20,Humira,17.96,17:31:53,2,8,184.93
2026-08-20,Humira,10.04,17:32:23,2,8,184.94
2026-08-20,Humira,17.5,17:32:53,2,8,184.95
2026-08-20,Humira,12.28,17:33:23,2,8,184.96
2026-08-20,Humira,11.49,17:33:53,2,8,184.97
2026-08-20,Humira,5.13,17:34:23,2,8,0.0
2026-08-20,Humira,9.05,17:34:53,2,8,184.99
2026-08-20,Humira,7.14,17:35:23,2,8,0.0
2026-08-20,Humira,7.47,17:35:53,2,8,0.0
2026-08-20,Humira,10.25,17:36:23,2,8,185.02
2026-08-20,Humira,5.29,17:36:53,2,8,0.0
2026-08-20,Humira,16.54,17:37:23,2,8,185.04
2026-08-20,Humira,7.79,17:37:53,2,8,0.0
2026-08-20,Humira,10.12,17:38:23,2,8,185.07
2026-08-20,Humira,13.47,17:38:53,2,8,185.08
2026-08-20,Humira,10.08,17:39:23,2,8,185.09
2026-08-20,Humira,14.0,17:39:53,2,8,185.1
2026-08-20,Humira,12.85,17:40:23,2,8,185.11
2026-08-20,Humira,12.49,17:40:53,2,8,185.12
2026-08-20,Humira,7.77,17:41:23,2,8,0.0
2026-08-20,Humira,9.4,17:41:53,2,8,185.14
2026-08-20,Humira,13.79,17:42:23,2,8,185.15
2026-08-20,Humira,14.75,17:42:53,2,8,185.16
2026-08-20,Humira,17.17,17:43:23,2,8,185.17
2026-08-20,Humira,16.42,17:43:53,2,8,185.19
2026-08-20,Humira,14.6,17:44:23,2,8,185.2
2026-08-20,Humira,15.37,17:44:53,2,8,185.21
2026-08-20,Humira,3.4,17:45:23,2,8,0.0
2026-08-20,Humira,2.14,17:45:53,2,8,0.0
2026-08-20,Humira,10.82,17:46:23,2,8,185.24
2026-08-20,Humira,7.58,17:46:53,2,8,0.0
2026-08-20,Humira,9.3,17:47:23,2,8,185.26
2026-08-20,Humira,9.43,17:47:53,2,8,185.27
2026-08-20,Humira,7.18,17:48:23,2,8,0.0
2026-08-20,Humira,16.55,17:48:53,2,8,185.29
2026-08-20,Humira,13.26,17:49:23,2,8,185.3
2026-08-20,Humira,17.67,17:49:53,2,8,185.32
2026-08-20,Humira,17.96,17:50:23,2,8,185.33
2026-08-20,Humira,11.02,17:50:53,2,8,185.34
2026-08-20,Humira,6.43,17:51:23,2,8,0.0
2026-08-20,Humira,6.17,17:51:53,2,8,0.0
2026-08-20,Humira,5.14,17:52:23,2,8,0.0
2026-08-20,Humira,15.46,17:52:53,2,8,185.38
2026-08-20,Humira,3.17,17:53:23,2,8,0.0
2026-08-20,Humira,9.86,17:53:53,2,8,185.4
2026-08-20,Humira,12.53,17:54:23,2,8,185.41
2026-08-20,Humira,11.27,17:54:53,2,8,185.42
2026-08-20,Humira,7.9,17:55:23,2,8,0.0
2026-08-20,Humira,16.5,17:55:53,2,8,185.45
2026-08-20,Humira,4.2,17:56:23,2,8,0.0
2026-08-20,Humira,12.37,17:56:53,2,8,185.47
2026-08-20,Humira,12.13,17:57:23,2,8,185.48
2026-08-20,Humira,12.74,17:57:53,2,8,185.49
2026-08-20,Humira,5.11,17:58:23,2,8,0.0
2026-08-20,Humira,3.88,17:58:53,2,8,0.0
2026-08-20,Humira,17.59,17:59:23,2,8,185.52
2026-08-20,Humira,5.87,17:59:53,2,8,0.0
2026-08-20,Humira,2.75,18:00:23,2,8,0.0
2026-08-20,Humira,9.25,18:00:53,2,8,185.55
2026-08-20,Humira,13.49,18:01:23,2,8,185.56
2026-08-20,Humira,4.81,18:01:53,2,8,0.0
2026-08-20,Humira,15.55,18:02:23,2,8,185.59
2026-08-20,Humira,9.0,18:02:53,2,8,185.6
2026-08-20,Humira,6.05,18:03:23,2,8,0.0
2026-08-20,Humira,9.58,18:03:53,2,8,185.62
2026-08-20,Humira,14.05,18:04:23,2,8,185.63
2026-08-20,Humira,2.27,18:04:53,2,8,0.0
2026-08-20,Humira,7.82,18:05:23,2,8,0.0
2026-08-20,Humira,12.0,18:05:53,2,8,185.66
2026-08-20,Humira,13.02,18:06:23,2,8,185.67
2026-08-20,Humira,10.75,18:06:53,2,8,185.68
2026-08-20,Humira,12.66,18:07:23,2,8,185.69
2026-08-20,Humira,9.06,18:07:53,2,8,185.71
2026-08-20,Humira,12.83,18:08:23,2,8,185.72
2026-08-20,Humira,16.9,18:08:53,2,8,185.73
2026-08-20,Humira,12.34,18:09:23,2,8,185.74
2026-08-20,Humira,7.8,18:09:53,2,8,0.0
2026-08-20,Humira,9.18,18:10:23,2,8,185.76
2026-08-20,Humira,13.15,18:10:53,2,8,185.77
2026-08-20,Humira,13.36,18:11:23,2,8,185.78
2026-08-20,Humira,14.43,18:11:53,2,8,185.79
2026-08-20,Humira,9.53,18:12:23,2,8,185.8
2026-08-20,Humira,6.68,18:12:53,2,8,0.0
2026-08-20,Humira,9.4,18:13:23,2,8,185.82
2026-08-20,Humira,17.44,18:13:53,2,8,185.83
2026-08-20,Humira,13.5,18:14:23,2,8,185.85
2026-08-20,Humira,4.18,18:14:53,2,8,0.0
2026-08-20,Humira,5.83,18:15:23,2,8,0.0
2026-08-20,Humira,5.18,18:15:53,2,8,0.0
2026-08-20,Humira,4.59,18:16:23,2,8,0.0
2026-08-20,Humira,10.34,18:16:53,2,8,185.9
2026-08-20,Humira,9.7,18:17:23,2,8,185.91
2026-08-20,Humira,14.66,18:17:53,2,8,185.92
2026-08-20,Humira,9.6,18:18:23,2,8,185.93
2026-08-20,Humira,11.77,18:18:53,2,8,185.94
2026-08-20,Humira,6.19,18:19:23,2,8,0.0
2026-08-20,Humira,14.1,18:19:53,2,8,185.97
2026-08-20,Humira,15.31,18:20:23,2,8,185.98
2026-08-20,Humira,4.31,18:20:53,2,8,0.0
2026-08-20,Humira,11.88,18:21:23,2,8,186.0
2026-08-20,Humira,3.21,18:21:53,2,8,0.0
2026-08-20,Humira,11.54,18:22:23,2,8,186.02
2026-08-20,Humira,10.77,18:22:53,2,8,186.03
2026-08-20,Humira,12.08,18:23:23,2,8,186.04
2026-08-20,Humira,6.03,18:23:53,2,8,0.0
2026-08-20,Humira,12.1,18:24:23,2,8,186.06
2026-08-20,Humira,5.2,18:24:53,2,8,0.0
2026-08-20,Humira,6.19,18:25:23,2,8,0.0
2026-08-20,Humira,9.97,18:25:53,2,8,186.1
2026-08-20,Humira,11.38,18:26:23,2,8,186.11
2026-08-20,Humira,3.79,18:26:53,2,8,0.0
2026-08-20,Humira,4.78,18:27:23,2,8,0.0
2026-08-20,Humira,15.5,18:27:53,2,8,186.14
2026-08-20,Humira,16.16,18:28:23,2,8,186.15
2026-08-20,Humira,2.28,18:28:53,2,8,0.0
2026-08-20,Humira,17.19,18:29:23,2,8,186.17
2026-08-20,Humira,17.62,18:29:53,2,8,186.18
2026-08-20,Humira,16.48,18:30:23,2,8,186.19
2026-08-20,Humira,7.79,18:30:53,2,8,0.0
2026-08-20,Humira,10.81,18:31:23,2,8,186.21
2026-08-20,Humira,14.21,18:31:53,2,8,186.22
2026-08-20,Humira,5.66,18:32:23,2,8,0.0
2026-08-20,Humira,3.43,18:32:53,2,8,0.0
2026-08-20,Humira,12.73,18:33:23,2,8,186.26
2026-08-20,Humira,9.86,18:33:53,2,8,186.27
2026-08-20,Humira,7.49,18:34:23,2,8,0.0
2026-08-20,Humira,17.78,18:34:53,2,8,186.29
2026-08-20,Humira,9.34,18:35:23,2,8,186.3
2026-08-20,Humira,16.77,18:35:53,2,8,186.31
2026-08-20,Humira,12.24,18:36:23,2,8,186.32
2026-08-20,Humira,6.99,18:36:53,2,8,0.0
2026-08-20,Humira,14.28,18:37:23,2,8,186.34
2026-08-20,Humira,2.3,18:37:53,2,8,0.0
2026-08-20,Humira,9.94,18:38:23,2,8,186.37
2026-08-20,Humira,14.12,18:38:53,2,8,186.38
2026-08-20,Humira,5.26,18:39:23,2,8,0.0
2026-08-20,Humira,13.67,18:39:53,2,8,186.4
2026-08-20,Humira,11.13,18:40:23,2,8,186.41
2026-08-20,Humira,4.94,18:40:53,2,8,0.0
2026-08-20,Humira,15.42,18:41:23,2,8,186.43
2026-08-20,Humira,3.76,18:41:53,2,8,0.0
2026-08-20,Humira,2.9,18:42:23,2,8,0.0
2026-08-20,Humira,14.02,18:42:53,2,8,186.46
2026-08-20,Humira,13.13,18:43:23,2,8,186.47
2026-08-20,Humira,15.85,18:43:53,2,8,186.48
2026-08-20,Humira,7.05,18:44:23,2,8,0.0
2026-08-20,Humira,11.86,18:44:53,2,8,186.51
2026-08-20,Humira,5.74,18:45:23,2,8,0.0
2026-08-20,Humira,16.35,18:45:53,2,8,186.53
2026-08-20,Humira,12.42,18:46:23,2,8,186.54
2026-08-20,Humira,6.97,18:46:53,2,8,0.0
2026-08-20,Humira,11.49,18:47:23,2,8,186.56
2026-08-20,Humira,13.2,18:47:53,2,8,186.57
2026-08-20,Humira,12.76,18:48:23,2,8,186.58
2026-08-20,Humira,5.41,18:48:53,2,8,0.0
2026-08-20,Humira,17.11,18:49:23,2,8,186.6
2026-08-20,Humira,16.07,18:49:53,2,8,186.62
2026-08-20,Humira,16.42,18:50:23,2,8,186.63
2026-08-20,Humira,17.74,18:50:53,2,8,186.64
2026-08-20,Humira,9.06,18:51:23,2,8,186.65
2026-08-20,Humira,2.3,18:51:53,2,8,0.0
2026-08-20,Humira,12.03,18:52:23,2,8,186.67
2026-08-20,Humira,14.32,18:52:53,2,8,186.68
2026-08-20,Humira,10.67,18:53:23,2,8,186.69
2026-08-20,Humira,16.64,18:53:53,2,8,186.7
2026-08-20,Humira,5.11,18:54:23,2,8,0.0
2026-08-20,Humira,3.07,18:54:53,2,8,0.0
2026-08-20,Humira,15.86,18:55:23,2,8,186.73
2026-08-20,Humira,15.24,18:55:53,2,8,186.75
2026-08-20,Humira,15.19,18:56:23,2,8,186.76
2026-08-20,Humira,14.89,18:56:53,2,8,186.77
2026-08-20,Humira,13.47,18:57:23,2,8,186.78
2026-08-20,Humira,5.94,18:57:53,2,8,0.0
2026-08-20,Humira,13.68,18:58:23,2,8,186.8
2026-08-20,Humira,14.55,18:58:53,2,8,186.81
2026-08-20,Humira,7.82,18:59:23,2,8,0.0
2026-08-20,Humira,12.45,18:59:53,2,8,186.83
2026-08-20,Humira,5.34,19:00:23,2,8,0.0
2026-08-20,Humira,10.04,19:00:53,2,8,186.85
2026-08-20,Humira,10.73,19:01:23,2,8,186.86
2026-08-20,Humira,13.8,19:01:53,2,8,186.88
2026-08-20,Humira,11.21,19:02:23,2,8,186.89
2026-08-20,Humira,17.57,19:02:53,2,8,186.9
2026-08-20,Humira,7.74,19:03:23,2,8,0.0
2026-08-20,Humira,3.23,19:03:53,2,8,0.0
2026-08-20,Humira,7.17,19:04:23,2,8,0.0
2026-08-20,Humira,11.86,19:04:53,2,8,186.94
2026-08-20,Humira,13.16,19:05:23,2,8,186.95
2026-08-20,Humira,15.41,19:05:53,2,8,186.96
2026-08-20,Humira,13.64,19:06:23,2,8,186.97
2026-08-20,Humira,13.24,19:06:53,2,8,186.98
2026-08-20,Humira,6.38,19:07:23,2,8,0.0
2026-08-20,Humira,17.4,19:07:53,2,8,187.0
2026-08-20,Humira,13.39,19:08:23,2,8,187.02
2026-08-20,Humira,12.31,19:08:53,2,8,187.03
2026-08-20,Humira,14.05,19:09:23,2,8,187.04
2026-08-20,Humira,10.68,19:09:53,2,8,187.05
2026-08-20,Humira,3.1,19:10:23,2,8,0.0
2026-08-20,Humira,11.61,19:10:53,2,8,187.07
2026-08-20,Humira,4.1,19:11:23,2,8,0.0
2026-08-20,Humira,12.86,19:11:53,2,8,187.09
2026-08-20,Humira,6.35,19:12:23,2,8,0.0
2026-08-20,Humira,15.62,19:12:53,2,8,187.11
2026-08-20,Humira,4.76,19:13:23,2,8,0.0
2026-08-20,Humira,13.99,19:13:53,2,8,187.13
2026-08-20,Humira,7.55,19:14:23,2,8,0.0
2026-08-20,Humira,16.03,19:14:53,2,8,187.16
2026-08-20,Humira,5.14,19:15:23,2,8,0.0
2026-08-20,Humira,2.65,19:15:53,2,8,0.0
2026-08-20,Humira,3.09,19:16:23,2,8,0.0
2026-08-20,Humira,15.76,19:16:53,2,8,187.2
2026-08-20,Humira,9.23,19:17:23,2,8,187.21
2026-08-20,Humira,12.4,19:17:53,2,8,187.22
2026-08-20,Humira,17.0,19:18:23,2,8,187.23
2026-08-20,Humira,3.7,19:18:53,2,8,0.0
2026-08-20,Humira,2.05,19:19:23,2,8,0.0
2026-08-20,Humira,9.88,19:19:53,2,8,187.27
2026-08-20,Humira,11.53,19:20:23,2,8,187.28
2026-08-20,Humira,16.58,19:20:53,2,8,187.29
2026-08-20,Humira,14.28,19:21:23,2,8,187.3
2026-08-20,Humira,17.08,19:21:53,2,8,187.31
2026-08-20,Humira,11.21,19:22:23,2,8,187.32
2026-08-20,Humira,14.95,19:22:53,2,8,187.33
2026-08-20,Humira,10.9,19:23:23,2,8,187.34
2026-08-20,Humira,2.71,19:23:53,2,8,0.0
2026-08-20,Humira,17.98,19:24:23,2,8,187.36
2026-08-20,Humira,4.83,19:24:53,2,8,0.0
2026-08-20,Humira,13.82,19:25:23,2,8,187.38
2026-08-20,Humira,17.27,19:25:53,2,8,187.4
2026-08-20,Humira,12.77,19:26:23,2,8,187.41
2026-08-20,Humira,12.7,19:26:53,2,8,187.42
2026-08-20,Humira,9.4,19:27:23,2,8,187.43
2026-08-20,Humira,2.86,19:27:53,2,8,0.0
2026-08-20,Humira,16.25,19:28:23,2,8,187.45
2026-08-20,Humira,15.69,19:28:53,2,8,187.46
2026-08-20,Humira,12.81,19:29:23,2,8,187.47
2026-08-20,Humira,10.3,19:29:53,2,8,187.48
2026-08-20,Humira,14.49,19:30:23,2,8,187.49
2026-08-20,Humira,5.13,19:30:53,2,8,0.0
2026-08-20,Humira,3.68,19:31:23,2,8,0.0
2026-08-20,Humira,14.69,19:31:53,2,8,187.53
2026-08-20,Humira,4.14,19:32:23,2,8,0.0
2026-08-20,Humira,2.69,19:32:53,2,8,0.0
2026-08-20,Humira,5.31,19:33:23,2,8,0.0
2026-08-20,Humira,14.81,19:33:53,2,8,187.57
2026-08-20,Humira,7.71,19:34:23,2,8,0.0
2026-08-20,Humira,17.44,19:34:53,2,8,187.59
2026-08-20,Humira,10.61,19:35:23,2,8,187.6
2026-08-20,Humira,3.95,19:35:53,2,8,0.0
2026-08-20,Humira,15.74,19:36:23,2,8,187.62
2026-08-20,Humira,10.53,19:36:53,2,8,187.63
2026-08-20,Humira,4.91,19:37:23,2,8,0.0
2026-08-20,Humira,15.66,19:37:53,2,8,187.66
2026-08-20,Humira,3.22,19:38:23,2,8,0.0
2026-08-20,Humira,7.15,19:38:53,2,8,0.0
2026-08-20,Humira,4.82,19:39:23,2,8,0.0
2026-08-20,Humira,5.85,19:39:53,2,8,0.0
2026-08-20,Humira,4.21,19:40:23,2,8,0.0
2026-08-20,Humira,17.58,19:40:53,2,8,187.72
2026-08-20,Humira,5.37,19:41:23,2,8,0.0
2026-08-20,Humira,7.37,19:41:53,2,8,0.0
2026-08-20,Humira,3.15,19:42:23,2,8,0.0
2026-08-20,Humira,10.73,19:42:53,2,8,187.76
2026-08-20,Humira,9.2,19:43:23,2,8,187.77
2026-08-20,Humira,16.59,19:43:53,2,8,187.78
2026-08-20,Humira,10.31,19:44:23,2,8,187.8
2026-08-20,Humira,12.75,19:44:53,2,8,187.81
2026-08-20,Humira,9.54,19:45:23,2,8,187.82
2026-08-20,Humira,15.12,19:45:53,2,8,187.83
2026-08-20,Humira,7.88,19:46:23,2,8,0.0
2026-08-20,Humira,6.72,19:46:53,2,8,0.0
2026-08-20,Humira,11.86,19:47:23,2,8,187.86
2026-08-20,Humira,12.17,19:47:53,2,8,187.87
2026-08-20,Humira,5.23,19:48:23,2,8,0.0
2026-08-20,Humira,10.19,19:48:53,2,8,187.89
2026-08-20,Humira,13.71,19:49:23,2,8,187.9
2026-08-20,Humira,13.6,19:49:53,2,8,187.92
2026-08-20,Humira,16.3,19:50:23,2,8,187.93
2026-08-20,Humira,12.18,19:50:53,2,8,187.94
2026-08-20,Humira,7.46,19:51:23,2,8,0.0
2026-08-20,Humira,6.46,19:51:53,2,8,0.0
2026-08-20,Humira,15.51,19:52:23,2,8,187.97
2026-08-20,Humira,13.03,19:52:53,2,8,187.98
2026-08-20,Humira,13.88,19:53:23,2,8,187.99
2026-08-20,Humira,5.18,19:53:53,2,8,0.0
2026-08-20,Humira,14.22,19:54:23,2,8,188.01
2026-08-20,Humira,9.82,19:54:53,2,8,188.02
2026-08-20,Humira,5.94,19:55:23,2,8,0.0
2026-08-20,Humira,15.06,19:55:53,2,8,188.05
2026-08-20,Humira,3.09,19:56:23,2,8,0.0
2026-08-20,Humira,16.81,19:56:53,2,8,188.07
2026-08-20,Humira,17.35,19:57:23,2,8,188.08
2026-08-20,Humira,9.46,19:57:53,2,8,188.09
2026-08-20,Humira,4.32,19:58:23,2,8,0.0
2026-08-20,Humira,14.45,19:58:53,2,8,188.11
2026-08-20,Humira,4.29,19:59:23,2,8,0.0
2026-08-20,Humira,16.79,19:59:53,2,8,188.13
2026-08-20,Humira,11.78,20:00:23,2,8,188.14
2026-08-20,Humira,9.01,20:00:53,2,8,188.15
2026-08-20,Humira,11.01,20:01:23,2,8,188.16
2026-08-20,Humira,13.57,20:01:53,2,8,188.18
2026-08-20,Humira,6.11,20:02:23,2,8,0.0
2026-08-20,Humira,3.84,20:02:53,2,8,0.0
2026-08-20,Humira,3.67,20:03:23,2,8,0.0
2026-08-20,Humira,4.04,20:03:53,2,8,0.0
2026-08-20,Humira,10.2,20:04:23,2,8,188.23
2026-08-20,Humira,3.67,20:04:53,2,8,0.0
2026-08-20,Humira,5.95,20:05:23,2,8,0.0
2026-08-20,Humira,10.21,20:05:53,2,8,188.26
2026-08-20,Humira,14.6,20:06:23,2,8,188.27
2026-08-20,Humira,15.88,20:06:53,2,8,188.28
2026-08-20,Humira,17.44,20:07:23,2,8,188.29
2026-08-20,Humira,14.54,20:07:53,2,8,188.31
2026-08-20,Humira,6.97,20:08:23,2,8,0.0
2026-08-20,Humira,10.35,20:08:53,2,8,188.33
2026-08-20,Humira,11.29,20:09:23,2,8,188.34
2026-08-20,Humira,10.22,20:09:53,2,8,188.35
2026-08-20,Humira,13.33,20:10:23,2,8,188.36
2026-08-20,Humira,15.25,20:10:53,2,8,188.37
2026-08-20,Humira,15.6,20:11:23,2,8,188.38
2026-08-20,Humira,13.07,20:11:53,2,8,188.39
2026-08-20,Humira,2.72,20:12:23,2,8,0.0
2026-08-20,Humira,5.33,20:12:53,2,8,0.0
2026-08-20,Humira,14.87,20:13:23,2,8,188.42
2026-08-20,Humira,17.68,20:13:53,2,8,188.44
2026-08-20,Humira,12.91,20:14:23,2,8,188.45
2026-08-20,Humira,14.81,20:14:53,2,8,188.46
2026-08-20,Humira,12.03,20:15:23,2,8,188.47
2026-08-20,Humira,12.4,20:15:53,2,8,188.48
2026-08-20,Humira,9.52,20:16:23,2,8,188.49
2026-08-20,Humira,16.05,20:16:53,2,8,188.5
2026-08-20,Humira,5.81,20:17:23,2,8,0.0
2026-08-20,Humira,14.68,20:17:53,2,8,188.52
2026-08-20,Humira,5.02,20:18:23,2,8,0.0
2026-08-20,Humira,11.57,20:18:53,2,8,188.54
2026-08-20,Humira,17.59,20:19:23,2,8,188.55
2026-08-20,Humira,10.77,20:19:53,2,8,188.57
2026-08-20,Humira,10.09,20:20:23,2,8,188.58
2026-08-20,Humira,16.94,20:20:53,2,8,188.59
2026-08-20,Humira,9.51,20:21:23,2,8,188.6
2026-08-20,Humira,12.49,20:21:53,2,8,188.61
2026-08-20,Humira,14.4,20:22:23,2,8,188.62
2026-08-20,Humira,6.17,20:22:53,2,8,0.0
2026-08-20,Humira,7.56,20:23:23,2,8,0.0
2026-08-20,Humira,7.74,20:23:53,2,8,0.0
2026-08-20,Humira,17.14,20:24:23,2,8,188.66
2026-08-20,Humira,16.83,20:24:53,2,8,188.67
2026-08-20,Humira,7.78,20:25:23,2,8,0.0
2026-08-20,Humira,15.91,20:25:53,2,8,188.7
2026-08-20,Humira,3.49,20:26:23,2,8,0.0
2026-08-20,Humira,2.41,20:26:53,2,8,0.0
2026-08-20,Humira,16.15,20:27:23,2,8,188.73
2026-08-20,Humira,15.31,20:27:53,2,8,188.74
2026-08-20,Humira,3.79,20:28:23,2,8,0.0
2026-08-20,Humira,15.24,20:28:53,2,8,188.76
2026-08-20,Humira,17.95,20:29:23,2,8,188.77
2026-08-20,Humira,4.33,20:29:53,2,8,0.0
2026-08-20,Humira,11.11,20:30:23,2,8,188.79
2026-08-20,Humira,9.71,20:30:53,2,8,188.8
2026-08-20,Humira,4.7,20:31:23,2,8,0.0
2026-08-20,Humira,13.75,20:31:53,2,8,188.83
2026-08-20,Humira,3.04,20:32:23,2,8,0.0
2026-08-20,Humira,4.66,20:32:53,2,8,0.0
2026-08-20,Humira,12.07,20:33:23,2,8,188.86
2026-08-20,Humira,15.43,20:33:53,2,8,188.87
2026-08-20,Humira,11.87,20:34:23,2,8,188.88
2026-08-20,Humira,14.51,20:34:53,2,8,188.89
2026-08-20,Humira,15.82,20:35:23,2,8,188.9
2026-08-20,Humira,11.1,20:35:53,2,8,188.91
2026-08-20,Humira,11.07,20:36:23,2,8,188.92
2026-08-20,Humira,9.57,20:36:53,2,8,188.93
2026-08-20,Humira,5.59,20:37:23,2,8,0.0
2026-08-20,Humira,15.78,20:37:53,2,8,188.96
2026-08-20,Humira,15.5,20:38:23,2,8,188.97
2026-08-20,Humira,9.02,20:38:53,2,8,188.98
2026-08-20,Humira,10.36,20:39:23,2,8,188.99
2026-08-20,Humira,13.07,20:39:53,2,8,189.0
2026-08-20,Humira,4.6,20:40:23,2,8,0.0
2026-08-20,Humira,17.23,20:40:53,2,8,189.02
2026-08-20,Humira,15.08,20:41:23,2,8,189.03
2026-08-20,Humira,14.27,20:41:53,2,8,189.04
2026-08-20,Humira,3.6,20:42:23,2,8,0.0
2026-08-20,Humira,16.71,20:42:53,2,8,189.06
2026-08-20,Humira,2.02,20:43:23,2,8,0.0
2026-08-20,Humira,15.16,20:43:53,2,8,189.08
2026-08-20,Humira,3.82,20:44:23,2,8,0.0
2026-08-20,Humira,3.75,20:44:53,2,8,0.0
2026-08-20,Humira,12.6,20:45:23,2,8,189.12
2026-08-20,Humira,16.52,20:45:53,2,8,189.13
2026-08-20,Humira,12.86,20:46:23,2,8,189.14
2026-08-20,Humira,13.84,20:46:53,2,8,189.15
2026-08-20,Humira,9.96,20:47:23,2,8,189.16
2026-08-20,Humira,15.45,20:47:53,2,8,189.17
2026-08-20,Humira,16.05,20:48:23,2,8,189.18
2026-08-20,Humira,5.74,20:48:53,2,8,0.0
2026-08-20,Humira,10.65,20:49:23,2,8,189.2
2026-08-20,Humira,2.17,20:49:53,2,8,0.0
2026-08-20,Humira,12.26,20:50:23,2,8,189.23
2026-08-20,Humira,9.15,20:50:53,2,8,189.24
2026-08-20,Humira,2.05,20:51:23,2,8,0.0
2026-08-20,Humira,4.08,20:51:53,2,8,0.0
2026-08-20,Humira,12.59,20:52:23,2,8,189.27
2026-08-20,Humira,17.07,20:52:53,2,8,189.28
2026-08-20,Humira,14.18,20:53:23,2,8,189.29
2026-08-20,Humira,6.95,20:53:53,2,8,0.0
2026-08-20,Humira,9.4,20:54:23,2,8,189.31
2026-08-20,Humira,12.36,20:54:53,2,8,189.32
2026-08-20,Humira,6.72,20:55:23,2,8,0.0
2026-08-20,Humira,13.08,20:55:53,2,8,189.35
2026-08-20,Humira,15.93,20:56:23,2,8,189.36
2026-08-20,Humira,11.74,20:56:53,2,8,189.37
2026-08-20,Humira,9.62,20:57:23,2,8,189.38
2026-08-20,Humira,11.73,20:57:53,2,8,189.39
2026-08-20,Humira,16.52,20:58:23,2,8,189.4
2026-08-20,Humira,16.53,20:58:53,2,8,189.41
2026-08-20,Humira,4.74,20:59:23,2,8,0.0
2026-08-20,Humira,17.28,20:59:53,2,8,189.43
2026-08-20,Humira,3.39,21:00:23,2,8,0.0
2026-08-20,Humira,9.73,21:00:53,2,8,189.45
2026-08-20,Humira,6.99,21:01:23,2,8,0.0
2026-08-20,Humira,4.15,21:01:53,2,8,0.0
2026-08-20,Humira,13.14,21:02:23,2,8,189.49
2026-08-20,Humira,5.79,21:02:53,2,8,0.0
2026-08-20,Humira,16.03,21:03:23,2,8,189.51
2026-08-20,Humira,7.33,21:03:53,2,8,0.0
2026-08-20,Humira,13.84,21:04:23,2,8,189.53
2026-08-20,Humira,10.11,21:04:53,2,8,189.54
2026-08-20,Humira,15.45,21:05:23,2,8,189.55
2026-08-20,Humira,9.86,21:05:53,2,8,189.56
2026-08-20,Humira,2.35,21:06:23,2,8,0.0
2026-08-20,Humira,10.52,21:06:53,2,8,189.58
2026-08-20,Humira,3.21,21:07:23,2,8,0.0
2026-08-20,Humira,13.17,21:07:53,2,8,189.6
2026-08-20,Humira,12.66,21:08:23,2,8,189.62
2026-08-20,Humira,13.25,21:08:53,2,8,189.63
2026-08-20,Humira,11.13,21:09:23,2,8,189.64
2026-08-20,Humira,7.63,21:09:53,2,8,0.0
2026-08-20,Humira,3.12,21:10:23,2,8,0.0
2026-08-20,Humira,14.78,21:10:53,2,8,189.67
2026-08-20,Humira,15.88,21:11:23,2,8,189.68
2026-08-20,Humira,15.09,21:11:53,2,8,189.69
2026-08-20,Humira,3.85,21:12:23,2,8,0.0
2026-08-20,Humira,7.63,21:12:53,2,8,0.0
2026-08-20,Humira,14.15,21:13:23,2,8,189.72
2026-08-20,Humira,3.16,21:13:53,2,8,0.0
2026-08-20,Humira,6.93,21:14:23,2,8,0.0
2026-08-20,Humira,11.9,21:14:53,2,8,189.76
2026-08-20,Humira,17.36,21:15:23,2,8,189.77
2026-08-20,Humira,17.41,21:15:53,2,8,189.78
2026-08-20,Humira,17.09,21:16:23,2,8,189.79
2026-08-20,Humira,13.06,21:16:53,2,8,189.8
2026-08-20,Humira,11.25,21:17:23,2,8,189.81
2026-08-20,Humira,17.67,21:17:53,2,8,189.82
2026-08-20,Humira,4.1,21:18:23,2,8,0.0
2026-08-20,Humira,2.17,21:18:53,2,8,0.0
2026-08-20,Humira,15.39,21:19:23,2,8,189.85
2026-08-20,Humira,12.24,21:19:53,2,8,189.87
2026-08-20,Humira,9.45,21:20:23,2,8,189.88
2026-08-20,Humira,6.88,21:20:53,2,8,0.0
2026-08-20,Humira,7.08,21:21:23,2,8,0.0
2026-08-20,Humira,13.69,21:21:53,2,8,189.91
2026-08-20,Humira,2.39,21:22:23,2,8,0.0
2026-08-20,Humira,7.16,21:22:53,2,8,0.0
2026-08-20,Humira,5.61,21:23:23,2,8,0.0
2026-08-20,Humira,9.6,21:23:53,2,8,189.95
2026-08-20,Humira,11.11,21:24:23,2,8,189.96
2026-08-20,Humira,11.83,21:24:53,2,8,189.97
2026-08-20,Humira,6.7,21:25:23,2,8,0.0
2026-08-20,Humira,10.34,21:25:53,2,8,190.0
2026-08-20,Humira,13.64,21:26:23,2,8,190.01
2026-08-20,Humira,5.25,21:26:53,2,8,0.0
2026-08-20,Humira,5.09,21:27:23,2,8,0.0
2026-08-20,Humira,9.34,21:27:53,2,8,190.04
2026-08-20,Humira,9.59,21:28:23,2,8,190.05
2026-08-20,Humira,4.44,21:28:53,2,8,0.0
2026-08-20,Humira,14.69,21:29:23,2,8,190.07
2026-08-20,Humira,6.12,21:29:53,2,8,0.0
2026-08-20,Humira,7.96,21:30:23,2,8,0.0
2026-08-20,Humira,12.01,21:30:53,2,8,190.1
2026-08-20,Humira,12.2,21:31:23,2,8,190.11
2026-08-20,Humira,10.91,21:31:53,2,8,190.12
2026-08-20,Humira,3.37,21:32:23,2,8,0.0
2026-08-20,Humira,15.89,21:32:53,2,8,190.15
2026-08-20,Humira,14.0,21:33:23,2,8,190.16
2026-08-20,Humira,3.86,21:33:53,2,8,0.0
2026-08-20,Humira,12.59,21:34:23,2,8,190.18
2026-08-20,Humira,12.47,21:34:53,2,8,190.19
2026-08-20,Humira,15.73,21:35:23,2,8,190.2
2026-08-20,Humira,15.73,21:35:53,2,8,190.21
2026-08-20,Humira,10.63,21:36:23,2,8,190.22
2026-08-20,Humira,12.38,21:36:53,2,8,190.23
2026-08-20,Humira,10.92,21:37:23,2,8,190.24
2026-08-20,Humira,15.02,21:37:53,2,8,190.25
2026-08-20,Humira,17.62,21:38:23,2,8,190.27
2026-08-20,Humira,10.82,21:38:53,2,8,190.28
2026-08-20,Humira,7.88,21:39:23,2,8,0.0
2026-08-20,Humira,17.03,21:39:53,2,8,190.3
2026-08-20,Humira,4.04,21:40:23,2,8,0.0
2026-08-20,Humira,3.24,21:40:53,2,8,0.0
2026-08-20,Humira,17.13,21:41:23,2,8,190.33
2026-08-20,Humira,2.5,21:41:53,2,8,0.0
2026-08-20,Humira,17.21,21:42:23,2,8,190.35
2026-08-20,Humira,4.94,21:42:53,2,8,0.0
2026-08-20,Humira,2.15,21:43:23,2,8,0.0
2026-08-20,Humira,9.68,21:43:53,2,8,190.38
2026-08-20,Humira,13.34,21:44:23,2,8,190.4
2026-08-20,Humira,10.1,21:44:53,2,8,190.41
2026-08-20,Humira,4.56,21:45:23,2,8,0.0
2026-08-20,Humira,17.12,21:45:53,2,8,190.43
2026-08-20,Humira,17.31,21:46:23,2,8,190.44
2026-08-20,Humira,16.63,21:46:53,2,8,190.45
2026-08-20,Humira,9.97,21:47:23,2,8,190.46
2026-08-20,Humira,17.2,21:47:53,2,8,190.47
2026-08-20,Humira,10.65,21:48:23,2,8,190.48
2026-08-20,Humira,9.72,21:48:53,2,8,190.49
2026-08-20,Humira,7.39,21:49:23,2,8,0.0
2026-08-20,Humira,5.62,21:49:53,2,8,0.0
2026-08-20,Humira,4.51,21:50:23,2,8,0.0
2026-08-20,Humira,9.61,21:50:53,2,8,190.54
2026-08-20,Humira,7.69,21:51:23,2,8,0.0
2026-08-20,Humira,11.1,21:51:53,2,8,190.56
2026-08-20,Humira,14.16,21:52:23,2,8,190.57
2026-08-20,Humira,16.93,21:52:53,2,8,190.58
2026-08-20,Humira,17.78,21:53:23,2,8,190.59
2026-08-20,Humira,5.19,21:53:53,2,8,0.0
2026-08-20,Humira,5.34,21:54:23,2,8,0.0
2026-08-20,Humira,2.42,21:54:53,2,8,0.0
2026-08-20,Humira,13.18,21:55:23,2,8,190.63
2026-08-20,Humira,15.52,21:55:53,2,8,190.65
2026-08-20,Humira,14.36,21:56:23,2,8,190.66
2026-08-20,Humira,11.36,21:56:53,2,8,190.67
2026-08-20,Humira,9.55,21:57:23,2,8,190.68
2026-08-20,Humira,7.46,21:57:53,2,8,0.0
2026-08-20,Humira,17.66,21:58:23,2,8,190.7
2026-08-20,Humira,13.49,21:58:53,2,8,190.71
2026-08-20,Humira,15.61,21:59:23,2,8,190.72
2026-08-20,Humira,11.09,21:59:53,2,8,190.73
2026-08-20,Humira,2.97,22:00:23,2,8,0.0
2026-08-20,Humira,2.61,22:00:53,2,8,0.0
2026-08-20,Humira,13.4,22:01:23,2,8,190.76
2026-08-20,Humira,3.21,22:01:53,2,8,0.0
2026-08-20,Humira,7.27,22:02:23,2,8,0.0
2026-08-20,Humira,17.8,22:02:53,2,8,190.8
2026-08-20,Humira,17.11,22:03:23,2,8,190.81
2026-08-20,Humira,7.32,22:03:53,2,8,0.0
2026-08-20,Humira,13.34,22:04:23,2,8,190.83
2026-08-20,Humira,2.3,22:04:53,2,8,0.0
2026-08-20,Humira,16.13,22:05:23,2,8,190.85
2026-08-20,Humira,5.02,22:05:53,2,8,0.0
2026-08-20,Humira,11.33,22:06:23,2,8,190.87
2026-08-20,Humira,2.73,22:06:53,2,8,0.0
2026-08-20,Humira,6.57,22:07:23,2,8,0.0
2026-08-20,Humira,13.34,22:07:53,2,8,190.91
2026-08-20,Humira,10.39,22:08:23,2,8,190.92
2026-08-20,Humira,10.83,22:08:53,2,8,190.93
2026-08-20,Humira,16.08,22:09:23,2,8,190.94
2026-08-20,Humira,4.85,22:09:53,2,8,0.0
2026-08-20,Humira,13.99,22:10:23,2,8,190.96
2026-08-20,Humira,12.69,22:10:53,2,8,190.97
2026-08-20,Humira,12.31,22:11:23,2,8,190.98
2026-08-20,Humira,5.55,22:11:53,2,8,0.0
2026-08-20,Humira,3.29,22:12:23,2,8,0.0
2026-08-20,Humira,17.03,22:12:53,2,8,191.01
2026-08-20,Humira,5.56,22:13:23,2,8,0.0
2026-08-20,Humira,11.47,22:13:53,2,8,191.03
2026-08-20,Humira,13.53,22:14:23,2,8,191.05
2026-08-20,Humira,12.57,22:14:53,2,8,191.06
2026-08-20,Humira,12.08,22:15:23,2,8,191.07
2026-08-20,Humira,12.11,22:15:53,2,8,191.08
2026-08-20,Humira,4.79,22:16:23,2,8,0.0
2026-08-20,Humira,11.55,22:16:53,2,8,191.1
2026-08-20,Humira,6.41,22:17:23,2,8,0.0
2026-08-20,Humira,15.66,22:17:53,2,8,191.12
2026-08-20,Humira,11.92,22:18:23,2,8,191.13
2026-08-20,Humira,13.94,22:18:53,2,8,191.14
2026-08-20,Humira,5.81,22:19:23,2,8,0.0
2026-08-20,Humira,17.68,22:19:53,2,8,191.17
2026-08-20,Humira,5.53,22:20:23,2,8,0.0
2026-08-20,Humira,3.6,22:20:53,2,8,0.0
2026-08-20,Humira,16.09,22:21:23,2,8,191.2
2026-08-20,Humira,13.26,22:21:53,2,8,191.21
2026-08-20,Humira,9.96,22:22:23,2,8,191.22
2026-08-20,Humira,17.71,22:22:53,2,8,191.23
2026-08-20,Humira,9.03,22:23:23,2,8,191.24
2026-08-20,Humira,17.37,22:23:53,2,8,191.25
2026-08-20,Humira,10.77,22:24:23,2,8,191.26
2026-08-20,Humira,16.86,22:24:53,2,8,191.27
2026-08-20,Humira,13.13,22:25:23,2,8,191.28
2026-08-20,Humira,9.57,22:25:53,2,8,191.3
2026-08-20,Humira,15.76,22:26:23,2,8,191.31
2026-08-20,Humira,14.2,22:26:53,2,8,191.32
2026-08-20,Humira,4.56,22:27:23,2,8,0.0
2026-08-20,Humira,13.53,22:27:53,2,8,191.34
2026-08-20,Humira,16.95,22:28:23,2,8,191.35
2026-08-20,Humira,4.69,22:28:53,2,8,0.0
2026-08-20,Humira,13.89,22:29:23,2,8,191.37
2026-08-20,Humira,11.29,22:29:53,2,8,191.38
2026-08-20,Humira,14.28,22:30:23,2,8,191.39
2026-08-20,Humira,7.32,22:30:53,2,8,0.0
2026-08-20,Humira,2.95,22:31:23,2,8,0.0
2026-08-20,Humira,4.62,22:31:53,2,8,0.0
2026-08-20,Humira,16.67,22:32:23,2,8,191.44
2026-08-20,Humira,16.27,22:32:53,2,8,191.45
2026-08-20,Humira,16.79,22:33:23,2,8,191.46
2026-08-20,Humira,10.7,22:33:53,2,8,191.47
2026-08-20,Humira,13.85,22:34:23,2,8,191.48
2026-08-20,Humira,9.19,22:34:53,2,8,191.49
2026-08-20,Humira,14.16,22:35:23,2,8,191.5
2026-08-20,Humira,7.82,22:35:53,2,8,0.0
2026-08-20,Humira,10.79,22:36:23,2,8,191.52
2026-08-20,Humira,15.78,22:36:53,2,8,191.53
2026-08-20,Humira,17.55,22:37:23,2,8,191.54
2026-08-20,Humira,16.63,22:37:53,2,8,191.56
2026-08-20,Humira,13.86,22:38:23,2,8,191.57
2026-08-20,Humira,11.22,22:38:53,2,8,191.58
2026-08-20,Humira,6.82,22:39:23,2,8,0.0
2026-08-20,Humira,15.84,22:39:53,2,8,191.6
2026-08-20,Humira,14.18,22:40:23,2,8,191.61
2026-08-20,Humira,12.72,22:40:53,2,8,191.62
2026-08-20,Humira,15.59,22:41:23,2,8,191.63
2026-08-20,Humira,13.63,22:41:53,2,8,191.64
2026-08-20,Humira,7.9,22:42:23,2,8,0.0
2026-08-20,Humira,2.31,22:42:53,2,8,0.0
2026-08-20,Humira,14.69,22:43:23,2,8,191.67
2026-08-20,Humira,12.78,22:43:53,2,8,191.69
2026-08-20,Humira,2.04,22:44:23,2,8,0.0
2026-08-20,Humira,11.62,22:44:53,2,8,191.71
2026-08-20,Humira,9.38,22:45:23,2,8,191.72
2026-08-20,Humira,6.01,22:45:53,2,8,0.0
2026-08-20,Humira,12.51,22:46:23,2,8,191.74
2026-08-20,Humira,12.08,22:46:53,2,8,191.75
2026-08-20,Humira,2.7,22:47:23,2,8,0.0
2026-08-20,Humira,3.54,22:47:53,2,8,0.0
2026-08-20,Humira,13.78,22:48:23,2,8,191.78
2026-08-20,Humira,10.1,22:48:53,2,8,191.79
2026-08-20,Humira,6.3,22:49:23,2,8,0.0
2026-08-20,Humira,14.71,22:49:53,2,8,191.82
2026-08-20,Humira,9.28,22:50:23,2,8,191.83
2026-08-20,Humira,11.26,22:50:53,2,8,191.84
2026-08-20,Humira,3.75,22:51:23,2,8,0.0
2026-08-20,Humira,9.09,22:51:53,2,8,191.86
2026-08-20,Humira,13.91,22:52:23,2,8,191.87
2026-08-20,Humira,14.51,22:52:53,2,8,191.88
2026-08-20,Humira,7.68,22:53:23,2,8,0.0
2026-08-20,Humira,10.43,22:53:53,2,8,191.9
2026-08-20,Humira,16.64,22:54:23,2,8,191.91
2026-08-20,Humira,6.12,22:54:53,2,8,0.0
2026-08-20,Humira,3.56,22:55:23,2,8,0.0
2026-08-20,Humira,12.41,22:55:53,2,8,191.95
2026-08-20,Humira,2.19,22:56:23,2,8,0.0
2026-08-20,Humira,15.26,22:56:53,2,8,191.97
2026-08-20,Humira,17.24,22:57:23,2,8,191.98
2026-08-20,Humira,9.02,22:57:53,2,8,191.99
2026-08-20,Humira,17.1,22:58:23,2,8,192.0
2026-08-20,Humira,10.85,22:58:53,2,8,192.01
2026-08-20,Humira,2.49,22:59:23,2,8,0.0
2026-08-20,Humira,10.55,22:59:53,2,8,192.03
2026-08-20,Humira,2.2,23:00:23,2,8,0.0
2026-08-20,Humira,14.81,23:00:53,2,8,192.05
2026-08-20,Humira,17.3,23:01:23,2,8,192.06
2026-08-20,Humira,6.49,23:01:53,2,8,0.0
2026-08-20,Humira,12.24,23:02:23,2,8,192.09
2026-08-20,Humira,6.33,23:02:53,2,8,0.0
2026-08-20,Humira,14.72,23:03:23,2,8,192.11
2026-08-20,Humira,13.16,23:03:53,2,8,192.12
2026-08-20,Humira,14.76,23:04:23,2,8,192.13
2026-08-20,Humira,9.72,23:04:53,2,8,192.14
2026-08-20,Humira,12.63,23:05:23,2,8,192.15
2026-08-20,Humira,4.58,23:05:53,2,8,0.0
2026-08-20,Humira,15.51,23:06:23,2,8,192.17
2026-08-20,Humira,15.95,23:06:53,2,8,192.18
2026-08-20,Humira,17.31,23:07:23,2,8,192.19
2026-08-20,Humira,4.41,23:07:53,2,8,0.0
2026-08-20,Humira,5.34,23:08:23,2,8,0.0
2026-08-20,Humira,3.98,23:08:53,2,8,0.0
2026-08-20,Humira,7.88,23:09:23,2,8,0.0
2026-08-20,Humira,15.33,23:09:53,2,8,192.25
2026-08-20,Humira,13.81,23:10:23,2,8,192.26
2026-08-20,Humira,13.08,23:10:53,2,8,192.27
2026-08-20,Humira,16.21,23:11:23,2,8,192.28
2026-08-20,Humira,11.37,23:11:53,2,8,192.29
2026-08-20,Humira,3.9,23:12:23,2,8,0.0
2026-08-20,Humira,4.5,23:12:53,2,8,0.0
2026-08-20,Humira,10.33,23:13:23,2,8,192.32
2026-08-20,Humira,2.24,23:13:53,2,8,0.0
2026-08-20,Humira,10.64,23:14:23,2,8,192.35
2026-08-20,Humira,6.31,23:14:53,2,8,0.0
2026-08-20,Humira,3.64,23:15:23,2,8,0.0
2026-08-20,Humira,16.57,23:15:53,2,8,192.38
2026-08-20,Humira,10.49,23:16:23,2,8,192.39
2026-08-20,Humira,2.28,23:16:53,2,8,0.0
2026-08-20,Humira,17.12,23:17:23,2,8,192.41
2026-08-20,Humira,9.11,23:17:53,2,8,192.42
2026-08-20,Humira,16.04,23:18:23,2,8,192.43
2026-08-20,Humira,13.68,23:18:53,2,8,192.44
2026-08-20,Humira,9.56,23:19:23,2,8,192.45
2026-08-20,Humira,12.37,23:19:53,2,8,192.47
2026-08-20,Humira,3.87,23:20:23,2,8,0.0
2026-08-20,Humira,15.55,23:20:53,2,8,192.49
2026-08-20,Humira,9.56,23:21:23,2,8,192.5
2026-08-20,Humira,4.45,23:21:53,2,8,0.0
2026-08-20,Humira,9.19,23:22:23,2,8,192.52
2026-08-20,Humira,7.43,23:22:53,2,8,0.0
2026-08-20,Humira,7.08,23:23:23,2,8,0.0
2026-08-20,Humira,16.68,23:23:53,2,8,192.55
2026-08-20,Humira,9.14,23:24:23,2,8,192.56
2026-08-20,Humira,2.08,23:24:53,2,8,0.0
2026-08-20,Humira,3.79,23:25:23,2,8,0.0
2026-08-20,Humira,7.8,23:25:53,2,8,0.0
2026-08-20,Humira,14.62,23:26:23,2,8,192.61
2026-08-20,Humira,9.73,23:26:53,2,8,192.62
2026-08-20,Humira,4.92,23:27:23,2,8,0.0
2026-08-20,Humira,11.65,23:27:53,2,8,192.64
2026-08-20,Humira,11.4,23:28:23,2,8,192.65
2026-08-20,Humira,4.42,23:28:53,2,8,0.0
2026-08-20,Humira,7.64,23:29:23,2,8,0.0
2026-08-20,Humira,11.17,23:29:53,2,8,192.68
2026-08-20,Humira,3.55,23:30:23,2,8,0.0
2026-08-20,Humira,6.45,23:30:53,2,8,0.0
2026-08-20,Humira,12.38,23:31:23,2,8,192.71
2026-08-20,Humira,15.84,23:31:53,2,8,192.72
2026-08-20,Humira,4.27,23:32:23,2,8,0.0
2026-08-20,Humira,11.51,23:32:53,2,8,192.75
2026-08-20,Humira,5.08,23:33:23,2,8,0.0
2026-08-20,Humira,13.73,23:33:53,2,8,192.77
2026-08-20,Humira,5.35,23:34:23,2,8,0.0
2026-08-20,Humira,14.67,23:34:53,2,8,192.79
2026-08-20,Humira,14.92,23:35:23,2,8,192.8
2026-08-20,Humira,14.36,23:35:53,2,8,192.81
2026-08-20,Humira,17.11,23:36:23,2,8,192.82
2026-08-20,Humira,15.23,23:36:53,2,8,192.83
2026-08-20,Humira,14.0,23:37:23,2,8,192.84
2026-08-20,Humira,13.84,23:37:53,2,8,192.85
2026-08-20,Humira,16.74,23:38:23,2,8,192.87
2026-08-20,Humira,10.4,23:38:53,2,8,192.88
2026-08-20,Humira,6.14,23:39:23,2,8,0.0
2026-08-20,Humira,7.14,23:39:53,2,8,0.0
2026-08-20,Humira,2.22,23:40:23,2,8,0.0
2026-08-20,Humira,3.67,23:40:53,2,8,0.0
2026-08-20,Humira,15.37,23:41:23,2,8,192.93
2026-08-20,Humira,7.97,23:41:53,2,8,0.0
2026-08-20,Humira,17.3,23:42:23,2,8,192.95
2026-08-20,Humira,3.56,23:42:53,2,8,0.0
2026-08-20,Humira,7.96,23:43:23,2,8,0.0
2026-08-20,Humira,12.72,23:43:53,2,8,192.98
2026-08-20,Humira,11.4,23:44:23,2,8,193.0
2026-08-20,Humira,5.35,23:44:53,2,8,0.0
2026-08-20,Humira,3.08,23:45:23,2,8,0.0
2026-08-20,Humira,6.15,23:45:53,2,8,0.0
2026-08-20,Humira,9.18,23:46:23,2,8,193.04
2026-08-20,Humira,11.0,23:46:53,2,8,193.05
2026-08-20,Humira,4.06,23:47:23,2,8,0.0
2026-08-20,Humira,13.18,23:47:53,2,8,193.07
2026-08-20,Humira,3.75,23:48:23,2,8,0.0
2026-08-20,Humira,14.05,23:48:53,2,8,193.09
2026-08-20,Humira,10.43,23:49:23,2,8,193.1
2026-08-20,Humira,17.19,23:49:53,2,8,193.12
2026-08-20,Humira,10.41,23:50:23,2,8,193.13
2026-08-20,Humira,17.43,23:50:53,2,8,193.14
2026-08-20,Humira,10.7,23:51:23,2,8,193.15
2026-08-20,Humira,6.17,23:51:53,2,8,0.0
2026-08-20,Humira,13.99,23:52:23,2,8,193.17
2026-08-20,Humira,4.61,23:52:53,2,8,0.0
2026-08-20,Humira,4.55,23:53:23,2,8,0.0
2026-08-20,Humira,6.43,23:53:53,2,8,0.0
2026-08-20,Humira,11.52,23:54:23,2,8,193.21
2026-08-20,Humira,7.34,23:54:53,2,8,0.0
2026-08-20,Humira,11.03,23:55:23,2,8,193.23
2026-08-20,Humira,12.83,23:55:53,2,8,193.25
2026-08-20,Humira,10.38,23:56:23,2,8,193.26
2026-08-20,Humira,6.25,23:56:53,2,8,0.0
2026-08-20,Humira,10.28,23:57:23,2,8,193.28
2026-08-20,Humira,15.09,23:57:53,2,8,193.29
2026-08-20,Humira,12.97,23:58:23,2,8,193.3
2026-08-20,Humira,5.56,23:58:53,2,8,0.0
2026-08-20,Humira,6.37,23:59:23,2,8,0.0
2026-08-20,Humira,15.82,23:59:53,2,8,193.33
2026-08-20,Humira,4.07,00:00:23,2,8,0.0
2026-08-20,Humira,12.02,00:00:53,2,8,193.35
2026-08-20,Humira,12.1,00:01:23,2,8,193.36
2026-08-20,Humira,16.54,00:01:53,2,8,193.38
2026-08-20,Humira,17.27,00:02:23,2,8,193.39
2026-08-20,Humira,12.58,00:02:53,2,8,193.4
2026-08-20,Humira,14.14,00:03:23,2,8,193.41
2026-08-20,Humira,6.0,00:03:53,2,8,0.0
2026-08-20,Humira,13.83,00:04:23,2,8,193.43
2026-08-20,Humira,16.43,00:04:53,2,8,193.44
2026-08-20,Humira,5.57,00:05:23,2,8,0.0
2026-08-20,Humira,10.16,00:05:53,2,8,193.46
2026-08-20,Humira,2.05,00:06:23,2,8,0.0
2026-08-20,Humira,3.32,00:06:53,2,8,0.0
2026-08-20,Humira,6.86,00:07:23,2,8,0.0
2026-08-20,Humira,9.72,00:07:53,2,8,193.5
2026-08-20,Humira,16.53,00:08:23,2,8,193.52
2026-08-20,Humira,6.18,00:08:53,2,8,0.0
2026-08-20,Humira,13.36,00:09:23,2,8,193.54
2026-08-20,Humira,12.64,00:09:53,2,8,193.55
2026-08-20,Humira,9.52,00:10:23,2,8,193.56
2026-08-20,Humira,10.71,00:10:53,2,8,193.57
2026-08-20,Humira,12.8,00:11:23,2,8,193.58
2026-08-20,Humira,17.94,00:11:53,2,8,193.59
2026-08-20,Humira,13.97,00:12:23,2,8,193.6
2026-08-20,Humira,12.81,00:12:53,2,8,193.61
2026-08-20,Humira,15.26,00:13:23,2,8,193.62
2026-08-20,Humira,11.67,00:13:53,2,8,193.63
2026-08-20,Humira,11.95,00:14:23,2,8,193.65
2026-08-20,Humira,16.75,00:14:53,2,8,193.66
2026-08-20,Humira,12.9,00:15:23,2,8,193.67
2026-08-20,Humira,4.73,00:15:53,2,8,0.0
2026-08-20,Humira,11.29,00:16:23,2,8,193.69
2026-08-20,Humira,9.29,00:16:53,2,8,193.7
2026-08-20,Humira,12.01,00:17:23,2,8,193.71
2026-08-20,Humira,16.53,00:17:53,2,8,193.72
2026-08-20,Humira,6.68,00:18:23,2,8,0.0
2026-08-20,Humira,6.38,00:18:53,2,8,0.0
2026-08-20,Humira,6.49,00:19:23,2,8,0.0
2026-08-20,Humira,13.48,00:19:53,2,8,193.77
2026-08-20,Humira,16.2,00:20:23,2,8,193.78
2026-08-20,Humira,10.61,00:20:53,2,8,193.79
2026-08-20,Humira,5.62,00:21:23,2,8,0.0
2026-08-20,Humira,3.75,00:21:53,2,8,0.0
2026-08-20,Humira,16.6,00:22:23,2,8,193.82
2026-08-20,Humira,16.34,00:22:53,2,8,193.83
2026-08-20,Humira,14.2,00:23:23,2,8,193.84
2026-08-20,Humira,10.71,00:23:53,2,8,193.85
2026-08-20,Humira,13.65,00:24:23,2,8,193.86
2026-08-20,Humira,10.63,00:24:53,2,8,193.87
2026-08-20,Humira,7.55,00:25:23,2,8,0.0
2026-08-20,Humira,9.65,00:25:53,2,8,193.9
2026-08-20,Humira,2.37,00:26:23,2,8,0.0
2026-08-20,Humira,17.41,00:26:53,2,8,193.92
2026-08-20,Humira,9.18,00:27:23,2,8,193.93
2026-08-20,Humira,9.7,00:27:53,2,8,193.94
2026-08-20,Humira,7.79,00:28:23,2,8,0.0
2026-08-20,Humira,2.56,00:28:53,2,8,0.0
2026-08-20,Humira,11.39,00:29:23,2,8,193.97
2026-08-20,Humira,7.26,00:29:53,2,8,0.0
2026-08-20,Humira,4.11,00:30:23,2,8,0.0
2026-08-20,Humira,10.57,00:30:53,2,8,194.0
2026-08-20,Humira,7.61,00:31:23,2,8,0.0
2026-08-20,Humira,16.19,00:31:53,2,8,194.03
2026-08-20,Humira,11.2,00:32:23,2,8,194.04
2026-08-20,Humira,11.98,00:32:53,2,8,194.05
2026-08-20,Humira,15.54,00:33:23,2,8,194.06
2026-08-20,Humira,13.3,00:33:53,2,8,194.07
2026-08-20,Humira,10.94,00:34:23,2,8,194.08
2026-08-20,Humira,10.4,00:34:53,2,8,194.09
2026-08-20,Humira,6.46,00:35:23,2,8,0.0
2026-08-20,Humira,12.49,00:35:53,2,8,194.11
2026-08-20,Humira,15.35,00:36:23,2,8,194.12
2026-08-20,Humira,2.22,00:36:53,2,8,0.0
2026-08-20,Humira,16.49,00:37:23,2,8,194.14
2026-08-20,Humira,4.66,00:37:53,2,8,0.0
2026-08-20,Humira,14.83,00:38:23,2,8,194.17
2026-08-20,Humira,13.67,00:38:53,2,8,194.18
2026-08-20,Humira,6.56,00:39:23,2,8,0.0
2026-08-20,Humira,12.89,00:39:53,2,8,194.2
2026-08-20,Humira,9.72,00:40:23,2,8,194.21
2026-08-20,Humira,17.82,00:40:53,2,8,194.22
2026-08-20,Humira,13.12,00:41:23,2,8,194.23
2026-08-20,Humira,2.32,00:41:53,2,8,0.0
2026-08-20,Humira,17.24,00:42:23,2,8,194.25
2026-08-20,Humira,2.39,00:42:53,2,8,0.0
2026-08-20,Humira,16.15,00:43:23,2,8,194.27
2026-08-20,Humira,11.4,00:43:53,2,8,194.28
2026-08-20,Humira,5.92,00:44:23,2,8,0.0
2026-08-20,Humira,12.52,00:44:53,2,8,194.31
2026-08-20,Humira,3.54,00:45:23,2,8,0.0
2026-08-20,Humira,12.69,00:45:53,2,8,194.33
2026-08-20,Humira,16.96,00:46:23,2,8,194.34
2026-08-20,Humira,17.42,00:46:53,2,8,194.35
2026-08-20,Humira,11.83,00:47:23,2,8,194.36
2026-08-20,Humira,4.92,00:47:53,2,8,0.0
2026-08-20,Humira,11.12,00:48:23,2,8,194.38
2026-08-20,Humira,5.07,00:48:53,2,8,0.0
2026-08-20,Humira,12.89,00:49:23,2,8,194.4
2026-08-20,Humira,6.28,00:49:53,2,8,0.0
2026-08-20,Humira,7.65,00:50:23,2,8,0.0
2026-08-20,Humira,11.43,00:50:53,2,8,194.44
2026-08-20,Humira,16.84,00:51:23,2,8,194.45
2026-08-20,Humira,11.52,00:51:53,2,8,194.46
2026-08-20,Humira,11.62,00:52:23,2,8,194.47
2026-08-20,Humira,15.78,00:52:53,2,8,194.48
2026-08-20,Humira,16.41,00:53:23,2,8,194.49
2026-08-20,Humira,12.23,00:53:53,2,8,194.5
2026-08-20,Humira,16.39,00:54:23,2,8,194.51
2026-08-20,Humira,11.04,00:54:53,2,8,194.52
2026-08-20,Humira,12.39,00:55:23,2,8,194.53
2026-08-20,Humira,7.15,00:55:53,2,8,0.0
2026-08-20,Humira,4.78,00:56:23,2,8,0.0
2026-08-20,Humira,10.02,00:56:53,2,8,194.57
2026-08-20,Humira,5.36,00:57:23,2,8,0.0
2026-08-20,Humira,10.16,00:57:53,2,8,194.59
2026-08-20,Humira,17.61,00:58:23,2,8,194.6
2026-08-20,Humira,10.31,00:58:53,2,8,194.61
2026-08-20,Humira,9.97,00:59:23,2,8,194.62
2026-08-20,Humira,11.4,00:59:53,2,8,194.63
2026-08-20,Humira,7.42,01:00:23,2,8,0.0
2026-08-20,Humira,13.16,01:00:53,2,8,194.65
2026-08-20,Humira,14.43,01:01:23,2,8,194.66
2026-08-20,Humira,12.11,01:01:53,2,8,194.68
2026-08-20,Humira,7.28,01:02:23,2,8,0.0
2026-08-20,Humira,5.33,01:02:53,2,8,0.0
2026-08-20,Humira,10.42,01:03:23,2,8,194.71
2026-08-20,Humira,16.96,01:03:53,2,8,194.72
2026-08-20,Humira,13.8,01:04:23,2,8,194.73
2026-08-20,Humira,12.37,01:04:53,2,8,194.74
2026-08-20,Humira,11.33,01:05:23,2,8,194.75
2026-08-20,Humira,13.76,01:05:53,2,8,194.76
2026-08-20,Humira,15.3,01:06:23,2,8,194.77
2026-08-20,Humira,14.78,01:06:53,2,8,194.78
2026-08-20,Humira,6.35,01:07:23,2,8,0.0
2026-08-20,Humira,9.23,01:07:53,2,8,194.81
2026-08-20,Humira,3.34,01:08:23,2,8,0.0
2026-08-20,Humira,4.74,01:08:53,2,8,0.0
2026-08-20,Humira,14.49,01:09:23,2,8,194.84
2026-08-20,Humira,17.54,01:09:53,2,8,194.85
2026-08-20,Humira,7.9,01:10:23,2,8,0.0
2026-08-20,Humira,16.54,01:10:53,2,8,194.87
2026-08-20,Humira,3.52,01:11:23,2,8,0.0
2026-08-20,Humira,10.55,01:11:53,2,8,194.89
2026-08-20,Humira,3.11,01:12:23,2,8,0.0
2026-08-20,Humira,6.77,01:12:53,2,8,0.0
2026-08-20,Humira,12.07,01:13:23,2,8,194.92
2026-08-20,Humira,9.88,01:13:53,2,8,194.94
2026-08-20,Humira,12.97,01:14:23,2,8,194.95
2026-08-20,Humira,9.63,01:14:53,2,8,194.96
2026-08-20,Humira,15.95,01:15:23,2,8,194.97
2026-08-20,Humira,9.42,01:15:53,2,8,194.98
2026-08-20,Humira,11.44,01:16:23,2,8,194.99
2026-08-20,Humira,9.38,01:16:53,2,8,195.0
2026-08-20,Humira,9.29,01:17:23,2,8,195.01
2026-08-20,Humira,9.22,01:17:53,2,8,195.02
2026-08-20,Humira,14.75,01:18:23,2,8,195.03
2026-08-20,Humira,10.52,01:18:53,2,8,195.04
2026-08-20,Humira,16.44,01:19:23,2,8,195.05
2026-08-20,Humira,17.54,01:19:53,2,8,195.07
2026-08-20,Humira,12.11,01:20:23,2,8,195.08
2026-08-20,Humira,11.94,01:20:53,2,8,195.09
2026-08-20,Humira,13.44,01:21:23,2,8,195.1
2026-08-20,Humira,17.42,01:21:53,2,8,195.11
2026-08-20,Humira,11.81,01:22:23,2,8,195.12
2026-08-20,Humira,16.96,01:22:53,2,8,195.13
2026-08-20,Humira,10.12,01:23:23,2,8,195.14
2026-08-20,Humira,3.77,01:23:53,2,8,0.0
2026-08-20,Humira,5.01,01:24:23,2,8,0.0
2026-08-20,Humira,11.27,01:24:53,2,8,195.17
2026-08-20,Humira,12.0,01:25:23,2,8,195.18
2026-08-20,Humira,15.5,01:25:53,2,8,195.2
2026-08-20,Humira,16.73,01:26:23,2,8,195.21
2026-08-20,Humira,15.38,01:26:53,2,8,195.22
2026-08-20,Humira,5.93,01:27:23,2,8,0.0
2026-08-20,Humira,11.76,01:27:53,2,8,195.24
2026-08-20,Humira,16.03,01:28:23,2,8,195.25
2026-08-20,Humira,3.18,01:28:53,2,8,0.0
2026-08-20,Humira,11.03,01:29:23,2,8,195.27
2026-08-20,Humira,17.65,01:29:53,2,8,195.28
2026-08-20,Humira,15.61,01:30:23,2,8,195.29
2026-08-20,Humira,6.99,01:30:53,2,8,0.0
2026-08-20,Humira,15.87,01:31:23,2,8,195.31
2026-08-20,Humira,2.49,01:31:53,2,8,0.0
2026-08-20,Humira,6.27,01:32:23,2,8,0.0
2026-08-20,Humira,4.63,01:32:53,2,8,0.0
2026-08-20,Humira,9.56,01:33:23,2,8,195.36
2026-08-20,Humira,7.34,01:33:53,2,8,0.0
2026-08-20,Humira,7.45,01:34:23,2,8,0.0
2026-08-20,Humira,4.63,01:34:53,2,8,0.0
2026-08-20,Humira,16.14,01:35:23,2,8,195.4
2026-08-20,Humira,6.43,01:35:53,2,8,0.0
2026-08-20,Humira,3.39,01:36:23,2,8,0.0
2026-08-20,Humira,13.62,01:36:53,2,8,195.43
2026-08-20,Humira,11.75,01:37:23,2,8,195.44
2026-08-20,Humira,11.48,01:37:53,2,8,195.46
2026-08-20,Humira,16.69,01:38:23,2,8,195.47
2026-08-20,Humira,3.87,01:38:53,2,8,0.0
2026-08-20,Humira,7.92,01:39:23,2,8,0.0
2026-08-20,Humira,9.28,01:39:53,2,8,195.5
2026-08-20,Humira,10.46,01:40:23,2,8,195.51
2026-08-20,Humira,13.82,01:40:53,2,8,195.52
2026-08-20,Humira,13.41,01:41:23,2,8,195.53
2026-08-20,Humira,13.19,01:41:53,2,8,195.54
2026-08-20,Humira,10.15,01:42:23,2,8,195.55
2026-08-20,Humira,2.7,01:42:53,2,8,0.0
2026-08-20,Humira,16.72,01:43:23,2,8,195.57
2026-08-20,Humira,12.01,01:43:53,2,8,195.58
2026-08-20,Humira,3.21,01:44:23,2,8,0.0
2026-08-20,Humira,14.13,01:44:53,2,8,195.61
2026-08-20,Humira,11.02,01:45:23,2,8,195.62
2026-08-20,Humira,17.04,01:45:53,2,8,195.63
2026-08-20,Humira,13.0,01:46:23,2,8,195.64
2026-08-20,Humira,4.42,01:46:53,2,8,0.0
2026-08-20,Humira,9.69,01:47:23,2,8,195.66
2026-08-20,Humira,15.95,01:47:53,2,8,195.67
2026-08-20,Humira,17.21,01:48:23,2,8,195.68
2026-08-20,Humira,13.98,01:48:53,2,8,195.69
2026-08-20,Humira,14.1,01:49:23,2,8,195.7
2026-08-20,Humira,12.37,01:49:53,2,8,195.72
2026-08-20,Humira,5.49,01:50:23,2,8,0.0
2026-08-20,Humira,14.74,01:50:53,2,8,195.74
2026-08-20,Humira,17.65,01:51:23,2,8,195.75
2026-08-20,Humira,9.4,01:51:53,2,8,195.76
2026-08-20,Humira,3.55,01:52:23,2,8,0.0
2026-08-20,Humira,4.71,01:52:53,2,8,0.0
2026-08-20,Humira,3.99,01:53:23,2,8,0.0
2026-08-20,Humira,15.55,01:53:53,2,8,195.8
2026-08-20,Humira,16.34,01:54:23,2,8,195.81
2026-08-20,Humira,16.35,01:54:53,2,8,195.82
2026-08-20,Humira,15.5,01:55:23,2,8,195.83
2026-08-20,Humira,9.43,01:55:53,2,8,195.85
2026-08-20,Humira,4.35,01:56:23,2,8,0.0
2026-08-20,Humira,4.84,01:56:53,2,8,0.0
2026-08-20,Humira,11.24,01:57:23,2,8,195.88
2026-08-20,Humira,17.07,01:57:53,2,8,195.89
2026-08-20,Humira,10.84,01:58:23,2,8,195.9
2026-08-20,Humira,14.05,01:58:53,2,8,195.91
2026-08-20,Humira,15.28,01:59:23,2,8,195.92
2026-08-20,Humira,6.16,01:59:53,2,8,0.0
2026-08-20,Humira,17.7,02:00:23,2,8,195.94
2026-08-20,Humira,14.89,02:00:53,2,8,195.95
2026-08-20,Humira,10.6,02:01:23,2,8,195.96
2026-08-20,Humira,12.47,02:01:53,2,8,195.97
2026-08-20,Humira,2.99,02:02:23,2,8,0.0
2026-08-20,Humira,17.86,02:02:53,2,8,196.0
2026-08-20,Humira,17.62,02:03:23,2,8,196.01
2026-08-20,Humira,5.74,02:03:53,2,8,0.0
2026-08-20,Humira,4.42,02:04:23,2,8,0.0
2026-08-20,Humira,5.43,02:04:53,2,8,0.0
2026-08-20,Humira,7.54,02:05:23,2,8,0.0
2026-08-20,Humira,17.82,02:05:53,2,8,196.06
2026-08-20,Humira,12.24,02:06:23,2,8,196.07
2026-08-20,Humira,10.85,02:06:53,2,8,196.08
2026-08-20,Humira,6.53,02:07:23,2,8,0.0
2026-08-20,Humira,2.51,02:07:53,2,8,0.0
2026-08-20,Humira,3.77,02:08:23,2,8,0.0
2026-08-20,Humira,16.83,02:08:53,2,8,196.13
2026-08-20,Humira,15.21,02:09:23,2,8,196.14
2026-08-20,Humira,17.84,02:09:53,2,8,196.15
2026-08-20,Humira,10.89,02:10:23,2,8,196.16
2026-08-20,Humira,10.37,02:10:53,2,8,196.17
2026-08-20,Humira,5.72,02:11:23,2,8,0.0
2026-08-20,Humira,9.16,02:11:53,2,8,196.19
2026-08-20,Humira,5.17,02:12:23,2,8,0.0
2026-08-20,Humira,9.03,02:12:53,2,8,196.21
2026-08-20,Humira,9.58,02:13:23,2,8,196.22
2026-08-20,Humira,13.51,02:13:53,2,8,196.23
2026-08-20,Humira,6.79,02:14:23,2,8,0.0
2026-08-20,Humira,11.72,02:14:53,2,8,196.26
2026-08-20,Humira,4.05,02:15:23,2,8,0.0
2026-08-20,Humira,5.34,02:15:53,2,8,0.0
2026-08-20,Humira,15.11,02:16:23,2,8,196.29
2026-08-20,Humira,2.38,02:16:53,2,8,0.0
2026-08-20,Humira,12.56,02:17:23,2,8,196.31
2026-08-20,Humira,4.84,02:17:53,2,8,0.0
2026-08-20,Humira,13.04,02:18:23,2,8,196.33
2026-08-20,Humira,12.4,02:18:53,2,8,196.34
2026-08-20,Humira,2.33,02:19:23,2,8,0.0
2026-08-20,Humira,11.59,02:19:53,2,8,196.37
2026-08-20,Humira,12.66,02:20:23,2,8,196.38
2026-08-20,Humira,5.19,02:20:53,2,8,0.0
2026-08-20,Humira,10.15,02:21:23,2,8,196.4
2026-08-20,Humira,4.53,02:21:53,2,8,0.0
2026-08-20,Humira,13.82,02:22:23,2,8,196.42
2026-08-20,Humira,11.38,02:22:53,2,8,196.43
2026-08-20,Humira,5.29,02:23:23,2,8,0.0
2026-08-20,Humira,15.71,02:23:53,2,8,196.45
2026-08-20,Humira,2.51,02:24:23,2,8,0.0
2026-08-20,Humira,16.85,02:24:53,2,8,196.47
2026-08-20,Humira,2.7,02:25:23,2,8,0.0
2026-08-20,Humira,3.57,02:25:53,2,8,0.0
2026-08-20,Humira,16.16,02:26:23,2,8,196.51
2026-08-20,Humira,6.86,02:26:53,2,8,0.0
2026-08-20,Humira,11.1,02:27:23,2,8,196.53
2026-08-20,Humira,17.41,02:27:53,2,8,196.54
2026-08-20,Humira,11.55,02:28:23,2,8,196.55
2026-08-20,Humira,10.8,02:28:53,2,8,196.56
2026-08-20,Humira,10.58,02:29:23,2,8,196.57
2026-08-20,Humira,12.41,02:29:53,2,8,196.58
2026-08-20,Humira,4.95,02:30:23,2,8,0.0
2026-08-20,Humira,11.31,02:30:53,2,8,196.6
2026-08-20,Humira,3.0,02:31:23,2,8,0.0
2026-08-20,Humira,12.88,02:31:53,2,8,196.62
2026-08-20,Humira,11.27,02:32:23,2,8,196.64
2026-08-20,Humira,7.55,02:32:53,2,8,0.0
2026-08-20,Humira,4.76,02:33:23,2,8,0.0
2026-08-20,Humira,17.57,02:33:53,2,8,196.67
2026-08-20,Humira,15.85,02:34:23,2,8,196.68
2026-08-20,Humira,12.23,02:34:53,2,8,196.69
2026-08-20,Humira,11.23,02:35:23,2,8,196.7
2026-08-20,Humira,6.86,02:35:53,2,8,0.0
2026-08-20,Humira,5.64,02:36:23,2,8,0.0
2026-08-20,Humira,5.7,02:36:53,2,8,0.0
2026-08-20,Humira,13.9,02:37:23,2,8,196.74
2026-08-20,Humira,2.03,02:37:53,2,8,0.0
2026-08-20,Humira,3.16,02:38:23,2,8,0.0
2026-08-20,Humira,11.01,02:38:53,2,8,196.78
2026-08-20,Humira,5.49,02:39:23,2,8,0.0
2026-08-20,Humira,3.85,02:39:53,2,8,0.0
2026-08-20,Humira,2.37,02:40:23,2,8,0.0
2026-08-20,Humira,4.75,02:40:53,2,8,0.0
2026-08-20,Humira,17.37,02:41:23,2,8,196.83
2026-08-20,Humira,10.73,02:41:53,2,8,196.84
2026-08-20,Humira,9.4,02:42:23,2,8,196.85
2026-08-20,Humira,11.85,02:42:53,2,8,196.86
2026-08-20,Humira,3.55,02:43:23,2,8,0.0
2026-08-20,Humira,7.55,02:43:53,2,8,0.0
2026-08-20,Humira,14.95,02:44:23,2,8,196.9
2026-08-20,Humira,5.27,02:44:53,2,8,0.0
2026-08-20,Humira,15.75,02:45:23,2,8,196.92
2026-08-20,Humira,14.55,02:45:53,2,8,196.93
2026-08-20,Humira,16.79,02:46:23,2,8,196.94
2026-08-20,Humira,14.44,02:46:53,2,8,196.95
2026-08-20,Humira,15.02,02:47:23,2,8,196.96
2026-08-20,Humira,6.06,02:47:53,2,8,0.0
2026-08-20,Humira,9.05,02:48:23,2,8,196.98
2026-08-20,Humira,10.08,02:48:53,2,8,196.99
2026-08-20,Humira,16.02,02:49:23,2,8,197.0
2026-08-20,Humira,6.2,02:49:53,2,8,0.0
2026-08-20,Humira,11.24,02:50:23,2,8,197.03
2026-08-20,Humira,9.85,02:50:53,2,8,197.04
2026-08-20,Humira,16.6,02:51:23,2,8,197.05
2026-08-20,Humira,11.55,02:51:53,2,8,197.06
2026-08-20,Humira,12.15,02:52:23,2,8,197.07
2026-08-20,Humira,11.96,02:52:53,2,8,197.08
2026-08-20,Humira,9.0,02:53:23,2,8,197.09
2026-08-20,Humira,15.57,02:53:53,2,8,197.1
2026-08-20,Humira,11.55,02:54:23,2,8,197.11
2026-08-20,Humira,2.41,02:54:53,2,8,0.0
2026-08-20,Humira,9.82,02:55:23,2,8,197.13
2026-08-20,Humira,4.68,02:55:53,2,8,0.0
2026-08-20,Humira,12.56,02:56:23,2,8,197.16
2026-08-20,Humira,15.74,02:56:53,2,8,197.17
2026-08-20,Humira,5.94,02:57:23,2,8,0.0
2026-08-20,Humira,15.7,02:57:53,2,8,197.19
2026-08-20,Humira,12.44,02:58:23,2,8,197.2
2026-08-20,Humira,4.44,02:58:53,2,8,0.0
2026-08-20,Humira,9.82,02:59:23,2,8,197.22
2026-08-20,Humira,3.95,02:59:53,2,8,0.0
2026-08-20,Humira,2.44,03:00:23,2,8,0.0
2026-08-20,Humira,6.36,03:00:53,2,8,0.0
2026-08-20,Humira,2.97,03:01:23,2,8,0.0
2026-08-20,Humira,2.79,03:01:53,2,8,0.0
2026-08-20,Humira,2.12,03:02:23,2,8,0.0
2026-08-20,Humira,17.27,03:02:53,2,8,197.3
2026-08-20,Humira,7.1,03:03:23,2,8,0.0
2026-08-20,Humira,13.27,03:03:53,2,8,197.32
2026-08-20,Humira,2.9,03:04:23,2,8,0.0
2026-08-20,Humira,4.03,03:04:53,2,8,0.0
2026-08-20,Humira,11.38,03:05:23,2,8,197.35
2026-08-20,Humira,10.02,03:05:53,2,8,197.36
2026-08-20,Humira,5.39,03:06:23,2,8,0.0
2026-08-20,Humira,14.52,03:06:53,2,8,197.38
2026-08-20,Humira,17.25,03:07:23,2,8,197.39
2026-08-20,Humira,3.99,03:07:53,2,8,0.0
2026-08-20,Humira,2.54,03:08:23,2,8,0.0
2026-08-20,Humira,4.81,03:08:53,2,8,0.0
2026-08-20,Humira,5.34,03:09:23,2,8,0.0
2026-08-20,Humira,10.64,03:09:53,2,8,197.45
2026-08-20,Humira,12.25,03:10:23,2,8,197.46
2026-08-20,Humira,2.76,03:10:53,2,8,0.0
2026-08-20,Humira,12.93,03:11:23,2,8,197.48
2026-08-20,Humira,17.48,03:11:53,2,8,197.49
2026-08-20,Humira,10.18,03:12:23,2,8,197.5
2026-08-20,Humira,11.64,03:12:53,2,8,197.51
2026-08-20,Humira,2.45,03:13:23,2,8,0.0
2026-08-20,Humira,5.85,03:13:53,2,8,0.0
2026-08-20,Humira,9.6,03:14:23,2,8,197.55
2026-08-20,Humira,3.45,03:14:53,2,8,0.0
2026-08-20,Humira,5.91,03:15:23,2,8,0.0
2026-08-20,Humira,12.35,03:15:53,2,8,197.58
2026-08-20,Humira,12.91,03:16:23,2,8,197.59
2026-08-20,Humira,17.8,03:16:53,2,8,197.6
2026-08-20,Humira,5.83,03:17:23,2,8,0.0
2026-08-20,Humira,16.81,03:17:53,2,8,197.62
2026-08-20,Humira,16.42,03:18:23,2,8,197.63
2026-08-20,Humira,5.6,03:18:53,2,8,0.0
2026-08-20,Humira,12.13,03:19:23,2,8,197.65
2026-08-20,Humira,10.48,03:19:53,2,8,197.67
2026-08-20,Humira,9.96,03:20:23,2,8,197.68
2026-08-20,Humira,4.09,03:20:53,2,8,0.0
2026-08-20,Humira,10.16,03:21:23,2,8,197.7
2026-08-20,Humira,16.44,03:21:53,2,8,197.71
2026-08-20,Humira,17.58,03:22:23,2,8,197.72
2026-08-20,Humira,6.21,03:22:53,2,8,0.0
2026-08-20,Humira,14.56,03:23:23,2,8,197.74
2026-08-20,Humira,7.18,03:23:53,2,8,0.0
2026-08-20,Humira,15.52,03:24:23,2,8,197.76
2026-08-20,Humira,11.5,03:24:53,2,8,197.77
2026-08-20,Humira,9.53,03:25:23,2,8,197.78
2026-08-20,Humira,16.43,03:25:53,2,8,197.8
2026-08-20,Humira,11.47,03:26:23,2,8,197.81
2026-08-20,Humira,4.73,03:26:53,2,8,0.0
2026-08-20,Humira,14.48,03:27:23,2,8,197.83
2026-08-20,Humira,9.65,03:27:53,2,8,197.84
2026-08-20,Humira,16.67,03:28:23,2,8,197.85
2026-08-20,Humira,15.88,03:28:53,2,8,197.86
2026-08-20,Humira,6.23,03:29:23,2,8,0.0
2026-08-20,Humira,5.28,03:29:53,2,8,0.0
2026-08-20,Humira,9.37,03:30:23,2,8,197.89
2026-08-20,Humira,15.46,03:30:53,2,8,197.9
2026-08-20,Humira,11.72,03:31:23,2,8,197.91
2026-08-20,Humira,9.61,03:31:53,2,8,197.93
2026-08-20,Humira,15.07,03:32:23,2,8,197.94
2026-08-20,Humira,12.82,03:32:53,2,8,197.95
2026-08-20,Humira,17.88,03:33:23,2,8,197.96
2026-08-20,Humira,14.78,03:33:53,2,8,197.97
2026-08-20,Humira,4.9,03:34:23,2,8,0.0
2026-08-20,Humira,3.14,03:34:53,2,8,0.0
2026-08-20,Humira,15.01,03:35:23,2,8,198.0
2026-08-20,Humira,4.66,03:35:53,2,8,0.0
2026-08-20,Humira,13.49,03:36:23,2,8,198.02
2026-08-20,Humira,13.38,03:36:53,2,8,198.03
2026-08-20,Humira,9.83,03:37:23,2,8,198.04
2026-08-20,Humira,15.22,03:37:53,2,8,198.06
2026-08-20,Humira,9.94,03:38:23,2,8,198.07
2026-08-20,Humira,13.51,03:38:53,2,8,198.08
2026-08-20,Humira,2.47,03:39:23,2,8,0.0
2026-08-20,Humira,7.61,03:39:53,2,8,0.0
2026-08-20,Humira,12.29,03:40:23,2,8,198.11
2026-08-20,Humira,15.35,03:40:53,2,8,198.12
2026-08-20,Humira,12.21,03:41:23,2,8,198.13
2026-08-20,Humira,2.98,03:41:53,2,8,0.0
2026-08-20,Humira,2.07,03:42:23,2,8,0.0
2026-08-20,Humira,2.95,03:42:53,2,8,0.0
2026-08-20,Humira,14.52,03:43:23,2,8,198.17
2026-08-20,Humira,11.07,03:43:53,2,8,198.19
2026-08-20,Humira,15.78,03:44:23,2,8,198.2
2026-08-20,Humira,15.61,03:44:53,2,8,198.21
2026-08-20,Humira,16.74,03:45:23,2,8,198.22
2026-08-20,Humira,3.15,03:45:53,2,8,0.0
2026-08-20,Humira,17.06,03:46:23,2,8,198.24
2026-08-20,Humira,10.32,03:46:53,2,8,198.25
2026-08-20,Humira,6.17,03:47:23,2,8,0.0
2026-08-20,Humira,4.75,03:47:53,2,8,0.0
2026-08-20,Humira,2.86,03:48:23,2,8,0.0
2026-08-20,Humira,16.5,03:48:53,2,8,198.29
2026-08-20,Humira,14.92,03:49:23,2,8,198.3
2026-08-20,Humira,15.29,03:49:53,2,8,198.32
2026-08-20,Humira,10.73,03:50:23,2,8,198.33
2026-08-20,Humira,7.2,03:50:53,2,8,0.0
2026-08-20,Humira,9.66,03:51:23,2,8,198.35
2026-08-20,Humira,5.75,03:51:53,2,8,0.0
2026-08-20,Humira,9.99,03:52:23,2,8,198.37
2026-08-20,Humira,14.31,03:52:53,2,8,198.38
2026-08-20,Humira,4.66,03:53:23,2,8,0.0
2026-08-20,Humira,15.01,03:53:53,2,8,198.4
2026-08-20,Humira,13.02,03:54:23,2,8,198.41
2026-08-20,Humira,13.07,03:54:53,2,8,198.42
2026-08-20,Humira,2.58,03:55:23,2,8,0.0
2026-08-20,Humira,17.06,03:55:53,2,8,198.45
2026-08-20,Humira,9.88,03:56:23,2,8,198.46
2026-08-20,Humira,6.16,03:56:53,2,8,0.0
2026-08-20,Humira,12.11,03:57:23,2,8,198.48
2026-08-20,Humira,13.19,03:57:53,2,8,198.49
2026-08-20,Humira,16.7,03:58:23,2,8,198.5
2026-08-20,Humira,7.13,03:58:53,2,8,0.0
2026-08-20,Humira,7.72,03:59:23,2,8,0.0
2026-08-20,Humira,5.03,03:59:53,2,8,0.0
2026-08-20,Humira,11.02,04:00:23,2,8,198.54
2026-08-20,Humira,4.12,04:00:53,2,8,0.0
2026-08-20,Humira,15.62,04:01:23,2,8,198.56
2026-08-20,Humira,10.64,04:01:53,2,8,198.58
2026-08-20,Humira,12.08,04:02:23,2,8,198.59
2026-08-20,Humira,5.6,04:02:53,2,8,0.0
2026-08-20,Humira,3.57,04:03:23,2,8,0.0
2026-08-20,Humira,15.12,04:03:53,2,8,198.62
2026-08-20,Humira,15.07,04:04:23,2,8,198.63
2026-08-20,Humira,9.59,04:04:53,2,8,198.64
2026-08-20,Humira,11.04,04:05:23,2,8,198.65
2026-08-20,Humira,10.01,04:05:53,2,8,198.66
2026-08-20,Humira,7.16,04:06:23,2,8,0.0
2026-08-20,Humira,14.82,04:06:53,2,8,198.68
2026-08-20,Humira,11.19,04:07:23,2,8,198.69
2026-08-20,Humira,11.7,04:07:53,2,8,198.71
2026-08-20,Humira,4.77,04:08:23,2,8,0.0
2026-08-20,Humira,12.47,04:08:53,2,8,198.73
2026-08-20,Humira,15.58,04:09:23,2,8,198.74
2026-08-20,Humira,10.89,04:09:53,2,8,198.75
2026-08-20,Humira,15.86,04:10:23,2,8,198.76
2026-08-20,Humira,11.67,04:10:53,2,8,198.77
2026-08-20,Humira,15.88,04:11:23,2,8,198.78
2026-08-20,Humira,3.85,04:11:53,2,8,0.0
2026-08-20,Humira,13.22,04:12:23,2,8,198.8
2026-08-20,Humira,2.16,04:12:53,2,8,0.0
2026-08-20,Humira,12.06,04:13:23,2,8,198.82
2026-08-20,Humira,13.18,04:13:53,2,8,198.83
2026-08-20,Humira,12.42,04:14:23,2,8,198.85
2026-08-20,Humira,4.33,04:14:53,2,8,0.0
2026-08-20,Humira,10.5,04:15:23,2,8,198.87
2026-08-20,Humira,15.12,04:15:53,2,8,198.88
2026-08-20,Humira,7.0,04:16:23,2,8,0.0
2026-08-20,Humira,2.02,04:16:53,2,8,0.0
2026-08-20,Humira,11.44,04:17:23,2,8,198.91
2026-08-20,Humira,4.59,04:17:53,2,8,0.0
2026-08-20,Humira,5.91,04:18:23,2,8,0.0
2026-08-20,Humira,14.65,04:18:53,2,8,198.94
2026-08-20,Humira,3.36,04:19:23,2,8,0.0
2026-08-20,Humira,5.66,04:19:53,2,8,0.0
2026-08-20,Humira,10.59,04:20:23,2,8,198.98
2026-08-20,Humira,11.35,04:20:53,2,8,198.99
2026-08-20,Humira,13.86,04:21:23,2,8,199.0
2026-08-20,Humira,7.13,04:21:53,2,8,0.0
2026-08-20,Humira,16.03,04:22:23,2,8,199.02
2026-08-20,Humira,2.11,04:22:53,2,8,0.0
2026-08-20,Humira,14.62,04:23:23,2,8,199.04
2026-08-20,Humira,15.49,04:23:53,2,8,199.05
2026-08-20,Humira,11.8,04:24:23,2,8,199.06
2026-08-20,Humira,3.16,04:24:53,2,8,0.0
2026-08-20,Humira,13.33,04:25:23,2,8,199.08
2026-08-20,Humira,7.01,04:25:53,2,8,0.0
2026-08-20,Humira,9.5,04:26:23,2,8,199.11
2026-08-20,Humira,5.35,04:26:53,2,8,0.0
2026-08-20,Humira,10.66,04:27:23,2,8,199.13
2026-08-20,Humira,12.74,04:27:53,2,8,199.14
2026-08-20,Humira,13.16,04:28:23,2,8,199.15
2026-08-20,Humira,2.88,04:28:53,2,8,0.0
2026-08-20,Humira,10.99,04:29:23,2,8,199.17
2026-08-20,Humira,2.24,04:29:53,2,8,0.0
2026-08-20,Humira,6.77,04:30:23,2,8,0.0
2026-08-20,Humira,7.65,04:30:53,2,8,0.0
2026-08-20,Humira,12.96,04:31:23,2,8,199.21
2026-08-20,Humira,10.14,04:31:53,2,8,199.22
2026-08-20,Humira,5.81,04:32:23,2,8,0.0
2026-08-20,Humira,10.56,04:32:53,2,8,199.25
2026-08-20,Humira,5.57,04:33:23,2,8,0.0
2026-08-20,Humira,17.43,04:33:53,2,8,199.27
2026-08-20,Humira,3.77,04:34:23,2,8,0.0
2026-08-20,Humira,5.45,04:34:53,2,8,0.0
2026-08-20,Humira,11.74,04:35:23,2,8,199.3
2026-08-20,Humira,16.65,04:35:53,2,8,199.31
2026-08-20,Humira,2.13,04:36:23,2,8,0.0
2026-08-20,Humira,14.78,04:36:53,2,8,199.33
2026-08-20,Humira,13.25,04:37:23,2,8,199.34
2026-08-20,Humira,2.3,04:37:53,2,8,0.0
2026-08-20,Humira,3.65,04:38:23,2,8,0.0
2026-08-20,Humira,12.31,04:38:53,2,8,199.38
2026-08-20,Humira,7.45,04:39:23,2,8,0.0
2026-08-20,Humira,13.07,04:39:53,2,8,199.4
2026-08-20,Humira,4.61,04:40:23,2,8,0.0
2026-08-20,Humira,2.6,04:40:53,2,8,0.0
2026-08-20,Humira,15.47,04:41:23,2,8,199.43
2026-08-20,Humira,4.57,04:41:53,2,8,0.0
2026-08-20,Humira,9.38,04:42:23,2,8,199.45
2026-08-20,Humira,14.95,04:42:53,2,8,199.46
2026-08-20,Humira,5.4,04:43:23,2,8,0.0
2026-08-20,Humira,9.12,04:43:53,2,8,199.48
2026-08-20,Humira,5.26,04:44:23,2,8,0.0
2026-08-20,Humira,5.88,04:44:53,2,8,0.0
2026-08-20,Humira,16.57,04:45:23,2,8,199.52
2026-08-20,Humira,9.07,04:45:53,2,8,199.53
2026-08-20,Humira,2.59,04:46:23,2,8,0.0
2026-08-20,Humira,12.69,04:46:53,2,8,199.55
2026-08-20,Humira,13.82,04:47:23,2,8,199.56
2026-08-20,Humira,2.87,04:47:53,2,8,0.0
2026-08-20,Humira,14.91,04:48:23,2,8,199.58
2026-08-20,Humira,16.1,04:48:53,2,8,199.59
2026-08-20,Humira,17.77,04:49:23,2,8,199.6
2026-08-20,Humira,14.87,04:49:53,2,8,199.62
2026-08-20,Humira,9.21,04:50:23,2,8,199.63
2026-08-20,Humira,5.67,04:50:53,2,8,0.0
2026-08-20,Humira,15.74,04:51:23,2,8,199.65
2026-08-20,Humira,16.0,04:51:53,2,8,199.66
2026-08-20,Humira,14.57,04:52:23,2,8,199.67
2026-08-20,Humira,3.6,04:52:53,2,8,0.0
2026-08-20,Humira,2.98,04:53:23,2,8,0.0
2026-08-20,Humira,17.41,04:53:53,2,8,199.7
2026-08-20,Humira,17.4,04:54:23,2,8,199.71
2026-08-20,Humira,13.09,04:54:53,2,8,199.72
2026-08-20,Humira,17.06,04:55:23,2,8,199.73
2026-08-20,Humira,9.49,04:55:53,2,8,199.75
2026-08-20,Humira,10.72,04:56:23,2,8,199.76
2026-08-20,Humira,13.42,04:56:53,2,8,199.77
2026-08-20,Humira,7.41,04:57:23,2,8,0.0
2026-08-20,Humira,16.53,04:57:53,2,8,199.79
2026-08-20,Humira,15.59,04:58:23,2,8,199.8
2026-08-20,Humira,7.34,04:58:53,2,8,0.0
2026-08-20,Humira,9.28,04:59:23,2,8,199.82
2026-08-20,Humira,14.29,04:59:53,2,8,199.83
2026-08-20,Humira,11.06,05:00:23,2,8,199.84
2026-08-20,Humira,17.07,05:00:53,2,8,199.85
2026-08-20,Humira,5.66,05:01:23,2,8,0.0
2026-08-20,Humira,11.36,05:01:53,2,8,199.88
2026-08-20,Humira,15.82,05:02:23,2,8,199.89
2026-08-20,Humira,7.94,05:02:53,2,8,0.0
2026-08-20,Humira,2.16,05:03:23,2,8,0.0
2026-08-20,Humira,10.41,05:03:53,2,8,199.92
2026-08-20,Humira,9.45,05:04:23,2,8,199.93
2026-08-20,Humira,6.46,05:04:53,2,8,0.0
2026-08-20,Humira,17.23,05:05:23,2,8,199.95
2026-08-20,Humira,15.56,05:05:53,2,8,199.96
2026-08-20,Humira,14.27,05:06:23,2,8,199.97
2026-08-20,Humira,18.0,05:06:53,2,8,199.98
2026-08-20,Humira,6.37,05:07:23,2,8,0.0
2026-08-20,Humira,10.57,05:07:53,2,8,200.0
2026-08-20,Humira,12.37,05:08:23,2,8,200.02
2026-08-20,Humira,11.15,05:08:53,2,8,200.03
2026-08-20,Humira,14.91,05:09:23,2,8,200.04
2026-08-20,Humira,16.95,05:09:53,2,8,200.05
2026-08-20,Humira,17.25,05:10:23,2,8,200.06
2026-08-20,Humira,17.62,05:10:53,2,8,200.07
2026-08-20,Humira,5.04,05:11:23,2,8,0.0
2026-08-20,Humira,2.49,05:11:53,2,8,0.0
2026-08-20,Humira,15.85,05:12:23,2,8,200.1
2026-08-20,Humira,2.72,05:12:53,2,8,0.0
2026-08-20,Humira,2.96,05:13:23,2,8,0.0
2026-08-20,Humira,2.64,05:13:53,2,8,0.0
2026-08-20,Humira,3.3,05:14:23,2,8,0.0
2026-08-20,Humira,13.4,05:14:53,2,8,200.16
2026-08-20,Humira,14.45,05:15:23,2,8,200.17
2026-08-20,Humira,2.61,05:15:53,2,8,0.0
2026-08-20,Humira,16.94,05:16:23,2,8,200.19
2026-08-20,Humira,15.69,05:16:53,2,8,200.2
2026-08-20,Humira,14.59,05:17:23,2,8,200.21
2026-08-20,Humira,14.38,05:17:53,2,8,200.22
2026-08-20,Humira,12.95,05:18:23,2,8,200.23
2026-08-20,Humira,9.23,05:18:53,2,8,200.24
2026-08-20,Humira,10.23,05:19:23,2,8,200.25
2026-08-20,Humira,17.06,05:19:53,2,8,200.27
2026-08-20,Humira,2.88,05:20:23,2,8,0.0
2026-08-20,Humira,10.39,05:20:53,2,8,200.29
2026-08-20,Humira,5.44,05:21:23,2,8,0.0
2026-08-20,Humira,14.01,05:21:53,2,8,200.31
2026-08-20,Humira,11.84,05:22:23,2,8,200.32
2026-08-20,Humira,11.58,05:22:53,2,8,200.33
2026-08-20,Humira,2.83,05:23:23,2,8,0.0
2026-08-20,Humira,16.07,05:23:53,2,8,200.35
2026-08-20,Humira,11.16,05:24:23,2,8,200.36
2026-08-20,Humira,17.28,05:24:53,2,8,200.37
2026-08-20,Humira,15.1,05:25:23,2,8,200.38
2026-08-20,Humira,13.61,05:25:53,2,8,200.4
2026-08-20,Humira,16.18,05:26:23,2,8,200.41
2026-08-20,Humira,7.86,05:26:53,2,8,0.0
2026-08-20,Humira,13.22,05:27:23,2,8,200.43
2026-08-20,Humira,13.27,05:27:53,2,8,200.44
2026-08-20,Humira,17.38,05:28:23,2,8,200.45
2026-08-20,Humira,16.63,05:28:53,2,8,200.46
2026-08-20,Humira,14.4,05:29:23,2,8,200.47
2026-08-20,Humira,11.47,05:29:53,2,8,200.48
2026-08-20,Humira,7.86,05:30:23,2,8,0.0
2026-08-20,Humira,13.83,05:30:53,2,8,200.5
2026-08-20,Humira,11.44,05:31:23,2,8,200.51
2026-08-20,Humira,14.66,05:31:53,2,8,200.53
2026-08-20,Humira,17.48,05:32:23,2,8,200.54
2026-08-20,Humira,11.09,05:32:53,2,8,200.55
2026-08-20,Humira,5.02,05:33:23,2,8,0.0
2026-08-20,Humira,13.15,05:33:53,2,8,200.57
2026-08-20,Humira,10.07,05:34:23,2,8,200.58
2026-08-20,Humira,13.84,05:34:53,2,8,200.59
2026-08-20,Humira,11.24,05:35:23,2,8,200.6
2026-08-20,Humira,9.1,05:35:53,2,8,200.61
2026-08-20,Humira,3.67,05:36:23,2,8,0.0
2026-08-20,Humira,17.26,05:36:53,2,8,200.63
2026-08-20,Humira,14.78,05:37:23,2,8,200.64
2026-08-20,Humira,2.73,05:37:53,2,8,0.0
2026-08-20,Humira,11.63,05:38:23,2,8,200.67
2026-08-20,Humira,7.78,05:38:53,2,8,0.0
2026-08-20,Humira,6.45,05:39:23,2,8,0.0
2026-08-20,Humira,9.68,05:39:53,2,8,200.7
2026-08-20,Humira,13.91,05:40:23,2,8,200.71
2026-08-20,Humira,17.63,05:40:53,2,8,200.72
2026-08-20,Humira,5.02,05:41:23,2,8,0.0
2026-08-20,Humira,7.47,05:41:53,2,8,0.0
2026-08-20,Humira,9.43,05:42:23,2,8,200.75
2026-08-20,Humira,13.84,05:42:53,2,8,200.76
2026-08-20,Humira,13.16,05:43:23,2,8,200.77
2026-08-20,Humira,10.69,05:43:53,2,8,200.78
2026-08-20,Humira,15.67,05:44:23,2,8,200.8
2026-08-20,Humira,16.74,05:44:53,2,8,200.81
2026-08-20,Humira,3.49,05:45:23,2,8,0.0
2026-08-20,Humira,6.41,05:45:53,2,8,0.0
2026-08-20,Humira,5.06,05:46:23,2,8,0.0
2026-08-20,Humira,2.34,05:46:53,2,8,0.0
2026-08-20,Humira,14.63,05:47:23,2,8,200.86
2026-08-20,Humira,7.21,05:47:53,2,8,0.0
2026-08-20,Humira,10.97,05:48:23,2,8,200.88
2026-08-20,Humira,7.09,05:48:53,2,8,0.0
2026-08-20,Humira,10.49,05:49:23,2,8,200.9
2026-08-20,Humira,10.49,05:49:53,2,8,200.92
2026-08-20,Humira,14.37,05:50:23,2,8,200.93
2026-08-20,Humira,17.49,05:50:53,2,8,200.94
2026-08-20,Humira,5.2,05:51:23,2,8,0.0
2026-08-20,Humira,10.74,05:51:53,2,8,200.96
2026-08-20,Humira,5.59,05:52:23,2,8,0.0
2026-08-20,Humira,10.73,05:52:53,2,8,200.98
2026-08-20,Humira,2.01,05:53:23,2,8,0.0
2026-08-20,Humira,15.65,05:53:53,2,8,201.0
2026-08-20,Humira,12.08,05:54:23,2,8,201.01
2026-08-20,Humira,9.67,05:54:53,2,8,201.02
2026-08-20,Humira,9.48,05:55:23,2,8,201.03
2026-08-20,Humira,11.62,05:55:53,2,8,201.05
2026-08-20,Humira,14.43,05:56:23,2,8,201.06
2026-08-20,Humira,15.7,05:56:53,2,8,201.07
2026-08-20,Humira,4.85,05:57:23,2,8,0.0
2026-08-20,Humira,10.66,05:57:53,2,8,201.09
2026-08-20,Humira,2.96,05:58:23,2,8,0.0
2026-08-20,Humira,9.82,05:58:53,2,8,201.11
2026-08-20,Humira,10.23,05:59:23,2,8,201.12
2026-08-20,Humira,12.85,05:59:53,2,8,201.13
2026-08-20,Humira,17.36,06:00:23,2,8,201.14
2026-08-20,Humira,13.96,06:00:53,2,8,201.15
2026-08-20,Humira,4.82,06:01:23,2,8,0.0
2026-08-20,Humira,13.8,06:01:53,2,8,201.18
2026-08-20,Humira,10.6,06:02:23,2,8,201.19
2026-08-20,Humira,4.78,06:02:53,2,8,0.0
2026-08-20,Humira,11.28,06:03:23,2,8,201.21
2026-08-20,Humira,2.54,06:03:53,2,8,0.0
2026-08-20,Humira,12.54,06:04:23,2,8,201.23
2026-08-20,Humira,12.88,06:04:53,2,8,201.24
2026-08-20,Humira,17.49,06:05:23,2,8,201.25
2026-08-20,Humira,11.41,06:05:53,2,8,201.26
2026-08-20,Humira,14.84,06:06:23,2,8,201.27
2026-08-20,Humira,10.12,06:06:53,2,8,201.28
2026-08-20,Humira,7.48,06:07:23,2,8,0.0
2026-08-20,Humira,6.59,06:07:53,2,8,0.0
2026-08-20,Humira,6.39,06:08:23,2,8,0.0
2026-08-20,Humira,3.62,06:08:53,2,8,0.0
2026-08-20,Humira,11.06,06:09:23,2,8,201.34
2026-08-20,Humira,12.2,06:09:53,2,8,201.35
2026-08-20,Humira,12.33,06:10:23,2,8,201.36
2026-08-20,Humira,3.98,06:10:53,2,8,0.0
2026-08-20,Humira,6.81,06:11:23,2,8,0.0
2026-08-20,Humira,5.18,06:11:53,2,8,0.0
2026-08-20,Humira,13.21,06:12:23,2,8,201.4
2026-08-20,Humira,13.83,06:12:53,2,8,201.41
2026-08-20,Humira,11.32,06:13:23,2,8,201.42
2026-08-20,Humira,17.11,06:13:53,2,8,201.44
2026-08-20,Humira,15.7,06:14:23,2,8,201.45
2026-08-20,Humira,4.72,06:14:53,2,8,0.0
2026-08-20,Humira,10.07,06:15:23,2,8,201.47
2026-08-20,Humira,13.97,06:15:53,2,8,201.48
2026-08-20,Humira,9.44,06:16:23,2,8,201.49
2026-08-20,Humira,12.86,06:16:53,2,8,201.5
2026-08-20,Humira,14.35,06:17:23,2,8,201.51
2026-08-20,Humira,7.44,06:17:53,2,8,0.0
2026-08-20,Humira,13.46,06:18:23,2,8,201.53
2026-08-20,Humira,5.62,06:18:53,2,8,0.0
2026-08-20,Humira,2.23,06:19:23,2,8,0.0
2026-08-20,Humira,16.16,06:19:53,2,8,201.57
2026-08-20,Humira,9.25,06:20:23,2,8,201.58
2026-08-20,Humira,6.8,06:20:53,2,8,0.0
2026-08-20,Humira,10.54,06:21:23,2,8,201.6
2026-08-20,Humira,17.11,06:21:53,2,8,201.61
2026-08-20,Humira,2.14,06:22:23,2,8,0.0
2026-08-20,Humira,9.28,06:22:53,2,8,201.63
2026-08-20,Humira,2.42,06:23:23,2,8,0.0
2026-08-20,Humira,6.92,06:23:53,2,8,0.0
2026-08-20,Humira,17.37,06:24:23,2,8,201.66
2026-08-20,Humira,13.72,06:24:53,2,8,201.67
2026-08-20,Humira,11.72,06:25:23,2,8,201.68
2026-08-20,Humira,7.82,06:25:53,2,8,0.0
2026-08-20,Humira,6.17,06:26:23,2,8,0.0
2026-08-20,Humira,13.12,06:26:53,2,8,201.72
2026-08-20,Humira,15.56,06:27:23,2,8,201.73
2026-08-20,Humira,5.09,06:27:53,2,8,0.0
2026-08-20,Humira,16.23,06:28:23,2,8,201.75
2026-08-20,Humira,10.7,06:28:53,2,8,201.76
2026-08-20,Humira,2.46,06:29:23,2,8,0.0
2026-08-20,Humira,16.04,06:29:53,2,8,201.78
2026-08-20,Humira,11.63,06:30:23,2,8,201.79
2026-08-20,Humira,16.16,06:30:53,2,8,201.8
2026-08-20,Humira,10.86,06:31:23,2,8,201.81
2026-08-20,Humira,3.15,06:31:53,2,8,0.0
2026-08-20,Humira,3.02,06:32:23,2,8,0.0
2026-08-20,Humira,2.95,06:32:53,2,8,0.0
2026-08-20,Humira,5.16,06:33:23,2,8,0.0
2026-08-20,Humira,9.19,06:33:53,2,8,201.87
2026-08-20,Humira,10.57,06:34:23,2,8,201.88
2026-08-20,Humira,4.61,06:34:53,2,8,0.0
2026-08-20,Humira,12.96,06:35:23,2,8,201.9
2026-08-20,Humira,4.71,06:35:53,2,8,0.0
2026-08-20,Humira,4.85,06:36:23,2,8,0.0
2026-08-20,Humira,13.07,06:36:53,2,8,201.93
2026-08-20,Humira,7.17,06:37:23,2,8,0.0
2026-08-20,Humira,12.07,06:37:53,2,8,201.96
2026-08-20,Humira,14.38,06:38:23,2,8,201.97
2026-08-20,Humira,16.41,06:38:53,2,8,201.98
2026-08-20,Humira,7.35,06:39:23,2,8,0.0
2026-08-20,Humira,6.61,06:39:53,2,8,0.0
2026-08-20,Humira,13.75,06:40:23,2,8,202.01
2026-08-20,Humira,3.98,06:40:53,2,8,0.0
2026-08-20,Humira,14.85,06:41:23,2,8,202.03
2026-08-20,Humira,10.45,06:41:53,2,8,202.04
2026-08-20,Humira,14.31,06:42:23,2,8,202.05
2026-08-20,Humira,7.96,06:42:53,2,8,0.0
2026-08-20,Humira,13.67,06:43:23,2,8,202.07
2026-08-20,Humira,10.11,06:43:53,2,8,202.08
2026-08-20,Humira,2.66,06:44:23,2,8,0.0
2026-08-20,Humira,10.74,06:44:53,2,8,202.11
2026-08-20,Humira,14.48,06:45:23,2,8,202.12
2026-08-20,Humira,7.23,06:45:53,2,8,0.0
2026-08-20,Humira,15.66,06:46:23,2,8,202.14
2026-08-20,Humira,6.67,06:46:53,2,8,0.0
2026-08-20,Humira,11.87,06:47:23,2,8,202.16
2026-08-20,Humira,12.97,06:47:53,2,8,202.17
2026-08-20,Humira,17.77,06:48:23,2,8,202.18
2026-08-20,Humira,14.09,06:48:53,2,8,202.19
2026-08-20,Humira,6.55,06:49:23,2,8,0.0
2026-08-20,Humira,14.47,06:49:53,2,8,202.22
2026-08-20,Humira,14.22,06:50:23,2,8,202.23
2026-08-20,Humira,3.94,06:50:53,2,8,0.0
2026-08-20,Humira,5.11,06:51:23,2,8,0.0
2026-08-20,Humira,14.22,06:51:53,2,8,202.26
2026-08-20,Humira,11.56,06:52:23,2,8,202.27
2026-08-20,Humira,7.49,06:52:53,2,8,0.0
2026-08-20,Humira,13.45,06:53:23,2,8,202.29
2026-08-20,Humira,3.61,06:53:53,2,8,0.0
2026-08-20,Humira,12.23,06:54:23,2,8,202.31
2026-08-20,Humira,11.89,06:54:53,2,8,202.32
2026-08-20,Humira,3.65,06:55:23,2,8,0.0
2026-08-20,Humira,14.02,06:55:53,2,8,202.35
2026-08-20,Humira,16.18,06:56:23,2,8,202.36
2026-08-20,Humira,2.81,06:56:53,2,8,0.0
2026-08-20,Humira,9.62,06:57:23,2,8,202.38
2026-08-20,Humira,15.94,06:57:53,2,8,202.39
2026-08-20,Humira,17.02,06:58:23,2,8,202.4
2026-08-20,Humira,3.47,06:58:53,2,8,0.0
2026-08-20,Humira,11.44,06:59:23,2,8,202.42
2026-08-20,Humira,6.32,06:59:53,2,8,0.0
2026-08-20,Humira,12.81,07:00:23,2,8,202.44
2026-08-20,Humira,5.79,07:00:53,2,8,0.0
2026-08-20,Humira,9.03,07:01:23,2,8,202.46
2026-08-20,Humira,12.9,07:01:53,2,8,202.47
2026-08-20,Humira,10.34,07:02:23,2,8,202.49
2026-08-20,Humira,6.94,07:02:53,2,8,0.0
2026-08-20,Humira,13.41,07:03:23,2,8,202.51
2026-08-20,Humira,14.32,07:03:53,2,8,202.52
2026-08-20,Humira,11.27,07:04:23,2,8,202.53
2026-08-20,Humira,9.97,07:04:53,2,8,202.54
2026-08-20,Humira,17.87,07:05:23,2,8,202.55
2026-08-20,Humira,14.05,07:05:53,2,8,202.56
2026-08-20,Humira,4.8,07:06:23,2,8,0.0
2026-08-20,Humira,5.78,07:06:53,2,8,0.0
2026-08-20,Humira,4.88,07:07:23,2,8,0.0
2026-08-20,Humira,14.99,07:07:53,2,8,202.6
2026-08-20,Humira,10.06,07:08:23,2,8,202.62
2026-08-20,Humira,9.2,07:08:53,2,8,202.63
2026-08-20,Humira,2.5,07:09:23,2,8,0.0
2026-08-20,Humira,14.66,07:09:53,2,8,202.65
2026-08-20,Humira,2.79,07:10:23,2,8,0.0
2026-08-20,Humira,16.01,07:10:53,2,8,202.67
2026-08-20,Humira,6.9,07:11:23,2,8,0.0
2026-08-20,Humira,17.56,07:11:53,2,8,202.69
2026-08-20,Humira,11.73,07:12:23,2,8,202.7
2026-08-20,Humira,11.75,07:12:53,2,8,202.71
2026-08-20,Humira,13.02,07:13:23,2,8,202.72
2026-08-20,Humira,15.56,07:13:53,2,8,202.73
2026-08-20,Humira,4.0,07:14:23,2,8,0.0
2026-08-20,Humira,6.85,07:14:53,2,8,0.0
2026-08-20,Humira,14.73,07:15:23,2,8,202.77
2026-08-20,Humira,13.58,07:15:53,2,8,202.78
2026-08-20,Humira,2.58,07:16:23,2,8,0.0
2026-08-20,Humira,14.06,07:16:53,2,8,202.8
2026-08-20,Humira,15.48,07:17:23,2,8,202.81
2026-08-20,Humira,2.84,07:17:53,2,8,0.0
2026-08-20,Humira,17.46,07:18:23,2,8,202.83
2026-08-20,Humira,14.52,07:18:53,2,8,202.84
2026-08-20,Humira,9.21,07:19:23,2,8,202.85
2026-08-20,Humira,16.69,07:19:53,2,8,202.87
2026-08-20,Humira,10.73,07:20:23,2,8,202.88
2026-08-20,Humira,16.71,07:20:53,2,8,202.89
2026-08-20,Humira,3.69,07:21:23,2,8,0.0
2026-08-20,Humira,13.94,07:21:53,2,8,202.91
2026-08-20,Humira,14.81,07:22:23,2,8,202.92
2026-08-20,Humira,2.7,07:22:53,2,8,0.0
2026-08-20,Humira,11.29,07:23:23,2,8,202.94
2026-08-20,Humira,10.14,07:23:53,2,8,202.95
2026-08-20,Humira,11.01,07:24:23,2,8,202.96
2026-08-20,Humira,14.89,07:24:53,2,8,202.97
2026-08-20,Humira,3.52,07:25:23,2,8,0.0
2026-08-20,Humira,16.38,07:25:53,2,8,203.0
2026-08-20,Humira,11.1,07:26:23,2,8,203.01
2026-08-20,Humira,14.3,07:26:53,2,8,203.02
2026-08-20,Humira,9.16,07:27:23,2,8,203.03
2026-08-20,Humira,2.11,07:27:53,2,8,0.0
2026-08-20,Humira,12.77,07:28:23,2,8,203.05
2026-08-20,Humira,14.78,07:28:53,2,8,203.06
2026-08-20,Humira,3.15,07:29:23,2,8,0.0
2026-08-20,Humira,2.08,07:29:53,2,8,0.0
2026-08-20,Humira,14.25,07:30:23,2,8,203.09
2026-08-20,Humira,13.58,07:30:53,2,8,203.1
2026-08-20,Humira,9.86,07:31:23,2,8,203.11
2026-08-20,Humira,2.21,07:31:53,2,8,0.0
2026-08-20,Humira,15.99,07:32:23,2,8,203.14
2026-08-20,Humira,3.07,07:32:53,2,8,0.0
2026-08-20,Humira,15.04,07:33:23,2,8,203.16
2026-08-20,Humira,7.11,07:33:53,2,8,0.0
2026-08-20,Humira,11.11,07:34:23,2,8,203.18
2026-08-20,Humira,2.61,07:34:53,2,8,0.0
2026-08-20,Humira,9.73,07:35:23,2,8,203.2
2026-08-20,Humira,7.04,07:35:53,2,8,0.0
2026-08-20,Humira,2.87,07:36:23,2,8,0.0
2026-08-20,Humira,17.87,07:36:53,2,8,203.23
2026-08-20,Humira,9.72,07:37:23,2,8,203.24
2026-08-20,Humira,10.52,07:37:53,2,8,203.25
2026-08-20,Humira,13.88,07:38:23,2,8,203.27
2026-08-20,Humira,16.22,07:38:53,2,8,203.28
2026-08-20,Humira,16.24,07:39:23,2,8,203.29
2026-08-20,Humira,5.45,07:39:53,2,8,0.0
2026-08-20,Humira,7.07,07:40:23,2,8,0.0
2026-08-20,Humira,6.78,07:40:53,2,8,0.0
2026-08-20,Humira,13.87,07:41:23,2,8,203.33
2026-08-20,Humira,12.87,07:41:53,2,8,203.34
2026-08-20,Humira,5.02,07:42:23,2,8,0.0
2026-08-20,Humira,15.47,07:42:53,2,8,203.36
2026-08-20,Humira,7.93,07:43:23,2,8,0.0
2026-08-20,Humira,11.62,07:43:53,2,8,203.38
2026-08-20,Humira,10.24,07:44:23,2,8,203.4
2026-08-20,Humira,12.7,07:44:53,2,8,203.41
2026-08-20,Humira,3.66,07:45:23,2,8,0.0
2026-08-20,Humira,15.74,07:45:53,2,8,203.43
2026-08-20,Humira,11.19,07:46:23,2,8,203.44
2026-08-20,Humira,3.56,07:46:53,2,8,0.0
2026-08-20,Humira,14.94,07:47:23,2,8,203.46
2026-08-20,Humira,7.96,07:47:53,2,8,0.0
2026-08-20,Humira,5.4,07:48:23,2,8,0.0
2026-08-20,Humira,5.21,07:48:53,2,8,0.0
2026-08-20,Humira,5.68,07:49:23,2,8,0.0
2026-08-20,Humira,16.22,07:49:53,2,8,203.52
2026-08-20,Humira,5.55,07:50:23,2,8,0.0
2026-08-20,Humira,5.19,07:50:53,2,8,0.0
2026-08-20,Humira,5.68,07:51:23,2,8,0.0
2026-08-20,Humira,10.94,07:51:53,2,8,203.56
2026-08-20,Humira,12.91,07:52:23,2,8,203.57
2026-08-20,Humira,17.7,07:52:53,2,8,203.58
2026-08-20,Humira,12.67,07:53:23,2,8,203.59
2026-08-20,Humira,9.99,07:53:53,2,8,203.6
2026-08-20,Humira,4.21,07:54:23,2,8,0.0
2026-08-20,Humira,14.59,07:54:53,2,8,203.62
2026-08-20,Humira,17.8,07:55:23,2,8,203.63
2026-08-20,Humira,11.72,07:55:53,2,8,203.65
2026-08-20,Humira,2.56,07:56:23,2,8,0.0
2026-08-20,Humira,14.41,07:56:53,2,8,203.67
2026-08-20,Humira,6.8,07:57:23,2,8,0.0
2026-08-20,Humira,4.72,07:57:53,2,8,0.0
2026-08-20,Humira,10.97,07:58:23,2,8,203.7
2026-08-20,Humira,10.5,07:58:53,2,8,203.71
2026-08-20,Humira,2.64,07:59:23,2,8,0.0
2026-08-20,Humira,5.45,07:59:53,2,8,0.0
2026-08-20,Humira,14.23,08:00:23,2,8,203.74
2026-08-20,Humira,10.92,08:00:53,2,8,203.75
2026-08-20,Humira,4.79,08:01:23,2,8,0.0
2026-08-20,Humira,2.59,08:01:53,2,8,0.0
2026-08-20,Humira,14.2,08:02:23,2,8,203.79
2026-08-20,Humira,15.59,08:02:53,2,8,203.8
2026-08-20,Humira,9.88,08:03:23,2,8,203.81
2026-08-20,Humira,11.5,08:03:53,2,8,203.82
2026-08-20,Humira,15.68,08:04:23,2,8,203.83
2026-08-20,Humira,3.24,08:04:53,2,8,0.0
2026-08-20,Humira,17.59,08:05:23,2,8,203.85
2026-08-20,Humira,9.06,08:05:53,2,8,203.86
2026-08-20,Humira,11.86,08:06:23,2,8,203.87
2026-08-20,Humira,2.8,08:06:53,2,8,0.0
2026-08-20,Humira,7.24,08:07:23,2,8,0.0
2026-08-20,Humira,14.39,08:07:53,2,8,203.91
2026-08-20,Humira,6.8,08:08:23,2,8,0.0
2026-08-20,Humira,14.02,08:08:53,2,8,203.93
2026-08-20,Humira,12.37,08:09:23,2,8,203.94
2026-08-20,Humira,6.63,08:09:53,2,8,0.0
2026-08-20,Humira,7.6,08:10:23,2,8,0.0
2026-08-20,Humira,7.96,08:10:53,2,8,0.0
2026-08-20,Humira,14.6,08:11:23,2,8,203.98
2026-08-20,Humira,2.2,08:11:53,2,8,0.0
2026-08-20,Humira,17.54,08:12:23,2,8,204.0
2026-08-20,Humira,13.73,08:12:53,2,8,204.01
2026-08-20,Humira,12.78,08:13:23,2,8,204.02
2026-08-20,Humira,13.55,08:13:53,2,8,204.03
2026-08-20,Humira,3.94,08:14:23,2,8,0.0
2026-08-20,Humira,7.87,08:14:53,2,8,0.0
2026-08-20,Humira,15.34,08:15:23,2,8,204.07
2026-08-20,Humira,4.29,08:15:53,2,8,0.0
2026-08-20,Humira,5.66,08:16:23,2,8,0.0
2026-08-20,Humira,2.75,08:16:53,2,8,0.0
2026-08-20,Humira,16.19,08:17:23,2,8,204.11
2026-08-20,Humira,10.68,08:17:53,2,8,204.12
2026-08-20,Humira,11.76,08:18:23,2,8,204.13
2026-08-20,Humira,15.2,08:18:53,2,8,204.14
2026-08-20,Humira,12.81,08:19:23,2,8,204.15
2026-08-20,Humira,4.77,08:19:53,2,8,0.0
2026-08-20,Humira,14.14,08:20:23,2,8,204.18
2026-08-20,Humira,16.66,08:20:53,2,8,204.19
2026-08-20,Humira,4.32,08:21:23,2,8,0.0
2026-08-20,Humira,6.33,08:21:53,2,8,0.0
2026-08-20,Humira,13.25,08:22:23,2,8,204.22
2026-08-20,Humira,2.99,08:22:53,2,8,0.0
2026-08-20,Humira,14.98,08:23:23,2,8,204.24
2026-08-20,Humira,7.4,08:23:53,2,8,0.0
2026-08-20,Humira,5.24,08:24:23,2,8,0.0
2026-08-20,Humira,15.69,08:24:53,2,8,204.27
2026-08-20,Humira,5.75,08:25:23,2,8,0.0
2026-08-20,Humira,7.53,08:25:53,2,8,0.0
2026-08-20,Humira,6.27,08:26:23,2,8,0.0
2026-08-20,Humira,14.86,08:26:53,2,8,204.32
2026-08-20,Humira,13.57,08:27:23,2,8,204.33
2026-08-20,Humira,6.47,08:27:53,2,8,0.0
2026-08-20,Humira,13.29,08:28:23,2,8,204.35
2026-08-20,Humira,14.74,08:28:53,2,8,204.36
2026-08-20,Humira,15.3,08:29:23,2,8,204.37
2026-08-20,Humira,5.01,08:29:53,2,8,0.0
2026-08-20,Humira,4.0,08:30:23,2,8,0.0
2026-08-20,Humira,17.62,08:30:53,2,8,204.4
2026-08-20,Humira,4.19,08:31:23,2,8,0.0
2026-08-20,Humira,16.7,08:31:53,2,8,204.43
2026-08-20,Humira,9.49,08:32:23,2,8,204.44
2026-08-20,Humira,7.2,08:32:53,2,8,0.0
2026-08-20,Humira,3.7,08:33:23,2,8,0.0
2026-08-20,Humira,6.46,08:33:53,2,8,0.0
2026-08-20,Humira,13.04,08:34:23,2,8,204.48
2026-08-20,Humira,13.54,08:34:53,2,8,204.49
2026-08-20,Humira,2.36,08:35:23,2,8,0.0
2026-08-20,Humira,7.52,08:35:53,2,8,0.0
2026-08-20,Humira,7.52,08:36:23,2,8,0.0
2026-08-20,Humira,11.71,08:36:53,2,8,204.53
2026-08-20,Humira,11.55,08:37:23,2,8,204.54
2026-08-20,Humira,10.74,08:37:53,2,8,204.56
2026-08-20,Humira,9.94,08:38:23,2,8,204.57
2026-08-20,Humira,15.51,08:38:53,2,8,204.58
2026-08-20,Humira,16.81,08:39:23,2,8,204.59
2026-08-20,Humira,3.21,08:39:53,2,8,0.0
2026-08-20,Humira,13.38,08:40:23,2,8,204.61
2026-08-20,Humira,9.72,08:40:53,2,8,204.62
2026-08-20,Humira,12.75,08:41:23,2,8,204.63
2026-08-20,Humira,3.46,08:41:53,2,8,0.0
2026-08-20,Humira,15.81,08:42:23,2,8,204.65
2026-08-20,Humira,13.61,08:42:53,2,8,204.66
2026-08-20,Humira,17.26,08:43:23,2,8,204.67
2026-08-20,Humira,2.47,08:43:53,2,8,0.0
2026-08-20,Humira,12.22,08:44:23,2,8,204.7
2026-08-20,Humira,10.22,08:44:53,2,8,204.71
2026-08-20,Humira,2.16,08:45:23,2,8,0.0
2026-08-20,Humira,15.96,08:45:53,2,8,204.73
2026-08-20,Humira,5.88,08:46:23,2,8,0.0
2026-08-20,Humira,7.01,08:46:53,2,8,0.0
2026-08-20,Humira,6.98,08:47:23,2,8,0.0
2026-08-20,Humira,4.38,08:47:53,2,8,0.0
2026-08-20,Humira,7.96,08:48:23,2,8,0.0
2026-08-20,Humira,9.23,08:48:53,2,8,204.79
2026-08-20,Humira,11.45,08:49:23,2,8,204.8
2026-08-20,Humira,9.39,08:49:53,2,8,204.82
2026-08-20,Humira,16.06,08:50:23,2,8,204.83
2026-08-20,Humira,13.33,08:50:53,2,8,204.84
2026-08-20,Humira,15.68,08:51:23,2,8,204.85
2026-08-20,Humira,12.19,08:51:53,2,8,204.86
2026-08-20,Humira,15.05,08:52:23,2,8,204.87
2026-08-20,Humira,14.3,08:52:53,2,8,204.88
2026-08-20,Humira,3.59,08:53:23,2,8,0.0
2026-08-20,Humira,17.05,08:53:53,2,8,204.9
2026-08-20,Humira,10.89,08:54:23,2,8,204.91
2026-08-20,Humira,11.96,08:54:53,2,8,204.92
2026-08-20,Humira,15.73,08:55:23,2,8,204.93
2026-08-20,Humira,12.13,08:55:53,2,8,204.95
2026-08-20,Humira,2.18,08:56:23,2,8,0.0
2026-08-20,Humira,12.2,08:56:53,2,8,204.97
2026-08-20,Humira,17.97,08:57:23,2,8,204.98
2026-08-20,Humira,13.27,08:57:53,2,8,204.99
2026-08-20,Humira,6.41,08:58:23,2,8,0.0
2026-08-20,Humira,11.07,08:58:53,2,8,205.01
2026-08-20,Humira,15.18,08:59:23,2,8,205.02
2026-08-20,Humira,11.17,08:59:53,2,8,205.03
2026-08-20,Humira,2.73,09:00:23,2,8,0.0
2026-08-20,Humira,16.31,09:00:53,2,8,205.05
2026-08-20,Humira,6.49,09:01:23,2,8,0.0
2026-08-20,Humira,16.96,09:01:53,2,8,205.08
2026-08-20,Humira,3.45,09:02:23,2,8,0.0
2026-08-20,Humira,16.74,09:02:53,2,8,205.1
2026-08-20,Humira,3.1,09:03:23,2,8,0.0
2026-08-20,Humira,5.3,09:03:53,2,8,0.0
2026-08-20,Humira,4.97,09:04:23,2,8,0.0
2026-08-20,Humira,4.5,09:04:53,2,8,0.0
2026-08-20,Humira,15.35,09:05:23,2,8,205.15
2026-08-20,Humira,5.16,09:05:53,2,8,0.0
2026-08-20,Humira,10.94,09:06:23,2,8,205.17
2026-08-20,Humira,13.79,09:06:53,2,8,205.18
2026-08-20,Humira,9.86,09:07:23,2,8,205.19
2026-08-20,Humira,14.11,09:07:53,2,8,205.21
2026-08-20,Humira,10.1,09:08:23,2,8,205.22
2026-08-20,Humira,12.07,09:08:53,2,8,205.23
2026-08-20,Humira,17.06,09:09:23,2,8,205.24
2026-08-20,Humira,2.95,09:09:53,2,8,0.0
2026-08-20,Humira,16.44,09:10:23,2,8,205.26
2026-08-20,Humira,16.27,09:10:53,2,8,205.27
2026-08-20,Humira,11.81,09:11:23,2,8,205.28
2026-08-20,Humira,16.49,09:11:53,2,8,205.29
2026-08-20,Humira,14.16,09:12:23,2,8,205.3
2026-08-20,Humira,15.36,09:12:53,2,8,205.31
2026-08-20,Humira,12.04,09:13:23,2,8,205.32
2026-08-20,Humira,9.45,09:13:53,2,8,205.33
2026-08-20,Humira,9.1,09:14:23,2,8,205.35
2026-08-20,Humira,3.22,09:14:53,2,8,0.0
2026-08-20,Humira,7.09,09:15:23,2,8,0.0
2026-08-20,Humira,7.1,09:15:53,2,8,0.0
2026-08-20,Humira,15.0,09:16:23,2,8,205.39
2026-08-20,Humira,4.72,09:16:53,2,8,0.0
2026-08-20,Humira,13.18,09:17:23,2,8,205.41
2026-08-20,Humira,17.48,09:17:53,2,8,205.42
2026-08-20,Humira,16.72,09:18:23,2,8,205.43
2026-08-20,Humira,9.63,09:18:53,2,8,205.44
2026-08-20,Humira,7.99,09:19:23,2,8,0.0
2026-08-20,Humira,2.23,09:19:53,2,8,0.0
2026-08-20,Humira,9.63,09:20:23,2,8,205.48
2026-08-20,Humira,14.43,09:20:53,2,8,205.49
2026-08-20,Humira,16.71,09:21:23,2,8,205.5
2026-08-20,Humira,10.13,09:21:53,2,8,205.51
2026-08-20,Humira,13.16,09:22:23,2,8,205.52
2026-08-20,Humira,15.03,09:22:53,2,8,205.53
2026-08-20,Humira,17.64,09:23:23,2,8,205.54
2026-08-20,Humira,11.44,09:23:53,2,8,205.55
2026-08-20,Humira,2.81,09:24:23,2,8,0.0
2026-08-20,Humira,3.24,09:24:53,2,8,0.0
2026-08-20,Humira,4.99,09:25:23,2,8,0.0
2026-08-20,Humira,7.02,09:25:53,2,8,0.0
2026-08-20,Humira,5.02,09:26:23,2,8,0.0
2026-08-20,Humira,10.69,09:26:53,2,8,205.62
2026-08-20,Humira,16.34,09:27:23,2,8,205.63
2026-08-20,Humira,3.27,09:27:53,2,8,0.0
2026-08-20,Humira,4.72,09:28:23,2,8,0.0
2026-08-20,Humira,10.23,09:28:53,2,8,205.66
2026-08-20,Humira,4.2,09:29:23,2,8,0.0
2026-08-20,Humira,17.93,09:29:53,2,8,205.68
2026-08-20,Humira,13.12,09:30:23,2,8,205.69
2026-08-20,Humira,16.08,09:30:53,2,8,205.7
2026-08-20,Humira,10.14,09:31:23,2,8,205.71
2026-08-20,Humira,11.73,09:31:53,2,8,205.72
2026-08-20,Humira,15.92,09:32:23,2,8,205.74
2026-08-20,Humira,9.44,09:32:53,2,8,205.75
2026-08-20,Humira,6.44,09:33:23,2,8,0.0
2026-08-20,Humira,3.62,09:33:53,2,8,0.0
2026-08-20,Humira,14.81,09:34:23,2,8,205.78
2026-08-20,Humira,6.77,09:34:53,2,8,0.0
2026-08-20,Humira,2.81,09:35:23,2,8,0.0
2026-08-20,Humira,15.13,09:35:53,2,8,205.81
2026-08-20,Humira,9.01,09:36:23,2,8,205.82
2026-08-20,Humira,3.51,09:36:53,2,8,0.0
2026-08-20,Humira,15.34,09:37:23,2,8,205.84
2026-08-20,Humira,13.48,09:37:53,2,8,205.85
2026-08-20,Humira,12.01,09:38:23,2,8,205.87
2026-08-20,Humira,12.77,09:38:53,2,8,205.88
2026-08-20,Humira,10.39,09:39:23,2,8,205.89
2026-08-20,Humira,16.14,09:39:53,2,8,205.9
2026-08-20,Humira,7.39,09:40:23,2,8,0.0
2026-08-20,Humira,15.83,09:40:53,2,8,205.92
2026-08-20,Humira,15.33,09:41:23,2,8,205.93
2026-08-20,Humira,17.78,09:41:53,2,8,205.94
2026-08-20,Humira,6.71,09:42:23,2,8,0.0
2026-08-20,Humira,14.95,09:42:53,2,8,205.96
2026-08-20,Humira,12.88,09:43:23,2,8,205.97
2026-08-20,Humira,16.65,09:43:53,2,8,205.98
2026-08-20,Humira,13.38,09:44:23,2,8,206.0
2026-08-20,Humira,13.04,09:44:53,2,8,206.01
2026-08-20,Humira,6.04,09:45:23,2,8,0.0
2026-08-20,Humira,17.03,09:45:53,2,8,206.03
2026-08-20,Humira,3.49,09:46:23,2,8,0.0
2026-08-20,Humira,12.66,09:46:53,2,8,206.05
2026-08-20,Humira,7.11,09:47:23,2,8,0.0
2026-08-20,Humira,4.79,09:47:53,2,8,0.0
2026-08-20,Humira,5.53,09:48:23,2,8,0.0
2026-08-20,Humira,10.96,09:48:53,2,8,206.09
2026-08-20,Humira,11.84,09:49:23,2,8,206.1
2026-08-20,Humira,5.23,09:49:53,2,8,0.0
2026-08-20,Humira,2.1,09:50:23,2,8,0.0
2026-08-20,Humira,14.76,09:50:53,2,8,206.14
2026-08-20,Humira,13.93,09:51:23,2,8,206.15
2026-08-20,Humira,2.42,09:51:53,2,8,0.0
2026-08-20,Humira,16.23,09:52:23,2,8,206.17
2026-08-20,Humira,7.02,09:52:53,2,8,0.0
2026-08-20,Humira,9.89,09:53:23,2,8,206.19
2026-08-20,Humira,7.52,09:53:53,2,8,0.0
2026-08-20,Humira,16.87,09:54:23,2,8,206.21
2026-08-20,Humira,2.68,09:54:53,2,8,0.0
2026-08-20,Humira,14.92,09:55:23,2,8,206.23
2026-08-20,Humira,11.76,09:55:53,2,8,206.25
2026-08-20,Humira,16.83,09:56:23,2,8,206.26
2026-08-20,Humira,4.49,09:56:53,2,8,0.0
2026-08-20,Humira,13.35,09:57:23,2,8,206.28
2026-08-20,Humira,3.68,09:57:53,2,8,0.0
2026-08-20,Humira,10.67,09:58:23,2,8,206.3
2026-08-20,Humira,12.48,09:58:53,2,8,206.31
2026-08-20,Humira,4.71,09:59:23,2,8,0.0
2026-08-20,Humira,14.34,09:59:53,2,8,206.33
2026-08-20,Humira,16.49,10:00:23,2,8,206.34
2026-08-20,Humira,7.69,10:00:53,2,8,0.0
2026-08-20,Humira,12.52,10:01:23,2,8,206.36
2026-08-20,Humira,11.31,10:01:53,2,8,206.38
2026-08-20,Humira,2.24,10:02:23,2,8,0.0
2026-08-20,Humira,15.89,10:02:53,2,8,206.4
2026-08-20,Humira,11.63,10:03:23,2,8,206.41
2026-08-20,Humira,10.58,10:03:53,2,8,206.42
2026-08-20,Humira,13.34,10:04:23,2,8,206.43
2026-08-20,Humira,9.68,10:04:53,2,8,206.44
2026-08-20,Humira,14.63,10:05:23,2,8,206.45
2026-08-20,Humira,17.04,10:05:53,2,8,206.46
2026-08-20,Humira,16.07,10:06:23,2,8,206.47
2026-08-20,Humira,17.12,10:06:53,2,8,206.48
2026-08-20,Humira,3.55,10:07:23,2,8,0.0
2026-08-20,Humira,17.66,10:07:53,2,8,206.5
2026-08-20,Humira,10.39,10:08:23,2,8,206.52
2026-08-20,Humira,15.62,10:08:53,2,8,206.53
2026-08-20,Humira,4.88,10:09:23,2,8,0.0
2026-08-20,Humira,14.82,10:09:53,2,8,206.55
2026-08-20,Humira,7.18,10:10:23,2,8,0.0
2026-08-20,Humira,10.49,10:10:53,2,8,206.57
2026-08-20,Humira,17.72,10:11:23,2,8,206.58
2026-08-20,Humira,13.22,10:11:53,2,8,206.59
2026-08-20,Humira,2.5,10:12:23,2,8,0.0
2026-08-20,Humira,12.26,10:12:53,2,8,206.61
2026-08-20,Humira,3.78,10:13:23,2,8,0.0
2026-08-20,Humira,3.4,10:13:53,2,8,0.0
2026-08-20,Humira,2.09,10:14:23,2,8,0.0
2026-08-20,Humira,6.13,10:14:53,2,8,0.0
2026-08-20,Humira,5.27,10:15:23,2,8,0.0
2026-08-20,Humira,11.64,10:15:53,2,8,206.68
2026-08-20,Humira,16.15,10:16:23,2,8,206.69
2026-08-20,Humira,13.94,10:16:53,2,8,206.7
2026-08-20,Humira,12.32,10:17:23,2,8,206.71
2026-08-20,Humira,10.82,10:17:53,2,8,206.72
2026-08-20,Humira,7.33,10:18:23,2,8,0.0
2026-08-20,Humira,14.56,10:18:53,2,8,206.74
2026-08-20,Humira,15.63,10:19:23,2,8,206.75
2026-08-20,Humira,6.05,10:19:53,2,8,0.0
2026-08-20,Humira,13.77,10:20:23,2,8,206.78
2026-08-20,Humira,2.18,10:20:53,2,8,0.0
2026-08-20,Humira,6.99,10:21:23,2,8,0.0
2026-08-20,Humira,6.04,10:21:53,2,8,0.0
2026-08-20,Humira,7.95,10:22:23,2,8,0.0
2026-08-20,Humira,14.42,10:22:53,2,8,206.83
2026-08-20,Humira,13.58,10:23:23,2,8,206.84
2026-08-20,Humira,10.62,10:23:53,2,8,206.85
2026-08-20,Humira,5.21,10:24:23,2,8,0.0
2026-08-20,Humira,15.92,10:24:53,2,8,206.87
2026-08-20,Humira,12.64,10:25:23,2,8,206.88
2026-08-20,Humira,9.8,10:25:53,2,8,206.9
2026-08-20,Humira,10.24,10:26:23,2,8,206.91
2026-08-20,Humira,4.91,10:26:53,2,8,0.0
2026-08-20,Humira,13.85,10:27:23,2,8,206.93
2026-08-20,Humira,16.5,10:27:53,2,8,206.94
2026-08-20,Humira,2.05,10:28:23,2,8,0.0
2026-08-20,Humira,5.05,10:28:53,2,8,0.0
2026-08-20,Humira,7.79,10:29:23,2,8,0.0
2026-08-20,Humira,7.95,10:29:53,2,8,0.0
2026-08-20,Humira,11.29,10:30:23,2,8,206.99
2026-08-20,Humira,12.33,10:30:53,2,8,207.0
2026-08-20,Humira,3.89,10:31:23,2,8,0.0
2026-08-20,Humira,2.64,10:31:53,2,8,0.0
2026-08-20,Humira,11.78,10:32:23,2,8,207.04
2026-08-20,Humira,9.66,10:32:53,2,8,207.05
2026-08-20,Humira,3.17,10:33:23,2,8,0.0
2026-08-20,Humira,11.94,10:33:53,2,8,207.07
2026-08-20,Humira,13.33,10:34:23,2,8,207.08
2026-08-20,Humira,7.8,10:34:53,2,8,0.0
2026-08-20,Humira,14.7,10:35:23,2,8,207.1
2026-08-20,Humira,7.3,10:35:53,2,8,0.0
2026-08-20,Humira,5.35,10:36:23,2,8,0.0
2026-08-20,Humira,9.08,10:36:53,2,8,207.13
2026-08-20,Humira,10.08,10:37:23,2,8,207.14
2026-08-20,Humira,11.55,10:37:53,2,8,207.16
2026-08-20,Humira,9.28,10:38:23,2,8,207.17
2026-08-20,Humira,16.46,10:38:53,2,8,207.18
2026-08-20,Humira,13.34,10:39:23,2,8,207.19
2026-08-20,Humira,7.42,10:39:53,2,8,0.0
2026-08-20,Humira,14.5,10:40:23,2,8,207.21
2026-08-20,Humira,3.24,10:40:53,2,8,0.0
2026-08-20,Humira,5.73,10:41:23,2,8,0.0
2026-08-20,Humira,5.78,10:41:53,2,8,0.0
2026-08-20,Humira,9.9,10:42:23,2,8,207.25
2026-08-20,Humira,3.88,10:42:53,2,8,0.0
2026-08-20,Humira,12.66,10:43:23,2,8,207.27
2026-08-20,Humira,3.93,10:43:53,2,8,0.0
2026-08-20,Humira,12.51,10:44:23,2,8,207.3
2026-08-20,Humira,4.29,10:44:53,2,8,0.0
2026-08-20,Humira,15.89,10:45:23,2,8,207.32
2026-08-20,Humira,11.68,10:45:53,2,8,207.33
2026-08-20,Humira,6.59,10:46:23,2,8,0.0
2026-08-20,Humira,17.77,10:46:53,2,8,207.35
2026-08-20,Humira,15.63,10:47:23,2,8,207.36
2026-08-20,Humira,3.85,10:47:53,2,8,0.0
2026-08-20,Humira,10.92,10:48:23,2,8,207.38
2026-08-20,Humira,5.27,10:48:53,2,8,0.0
2026-08-20,Humira,16.68,10:49:23,2,8,207.4
2026-08-20,Humira,7.09,10:49:53,2,8,0.0
2026-08-20,Humira,15.22,10:50:23,2,8,207.43
2026-08-20,Humira,17.5,10:50:53,2,8,207.44
2026-08-20,Humira,15.07,10:51:23,2,8,207.45
2026-08-20,Humira,10.17,10:51:53,2,8,207.46
2026-08-20,Humira,6.45,10:52:23,2,8,0.0
2026-08-20,Humira,9.64,10:52:53,2,8,207.48
2026-08-20,Humira,13.89,10:53:23,2,8,207.49
2026-08-20,Humira,14.34,10:53:53,2,8,207.5
2026-08-20,Humira,10.66,10:54:23,2,8,207.51
2026-08-20,Humira,10.99,10:54:53,2,8,207.52
2026-08-20,Humira,13.06,10:55:23,2,8,207.53
2026-08-20,Humira,12.75,10:55:53,2,8,207.55
2026-08-20,Humira,3.72,10:56:23,2,8,0.0
2026-08-20,Humira,9.2,10:56:53,2,8,207.57
2026-08-20,Humira,15.29,10:57:23,2,8,207.58
2026-08-20,Humira,12.77,10:57:53,2,8,207.59
2026-08-20,Humira,16.92,10:58:23,2,8,207.6
2026-08-20,Humira,2.13,10:58:53,2,8,0.0
2026-08-20,Humira,12.59,10:59:23,2,8,207.62
2026-08-20,Humira,16.56,10:59:53,2,8,207.63
2026-08-20,Humira,7.22,11:00:23,2,8,0.0
2026-08-20,Humira,12.47,11:00:53,2,8,207.65
2026-08-20,Humira,13.44,11:01:23,2,8,207.66
2026-08-20,Humira,2.3,11:01:53,2,8,0.0
2026-08-20,Humira,10.95,11:02:23,2,8,207.69
2026-08-20,Humira,6.34,11:02:53,2,8,0.0
2026-08-20,Humira,17.42,11:03:23,2,8,207.71
2026-08-20,Humira,15.67,11:03:53,2,8,207.72
2026-08-20,Humira,13.42,11:04:23,2,8,207.73
2026-08-20,Humira,13.35,11:04:53,2,8,207.74
2026-08-20,Humira,5.48,11:05:23,2,8,0.0
2026-08-20,Humira,2.94,11:05:53,2,8,0.0
2026-08-20,Humira,9.75,11:06:23,2,8,207.77
2026-08-20,Humira,11.19,11:06:53,2,8,207.78
2026-08-20,Humira,16.25,11:07:23,2,8,207.79
2026-08-20,Humira,14.73,11:07:53,2,8,207.81
2026-08-20,Humira,12.83,11:08:23,2,8,207.82
2026-08-20,Humira,10.62,11:08:53,2,8,207.83
2026-08-20,Humira,9.9,11:09:23,2,8,207.84
2026-08-20,Humira,10.93,11:09:53,2,8,207.85
2026-08-20,Humira,15.2,11:10:23,2,8,207.86
2026-08-20,Humira,2.48,11:10:53,2,8,0.0
2026-08-20,Humira,6.24,11:11:23,2,8,0.0
2026-08-20,Humira,4.28,11:11:53,2,8,0.0
2026-08-20,Humira,10.82,11:12:23,2,8,207.9
2026-08-20,Humira,15.02,11:12:53,2,8,207.91
2026-08-20,Humira,2.98,11:13:23,2,8,0.0
2026-08-20,Humira,17.96,11:13:53,2,8,207.94
2026-08-20,Humira,11.22,11:14:23,2,8,207.95
2026-08-20,Humira,14.97,11:14:53,2,8,207.96
2026-08-20,Humira,4.55,11:15:23,2,8,0.0
2026-08-20,Humira,15.11,11:15:53,2,8,207.98
2026-08-20,Humira,16.71,11:16:23,2,8,207.99
2026-08-20,Humira,9.01,11:16:53,2,8,208.0
2026-08-20,Humira,2.87,11:17:23,2,8,0.0
2026-08-20,Humira,14.52,11:17:53,2,8,208.02
2026-08-20,Humira,6.29,11:18:23,2,8,0.0
2026-08-20,Humira,16.51,11:18:53,2,8,208.04
2026-08-20,Humira,3.25,11:19:23,2,8,0.0
2026-08-20,Humira,17.03,11:19:53,2,8,208.07
2026-08-20,Humira,4.1,11:20:23,2,8,0.0
2026-08-20,Humira,13.44,11:20:53,2,8,208.09
2026-08-20,Humira,16.7,11:21:23,2,8,208.1
2026-08-20,Humira,6.96,11:21:53,2,8,0.0
2026-08-20,Humira,12.73,11:22:23,2,8,208.12
2026-08-20,Humira,12.36,11:22:53,2,8,208.13
2026-08-20,Humira,10.21,11:23:23,2,8,208.14
2026-08-20,Humira,11.28,11:23:53,2,8,208.15
2026-08-20,Humira,2.97,11:24:23,2,8,0.0
2026-08-20,Humira,6.13,11:24:53,2,8,0.0
2026-08-20,Humira,9.76,11:25:23,2,8,208.18
2026-08-20,Humira,10.53,11:25:53,2,8,208.2
2026-08-20,Humira,11.48,11:26:23,2,8,208.21
2026-08-20,Humira,5.47,11:26:53,2,8,0.0
2026-08-20,Humira,15.57,11:27:23,2,8,208.23
2026-08-20,Humira,12.31,11:27:53,2,8,208.24
2026-08-20,Humira,16.72,11:28:23,2,8,208.25
2026-08-20,Humira,11.02,11:28:53,2,8,208.26
2026-08-20,Humira,10.29,11:29:23,2,8,208.27
2026-08-20,Humira,5.25,11:29:53,2,8,0.0
2026-08-20,Humira,5.62,11:30:23,2,8,0.0
2026-08-20,Humira,10.59,11:30:53,2,8,208.3
2026-08-20,Humira,15.47,11:31:23,2,8,208.31
2026-08-20,Humira,5.49,11:31:53,2,8,0.0
2026-08-20,Humira,7.97,11:32:23,2,8,0.0
2026-08-20,Humira,14.52,11:32:53,2,8,208.35
2026-08-20,Humira,3.13,11:33:23,2,8,0.0
2026-08-20,Humira,6.82,11:33:53,2,8,0.0
2026-08-20,Humira,10.97,11:34:23,2,8,208.38
2026-08-20,Humira,17.55,11:34:53,2,8,208.39
2026-08-20,Humira,10.94,11:35:23,2,8,208.4
2026-08-20,Humira,13.01,11:35:53,2,8,208.41
2026-08-20,Humira,16.99,11:36:23,2,8,208.42
2026-08-20,Humira,16.37,11:36:53,2,8,208.43
2026-08-20,Humira,16.35,11:37:23,2,8,208.44
2026-08-20,Humira,4.24,11:37:53,2,8,0.0
2026-08-20,Humira,2.39,11:38:23,2,8,0.0
2026-08-20,Humira,17.57,11:38:53,2,8,208.48
2026-08-20,Humira,13.01,11:39:23,2,8,208.49
2026-08-20,Humira,5.14,11:39:53,2,8,0.0
2026-08-20,Humira,16.58,11:40:23,2,8,208.51
2026-08-20,Humira,17.06,11:40:53,2,8,208.52
2026-08-20,Humira,3.28,11:41:23,2,8,0.0
2026-08-20,Humira,11.55,11:41:53,2,8,208.54
2026-08-20,Humira,13.42,11:42:23,2,8,208.55
2026-08-20,Humira,2.42,11:42:53,2,8,0.0
2026-08-20,Humira,6.33,11:43:23,2,8,0.0
2026-08-20,Humira,14.93,11:43:53,2,8,208.58
2026-08-20,Humira,17.71,11:44:23,2,8,208.6
2026-08-20,Humira,4.46,11:44:53,2,8,0.0
2026-08-20,Humira,10.73,11:45:23,2,8,208.62
2026-08-20,Humira,14.32,11:45:53,2,8,208.63
2026-08-20,Humira,3.75,11:46:23,2,8,0.0
2026-08-20,Humira,14.11,11:46:53,2,8,208.65
2026-08-20,Humira,6.2,11:47:23,2,8,0.0
2026-08-20,Humira,2.92,11:47:53,2,8,0.0
2026-08-20,Humira,14.47,11:48:23,2,8,208.68
2026-08-20,Humira,7.57,11:48:53,2,8,0.0
2026-08-20,Humira,9.05,11:49:23,2,8,208.7
2026-08-20,Humira,2.99,11:49:53,2,8,0.0
2026-08-20,Humira,13.18,11:50:23,2,8,208.73
2026-08-20,Humira,6.74,11:50:53,2,8,0.0
2026-08-20,Humira,12.02,11:51:23,2,8,208.75
2026-08-20,Humira,4.57,11:51:53,2,8,0.0
2026-08-20,Humira,5.47,11:52:23,2,8,0.0
2026-08-20,Humira,14.7,11:52:53,2,8,208.78
2026-08-20,Humira,14.26,11:53:23,2,8,208.79
2026-08-20,Humira,4.23,11:53:53,2,8,0.0
2026-08-20,Humira,3.41,11:54:23,2,8,0.0
2026-08-20,Humira,11.08,11:54:53,2,8,208.82
2026-08-20,Humira,2.25,11:55:23,2,8,0.0
2026-08-20,Humira,14.72,11:55:53,2,8,208.85
2026-08-20,Humira,16.29,11:56:23,2,8,208.86
2026-08-20,Humira,13.68,11:56:53,2,8,208.87
2026-08-20,Humira,12.81,11:57:23,2,8,208.88
2026-08-20,Humira,11.43,11:57:53,2,8,208.89
2026-08-20,Humira,16.96,11:58:23,2,8,208.9
2026-08-20,Humira,10.97,11:58:53,2,8,208.91
2026-08-20,Humira,12.66,11:59:23,2,8,208.92
2026-08-20,Humira,12.74,11:59:53,2,8,208.93
2026-08-20,Humira,14.92,12:00:23,2,8,208.94
2026-08-20,Humira,6.15,12:00:53,2,8,0.0
2026-08-20,Humira,13.53,12:01:23,2,8,208.96
2026-08-20,Humira,4.7,12:01:53,2,8,0.0
2026-08-20,Humira,17.69,12:02:23,2,8,208.99
2026-08-20,Humira,11.3,12:02:53,2,8,209.0
2026-08-20,Humira,2.99,12:03:23,2,8,0.0
2026-08-20,Humira,5.56,12:03:53,2,8,0.0
2026-08-20,Humira,12.71,12:04:23,2,8,209.03
2026-08-20,Humira,11.7,12:04:53,2,8,209.04
2026-08-20,Humira,5.72,12:05:23,2,8,0.0
2026-08-20,Humira,16.98,12:05:53,2,8,209.06
2026-08-20,Humira,15.57,12:06:23,2,8,209.07
2026-08-20,Humira,13.56,12:06:53,2,8,209.08
2026-08-20,Humira,4.17,12:07:23,2,8,0.0
2026-08-20,Humira,13.0,12:07:53,2,8,209.1
2026-08-20,Humira,12.51,12:08:23,2,8,209.12
2026-08-20,Humira,11.96,12:08:53,2,8,209.13
2026-08-20,Humira,7.54,12:09:23,2,8,0.0
2026-08-20,Humira,7.53,12:09:53,2,8,0.0
2026-08-20,Humira,16.87,12:10:23,2,8,209.16
2026-08-20,Humira,13.87,12:10:53,2,8,209.17
2026-08-20,Humira,11.63,12:11:23,2,8,209.18
2026-08-20,Humira,10.0,12:11:53,2,8,209.19
2026-08-20,Humira,10.36,12:12:23,2,8,209.2
2026-08-20,Humira,11.9,12:12:53,2,8,209.21
2026-08-20,Humira,2.49,12:13:23,2,8,0.0
2026-08-20,Humira,11.02,12:13:53,2,8,209.23
2026-08-20,Humira,16.95,12:14:23,2,8,209.25
2026-08-20,Humira,15.08,12:14:53,2,8,209.26
2026-08-20,Humira,2.19,12:15:23,2,8,0.0
2026-08-20,Humira,16.96,12:15:53,2,8,209.28
2026-08-20,Humira,15.48,12:16:23,2,8,209.29
2026-08-20,Humira,5.41,12:16:53,2,8,0.0
2026-08-20,Humira,3.05,12:17:23,2,8,0.0
2026-08-20,Humira,6.16,12:17:53,2,8,0.0
2026-08-20,Humira,2.3,12:18:23,2,8,0.0
2026-08-20,Humira,14.03,12:18:53,2,8,209.34
2026-08-20,Humira,13.47,12:19:23,2,8,209.35
2026-08-20,Humira,13.95,12:19:53,2,8,209.37
2026-08-20,Humira,10.3,12:20:23,2,8,209.38
2026-08-20,Humira,13.33,12:20:53,2,8,209.39
2026-08-20,Humira,6.6,12:21:23,2,8,0.0
2026-08-20,Humira,13.72,12:21:53,2,8,209.41
2026-08-20,Humira,2.02,12:22:23,2,8,0.0
2026-08-20,Humira,11.7,12:22:53,2,8,209.43
2026-08-20,Humira,11.18,12:23:23,2,8,209.44
2026-08-20,Humira,2.28,12:23:53,2,8,0.0
2026-08-20,Humira,10.51,12:24:23,2,8,209.46
2026-08-20,Humira,6.19,12:24:53,2,8,0.0
2026-08-20,Humira,3.32,12:25:23,2,8,0.0
2026-08-20,Humira,11.73,12:25:53,2,8,209.5
2026-08-20,Humira,11.0,12:26:23,2,8,209.51
2026-08-20,Humira,9.45,12:26:53,2,8,209.52
2026-08-20,Humira,6.24,12:27:23,2,8,0.0
2026-08-20,Humira,4.46,12:27:53,2,8,0.0
2026-08-20,Humira,7.03,12:28:23,2,8,0.0
2026-08-20,Humira,16.75,12:28:53,2,8,209.56
2026-08-20,Humira,3.89,12:29:23,2,8,0.0
2026-08-20,Humira,11.05,12:29:53,2,8,209.58
2026-08-20,Humira,9.32,12:30:23,2,8,209.59
2026-08-20,Humira,15.5,12:30:53,2,8,209.6
2026-08-20,Humira,5.6,12:31:23,2,8,0.0
2026-08-20,Humira,6.16,12:31:53,2,8,0.0
2026-08-20,Humira,9.09,12:32:23,2,8,209.64
2026-08-20,Humira,2.31,12:32:53,2,8,0.0
2026-08-20,Humira,17.97,12:33:23,2,8,209.66
2026-08-20,Humira,7.15,12:33:53,2,8,0.0
2026-08-20,Humira,4.57,12:34:23,2,8,0.0
2026-08-20,Humira,10.56,12:34:53,2,8,209.69
2026-08-20,Humira,16.67,12:35:23,2,8,209.7
2026-08-20,Humira,9.16,12:35:53,2,8,209.71
2026-08-20,Humira,3.27,12:36:23,2,8,0.0
2026-08-20,Humira,12.94,12:36:53,2,8,209.73
2026-08-20,Humira,17.14,12:37:23,2,8,209.74
2026-08-20,Humira,13.64,12:37:53,2,8,209.75
2026-08-20,Humira,14.82,12:38:23,2,8,209.77
2026-08-20,Humira,16.08,12:38:53,2,8,209.78
2026-08-20,Humira,13.03,12:39:23,2,8,209.79
2026-08-20,Humira,3.63,12:39:53,2,8,0.0
2026-08-20,Humira,3.86,12:40:23,2,8,0.0
2026-08-20,Humira,4.5,12:40:53,2,8,0.0
2026-08-20,Humira,3.06,12:41:23,2,8,0.0
2026-08-20,Humira,3.34,12:41:53,2,8,0.0
2026-08-20,Humira,15.65,12:42:23,2,8,209.85
2026-08-20,Humira,9.97,12:42:53,2,8,209.86
2026-08-20,Humira,12.15,12:43:23,2,8,209.87
2026-08-20,Humira,3.89,12:43:53,2,8,0.0
2026-08-20,Humira,13.72,12:44:23,2,8,209.9
2026-08-20,Humira,16.61,12:44:53,2,8,209.91
2026-08-20,Humira,10.26,12:45:23,2,8,209.92
2026-08-20,Humira,10.61,12:45:53,2,8,209.93
2026-08-20,Humira,10.75,12:46:23,2,8,209.94
2026-08-20,Humira,16.24,12:46:53,2,8,209.95
2026-08-20,Humira,14.89,12:47:23,2,8,209.96
2026-08-20,Humira,4.14,12:47:53,2,8,0.0
2026-08-20,Humira,6.45,12:48:23,2,8,0.0
2026-08-20,Humira,14.86,12:48:53,2,8,209.99
2026-08-20,Humira,16.0,12:49:23,2,8,210.0
2026-08-20,Humira,10.64,12:49:53,2,8,210.02
2026-08-20,Humira,6.73,12:50:23,2,8,0.0
2026-08-20,Humira,17.86,12:50:53,2,8,210.04
2026-08-20,Humira,12.45,12:51:23,2,8,210.05
2026-08-20,Humira,15.19,12:51:53,2,8,210.06
2026-08-20,Humira,4.75,12:52:23,2,8,0.0
2026-08-20,Humira,5.85,12:52:53,2,8,0.0
2026-08-20,Humira,11.91,12:53:23,2,8,210.09
2026-08-20,Humira,2.74,12:53:53,2,8,0.0
2026-08-20,Humira,13.36,12:54:23,2,8,210.11
2026-08-20,Humira,17.59,12:54:53,2,8,210.12
2026-08-20,Humira,5.27,12:55:23,2,8,0.0
2026-08-20,Humira,14.71,12:55:53,2,8,210.15
2026-08-20,Humira,9.62,12:56:23,2,8,210.16
2026-08-20,Humira,2.5,12:56:53,2,8,0.0
2026-08-20,Humira,5.56,12:57:23,2,8,0.0
2026-08-20,Humira,3.49,12:57:53,2,8,0.0
2026-08-20,Humira,10.9,12:58:23,2,8,210.2
2026-08-20,Humira,9.14,12:58:53,2,8,210.21
2026-08-20,Humira,14.32,12:59:23,2,8,210.22
2026-08-20,Humira,4.05,12:59:53,2,8,0.0
2026-08-20,Humira,13.08,13:00:23,2,8,210.24
2026-08-20,Humira,5.04,13:00:53,2,8,0.0
2026-08-20,Humira,4.9,13:01:23,2,8,0.0
2026-08-20,Humira,14.91,13:01:53,2,8,210.28
2026-08-20,Humira,2.39,13:02:23,2,8,0.0
2026-08-20,Humira,14.92,13:02:53,2,8,210.3
2026-08-20,Humira,4.13,13:03:23,2,8,0.0
2026-08-20,Humira,16.85,13:03:53,2,8,210.32
2026-08-20,Humira,17.98,13:04:23,2,8,210.33
2026-08-20,Humira,15.99,13:04:53,2,8,210.34
2026-08-20,Humira,12.17,13:05:23,2,8,210.35
2026-08-20,Humira,13.49,13:05:53,2,8,210.36
2026-08-20,Humira,12.0,13:06:23,2,8,210.37
2026-08-20,Humira,4.33,13:06:53,2,8,0.0
2026-08-20,Humira,4.41,13:07:23,2,8,0.0
2026-08-20,Humira,9.24,13:07:53,2,8,210.41
2026-08-20,Humira,9.7,13:08:23,2,8,210.42
2026-08-20,Humira,3.86,13:08:53,2,8,0.0
2026-08-20,Humira,12.84,13:09:23,2,8,210.44
2026-08-20,Humira,14.97,13:09:53,2,8,210.45
2026-08-20,Humira,10.46,13:10:23,2,8,210.46
2026-08-20,Humira,12.29,13:10:53,2,8,210.47
2026-08-20,Humira,15.85,13:11:23,2,8,210.48
2026-08-20,Humira,7.82,13:11:53,2,8,0.0
2026-08-20,Humira,3.2,13:12:23,2,8,0.0
2026-08-20,Humira,3.62,13:12:53,2,8,0.0
2026-08-20,Humira,13.89,13:13:23,2,8,210.52
2026-08-20,Humira,6.95,13:13:53,2,8,0.0
2026-08-20,Humira,15.34,13:14:23,2,8,210.55
2026-08-20,Humira,9.42,13:14:53,2,8,210.56
2026-08-20,Humira,7.31,13:15:23,2,8,0.0
2026-08-20,Humira,15.32,13:15:53,2,8,210.58
2026-08-20,Humira,5.47,13:16:23,2,8,0.0
2026-08-20,Humira,16.93,13:16:53,2,8,210.6
2026-08-20,Humira,2.19,13:17:23,2,8,0.0
2026-08-20,Humira,6.68,13:17:53,2,8,0.0
2026-08-20,Humira,10.86,13:18:23,2,8,210.63
2026-08-20,Humira,6.93,13:18:53,2,8,0.0
2026-08-20,Humira,5.42,13:19:23,2,8,0.0
2026-08-20,Humira,7.94,13:19:53,2,8,0.0
2026-08-20,Humira,12.94,13:20:23,2,8,210.68
2026-08-20,Humira,12.54,13:20:53,2,8,210.69
2026-08-20,Humira,17.81,13:21:23,2,8,210.7
2026-08-20,Humira,5.38,13:21:53,2,8,0.0
2026-08-20,Humira,7.34,13:22:23,2,8,0.0
2026-08-20,Humira,10.79,13:22:53,2,8,210.73
2026-08-20,Humira,14.64,13:23:23,2,8,210.74
2026-08-20,Humira,9.53,13:23:53,2,8,210.75
2026-08-20,Humira,6.7,13:24:23,2,8,0.0
2026-08-20,Humira,12.15,13:24:53,2,8,210.77
2026-08-20,Humira,14.96,13:25:23,2,8,210.78
2026-08-20,Humira,3.91,13:25:53,2,8,0.0
2026-08-20,Humira,17.23,13:26:23,2,8,210.81
2026-08-20,Humira,6.47,13:26:53,2,8,0.0
2026-08-20,Humira,10.41,13:27:23,2,8,210.83
2026-08-20,Humira,6.75,13:27:53,2,8,0.0
2026-08-20,Humira,10.09,13:28:23,2,8,210.85
2026-08-20,Humira,4.5,13:28:53,2,8,0.0
2026-08-20,Humira,13.27,13:29:23,2,8,210.87
2026-08-20,Humira,17.6,13:29:53,2,8,210.88
2026-08-20,Humira,5.52,13:30:23,2,8,0.0
2026-08-20,Humira,9.54,13:30:53,2,8,210.9
2026-08-20,Humira,17.24,13:31:23,2,8,210.91
2026-08-20,Humira,10.88,13:31:53,2,8,210.93
2026-08-20,Humira,10.16,13:32:23,2,8,210.94
2026-08-20,Humira,4.34,13:32:53,2,8,0.0
2026-08-20,Humira,4.89,13:33:23,2,8,0.0
2026-08-20,Humira,3.77,13:33:53,2,8,0.0
2026-08-20,Humira,9.64,13:34:23,2,8,210.98
2026-08-20,Humira,9.33,13:34:53,2,8,210.99
2026-08-20,Humira,7.65,13:35:23,2,8,0.0
2026-08-20,Humira,9.46,13:35:53,2,8,211.01
2026-08-20,Humira,12.46,13:36:23,2,8,211.02
2026-08-20,Humira,6.29,13:36:53,2,8,0.0
2026-08-20,Humira,14.29,13:37:23,2,8,211.04
2026-08-20,Humira,13.14,13:37:53,2,8,211.06
2026-08-20,Humira,15.78,13:38:23,2,8,211.07
2026-08-20,Humira,16.08,13:38:53,2,8,211.08
2026-08-20,Humira,7.8,13:39:23,2,8,0.0
2026-08-20,Humira,17.19,13:39:53,2,8,211.1
2026-08-20,Humira,3.99,13:40:23,2,8,0.0
2026-08-20,Humira,9.43,13:40:53,2,8,211.12
2026-08-20,Humira,17.79,13:41:23,2,8,211.13
2026-08-20,Humira,9.59,13:41:53,2,8,211.14
2026-08-20,Humira,6.07,13:42:23,2,8,0.0
2026-08-20,Humira,14.45,13:42:53,2,8,211.16
2026-08-20,Humira,7.26,13:43:23,2,8,0.0
2026-08-20,Humira,11.5,13:43:53,2,8,211.19
2026-08-20,Humira,17.83,13:44:23,2,8,211.2
2026-08-20,Humira,4.55,13:44:53,2,8,0.0
2026-08-20,Humira,11.35,13:45:23,2,8,211.22
2026-08-20,Humira,16.17,13:45:53,2,8,211.23
2026-08-20,Humira,17.83,13:46:23,2,8,211.24
2026-08-20,Humira,12.66,13:46:53,2,8,211.25
2026-08-20,Humira,3.86,13:47:23,2,8,0.0
2026-08-20,Humira,11.09,13:47:53,2,8,211.27
2026-08-20,Humira,13.53,13:48:23,2,8,211.28
2026-08-20,Humira,13.83,13:48:53,2,8,211.29
2026-08-20,Humira,4.04,13:49:23,2,8,0.0
2026-08-20,Humira,5.4,13:49:53,2,8,0.0
2026-08-20,Humira,10.89,13:50:23,2,8,211.33
2026-08-20,Humira,12.93,13:50:53,2,8,211.34
2026-08-20,Humira,2.85,13:51:23,2,8,0.0
2026-08-20,Humira,11.55,13:51:53,2,8,211.36
2026-08-20,Humira,5.35,13:52:23,2,8,0.0
2026-08-20,Humira,14.25,13:52:53,2,8,211.38
2026-08-20,Humira,12.16,13:53:23,2,8,211.39
2026-08-20,Humira,7.16,13:53:53,2,8,0.0
2026-08-20,Humira,10.77,13:54:23,2,8,211.41
2026-08-20,Humira,15.05,13:54:53,2,8,211.42
2026-08-20,Humira,11.37,13:55:23,2,8,211.43
2026-08-20,Humira,12.7,13:55:53,2,8,211.45
2026-08-20,Humira,7.26,13:56:23,2,8,0.0
2026-08-20,Humira,15.96,13:56:53,2,8,211.47
2026-08-20,Humira,9.52,13:57:23,2,8,211.48
2026-08-20,Humira,9.28,13:57:53,2,8,211.49
2026-08-20,Humira,13.97,13:58:23,2,8,211.5
2026-08-20,Humira,2.57,13:58:53,2,8,0.0
2026-08-20,Humira,17.48,13:59:23,2,8,211.52
2026-08-20,Humira,4.41,13:59:53,2,8,0.0
2026-08-20,Humira,14.76,14:00:23,2,8,211.54
2026-08-20,Humira,3.71,14:00:53,2,8,0.0
2026-08-20,Humira,2.22,14:01:23,2,8,0.0
2026-08-20,Humira,4.17,14:01:53,2,8,0.0
2026-08-20,Humira,16.41,14:02:23,2,8,211.59
2026-08-20,Humira,6.49,14:02:53,2,8,0.0
2026-08-20,Humira,3.2,14:03:23,2,8,0.0
2026-08-20,Humira,14.92,14:03:53,2,8,211.62
2026-08-20,Humira,14.71,14:04:23,2,8,211.63
2026-08-20,Humira,5.06,14:04:53,2,8,0.0
2026-08-20,Humira,5.99,14:05:23,2,8,0.0
2026-08-20,Humira,10.72,14:05:53,2,8,211.66
2026-08-20,Humira,9.81,14:06:23,2,8,211.67
2026-08-20,Humira,12.14,14:06:53,2,8,211.68
2026-08-20,Humira,13.72,14:07:23,2,8,211.69
2026-08-20,Humira,10.16,14:07:53,2,8,211.71
2026-08-20,Humira,5.81,14:08:23,2,8,0.0
2026-08-20,Humira,14.81,14:08:53,2,8,211.73
2026-08-20,Humira,2.71,14:09:23,2,8,0.0
2026-08-20,Humira,12.78,14:09:53,2,8,211.75
2026-08-20,Humira,16.45,14:10:23,2,8,211.76
2026-08-20,Humira,14.82,14:10:53,2,8,211.77
2026-08-20,Humira,2.03,14:11:23,2,8,0.0
2026-08-20,Humira,7.16,14:11:53,2,8,0.0
2026-08-20,Humira,5.18,14:12:23,2,8,0.0
2026-08-20,Humira,7.89,14:12:53,2,8,0.0
2026-08-20,Humira,9.53,14:13:23,2,8,211.82
2026-08-20,Humira,9.32,14:13:53,2,8,211.83
2026-08-20,Humira,9.88,14:14:23,2,8,211.85
2026-08-20,Humira,7.78,14:14:53,2,8,0.0
2026-08-20,Humira,12.63,14:15:23,2,8,211.87
2026-08-20,Humira,13.9,14:15:53,2,8,211.88
2026-08-20,Humira,9.64,14:16:23,2,8,211.89
2026-08-20,Humira,11.56,14:16:53,2,8,211.9
2026-08-20,Humira,12.47,14:17:23,2,8,211.91
2026-08-20,Humira,17.44,14:17:53,2,8,211.92
2026-08-20,Humira,16.78,14:18:23,2,8,211.93
2026-08-20,Humira,16.29,14:18:53,2,8,211.94
2026-08-20,Humira,5.2,14:19:23,2,8,0.0
2026-08-20,Humira,7.21,14:19:53,2,8,0.0
2026-08-20,Humira,10.05,14:20:23,2,8,211.98
2026-08-20,Humira,4.32,14:20:53,2,8,0.0
2026-08-20,Humira,12.9,14:21:23,2,8,212.0
2026-08-20,Humira,15.25,14:21:53,2,8,212.01
2026-08-20,Humira,14.06,14:22:23,2,8,212.02
2026-08-20,Humira,16.13,14:22:53,2,8,212.03
2026-08-20,Humira,10.69,14:23:23,2,8,212.04
2026-08-20,Humira,17.79,14:23:53,2,8,212.05
2026-08-20,Humira,5.61,14:24:23,2,8,0.0
2026-08-20,Humira,15.66,14:24:53,2,8,212.07
2026-08-20,Humira,13.92,14:25:23,2,8,212.08
2026-08-20,Humira,9.62,14:25:53,2,8,212.1
2026-08-20,Humira,2.57,14:26:23,2,8,0.0
2026-08-20,Humira,3.3,14:26:53,2,8,0.0
2026-08-20,Humira,6.35,14:27:23,2,8,0.0
2026-08-20,Humira,9.82,14:27:53,2,8,212.14
2026-08-20,Humira,4.97,14:28:23,2,8,0.0
2026-08-20,Humira,13.1,14:28:53,2,8,212.16
2026-08-20,Humira,17.55,14:29:23,2,8,212.17
2026-08-20,Humira,14.29,14:29:53,2,8,212.18
2026-08-20,Humira,17.37,14:30:23,2,8,212.19
2026-08-20,Humira,13.31,14:30:53,2,8,212.2
2026-08-20,Humira,9.83,14:31:23,2,8,212.21
2026-08-20,Humira,13.67,14:31:53,2,8,212.22
2026-08-20,Humira,3.65,14:32:23,2,8,0.0
2026-08-20,Humira,11.24,14:32:53,2,8,212.25
2026-08-20,Humira,11.03,14:33:23,2,8,212.26
2026-08-20,Humira,6.64,14:33:53,2,8,0.0
2026-08-20,Humira,4.95,14:34:23,2,8,0.0
2026-08-20,Humira,10.34,14:34:53,2,8,212.29
2026-08-20,Humira,17.54,14:35:23,2,8,212.3
2026-08-20,Humira,5.09,14:35:53,2,8,0.0
2026-08-20,Humira,11.32,14:36:23,2,8,212.32
2026-08-20,Humira,10.49,14:36:53,2,8,212.33
2026-08-20,Humira,4.76,14:37:23,2,8,0.0
2026-08-20,Humira,9.01,14:37:53,2,8,212.35
2026-08-20,Humira,13.78,14:38:23,2,8,212.37
2026-08-20,Humira,5.36,14:38:53,2,8,0.0
2026-08-20,Humira,16.46,14:39:23,2,8,212.39
2026-08-20,Humira,4.5,14:39:53,2,8,0.0
2026-08-20,Humira,3.95,14:40:23,2,8,0.0
2026-08-20,Humira,11.44,14:40:53,2,8,212.42
2026-08-20,Humira,14.4,14:41:23,2,8,212.43
2026-08-20,Humira,3.34,14:41:53,2,8,0.0
2026-08-20,Humira,4.64,14:42:23,2,8,0.0
2026-08-20,Humira,17.21,14:42:53,2,8,212.46
2026-08-20,Humira,11.53,14:43:23,2,8,212.47
2026-08-20,Humira,14.68,14:43:53,2,8,212.48
2026-08-20,Humira,17.58,14:44:23,2,8,212.5
2026-08-20,Humira,12.52,14:44:53,2,8,212.51
2026-08-20,Humira,11.16,14:45:23,2,8,212.52
2026-08-20,Humira,17.56,14:45:53,2,8,212.53
2026-08-20,Humira,12.68,14:46:23,2,8,212.54
2026-08-20,Humira,3.0,14:46:53,2,8,0.0
2026-08-20,Humira,11.98,14:47:23,2,8,212.56
2026-08-20,Humira,17.18,14:47:53,2,8,212.57
2026-08-20,Humira,4.8,14:48:23,2,8,0.0
2026-08-20,Humira,10.85,14:48:53,2,8,212.59
2026-08-20,Humira,17.65,14:49:23,2,8,212.6
2026-08-20,Humira,3.08,14:49:53,2,8,0.0
2026-08-20,Humira,14.52,14:50:23,2,8,212.63
2026-08-20,Humira,3.55,14:50:53,2,8,0.0
2026-08-20,Humira,6.59,14:51:23,2,8,0.0
2026-08-20,Humira,14.19,14:51:53,2,8,212.66
2026-08-20,Humira,12.33,14:52:23,2,8,212.67
2026-08-20,Humira,10.06,14:52:53,2,8,212.68
2026-08-20,Humira,17.45,14:53:23,2,8,212.69
2026-08-20,Humira,3.19,14:53:53,2,8,0.0
2026-08-20,Humira,5.17,14:54:23,2,8,0.0
2026-08-20,Humira,12.27,14:54:53,2,8,212.72
2026-08-20,Humira,17.58,14:55:23,2,8,212.73
2026-08-20,Humira,2.83,14:55:53,2,8,0.0
2026-08-20,Humira,14.06,14:56:23,2,8,212.76
2026-08-20,Humira,11.08,14:56:53,2,8,212.77
2026-08-20,Humira,10.3,14:57:23,2,8,212.78
2026-08-20,Humira,17.29,14:57:53,2,8,212.79
2026-08-20,Humira,14.98,14:58:23,2,8,212.8
2026-08-20,Humira,4.73,14:58:53,2,8,0.0
2026-08-20,Humira,11.41,14:59:23,2,8,212.82
2026-08-20,Humira,16.14,14:59:53,2,8,212.83
2026-08-20,Humira,5.4,15:00:23,2,8,0.0
2026-08-20,Humira,11.57,15:00:53,2,8,212.85
2026-08-20,Humira,6.72,15:01:23,2,8,0.0
2026-08-20,Humira,2.71,15:01:53,2,8,0.0
2026-08-20,Humira,10.74,15:02:23,2,8,212.89
2026-08-20,Humira,17.97,15:02:53,2,8,212.9
2026-08-20,Humira,2.37,15:03:23,2,8,0.0
2026-08-20,Humira,2.76,15:03:53,2,8,0.0
2026-08-20,Humira,6.22,15:04:23,2,8,0.0
2026-08-20,Humira,12.17,15:04:53,2,8,212.94
2026-08-20,Humira,14.08,15:05:23,2,8,212.95
2026-08-20,Humira,17.67,15:05:53,2,8,212.96
2026-08-20,Humira,15.38,15:06:23,2,8,212.97
2026-08-20,Humira,12.36,15:06:53,2,8,212.98
2026-08-20,Humira,13.65,15:07:23,2,8,212.99
2026-08-20,Humira,10.85,15:07:53,2,8,213.0
2026-08-20,Humira,13.36,15:08:23,2,8,213.02
2026-08-20,Humira,13.67,15:08:53,2,8,213.03
2026-08-20,Humira,12.68,15:09:23,2,8,213.04
2026-08-20,Humira,12.22,15:09:53,2,8,213.05
2026-08-20,Humira,15.31,15:10:23,2,8,213.06
2026-08-20,Humira,10.21,15:10:53,2,8,213.07
2026-08-20,Humira,15.29,15:11:23,2,8,213.08
2026-08-20,Humira,10.55,15:11:53,2,8,213.09
2026-08-20,Humira,5.01,15:12:23,2,8,0.0
2026-08-20,Humira,10.34,15:12:53,2,8,213.11
2026-08-20,Humira,5.56,15:13:23,2,8,0.0
2026-08-20,Humira,7.15,15:13:53,2,8,0.0
2026-08-20,Humira,16.12,15:14:23,2,8,213.15
2026-08-20,Humira,12.16,15:14:53,2,8,213.16
2026-08-20,Humira,6.86,15:15:23,2,8,0.0
2026-08-20,Humira,12.96,15:15:53,2,8,213.18
2026-08-20,Humira,10.1,15:16:23,2,8,213.19
2026-08-20,Humira,12.03,15:16:53,2,8,213.2
2026-08-20,Humira,6.66,15:17:23,2,8,0.0
2026-08-20,Humira,15.46,15:17:53,2,8,213.22
2026-08-20,Humira,3.34,15:18:23,2,8,0.0
2026-08-20,Humira,13.87,15:18:53,2,8,213.24
2026-08-20,Humira,17.57,15:19:23,2,8,213.25
2026-08-20,Humira,15.83,15:19:53,2,8,213.27
2026-08-20,Humira,15.34,15:20:23,2,8,213.28
2026-08-20,Humira,16.47,15:20:53,2,8,213.29
2026-08-20,Humira,2.12,15:21:23,2,8,0.0
2026-08-20,Humira,5.03,15:21:53,2,8,0.0
2026-08-20,Humira,2.53,15:22:23,2,8,0.0
2026-08-20,Humira,9.85,15:22:53,2,8,213.33
2026-08-20,Humira,14.42,15:23:23,2,8,213.34
2026-08-20,Humira,12.86,15:23:53,2,8,213.35
2026-08-20,Humira,4.47,15:24:23,2,8,0.0
2026-08-20,Humira,12.26,15:24:53,2,8,213.37
2026-08-20,Humira,13.7,15:25:23,2,8,213.38
2026-08-20,Humira,16.55,15:25:53,2,8,213.4
2026-08-20,Humira,10.15,15:26:23,2,8,213.41
2026-08-20,Humira,7.58,15:26:53,2,8,0.0
2026-08-20,Humira,12.76,15:27:23,2,8,213.43
2026-08-20,Humira,13.86,15:27:53,2,8,213.44
2026-08-20,Humira,6.59,15:28:23,2,8,0.0
2026-08-20,Humira,9.83,15:28:53,2,8,213.46
2026-08-20,Humira,10.7,15:29:23,2,8,213.47
2026-08-20,Humira,9.77,15:29:53,2,8,213.48
2026-08-20,Humira,7.23,15:30:23,2,8,0.0
2026-08-20,Humira,16.11,15:30:53,2,8,213.5
2026-08-20,Humira,11.52,15:31:23,2,8,213.51
2026-08-20,Humira,9.55,15:31:53,2,8,213.53
2026-08-20,Humira,16.91,15:32:23,2,8,213.54
2026-08-20,Humira,3.69,15:32:53,2,8,0.0
2026-08-20,Humira,15.09,15:33:23,2,8,213.56
2026-08-20,Humira,13.39,15:33:53,2,8,213.57
2026-08-20,Humira,6.07,15:34:23,2,8,0.0
2026-08-20,Humira,3.32,15:34:53,2,8,0.0
2026-08-20,Humira,10.93,15:35:23,2,8,213.6
2026-08-20,Humira,2.97,15:35:53,2,8,0.0
2026-08-20,Humira,4.26,15:36:23,2,8,0.0
2026-08-20,Humira,3.73,15:36:53,2,8,0.0
2026-08-20,Humira,17.58,15:37:23,2,8,213.64
2026-08-20,Humira,9.21,15:37:53,2,8,213.66
2026-08-20,Humira,6.12,15:38:23,2,8,0.0
2026-08-20,Humira,10.36,15:38:53,2,8,213.68
2026-08-20,Humira,10.01,15:39:23,2,8,213.69
2026-08-20,Humira,6.15,15:39:53,2,8,0.0
2026-08-20,Humira,12.01,15:40:23,2,8,213.71
2026-08-20,Humira,9.75,15:40:53,2,8,213.72
2026-08-20,Humira,4.89,15:41:23,2,8,0.0
2026-08-20,Humira,2.92,15:41:53,2,8,0.0
2026-08-20,Humira,5.22,15:42:23,2,8,0.0
2026-08-20,Humira,9.78,15:42:53,2,8,213.76
2026-08-20,Humira,15.33,15:43:23,2,8,213.77
2026-08-20,Humira,15.45,15:43:53,2,8,213.78
2026-08-20,Humira,15.18,15:44:23,2,8,213.8
2026-08-20,Humira,11.43,15:44:53,2,8,213.81
2026-08-20,Humira,14.02,15:45:23,2,8,213.82
2026-08-20,Humira,9.12,15:45:53,2,8,213.83
2026-08-20,Humira,10.96,15:46:23,2,8,213.84
2026-08-20,Humira,17.85,15:46:53,2,8,213.85
2026-08-20,Humira,3.95,15:47:23,2,8,0.0
2026-08-20,Humira,17.34,15:47:53,2,8,213.87
2026-08-20,Humira,4.76,15:48:23,2,8,0.0
2026-08-20,Humira,7.52,15:48:53,2,8,0.0
2026-08-20,Humira,5.82,15:49:23,2,8,0.0
2026-08-20,Humira,10.2,15:49:53,2,8,213.92
2026-08-20,Humira,5.89,15:50:23,2,8,0.0
2026-08-20,Humira,10.67,15:50:53,2,8,213.94
2026-08-20,Humira,9.18,15:51:23,2,8,213.95
2026-08-20,Humira,11.93,15:51:53,2,8,213.96
2026-08-20,Humira,11.18,15:52:23,2,8,213.97
2026-08-20,Humira,7.83,15:52:53,2,8,0.0
2026-08-20,Humira,16.02,15:53:23,2,8,213.99
2026-08-20,Humira,12.03,15:53:53,2,8,214.0
2026-08-20,Humira,7.75,15:54:23,2,8,0.0
2026-08-20,Humira,15.86,15:54:53,2,8,214.02
2026-08-20,Humira,12.99,15:55:23,2,8,214.03
2026-08-20,Humira,5.36,15:55:53,2,8,0.0
2026-08-20,Humira,16.42,15:56:23,2,8,214.06
2026-08-20,Humira,12.69,15:56:53,2,8,214.07
2026-08-20,Humira,3.19,15:57:23,2,8,0.0
2026-08-20,Humira,4.12,15:57:53,2,8,0.0
2026-08-20,Humira,4.44,15:58:23,2,8,0.0
2026-08-20,Humira,14.29,15:58:53,2,8,214.11
2026-08-20,Humira,6.5,15:59:23,2,8,0.0
2026-08-20,Humira,2.21,15:59:53,2,8,0.0
2026-08-20,Humira,11.91,16:00:23,2,8,214.14
2026-08-20,Humira,12.75,16:00:53,2,8,214.15
2026-08-20,Humira,2.31,16:01:23,2,8,0.0
2026-08-20,Humira,14.0,16:01:53,2,8,214.18
2026-08-20,Humira,15.69,16:02:23,2,8,214.19
2026-08-20,Humira,3.06,16:02:53,2,8,0.0
2026-08-20,Humira,16.04,16:03:23,2,8,214.21
2026-08-20,Humira,17.96,16:03:53,2,8,214.22
2026-08-20,Humira,13.82,16:04:23,2,8,214.23
2026-08-20,Humira,4.41,16:04:53,2,8,0.0
2026-08-20,Humira,2.72,16:05:23,2,8,0.0
2026-08-20,Humira,7.98,16:05:53,2,8,0.0
2026-08-20,Humira,10.94,16:06:23,2,8,214.27
2026-08-20,Humira,4.8,16:06:53,2,8,0.0
2026-08-20,Humira,11.84,16:07:23,2,8,214.29
2026-08-20,Humira,14.31,16:07:53,2,8,214.31
2026-08-20,Humira,2.89,16:08:23,2,8,0.0
2026-08-20,Humira,11.94,16:08:53,2,8,214.33
2026-08-20,Humira,12.9,16:09:23,2,8,214.34
2026-08-20,Humira,9.03,16:09:53,2,8,214.35
2026-08-20,Humira,13.91,16:10:23,2,8,214.36
2026-08-20,Humira,13.72,16:10:53,2,8,214.37
2026-08-20,Humira,16.22,16:11:23,2,8,214.38
2026-08-20,Humira,10.25,16:11:53,2,8,214.39
2026-08-20,Humira,2.24,16:12:23,2,8,0.0
2026-08-20,Humira,16.27,16:12:53,2,8,214.41
2026-08-20,Humira,12.54,16:13:23,2,8,214.42
2026-08-20,Humira,12.54,16:13:53,2,8,214.44
2026-08-20,Humira,7.02,16:14:23,2,8,0.0
2026-08-20,Humira,9.12,16:14:53,2,8,214.46
2026-08-20,Humira,12.98,16:15:23,2,8,214.47
2026-08-20,Humira,11.14,16:15:53,2,8,214.48
2026-08-20,Humira,17.61,16:16:23,2,8,214.49
2026-08-20,Humira,17.45,16:16:53,2,8,214.5
2026-08-20,Humira,16.44,16:17:23,2,8,214.51
2026-08-20,Humira,17.88,16:17:53,2,8,214.52
2026-08-20,Humira,4.94,16:18:23,2,8,0.0
2026-08-20,Humira,7.27,16:18:53,2,8,0.0
2026-08-20,Humira,17.8,16:19:23,2,8,214.55
2026-08-20,Humira,13.29,16:19:53,2,8,214.57
2026-08-20,Humira,15.86,16:20:23,2,8,214.58
2026-08-20,Humira,10.58,16:20:53,2,8,214.59
2026-08-20,Humira,14.05,16:21:23,2,8,214.6
2026-08-20,Humira,14.34,16:21:53,2,8,214.61
2026-08-20,Humira,16.82,16:22:23,2,8,214.62
2026-08-20,Humira,14.91,16:22:53,2,8,214.63
2026-08-20,Humira,17.56,16:23:23,2,8,214.64
2026-08-20,Humira,11.39,16:23:53,2,8,214.65
2026-08-20,Humira,11.7,16:24:23,2,8,214.66
2026-08-20,Humira,12.02,16:24:53,2,8,214.67
2026-08-20,Humira,15.31,16:25:23,2,8,214.68
2026-08-20,Humira,16.13,16:25:53,2,8,214.7
2026-08-20,Humira,6.77,16:26:23,2,8,0.0
2026-08-20,Humira,14.79,16:26:53,2,8,214.72
2026-08-20,Humira,9.1,16:27:23,2,8,214.73
2026-08-20,Humira,7.64,16:27:53,2,8,0.0
2026-08-20,Humira,4.02,16:28:23,2,8,0.0
2026-08-20,Humira,4.15,16:28:53,2,8,0.0
2026-08-20,Humira,3.27,16:29:23,2,8,0.0
2026-08-20,Humira,9.08,16:29:53,2,8,214.78
2026-08-20,Humira,15.57,16:30:23,2,8,214.79
2026-08-20,Humira,7.06,16:30:53,2,8,0.0
2026-08-20,Humira,17.89,16:31:23,2,8,214.81
2026-08-20,Humira,15.15,16:31:53,2,8,214.83
2026-08-20,Humira,6.89,16:32:23,2,8,0.0
2026-08-20,Humira,2.22,16:32:53,2,8,0.0
2026-08-20,Humira,7.14,16:33:23,2,8,0.0
2026-08-20,Humira,7.08,16:33:53,2,8,0.0
2026-08-20,Humira,9.14,16:34:23,2,8,214.88
2026-08-20,Humira,13.23,16:34:53,2,8,214.89
2026-08-20,Humira,14.1,16:35:23,2,8,214.9
2026-08-20,Humira,17.92,16:35:53,2,8,214.91
2026-08-20,Humira,5.93,16:36:23,2,8,0.0
2026-08-20,Humira,10.13,16:36:53,2,8,214.93
2026-08-20,Humira,6.82,16:37:23,2,8,0.0
2026-08-20,Humira,15.73,16:37:53,2,8,214.96
2026-08-20,Humira,15.78,16:38:23,2,8,214.97
2026-08-20,Humira,16.07,16:38:53,2,8,214.98
2026-08-20,Humira,2.29,16:39:23,2,8,0.0
2026-08-20,Humira,16.01,16:39:53,2,8,215.0
2026-08-20,Humira,10.32,16:40:23,2,8,215.01
2026-08-20,Humira,9.36,16:40:53,2,8,215.02
2026-08-20,Humira,11.86,16:41:23,2,8,215.03
2026-08-20,Humira,9.01,16:41:53,2,8,215.04
2026-08-20,Humira,17.54,16:42:23,2,8,215.05
2026-08-20,Humira,12.41,16:42:53,2,8,215.06
2026-08-20,Humira,14.69,16:43:23,2,8,215.07
2026-08-20,Humira,6.32,16:43:53,2,8,0.0
2026-08-20,Humira,6.8,16:44:23,2,8,0.0
2026-08-20,Humira,16.53,16:44:53,2,8,215.11
2026-08-20,Humira,16.92,16:45:23,2,8,215.12
2026-08-20,Humira,16.12,16:45:53,2,8,215.13
2026-08-20,Humira,9.94,16:46:23,2,8,215.14
2026-08-20,Humira,5.11,16:46:53,2,8,0.0
2026-08-20,Humira,5.73,16:47:23,2,8,0.0
2026-08-20,Humira,2.72,16:47:53,2,8,0.0
2026-08-20,Humira,12.87,16:48:23,2,8,215.18
2026-08-20,Humira,10.83,16:48:53,2,8,215.19
2026-08-20,Humira,15.75,16:49:23,2,8,215.2
2026-08-20,Humira,9.5,16:49:53,2,8,215.22
2026-08-20,Humira,7.67,16:50:23,2,8,0.0
2026-08-20,Humira,15.09,16:50:53,2,8,215.24
2026-08-20,Humira,10.51,16:51:23,2,8,215.25
2026-08-20,Humira,13.51,16:51:53,2,8,215.26
2026-08-20,Humira,2.33,16:52:23,2,8,0.0
2026-08-20,Humira,3.49,16:52:53,2,8,0.0
2026-08-20,Humira,9.2,16:53:23,2,8,215.29
2026-08-20,Humira,10.55,16:53:53,2,8,215.3
2026-08-20,Humira,4.11,16:54:23,2,8,0.0
2026-08-20,Humira,11.74,16:54:53,2,8,215.32
2026-08-20,Humira,14.8,16:55:23,2,8,215.33
2026-08-20,Humira,9.81,16:55:53,2,8,215.35
2026-08-20,Humira,5.64,16:56:23,2,8,0.0
2026-08-20,Humira,6.48,16:56:53,2,8,0.0
2026-08-20,Humira,11.75,16:57:23,2,8,215.38
2026-08-20,Humira,6.82,16:57:53,2,8,0.0
2026-08-20,Humira,4.47,16:58:23,2,8,0.0
2026-08-20,Humira,4.24,16:58:53,2,8,0.0
2026-08-20,Humira,17.75,16:59:23,2,8,215.42
2026-08-20,Humira,12.51,16:59:53,2,8,215.43
2026-08-20,Humira,10.17,17:00:23,2,8,215.44
2026-08-20,Humira,17.96,17:00:53,2,8,215.45
2026-08-20,Humira,15.2,17:01:23,2,8,215.46
2026-08-20,Humira,17.4,17:01:53,2,8,215.47
2026-08-20,Humira,11.5,17:02:23,2,8,215.49
2026-08-20,Humira,17.56,17:02:53,2,8,215.5
2026-08-20,Humira,4.96,17:03:23,2,8,0.0
2026-08-20,Humira,2.15,17:03:53,2,8,0.0
2026-08-20,Humira,5.89,17:04:23,2,8,0.0
2026-08-20,Humira,14.37,17:04:53,2,8,215.54
2026-08-20,Humira,13.82,17:05:23,2,8,215.55
2026-08-20,Humira,7.63,17:05:53,2,8,0.0
2026-08-20,Humira,9.14,17:06:23,2,8,215.57
2026-08-20,Humira,14.52,17:06:53,2,8,215.58
2026-08-20,Humira,9.32,17:07:23,2,8,215.59
2026-08-20,Humira,17.53,17:07:53,2,8,215.6
2026-08-20,Humira,16.3,17:08:23,2,8,215.62
2026-08-20,Humira,15.9,17:08:53,2,8,215.63
2026-08-20,Humira,6.91,17:09:23,2,8,0.0
2026-08-20,Humira,5.16,17:09:53,2,8,0.0
2026-08-20,Humira,16.22,17:10:23,2,8,215.66
2026-08-20,Humira,3.47,17:10:53,2,8,0.0
2026-08-20,Humira,11.34,17:11:23,2,8,215.68
2026-08-20,Humira,11.56,17:11:53,2,8,215.69
2026-08-20,Humira,7.92,17:12:23,2,8,0.0
2026-08-20,Humira,16.37,17:12:53,2,8,215.71
2026-08-20,Humira,7.62,17:13:23,2,8,0.0
2026-08-20,Humira,17.7,17:13:53,2,8,215.73
2026-08-20,Humira,13.99,17:14:23,2,8,215.75
2026-08-20,Humira,15.37,17:14:53,2,8,215.76
2026-08-20,Humira,13.44,17:15:23,2,8,215.77
2026-08-20,Humira,9.2,17:15:53,2,8,215.78
2026-08-20,Humira,12.93,17:16:23,2,8,215.79
2026-08-20,Humira,3.32,17:16:53,2,8,0.0
2026-08-20,Humira,12.74,17:17:23,2,8,215.81
2026-08-20,Humira,7.19,17:17:53,2,8,0.0
2026-08-20,Humira,15.58,17:18:23,2,8,215.83
2026-08-20,Humira,17.01,17:18:53,2,8,215.84
2026-08-20,Humira,11.35,17:19:23,2,8,215.85
2026-08-20,Humira,11.82,17:19:53,2,8,215.87
2026-08-20,Humira,12.46,17:20:23,2,8,215.88
2026-08-20,Humira,17.66,17:20:53,2,8,215.89
2026-08-20,Humira,7.72,17:21:23,2,8,0.0
2026-08-20,Humira,10.38,17:21:53,2,8,215.91
2026-08-20,Humira,9.16,17:22:23,2,8,215.92
2026-08-20,Humira,9.76,17:22:53,2,8,215.93
2026-08-20,Humira,3.09,17:23:23,2,8,0.0
2026-08-20,Humira,6.35,17:23:53,2,8,0.0
2026-08-20,Humira,9.15,17:24:23,2,8,215.96
2026-08-20,Humira,6.22,17:24:53,2,8,0.0
2026-08-20,Humira,14.16,17:25:23,2,8,215.98
2026-08-20,Humira,16.08,17:25:53,2,8,216.0
2026-08-20,Humira,11.87,17:26:23,2,8,216.01
2026-08-20,Humira,14.78,17:26:53,2,8,216.02
2026-08-20,Humira,17.27,17:27:23,2,8,216.03
2026-08-20,Humira,5.77,17:27:53,2,8,0.0
2026-08-20,Humira,12.08,17:28:23,2,8,216.05
2026-08-20,Humira,3.45,17:28:53,2,8,0.0
2026-08-20,Humira,2.1,17:29:23,2,8,0.0
2026-08-20,Humira,10.58,17:29:53,2,8,216.08
2026-08-20,Humira,14.3,17:30:23,2,8,216.09
2026-08-20,Humira,5.34,17:30:53,2,8,0.0
2026-08-20,Humira,9.8,17:31:23,2,8,216.11
2026-08-20,Humira,15.69,17:31:53,2,8,216.12
2026-08-20,Humira,14.08,17:32:23,2,8,216.14
2026-08-20,Humira,14.13,17:32:53,2,8,216.15
2026-08-20,Humira,4.83,17:33:23,2,8,0.0
2026-08-20,Humira,14.8,17:33:53,2,8,216.17
2026-08-20,Humira,12.01,17:34:23,2,8,216.18
2026-08-20,Humira,13.65,17:34:53,2,8,216.19
2026-08-20,Humira,14.29,17:35:23,2,8,216.2
2026-08-20,Humira,5.06,17:35:53,2,8,0.0
2026-08-20,Humira,6.74,17:36:23,2,8,0.0
2026-08-20,Humira,10.75,17:36:53,2,8,216.23
2026-08-20,Humira,4.65,17:37:23,2,8,0.0
2026-08-20,Humira,5.56,17:37:53,2,8,0.0
2026-08-20,Humira,14.86,17:38:23,2,8,216.27
2026-08-20,Humira,6.88,17:38:53,2,8,0.0
2026-08-20,Humira,15.98,17:39:23,2,8,216.29
2026-08-20,Humira,17.2,17:39:53,2,8,216.3
2026-08-20,Humira,5.46,17:40:23,2,8,0.0
2026-08-20,Humira,7.89,17:40:53,2,8,0.0
2026-08-20,Humira,12.25,17:41:23,2,8,216.33
2026-08-20,Humira,5.79,17:41:53,2,8,0.0
2026-08-20,Humira,16.85,17:42:23,2,8,216.35
2026-08-20,Humira,13.16,17:42:53,2,8,216.36
2026-08-20,Humira,5.84,17:43:23,2,8,0.0
2026-08-20,Humira,14.13,17:43:53,2,8,216.38
2026-08-20,Humira,14.76,17:44:23,2,8,216.4
2026-08-20,Humira,4.46,17:44:53,2,8,0.0
2026-08-20,Humira,5.71,17:45:23,2,8,0.0
2026-08-20,Humira,3.98,17:45:53,2,8,0.0
2026-08-20,Humira,3.51,17:46:23,2,8,0.0
2026-08-20,Humira,10.02,17:46:53,2,8,216.45
2026-08-20,Humira,16.22,17:47:23,2,8,216.46
2026-08-20,Humira,7.14,17:47:53,2,8,0.0
2026-08-20,Humira,4.78,17:48:23,2,8,0.0
2026-08-20,Humira,14.3,17:48:53,2,8,216.49
2026-08-20,Humira,7.2,17:49:23,2,8,0.0
2026-08-20,Humira,13.59,17:49:53,2,8,216.52
2026-08-20,Humira,13.22,17:50:23,2,8,216.53
2026-08-20,Humira,10.34,17:50:53,2,8,216.54
2026-08-20,Humira,10.54,17:51:23,2,8,216.55
2026-08-20,Humira,9.55,17:51:53,2,8,216.56
2026-08-20,Humira,9.48,17:52:23,2,8,216.57
2026-08-20,Humira,16.08,17:52:53,2,8,216.58
2026-08-20,Humira,5.89,17:53:23,2,8,0.0
2026-08-20,Humira,3.82,17:53:53,2,8,0.0
2026-08-20,Humira,13.22,17:54:23,2,8,216.61
2026-08-20,Humira,16.23,17:54:53,2,8,216.62
2026-08-20,Humira,16.67,17:55:23,2,8,216.63
2026-08-20,Humira,9.12,17:55:53,2,8,216.65
2026-08-20,Humira,3.24,17:56:23,2,8,0.0
